ISO-10303-21;
HEADER;
FILE_DESCRIPTION(('STEP AP214'),
    '1');
FILE_NAME('105-1103-001',
    '',
    ('UNSPECIFIED'),
    ('UNSPECIFIED'),
    'C3D Converter',
    'C3D Toolkit',
    '');
FILE_SCHEMA(('AUTOMOTIVE_DESIGN { 1 0 10303 214 3 1 1}'));
ENDSEC;

DATA;
#1=PRODUCT_DEFINITION('','UNSPECIFIED',#48,#51);
#2=SHAPE_DEFINITION_REPRESENTATION(#46,#3);
#3=SHAPE_REPRESENTATION('NONE',(#4),#8);
#4=AXIS2_PLACEMENT_3D('',#5,#6,#7);
#5=CARTESIAN_POINT('',(0.,0.,0.));
#6=DIRECTION('',(0.,0.,1.));
#7=DIRECTION('',(1.,0.,0.));
#8=(GEOMETRIC_REPRESENTATION_CONTEXT(3)GLOBAL_UNCERTAINTY_ASSIGNED_CONTEXT((#10))
GLOBAL_UNIT_ASSIGNED_CONTEXT((#9,#11,#12))REPRESENTATION_CONTEXT('NONE','NONE'));
#9=(LENGTH_UNIT()NAMED_UNIT(*)SI_UNIT(.MILLI.,.METRE.));
#10=UNCERTAINTY_MEASURE_WITH_UNIT(LENGTH_MEASURE(1.E-5),#9,'NONE','NONE');
#11=(NAMED_UNIT(*)PLANE_ANGLE_UNIT()SI_UNIT($,.RADIAN.));
#12=(NAMED_UNIT(*)SI_UNIT($,.STERADIAN.)SOLID_ANGLE_UNIT());
#13=MANIFOLD_SOLID_BREP('',#14);
#14=CLOSED_SHELL('',(#73,#74,#75,#76,#77,#78,#79,#80,#81,#82,#83,#84,#85,#86,#87,
#88,#89,#90,#91,#92,#93,#94,#95));
#15=COLOUR_RGB('',0.,0.,0.);
#16=FILL_AREA_STYLE_COLOUR('',#15);
#17=FILL_AREA_STYLE($,(#16));
#18=SURFACE_STYLE_FILL_AREA(#17);
#19=SURFACE_SIDE_STYLE('',(#18));
#20=SURFACE_STYLE_USAGE(.BOTH.,#19);
#21=PRESENTATION_STYLE_ASSIGNMENT((#20));
#22=MECHANICAL_DESIGN_GEOMETRIC_PRESENTATION_REPRESENTATION('NONE',(#23,#33,#43,
#127,#136,#145,#154,#163,#172,#181,#190,#199,#208,#217,#226,#235,#244,#253,#262,
#271,#280,#289,#298,#307,#316,#325),#8);
#23=STYLED_ITEM('',(#21),#13);
#24=MANIFOLD_SOLID_BREP('',#25);
#25=CLOSED_SHELL('',(#96,#97,#98,#99,#100,#101,#102,#103,#104,#105,#106,#107,#108,
#109,#110,#111,#112,#113,#114,#115,#116,#117,#118));
#26=COLOUR_RGB('',1.,1.,1.);
#27=FILL_AREA_STYLE_COLOUR('',#26);
#28=FILL_AREA_STYLE($,(#27));
#29=SURFACE_STYLE_FILL_AREA(#28);
#30=SURFACE_SIDE_STYLE('',(#29));
#31=SURFACE_STYLE_USAGE(.BOTH.,#30);
#32=PRESENTATION_STYLE_ASSIGNMENT((#31));
#33=STYLED_ITEM('',(#32),#24);
#34=MANIFOLD_SOLID_BREP('',#35);
#35=CLOSED_SHELL('',(#119,#128,#137,#146,#155,#164,#173,#182,#191,#200,#209,#218,
#227,#236,#245,#254,#263,#272,#281,#290,#299,#308,#317));
#36=COLOUR_RGB('',1.,1.,1.);
#37=FILL_AREA_STYLE_COLOUR('',#36);
#38=FILL_AREA_STYLE($,(#37));
#39=SURFACE_STYLE_FILL_AREA(#38);
#40=SURFACE_SIDE_STYLE('',(#39));
#41=SURFACE_STYLE_USAGE(.BOTH.,#40);
#42=PRESENTATION_STYLE_ASSIGNMENT((#41));
#43=STYLED_ITEM('',(#42),#34);
#44=ADVANCED_BREP_SHAPE_REPRESENTATION('NONE',(#13,#24,#34),#8);
#45=SHAPE_REPRESENTATION_RELATIONSHIP('','',#3,#44);
#46=PRODUCT_DEFINITION_SHAPE('NONE','NONE',#1);
#47=MECHANICAL_CONTEXT('NONE',#52,'mechanical');
#48=PRODUCT_DEFINITION_FORMATION_WITH_SPECIFIED_SOURCE('ANY','UNSPECIFIED',#49,.NOT_KNOWN.);
#49=PRODUCT('105-1102-001','105-1102-001','NONE',(#47));
#50=PRODUCT_RELATED_PRODUCT_CATEGORY('detail','',(#49));
#51=DESIGN_CONTEXT('detailed design',#52,'design');
#52=APPLICATION_CONTEXT('configuration controlled 3d designs of mechanical parts and assemblies');
#53=APPLICATION_PROTOCOL_DEFINITION('international standard','config_control_design',
1994,#52);
#54=CC_DESIGN_DATE_AND_TIME_ASSIGNMENT(#55,#59,(#1));
#55=DATE_AND_TIME(#56,#57);
#56=CALENDAR_DATE(0,1,1);
#57=LOCAL_TIME(0,0,0.,#58);
#58=COORDINATED_UNIVERSAL_TIME_OFFSET(0,0,.AHEAD.);
#59=DATE_TIME_ROLE('creation_date');
#60=CC_DESIGN_APPROVAL(#61,(#1));
#61=APPROVAL(#62,'UNSPECIFIED');
#62=APPROVAL_STATUS('not_yet_approved');
#63=APPROVAL_DATE_TIME(#64,#61);
#64=DATE_AND_TIME(#65,#66);
#65=CALENDAR_DATE(0,1,1);
#66=LOCAL_TIME(0,0,0.,#67);
#67=COORDINATED_UNIVERSAL_TIME_OFFSET(0,0,.AHEAD.);
#68=PERSON('UNSPECIFIED','Hopy','UNSPECIFIED',('UNSPECIFIED'),('UNSPECIFIED'),('UNSPECIFIED'));
#69=ORGANIZATION('UNSPECIFIED','UNSPECIFIED','UNSPECIFIED');
#70=PERSON_AND_ORGANIZATION(#68,#69);
#71=PERSON_AND_ORGANIZATION_ROLE('creator');
#72=CC_DESIGN_PERSON_AND_ORGANIZATION_ASSIGNMENT(#70,#71,(#48,#1));
#73=ADVANCED_FACE('',(#326,#328),#330,.F.);
#74=ADVANCED_FACE('',(#335),#337,.T.);
#75=ADVANCED_FACE('',(#342),#344,.T.);
#76=ADVANCED_FACE('',(#349),#351,.T.);
#77=ADVANCED_FACE('',(#356),#358,.T.);
#78=ADVANCED_FACE('',(#363),#365,.T.);
#79=ADVANCED_FACE('',(#370),#372,.T.);
#80=ADVANCED_FACE('',(#377),#379,.T.);
#81=ADVANCED_FACE('',(#384),#386,.T.);
#82=ADVANCED_FACE('',(#391),#393,.T.);
#83=ADVANCED_FACE('',(#398),#400,.T.);
#84=ADVANCED_FACE('',(#405),#407,.T.);
#85=ADVANCED_FACE('',(#412),#414,.F.);
#86=ADVANCED_FACE('',(#419),#421,.F.);
#87=ADVANCED_FACE('',(#426),#428,.F.);
#88=ADVANCED_FACE('',(#433),#435,.T.);
#89=ADVANCED_FACE('',(#440),#442,.F.);
#90=ADVANCED_FACE('',(#447),#449,.T.);
#91=ADVANCED_FACE('',(#454),#456,.T.);
#92=ADVANCED_FACE('',(#461),#463,.T.);
#93=ADVANCED_FACE('',(#468),#470,.T.);
#94=ADVANCED_FACE('',(#475),#477,.T.);
#95=ADVANCED_FACE('',(#482),#484,.T.);
#96=ADVANCED_FACE('',(#489),#491,.T.);
#97=ADVANCED_FACE('',(#496),#498,.F.);
#98=ADVANCED_FACE('',(#503),#505,.T.);
#99=ADVANCED_FACE('',(#510),#512,.T.);
#100=ADVANCED_FACE('',(#517),#519,.F.);
#101=ADVANCED_FACE('',(#524),#526,.T.);
#102=ADVANCED_FACE('',(#531),#533,.T.);
#103=ADVANCED_FACE('',(#538),#540,.T.);
#104=ADVANCED_FACE('',(#545),#547,.F.);
#105=ADVANCED_FACE('',(#552),#554,.F.);
#106=ADVANCED_FACE('',(#559),#561,.T.);
#107=ADVANCED_FACE('',(#566),#568,.F.);
#108=ADVANCED_FACE('',(#573),#575,.F.);
#109=ADVANCED_FACE('',(#580),#582,.T.);
#110=ADVANCED_FACE('',(#587),#589,.F.);
#111=ADVANCED_FACE('',(#608),#610,.F.);
#112=ADVANCED_FACE('',(#615),#617,.F.);
#113=ADVANCED_FACE('',(#630),#632,.F.);
#114=ADVANCED_FACE('',(#637),#639,.F.);
#115=ADVANCED_FACE('',(#644),#646,.F.);
#116=ADVANCED_FACE('',(#651),#653,.F.);
#117=ADVANCED_FACE('',(#658),#660,.T.);
#118=ADVANCED_FACE('',(#665),#667,.T.);
#119=ADVANCED_FACE('',(#672),#674,.T.);
#120=COLOUR_RGB('',1.,1.,1.);
#121=FILL_AREA_STYLE_COLOUR('',#120);
#122=FILL_AREA_STYLE($,(#121));
#123=SURFACE_STYLE_FILL_AREA(#122);
#124=SURFACE_SIDE_STYLE('',(#123));
#125=SURFACE_STYLE_USAGE(.BOTH.,#124);
#126=PRESENTATION_STYLE_ASSIGNMENT((#125));
#127=STYLED_ITEM('',(#126),#119);
#128=ADVANCED_FACE('',(#679),#681,.F.);
#129=COLOUR_RGB('',1.,1.,1.);
#130=FILL_AREA_STYLE_COLOUR('',#129);
#131=FILL_AREA_STYLE($,(#130));
#132=SURFACE_STYLE_FILL_AREA(#131);
#133=SURFACE_SIDE_STYLE('',(#132));
#134=SURFACE_STYLE_USAGE(.BOTH.,#133);
#135=PRESENTATION_STYLE_ASSIGNMENT((#134));
#136=STYLED_ITEM('',(#135),#128);
#137=ADVANCED_FACE('',(#686),#688,.T.);
#138=COLOUR_RGB('',1.,1.,1.);
#139=FILL_AREA_STYLE_COLOUR('',#138);
#140=FILL_AREA_STYLE($,(#139));
#141=SURFACE_STYLE_FILL_AREA(#140);
#142=SURFACE_SIDE_STYLE('',(#141));
#143=SURFACE_STYLE_USAGE(.BOTH.,#142);
#144=PRESENTATION_STYLE_ASSIGNMENT((#143));
#145=STYLED_ITEM('',(#144),#137);
#146=ADVANCED_FACE('',(#693),#695,.T.);
#147=COLOUR_RGB('',1.,1.,1.);
#148=FILL_AREA_STYLE_COLOUR('',#147);
#149=FILL_AREA_STYLE($,(#148));
#150=SURFACE_STYLE_FILL_AREA(#149);
#151=SURFACE_SIDE_STYLE('',(#150));
#152=SURFACE_STYLE_USAGE(.BOTH.,#151);
#153=PRESENTATION_STYLE_ASSIGNMENT((#152));
#154=STYLED_ITEM('',(#153),#146);
#155=ADVANCED_FACE('',(#700),#702,.F.);
#156=COLOUR_RGB('',1.,1.,1.);
#157=FILL_AREA_STYLE_COLOUR('',#156);
#158=FILL_AREA_STYLE($,(#157));
#159=SURFACE_STYLE_FILL_AREA(#158);
#160=SURFACE_SIDE_STYLE('',(#159));
#161=SURFACE_STYLE_USAGE(.BOTH.,#160);
#162=PRESENTATION_STYLE_ASSIGNMENT((#161));
#163=STYLED_ITEM('',(#162),#155);
#164=ADVANCED_FACE('',(#707),#709,.T.);
#165=COLOUR_RGB('',1.,1.,1.);
#166=FILL_AREA_STYLE_COLOUR('',#165);
#167=FILL_AREA_STYLE($,(#166));
#168=SURFACE_STYLE_FILL_AREA(#167);
#169=SURFACE_SIDE_STYLE('',(#168));
#170=SURFACE_STYLE_USAGE(.BOTH.,#169);
#171=PRESENTATION_STYLE_ASSIGNMENT((#170));
#172=STYLED_ITEM('',(#171),#164);
#173=ADVANCED_FACE('',(#714),#716,.T.);
#174=COLOUR_RGB('',1.,1.,1.);
#175=FILL_AREA_STYLE_COLOUR('',#174);
#176=FILL_AREA_STYLE($,(#175));
#177=SURFACE_STYLE_FILL_AREA(#176);
#178=SURFACE_SIDE_STYLE('',(#177));
#179=SURFACE_STYLE_USAGE(.BOTH.,#178);
#180=PRESENTATION_STYLE_ASSIGNMENT((#179));
#181=STYLED_ITEM('',(#180),#173);
#182=ADVANCED_FACE('',(#721),#723,.T.);
#183=COLOUR_RGB('',1.,1.,1.);
#184=FILL_AREA_STYLE_COLOUR('',#183);
#185=FILL_AREA_STYLE($,(#184));
#186=SURFACE_STYLE_FILL_AREA(#185);
#187=SURFACE_SIDE_STYLE('',(#186));
#188=SURFACE_STYLE_USAGE(.BOTH.,#187);
#189=PRESENTATION_STYLE_ASSIGNMENT((#188));
#190=STYLED_ITEM('',(#189),#182);
#191=ADVANCED_FACE('',(#728),#730,.F.);
#192=COLOUR_RGB('',1.,1.,1.);
#193=FILL_AREA_STYLE_COLOUR('',#192);
#194=FILL_AREA_STYLE($,(#193));
#195=SURFACE_STYLE_FILL_AREA(#194);
#196=SURFACE_SIDE_STYLE('',(#195));
#197=SURFACE_STYLE_USAGE(.BOTH.,#196);
#198=PRESENTATION_STYLE_ASSIGNMENT((#197));
#199=STYLED_ITEM('',(#198),#191);
#200=ADVANCED_FACE('',(#735),#737,.F.);
#201=COLOUR_RGB('',1.,1.,1.);
#202=FILL_AREA_STYLE_COLOUR('',#201);
#203=FILL_AREA_STYLE($,(#202));
#204=SURFACE_STYLE_FILL_AREA(#203);
#205=SURFACE_SIDE_STYLE('',(#204));
#206=SURFACE_STYLE_USAGE(.BOTH.,#205);
#207=PRESENTATION_STYLE_ASSIGNMENT((#206));
#208=STYLED_ITEM('',(#207),#200);
#209=ADVANCED_FACE('',(#742),#744,.T.);
#210=COLOUR_RGB('',1.,1.,1.);
#211=FILL_AREA_STYLE_COLOUR('',#210);
#212=FILL_AREA_STYLE($,(#211));
#213=SURFACE_STYLE_FILL_AREA(#212);
#214=SURFACE_SIDE_STYLE('',(#213));
#215=SURFACE_STYLE_USAGE(.BOTH.,#214);
#216=PRESENTATION_STYLE_ASSIGNMENT((#215));
#217=STYLED_ITEM('',(#216),#209);
#218=ADVANCED_FACE('',(#749),#751,.F.);
#219=COLOUR_RGB('',1.,1.,1.);
#220=FILL_AREA_STYLE_COLOUR('',#219);
#221=FILL_AREA_STYLE($,(#220));
#222=SURFACE_STYLE_FILL_AREA(#221);
#223=SURFACE_SIDE_STYLE('',(#222));
#224=SURFACE_STYLE_USAGE(.BOTH.,#223);
#225=PRESENTATION_STYLE_ASSIGNMENT((#224));
#226=STYLED_ITEM('',(#225),#218);
#227=ADVANCED_FACE('',(#756),#758,.F.);
#228=COLOUR_RGB('',1.,1.,1.);
#229=FILL_AREA_STYLE_COLOUR('',#228);
#230=FILL_AREA_STYLE($,(#229));
#231=SURFACE_STYLE_FILL_AREA(#230);
#232=SURFACE_SIDE_STYLE('',(#231));
#233=SURFACE_STYLE_USAGE(.BOTH.,#232);
#234=PRESENTATION_STYLE_ASSIGNMENT((#233));
#235=STYLED_ITEM('',(#234),#227);
#236=ADVANCED_FACE('',(#763),#765,.T.);
#237=COLOUR_RGB('',1.,1.,1.);
#238=FILL_AREA_STYLE_COLOUR('',#237);
#239=FILL_AREA_STYLE($,(#238));
#240=SURFACE_STYLE_FILL_AREA(#239);
#241=SURFACE_SIDE_STYLE('',(#240));
#242=SURFACE_STYLE_USAGE(.BOTH.,#241);
#243=PRESENTATION_STYLE_ASSIGNMENT((#242));
#244=STYLED_ITEM('',(#243),#236);
#245=ADVANCED_FACE('',(#770),#772,.F.);
#246=COLOUR_RGB('',1.,1.,1.);
#247=FILL_AREA_STYLE_COLOUR('',#246);
#248=FILL_AREA_STYLE($,(#247));
#249=SURFACE_STYLE_FILL_AREA(#248);
#250=SURFACE_SIDE_STYLE('',(#249));
#251=SURFACE_STYLE_USAGE(.BOTH.,#250);
#252=PRESENTATION_STYLE_ASSIGNMENT((#251));
#253=STYLED_ITEM('',(#252),#245);
#254=ADVANCED_FACE('',(#791),#793,.F.);
#255=COLOUR_RGB('',1.,1.,1.);
#256=FILL_AREA_STYLE_COLOUR('',#255);
#257=FILL_AREA_STYLE($,(#256));
#258=SURFACE_STYLE_FILL_AREA(#257);
#259=SURFACE_SIDE_STYLE('',(#258));
#260=SURFACE_STYLE_USAGE(.BOTH.,#259);
#261=PRESENTATION_STYLE_ASSIGNMENT((#260));
#262=STYLED_ITEM('',(#261),#254);
#263=ADVANCED_FACE('',(#798),#800,.F.);
#264=COLOUR_RGB('',1.,1.,1.);
#265=FILL_AREA_STYLE_COLOUR('',#264);
#266=FILL_AREA_STYLE($,(#265));
#267=SURFACE_STYLE_FILL_AREA(#266);
#268=SURFACE_SIDE_STYLE('',(#267));
#269=SURFACE_STYLE_USAGE(.BOTH.,#268);
#270=PRESENTATION_STYLE_ASSIGNMENT((#269));
#271=STYLED_ITEM('',(#270),#263);
#272=ADVANCED_FACE('',(#813),#815,.F.);
#273=COLOUR_RGB('',1.,1.,1.);
#274=FILL_AREA_STYLE_COLOUR('',#273);
#275=FILL_AREA_STYLE($,(#274));
#276=SURFACE_STYLE_FILL_AREA(#275);
#277=SURFACE_SIDE_STYLE('',(#276));
#278=SURFACE_STYLE_USAGE(.BOTH.,#277);
#279=PRESENTATION_STYLE_ASSIGNMENT((#278));
#280=STYLED_ITEM('',(#279),#272);
#281=ADVANCED_FACE('',(#820),#822,.F.);
#282=COLOUR_RGB('',1.,1.,1.);
#283=FILL_AREA_STYLE_COLOUR('',#282);
#284=FILL_AREA_STYLE($,(#283));
#285=SURFACE_STYLE_FILL_AREA(#284);
#286=SURFACE_SIDE_STYLE('',(#285));
#287=SURFACE_STYLE_USAGE(.BOTH.,#286);
#288=PRESENTATION_STYLE_ASSIGNMENT((#287));
#289=STYLED_ITEM('',(#288),#281);
#290=ADVANCED_FACE('',(#827),#829,.F.);
#291=COLOUR_RGB('',1.,1.,1.);
#292=FILL_AREA_STYLE_COLOUR('',#291);
#293=FILL_AREA_STYLE($,(#292));
#294=SURFACE_STYLE_FILL_AREA(#293);
#295=SURFACE_SIDE_STYLE('',(#294));
#296=SURFACE_STYLE_USAGE(.BOTH.,#295);
#297=PRESENTATION_STYLE_ASSIGNMENT((#296));
#298=STYLED_ITEM('',(#297),#290);
#299=ADVANCED_FACE('',(#834),#836,.F.);
#300=COLOUR_RGB('',1.,1.,1.);
#301=FILL_AREA_STYLE_COLOUR('',#300);
#302=FILL_AREA_STYLE($,(#301));
#303=SURFACE_STYLE_FILL_AREA(#302);
#304=SURFACE_SIDE_STYLE('',(#303));
#305=SURFACE_STYLE_USAGE(.BOTH.,#304);
#306=PRESENTATION_STYLE_ASSIGNMENT((#305));
#307=STYLED_ITEM('',(#306),#299);
#308=ADVANCED_FACE('',(#841),#843,.T.);
#309=COLOUR_RGB('',1.,1.,1.);
#310=FILL_AREA_STYLE_COLOUR('',#309);
#311=FILL_AREA_STYLE($,(#310));
#312=SURFACE_STYLE_FILL_AREA(#311);
#313=SURFACE_SIDE_STYLE('',(#312));
#314=SURFACE_STYLE_USAGE(.BOTH.,#313);
#315=PRESENTATION_STYLE_ASSIGNMENT((#314));
#316=STYLED_ITEM('',(#315),#308);
#317=ADVANCED_FACE('',(#848),#850,.T.);
#318=COLOUR_RGB('',1.,1.,1.);
#319=FILL_AREA_STYLE_COLOUR('',#318);
#320=FILL_AREA_STYLE($,(#319));
#321=SURFACE_STYLE_FILL_AREA(#320);
#322=SURFACE_SIDE_STYLE('',(#321));
#323=SURFACE_STYLE_USAGE(.BOTH.,#322);
#324=PRESENTATION_STYLE_ASSIGNMENT((#323));
#325=STYLED_ITEM('',(#324),#317);
#326=FACE_BOUND('',#327,.T.);
#327=EDGE_LOOP('',(#855,#856,#857,#858,#859));
#328=FACE_BOUND('',#329,.T.);
#329=EDGE_LOOP('',(#860,#861,#862,#863,#864));
#330=CYLINDRICAL_SURFACE('',#331,1.37988102434594);
#331=AXIS2_PLACEMENT_3D('',#332,#333,#334);
#332=CARTESIAN_POINT('',(0.,0.5969,-0.1016));
#333=DIRECTION('',(0.,0.,1.));
#334=DIRECTION('',(1.,0.,0.));
#335=FACE_BOUND('',#336,.T.);
#336=EDGE_LOOP('',(#865,#866,#867,#868,#869,#870,#871,#872,#873,#874,#875,#876));
#337=PLANE('',#338);
#338=AXIS2_PLACEMENT_3D('',#339,#340,#341);
#339=CARTESIAN_POINT('',(-1.0795,-2.0828,-5.2324));
#340=DIRECTION('',(6.02613528014176E-16,-1.,0.));
#341=DIRECTION('',(1.,6.02613528014176E-16,0.));
#342=FACE_BOUND('',#343,.T.);
#343=EDGE_LOOP('',(#877,#878,#879,#880,#881,#882,#883,#884,#885,#886,#887,#888,#889,
#890,#891));
#344=PLANE('',#345);
#345=AXIS2_PLACEMENT_3D('',#346,#347,#348);
#346=CARTESIAN_POINT('',(1.1049,1.8161,-5.2324));
#347=DIRECTION('',(0.,0.,-1.));
#348=DIRECTION('',(-1.,0.,0.));
#349=FACE_BOUND('',#350,.T.);
#350=EDGE_LOOP('',(#892,#893,#894,#895));
#351=PLANE('',#352);
#352=AXIS2_PLACEMENT_3D('',#353,#354,#355);
#353=CARTESIAN_POINT('',(-1.0795,-2.5781,-5.2324));
#354=DIRECTION('',(1.,0.,0.));
#355=DIRECTION('',(0.,0.,-1.));
#356=FACE_BOUND('',#357,.T.);
#357=EDGE_LOOP('',(#896,#897,#898,#899));
#358=PLANE('',#359);
#359=AXIS2_PLACEMENT_3D('',#360,#361,#362);
#360=CARTESIAN_POINT('',(-1.8669,-2.5781,-5.2324));
#361=DIRECTION('',(0.,-1.,0.));
#362=DIRECTION('',(0.,0.,-1.));
#363=FACE_BOUND('',#364,.T.);
#364=EDGE_LOOP('',(#900,#901,#902,#903));
#365=PLANE('',#366);
#366=AXIS2_PLACEMENT_3D('',#367,#368,#369);
#367=CARTESIAN_POINT('',(-1.8669,1.81609999999999,-5.2324));
#368=DIRECTION('',(-1.,0.,0.));
#369=DIRECTION('',(0.,0.,1.));
#370=FACE_BOUND('',#371,.T.);
#371=EDGE_LOOP('',(#904,#905,#906,#907));
#372=CYLINDRICAL_SURFACE('',#373,0.762);
#373=AXIS2_PLACEMENT_3D('',#374,#375,#376);
#374=CARTESIAN_POINT('',(-1.1049,1.8161,-5.2324));
#375=DIRECTION('',(0.,0.,1.));
#376=DIRECTION('',(1.,0.,0.));
#377=FACE_BOUND('',#378,.T.);
#378=EDGE_LOOP('',(#908,#909,#910,#911));
#379=PLANE('',#380);
#380=AXIS2_PLACEMENT_3D('',#381,#382,#383);
#381=CARTESIAN_POINT('',(1.10489999999999,2.5781,-5.2324));
#382=DIRECTION('',(0.,1.,0.));
#383=DIRECTION('',(0.,0.,1.));
#384=FACE_BOUND('',#385,.T.);
#385=EDGE_LOOP('',(#912,#913,#914,#915));
#386=CYLINDRICAL_SURFACE('',#387,0.762);
#387=AXIS2_PLACEMENT_3D('',#388,#389,#390);
#388=CARTESIAN_POINT('',(1.1049,1.8161,-5.2324));
#389=DIRECTION('',(0.,0.,1.));
#390=DIRECTION('',(1.,0.,0.));
#391=FACE_BOUND('',#392,.T.);
#392=EDGE_LOOP('',(#916,#917,#918,#919));
#393=PLANE('',#394);
#394=AXIS2_PLACEMENT_3D('',#395,#396,#397);
#395=CARTESIAN_POINT('',(1.8669,1.81609999999999,-5.2324));
#396=DIRECTION('',(1.,0.,0.));
#397=DIRECTION('',(0.,0.,-1.));
#398=FACE_BOUND('',#399,.T.);
#399=EDGE_LOOP('',(#920,#921,#922,#923));
#400=PLANE('',#401);
#401=AXIS2_PLACEMENT_3D('',#402,#403,#404);
#402=CARTESIAN_POINT('',(1.8669,-2.5781,-5.2324));
#403=DIRECTION('',(-5.50775805174248E-16,-1.,0.));
#404=DIRECTION('',(1.,-5.50775805174248E-16,0.));
#405=FACE_BOUND('',#406,.T.);
#406=EDGE_LOOP('',(#924,#925,#926,#927));
#407=PLANE('',#408);
#408=AXIS2_PLACEMENT_3D('',#409,#410,#411);
#409=CARTESIAN_POINT('',(1.0795,-2.5781,-5.2324));
#410=DIRECTION('',(-1.,-1.75118461132324E-15,0.));
#411=DIRECTION('',(1.75118461132324E-15,-1.,0.));
#412=FACE_BOUND('',#413,.T.);
#413=EDGE_LOOP('',(#928,#929,#930,#931,#932,#933,#934,#935,#936,#937,#938,#939,#940,
#941,#942));
#414=PLANE('',#415);
#415=AXIS2_PLACEMENT_3D('',#416,#417,#418);
#416=CARTESIAN_POINT('',(1.1049,1.8161,0.1524));
#417=DIRECTION('',(0.,0.,-1.));
#418=DIRECTION('',(-1.,0.,0.));
#419=FACE_BOUND('',#420,.T.);
#420=EDGE_LOOP('',(#943,#944,#945,#946,#947,#948));
#421=PLANE('',#422);
#422=AXIS2_PLACEMENT_3D('',#423,#424,#425);
#423=CARTESIAN_POINT('',(-0.658482818285809,-2.0828,-0.1016));
#424=DIRECTION('',(-1.,0.,0.));
#425=DIRECTION('',(0.,0.,1.));
#426=FACE_BOUND('',#427,.T.);
#427=EDGE_LOOP('',(#949,#950,#951,#952,#953,#954));
#428=PLANE('',#429);
#429=AXIS2_PLACEMENT_3D('',#430,#431,#432);
#430=CARTESIAN_POINT('',(0.658482818285809,-2.0828,-0.1016));
#431=DIRECTION('',(1.,0.,0.));
#432=DIRECTION('',(0.,0.,-1.));
#433=FACE_BOUND('',#434,.T.);
#434=EDGE_LOOP('',(#955,#956,#957,#958));
#435=PLANE('',#436);
#436=AXIS2_PLACEMENT_3D('',#437,#438,#439);
#437=CARTESIAN_POINT('',(0.,0.5969,-0.1016));
#438=DIRECTION('',(0.,0.,1.));
#439=DIRECTION('',(1.,0.,0.));
#440=FACE_BOUND('',#441,.T.);
#441=EDGE_LOOP('',(#959,#960,#961,#962));
#442=PLANE('',#443);
#443=AXIS2_PLACEMENT_3D('',#444,#445,#446);
#444=CARTESIAN_POINT('',(-0.658482818285809,-1.14681298501296,-0.3556));
#445=DIRECTION('',(0.,-1.,0.));
#446=DIRECTION('',(0.,0.,-1.));
#447=FACE_BOUND('',#448,.T.);
#448=EDGE_LOOP('',(#963,#964,#965,#966));
#449=PLANE('',#450);
#450=AXIS2_PLACEMENT_3D('',#451,#452,#453);
#451=CARTESIAN_POINT('',(0.,0.5969,-0.3556));
#452=DIRECTION('',(0.,0.,1.));
#453=DIRECTION('',(1.,0.,0.));
#454=FACE_BOUND('',#455,.T.);
#455=EDGE_LOOP('',(#967,#968,#969,#970));
#456=PLANE('',#457);
#457=AXIS2_PLACEMENT_3D('',#458,#459,#460);
#458=CARTESIAN_POINT('',(0.,0.5969,-4.9784));
#459=DIRECTION('',(0.,0.,-1.));
#460=DIRECTION('',(1.,0.,0.));
#461=FACE_BOUND('',#462,.T.);
#462=EDGE_LOOP('',(#971,#972,#973,#974,#975,#976));
#463=PLANE('',#464);
#464=AXIS2_PLACEMENT_3D('',#465,#466,#467);
#465=CARTESIAN_POINT('',(0.658482818285809,-2.0828,-4.9784));
#466=DIRECTION('',(-1.,0.,0.));
#467=DIRECTION('',(0.,0.,1.));
#468=FACE_BOUND('',#469,.T.);
#469=EDGE_LOOP('',(#977,#978,#979,#980,#981,#982));
#470=PLANE('',#471);
#471=AXIS2_PLACEMENT_3D('',#472,#473,#474);
#472=CARTESIAN_POINT('',(-0.658482818285809,-2.0828,-4.9784));
#473=DIRECTION('',(1.,0.,0.));
#474=DIRECTION('',(0.,0.,-1.));
#475=FACE_BOUND('',#476,.T.);
#476=EDGE_LOOP('',(#983,#984,#985,#986));
#477=PLANE('',#478);
#478=AXIS2_PLACEMENT_3D('',#479,#480,#481);
#479=CARTESIAN_POINT('',(0.,0.5969,-4.7244));
#480=DIRECTION('',(0.,0.,-1.));
#481=DIRECTION('',(1.,0.,0.));
#482=FACE_BOUND('',#483,.T.);
#483=EDGE_LOOP('',(#987,#988,#989,#990));
#484=PLANE('',#485);
#485=AXIS2_PLACEMENT_3D('',#486,#487,#488);
#486=CARTESIAN_POINT('',(-0.658482818285809,-1.14681298501296,-4.7244));
#487=DIRECTION('',(0.,1.,0.));
#488=DIRECTION('',(0.,0.,1.));
#489=FACE_BOUND('',#490,.T.);
#490=EDGE_LOOP('',(#991,#992,#993,#994,#995,#996,#997,#998,#999,#1000));
#491=CYLINDRICAL_SURFACE('',#492,1.37988102434594);
#492=AXIS2_PLACEMENT_3D('',#493,#494,#495);
#493=CARTESIAN_POINT('',(0.,0.5969,-1.5748));
#494=DIRECTION('',(0.,0.,1.));
#495=DIRECTION('',(1.,0.,0.));
#496=FACE_BOUND('',#497,.T.);
#497=EDGE_LOOP('',(#1001,#1002,#1003,#1004,#1005,#1006,#1007,#1008));
#498=CYLINDRICAL_SURFACE('',#499,1.11485779386721);
#499=AXIS2_PLACEMENT_3D('',#500,#501,#502);
#500=CARTESIAN_POINT('',(0.,0.5969,-1.5748));
#501=DIRECTION('',(0.,0.,1.));
#502=DIRECTION('',(1.,0.,0.));
#503=FACE_BOUND('',#504,.T.);
#504=EDGE_LOOP('',(#1009,#1010));
#505=PLANE('',#506);
#506=AXIS2_PLACEMENT_3D('',#507,#508,#509);
#507=CARTESIAN_POINT('',(0.,0.5969,-0.3556));
#508=DIRECTION('',(0.,0.,1.));
#509=DIRECTION('',(1.,0.,0.));
#510=FACE_BOUND('',#511,.T.);
#511=EDGE_LOOP('',(#1011,#1012,#1013,#1014,#1015));
#512=PLANE('',#513);
#513=AXIS2_PLACEMENT_3D('',#514,#515,#516);
#514=CARTESIAN_POINT('',(0.,0.5969,-0.3556));
#515=DIRECTION('',(0.,0.,1.));
#516=DIRECTION('',(1.,0.,0.));
#517=FACE_BOUND('',#518,.T.);
#518=EDGE_LOOP('',(#1016,#1017,#1018,#1019));
#519=PLANE('',#520);
#520=AXIS2_PLACEMENT_3D('',#521,#522,#523);
#521=CARTESIAN_POINT('',(0.,0.5969,-1.5748));
#522=DIRECTION('',(0.,0.,1.));
#523=DIRECTION('',(1.,0.,0.));
#524=FACE_BOUND('',#525,.T.);
#525=EDGE_LOOP('',(#1020,#1021,#1022,#1023,#1024));
#526=PLANE('',#527);
#527=AXIS2_PLACEMENT_3D('',#528,#529,#530);
#528=CARTESIAN_POINT('',(0.,0.5969,-0.3556));
#529=DIRECTION('',(0.,0.,1.));
#530=DIRECTION('',(1.,0.,0.));
#531=FACE_BOUND('',#532,.T.);
#532=EDGE_LOOP('',(#1025,#1026,#1027,#1028));
#533=PLANE('',#534);
#534=AXIS2_PLACEMENT_3D('',#535,#536,#537);
#535=CARTESIAN_POINT('',(-0.330360214188049,1.9366513837394,-1.5748));
#536=DIRECTION('',(0.970918043006233,0.239412100289326,0.));
#537=DIRECTION('',(-0.239412100289326,0.970918043006233,0.));
#538=FACE_BOUND('',#539,.T.);
#539=EDGE_LOOP('',(#1029,#1030,#1031,#1032));
#540=PLANE('',#541);
#541=AXIS2_PLACEMENT_3D('',#542,#543,#544);
#542=CARTESIAN_POINT('',(0.330360214188049,1.9366513837394,-1.5748));
#543=DIRECTION('',(-0.970918043006233,0.239412100289326,0.));
#544=DIRECTION('',(-0.239412100289326,-0.970918043006233,0.));
#545=FACE_BOUND('',#546,.T.);
#546=EDGE_LOOP('',(#1033,#1034,#1035,#1036,#1037));
#547=PLANE('',#548);
#548=AXIS2_PLACEMENT_3D('',#549,#550,#551);
#549=CARTESIAN_POINT('',(0.6096,-5.7531,-0.1));
#550=DIRECTION('',(0.,0.,1.));
#551=DIRECTION('',(1.,0.,0.));
#552=FACE_BOUND('',#553,.T.);
#553=EDGE_LOOP('',(#1038,#1039,#1040,#1041,#1042,#1043));
#554=CYLINDRICAL_SURFACE('',#555,0.251039213593485);
#555=AXIS2_PLACEMENT_3D('',#556,#557,#558);
#556=CARTESIAN_POINT('',(0.6096,-0.820939213593484,-0.351039213593485));
#557=DIRECTION('',(-1.,0.,0.));
#558=DIRECTION('',(0.,0.,1.));
#559=FACE_BOUND('',#560,.T.);
#560=EDGE_LOOP('',(#1044,#1045,#1046,#1047,#1048,#1049,#1050,#1051));
#561=CYLINDRICAL_SURFACE('',#562,0.451039213593485);
#562=AXIS2_PLACEMENT_3D('',#563,#564,#565);
#563=CARTESIAN_POINT('',(0.6096,-0.820939213593484,-0.351039213593485));
#564=DIRECTION('',(-1.,0.,0.));
#565=DIRECTION('',(0.,0.,1.));
#566=FACE_BOUND('',#567,.T.);
#567=EDGE_LOOP('',(#1052,#1053,#1054,#1055,#1056));
#568=PLANE('',#569);
#569=AXIS2_PLACEMENT_3D('',#570,#571,#572);
#570=CARTESIAN_POINT('',(0.6096,-5.7531,0.1));
#571=DIRECTION('',(0.,0.,-1.));
#572=DIRECTION('',(-1.,0.,0.));
#573=FACE_BOUND('',#574,.T.);
#574=EDGE_LOOP('',(#1057,#1058,#1059,#1060,#1061,#1062,#1063));
#575=PLANE('',#576);
#576=AXIS2_PLACEMENT_3D('',#577,#578,#579);
#577=CARTESIAN_POINT('',(0.6096,-0.820939213593484,-0.351039213593485));
#578=DIRECTION('',(-1.,0.,0.));
#579=DIRECTION('',(0.,0.,1.));
#580=FACE_BOUND('',#581,.T.);
#581=EDGE_LOOP('',(#1064,#1065,#1066,#1067,#1068,#1069,#1070));
#582=PLANE('',#583);
#583=AXIS2_PLACEMENT_3D('',#584,#585,#586);
#584=CARTESIAN_POINT('',(-0.6096,-0.820939213593484,-0.351039213593485));
#585=DIRECTION('',(-1.,0.,0.));
#586=DIRECTION('',(0.,0.,1.));
#587=FACE_BOUND('',#588,.T.);
#588=EDGE_LOOP('',(#1071,#1072,#1073,#1074,#1075));
#589=(BOUNDED_SURFACE()B_SPLINE_SURFACE(3,2,(
(#590,#591,#592),
(#593,#594,#595),
(#596,#597,#598),
(#599,#600,#601),
(#602,#603,#604),
(#605,#606,#607)),
.UNSPECIFIED.,.F.,.F.,.F.)B_SPLINE_SURFACE_WITH_KNOTS((4,2,4),
(3,3),
(0.000475476072064495,0.000682976072336795,0.000890476072609095),
(0.,1.),
.UNSPECIFIED.)GEOMETRIC_REPRESENTATION_ITEM()RATIONAL_B_SPLINE_SURFACE((
(1.,0.707106781186486,1.),
(1.,0.754140255870712,1.),
(1.,0.793294218508866,1.),
(1.,0.850763878677533,1.),
(1.,0.869475562734321,1.),
(1.,0.873387391826226,1.)))REPRESENTATION_ITEM('')SURFACE());
#590=CARTESIAN_POINT('',(0.863600000000045,-0.479327987626195,-0.3556));
#591=CARTESIAN_POINT('',(0.6096,-0.479327987626195,-0.355600000000044));
#592=CARTESIAN_POINT('',(0.6096,-0.479327987626139,-0.1016));
#593=CARTESIAN_POINT('',(0.829783522716883,-0.506463394212993,-0.3556));
#594=CARTESIAN_POINT('',(0.6096,-0.504883505023328,-0.323752704843895));
#595=CARTESIAN_POINT('',(0.6096,-0.548280017467165,-0.101599909085448));
#596=CARTESIAN_POINT('',(0.798327048680617,-0.52897130906384,-0.355599993262992));
#597=CARTESIAN_POINT('',(0.609600000000004,-0.544423162545041,-0.304392716560743));
#598=CARTESIAN_POINT('',(0.6096,-0.619292755325671,-0.119269257128412));
#599=CARTESIAN_POINT('',(0.750329486480646,-0.561511839213172,-0.355600006737008));
#600=CARTESIAN_POINT('',(0.609599999999996,-0.612179530539248,-0.303837364028125));
#601=CARTESIAN_POINT('',(0.6096,-0.734543705132758,-0.195911470453621));
#602=CARTESIAN_POINT('',(0.73352608812799,-0.571871778802253,-0.355600000689382));
#603=CARTESIAN_POINT('',(0.6096,-0.641616013628915,-0.321246625147632));
#604=CARTESIAN_POINT('',(0.6096,-0.778611182485734,-0.256534633100545));
#605=CARTESIAN_POINT('',(0.730094787609883,-0.574011287183998,-0.3556));
#606=CARTESIAN_POINT('',(0.6096,-0.647778545076729,-0.345567304250308));
#607=CARTESIAN_POINT('',(0.6096,-0.788124252703503,-0.326479624639901));
#608=FACE_BOUND('',#609,.T.);
#609=EDGE_LOOP('',(#1076,#1077,#1078,#1079,#1080));
#610=CYLINDRICAL_SURFACE('',#611,0.254);
#611=AXIS2_PLACEMENT_3D('',#612,#613,#614);
#612=CARTESIAN_POINT('',(0.8636,0.5969,-0.1016));
#613=DIRECTION('',(0.,-1.,0.));
#614=DIRECTION('',(0.,0.,-1.));
#615=FACE_BOUND('',#616,.T.);
#616=EDGE_LOOP('',(#1081,#1082,#1083,#1084));
#617=(BOUNDED_SURFACE()B_SPLINE_SURFACE(3,2,(
(#618,#619,#620),
(#621,#622,#623),
(#624,#625,#626),
(#627,#628,#629)),
.UNSPECIFIED.,.F.,.F.,.F.)B_SPLINE_SURFACE_WITH_KNOTS((4,4),
(3,3),
(7.96420027107936E-5,0.000443594149320186),
(0.,1.),
.UNSPECIFIED.)GEOMETRIC_REPRESENTATION_ITEM()RATIONAL_B_SPLINE_SURFACE((
(1.,0.867946148664993,1.),
(1.,0.848491069769132,1.),
(1.,0.789410834699348,1.),
(1.,0.707106781186547,1.)))REPRESENTATION_ITEM('')SURFACE());
#618=CARTESIAN_POINT('',(-0.734908097372943,-0.570996283822193,-0.3556));
#619=CARTESIAN_POINT('',(-0.6096,-0.63977030440478,-0.329274290875901));
#620=CARTESIAN_POINT('',(-0.6096,-0.775510011965095,-0.277315076807094));
#621=CARTESIAN_POINT('',(-0.751895437592697,-0.560306866840749,-0.355600007854696));
#622=CARTESIAN_POINT('',(-0.609600000000007,-0.609880103200045,-0.290223080871132));
#623=CARTESIAN_POINT('',(-0.6096,-0.730072552234628,-0.158614558144671));
#624=CARTESIAN_POINT('',(-0.804322471514249,-0.526894147044761,-0.3556));
#625=CARTESIAN_POINT('',(-0.609599999999994,-0.523086838478037,-0.301067667553932));
#626=CARTESIAN_POINT('',(-0.6096,-0.599436072947444,-0.101599819836245));
#627=CARTESIAN_POINT('',(-0.8636,-0.479327987626231,-0.3556));
#628=CARTESIAN_POINT('',(-0.6096,-0.479327987626231,-0.3556));
#629=CARTESIAN_POINT('',(-0.6096,-0.479327987626231,-0.1016));
#630=FACE_BOUND('',#631,.T.);
#631=EDGE_LOOP('',(#1085,#1086,#1087,#1088,#1089));
#632=CYLINDRICAL_SURFACE('',#633,0.254);
#633=AXIS2_PLACEMENT_3D('',#634,#635,#636);
#634=CARTESIAN_POINT('',(-0.8636,-0.820939213593484,-0.1016));
#635=DIRECTION('',(0.,1.,0.));
#636=DIRECTION('',(0.,0.,1.));
#637=FACE_BOUND('',#638,.T.);
#638=EDGE_LOOP('',(#1090,#1091,#1092,#1093));
#639=CYLINDRICAL_SURFACE('',#640,0.254);
#640=AXIS2_PLACEMENT_3D('',#641,#642,#643);
#641=CARTESIAN_POINT('',(0.6096,-0.161499776323932,-0.1016));
#642=DIRECTION('',(-1.,0.,0.));
#643=DIRECTION('',(0.,0.,1.));
#644=FACE_BOUND('',#645,.T.);
#645=EDGE_LOOP('',(#1094,#1095,#1096,#1097));
#646=CYLINDRICAL_SURFACE('',#647,0.254);
#647=AXIS2_PLACEMENT_3D('',#648,#649,#650);
#648=CARTESIAN_POINT('',(0.6096,-0.161499776323932,-0.1016));
#649=DIRECTION('',(-1.,0.,0.));
#650=DIRECTION('',(0.,0.,1.));
#651=FACE_BOUND('',#652,.T.);
#652=EDGE_LOOP('',(#1098,#1099,#1100,#1101,#1102));
#653=CYLINDRICAL_SURFACE('',#654,0.762);
#654=AXIS2_PLACEMENT_3D('',#655,#656,#657);
#655=CARTESIAN_POINT('',(0.6096,-0.653145646798397,0.4064));
#656=DIRECTION('',(-1.,0.,0.));
#657=DIRECTION('',(0.,0.,1.));
#658=FACE_BOUND('',#659,.T.);
#659=EDGE_LOOP('',(#1103,#1104,#1105,#1106));
#660=CYLINDRICAL_SURFACE('',#661,0.6096);
#661=AXIS2_PLACEMENT_3D('',#662,#663,#664);
#662=CARTESIAN_POINT('',(0.,-5.1435,-0.351039213593485));
#663=DIRECTION('',(0.,0.,-1.));
#664=DIRECTION('',(-1.,0.,0.));
#665=FACE_BOUND('',#666,.T.);
#666=EDGE_LOOP('',(#1107,#1108,#1109,#1110));
#667=CYLINDRICAL_SURFACE('',#668,0.6096);
#668=AXIS2_PLACEMENT_3D('',#669,#670,#671);
#669=CARTESIAN_POINT('',(0.,-5.1435,0.1));
#670=DIRECTION('',(0.,0.,1.));
#671=DIRECTION('',(1.,0.,0.));
#672=FACE_BOUND('',#673,.T.);
#673=EDGE_LOOP('',(#1111,#1112,#1113,#1114,#1115,#1116,#1117,#1118,#1119,#1120));
#674=CYLINDRICAL_SURFACE('',#675,1.37988102434594);
#675=AXIS2_PLACEMENT_3D('',#676,#677,#678);
#676=CARTESIAN_POINT('',(0.,0.5969,-3.5052));
#677=DIRECTION('',(0.,0.,-1.));
#678=DIRECTION('',(1.,0.,0.));
#679=FACE_BOUND('',#680,.T.);
#680=EDGE_LOOP('',(#1121,#1122,#1123,#1124,#1125,#1126,#1127,#1128));
#681=CYLINDRICAL_SURFACE('',#682,1.11485779386721);
#682=AXIS2_PLACEMENT_3D('',#683,#684,#685);
#683=CARTESIAN_POINT('',(0.,0.5969,-3.5052));
#684=DIRECTION('',(0.,0.,-1.));
#685=DIRECTION('',(1.,0.,0.));
#686=FACE_BOUND('',#687,.T.);
#687=EDGE_LOOP('',(#1129,#1130));
#688=PLANE('',#689);
#689=AXIS2_PLACEMENT_3D('',#690,#691,#692);
#690=CARTESIAN_POINT('',(0.,0.5969,-4.7244));
#691=DIRECTION('',(0.,0.,-1.));
#692=DIRECTION('',(1.,0.,0.));
#693=FACE_BOUND('',#694,.T.);
#694=EDGE_LOOP('',(#1131,#1132,#1133,#1134,#1135));
#695=PLANE('',#696);
#696=AXIS2_PLACEMENT_3D('',#697,#698,#699);
#697=CARTESIAN_POINT('',(0.,0.5969,-4.7244));
#698=DIRECTION('',(0.,0.,-1.));
#699=DIRECTION('',(1.,0.,0.));
#700=FACE_BOUND('',#701,.T.);
#701=EDGE_LOOP('',(#1136,#1137,#1138,#1139));
#702=PLANE('',#703);
#703=AXIS2_PLACEMENT_3D('',#704,#705,#706);
#704=CARTESIAN_POINT('',(0.,0.5969,-3.5052));
#705=DIRECTION('',(0.,0.,-1.));
#706=DIRECTION('',(1.,0.,0.));
#707=FACE_BOUND('',#708,.T.);
#708=EDGE_LOOP('',(#1140,#1141,#1142,#1143,#1144));
#709=PLANE('',#710);
#710=AXIS2_PLACEMENT_3D('',#711,#712,#713);
#711=CARTESIAN_POINT('',(0.,0.5969,-4.7244));
#712=DIRECTION('',(0.,0.,-1.));
#713=DIRECTION('',(1.,0.,0.));
#714=FACE_BOUND('',#715,.T.);
#715=EDGE_LOOP('',(#1145,#1146,#1147,#1148));
#716=PLANE('',#717);
#717=AXIS2_PLACEMENT_3D('',#718,#719,#720);
#718=CARTESIAN_POINT('',(-0.330360214188049,1.9366513837394,-3.5052));
#719=DIRECTION('',(0.970918043006233,0.239412100289326,0.));
#720=DIRECTION('',(-0.239412100289326,0.970918043006233,0.));
#721=FACE_BOUND('',#722,.T.);
#722=EDGE_LOOP('',(#1149,#1150,#1151,#1152));
#723=PLANE('',#724);
#724=AXIS2_PLACEMENT_3D('',#725,#726,#727);
#725=CARTESIAN_POINT('',(0.330360214188049,1.9366513837394,-3.5052));
#726=DIRECTION('',(-0.970918043006233,0.239412100289326,0.));
#727=DIRECTION('',(-0.239412100289326,-0.970918043006233,0.));
#728=FACE_BOUND('',#729,.T.);
#729=EDGE_LOOP('',(#1153,#1154,#1155,#1156,#1157));
#730=PLANE('',#731);
#731=AXIS2_PLACEMENT_3D('',#732,#733,#734);
#732=CARTESIAN_POINT('',(0.6096,-5.7531,-4.98));
#733=DIRECTION('',(0.,0.,-1.));
#734=DIRECTION('',(1.,0.,0.));
#735=FACE_BOUND('',#736,.T.);
#736=EDGE_LOOP('',(#1158,#1159,#1160,#1161,#1162,#1163));
#737=CYLINDRICAL_SURFACE('',#738,0.251039213593485);
#738=AXIS2_PLACEMENT_3D('',#739,#740,#741);
#739=CARTESIAN_POINT('',(0.6096,-0.820939213593484,-4.72896078640652));
#740=DIRECTION('',(-1.,0.,0.));
#741=DIRECTION('',(0.,0.,-1.));
#742=FACE_BOUND('',#743,.T.);
#743=EDGE_LOOP('',(#1164,#1165,#1166,#1167,#1168,#1169,#1170,#1171));
#744=CYLINDRICAL_SURFACE('',#745,0.451039213593484);
#745=AXIS2_PLACEMENT_3D('',#746,#747,#748);
#746=CARTESIAN_POINT('',(0.6096,-0.820939213593484,-4.72896078640652));
#747=DIRECTION('',(-1.,0.,0.));
#748=DIRECTION('',(0.,0.,-1.));
#749=FACE_BOUND('',#750,.T.);
#750=EDGE_LOOP('',(#1172,#1173,#1174,#1175,#1176));
#751=PLANE('',#752);
#752=AXIS2_PLACEMENT_3D('',#753,#754,#755);
#753=CARTESIAN_POINT('',(0.6096,-5.7531,-5.18));
#754=DIRECTION('',(0.,0.,1.));
#755=DIRECTION('',(-1.,0.,0.));
#756=FACE_BOUND('',#757,.T.);
#757=EDGE_LOOP('',(#1177,#1178,#1179,#1180,#1181,#1182,#1183));
#758=PLANE('',#759);
#759=AXIS2_PLACEMENT_3D('',#760,#761,#762);
#760=CARTESIAN_POINT('',(0.6096,-0.820939213593484,-4.72896078640652));
#761=DIRECTION('',(-1.,0.,0.));
#762=DIRECTION('',(0.,0.,-1.));
#763=FACE_BOUND('',#764,.T.);
#764=EDGE_LOOP('',(#1184,#1185,#1186,#1187,#1188,#1189,#1190));
#765=PLANE('',#766);
#766=AXIS2_PLACEMENT_3D('',#767,#768,#769);
#767=CARTESIAN_POINT('',(-0.6096,-0.820939213593484,-4.72896078640652));
#768=DIRECTION('',(-1.,0.,0.));
#769=DIRECTION('',(0.,0.,-1.));
#770=FACE_BOUND('',#771,.T.);
#771=EDGE_LOOP('',(#1191,#1192,#1193,#1194,#1195));
#772=(BOUNDED_SURFACE()B_SPLINE_SURFACE(3,2,(
(#773,#774,#775),
(#776,#777,#778),
(#779,#780,#781),
(#782,#783,#784),
(#785,#786,#787),
(#788,#789,#790)),
.UNSPECIFIED.,.F.,.F.,.F.)B_SPLINE_SURFACE_WITH_KNOTS((4,2,4),
(3,3),
(0.000475476072064495,0.000682976072336706,0.000890476072608918),
(0.,1.),
.UNSPECIFIED.)GEOMETRIC_REPRESENTATION_ITEM()RATIONAL_B_SPLINE_SURFACE((
(1.,0.707106781186485,1.),
(1.,0.754140255870721,1.),
(1.,0.793294218508795,1.),
(1.,0.85076387867753,1.),
(1.,0.869475562734259,1.),
(1.,0.873387391826217,1.)))REPRESENTATION_ITEM('')SURFACE());
#773=CARTESIAN_POINT('',(0.6096,-0.479327987626139,-4.9784));
#774=CARTESIAN_POINT('',(0.6096,-0.479327987626195,-4.72439999999995));
#775=CARTESIAN_POINT('',(0.863600000000045,-0.479327987626195,-4.7244));
#776=CARTESIAN_POINT('',(0.6096,-0.548280017467149,-4.97840009091454));
#777=CARTESIAN_POINT('',(0.6096,-0.504883505023352,-4.75624729515607));
#778=CARTESIAN_POINT('',(0.829783522716875,-0.506463394213,-4.7244));
#779=CARTESIAN_POINT('',(0.6096,-0.619292755325592,-4.96073074287161));
#780=CARTESIAN_POINT('',(0.6096,-0.544423162544984,-4.77560728343924));
#781=CARTESIAN_POINT('',(0.798327048680674,-0.5289713090638,-4.72440000673701));
#782=CARTESIAN_POINT('',(0.6096,-0.73454370513269,-4.88408852954646));
#783=CARTESIAN_POINT('',(0.6096,-0.612179530539215,-4.77616263597189));
#784=CARTESIAN_POINT('',(0.750329486480649,-0.561511839213172,-4.72439999326299));
#785=CARTESIAN_POINT('',(0.6096,-0.778611182485672,-4.8234653668996));
#786=CARTESIAN_POINT('',(0.6096,-0.641616013628777,-4.75875337485239));
#787=CARTESIAN_POINT('',(0.733526088128044,-0.57187177880222,-4.72439999931061));
#788=CARTESIAN_POINT('',(0.6096,-0.788124252703479,-4.75352037536027));
#789=CARTESIAN_POINT('',(0.6096,-0.647778545076714,-4.73443269574975));
#790=CARTESIAN_POINT('',(0.730094787609891,-0.574011287183992,-4.7244));
#791=FACE_BOUND('',#792,.T.);
#792=EDGE_LOOP('',(#1196,#1197,#1198,#1199,#1200));
#793=CYLINDRICAL_SURFACE('',#794,0.254);
#794=AXIS2_PLACEMENT_3D('',#795,#796,#797);
#795=CARTESIAN_POINT('',(0.8636,0.5969,-4.9784));
#796=DIRECTION('',(0.,-1.,0.));
#797=DIRECTION('',(0.,0.,1.));
#798=FACE_BOUND('',#799,.T.);
#799=EDGE_LOOP('',(#1201,#1202,#1203,#1204));
#800=(BOUNDED_SURFACE()B_SPLINE_SURFACE(3,2,(
(#801,#802,#803),
(#804,#805,#806),
(#807,#808,#809),
(#810,#811,#812)),
.UNSPECIFIED.,.F.,.F.,.F.)B_SPLINE_SURFACE_WITH_KNOTS((4,4),
(3,3),
(7.9642002710795E-5,0.000443594149320186),
(0.,1.),
.UNSPECIFIED.)GEOMETRIC_REPRESENTATION_ITEM()RATIONAL_B_SPLINE_SURFACE((
(1.,0.867946148664993,1.),
(1.,0.848491069769131,1.),
(1.,0.789410834699348,1.),
(1.,0.707106781186548,1.)))REPRESENTATION_ITEM('')SURFACE());
#801=CARTESIAN_POINT('',(-0.6096,-0.775510011965095,-4.80268492319291));
#802=CARTESIAN_POINT('',(-0.6096,-0.63977030440478,-4.7507257091241));
#803=CARTESIAN_POINT('',(-0.734908097372943,-0.570996283822193,-4.7244));
#804=CARTESIAN_POINT('',(-0.6096,-0.730072552234677,-4.92138544185527));
#805=CARTESIAN_POINT('',(-0.609600000000007,-0.609880103200074,-4.78977691912899));
#806=CARTESIAN_POINT('',(-0.751895437592691,-0.560306866840746,-4.72439999214532));
#807=CARTESIAN_POINT('',(-0.6096,-0.599436072947407,-4.97840018016385));
#808=CARTESIAN_POINT('',(-0.6096,-0.523086838478047,-4.77893233244596));
#809=CARTESIAN_POINT('',(-0.804322471514273,-0.526894147044787,-4.7244));
#810=CARTESIAN_POINT('',(-0.6096,-0.479327987626231,-4.9784));
#811=CARTESIAN_POINT('',(-0.6096,-0.479327987626231,-4.7244));
#812=CARTESIAN_POINT('',(-0.8636,-0.479327987626231,-4.7244));
#813=FACE_BOUND('',#814,.T.);
#814=EDGE_LOOP('',(#1205,#1206,#1207,#1208,#1209));
#815=CYLINDRICAL_SURFACE('',#816,0.254);
#816=AXIS2_PLACEMENT_3D('',#817,#818,#819);
#817=CARTESIAN_POINT('',(-0.8636,-0.820939213593484,-4.9784));
#818=DIRECTION('',(0.,1.,0.));
#819=DIRECTION('',(0.,0.,-1.));
#820=FACE_BOUND('',#821,.T.);
#821=EDGE_LOOP('',(#1210,#1211,#1212,#1213));
#822=CYLINDRICAL_SURFACE('',#823,0.254);
#823=AXIS2_PLACEMENT_3D('',#824,#825,#826);
#824=CARTESIAN_POINT('',(0.6096,-0.161499776323932,-4.9784));
#825=DIRECTION('',(-1.,0.,0.));
#826=DIRECTION('',(0.,0.,-1.));
#827=FACE_BOUND('',#828,.T.);
#828=EDGE_LOOP('',(#1214,#1215,#1216,#1217));
#829=CYLINDRICAL_SURFACE('',#830,0.254);
#830=AXIS2_PLACEMENT_3D('',#831,#832,#833);
#831=CARTESIAN_POINT('',(0.6096,-0.161499776323932,-4.9784));
#832=DIRECTION('',(-1.,0.,0.));
#833=DIRECTION('',(0.,0.,-1.));
#834=FACE_BOUND('',#835,.T.);
#835=EDGE_LOOP('',(#1218,#1219,#1220,#1221,#1222));
#836=CYLINDRICAL_SURFACE('',#837,0.762);
#837=AXIS2_PLACEMENT_3D('',#838,#839,#840);
#838=CARTESIAN_POINT('',(0.6096,-0.653145646798397,-5.4864));
#839=DIRECTION('',(-1.,0.,0.));
#840=DIRECTION('',(0.,0.,-1.));
#841=FACE_BOUND('',#842,.T.);
#842=EDGE_LOOP('',(#1223,#1224,#1225,#1226));
#843=CYLINDRICAL_SURFACE('',#844,0.6096);
#844=AXIS2_PLACEMENT_3D('',#845,#846,#847);
#845=CARTESIAN_POINT('',(0.,-5.1435,-4.72896078640652));
#846=DIRECTION('',(0.,0.,1.));
#847=DIRECTION('',(-1.,0.,0.));
#848=FACE_BOUND('',#849,.T.);
#849=EDGE_LOOP('',(#1227,#1228,#1229,#1230));
#850=CYLINDRICAL_SURFACE('',#851,0.6096);
#851=AXIS2_PLACEMENT_3D('',#852,#853,#854);
#852=CARTESIAN_POINT('',(0.,-5.1435,-5.18));
#853=DIRECTION('',(0.,0.,-1.));
#854=DIRECTION('',(1.,0.,0.));
#855=ORIENTED_EDGE('',*,*,#1231,.T.);
#856=ORIENTED_EDGE('',*,*,#1232,.F.);
#857=ORIENTED_EDGE('',*,*,#1233,.T.);
#858=ORIENTED_EDGE('',*,*,#1234,.T.);
#859=ORIENTED_EDGE('',*,*,#1235,.T.);
#860=ORIENTED_EDGE('',*,*,#1236,.F.);
#861=ORIENTED_EDGE('',*,*,#1237,.F.);
#862=ORIENTED_EDGE('',*,*,#1238,.F.);
#863=ORIENTED_EDGE('',*,*,#1239,.T.);
#864=ORIENTED_EDGE('',*,*,#1240,.F.);
#865=ORIENTED_EDGE('',*,*,#1241,.T.);
#866=ORIENTED_EDGE('',*,*,#1242,.T.);
#867=ORIENTED_EDGE('',*,*,#1243,.T.);
#868=ORIENTED_EDGE('',*,*,#1244,.T.);
#869=ORIENTED_EDGE('',*,*,#1245,.F.);
#870=ORIENTED_EDGE('',*,*,#1246,.F.);
#871=ORIENTED_EDGE('',*,*,#1247,.F.);
#872=ORIENTED_EDGE('',*,*,#1248,.T.);
#873=ORIENTED_EDGE('',*,*,#1249,.F.);
#874=ORIENTED_EDGE('',*,*,#1250,.F.);
#875=ORIENTED_EDGE('',*,*,#1251,.T.);
#876=ORIENTED_EDGE('',*,*,#1252,.F.);
#877=ORIENTED_EDGE('',*,*,#1243,.F.);
#878=ORIENTED_EDGE('',*,*,#1253,.T.);
#879=ORIENTED_EDGE('',*,*,#1236,.T.);
#880=ORIENTED_EDGE('',*,*,#1240,.T.);
#881=ORIENTED_EDGE('',*,*,#1254,.T.);
#882=ORIENTED_EDGE('',*,*,#1251,.F.);
#883=ORIENTED_EDGE('',*,*,#1255,.F.);
#884=ORIENTED_EDGE('',*,*,#1256,.F.);
#885=ORIENTED_EDGE('',*,*,#1257,.F.);
#886=ORIENTED_EDGE('',*,*,#1258,.F.);
#887=ORIENTED_EDGE('',*,*,#1259,.F.);
#888=ORIENTED_EDGE('',*,*,#1260,.F.);
#889=ORIENTED_EDGE('',*,*,#1261,.F.);
#890=ORIENTED_EDGE('',*,*,#1262,.F.);
#891=ORIENTED_EDGE('',*,*,#1263,.F.);
#892=ORIENTED_EDGE('',*,*,#1250,.T.);
#893=ORIENTED_EDGE('',*,*,#1264,.F.);
#894=ORIENTED_EDGE('',*,*,#1265,.F.);
#895=ORIENTED_EDGE('',*,*,#1255,.T.);
#896=ORIENTED_EDGE('',*,*,#1265,.T.);
#897=ORIENTED_EDGE('',*,*,#1266,.F.);
#898=ORIENTED_EDGE('',*,*,#1267,.F.);
#899=ORIENTED_EDGE('',*,*,#1256,.T.);
#900=ORIENTED_EDGE('',*,*,#1267,.T.);
#901=ORIENTED_EDGE('',*,*,#1268,.F.);
#902=ORIENTED_EDGE('',*,*,#1269,.F.);
#903=ORIENTED_EDGE('',*,*,#1257,.T.);
#904=ORIENTED_EDGE('',*,*,#1269,.T.);
#905=ORIENTED_EDGE('',*,*,#1270,.F.);
#906=ORIENTED_EDGE('',*,*,#1271,.F.);
#907=ORIENTED_EDGE('',*,*,#1258,.T.);
#908=ORIENTED_EDGE('',*,*,#1271,.T.);
#909=ORIENTED_EDGE('',*,*,#1272,.F.);
#910=ORIENTED_EDGE('',*,*,#1273,.F.);
#911=ORIENTED_EDGE('',*,*,#1259,.T.);
#912=ORIENTED_EDGE('',*,*,#1273,.T.);
#913=ORIENTED_EDGE('',*,*,#1274,.F.);
#914=ORIENTED_EDGE('',*,*,#1275,.F.);
#915=ORIENTED_EDGE('',*,*,#1260,.T.);
#916=ORIENTED_EDGE('',*,*,#1275,.T.);
#917=ORIENTED_EDGE('',*,*,#1276,.F.);
#918=ORIENTED_EDGE('',*,*,#1277,.F.);
#919=ORIENTED_EDGE('',*,*,#1261,.T.);
#920=ORIENTED_EDGE('',*,*,#1277,.T.);
#921=ORIENTED_EDGE('',*,*,#1278,.F.);
#922=ORIENTED_EDGE('',*,*,#1279,.F.);
#923=ORIENTED_EDGE('',*,*,#1262,.T.);
#924=ORIENTED_EDGE('',*,*,#1279,.T.);
#925=ORIENTED_EDGE('',*,*,#1280,.F.);
#926=ORIENTED_EDGE('',*,*,#1244,.F.);
#927=ORIENTED_EDGE('',*,*,#1263,.T.);
#928=ORIENTED_EDGE('',*,*,#1249,.T.);
#929=ORIENTED_EDGE('',*,*,#1281,.F.);
#930=ORIENTED_EDGE('',*,*,#1231,.F.);
#931=ORIENTED_EDGE('',*,*,#1235,.F.);
#932=ORIENTED_EDGE('',*,*,#1282,.F.);
#933=ORIENTED_EDGE('',*,*,#1245,.T.);
#934=ORIENTED_EDGE('',*,*,#1280,.T.);
#935=ORIENTED_EDGE('',*,*,#1278,.T.);
#936=ORIENTED_EDGE('',*,*,#1276,.T.);
#937=ORIENTED_EDGE('',*,*,#1274,.T.);
#938=ORIENTED_EDGE('',*,*,#1272,.T.);
#939=ORIENTED_EDGE('',*,*,#1270,.T.);
#940=ORIENTED_EDGE('',*,*,#1268,.T.);
#941=ORIENTED_EDGE('',*,*,#1266,.T.);
#942=ORIENTED_EDGE('',*,*,#1264,.T.);
#943=ORIENTED_EDGE('',*,*,#1281,.T.);
#944=ORIENTED_EDGE('',*,*,#1248,.F.);
#945=ORIENTED_EDGE('',*,*,#1283,.F.);
#946=ORIENTED_EDGE('',*,*,#1284,.F.);
#947=ORIENTED_EDGE('',*,*,#1285,.F.);
#948=ORIENTED_EDGE('',*,*,#1232,.T.);
#949=ORIENTED_EDGE('',*,*,#1282,.T.);
#950=ORIENTED_EDGE('',*,*,#1234,.F.);
#951=ORIENTED_EDGE('',*,*,#1286,.F.);
#952=ORIENTED_EDGE('',*,*,#1287,.T.);
#953=ORIENTED_EDGE('',*,*,#1288,.F.);
#954=ORIENTED_EDGE('',*,*,#1246,.T.);
#955=ORIENTED_EDGE('',*,*,#1289,.F.);
#956=ORIENTED_EDGE('',*,*,#1283,.T.);
#957=ORIENTED_EDGE('',*,*,#1247,.T.);
#958=ORIENTED_EDGE('',*,*,#1288,.T.);
#959=ORIENTED_EDGE('',*,*,#1289,.T.);
#960=ORIENTED_EDGE('',*,*,#1287,.F.);
#961=ORIENTED_EDGE('',*,*,#1290,.F.);
#962=ORIENTED_EDGE('',*,*,#1284,.T.);
#963=ORIENTED_EDGE('',*,*,#1233,.F.);
#964=ORIENTED_EDGE('',*,*,#1285,.T.);
#965=ORIENTED_EDGE('',*,*,#1290,.T.);
#966=ORIENTED_EDGE('',*,*,#1286,.T.);
#967=ORIENTED_EDGE('',*,*,#1291,.F.);
#968=ORIENTED_EDGE('',*,*,#1292,.T.);
#969=ORIENTED_EDGE('',*,*,#1293,.F.);
#970=ORIENTED_EDGE('',*,*,#1241,.F.);
#971=ORIENTED_EDGE('',*,*,#1253,.F.);
#972=ORIENTED_EDGE('',*,*,#1242,.F.);
#973=ORIENTED_EDGE('',*,*,#1293,.T.);
#974=ORIENTED_EDGE('',*,*,#1294,.F.);
#975=ORIENTED_EDGE('',*,*,#1295,.T.);
#976=ORIENTED_EDGE('',*,*,#1237,.T.);
#977=ORIENTED_EDGE('',*,*,#1254,.F.);
#978=ORIENTED_EDGE('',*,*,#1239,.F.);
#979=ORIENTED_EDGE('',*,*,#1296,.T.);
#980=ORIENTED_EDGE('',*,*,#1297,.T.);
#981=ORIENTED_EDGE('',*,*,#1291,.T.);
#982=ORIENTED_EDGE('',*,*,#1252,.T.);
#983=ORIENTED_EDGE('',*,*,#1238,.T.);
#984=ORIENTED_EDGE('',*,*,#1295,.F.);
#985=ORIENTED_EDGE('',*,*,#1298,.F.);
#986=ORIENTED_EDGE('',*,*,#1296,.F.);
#987=ORIENTED_EDGE('',*,*,#1292,.F.);
#988=ORIENTED_EDGE('',*,*,#1297,.F.);
#989=ORIENTED_EDGE('',*,*,#1298,.T.);
#990=ORIENTED_EDGE('',*,*,#1294,.T.);
#991=ORIENTED_EDGE('',*,*,#1299,.T.);
#992=ORIENTED_EDGE('',*,*,#1300,.F.);
#993=ORIENTED_EDGE('',*,*,#1301,.F.);
#994=ORIENTED_EDGE('',*,*,#1302,.T.);
#995=ORIENTED_EDGE('',*,*,#1303,.F.);
#996=ORIENTED_EDGE('',*,*,#1304,.F.);
#997=ORIENTED_EDGE('',*,*,#1305,.F.);
#998=ORIENTED_EDGE('',*,*,#1306,.F.);
#999=ORIENTED_EDGE('',*,*,#1307,.F.);
#1000=ORIENTED_EDGE('',*,*,#1308,.T.);
#1001=ORIENTED_EDGE('',*,*,#1309,.T.);
#1002=ORIENTED_EDGE('',*,*,#1310,.F.);
#1003=ORIENTED_EDGE('',*,*,#1311,.T.);
#1004=ORIENTED_EDGE('',*,*,#1312,.F.);
#1005=ORIENTED_EDGE('',*,*,#1313,.T.);
#1006=ORIENTED_EDGE('',*,*,#1314,.F.);
#1007=ORIENTED_EDGE('',*,*,#1315,.F.);
#1008=ORIENTED_EDGE('',*,*,#1316,.T.);
#1009=ORIENTED_EDGE('',*,*,#1303,.T.);
#1010=ORIENTED_EDGE('',*,*,#1317,.T.);
#1011=ORIENTED_EDGE('',*,*,#1314,.T.);
#1012=ORIENTED_EDGE('',*,*,#1318,.T.);
#1013=ORIENTED_EDGE('',*,*,#1319,.T.);
#1014=ORIENTED_EDGE('',*,*,#1300,.T.);
#1015=ORIENTED_EDGE('',*,*,#1320,.T.);
#1016=ORIENTED_EDGE('',*,*,#1321,.F.);
#1017=ORIENTED_EDGE('',*,*,#1316,.F.);
#1018=ORIENTED_EDGE('',*,*,#1322,.F.);
#1019=ORIENTED_EDGE('',*,*,#1308,.F.);
#1020=ORIENTED_EDGE('',*,*,#1323,.T.);
#1021=ORIENTED_EDGE('',*,*,#1324,.T.);
#1022=ORIENTED_EDGE('',*,*,#1310,.T.);
#1023=ORIENTED_EDGE('',*,*,#1325,.T.);
#1024=ORIENTED_EDGE('',*,*,#1306,.T.);
#1025=ORIENTED_EDGE('',*,*,#1325,.F.);
#1026=ORIENTED_EDGE('',*,*,#1309,.F.);
#1027=ORIENTED_EDGE('',*,*,#1321,.T.);
#1028=ORIENTED_EDGE('',*,*,#1307,.T.);
#1029=ORIENTED_EDGE('',*,*,#1320,.F.);
#1030=ORIENTED_EDGE('',*,*,#1299,.F.);
#1031=ORIENTED_EDGE('',*,*,#1322,.T.);
#1032=ORIENTED_EDGE('',*,*,#1315,.T.);
#1033=ORIENTED_EDGE('',*,*,#1326,.T.);
#1034=ORIENTED_EDGE('',*,*,#1327,.T.);
#1035=ORIENTED_EDGE('',*,*,#1328,.T.);
#1036=ORIENTED_EDGE('',*,*,#1329,.F.);
#1037=ORIENTED_EDGE('',*,*,#1330,.F.);
#1038=ORIENTED_EDGE('',*,*,#1331,.T.);
#1039=ORIENTED_EDGE('',*,*,#1332,.T.);
#1040=ORIENTED_EDGE('',*,*,#1333,.F.);
#1041=ORIENTED_EDGE('',*,*,#1334,.T.);
#1042=ORIENTED_EDGE('',*,*,#1335,.F.);
#1043=ORIENTED_EDGE('',*,*,#1329,.T.);
#1044=ORIENTED_EDGE('',*,*,#1336,.T.);
#1045=ORIENTED_EDGE('',*,*,#1337,.T.);
#1046=ORIENTED_EDGE('',*,*,#1312,.T.);
#1047=ORIENTED_EDGE('',*,*,#1338,.T.);
#1048=ORIENTED_EDGE('',*,*,#1339,.T.);
#1049=ORIENTED_EDGE('',*,*,#1340,.T.);
#1050=ORIENTED_EDGE('',*,*,#1341,.F.);
#1051=ORIENTED_EDGE('',*,*,#1342,.F.);
#1052=ORIENTED_EDGE('',*,*,#1343,.T.);
#1053=ORIENTED_EDGE('',*,*,#1344,.T.);
#1054=ORIENTED_EDGE('',*,*,#1345,.T.);
#1055=ORIENTED_EDGE('',*,*,#1346,.F.);
#1056=ORIENTED_EDGE('',*,*,#1341,.T.);
#1057=ORIENTED_EDGE('',*,*,#1346,.T.);
#1058=ORIENTED_EDGE('',*,*,#1347,.T.);
#1059=ORIENTED_EDGE('',*,*,#1330,.T.);
#1060=ORIENTED_EDGE('',*,*,#1335,.T.);
#1061=ORIENTED_EDGE('',*,*,#1348,.T.);
#1062=ORIENTED_EDGE('',*,*,#1349,.T.);
#1063=ORIENTED_EDGE('',*,*,#1342,.T.);
#1064=ORIENTED_EDGE('',*,*,#1328,.F.);
#1065=ORIENTED_EDGE('',*,*,#1350,.T.);
#1066=ORIENTED_EDGE('',*,*,#1343,.F.);
#1067=ORIENTED_EDGE('',*,*,#1340,.F.);
#1068=ORIENTED_EDGE('',*,*,#1351,.T.);
#1069=ORIENTED_EDGE('',*,*,#1352,.T.);
#1070=ORIENTED_EDGE('',*,*,#1331,.F.);
#1071=ORIENTED_EDGE('',*,*,#1334,.F.);
#1072=ORIENTED_EDGE('',*,*,#1353,.T.);
#1073=ORIENTED_EDGE('',*,*,#1301,.T.);
#1074=ORIENTED_EDGE('',*,*,#1354,.F.);
#1075=ORIENTED_EDGE('',*,*,#1348,.F.);
#1076=ORIENTED_EDGE('',*,*,#1336,.F.);
#1077=ORIENTED_EDGE('',*,*,#1349,.F.);
#1078=ORIENTED_EDGE('',*,*,#1354,.T.);
#1079=ORIENTED_EDGE('',*,*,#1319,.F.);
#1080=ORIENTED_EDGE('',*,*,#1355,.T.);
#1081=ORIENTED_EDGE('',*,*,#1332,.F.);
#1082=ORIENTED_EDGE('',*,*,#1352,.F.);
#1083=ORIENTED_EDGE('',*,*,#1356,.F.);
#1084=ORIENTED_EDGE('',*,*,#1305,.T.);
#1085=ORIENTED_EDGE('',*,*,#1339,.F.);
#1086=ORIENTED_EDGE('',*,*,#1357,.T.);
#1087=ORIENTED_EDGE('',*,*,#1323,.F.);
#1088=ORIENTED_EDGE('',*,*,#1356,.T.);
#1089=ORIENTED_EDGE('',*,*,#1351,.F.);
#1090=ORIENTED_EDGE('',*,*,#1313,.F.);
#1091=ORIENTED_EDGE('',*,*,#1337,.F.);
#1092=ORIENTED_EDGE('',*,*,#1355,.F.);
#1093=ORIENTED_EDGE('',*,*,#1318,.F.);
#1094=ORIENTED_EDGE('',*,*,#1357,.F.);
#1095=ORIENTED_EDGE('',*,*,#1338,.F.);
#1096=ORIENTED_EDGE('',*,*,#1311,.F.);
#1097=ORIENTED_EDGE('',*,*,#1324,.F.);
#1098=ORIENTED_EDGE('',*,*,#1353,.F.);
#1099=ORIENTED_EDGE('',*,*,#1333,.T.);
#1100=ORIENTED_EDGE('',*,*,#1304,.T.);
#1101=ORIENTED_EDGE('',*,*,#1317,.F.);
#1102=ORIENTED_EDGE('',*,*,#1302,.F.);
#1103=ORIENTED_EDGE('',*,*,#1347,.F.);
#1104=ORIENTED_EDGE('',*,*,#1345,.F.);
#1105=ORIENTED_EDGE('',*,*,#1358,.F.);
#1106=ORIENTED_EDGE('',*,*,#1326,.F.);
#1107=ORIENTED_EDGE('',*,*,#1344,.F.);
#1108=ORIENTED_EDGE('',*,*,#1350,.F.);
#1109=ORIENTED_EDGE('',*,*,#1327,.F.);
#1110=ORIENTED_EDGE('',*,*,#1358,.T.);
#1111=ORIENTED_EDGE('',*,*,#1359,.T.);
#1112=ORIENTED_EDGE('',*,*,#1360,.T.);
#1113=ORIENTED_EDGE('',*,*,#1361,.T.);
#1114=ORIENTED_EDGE('',*,*,#1362,.T.);
#1115=ORIENTED_EDGE('',*,*,#1363,.T.);
#1116=ORIENTED_EDGE('',*,*,#1364,.F.);
#1117=ORIENTED_EDGE('',*,*,#1365,.T.);
#1118=ORIENTED_EDGE('',*,*,#1366,.T.);
#1119=ORIENTED_EDGE('',*,*,#1367,.F.);
#1120=ORIENTED_EDGE('',*,*,#1368,.F.);
#1121=ORIENTED_EDGE('',*,*,#1369,.T.);
#1122=ORIENTED_EDGE('',*,*,#1370,.T.);
#1123=ORIENTED_EDGE('',*,*,#1371,.F.);
#1124=ORIENTED_EDGE('',*,*,#1372,.T.);
#1125=ORIENTED_EDGE('',*,*,#1373,.F.);
#1126=ORIENTED_EDGE('',*,*,#1374,.T.);
#1127=ORIENTED_EDGE('',*,*,#1375,.F.);
#1128=ORIENTED_EDGE('',*,*,#1376,.F.);
#1129=ORIENTED_EDGE('',*,*,#1363,.F.);
#1130=ORIENTED_EDGE('',*,*,#1377,.F.);
#1131=ORIENTED_EDGE('',*,*,#1370,.F.);
#1132=ORIENTED_EDGE('',*,*,#1378,.F.);
#1133=ORIENTED_EDGE('',*,*,#1366,.F.);
#1134=ORIENTED_EDGE('',*,*,#1379,.F.);
#1135=ORIENTED_EDGE('',*,*,#1380,.F.);
#1136=ORIENTED_EDGE('',*,*,#1381,.T.);
#1137=ORIENTED_EDGE('',*,*,#1368,.T.);
#1138=ORIENTED_EDGE('',*,*,#1382,.T.);
#1139=ORIENTED_EDGE('',*,*,#1376,.T.);
#1140=ORIENTED_EDGE('',*,*,#1383,.F.);
#1141=ORIENTED_EDGE('',*,*,#1360,.F.);
#1142=ORIENTED_EDGE('',*,*,#1384,.F.);
#1143=ORIENTED_EDGE('',*,*,#1374,.F.);
#1144=ORIENTED_EDGE('',*,*,#1385,.F.);
#1145=ORIENTED_EDGE('',*,*,#1384,.T.);
#1146=ORIENTED_EDGE('',*,*,#1359,.F.);
#1147=ORIENTED_EDGE('',*,*,#1381,.F.);
#1148=ORIENTED_EDGE('',*,*,#1375,.T.);
#1149=ORIENTED_EDGE('',*,*,#1378,.T.);
#1150=ORIENTED_EDGE('',*,*,#1369,.F.);
#1151=ORIENTED_EDGE('',*,*,#1382,.F.);
#1152=ORIENTED_EDGE('',*,*,#1367,.T.);
#1153=ORIENTED_EDGE('',*,*,#1386,.F.);
#1154=ORIENTED_EDGE('',*,*,#1387,.T.);
#1155=ORIENTED_EDGE('',*,*,#1388,.T.);
#1156=ORIENTED_EDGE('',*,*,#1389,.F.);
#1157=ORIENTED_EDGE('',*,*,#1390,.F.);
#1158=ORIENTED_EDGE('',*,*,#1391,.F.);
#1159=ORIENTED_EDGE('',*,*,#1388,.F.);
#1160=ORIENTED_EDGE('',*,*,#1392,.T.);
#1161=ORIENTED_EDGE('',*,*,#1393,.F.);
#1162=ORIENTED_EDGE('',*,*,#1394,.T.);
#1163=ORIENTED_EDGE('',*,*,#1395,.F.);
#1164=ORIENTED_EDGE('',*,*,#1396,.F.);
#1165=ORIENTED_EDGE('',*,*,#1397,.T.);
#1166=ORIENTED_EDGE('',*,*,#1398,.T.);
#1167=ORIENTED_EDGE('',*,*,#1399,.F.);
#1168=ORIENTED_EDGE('',*,*,#1400,.F.);
#1169=ORIENTED_EDGE('',*,*,#1401,.F.);
#1170=ORIENTED_EDGE('',*,*,#1372,.F.);
#1171=ORIENTED_EDGE('',*,*,#1402,.F.);
#1172=ORIENTED_EDGE('',*,*,#1403,.F.);
#1173=ORIENTED_EDGE('',*,*,#1398,.F.);
#1174=ORIENTED_EDGE('',*,*,#1404,.T.);
#1175=ORIENTED_EDGE('',*,*,#1405,.F.);
#1176=ORIENTED_EDGE('',*,*,#1406,.F.);
#1177=ORIENTED_EDGE('',*,*,#1404,.F.);
#1178=ORIENTED_EDGE('',*,*,#1397,.F.);
#1179=ORIENTED_EDGE('',*,*,#1407,.F.);
#1180=ORIENTED_EDGE('',*,*,#1408,.F.);
#1181=ORIENTED_EDGE('',*,*,#1392,.F.);
#1182=ORIENTED_EDGE('',*,*,#1387,.F.);
#1183=ORIENTED_EDGE('',*,*,#1409,.F.);
#1184=ORIENTED_EDGE('',*,*,#1389,.T.);
#1185=ORIENTED_EDGE('',*,*,#1391,.T.);
#1186=ORIENTED_EDGE('',*,*,#1410,.F.);
#1187=ORIENTED_EDGE('',*,*,#1411,.F.);
#1188=ORIENTED_EDGE('',*,*,#1399,.T.);
#1189=ORIENTED_EDGE('',*,*,#1403,.T.);
#1190=ORIENTED_EDGE('',*,*,#1412,.F.);
#1191=ORIENTED_EDGE('',*,*,#1393,.T.);
#1192=ORIENTED_EDGE('',*,*,#1408,.T.);
#1193=ORIENTED_EDGE('',*,*,#1413,.T.);
#1194=ORIENTED_EDGE('',*,*,#1365,.F.);
#1195=ORIENTED_EDGE('',*,*,#1414,.F.);
#1196=ORIENTED_EDGE('',*,*,#1396,.T.);
#1197=ORIENTED_EDGE('',*,*,#1415,.F.);
#1198=ORIENTED_EDGE('',*,*,#1379,.T.);
#1199=ORIENTED_EDGE('',*,*,#1413,.F.);
#1200=ORIENTED_EDGE('',*,*,#1407,.T.);
#1201=ORIENTED_EDGE('',*,*,#1395,.T.);
#1202=ORIENTED_EDGE('',*,*,#1361,.F.);
#1203=ORIENTED_EDGE('',*,*,#1416,.T.);
#1204=ORIENTED_EDGE('',*,*,#1410,.T.);
#1205=ORIENTED_EDGE('',*,*,#1400,.T.);
#1206=ORIENTED_EDGE('',*,*,#1411,.T.);
#1207=ORIENTED_EDGE('',*,*,#1416,.F.);
#1208=ORIENTED_EDGE('',*,*,#1383,.T.);
#1209=ORIENTED_EDGE('',*,*,#1417,.F.);
#1210=ORIENTED_EDGE('',*,*,#1371,.T.);
#1211=ORIENTED_EDGE('',*,*,#1380,.T.);
#1212=ORIENTED_EDGE('',*,*,#1415,.T.);
#1213=ORIENTED_EDGE('',*,*,#1402,.T.);
#1214=ORIENTED_EDGE('',*,*,#1417,.T.);
#1215=ORIENTED_EDGE('',*,*,#1385,.T.);
#1216=ORIENTED_EDGE('',*,*,#1373,.T.);
#1217=ORIENTED_EDGE('',*,*,#1401,.T.);
#1218=ORIENTED_EDGE('',*,*,#1414,.T.);
#1219=ORIENTED_EDGE('',*,*,#1364,.T.);
#1220=ORIENTED_EDGE('',*,*,#1377,.T.);
#1221=ORIENTED_EDGE('',*,*,#1362,.F.);
#1222=ORIENTED_EDGE('',*,*,#1394,.F.);
#1223=ORIENTED_EDGE('',*,*,#1409,.T.);
#1224=ORIENTED_EDGE('',*,*,#1386,.T.);
#1225=ORIENTED_EDGE('',*,*,#1418,.T.);
#1226=ORIENTED_EDGE('',*,*,#1405,.T.);
#1227=ORIENTED_EDGE('',*,*,#1406,.T.);
#1228=ORIENTED_EDGE('',*,*,#1418,.F.);
#1229=ORIENTED_EDGE('',*,*,#1390,.T.);
#1230=ORIENTED_EDGE('',*,*,#1412,.T.);
#1231=EDGE_CURVE('',#1419,#1420,#1421,.T.);
#1232=EDGE_CURVE('',#1422,#1420,#1423,.T.);
#1233=EDGE_CURVE('',#1422,#1424,#1425,.T.);
#1234=EDGE_CURVE('',#1424,#1426,#1427,.T.);
#1235=EDGE_CURVE('',#1426,#1419,#1428,.T.);
#1236=EDGE_CURVE('',#1429,#1430,#1431,.T.);
#1237=EDGE_CURVE('',#1432,#1429,#1433,.T.);
#1238=EDGE_CURVE('',#1434,#1432,#1435,.T.);
#1239=EDGE_CURVE('',#1434,#1436,#1437,.T.);
#1240=EDGE_CURVE('',#1430,#1436,#1438,.T.);
#1241=EDGE_CURVE('',#1439,#1440,#1441,.T.);
#1242=EDGE_CURVE('',#1440,#1442,#1443,.T.);
#1243=EDGE_CURVE('',#1442,#1444,#1445,.T.);
#1244=EDGE_CURVE('',#1444,#1446,#1447,.T.);
#1245=EDGE_CURVE('',#1448,#1446,#1449,.T.);
#1246=EDGE_CURVE('',#1450,#1448,#1451,.T.);
#1247=EDGE_CURVE('',#1452,#1450,#1453,.T.);
#1248=EDGE_CURVE('',#1452,#1454,#1455,.T.);
#1249=EDGE_CURVE('',#1456,#1454,#1457,.T.);
#1250=EDGE_CURVE('',#1458,#1456,#1459,.T.);
#1251=EDGE_CURVE('',#1458,#1460,#1461,.T.);
#1252=EDGE_CURVE('',#1439,#1460,#1462,.T.);
#1253=EDGE_CURVE('',#1442,#1429,#1463,.T.);
#1254=EDGE_CURVE('',#1436,#1460,#1464,.T.);
#1255=EDGE_CURVE('',#1465,#1458,#1466,.T.);
#1256=EDGE_CURVE('',#1467,#1465,#1468,.T.);
#1257=EDGE_CURVE('',#1469,#1467,#1470,.T.);
#1258=EDGE_CURVE('',#1471,#1469,#1472,.T.);
#1259=EDGE_CURVE('',#1473,#1471,#1474,.T.);
#1260=EDGE_CURVE('',#1475,#1473,#1476,.T.);
#1261=EDGE_CURVE('',#1477,#1475,#1478,.T.);
#1262=EDGE_CURVE('',#1479,#1477,#1480,.T.);
#1263=EDGE_CURVE('',#1444,#1479,#1481,.T.);
#1264=EDGE_CURVE('',#1482,#1456,#1483,.T.);
#1265=EDGE_CURVE('',#1465,#1482,#1484,.T.);
#1266=EDGE_CURVE('',#1485,#1482,#1486,.T.);
#1267=EDGE_CURVE('',#1467,#1485,#1487,.T.);
#1268=EDGE_CURVE('',#1488,#1485,#1489,.T.);
#1269=EDGE_CURVE('',#1469,#1488,#1490,.T.);
#1270=EDGE_CURVE('',#1491,#1488,#1492,.T.);
#1271=EDGE_CURVE('',#1471,#1491,#1493,.T.);
#1272=EDGE_CURVE('',#1494,#1491,#1495,.T.);
#1273=EDGE_CURVE('',#1473,#1494,#1496,.T.);
#1274=EDGE_CURVE('',#1497,#1494,#1498,.T.);
#1275=EDGE_CURVE('',#1475,#1497,#1499,.T.);
#1276=EDGE_CURVE('',#1500,#1497,#1501,.T.);
#1277=EDGE_CURVE('',#1477,#1500,#1502,.T.);
#1278=EDGE_CURVE('',#1503,#1500,#1504,.T.);
#1279=EDGE_CURVE('',#1479,#1503,#1505,.T.);
#1280=EDGE_CURVE('',#1446,#1503,#1506,.T.);
#1281=EDGE_CURVE('',#1420,#1454,#1507,.T.);
#1282=EDGE_CURVE('',#1448,#1426,#1508,.T.);
#1283=EDGE_CURVE('',#1509,#1452,#1510,.T.);
#1284=EDGE_CURVE('',#1511,#1509,#1512,.T.);
#1285=EDGE_CURVE('',#1422,#1511,#1513,.T.);
#1286=EDGE_CURVE('',#1514,#1424,#1515,.T.);
#1287=EDGE_CURVE('',#1514,#1516,#1517,.T.);
#1288=EDGE_CURVE('',#1450,#1516,#1518,.T.);
#1289=EDGE_CURVE('',#1509,#1516,#1519,.T.);
#1290=EDGE_CURVE('',#1511,#1514,#1520,.T.);
#1291=EDGE_CURVE('',#1521,#1439,#1522,.T.);
#1292=EDGE_CURVE('',#1521,#1523,#1524,.T.);
#1293=EDGE_CURVE('',#1440,#1523,#1525,.T.);
#1294=EDGE_CURVE('',#1526,#1523,#1527,.T.);
#1295=EDGE_CURVE('',#1526,#1432,#1528,.T.);
#1296=EDGE_CURVE('',#1434,#1529,#1530,.T.);
#1297=EDGE_CURVE('',#1529,#1521,#1531,.T.);
#1298=EDGE_CURVE('',#1529,#1526,#1532,.T.);
#1299=EDGE_CURVE('',#1533,#1534,#1535,.T.);
#1300=EDGE_CURVE('',#1536,#1534,#1537,.T.);
#1301=EDGE_CURVE('',#1538,#1536,#1539,.T.);
#1302=EDGE_CURVE('',#1538,#1540,#1541,.T.);
#1303=EDGE_CURVE('',#1542,#1540,#1543,.T.);
#1304=EDGE_CURVE('',#1544,#1542,#1545,.T.);
#1305=EDGE_CURVE('',#1546,#1544,#1547,.T.);
#1306=EDGE_CURVE('',#1548,#1546,#1549,.T.);
#1307=EDGE_CURVE('',#1550,#1548,#1551,.T.);
#1308=EDGE_CURVE('',#1550,#1533,#1552,.T.);
#1309=EDGE_CURVE('',#1553,#1554,#1555,.T.);
#1310=EDGE_CURVE('',#1556,#1554,#1557,.T.);
#1311=EDGE_CURVE('',#1556,#1558,#1559,.T.);
#1312=EDGE_CURVE('',#1560,#1558,#1561,.T.);
#1313=EDGE_CURVE('',#1560,#1562,#1563,.T.);
#1314=EDGE_CURVE('',#1564,#1562,#1565,.T.);
#1315=EDGE_CURVE('',#1566,#1564,#1567,.T.);
#1316=EDGE_CURVE('',#1566,#1553,#1568,.T.);
#1317=EDGE_CURVE('',#1540,#1542,#1569,.T.);
#1318=EDGE_CURVE('',#1562,#1570,#1571,.T.);
#1319=EDGE_CURVE('',#1570,#1536,#1572,.T.);
#1320=EDGE_CURVE('',#1534,#1564,#1573,.T.);
#1321=EDGE_CURVE('',#1553,#1550,#1574,.T.);
#1322=EDGE_CURVE('',#1533,#1566,#1575,.T.);
#1323=EDGE_CURVE('',#1546,#1576,#1577,.T.);
#1324=EDGE_CURVE('',#1576,#1556,#1578,.T.);
#1325=EDGE_CURVE('',#1554,#1548,#1579,.T.);
#1326=EDGE_CURVE('',#1580,#1581,#1582,.T.);
#1327=EDGE_CURVE('',#1581,#1583,#1584,.T.);
#1328=EDGE_CURVE('',#1583,#1585,#1586,.T.);
#1329=EDGE_CURVE('',#1587,#1585,#1588,.T.);
#1330=EDGE_CURVE('',#1580,#1587,#1589,.T.);
#1331=EDGE_CURVE('',#1585,#1590,#1591,.T.);
#1332=EDGE_CURVE('',#1590,#1544,#1592,.T.);
#1333=EDGE_CURVE('',#1593,#1544,#1594,.T.);
#1334=EDGE_CURVE('',#1593,#1595,#1596,.T.);
#1335=EDGE_CURVE('',#1587,#1595,#1597,.T.);
#1336=EDGE_CURVE('',#1598,#1599,#1600,.T.);
#1337=EDGE_CURVE('',#1599,#1560,#1601,.T.);
#1338=EDGE_CURVE('',#1558,#1602,#1603,.T.);
#1339=EDGE_CURVE('',#1602,#1604,#1605,.T.);
#1340=EDGE_CURVE('',#1604,#1606,#1607,.T.);
#1341=EDGE_CURVE('',#1608,#1606,#1609,.T.);
#1342=EDGE_CURVE('',#1598,#1608,#1610,.T.);
#1343=EDGE_CURVE('',#1606,#1611,#1612,.T.);
#1344=EDGE_CURVE('',#1611,#1613,#1614,.T.);
#1345=EDGE_CURVE('',#1613,#1615,#1616,.T.);
#1346=EDGE_CURVE('',#1608,#1615,#1617,.T.);
#1347=EDGE_CURVE('',#1615,#1580,#1618,.T.);
#1348=EDGE_CURVE('',#1595,#1619,#1620,.T.);
#1349=EDGE_CURVE('',#1619,#1598,#1621,.T.);
#1350=EDGE_CURVE('',#1583,#1611,#1622,.T.);
#1351=EDGE_CURVE('',#1604,#1623,#1624,.T.);
#1352=EDGE_CURVE('',#1623,#1590,#1625,.T.);
#1353=EDGE_CURVE('',#1593,#1538,#1626,.T.);
#1354=EDGE_CURVE('',#1619,#1536,#1627,.T.);
#1355=EDGE_CURVE('',#1570,#1599,#1628,.T.);
#1356=EDGE_CURVE('',#1546,#1623,#1629,.T.);
#1357=EDGE_CURVE('',#1602,#1576,#1630,.T.);
#1358=EDGE_CURVE('',#1581,#1613,#1631,.T.);
#1359=EDGE_CURVE('',#1632,#1633,#1634,.T.);
#1360=EDGE_CURVE('',#1633,#1635,#1636,.T.);
#1361=EDGE_CURVE('',#1635,#1637,#1638,.T.);
#1362=EDGE_CURVE('',#1637,#1639,#1640,.T.);
#1363=EDGE_CURVE('',#1639,#1641,#1642,.T.);
#1364=EDGE_CURVE('',#1643,#1641,#1644,.T.);
#1365=EDGE_CURVE('',#1643,#1645,#1646,.T.);
#1366=EDGE_CURVE('',#1645,#1647,#1648,.T.);
#1367=EDGE_CURVE('',#1649,#1647,#1650,.T.);
#1368=EDGE_CURVE('',#1632,#1649,#1651,.T.);
#1369=EDGE_CURVE('',#1652,#1653,#1654,.T.);
#1370=EDGE_CURVE('',#1653,#1655,#1656,.T.);
#1371=EDGE_CURVE('',#1657,#1655,#1658,.T.);
#1372=EDGE_CURVE('',#1657,#1659,#1660,.T.);
#1373=EDGE_CURVE('',#1661,#1659,#1662,.T.);
#1374=EDGE_CURVE('',#1661,#1663,#1664,.T.);
#1375=EDGE_CURVE('',#1665,#1663,#1666,.T.);
#1376=EDGE_CURVE('',#1652,#1665,#1667,.T.);
#1377=EDGE_CURVE('',#1641,#1639,#1668,.T.);
#1378=EDGE_CURVE('',#1647,#1653,#1669,.T.);
#1379=EDGE_CURVE('',#1670,#1645,#1671,.T.);
#1380=EDGE_CURVE('',#1655,#1670,#1672,.T.);
#1381=EDGE_CURVE('',#1665,#1632,#1673,.T.);
#1382=EDGE_CURVE('',#1649,#1652,#1674,.T.);
#1383=EDGE_CURVE('',#1635,#1675,#1676,.T.);
#1384=EDGE_CURVE('',#1663,#1633,#1677,.T.);
#1385=EDGE_CURVE('',#1675,#1661,#1678,.T.);
#1386=EDGE_CURVE('',#1679,#1680,#1681,.T.);
#1387=EDGE_CURVE('',#1679,#1682,#1683,.T.);
#1388=EDGE_CURVE('',#1682,#1684,#1685,.T.);
#1389=EDGE_CURVE('',#1686,#1684,#1687,.T.);
#1390=EDGE_CURVE('',#1680,#1686,#1688,.T.);
#1391=EDGE_CURVE('',#1684,#1689,#1690,.T.);
#1392=EDGE_CURVE('',#1682,#1691,#1692,.T.);
#1393=EDGE_CURVE('',#1693,#1691,#1694,.T.);
#1394=EDGE_CURVE('',#1693,#1637,#1695,.T.);
#1395=EDGE_CURVE('',#1689,#1637,#1696,.T.);
#1396=EDGE_CURVE('',#1697,#1698,#1699,.T.);
#1397=EDGE_CURVE('',#1697,#1700,#1701,.T.);
#1398=EDGE_CURVE('',#1700,#1702,#1703,.T.);
#1399=EDGE_CURVE('',#1704,#1702,#1705,.T.);
#1400=EDGE_CURVE('',#1706,#1704,#1707,.T.);
#1401=EDGE_CURVE('',#1659,#1706,#1708,.T.);
#1402=EDGE_CURVE('',#1698,#1657,#1709,.T.);
#1403=EDGE_CURVE('',#1702,#1710,#1711,.T.);
#1404=EDGE_CURVE('',#1700,#1712,#1713,.T.);
#1405=EDGE_CURVE('',#1714,#1712,#1715,.T.);
#1406=EDGE_CURVE('',#1710,#1714,#1716,.T.);
#1407=EDGE_CURVE('',#1717,#1697,#1718,.T.);
#1408=EDGE_CURVE('',#1691,#1717,#1719,.T.);
#1409=EDGE_CURVE('',#1712,#1679,#1720,.T.);
#1410=EDGE_CURVE('',#1721,#1689,#1722,.T.);
#1411=EDGE_CURVE('',#1704,#1721,#1723,.T.);
#1412=EDGE_CURVE('',#1686,#1710,#1724,.T.);
#1413=EDGE_CURVE('',#1717,#1645,#1725,.T.);
#1414=EDGE_CURVE('',#1693,#1643,#1726,.T.);
#1415=EDGE_CURVE('',#1670,#1698,#1727,.T.);
#1416=EDGE_CURVE('',#1635,#1721,#1728,.T.);
#1417=EDGE_CURVE('',#1706,#1675,#1729,.T.);
#1418=EDGE_CURVE('',#1680,#1714,#1730,.T.);
#1419=VERTEX_POINT('',#1731);
#1420=VERTEX_POINT('',#1732);
#1421=CIRCLE('',#1733,1.37988102434594);
#1422=VERTEX_POINT('',#1737);
#1423=LINE('',#1738,#1739);
#1424=VERTEX_POINT('',#1741);
#1425=CIRCLE('',#1742,1.37988102434594);
#1426=VERTEX_POINT('',#1746);
#1427=LINE('',#1747,#1748);
#1428=CIRCLE('',#1750,1.37988102434594);
#1429=VERTEX_POINT('',#1754);
#1430=VERTEX_POINT('',#1755);
#1431=CIRCLE('',#1756,1.37988102434594);
#1432=VERTEX_POINT('',#1760);
#1433=LINE('',#1761,#1762);
#1434=VERTEX_POINT('',#1764);
#1435=CIRCLE('',#1765,1.37988102434594);
#1436=VERTEX_POINT('',#1769);
#1437=LINE('',#1770,#1771);
#1438=CIRCLE('',#1773,1.37988102434594);
#1439=VERTEX_POINT('',#1777);
#1440=VERTEX_POINT('',#1778);
#1441=LINE('',#1779,#1780);
#1442=VERTEX_POINT('',#1782);
#1443=LINE('',#1783,#1784);
#1444=VERTEX_POINT('',#1786);
#1445=LINE('',#1787,#1788);
#1446=VERTEX_POINT('',#1790);
#1447=LINE('',#1791,#1792);
#1448=VERTEX_POINT('',#1794);
#1449=LINE('',#1795,#1796);
#1450=VERTEX_POINT('',#1798);
#1451=LINE('',#1799,#1800);
#1452=VERTEX_POINT('',#1802);
#1453=LINE('',#1803,#1804);
#1454=VERTEX_POINT('',#1806);
#1455=LINE('',#1807,#1808);
#1456=VERTEX_POINT('',#1810);
#1457=LINE('',#1811,#1812);
#1458=VERTEX_POINT('',#1814);
#1459=LINE('',#1815,#1816);
#1460=VERTEX_POINT('',#1818);
#1461=LINE('',#1819,#1820);
#1462=LINE('',#1822,#1823);
#1463=LINE('',#1825,#1826);
#1464=LINE('',#1828,#1829);
#1465=VERTEX_POINT('',#1831);
#1466=LINE('',#1832,#1833);
#1467=VERTEX_POINT('',#1835);
#1468=LINE('',#1836,#1837);
#1469=VERTEX_POINT('',#1839);
#1470=LINE('',#1840,#1841);
#1471=VERTEX_POINT('',#1843);
#1472=CIRCLE('',#1844,0.762);
#1473=VERTEX_POINT('',#1848);
#1474=LINE('',#1849,#1850);
#1475=VERTEX_POINT('',#1852);
#1476=CIRCLE('',#1853,0.762);
#1477=VERTEX_POINT('',#1857);
#1478=LINE('',#1858,#1859);
#1479=VERTEX_POINT('',#1861);
#1480=LINE('',#1862,#1863);
#1481=LINE('',#1865,#1866);
#1482=VERTEX_POINT('',#1868);
#1483=LINE('',#1869,#1870);
#1484=LINE('',#1872,#1873);
#1485=VERTEX_POINT('',#1875);
#1486=LINE('',#1876,#1877);
#1487=LINE('',#1879,#1880);
#1488=VERTEX_POINT('',#1882);
#1489=LINE('',#1883,#1884);
#1490=LINE('',#1886,#1887);
#1491=VERTEX_POINT('',#1889);
#1492=CIRCLE('',#1890,0.762);
#1493=LINE('',#1894,#1895);
#1494=VERTEX_POINT('',#1897);
#1495=LINE('',#1898,#1899);
#1496=LINE('',#1901,#1902);
#1497=VERTEX_POINT('',#1904);
#1498=CIRCLE('',#1905,0.762);
#1499=LINE('',#1909,#1910);
#1500=VERTEX_POINT('',#1912);
#1501=LINE('',#1913,#1914);
#1502=LINE('',#1916,#1917);
#1503=VERTEX_POINT('',#1919);
#1504=LINE('',#1920,#1921);
#1505=LINE('',#1923,#1924);
#1506=LINE('',#1926,#1927);
#1507=LINE('',#1929,#1930);
#1508=LINE('',#1932,#1933);
#1509=VERTEX_POINT('',#1935);
#1510=LINE('',#1936,#1937);
#1511=VERTEX_POINT('',#1939);
#1512=LINE('',#1940,#1941);
#1513=LINE('',#1943,#1944);
#1514=VERTEX_POINT('',#1946);
#1515=LINE('',#1947,#1948);
#1516=VERTEX_POINT('',#1950);
#1517=LINE('',#1951,#1952);
#1518=LINE('',#1954,#1955);
#1519=LINE('',#1957,#1958);
#1520=LINE('',#1960,#1961);
#1521=VERTEX_POINT('',#1963);
#1522=LINE('',#1964,#1965);
#1523=VERTEX_POINT('',#1967);
#1524=LINE('',#1968,#1969);
#1525=LINE('',#1971,#1972);
#1526=VERTEX_POINT('',#1974);
#1527=LINE('',#1975,#1976);
#1528=LINE('',#1978,#1979);
#1529=VERTEX_POINT('',#1981);
#1530=LINE('',#1982,#1983);
#1531=LINE('',#1985,#1986);
#1532=LINE('',#1988,#1989);
#1533=VERTEX_POINT('',#1991);
#1534=VERTEX_POINT('',#1992);
#1535=LINE('',#1993,#1994);
#1536=VERTEX_POINT('',#1996);
#1537=CIRCLE('',#1997,1.37988102434594);
#1538=VERTEX_POINT('',#2001);
#1539=B_SPLINE_CURVE_WITH_KNOTS('',3,
(#2002,#2003,#2004,#2005,#2006,#2007,#2008,#2009,#2010,#2011,#2012,#2013,#2014,#2015,
#2016,#2017,#2018,#2019,#2020,#2021,#2022,#2023,#2024,#2025,#2026,#2027,#2028,#2029,
#2030,#2031,#2032,#2033,#2034,#2035,#2036,#2037,#2038,#2039,#2040,#2041,#2042,#2043,
#2044,#2045,#2046,#2047,#2048,#2049,#2050,#2051),
.UNSPECIFIED.,.F.,.F.,
(4,1,1,1,1,1,1,1,1,1,1,1,1,1,1,1,1,1,1,1,1,1,1,1,1,1,1,1,1,1,1,1,1,1,1,1,1,1,1,1,
1,1,1,1,1,1,1,4),
(0.,0.00887225834593307,0.0170859332483106,0.0247846473044738,0.0317689287665249,
0.0382511208873861,0.0442131315730558,0.050372433057781,0.0573964593968994,0.0646659017429856,
0.0720432455737259,0.0798046400473435,0.0881923402970982,0.0969196658292371,0.105552173656684,
0.113550786279269,0.11984782777491,0.124581341135474,0.128622142640349,0.133857824006758,
0.142836686765738,0.155740642229331,0.175602509658356,0.200021165924657,0.226460031952413,
0.250898922838797,0.273348409756631,0.294191172349356,0.311856134432335,0.326418323035592,
0.344370773694591,0.363104932750617,0.383183985579572,0.402205798878708,0.424262891616136,
0.450796047587909,0.480257667922876,0.524967956713527,0.593492397319801,0.680362871803535,
0.759563104935166,0.821722670669263,0.870750069081518,0.90729631865585,0.937900189322965,
0.961629423885181,0.982196648238693,1.),
.UNSPECIFIED.);
#1540=VERTEX_POINT('',#2052);
#1541=B_SPLINE_CURVE_WITH_KNOTS('',3,
(#2053,#2054,#2055,#2056,#2057,#2058,#2059),
.UNSPECIFIED.,.F.,.F.,
(4,1,1,1,4),
(0.,0.24993263172273,0.5,0.750069421645371,1.),
.UNSPECIFIED.);
#1542=VERTEX_POINT('',#2060);
#1543=CIRCLE('',#2061,1.37988102434594);
#1544=VERTEX_POINT('',#2065);
#1545=B_SPLINE_CURVE_WITH_KNOTS('',3,
(#2066,#2067,#2068,#2069,#2070,#2071,#2072,#2073,#2074,#2075,#2076,#2077,#2078,#2079,
#2080,#2081,#2082,#2083,#2084,#2085,#2086,#2087,#2088,#2089),
.UNSPECIFIED.,.F.,.F.,
(4,1,1,1,1,1,1,1,1,1,1,1,1,1,1,1,1,1,1,1,1,4),
(0.,0.0627426143916918,0.124117087729814,0.184215188267934,0.242244228801158,0.299258296230231,
0.35383680889401,0.406907487088577,0.457858544578749,0.508210354503011,0.555913278931621,
0.601607263559695,0.643882249119221,0.684794981865668,0.722209455083025,0.757511839340639,
0.789980960922513,0.821738783745931,0.853831603694093,0.886970034081369,0.936054108991859,
1.),
.UNSPECIFIED.);
#1546=VERTEX_POINT('',#2090);
#1547=B_SPLINE_CURVE_WITH_KNOTS('',3,
(#2091,#2092,#2093,#2094,#2095,#2096,#2097,#2098,#2099,#2100,#2101,#2102,#2103,#2104,
#2105,#2106,#2107,#2108,#2109),
.UNSPECIFIED.,.F.,.F.,
(4,1,1,1,1,1,1,1,1,1,1,1,1,1,1,1,4),
(0.,0.0584613146574816,0.116927329208804,0.175572242368138,0.235034758851388,0.295203819418318,
0.357332078869884,0.421099310546375,0.487482654392069,0.555431863312401,0.624649836034278,
0.693729238346677,0.761133838798409,0.826343709275205,0.887540980608456,0.945481139871768,
1.),
.UNSPECIFIED.);
#1548=VERTEX_POINT('',#2110);
#1549=CIRCLE('',#2111,1.37988102434594);
#1550=VERTEX_POINT('',#2115);
#1551=LINE('',#2116,#2117);
#1552=CIRCLE('',#2119,1.37988102434594);
#1553=VERTEX_POINT('',#2123);
#1554=VERTEX_POINT('',#2124);
#1555=LINE('',#2125,#2126);
#1556=VERTEX_POINT('',#2128);
#1557=CIRCLE('',#2129,1.11485779386721);
#1558=VERTEX_POINT('',#2133);
#1559=B_SPLINE_CURVE_WITH_KNOTS('',3,
(#2134,#2135,#2136,#2137,#2138,#2139,#2140,#2141,#2142,#2143,#2144,#2145,#2146,#2147,
#2148,#2149,#2150,#2151,#2152,#2153),
.UNSPECIFIED.,.F.,.F.,
(4,1,1,1,1,1,1,1,1,1,1,1,1,1,1,1,1,4),
(0.,0.0507741353826945,0.118861156106965,0.204524009779952,0.308571539626278,0.396258627514633,
0.467202209785878,0.520403850256229,0.573384315285619,0.625436936672293,0.67681627436374,
0.72637552190822,0.774663583382266,0.821154773223373,0.867050182081847,0.911855857328598,
0.956169229688958,1.),
.UNSPECIFIED.);
#1560=VERTEX_POINT('',#2154);
#1561=B_SPLINE_CURVE_WITH_KNOTS('',3,
(#2155,#2156,#2157,#2158,#2159,#2160,#2161,#2162,#2163,#2164,#2165,#2166,#2167,#2168,
#2169,#2170,#2171,#2172,#2173,#2174,#2175,#2176,#2177,#2178,#2179,#2180,#2181,#2182,
#2183,#2184,#2185,#2186,#2187,#2188,#2189,#2190,#2191,#2192,#2193,#2194,#2195,#2196,
#2197,#2198,#2199,#2200,#2201,#2202,#2203,#2204,#2205,#2206,#2207,#2208,#2209,#2210,
#2211,#2212,#2213,#2214,#2215,#2216,#2217,#2218,#2219,#2220,#2221,#2222,#2223),
.UNSPECIFIED.,.F.,.F.,
(4,1,1,1,1,1,1,1,1,1,1,1,1,1,1,1,1,1,1,1,1,1,1,1,1,1,1,1,1,1,1,1,1,1,1,1,1,1,1,1,
1,1,1,1,1,1,1,1,1,1,1,1,1,1,1,1,1,1,1,1,1,1,1,1,1,1,4),
(0.,0.00675823146436828,0.0159466838926819,0.0252976605790482,0.0347964552423841,
0.0447475122487173,0.0575842614912778,0.0745607388633364,0.0902246455970055,0.104452447859951,
0.116599263871438,0.129366679206442,0.147467306879363,0.165846824004453,0.184448793087739,
0.203682854598203,0.223338919497418,0.243319052065859,0.264182778571348,0.295002036641911,
0.336123181195027,0.374549246378488,0.405778089852859,0.427212736984008,0.446371476099411,
0.467930643302426,0.488605627072944,0.508472813908777,0.522901257342009,0.537409327813402,
0.551958547336606,0.566469007334774,0.580847768832769,0.595125843501223,0.609166233245057,
0.623046719143123,0.641143041601159,0.6588951085817,0.676298533593394,0.688838987419784,
0.701242407191342,0.713288816129821,0.725116661355622,0.73665431416621,0.748106056793435,
0.759274492181675,0.770266489444579,0.784388722241351,0.798084903124103,0.811327902664549,
0.823700141915866,0.83564006443167,0.847209868472355,0.857943744036648,0.868315093206516,
0.87831284231541,0.887776302009721,0.89767027581192,0.908023762855114,0.918996185957469,
0.932040056106526,0.946785302115323,0.96088346938636,0.974800373037779,0.986013156723803,
0.994441968894328,1.),
.UNSPECIFIED.);
#1562=VERTEX_POINT('',#2224);
#1563=B_SPLINE_CURVE_WITH_KNOTS('',3,
(#2225,#2226,#2227,#2228,#2229,#2230,#2231,#2232,#2233,#2234,#2235,#2236,#2237,#2238,
#2239,#2240,#2241,#2242,#2243),
.UNSPECIFIED.,.F.,.F.,
(4,1,1,1,1,1,1,1,1,1,1,1,1,1,1,1,4),
(0.,0.0471749606728643,0.0946397005759823,0.142264097651525,0.190465403216255,0.239019277845638,
0.288757429259319,0.339403015489399,0.39140498304302,0.443887191079862,0.496948376853243,
0.550024984418873,0.620080802116437,0.705687415835125,0.806104158948293,0.903734219885647,
1.),
.UNSPECIFIED.);
#1564=VERTEX_POINT('',#2244);
#1565=CIRCLE('',#2245,1.11485779386721);
#1566=VERTEX_POINT('',#2249);
#1567=LINE('',#2250,#2251);
#1568=CIRCLE('',#2253,1.11485779386721);
#1569=LINE('',#2257,#2258);
#1570=VERTEX_POINT('',#2260);
#1571=LINE('',#2261,#2262);
#1572=LINE('',#2264,#2265);
#1573=LINE('',#2267,#2268);
#1574=LINE('',#2270,#2271);
#1575=LINE('',#2273,#2274);
#1576=VERTEX_POINT('',#2276);
#1577=LINE('',#2277,#2278);
#1578=LINE('',#2280,#2281);
#1579=LINE('',#2283,#2284);
#1580=VERTEX_POINT('',#2286);
#1581=VERTEX_POINT('',#2287);
#1582=CIRCLE('',#2288,0.6096);
#1583=VERTEX_POINT('',#2292);
#1584=CIRCLE('',#2293,0.6096);
#1585=VERTEX_POINT('',#2297);
#1586=LINE('',#2298,#2299);
#1587=VERTEX_POINT('',#2301);
#1588=LINE('',#2302,#2303);
#1589=LINE('',#2305,#2306);
#1590=VERTEX_POINT('',#2308);
#1591=CIRCLE('',#2309,0.251039213593485);
#1592=B_SPLINE_CURVE_WITH_KNOTS('',3,
(#2313,#2314,#2315,#2316,#2317,#2318,#2319,#2320,#2321,#2322,#2323,#2324,#2325,#2326,
#2327,#2328,#2329,#2330,#2331,#2332,#2333,#2334,#2335,#2336,#2337,#2338,#2339,#2340,
#2341,#2342,#2343,#2344),
.UNSPECIFIED.,.F.,.F.,
(4,1,1,1,1,1,1,1,1,1,1,1,1,1,1,1,1,1,1,1,1,1,1,1,1,1,1,1,1,4),
(0.,0.0108826093725463,0.0222229907325673,0.0340172434104075,0.0511913649809715,
0.0791034793518426,0.1243248412972,0.188796985503347,0.268818346812388,0.35722912019414,
0.445305331774857,0.524372966513087,0.581497394433357,0.618529941411175,0.645767540946238,
0.67683299370649,0.712289324698912,0.742673823172618,0.767828612666933,0.787250802452911,
0.806896298159713,0.827099322197579,0.847624277917263,0.868943586278186,0.890884804682933,
0.91333297016697,0.9356978340275,0.95767404479464,0.979130362466464,1.),
.UNSPECIFIED.);
#1593=VERTEX_POINT('',#2345);
#1594=LINE('',#2346,#2347);
#1595=VERTEX_POINT('',#2349);
#1596=B_SPLINE_CURVE_WITH_KNOTS('',3,
(#2350,#2351,#2352,#2353,#2354,#2355,#2356,#2357,#2358,#2359,#2360,#2361,#2362,#2363,
#2364,#2365,#2366,#2367,#2368,#2369,#2370,#2371,#2372,#2373,#2374,#2375,#2376,#2377,
#2378),
.UNSPECIFIED.,.F.,.F.,
(4,1,1,1,1,1,1,1,1,1,1,1,1,1,1,1,1,1,1,1,1,1,1,1,1,1,4),
(0.,0.0242982578323052,0.0495889238623706,0.0757847470317336,0.102711574638193,0.129839623576001,
0.164642622791118,0.198028255431835,0.230211583151586,0.253157928179773,0.275557047605012,
0.29711864104108,0.318288826687407,0.344424648761908,0.3754425090622,0.405379408782241,
0.428796527742458,0.446262609750396,0.46382647463097,0.492867516433324,0.539812791020926,
0.610958426283644,0.694971884336596,0.782687411210779,0.863936343116039,0.93548606080142,
1.),
.UNSPECIFIED.);
#1597=CIRCLE('',#2379,0.251039213593485);
#1598=VERTEX_POINT('',#2383);
#1599=VERTEX_POINT('',#2384);
#1600=B_SPLINE_CURVE_WITH_KNOTS('',3,
(#2385,#2386,#2387,#2388,#2389,#2390,#2391),
.UNSPECIFIED.,.F.,.F.,
(4,1,1,1,4),
(0.,0.340000612954771,0.668552017183904,0.886804374490998,1.),
.UNSPECIFIED.);
#1601=LINE('',#2392,#2393);
#1602=VERTEX_POINT('',#2395);
#1603=LINE('',#2396,#2397);
#1604=VERTEX_POINT('',#2399);
#1605=B_SPLINE_CURVE_WITH_KNOTS('',3,
(#2400,#2401,#2402,#2403,#2404,#2405,#2406),
.UNSPECIFIED.,.F.,.F.,
(4,1,1,1,4),
(0.,0.29728116839227,0.600097825240106,0.836175561847592,1.),
.UNSPECIFIED.);
#1606=VERTEX_POINT('',#2407);
#1607=CIRCLE('',#2408,0.451039213593485);
#1608=VERTEX_POINT('',#2412);
#1609=LINE('',#2413,#2414);
#1610=CIRCLE('',#2416,0.451039213593485);
#1611=VERTEX_POINT('',#2420);
#1612=LINE('',#2421,#2422);
#1613=VERTEX_POINT('',#2424);
#1614=CIRCLE('',#2425,0.6096);
#1615=VERTEX_POINT('',#2429);
#1616=CIRCLE('',#2430,0.6096);
#1617=LINE('',#2434,#2435);
#1618=LINE('',#2437,#2438);
#1619=VERTEX_POINT('',#2440);
#1620=B_SPLINE_CURVE_WITH_KNOTS('',3,
(#2441,#2442,#2443,#2444,#2445,#2446,#2447,#2448,#2449,#2450,#2451,#2452),
.UNSPECIFIED.,.F.,.F.,
(4,2,2,2,2,4),
(0.,0.204655049239125,0.421700534458257,0.654346056068249,0.905473806810919,1.),
.UNSPECIFIED.);
#1621=LINE('',#2453,#2454);
#1622=LINE('',#2456,#2457);
#1623=VERTEX_POINT('',#2459);
#1624=LINE('',#2460,#2461);
#1625=B_SPLINE_CURVE_WITH_KNOTS('',3,
(#2463,#2464,#2465,#2466,#2467,#2468,#2469,#2470,#2471,#2472,#2473,#2474),
.UNSPECIFIED.,.F.,.F.,
(4,2,2,2,2,4),
(0.,0.277477458324507,0.534238691792001,0.770518769822917,0.989309113709484,1.),
.UNSPECIFIED.);
#1626=B_SPLINE_CURVE_WITH_KNOTS('',3,
(#2475,#2476,#2477,#2478,#2479,#2480,#2481),
.UNSPECIFIED.,.F.,.F.,
(4,1,1,1,4),
(0.,0.25161608520232,0.5,0.752175179747112,1.),
.UNSPECIFIED.);
#1627=CIRCLE('',#2482,0.254);
#1628=(BOUNDED_CURVE()B_SPLINE_CURVE(3,
(#2486,#2487,#2488,#2489),
.UNSPECIFIED.,.F.,.F.)B_SPLINE_CURVE_WITH_KNOTS((4,4),
(0.,1.),
.UNSPECIFIED.)CURVE()GEOMETRIC_REPRESENTATION_ITEM()RATIONAL_B_SPLINE_CURVE((1.,
0.881825166261413,0.881825166261413,1.))REPRESENTATION_ITEM(''));
#1629=CIRCLE('',#2490,0.254);
#1630=(BOUNDED_CURVE()B_SPLINE_CURVE(3,
(#2494,#2495,#2496,#2497),
.UNSPECIFIED.,.F.,.F.)B_SPLINE_CURVE_WITH_KNOTS((4,4),
(0.,1.),
.UNSPECIFIED.)CURVE()GEOMETRIC_REPRESENTATION_ITEM()RATIONAL_B_SPLINE_CURVE((1.,
0.881825166261467,0.881825166261467,1.))REPRESENTATION_ITEM(''));
#1631=LINE('',#2498,#2499);
#1632=VERTEX_POINT('',#2501);
#1633=VERTEX_POINT('',#2502);
#1634=LINE('',#2503,#2504);
#1635=VERTEX_POINT('',#2506);
#1636=CIRCLE('',#2507,1.37988102434594);
#1637=VERTEX_POINT('',#2511);
#1638=B_SPLINE_CURVE_WITH_KNOTS('',3,
(#2512,#2513,#2514,#2515,#2516,#2517,#2518,#2519,#2520,#2521,#2522,#2523,#2524,#2525,
#2526,#2527,#2528,#2529,#2530),
.UNSPECIFIED.,.F.,.F.,
(4,1,1,1,1,1,1,1,1,1,1,1,1,1,1,1,4),
(0.,0.0584613146388869,0.116927329174158,0.175572242320866,0.235034758798933,0.295203819366833,
0.357332078830929,0.421099310528852,0.487482654408141,0.555431863368696,0.624649836130656,
0.693729238476259,0.761133838942707,0.8263437094175,0.887540980721636,0.945481139937182,
1.),
.UNSPECIFIED.);
#1639=VERTEX_POINT('',#2531);
#1640=B_SPLINE_CURVE_WITH_KNOTS('',3,
(#2532,#2533,#2534,#2535,#2536,#2537,#2538,#2539,#2540,#2541,#2542,#2543,#2544,#2545,
#2546,#2547,#2548,#2549),
.UNSPECIFIED.,.F.,.F.,
(4,1,1,1,1,1,1,1,1,1,1,1,1,1,1,4),
(0.,0.127839294629568,0.228485181632416,0.301185503275834,0.372911010511653,0.441634635481905,
0.508452237604568,0.572229922392093,0.635002515241788,0.694358612926524,0.751321607943589,
0.804591585260138,0.8564836532421,0.905712388902837,0.953531496253244,1.),
.UNSPECIFIED.);
#1641=VERTEX_POINT('',#2550);
#1642=CIRCLE('',#2551,1.37988102434594);
#1643=VERTEX_POINT('',#2555);
#1644=B_SPLINE_CURVE_WITH_KNOTS('',3,
(#2556,#2557,#2558,#2559,#2560,#2561,#2562),
.UNSPECIFIED.,.F.,.F.,
(4,1,1,1,4),
(0.,0.249932631722728,0.5,0.750069421645373,1.),
.UNSPECIFIED.);
#1645=VERTEX_POINT('',#2563);
#1646=B_SPLINE_CURVE_WITH_KNOTS('',3,
(#2564,#2565,#2566,#2567,#2568,#2569,#2570,#2571,#2572,#2573,#2574,#2575,#2576,#2577,
#2578,#2579,#2580,#2581,#2582,#2583,#2584,#2585,#2586,#2587,#2588,#2589,#2590,#2591,
#2592,#2593,#2594,#2595,#2596,#2597,#2598,#2599,#2600,#2601,#2602,#2603,#2604,#2605,
#2606,#2607,#2608,#2609,#2610,#2611,#2612,#2613),
.UNSPECIFIED.,.F.,.F.,
(4,1,1,1,1,1,1,1,1,1,1,1,1,1,1,1,1,1,1,1,1,1,1,1,1,1,1,1,1,1,1,1,1,1,1,1,1,1,1,1,
1,1,1,1,1,1,1,4),
(0.,0.00887225834936813,0.0170859332532812,0.024784647309205,0.0317689287698024,
0.0382511208892622,0.0442131315740322,0.05037243305893,0.0573964593996308,0.0646659017473743,
0.0720432455793469,0.0798046400537998,0.0881923403037315,0.0969196658355635,0.10555217366248,
0.113550786284707,0.119847827780834,0.124581341142261,0.128622142649459,0.13385782402073,
0.142836686786314,0.155740642257139,0.175602509686352,0.200021165939258,0.226460031935204,
0.250898922784787,0.273348409671985,0.294191172247189,0.311856134338105,0.326418322964763,
0.344370773698935,0.363104932863284,0.383183985833403,0.402205799229474,0.424262891987783,
0.450796047880952,0.480257668093127,0.524967956778676,0.593492397456388,0.68036287212214,
0.759563105347964,0.821722671066746,0.87075006941932,0.907296318916723,0.937900189510336,
0.961629424004361,0.982196648295718,1.),
.UNSPECIFIED.);
#1647=VERTEX_POINT('',#2614);
#1648=CIRCLE('',#2615,1.37988102434594);
#1649=VERTEX_POINT('',#2619);
#1650=LINE('',#2620,#2621);
#1651=CIRCLE('',#2623,1.37988102434594);
#1652=VERTEX_POINT('',#2627);
#1653=VERTEX_POINT('',#2628);
#1654=LINE('',#2629,#2630);
#1655=VERTEX_POINT('',#2632);
#1656=CIRCLE('',#2633,1.11485779386721);
#1657=VERTEX_POINT('',#2637);
#1658=B_SPLINE_CURVE_WITH_KNOTS('',3,
(#2638,#2639,#2640,#2641,#2642,#2643,#2644,#2645,#2646,#2647,#2648,#2649,#2650,#2651,
#2652,#2653,#2654,#2655,#2656),
.UNSPECIFIED.,.F.,.F.,
(4,1,1,1,1,1,1,1,1,1,1,1,1,1,1,1,4),
(0.,0.0471749606728638,0.0946397005759858,0.14226409765153,0.19046540321626,0.239019277845646,
0.288757429259327,0.339403015489407,0.391404983043025,0.443887191079868,0.496948376853252,
0.550024984418877,0.620080802116444,0.705687415835134,0.8061041589483,0.903734219885651,
1.),
.UNSPECIFIED.);
#1659=VERTEX_POINT('',#2657);
#1660=B_SPLINE_CURVE_WITH_KNOTS('',3,
(#2658,#2659,#2660,#2661,#2662,#2663,#2664,#2665,#2666,#2667,#2668,#2669,#2670,#2671,
#2672,#2673,#2674,#2675,#2676,#2677,#2678,#2679,#2680,#2681,#2682,#2683,#2684,#2685,
#2686,#2687,#2688,#2689,#2690,#2691,#2692,#2693,#2694,#2695,#2696,#2697,#2698,#2699,
#2700,#2701,#2702,#2703,#2704,#2705,#2706,#2707,#2708,#2709,#2710,#2711,#2712,#2713,
#2714,#2715,#2716,#2717,#2718,#2719,#2720,#2721,#2722,#2723,#2724,#2725,#2726),
.UNSPECIFIED.,.F.,.F.,
(4,1,1,1,1,1,1,1,1,1,1,1,1,1,1,1,1,1,1,1,1,1,1,1,1,1,1,1,1,1,1,1,1,1,1,1,1,1,1,1,
1,1,1,1,1,1,1,1,1,1,1,1,1,1,1,1,1,1,1,1,1,1,1,1,1,1,4),
(0.,0.00675823146436734,0.015946683892679,0.0252976605790453,0.0347964552423781,
0.0447475122487114,0.0575842614912709,0.0745607388633308,0.0902246455970003,0.104452447859944,
0.11659926387143,0.129366679206432,0.147467306879349,0.165846824004439,0.184448793087724,
0.203682854598187,0.223338919497403,0.243319052065843,0.264182778571332,0.295002036641894,
0.33612318119501,0.374549246378471,0.405778089852843,0.42721273698399,0.446371476099393,
0.467930643302408,0.488605627072924,0.508472813908758,0.522901257341991,0.537409327813383,
0.551958547336588,0.566469007334755,0.580847768832751,0.595125843501204,0.60916623324504,
0.623046719143105,0.64114304160114,0.658895108581684,0.67629853359338,0.68883898741977,
0.70124240719133,0.713288816129809,0.725116661355609,0.736654314166198,0.748106056793422,
0.759274492181663,0.770266489444567,0.78438872224134,0.798084903124092,0.811327902664539,
0.823700141915856,0.835640064431661,0.847209868472347,0.857943744036642,0.868315093206509,
0.878312842315406,0.887776302009716,0.897670275811916,0.908023762855109,0.918996185957466,
0.932040056106521,0.94678530211532,0.960883469386358,0.974800373037777,0.986013156723802,
0.994441968894327,1.),
.UNSPECIFIED.);
#1661=VERTEX_POINT('',#2727);
#1662=B_SPLINE_CURVE_WITH_KNOTS('',3,
(#2728,#2729,#2730,#2731,#2732,#2733,#2734,#2735,#2736,#2737,#2738,#2739,#2740,#2741,
#2742,#2743,#2744,#2745,#2746,#2747),
.UNSPECIFIED.,.F.,.F.,
(4,1,1,1,1,1,1,1,1,1,1,1,1,1,1,1,1,4),
(0.,0.0507741353826941,0.11886115610697,0.204524009779953,0.308571539626275,0.396258627514634,
0.467202209785877,0.520403850256226,0.573384315285617,0.62543693667229,0.676816274363739,
0.726375521908218,0.774663583382257,0.821154773223365,0.867050182081841,0.911855857328592,
0.956169229688958,1.),
.UNSPECIFIED.);
#1663=VERTEX_POINT('',#2748);
#1664=CIRCLE('',#2749,1.11485779386721);
#1665=VERTEX_POINT('',#2753);
#1666=LINE('',#2754,#2755);
#1667=CIRCLE('',#2757,1.11485779386721);
#1668=LINE('',#2761,#2762);
#1669=LINE('',#2764,#2765);
#1670=VERTEX_POINT('',#2767);
#1671=LINE('',#2768,#2769);
#1672=LINE('',#2771,#2772);
#1673=LINE('',#2774,#2775);
#1674=LINE('',#2777,#2778);
#1675=VERTEX_POINT('',#2780);
#1676=LINE('',#2781,#2782);
#1677=LINE('',#2784,#2785);
#1678=LINE('',#2787,#2788);
#1679=VERTEX_POINT('',#2790);
#1680=VERTEX_POINT('',#2791);
#1681=CIRCLE('',#2792,0.6096);
#1682=VERTEX_POINT('',#2796);
#1683=LINE('',#2797,#2798);
#1684=VERTEX_POINT('',#2800);
#1685=LINE('',#2801,#2802);
#1686=VERTEX_POINT('',#2804);
#1687=LINE('',#2805,#2806);
#1688=CIRCLE('',#2808,0.6096);
#1689=VERTEX_POINT('',#2812);
#1690=CIRCLE('',#2813,0.251039213593485);
#1691=VERTEX_POINT('',#2817);
#1692=CIRCLE('',#2818,0.251039213593485);
#1693=VERTEX_POINT('',#2822);
#1694=B_SPLINE_CURVE_WITH_KNOTS('',3,
(#2823,#2824,#2825,#2826,#2827,#2828,#2829,#2830,#2831,#2832,#2833,#2834,#2835,#2836,
#2837,#2838,#2839,#2840,#2841,#2842,#2843,#2844,#2845,#2846,#2847,#2848,#2849,#2850,
#2851),
.UNSPECIFIED.,.F.,.F.,
(4,1,1,1,1,1,1,1,1,1,1,1,1,1,1,1,1,1,1,1,1,1,1,1,1,1,4),
(0.,0.0242982578445921,0.049588923885343,0.0757847470635675,0.102711574675979,0.129839623617957,
0.164642622836041,0.19802825548045,0.230211583204454,0.253157928235878,0.275557047663999,
0.297118641101067,0.318288826746477,0.344424648817018,0.375442509111156,0.405379408824162,
0.428796527778088,0.446262609780952,0.463826474656471,0.492867516452091,0.539812791032369,
0.610958426288223,0.694971884337743,0.782687411210785,0.863936343116045,0.935486060801416,
1.),
.UNSPECIFIED.);
#1695=LINE('',#2852,#2853);
#1696=B_SPLINE_CURVE_WITH_KNOTS('',3,
(#2855,#2856,#2857,#2858,#2859,#2860,#2861,#2862,#2863,#2864,#2865,#2866,#2867,#2868,
#2869,#2870,#2871,#2872,#2873,#2874,#2875,#2876,#2877,#2878,#2879,#2880),
.UNSPECIFIED.,.F.,.F.,
(4,1,1,1,1,1,1,1,1,1,1,1,1,1,1,1,1,1,1,1,1,1,1,4),
(0.,0.0389008812345319,0.0809404899253675,0.130574281876143,0.193185579368002,0.269055075318553,
0.352715615271926,0.435211153838562,0.508799430507373,0.562663743359788,0.599690406665877,
0.631153105255535,0.670006738442087,0.709046474825787,0.74218021050713,0.76858055075538,
0.794987890506183,0.822128024181303,0.85007323661592,0.879545026333095,0.909868200885476,
0.940539475795702,0.970672306732673,1.),
.UNSPECIFIED.);
#1697=VERTEX_POINT('',#2881);
#1698=VERTEX_POINT('',#2882);
#1699=B_SPLINE_CURVE_WITH_KNOTS('',3,
(#2883,#2884,#2885,#2886,#2887,#2888,#2889),
.UNSPECIFIED.,.F.,.F.,
(4,1,1,1,4),
(0.,0.340000612954771,0.668552017183906,0.886804374491036,1.),
.UNSPECIFIED.);
#1700=VERTEX_POINT('',#2890);
#1701=CIRCLE('',#2891,0.451039213593484);
#1702=VERTEX_POINT('',#2895);
#1703=LINE('',#2896,#2897);
#1704=VERTEX_POINT('',#2899);
#1705=CIRCLE('',#2900,0.451039213593484);
#1706=VERTEX_POINT('',#2904);
#1707=B_SPLINE_CURVE_WITH_KNOTS('',3,
(#2905,#2906,#2907,#2908,#2909,#2910,#2911),
.UNSPECIFIED.,.F.,.F.,
(4,1,1,1,4),
(0.,0.297281168392258,0.600097825240091,0.836175561847589,1.),
.UNSPECIFIED.);
#1708=LINE('',#2912,#2913);
#1709=LINE('',#2915,#2916);
#1710=VERTEX_POINT('',#2918);
#1711=LINE('',#2919,#2920);
#1712=VERTEX_POINT('',#2922);
#1713=LINE('',#2923,#2924);
#1714=VERTEX_POINT('',#2926);
#1715=CIRCLE('',#2927,0.6096);
#1716=CIRCLE('',#2931,0.6096);
#1717=VERTEX_POINT('',#2935);
#1718=LINE('',#2936,#2937);
#1719=B_SPLINE_CURVE_WITH_KNOTS('',3,
(#2939,#2940,#2941,#2942,#2943,#2944,#2945,#2946,#2947,#2948,#2949,#2950),
.UNSPECIFIED.,.F.,.F.,
(4,2,2,2,2,4),
(0.,0.204655049239116,0.421700534458242,0.654346056068233,0.905473806810906,1.),
.UNSPECIFIED.);
#1720=LINE('',#2951,#2952);
#1721=VERTEX_POINT('',#2954);
#1722=B_SPLINE_CURVE_WITH_KNOTS('',3,
(#2955,#2956,#2957,#2958,#2959,#2960,#2961,#2962,#2963,#2964,#2965,#2966),
.UNSPECIFIED.,.F.,.F.,
(4,2,2,2,2,4),
(0.,0.277477458324503,0.534238691792001,0.770518769822924,0.989309113709498,1.),
.UNSPECIFIED.);
#1723=LINE('',#2967,#2968);
#1724=LINE('',#2970,#2971);
#1725=CIRCLE('',#2973,0.254);
#1726=B_SPLINE_CURVE_WITH_KNOTS('',3,
(#2977,#2978,#2979,#2980,#2981,#2982,#2983),
.UNSPECIFIED.,.F.,.F.,
(4,1,1,1,4),
(0.,0.251616085229298,0.5,0.752175179718208,1.),
.UNSPECIFIED.);
#1727=(BOUNDED_CURVE()B_SPLINE_CURVE(3,
(#2984,#2985,#2986,#2987),
.UNSPECIFIED.,.F.,.F.)B_SPLINE_CURVE_WITH_KNOTS((4,4),
(0.,1.),
.UNSPECIFIED.)CURVE()GEOMETRIC_REPRESENTATION_ITEM()RATIONAL_B_SPLINE_CURVE((1.,
0.881825166261414,0.881825166261414,1.))REPRESENTATION_ITEM(''));
#1728=CIRCLE('',#2988,0.254);
#1729=(BOUNDED_CURVE()B_SPLINE_CURVE(3,
(#2992,#2993,#2994,#2995),
.UNSPECIFIED.,.F.,.F.)B_SPLINE_CURVE_WITH_KNOTS((4,4),
(0.,1.),
.UNSPECIFIED.)CURVE()GEOMETRIC_REPRESENTATION_ITEM()RATIONAL_B_SPLINE_CURVE((1.,
0.881825166261467,0.881825166261467,1.))REPRESENTATION_ITEM(''));
#1730=LINE('',#2996,#2997);
#1731=CARTESIAN_POINT('',(1.37988102434594,0.5969,0.1524));
#1732=CARTESIAN_POINT('',(-0.658482818285809,-0.615730207182875,0.1524));
#1733=AXIS2_PLACEMENT_3D('',#1734,#1735,#1736);
#1734=CARTESIAN_POINT('',(0.,0.5969,0.1524));
#1735=DIRECTION('',(0.,0.,1.));
#1736=DIRECTION('',(1.,0.,0.));
#1737=CARTESIAN_POINT('',(-0.658482818285809,-0.615730207182875,-0.3556));
#1738=CARTESIAN_POINT('',(-0.658482818285809,-0.615730207182875,-0.3556));
#1739=VECTOR('',#1740,1.);
#1740=DIRECTION('',(0.,0.,1.));
#1741=CARTESIAN_POINT('',(0.658482818285809,-0.615730207182876,-0.3556));
#1742=AXIS2_PLACEMENT_3D('',#1743,#1744,#1745);
#1743=CARTESIAN_POINT('',(0.,0.5969,-0.3556));
#1744=DIRECTION('',(0.,0.,1.));
#1745=DIRECTION('',(-0.477202604186783,-0.878793305935675,0.));
#1746=CARTESIAN_POINT('',(0.658482818285809,-0.615730207182876,0.1524));
#1747=CARTESIAN_POINT('',(0.658482818285809,-0.615730207182876,-0.3556));
#1748=VECTOR('',#1749,1.);
#1749=DIRECTION('',(0.,0.,1.));
#1750=AXIS2_PLACEMENT_3D('',#1751,#1752,#1753);
#1751=CARTESIAN_POINT('',(0.,0.5969,0.1524));
#1752=DIRECTION('',(0.,0.,1.));
#1753=DIRECTION('',(0.477202604186783,-0.878793305935675,0.));
#1754=CARTESIAN_POINT('',(0.658482818285809,-0.615730207182876,-5.2324));
#1755=CARTESIAN_POINT('',(1.37988102434594,0.5969,-5.2324));
#1756=AXIS2_PLACEMENT_3D('',#1757,#1758,#1759);
#1757=CARTESIAN_POINT('',(0.,0.5969,-5.2324));
#1758=DIRECTION('',(0.,0.,1.));
#1759=DIRECTION('',(0.477202604186783,-0.878793305935675,0.));
#1760=CARTESIAN_POINT('',(0.658482818285809,-0.615730207182876,-4.7244));
#1761=CARTESIAN_POINT('',(0.658482818285809,-0.615730207182876,-4.7244));
#1762=VECTOR('',#1763,1.);
#1763=DIRECTION('',(0.,0.,-1.));
#1764=CARTESIAN_POINT('',(-0.658482818285809,-0.615730207182875,-4.7244));
#1765=AXIS2_PLACEMENT_3D('',#1766,#1767,#1768);
#1766=CARTESIAN_POINT('',(0.,0.5969,-4.7244));
#1767=DIRECTION('',(0.,0.,1.));
#1768=DIRECTION('',(-0.477202604186783,-0.878793305935675,0.));
#1769=CARTESIAN_POINT('',(-0.658482818285809,-0.615730207182875,-5.2324));
#1770=CARTESIAN_POINT('',(-0.658482818285809,-0.615730207182875,-4.7244));
#1771=VECTOR('',#1772,1.);
#1772=DIRECTION('',(0.,0.,-1.));
#1773=AXIS2_PLACEMENT_3D('',#1774,#1775,#1776);
#1774=CARTESIAN_POINT('',(0.,0.5969,-5.2324));
#1775=DIRECTION('',(0.,0.,1.));
#1776=DIRECTION('',(1.,0.,0.));
#1777=CARTESIAN_POINT('',(-0.658482818285809,-2.0828,-4.9784));
#1778=CARTESIAN_POINT('',(0.658482818285809,-2.0828,-4.9784));
#1779=CARTESIAN_POINT('',(-0.658482818285809,-2.0828,-4.9784));
#1780=VECTOR('',#1781,1.);
#1781=DIRECTION('',(1.,3.3720637617101E-16,0.));
#1782=CARTESIAN_POINT('',(0.658482818285809,-2.0828,-5.2324));
#1783=CARTESIAN_POINT('',(0.65848281828581,-2.0828,-4.9784));
#1784=VECTOR('',#1785,1.);
#1785=DIRECTION('',(0.,0.,-1.));
#1786=CARTESIAN_POINT('',(1.0795,-2.0828,-5.2324));
#1787=CARTESIAN_POINT('',(0.65848281828581,-2.0828,-5.2324));
#1788=VECTOR('',#1789,1.);
#1789=DIRECTION('',(1.,1.0548006806799E-15,0.));
#1790=CARTESIAN_POINT('',(1.0795,-2.0828,0.1524));
#1791=CARTESIAN_POINT('',(1.0795,-2.0828,-5.2324));
#1792=VECTOR('',#1793,1.);
#1793=DIRECTION('',(0.,0.,1.));
#1794=CARTESIAN_POINT('',(0.658482818285809,-2.0828,0.1524));
#1795=CARTESIAN_POINT('',(0.65848281828581,-2.0828,0.1524));
#1796=VECTOR('',#1797,1.);
#1797=DIRECTION('',(1.,1.0548006806799E-15,0.));
#1798=CARTESIAN_POINT('',(0.658482818285809,-2.0828,-0.1016));
#1799=CARTESIAN_POINT('',(0.65848281828581,-2.0828,-0.1016));
#1800=VECTOR('',#1801,1.);
#1801=DIRECTION('',(0.,0.,1.));
#1802=CARTESIAN_POINT('',(-0.658482818285809,-2.0828,-0.1016));
#1803=CARTESIAN_POINT('',(-0.658482818285809,-2.0828,-0.1016));
#1804=VECTOR('',#1805,1.);
#1805=DIRECTION('',(1.,3.3720637617101E-16,0.));
#1806=CARTESIAN_POINT('',(-0.658482818285809,-2.0828,0.1524));
#1807=CARTESIAN_POINT('',(-0.658482818285809,-2.0828,-0.1016));
#1808=VECTOR('',#1809,1.);
#1809=DIRECTION('',(0.,0.,1.));
#1810=CARTESIAN_POINT('',(-1.0795,-2.0828,0.1524));
#1811=CARTESIAN_POINT('',(-1.0795,-2.0828,0.1524));
#1812=VECTOR('',#1813,1.);
#1813=DIRECTION('',(1.,1.0548006806799E-15,0.));
#1814=CARTESIAN_POINT('',(-1.0795,-2.0828,-5.2324));
#1815=CARTESIAN_POINT('',(-1.0795,-2.0828,-5.2324));
#1816=VECTOR('',#1817,1.);
#1817=DIRECTION('',(0.,0.,1.));
#1818=CARTESIAN_POINT('',(-0.658482818285809,-2.0828,-5.2324));
#1819=CARTESIAN_POINT('',(-1.0795,-2.0828,-5.2324));
#1820=VECTOR('',#1821,1.);
#1821=DIRECTION('',(1.,1.0548006806799E-15,0.));
#1822=CARTESIAN_POINT('',(-0.658482818285809,-2.0828,-4.9784));
#1823=VECTOR('',#1824,1.);
#1824=DIRECTION('',(0.,0.,-1.));
#1825=CARTESIAN_POINT('',(0.658482818285809,-2.0828,-5.2324));
#1826=VECTOR('',#1827,1.);
#1827=DIRECTION('',(7.56762241347267E-17,1.,0.));
#1828=CARTESIAN_POINT('',(-0.65848281828581,-0.615730207182875,-5.2324));
#1829=VECTOR('',#1830,1.);
#1830=DIRECTION('',(0.,-1.,6.05409793077813E-16));
#1831=CARTESIAN_POINT('',(-1.0795,-2.5781,-5.2324));
#1832=CARTESIAN_POINT('',(-1.0795,-2.5781,-5.2324));
#1833=VECTOR('',#1834,1.);
#1834=DIRECTION('',(0.,1.,-1.793213041995E-15));
#1835=CARTESIAN_POINT('',(-1.8669,-2.5781,-5.2324));
#1836=CARTESIAN_POINT('',(-1.8669,-2.5781,-5.2324));
#1837=VECTOR('',#1838,1.);
#1838=DIRECTION('',(1.,0.,0.));
#1839=CARTESIAN_POINT('',(-1.8669,1.81609999999999,-5.2324));
#1840=CARTESIAN_POINT('',(-1.8669,1.81609999999999,-5.2324));
#1841=VECTOR('',#1842,1.);
#1842=DIRECTION('',(0.,-1.,0.));
#1843=CARTESIAN_POINT('',(-1.10489999999999,2.5781,-5.2324));
#1844=AXIS2_PLACEMENT_3D('',#1845,#1846,#1847);
#1845=CARTESIAN_POINT('',(-1.1049,1.8161,-5.2324));
#1846=DIRECTION('',(0.,0.,1.));
#1847=DIRECTION('',(6.99353086378051E-15,1.,0.));
#1848=CARTESIAN_POINT('',(1.10489999999999,2.5781,-5.2324));
#1849=CARTESIAN_POINT('',(1.10489999999999,2.5781,-5.2324));
#1850=VECTOR('',#1851,1.);
#1851=DIRECTION('',(-1.,0.,4.01927061136813E-16));
#1852=CARTESIAN_POINT('',(1.8669,1.81609999999999,-5.2324));
#1853=AXIS2_PLACEMENT_3D('',#1854,#1855,#1856);
#1854=CARTESIAN_POINT('',(1.1049,1.8161,-5.2324));
#1855=DIRECTION('',(0.,0.,1.));
#1856=DIRECTION('',(1.,-6.70213374445632E-15,0.));
#1857=CARTESIAN_POINT('',(1.8669,-2.5781,-5.2324));
#1858=CARTESIAN_POINT('',(1.8669,-2.5781,-5.2324));
#1859=VECTOR('',#1860,1.);
#1860=DIRECTION('',(0.,1.,-2.02125169473425E-16));
#1861=CARTESIAN_POINT('',(1.0795,-2.5781,-5.2324));
#1862=CARTESIAN_POINT('',(1.0795,-2.5781,-5.2324));
#1863=VECTOR('',#1864,1.);
#1864=DIRECTION('',(1.,-5.6399442449843E-16,1.12798884899686E-15));
#1865=CARTESIAN_POINT('',(1.0795,-2.0828,-5.2324));
#1866=VECTOR('',#1867,1.);
#1867=DIRECTION('',(1.793213041995E-15,-1.,0.));
#1868=CARTESIAN_POINT('',(-1.0795,-2.5781,0.1524));
#1869=CARTESIAN_POINT('',(-1.0795,-2.5781,0.1524));
#1870=VECTOR('',#1871,1.);
#1871=DIRECTION('',(0.,1.,0.));
#1872=CARTESIAN_POINT('',(-1.0795,-2.5781,-5.2324));
#1873=VECTOR('',#1874,1.);
#1874=DIRECTION('',(0.,0.,1.));
#1875=CARTESIAN_POINT('',(-1.8669,-2.5781,0.1524));
#1876=CARTESIAN_POINT('',(-1.8669,-2.5781,0.1524));
#1877=VECTOR('',#1878,1.);
#1878=DIRECTION('',(1.,0.,0.));
#1879=CARTESIAN_POINT('',(-1.8669,-2.5781,-5.2324));
#1880=VECTOR('',#1881,1.);
#1881=DIRECTION('',(0.,0.,1.));
#1882=CARTESIAN_POINT('',(-1.8669,1.81609999999999,0.1524));
#1883=CARTESIAN_POINT('',(-1.8669,1.81609999999999,0.1524));
#1884=VECTOR('',#1885,1.);
#1885=DIRECTION('',(0.,-1.,0.));
#1886=CARTESIAN_POINT('',(-1.8669,1.81609999999999,-5.2324));
#1887=VECTOR('',#1888,1.);
#1888=DIRECTION('',(0.,0.,1.));
#1889=CARTESIAN_POINT('',(-1.10489999999999,2.5781,0.1524));
#1890=AXIS2_PLACEMENT_3D('',#1891,#1892,#1893);
#1891=CARTESIAN_POINT('',(-1.1049,1.8161,0.1524));
#1892=DIRECTION('',(0.,0.,1.));
#1893=DIRECTION('',(6.99353086378051E-15,1.,0.));
#1894=CARTESIAN_POINT('',(-1.10489999999999,2.5781,-5.2324));
#1895=VECTOR('',#1896,1.);
#1896=DIRECTION('',(0.,0.,1.));
#1897=CARTESIAN_POINT('',(1.10489999999999,2.5781,0.1524));
#1898=CARTESIAN_POINT('',(1.10489999999999,2.5781,0.1524));
#1899=VECTOR('',#1900,1.);
#1900=DIRECTION('',(-1.,0.,0.));
#1901=CARTESIAN_POINT('',(1.10489999999999,2.5781,-5.2324));
#1902=VECTOR('',#1903,1.);
#1903=DIRECTION('',(0.,0.,1.));
#1904=CARTESIAN_POINT('',(1.8669,1.81609999999999,0.1524));
#1905=AXIS2_PLACEMENT_3D('',#1906,#1907,#1908);
#1906=CARTESIAN_POINT('',(1.1049,1.8161,0.1524));
#1907=DIRECTION('',(0.,0.,1.));
#1908=DIRECTION('',(1.,-6.70213374445632E-15,0.));
#1909=CARTESIAN_POINT('',(1.8669,1.81609999999999,-5.2324));
#1910=VECTOR('',#1911,1.);
#1911=DIRECTION('',(0.,0.,1.));
#1912=CARTESIAN_POINT('',(1.8669,-2.5781,0.1524));
#1913=CARTESIAN_POINT('',(1.8669,-2.5781,0.1524));
#1914=VECTOR('',#1915,1.);
#1915=DIRECTION('',(0.,1.,0.));
#1916=CARTESIAN_POINT('',(1.8669,-2.5781,-5.2324));
#1917=VECTOR('',#1918,1.);
#1918=DIRECTION('',(0.,0.,1.));
#1919=CARTESIAN_POINT('',(1.0795,-2.5781,0.1524));
#1920=CARTESIAN_POINT('',(1.0795,-2.5781,0.1524));
#1921=VECTOR('',#1922,1.);
#1922=DIRECTION('',(1.,-5.6399442449843E-16,0.));
#1923=CARTESIAN_POINT('',(1.0795,-2.5781,-5.2324));
#1924=VECTOR('',#1925,1.);
#1925=DIRECTION('',(0.,-8.24708828276004E-17,1.));
#1926=CARTESIAN_POINT('',(1.0795,-2.0828,0.1524));
#1927=VECTOR('',#1928,1.);
#1928=DIRECTION('',(1.793213041995E-15,-1.,0.));
#1929=CARTESIAN_POINT('',(-0.65848281828581,-0.615730207182875,0.1524));
#1930=VECTOR('',#1931,1.);
#1931=DIRECTION('',(0.,-1.,0.));
#1932=CARTESIAN_POINT('',(0.658482818285809,-2.0828,0.1524));
#1933=VECTOR('',#1934,1.);
#1934=DIRECTION('',(7.56762241347267E-17,1.,0.));
#1935=CARTESIAN_POINT('',(-0.658482818285809,-1.14681298501296,-0.1016));
#1936=CARTESIAN_POINT('',(-0.658482818285809,-1.14681298501296,-0.1016));
#1937=VECTOR('',#1938,1.);
#1938=DIRECTION('',(0.,-1.,0.));
#1939=CARTESIAN_POINT('',(-0.658482818285809,-1.14681298501296,-0.3556));
#1940=CARTESIAN_POINT('',(-0.658482818285809,-1.14681298501296,-0.3556));
#1941=VECTOR('',#1942,1.);
#1942=DIRECTION('',(0.,0.,1.));
#1943=CARTESIAN_POINT('',(-0.658482818285809,-0.615730207182875,-0.3556));
#1944=VECTOR('',#1945,1.);
#1945=DIRECTION('',(-2.0904896015671E-16,-1.,0.));
#1946=CARTESIAN_POINT('',(0.658482818285809,-1.14681298501296,-0.3556));
#1947=CARTESIAN_POINT('',(0.658482818285809,-1.14681298501296,-0.3556));
#1948=VECTOR('',#1949,1.);
#1949=DIRECTION('',(-2.0904896015671E-16,1.,0.));
#1950=CARTESIAN_POINT('',(0.658482818285809,-1.14681298501296,-0.1016));
#1951=CARTESIAN_POINT('',(0.658482818285809,-1.14681298501296,-0.3556));
#1952=VECTOR('',#1953,1.);
#1953=DIRECTION('',(0.,0.,1.));
#1954=CARTESIAN_POINT('',(0.658482818285809,-2.0828,-0.1016));
#1955=VECTOR('',#1956,1.);
#1956=DIRECTION('',(0.,1.,0.));
#1957=CARTESIAN_POINT('',(-0.658482818285809,-1.14681298501296,-0.1016));
#1958=VECTOR('',#1959,1.);
#1959=DIRECTION('',(1.,0.,0.));
#1960=CARTESIAN_POINT('',(-0.658482818285809,-1.14681298501296,-0.3556));
#1961=VECTOR('',#1962,1.);
#1962=DIRECTION('',(1.,0.,0.));
#1963=CARTESIAN_POINT('',(-0.658482818285809,-1.14681298501296,-4.9784));
#1964=CARTESIAN_POINT('',(-0.658482818285809,-1.14681298501296,-4.9784));
#1965=VECTOR('',#1966,1.);
#1966=DIRECTION('',(0.,-1.,-9.48921732330251E-16));
#1967=CARTESIAN_POINT('',(0.658482818285809,-1.14681298501296,-4.9784));
#1968=CARTESIAN_POINT('',(-0.658482818285809,-1.14681298501296,-4.9784));
#1969=VECTOR('',#1970,1.);
#1970=DIRECTION('',(1.,0.,0.));
#1971=CARTESIAN_POINT('',(0.658482818285809,-2.0828,-4.9784));
#1972=VECTOR('',#1973,1.);
#1973=DIRECTION('',(0.,1.,0.));
#1974=CARTESIAN_POINT('',(0.658482818285809,-1.14681298501296,-4.7244));
#1975=CARTESIAN_POINT('',(0.658482818285809,-1.14681298501296,-4.7244));
#1976=VECTOR('',#1977,1.);
#1977=DIRECTION('',(0.,0.,-1.));
#1978=CARTESIAN_POINT('',(0.658482818285809,-1.14681298501296,-4.7244));
#1979=VECTOR('',#1980,1.);
#1980=DIRECTION('',(-2.0904896015671E-16,1.,0.));
#1981=CARTESIAN_POINT('',(-0.658482818285809,-1.14681298501296,-4.7244));
#1982=CARTESIAN_POINT('',(-0.658482818285809,-0.615730207182875,-4.7244));
#1983=VECTOR('',#1984,1.);
#1984=DIRECTION('',(-2.0904896015671E-16,-1.,0.));
#1985=CARTESIAN_POINT('',(-0.658482818285809,-1.14681298501296,-4.7244));
#1986=VECTOR('',#1987,1.);
#1987=DIRECTION('',(0.,0.,-1.));
#1988=CARTESIAN_POINT('',(-0.658482818285809,-1.14681298501296,-4.7244));
#1989=VECTOR('',#1990,1.);
#1990=DIRECTION('',(1.,0.,0.));
#1991=CARTESIAN_POINT('',(0.330360214188049,1.9366513837394,-1.5748));
#1992=CARTESIAN_POINT('',(0.330360214188049,1.9366513837394,-0.3556));
#1993=CARTESIAN_POINT('',(0.330360214188049,1.9366513837394,-1.5748));
#1994=VECTOR('',#1995,1.);
#1995=DIRECTION('',(0.,0.,1.));
#1996=CARTESIAN_POINT('',(0.8636,-0.479327987626231,-0.3556));
#1997=AXIS2_PLACEMENT_3D('',#1998,#1999,#2000);
#1998=CARTESIAN_POINT('',(0.,0.5969,-0.3556));
#1999=DIRECTION('',(0.,0.,1.));
#2000=DIRECTION('',(0.625851058723952,-0.779942595512073,0.));
#2001=CARTESIAN_POINT('',(0.717043724777511,-0.582048657960643,-0.352275963885903));
#2002=CARTESIAN_POINT('',(0.71704056277776,-0.582044407102627,-0.352277390650664));
#2003=CARTESIAN_POINT('',(0.717418583818113,-0.581813417882623,-0.352427600859583));
#2004=CARTESIAN_POINT('',(0.718165966033607,-0.581356760278093,-0.3527122087407));
#2005=CARTESIAN_POINT('',(0.71929678916384,-0.580666625249644,-0.353125102878082));
#2006=CARTESIAN_POINT('',(0.720373083439597,-0.580012253141923,-0.353526173668905));
#2007=CARTESIAN_POINT('',(0.721397143306315,-0.579388803588986,-0.353896992134652));
#2008=CARTESIAN_POINT('',(0.722364950838587,-0.578794944889109,-0.354208520955946));
#2009=CARTESIAN_POINT('',(0.723309535601179,-0.578219387934035,-0.354498765797237));
#2010=CARTESIAN_POINT('',(0.724308155166994,-0.57760012332561,-0.354773009043719));
#2011=CARTESIAN_POINT('',(0.725415999120725,-0.576897183043598,-0.354832827720997));
#2012=CARTESIAN_POINT('',(0.726605272047496,-0.576145356350473,-0.354881287496836));
#2013=CARTESIAN_POINT('',(0.727849907233957,-0.575364548362596,-0.355048791137858));
#2014=CARTESIAN_POINT('',(0.72917017597325,-0.574536542040828,-0.355163160585385));
#2015=CARTESIAN_POINT('',(0.730566232890989,-0.573666059776364,-0.355279350741644));
#2016=CARTESIAN_POINT('',(0.731993148335145,-0.572781672268636,-0.355381917718562));
#2017=CARTESIAN_POINT('',(0.733369354191915,-0.571933162410067,-0.355470044384212));
#2018=CARTESIAN_POINT('',(0.734577632531458,-0.571190059847024,-0.355535903888873));
#2019=CARTESIAN_POINT('',(0.735545983224015,-0.570593178369627,-0.355576691272199));
#2020=CARTESIAN_POINT('',(0.736287483467376,-0.570133769163139,-0.355598403968652));
#2021=CARTESIAN_POINT('',(0.736956565001156,-0.569711751848068,-0.355597091847679));
#2022=CARTESIAN_POINT('',(0.737807122764834,-0.569173742443766,-0.35559519729375));
#2023=CARTESIAN_POINT('',(0.739031011770149,-0.568398082387667,-0.355593682754501));
#2024=CARTESIAN_POINT('',(0.740861313800914,-0.567234736933035,-0.355592250750207));
#2025=CARTESIAN_POINT('',(0.743355340705572,-0.565643558641562,-0.355591545316298));
#2026=CARTESIAN_POINT('',(0.746612462498715,-0.563554776825526,-0.355591639633782));
#2027=CARTESIAN_POINT('',(0.750562429235759,-0.561004912361205,-0.355592571300293));
#2028=CARTESIAN_POINT('',(0.755117134028563,-0.558039963412212,-0.355594150416393));
#2029=CARTESIAN_POINT('',(0.759667074072912,-0.555051399644666,-0.355595930915944));
#2030=CARTESIAN_POINT('',(0.763882908972008,-0.552258320309005,-0.355597561857553));
#2031=CARTESIAN_POINT('',(0.767542451428493,-0.549815274609279,-0.355598845898238));
#2032=CARTESIAN_POINT('',(0.770936451419299,-0.547535824329433,-0.355599647989242));
#2033=CARTESIAN_POINT('',(0.774302327904838,-0.545261917882734,-0.355600269360391));
#2034=CARTESIAN_POINT('',(0.777849059428917,-0.542849732846514,-0.355600805638571));
#2035=CARTESIAN_POINT('',(0.781185859945253,-0.540564767191998,-0.355601285074915));
#2036=CARTESIAN_POINT('',(0.784416661476761,-0.538338821199273,-0.355601835369331));
#2037=CARTESIAN_POINT('',(0.787689617041014,-0.536070400038317,-0.355602597129641));
#2038=CARTESIAN_POINT('',(0.791115684196887,-0.53368091023293,-0.355603439508564));
#2039=CARTESIAN_POINT('',(0.795124626497294,-0.530866591044211,-0.355604397275093));
#2040=CARTESIAN_POINT('',(0.800214702259085,-0.527264287763221,-0.355605224422567));
#2041=CARTESIAN_POINT('',(0.806583487352906,-0.522707065543613,-0.355605377812313));
#2042=CARTESIAN_POINT('',(0.813972089481497,-0.517350952194597,-0.355604851554371));
#2043=CARTESIAN_POINT('',(0.822396100348906,-0.511148922469386,-0.355603794426285));
#2044=CARTESIAN_POINT('',(0.830659930010163,-0.504965370134796,-0.355602600448054));
#2045=CARTESIAN_POINT('',(0.838048075145155,-0.499354427428218,-0.355601605307803));
#2046=CARTESIAN_POINT('',(0.844554576001189,-0.49434751065813,-0.355600907773686));
#2047=CARTESIAN_POINT('',(0.850126115023107,-0.490011107732807,-0.355600452913858));
#2048=CARTESIAN_POINT('',(0.855070567625802,-0.48612383376896,-0.355600174978954));
#2049=CARTESIAN_POINT('',(0.859423180492161,-0.482671796914078,-0.355600031239592));
#2050=CARTESIAN_POINT('',(0.862254522831741,-0.480408021920213,-0.355600000052433));
#2051=CARTESIAN_POINT('',(0.863599999674609,-0.479327987016021,-0.3556));
#2052=CARTESIAN_POINT('',(0.58434366794754,-0.653145646798397,-0.3556));
#2053=CARTESIAN_POINT('',(0.717043724777511,-0.582048657960642,-0.352275963885903));
#2054=CARTESIAN_POINT('',(0.706319155424739,-0.588571225285523,-0.352886846609933));
#2055=CARTESIAN_POINT('',(0.684697795220407,-0.601320765326679,-0.353912554263548));
#2056=CARTESIAN_POINT('',(0.65176570558694,-0.619547856512433,-0.354928173365349));
#2057=CARTESIAN_POINT('',(0.618340594137632,-0.636874507530339,-0.355488696736936));
#2058=CARTESIAN_POINT('',(0.595728975112585,-0.647823291045438,-0.355599696079563));
#2059=CARTESIAN_POINT('',(0.584343669127049,-0.653145646237246,-0.355599999997482));
#2060=CARTESIAN_POINT('',(-0.58434366794754,-0.653145646798397,-0.3556));
#2061=AXIS2_PLACEMENT_3D('',#2062,#2063,#2064);
#2062=CARTESIAN_POINT('',(0.,0.5969,-0.3556));
#2063=DIRECTION('',(0.,0.,1.));
#2064=DIRECTION('',(-0.423473950027334,-0.905908281035253,0.));
#2065=CARTESIAN_POINT('',(-0.732639963019045,-0.569899999999999,-0.351039213593485));
#2066=CARTESIAN_POINT('',(-0.733207677727989,-0.570804140581775,-0.351039213593485));
#2067=CARTESIAN_POINT('',(-0.730332933085553,-0.572645541998302,-0.351228636044466));
#2068=CARTESIAN_POINT('',(-0.72461856831375,-0.576291832429423,-0.351597848513617));
#2069=CARTESIAN_POINT('',(-0.716053510333604,-0.581701584079707,-0.352124425018197));
#2070=CARTESIAN_POINT('',(-0.707625114369623,-0.586959050797172,-0.352612138912769));
#2071=CARTESIAN_POINT('',(-0.69932056891214,-0.592064427026916,-0.353059554906238));
#2072=CARTESIAN_POINT('',(-0.691199063555218,-0.596975636343596,-0.353462256841408));
#2073=CARTESIAN_POINT('',(-0.683238799989388,-0.601702485948123,-0.353821120831511));
#2074=CARTESIAN_POINT('',(-0.67549894401625,-0.606208871001822,-0.354134218129511));
#2075=CARTESIAN_POINT('',(-0.667895710410632,-0.610544581947022,-0.354406401071748));
#2076=CARTESIAN_POINT('',(-0.660488824660107,-0.614673337567667,-0.354635657754902));
#2077=CARTESIAN_POINT('',(-0.653285584390755,-0.618608901688026,-0.354829688167527));
#2078=CARTESIAN_POINT('',(-0.646438690057393,-0.622282225246986,-0.354989913924423));
#2079=CARTESIAN_POINT('',(-0.639893858887482,-0.625735552357486,-0.35512259409742));
#2080=CARTESIAN_POINT('',(-0.633735806641201,-0.628935717256403,-0.35523029048749));
#2081=CARTESIAN_POINT('',(-0.627905601822996,-0.631923735259596,-0.355317821963023));
#2082=CARTESIAN_POINT('',(-0.62248573759094,-0.634666920868145,-0.35538737587866));
#2083=CARTESIAN_POINT('',(-0.617338219433286,-0.637242920784432,-0.355443476968044));
#2084=CARTESIAN_POINT('',(-0.612340053365382,-0.639718188291723,-0.355489192409167));
#2085=CARTESIAN_POINT('',(-0.607291386259508,-0.642193332102851,-0.355526955427909));
#2086=CARTESIAN_POINT('',(-0.601322907896446,-0.645090202115692,-0.355561874431342));
#2087=CARTESIAN_POINT('',(-0.593664315732843,-0.64876209603895,-0.355591689751241));
#2088=CARTESIAN_POINT('',(-0.587716033985302,-0.651568286245425,-0.355599818988368));
#2089=CARTESIAN_POINT('',(-0.58434366794754,-0.653145646798396,-0.3556));
#2090=CARTESIAN_POINT('',(-0.8636,-0.479327987626231,-0.3556));
#2091=CARTESIAN_POINT('',(-0.8636,-0.479327987626231,-0.3556));
#2092=CARTESIAN_POINT('',(-0.861210135737587,-0.481307453626945,-0.355605328335737));
#2093=CARTESIAN_POINT('',(-0.856415126801874,-0.485247469549509,-0.355621523808792));
#2094=CARTESIAN_POINT('',(-0.849161825643637,-0.491095671189356,-0.355653005551776));
#2095=CARTESIAN_POINT('',(-0.841804871272522,-0.49689730585308,-0.355683129091308));
#2096=CARTESIAN_POINT('',(-0.834306621532041,-0.502664925989237,-0.355699837022574));
#2097=CARTESIAN_POINT('',(-0.826584008495414,-0.508446267490024,-0.35568865543876));
#2098=CARTESIAN_POINT('',(-0.818597066006438,-0.514256327244425,-0.355631954669633));
#2099=CARTESIAN_POINT('',(-0.810260215946239,-0.520144701289412,-0.355507894024741));
#2100=CARTESIAN_POINT('',(-0.80158887671912,-0.526093786850623,-0.355293698987156));
#2101=CARTESIAN_POINT('',(-0.792602359478152,-0.532093029502844,-0.354960580883492));
#2102=CARTESIAN_POINT('',(-0.783439988751198,-0.538091492967857,-0.354510143603933));
#2103=CARTESIAN_POINT('',(-0.774266640215577,-0.544030360090205,-0.353961463796016));
#2104=CARTESIAN_POINT('',(-0.76525629299741,-0.549841354690413,-0.353346351148811));
#2105=CARTESIAN_POINT('',(-0.756597279536243,-0.555438026524898,-0.352707953411328));
#2106=CARTESIAN_POINT('',(-0.748369347236251,-0.560790369920942,-0.352087084742044));
#2107=CARTESIAN_POINT('',(-0.74063077396214,-0.565869299315361,-0.351521016780099));
#2108=CARTESIAN_POINT('',(-0.735626606496293,-0.569183676276161,-0.351190800869762));
#2109=CARTESIAN_POINT('',(-0.733202501802228,-0.570797212808153,-0.351044346395252));
#2110=CARTESIAN_POINT('',(-0.330360214188049,1.9366513837394,-0.3556));
#2111=AXIS2_PLACEMENT_3D('',#2112,#2113,#2114);
#2112=CARTESIAN_POINT('',(0.,0.5969,-0.3556));
#2113=DIRECTION('',(0.,0.,1.));
#2114=DIRECTION('',(-0.239412100289326,0.970918043006233,0.));
#2115=CARTESIAN_POINT('',(-0.330360214188049,1.9366513837394,-1.5748));
#2116=CARTESIAN_POINT('',(-0.330360214188049,1.9366513837394,-1.5748));
#2117=VECTOR('',#2118,1.);
#2118=DIRECTION('',(-2.73184799366426E-16,0.,1.));
#2119=AXIS2_PLACEMENT_3D('',#2120,#2121,#2122);
#2120=CARTESIAN_POINT('',(0.,0.5969,-1.5748));
#2121=DIRECTION('',(0.,0.,1.));
#2122=DIRECTION('',(-0.239412100289326,0.970918043006233,0.));
#2123=CARTESIAN_POINT('',(-0.266910445953673,1.6793355474518,-1.5748));
#2124=CARTESIAN_POINT('',(-0.266910445953673,1.6793355474518,-0.3556));
#2125=CARTESIAN_POINT('',(-0.266910445953673,1.6793355474518,-1.5748));
#2126=VECTOR('',#2127,1.);
#2127=DIRECTION('',(0.,0.,1.));
#2128=CARTESIAN_POINT('',(-0.817152176658832,-0.161499776323932,-0.3556));
#2129=AXIS2_PLACEMENT_3D('',#2130,#2131,#2132);
#2130=CARTESIAN_POINT('',(0.,0.5969,-0.3556));
#2131=DIRECTION('',(0.,0.,-1.));
#2132=DIRECTION('',(-0.73296538908725,-0.680265932117856,0.));
#2133=CARTESIAN_POINT('',(-0.500947108419844,-0.399071834497515,-0.19146388137158));
#2134=CARTESIAN_POINT('',(-0.817152176658832,-0.161499776323932,-0.3556));
#2135=CARTESIAN_POINT('',(-0.812021774155109,-0.16702782382327,-0.355598782632726));
#2136=CARTESIAN_POINT('',(-0.799912126317363,-0.179811859765452,-0.35517863331864));
#2137=CARTESIAN_POINT('',(-0.778708037581225,-0.201162802496994,-0.352865522640584));
#2138=CARTESIAN_POINT('',(-0.75145211715613,-0.226990358327305,-0.347573872025132));
#2139=CARTESIAN_POINT('',(-0.721556983447744,-0.253289568205168,-0.339000651070048));
#2140=CARTESIAN_POINT('',(-0.692844613943222,-0.276738712581956,-0.328351022662919));
#2141=CARTESIAN_POINT('',(-0.669521943756318,-0.294654036465886,-0.318154267385189));
#2142=CARTESIAN_POINT('',(-0.649975454737046,-0.308967437767509,-0.30860039548768));
#2143=CARTESIAN_POINT('',(-0.632521658828467,-0.321235223299057,-0.299284832077009));
#2144=CARTESIAN_POINT('',(-0.615323795855714,-0.332843657428896,-0.289309040599088));
#2145=CARTESIAN_POINT('',(-0.598605477898145,-0.343688291979798,-0.278796553877308));
#2146=CARTESIAN_POINT('',(-0.582471012228467,-0.35375724907349,-0.267809606566293));
#2147=CARTESIAN_POINT('',(-0.567101914791029,-0.362998128922758,-0.25647044551637));
#2148=CARTESIAN_POINT('',(-0.552411109430803,-0.371521555568687,-0.244696963548476));
#2149=CARTESIAN_POINT('',(-0.538431815952554,-0.379358172785935,-0.232462297244469));
#2150=CARTESIAN_POINT('',(-0.525119764907724,-0.386577920298129,-0.219620928528153));
#2151=CARTESIAN_POINT('',(-0.512557624678363,-0.393178025924162,-0.206098066375942));
#2152=CARTESIAN_POINT('',(-0.50470661909827,-0.397181471423028,-0.196452043822295));
#2153=CARTESIAN_POINT('',(-0.500947108419834,-0.399071834497499,-0.191463881371581));
#2154=CARTESIAN_POINT('',(0.500947108419815,-0.399071834497484,-0.191463881371676));
#2155=CARTESIAN_POINT('',(0.500947108419815,-0.399071834497484,-0.191463881371676));
#2156=CARTESIAN_POINT('',(0.499406230986764,-0.399820896105226,-0.18955650947696));
#2157=CARTESIAN_POINT('',(0.495772500144574,-0.40159792898104,-0.18506713351972));
#2158=CARTESIAN_POINT('',(0.489970828246866,-0.404453994913631,-0.178025911183103));
#2159=CARTESIAN_POINT('',(0.483415481885558,-0.407669635576724,-0.170395531041431));
#2160=CARTESIAN_POINT('',(0.476462723148582,-0.411026617931234,-0.162805200474155));
#2161=CARTESIAN_POINT('',(0.468323400035169,-0.414842308017495,-0.15468080627987));
#2162=CARTESIAN_POINT('',(0.457938299434335,-0.419593496984947,-0.145114360504501));
#2163=CARTESIAN_POINT('',(0.445573426517023,-0.425074834706745,-0.134772164476654));
#2164=CARTESIAN_POINT('',(0.432355717757718,-0.430746240617674,-0.124692270672188));
#2165=CARTESIAN_POINT('',(0.420061937847447,-0.435818219917475,-0.116211763856414));
#2166=CARTESIAN_POINT('',(0.408315787698372,-0.440511315969948,-0.108704191763528));
#2167=CARTESIAN_POINT('',(0.395141418735713,-0.445627626579744,-0.100801601975661));
#2168=CARTESIAN_POINT('',(0.379624460790932,-0.45138997932916,-0.0923650325012187));
#2169=CARTESIAN_POINT('',(0.361781351226194,-0.457671893171855,-0.0836509532221536));
#2170=CARTESIAN_POINT('',(0.343187787350077,-0.463892590447856,-0.0753604058252728));
#2171=CARTESIAN_POINT('',(0.323760348196456,-0.46998136526263,-0.0676672128625318));
#2172=CARTESIAN_POINT('',(0.303529140019254,-0.475900877692497,-0.0605284210897369));
#2173=CARTESIAN_POINT('',(0.282472253361261,-0.481658664050148,-0.0537956377093547));
#2174=CARTESIAN_POINT('',(0.257215219594704,-0.488018469838805,-0.0466533257543385));
#2175=CARTESIAN_POINT('',(0.224040624487797,-0.495438125556387,-0.038775173156397));
#2176=CARTESIAN_POINT('',(0.184100433089121,-0.502967165250481,-0.0310509877169158));
#2177=CARTESIAN_POINT('',(0.143509583304195,-0.508903918991219,-0.0253498659596062));
#2178=CARTESIAN_POINT('',(0.10977892464904,-0.512675755554026,-0.0217661958544626));
#2179=CARTESIAN_POINT('',(0.0829956330442866,-0.51494762782782,-0.0196507541191876));
#2180=CARTESIAN_POINT('',(0.0597174132339869,-0.51643970009852,-0.0182845848918197));
#2181=CARTESIAN_POINT('',(0.0366489091544361,-0.517442315305022,-0.0173776373558629));
#2182=CARTESIAN_POINT('',(0.0132700967568118,-0.517959942491718,-0.0169085024276728));
#2183=CARTESIAN_POINT('',(-0.00743305568774684,-0.517992021908212,-0.0168744840697789));
#2184=CARTESIAN_POINT('',(-0.0257985886398689,-0.51770154975646,-0.0171341015403678));
#2185=CARTESIAN_POINT('',(-0.0421394188651196,-0.517204109035441,-0.0175839957589996));
#2186=CARTESIAN_POINT('',(-0.0584817517775945,-0.51646624063454,-0.0182577499441025));
#2187=CARTESIAN_POINT('',(-0.0747409912699561,-0.515492527523677,-0.0191544883934928));
#2188=CARTESIAN_POINT('',(-0.0908576399771282,-0.514288349987948,-0.0202778908357221));
#2189=CARTESIAN_POINT('',(-0.106753039885868,-0.512870518910326,-0.021605605093013));
#2190=CARTESIAN_POINT('',(-0.122414201852906,-0.511255582792755,-0.0231137747591616));
#2191=CARTESIAN_POINT('',(-0.139430838038383,-0.509261259829647,-0.0249927532646007));
#2192=CARTESIAN_POINT('',(-0.157733099351914,-0.506816973369308,-0.0273316706598747));
#2193=CARTESIAN_POINT('',(-0.177216363729124,-0.503853969644348,-0.0302304333503774));
#2194=CARTESIAN_POINT('',(-0.194554491422543,-0.500888888067341,-0.0332260989335903));
#2195=CARTESIAN_POINT('',(-0.209877136413399,-0.498044171284068,-0.0361299921610604));
#2196=CARTESIAN_POINT('',(-0.223210095484117,-0.495407892278961,-0.0388447511889138));
#2197=CARTESIAN_POINT('',(-0.23623114248932,-0.492672828854215,-0.0417041418657881));
#2198=CARTESIAN_POINT('',(-0.248885687370304,-0.489858702088201,-0.0447009725798892));
#2199=CARTESIAN_POINT('',(-0.261268880773696,-0.486950778893186,-0.0478663684297912));
#2200=CARTESIAN_POINT('',(-0.273359077725035,-0.483961281871319,-0.0511973709732112));
#2201=CARTESIAN_POINT('',(-0.285177133526346,-0.480884623846853,-0.0547277472541066));
#2202=CARTESIAN_POINT('',(-0.297863782864984,-0.477444376171647,-0.0587364136111665));
#2203=CARTESIAN_POINT('',(-0.311338061326845,-0.473627029887028,-0.0632657850714377));
#2204=CARTESIAN_POINT('',(-0.325446126595084,-0.469430787704485,-0.0683817593547667));
#2205=CARTESIAN_POINT('',(-0.338784205936108,-0.465273602894235,-0.0736126854719265));
#2206=CARTESIAN_POINT('',(-0.351344737260752,-0.461181939242435,-0.0789416290560196));
#2207=CARTESIAN_POINT('',(-0.363149973322329,-0.457168482799042,-0.0843728326971825));
#2208=CARTESIAN_POINT('',(-0.374272588752822,-0.453267354897131,-0.0897794823037874));
#2209=CARTESIAN_POINT('',(-0.384729095345887,-0.449484630518836,-0.0951739695734511));
#2210=CARTESIAN_POINT('',(-0.394525425905477,-0.445835915237404,-0.100536368007755));
#2211=CARTESIAN_POINT('',(-0.40375792371215,-0.442298214747836,-0.10590697962991));
#2212=CARTESIAN_POINT('',(-0.412670926539776,-0.438787774448657,-0.111422056719829));
#2213=CARTESIAN_POINT('',(-0.421506441025982,-0.435212380618153,-0.117246981435236));
#2214=CARTESIAN_POINT('',(-0.430630079314762,-0.431442882172745,-0.123570041192341));
#2215=CARTESIAN_POINT('',(-0.440450585260312,-0.427285221283797,-0.130811120935181));
#2216=CARTESIAN_POINT('',(-0.451219676788437,-0.422599558583557,-0.139354624401859));
#2217=CARTESIAN_POINT('',(-0.462391518351856,-0.417564840173101,-0.149142328597089));
#2218=CARTESIAN_POINT('',(-0.473383303052923,-0.412481807563056,-0.159627425296577));
#2219=CARTESIAN_POINT('',(-0.483041747747164,-0.407894831199001,-0.169736974415803));
#2220=CARTESIAN_POINT('',(-0.490952222659185,-0.404051075861715,-0.178785329971425));
#2221=CARTESIAN_POINT('',(-0.496616710405604,-0.401228213339409,-0.185873901211916));
#2222=CARTESIAN_POINT('',(-0.499718062394665,-0.399682679003642,-0.189869351168036));
#2223=CARTESIAN_POINT('',(-0.500947108419834,-0.399071834497499,-0.191463881371581));
#2224=CARTESIAN_POINT('',(0.817152176658832,-0.161499776323932,-0.3556));
#2225=CARTESIAN_POINT('',(0.500947108419815,-0.399071834497484,-0.191463881371676));
#2226=CARTESIAN_POINT('',(0.505002727392827,-0.397032716776384,-0.196842423867943));
#2227=CARTESIAN_POINT('',(0.513470625428129,-0.392710060246199,-0.207184945254337));
#2228=CARTESIAN_POINT('',(0.527006335423016,-0.385574040635479,-0.221554699267913));
#2229=CARTESIAN_POINT('',(0.541236637862661,-0.377811616898763,-0.235030728705803));
#2230=CARTESIAN_POINT('',(0.556046875483602,-0.369443965496796,-0.247719605797505));
#2231=CARTESIAN_POINT('',(0.571431955007942,-0.360431632384295,-0.259767536875009));
#2232=CARTESIAN_POINT('',(0.587356962050297,-0.350750271717318,-0.271234231482522));
#2233=CARTESIAN_POINT('',(0.603872214387031,-0.340318692997934,-0.282201247466289));
#2234=CARTESIAN_POINT('',(0.620829610637696,-0.329178267898401,-0.292592340315372));
#2235=CARTESIAN_POINT('',(0.638118523623276,-0.31735520627851,-0.302357917534498));
#2236=CARTESIAN_POINT('',(0.655558196834903,-0.30493563612194,-0.311412581851302));
#2237=CARTESIAN_POINT('',(0.674931843986929,-0.290563829091004,-0.320611271045183));
#2238=CARTESIAN_POINT('',(0.697852509489589,-0.272736992927006,-0.330326985393307));
#2239=CARTESIAN_POINT('',(0.725839259451145,-0.249620294500915,-0.340359731906624));
#2240=CARTESIAN_POINT('',(0.756440239397767,-0.222446457182433,-0.348792422407834));
#2241=CARTESIAN_POINT('',(0.787512594431627,-0.192619496818615,-0.354301784194681));
#2242=CARTESIAN_POINT('',(0.807430076840413,-0.171977598082822,-0.355592020143751));
#2243=CARTESIAN_POINT('',(0.817152176658832,-0.161499776323932,-0.3556));
#2244=CARTESIAN_POINT('',(0.266910445953673,1.6793355474518,-0.3556));
#2245=AXIS2_PLACEMENT_3D('',#2246,#2247,#2248);
#2246=CARTESIAN_POINT('',(0.,0.5969,-0.3556));
#2247=DIRECTION('',(0.,0.,-1.));
#2248=DIRECTION('',(0.239412100289326,0.970918043006233,0.));
#2249=CARTESIAN_POINT('',(0.266910445953673,1.6793355474518,-1.5748));
#2250=CARTESIAN_POINT('',(0.266910445953673,1.6793355474518,-1.5748));
#2251=VECTOR('',#2252,1.);
#2252=DIRECTION('',(0.,0.,1.));
#2253=AXIS2_PLACEMENT_3D('',#2254,#2255,#2256);
#2254=CARTESIAN_POINT('',(0.,0.5969,-1.5748));
#2255=DIRECTION('',(0.,0.,-1.));
#2256=DIRECTION('',(0.239412100289326,0.970918043006233,0.));
#2257=CARTESIAN_POINT('',(0.58434366794754,-0.653145646798396,-0.3556));
#2258=VECTOR('',#2259,1.);
#2259=DIRECTION('',(-1.,0.,0.));
#2260=CARTESIAN_POINT('',(0.8636,-0.161499776323932,-0.3556));
#2261=CARTESIAN_POINT('',(0.817152176658832,-0.161499776323932,-0.3556));
#2262=VECTOR('',#2263,1.);
#2263=DIRECTION('',(1.,0.,0.));
#2264=CARTESIAN_POINT('',(0.8636,-0.161499776323932,-0.3556));
#2265=VECTOR('',#2266,1.);
#2266=DIRECTION('',(0.,-1.,0.));
#2267=CARTESIAN_POINT('',(0.330360214188049,1.9366513837394,-0.3556));
#2268=VECTOR('',#2269,1.);
#2269=DIRECTION('',(-0.239412100289326,-0.970918043006233,0.));
#2270=CARTESIAN_POINT('',(-0.266910445953673,1.6793355474518,-1.5748));
#2271=VECTOR('',#2272,1.);
#2272=DIRECTION('',(-0.239412100289326,0.970918043006233,0.));
#2273=CARTESIAN_POINT('',(0.330360214188049,1.9366513837394,-1.5748));
#2274=VECTOR('',#2275,1.);
#2275=DIRECTION('',(-0.239412100289326,-0.970918043006233,-8.37830723457463E-16));
#2276=CARTESIAN_POINT('',(-0.8636,-0.161499776323932,-0.3556));
#2277=CARTESIAN_POINT('',(-0.8636,-0.479327987626231,-0.3556));
#2278=VECTOR('',#2279,1.);
#2279=DIRECTION('',(0.,1.,0.));
#2280=CARTESIAN_POINT('',(-0.8636,-0.161499776323932,-0.3556));
#2281=VECTOR('',#2282,1.);
#2282=DIRECTION('',(1.,0.,0.));
#2283=CARTESIAN_POINT('',(-0.266910445953673,1.6793355474518,-0.3556));
#2284=VECTOR('',#2285,1.);
#2285=DIRECTION('',(-0.239412100289326,0.970918043006233,4.18915361728731E-16));
#2286=CARTESIAN_POINT('',(0.6096,-5.1435,-0.1));
#2287=CARTESIAN_POINT('',(0.,-5.7531,-0.1));
#2288=AXIS2_PLACEMENT_3D('',#2289,#2290,#2291);
#2289=CARTESIAN_POINT('',(0.,-5.1435,-0.1));
#2290=DIRECTION('',(0.,0.,-1.));
#2291=DIRECTION('',(1.,0.,0.));
#2292=CARTESIAN_POINT('',(-0.6096,-5.1435,-0.1));
#2293=AXIS2_PLACEMENT_3D('',#2294,#2295,#2296);
#2294=CARTESIAN_POINT('',(0.,-5.1435,-0.1));
#2295=DIRECTION('',(0.,0.,-1.));
#2296=DIRECTION('',(6.12323399573676E-17,-1.,0.));
#2297=CARTESIAN_POINT('',(-0.6096,-0.820939213593484,-0.1));
#2298=CARTESIAN_POINT('',(-0.6096,-5.1435,-0.1));
#2299=VECTOR('',#2300,1.);
#2300=DIRECTION('',(0.,1.,0.));
#2301=CARTESIAN_POINT('',(0.6096,-0.820939213593484,-0.1));
#2302=CARTESIAN_POINT('',(0.6096,-0.820939213593484,-0.1));
#2303=VECTOR('',#2304,1.);
#2304=DIRECTION('',(-1.,0.,0.));
#2305=CARTESIAN_POINT('',(0.6096,-5.1435,-0.1));
#2306=VECTOR('',#2307,1.);
#2307=DIRECTION('',(0.,1.,0.));
#2308=CARTESIAN_POINT('',(-0.6096,-0.668057755242689,-0.151921292616568));
#2309=AXIS2_PLACEMENT_3D('',#2310,#2311,#2312);
#2310=CARTESIAN_POINT('',(-0.6096,-0.820939213593484,-0.351039213593485));
#2311=DIRECTION('',(-1.,0.,0.));
#2312=DIRECTION('',(0.,0.,1.));
#2313=CARTESIAN_POINT('',(-0.6096,-0.668057761523366,-0.151921296431936));
#2314=CARTESIAN_POINT('',(-0.609610312696149,-0.667276019451155,-0.152526271755078));
#2315=CARTESIAN_POINT('',(-0.609636382301382,-0.665686701509853,-0.153769085151761));
#2316=CARTESIAN_POINT('',(-0.609695339873122,-0.66327714032214,-0.155695203031976));
#2317=CARTESIAN_POINT('',(-0.609793192544408,-0.660452319602354,-0.158007539386484));
#2318=CARTESIAN_POINT('',(-0.609988075065131,-0.656521868864723,-0.161324580101206));
#2319=CARTESIAN_POINT('',(-0.610469791429246,-0.650432557720029,-0.166730982047611));
#2320=CARTESIAN_POINT('',(-0.611715336924231,-0.641550463436184,-0.175295384750869));
#2321=CARTESIAN_POINT('',(-0.614346633905513,-0.630112349803797,-0.187687655757761));
#2322=CARTESIAN_POINT('',(-0.61911772231213,-0.617440216945349,-0.203665643165127));
#2323=CARTESIAN_POINT('',(-0.626349204506405,-0.605329780810932,-0.221943290176017));
#2324=CARTESIAN_POINT('',(-0.635591822335509,-0.59525188719768,-0.240489015182687));
#2325=CARTESIAN_POINT('',(-0.645399026091454,-0.588080926897643,-0.25675840338513));
#2326=CARTESIAN_POINT('',(-0.653879318583236,-0.583560358582375,-0.269105547019553));
#2327=CARTESIAN_POINT('',(-0.660243669996283,-0.580817756610813,-0.277579900325899));
#2328=CARTESIAN_POINT('',(-0.665437819367869,-0.578917687214996,-0.28415558997344));
#2329=CARTESIAN_POINT('',(-0.670714702551463,-0.577246173509595,-0.290539339194455));
#2330=CARTESIAN_POINT('',(-0.676376971082852,-0.575703240330787,-0.297010172473493));
#2331=CARTESIAN_POINT('',(-0.681870342108748,-0.574454076592892,-0.302977862446165));
#2332=CARTESIAN_POINT('',(-0.686494768690328,-0.573607758421265,-0.30785065829885));
#2333=CARTESIAN_POINT('',(-0.690571365521879,-0.572878605580321,-0.311915988907774));
#2334=CARTESIAN_POINT('',(-0.69442380805527,-0.572202289567451,-0.315571944462268));
#2335=CARTESIAN_POINT('',(-0.698401703493204,-0.571596617267912,-0.319255241225748));
#2336=CARTESIAN_POINT('',(-0.702513736736918,-0.571111899685477,-0.323040580008598));
#2337=CARTESIAN_POINT('',(-0.70672575092227,-0.570795738370552,-0.326967767006702));
#2338=CARTESIAN_POINT('',(-0.710999243133916,-0.570684986921471,-0.331091355835624));
#2339=CARTESIAN_POINT('',(-0.715331582173187,-0.570678211182679,-0.335292357768385));
#2340=CARTESIAN_POINT('',(-0.719678618091907,-0.570670337669534,-0.339476108571531));
#2341=CARTESIAN_POINT('',(-0.724001441631466,-0.570577564706851,-0.343538357032029));
#2342=CARTESIAN_POINT('',(-0.728294064778079,-0.570339723908774,-0.347408717217069));
#2343=CARTESIAN_POINT('',(-0.731186843169798,-0.570064448248206,-0.349863367659468));
#2344=CARTESIAN_POINT('',(-0.732634787200847,-0.569893071691205,-0.351044345781399));
#2345=CARTESIAN_POINT('',(0.732639963050076,-0.569899999999999,-0.351039213593485));
#2346=CARTESIAN_POINT('',(0.732639963050076,-0.569899999999999,-0.351039213593485));
#2347=VECTOR('',#2348,1.);
#2348=DIRECTION('',(-1.,0.,0.));
#2349=CARTESIAN_POINT('',(0.6096,-0.668057755242689,-0.151921292616568));
#2350=CARTESIAN_POINT('',(0.732634622346625,-0.569892822531049,-0.351044503535349));
#2351=CARTESIAN_POINT('',(0.730918978453592,-0.570107571379335,-0.349676759780165));
#2352=CARTESIAN_POINT('',(0.727483978745601,-0.570458059581074,-0.346812642988159));
#2353=CARTESIAN_POINT('',(0.722398279161025,-0.570774627089682,-0.34226088397269));
#2354=CARTESIAN_POINT('',(0.717261435530335,-0.570918934535527,-0.337423399821514));
#2355=CARTESIAN_POINT('',(0.712091734638544,-0.570967836856352,-0.332397621480053));
#2356=CARTESIAN_POINT('',(0.706431496551229,-0.571030197054967,-0.32679840843449));
#2357=CARTESIAN_POINT('',(0.70037217868514,-0.571327442244583,-0.320829941235905));
#2358=CARTESIAN_POINT('',(0.6939464055562,-0.572086440826862,-0.314664704775151));
#2359=CARTESIAN_POINT('',(0.688349101425233,-0.573081890570749,-0.309240955365729));
#2360=CARTESIAN_POINT('',(0.683544332969384,-0.574119903886711,-0.304435123702457));
#2361=CARTESIAN_POINT('',(0.679487569088428,-0.575087870922633,-0.300211656953688));
#2362=CARTESIAN_POINT('',(0.675663164913236,-0.575998300358302,-0.295973817008896));
#2363=CARTESIAN_POINT('',(0.671704600601453,-0.577039580210378,-0.29143237841835));
#2364=CARTESIAN_POINT('',(0.667295097135283,-0.578372689793038,-0.286209339742585));
#2365=CARTESIAN_POINT('',(0.662525552944031,-0.580042468469741,-0.280303761871669));
#2366=CARTESIAN_POINT('',(0.658056633875863,-0.581837167773975,-0.274457548695561));
#2367=CARTESIAN_POINT('',(0.654416825869199,-0.583490541728701,-0.2694796959287));
#2368=CARTESIAN_POINT('',(0.651486772811935,-0.584960117749904,-0.265337219955669));
#2369=CARTESIAN_POINT('',(0.648351888169184,-0.586667257428457,-0.260764024111298));
#2370=CARTESIAN_POINT('',(0.64393571920967,-0.589345976822257,-0.254030033487291));
#2371=CARTESIAN_POINT('',(0.637462307580032,-0.594039948803923,-0.243312542620463));
#2372=CARTESIAN_POINT('',(0.629586287872961,-0.6015880442968,-0.228526067197045));
#2373=CARTESIAN_POINT('',(0.621863167786259,-0.612347719095308,-0.210943376930234));
#2374=CARTESIAN_POINT('',(0.615816933426425,-0.625468772244784,-0.193147200589058));
#2375=CARTESIAN_POINT('',(0.611956682082869,-0.639662327404273,-0.17706194793905));
#2376=CARTESIAN_POINT('',(0.609987358539267,-0.653804366248083,-0.163430845571217));
#2377=CARTESIAN_POINT('',(0.609596958307242,-0.663369098591578,-0.155513593450559));
#2378=CARTESIAN_POINT('',(0.6096,-0.668057756086783,-0.151921293135488));
#2379=AXIS2_PLACEMENT_3D('',#2380,#2381,#2382);
#2380=CARTESIAN_POINT('',(0.6096,-0.820939213593484,-0.351039213593485));
#2381=DIRECTION('',(-1.,0.,0.));
#2382=DIRECTION('',(0.,0.,1.));
#2383=CARTESIAN_POINT('',(0.6096,-0.44515143981566,-0.1016));
#2384=CARTESIAN_POINT('',(0.626027941826196,-0.399071834497459,-0.191463881371668));
#2385=CARTESIAN_POINT('',(0.609600000002339,-0.445151439707975,-0.101600000165754));
#2386=CARTESIAN_POINT('',(0.609593498176236,-0.438638027677321,-0.111395577237404));
#2387=CARTESIAN_POINT('',(0.610720544280807,-0.426654520176711,-0.131116664019816));
#2388=CARTESIAN_POINT('',(0.615478361259438,-0.413010956720219,-0.157943530886));
#2389=CARTESIAN_POINT('',(0.621184497645053,-0.404302323976287,-0.178005275265711));
#2390=CARTESIAN_POINT('',(0.624734079450054,-0.400365214400516,-0.188043710551676));
#2391=CARTESIAN_POINT('',(0.626027941826305,-0.399071834497471,-0.191463881371632));
#2392=CARTESIAN_POINT('',(0.626027941826196,-0.399071834497483,-0.191463881371677));
#2393=VECTOR('',#2394,1.);
#2394=DIRECTION('',(-1.,0.,0.));
#2395=CARTESIAN_POINT('',(-0.626027941826431,-0.399071834497474,-0.191463881371672));
#2396=CARTESIAN_POINT('',(-0.500947108419843,-0.399071834497483,-0.191463881371677));
#2397=VECTOR('',#2398,1.);
#2398=DIRECTION('',(-1.,0.,0.));
#2399=CARTESIAN_POINT('',(-0.6096,-0.44515143981566,-0.1016));
#2400=CARTESIAN_POINT('',(-0.626027941826438,-0.399071834497479,-0.191463881371672));
#2401=CARTESIAN_POINT('',(-0.622616808772688,-0.402475476592116,-0.182450620936752));
#2402=CARTESIAN_POINT('',(-0.616890068313087,-0.410065065315979,-0.164175196049019));
#2403=CARTESIAN_POINT('',(-0.611947260962065,-0.422608882350007,-0.1388484686449));
#2404=CARTESIAN_POINT('',(-0.609921213821231,-0.434607446919033,-0.117956876769607));
#2405=CARTESIAN_POINT('',(-0.609599534988035,-0.442019633105735,-0.10631664439096));
#2406=CARTESIAN_POINT('',(-0.6096,-0.44515143981566,-0.1016));
#2407=CARTESIAN_POINT('',(-0.6096,-0.820939213593484,0.1));
#2408=AXIS2_PLACEMENT_3D('',#2409,#2410,#2411);
#2409=CARTESIAN_POINT('',(-0.6096,-0.820939213593484,-0.351039213593485));
#2410=DIRECTION('',(1.,0.,0.));
#2411=DIRECTION('',(0.,0.833159872694609,0.553032211115685));
#2412=CARTESIAN_POINT('',(0.6096,-0.820939213593484,0.1));
#2413=CARTESIAN_POINT('',(0.6096,-0.820939213593484,0.0999999999999999));
#2414=VECTOR('',#2415,1.);
#2415=DIRECTION('',(-1.,0.,0.));
#2416=AXIS2_PLACEMENT_3D('',#2417,#2418,#2419);
#2417=CARTESIAN_POINT('',(0.6096,-0.820939213593484,-0.351039213593485));
#2418=DIRECTION('',(1.,0.,0.));
#2419=DIRECTION('',(0.,0.833159872694609,0.553032211115685));
#2420=CARTESIAN_POINT('',(-0.6096,-5.1435,0.1));
#2421=CARTESIAN_POINT('',(-0.6096,-0.820939213593484,0.1));
#2422=VECTOR('',#2423,1.);
#2423=DIRECTION('',(0.,-1.,0.));
#2424=CARTESIAN_POINT('',(0.,-5.7531,0.1));
#2425=AXIS2_PLACEMENT_3D('',#2426,#2427,#2428);
#2426=CARTESIAN_POINT('',(0.,-5.1435,0.1));
#2427=DIRECTION('',(0.,0.,1.));
#2428=DIRECTION('',(-1.,0.,0.));
#2429=CARTESIAN_POINT('',(0.6096,-5.1435,0.1));
#2430=AXIS2_PLACEMENT_3D('',#2431,#2432,#2433);
#2431=CARTESIAN_POINT('',(0.,-5.1435,0.1));
#2432=DIRECTION('',(0.,0.,1.));
#2433=DIRECTION('',(-6.12323399573676E-17,-1.,0.));
#2434=CARTESIAN_POINT('',(0.6096,-0.820939213593484,0.1));
#2435=VECTOR('',#2436,1.);
#2436=DIRECTION('',(0.,-1.,0.));
#2437=CARTESIAN_POINT('',(0.6096,-5.1435,0.0999999999999999));
#2438=VECTOR('',#2439,1.);
#2439=DIRECTION('',(0.,0.,-1.));
#2440=CARTESIAN_POINT('',(0.6096,-0.479327987626231,-0.1016));
#2441=CARTESIAN_POINT('',(0.6096,-0.668057755242689,-0.151921292616568));
#2442=CARTESIAN_POINT('',(0.6096,-0.656275565545709,-0.145209495397826));
#2443=CARTESIAN_POINT('',(0.6096,-0.644493375848729,-0.138497698179084));
#2444=CARTESIAN_POINT('',(0.6096,-0.619245820494197,-0.127061044783567));
#2445=CARTESIAN_POINT('',(0.6096,-0.605805298339228,-0.12208408168356));
#2446=CARTESIAN_POINT('',(0.6096,-0.577611967587117,-0.1134175243165));
#2447=CARTESIAN_POINT('',(0.6096,-0.562613215419007,-0.109937675865697));
#2448=CARTESIAN_POINT('',(0.6096,-0.531278365471521,-0.104493566334427));
#2449=CARTESIAN_POINT('',(0.6096,-0.514687564889836,-0.102772311113574));
#2450=CARTESIAN_POINT('',(0.6096,-0.491858671154358,-0.101735930158312));
#2451=CARTESIAN_POINT('',(0.6096,-0.485593329390294,-0.101667965079156));
#2452=CARTESIAN_POINT('',(0.6096,-0.479327987626231,-0.1016));
#2453=CARTESIAN_POINT('',(0.6096,-0.479327987626231,-0.1016));
#2454=VECTOR('',#2455,1.);
#2455=DIRECTION('',(0.,1.,0.));
#2456=CARTESIAN_POINT('',(-0.6096,-5.1435,-0.1));
#2457=VECTOR('',#2458,1.);
#2458=DIRECTION('',(0.,0.,1.));
#2459=CARTESIAN_POINT('',(-0.6096,-0.479327987626231,-0.1016));
#2460=CARTESIAN_POINT('',(-0.6096,-0.44515143981566,-0.1016));
#2461=VECTOR('',#2462,1.);
#2462=DIRECTION('',(0.,-1.,0.));
#2463=CARTESIAN_POINT('',(-0.6096,-0.479327987626231,-0.1016));
#2464=CARTESIAN_POINT('',(-0.6096,-0.497726026139368,-0.10218676828662));
#2465=CARTESIAN_POINT('',(-0.6096,-0.516124064652504,-0.10277353657324));
#2466=CARTESIAN_POINT('',(-0.6096,-0.550939287914841,-0.107582030845059));
#2467=CARTESIAN_POINT('',(-0.6096,-0.56764920683457,-0.110921837729358));
#2468=CARTESIAN_POINT('',(-0.6096,-0.598786024406528,-0.119667226915928));
#2469=CARTESIAN_POINT('',(-0.6096,-0.613545094564968,-0.12478590965387));
#2470=CARTESIAN_POINT('',(-0.6096,-0.640946188789624,-0.136710849767527));
#2471=CARTESIAN_POINT('',(-0.6096,-0.653838689181267,-0.143295438347152));
#2472=CARTESIAN_POINT('',(-0.6096,-0.666848573149112,-0.151180152295068));
#2473=CARTESIAN_POINT('',(-0.6096,-0.667453164195901,-0.151550722455818));
#2474=CARTESIAN_POINT('',(-0.6096,-0.668057755242689,-0.151921292616568));
#2475=CARTESIAN_POINT('',(0.732634622346625,-0.569892822531049,-0.351044503535349));
#2476=CARTESIAN_POINT('',(0.731342523546924,-0.570930894655768,-0.351158200814271));
#2477=CARTESIAN_POINT('',(0.728766792260162,-0.572983797009747,-0.351382331372759));
#2478=CARTESIAN_POINT('',(0.724866844936838,-0.576042014526379,-0.351703605563757));
#2479=CARTESIAN_POINT('',(0.720944633352324,-0.579037644107804,-0.351952071479962));
#2480=CARTESIAN_POINT('',(0.718327751661209,-0.581040826344505,-0.352153620944051));
#2481=CARTESIAN_POINT('',(0.717036622869571,-0.582039488612704,-0.352275104268078));
#2482=AXIS2_PLACEMENT_3D('',#2483,#2484,#2485);
#2483=CARTESIAN_POINT('',(0.8636,-0.479327987626299,-0.1016));
#2484=DIRECTION('',(0.,-1.,0.));
#2485=DIRECTION('',(-1.,0.,1.63910879619856E-16));
#2486=CARTESIAN_POINT('',(0.8636,-0.161499776323932,-0.3556));
#2487=CARTESIAN_POINT('',(0.754448378395846,-0.270651397928087,-0.3556));
#2488=CARTESIAN_POINT('',(0.664645218894743,-0.360454557429189,-0.293555910495551));
#2489=CARTESIAN_POINT('',(0.626027941826421,-0.399071834497511,-0.191463881371603));
#2490=AXIS2_PLACEMENT_3D('',#2491,#2492,#2493);
#2491=CARTESIAN_POINT('',(-0.8636,-0.479327987626231,-0.1016));
#2492=DIRECTION('',(0.,-1.,0.));
#2493=DIRECTION('',(1.15869299830653E-16,0.,-1.));
#2494=CARTESIAN_POINT('',(-0.626027941826447,-0.399071834497486,-0.191463881371671));
#2495=CARTESIAN_POINT('',(-0.664645218894788,-0.360454557429145,-0.29355591049558));
#2496=CARTESIAN_POINT('',(-0.754448378395875,-0.270651397928058,-0.3556));
#2497=CARTESIAN_POINT('',(-0.8636,-0.161499776323932,-0.3556));
#2498=CARTESIAN_POINT('',(-1.11981703314034E-16,-5.7531,-0.1));
#2499=VECTOR('',#2500,1.);
#2500=DIRECTION('',(0.,0.,1.));
#2501=CARTESIAN_POINT('',(-0.330360214188049,1.9366513837394,-3.5052));
#2502=CARTESIAN_POINT('',(-0.330360214188049,1.9366513837394,-4.7244));
#2503=CARTESIAN_POINT('',(-0.330360214188049,1.9366513837394,-3.5052));
#2504=VECTOR('',#2505,1.);
#2505=DIRECTION('',(0.,0.,-1.));
#2506=CARTESIAN_POINT('',(-0.8636,-0.479327987626231,-4.7244));
#2507=AXIS2_PLACEMENT_3D('',#2508,#2509,#2510);
#2508=CARTESIAN_POINT('',(0.,0.5969,-4.7244));
#2509=DIRECTION('',(0.,0.,1.));
#2510=DIRECTION('',(-0.239412100289326,0.970918043006233,0.));
#2511=CARTESIAN_POINT('',(-0.732639963019045,-0.569899999999999,-4.72896078640652));
#2512=CARTESIAN_POINT('',(-0.8636,-0.47932798762623,-4.7244));
#2513=CARTESIAN_POINT('',(-0.861210135738361,-0.481307453625914,-4.72439467166426));
#2514=CARTESIAN_POINT('',(-0.856415126804073,-0.485247469546565,-4.72437847619125));
#2515=CARTESIAN_POINT('',(-0.849161825647777,-0.491095671183938,-4.7243469944484));
#2516=CARTESIAN_POINT('',(-0.84180487127808,-0.496897305845923,-4.72431687090906));
#2517=CARTESIAN_POINT('',(-0.834306621538367,-0.502664925981224,-4.72430016297798));
#2518=CARTESIAN_POINT('',(-0.826584008501519,-0.50844626748231,-4.72431134456192));
#2519=CARTESIAN_POINT('',(-0.818597066011243,-0.514256327238219,-4.72436804533107));
#2520=CARTESIAN_POINT('',(-0.810260215948365,-0.520144701286108,-4.72449210597582));
#2521=CARTESIAN_POINT('',(-0.801588876717353,-0.526093786851444,-4.72470630101308));
#2522=CARTESIAN_POINT('',(-0.79260235947163,-0.53209302950872,-4.72503941911613));
#2523=CARTESIAN_POINT('',(-0.783439988739822,-0.538091492979034,-4.72548985639476));
#2524=CARTESIAN_POINT('',(-0.774266640200298,-0.544030360106052,-4.72603853620137));
#2525=CARTESIAN_POINT('',(-0.76525629297987,-0.549841354709688,-4.72665364884684));
#2526=CARTESIAN_POINT('',(-0.756597279518961,-0.555438026545633,-4.72729204658217));
#2527=CARTESIAN_POINT('',(-0.748369347221742,-0.560790369941036,-4.72791291524893));
#2528=CARTESIAN_POINT('',(-0.74063077395296,-0.565869299332588,-4.7284789832081));
#2529=CARTESIAN_POINT('',(-0.735626606491282,-0.569183676290672,-4.72880919911651));
#2530=CARTESIAN_POINT('',(-0.73320250179965,-0.570797212820965,-4.72895565359006));
#2531=CARTESIAN_POINT('',(-0.58434366794754,-0.653145646798397,-4.7244));
#2532=CARTESIAN_POINT('',(-0.73320767772799,-0.570804140581775,-4.72896078640652));
#2533=CARTESIAN_POINT('',(-0.72726108565756,-0.574634774115719,-4.72856162160205));
#2534=CARTESIAN_POINT('',(-0.716577370673638,-0.581462393593971,-4.72787435662726));
#2535=CARTESIAN_POINT('',(-0.702315501905609,-0.590345759931844,-4.72706163344313));
#2536=CARTESIAN_POINT('',(-0.690576983313895,-0.59746640120185,-4.72647381196971));
#2537=CARTESIAN_POINT('',(-0.680258427910728,-0.603564368042382,-4.72602223128727));
#2538=CARTESIAN_POINT('',(-0.670110678490218,-0.609382751756944,-4.72564751981878));
#2539=CARTESIAN_POINT('',(-0.660246210290247,-0.614871241563819,-4.72534452404174));
#2540=CARTESIAN_POINT('',(-0.650584933253694,-0.620109011783609,-4.72509678253782));
#2541=CARTESIAN_POINT('',(-0.641214466778447,-0.625068292799595,-4.72489912495804));
#2542=CARTESIAN_POINT('',(-0.632113970544118,-0.629780879627515,-4.72474337284452));
#2543=CARTESIAN_POINT('',(-0.623431934508188,-0.634189548823813,-4.72462501190603));
#2544=CARTESIAN_POINT('',(-0.615075578892317,-0.638359304438874,-4.7245364812153));
#2545=CARTESIAN_POINT('',(-0.60706821170781,-0.642292599625878,-4.72447318992488));
#2546=CARTESIAN_POINT('',(-0.599299018751575,-0.646055118557444,-4.72443037820577));
#2547=CARTESIAN_POINT('',(-0.591772756402178,-0.649653571414567,-4.7244053362848));
#2548=CARTESIAN_POINT('',(-0.586800877928748,-0.651996604791234,-4.72439990634233));
#2549=CARTESIAN_POINT('',(-0.58434366794754,-0.653145646798396,-4.7244));
#2550=CARTESIAN_POINT('',(0.58434366794754,-0.653145646798397,-4.7244));
#2551=AXIS2_PLACEMENT_3D('',#2552,#2553,#2554);
#2552=CARTESIAN_POINT('',(0.,0.5969,-4.7244));
#2553=DIRECTION('',(0.,0.,1.));
#2554=DIRECTION('',(-0.423473950027334,-0.905908281035253,0.));
#2555=CARTESIAN_POINT('',(0.717043724777511,-0.582048657960643,-4.7277240361141));
#2556=CARTESIAN_POINT('',(0.717043724777511,-0.582048657960642,-4.7277240361141));
#2557=CARTESIAN_POINT('',(0.706319155424739,-0.588571225285523,-4.72711315339007));
#2558=CARTESIAN_POINT('',(0.684697795220407,-0.601320765326679,-4.72608744573645));
#2559=CARTESIAN_POINT('',(0.65176570558694,-0.619547856512434,-4.72507182663465));
#2560=CARTESIAN_POINT('',(0.618340594137632,-0.63687450753034,-4.72451130326306));
#2561=CARTESIAN_POINT('',(0.595728975112585,-0.647823291045438,-4.72440030392044));
#2562=CARTESIAN_POINT('',(0.584343669127049,-0.653145646237246,-4.72440000000252));
#2563=CARTESIAN_POINT('',(0.8636,-0.479327987626231,-4.7244));
#2564=CARTESIAN_POINT('',(0.717040562777758,-0.582044407102626,-4.72772260934934));
#2565=CARTESIAN_POINT('',(0.717418583818186,-0.581813417882561,-4.72757239914043));
#2566=CARTESIAN_POINT('',(0.718165966033788,-0.581356760277938,-4.72728779125936));
#2567=CARTESIAN_POINT('',(0.71929678916414,-0.580666625249401,-4.726874897122));
#2568=CARTESIAN_POINT('',(0.720373083439829,-0.580012253141745,-4.72647382633114));
#2569=CARTESIAN_POINT('',(0.721397143306367,-0.579388803588946,-4.72610300786535));
#2570=CARTESIAN_POINT('',(0.722364950838457,-0.578794944889189,-4.72579147904408));
#2571=CARTESIAN_POINT('',(0.723309535600958,-0.578219387934178,-4.72550123420278));
#2572=CARTESIAN_POINT('',(0.724308155166877,-0.577600123325675,-4.72522699095635));
#2573=CARTESIAN_POINT('',(0.725415999120874,-0.576897183043476,-4.72516717227919));
#2574=CARTESIAN_POINT('',(0.726605272047997,-0.576145356350112,-4.72511871250328));
#2575=CARTESIAN_POINT('',(0.727849907234797,-0.575364548362016,-4.72495120886228));
#2576=CARTESIAN_POINT('',(0.729170175974348,-0.574536542040084,-4.72483683941473));
#2577=CARTESIAN_POINT('',(0.730566232892231,-0.573666059775532,-4.72472064925846));
#2578=CARTESIAN_POINT('',(0.731993148336394,-0.572781672267806,-4.72461808228153));
#2579=CARTESIAN_POINT('',(0.733369354193059,-0.571933162409306,-4.72452995561588));
#2580=CARTESIAN_POINT('',(0.734577632532462,-0.571190059846356,-4.72446409611122));
#2581=CARTESIAN_POINT('',(0.735545983224894,-0.570593178369036,-4.72442330872788));
#2582=CARTESIAN_POINT('',(0.736287483468243,-0.570133769162554,-4.72440159603144));
#2583=CARTESIAN_POINT('',(0.736956565002185,-0.569711751847373,-4.72440290815242));
#2584=CARTESIAN_POINT('',(0.737807122766166,-0.56917374244288,-4.72440480270633));
#2585=CARTESIAN_POINT('',(0.739031011771729,-0.56839808238662,-4.72440631724557));
#2586=CARTESIAN_POINT('',(0.740861313802139,-0.567234736932209,-4.72440774924985));
#2587=CARTESIAN_POINT('',(0.743355340705418,-0.565643558641611,-4.72440845468375));
#2588=CARTESIAN_POINT('',(0.746612462495847,-0.563554776827319,-4.72440836036626));
#2589=CARTESIAN_POINT('',(0.750562429228995,-0.561004912365536,-4.72440742869974));
#2590=CARTESIAN_POINT('',(0.755117134017132,-0.558039963419638,-4.72440584958364));
#2591=CARTESIAN_POINT('',(0.759667074058169,-0.555051399654357,-4.72440406908408));
#2592=CARTESIAN_POINT('',(0.763882908957429,-0.552258320318687,-4.72440243814246));
#2593=CARTESIAN_POINT('',(0.767542451417891,-0.549815274616379,-4.72440115410177));
#2594=CARTESIAN_POINT('',(0.7709364514188,-0.547535824329792,-4.72440035201075));
#2595=CARTESIAN_POINT('',(0.774302327920549,-0.545261917872126,-4.7243997306396));
#2596=CARTESIAN_POINT('',(0.777849059466554,-0.542849732820872,-4.72439919436141));
#2597=CARTESIAN_POINT('',(0.781185860001826,-0.540564767153172,-4.72439871492508));
#2598=CARTESIAN_POINT('',(0.78441666154349,-0.538338821153166,-4.72439816463065));
#2599=CARTESIAN_POINT('',(0.787689617104634,-0.536070399994067,-4.72439740287034));
#2600=CARTESIAN_POINT('',(0.791115684247128,-0.533680910197746,-4.72439656049142));
#2601=CARTESIAN_POINT('',(0.795124626529615,-0.530866591021389,-4.7243956027249));
#2602=CARTESIAN_POINT('',(0.80021470227887,-0.527264287749111,-4.72439477557744));
#2603=CARTESIAN_POINT('',(0.806583487366683,-0.522707065533678,-4.72439462218769));
#2604=CARTESIAN_POINT('',(0.8139720894957,-0.517350952184244,-4.72439514844564));
#2605=CARTESIAN_POINT('',(0.822396100371774,-0.511148922452447,-4.72439620557372));
#2606=CARTESIAN_POINT('',(0.830659930040034,-0.504965370112293,-4.72439739955195));
#2607=CARTESIAN_POINT('',(0.838048075176152,-0.499354427404522,-4.7243983946922));
#2608=CARTESIAN_POINT('',(0.844554576029173,-0.494347510636465,-4.72439909222632));
#2609=CARTESIAN_POINT('',(0.850126115045364,-0.490011107715391,-4.72439954708614));
#2610=CARTESIAN_POINT('',(0.855070567641279,-0.486123833756735,-4.72439982502105));
#2611=CARTESIAN_POINT('',(0.85942318050015,-0.482671796907716,-4.72439996876041));
#2612=CARTESIAN_POINT('',(0.862254522834438,-0.480408021918067,-4.72439999994757));
#2613=CARTESIAN_POINT('',(0.863599999674616,-0.479327987016035,-4.7244));
#2614=CARTESIAN_POINT('',(0.330360214188049,1.9366513837394,-4.7244));
#2615=AXIS2_PLACEMENT_3D('',#2616,#2617,#2618);
#2616=CARTESIAN_POINT('',(0.,0.5969,-4.7244));
#2617=DIRECTION('',(0.,0.,1.));
#2618=DIRECTION('',(0.625851058723952,-0.779942595512073,0.));
#2619=CARTESIAN_POINT('',(0.330360214188049,1.9366513837394,-3.5052));
#2620=CARTESIAN_POINT('',(0.330360214188049,1.9366513837394,-3.5052));
#2621=VECTOR('',#2622,1.);
#2622=DIRECTION('',(0.,0.,-1.));
#2623=AXIS2_PLACEMENT_3D('',#2624,#2625,#2626);
#2624=CARTESIAN_POINT('',(0.,0.5969,-3.5052));
#2625=DIRECTION('',(0.,0.,1.));
#2626=DIRECTION('',(-0.239412100289326,0.970918043006233,0.));
#2627=CARTESIAN_POINT('',(0.266910445953673,1.6793355474518,-3.5052));
#2628=CARTESIAN_POINT('',(0.266910445953673,1.6793355474518,-4.7244));
#2629=CARTESIAN_POINT('',(0.266910445953673,1.6793355474518,-3.5052));
#2630=VECTOR('',#2631,1.);
#2631=DIRECTION('',(0.,0.,-1.));
#2632=CARTESIAN_POINT('',(0.817152176658832,-0.161499776323932,-4.7244));
#2633=AXIS2_PLACEMENT_3D('',#2634,#2635,#2636);
#2634=CARTESIAN_POINT('',(0.,0.5969,-4.7244));
#2635=DIRECTION('',(0.,0.,-1.));
#2636=DIRECTION('',(0.239412100289326,0.970918043006233,0.));
#2637=CARTESIAN_POINT('',(0.500947108419815,-0.399071834497484,-4.88853611862832));
#2638=CARTESIAN_POINT('',(0.500947108419816,-0.399071834497483,-4.88853611862832));
#2639=CARTESIAN_POINT('',(0.505002727392827,-0.397032716776383,-4.88315757613205));
#2640=CARTESIAN_POINT('',(0.51347062542813,-0.392710060246198,-4.87281505474566));
#2641=CARTESIAN_POINT('',(0.527006335423018,-0.385574040635478,-4.85844530073209));
#2642=CARTESIAN_POINT('',(0.541236637862663,-0.377811616898762,-4.84496927129419));
#2643=CARTESIAN_POINT('',(0.556046875483604,-0.369443965496795,-4.83228039420249));
#2644=CARTESIAN_POINT('',(0.571431955007945,-0.360431632384293,-4.82023246312499));
#2645=CARTESIAN_POINT('',(0.587356962050299,-0.350750271717316,-4.80876576851748));
#2646=CARTESIAN_POINT('',(0.603872214387033,-0.340318692997933,-4.79779875253371));
#2647=CARTESIAN_POINT('',(0.620829610637698,-0.3291782678984,-4.78740765968463));
#2648=CARTESIAN_POINT('',(0.638118523623278,-0.317355206278509,-4.7776420824655));
#2649=CARTESIAN_POINT('',(0.655558196834904,-0.304935636121939,-4.7685874181487));
#2650=CARTESIAN_POINT('',(0.674931843986932,-0.290563829091001,-4.75938872895482));
#2651=CARTESIAN_POINT('',(0.697852509489591,-0.272736992927004,-4.74967301460669));
#2652=CARTESIAN_POINT('',(0.725839259451148,-0.249620294500913,-4.73964026809338));
#2653=CARTESIAN_POINT('',(0.756440239397769,-0.222446457182432,-4.73120757759217));
#2654=CARTESIAN_POINT('',(0.787512594431628,-0.192619496818614,-4.72569821580532));
#2655=CARTESIAN_POINT('',(0.807430076840413,-0.171977598082822,-4.72440797985625));
#2656=CARTESIAN_POINT('',(0.817152176658832,-0.161499776323932,-4.7244));
#2657=CARTESIAN_POINT('',(-0.500947108419844,-0.399071834497515,-4.88853611862842));
#2658=CARTESIAN_POINT('',(0.500947108419816,-0.399071834497483,-4.88853611862832));
#2659=CARTESIAN_POINT('',(0.499406230986764,-0.399820896105225,-4.89044349052304));
#2660=CARTESIAN_POINT('',(0.495772500144575,-0.401597928981039,-4.89493286648028));
#2661=CARTESIAN_POINT('',(0.489970828246868,-0.404453994913629,-4.90197408881689));
#2662=CARTESIAN_POINT('',(0.483415481885561,-0.407669635576723,-4.90960446895856));
#2663=CARTESIAN_POINT('',(0.476462723148586,-0.411026617931232,-4.91719479952584));
#2664=CARTESIAN_POINT('',(0.468323400035174,-0.414842308017493,-4.92531919372013));
#2665=CARTESIAN_POINT('',(0.45793829943434,-0.419593496984945,-4.93488563949549));
#2666=CARTESIAN_POINT('',(0.445573426517027,-0.425074834706743,-4.94522783552334));
#2667=CARTESIAN_POINT('',(0.432355717757725,-0.430746240617672,-4.95530772932781));
#2668=CARTESIAN_POINT('',(0.420061937847453,-0.435818219917472,-4.96378823614358));
#2669=CARTESIAN_POINT('',(0.408315787698381,-0.440511315969945,-4.97129580823647));
#2670=CARTESIAN_POINT('',(0.395141418735723,-0.44562762657974,-4.97919839802433));
#2671=CARTESIAN_POINT('',(0.379624460790945,-0.451389979329155,-4.98763496749877));
#2672=CARTESIAN_POINT('',(0.361781351226208,-0.457671893171849,-4.99634904677784));
#2673=CARTESIAN_POINT('',(0.343187787350092,-0.463892590447852,-5.00463959417472));
#2674=CARTESIAN_POINT('',(0.323760348196472,-0.469981365262625,-5.01233278713746));
#2675=CARTESIAN_POINT('',(0.30352914001927,-0.475900877692492,-5.01947157891026));
#2676=CARTESIAN_POINT('',(0.282472253361278,-0.481658664050144,-5.02620436229064));
#2677=CARTESIAN_POINT('',(0.257215219594721,-0.4880184698388,-5.03334667424565));
#2678=CARTESIAN_POINT('',(0.224040624487816,-0.495438125556383,-5.0412248268436));
#2679=CARTESIAN_POINT('',(0.18410043308914,-0.502967165250477,-5.04894901228308));
#2680=CARTESIAN_POINT('',(0.143509583304214,-0.508903918991217,-5.05465013404039));
#2681=CARTESIAN_POINT('',(0.10977892464906,-0.512675755554024,-5.05823380414554));
#2682=CARTESIAN_POINT('',(0.0829956330443065,-0.514947627827819,-5.06034924588081));
#2683=CARTESIAN_POINT('',(0.0597174132340072,-0.516439700098518,-5.06171541510818));
#2684=CARTESIAN_POINT('',(0.0366489091544573,-0.517442315305022,-5.06262236264414));
#2685=CARTESIAN_POINT('',(0.0132700967568336,-0.517959942491717,-5.06309149757233));
#2686=CARTESIAN_POINT('',(-0.00743305568772473,-0.517992021908211,-5.06312551593022));
#2687=CARTESIAN_POINT('',(-0.0257985886398472,-0.517701549756461,-5.06286589845963));
#2688=CARTESIAN_POINT('',(-0.0421394188650983,-0.517204109035441,-5.062416004241));
#2689=CARTESIAN_POINT('',(-0.0584817517775733,-0.516466240634541,-5.0617422500559));
#2690=CARTESIAN_POINT('',(-0.0747409912699356,-0.515492527523678,-5.06084551160651));
#2691=CARTESIAN_POINT('',(-0.0908576399771076,-0.51428834998795,-5.05972210916428));
#2692=CARTESIAN_POINT('',(-0.106753039885848,-0.512870518910328,-5.05839439490699));
#2693=CARTESIAN_POINT('',(-0.122414201852886,-0.511255582792756,-5.05688622524084));
#2694=CARTESIAN_POINT('',(-0.139430838038363,-0.509261259829649,-5.05500724673541));
#2695=CARTESIAN_POINT('',(-0.157733099351895,-0.50681697336931,-5.05266832934013));
#2696=CARTESIAN_POINT('',(-0.177216363729106,-0.50385396964435,-5.04976956664963));
#2697=CARTESIAN_POINT('',(-0.194554491422526,-0.500888888067345,-5.04677390106641));
#2698=CARTESIAN_POINT('',(-0.209877136413384,-0.498044171284071,-5.04387000783894));
#2699=CARTESIAN_POINT('',(-0.223210095484103,-0.495407892278964,-5.04115524881109));
#2700=CARTESIAN_POINT('',(-0.236231142489306,-0.492672828854218,-5.03829585813422));
#2701=CARTESIAN_POINT('',(-0.24888568737029,-0.489858702088204,-5.03529902742011));
#2702=CARTESIAN_POINT('',(-0.261268880773682,-0.48695077889319,-5.03213363157021));
#2703=CARTESIAN_POINT('',(-0.273359077725022,-0.483961281871322,-5.02880262902679));
#2704=CARTESIAN_POINT('',(-0.285177133526334,-0.480884623846856,-5.0252722527459));
#2705=CARTESIAN_POINT('',(-0.297863782864972,-0.47744437617165,-5.02126358638884));
#2706=CARTESIAN_POINT('',(-0.311338061326833,-0.473627029887031,-5.01673421492857));
#2707=CARTESIAN_POINT('',(-0.325446126595073,-0.469430787704488,-5.01161824064524));
#2708=CARTESIAN_POINT('',(-0.338784205936099,-0.465273602894237,-5.00638731452808));
#2709=CARTESIAN_POINT('',(-0.351344737260744,-0.461181939242438,-5.00105837094398));
#2710=CARTESIAN_POINT('',(-0.363149973322322,-0.457168482799045,-4.99562716730282));
#2711=CARTESIAN_POINT('',(-0.374272588752816,-0.453267354897132,-4.99022051769622));
#2712=CARTESIAN_POINT('',(-0.384729095345881,-0.449484630518839,-4.98482603042655));
#2713=CARTESIAN_POINT('',(-0.394525425905472,-0.445835915237406,-4.97946363199225));
#2714=CARTESIAN_POINT('',(-0.403757923712146,-0.442298214747837,-4.97409302037009));
#2715=CARTESIAN_POINT('',(-0.412670926539772,-0.438787774448658,-4.96857794328017));
#2716=CARTESIAN_POINT('',(-0.421506441025979,-0.435212380618154,-4.96275301856477));
#2717=CARTESIAN_POINT('',(-0.430630079314759,-0.431442882172747,-4.95642995880766));
#2718=CARTESIAN_POINT('',(-0.440450585260309,-0.427285221283798,-4.94918887906482));
#2719=CARTESIAN_POINT('',(-0.451219676788436,-0.422599558583558,-4.94064537559814));
#2720=CARTESIAN_POINT('',(-0.462391518351853,-0.417564840173102,-4.93085767140291));
#2721=CARTESIAN_POINT('',(-0.473383303052921,-0.412481807563057,-4.92037257470342));
#2722=CARTESIAN_POINT('',(-0.483041747747163,-0.407894831199001,-4.9102630255842));
#2723=CARTESIAN_POINT('',(-0.490952222659185,-0.404051075861715,-4.90121467002857));
#2724=CARTESIAN_POINT('',(-0.496616710405605,-0.401228213339409,-4.89412609878809));
#2725=CARTESIAN_POINT('',(-0.499718062394664,-0.399682679003642,-4.89013064883196));
#2726=CARTESIAN_POINT('',(-0.500947108419834,-0.399071834497499,-4.88853611862842));
#2727=CARTESIAN_POINT('',(-0.817152176658832,-0.161499776323932,-4.7244));
#2728=CARTESIAN_POINT('',(-0.817152176658832,-0.161499776323932,-4.7244));
#2729=CARTESIAN_POINT('',(-0.812021774155109,-0.167027823823271,-4.72440121736727));
#2730=CARTESIAN_POINT('',(-0.799912126317363,-0.179811859765452,-4.72482136668136));
#2731=CARTESIAN_POINT('',(-0.778708037581225,-0.201162802496994,-4.72713447735942));
#2732=CARTESIAN_POINT('',(-0.75145211715613,-0.226990358327304,-4.73242612797487));
#2733=CARTESIAN_POINT('',(-0.721556983447744,-0.253289568205168,-4.74099934892995));
#2734=CARTESIAN_POINT('',(-0.692844613943222,-0.276738712581956,-4.75164897733708));
#2735=CARTESIAN_POINT('',(-0.669521943756318,-0.294654036465886,-4.76184573261481));
#2736=CARTESIAN_POINT('',(-0.649975454737047,-0.308967437767509,-4.77139960451232));
#2737=CARTESIAN_POINT('',(-0.632521658828467,-0.321235223299057,-4.78071516792299));
#2738=CARTESIAN_POINT('',(-0.615323795855715,-0.332843657428896,-4.79069095940091));
#2739=CARTESIAN_POINT('',(-0.598605477898147,-0.343688291979798,-4.80120344612269));
#2740=CARTESIAN_POINT('',(-0.582471012228467,-0.35375724907349,-4.81219039343371));
#2741=CARTESIAN_POINT('',(-0.567101914791031,-0.362998128922757,-4.82352955448363));
#2742=CARTESIAN_POINT('',(-0.552411109430805,-0.371521555568687,-4.83530303645152));
#2743=CARTESIAN_POINT('',(-0.538431815952555,-0.379358172785935,-4.84753770275553));
#2744=CARTESIAN_POINT('',(-0.525119764907725,-0.386577920298128,-4.86037907147185));
#2745=CARTESIAN_POINT('',(-0.512557624678363,-0.393178025924162,-4.87390193362406));
#2746=CARTESIAN_POINT('',(-0.50470661909827,-0.397181471423028,-4.8835479561777));
#2747=CARTESIAN_POINT('',(-0.500947108419834,-0.399071834497499,-4.88853611862842));
#2748=CARTESIAN_POINT('',(-0.266910445953673,1.6793355474518,-4.7244));
#2749=AXIS2_PLACEMENT_3D('',#2750,#2751,#2752);
#2750=CARTESIAN_POINT('',(0.,0.5969,-4.7244));
#2751=DIRECTION('',(0.,0.,-1.));
#2752=DIRECTION('',(-0.73296538908725,-0.680265932117856,0.));
#2753=CARTESIAN_POINT('',(-0.266910445953673,1.6793355474518,-3.5052));
#2754=CARTESIAN_POINT('',(-0.266910445953673,1.6793355474518,-3.5052));
#2755=VECTOR('',#2756,1.);
#2756=DIRECTION('',(-9.10615997888088E-17,0.,-1.));
#2757=AXIS2_PLACEMENT_3D('',#2758,#2759,#2760);
#2758=CARTESIAN_POINT('',(0.,0.5969,-3.5052));
#2759=DIRECTION('',(0.,0.,-1.));
#2760=DIRECTION('',(0.239412100289326,0.970918043006233,0.));
#2761=CARTESIAN_POINT('',(0.58434366794754,-0.653145646798397,-4.7244));
#2762=VECTOR('',#2763,1.);
#2763=DIRECTION('',(-1.,0.,0.));
#2764=CARTESIAN_POINT('',(0.330360214188049,1.9366513837394,-4.7244));
#2765=VECTOR('',#2766,1.);
#2766=DIRECTION('',(-0.239412100289326,-0.970918043006233,0.));
#2767=CARTESIAN_POINT('',(0.8636,-0.161499776323932,-4.7244));
#2768=CARTESIAN_POINT('',(0.8636,-0.161499776323932,-4.7244));
#2769=VECTOR('',#2770,1.);
#2770=DIRECTION('',(0.,-1.,0.));
#2771=CARTESIAN_POINT('',(0.817152176658832,-0.161499776323932,-4.7244));
#2772=VECTOR('',#2773,1.);
#2773=DIRECTION('',(1.,0.,0.));
#2774=CARTESIAN_POINT('',(-0.266910445953673,1.6793355474518,-3.5052));
#2775=VECTOR('',#2776,1.);
#2776=DIRECTION('',(-0.239412100289326,0.970918043006233,0.));
#2777=CARTESIAN_POINT('',(0.330360214188049,1.9366513837394,-3.5052));
#2778=VECTOR('',#2779,1.);
#2779=DIRECTION('',(-0.239412100289326,-0.970918043006233,0.));
#2780=CARTESIAN_POINT('',(-0.8636,-0.161499776323932,-4.7244));
#2781=CARTESIAN_POINT('',(-0.8636,-0.479327987626231,-4.7244));
#2782=VECTOR('',#2783,1.);
#2783=DIRECTION('',(0.,1.,0.));
#2784=CARTESIAN_POINT('',(-0.266910445953673,1.6793355474518,-4.7244));
#2785=VECTOR('',#2786,1.);
#2786=DIRECTION('',(-0.239412100289326,0.970918043006233,0.));
#2787=CARTESIAN_POINT('',(-0.8636,-0.161499776323932,-4.7244));
#2788=VECTOR('',#2789,1.);
#2789=DIRECTION('',(1.,0.,0.));
#2790=CARTESIAN_POINT('',(0.6096,-5.1435,-4.98));
#2791=CARTESIAN_POINT('',(0.,-5.7531,-4.98));
#2792=AXIS2_PLACEMENT_3D('',#2793,#2794,#2795);
#2793=CARTESIAN_POINT('',(0.,-5.1435,-4.98));
#2794=DIRECTION('',(0.,0.,-1.));
#2795=DIRECTION('',(1.,0.,0.));
#2796=CARTESIAN_POINT('',(0.6096,-0.820939213593484,-4.98));
#2797=CARTESIAN_POINT('',(0.6096,-5.1435,-4.98));
#2798=VECTOR('',#2799,1.);
#2799=DIRECTION('',(0.,1.,0.));
#2800=CARTESIAN_POINT('',(-0.6096,-0.820939213593484,-4.98));
#2801=CARTESIAN_POINT('',(0.6096,-0.820939213593484,-4.98));
#2802=VECTOR('',#2803,1.);
#2803=DIRECTION('',(-1.,0.,0.));
#2804=CARTESIAN_POINT('',(-0.6096,-5.1435,-4.98));
#2805=CARTESIAN_POINT('',(-0.6096,-5.1435,-4.98));
#2806=VECTOR('',#2807,1.);
#2807=DIRECTION('',(0.,1.,0.));
#2808=AXIS2_PLACEMENT_3D('',#2809,#2810,#2811);
#2809=CARTESIAN_POINT('',(0.,-5.1435,-4.98));
#2810=DIRECTION('',(0.,0.,-1.));
#2811=DIRECTION('',(6.12323399573676E-17,-1.,0.));
#2812=CARTESIAN_POINT('',(-0.6096,-0.668057755242689,-4.92807870738343));
#2813=AXIS2_PLACEMENT_3D('',#2814,#2815,#2816);
#2814=CARTESIAN_POINT('',(-0.6096,-0.820939213593484,-4.72896078640652));
#2815=DIRECTION('',(1.,0.,0.));
#2816=DIRECTION('',(0.,0.,-1.));
#2817=CARTESIAN_POINT('',(0.6096,-0.668057755242689,-4.92807870738343));
#2818=AXIS2_PLACEMENT_3D('',#2819,#2820,#2821);
#2819=CARTESIAN_POINT('',(0.6096,-0.820939213593484,-4.72896078640652));
#2820=DIRECTION('',(1.,0.,0.));
#2821=DIRECTION('',(0.,0.,-1.));
#2822=CARTESIAN_POINT('',(0.732639963050076,-0.569899999999999,-4.72896078640652));
#2823=CARTESIAN_POINT('',(0.732634622347365,-0.569892822527081,-4.72895549646929));
#2824=CARTESIAN_POINT('',(0.73091897845373,-0.570107571375201,-4.73032324022503));
#2825=CARTESIAN_POINT('',(0.727483978744511,-0.570458059576778,-4.73318735701796));
#2826=CARTESIAN_POINT('',(0.722398279157927,-0.570774627085675,-4.73773911603447));
#2827=CARTESIAN_POINT('',(0.717261435525418,-0.570918934532351,-4.74257660018621));
#2828=CARTESIAN_POINT('',(0.712091734632095,-0.570967836854478,-4.74760237852785));
#2829=CARTESIAN_POINT('',(0.706431496543589,-0.571030197054843,-4.75320159157329));
#2830=CARTESIAN_POINT('',(0.70037217867644,-0.571327442246368,-4.75917005877174));
#2831=CARTESIAN_POINT('',(0.693946405546842,-0.572086440829626,-4.76533529523293));
#2832=CARTESIAN_POINT('',(0.688349101415367,-0.5730818905737,-4.7707590446433));
#2833=CARTESIAN_POINT('',(0.683544332959155,-0.574119903889518,-4.77556487630766));
#2834=CARTESIAN_POINT('',(0.679487569078078,-0.5750878709252,-4.77978834305734));
#2835=CARTESIAN_POINT('',(0.675663164903019,-0.575998300360753,-4.78402618300273));
#2836=CARTESIAN_POINT('',(0.671704600591568,-0.577039580213215,-4.78856762159314));
#2837=CARTESIAN_POINT('',(0.667295097126219,-0.578372689795999,-4.79379066026842));
#2838=CARTESIAN_POINT('',(0.662525552936125,-0.580042468472739,-4.79969623813839));
#2839=CARTESIAN_POINT('',(0.658056633869238,-0.5818371677768,-4.80554245131334));
#2840=CARTESIAN_POINT('',(0.654416825863682,-0.583490541731345,-4.81052030407897));
#2841=CARTESIAN_POINT('',(0.65148677280738,-0.584960117752294,-4.81466278005088));
#2842=CARTESIAN_POINT('',(0.648351888165592,-0.586667257430549,-4.81923597589408));
#2843=CARTESIAN_POINT('',(0.643935719207157,-0.589345976823969,-4.82596996651675));
#2844=CARTESIAN_POINT('',(0.637462307578633,-0.594039948805173,-4.83668745738207));
#2845=CARTESIAN_POINT('',(0.629586287872388,-0.601588044297537,-4.85147393280421));
#2846=CARTESIAN_POINT('',(0.621863167786118,-0.612347719095601,-4.86905662307017));
#2847=CARTESIAN_POINT('',(0.615816933426406,-0.625468772244852,-4.88685279941102));
#2848=CARTESIAN_POINT('',(0.611956682082869,-0.639662327404271,-4.90293805206095));
#2849=CARTESIAN_POINT('',(0.609987358539267,-0.653804366248083,-4.91656915442879));
#2850=CARTESIAN_POINT('',(0.609596958307242,-0.663369098591579,-4.92448640654944));
#2851=CARTESIAN_POINT('',(0.6096,-0.668057756086782,-4.92807870686451));
#2852=CARTESIAN_POINT('',(0.732639963050076,-0.569899999999999,-4.72896078640652));
#2853=VECTOR('',#2854,1.);
#2854=DIRECTION('',(-1.,0.,0.));
#2855=CARTESIAN_POINT('',(-0.6096,-0.668057755250377,-4.92807870737013));
#2856=CARTESIAN_POINT('',(-0.609629992166653,-0.665274955451067,-4.92593116769619));
#2857=CARTESIAN_POINT('',(-0.609779840115312,-0.659563180644965,-4.92133755382082));
#2858=CARTESIAN_POINT('',(-0.610400345349539,-0.650677319798021,-4.91354847693601));
#2859=CARTESIAN_POINT('',(-0.61185790612896,-0.640765730774115,-4.90390547958597));
#2860=CARTESIAN_POINT('',(-0.614555639706352,-0.629509923937313,-4.89157204780607));
#2861=CARTESIAN_POINT('',(-0.619154367310974,-0.617465759483566,-4.87631423237749));
#2862=CARTESIAN_POINT('',(-0.625928274946773,-0.605993792056459,-4.85908778772352));
#2863=CARTESIAN_POINT('',(-0.634445370791425,-0.596382442053276,-4.84170410824407));
#2864=CARTESIAN_POINT('',(-0.643379655863365,-0.589436812689003,-4.82646700141253));
#2865=CARTESIAN_POINT('',(-0.651223256742785,-0.584906361770194,-4.81467443910644));
#2866=CARTESIAN_POINT('',(-0.657472512596177,-0.581967397079807,-4.80606102610161));
#2867=CARTESIAN_POINT('',(-0.663208680815151,-0.579677227761316,-4.79861340876614));
#2868=CARTESIAN_POINT('',(-0.669289971689799,-0.577658526876061,-4.79112125749927));
#2869=CARTESIAN_POINT('',(-0.675751243505524,-0.575852313279703,-4.78367715791059));
#2870=CARTESIAN_POINT('',(-0.681703408858851,-0.574482119149561,-4.77719748679844));
#2871=CARTESIAN_POINT('',(-0.687007140950055,-0.573517655209157,-4.77160523797383));
#2872=CARTESIAN_POINT('',(-0.692120565221269,-0.57259425859726,-4.76657602550646));
#2873=CARTESIAN_POINT('',(-0.697479747871835,-0.571707291302097,-4.76158819665001));
#2874=CARTESIAN_POINT('',(-0.703100312896678,-0.57102730905115,-4.75643107022351));
#2875=CARTESIAN_POINT('',(-0.708873035495588,-0.570691650004885,-4.75098735039739));
#2876=CARTESIAN_POINT('',(-0.714728272092704,-0.570676923328608,-4.74528483401313));
#2877=CARTESIAN_POINT('',(-0.720648396517397,-0.570675305042137,-4.7395864803924));
#2878=CARTESIAN_POINT('',(-0.726579969097551,-0.570478550905079,-4.73408069730844));
#2879=CARTESIAN_POINT('',(-0.730607167251938,-0.570136572660171,-4.73061068561767));
#2880=CARTESIAN_POINT('',(-0.732634787200848,-0.569893071691207,-4.7289556542186));
#2881=CARTESIAN_POINT('',(0.6096,-0.44515143981566,-4.9784));
#2882=CARTESIAN_POINT('',(0.626027941826196,-0.399071834497459,-4.88853611862833));
#2883=CARTESIAN_POINT('',(0.60960000000234,-0.445151439707975,-4.97839999983425));
#2884=CARTESIAN_POINT('',(0.609593498176235,-0.438638027677322,-4.9686044227626));
#2885=CARTESIAN_POINT('',(0.610720544280807,-0.426654520176711,-4.94888333598019));
#2886=CARTESIAN_POINT('',(0.615478361259439,-0.413010956720216,-4.922056469114));
#2887=CARTESIAN_POINT('',(0.621184497645051,-0.404302323976291,-4.9019947247343));
#2888=CARTESIAN_POINT('',(0.624734079450053,-0.400365214400517,-4.89195628944833));
#2889=CARTESIAN_POINT('',(0.626027941826306,-0.399071834497471,-4.88853611862837));
#2890=CARTESIAN_POINT('',(0.6096,-0.820939213593484,-5.18));
#2891=AXIS2_PLACEMENT_3D('',#2892,#2893,#2894);
#2892=CARTESIAN_POINT('',(0.6096,-0.820939213593484,-4.72896078640652));
#2893=DIRECTION('',(-1.,0.,0.));
#2894=DIRECTION('',(0.,0.833159872694609,-0.553032211115684));
#2895=CARTESIAN_POINT('',(-0.6096,-0.820939213593484,-5.18));
#2896=CARTESIAN_POINT('',(0.6096,-0.820939213593484,-5.18));
#2897=VECTOR('',#2898,1.);
#2898=DIRECTION('',(-1.,0.,0.));
#2899=CARTESIAN_POINT('',(-0.6096,-0.44515143981566,-4.9784));
#2900=AXIS2_PLACEMENT_3D('',#2901,#2902,#2903);
#2901=CARTESIAN_POINT('',(-0.6096,-0.820939213593484,-4.72896078640652));
#2902=DIRECTION('',(-1.,0.,0.));
#2903=DIRECTION('',(0.,0.833159872694609,-0.553032211115684));
#2904=CARTESIAN_POINT('',(-0.626027941826431,-0.399071834497474,-4.88853611862833));
#2905=CARTESIAN_POINT('',(-0.626027941826438,-0.399071834497479,-4.88853611862833));
#2906=CARTESIAN_POINT('',(-0.622616808772688,-0.402475476592116,-4.89754937906325));
#2907=CARTESIAN_POINT('',(-0.616890068313087,-0.410065065315979,-4.91582480395098));
#2908=CARTESIAN_POINT('',(-0.611947260962065,-0.422608882350006,-4.9411515313551));
#2909=CARTESIAN_POINT('',(-0.609921213821231,-0.434607446919035,-4.9620431232304));
#2910=CARTESIAN_POINT('',(-0.609599534988035,-0.442019633105736,-4.97368335560904));
#2911=CARTESIAN_POINT('',(-0.6096,-0.44515143981566,-4.9784));
#2912=CARTESIAN_POINT('',(-0.500947108419843,-0.399071834497483,-4.88853611862832));
#2913=VECTOR('',#2914,1.);
#2914=DIRECTION('',(-1.,0.,0.));
#2915=CARTESIAN_POINT('',(0.626027941826196,-0.399071834497483,-4.88853611862832));
#2916=VECTOR('',#2917,1.);
#2917=DIRECTION('',(-1.,0.,0.));
#2918=CARTESIAN_POINT('',(-0.6096,-5.1435,-5.18));
#2919=CARTESIAN_POINT('',(-0.6096,-0.820939213593484,-5.18));
#2920=VECTOR('',#2921,1.);
#2921=DIRECTION('',(0.,-1.,2.05475056011531E-16));
#2922=CARTESIAN_POINT('',(0.6096,-5.1435,-5.18));
#2923=CARTESIAN_POINT('',(0.6096,-0.820939213593484,-5.18));
#2924=VECTOR('',#2925,1.);
#2925=DIRECTION('',(0.,-1.,2.05475056011531E-16));
#2926=CARTESIAN_POINT('',(0.,-5.7531,-5.18));
#2927=AXIS2_PLACEMENT_3D('',#2928,#2929,#2930);
#2928=CARTESIAN_POINT('',(0.,-5.1435,-5.18));
#2929=DIRECTION('',(0.,0.,1.));
#2930=DIRECTION('',(-6.12323399573676E-17,-1.,0.));
#2931=AXIS2_PLACEMENT_3D('',#2932,#2933,#2934);
#2932=CARTESIAN_POINT('',(0.,-5.1435,-5.18));
#2933=DIRECTION('',(0.,0.,1.));
#2934=DIRECTION('',(-1.,0.,0.));
#2935=CARTESIAN_POINT('',(0.6096,-0.479327987626231,-4.9784));
#2936=CARTESIAN_POINT('',(0.6096,-0.479327987626231,-4.9784));
#2937=VECTOR('',#2938,1.);
#2938=DIRECTION('',(0.,1.,0.));
#2939=CARTESIAN_POINT('',(0.6096,-0.668057755242689,-4.92807870738343));
#2940=CARTESIAN_POINT('',(0.6096,-0.65627556554571,-4.93479050460217));
#2941=CARTESIAN_POINT('',(0.6096,-0.64449337584873,-4.94150230182092));
#2942=CARTESIAN_POINT('',(0.6096,-0.6192458204942,-4.95293895521643));
#2943=CARTESIAN_POINT('',(0.6096,-0.605805298339231,-4.95791591831644));
#2944=CARTESIAN_POINT('',(0.6096,-0.57761196758712,-4.9665824756835));
#2945=CARTESIAN_POINT('',(0.6096,-0.56261321541901,-4.9700623241343));
#2946=CARTESIAN_POINT('',(0.6096,-0.531278365471524,-4.97550643366557));
#2947=CARTESIAN_POINT('',(0.6096,-0.514687564889839,-4.97722768888643));
#2948=CARTESIAN_POINT('',(0.6096,-0.49185867115436,-4.97826406984169));
#2949=CARTESIAN_POINT('',(0.6096,-0.485593329390295,-4.97833203492084));
#2950=CARTESIAN_POINT('',(0.6096,-0.479327987626231,-4.9784));
#2951=CARTESIAN_POINT('',(0.6096,-5.1435,-5.18));
#2952=VECTOR('',#2953,1.);
#2953=DIRECTION('',(0.,0.,1.));
#2954=CARTESIAN_POINT('',(-0.6096,-0.479327987626231,-4.9784));
#2955=CARTESIAN_POINT('',(-0.6096,-0.479327987626231,-4.9784));
#2956=CARTESIAN_POINT('',(-0.6096,-0.497726026139367,-4.97781323171338));
#2957=CARTESIAN_POINT('',(-0.6096,-0.516124064652504,-4.97722646342676));
#2958=CARTESIAN_POINT('',(-0.6096,-0.550939287914841,-4.97241796915494));
#2959=CARTESIAN_POINT('',(-0.6096,-0.567649206834569,-4.96907816227064));
#2960=CARTESIAN_POINT('',(-0.6096,-0.598786024406528,-4.96033277308407));
#2961=CARTESIAN_POINT('',(-0.6096,-0.613545094564969,-4.95521409034613));
#2962=CARTESIAN_POINT('',(-0.6096,-0.640946188789626,-4.94328915023247));
#2963=CARTESIAN_POINT('',(-0.6096,-0.653838689181269,-4.93670456165284));
#2964=CARTESIAN_POINT('',(-0.6096,-0.666848573149114,-4.92881984770493));
#2965=CARTESIAN_POINT('',(-0.6096,-0.667453164195902,-4.92844927754418));
#2966=CARTESIAN_POINT('',(-0.6096,-0.668057755242689,-4.92807870738343));
#2967=CARTESIAN_POINT('',(-0.6096,-0.44515143981566,-4.9784));
#2968=VECTOR('',#2969,1.);
#2969=DIRECTION('',(0.,-1.,0.));
#2970=CARTESIAN_POINT('',(-0.6096,-5.1435,-4.98));
#2971=VECTOR('',#2972,1.);
#2972=DIRECTION('',(0.,0.,-1.));
#2973=AXIS2_PLACEMENT_3D('',#2974,#2975,#2976);
#2974=CARTESIAN_POINT('',(0.8636,-0.479327987626299,-4.9784));
#2975=DIRECTION('',(0.,1.,0.));
#2976=DIRECTION('',(-1.,0.,6.12323399573677E-17));
#2977=CARTESIAN_POINT('',(0.732634622347365,-0.569892822527081,-4.72895549646929));
#2978=CARTESIAN_POINT('',(0.731342523547368,-0.570930894652959,-4.72884179918935));
#2979=CARTESIAN_POINT('',(0.728766792260323,-0.572983797008624,-4.72861766862897));
#2980=CARTESIAN_POINT('',(0.724866844936842,-0.576042014526568,-4.72829639443594));
#2981=CARTESIAN_POINT('',(0.72094463335218,-0.579037644108144,-4.72804792851948));
#2982=CARTESIAN_POINT('',(0.718327751661176,-0.581040826344571,-4.72784637905574));
#2983=CARTESIAN_POINT('',(0.717036622869569,-0.582039488612701,-4.72772489573192));
#2984=CARTESIAN_POINT('',(0.8636,-0.161499776323932,-4.7244));
#2985=CARTESIAN_POINT('',(0.754448378395846,-0.270651397928086,-4.7244));
#2986=CARTESIAN_POINT('',(0.664645218894744,-0.360454557429188,-4.78644408950445));
#2987=CARTESIAN_POINT('',(0.626027941826422,-0.399071834497511,-4.88853611862839));
#2988=AXIS2_PLACEMENT_3D('',#2989,#2990,#2991);
#2989=CARTESIAN_POINT('',(-0.8636,-0.479327987626231,-4.9784));
#2990=DIRECTION('',(0.,1.,0.));
#2991=DIRECTION('',(0.,0.,1.));
#2992=CARTESIAN_POINT('',(-0.626027941826447,-0.399071834497485,-4.88853611862833));
#2993=CARTESIAN_POINT('',(-0.664645218894788,-0.360454557429144,-4.78644408950442));
#2994=CARTESIAN_POINT('',(-0.754448378395875,-0.270651397928057,-4.7244));
#2995=CARTESIAN_POINT('',(-0.8636,-0.161499776323932,-4.7244));
#2996=CARTESIAN_POINT('',(-3.73272344380113E-17,-5.7531,-4.98));
#2997=VECTOR('',#2998,1.);
#2998=DIRECTION('',(0.,0.,-1.));
ENDSEC;
END-ISO-10303-21;
