ISO-10303-21;
HEADER;
/* Generated by software containing ST-Developer
 * from STEP Tools, Inc. (www.steptools.com) 
 */
/* OPTION: strings as raw bytes, not using required /X/ escapes */

FILE_DESCRIPTION(
/* description */ ('Unknown'),
/* implementation_level */ '2;1');

FILE_NAME(
/* name */ 'DTSM-32N-V-T_R',
/* time_stamp */ '2025-02-03T12:28:14+02:00',
/* author */ ('Unknown'),
/* organization */ ('Unknown'),
/* preprocessor_version */ 'ST-DEVELOPER v18.102',
/* originating_system */ 'Solid Edge',
/* authorisation */ 'Unknown');

FILE_SCHEMA (('AUTOMOTIVE_DESIGN {1 0 10303 214 3 1 1}'));
ENDSEC;

DATA;
#10=PROPERTY_DEFINITION_REPRESENTATION(#14,#12);
#11=PROPERTY_DEFINITION_REPRESENTATION(#15,#13);
#12=REPRESENTATION('',(#16),#3683);
#13=REPRESENTATION('',(#17),#3683);
#14=PROPERTY_DEFINITION('pmi validation property','',#3688);
#15=PROPERTY_DEFINITION('pmi validation property','',#3688);
#16=VALUE_REPRESENTATION_ITEM('number of annotations',COUNT_MEASURE(0.));
#17=VALUE_REPRESENTATION_ITEM('number of views',COUNT_MEASURE(0.));
#18=SHAPE_REPRESENTATION_RELATIONSHIP('','',#2501,#19);
#19=ADVANCED_BREP_SHAPE_REPRESENTATION('',(#2499),#3683);
#20=DEGENERATE_TOROIDAL_SURFACE('',#2637,0.01,0.15,.T.);
#21=DEGENERATE_TOROIDAL_SURFACE('',#2639,0.01,0.15,.T.);
#22=DEGENERATE_TOROIDAL_SURFACE('',#2645,0.01,0.15,.T.);
#23=DEGENERATE_TOROIDAL_SURFACE('',#2647,0.01,0.15,.T.);
#24=TOROIDAL_SURFACE('',#2598,0.905641606612045,0.15);
#25=TOROIDAL_SURFACE('',#2599,0.905641606612045,0.15);
#26=CIRCLE('',#2524,1.06564160661204);
#27=CIRCLE('',#2525,1.06564160661204);
#28=CIRCLE('',#2532,1.06564160661204);
#29=CIRCLE('',#2533,1.06564160661204);
#30=CIRCLE('',#2536,1.05564160661204);
#31=CIRCLE('',#2537,1.05564160661204);
#32=CIRCLE('',#2539,1.05564160661204);
#33=CIRCLE('',#2540,1.05564160661204);
#34=CIRCLE('',#2544,0.25);
#35=CIRCLE('',#2545,0.25);
#36=CIRCLE('',#2546,0.25);
#37=CIRCLE('',#2547,0.25);
#38=CIRCLE('',#2549,0.905641606612045);
#39=CIRCLE('',#2551,0.905641606612045);
#40=CIRCLE('',#2565,0.122275963188396);
#41=CIRCLE('',#2566,0.320290368310113);
#42=CIRCLE('',#2567,0.0702903683101133);
#43=CIRCLE('',#2569,0.0702903683101133);
#44=CIRCLE('',#2570,0.320290368310113);
#45=CIRCLE('',#2571,0.122275963188396);
#46=CIRCLE('',#2582,0.0702903683101133);
#47=CIRCLE('',#2583,0.320290368310113);
#48=CIRCLE('',#2584,0.122275963188396);
#49=CIRCLE('',#2588,0.0702903683101133);
#50=CIRCLE('',#2592,0.122275963188396);
#51=CIRCLE('',#2595,0.320290368310113);
#52=CIRCLE('',#2602,0.25);
#53=CIRCLE('',#2605,0.25);
#54=CIRCLE('',#2608,0.25);
#55=CIRCLE('',#2611,0.25);
#56=CIRCLE('',#2613,0.16);
#57=CIRCLE('',#2614,0.16);
#58=CIRCLE('',#2615,0.16);
#59=CIRCLE('',#2616,0.16);
#60=CIRCLE('',#2619,0.16);
#61=CIRCLE('',#2622,0.16);
#62=CIRCLE('',#2625,0.16);
#63=CIRCLE('',#2628,0.16);
#64=CIRCLE('',#2630,0.01);
#65=CIRCLE('',#2631,0.01);
#66=CIRCLE('',#2632,0.01);
#67=CIRCLE('',#2633,0.01);
#68=CIRCLE('',#2635,0.15);
#69=CIRCLE('',#2636,0.15);
#70=CIRCLE('',#2638,0.15);
#71=CIRCLE('',#2640,0.15);
#72=CIRCLE('',#2642,0.15);
#73=CIRCLE('',#2644,0.15);
#74=CIRCLE('',#2646,0.15);
#75=CIRCLE('',#2648,0.15);
#76=CYLINDRICAL_SURFACE('',#2523,1.06564160661204);
#77=CYLINDRICAL_SURFACE('',#2531,1.06564160661204);
#78=CYLINDRICAL_SURFACE('',#2535,1.05564160661204);
#79=CYLINDRICAL_SURFACE('',#2538,1.05564160661204);
#80=CYLINDRICAL_SURFACE('',#2574,0.320290368310113);
#81=CYLINDRICAL_SURFACE('',#2576,0.122275963188396);
#82=CYLINDRICAL_SURFACE('',#2579,0.0702903683101133);
#83=CYLINDRICAL_SURFACE('',#2587,0.0702903683101133);
#84=CYLINDRICAL_SURFACE('',#2591,0.122275963188396);
#85=CYLINDRICAL_SURFACE('',#2594,0.320290368310113);
#86=CYLINDRICAL_SURFACE('',#2601,0.25);
#87=CYLINDRICAL_SURFACE('',#2604,0.25);
#88=CYLINDRICAL_SURFACE('',#2607,0.25);
#89=CYLINDRICAL_SURFACE('',#2610,0.25);
#90=CYLINDRICAL_SURFACE('',#2618,0.16);
#91=CYLINDRICAL_SURFACE('',#2621,0.16);
#92=CYLINDRICAL_SURFACE('',#2624,0.16);
#93=CYLINDRICAL_SURFACE('',#2627,0.16);
#94=CYLINDRICAL_SURFACE('',#2634,0.15);
#95=CYLINDRICAL_SURFACE('',#2641,0.15);
#96=CYLINDRICAL_SURFACE('',#2643,0.15);
#97=CYLINDRICAL_SURFACE('',#2649,0.15);
#98=B_SPLINE_CURVE_WITH_KNOTS('',3,(#3153,#3154,#3155,#3156),
 .UNSPECIFIED.,.F.,.F.,(4,4),(0.,0.000237046056558704),.UNSPECIFIED.);
#99=B_SPLINE_CURVE_WITH_KNOTS('',3,(#3160,#3161,#3162,#3163),
 .UNSPECIFIED.,.F.,.F.,(4,4),(0.,0.000237049664834848),.UNSPECIFIED.);
#100=B_SPLINE_CURVE_WITH_KNOTS('',3,(#3311,#3312,#3313,#3314),
 .UNSPECIFIED.,.F.,.F.,(4,4),(0.,0.000237046056558704),.UNSPECIFIED.);
#101=B_SPLINE_CURVE_WITH_KNOTS('',3,(#3318,#3319,#3320,#3321),
 .UNSPECIFIED.,.F.,.F.,(4,4),(0.,0.000237049664834848),.UNSPECIFIED.);
#102=ORIENTED_EDGE('',*,*,#614,.T.);
#103=ORIENTED_EDGE('',*,*,#615,.T.);
#104=ORIENTED_EDGE('',*,*,#616,.T.);
#105=ORIENTED_EDGE('',*,*,#617,.T.);
#106=ORIENTED_EDGE('',*,*,#618,.F.);
#107=ORIENTED_EDGE('',*,*,#619,.F.);
#108=ORIENTED_EDGE('',*,*,#620,.F.);
#109=ORIENTED_EDGE('',*,*,#621,.T.);
#110=ORIENTED_EDGE('',*,*,#622,.T.);
#111=ORIENTED_EDGE('',*,*,#623,.F.);
#112=ORIENTED_EDGE('',*,*,#624,.F.);
#113=ORIENTED_EDGE('',*,*,#625,.T.);
#114=ORIENTED_EDGE('',*,*,#626,.T.);
#115=ORIENTED_EDGE('',*,*,#627,.F.);
#116=ORIENTED_EDGE('',*,*,#628,.T.);
#117=ORIENTED_EDGE('',*,*,#629,.F.);
#118=ORIENTED_EDGE('',*,*,#630,.F.);
#119=ORIENTED_EDGE('',*,*,#631,.T.);
#120=ORIENTED_EDGE('',*,*,#632,.F.);
#121=ORIENTED_EDGE('',*,*,#633,.F.);
#122=ORIENTED_EDGE('',*,*,#634,.T.);
#123=ORIENTED_EDGE('',*,*,#635,.T.);
#124=ORIENTED_EDGE('',*,*,#636,.F.);
#125=ORIENTED_EDGE('',*,*,#621,.F.);
#126=ORIENTED_EDGE('',*,*,#637,.T.);
#127=ORIENTED_EDGE('',*,*,#638,.T.);
#128=ORIENTED_EDGE('',*,*,#639,.F.);
#129=ORIENTED_EDGE('',*,*,#625,.F.);
#130=ORIENTED_EDGE('',*,*,#640,.T.);
#131=ORIENTED_EDGE('',*,*,#641,.F.);
#132=ORIENTED_EDGE('',*,*,#642,.F.);
#133=ORIENTED_EDGE('',*,*,#643,.F.);
#134=ORIENTED_EDGE('',*,*,#644,.T.);
#135=ORIENTED_EDGE('',*,*,#645,.T.);
#136=ORIENTED_EDGE('',*,*,#646,.F.);
#137=ORIENTED_EDGE('',*,*,#647,.T.);
#138=ORIENTED_EDGE('',*,*,#648,.T.);
#139=ORIENTED_EDGE('',*,*,#649,.F.);
#140=ORIENTED_EDGE('',*,*,#650,.F.);
#141=ORIENTED_EDGE('',*,*,#651,.F.);
#142=ORIENTED_EDGE('',*,*,#652,.T.);
#143=ORIENTED_EDGE('',*,*,#653,.T.);
#144=ORIENTED_EDGE('',*,*,#654,.F.);
#145=ORIENTED_EDGE('',*,*,#655,.T.);
#146=ORIENTED_EDGE('',*,*,#656,.T.);
#147=ORIENTED_EDGE('',*,*,#657,.F.);
#148=ORIENTED_EDGE('',*,*,#626,.F.);
#149=ORIENTED_EDGE('',*,*,#639,.T.);
#150=ORIENTED_EDGE('',*,*,#658,.T.);
#151=ORIENTED_EDGE('',*,*,#659,.T.);
#152=ORIENTED_EDGE('',*,*,#660,.T.);
#153=ORIENTED_EDGE('',*,*,#661,.T.);
#154=ORIENTED_EDGE('',*,*,#662,.T.);
#155=ORIENTED_EDGE('',*,*,#663,.F.);
#156=ORIENTED_EDGE('',*,*,#664,.F.);
#157=ORIENTED_EDGE('',*,*,#653,.F.);
#158=ORIENTED_EDGE('',*,*,#665,.F.);
#159=ORIENTED_EDGE('',*,*,#666,.T.);
#160=ORIENTED_EDGE('',*,*,#667,.F.);
#161=ORIENTED_EDGE('',*,*,#668,.T.);
#162=ORIENTED_EDGE('',*,*,#669,.T.);
#163=ORIENTED_EDGE('',*,*,#656,.F.);
#164=ORIENTED_EDGE('',*,*,#670,.F.);
#165=ORIENTED_EDGE('',*,*,#671,.F.);
#166=ORIENTED_EDGE('',*,*,#672,.F.);
#167=ORIENTED_EDGE('',*,*,#651,.T.);
#168=ORIENTED_EDGE('',*,*,#673,.F.);
#169=ORIENTED_EDGE('',*,*,#654,.T.);
#170=ORIENTED_EDGE('',*,*,#674,.T.);
#171=ORIENTED_EDGE('',*,*,#675,.F.);
#172=ORIENTED_EDGE('',*,*,#676,.F.);
#173=ORIENTED_EDGE('',*,*,#645,.F.);
#174=ORIENTED_EDGE('',*,*,#677,.F.);
#175=ORIENTED_EDGE('',*,*,#629,.T.);
#176=ORIENTED_EDGE('',*,*,#678,.F.);
#177=ORIENTED_EDGE('',*,*,#632,.T.);
#178=ORIENTED_EDGE('',*,*,#679,.T.);
#179=ORIENTED_EDGE('',*,*,#648,.F.);
#180=ORIENTED_EDGE('',*,*,#643,.T.);
#181=ORIENTED_EDGE('',*,*,#680,.T.);
#182=ORIENTED_EDGE('',*,*,#631,.F.);
#183=ORIENTED_EDGE('',*,*,#681,.T.);
#184=ORIENTED_EDGE('',*,*,#634,.F.);
#185=ORIENTED_EDGE('',*,*,#682,.T.);
#186=ORIENTED_EDGE('',*,*,#646,.T.);
#187=ORIENTED_EDGE('',*,*,#683,.F.);
#188=ORIENTED_EDGE('',*,*,#684,.T.);
#189=ORIENTED_EDGE('',*,*,#637,.F.);
#190=ORIENTED_EDGE('',*,*,#620,.T.);
#191=ORIENTED_EDGE('',*,*,#685,.F.);
#192=ORIENTED_EDGE('',*,*,#686,.F.);
#193=ORIENTED_EDGE('',*,*,#687,.T.);
#194=ORIENTED_EDGE('',*,*,#688,.T.);
#195=ORIENTED_EDGE('',*,*,#689,.T.);
#196=ORIENTED_EDGE('',*,*,#690,.T.);
#197=ORIENTED_EDGE('',*,*,#691,.T.);
#198=ORIENTED_EDGE('',*,*,#692,.T.);
#199=ORIENTED_EDGE('',*,*,#693,.T.);
#200=ORIENTED_EDGE('',*,*,#694,.F.);
#201=ORIENTED_EDGE('',*,*,#695,.F.);
#202=ORIENTED_EDGE('',*,*,#662,.F.);
#203=ORIENTED_EDGE('',*,*,#696,.F.);
#204=ORIENTED_EDGE('',*,*,#697,.T.);
#205=ORIENTED_EDGE('',*,*,#698,.F.);
#206=ORIENTED_EDGE('',*,*,#699,.F.);
#207=ORIENTED_EDGE('',*,*,#700,.F.);
#208=ORIENTED_EDGE('',*,*,#686,.T.);
#209=ORIENTED_EDGE('',*,*,#701,.F.);
#210=ORIENTED_EDGE('',*,*,#702,.F.);
#211=ORIENTED_EDGE('',*,*,#703,.F.);
#212=ORIENTED_EDGE('',*,*,#704,.T.);
#213=ORIENTED_EDGE('',*,*,#705,.T.);
#214=ORIENTED_EDGE('',*,*,#706,.F.);
#215=ORIENTED_EDGE('',*,*,#707,.F.);
#216=ORIENTED_EDGE('',*,*,#708,.T.);
#217=ORIENTED_EDGE('',*,*,#703,.T.);
#218=ORIENTED_EDGE('',*,*,#709,.F.);
#219=ORIENTED_EDGE('',*,*,#710,.F.);
#220=ORIENTED_EDGE('',*,*,#711,.T.);
#221=ORIENTED_EDGE('',*,*,#707,.T.);
#222=ORIENTED_EDGE('',*,*,#712,.F.);
#223=ORIENTED_EDGE('',*,*,#713,.F.);
#224=ORIENTED_EDGE('',*,*,#714,.T.);
#225=ORIENTED_EDGE('',*,*,#710,.T.);
#226=ORIENTED_EDGE('',*,*,#715,.F.);
#227=ORIENTED_EDGE('',*,*,#716,.F.);
#228=ORIENTED_EDGE('',*,*,#717,.T.);
#229=ORIENTED_EDGE('',*,*,#713,.T.);
#230=ORIENTED_EDGE('',*,*,#718,.F.);
#231=ORIENTED_EDGE('',*,*,#719,.F.);
#232=ORIENTED_EDGE('',*,*,#720,.T.);
#233=ORIENTED_EDGE('',*,*,#716,.T.);
#234=ORIENTED_EDGE('',*,*,#721,.F.);
#235=ORIENTED_EDGE('',*,*,#722,.F.);
#236=ORIENTED_EDGE('',*,*,#723,.T.);
#237=ORIENTED_EDGE('',*,*,#719,.T.);
#238=ORIENTED_EDGE('',*,*,#724,.F.);
#239=ORIENTED_EDGE('',*,*,#725,.F.);
#240=ORIENTED_EDGE('',*,*,#726,.T.);
#241=ORIENTED_EDGE('',*,*,#722,.T.);
#242=ORIENTED_EDGE('',*,*,#727,.F.);
#243=ORIENTED_EDGE('',*,*,#728,.F.);
#244=ORIENTED_EDGE('',*,*,#729,.T.);
#245=ORIENTED_EDGE('',*,*,#725,.T.);
#246=ORIENTED_EDGE('',*,*,#730,.F.);
#247=ORIENTED_EDGE('',*,*,#731,.F.);
#248=ORIENTED_EDGE('',*,*,#732,.T.);
#249=ORIENTED_EDGE('',*,*,#728,.T.);
#250=ORIENTED_EDGE('',*,*,#733,.F.);
#251=ORIENTED_EDGE('',*,*,#734,.F.);
#252=ORIENTED_EDGE('',*,*,#735,.T.);
#253=ORIENTED_EDGE('',*,*,#731,.T.);
#254=ORIENTED_EDGE('',*,*,#694,.T.);
#255=ORIENTED_EDGE('',*,*,#736,.T.);
#256=ORIENTED_EDGE('',*,*,#690,.F.);
#257=ORIENTED_EDGE('',*,*,#737,.F.);
#258=ORIENTED_EDGE('',*,*,#618,.T.);
#259=ORIENTED_EDGE('',*,*,#738,.T.);
#260=ORIENTED_EDGE('',*,*,#614,.F.);
#261=ORIENTED_EDGE('',*,*,#739,.F.);
#262=ORIENTED_EDGE('',*,*,#740,.F.);
#263=ORIENTED_EDGE('',*,*,#705,.F.);
#264=ORIENTED_EDGE('',*,*,#741,.T.);
#265=ORIENTED_EDGE('',*,*,#734,.T.);
#266=ORIENTED_EDGE('',*,*,#663,.T.);
#267=ORIENTED_EDGE('',*,*,#695,.T.);
#268=ORIENTED_EDGE('',*,*,#737,.T.);
#269=ORIENTED_EDGE('',*,*,#701,.T.);
#270=ORIENTED_EDGE('',*,*,#685,.T.);
#271=ORIENTED_EDGE('',*,*,#619,.T.);
#272=ORIENTED_EDGE('',*,*,#739,.T.);
#273=ORIENTED_EDGE('',*,*,#627,.T.);
#274=ORIENTED_EDGE('',*,*,#704,.F.);
#275=ORIENTED_EDGE('',*,*,#708,.F.);
#276=ORIENTED_EDGE('',*,*,#711,.F.);
#277=ORIENTED_EDGE('',*,*,#714,.F.);
#278=ORIENTED_EDGE('',*,*,#717,.F.);
#279=ORIENTED_EDGE('',*,*,#720,.F.);
#280=ORIENTED_EDGE('',*,*,#723,.F.);
#281=ORIENTED_EDGE('',*,*,#726,.F.);
#282=ORIENTED_EDGE('',*,*,#729,.F.);
#283=ORIENTED_EDGE('',*,*,#732,.F.);
#284=ORIENTED_EDGE('',*,*,#735,.F.);
#285=ORIENTED_EDGE('',*,*,#741,.F.);
#286=ORIENTED_EDGE('',*,*,#742,.F.);
#287=ORIENTED_EDGE('',*,*,#743,.F.);
#288=ORIENTED_EDGE('',*,*,#744,.F.);
#289=ORIENTED_EDGE('',*,*,#745,.F.);
#290=ORIENTED_EDGE('',*,*,#746,.F.);
#291=ORIENTED_EDGE('',*,*,#747,.F.);
#292=ORIENTED_EDGE('',*,*,#748,.F.);
#293=ORIENTED_EDGE('',*,*,#749,.F.);
#294=ORIENTED_EDGE('',*,*,#706,.T.);
#295=ORIENTED_EDGE('',*,*,#702,.T.);
#296=ORIENTED_EDGE('',*,*,#740,.T.);
#297=ORIENTED_EDGE('',*,*,#733,.T.);
#298=ORIENTED_EDGE('',*,*,#730,.T.);
#299=ORIENTED_EDGE('',*,*,#727,.T.);
#300=ORIENTED_EDGE('',*,*,#724,.T.);
#301=ORIENTED_EDGE('',*,*,#721,.T.);
#302=ORIENTED_EDGE('',*,*,#718,.T.);
#303=ORIENTED_EDGE('',*,*,#715,.T.);
#304=ORIENTED_EDGE('',*,*,#712,.T.);
#305=ORIENTED_EDGE('',*,*,#709,.T.);
#306=ORIENTED_EDGE('',*,*,#616,.F.);
#307=ORIENTED_EDGE('',*,*,#750,.T.);
#308=ORIENTED_EDGE('',*,*,#692,.F.);
#309=ORIENTED_EDGE('',*,*,#751,.T.);
#310=ORIENTED_EDGE('',*,*,#752,.T.);
#311=ORIENTED_EDGE('',*,*,#658,.F.);
#312=ORIENTED_EDGE('',*,*,#638,.F.);
#313=ORIENTED_EDGE('',*,*,#684,.F.);
#314=ORIENTED_EDGE('',*,*,#753,.T.);
#315=ORIENTED_EDGE('',*,*,#659,.F.);
#316=ORIENTED_EDGE('',*,*,#752,.F.);
#317=ORIENTED_EDGE('',*,*,#689,.F.);
#318=ORIENTED_EDGE('',*,*,#754,.T.);
#319=ORIENTED_EDGE('',*,*,#660,.F.);
#320=ORIENTED_EDGE('',*,*,#753,.F.);
#321=ORIENTED_EDGE('',*,*,#688,.F.);
#322=ORIENTED_EDGE('',*,*,#755,.F.);
#323=ORIENTED_EDGE('',*,*,#756,.T.);
#324=ORIENTED_EDGE('',*,*,#757,.T.);
#325=ORIENTED_EDGE('',*,*,#696,.T.);
#326=ORIENTED_EDGE('',*,*,#661,.F.);
#327=ORIENTED_EDGE('',*,*,#754,.F.);
#328=ORIENTED_EDGE('',*,*,#687,.F.);
#329=ORIENTED_EDGE('',*,*,#700,.T.);
#330=ORIENTED_EDGE('',*,*,#668,.F.);
#331=ORIENTED_EDGE('',*,*,#758,.F.);
#332=ORIENTED_EDGE('',*,*,#675,.T.);
#333=ORIENTED_EDGE('',*,*,#759,.T.);
#334=ORIENTED_EDGE('',*,*,#760,.T.);
#335=ORIENTED_EDGE('',*,*,#666,.F.);
#336=ORIENTED_EDGE('',*,*,#761,.F.);
#337=ORIENTED_EDGE('',*,*,#671,.T.);
#338=ORIENTED_EDGE('',*,*,#635,.F.);
#339=ORIENTED_EDGE('',*,*,#683,.T.);
#340=ORIENTED_EDGE('',*,*,#649,.T.);
#341=ORIENTED_EDGE('',*,*,#679,.F.);
#342=ORIENTED_EDGE('',*,*,#677,.T.);
#343=ORIENTED_EDGE('',*,*,#644,.F.);
#344=ORIENTED_EDGE('',*,*,#681,.F.);
#345=ORIENTED_EDGE('',*,*,#630,.T.);
#346=ORIENTED_EDGE('',*,*,#678,.T.);
#347=ORIENTED_EDGE('',*,*,#647,.F.);
#348=ORIENTED_EDGE('',*,*,#682,.F.);
#349=ORIENTED_EDGE('',*,*,#633,.T.);
#350=ORIENTED_EDGE('',*,*,#676,.T.);
#351=ORIENTED_EDGE('',*,*,#628,.F.);
#352=ORIENTED_EDGE('',*,*,#680,.F.);
#353=ORIENTED_EDGE('',*,*,#642,.T.);
#354=ORIENTED_EDGE('',*,*,#759,.F.);
#355=ORIENTED_EDGE('',*,*,#674,.F.);
#356=ORIENTED_EDGE('',*,*,#657,.T.);
#357=ORIENTED_EDGE('',*,*,#669,.F.);
#358=ORIENTED_EDGE('',*,*,#665,.T.);
#359=ORIENTED_EDGE('',*,*,#652,.F.);
#360=ORIENTED_EDGE('',*,*,#672,.T.);
#361=ORIENTED_EDGE('',*,*,#761,.T.);
#362=ORIENTED_EDGE('',*,*,#664,.T.);
#363=ORIENTED_EDGE('',*,*,#760,.F.);
#364=ORIENTED_EDGE('',*,*,#670,.T.);
#365=ORIENTED_EDGE('',*,*,#650,.T.);
#366=ORIENTED_EDGE('',*,*,#667,.T.);
#367=ORIENTED_EDGE('',*,*,#655,.F.);
#368=ORIENTED_EDGE('',*,*,#673,.T.);
#369=ORIENTED_EDGE('',*,*,#758,.T.);
#370=ORIENTED_EDGE('',*,*,#622,.F.);
#371=ORIENTED_EDGE('',*,*,#636,.T.);
#372=ORIENTED_EDGE('',*,*,#762,.F.);
#373=ORIENTED_EDGE('',*,*,#763,.F.);
#374=ORIENTED_EDGE('',*,*,#764,.F.);
#375=ORIENTED_EDGE('',*,*,#765,.F.);
#376=ORIENTED_EDGE('',*,*,#766,.F.);
#377=ORIENTED_EDGE('',*,*,#767,.F.);
#378=ORIENTED_EDGE('',*,*,#768,.F.);
#379=ORIENTED_EDGE('',*,*,#769,.F.);
#380=ORIENTED_EDGE('',*,*,#770,.F.);
#381=ORIENTED_EDGE('',*,*,#640,.F.);
#382=ORIENTED_EDGE('',*,*,#624,.T.);
#383=ORIENTED_EDGE('',*,*,#771,.T.);
#384=ORIENTED_EDGE('',*,*,#772,.T.);
#385=ORIENTED_EDGE('',*,*,#773,.T.);
#386=ORIENTED_EDGE('',*,*,#774,.T.);
#387=ORIENTED_EDGE('',*,*,#775,.T.);
#388=ORIENTED_EDGE('',*,*,#776,.T.);
#389=ORIENTED_EDGE('',*,*,#777,.T.);
#390=ORIENTED_EDGE('',*,*,#778,.T.);
#391=ORIENTED_EDGE('',*,*,#779,.T.);
#392=ORIENTED_EDGE('',*,*,#774,.F.);
#393=ORIENTED_EDGE('',*,*,#780,.F.);
#394=ORIENTED_EDGE('',*,*,#767,.T.);
#395=ORIENTED_EDGE('',*,*,#781,.T.);
#396=ORIENTED_EDGE('',*,*,#775,.F.);
#397=ORIENTED_EDGE('',*,*,#781,.F.);
#398=ORIENTED_EDGE('',*,*,#766,.T.);
#399=ORIENTED_EDGE('',*,*,#782,.T.);
#400=ORIENTED_EDGE('',*,*,#776,.F.);
#401=ORIENTED_EDGE('',*,*,#782,.F.);
#402=ORIENTED_EDGE('',*,*,#765,.T.);
#403=ORIENTED_EDGE('',*,*,#783,.T.);
#404=ORIENTED_EDGE('',*,*,#777,.F.);
#405=ORIENTED_EDGE('',*,*,#783,.F.);
#406=ORIENTED_EDGE('',*,*,#764,.T.);
#407=ORIENTED_EDGE('',*,*,#784,.T.);
#408=ORIENTED_EDGE('',*,*,#778,.F.);
#409=ORIENTED_EDGE('',*,*,#784,.F.);
#410=ORIENTED_EDGE('',*,*,#763,.T.);
#411=ORIENTED_EDGE('',*,*,#785,.T.);
#412=ORIENTED_EDGE('',*,*,#779,.F.);
#413=ORIENTED_EDGE('',*,*,#785,.F.);
#414=ORIENTED_EDGE('',*,*,#762,.T.);
#415=ORIENTED_EDGE('',*,*,#641,.T.);
#416=ORIENTED_EDGE('',*,*,#771,.F.);
#417=ORIENTED_EDGE('',*,*,#623,.T.);
#418=ORIENTED_EDGE('',*,*,#770,.T.);
#419=ORIENTED_EDGE('',*,*,#786,.T.);
#420=ORIENTED_EDGE('',*,*,#772,.F.);
#421=ORIENTED_EDGE('',*,*,#786,.F.);
#422=ORIENTED_EDGE('',*,*,#769,.T.);
#423=ORIENTED_EDGE('',*,*,#787,.T.);
#424=ORIENTED_EDGE('',*,*,#773,.F.);
#425=ORIENTED_EDGE('',*,*,#787,.F.);
#426=ORIENTED_EDGE('',*,*,#768,.T.);
#427=ORIENTED_EDGE('',*,*,#780,.T.);
#428=ORIENTED_EDGE('',*,*,#755,.T.);
#429=ORIENTED_EDGE('',*,*,#699,.T.);
#430=ORIENTED_EDGE('',*,*,#788,.F.);
#431=ORIENTED_EDGE('',*,*,#789,.F.);
#432=ORIENTED_EDGE('',*,*,#790,.F.);
#433=ORIENTED_EDGE('',*,*,#791,.F.);
#434=ORIENTED_EDGE('',*,*,#792,.F.);
#435=ORIENTED_EDGE('',*,*,#793,.F.);
#436=ORIENTED_EDGE('',*,*,#794,.F.);
#437=ORIENTED_EDGE('',*,*,#795,.F.);
#438=ORIENTED_EDGE('',*,*,#796,.F.);
#439=ORIENTED_EDGE('',*,*,#797,.F.);
#440=ORIENTED_EDGE('',*,*,#798,.F.);
#441=ORIENTED_EDGE('',*,*,#791,.T.);
#442=ORIENTED_EDGE('',*,*,#799,.T.);
#443=ORIENTED_EDGE('',*,*,#800,.F.);
#444=ORIENTED_EDGE('',*,*,#799,.F.);
#445=ORIENTED_EDGE('',*,*,#790,.T.);
#446=ORIENTED_EDGE('',*,*,#801,.T.);
#447=ORIENTED_EDGE('',*,*,#802,.F.);
#448=ORIENTED_EDGE('',*,*,#801,.F.);
#449=ORIENTED_EDGE('',*,*,#789,.T.);
#450=ORIENTED_EDGE('',*,*,#803,.T.);
#451=ORIENTED_EDGE('',*,*,#788,.T.);
#452=ORIENTED_EDGE('',*,*,#698,.T.);
#453=ORIENTED_EDGE('',*,*,#804,.F.);
#454=ORIENTED_EDGE('',*,*,#803,.F.);
#455=ORIENTED_EDGE('',*,*,#805,.F.);
#456=ORIENTED_EDGE('',*,*,#756,.F.);
#457=ORIENTED_EDGE('',*,*,#796,.T.);
#458=ORIENTED_EDGE('',*,*,#806,.T.);
#459=ORIENTED_EDGE('',*,*,#807,.F.);
#460=ORIENTED_EDGE('',*,*,#806,.F.);
#461=ORIENTED_EDGE('',*,*,#795,.T.);
#462=ORIENTED_EDGE('',*,*,#808,.T.);
#463=ORIENTED_EDGE('',*,*,#809,.F.);
#464=ORIENTED_EDGE('',*,*,#808,.F.);
#465=ORIENTED_EDGE('',*,*,#794,.T.);
#466=ORIENTED_EDGE('',*,*,#810,.T.);
#467=ORIENTED_EDGE('',*,*,#811,.F.);
#468=ORIENTED_EDGE('',*,*,#810,.F.);
#469=ORIENTED_EDGE('',*,*,#793,.T.);
#470=ORIENTED_EDGE('',*,*,#812,.T.);
#471=ORIENTED_EDGE('',*,*,#813,.F.);
#472=ORIENTED_EDGE('',*,*,#812,.F.);
#473=ORIENTED_EDGE('',*,*,#792,.T.);
#474=ORIENTED_EDGE('',*,*,#798,.T.);
#475=ORIENTED_EDGE('',*,*,#697,.F.);
#476=ORIENTED_EDGE('',*,*,#757,.F.);
#477=ORIENTED_EDGE('',*,*,#805,.T.);
#478=ORIENTED_EDGE('',*,*,#807,.T.);
#479=ORIENTED_EDGE('',*,*,#809,.T.);
#480=ORIENTED_EDGE('',*,*,#811,.T.);
#481=ORIENTED_EDGE('',*,*,#813,.T.);
#482=ORIENTED_EDGE('',*,*,#797,.T.);
#483=ORIENTED_EDGE('',*,*,#800,.T.);
#484=ORIENTED_EDGE('',*,*,#802,.T.);
#485=ORIENTED_EDGE('',*,*,#804,.T.);
#486=ORIENTED_EDGE('',*,*,#617,.F.);
#487=ORIENTED_EDGE('',*,*,#750,.F.);
#488=ORIENTED_EDGE('',*,*,#615,.F.);
#489=ORIENTED_EDGE('',*,*,#738,.F.);
#490=ORIENTED_EDGE('',*,*,#693,.F.);
#491=ORIENTED_EDGE('',*,*,#751,.F.);
#492=ORIENTED_EDGE('',*,*,#691,.F.);
#493=ORIENTED_EDGE('',*,*,#736,.F.);
#494=ORIENTED_EDGE('',*,*,#742,.T.);
#495=ORIENTED_EDGE('',*,*,#814,.F.);
#496=ORIENTED_EDGE('',*,*,#815,.F.);
#497=ORIENTED_EDGE('',*,*,#816,.T.);
#498=ORIENTED_EDGE('',*,*,#749,.T.);
#499=ORIENTED_EDGE('',*,*,#817,.F.);
#500=ORIENTED_EDGE('',*,*,#818,.F.);
#501=ORIENTED_EDGE('',*,*,#814,.T.);
#502=ORIENTED_EDGE('',*,*,#748,.T.);
#503=ORIENTED_EDGE('',*,*,#819,.F.);
#504=ORIENTED_EDGE('',*,*,#820,.F.);
#505=ORIENTED_EDGE('',*,*,#817,.T.);
#506=ORIENTED_EDGE('',*,*,#747,.T.);
#507=ORIENTED_EDGE('',*,*,#821,.F.);
#508=ORIENTED_EDGE('',*,*,#822,.F.);
#509=ORIENTED_EDGE('',*,*,#819,.T.);
#510=ORIENTED_EDGE('',*,*,#746,.T.);
#511=ORIENTED_EDGE('',*,*,#823,.F.);
#512=ORIENTED_EDGE('',*,*,#824,.F.);
#513=ORIENTED_EDGE('',*,*,#821,.T.);
#514=ORIENTED_EDGE('',*,*,#745,.T.);
#515=ORIENTED_EDGE('',*,*,#825,.F.);
#516=ORIENTED_EDGE('',*,*,#826,.F.);
#517=ORIENTED_EDGE('',*,*,#823,.T.);
#518=ORIENTED_EDGE('',*,*,#744,.T.);
#519=ORIENTED_EDGE('',*,*,#827,.F.);
#520=ORIENTED_EDGE('',*,*,#828,.F.);
#521=ORIENTED_EDGE('',*,*,#825,.T.);
#522=ORIENTED_EDGE('',*,*,#743,.T.);
#523=ORIENTED_EDGE('',*,*,#816,.F.);
#524=ORIENTED_EDGE('',*,*,#829,.F.);
#525=ORIENTED_EDGE('',*,*,#827,.T.);
#526=ORIENTED_EDGE('',*,*,#830,.T.);
#527=ORIENTED_EDGE('',*,*,#831,.T.);
#528=ORIENTED_EDGE('',*,*,#832,.T.);
#529=ORIENTED_EDGE('',*,*,#833,.T.);
#530=ORIENTED_EDGE('',*,*,#834,.T.);
#531=ORIENTED_EDGE('',*,*,#835,.T.);
#532=ORIENTED_EDGE('',*,*,#836,.T.);
#533=ORIENTED_EDGE('',*,*,#837,.T.);
#534=ORIENTED_EDGE('',*,*,#815,.T.);
#535=ORIENTED_EDGE('',*,*,#818,.T.);
#536=ORIENTED_EDGE('',*,*,#820,.T.);
#537=ORIENTED_EDGE('',*,*,#822,.T.);
#538=ORIENTED_EDGE('',*,*,#824,.T.);
#539=ORIENTED_EDGE('',*,*,#826,.T.);
#540=ORIENTED_EDGE('',*,*,#828,.T.);
#541=ORIENTED_EDGE('',*,*,#829,.T.);
#542=ORIENTED_EDGE('',*,*,#838,.F.);
#543=ORIENTED_EDGE('',*,*,#839,.T.);
#544=ORIENTED_EDGE('',*,*,#840,.T.);
#545=ORIENTED_EDGE('',*,*,#830,.F.);
#546=ORIENTED_EDGE('',*,*,#840,.F.);
#547=ORIENTED_EDGE('',*,*,#841,.T.);
#548=ORIENTED_EDGE('',*,*,#842,.T.);
#549=ORIENTED_EDGE('',*,*,#831,.F.);
#550=ORIENTED_EDGE('',*,*,#842,.F.);
#551=ORIENTED_EDGE('',*,*,#843,.T.);
#552=ORIENTED_EDGE('',*,*,#844,.T.);
#553=ORIENTED_EDGE('',*,*,#832,.F.);
#554=ORIENTED_EDGE('',*,*,#844,.F.);
#555=ORIENTED_EDGE('',*,*,#845,.T.);
#556=ORIENTED_EDGE('',*,*,#846,.T.);
#557=ORIENTED_EDGE('',*,*,#833,.F.);
#558=ORIENTED_EDGE('',*,*,#846,.F.);
#559=ORIENTED_EDGE('',*,*,#847,.T.);
#560=ORIENTED_EDGE('',*,*,#848,.T.);
#561=ORIENTED_EDGE('',*,*,#834,.F.);
#562=ORIENTED_EDGE('',*,*,#848,.F.);
#563=ORIENTED_EDGE('',*,*,#849,.T.);
#564=ORIENTED_EDGE('',*,*,#850,.T.);
#565=ORIENTED_EDGE('',*,*,#835,.F.);
#566=ORIENTED_EDGE('',*,*,#850,.F.);
#567=ORIENTED_EDGE('',*,*,#851,.T.);
#568=ORIENTED_EDGE('',*,*,#852,.T.);
#569=ORIENTED_EDGE('',*,*,#836,.F.);
#570=ORIENTED_EDGE('',*,*,#852,.F.);
#571=ORIENTED_EDGE('',*,*,#853,.T.);
#572=ORIENTED_EDGE('',*,*,#838,.T.);
#573=ORIENTED_EDGE('',*,*,#837,.F.);
#574=ORIENTED_EDGE('',*,*,#854,.T.);
#575=ORIENTED_EDGE('',*,*,#855,.T.);
#576=ORIENTED_EDGE('',*,*,#856,.T.);
#577=ORIENTED_EDGE('',*,*,#857,.T.);
#578=ORIENTED_EDGE('',*,*,#858,.T.);
#579=ORIENTED_EDGE('',*,*,#859,.T.);
#580=ORIENTED_EDGE('',*,*,#860,.T.);
#581=ORIENTED_EDGE('',*,*,#861,.T.);
#582=ORIENTED_EDGE('',*,*,#862,.F.);
#583=ORIENTED_EDGE('',*,*,#859,.F.);
#584=ORIENTED_EDGE('',*,*,#863,.F.);
#585=ORIENTED_EDGE('',*,*,#839,.F.);
#586=ORIENTED_EDGE('',*,*,#863,.T.);
#587=ORIENTED_EDGE('',*,*,#858,.F.);
#588=ORIENTED_EDGE('',*,*,#864,.F.);
#589=ORIENTED_EDGE('',*,*,#841,.F.);
#590=ORIENTED_EDGE('',*,*,#862,.T.);
#591=ORIENTED_EDGE('',*,*,#853,.F.);
#592=ORIENTED_EDGE('',*,*,#865,.F.);
#593=ORIENTED_EDGE('',*,*,#860,.F.);
#594=ORIENTED_EDGE('',*,*,#864,.T.);
#595=ORIENTED_EDGE('',*,*,#857,.F.);
#596=ORIENTED_EDGE('',*,*,#866,.F.);
#597=ORIENTED_EDGE('',*,*,#843,.F.);
#598=ORIENTED_EDGE('',*,*,#865,.T.);
#599=ORIENTED_EDGE('',*,*,#851,.F.);
#600=ORIENTED_EDGE('',*,*,#867,.F.);
#601=ORIENTED_EDGE('',*,*,#861,.F.);
#602=ORIENTED_EDGE('',*,*,#866,.T.);
#603=ORIENTED_EDGE('',*,*,#856,.F.);
#604=ORIENTED_EDGE('',*,*,#868,.F.);
#605=ORIENTED_EDGE('',*,*,#845,.F.);
#606=ORIENTED_EDGE('',*,*,#867,.T.);
#607=ORIENTED_EDGE('',*,*,#849,.F.);
#608=ORIENTED_EDGE('',*,*,#869,.F.);
#609=ORIENTED_EDGE('',*,*,#854,.F.);
#610=ORIENTED_EDGE('',*,*,#868,.T.);
#611=ORIENTED_EDGE('',*,*,#855,.F.);
#612=ORIENTED_EDGE('',*,*,#869,.T.);
#613=ORIENTED_EDGE('',*,*,#847,.F.);
#614=EDGE_CURVE('',#870,#871,#1038,.T.);
#615=EDGE_CURVE('',#871,#872,#98,.T.);
#616=EDGE_CURVE('',#872,#873,#1039,.T.);
#617=EDGE_CURVE('',#873,#874,#99,.T.);
#618=EDGE_CURVE('',#875,#874,#1040,.T.);
#619=EDGE_CURVE('',#876,#875,#1041,.T.);
#620=EDGE_CURVE('',#877,#876,#1042,.T.);
#621=EDGE_CURVE('',#877,#878,#1043,.T.);
#622=EDGE_CURVE('',#878,#879,#1044,.T.);
#623=EDGE_CURVE('',#880,#879,#1045,.T.);
#624=EDGE_CURVE('',#881,#880,#1046,.T.);
#625=EDGE_CURVE('',#881,#882,#1047,.T.);
#626=EDGE_CURVE('',#882,#883,#1048,.T.);
#627=EDGE_CURVE('',#870,#883,#1049,.T.);
#628=EDGE_CURVE('',#884,#885,#1050,.T.);
#629=EDGE_CURVE('',#886,#885,#1051,.T.);
#630=EDGE_CURVE('',#887,#886,#1052,.T.);
#631=EDGE_CURVE('',#887,#884,#1053,.T.);
#632=EDGE_CURVE('',#888,#889,#1054,.T.);
#633=EDGE_CURVE('',#890,#888,#1055,.T.);
#634=EDGE_CURVE('',#890,#891,#1056,.T.);
#635=EDGE_CURVE('',#891,#889,#1057,.T.);
#636=EDGE_CURVE('',#878,#892,#1058,.T.);
#637=EDGE_CURVE('',#877,#893,#1059,.T.);
#638=EDGE_CURVE('',#893,#894,#1060,.T.);
#639=EDGE_CURVE('',#882,#894,#1061,.T.);
#640=EDGE_CURVE('',#881,#895,#1062,.T.);
#641=EDGE_CURVE('',#892,#895,#1063,.T.);
#642=EDGE_CURVE('',#896,#897,#1064,.T.);
#643=EDGE_CURVE('',#898,#896,#1065,.T.);
#644=EDGE_CURVE('',#898,#899,#1066,.T.);
#645=EDGE_CURVE('',#899,#897,#1067,.T.);
#646=EDGE_CURVE('',#900,#901,#1068,.T.);
#647=EDGE_CURVE('',#900,#902,#1069,.T.);
#648=EDGE_CURVE('',#902,#903,#1070,.T.);
#649=EDGE_CURVE('',#901,#903,#1071,.T.);
#650=EDGE_CURVE('',#904,#905,#1072,.T.);
#651=EDGE_CURVE('',#906,#904,#1073,.T.);
#652=EDGE_CURVE('',#906,#907,#1074,.T.);
#653=EDGE_CURVE('',#907,#905,#1075,.T.);
#654=EDGE_CURVE('',#908,#909,#1076,.T.);
#655=EDGE_CURVE('',#908,#910,#1077,.T.);
#656=EDGE_CURVE('',#910,#911,#1078,.T.);
#657=EDGE_CURVE('',#909,#911,#1079,.T.);
#658=EDGE_CURVE('',#894,#912,#1080,.T.);
#659=EDGE_CURVE('',#912,#913,#1081,.T.);
#660=EDGE_CURVE('',#913,#914,#1082,.T.);
#661=EDGE_CURVE('',#914,#915,#1083,.T.);
#662=EDGE_CURVE('',#915,#916,#1084,.T.);
#663=EDGE_CURVE('',#883,#916,#1085,.T.);
#664=EDGE_CURVE('',#905,#917,#1086,.T.);
#665=EDGE_CURVE('',#918,#907,#1087,.T.);
#666=EDGE_CURVE('',#918,#917,#1088,.T.);
#667=EDGE_CURVE('',#919,#910,#1089,.T.);
#668=EDGE_CURVE('',#919,#920,#1090,.T.);
#669=EDGE_CURVE('',#920,#911,#1091,.T.);
#670=EDGE_CURVE('',#921,#904,#1092,.T.);
#671=EDGE_CURVE('',#922,#921,#1093,.T.);
#672=EDGE_CURVE('',#906,#922,#1094,.T.);
#673=EDGE_CURVE('',#908,#923,#1095,.T.);
#674=EDGE_CURVE('',#909,#924,#1096,.T.);
#675=EDGE_CURVE('',#923,#924,#1097,.T.);
#676=EDGE_CURVE('',#897,#885,#1098,.T.);
#677=EDGE_CURVE('',#886,#899,#1099,.T.);
#678=EDGE_CURVE('',#888,#902,#1100,.T.);
#679=EDGE_CURVE('',#889,#903,#1101,.T.);
#680=EDGE_CURVE('',#896,#884,#1102,.T.);
#681=EDGE_CURVE('',#887,#898,#1103,.T.);
#682=EDGE_CURVE('',#890,#900,#1104,.T.);
#683=EDGE_CURVE('',#891,#901,#1105,.T.);
#684=EDGE_CURVE('',#925,#893,#1106,.T.);
#685=EDGE_CURVE('',#926,#876,#1107,.T.);
#686=EDGE_CURVE('',#927,#926,#1108,.T.);
#687=EDGE_CURVE('',#927,#928,#1109,.T.);
#688=EDGE_CURVE('',#928,#929,#1110,.T.);
#689=EDGE_CURVE('',#929,#925,#1111,.T.);
#690=EDGE_CURVE('',#930,#931,#1112,.T.);
#691=EDGE_CURVE('',#931,#932,#100,.T.);
#692=EDGE_CURVE('',#932,#933,#1113,.T.);
#693=EDGE_CURVE('',#933,#934,#101,.T.);
#694=EDGE_CURVE('',#935,#934,#1114,.T.);
#695=EDGE_CURVE('',#916,#935,#1115,.T.);
#696=EDGE_CURVE('',#936,#915,#1116,.T.);
#697=EDGE_CURVE('',#936,#937,#1117,.T.);
#698=EDGE_CURVE('',#938,#937,#1118,.T.);
#699=EDGE_CURVE('',#939,#938,#1119,.T.);
#700=EDGE_CURVE('',#927,#939,#1120,.T.);
#701=EDGE_CURVE('',#930,#926,#1121,.T.);
#702=EDGE_CURVE('',#940,#941,#1122,.T.);
#703=EDGE_CURVE('',#942,#940,#1123,.T.);
#704=EDGE_CURVE('',#942,#943,#1124,.T.);
#705=EDGE_CURVE('',#943,#941,#1125,.T.);
#706=EDGE_CURVE('',#944,#940,#1126,.T.);
#707=EDGE_CURVE('',#945,#944,#1127,.T.);
#708=EDGE_CURVE('',#945,#942,#1128,.T.);
#709=EDGE_CURVE('',#946,#944,#1129,.T.);
#710=EDGE_CURVE('',#947,#946,#1130,.T.);
#711=EDGE_CURVE('',#947,#945,#1131,.T.);
#712=EDGE_CURVE('',#948,#946,#26,.T.);
#713=EDGE_CURVE('',#949,#948,#1132,.T.);
#714=EDGE_CURVE('',#949,#947,#27,.T.);
#715=EDGE_CURVE('',#950,#948,#1133,.T.);
#716=EDGE_CURVE('',#951,#950,#1134,.T.);
#717=EDGE_CURVE('',#951,#949,#1135,.T.);
#718=EDGE_CURVE('',#952,#950,#1136,.T.);
#719=EDGE_CURVE('',#953,#952,#1137,.T.);
#720=EDGE_CURVE('',#953,#951,#1138,.T.);
#721=EDGE_CURVE('',#954,#952,#1139,.T.);
#722=EDGE_CURVE('',#955,#954,#1140,.T.);
#723=EDGE_CURVE('',#955,#953,#1141,.T.);
#724=EDGE_CURVE('',#956,#954,#1142,.T.);
#725=EDGE_CURVE('',#957,#956,#1143,.T.);
#726=EDGE_CURVE('',#957,#955,#1144,.T.);
#727=EDGE_CURVE('',#958,#956,#1145,.T.);
#728=EDGE_CURVE('',#959,#958,#1146,.T.);
#729=EDGE_CURVE('',#959,#957,#1147,.T.);
#730=EDGE_CURVE('',#960,#958,#28,.T.);
#731=EDGE_CURVE('',#961,#960,#1148,.T.);
#732=EDGE_CURVE('',#961,#959,#29,.T.);
#733=EDGE_CURVE('',#962,#960,#1149,.T.);
#734=EDGE_CURVE('',#963,#962,#1150,.T.);
#735=EDGE_CURVE('',#963,#961,#1151,.T.);
#736=EDGE_CURVE('',#934,#931,#30,.T.);
#737=EDGE_CURVE('',#935,#930,#31,.T.);
#738=EDGE_CURVE('',#874,#871,#32,.T.);
#739=EDGE_CURVE('',#875,#870,#33,.T.);
#740=EDGE_CURVE('',#941,#962,#1152,.T.);
#741=EDGE_CURVE('',#943,#963,#1153,.T.);
#742=EDGE_CURVE('',#964,#965,#1154,.T.);
#743=EDGE_CURVE('',#966,#964,#34,.T.);
#744=EDGE_CURVE('',#967,#966,#1155,.T.);
#745=EDGE_CURVE('',#968,#967,#35,.T.);
#746=EDGE_CURVE('',#969,#968,#1156,.T.);
#747=EDGE_CURVE('',#970,#969,#36,.T.);
#748=EDGE_CURVE('',#971,#970,#1157,.T.);
#749=EDGE_CURVE('',#965,#971,#37,.T.);
#750=EDGE_CURVE('',#872,#873,#38,.F.);
#751=EDGE_CURVE('',#932,#933,#39,.F.);
#752=EDGE_CURVE('',#925,#912,#1158,.T.);
#753=EDGE_CURVE('',#929,#913,#1159,.T.);
#754=EDGE_CURVE('',#928,#914,#1160,.T.);
#755=EDGE_CURVE('',#972,#939,#1161,.T.);
#756=EDGE_CURVE('',#972,#973,#1162,.T.);
#757=EDGE_CURVE('',#973,#936,#1163,.T.);
#758=EDGE_CURVE('',#923,#919,#1164,.T.);
#759=EDGE_CURVE('',#924,#920,#1165,.T.);
#760=EDGE_CURVE('',#921,#917,#1166,.T.);
#761=EDGE_CURVE('',#922,#918,#1167,.T.);
#762=EDGE_CURVE('',#974,#892,#1168,.T.);
#763=EDGE_CURVE('',#975,#974,#40,.T.);
#764=EDGE_CURVE('',#976,#975,#1169,.T.);
#765=EDGE_CURVE('',#977,#976,#41,.T.);
#766=EDGE_CURVE('',#978,#977,#1170,.T.);
#767=EDGE_CURVE('',#979,#978,#1171,.T.);
#768=EDGE_CURVE('',#980,#979,#1172,.T.);
#769=EDGE_CURVE('',#981,#980,#42,.T.);
#770=EDGE_CURVE('',#879,#981,#1173,.T.);
#771=EDGE_CURVE('',#880,#982,#1174,.T.);
#772=EDGE_CURVE('',#982,#983,#43,.T.);
#773=EDGE_CURVE('',#983,#984,#1175,.T.);
#774=EDGE_CURVE('',#984,#985,#1176,.T.);
#775=EDGE_CURVE('',#985,#986,#1177,.T.);
#776=EDGE_CURVE('',#986,#987,#44,.T.);
#777=EDGE_CURVE('',#987,#988,#1178,.T.);
#778=EDGE_CURVE('',#988,#989,#45,.T.);
#779=EDGE_CURVE('',#989,#895,#1179,.T.);
#780=EDGE_CURVE('',#979,#984,#1180,.T.);
#781=EDGE_CURVE('',#978,#985,#1181,.T.);
#782=EDGE_CURVE('',#977,#986,#1182,.T.);
#783=EDGE_CURVE('',#976,#987,#1183,.T.);
#784=EDGE_CURVE('',#975,#988,#1184,.T.);
#785=EDGE_CURVE('',#974,#989,#1185,.T.);
#786=EDGE_CURVE('',#981,#982,#1186,.T.);
#787=EDGE_CURVE('',#980,#983,#1187,.T.);
#788=EDGE_CURVE('',#990,#938,#1188,.T.);
#789=EDGE_CURVE('',#991,#990,#46,.T.);
#790=EDGE_CURVE('',#992,#991,#1189,.T.);
#791=EDGE_CURVE('',#993,#992,#1190,.T.);
#792=EDGE_CURVE('',#994,#993,#1191,.T.);
#793=EDGE_CURVE('',#995,#994,#47,.T.);
#794=EDGE_CURVE('',#996,#995,#1192,.T.);
#795=EDGE_CURVE('',#997,#996,#48,.T.);
#796=EDGE_CURVE('',#972,#997,#1193,.T.);
#797=EDGE_CURVE('',#998,#999,#1194,.T.);
#798=EDGE_CURVE('',#993,#998,#1195,.T.);
#799=EDGE_CURVE('',#992,#999,#1196,.T.);
#800=EDGE_CURVE('',#999,#1000,#1197,.T.);
#801=EDGE_CURVE('',#991,#1000,#1198,.T.);
#802=EDGE_CURVE('',#1000,#1001,#49,.T.);
#803=EDGE_CURVE('',#990,#1001,#1199,.T.);
#804=EDGE_CURVE('',#1001,#937,#1200,.T.);
#805=EDGE_CURVE('',#973,#1002,#1201,.T.);
#806=EDGE_CURVE('',#997,#1002,#1202,.T.);
#807=EDGE_CURVE('',#1002,#1003,#50,.T.);
#808=EDGE_CURVE('',#996,#1003,#1203,.T.);
#809=EDGE_CURVE('',#1003,#1004,#1204,.T.);
#810=EDGE_CURVE('',#995,#1004,#1205,.T.);
#811=EDGE_CURVE('',#1004,#1005,#51,.T.);
#812=EDGE_CURVE('',#994,#1005,#1206,.T.);
#813=EDGE_CURVE('',#1005,#998,#1207,.T.);
#814=EDGE_CURVE('',#1006,#965,#1208,.T.);
#815=EDGE_CURVE('',#1007,#1006,#1209,.T.);
#816=EDGE_CURVE('',#1007,#964,#1210,.T.);
#817=EDGE_CURVE('',#1008,#971,#1211,.T.);
#818=EDGE_CURVE('',#1006,#1008,#52,.T.);
#819=EDGE_CURVE('',#1009,#970,#1212,.T.);
#820=EDGE_CURVE('',#1008,#1009,#1213,.T.);
#821=EDGE_CURVE('',#1010,#969,#1214,.T.);
#822=EDGE_CURVE('',#1009,#1010,#53,.T.);
#823=EDGE_CURVE('',#1011,#968,#1215,.T.);
#824=EDGE_CURVE('',#1010,#1011,#1216,.T.);
#825=EDGE_CURVE('',#1012,#967,#1217,.T.);
#826=EDGE_CURVE('',#1011,#1012,#54,.T.);
#827=EDGE_CURVE('',#1013,#966,#1218,.T.);
#828=EDGE_CURVE('',#1012,#1013,#1219,.T.);
#829=EDGE_CURVE('',#1013,#1007,#55,.T.);
#830=EDGE_CURVE('',#1014,#1015,#1220,.T.);
#831=EDGE_CURVE('',#1015,#1016,#56,.T.);
#832=EDGE_CURVE('',#1016,#1017,#1221,.T.);
#833=EDGE_CURVE('',#1017,#1018,#57,.T.);
#834=EDGE_CURVE('',#1018,#1019,#1222,.T.);
#835=EDGE_CURVE('',#1019,#1020,#58,.T.);
#836=EDGE_CURVE('',#1020,#1021,#1223,.T.);
#837=EDGE_CURVE('',#1021,#1014,#59,.T.);
#838=EDGE_CURVE('',#1022,#1014,#1224,.T.);
#839=EDGE_CURVE('',#1022,#1023,#1225,.T.);
#840=EDGE_CURVE('',#1023,#1015,#1226,.T.);
#841=EDGE_CURVE('',#1023,#1024,#60,.T.);
#842=EDGE_CURVE('',#1024,#1016,#1227,.T.);
#843=EDGE_CURVE('',#1024,#1025,#1228,.T.);
#844=EDGE_CURVE('',#1025,#1017,#1229,.T.);
#845=EDGE_CURVE('',#1025,#1026,#61,.T.);
#846=EDGE_CURVE('',#1026,#1018,#1230,.T.);
#847=EDGE_CURVE('',#1026,#1027,#1231,.T.);
#848=EDGE_CURVE('',#1027,#1019,#1232,.T.);
#849=EDGE_CURVE('',#1027,#1028,#62,.T.);
#850=EDGE_CURVE('',#1028,#1020,#1233,.T.);
#851=EDGE_CURVE('',#1028,#1029,#1234,.T.);
#852=EDGE_CURVE('',#1029,#1021,#1235,.T.);
#853=EDGE_CURVE('',#1029,#1022,#63,.T.);
#854=EDGE_CURVE('',#1030,#1031,#64,.F.);
#855=EDGE_CURVE('',#1031,#1032,#1236,.F.);
#856=EDGE_CURVE('',#1032,#1033,#65,.F.);
#857=EDGE_CURVE('',#1033,#1034,#1237,.F.);
#858=EDGE_CURVE('',#1034,#1035,#66,.F.);
#859=EDGE_CURVE('',#1035,#1036,#1238,.F.);
#860=EDGE_CURVE('',#1036,#1037,#67,.F.);
#861=EDGE_CURVE('',#1037,#1030,#1239,.F.);
#862=EDGE_CURVE('',#1036,#1022,#68,.T.);
#863=EDGE_CURVE('',#1023,#1035,#69,.T.);
#864=EDGE_CURVE('',#1024,#1034,#70,.T.);
#865=EDGE_CURVE('',#1037,#1029,#71,.T.);
#866=EDGE_CURVE('',#1025,#1033,#72,.T.);
#867=EDGE_CURVE('',#1030,#1028,#73,.T.);
#868=EDGE_CURVE('',#1026,#1032,#74,.T.);
#869=EDGE_CURVE('',#1031,#1027,#75,.T.);
#870=VERTEX_POINT('',#3151);
#871=VERTEX_POINT('',#3152);
#872=VERTEX_POINT('',#3157);
#873=VERTEX_POINT('',#3159);
#874=VERTEX_POINT('',#3164);
#875=VERTEX_POINT('',#3166);
#876=VERTEX_POINT('',#3168);
#877=VERTEX_POINT('',#3170);
#878=VERTEX_POINT('',#3172);
#879=VERTEX_POINT('',#3174);
#880=VERTEX_POINT('',#3176);
#881=VERTEX_POINT('',#3178);
#882=VERTEX_POINT('',#3180);
#883=VERTEX_POINT('',#3182);
#884=VERTEX_POINT('',#3186);
#885=VERTEX_POINT('',#3187);
#886=VERTEX_POINT('',#3189);
#887=VERTEX_POINT('',#3191);
#888=VERTEX_POINT('',#3194);
#889=VERTEX_POINT('',#3195);
#890=VERTEX_POINT('',#3197);
#891=VERTEX_POINT('',#3199);
#892=VERTEX_POINT('',#3202);
#893=VERTEX_POINT('',#3204);
#894=VERTEX_POINT('',#3206);
#895=VERTEX_POINT('',#3209);
#896=VERTEX_POINT('',#3213);
#897=VERTEX_POINT('',#3214);
#898=VERTEX_POINT('',#3216);
#899=VERTEX_POINT('',#3218);
#900=VERTEX_POINT('',#3222);
#901=VERTEX_POINT('',#3223);
#902=VERTEX_POINT('',#3225);
#903=VERTEX_POINT('',#3227);
#904=VERTEX_POINT('',#3231);
#905=VERTEX_POINT('',#3232);
#906=VERTEX_POINT('',#3234);
#907=VERTEX_POINT('',#3236);
#908=VERTEX_POINT('',#3240);
#909=VERTEX_POINT('',#3241);
#910=VERTEX_POINT('',#3243);
#911=VERTEX_POINT('',#3245);
#912=VERTEX_POINT('',#3249);
#913=VERTEX_POINT('',#3251);
#914=VERTEX_POINT('',#3253);
#915=VERTEX_POINT('',#3255);
#916=VERTEX_POINT('',#3257);
#917=VERTEX_POINT('',#3261);
#918=VERTEX_POINT('',#3263);
#919=VERTEX_POINT('',#3267);
#920=VERTEX_POINT('',#3269);
#921=VERTEX_POINT('',#3273);
#922=VERTEX_POINT('',#3275);
#923=VERTEX_POINT('',#3279);
#924=VERTEX_POINT('',#3281);
#925=VERTEX_POINT('',#3297);
#926=VERTEX_POINT('',#3299);
#927=VERTEX_POINT('',#3301);
#928=VERTEX_POINT('',#3303);
#929=VERTEX_POINT('',#3305);
#930=VERTEX_POINT('',#3309);
#931=VERTEX_POINT('',#3310);
#932=VERTEX_POINT('',#3315);
#933=VERTEX_POINT('',#3317);
#934=VERTEX_POINT('',#3322);
#935=VERTEX_POINT('',#3324);
#936=VERTEX_POINT('',#3327);
#937=VERTEX_POINT('',#3329);
#938=VERTEX_POINT('',#3331);
#939=VERTEX_POINT('',#3333);
#940=VERTEX_POINT('',#3338);
#941=VERTEX_POINT('',#3339);
#942=VERTEX_POINT('',#3341);
#943=VERTEX_POINT('',#3343);
#944=VERTEX_POINT('',#3347);
#945=VERTEX_POINT('',#3349);
#946=VERTEX_POINT('',#3353);
#947=VERTEX_POINT('',#3355);
#948=VERTEX_POINT('',#3359);
#949=VERTEX_POINT('',#3361);
#950=VERTEX_POINT('',#3365);
#951=VERTEX_POINT('',#3367);
#952=VERTEX_POINT('',#3371);
#953=VERTEX_POINT('',#3373);
#954=VERTEX_POINT('',#3377);
#955=VERTEX_POINT('',#3379);
#956=VERTEX_POINT('',#3383);
#957=VERTEX_POINT('',#3385);
#958=VERTEX_POINT('',#3389);
#959=VERTEX_POINT('',#3391);
#960=VERTEX_POINT('',#3395);
#961=VERTEX_POINT('',#3397);
#962=VERTEX_POINT('',#3401);
#963=VERTEX_POINT('',#3403);
#964=VERTEX_POINT('',#3417);
#965=VERTEX_POINT('',#3418);
#966=VERTEX_POINT('',#3420);
#967=VERTEX_POINT('',#3422);
#968=VERTEX_POINT('',#3424);
#969=VERTEX_POINT('',#3426);
#970=VERTEX_POINT('',#3428);
#971=VERTEX_POINT('',#3430);
#972=VERTEX_POINT('',#3444);
#973=VERTEX_POINT('',#3446);
#974=VERTEX_POINT('',#3462);
#975=VERTEX_POINT('',#3464);
#976=VERTEX_POINT('',#3466);
#977=VERTEX_POINT('',#3468);
#978=VERTEX_POINT('',#3470);
#979=VERTEX_POINT('',#3472);
#980=VERTEX_POINT('',#3474);
#981=VERTEX_POINT('',#3476);
#982=VERTEX_POINT('',#3480);
#983=VERTEX_POINT('',#3482);
#984=VERTEX_POINT('',#3484);
#985=VERTEX_POINT('',#3486);
#986=VERTEX_POINT('',#3488);
#987=VERTEX_POINT('',#3490);
#988=VERTEX_POINT('',#3492);
#989=VERTEX_POINT('',#3494);
#990=VERTEX_POINT('',#3515);
#991=VERTEX_POINT('',#3517);
#992=VERTEX_POINT('',#3519);
#993=VERTEX_POINT('',#3521);
#994=VERTEX_POINT('',#3523);
#995=VERTEX_POINT('',#3525);
#996=VERTEX_POINT('',#3527);
#997=VERTEX_POINT('',#3529);
#998=VERTEX_POINT('',#3533);
#999=VERTEX_POINT('',#3534);
#1000=VERTEX_POINT('',#3539);
#1001=VERTEX_POINT('',#3543);
#1002=VERTEX_POINT('',#3549);
#1003=VERTEX_POINT('',#3553);
#1004=VERTEX_POINT('',#3557);
#1005=VERTEX_POINT('',#3561);
#1006=VERTEX_POINT('',#3570);
#1007=VERTEX_POINT('',#3572);
#1008=VERTEX_POINT('',#3576);
#1009=VERTEX_POINT('',#3580);
#1010=VERTEX_POINT('',#3584);
#1011=VERTEX_POINT('',#3588);
#1012=VERTEX_POINT('',#3592);
#1013=VERTEX_POINT('',#3596);
#1014=VERTEX_POINT('',#3602);
#1015=VERTEX_POINT('',#3603);
#1016=VERTEX_POINT('',#3605);
#1017=VERTEX_POINT('',#3607);
#1018=VERTEX_POINT('',#3609);
#1019=VERTEX_POINT('',#3611);
#1020=VERTEX_POINT('',#3613);
#1021=VERTEX_POINT('',#3615);
#1022=VERTEX_POINT('',#3619);
#1023=VERTEX_POINT('',#3621);
#1024=VERTEX_POINT('',#3625);
#1025=VERTEX_POINT('',#3629);
#1026=VERTEX_POINT('',#3633);
#1027=VERTEX_POINT('',#3637);
#1028=VERTEX_POINT('',#3641);
#1029=VERTEX_POINT('',#3645);
#1030=VERTEX_POINT('',#3651);
#1031=VERTEX_POINT('',#3652);
#1032=VERTEX_POINT('',#3654);
#1033=VERTEX_POINT('',#3656);
#1034=VERTEX_POINT('',#3658);
#1035=VERTEX_POINT('',#3660);
#1036=VERTEX_POINT('',#3662);
#1037=VERTEX_POINT('',#3664);
#1038=LINE('',#3150,#1240);
#1039=LINE('',#3158,#1241);
#1040=LINE('',#3165,#1242);
#1041=LINE('',#3167,#1243);
#1042=LINE('',#3169,#1244);
#1043=LINE('',#3171,#1245);
#1044=LINE('',#3173,#1246);
#1045=LINE('',#3175,#1247);
#1046=LINE('',#3177,#1248);
#1047=LINE('',#3179,#1249);
#1048=LINE('',#3181,#1250);
#1049=LINE('',#3183,#1251);
#1050=LINE('',#3185,#1252);
#1051=LINE('',#3188,#1253);
#1052=LINE('',#3190,#1254);
#1053=LINE('',#3192,#1255);
#1054=LINE('',#3193,#1256);
#1055=LINE('',#3196,#1257);
#1056=LINE('',#3198,#1258);
#1057=LINE('',#3200,#1259);
#1058=LINE('',#3201,#1260);
#1059=LINE('',#3203,#1261);
#1060=LINE('',#3205,#1262);
#1061=LINE('',#3207,#1263);
#1062=LINE('',#3208,#1264);
#1063=LINE('',#3210,#1265);
#1064=LINE('',#3212,#1266);
#1065=LINE('',#3215,#1267);
#1066=LINE('',#3217,#1268);
#1067=LINE('',#3219,#1269);
#1068=LINE('',#3221,#1270);
#1069=LINE('',#3224,#1271);
#1070=LINE('',#3226,#1272);
#1071=LINE('',#3228,#1273);
#1072=LINE('',#3230,#1274);
#1073=LINE('',#3233,#1275);
#1074=LINE('',#3235,#1276);
#1075=LINE('',#3237,#1277);
#1076=LINE('',#3239,#1278);
#1077=LINE('',#3242,#1279);
#1078=LINE('',#3244,#1280);
#1079=LINE('',#3246,#1281);
#1080=LINE('',#3248,#1282);
#1081=LINE('',#3250,#1283);
#1082=LINE('',#3252,#1284);
#1083=LINE('',#3254,#1285);
#1084=LINE('',#3256,#1286);
#1085=LINE('',#3258,#1287);
#1086=LINE('',#3260,#1288);
#1087=LINE('',#3262,#1289);
#1088=LINE('',#3264,#1290);
#1089=LINE('',#3266,#1291);
#1090=LINE('',#3268,#1292);
#1091=LINE('',#3270,#1293);
#1092=LINE('',#3272,#1294);
#1093=LINE('',#3274,#1295);
#1094=LINE('',#3276,#1296);
#1095=LINE('',#3278,#1297);
#1096=LINE('',#3280,#1298);
#1097=LINE('',#3282,#1299);
#1098=LINE('',#3284,#1300);
#1099=LINE('',#3285,#1301);
#1100=LINE('',#3287,#1302);
#1101=LINE('',#3288,#1303);
#1102=LINE('',#3290,#1304);
#1103=LINE('',#3291,#1305);
#1104=LINE('',#3293,#1306);
#1105=LINE('',#3294,#1307);
#1106=LINE('',#3296,#1308);
#1107=LINE('',#3298,#1309);
#1108=LINE('',#3300,#1310);
#1109=LINE('',#3302,#1311);
#1110=LINE('',#3304,#1312);
#1111=LINE('',#3306,#1313);
#1112=LINE('',#3308,#1314);
#1113=LINE('',#3316,#1315);
#1114=LINE('',#3323,#1316);
#1115=LINE('',#3325,#1317);
#1116=LINE('',#3326,#1318);
#1117=LINE('',#3328,#1319);
#1118=LINE('',#3330,#1320);
#1119=LINE('',#3332,#1321);
#1120=LINE('',#3334,#1322);
#1121=LINE('',#3335,#1323);
#1122=LINE('',#3337,#1324);
#1123=LINE('',#3340,#1325);
#1124=LINE('',#3342,#1326);
#1125=LINE('',#3344,#1327);
#1126=LINE('',#3346,#1328);
#1127=LINE('',#3348,#1329);
#1128=LINE('',#3350,#1330);
#1129=LINE('',#3352,#1331);
#1130=LINE('',#3354,#1332);
#1131=LINE('',#3356,#1333);
#1132=LINE('',#3360,#1334);
#1133=LINE('',#3364,#1335);
#1134=LINE('',#3366,#1336);
#1135=LINE('',#3368,#1337);
#1136=LINE('',#3370,#1338);
#1137=LINE('',#3372,#1339);
#1138=LINE('',#3374,#1340);
#1139=LINE('',#3376,#1341);
#1140=LINE('',#3378,#1342);
#1141=LINE('',#3380,#1343);
#1142=LINE('',#3382,#1344);
#1143=LINE('',#3384,#1345);
#1144=LINE('',#3386,#1346);
#1145=LINE('',#3388,#1347);
#1146=LINE('',#3390,#1348);
#1147=LINE('',#3392,#1349);
#1148=LINE('',#3396,#1350);
#1149=LINE('',#3400,#1351);
#1150=LINE('',#3402,#1352);
#1151=LINE('',#3404,#1353);
#1152=LINE('',#3412,#1354);
#1153=LINE('',#3413,#1355);
#1154=LINE('',#3416,#1356);
#1155=LINE('',#3421,#1357);
#1156=LINE('',#3425,#1358);
#1157=LINE('',#3429,#1359);
#1158=LINE('',#3437,#1360);
#1159=LINE('',#3439,#1361);
#1160=LINE('',#3441,#1362);
#1161=LINE('',#3443,#1363);
#1162=LINE('',#3445,#1364);
#1163=LINE('',#3447,#1365);
#1164=LINE('',#3448,#1366);
#1165=LINE('',#3449,#1367);
#1166=LINE('',#3450,#1368);
#1167=LINE('',#3451,#1369);
#1168=LINE('',#3461,#1370);
#1169=LINE('',#3465,#1371);
#1170=LINE('',#3469,#1372);
#1171=LINE('',#3471,#1373);
#1172=LINE('',#3473,#1374);
#1173=LINE('',#3477,#1375);
#1174=LINE('',#3479,#1376);
#1175=LINE('',#3483,#1377);
#1176=LINE('',#3485,#1378);
#1177=LINE('',#3487,#1379);
#1178=LINE('',#3491,#1380);
#1179=LINE('',#3495,#1381);
#1180=LINE('',#3497,#1382);
#1181=LINE('',#3498,#1383);
#1182=LINE('',#3500,#1384);
#1183=LINE('',#3502,#1385);
#1184=LINE('',#3504,#1386);
#1185=LINE('',#3506,#1387);
#1186=LINE('',#3509,#1388);
#1187=LINE('',#3511,#1389);
#1188=LINE('',#3514,#1390);
#1189=LINE('',#3518,#1391);
#1190=LINE('',#3520,#1392);
#1191=LINE('',#3522,#1393);
#1192=LINE('',#3526,#1394);
#1193=LINE('',#3530,#1395);
#1194=LINE('',#3532,#1396);
#1195=LINE('',#3535,#1397);
#1196=LINE('',#3536,#1398);
#1197=LINE('',#3538,#1399);
#1198=LINE('',#3540,#1400);
#1199=LINE('',#3544,#1401);
#1200=LINE('',#3546,#1402);
#1201=LINE('',#3548,#1403);
#1202=LINE('',#3550,#1404);
#1203=LINE('',#3554,#1405);
#1204=LINE('',#3556,#1406);
#1205=LINE('',#3558,#1407);
#1206=LINE('',#3562,#1408);
#1207=LINE('',#3564,#1409);
#1208=LINE('',#3569,#1410);
#1209=LINE('',#3571,#1411);
#1210=LINE('',#3573,#1412);
#1211=LINE('',#3575,#1413);
#1212=LINE('',#3579,#1414);
#1213=LINE('',#3581,#1415);
#1214=LINE('',#3583,#1416);
#1215=LINE('',#3587,#1417);
#1216=LINE('',#3589,#1418);
#1217=LINE('',#3591,#1419);
#1218=LINE('',#3595,#1420);
#1219=LINE('',#3597,#1421);
#1220=LINE('',#3601,#1422);
#1221=LINE('',#3606,#1423);
#1222=LINE('',#3610,#1424);
#1223=LINE('',#3614,#1425);
#1224=LINE('',#3618,#1426);
#1225=LINE('',#3620,#1427);
#1226=LINE('',#3622,#1428);
#1227=LINE('',#3626,#1429);
#1228=LINE('',#3628,#1430);
#1229=LINE('',#3630,#1431);
#1230=LINE('',#3634,#1432);
#1231=LINE('',#3636,#1433);
#1232=LINE('',#3638,#1434);
#1233=LINE('',#3642,#1435);
#1234=LINE('',#3644,#1436);
#1235=LINE('',#3646,#1437);
#1236=LINE('',#3653,#1438);
#1237=LINE('',#3657,#1439);
#1238=LINE('',#3661,#1440);
#1239=LINE('',#3665,#1441);
#1240=VECTOR('',#2654,1000.);
#1241=VECTOR('',#2655,1000.);
#1242=VECTOR('',#2656,1000.);
#1243=VECTOR('',#2657,1000.);
#1244=VECTOR('',#2658,1000.);
#1245=VECTOR('',#2659,1000.);
#1246=VECTOR('',#2660,1000.);
#1247=VECTOR('',#2661,1000.);
#1248=VECTOR('',#2662,1000.);
#1249=VECTOR('',#2663,1000.);
#1250=VECTOR('',#2664,1000.);
#1251=VECTOR('',#2665,1000.);
#1252=VECTOR('',#2668,1000.);
#1253=VECTOR('',#2669,1000.);
#1254=VECTOR('',#2670,1000.);
#1255=VECTOR('',#2671,1000.);
#1256=VECTOR('',#2672,1000.);
#1257=VECTOR('',#2673,1000.);
#1258=VECTOR('',#2674,1000.);
#1259=VECTOR('',#2675,1000.);
#1260=VECTOR('',#2676,1000.);
#1261=VECTOR('',#2677,1000.);
#1262=VECTOR('',#2678,1000.);
#1263=VECTOR('',#2679,1000.);
#1264=VECTOR('',#2680,1000.);
#1265=VECTOR('',#2681,1000.);
#1266=VECTOR('',#2684,1000.);
#1267=VECTOR('',#2685,1000.);
#1268=VECTOR('',#2686,1000.);
#1269=VECTOR('',#2687,1000.);
#1270=VECTOR('',#2690,1000.);
#1271=VECTOR('',#2691,1000.);
#1272=VECTOR('',#2692,1000.);
#1273=VECTOR('',#2693,1000.);
#1274=VECTOR('',#2696,1000.);
#1275=VECTOR('',#2697,1000.);
#1276=VECTOR('',#2698,1000.);
#1277=VECTOR('',#2699,1000.);
#1278=VECTOR('',#2702,1000.);
#1279=VECTOR('',#2703,1000.);
#1280=VECTOR('',#2704,1000.);
#1281=VECTOR('',#2705,1000.);
#1282=VECTOR('',#2708,1000.);
#1283=VECTOR('',#2709,1000.);
#1284=VECTOR('',#2710,1000.);
#1285=VECTOR('',#2711,1000.);
#1286=VECTOR('',#2712,1000.);
#1287=VECTOR('',#2713,1000.);
#1288=VECTOR('',#2716,1000.);
#1289=VECTOR('',#2717,1000.);
#1290=VECTOR('',#2718,1000.);
#1291=VECTOR('',#2721,1000.);
#1292=VECTOR('',#2722,1000.);
#1293=VECTOR('',#2723,1000.);
#1294=VECTOR('',#2726,1000.);
#1295=VECTOR('',#2727,1000.);
#1296=VECTOR('',#2728,1000.);
#1297=VECTOR('',#2731,1000.);
#1298=VECTOR('',#2732,1000.);
#1299=VECTOR('',#2733,1000.);
#1300=VECTOR('',#2736,1000.);
#1301=VECTOR('',#2737,1000.);
#1302=VECTOR('',#2740,1000.);
#1303=VECTOR('',#2741,1000.);
#1304=VECTOR('',#2744,1000.);
#1305=VECTOR('',#2745,1000.);
#1306=VECTOR('',#2748,1000.);
#1307=VECTOR('',#2749,1000.);
#1308=VECTOR('',#2752,1000.);
#1309=VECTOR('',#2753,1000.);
#1310=VECTOR('',#2754,1000.);
#1311=VECTOR('',#2755,1000.);
#1312=VECTOR('',#2756,1000.);
#1313=VECTOR('',#2757,1000.);
#1314=VECTOR('',#2760,1000.);
#1315=VECTOR('',#2761,1000.);
#1316=VECTOR('',#2762,1000.);
#1317=VECTOR('',#2763,1000.);
#1318=VECTOR('',#2764,1000.);
#1319=VECTOR('',#2765,1000.);
#1320=VECTOR('',#2766,1000.);
#1321=VECTOR('',#2767,1000.);
#1322=VECTOR('',#2768,1000.);
#1323=VECTOR('',#2769,1000.);
#1324=VECTOR('',#2772,1000.);
#1325=VECTOR('',#2773,1000.);
#1326=VECTOR('',#2774,1000.);
#1327=VECTOR('',#2775,1000.);
#1328=VECTOR('',#2778,1000.);
#1329=VECTOR('',#2779,1000.);
#1330=VECTOR('',#2780,1000.);
#1331=VECTOR('',#2783,1000.);
#1332=VECTOR('',#2784,1000.);
#1333=VECTOR('',#2785,1000.);
#1334=VECTOR('',#2790,1000.);
#1335=VECTOR('',#2795,1000.);
#1336=VECTOR('',#2796,1000.);
#1337=VECTOR('',#2797,1000.);
#1338=VECTOR('',#2800,1000.);
#1339=VECTOR('',#2801,1000.);
#1340=VECTOR('',#2802,1000.);
#1341=VECTOR('',#2805,1000.);
#1342=VECTOR('',#2806,1000.);
#1343=VECTOR('',#2807,1000.);
#1344=VECTOR('',#2810,1000.);
#1345=VECTOR('',#2811,1000.);
#1346=VECTOR('',#2812,1000.);
#1347=VECTOR('',#2815,1000.);
#1348=VECTOR('',#2816,1000.);
#1349=VECTOR('',#2817,1000.);
#1350=VECTOR('',#2822,1000.);
#1351=VECTOR('',#2827,1000.);
#1352=VECTOR('',#2828,1000.);
#1353=VECTOR('',#2829,1000.);
#1354=VECTOR('',#2844,1000.);
#1355=VECTOR('',#2845,1000.);
#1356=VECTOR('',#2850,1000.);
#1357=VECTOR('',#2853,1000.);
#1358=VECTOR('',#2856,1000.);
#1359=VECTOR('',#2859,1000.);
#1360=VECTOR('',#2872,1000.);
#1361=VECTOR('',#2875,1000.);
#1362=VECTOR('',#2878,1000.);
#1363=VECTOR('',#2881,1000.);
#1364=VECTOR('',#2882,1000.);
#1365=VECTOR('',#2883,1000.);
#1366=VECTOR('',#2884,1000.);
#1367=VECTOR('',#2885,1000.);
#1368=VECTOR('',#2886,1000.);
#1369=VECTOR('',#2887,1000.);
#1370=VECTOR('',#2906,1000.);
#1371=VECTOR('',#2909,1000.);
#1372=VECTOR('',#2912,1000.);
#1373=VECTOR('',#2913,1000.);
#1374=VECTOR('',#2914,1000.);
#1375=VECTOR('',#2917,1000.);
#1376=VECTOR('',#2920,1000.);
#1377=VECTOR('',#2923,1000.);
#1378=VECTOR('',#2924,1000.);
#1379=VECTOR('',#2925,1000.);
#1380=VECTOR('',#2928,1000.);
#1381=VECTOR('',#2931,1000.);
#1382=VECTOR('',#2934,1000.);
#1383=VECTOR('',#2935,1000.);
#1384=VECTOR('',#2938,1000.);
#1385=VECTOR('',#2941,1000.);
#1386=VECTOR('',#2944,1000.);
#1387=VECTOR('',#2947,1000.);
#1388=VECTOR('',#2952,1000.);
#1389=VECTOR('',#2955,1000.);
#1390=VECTOR('',#2960,1000.);
#1391=VECTOR('',#2963,1000.);
#1392=VECTOR('',#2964,1000.);
#1393=VECTOR('',#2965,1000.);
#1394=VECTOR('',#2968,1000.);
#1395=VECTOR('',#2971,1000.);
#1396=VECTOR('',#2974,1000.);
#1397=VECTOR('',#2975,1000.);
#1398=VECTOR('',#2976,1000.);
#1399=VECTOR('',#2979,1000.);
#1400=VECTOR('',#2980,1000.);
#1401=VECTOR('',#2985,1000.);
#1402=VECTOR('',#2988,1000.);
#1403=VECTOR('',#2991,1000.);
#1404=VECTOR('',#2992,1000.);
#1405=VECTOR('',#2997,1000.);
#1406=VECTOR('',#3000,1000.);
#1407=VECTOR('',#3001,1000.);
#1408=VECTOR('',#3006,1000.);
#1409=VECTOR('',#3009,1000.);
#1410=VECTOR('',#3018,1000.);
#1411=VECTOR('',#3019,1000.);
#1412=VECTOR('',#3020,1000.);
#1413=VECTOR('',#3023,1000.);
#1414=VECTOR('',#3028,1000.);
#1415=VECTOR('',#3029,1000.);
#1416=VECTOR('',#3032,1000.);
#1417=VECTOR('',#3037,1000.);
#1418=VECTOR('',#3038,1000.);
#1419=VECTOR('',#3041,1000.);
#1420=VECTOR('',#3046,1000.);
#1421=VECTOR('',#3047,1000.);
#1422=VECTOR('',#3054,1000.);
#1423=VECTOR('',#3057,1000.);
#1424=VECTOR('',#3060,1000.);
#1425=VECTOR('',#3063,1000.);
#1426=VECTOR('',#3068,1000.);
#1427=VECTOR('',#3069,1000.);
#1428=VECTOR('',#3070,1000.);
#1429=VECTOR('',#3075,1000.);
#1430=VECTOR('',#3078,1000.);
#1431=VECTOR('',#3079,1000.);
#1432=VECTOR('',#3084,1000.);
#1433=VECTOR('',#3087,1000.);
#1434=VECTOR('',#3088,1000.);
#1435=VECTOR('',#3093,1000.);
#1436=VECTOR('',#3096,1000.);
#1437=VECTOR('',#3097,1000.);
#1438=VECTOR('',#3106,1000.);
#1439=VECTOR('',#3109,1000.);
#1440=VECTOR('',#3112,1000.);
#1441=VECTOR('',#3115,1000.);
#1442=EDGE_LOOP('',(#102,#103,#104,#105,#106,#107,#108,#109,#110,#111,#112,
#113,#114,#115));
#1443=EDGE_LOOP('',(#116,#117,#118,#119));
#1444=EDGE_LOOP('',(#120,#121,#122,#123));
#1445=EDGE_LOOP('',(#124,#125,#126,#127,#128,#129,#130,#131));
#1446=EDGE_LOOP('',(#132,#133,#134,#135));
#1447=EDGE_LOOP('',(#136,#137,#138,#139));
#1448=EDGE_LOOP('',(#140,#141,#142,#143));
#1449=EDGE_LOOP('',(#144,#145,#146,#147));
#1450=EDGE_LOOP('',(#148,#149,#150,#151,#152,#153,#154,#155));
#1451=EDGE_LOOP('',(#156,#157,#158,#159));
#1452=EDGE_LOOP('',(#160,#161,#162,#163));
#1453=EDGE_LOOP('',(#164,#165,#166,#167));
#1454=EDGE_LOOP('',(#168,#169,#170,#171));
#1455=EDGE_LOOP('',(#172,#173,#174,#175));
#1456=EDGE_LOOP('',(#176,#177,#178,#179));
#1457=EDGE_LOOP('',(#180,#181,#182,#183));
#1458=EDGE_LOOP('',(#184,#185,#186,#187));
#1459=EDGE_LOOP('',(#188,#189,#190,#191,#192,#193,#194,#195));
#1460=EDGE_LOOP('',(#196,#197,#198,#199,#200,#201,#202,#203,#204,#205,#206,
#207,#208,#209));
#1461=EDGE_LOOP('',(#210,#211,#212,#213));
#1462=EDGE_LOOP('',(#214,#215,#216,#217));
#1463=EDGE_LOOP('',(#218,#219,#220,#221));
#1464=EDGE_LOOP('',(#222,#223,#224,#225));
#1465=EDGE_LOOP('',(#226,#227,#228,#229));
#1466=EDGE_LOOP('',(#230,#231,#232,#233));
#1467=EDGE_LOOP('',(#234,#235,#236,#237));
#1468=EDGE_LOOP('',(#238,#239,#240,#241));
#1469=EDGE_LOOP('',(#242,#243,#244,#245));
#1470=EDGE_LOOP('',(#246,#247,#248,#249));
#1471=EDGE_LOOP('',(#250,#251,#252,#253));
#1472=EDGE_LOOP('',(#254,#255,#256,#257));
#1473=EDGE_LOOP('',(#258,#259,#260,#261));
#1474=EDGE_LOOP('',(#262,#263,#264,#265));
#1475=EDGE_LOOP('',(#266,#267,#268,#269,#270,#271,#272,#273));
#1476=EDGE_LOOP('',(#274,#275,#276,#277,#278,#279,#280,#281,#282,#283,#284,
#285));
#1477=EDGE_LOOP('',(#286,#287,#288,#289,#290,#291,#292,#293));
#1478=EDGE_LOOP('',(#294,#295,#296,#297,#298,#299,#300,#301,#302,#303,#304,
#305));
#1479=EDGE_LOOP('',(#306,#307));
#1480=EDGE_LOOP('',(#308,#309));
#1481=EDGE_LOOP('',(#310,#311,#312,#313));
#1482=EDGE_LOOP('',(#314,#315,#316,#317));
#1483=EDGE_LOOP('',(#318,#319,#320,#321));
#1484=EDGE_LOOP('',(#322,#323,#324,#325,#326,#327,#328,#329));
#1485=EDGE_LOOP('',(#330,#331,#332,#333));
#1486=EDGE_LOOP('',(#334,#335,#336,#337));
#1487=EDGE_LOOP('',(#338,#339,#340,#341));
#1488=EDGE_LOOP('',(#342,#343,#344,#345));
#1489=EDGE_LOOP('',(#346,#347,#348,#349));
#1490=EDGE_LOOP('',(#350,#351,#352,#353));
#1491=EDGE_LOOP('',(#354,#355,#356,#357));
#1492=EDGE_LOOP('',(#358,#359,#360,#361));
#1493=EDGE_LOOP('',(#362,#363,#364,#365));
#1494=EDGE_LOOP('',(#366,#367,#368,#369));
#1495=EDGE_LOOP('',(#370,#371,#372,#373,#374,#375,#376,#377,#378,#379,#380));
#1496=EDGE_LOOP('',(#381,#382,#383,#384,#385,#386,#387,#388,#389,#390,#391));
#1497=EDGE_LOOP('',(#392,#393,#394,#395));
#1498=EDGE_LOOP('',(#396,#397,#398,#399));
#1499=EDGE_LOOP('',(#400,#401,#402,#403));
#1500=EDGE_LOOP('',(#404,#405,#406,#407));
#1501=EDGE_LOOP('',(#408,#409,#410,#411));
#1502=EDGE_LOOP('',(#412,#413,#414,#415));
#1503=EDGE_LOOP('',(#416,#417,#418,#419));
#1504=EDGE_LOOP('',(#420,#421,#422,#423));
#1505=EDGE_LOOP('',(#424,#425,#426,#427));
#1506=EDGE_LOOP('',(#428,#429,#430,#431,#432,#433,#434,#435,#436,#437,#438));
#1507=EDGE_LOOP('',(#439,#440,#441,#442));
#1508=EDGE_LOOP('',(#443,#444,#445,#446));
#1509=EDGE_LOOP('',(#447,#448,#449,#450));
#1510=EDGE_LOOP('',(#451,#452,#453,#454));
#1511=EDGE_LOOP('',(#455,#456,#457,#458));
#1512=EDGE_LOOP('',(#459,#460,#461,#462));
#1513=EDGE_LOOP('',(#463,#464,#465,#466));
#1514=EDGE_LOOP('',(#467,#468,#469,#470));
#1515=EDGE_LOOP('',(#471,#472,#473,#474));
#1516=EDGE_LOOP('',(#475,#476,#477,#478,#479,#480,#481,#482,#483,#484,#485));
#1517=EDGE_LOOP('',(#486,#487,#488,#489));
#1518=EDGE_LOOP('',(#490,#491,#492,#493));
#1519=EDGE_LOOP('',(#494,#495,#496,#497));
#1520=EDGE_LOOP('',(#498,#499,#500,#501));
#1521=EDGE_LOOP('',(#502,#503,#504,#505));
#1522=EDGE_LOOP('',(#506,#507,#508,#509));
#1523=EDGE_LOOP('',(#510,#511,#512,#513));
#1524=EDGE_LOOP('',(#514,#515,#516,#517));
#1525=EDGE_LOOP('',(#518,#519,#520,#521));
#1526=EDGE_LOOP('',(#522,#523,#524,#525));
#1527=EDGE_LOOP('',(#526,#527,#528,#529,#530,#531,#532,#533));
#1528=EDGE_LOOP('',(#534,#535,#536,#537,#538,#539,#540,#541));
#1529=EDGE_LOOP('',(#542,#543,#544,#545));
#1530=EDGE_LOOP('',(#546,#547,#548,#549));
#1531=EDGE_LOOP('',(#550,#551,#552,#553));
#1532=EDGE_LOOP('',(#554,#555,#556,#557));
#1533=EDGE_LOOP('',(#558,#559,#560,#561));
#1534=EDGE_LOOP('',(#562,#563,#564,#565));
#1535=EDGE_LOOP('',(#566,#567,#568,#569));
#1536=EDGE_LOOP('',(#570,#571,#572,#573));
#1537=EDGE_LOOP('',(#574,#575,#576,#577,#578,#579,#580,#581));
#1538=EDGE_LOOP('',(#582,#583,#584,#585));
#1539=EDGE_LOOP('',(#586,#587,#588,#589));
#1540=EDGE_LOOP('',(#590,#591,#592,#593));
#1541=EDGE_LOOP('',(#594,#595,#596,#597));
#1542=EDGE_LOOP('',(#598,#599,#600,#601));
#1543=EDGE_LOOP('',(#602,#603,#604,#605));
#1544=EDGE_LOOP('',(#606,#607,#608,#609));
#1545=EDGE_LOOP('',(#610,#611,#612,#613));
#1546=FACE_BOUND('',#1442,.T.);
#1547=FACE_BOUND('',#1443,.T.);
#1548=FACE_BOUND('',#1444,.T.);
#1549=FACE_BOUND('',#1445,.T.);
#1550=FACE_BOUND('',#1446,.T.);
#1551=FACE_BOUND('',#1447,.T.);
#1552=FACE_BOUND('',#1448,.T.);
#1553=FACE_BOUND('',#1449,.T.);
#1554=FACE_BOUND('',#1450,.T.);
#1555=FACE_BOUND('',#1451,.T.);
#1556=FACE_BOUND('',#1452,.T.);
#1557=FACE_BOUND('',#1453,.T.);
#1558=FACE_BOUND('',#1454,.T.);
#1559=FACE_BOUND('',#1455,.T.);
#1560=FACE_BOUND('',#1456,.T.);
#1561=FACE_BOUND('',#1457,.T.);
#1562=FACE_BOUND('',#1458,.T.);
#1563=FACE_BOUND('',#1459,.T.);
#1564=FACE_BOUND('',#1460,.T.);
#1565=FACE_BOUND('',#1461,.T.);
#1566=FACE_BOUND('',#1462,.T.);
#1567=FACE_BOUND('',#1463,.T.);
#1568=FACE_BOUND('',#1464,.T.);
#1569=FACE_BOUND('',#1465,.T.);
#1570=FACE_BOUND('',#1466,.T.);
#1571=FACE_BOUND('',#1467,.T.);
#1572=FACE_BOUND('',#1468,.T.);
#1573=FACE_BOUND('',#1469,.T.);
#1574=FACE_BOUND('',#1470,.T.);
#1575=FACE_BOUND('',#1471,.T.);
#1576=FACE_BOUND('',#1472,.T.);
#1577=FACE_BOUND('',#1473,.T.);
#1578=FACE_BOUND('',#1474,.T.);
#1579=FACE_BOUND('',#1475,.T.);
#1580=FACE_BOUND('',#1476,.T.);
#1581=FACE_BOUND('',#1477,.T.);
#1582=FACE_BOUND('',#1478,.T.);
#1583=FACE_BOUND('',#1479,.T.);
#1584=FACE_BOUND('',#1480,.T.);
#1585=FACE_BOUND('',#1481,.T.);
#1586=FACE_BOUND('',#1482,.T.);
#1587=FACE_BOUND('',#1483,.T.);
#1588=FACE_BOUND('',#1484,.T.);
#1589=FACE_BOUND('',#1485,.T.);
#1590=FACE_BOUND('',#1486,.T.);
#1591=FACE_BOUND('',#1487,.T.);
#1592=FACE_BOUND('',#1488,.T.);
#1593=FACE_BOUND('',#1489,.T.);
#1594=FACE_BOUND('',#1490,.T.);
#1595=FACE_BOUND('',#1491,.T.);
#1596=FACE_BOUND('',#1492,.T.);
#1597=FACE_BOUND('',#1493,.T.);
#1598=FACE_BOUND('',#1494,.T.);
#1599=FACE_BOUND('',#1495,.T.);
#1600=FACE_BOUND('',#1496,.T.);
#1601=FACE_BOUND('',#1497,.T.);
#1602=FACE_BOUND('',#1498,.T.);
#1603=FACE_BOUND('',#1499,.T.);
#1604=FACE_BOUND('',#1500,.T.);
#1605=FACE_BOUND('',#1501,.T.);
#1606=FACE_BOUND('',#1502,.T.);
#1607=FACE_BOUND('',#1503,.T.);
#1608=FACE_BOUND('',#1504,.T.);
#1609=FACE_BOUND('',#1505,.T.);
#1610=FACE_BOUND('',#1506,.T.);
#1611=FACE_BOUND('',#1507,.T.);
#1612=FACE_BOUND('',#1508,.T.);
#1613=FACE_BOUND('',#1509,.T.);
#1614=FACE_BOUND('',#1510,.T.);
#1615=FACE_BOUND('',#1511,.T.);
#1616=FACE_BOUND('',#1512,.T.);
#1617=FACE_BOUND('',#1513,.T.);
#1618=FACE_BOUND('',#1514,.T.);
#1619=FACE_BOUND('',#1515,.T.);
#1620=FACE_BOUND('',#1516,.T.);
#1621=FACE_BOUND('',#1517,.T.);
#1622=FACE_BOUND('',#1518,.T.);
#1623=FACE_BOUND('',#1519,.T.);
#1624=FACE_BOUND('',#1520,.T.);
#1625=FACE_BOUND('',#1521,.T.);
#1626=FACE_BOUND('',#1522,.T.);
#1627=FACE_BOUND('',#1523,.T.);
#1628=FACE_BOUND('',#1524,.T.);
#1629=FACE_BOUND('',#1525,.T.);
#1630=FACE_BOUND('',#1526,.T.);
#1631=FACE_BOUND('',#1527,.T.);
#1632=FACE_BOUND('',#1528,.T.);
#1633=FACE_BOUND('',#1529,.T.);
#1634=FACE_BOUND('',#1530,.T.);
#1635=FACE_BOUND('',#1531,.T.);
#1636=FACE_BOUND('',#1532,.T.);
#1637=FACE_BOUND('',#1533,.T.);
#1638=FACE_BOUND('',#1534,.T.);
#1639=FACE_BOUND('',#1535,.T.);
#1640=FACE_BOUND('',#1536,.T.);
#1641=FACE_BOUND('',#1537,.T.);
#1642=FACE_BOUND('',#1538,.T.);
#1643=FACE_BOUND('',#1539,.T.);
#1644=FACE_BOUND('',#1540,.T.);
#1645=FACE_BOUND('',#1541,.T.);
#1646=FACE_BOUND('',#1542,.T.);
#1647=FACE_BOUND('',#1543,.T.);
#1648=FACE_BOUND('',#1544,.T.);
#1649=FACE_BOUND('',#1545,.T.);
#1650=PLANE('',#2503);
#1651=PLANE('',#2504);
#1652=PLANE('',#2505);
#1653=PLANE('',#2506);
#1654=PLANE('',#2507);
#1655=PLANE('',#2508);
#1656=PLANE('',#2509);
#1657=PLANE('',#2510);
#1658=PLANE('',#2511);
#1659=PLANE('',#2512);
#1660=PLANE('',#2513);
#1661=PLANE('',#2514);
#1662=PLANE('',#2515);
#1663=PLANE('',#2516);
#1664=PLANE('',#2517);
#1665=PLANE('',#2518);
#1666=PLANE('',#2519);
#1667=PLANE('',#2520);
#1668=PLANE('',#2521);
#1669=PLANE('',#2522);
#1670=PLANE('',#2526);
#1671=PLANE('',#2527);
#1672=PLANE('',#2528);
#1673=PLANE('',#2529);
#1674=PLANE('',#2530);
#1675=PLANE('',#2534);
#1676=PLANE('',#2541);
#1677=PLANE('',#2542);
#1678=PLANE('',#2543);
#1679=PLANE('',#2548);
#1680=PLANE('',#2550);
#1681=PLANE('',#2552);
#1682=PLANE('',#2553);
#1683=PLANE('',#2554);
#1684=PLANE('',#2555);
#1685=PLANE('',#2556);
#1686=PLANE('',#2557);
#1687=PLANE('',#2558);
#1688=PLANE('',#2559);
#1689=PLANE('',#2560);
#1690=PLANE('',#2561);
#1691=PLANE('',#2562);
#1692=PLANE('',#2563);
#1693=PLANE('',#2564);
#1694=PLANE('',#2568);
#1695=PLANE('',#2572);
#1696=PLANE('',#2573);
#1697=PLANE('',#2575);
#1698=PLANE('',#2577);
#1699=PLANE('',#2578);
#1700=PLANE('',#2580);
#1701=PLANE('',#2581);
#1702=PLANE('',#2585);
#1703=PLANE('',#2586);
#1704=PLANE('',#2589);
#1705=PLANE('',#2590);
#1706=PLANE('',#2593);
#1707=PLANE('',#2596);
#1708=PLANE('',#2597);
#1709=PLANE('',#2600);
#1710=PLANE('',#2603);
#1711=PLANE('',#2606);
#1712=PLANE('',#2609);
#1713=PLANE('',#2612);
#1714=PLANE('',#2617);
#1715=PLANE('',#2620);
#1716=PLANE('',#2623);
#1717=PLANE('',#2626);
#1718=PLANE('',#2629);
#1719=STYLED_ITEM('',(#1816),#2401);
#1720=STYLED_ITEM('',(#1817),#2402);
#1721=STYLED_ITEM('',(#1818),#2403);
#1722=STYLED_ITEM('',(#1819),#2404);
#1723=STYLED_ITEM('',(#1820),#2405);
#1724=STYLED_ITEM('',(#1821),#2406);
#1725=STYLED_ITEM('',(#1822),#2407);
#1726=STYLED_ITEM('',(#1823),#2408);
#1727=STYLED_ITEM('',(#1824),#2409);
#1728=STYLED_ITEM('',(#1825),#2410);
#1729=STYLED_ITEM('',(#1826),#2411);
#1730=STYLED_ITEM('',(#1827),#2412);
#1731=STYLED_ITEM('',(#1828),#2413);
#1732=STYLED_ITEM('',(#1829),#2414);
#1733=STYLED_ITEM('',(#1830),#2415);
#1734=STYLED_ITEM('',(#1831),#2416);
#1735=STYLED_ITEM('',(#1832),#2417);
#1736=STYLED_ITEM('',(#1833),#2418);
#1737=STYLED_ITEM('',(#1834),#2419);
#1738=STYLED_ITEM('',(#1835),#2420);
#1739=STYLED_ITEM('',(#1836),#2421);
#1740=STYLED_ITEM('',(#1837),#2422);
#1741=STYLED_ITEM('',(#1838),#2423);
#1742=STYLED_ITEM('',(#1839),#2424);
#1743=STYLED_ITEM('',(#1840),#2425);
#1744=STYLED_ITEM('',(#1841),#2426);
#1745=STYLED_ITEM('',(#1842),#2427);
#1746=STYLED_ITEM('',(#1843),#2428);
#1747=STYLED_ITEM('',(#1844),#2429);
#1748=STYLED_ITEM('',(#1845),#2430);
#1749=STYLED_ITEM('',(#1846),#2431);
#1750=STYLED_ITEM('',(#1847),#2432);
#1751=STYLED_ITEM('',(#1848),#2433);
#1752=STYLED_ITEM('',(#1849),#2434);
#1753=STYLED_ITEM('',(#1850),#2435);
#1754=STYLED_ITEM('',(#1851),#2436);
#1755=STYLED_ITEM('',(#1852),#2437);
#1756=STYLED_ITEM('',(#1853),#2438);
#1757=STYLED_ITEM('',(#1854),#2439);
#1758=STYLED_ITEM('',(#1855),#2440);
#1759=STYLED_ITEM('',(#1856),#2441);
#1760=STYLED_ITEM('',(#1857),#2442);
#1761=STYLED_ITEM('',(#1858),#2443);
#1762=STYLED_ITEM('',(#1859),#2444);
#1763=STYLED_ITEM('',(#1860),#2445);
#1764=STYLED_ITEM('',(#1861),#2446);
#1765=STYLED_ITEM('',(#1862),#2447);
#1766=STYLED_ITEM('',(#1863),#2448);
#1767=STYLED_ITEM('',(#1864),#2449);
#1768=STYLED_ITEM('',(#1865),#2450);
#1769=STYLED_ITEM('',(#1866),#2451);
#1770=STYLED_ITEM('',(#1867),#2452);
#1771=STYLED_ITEM('',(#1868),#2453);
#1772=STYLED_ITEM('',(#1869),#2454);
#1773=STYLED_ITEM('',(#1870),#2455);
#1774=STYLED_ITEM('',(#1871),#2456);
#1775=STYLED_ITEM('',(#1872),#2457);
#1776=STYLED_ITEM('',(#1873),#2458);
#1777=STYLED_ITEM('',(#1874),#2459);
#1778=STYLED_ITEM('',(#1875),#2460);
#1779=STYLED_ITEM('',(#1876),#2461);
#1780=STYLED_ITEM('',(#1877),#2462);
#1781=STYLED_ITEM('',(#1878),#2463);
#1782=STYLED_ITEM('',(#1879),#2464);
#1783=STYLED_ITEM('',(#1880),#2465);
#1784=STYLED_ITEM('',(#1881),#2466);
#1785=STYLED_ITEM('',(#1882),#2467);
#1786=STYLED_ITEM('',(#1883),#2468);
#1787=STYLED_ITEM('',(#1884),#2469);
#1788=STYLED_ITEM('',(#1885),#2470);
#1789=STYLED_ITEM('',(#1886),#2471);
#1790=STYLED_ITEM('',(#1887),#2472);
#1791=STYLED_ITEM('',(#1888),#2473);
#1792=STYLED_ITEM('',(#1889),#2474);
#1793=STYLED_ITEM('',(#1890),#2475);
#1794=STYLED_ITEM('',(#1891),#2476);
#1795=STYLED_ITEM('',(#1892),#2477);
#1796=STYLED_ITEM('',(#1893),#2478);
#1797=STYLED_ITEM('',(#1894),#2479);
#1798=STYLED_ITEM('',(#1895),#2480);
#1799=STYLED_ITEM('',(#1896),#2481);
#1800=STYLED_ITEM('',(#1897),#2482);
#1801=STYLED_ITEM('',(#1898),#2483);
#1802=STYLED_ITEM('',(#1899),#2484);
#1803=STYLED_ITEM('',(#1900),#2485);
#1804=STYLED_ITEM('',(#1901),#2486);
#1805=STYLED_ITEM('',(#1902),#2487);
#1806=STYLED_ITEM('',(#1903),#2488);
#1807=STYLED_ITEM('',(#1904),#2489);
#1808=STYLED_ITEM('',(#1905),#2490);
#1809=STYLED_ITEM('',(#1906),#2491);
#1810=STYLED_ITEM('',(#1907),#2492);
#1811=STYLED_ITEM('',(#1908),#2493);
#1812=STYLED_ITEM('',(#1909),#2494);
#1813=STYLED_ITEM('',(#1910),#2495);
#1814=STYLED_ITEM('',(#1911),#2496);
#1815=STYLED_ITEM('',(#1912),#2497);
#1816=PRESENTATION_STYLE_ASSIGNMENT((#1913));
#1817=PRESENTATION_STYLE_ASSIGNMENT((#1914));
#1818=PRESENTATION_STYLE_ASSIGNMENT((#1915));
#1819=PRESENTATION_STYLE_ASSIGNMENT((#1916));
#1820=PRESENTATION_STYLE_ASSIGNMENT((#1917));
#1821=PRESENTATION_STYLE_ASSIGNMENT((#1918));
#1822=PRESENTATION_STYLE_ASSIGNMENT((#1919));
#1823=PRESENTATION_STYLE_ASSIGNMENT((#1920));
#1824=PRESENTATION_STYLE_ASSIGNMENT((#1921));
#1825=PRESENTATION_STYLE_ASSIGNMENT((#1922));
#1826=PRESENTATION_STYLE_ASSIGNMENT((#1923));
#1827=PRESENTATION_STYLE_ASSIGNMENT((#1924));
#1828=PRESENTATION_STYLE_ASSIGNMENT((#1925));
#1829=PRESENTATION_STYLE_ASSIGNMENT((#1926));
#1830=PRESENTATION_STYLE_ASSIGNMENT((#1927));
#1831=PRESENTATION_STYLE_ASSIGNMENT((#1928));
#1832=PRESENTATION_STYLE_ASSIGNMENT((#1929));
#1833=PRESENTATION_STYLE_ASSIGNMENT((#1930));
#1834=PRESENTATION_STYLE_ASSIGNMENT((#1931));
#1835=PRESENTATION_STYLE_ASSIGNMENT((#1932));
#1836=PRESENTATION_STYLE_ASSIGNMENT((#1933));
#1837=PRESENTATION_STYLE_ASSIGNMENT((#1934));
#1838=PRESENTATION_STYLE_ASSIGNMENT((#1935));
#1839=PRESENTATION_STYLE_ASSIGNMENT((#1936));
#1840=PRESENTATION_STYLE_ASSIGNMENT((#1937));
#1841=PRESENTATION_STYLE_ASSIGNMENT((#1938));
#1842=PRESENTATION_STYLE_ASSIGNMENT((#1939));
#1843=PRESENTATION_STYLE_ASSIGNMENT((#1940));
#1844=PRESENTATION_STYLE_ASSIGNMENT((#1941));
#1845=PRESENTATION_STYLE_ASSIGNMENT((#1942));
#1846=PRESENTATION_STYLE_ASSIGNMENT((#1943));
#1847=PRESENTATION_STYLE_ASSIGNMENT((#1944));
#1848=PRESENTATION_STYLE_ASSIGNMENT((#1945));
#1849=PRESENTATION_STYLE_ASSIGNMENT((#1946));
#1850=PRESENTATION_STYLE_ASSIGNMENT((#1947));
#1851=PRESENTATION_STYLE_ASSIGNMENT((#1948));
#1852=PRESENTATION_STYLE_ASSIGNMENT((#1949));
#1853=PRESENTATION_STYLE_ASSIGNMENT((#1950));
#1854=PRESENTATION_STYLE_ASSIGNMENT((#1951));
#1855=PRESENTATION_STYLE_ASSIGNMENT((#1952));
#1856=PRESENTATION_STYLE_ASSIGNMENT((#1953));
#1857=PRESENTATION_STYLE_ASSIGNMENT((#1954));
#1858=PRESENTATION_STYLE_ASSIGNMENT((#1955));
#1859=PRESENTATION_STYLE_ASSIGNMENT((#1956));
#1860=PRESENTATION_STYLE_ASSIGNMENT((#1957));
#1861=PRESENTATION_STYLE_ASSIGNMENT((#1958));
#1862=PRESENTATION_STYLE_ASSIGNMENT((#1959));
#1863=PRESENTATION_STYLE_ASSIGNMENT((#1960));
#1864=PRESENTATION_STYLE_ASSIGNMENT((#1961));
#1865=PRESENTATION_STYLE_ASSIGNMENT((#1962));
#1866=PRESENTATION_STYLE_ASSIGNMENT((#1963));
#1867=PRESENTATION_STYLE_ASSIGNMENT((#1964));
#1868=PRESENTATION_STYLE_ASSIGNMENT((#1965));
#1869=PRESENTATION_STYLE_ASSIGNMENT((#1966));
#1870=PRESENTATION_STYLE_ASSIGNMENT((#1967));
#1871=PRESENTATION_STYLE_ASSIGNMENT((#1968));
#1872=PRESENTATION_STYLE_ASSIGNMENT((#1969));
#1873=PRESENTATION_STYLE_ASSIGNMENT((#1970));
#1874=PRESENTATION_STYLE_ASSIGNMENT((#1971));
#1875=PRESENTATION_STYLE_ASSIGNMENT((#1972));
#1876=PRESENTATION_STYLE_ASSIGNMENT((#1973));
#1877=PRESENTATION_STYLE_ASSIGNMENT((#1974));
#1878=PRESENTATION_STYLE_ASSIGNMENT((#1975));
#1879=PRESENTATION_STYLE_ASSIGNMENT((#1976));
#1880=PRESENTATION_STYLE_ASSIGNMENT((#1977));
#1881=PRESENTATION_STYLE_ASSIGNMENT((#1978));
#1882=PRESENTATION_STYLE_ASSIGNMENT((#1979));
#1883=PRESENTATION_STYLE_ASSIGNMENT((#1980));
#1884=PRESENTATION_STYLE_ASSIGNMENT((#1981));
#1885=PRESENTATION_STYLE_ASSIGNMENT((#1982));
#1886=PRESENTATION_STYLE_ASSIGNMENT((#1983));
#1887=PRESENTATION_STYLE_ASSIGNMENT((#1984));
#1888=PRESENTATION_STYLE_ASSIGNMENT((#1985));
#1889=PRESENTATION_STYLE_ASSIGNMENT((#1986));
#1890=PRESENTATION_STYLE_ASSIGNMENT((#1987));
#1891=PRESENTATION_STYLE_ASSIGNMENT((#1988));
#1892=PRESENTATION_STYLE_ASSIGNMENT((#1989));
#1893=PRESENTATION_STYLE_ASSIGNMENT((#1990));
#1894=PRESENTATION_STYLE_ASSIGNMENT((#1991));
#1895=PRESENTATION_STYLE_ASSIGNMENT((#1992));
#1896=PRESENTATION_STYLE_ASSIGNMENT((#1993));
#1897=PRESENTATION_STYLE_ASSIGNMENT((#1994));
#1898=PRESENTATION_STYLE_ASSIGNMENT((#1995));
#1899=PRESENTATION_STYLE_ASSIGNMENT((#1996));
#1900=PRESENTATION_STYLE_ASSIGNMENT((#1997));
#1901=PRESENTATION_STYLE_ASSIGNMENT((#1998));
#1902=PRESENTATION_STYLE_ASSIGNMENT((#1999));
#1903=PRESENTATION_STYLE_ASSIGNMENT((#2000));
#1904=PRESENTATION_STYLE_ASSIGNMENT((#2001));
#1905=PRESENTATION_STYLE_ASSIGNMENT((#2002));
#1906=PRESENTATION_STYLE_ASSIGNMENT((#2003));
#1907=PRESENTATION_STYLE_ASSIGNMENT((#2004));
#1908=PRESENTATION_STYLE_ASSIGNMENT((#2005));
#1909=PRESENTATION_STYLE_ASSIGNMENT((#2006));
#1910=PRESENTATION_STYLE_ASSIGNMENT((#2007));
#1911=PRESENTATION_STYLE_ASSIGNMENT((#2008));
#1912=PRESENTATION_STYLE_ASSIGNMENT((#2009));
#1913=SURFACE_STYLE_USAGE(.BOTH.,#2010);
#1914=SURFACE_STYLE_USAGE(.BOTH.,#2011);
#1915=SURFACE_STYLE_USAGE(.BOTH.,#2012);
#1916=SURFACE_STYLE_USAGE(.BOTH.,#2013);
#1917=SURFACE_STYLE_USAGE(.BOTH.,#2014);
#1918=SURFACE_STYLE_USAGE(.BOTH.,#2015);
#1919=SURFACE_STYLE_USAGE(.BOTH.,#2016);
#1920=SURFACE_STYLE_USAGE(.BOTH.,#2017);
#1921=SURFACE_STYLE_USAGE(.BOTH.,#2018);
#1922=SURFACE_STYLE_USAGE(.BOTH.,#2019);
#1923=SURFACE_STYLE_USAGE(.BOTH.,#2020);
#1924=SURFACE_STYLE_USAGE(.BOTH.,#2021);
#1925=SURFACE_STYLE_USAGE(.BOTH.,#2022);
#1926=SURFACE_STYLE_USAGE(.BOTH.,#2023);
#1927=SURFACE_STYLE_USAGE(.BOTH.,#2024);
#1928=SURFACE_STYLE_USAGE(.BOTH.,#2025);
#1929=SURFACE_STYLE_USAGE(.BOTH.,#2026);
#1930=SURFACE_STYLE_USAGE(.BOTH.,#2027);
#1931=SURFACE_STYLE_USAGE(.BOTH.,#2028);
#1932=SURFACE_STYLE_USAGE(.BOTH.,#2029);
#1933=SURFACE_STYLE_USAGE(.BOTH.,#2030);
#1934=SURFACE_STYLE_USAGE(.BOTH.,#2031);
#1935=SURFACE_STYLE_USAGE(.BOTH.,#2032);
#1936=SURFACE_STYLE_USAGE(.BOTH.,#2033);
#1937=SURFACE_STYLE_USAGE(.BOTH.,#2034);
#1938=SURFACE_STYLE_USAGE(.BOTH.,#2035);
#1939=SURFACE_STYLE_USAGE(.BOTH.,#2036);
#1940=SURFACE_STYLE_USAGE(.BOTH.,#2037);
#1941=SURFACE_STYLE_USAGE(.BOTH.,#2038);
#1942=SURFACE_STYLE_USAGE(.BOTH.,#2039);
#1943=SURFACE_STYLE_USAGE(.BOTH.,#2040);
#1944=SURFACE_STYLE_USAGE(.BOTH.,#2041);
#1945=SURFACE_STYLE_USAGE(.BOTH.,#2042);
#1946=SURFACE_STYLE_USAGE(.BOTH.,#2043);
#1947=SURFACE_STYLE_USAGE(.BOTH.,#2044);
#1948=SURFACE_STYLE_USAGE(.BOTH.,#2045);
#1949=SURFACE_STYLE_USAGE(.BOTH.,#2046);
#1950=SURFACE_STYLE_USAGE(.BOTH.,#2047);
#1951=SURFACE_STYLE_USAGE(.BOTH.,#2048);
#1952=SURFACE_STYLE_USAGE(.BOTH.,#2049);
#1953=SURFACE_STYLE_USAGE(.BOTH.,#2050);
#1954=SURFACE_STYLE_USAGE(.BOTH.,#2051);
#1955=SURFACE_STYLE_USAGE(.BOTH.,#2052);
#1956=SURFACE_STYLE_USAGE(.BOTH.,#2053);
#1957=SURFACE_STYLE_USAGE(.BOTH.,#2054);
#1958=SURFACE_STYLE_USAGE(.BOTH.,#2055);
#1959=SURFACE_STYLE_USAGE(.BOTH.,#2056);
#1960=SURFACE_STYLE_USAGE(.BOTH.,#2057);
#1961=SURFACE_STYLE_USAGE(.BOTH.,#2058);
#1962=SURFACE_STYLE_USAGE(.BOTH.,#2059);
#1963=SURFACE_STYLE_USAGE(.BOTH.,#2060);
#1964=SURFACE_STYLE_USAGE(.BOTH.,#2061);
#1965=SURFACE_STYLE_USAGE(.BOTH.,#2062);
#1966=SURFACE_STYLE_USAGE(.BOTH.,#2063);
#1967=SURFACE_STYLE_USAGE(.BOTH.,#2064);
#1968=SURFACE_STYLE_USAGE(.BOTH.,#2065);
#1969=SURFACE_STYLE_USAGE(.BOTH.,#2066);
#1970=SURFACE_STYLE_USAGE(.BOTH.,#2067);
#1971=SURFACE_STYLE_USAGE(.BOTH.,#2068);
#1972=SURFACE_STYLE_USAGE(.BOTH.,#2069);
#1973=SURFACE_STYLE_USAGE(.BOTH.,#2070);
#1974=SURFACE_STYLE_USAGE(.BOTH.,#2071);
#1975=SURFACE_STYLE_USAGE(.BOTH.,#2072);
#1976=SURFACE_STYLE_USAGE(.BOTH.,#2073);
#1977=SURFACE_STYLE_USAGE(.BOTH.,#2074);
#1978=SURFACE_STYLE_USAGE(.BOTH.,#2075);
#1979=SURFACE_STYLE_USAGE(.BOTH.,#2076);
#1980=SURFACE_STYLE_USAGE(.BOTH.,#2077);
#1981=SURFACE_STYLE_USAGE(.BOTH.,#2078);
#1982=SURFACE_STYLE_USAGE(.BOTH.,#2079);
#1983=SURFACE_STYLE_USAGE(.BOTH.,#2080);
#1984=SURFACE_STYLE_USAGE(.BOTH.,#2081);
#1985=SURFACE_STYLE_USAGE(.BOTH.,#2082);
#1986=SURFACE_STYLE_USAGE(.BOTH.,#2083);
#1987=SURFACE_STYLE_USAGE(.BOTH.,#2084);
#1988=SURFACE_STYLE_USAGE(.BOTH.,#2085);
#1989=SURFACE_STYLE_USAGE(.BOTH.,#2086);
#1990=SURFACE_STYLE_USAGE(.BOTH.,#2087);
#1991=SURFACE_STYLE_USAGE(.BOTH.,#2088);
#1992=SURFACE_STYLE_USAGE(.BOTH.,#2089);
#1993=SURFACE_STYLE_USAGE(.BOTH.,#2090);
#1994=SURFACE_STYLE_USAGE(.BOTH.,#2091);
#1995=SURFACE_STYLE_USAGE(.BOTH.,#2092);
#1996=SURFACE_STYLE_USAGE(.BOTH.,#2093);
#1997=SURFACE_STYLE_USAGE(.BOTH.,#2094);
#1998=SURFACE_STYLE_USAGE(.BOTH.,#2095);
#1999=SURFACE_STYLE_USAGE(.BOTH.,#2096);
#2000=SURFACE_STYLE_USAGE(.BOTH.,#2097);
#2001=SURFACE_STYLE_USAGE(.BOTH.,#2098);
#2002=SURFACE_STYLE_USAGE(.BOTH.,#2099);
#2003=SURFACE_STYLE_USAGE(.BOTH.,#2100);
#2004=SURFACE_STYLE_USAGE(.BOTH.,#2101);
#2005=SURFACE_STYLE_USAGE(.BOTH.,#2102);
#2006=SURFACE_STYLE_USAGE(.BOTH.,#2103);
#2007=SURFACE_STYLE_USAGE(.BOTH.,#2104);
#2008=SURFACE_STYLE_USAGE(.BOTH.,#2105);
#2009=SURFACE_STYLE_USAGE(.BOTH.,#2106);
#2010=SURFACE_SIDE_STYLE('',(#2107));
#2011=SURFACE_SIDE_STYLE('',(#2108));
#2012=SURFACE_SIDE_STYLE('',(#2109));
#2013=SURFACE_SIDE_STYLE('',(#2110));
#2014=SURFACE_SIDE_STYLE('',(#2111));
#2015=SURFACE_SIDE_STYLE('',(#2112));
#2016=SURFACE_SIDE_STYLE('',(#2113));
#2017=SURFACE_SIDE_STYLE('',(#2114));
#2018=SURFACE_SIDE_STYLE('',(#2115));
#2019=SURFACE_SIDE_STYLE('',(#2116));
#2020=SURFACE_SIDE_STYLE('',(#2117));
#2021=SURFACE_SIDE_STYLE('',(#2118));
#2022=SURFACE_SIDE_STYLE('',(#2119));
#2023=SURFACE_SIDE_STYLE('',(#2120));
#2024=SURFACE_SIDE_STYLE('',(#2121));
#2025=SURFACE_SIDE_STYLE('',(#2122));
#2026=SURFACE_SIDE_STYLE('',(#2123));
#2027=SURFACE_SIDE_STYLE('',(#2124));
#2028=SURFACE_SIDE_STYLE('',(#2125));
#2029=SURFACE_SIDE_STYLE('',(#2126));
#2030=SURFACE_SIDE_STYLE('',(#2127));
#2031=SURFACE_SIDE_STYLE('',(#2128));
#2032=SURFACE_SIDE_STYLE('',(#2129));
#2033=SURFACE_SIDE_STYLE('',(#2130));
#2034=SURFACE_SIDE_STYLE('',(#2131));
#2035=SURFACE_SIDE_STYLE('',(#2132));
#2036=SURFACE_SIDE_STYLE('',(#2133));
#2037=SURFACE_SIDE_STYLE('',(#2134));
#2038=SURFACE_SIDE_STYLE('',(#2135));
#2039=SURFACE_SIDE_STYLE('',(#2136));
#2040=SURFACE_SIDE_STYLE('',(#2137));
#2041=SURFACE_SIDE_STYLE('',(#2138));
#2042=SURFACE_SIDE_STYLE('',(#2139));
#2043=SURFACE_SIDE_STYLE('',(#2140));
#2044=SURFACE_SIDE_STYLE('',(#2141));
#2045=SURFACE_SIDE_STYLE('',(#2142));
#2046=SURFACE_SIDE_STYLE('',(#2143));
#2047=SURFACE_SIDE_STYLE('',(#2144));
#2048=SURFACE_SIDE_STYLE('',(#2145));
#2049=SURFACE_SIDE_STYLE('',(#2146));
#2050=SURFACE_SIDE_STYLE('',(#2147));
#2051=SURFACE_SIDE_STYLE('',(#2148));
#2052=SURFACE_SIDE_STYLE('',(#2149));
#2053=SURFACE_SIDE_STYLE('',(#2150));
#2054=SURFACE_SIDE_STYLE('',(#2151));
#2055=SURFACE_SIDE_STYLE('',(#2152));
#2056=SURFACE_SIDE_STYLE('',(#2153));
#2057=SURFACE_SIDE_STYLE('',(#2154));
#2058=SURFACE_SIDE_STYLE('',(#2155));
#2059=SURFACE_SIDE_STYLE('',(#2156));
#2060=SURFACE_SIDE_STYLE('',(#2157));
#2061=SURFACE_SIDE_STYLE('',(#2158));
#2062=SURFACE_SIDE_STYLE('',(#2159));
#2063=SURFACE_SIDE_STYLE('',(#2160));
#2064=SURFACE_SIDE_STYLE('',(#2161));
#2065=SURFACE_SIDE_STYLE('',(#2162));
#2066=SURFACE_SIDE_STYLE('',(#2163));
#2067=SURFACE_SIDE_STYLE('',(#2164));
#2068=SURFACE_SIDE_STYLE('',(#2165));
#2069=SURFACE_SIDE_STYLE('',(#2166));
#2070=SURFACE_SIDE_STYLE('',(#2167));
#2071=SURFACE_SIDE_STYLE('',(#2168));
#2072=SURFACE_SIDE_STYLE('',(#2169));
#2073=SURFACE_SIDE_STYLE('',(#2170));
#2074=SURFACE_SIDE_STYLE('',(#2171));
#2075=SURFACE_SIDE_STYLE('',(#2172));
#2076=SURFACE_SIDE_STYLE('',(#2173));
#2077=SURFACE_SIDE_STYLE('',(#2174));
#2078=SURFACE_SIDE_STYLE('',(#2175));
#2079=SURFACE_SIDE_STYLE('',(#2176));
#2080=SURFACE_SIDE_STYLE('',(#2177));
#2081=SURFACE_SIDE_STYLE('',(#2178));
#2082=SURFACE_SIDE_STYLE('',(#2179));
#2083=SURFACE_SIDE_STYLE('',(#2180));
#2084=SURFACE_SIDE_STYLE('',(#2181));
#2085=SURFACE_SIDE_STYLE('',(#2182));
#2086=SURFACE_SIDE_STYLE('',(#2183));
#2087=SURFACE_SIDE_STYLE('',(#2184));
#2088=SURFACE_SIDE_STYLE('',(#2185));
#2089=SURFACE_SIDE_STYLE('',(#2186));
#2090=SURFACE_SIDE_STYLE('',(#2187));
#2091=SURFACE_SIDE_STYLE('',(#2188));
#2092=SURFACE_SIDE_STYLE('',(#2189));
#2093=SURFACE_SIDE_STYLE('',(#2190));
#2094=SURFACE_SIDE_STYLE('',(#2191));
#2095=SURFACE_SIDE_STYLE('',(#2192));
#2096=SURFACE_SIDE_STYLE('',(#2193));
#2097=SURFACE_SIDE_STYLE('',(#2194));
#2098=SURFACE_SIDE_STYLE('',(#2195));
#2099=SURFACE_SIDE_STYLE('',(#2196));
#2100=SURFACE_SIDE_STYLE('',(#2197));
#2101=SURFACE_SIDE_STYLE('',(#2198));
#2102=SURFACE_SIDE_STYLE('',(#2199));
#2103=SURFACE_SIDE_STYLE('',(#2200));
#2104=SURFACE_SIDE_STYLE('',(#2201));
#2105=SURFACE_SIDE_STYLE('',(#2202));
#2106=SURFACE_SIDE_STYLE('',(#2203));
#2107=SURFACE_STYLE_FILL_AREA(#2204);
#2108=SURFACE_STYLE_FILL_AREA(#2205);
#2109=SURFACE_STYLE_FILL_AREA(#2206);
#2110=SURFACE_STYLE_FILL_AREA(#2207);
#2111=SURFACE_STYLE_FILL_AREA(#2208);
#2112=SURFACE_STYLE_FILL_AREA(#2209);
#2113=SURFACE_STYLE_FILL_AREA(#2210);
#2114=SURFACE_STYLE_FILL_AREA(#2211);
#2115=SURFACE_STYLE_FILL_AREA(#2212);
#2116=SURFACE_STYLE_FILL_AREA(#2213);
#2117=SURFACE_STYLE_FILL_AREA(#2214);
#2118=SURFACE_STYLE_FILL_AREA(#2215);
#2119=SURFACE_STYLE_FILL_AREA(#2216);
#2120=SURFACE_STYLE_FILL_AREA(#2217);
#2121=SURFACE_STYLE_FILL_AREA(#2218);
#2122=SURFACE_STYLE_FILL_AREA(#2219);
#2123=SURFACE_STYLE_FILL_AREA(#2220);
#2124=SURFACE_STYLE_FILL_AREA(#2221);
#2125=SURFACE_STYLE_FILL_AREA(#2222);
#2126=SURFACE_STYLE_FILL_AREA(#2223);
#2127=SURFACE_STYLE_FILL_AREA(#2224);
#2128=SURFACE_STYLE_FILL_AREA(#2225);
#2129=SURFACE_STYLE_FILL_AREA(#2226);
#2130=SURFACE_STYLE_FILL_AREA(#2227);
#2131=SURFACE_STYLE_FILL_AREA(#2228);
#2132=SURFACE_STYLE_FILL_AREA(#2229);
#2133=SURFACE_STYLE_FILL_AREA(#2230);
#2134=SURFACE_STYLE_FILL_AREA(#2231);
#2135=SURFACE_STYLE_FILL_AREA(#2232);
#2136=SURFACE_STYLE_FILL_AREA(#2233);
#2137=SURFACE_STYLE_FILL_AREA(#2234);
#2138=SURFACE_STYLE_FILL_AREA(#2235);
#2139=SURFACE_STYLE_FILL_AREA(#2236);
#2140=SURFACE_STYLE_FILL_AREA(#2237);
#2141=SURFACE_STYLE_FILL_AREA(#2238);
#2142=SURFACE_STYLE_FILL_AREA(#2239);
#2143=SURFACE_STYLE_FILL_AREA(#2240);
#2144=SURFACE_STYLE_FILL_AREA(#2241);
#2145=SURFACE_STYLE_FILL_AREA(#2242);
#2146=SURFACE_STYLE_FILL_AREA(#2243);
#2147=SURFACE_STYLE_FILL_AREA(#2244);
#2148=SURFACE_STYLE_FILL_AREA(#2245);
#2149=SURFACE_STYLE_FILL_AREA(#2246);
#2150=SURFACE_STYLE_FILL_AREA(#2247);
#2151=SURFACE_STYLE_FILL_AREA(#2248);
#2152=SURFACE_STYLE_FILL_AREA(#2249);
#2153=SURFACE_STYLE_FILL_AREA(#2250);
#2154=SURFACE_STYLE_FILL_AREA(#2251);
#2155=SURFACE_STYLE_FILL_AREA(#2252);
#2156=SURFACE_STYLE_FILL_AREA(#2253);
#2157=SURFACE_STYLE_FILL_AREA(#2254);
#2158=SURFACE_STYLE_FILL_AREA(#2255);
#2159=SURFACE_STYLE_FILL_AREA(#2256);
#2160=SURFACE_STYLE_FILL_AREA(#2257);
#2161=SURFACE_STYLE_FILL_AREA(#2258);
#2162=SURFACE_STYLE_FILL_AREA(#2259);
#2163=SURFACE_STYLE_FILL_AREA(#2260);
#2164=SURFACE_STYLE_FILL_AREA(#2261);
#2165=SURFACE_STYLE_FILL_AREA(#2262);
#2166=SURFACE_STYLE_FILL_AREA(#2263);
#2167=SURFACE_STYLE_FILL_AREA(#2264);
#2168=SURFACE_STYLE_FILL_AREA(#2265);
#2169=SURFACE_STYLE_FILL_AREA(#2266);
#2170=SURFACE_STYLE_FILL_AREA(#2267);
#2171=SURFACE_STYLE_FILL_AREA(#2268);
#2172=SURFACE_STYLE_FILL_AREA(#2269);
#2173=SURFACE_STYLE_FILL_AREA(#2270);
#2174=SURFACE_STYLE_FILL_AREA(#2271);
#2175=SURFACE_STYLE_FILL_AREA(#2272);
#2176=SURFACE_STYLE_FILL_AREA(#2273);
#2177=SURFACE_STYLE_FILL_AREA(#2274);
#2178=SURFACE_STYLE_FILL_AREA(#2275);
#2179=SURFACE_STYLE_FILL_AREA(#2276);
#2180=SURFACE_STYLE_FILL_AREA(#2277);
#2181=SURFACE_STYLE_FILL_AREA(#2278);
#2182=SURFACE_STYLE_FILL_AREA(#2279);
#2183=SURFACE_STYLE_FILL_AREA(#2280);
#2184=SURFACE_STYLE_FILL_AREA(#2281);
#2185=SURFACE_STYLE_FILL_AREA(#2282);
#2186=SURFACE_STYLE_FILL_AREA(#2283);
#2187=SURFACE_STYLE_FILL_AREA(#2284);
#2188=SURFACE_STYLE_FILL_AREA(#2285);
#2189=SURFACE_STYLE_FILL_AREA(#2286);
#2190=SURFACE_STYLE_FILL_AREA(#2287);
#2191=SURFACE_STYLE_FILL_AREA(#2288);
#2192=SURFACE_STYLE_FILL_AREA(#2289);
#2193=SURFACE_STYLE_FILL_AREA(#2290);
#2194=SURFACE_STYLE_FILL_AREA(#2291);
#2195=SURFACE_STYLE_FILL_AREA(#2292);
#2196=SURFACE_STYLE_FILL_AREA(#2293);
#2197=SURFACE_STYLE_FILL_AREA(#2294);
#2198=SURFACE_STYLE_FILL_AREA(#2295);
#2199=SURFACE_STYLE_FILL_AREA(#2296);
#2200=SURFACE_STYLE_FILL_AREA(#2297);
#2201=SURFACE_STYLE_FILL_AREA(#2298);
#2202=SURFACE_STYLE_FILL_AREA(#2299);
#2203=SURFACE_STYLE_FILL_AREA(#2300);
#2204=FILL_AREA_STYLE('',(#2301));
#2205=FILL_AREA_STYLE('',(#2302));
#2206=FILL_AREA_STYLE('',(#2303));
#2207=FILL_AREA_STYLE('',(#2304));
#2208=FILL_AREA_STYLE('',(#2305));
#2209=FILL_AREA_STYLE('',(#2306));
#2210=FILL_AREA_STYLE('',(#2307));
#2211=FILL_AREA_STYLE('',(#2308));
#2212=FILL_AREA_STYLE('',(#2309));
#2213=FILL_AREA_STYLE('',(#2310));
#2214=FILL_AREA_STYLE('',(#2311));
#2215=FILL_AREA_STYLE('',(#2312));
#2216=FILL_AREA_STYLE('',(#2313));
#2217=FILL_AREA_STYLE('',(#2314));
#2218=FILL_AREA_STYLE('',(#2315));
#2219=FILL_AREA_STYLE('',(#2316));
#2220=FILL_AREA_STYLE('',(#2317));
#2221=FILL_AREA_STYLE('',(#2318));
#2222=FILL_AREA_STYLE('',(#2319));
#2223=FILL_AREA_STYLE('',(#2320));
#2224=FILL_AREA_STYLE('',(#2321));
#2225=FILL_AREA_STYLE('',(#2322));
#2226=FILL_AREA_STYLE('',(#2323));
#2227=FILL_AREA_STYLE('',(#2324));
#2228=FILL_AREA_STYLE('',(#2325));
#2229=FILL_AREA_STYLE('',(#2326));
#2230=FILL_AREA_STYLE('',(#2327));
#2231=FILL_AREA_STYLE('',(#2328));
#2232=FILL_AREA_STYLE('',(#2329));
#2233=FILL_AREA_STYLE('',(#2330));
#2234=FILL_AREA_STYLE('',(#2331));
#2235=FILL_AREA_STYLE('',(#2332));
#2236=FILL_AREA_STYLE('',(#2333));
#2237=FILL_AREA_STYLE('',(#2334));
#2238=FILL_AREA_STYLE('',(#2335));
#2239=FILL_AREA_STYLE('',(#2336));
#2240=FILL_AREA_STYLE('',(#2337));
#2241=FILL_AREA_STYLE('',(#2338));
#2242=FILL_AREA_STYLE('',(#2339));
#2243=FILL_AREA_STYLE('',(#2340));
#2244=FILL_AREA_STYLE('',(#2341));
#2245=FILL_AREA_STYLE('',(#2342));
#2246=FILL_AREA_STYLE('',(#2343));
#2247=FILL_AREA_STYLE('',(#2344));
#2248=FILL_AREA_STYLE('',(#2345));
#2249=FILL_AREA_STYLE('',(#2346));
#2250=FILL_AREA_STYLE('',(#2347));
#2251=FILL_AREA_STYLE('',(#2348));
#2252=FILL_AREA_STYLE('',(#2349));
#2253=FILL_AREA_STYLE('',(#2350));
#2254=FILL_AREA_STYLE('',(#2351));
#2255=FILL_AREA_STYLE('',(#2352));
#2256=FILL_AREA_STYLE('',(#2353));
#2257=FILL_AREA_STYLE('',(#2354));
#2258=FILL_AREA_STYLE('',(#2355));
#2259=FILL_AREA_STYLE('',(#2356));
#2260=FILL_AREA_STYLE('',(#2357));
#2261=FILL_AREA_STYLE('',(#2358));
#2262=FILL_AREA_STYLE('',(#2359));
#2263=FILL_AREA_STYLE('',(#2360));
#2264=FILL_AREA_STYLE('',(#2361));
#2265=FILL_AREA_STYLE('',(#2362));
#2266=FILL_AREA_STYLE('',(#2363));
#2267=FILL_AREA_STYLE('',(#2364));
#2268=FILL_AREA_STYLE('',(#2365));
#2269=FILL_AREA_STYLE('',(#2366));
#2270=FILL_AREA_STYLE('',(#2367));
#2271=FILL_AREA_STYLE('',(#2368));
#2272=FILL_AREA_STYLE('',(#2369));
#2273=FILL_AREA_STYLE('',(#2370));
#2274=FILL_AREA_STYLE('',(#2371));
#2275=FILL_AREA_STYLE('',(#2372));
#2276=FILL_AREA_STYLE('',(#2373));
#2277=FILL_AREA_STYLE('',(#2374));
#2278=FILL_AREA_STYLE('',(#2375));
#2279=FILL_AREA_STYLE('',(#2376));
#2280=FILL_AREA_STYLE('',(#2377));
#2281=FILL_AREA_STYLE('',(#2378));
#2282=FILL_AREA_STYLE('',(#2379));
#2283=FILL_AREA_STYLE('',(#2380));
#2284=FILL_AREA_STYLE('',(#2381));
#2285=FILL_AREA_STYLE('',(#2382));
#2286=FILL_AREA_STYLE('',(#2383));
#2287=FILL_AREA_STYLE('',(#2384));
#2288=FILL_AREA_STYLE('',(#2385));
#2289=FILL_AREA_STYLE('',(#2386));
#2290=FILL_AREA_STYLE('',(#2387));
#2291=FILL_AREA_STYLE('',(#2388));
#2292=FILL_AREA_STYLE('',(#2389));
#2293=FILL_AREA_STYLE('',(#2390));
#2294=FILL_AREA_STYLE('',(#2391));
#2295=FILL_AREA_STYLE('',(#2392));
#2296=FILL_AREA_STYLE('',(#2393));
#2297=FILL_AREA_STYLE('',(#2394));
#2298=FILL_AREA_STYLE('',(#2395));
#2299=FILL_AREA_STYLE('',(#2396));
#2300=FILL_AREA_STYLE('',(#2397));
#2301=FILL_AREA_STYLE_COLOUR('',#2398);
#2302=FILL_AREA_STYLE_COLOUR('',#2398);
#2303=FILL_AREA_STYLE_COLOUR('',#2398);
#2304=FILL_AREA_STYLE_COLOUR('',#2398);
#2305=FILL_AREA_STYLE_COLOUR('',#2398);
#2306=FILL_AREA_STYLE_COLOUR('',#2398);
#2307=FILL_AREA_STYLE_COLOUR('',#2398);
#2308=FILL_AREA_STYLE_COLOUR('',#2398);
#2309=FILL_AREA_STYLE_COLOUR('',#2398);
#2310=FILL_AREA_STYLE_COLOUR('',#2398);
#2311=FILL_AREA_STYLE_COLOUR('',#2398);
#2312=FILL_AREA_STYLE_COLOUR('',#2398);
#2313=FILL_AREA_STYLE_COLOUR('',#2398);
#2314=FILL_AREA_STYLE_COLOUR('',#2398);
#2315=FILL_AREA_STYLE_COLOUR('',#2398);
#2316=FILL_AREA_STYLE_COLOUR('',#2398);
#2317=FILL_AREA_STYLE_COLOUR('',#2398);
#2318=FILL_AREA_STYLE_COLOUR('',#2399);
#2319=FILL_AREA_STYLE_COLOUR('',#2399);
#2320=FILL_AREA_STYLE_COLOUR('',#2399);
#2321=FILL_AREA_STYLE_COLOUR('',#2399);
#2322=FILL_AREA_STYLE_COLOUR('',#2399);
#2323=FILL_AREA_STYLE_COLOUR('',#2399);
#2324=FILL_AREA_STYLE_COLOUR('',#2399);
#2325=FILL_AREA_STYLE_COLOUR('',#2399);
#2326=FILL_AREA_STYLE_COLOUR('',#2399);
#2327=FILL_AREA_STYLE_COLOUR('',#2399);
#2328=FILL_AREA_STYLE_COLOUR('',#2399);
#2329=FILL_AREA_STYLE_COLOUR('',#2398);
#2330=FILL_AREA_STYLE_COLOUR('',#2398);
#2331=FILL_AREA_STYLE_COLOUR('',#2399);
#2332=FILL_AREA_STYLE_COLOUR('',#2398);
#2333=FILL_AREA_STYLE_COLOUR('',#2399);
#2334=FILL_AREA_STYLE_COLOUR('',#2398);
#2335=FILL_AREA_STYLE_COLOUR('',#2398);
#2336=FILL_AREA_STYLE_COLOUR('',#2398);
#2337=FILL_AREA_STYLE_COLOUR('',#2398);
#2338=FILL_AREA_STYLE_COLOUR('',#2398);
#2339=FILL_AREA_STYLE_COLOUR('',#2398);
#2340=FILL_AREA_STYLE_COLOUR('',#2398);
#2341=FILL_AREA_STYLE_COLOUR('',#2398);
#2342=FILL_AREA_STYLE_COLOUR('',#2398);
#2343=FILL_AREA_STYLE_COLOUR('',#2398);
#2344=FILL_AREA_STYLE_COLOUR('',#2398);
#2345=FILL_AREA_STYLE_COLOUR('',#2398);
#2346=FILL_AREA_STYLE_COLOUR('',#2398);
#2347=FILL_AREA_STYLE_COLOUR('',#2398);
#2348=FILL_AREA_STYLE_COLOUR('',#2399);
#2349=FILL_AREA_STYLE_COLOUR('',#2399);
#2350=FILL_AREA_STYLE_COLOUR('',#2399);
#2351=FILL_AREA_STYLE_COLOUR('',#2399);
#2352=FILL_AREA_STYLE_COLOUR('',#2399);
#2353=FILL_AREA_STYLE_COLOUR('',#2399);
#2354=FILL_AREA_STYLE_COLOUR('',#2399);
#2355=FILL_AREA_STYLE_COLOUR('',#2399);
#2356=FILL_AREA_STYLE_COLOUR('',#2399);
#2357=FILL_AREA_STYLE_COLOUR('',#2399);
#2358=FILL_AREA_STYLE_COLOUR('',#2399);
#2359=FILL_AREA_STYLE_COLOUR('',#2399);
#2360=FILL_AREA_STYLE_COLOUR('',#2399);
#2361=FILL_AREA_STYLE_COLOUR('',#2399);
#2362=FILL_AREA_STYLE_COLOUR('',#2399);
#2363=FILL_AREA_STYLE_COLOUR('',#2399);
#2364=FILL_AREA_STYLE_COLOUR('',#2399);
#2365=FILL_AREA_STYLE_COLOUR('',#2399);
#2366=FILL_AREA_STYLE_COLOUR('',#2399);
#2367=FILL_AREA_STYLE_COLOUR('',#2399);
#2368=FILL_AREA_STYLE_COLOUR('',#2399);
#2369=FILL_AREA_STYLE_COLOUR('',#2399);
#2370=FILL_AREA_STYLE_COLOUR('',#2398);
#2371=FILL_AREA_STYLE_COLOUR('',#2398);
#2372=FILL_AREA_STYLE_COLOUR('',#2399);
#2373=FILL_AREA_STYLE_COLOUR('',#2399);
#2374=FILL_AREA_STYLE_COLOUR('',#2399);
#2375=FILL_AREA_STYLE_COLOUR('',#2399);
#2376=FILL_AREA_STYLE_COLOUR('',#2399);
#2377=FILL_AREA_STYLE_COLOUR('',#2399);
#2378=FILL_AREA_STYLE_COLOUR('',#2399);
#2379=FILL_AREA_STYLE_COLOUR('',#2399);
#2380=FILL_AREA_STYLE_COLOUR('',#2398);
#2381=FILL_AREA_STYLE_COLOUR('',#2400);
#2382=FILL_AREA_STYLE_COLOUR('',#2400);
#2383=FILL_AREA_STYLE_COLOUR('',#2400);
#2384=FILL_AREA_STYLE_COLOUR('',#2400);
#2385=FILL_AREA_STYLE_COLOUR('',#2400);
#2386=FILL_AREA_STYLE_COLOUR('',#2400);
#2387=FILL_AREA_STYLE_COLOUR('',#2400);
#2388=FILL_AREA_STYLE_COLOUR('',#2400);
#2389=FILL_AREA_STYLE_COLOUR('',#2400);
#2390=FILL_AREA_STYLE_COLOUR('',#2400);
#2391=FILL_AREA_STYLE_COLOUR('',#2400);
#2392=FILL_AREA_STYLE_COLOUR('',#2400);
#2393=FILL_AREA_STYLE_COLOUR('',#2400);
#2394=FILL_AREA_STYLE_COLOUR('',#2400);
#2395=FILL_AREA_STYLE_COLOUR('',#2400);
#2396=FILL_AREA_STYLE_COLOUR('',#2400);
#2397=FILL_AREA_STYLE_COLOUR('',#2400);
#2398=COLOUR_RGB('',0.200000002980232,0.200000002980232,0.200000002980232);
#2399=COLOUR_RGB('',0.699999988079071,0.699999988079071,0.699999988079071);
#2400=COLOUR_RGB('',0.349999994039536,0.257352948188782,0.11323531717062);
#2401=ADVANCED_FACE('',(#1546),#1650,.T.);
#2402=ADVANCED_FACE('',(#1547,#1548,#1549),#1651,.F.);
#2403=ADVANCED_FACE('',(#1550),#1652,.F.);
#2404=ADVANCED_FACE('',(#1551),#1653,.F.);
#2405=ADVANCED_FACE('',(#1552),#1654,.F.);
#2406=ADVANCED_FACE('',(#1553),#1655,.F.);
#2407=ADVANCED_FACE('',(#1554),#1656,.T.);
#2408=ADVANCED_FACE('',(#1555),#1657,.T.);
#2409=ADVANCED_FACE('',(#1556),#1658,.T.);
#2410=ADVANCED_FACE('',(#1557),#1659,.T.);
#2411=ADVANCED_FACE('',(#1558),#1660,.T.);
#2412=ADVANCED_FACE('',(#1559),#1661,.T.);
#2413=ADVANCED_FACE('',(#1560),#1662,.T.);
#2414=ADVANCED_FACE('',(#1561),#1663,.F.);
#2415=ADVANCED_FACE('',(#1562),#1664,.F.);
#2416=ADVANCED_FACE('',(#1563),#1665,.T.);
#2417=ADVANCED_FACE('',(#1564),#1666,.T.);
#2418=ADVANCED_FACE('',(#1565),#1667,.T.);
#2419=ADVANCED_FACE('',(#1566),#1668,.T.);
#2420=ADVANCED_FACE('',(#1567),#1669,.T.);
#2421=ADVANCED_FACE('',(#1568),#76,.F.);
#2422=ADVANCED_FACE('',(#1569),#1670,.T.);
#2423=ADVANCED_FACE('',(#1570),#1671,.T.);
#2424=ADVANCED_FACE('',(#1571),#1672,.T.);
#2425=ADVANCED_FACE('',(#1572),#1673,.T.);
#2426=ADVANCED_FACE('',(#1573),#1674,.T.);
#2427=ADVANCED_FACE('',(#1574),#77,.F.);
#2428=ADVANCED_FACE('',(#1575),#1675,.T.);
#2429=ADVANCED_FACE('',(#1576),#78,.T.);
#2430=ADVANCED_FACE('',(#1577),#79,.T.);
#2431=ADVANCED_FACE('',(#1578),#1676,.T.);
#2432=ADVANCED_FACE('',(#1579,#1580),#1677,.F.);
#2433=ADVANCED_FACE('',(#1581,#1582),#1678,.T.);
#2434=ADVANCED_FACE('',(#1583),#1679,.F.);
#2435=ADVANCED_FACE('',(#1584),#1680,.F.);
#2436=ADVANCED_FACE('',(#1585),#1681,.T.);
#2437=ADVANCED_FACE('',(#1586),#1682,.T.);
#2438=ADVANCED_FACE('',(#1587),#1683,.T.);
#2439=ADVANCED_FACE('',(#1588,#1589,#1590),#1684,.T.);
#2440=ADVANCED_FACE('',(#1591),#1685,.T.);
#2441=ADVANCED_FACE('',(#1592),#1686,.F.);
#2442=ADVANCED_FACE('',(#1593),#1687,.F.);
#2443=ADVANCED_FACE('',(#1594),#1688,.F.);
#2444=ADVANCED_FACE('',(#1595),#1689,.T.);
#2445=ADVANCED_FACE('',(#1596),#1690,.F.);
#2446=ADVANCED_FACE('',(#1597),#1691,.F.);
#2447=ADVANCED_FACE('',(#1598),#1692,.F.);
#2448=ADVANCED_FACE('',(#1599),#1693,.F.);
#2449=ADVANCED_FACE('',(#1600),#1694,.T.);
#2450=ADVANCED_FACE('',(#1601),#1695,.T.);
#2451=ADVANCED_FACE('',(#1602),#1696,.T.);
#2452=ADVANCED_FACE('',(#1603),#80,.T.);
#2453=ADVANCED_FACE('',(#1604),#1697,.T.);
#2454=ADVANCED_FACE('',(#1605),#81,.T.);
#2455=ADVANCED_FACE('',(#1606),#1698,.T.);
#2456=ADVANCED_FACE('',(#1607),#1699,.T.);
#2457=ADVANCED_FACE('',(#1608),#82,.F.);
#2458=ADVANCED_FACE('',(#1609),#1700,.T.);
#2459=ADVANCED_FACE('',(#1610),#1701,.T.);
#2460=ADVANCED_FACE('',(#1611),#1702,.T.);
#2461=ADVANCED_FACE('',(#1612),#1703,.T.);
#2462=ADVANCED_FACE('',(#1613),#83,.F.);
#2463=ADVANCED_FACE('',(#1614),#1704,.T.);
#2464=ADVANCED_FACE('',(#1615),#1705,.T.);
#2465=ADVANCED_FACE('',(#1616),#84,.T.);
#2466=ADVANCED_FACE('',(#1617),#1706,.T.);
#2467=ADVANCED_FACE('',(#1618),#85,.T.);
#2468=ADVANCED_FACE('',(#1619),#1707,.T.);
#2469=ADVANCED_FACE('',(#1620),#1708,.F.);
#2470=ADVANCED_FACE('',(#1621),#24,.T.);
#2471=ADVANCED_FACE('',(#1622),#25,.T.);
#2472=ADVANCED_FACE('',(#1623),#1709,.F.);
#2473=ADVANCED_FACE('',(#1624),#86,.F.);
#2474=ADVANCED_FACE('',(#1625),#1710,.F.);
#2475=ADVANCED_FACE('',(#1626),#87,.F.);
#2476=ADVANCED_FACE('',(#1627),#1711,.F.);
#2477=ADVANCED_FACE('',(#1628),#88,.F.);
#2478=ADVANCED_FACE('',(#1629),#1712,.F.);
#2479=ADVANCED_FACE('',(#1630),#89,.F.);
#2480=ADVANCED_FACE('',(#1631,#1632),#1713,.T.);
#2481=ADVANCED_FACE('',(#1633),#1714,.T.);
#2482=ADVANCED_FACE('',(#1634),#90,.T.);
#2483=ADVANCED_FACE('',(#1635),#1715,.T.);
#2484=ADVANCED_FACE('',(#1636),#91,.T.);
#2485=ADVANCED_FACE('',(#1637),#1716,.T.);
#2486=ADVANCED_FACE('',(#1638),#92,.T.);
#2487=ADVANCED_FACE('',(#1639),#1717,.T.);
#2488=ADVANCED_FACE('',(#1640),#93,.T.);
#2489=ADVANCED_FACE('',(#1641),#1718,.F.);
#2490=ADVANCED_FACE('',(#1642),#94,.T.);
#2491=ADVANCED_FACE('',(#1643),#20,.T.);
#2492=ADVANCED_FACE('',(#1644),#21,.T.);
#2493=ADVANCED_FACE('',(#1645),#95,.T.);
#2494=ADVANCED_FACE('',(#1646),#96,.T.);
#2495=ADVANCED_FACE('',(#1647),#22,.T.);
#2496=ADVANCED_FACE('',(#1648),#23,.T.);
#2497=ADVANCED_FACE('',(#1649),#97,.T.);
#2498=CLOSED_SHELL('',(#2401,#2402,#2403,#2404,#2405,#2406,#2407,#2408,
#2409,#2410,#2411,#2412,#2413,#2414,#2415,#2416,#2417,#2418,#2419,#2420,
#2421,#2422,#2423,#2424,#2425,#2426,#2427,#2428,#2429,#2430,#2431,#2432,
#2433,#2434,#2435,#2436,#2437,#2438,#2439,#2440,#2441,#2442,#2443,#2444,
#2445,#2446,#2447,#2448,#2449,#2450,#2451,#2452,#2453,#2454,#2455,#2456,
#2457,#2458,#2459,#2460,#2461,#2462,#2463,#2464,#2465,#2466,#2467,#2468,
#2469,#2470,#2471,#2472,#2473,#2474,#2475,#2476,#2477,#2478,#2479,#2480,
#2481,#2482,#2483,#2484,#2485,#2486,#2487,#2488,#2489,#2490,#2491,#2492,
#2493,#2494,#2495,#2496,#2497));
#2499=MANIFOLD_SOLID_BREP('',#2498);
#2500=SHAPE_DEFINITION_REPRESENTATION(#3688,#2501);
#2501=SHAPE_REPRESENTATION('DTSM-32N-V-T_R',(#2502),#3683);
#2502=AXIS2_PLACEMENT_3D('',#3148,#2650,#2651);
#2503=AXIS2_PLACEMENT_3D('',#3149,#2652,#2653);
#2504=AXIS2_PLACEMENT_3D('',#3184,#2666,#2667);
#2505=AXIS2_PLACEMENT_3D('',#3211,#2682,#2683);
#2506=AXIS2_PLACEMENT_3D('',#3220,#2688,#2689);
#2507=AXIS2_PLACEMENT_3D('',#3229,#2694,#2695);
#2508=AXIS2_PLACEMENT_3D('',#3238,#2700,#2701);
#2509=AXIS2_PLACEMENT_3D('',#3247,#2706,#2707);
#2510=AXIS2_PLACEMENT_3D('',#3259,#2714,#2715);
#2511=AXIS2_PLACEMENT_3D('',#3265,#2719,#2720);
#2512=AXIS2_PLACEMENT_3D('',#3271,#2724,#2725);
#2513=AXIS2_PLACEMENT_3D('',#3277,#2729,#2730);
#2514=AXIS2_PLACEMENT_3D('',#3283,#2734,#2735);
#2515=AXIS2_PLACEMENT_3D('',#3286,#2738,#2739);
#2516=AXIS2_PLACEMENT_3D('',#3289,#2742,#2743);
#2517=AXIS2_PLACEMENT_3D('',#3292,#2746,#2747);
#2518=AXIS2_PLACEMENT_3D('',#3295,#2750,#2751);
#2519=AXIS2_PLACEMENT_3D('',#3307,#2758,#2759);
#2520=AXIS2_PLACEMENT_3D('',#3336,#2770,#2771);
#2521=AXIS2_PLACEMENT_3D('',#3345,#2776,#2777);
#2522=AXIS2_PLACEMENT_3D('',#3351,#2781,#2782);
#2523=AXIS2_PLACEMENT_3D('',#3357,#2786,#2787);
#2524=AXIS2_PLACEMENT_3D('',#3358,#2788,#2789);
#2525=AXIS2_PLACEMENT_3D('',#3362,#2791,#2792);
#2526=AXIS2_PLACEMENT_3D('',#3363,#2793,#2794);
#2527=AXIS2_PLACEMENT_3D('',#3369,#2798,#2799);
#2528=AXIS2_PLACEMENT_3D('',#3375,#2803,#2804);
#2529=AXIS2_PLACEMENT_3D('',#3381,#2808,#2809);
#2530=AXIS2_PLACEMENT_3D('',#3387,#2813,#2814);
#2531=AXIS2_PLACEMENT_3D('',#3393,#2818,#2819);
#2532=AXIS2_PLACEMENT_3D('',#3394,#2820,#2821);
#2533=AXIS2_PLACEMENT_3D('',#3398,#2823,#2824);
#2534=AXIS2_PLACEMENT_3D('',#3399,#2825,#2826);
#2535=AXIS2_PLACEMENT_3D('',#3405,#2830,#2831);
#2536=AXIS2_PLACEMENT_3D('',#3406,#2832,#2833);
#2537=AXIS2_PLACEMENT_3D('',#3407,#2834,#2835);
#2538=AXIS2_PLACEMENT_3D('',#3408,#2836,#2837);
#2539=AXIS2_PLACEMENT_3D('',#3409,#2838,#2839);
#2540=AXIS2_PLACEMENT_3D('',#3410,#2840,#2841);
#2541=AXIS2_PLACEMENT_3D('',#3411,#2842,#2843);
#2542=AXIS2_PLACEMENT_3D('',#3414,#2846,#2847);
#2543=AXIS2_PLACEMENT_3D('',#3415,#2848,#2849);
#2544=AXIS2_PLACEMENT_3D('',#3419,#2851,#2852);
#2545=AXIS2_PLACEMENT_3D('',#3423,#2854,#2855);
#2546=AXIS2_PLACEMENT_3D('',#3427,#2857,#2858);
#2547=AXIS2_PLACEMENT_3D('',#3431,#2860,#2861);
#2548=AXIS2_PLACEMENT_3D('',#3432,#2862,#2863);
#2549=AXIS2_PLACEMENT_3D('',#3433,#2864,#2865);
#2550=AXIS2_PLACEMENT_3D('',#3434,#2866,#2867);
#2551=AXIS2_PLACEMENT_3D('',#3435,#2868,#2869);
#2552=AXIS2_PLACEMENT_3D('',#3436,#2870,#2871);
#2553=AXIS2_PLACEMENT_3D('',#3438,#2873,#2874);
#2554=AXIS2_PLACEMENT_3D('',#3440,#2876,#2877);
#2555=AXIS2_PLACEMENT_3D('',#3442,#2879,#2880);
#2556=AXIS2_PLACEMENT_3D('',#3452,#2888,#2889);
#2557=AXIS2_PLACEMENT_3D('',#3453,#2890,#2891);
#2558=AXIS2_PLACEMENT_3D('',#3454,#2892,#2893);
#2559=AXIS2_PLACEMENT_3D('',#3455,#2894,#2895);
#2560=AXIS2_PLACEMENT_3D('',#3456,#2896,#2897);
#2561=AXIS2_PLACEMENT_3D('',#3457,#2898,#2899);
#2562=AXIS2_PLACEMENT_3D('',#3458,#2900,#2901);
#2563=AXIS2_PLACEMENT_3D('',#3459,#2902,#2903);
#2564=AXIS2_PLACEMENT_3D('',#3460,#2904,#2905);
#2565=AXIS2_PLACEMENT_3D('',#3463,#2907,#2908);
#2566=AXIS2_PLACEMENT_3D('',#3467,#2910,#2911);
#2567=AXIS2_PLACEMENT_3D('',#3475,#2915,#2916);
#2568=AXIS2_PLACEMENT_3D('',#3478,#2918,#2919);
#2569=AXIS2_PLACEMENT_3D('',#3481,#2921,#2922);
#2570=AXIS2_PLACEMENT_3D('',#3489,#2926,#2927);
#2571=AXIS2_PLACEMENT_3D('',#3493,#2929,#2930);
#2572=AXIS2_PLACEMENT_3D('',#3496,#2932,#2933);
#2573=AXIS2_PLACEMENT_3D('',#3499,#2936,#2937);
#2574=AXIS2_PLACEMENT_3D('',#3501,#2939,#2940);
#2575=AXIS2_PLACEMENT_3D('',#3503,#2942,#2943);
#2576=AXIS2_PLACEMENT_3D('',#3505,#2945,#2946);
#2577=AXIS2_PLACEMENT_3D('',#3507,#2948,#2949);
#2578=AXIS2_PLACEMENT_3D('',#3508,#2950,#2951);
#2579=AXIS2_PLACEMENT_3D('',#3510,#2953,#2954);
#2580=AXIS2_PLACEMENT_3D('',#3512,#2956,#2957);
#2581=AXIS2_PLACEMENT_3D('',#3513,#2958,#2959);
#2582=AXIS2_PLACEMENT_3D('',#3516,#2961,#2962);
#2583=AXIS2_PLACEMENT_3D('',#3524,#2966,#2967);
#2584=AXIS2_PLACEMENT_3D('',#3528,#2969,#2970);
#2585=AXIS2_PLACEMENT_3D('',#3531,#2972,#2973);
#2586=AXIS2_PLACEMENT_3D('',#3537,#2977,#2978);
#2587=AXIS2_PLACEMENT_3D('',#3541,#2981,#2982);
#2588=AXIS2_PLACEMENT_3D('',#3542,#2983,#2984);
#2589=AXIS2_PLACEMENT_3D('',#3545,#2986,#2987);
#2590=AXIS2_PLACEMENT_3D('',#3547,#2989,#2990);
#2591=AXIS2_PLACEMENT_3D('',#3551,#2993,#2994);
#2592=AXIS2_PLACEMENT_3D('',#3552,#2995,#2996);
#2593=AXIS2_PLACEMENT_3D('',#3555,#2998,#2999);
#2594=AXIS2_PLACEMENT_3D('',#3559,#3002,#3003);
#2595=AXIS2_PLACEMENT_3D('',#3560,#3004,#3005);
#2596=AXIS2_PLACEMENT_3D('',#3563,#3007,#3008);
#2597=AXIS2_PLACEMENT_3D('',#3565,#3010,#3011);
#2598=AXIS2_PLACEMENT_3D('',#3566,#3012,#3013);
#2599=AXIS2_PLACEMENT_3D('',#3567,#3014,#3015);
#2600=AXIS2_PLACEMENT_3D('',#3568,#3016,#3017);
#2601=AXIS2_PLACEMENT_3D('',#3574,#3021,#3022);
#2602=AXIS2_PLACEMENT_3D('',#3577,#3024,#3025);
#2603=AXIS2_PLACEMENT_3D('',#3578,#3026,#3027);
#2604=AXIS2_PLACEMENT_3D('',#3582,#3030,#3031);
#2605=AXIS2_PLACEMENT_3D('',#3585,#3033,#3034);
#2606=AXIS2_PLACEMENT_3D('',#3586,#3035,#3036);
#2607=AXIS2_PLACEMENT_3D('',#3590,#3039,#3040);
#2608=AXIS2_PLACEMENT_3D('',#3593,#3042,#3043);
#2609=AXIS2_PLACEMENT_3D('',#3594,#3044,#3045);
#2610=AXIS2_PLACEMENT_3D('',#3598,#3048,#3049);
#2611=AXIS2_PLACEMENT_3D('',#3599,#3050,#3051);
#2612=AXIS2_PLACEMENT_3D('',#3600,#3052,#3053);
#2613=AXIS2_PLACEMENT_3D('',#3604,#3055,#3056);
#2614=AXIS2_PLACEMENT_3D('',#3608,#3058,#3059);
#2615=AXIS2_PLACEMENT_3D('',#3612,#3061,#3062);
#2616=AXIS2_PLACEMENT_3D('',#3616,#3064,#3065);
#2617=AXIS2_PLACEMENT_3D('',#3617,#3066,#3067);
#2618=AXIS2_PLACEMENT_3D('',#3623,#3071,#3072);
#2619=AXIS2_PLACEMENT_3D('',#3624,#3073,#3074);
#2620=AXIS2_PLACEMENT_3D('',#3627,#3076,#3077);
#2621=AXIS2_PLACEMENT_3D('',#3631,#3080,#3081);
#2622=AXIS2_PLACEMENT_3D('',#3632,#3082,#3083);
#2623=AXIS2_PLACEMENT_3D('',#3635,#3085,#3086);
#2624=AXIS2_PLACEMENT_3D('',#3639,#3089,#3090);
#2625=AXIS2_PLACEMENT_3D('',#3640,#3091,#3092);
#2626=AXIS2_PLACEMENT_3D('',#3643,#3094,#3095);
#2627=AXIS2_PLACEMENT_3D('',#3647,#3098,#3099);
#2628=AXIS2_PLACEMENT_3D('',#3648,#3100,#3101);
#2629=AXIS2_PLACEMENT_3D('',#3649,#3102,#3103);
#2630=AXIS2_PLACEMENT_3D('',#3650,#3104,#3105);
#2631=AXIS2_PLACEMENT_3D('',#3655,#3107,#3108);
#2632=AXIS2_PLACEMENT_3D('',#3659,#3110,#3111);
#2633=AXIS2_PLACEMENT_3D('',#3663,#3113,#3114);
#2634=AXIS2_PLACEMENT_3D('',#3666,#3116,#3117);
#2635=AXIS2_PLACEMENT_3D('',#3667,#3118,#3119);
#2636=AXIS2_PLACEMENT_3D('',#3668,#3120,#3121);
#2637=AXIS2_PLACEMENT_3D('',#3669,#3122,#3123);
#2638=AXIS2_PLACEMENT_3D('',#3670,#3124,#3125);
#2639=AXIS2_PLACEMENT_3D('',#3671,#3126,#3127);
#2640=AXIS2_PLACEMENT_3D('',#3672,#3128,#3129);
#2641=AXIS2_PLACEMENT_3D('',#3673,#3130,#3131);
#2642=AXIS2_PLACEMENT_3D('',#3674,#3132,#3133);
#2643=AXIS2_PLACEMENT_3D('',#3675,#3134,#3135);
#2644=AXIS2_PLACEMENT_3D('',#3676,#3136,#3137);
#2645=AXIS2_PLACEMENT_3D('',#3677,#3138,#3139);
#2646=AXIS2_PLACEMENT_3D('',#3678,#3140,#3141);
#2647=AXIS2_PLACEMENT_3D('',#3679,#3142,#3143);
#2648=AXIS2_PLACEMENT_3D('',#3680,#3144,#3145);
#2649=AXIS2_PLACEMENT_3D('',#3681,#3146,#3147);
#2650=DIRECTION('',(0.,0.,1.));
#2651=DIRECTION('',(1.,0.,0.));
#2652=DIRECTION('',(1.,0.,0.));
#2653=DIRECTION('',(0.,0.,-1.));
#2654=DIRECTION('',(0.,0.,1.));
#2655=DIRECTION('',(0.,-1.,0.));
#2656=DIRECTION('',(0.,0.,1.));
#2657=DIRECTION('',(0.,1.,0.));
#2658=DIRECTION('',(0.,0.,1.));
#2659=DIRECTION('',(0.,1.,0.));
#2660=DIRECTION('',(0.,0.,1.));
#2661=DIRECTION('',(0.,-1.,0.));
#2662=DIRECTION('',(0.,0.,1.));
#2663=DIRECTION('',(0.,1.,0.));
#2664=DIRECTION('',(0.,0.,1.));
#2665=DIRECTION('',(-4.25541391823947E-14,1.,0.));
#2666=DIRECTION('',(0.,0.,1.));
#2667=DIRECTION('',(1.,0.,0.));
#2668=DIRECTION('',(-1.,0.,0.));
#2669=DIRECTION('',(0.,1.,0.));
#2670=DIRECTION('',(-1.,0.,0.));
#2671=DIRECTION('',(0.,1.,0.));
#2672=DIRECTION('',(0.,1.,0.));
#2673=DIRECTION('',(-1.,0.,0.));
#2674=DIRECTION('',(0.,1.,0.));
#2675=DIRECTION('',(-1.,0.,0.));
#2676=DIRECTION('',(-1.,0.,0.));
#2677=DIRECTION('',(-1.,0.,0.));
#2678=DIRECTION('',(0.,1.,0.));
#2679=DIRECTION('',(-1.,0.,0.));
#2680=DIRECTION('',(-1.,0.,0.));
#2681=DIRECTION('',(0.,1.,0.));
#2682=DIRECTION('',(0.,0.,1.));
#2683=DIRECTION('',(1.,0.,0.));
#2684=DIRECTION('',(-1.,0.,0.));
#2685=DIRECTION('',(0.,1.,0.));
#2686=DIRECTION('',(-1.,0.,0.));
#2687=DIRECTION('',(0.,1.,0.));
#2688=DIRECTION('',(0.,0.,1.));
#2689=DIRECTION('',(1.,0.,0.));
#2690=DIRECTION('',(0.,1.,0.));
#2691=DIRECTION('',(-1.,0.,0.));
#2692=DIRECTION('',(0.,1.,0.));
#2693=DIRECTION('',(-1.,0.,0.));
#2694=DIRECTION('',(0.,0.,1.));
#2695=DIRECTION('',(1.,0.,0.));
#2696=DIRECTION('',(-1.,0.,0.));
#2697=DIRECTION('',(0.,1.,0.));
#2698=DIRECTION('',(-1.,0.,0.));
#2699=DIRECTION('',(0.,1.,0.));
#2700=DIRECTION('',(0.,0.,1.));
#2701=DIRECTION('',(1.,0.,0.));
#2702=DIRECTION('',(0.,1.,0.));
#2703=DIRECTION('',(-1.,0.,0.));
#2704=DIRECTION('',(0.,1.,0.));
#2705=DIRECTION('',(-1.,0.,0.));
#2706=DIRECTION('',(0.,1.,0.));
#2707=DIRECTION('',(0.,0.,1.));
#2708=DIRECTION('',(0.,0.,1.));
#2709=DIRECTION('',(-1.,0.,0.));
#2710=DIRECTION('',(0.,0.,-1.));
#2711=DIRECTION('',(-1.,0.,0.));
#2712=DIRECTION('',(0.,0.,1.));
#2713=DIRECTION('',(-1.,0.,0.));
#2714=DIRECTION('',(-1.,0.,0.));
#2715=DIRECTION('',(0.,0.,1.));
#2716=DIRECTION('',(0.,0.,1.));
#2717=DIRECTION('',(0.,0.,-1.));
#2718=DIRECTION('',(0.,1.,0.));
#2719=DIRECTION('',(-1.,0.,0.));
#2720=DIRECTION('',(0.,0.,1.));
#2721=DIRECTION('',(0.,0.,-1.));
#2722=DIRECTION('',(0.,1.,0.));
#2723=DIRECTION('',(0.,0.,-1.));
#2724=DIRECTION('',(1.,0.,0.));
#2725=DIRECTION('',(0.,0.,-1.));
#2726=DIRECTION('',(0.,0.,-1.));
#2727=DIRECTION('',(0.,1.,0.));
#2728=DIRECTION('',(0.,0.,1.));
#2729=DIRECTION('',(1.,0.,0.));
#2730=DIRECTION('',(0.,0.,-1.));
#2731=DIRECTION('',(0.,0.,1.));
#2732=DIRECTION('',(0.,0.,1.));
#2733=DIRECTION('',(0.,1.,0.));
#2734=DIRECTION('',(-1.,0.,0.));
#2735=DIRECTION('',(0.,0.,1.));
#2736=DIRECTION('',(0.,0.,1.));
#2737=DIRECTION('',(0.,0.,-1.));
#2738=DIRECTION('',(-1.,0.,0.));
#2739=DIRECTION('',(0.,0.,1.));
#2740=DIRECTION('',(0.,0.,-1.));
#2741=DIRECTION('',(0.,0.,-1.));
#2742=DIRECTION('',(-1.,0.,0.));
#2743=DIRECTION('',(0.,0.,1.));
#2744=DIRECTION('',(0.,0.,1.));
#2745=DIRECTION('',(0.,0.,-1.));
#2746=DIRECTION('',(-1.,0.,0.));
#2747=DIRECTION('',(0.,0.,1.));
#2748=DIRECTION('',(0.,0.,-1.));
#2749=DIRECTION('',(0.,0.,-1.));
#2750=DIRECTION('',(0.,-1.,0.));
#2751=DIRECTION('',(0.,0.,-1.));
#2752=DIRECTION('',(0.,0.,-1.));
#2753=DIRECTION('',(1.,0.,0.));
#2754=DIRECTION('',(0.,0.,1.));
#2755=DIRECTION('',(1.,0.,0.));
#2756=DIRECTION('',(0.,0.,1.));
#2757=DIRECTION('',(1.,0.,0.));
#2758=DIRECTION('',(-1.,0.,0.));
#2759=DIRECTION('',(0.,0.,1.));
#2760=DIRECTION('',(0.,0.,1.));
#2761=DIRECTION('',(2.09378302745214E-16,1.,0.));
#2762=DIRECTION('',(0.,0.,1.));
#2763=DIRECTION('',(0.,-1.,0.));
#2764=DIRECTION('',(0.,1.,0.));
#2765=DIRECTION('',(0.,0.,1.));
#2766=DIRECTION('',(0.,1.,0.));
#2767=DIRECTION('',(0.,0.,1.));
#2768=DIRECTION('',(0.,1.,0.));
#2769=DIRECTION('',(4.25541391823947E-14,-1.,0.));
#2770=DIRECTION('',(0.,-1.,0.));
#2771=DIRECTION('',(0.,0.,-1.));
#2772=DIRECTION('',(1.,0.,0.));
#2773=DIRECTION('',(0.,0.,1.));
#2774=DIRECTION('',(1.,0.,0.));
#2775=DIRECTION('',(0.,0.,1.));
#2776=DIRECTION('',(-0.707106781186548,-0.707106781186548,0.));
#2777=DIRECTION('',(0.707106781186548,-0.707106781186548,0.));
#2778=DIRECTION('',(0.707106781186548,-0.707106781186548,0.));
#2779=DIRECTION('',(0.,0.,1.));
#2780=DIRECTION('',(0.707106781186548,-0.707106781186548,0.));
#2781=DIRECTION('',(-1.,-8.74048909091253E-16,0.));
#2782=DIRECTION('',(8.74048909091253E-16,-1.,0.));
#2783=DIRECTION('',(8.74048909091253E-16,-1.,0.));
#2784=DIRECTION('',(0.,0.,1.));
#2785=DIRECTION('',(8.74048909091253E-16,-1.,0.));
#2786=DIRECTION('',(0.,0.,1.));
#2787=DIRECTION('',(1.,0.,0.));
#2788=DIRECTION('',(0.,0.,-1.));
#2789=DIRECTION('',(-1.,0.,0.));
#2790=DIRECTION('',(0.,0.,1.));
#2791=DIRECTION('',(0.,0.,-1.));
#2792=DIRECTION('',(-1.,0.,0.));
#2793=DIRECTION('',(-1.,0.,0.));
#2794=DIRECTION('',(0.,0.,1.));
#2795=DIRECTION('',(0.,-1.,0.));
#2796=DIRECTION('',(0.,0.,1.));
#2797=DIRECTION('',(0.,-1.,0.));
#2798=DIRECTION('',(-0.707106781186548,0.707106781186548,0.));
#2799=DIRECTION('',(-0.707106781186548,-0.707106781186548,0.));
#2800=DIRECTION('',(-0.707106781186548,-0.707106781186548,0.));
#2801=DIRECTION('',(0.,0.,1.));
#2802=DIRECTION('',(-0.707106781186548,-0.707106781186548,0.));
#2803=DIRECTION('',(0.,1.,0.));
#2804=DIRECTION('',(0.,0.,1.));
#2805=DIRECTION('',(-1.,0.,0.));
#2806=DIRECTION('',(0.,0.,1.));
#2807=DIRECTION('',(-1.,0.,0.));
#2808=DIRECTION('',(0.707106781186548,0.707106781186548,0.));
#2809=DIRECTION('',(-0.707106781186548,0.707106781186548,0.));
#2810=DIRECTION('',(-0.707106781186548,0.707106781186548,0.));
#2811=DIRECTION('',(0.,0.,1.));
#2812=DIRECTION('',(-0.707106781186548,0.707106781186548,0.));
#2813=DIRECTION('',(1.,0.,0.));
#2814=DIRECTION('',(0.,0.,-1.));
#2815=DIRECTION('',(0.,1.,0.));
#2816=DIRECTION('',(0.,0.,1.));
#2817=DIRECTION('',(0.,1.,0.));
#2818=DIRECTION('',(0.,0.,1.));
#2819=DIRECTION('',(1.,0.,0.));
#2820=DIRECTION('',(0.,0.,-1.));
#2821=DIRECTION('',(1.,0.,0.));
#2822=DIRECTION('',(0.,0.,1.));
#2823=DIRECTION('',(0.,0.,-1.));
#2824=DIRECTION('',(1.,0.,0.));
#2825=DIRECTION('',(1.,0.,0.));
#2826=DIRECTION('',(0.,0.,-1.));
#2827=DIRECTION('',(0.,1.,0.));
#2828=DIRECTION('',(0.,0.,1.));
#2829=DIRECTION('',(0.,1.,0.));
#2830=DIRECTION('',(0.,0.,1.));
#2831=DIRECTION('',(1.,0.,0.));
#2832=DIRECTION('',(0.,0.,-1.));
#2833=DIRECTION('',(-1.,0.,0.));
#2834=DIRECTION('',(0.,0.,-1.));
#2835=DIRECTION('',(1.,0.,0.));
#2836=DIRECTION('',(0.,0.,1.));
#2837=DIRECTION('',(1.,0.,0.));
#2838=DIRECTION('',(0.,0.,-1.));
#2839=DIRECTION('',(-1.,0.,0.));
#2840=DIRECTION('',(0.,0.,-1.));
#2841=DIRECTION('',(1.,0.,0.));
#2842=DIRECTION('',(0.707106781186548,-0.707106781186548,0.));
#2843=DIRECTION('',(0.707106781186548,0.707106781186548,0.));
#2844=DIRECTION('',(0.707106781186548,0.707106781186548,0.));
#2845=DIRECTION('',(0.707106781186548,0.707106781186548,0.));
#2846=DIRECTION('',(0.,0.,-1.));
#2847=DIRECTION('',(-1.,0.,0.));
#2848=DIRECTION('',(0.,0.,1.));
#2849=DIRECTION('',(1.,0.,0.));
#2850=DIRECTION('',(1.80700362080917E-16,-1.,0.));
#2851=DIRECTION('',(0.,0.,1.));
#2852=DIRECTION('',(1.,0.,0.));
#2853=DIRECTION('',(-1.,-4.01556360179816E-17,0.));
#2854=DIRECTION('',(0.,0.,1.));
#2855=DIRECTION('',(-1.,0.,0.));
#2856=DIRECTION('',(-1.80700362080917E-16,1.,0.));
#2857=DIRECTION('',(0.,0.,1.));
#2858=DIRECTION('',(-1.,0.,0.));
#2859=DIRECTION('',(1.,-8.03112720359633E-17,0.));
#2860=DIRECTION('',(0.,0.,1.));
#2861=DIRECTION('',(1.,0.,0.));
#2862=DIRECTION('',(0.,0.,-1.));
#2863=DIRECTION('',(-1.,0.,0.));
#2864=DIRECTION('',(0.,0.,-1.));
#2865=DIRECTION('',(-1.,0.,0.));
#2866=DIRECTION('',(0.,0.,-1.));
#2867=DIRECTION('',(-1.,0.,0.));
#2868=DIRECTION('',(0.,0.,-1.));
#2869=DIRECTION('',(-1.,0.,0.));
#2870=DIRECTION('',(-1.,0.,0.));
#2871=DIRECTION('',(0.,0.,1.));
#2872=DIRECTION('',(0.,1.,0.));
#2873=DIRECTION('',(0.,0.,-1.));
#2874=DIRECTION('',(-1.,0.,0.));
#2875=DIRECTION('',(0.,1.,0.));
#2876=DIRECTION('',(1.,0.,0.));
#2877=DIRECTION('',(0.,0.,-1.));
#2878=DIRECTION('',(0.,1.,0.));
#2879=DIRECTION('',(0.,0.,-1.));
#2880=DIRECTION('',(-1.,0.,0.));
#2881=DIRECTION('',(-1.,0.,0.));
#2882=DIRECTION('',(0.,1.,0.));
#2883=DIRECTION('',(-1.,0.,0.));
#2884=DIRECTION('',(-1.,0.,0.));
#2885=DIRECTION('',(-1.,0.,0.));
#2886=DIRECTION('',(-1.,0.,0.));
#2887=DIRECTION('',(-1.,0.,0.));
#2888=DIRECTION('',(0.,1.,0.));
#2889=DIRECTION('',(0.,0.,1.));
#2890=DIRECTION('',(0.,1.,0.));
#2891=DIRECTION('',(0.,0.,1.));
#2892=DIRECTION('',(0.,1.,0.));
#2893=DIRECTION('',(0.,0.,1.));
#2894=DIRECTION('',(0.,-1.,0.));
#2895=DIRECTION('',(0.,0.,-1.));
#2896=DIRECTION('',(0.,1.,0.));
#2897=DIRECTION('',(0.,0.,1.));
#2898=DIRECTION('',(0.,1.,0.));
#2899=DIRECTION('',(0.,0.,1.));
#2900=DIRECTION('',(0.,-1.,0.));
#2901=DIRECTION('',(0.,0.,-1.));
#2902=DIRECTION('',(0.,1.,0.));
#2903=DIRECTION('',(0.,0.,1.));
#2904=DIRECTION('',(0.,1.,0.));
#2905=DIRECTION('',(0.,0.,1.));
#2906=DIRECTION('',(0.,0.,1.));
#2907=DIRECTION('',(0.,1.,0.));
#2908=DIRECTION('',(1.,0.,0.));
#2909=DIRECTION('',(-1.,0.,0.));
#2910=DIRECTION('',(0.,1.,0.));
#2911=DIRECTION('',(1.,0.,0.));
#2912=DIRECTION('',(-0.484596524450969,0.,-0.874737794136072));
#2913=DIRECTION('',(0.874737794136072,0.,-0.484596524450969));
#2914=DIRECTION('',(0.484596524450969,0.,0.874737794136072));
#2915=DIRECTION('',(0.,-1.,0.));
#2916=DIRECTION('',(1.,0.,0.));
#2917=DIRECTION('',(1.,0.,0.));
#2918=DIRECTION('',(0.,1.,0.));
#2919=DIRECTION('',(0.,0.,1.));
#2920=DIRECTION('',(1.,0.,0.));
#2921=DIRECTION('',(0.,-1.,0.));
#2922=DIRECTION('',(1.,0.,0.));
#2923=DIRECTION('',(0.484596524450969,0.,0.874737794136072));
#2924=DIRECTION('',(0.874737794136072,0.,-0.484596524450969));
#2925=DIRECTION('',(-0.484596524450969,0.,-0.874737794136072));
#2926=DIRECTION('',(0.,1.,0.));
#2927=DIRECTION('',(1.,0.,0.));
#2928=DIRECTION('',(-1.,0.,0.));
#2929=DIRECTION('',(0.,1.,0.));
#2930=DIRECTION('',(1.,0.,0.));
#2931=DIRECTION('',(0.,0.,1.));
#2932=DIRECTION('',(0.484596524450969,0.,0.874737794136072));
#2933=DIRECTION('',(0.874737794136072,0.,-0.484596524450969));
#2934=DIRECTION('',(0.,1.,0.));
#2935=DIRECTION('',(0.,1.,0.));
#2936=DIRECTION('',(0.874737794136072,0.,-0.484596524450969));
#2937=DIRECTION('',(-0.484596524450969,0.,-0.874737794136072));
#2938=DIRECTION('',(0.,1.,0.));
#2939=DIRECTION('',(0.,1.,0.));
#2940=DIRECTION('',(0.,0.,1.));
#2941=DIRECTION('',(0.,1.,0.));
#2942=DIRECTION('',(0.,0.,-1.));
#2943=DIRECTION('',(-1.,0.,0.));
#2944=DIRECTION('',(0.,1.,0.));
#2945=DIRECTION('',(0.,1.,0.));
#2946=DIRECTION('',(0.,0.,1.));
#2947=DIRECTION('',(0.,1.,0.));
#2948=DIRECTION('',(-1.,0.,0.));
#2949=DIRECTION('',(0.,0.,1.));
#2950=DIRECTION('',(0.,0.,1.));
#2951=DIRECTION('',(1.,0.,0.));
#2952=DIRECTION('',(0.,1.,0.));
#2953=DIRECTION('',(0.,1.,0.));
#2954=DIRECTION('',(0.,0.,1.));
#2955=DIRECTION('',(0.,1.,0.));
#2956=DIRECTION('',(-0.874737794136072,0.,0.484596524450969));
#2957=DIRECTION('',(0.484596524450969,0.,0.874737794136072));
#2958=DIRECTION('',(0.,-1.,0.));
#2959=DIRECTION('',(0.,0.,-1.));
#2960=DIRECTION('',(1.,0.,0.));
#2961=DIRECTION('',(0.,-1.,0.));
#2962=DIRECTION('',(1.,0.,0.));
#2963=DIRECTION('',(0.484596524450969,0.,-0.874737794136072));
#2964=DIRECTION('',(0.874737794136072,0.,0.484596524450969));
#2965=DIRECTION('',(-0.484596524450969,0.,0.874737794136072));
#2966=DIRECTION('',(0.,1.,0.));
#2967=DIRECTION('',(1.,0.,0.));
#2968=DIRECTION('',(-1.,0.,0.));
#2969=DIRECTION('',(0.,1.,0.));
#2970=DIRECTION('',(1.,0.,0.));
#2971=DIRECTION('',(0.,0.,-1.));
#2972=DIRECTION('',(-0.484596524450969,0.,0.874737794136072));
#2973=DIRECTION('',(0.874737794136072,0.,0.484596524450969));
#2974=DIRECTION('',(0.874737794136072,0.,0.484596524450969));
#2975=DIRECTION('',(0.,1.,0.));
#2976=DIRECTION('',(0.,1.,0.));
#2977=DIRECTION('',(0.874737794136072,0.,0.484596524450969));
#2978=DIRECTION('',(0.484596524450969,0.,-0.874737794136072));
#2979=DIRECTION('',(0.484596524450969,0.,-0.874737794136072));
#2980=DIRECTION('',(0.,1.,0.));
#2981=DIRECTION('',(0.,1.,0.));
#2982=DIRECTION('',(0.,0.,1.));
#2983=DIRECTION('',(0.,-1.,0.));
#2984=DIRECTION('',(1.,0.,0.));
#2985=DIRECTION('',(0.,1.,0.));
#2986=DIRECTION('',(0.,0.,1.));
#2987=DIRECTION('',(1.,0.,0.));
#2988=DIRECTION('',(1.,0.,0.));
#2989=DIRECTION('',(1.,0.,0.));
#2990=DIRECTION('',(0.,0.,-1.));
#2991=DIRECTION('',(0.,0.,-1.));
#2992=DIRECTION('',(0.,1.,0.));
#2993=DIRECTION('',(0.,1.,0.));
#2994=DIRECTION('',(0.,0.,1.));
#2995=DIRECTION('',(0.,1.,0.));
#2996=DIRECTION('',(1.,0.,0.));
#2997=DIRECTION('',(0.,1.,0.));
#2998=DIRECTION('',(0.,0.,-1.));
#2999=DIRECTION('',(-1.,0.,0.));
#3000=DIRECTION('',(-1.,0.,0.));
#3001=DIRECTION('',(0.,1.,0.));
#3002=DIRECTION('',(0.,1.,0.));
#3003=DIRECTION('',(0.,0.,1.));
#3004=DIRECTION('',(0.,1.,0.));
#3005=DIRECTION('',(1.,0.,0.));
#3006=DIRECTION('',(0.,1.,0.));
#3007=DIRECTION('',(-0.874737794136072,0.,-0.484596524450969));
#3008=DIRECTION('',(-0.484596524450969,0.,0.874737794136072));
#3009=DIRECTION('',(-0.484596524450969,0.,0.874737794136072));
#3010=DIRECTION('',(0.,-1.,0.));
#3011=DIRECTION('',(0.,0.,-1.));
#3012=DIRECTION('',(0.,0.,-1.));
#3013=DIRECTION('',(-1.,0.,0.));
#3014=DIRECTION('',(0.,0.,-1.));
#3015=DIRECTION('',(-1.,0.,0.));
#3016=DIRECTION('',(-1.,-1.80700362080917E-16,0.));
#3017=DIRECTION('',(1.80700362080917E-16,-1.,0.));
#3018=DIRECTION('',(0.,0.,1.));
#3019=DIRECTION('',(1.80700362080917E-16,-1.,0.));
#3020=DIRECTION('',(0.,0.,1.));
#3021=DIRECTION('',(0.,0.,1.));
#3022=DIRECTION('',(1.,0.,0.));
#3023=DIRECTION('',(0.,0.,1.));
#3024=DIRECTION('',(0.,0.,1.));
#3025=DIRECTION('',(1.,0.,0.));
#3026=DIRECTION('',(-8.03112720359633E-17,-1.,0.));
#3027=DIRECTION('',(1.,-8.03112720359633E-17,0.));
#3028=DIRECTION('',(0.,0.,1.));
#3029=DIRECTION('',(1.,-8.03112720359633E-17,0.));
#3030=DIRECTION('',(0.,0.,1.));
#3031=DIRECTION('',(1.,0.,0.));
#3032=DIRECTION('',(0.,0.,1.));
#3033=DIRECTION('',(0.,0.,1.));
#3034=DIRECTION('',(-1.,0.,0.));
#3035=DIRECTION('',(1.,1.80700362080917E-16,0.));
#3036=DIRECTION('',(-1.80700362080917E-16,1.,0.));
#3037=DIRECTION('',(0.,0.,1.));
#3038=DIRECTION('',(-1.80700362080917E-16,1.,0.));
#3039=DIRECTION('',(0.,0.,1.));
#3040=DIRECTION('',(1.,0.,0.));
#3041=DIRECTION('',(0.,0.,1.));
#3042=DIRECTION('',(0.,0.,1.));
#3043=DIRECTION('',(-1.,0.,0.));
#3044=DIRECTION('',(-4.01556360179816E-17,1.,0.));
#3045=DIRECTION('',(-1.,-4.01556360179816E-17,0.));
#3046=DIRECTION('',(0.,0.,1.));
#3047=DIRECTION('',(-1.,-4.01556360179816E-17,0.));
#3048=DIRECTION('',(0.,0.,1.));
#3049=DIRECTION('',(1.,0.,0.));
#3050=DIRECTION('',(0.,0.,1.));
#3051=DIRECTION('',(1.,0.,0.));
#3052=DIRECTION('',(0.,0.,1.));
#3053=DIRECTION('',(1.,0.,0.));
#3054=DIRECTION('',(-1.,8.03112720359633E-17,0.));
#3055=DIRECTION('',(0.,0.,-1.));
#3056=DIRECTION('',(1.,-8.03112720359633E-17,0.));
#3057=DIRECTION('',(8.03112720359633E-17,1.,0.));
#3058=DIRECTION('',(0.,0.,-1.));
#3059=DIRECTION('',(1.,-8.03112720359633E-17,0.));
#3060=DIRECTION('',(1.,-8.03112720359633E-17,0.));
#3061=DIRECTION('',(0.,0.,-1.));
#3062=DIRECTION('',(-1.,8.03112720359633E-17,0.));
#3063=DIRECTION('',(-8.03112720359633E-17,-1.,0.));
#3064=DIRECTION('',(0.,0.,-1.));
#3065=DIRECTION('',(-1.,8.03112720359633E-17,0.));
#3066=DIRECTION('',(-8.03112720359633E-17,-1.,0.));
#3067=DIRECTION('',(1.,-8.03112720359633E-17,0.));
#3068=DIRECTION('',(0.,0.,-1.));
#3069=DIRECTION('',(-1.,8.03112720359633E-17,0.));
#3070=DIRECTION('',(0.,0.,-1.));
#3071=DIRECTION('',(0.,0.,-1.));
#3072=DIRECTION('',(-1.,0.,0.));
#3073=DIRECTION('',(0.,0.,-1.));
#3074=DIRECTION('',(-1.,0.,0.));
#3075=DIRECTION('',(0.,0.,-1.));
#3076=DIRECTION('',(-1.,8.03112720359633E-17,0.));
#3077=DIRECTION('',(-8.03112720359633E-17,-1.,0.));
#3078=DIRECTION('',(8.03112720359633E-17,1.,0.));
#3079=DIRECTION('',(0.,0.,-1.));
#3080=DIRECTION('',(0.,0.,-1.));
#3081=DIRECTION('',(-1.,0.,0.));
#3082=DIRECTION('',(0.,0.,-1.));
#3083=DIRECTION('',(-1.,0.,0.));
#3084=DIRECTION('',(0.,0.,-1.));
#3085=DIRECTION('',(8.03112720359633E-17,1.,0.));
#3086=DIRECTION('',(-1.,8.03112720359633E-17,0.));
#3087=DIRECTION('',(1.,-8.03112720359633E-17,0.));
#3088=DIRECTION('',(0.,0.,-1.));
#3089=DIRECTION('',(0.,0.,-1.));
#3090=DIRECTION('',(-1.,0.,0.));
#3091=DIRECTION('',(0.,0.,-1.));
#3092=DIRECTION('',(-1.,0.,0.));
#3093=DIRECTION('',(0.,0.,-1.));
#3094=DIRECTION('',(1.,-8.03112720359633E-17,0.));
#3095=DIRECTION('',(8.03112720359633E-17,1.,0.));
#3096=DIRECTION('',(-8.03112720359633E-17,-1.,0.));
#3097=DIRECTION('',(0.,0.,-1.));
#3098=DIRECTION('',(0.,0.,-1.));
#3099=DIRECTION('',(-1.,0.,0.));
#3100=DIRECTION('',(0.,0.,-1.));
#3101=DIRECTION('',(-1.,0.,0.));
#3102=DIRECTION('',(0.,0.,-1.));
#3103=DIRECTION('',(-1.,0.,0.));
#3104=DIRECTION('',(0.,0.,-1.));
#3105=DIRECTION('',(-1.,0.,0.));
#3106=DIRECTION('',(1.,-8.03112720359633E-17,0.));
#3107=DIRECTION('',(0.,0.,-1.));
#3108=DIRECTION('',(-1.,0.,0.));
#3109=DIRECTION('',(8.03112720359633E-17,1.,0.));
#3110=DIRECTION('',(0.,0.,-1.));
#3111=DIRECTION('',(-1.,0.,0.));
#3112=DIRECTION('',(-1.,8.03112720359633E-17,0.));
#3113=DIRECTION('',(0.,0.,-1.));
#3114=DIRECTION('',(-1.,0.,0.));
#3115=DIRECTION('',(-8.03112720359633E-17,-1.,0.));
#3116=DIRECTION('',(1.,-8.03112720359633E-17,0.));
#3117=DIRECTION('',(8.03112720359633E-17,1.,0.));
#3118=DIRECTION('',(1.,0.,0.));
#3119=DIRECTION('',(0.,0.,-1.));
#3120=DIRECTION('',(-1.,0.,0.));
#3121=DIRECTION('',(0.,0.,1.));
#3122=DIRECTION('',(0.,0.,-1.));
#3123=DIRECTION('',(-1.,0.,0.));
#3124=DIRECTION('',(0.,1.,0.));
#3125=DIRECTION('',(0.,0.,1.));
#3126=DIRECTION('',(0.,0.,-1.));
#3127=DIRECTION('',(-1.,0.,0.));
#3128=DIRECTION('',(0.,1.,0.));
#3129=DIRECTION('',(0.,0.,1.));
#3130=DIRECTION('',(-8.03112720359633E-17,-1.,0.));
#3131=DIRECTION('',(1.,-8.03112720359633E-17,0.));
#3132=DIRECTION('',(0.,1.,0.));
#3133=DIRECTION('',(0.,0.,1.));
#3134=DIRECTION('',(8.03112720359633E-17,1.,0.));
#3135=DIRECTION('',(-1.,8.03112720359633E-17,0.));
#3136=DIRECTION('',(0.,1.,0.));
#3137=DIRECTION('',(0.,0.,1.));
#3138=DIRECTION('',(0.,0.,-1.));
#3139=DIRECTION('',(-1.,0.,0.));
#3140=DIRECTION('',(1.,0.,0.));
#3141=DIRECTION('',(0.,0.,-1.));
#3142=DIRECTION('',(0.,0.,-1.));
#3143=DIRECTION('',(-1.,0.,0.));
#3144=DIRECTION('',(-1.,0.,0.));
#3145=DIRECTION('',(0.,0.,1.));
#3146=DIRECTION('',(-1.,8.03112720359633E-17,0.));
#3147=DIRECTION('',(-8.03112720359633E-17,-1.,0.));
#3148=CARTESIAN_POINT('',(0.,0.,0.));
#3149=CARTESIAN_POINT('',(3.,-1.75,-3.5));
#3150=CARTESIAN_POINT('',(3.,1.03563947005993,-0.2));
#3151=CARTESIAN_POINT('',(3.,1.03563947005993,-0.2));
#3152=CARTESIAN_POINT('',(3.,1.03563947005993,0.25));
#3153=CARTESIAN_POINT('',(3.,1.03563947005993,0.25));
#3154=CARTESIAN_POINT('',(3.,1.03563947005993,0.330161085271781));
#3155=CARTESIAN_POINT('',(3.,0.962356417014733,0.400000000001643));
#3156=CARTESIAN_POINT('',(3.,0.882245220991982,0.400000000001872));
#3157=CARTESIAN_POINT('',(3.,0.88224522099153,0.4));
#3158=CARTESIAN_POINT('',(3.,-1.03563947005993,0.4));
#3159=CARTESIAN_POINT('',(3.,-0.88224522099153,0.4));
#3160=CARTESIAN_POINT('',(3.,-0.88224522099153,0.4));
#3161=CARTESIAN_POINT('',(3.,-0.962383185647225,0.4));
#3162=CARTESIAN_POINT('',(3.,-1.03563947006021,0.330193802582844));
#3163=CARTESIAN_POINT('',(3.,-1.03563947006025,0.250000000000067));
#3164=CARTESIAN_POINT('',(3.,-1.03563947005993,0.25));
#3165=CARTESIAN_POINT('',(3.,-1.03563947005993,-0.2));
#3166=CARTESIAN_POINT('',(3.,-1.03563947005993,-0.2));
#3167=CARTESIAN_POINT('',(3.,-1.75,-0.2));
#3168=CARTESIAN_POINT('',(3.,-1.75,-0.2));
#3169=CARTESIAN_POINT('',(3.,-1.75,-3.5));
#3170=CARTESIAN_POINT('',(3.,-1.75,-3.3008601317749));
#3171=CARTESIAN_POINT('',(3.,-6.7856950217736,-3.3008601317749));
#3172=CARTESIAN_POINT('',(3.,-0.5,-3.3008601317749));
#3173=CARTESIAN_POINT('',(3.,-0.5,-3.5));
#3174=CARTESIAN_POINT('',(3.,-0.5,-3.19674017299285));
#3175=CARTESIAN_POINT('',(3.,-1.75,-3.19674017299285));
#3176=CARTESIAN_POINT('',(3.,0.5,-3.19674017299285));
#3177=CARTESIAN_POINT('',(3.,0.5,-3.5));
#3178=CARTESIAN_POINT('',(3.,0.5,-3.3008601317749));
#3179=CARTESIAN_POINT('',(3.,-6.7856950217736,-3.3008601317749));
#3180=CARTESIAN_POINT('',(3.,1.75,-3.3008601317749));
#3181=CARTESIAN_POINT('',(3.,1.75,-3.5));
#3182=CARTESIAN_POINT('',(3.,1.75,-0.2));
#3183=CARTESIAN_POINT('',(3.,1.03563947005993,-0.2));
#3184=CARTESIAN_POINT('',(2.84669291458164,-6.7856950217736,-3.3008601317749));
#3185=CARTESIAN_POINT('',(11.1644349353279,-0.997542812071202,-3.3008601317749));
#3186=CARTESIAN_POINT('',(2.84669291458164,-0.997542812071202,-3.3008601317749));
#3187=CARTESIAN_POINT('',(1.49292675514046,-0.997542812071202,-3.3008601317749));
#3188=CARTESIAN_POINT('',(1.49292675514046,-6.7856950217736,-3.3008601317749));
#3189=CARTESIAN_POINT('',(1.49292675514046,-1.60557541919932,-3.3008601317749));
#3190=CARTESIAN_POINT('',(11.1644349353279,-1.60557541919932,-3.3008601317749));
#3191=CARTESIAN_POINT('',(2.84669291458164,-1.60557541919932,-3.3008601317749));
#3192=CARTESIAN_POINT('',(2.84669291458164,-6.7856950217736,-3.3008601317749));
#3193=CARTESIAN_POINT('',(1.49292675514046,-6.7856950217736,-3.3008601317749));
#3194=CARTESIAN_POINT('',(1.49292675514046,0.997542812071202,-3.3008601317749));
#3195=CARTESIAN_POINT('',(1.49292675514046,1.60557541919932,-3.3008601317749));
#3196=CARTESIAN_POINT('',(11.1644349353279,0.997542812071202,-3.3008601317749));
#3197=CARTESIAN_POINT('',(2.84669291458164,0.997542812071202,-3.3008601317749));
#3198=CARTESIAN_POINT('',(2.84669291458164,-6.7856950217736,-3.3008601317749));
#3199=CARTESIAN_POINT('',(2.84669291458164,1.60557541919932,-3.3008601317749));
#3200=CARTESIAN_POINT('',(11.1644349353279,1.60557541919932,-3.3008601317749));
#3201=CARTESIAN_POINT('',(2.84669291458164,-0.5,-3.3008601317749));
#3202=CARTESIAN_POINT('',(2.37558362989592,-0.5,-3.3008601317749));
#3203=CARTESIAN_POINT('',(-3.,-1.75,-3.3008601317749));
#3204=CARTESIAN_POINT('',(0.695831941596509,-1.75,-3.3008601317749));
#3205=CARTESIAN_POINT('',(0.695831941596509,-6.7856950217736,-3.3008601317749));
#3206=CARTESIAN_POINT('',(0.695831941596509,1.75,-3.3008601317749));
#3207=CARTESIAN_POINT('',(3.,1.75,-3.3008601317749));
#3208=CARTESIAN_POINT('',(2.84669291458164,0.5,-3.3008601317749));
#3209=CARTESIAN_POINT('',(2.37558362989592,0.5,-3.3008601317749));
#3210=CARTESIAN_POINT('',(2.37558362989592,-0.5,-3.3008601317749));
#3211=CARTESIAN_POINT('',(0.,0.,-3.5));
#3212=CARTESIAN_POINT('',(11.1644349353279,-0.997542812071202,-3.5));
#3213=CARTESIAN_POINT('',(2.84669291458164,-0.997542812071202,-3.5));
#3214=CARTESIAN_POINT('',(1.49292675514046,-0.997542812071202,-3.5));
#3215=CARTESIAN_POINT('',(2.84669291458164,-6.7856950217736,-3.5));
#3216=CARTESIAN_POINT('',(2.84669291458164,-1.60557541919932,-3.5));
#3217=CARTESIAN_POINT('',(11.1644349353279,-1.60557541919932,-3.5));
#3218=CARTESIAN_POINT('',(1.49292675514046,-1.60557541919932,-3.5));
#3219=CARTESIAN_POINT('',(1.49292675514046,-6.7856950217736,-3.5));
#3220=CARTESIAN_POINT('',(0.,0.,-3.5));
#3221=CARTESIAN_POINT('',(2.84669291458164,-6.7856950217736,-3.5));
#3222=CARTESIAN_POINT('',(2.84669291458164,0.997542812071202,-3.5));
#3223=CARTESIAN_POINT('',(2.84669291458164,1.60557541919932,-3.5));
#3224=CARTESIAN_POINT('',(11.1644349353279,0.997542812071202,-3.5));
#3225=CARTESIAN_POINT('',(1.49292675514046,0.997542812071202,-3.5));
#3226=CARTESIAN_POINT('',(1.49292675514046,-6.7856950217736,-3.5));
#3227=CARTESIAN_POINT('',(1.49292675514046,1.60557541919932,-3.5));
#3228=CARTESIAN_POINT('',(11.1644349353279,1.60557541919932,-3.5));
#3229=CARTESIAN_POINT('',(0.,0.,-3.5));
#3230=CARTESIAN_POINT('',(11.1644349353279,-0.997542812071202,-3.5));
#3231=CARTESIAN_POINT('',(-1.49292675514046,-0.997542812071202,-3.5));
#3232=CARTESIAN_POINT('',(-2.84669291458164,-0.997542812071202,-3.5));
#3233=CARTESIAN_POINT('',(-1.49292675514046,-6.7856950217736,-3.5));
#3234=CARTESIAN_POINT('',(-1.49292675514046,-1.60557541919932,-3.5));
#3235=CARTESIAN_POINT('',(11.1644349353279,-1.60557541919932,-3.5));
#3236=CARTESIAN_POINT('',(-2.84669291458164,-1.60557541919932,-3.5));
#3237=CARTESIAN_POINT('',(-2.84669291458164,-6.7856950217736,-3.5));
#3238=CARTESIAN_POINT('',(0.,0.,-3.5));
#3239=CARTESIAN_POINT('',(-1.49292675514046,-6.7856950217736,-3.5));
#3240=CARTESIAN_POINT('',(-1.49292675514046,0.997542812071202,-3.5));
#3241=CARTESIAN_POINT('',(-1.49292675514046,1.60557541919932,-3.5));
#3242=CARTESIAN_POINT('',(11.1644349353279,0.997542812071202,-3.5));
#3243=CARTESIAN_POINT('',(-2.84669291458164,0.997542812071202,-3.5));
#3244=CARTESIAN_POINT('',(-2.84669291458164,-6.7856950217736,-3.5));
#3245=CARTESIAN_POINT('',(-2.84669291458164,1.60557541919932,-3.5));
#3246=CARTESIAN_POINT('',(11.1644349353279,1.60557541919932,-3.5));
#3247=CARTESIAN_POINT('',(3.,1.75,-3.5));
#3248=CARTESIAN_POINT('',(0.695831941596509,1.75,-3.5));
#3249=CARTESIAN_POINT('',(0.695831941596509,1.75,-3.09869228047935));
#3250=CARTESIAN_POINT('',(3.,1.75,-3.09869228047935));
#3251=CARTESIAN_POINT('',(-0.695831941596509,1.75,-3.09869228047935));
#3252=CARTESIAN_POINT('',(-0.695831941596509,1.75,-3.5));
#3253=CARTESIAN_POINT('',(-0.695831941596509,1.75,-3.3008601317749));
#3254=CARTESIAN_POINT('',(3.,1.75,-3.3008601317749));
#3255=CARTESIAN_POINT('',(-3.,1.75,-3.3008601317749));
#3256=CARTESIAN_POINT('',(-3.,1.75,-3.5));
#3257=CARTESIAN_POINT('',(-3.,1.75,-0.2));
#3258=CARTESIAN_POINT('',(3.,1.75,-0.2));
#3259=CARTESIAN_POINT('',(-2.84669291458164,-6.7856950217736,-3.5));
#3260=CARTESIAN_POINT('',(-2.84669291458164,-0.997542812071202,-3.5));
#3261=CARTESIAN_POINT('',(-2.84669291458164,-0.997542812071202,-3.3008601317749));
#3262=CARTESIAN_POINT('',(-2.84669291458164,-1.60557541919932,-3.5));
#3263=CARTESIAN_POINT('',(-2.84669291458164,-1.60557541919932,-3.3008601317749));
#3264=CARTESIAN_POINT('',(-2.84669291458164,-6.7856950217736,-3.3008601317749));
#3265=CARTESIAN_POINT('',(-2.84669291458164,-6.7856950217736,-3.5));
#3266=CARTESIAN_POINT('',(-2.84669291458164,0.997542812071202,-3.5));
#3267=CARTESIAN_POINT('',(-2.84669291458164,0.997542812071202,-3.3008601317749));
#3268=CARTESIAN_POINT('',(-2.84669291458164,-6.7856950217736,-3.3008601317749));
#3269=CARTESIAN_POINT('',(-2.84669291458164,1.60557541919932,-3.3008601317749));
#3270=CARTESIAN_POINT('',(-2.84669291458164,1.60557541919932,-3.5));
#3271=CARTESIAN_POINT('',(-1.49292675514046,-6.7856950217736,-3.5));
#3272=CARTESIAN_POINT('',(-1.49292675514046,-0.997542812071202,-3.5));
#3273=CARTESIAN_POINT('',(-1.49292675514046,-0.997542812071202,-3.3008601317749));
#3274=CARTESIAN_POINT('',(-1.49292675514046,-6.7856950217736,-3.3008601317749));
#3275=CARTESIAN_POINT('',(-1.49292675514046,-1.60557541919932,-3.3008601317749));
#3276=CARTESIAN_POINT('',(-1.49292675514046,-1.60557541919932,-3.5));
#3277=CARTESIAN_POINT('',(-1.49292675514046,-6.7856950217736,-3.5));
#3278=CARTESIAN_POINT('',(-1.49292675514046,0.997542812071202,-3.5));
#3279=CARTESIAN_POINT('',(-1.49292675514046,0.997542812071202,-3.3008601317749));
#3280=CARTESIAN_POINT('',(-1.49292675514046,1.60557541919932,-3.5));
#3281=CARTESIAN_POINT('',(-1.49292675514046,1.60557541919932,-3.3008601317749));
#3282=CARTESIAN_POINT('',(-1.49292675514046,-6.7856950217736,-3.3008601317749));
#3283=CARTESIAN_POINT('',(1.49292675514046,-6.7856950217736,-3.5));
#3284=CARTESIAN_POINT('',(1.49292675514046,-0.997542812071202,-3.5));
#3285=CARTESIAN_POINT('',(1.49292675514046,-1.60557541919932,-3.5));
#3286=CARTESIAN_POINT('',(1.49292675514046,-6.7856950217736,-3.5));
#3287=CARTESIAN_POINT('',(1.49292675514046,0.997542812071202,-3.5));
#3288=CARTESIAN_POINT('',(1.49292675514046,1.60557541919932,-3.5));
#3289=CARTESIAN_POINT('',(2.84669291458164,-6.7856950217736,-3.5));
#3290=CARTESIAN_POINT('',(2.84669291458164,-0.997542812071202,-3.5));
#3291=CARTESIAN_POINT('',(2.84669291458164,-1.60557541919932,-3.5));
#3292=CARTESIAN_POINT('',(2.84669291458164,-6.7856950217736,-3.5));
#3293=CARTESIAN_POINT('',(2.84669291458164,0.997542812071202,-3.5));
#3294=CARTESIAN_POINT('',(2.84669291458164,1.60557541919932,-3.5));
#3295=CARTESIAN_POINT('',(-3.,-1.75,-3.5));
#3296=CARTESIAN_POINT('',(0.695831941596509,-1.75,-3.5));
#3297=CARTESIAN_POINT('',(0.695831941596509,-1.75,-3.09869228047935));
#3298=CARTESIAN_POINT('',(-3.,-1.75,-0.2));
#3299=CARTESIAN_POINT('',(-3.,-1.75,-0.2));
#3300=CARTESIAN_POINT('',(-3.,-1.75,-3.5));
#3301=CARTESIAN_POINT('',(-3.,-1.75,-3.3008601317749));
#3302=CARTESIAN_POINT('',(-3.,-1.75,-3.3008601317749));
#3303=CARTESIAN_POINT('',(-0.695831941596509,-1.75,-3.3008601317749));
#3304=CARTESIAN_POINT('',(-0.695831941596509,-1.75,-3.5));
#3305=CARTESIAN_POINT('',(-0.695831941596509,-1.75,-3.09869228047935));
#3306=CARTESIAN_POINT('',(-3.,-1.75,-3.09869228047935));
#3307=CARTESIAN_POINT('',(-3.,1.75,-3.5));
#3308=CARTESIAN_POINT('',(-3.,-1.03563947005993,-0.2));
#3309=CARTESIAN_POINT('',(-3.,-1.03563947005993,-0.2));
#3310=CARTESIAN_POINT('',(-3.,-1.03563947005993,0.25));
#3311=CARTESIAN_POINT('',(-3.,-1.03563947005993,0.25));
#3312=CARTESIAN_POINT('',(-3.,-1.03563947005993,0.330161085271781));
#3313=CARTESIAN_POINT('',(-3.,-0.962356417014733,0.400000000001643));
#3314=CARTESIAN_POINT('',(-3.,-0.882245220991982,0.400000000001872));
#3315=CARTESIAN_POINT('',(-3.,-0.88224522099153,0.4));
#3316=CARTESIAN_POINT('',(-3.,1.03563947005993,0.4));
#3317=CARTESIAN_POINT('',(-3.,0.88224522099153,0.4));
#3318=CARTESIAN_POINT('',(-3.,0.88224522099153,0.4));
#3319=CARTESIAN_POINT('',(-3.,0.962383185647225,0.4));
#3320=CARTESIAN_POINT('',(-3.,1.03563947006021,0.330193802582844));
#3321=CARTESIAN_POINT('',(-3.,1.03563947006025,0.250000000000067));
#3322=CARTESIAN_POINT('',(-3.,1.03563947005993,0.25));
#3323=CARTESIAN_POINT('',(-3.,1.03563947005993,-0.2));
#3324=CARTESIAN_POINT('',(-3.,1.03563947005993,-0.2));
#3325=CARTESIAN_POINT('',(-3.,1.75,-0.2));
#3326=CARTESIAN_POINT('',(-3.,-6.7856950217736,-3.3008601317749));
#3327=CARTESIAN_POINT('',(-3.,0.5,-3.3008601317749));
#3328=CARTESIAN_POINT('',(-3.,0.5,-3.5));
#3329=CARTESIAN_POINT('',(-3.,0.5,-3.19674017299285));
#3330=CARTESIAN_POINT('',(-3.,1.75,-3.19674017299285));
#3331=CARTESIAN_POINT('',(-3.,-0.5,-3.19674017299285));
#3332=CARTESIAN_POINT('',(-3.,-0.5,-3.5));
#3333=CARTESIAN_POINT('',(-3.,-0.5,-3.3008601317749));
#3334=CARTESIAN_POINT('',(-3.,-6.7856950217736,-3.3008601317749));
#3335=CARTESIAN_POINT('',(-3.,-1.03563947005993,-0.2));
#3336=CARTESIAN_POINT('',(-2.79,-1.74,-0.2));
#3337=CARTESIAN_POINT('',(-2.79,-1.74,0.));
#3338=CARTESIAN_POINT('',(-2.79,-1.74,0.));
#3339=CARTESIAN_POINT('',(2.79,-1.74,0.));
#3340=CARTESIAN_POINT('',(-2.79,-1.74,-0.2));
#3341=CARTESIAN_POINT('',(-2.79,-1.74,-0.2));
#3342=CARTESIAN_POINT('',(-2.79,-1.74,-0.2));
#3343=CARTESIAN_POINT('',(2.79,-1.74,-0.2));
#3344=CARTESIAN_POINT('',(2.79,-1.74,-0.2));
#3345=CARTESIAN_POINT('',(-2.79,-1.74,-0.2));
#3346=CARTESIAN_POINT('',(-2.79,-1.74,0.));
#3347=CARTESIAN_POINT('',(-2.99,-1.54,0.));
#3348=CARTESIAN_POINT('',(-2.99,-1.54,-0.2));
#3349=CARTESIAN_POINT('',(-2.99,-1.54,-0.2));
#3350=CARTESIAN_POINT('',(-2.79,-1.74,-0.2));
#3351=CARTESIAN_POINT('',(-2.99,-1.04382539868953,-0.2));
#3352=CARTESIAN_POINT('',(-2.99,-1.04382539868953,0.));
#3353=CARTESIAN_POINT('',(-2.99,-1.04382539868953,0.));
#3354=CARTESIAN_POINT('',(-2.99,-1.04382539868953,-0.2));
#3355=CARTESIAN_POINT('',(-2.99,-1.04382539868953,-0.2));
#3356=CARTESIAN_POINT('',(-2.99,-1.04382539868953,-0.2));
#3357=CARTESIAN_POINT('',(-3.20452405644435,0.,-0.2));
#3358=CARTESIAN_POINT('',(-3.20452405644435,0.,0.));
#3359=CARTESIAN_POINT('',(-2.99,1.04382539868953,0.));
#3360=CARTESIAN_POINT('',(-2.99,1.04382539868953,-0.2));
#3361=CARTESIAN_POINT('',(-2.99,1.04382539868953,-0.2));
#3362=CARTESIAN_POINT('',(-3.20452405644435,0.,-0.2));
#3363=CARTESIAN_POINT('',(-2.99,1.54,-0.2));
#3364=CARTESIAN_POINT('',(-2.99,1.54,0.));
#3365=CARTESIAN_POINT('',(-2.99,1.54,0.));
#3366=CARTESIAN_POINT('',(-2.99,1.54,-0.2));
#3367=CARTESIAN_POINT('',(-2.99,1.54,-0.2));
#3368=CARTESIAN_POINT('',(-2.99,1.54,-0.2));
#3369=CARTESIAN_POINT('',(-2.79,1.74,-0.2));
#3370=CARTESIAN_POINT('',(-2.79,1.74,0.));
#3371=CARTESIAN_POINT('',(-2.79,1.74,0.));
#3372=CARTESIAN_POINT('',(-2.79,1.74,-0.2));
#3373=CARTESIAN_POINT('',(-2.79,1.74,-0.2));
#3374=CARTESIAN_POINT('',(-2.79,1.74,-0.2));
#3375=CARTESIAN_POINT('',(2.79,1.74,-0.2));
#3376=CARTESIAN_POINT('',(2.79,1.74,0.));
#3377=CARTESIAN_POINT('',(2.79,1.74,0.));
#3378=CARTESIAN_POINT('',(2.79,1.74,-0.2));
#3379=CARTESIAN_POINT('',(2.79,1.74,-0.2));
#3380=CARTESIAN_POINT('',(2.79,1.74,-0.2));
#3381=CARTESIAN_POINT('',(2.79,1.74,-0.2));
#3382=CARTESIAN_POINT('',(2.79,1.74,0.));
#3383=CARTESIAN_POINT('',(2.99,1.54,0.));
#3384=CARTESIAN_POINT('',(2.99,1.54,-0.2));
#3385=CARTESIAN_POINT('',(2.99,1.54,-0.2));
#3386=CARTESIAN_POINT('',(2.79,1.74,-0.2));
#3387=CARTESIAN_POINT('',(2.99,1.04382539868953,-0.2));
#3388=CARTESIAN_POINT('',(2.99,1.04382539868953,0.));
#3389=CARTESIAN_POINT('',(2.99,1.04382539868953,0.));
#3390=CARTESIAN_POINT('',(2.99,1.04382539868953,-0.2));
#3391=CARTESIAN_POINT('',(2.99,1.04382539868953,-0.2));
#3392=CARTESIAN_POINT('',(2.99,1.04382539868953,-0.2));
#3393=CARTESIAN_POINT('',(3.20452405644435,0.,-0.2));
#3394=CARTESIAN_POINT('',(3.20452405644435,0.,0.));
#3395=CARTESIAN_POINT('',(2.99,-1.04382539868953,0.));
#3396=CARTESIAN_POINT('',(2.99,-1.04382539868953,-0.2));
#3397=CARTESIAN_POINT('',(2.99,-1.04382539868953,-0.2));
#3398=CARTESIAN_POINT('',(3.20452405644435,0.,-0.2));
#3399=CARTESIAN_POINT('',(2.99,-1.54,-0.2));
#3400=CARTESIAN_POINT('',(2.99,-1.54,0.));
#3401=CARTESIAN_POINT('',(2.99,-1.54,0.));
#3402=CARTESIAN_POINT('',(2.99,-1.54,-0.2));
#3403=CARTESIAN_POINT('',(2.99,-1.54,-0.2));
#3404=CARTESIAN_POINT('',(2.99,-1.54,-0.2));
#3405=CARTESIAN_POINT('',(-3.20452405644435,0.,-0.2));
#3406=CARTESIAN_POINT('',(-3.20452405644435,0.,0.25));
#3407=CARTESIAN_POINT('',(-3.20452405644435,0.,-0.2));
#3408=CARTESIAN_POINT('',(3.20452405644435,0.,-0.2));
#3409=CARTESIAN_POINT('',(3.20452405644435,0.,0.25));
#3410=CARTESIAN_POINT('',(3.20452405644435,0.,-0.2));
#3411=CARTESIAN_POINT('',(2.79,-1.74,-0.2));
#3412=CARTESIAN_POINT('',(2.79,-1.74,0.));
#3413=CARTESIAN_POINT('',(2.79,-1.74,-0.2));
#3414=CARTESIAN_POINT('',(-3.20452405644435,0.,-0.2));
#3415=CARTESIAN_POINT('',(0.,0.,0.));
#3416=CARTESIAN_POINT('',(-1.6,0.6,0.));
#3417=CARTESIAN_POINT('',(-1.6,0.6,0.));
#3418=CARTESIAN_POINT('',(-1.6,-0.6,0.));
#3419=CARTESIAN_POINT('',(-1.35,0.6,0.));
#3420=CARTESIAN_POINT('',(-1.35,0.85,0.));
#3421=CARTESIAN_POINT('',(1.35,0.85,0.));
#3422=CARTESIAN_POINT('',(1.35,0.85,0.));
#3423=CARTESIAN_POINT('',(1.35,0.6,0.));
#3424=CARTESIAN_POINT('',(1.6,0.600000000000001,0.));
#3425=CARTESIAN_POINT('',(1.6,-0.6,0.));
#3426=CARTESIAN_POINT('',(1.6,-0.6,0.));
#3427=CARTESIAN_POINT('',(1.35,-0.6,0.));
#3428=CARTESIAN_POINT('',(1.35,-0.85,0.));
#3429=CARTESIAN_POINT('',(-1.35,-0.85,0.));
#3430=CARTESIAN_POINT('',(-1.35,-0.85,0.));
#3431=CARTESIAN_POINT('',(-1.35,-0.6,0.));
#3432=CARTESIAN_POINT('',(3.20452405644435,0.,0.4));
#3433=CARTESIAN_POINT('',(3.20452405644435,0.,0.4));
#3434=CARTESIAN_POINT('',(-3.20452405644435,0.,0.4));
#3435=CARTESIAN_POINT('',(-3.20452405644435,0.,0.4));
#3436=CARTESIAN_POINT('',(0.695831941596509,-6.7856950217736,-3.3008601317749));
#3437=CARTESIAN_POINT('',(0.695831941596509,-6.7856950217736,-3.09869228047935));
#3438=CARTESIAN_POINT('',(-0.695831941596509,-6.7856950217736,-3.09869228047935));
#3439=CARTESIAN_POINT('',(-0.695831941596509,-6.7856950217736,-3.09869228047935));
#3440=CARTESIAN_POINT('',(-0.695831941596509,-6.7856950217736,-3.3008601317749));
#3441=CARTESIAN_POINT('',(-0.695831941596509,-6.7856950217736,-3.3008601317749));
#3442=CARTESIAN_POINT('',(-1.49292675514046,-6.7856950217736,-3.3008601317749));
#3443=CARTESIAN_POINT('',(-1.49292675514046,-0.5,-3.3008601317749));
#3444=CARTESIAN_POINT('',(-2.37558362989592,-0.5,-3.3008601317749));
#3445=CARTESIAN_POINT('',(-2.37558362989592,-0.5,-3.3008601317749));
#3446=CARTESIAN_POINT('',(-2.37558362989592,0.5,-3.3008601317749));
#3447=CARTESIAN_POINT('',(-1.49292675514046,0.5,-3.3008601317749));
#3448=CARTESIAN_POINT('',(11.1644349353279,0.997542812071202,-3.3008601317749));
#3449=CARTESIAN_POINT('',(11.1644349353279,1.60557541919932,-3.3008601317749));
#3450=CARTESIAN_POINT('',(11.1644349353279,-0.997542812071202,-3.3008601317749));
#3451=CARTESIAN_POINT('',(11.1644349353279,-1.60557541919932,-3.3008601317749));
#3452=CARTESIAN_POINT('',(11.1644349353279,1.60557541919932,-3.5));
#3453=CARTESIAN_POINT('',(11.1644349353279,-1.60557541919932,-3.5));
#3454=CARTESIAN_POINT('',(11.1644349353279,0.997542812071202,-3.5));
#3455=CARTESIAN_POINT('',(11.1644349353279,-0.997542812071202,-3.5));
#3456=CARTESIAN_POINT('',(11.1644349353279,1.60557541919932,-3.5));
#3457=CARTESIAN_POINT('',(11.1644349353279,-1.60557541919932,-3.5));
#3458=CARTESIAN_POINT('',(11.1644349353279,-0.997542812071202,-3.5));
#3459=CARTESIAN_POINT('',(11.1644349353279,0.997542812071202,-3.5));
#3460=CARTESIAN_POINT('',(3.00773930230595,-0.5,-3.12644980468274));
#3461=CARTESIAN_POINT('',(2.37558362989592,-0.5,-3.32446420980445));
#3462=CARTESIAN_POINT('',(2.37558362989592,-0.5,-3.32446420980445));
#3463=CARTESIAN_POINT('',(2.49785959308432,-0.5,-3.32446420980445));
#3464=CARTESIAN_POINT('',(2.49785959308432,-0.5,-3.44674017299285));
#3465=CARTESIAN_POINT('',(3.00773930230595,-0.5,-3.44674017299285));
#3466=CARTESIAN_POINT('',(3.00773930230595,-0.5,-3.44674017299285));
#3467=CARTESIAN_POINT('',(3.00773930230595,-0.5,-3.12644980468274));
#3468=CARTESIAN_POINT('',(3.28790939256457,-0.5,-3.28166140398094));
#3469=CARTESIAN_POINT('',(3.59999748459189,-0.5,-2.71831594972823));
#3470=CARTESIAN_POINT('',(3.59999748459189,-0.5,-2.71831594972823));
#3471=CARTESIAN_POINT('',(3.59999748459189,-0.5,-2.71831594972823));
#3472=CARTESIAN_POINT('',(3.38131303605787,-0.5,-2.59716681861549));
#3473=CARTESIAN_POINT('',(3.38131303605787,-0.5,-2.59716681861549));
#3474=CARTESIAN_POINT('',(3.06922494403055,-0.5,-3.1605122728682));
#3475=CARTESIAN_POINT('',(3.00773930230595,-0.5,-3.12644980468274));
#3476=CARTESIAN_POINT('',(3.00773930230595,-0.5,-3.19674017299285));
#3477=CARTESIAN_POINT('',(3.00773930230595,-0.5,-3.19674017299285));
#3478=CARTESIAN_POINT('',(3.00773930230595,0.5,-3.12644980468274));
#3479=CARTESIAN_POINT('',(3.00773930230595,0.5,-3.19674017299285));
#3480=CARTESIAN_POINT('',(3.00773930230595,0.5,-3.19674017299285));
#3481=CARTESIAN_POINT('',(3.00773930230595,0.5,-3.12644980468274));
#3482=CARTESIAN_POINT('',(3.06922494403055,0.5,-3.1605122728682));
#3483=CARTESIAN_POINT('',(3.38131303605787,0.5,-2.59716681861549));
#3484=CARTESIAN_POINT('',(3.38131303605787,0.5,-2.59716681861549));
#3485=CARTESIAN_POINT('',(3.59999748459189,0.5,-2.71831594972823));
#3486=CARTESIAN_POINT('',(3.59999748459189,0.5,-2.71831594972823));
#3487=CARTESIAN_POINT('',(3.59999748459189,0.5,-2.71831594972823));
#3488=CARTESIAN_POINT('',(3.28790939256457,0.5,-3.28166140398094));
#3489=CARTESIAN_POINT('',(3.00773930230595,0.5,-3.12644980468274));
#3490=CARTESIAN_POINT('',(3.00773930230595,0.5,-3.44674017299285));
#3491=CARTESIAN_POINT('',(3.00773930230595,0.5,-3.44674017299285));
#3492=CARTESIAN_POINT('',(2.49785959308432,0.5,-3.44674017299285));
#3493=CARTESIAN_POINT('',(2.49785959308432,0.5,-3.32446420980445));
#3494=CARTESIAN_POINT('',(2.37558362989592,0.5,-3.32446420980445));
#3495=CARTESIAN_POINT('',(2.37558362989592,0.5,-3.32446420980445));
#3496=CARTESIAN_POINT('',(3.59999748459189,-0.5,-2.71831594972823));
#3497=CARTESIAN_POINT('',(3.38131303605787,-0.5,-2.59716681861549));
#3498=CARTESIAN_POINT('',(3.59999748459189,-0.5,-2.71831594972823));
#3499=CARTESIAN_POINT('',(3.59999748459189,-0.5,-2.71831594972823));
#3500=CARTESIAN_POINT('',(3.28790939256457,-0.5,-3.28166140398094));
#3501=CARTESIAN_POINT('',(3.00773930230595,-0.5,-3.12644980468274));
#3502=CARTESIAN_POINT('',(3.00773930230595,-0.5,-3.44674017299285));
#3503=CARTESIAN_POINT('',(3.00773930230595,-0.5,-3.44674017299285));
#3504=CARTESIAN_POINT('',(2.49785959308432,-0.5,-3.44674017299285));
#3505=CARTESIAN_POINT('',(2.49785959308432,-0.5,-3.32446420980445));
#3506=CARTESIAN_POINT('',(2.37558362989592,-0.5,-3.32446420980445));
#3507=CARTESIAN_POINT('',(2.37558362989592,-0.5,-3.32446420980445));
#3508=CARTESIAN_POINT('',(3.00773930230595,-0.5,-3.19674017299285));
#3509=CARTESIAN_POINT('',(3.00773930230595,-0.5,-3.19674017299285));
#3510=CARTESIAN_POINT('',(3.00773930230595,-0.5,-3.12644980468274));
#3511=CARTESIAN_POINT('',(3.06922494403055,-0.5,-3.1605122728682));
#3512=CARTESIAN_POINT('',(3.38131303605787,-0.5,-2.59716681861549));
#3513=CARTESIAN_POINT('',(-3.00773930230595,-0.5,-3.12644980468274));
#3514=CARTESIAN_POINT('',(-3.00773930230595,-0.5,-3.19674017299285));
#3515=CARTESIAN_POINT('',(-3.00773930230595,-0.5,-3.19674017299285));
#3516=CARTESIAN_POINT('',(-3.00773930230595,-0.5,-3.12644980468274));
#3517=CARTESIAN_POINT('',(-3.06922494403055,-0.5,-3.1605122728682));
#3518=CARTESIAN_POINT('',(-3.38131303605787,-0.5,-2.59716681861549));
#3519=CARTESIAN_POINT('',(-3.38131303605787,-0.5,-2.59716681861549));
#3520=CARTESIAN_POINT('',(-3.59999748459189,-0.5,-2.71831594972823));
#3521=CARTESIAN_POINT('',(-3.59999748459189,-0.5,-2.71831594972823));
#3522=CARTESIAN_POINT('',(-3.59999748459189,-0.5,-2.71831594972823));
#3523=CARTESIAN_POINT('',(-3.28790939256457,-0.5,-3.28166140398094));
#3524=CARTESIAN_POINT('',(-3.00773930230595,-0.5,-3.12644980468274));
#3525=CARTESIAN_POINT('',(-3.00773930230595,-0.5,-3.44674017299285));
#3526=CARTESIAN_POINT('',(-3.00773930230595,-0.5,-3.44674017299285));
#3527=CARTESIAN_POINT('',(-2.49785959308432,-0.5,-3.44674017299285));
#3528=CARTESIAN_POINT('',(-2.49785959308432,-0.5,-3.32446420980445));
#3529=CARTESIAN_POINT('',(-2.37558362989592,-0.5,-3.32446420980445));
#3530=CARTESIAN_POINT('',(-2.37558362989592,-0.5,-3.32446420980445));
#3531=CARTESIAN_POINT('',(-3.59999748459189,-0.5,-2.71831594972823));
#3532=CARTESIAN_POINT('',(-3.59999748459189,0.5,-2.71831594972823));
#3533=CARTESIAN_POINT('',(-3.59999748459189,0.5,-2.71831594972823));
#3534=CARTESIAN_POINT('',(-3.38131303605787,0.5,-2.59716681861549));
#3535=CARTESIAN_POINT('',(-3.59999748459189,-0.5,-2.71831594972823));
#3536=CARTESIAN_POINT('',(-3.38131303605787,-0.5,-2.59716681861549));
#3537=CARTESIAN_POINT('',(-3.38131303605787,-0.5,-2.59716681861549));
#3538=CARTESIAN_POINT('',(-3.38131303605787,0.5,-2.59716681861549));
#3539=CARTESIAN_POINT('',(-3.06922494403055,0.5,-3.1605122728682));
#3540=CARTESIAN_POINT('',(-3.06922494403055,-0.5,-3.1605122728682));
#3541=CARTESIAN_POINT('',(-3.00773930230595,-0.5,-3.12644980468274));
#3542=CARTESIAN_POINT('',(-3.00773930230595,0.5,-3.12644980468274));
#3543=CARTESIAN_POINT('',(-3.00773930230595,0.5,-3.19674017299285));
#3544=CARTESIAN_POINT('',(-3.00773930230595,-0.5,-3.19674017299285));
#3545=CARTESIAN_POINT('',(-3.00773930230595,-0.5,-3.19674017299285));
#3546=CARTESIAN_POINT('',(-3.00773930230595,0.5,-3.19674017299285));
#3547=CARTESIAN_POINT('',(-2.37558362989592,-0.5,-3.32446420980445));
#3548=CARTESIAN_POINT('',(-2.37558362989592,0.5,-3.32446420980445));
#3549=CARTESIAN_POINT('',(-2.37558362989592,0.5,-3.32446420980445));
#3550=CARTESIAN_POINT('',(-2.37558362989592,-0.5,-3.32446420980445));
#3551=CARTESIAN_POINT('',(-2.49785959308432,-0.5,-3.32446420980445));
#3552=CARTESIAN_POINT('',(-2.49785959308432,0.5,-3.32446420980445));
#3553=CARTESIAN_POINT('',(-2.49785959308432,0.5,-3.44674017299285));
#3554=CARTESIAN_POINT('',(-2.49785959308432,-0.5,-3.44674017299285));
#3555=CARTESIAN_POINT('',(-3.00773930230595,-0.5,-3.44674017299285));
#3556=CARTESIAN_POINT('',(-3.00773930230595,0.5,-3.44674017299285));
#3557=CARTESIAN_POINT('',(-3.00773930230595,0.5,-3.44674017299285));
#3558=CARTESIAN_POINT('',(-3.00773930230595,-0.5,-3.44674017299285));
#3559=CARTESIAN_POINT('',(-3.00773930230595,-0.5,-3.12644980468274));
#3560=CARTESIAN_POINT('',(-3.00773930230595,0.5,-3.12644980468274));
#3561=CARTESIAN_POINT('',(-3.28790939256457,0.5,-3.28166140398094));
#3562=CARTESIAN_POINT('',(-3.28790939256457,-0.5,-3.28166140398094));
#3563=CARTESIAN_POINT('',(-3.59999748459189,-0.5,-2.71831594972823));
#3564=CARTESIAN_POINT('',(-3.59999748459189,0.5,-2.71831594972823));
#3565=CARTESIAN_POINT('',(-3.00773930230595,0.5,-3.12644980468274));
#3566=CARTESIAN_POINT('',(3.20452405644435,0.,0.25));
#3567=CARTESIAN_POINT('',(-3.20452405644435,0.,0.25));
#3568=CARTESIAN_POINT('',(-1.6,0.6,-0.2));
#3569=CARTESIAN_POINT('',(-1.6,-0.6,-0.2));
#3570=CARTESIAN_POINT('',(-1.6,-0.6,-0.2));
#3571=CARTESIAN_POINT('',(-1.6,0.6,-0.2));
#3572=CARTESIAN_POINT('',(-1.6,0.6,-0.2));
#3573=CARTESIAN_POINT('',(-1.6,0.6,-0.2));
#3574=CARTESIAN_POINT('',(-1.35,-0.6,-0.2));
#3575=CARTESIAN_POINT('',(-1.35,-0.85,-0.2));
#3576=CARTESIAN_POINT('',(-1.35,-0.85,-0.2));
#3577=CARTESIAN_POINT('',(-1.35,-0.6,-0.2));
#3578=CARTESIAN_POINT('',(-1.35,-0.85,-0.2));
#3579=CARTESIAN_POINT('',(1.35,-0.85,-0.2));
#3580=CARTESIAN_POINT('',(1.35,-0.85,-0.2));
#3581=CARTESIAN_POINT('',(-1.35,-0.85,-0.2));
#3582=CARTESIAN_POINT('',(1.35,-0.6,-0.2));
#3583=CARTESIAN_POINT('',(1.6,-0.6,-0.2));
#3584=CARTESIAN_POINT('',(1.6,-0.6,-0.2));
#3585=CARTESIAN_POINT('',(1.35,-0.6,-0.2));
#3586=CARTESIAN_POINT('',(1.6,-0.6,-0.2));
#3587=CARTESIAN_POINT('',(1.6,0.600000000000001,-0.2));
#3588=CARTESIAN_POINT('',(1.6,0.600000000000001,-0.2));
#3589=CARTESIAN_POINT('',(1.6,-0.6,-0.2));
#3590=CARTESIAN_POINT('',(1.35,0.6,-0.2));
#3591=CARTESIAN_POINT('',(1.35,0.85,-0.2));
#3592=CARTESIAN_POINT('',(1.35,0.85,-0.2));
#3593=CARTESIAN_POINT('',(1.35,0.6,-0.2));
#3594=CARTESIAN_POINT('',(1.35,0.85,-0.2));
#3595=CARTESIAN_POINT('',(-1.35,0.85,-0.2));
#3596=CARTESIAN_POINT('',(-1.35,0.85,-0.2));
#3597=CARTESIAN_POINT('',(1.35,0.85,-0.2));
#3598=CARTESIAN_POINT('',(-1.35,0.6,-0.2));
#3599=CARTESIAN_POINT('',(-1.35,0.6,-0.2));
#3600=CARTESIAN_POINT('',(-1.35,-0.6,-0.2));
#3601=CARTESIAN_POINT('',(-1.34,-0.75,-0.2));
#3602=CARTESIAN_POINT('',(1.34,-0.75,-0.2));
#3603=CARTESIAN_POINT('',(-1.34,-0.75,-0.2));
#3604=CARTESIAN_POINT('',(-1.34,-0.59,-0.2));
#3605=CARTESIAN_POINT('',(-1.5,-0.59,-0.2));
#3606=CARTESIAN_POINT('',(-1.5,0.59,-0.2));
#3607=CARTESIAN_POINT('',(-1.5,0.59,-0.2));
#3608=CARTESIAN_POINT('',(-1.34,0.59,-0.2));
#3609=CARTESIAN_POINT('',(-1.34,0.75,-0.2));
#3610=CARTESIAN_POINT('',(1.34,0.75,-0.2));
#3611=CARTESIAN_POINT('',(1.34,0.75,-0.2));
#3612=CARTESIAN_POINT('',(1.34,0.59,-0.2));
#3613=CARTESIAN_POINT('',(1.5,0.59,-0.2));
#3614=CARTESIAN_POINT('',(1.5,-0.59,-0.2));
#3615=CARTESIAN_POINT('',(1.5,-0.59,-0.2));
#3616=CARTESIAN_POINT('',(1.34,-0.59,-0.2));
#3617=CARTESIAN_POINT('',(-1.34,-0.75,1.05519845934031));
#3618=CARTESIAN_POINT('',(1.34,-0.75,1.05519845934031));
#3619=CARTESIAN_POINT('',(1.34,-0.75,1.35));
#3620=CARTESIAN_POINT('',(-1.34,-0.75,1.35));
#3621=CARTESIAN_POINT('',(-1.34,-0.75,1.35));
#3622=CARTESIAN_POINT('',(-1.34,-0.75,1.05519845934031));
#3623=CARTESIAN_POINT('',(-1.34,-0.59,1.05519845934031));
#3624=CARTESIAN_POINT('',(-1.34,-0.59,1.35));
#3625=CARTESIAN_POINT('',(-1.5,-0.59,1.35));
#3626=CARTESIAN_POINT('',(-1.5,-0.59,1.05519845934031));
#3627=CARTESIAN_POINT('',(-1.5,0.59,1.05519845934031));
#3628=CARTESIAN_POINT('',(-1.5,0.59,1.35));
#3629=CARTESIAN_POINT('',(-1.5,0.59,1.35));
#3630=CARTESIAN_POINT('',(-1.5,0.59,1.05519845934031));
#3631=CARTESIAN_POINT('',(-1.34,0.59,1.05519845934031));
#3632=CARTESIAN_POINT('',(-1.34,0.59,1.35));
#3633=CARTESIAN_POINT('',(-1.34,0.75,1.35));
#3634=CARTESIAN_POINT('',(-1.34,0.75,1.05519845934031));
#3635=CARTESIAN_POINT('',(1.34,0.75,1.05519845934031));
#3636=CARTESIAN_POINT('',(1.34,0.75,1.35));
#3637=CARTESIAN_POINT('',(1.34,0.75,1.35));
#3638=CARTESIAN_POINT('',(1.34,0.75,1.05519845934031));
#3639=CARTESIAN_POINT('',(1.34,0.59,1.05519845934031));
#3640=CARTESIAN_POINT('',(1.34,0.59,1.35));
#3641=CARTESIAN_POINT('',(1.5,0.59,1.35));
#3642=CARTESIAN_POINT('',(1.5,0.59,1.05519845934031));
#3643=CARTESIAN_POINT('',(1.5,-0.59,1.05519845934031));
#3644=CARTESIAN_POINT('',(1.5,-0.59,1.35));
#3645=CARTESIAN_POINT('',(1.5,-0.59,1.35));
#3646=CARTESIAN_POINT('',(1.5,-0.59,1.05519845934031));
#3647=CARTESIAN_POINT('',(1.34,-0.59,1.05519845934031));
#3648=CARTESIAN_POINT('',(1.34,-0.59,1.35));
#3649=CARTESIAN_POINT('',(-1.34,-0.59,1.5));
#3650=CARTESIAN_POINT('',(1.34,0.59,1.5));
#3651=CARTESIAN_POINT('',(1.35,0.59,1.5));
#3652=CARTESIAN_POINT('',(1.34,0.6,1.5));
#3653=CARTESIAN_POINT('',(-1.34,0.6,1.5));
#3654=CARTESIAN_POINT('',(-1.34,0.6,1.5));
#3655=CARTESIAN_POINT('',(-1.34,0.59,1.5));
#3656=CARTESIAN_POINT('',(-1.35,0.59,1.5));
#3657=CARTESIAN_POINT('',(-1.35,-0.59,1.5));
#3658=CARTESIAN_POINT('',(-1.35,-0.59,1.5));
#3659=CARTESIAN_POINT('',(-1.34,-0.59,1.5));
#3660=CARTESIAN_POINT('',(-1.34,-0.6,1.5));
#3661=CARTESIAN_POINT('',(1.34,-0.6,1.5));
#3662=CARTESIAN_POINT('',(1.34,-0.6,1.5));
#3663=CARTESIAN_POINT('',(1.34,-0.59,1.5));
#3664=CARTESIAN_POINT('',(1.35,-0.59,1.5));
#3665=CARTESIAN_POINT('',(1.35,0.59,1.5));
#3666=CARTESIAN_POINT('',(-1.34,-0.6,1.35));
#3667=CARTESIAN_POINT('',(1.34,-0.6,1.35));
#3668=CARTESIAN_POINT('',(-1.34,-0.6,1.35));
#3669=CARTESIAN_POINT('',(-1.34,-0.59,1.35));
#3670=CARTESIAN_POINT('',(-1.35,-0.59,1.35));
#3671=CARTESIAN_POINT('',(1.34,-0.59,1.35));
#3672=CARTESIAN_POINT('',(1.35,-0.59,1.35));
#3673=CARTESIAN_POINT('',(-1.35,0.59,1.35));
#3674=CARTESIAN_POINT('',(-1.35,0.59,1.35));
#3675=CARTESIAN_POINT('',(1.35,-0.59,1.35));
#3676=CARTESIAN_POINT('',(1.35,0.59,1.35));
#3677=CARTESIAN_POINT('',(-1.34,0.59,1.35));
#3678=CARTESIAN_POINT('',(-1.34,0.6,1.35));
#3679=CARTESIAN_POINT('',(1.34,0.59,1.35));
#3680=CARTESIAN_POINT('',(1.34,0.6,1.35));
#3681=CARTESIAN_POINT('',(1.34,0.6,1.35));
#3682=MECHANICAL_DESIGN_GEOMETRIC_PRESENTATION_REPRESENTATION('',(#1719,
#1720,#1721,#1722,#1723,#1724,#1725,#1726,#1727,#1728,#1729,#1730,#1731,
#1732,#1733,#1734,#1735,#1736,#1737,#1738,#1739,#1740,#1741,#1742,#1743,
#1744,#1745,#1746,#1747,#1748,#1749,#1750,#1751,#1752,#1753,#1754,#1755,
#1756,#1757,#1758,#1759,#1760,#1761,#1762,#1763,#1764,#1765,#1766,#1767,
#1768,#1769,#1770,#1771,#1772,#1773,#1774,#1775,#1776,#1777,#1778,#1779,
#1780,#1781,#1782,#1783,#1784,#1785,#1786,#1787,#1788,#1789,#1790,#1791,
#1792,#1793,#1794,#1795,#1796,#1797,#1798,#1799,#1800,#1801,#1802,#1803,
#1804,#1805,#1806,#1807,#1808,#1809,#1810,#1811,#1812,#1813,#1814,#1815),
#3683);
#3683=(
GEOMETRIC_REPRESENTATION_CONTEXT(3)
GLOBAL_UNCERTAINTY_ASSIGNED_CONTEXT((#3684))
GLOBAL_UNIT_ASSIGNED_CONTEXT((#3687,#3686,#3685))
REPRESENTATION_CONTEXT('DTSM-32N-V-T_R','TOP_LEVEL_ASSEMBLY_PART')
);
#3684=UNCERTAINTY_MEASURE_WITH_UNIT(LENGTH_MEASURE(0.005),#3687,
'DISTANCE_ACCURACY_VALUE','Maximum Tolerance applied to model');
#3685=(
NAMED_UNIT(*)
SI_UNIT($,.STERADIAN.)
SOLID_ANGLE_UNIT()
);
#3686=(
NAMED_UNIT(*)
PLANE_ANGLE_UNIT()
SI_UNIT($,.RADIAN.)
);
#3687=(
LENGTH_UNIT()
NAMED_UNIT(*)
SI_UNIT(.MILLI.,.METRE.)
);
#3688=PRODUCT_DEFINITION_SHAPE('','',#3689);
#3689=PRODUCT_DEFINITION('','',#3691,#3690);
#3690=PRODUCT_DEFINITION_CONTEXT('',#3697,'design');
#3691=PRODUCT_DEFINITION_FORMATION_WITH_SPECIFIED_SOURCE('','',#3693,
 .NOT_KNOWN.);
#3692=PRODUCT_RELATED_PRODUCT_CATEGORY('','',(#3693));
#3693=PRODUCT('DTSM-32N-V-T_R','DTSM-32N-V-T_R','DTSM-32N-V-T_R',(#3695));
#3694=PRODUCT_CATEGORY('','');
#3695=PRODUCT_CONTEXT('',#3697,'mechanical');
#3696=APPLICATION_PROTOCOL_DEFINITION('international standard',
'automotive_design',2010,#3697);
#3697=APPLICATION_CONTEXT(
'core data for automotive mechanical design processes');
ENDSEC;
END-ISO-10303-21;
