ISO-10303-21;
HEADER;
FILE_DESCRIPTION((''),'2;1');
FILE_NAME('M20-97413XX_ASM','2015-01-27T',('wbourne'),(''),
'CREO PARAMETRIC BY PTC INC, 2014190','CREO PARAMETRIC BY PTC INC, 2014190','');
FILE_SCHEMA(('CONFIG_CONTROL_DESIGN'));
ENDSEC;
DATA;
#12=DIRECTION('',(-1.E0,0.E0,0.E0));
#13=VECTOR('',#12,1.94625E0);
#14=CARTESIAN_POINT('',(9.73125E-1,0.E0,2.075E0));
#15=LINE('',#14,#13);
#16=DRAUGHTING_PRE_DEFINED_CURVE_FONT('continuous');
#17=CURVE_STYLE('',#16,POSITIVE_LENGTH_MEASURE(2.E-2),#3);
#18=PRESENTATION_STYLE_ASSIGNMENT((#17));
#19=STYLED_ITEM('',(#18),#15);
#20=DIRECTION('',(-4.648338989899E-1,0.E0,8.853979028379E-1));
#21=VECTOR('',#20,4.800101724183E-1);
#22=CARTESIAN_POINT('',(9.73125E-1,0.E0,2.075E0));
#23=LINE('',#22,#21);
#24=CURVE_STYLE('',#16,POSITIVE_LENGTH_MEASURE(2.E-2),#3);
#25=PRESENTATION_STYLE_ASSIGNMENT((#24));
#26=STYLED_ITEM('',(#25),#23);
#27=DIRECTION('',(-1.E0,0.E0,0.E0));
#28=VECTOR('',#27,1.5E0);
#29=CARTESIAN_POINT('',(7.5E-1,0.E0,2.5E0));
#30=LINE('',#29,#28);
#31=CURVE_STYLE('',#16,POSITIVE_LENGTH_MEASURE(2.E-2),#3);
#32=PRESENTATION_STYLE_ASSIGNMENT((#31));
#33=STYLED_ITEM('',(#32),#30);
#34=DIRECTION('',(-4.648338989899E-1,0.E0,-8.853979028379E-1));
#35=VECTOR('',#34,4.800101724183E-1);
#36=CARTESIAN_POINT('',(-7.5E-1,0.E0,2.5E0));
#37=LINE('',#36,#35);
#38=CURVE_STYLE('',#16,POSITIVE_LENGTH_MEASURE(2.E-2),#3);
#39=PRESENTATION_STYLE_ASSIGNMENT((#38));
#40=STYLED_ITEM('',(#39),#37);
#41=DIRECTION('',(-1.E0,0.E0,0.E0));
#42=VECTOR('',#41,1.94625E0);
#43=CARTESIAN_POINT('',(9.73125E-1,0.E0,-2.075E0));
#44=LINE('',#43,#42);
#45=CURVE_STYLE('',#16,POSITIVE_LENGTH_MEASURE(2.E-2),#3);
#46=PRESENTATION_STYLE_ASSIGNMENT((#45));
#47=STYLED_ITEM('',(#46),#44);
#48=DIRECTION('',(4.648338989899E-1,0.E0,-8.853979028379E-1));
#49=VECTOR('',#48,4.800101724182E-1);
#50=CARTESIAN_POINT('',(-9.73125E-1,0.E0,-2.075E0));
#51=LINE('',#50,#49);
#52=CURVE_STYLE('',#16,POSITIVE_LENGTH_MEASURE(2.E-2),#3);
#53=PRESENTATION_STYLE_ASSIGNMENT((#52));
#54=STYLED_ITEM('',(#53),#51);
#55=DIRECTION('',(1.E0,0.E0,0.E0));
#56=VECTOR('',#55,1.5E0);
#57=CARTESIAN_POINT('',(-7.5E-1,0.E0,-2.5E0));
#58=LINE('',#57,#56);
#59=CURVE_STYLE('',#16,POSITIVE_LENGTH_MEASURE(2.E-2),#3);
#60=PRESENTATION_STYLE_ASSIGNMENT((#59));
#61=STYLED_ITEM('',(#60),#58);
#62=DIRECTION('',(4.648338989899E-1,0.E0,8.853979028379E-1));
#63=VECTOR('',#62,4.800101724182E-1);
#64=CARTESIAN_POINT('',(7.5E-1,0.E0,-2.5E0));
#65=LINE('',#64,#63);
#66=CURVE_STYLE('',#16,POSITIVE_LENGTH_MEASURE(2.E-2),#3);
#67=PRESENTATION_STYLE_ASSIGNMENT((#66));
#68=STYLED_ITEM('',(#67),#65);
#69=DIRECTION('',(0.E0,-1.E0,0.E0));
#70=VECTOR('',#69,2.5E-1);
#71=CARTESIAN_POINT('',(9.73125E-1,0.E0,2.075E0));
#72=LINE('',#71,#70);
#73=CURVE_STYLE('',#16,POSITIVE_LENGTH_MEASURE(2.E-2),#3);
#74=PRESENTATION_STYLE_ASSIGNMENT((#73));
#75=STYLED_ITEM('',(#74),#72);
#76=DIRECTION('',(-4.648338989899E-1,0.E0,8.853979028379E-1));
#77=VECTOR('',#76,4.235383874279E-1);
#78=CARTESIAN_POINT('',(1.17E0,-2.5E-1,1.7E0));
#79=LINE('',#78,#77);
#80=CURVE_STYLE('',#16,POSITIVE_LENGTH_MEASURE(2.E-2),#3);
#81=PRESENTATION_STYLE_ASSIGNMENT((#80));
#82=STYLED_ITEM('',(#81),#79);
#83=DIRECTION('',(0.E0,-1.E0,0.E0));
#84=VECTOR('',#83,2.09E0);
#85=CARTESIAN_POINT('',(1.17E0,-2.5E-1,1.7E0));
#86=LINE('',#85,#84);
#87=CURVE_STYLE('',#16,POSITIVE_LENGTH_MEASURE(2.E-2),#3);
#88=PRESENTATION_STYLE_ASSIGNMENT((#87));
#89=STYLED_ITEM('',(#88),#86);
#90=DIRECTION('',(0.E0,1.E0,0.E0));
#91=VECTOR('',#90,2.E-1);
#92=CARTESIAN_POINT('',(1.17E0,-2.54E0,1.7E0));
#93=LINE('',#92,#91);
#94=CURVE_STYLE('',#16,POSITIVE_LENGTH_MEASURE(2.E-2),#3);
#95=PRESENTATION_STYLE_ASSIGNMENT((#94));
#96=STYLED_ITEM('',(#95),#93);
#97=DIRECTION('',(1.E0,0.E0,0.E0));
#98=VECTOR('',#97,2.E-1);
#99=CARTESIAN_POINT('',(2.911E1,-2.5E-1,-1.7E0));
#100=LINE('',#99,#98);
#101=CURVE_STYLE('',#16,POSITIVE_LENGTH_MEASURE(2.E-2),#3);
#102=PRESENTATION_STYLE_ASSIGNMENT((#101));
#103=STYLED_ITEM('',(#102),#100);
#104=DIRECTION('',(1.E0,0.E0,0.E0));
#105=VECTOR('',#104,1.94625E0);
#106=CARTESIAN_POINT('',(2.9506875E1,-2.5E-1,2.075E0));
#107=LINE('',#106,#105);
#108=CURVE_STYLE('',#16,POSITIVE_LENGTH_MEASURE(2.E-2),#3);
#109=PRESENTATION_STYLE_ASSIGNMENT((#108));
#110=STYLED_ITEM('',(#109),#107);
#111=DIRECTION('',(-1.E0,0.E0,0.E0));
#112=VECTOR('',#111,2.E-1);
#113=CARTESIAN_POINT('',(2.931E1,-2.5E-1,1.7E0));
#114=LINE('',#113,#112);
#115=CURVE_STYLE('',#16,POSITIVE_LENGTH_MEASURE(2.E-2),#3);
#116=PRESENTATION_STYLE_ASSIGNMENT((#115));
#117=STYLED_ITEM('',(#116),#114);
#118=DIRECTION('',(1.E0,0.E0,0.E0));
#119=VECTOR('',#118,1.94625E0);
#120=CARTESIAN_POINT('',(2.6966875E1,-2.5E-1,2.075E0));
#121=LINE('',#120,#119);
#122=CURVE_STYLE('',#16,POSITIVE_LENGTH_MEASURE(2.E-2),#3);
#123=PRESENTATION_STYLE_ASSIGNMENT((#122));
#124=STYLED_ITEM('',(#123),#121);
#125=DIRECTION('',(-1.E0,0.E0,0.E0));
#126=VECTOR('',#125,2.E-1);
#127=CARTESIAN_POINT('',(2.677E1,-2.5E-1,1.7E0));
#128=LINE('',#127,#126);
#129=CURVE_STYLE('',#16,POSITIVE_LENGTH_MEASURE(2.E-2),#3);
#130=PRESENTATION_STYLE_ASSIGNMENT((#129));
#131=STYLED_ITEM('',(#130),#128);
#132=DIRECTION('',(1.E0,0.E0,0.E0));
#133=VECTOR('',#132,1.94625E0);
#134=CARTESIAN_POINT('',(2.4426875E1,-2.5E-1,2.075E0));
#135=LINE('',#134,#133);
#136=CURVE_STYLE('',#16,POSITIVE_LENGTH_MEASURE(2.E-2),#3);
#137=PRESENTATION_STYLE_ASSIGNMENT((#136));
#138=STYLED_ITEM('',(#137),#135);
#139=DIRECTION('',(-1.E0,0.E0,0.E0));
#140=VECTOR('',#139,2.E-1);
#141=CARTESIAN_POINT('',(2.423E1,-2.5E-1,1.7E0));
#142=LINE('',#141,#140);
#143=CURVE_STYLE('',#16,POSITIVE_LENGTH_MEASURE(2.E-2),#3);
#144=PRESENTATION_STYLE_ASSIGNMENT((#143));
#145=STYLED_ITEM('',(#144),#142);
#146=DIRECTION('',(1.E0,0.E0,0.E0));
#147=VECTOR('',#146,1.94625E0);
#148=CARTESIAN_POINT('',(2.1886875E1,-2.5E-1,2.075E0));
#149=LINE('',#148,#147);
#150=CURVE_STYLE('',#16,POSITIVE_LENGTH_MEASURE(2.E-2),#3);
#151=PRESENTATION_STYLE_ASSIGNMENT((#150));
#152=STYLED_ITEM('',(#151),#149);
#153=DIRECTION('',(-1.E0,0.E0,0.E0));
#154=VECTOR('',#153,2.E-1);
#155=CARTESIAN_POINT('',(2.169E1,-2.5E-1,1.7E0));
#156=LINE('',#155,#154);
#157=CURVE_STYLE('',#16,POSITIVE_LENGTH_MEASURE(2.E-2),#3);
#158=PRESENTATION_STYLE_ASSIGNMENT((#157));
#159=STYLED_ITEM('',(#158),#156);
#160=DIRECTION('',(1.E0,0.E0,0.E0));
#161=VECTOR('',#160,1.94625E0);
#162=CARTESIAN_POINT('',(1.9346875E1,-2.5E-1,2.075E0));
#163=LINE('',#162,#161);
#164=CURVE_STYLE('',#16,POSITIVE_LENGTH_MEASURE(2.E-2),#3);
#165=PRESENTATION_STYLE_ASSIGNMENT((#164));
#166=STYLED_ITEM('',(#165),#163);
#167=DIRECTION('',(-1.E0,0.E0,0.E0));
#168=VECTOR('',#167,2.E-1);
#169=CARTESIAN_POINT('',(1.915E1,-2.5E-1,1.7E0));
#170=LINE('',#169,#168);
#171=CURVE_STYLE('',#16,POSITIVE_LENGTH_MEASURE(2.E-2),#3);
#172=PRESENTATION_STYLE_ASSIGNMENT((#171));
#173=STYLED_ITEM('',(#172),#170);
#174=DIRECTION('',(1.E0,0.E0,0.E0));
#175=VECTOR('',#174,1.94625E0);
#176=CARTESIAN_POINT('',(1.6806875E1,-2.5E-1,2.075E0));
#177=LINE('',#176,#175);
#178=CURVE_STYLE('',#16,POSITIVE_LENGTH_MEASURE(2.E-2),#3);
#179=PRESENTATION_STYLE_ASSIGNMENT((#178));
#180=STYLED_ITEM('',(#179),#177);
#181=DIRECTION('',(-1.E0,0.E0,0.E0));
#182=VECTOR('',#181,2.E-1);
#183=CARTESIAN_POINT('',(1.661E1,-2.5E-1,1.7E0));
#184=LINE('',#183,#182);
#185=CURVE_STYLE('',#16,POSITIVE_LENGTH_MEASURE(2.E-2),#3);
#186=PRESENTATION_STYLE_ASSIGNMENT((#185));
#187=STYLED_ITEM('',(#186),#184);
#188=DIRECTION('',(1.E0,0.E0,0.E0));
#189=VECTOR('',#188,1.94625E0);
#190=CARTESIAN_POINT('',(1.4266875E1,-2.5E-1,2.075E0));
#191=LINE('',#190,#189);
#192=CURVE_STYLE('',#16,POSITIVE_LENGTH_MEASURE(2.E-2),#3);
#193=PRESENTATION_STYLE_ASSIGNMENT((#192));
#194=STYLED_ITEM('',(#193),#191);
#195=DIRECTION('',(-1.E0,0.E0,0.E0));
#196=VECTOR('',#195,2.E-1);
#197=CARTESIAN_POINT('',(1.407E1,-2.5E-1,1.7E0));
#198=LINE('',#197,#196);
#199=CURVE_STYLE('',#16,POSITIVE_LENGTH_MEASURE(2.E-2),#3);
#200=PRESENTATION_STYLE_ASSIGNMENT((#199));
#201=STYLED_ITEM('',(#200),#198);
#202=DIRECTION('',(1.E0,0.E0,0.E0));
#203=VECTOR('',#202,1.94625E0);
#204=CARTESIAN_POINT('',(1.1726875E1,-2.5E-1,2.075E0));
#205=LINE('',#204,#203);
#206=CURVE_STYLE('',#16,POSITIVE_LENGTH_MEASURE(2.E-2),#3);
#207=PRESENTATION_STYLE_ASSIGNMENT((#206));
#208=STYLED_ITEM('',(#207),#205);
#209=DIRECTION('',(-1.E0,0.E0,0.E0));
#210=VECTOR('',#209,2.E-1);
#211=CARTESIAN_POINT('',(1.153E1,-2.5E-1,1.7E0));
#212=LINE('',#211,#210);
#213=CURVE_STYLE('',#16,POSITIVE_LENGTH_MEASURE(2.E-2),#3);
#214=PRESENTATION_STYLE_ASSIGNMENT((#213));
#215=STYLED_ITEM('',(#214),#212);
#216=DIRECTION('',(1.E0,0.E0,0.E0));
#217=VECTOR('',#216,1.94625E0);
#218=CARTESIAN_POINT('',(9.186875E0,-2.5E-1,2.075E0));
#219=LINE('',#218,#217);
#220=CURVE_STYLE('',#16,POSITIVE_LENGTH_MEASURE(2.E-2),#3);
#221=PRESENTATION_STYLE_ASSIGNMENT((#220));
#222=STYLED_ITEM('',(#221),#219);
#223=DIRECTION('',(-1.E0,0.E0,0.E0));
#224=VECTOR('',#223,2.E-1);
#225=CARTESIAN_POINT('',(8.99E0,-2.5E-1,1.7E0));
#226=LINE('',#225,#224);
#227=CURVE_STYLE('',#16,POSITIVE_LENGTH_MEASURE(2.E-2),#3);
#228=PRESENTATION_STYLE_ASSIGNMENT((#227));
#229=STYLED_ITEM('',(#228),#226);
#230=DIRECTION('',(1.E0,0.E0,0.E0));
#231=VECTOR('',#230,1.94625E0);
#232=CARTESIAN_POINT('',(6.646875E0,-2.5E-1,2.075E0));
#233=LINE('',#232,#231);
#234=CURVE_STYLE('',#16,POSITIVE_LENGTH_MEASURE(2.E-2),#3);
#235=PRESENTATION_STYLE_ASSIGNMENT((#234));
#236=STYLED_ITEM('',(#235),#233);
#237=DIRECTION('',(-1.E0,0.E0,0.E0));
#238=VECTOR('',#237,2.E-1);
#239=CARTESIAN_POINT('',(6.45E0,-2.5E-1,1.7E0));
#240=LINE('',#239,#238);
#241=CURVE_STYLE('',#16,POSITIVE_LENGTH_MEASURE(2.E-2),#3);
#242=PRESENTATION_STYLE_ASSIGNMENT((#241));
#243=STYLED_ITEM('',(#242),#240);
#244=DIRECTION('',(1.E0,0.E0,0.E0));
#245=VECTOR('',#244,1.94625E0);
#246=CARTESIAN_POINT('',(4.106875E0,-2.5E-1,2.075E0));
#247=LINE('',#246,#245);
#248=CURVE_STYLE('',#16,POSITIVE_LENGTH_MEASURE(2.E-2),#3);
#249=PRESENTATION_STYLE_ASSIGNMENT((#248));
#250=STYLED_ITEM('',(#249),#247);
#251=DIRECTION('',(-1.E0,0.E0,0.E0));
#252=VECTOR('',#251,2.E-1);
#253=CARTESIAN_POINT('',(3.91E0,-2.5E-1,1.7E0));
#254=LINE('',#253,#252);
#255=CURVE_STYLE('',#16,POSITIVE_LENGTH_MEASURE(2.E-2),#3);
#256=PRESENTATION_STYLE_ASSIGNMENT((#255));
#257=STYLED_ITEM('',(#256),#254);
#258=DIRECTION('',(1.E0,0.E0,0.E0));
#259=VECTOR('',#258,1.94625E0);
#260=CARTESIAN_POINT('',(1.566875E0,-2.5E-1,2.075E0));
#261=LINE('',#260,#259);
#262=CURVE_STYLE('',#16,POSITIVE_LENGTH_MEASURE(2.E-2),#3);
#263=PRESENTATION_STYLE_ASSIGNMENT((#262));
#264=STYLED_ITEM('',(#263),#261);
#265=DIRECTION('',(-1.E0,0.E0,0.E0));
#266=VECTOR('',#265,2.E-1);
#267=CARTESIAN_POINT('',(1.37E0,-2.5E-1,1.7E0));
#268=LINE('',#267,#266);
#269=CURVE_STYLE('',#16,POSITIVE_LENGTH_MEASURE(2.E-2),#3);
#270=PRESENTATION_STYLE_ASSIGNMENT((#269));
#271=STYLED_ITEM('',(#270),#268);
#272=DIRECTION('',(1.E0,0.E0,0.E0));
#273=VECTOR('',#272,1.94625E0);
#274=CARTESIAN_POINT('',(-9.73125E-1,-2.5E-1,2.075E0));
#275=LINE('',#274,#273);
#276=CURVE_STYLE('',#16,POSITIVE_LENGTH_MEASURE(2.E-2),#3);
#277=PRESENTATION_STYLE_ASSIGNMENT((#276));
#278=STYLED_ITEM('',(#277),#275);
#279=DIRECTION('',(1.E0,0.E0,0.E0));
#280=VECTOR('',#279,2.E-1);
#281=CARTESIAN_POINT('',(1.17E0,-2.5E-1,-1.7E0));
#282=LINE('',#281,#280);
#283=CURVE_STYLE('',#16,POSITIVE_LENGTH_MEASURE(2.E-2),#3);
#284=PRESENTATION_STYLE_ASSIGNMENT((#283));
#285=STYLED_ITEM('',(#284),#282);
#286=DIRECTION('',(1.E0,0.E0,0.E0));
#287=VECTOR('',#286,2.E-1);
#288=CARTESIAN_POINT('',(3.71E0,-2.5E-1,-1.7E0));
#289=LINE('',#288,#287);
#290=CURVE_STYLE('',#16,POSITIVE_LENGTH_MEASURE(2.E-2),#3);
#291=PRESENTATION_STYLE_ASSIGNMENT((#290));
#292=STYLED_ITEM('',(#291),#289);
#293=DIRECTION('',(1.E0,0.E0,0.E0));
#294=VECTOR('',#293,2.E-1);
#295=CARTESIAN_POINT('',(6.25E0,-2.5E-1,-1.7E0));
#296=LINE('',#295,#294);
#297=CURVE_STYLE('',#16,POSITIVE_LENGTH_MEASURE(2.E-2),#3);
#298=PRESENTATION_STYLE_ASSIGNMENT((#297));
#299=STYLED_ITEM('',(#298),#296);
#300=DIRECTION('',(1.E0,0.E0,0.E0));
#301=VECTOR('',#300,2.E-1);
#302=CARTESIAN_POINT('',(8.79E0,-2.5E-1,-1.7E0));
#303=LINE('',#302,#301);
#304=CURVE_STYLE('',#16,POSITIVE_LENGTH_MEASURE(2.E-2),#3);
#305=PRESENTATION_STYLE_ASSIGNMENT((#304));
#306=STYLED_ITEM('',(#305),#303);
#307=DIRECTION('',(1.E0,0.E0,0.E0));
#308=VECTOR('',#307,2.E-1);
#309=CARTESIAN_POINT('',(1.133E1,-2.5E-1,-1.7E0));
#310=LINE('',#309,#308);
#311=CURVE_STYLE('',#16,POSITIVE_LENGTH_MEASURE(2.E-2),#3);
#312=PRESENTATION_STYLE_ASSIGNMENT((#311));
#313=STYLED_ITEM('',(#312),#310);
#314=DIRECTION('',(1.E0,0.E0,0.E0));
#315=VECTOR('',#314,2.E-1);
#316=CARTESIAN_POINT('',(1.387E1,-2.5E-1,-1.7E0));
#317=LINE('',#316,#315);
#318=CURVE_STYLE('',#16,POSITIVE_LENGTH_MEASURE(2.E-2),#3);
#319=PRESENTATION_STYLE_ASSIGNMENT((#318));
#320=STYLED_ITEM('',(#319),#317);
#321=DIRECTION('',(1.E0,0.E0,0.E0));
#322=VECTOR('',#321,2.E-1);
#323=CARTESIAN_POINT('',(1.641E1,-2.5E-1,-1.7E0));
#324=LINE('',#323,#322);
#325=CURVE_STYLE('',#16,POSITIVE_LENGTH_MEASURE(2.E-2),#3);
#326=PRESENTATION_STYLE_ASSIGNMENT((#325));
#327=STYLED_ITEM('',(#326),#324);
#328=DIRECTION('',(1.E0,0.E0,0.E0));
#329=VECTOR('',#328,2.E-1);
#330=CARTESIAN_POINT('',(1.895E1,-2.5E-1,-1.7E0));
#331=LINE('',#330,#329);
#332=CURVE_STYLE('',#16,POSITIVE_LENGTH_MEASURE(2.E-2),#3);
#333=PRESENTATION_STYLE_ASSIGNMENT((#332));
#334=STYLED_ITEM('',(#333),#331);
#335=DIRECTION('',(1.E0,0.E0,0.E0));
#336=VECTOR('',#335,2.E-1);
#337=CARTESIAN_POINT('',(2.149E1,-2.5E-1,-1.7E0));
#338=LINE('',#337,#336);
#339=CURVE_STYLE('',#16,POSITIVE_LENGTH_MEASURE(2.E-2),#3);
#340=PRESENTATION_STYLE_ASSIGNMENT((#339));
#341=STYLED_ITEM('',(#340),#338);
#342=DIRECTION('',(1.E0,0.E0,0.E0));
#343=VECTOR('',#342,2.E-1);
#344=CARTESIAN_POINT('',(2.403E1,-2.5E-1,-1.7E0));
#345=LINE('',#344,#343);
#346=CURVE_STYLE('',#16,POSITIVE_LENGTH_MEASURE(2.E-2),#3);
#347=PRESENTATION_STYLE_ASSIGNMENT((#346));
#348=STYLED_ITEM('',(#347),#345);
#349=DIRECTION('',(1.E0,0.E0,0.E0));
#350=VECTOR('',#349,2.E-1);
#351=CARTESIAN_POINT('',(2.657E1,-2.5E-1,-1.7E0));
#352=LINE('',#351,#350);
#353=CURVE_STYLE('',#16,POSITIVE_LENGTH_MEASURE(2.E-2),#3);
#354=PRESENTATION_STYLE_ASSIGNMENT((#353));
#355=STYLED_ITEM('',(#354),#352);
#356=DIRECTION('',(0.E0,0.E0,-1.E0));
#357=VECTOR('',#356,6.4E-1);
#358=CARTESIAN_POINT('',(3.08E1,-2.5E-1,1.59E0));
#359=LINE('',#358,#357);
#360=CURVE_STYLE('',#16,POSITIVE_LENGTH_MEASURE(2.E-2),#3);
#361=PRESENTATION_STYLE_ASSIGNMENT((#360));
#362=STYLED_ITEM('',(#361),#359);
#363=DIRECTION('',(0.E0,-1.E0,0.E0));
#364=VECTOR('',#363,2.29E0);
#365=CARTESIAN_POINT('',(3.08E1,-2.5E-1,1.59E0));
#366=LINE('',#365,#364);
#367=CURVE_STYLE('',#16,POSITIVE_LENGTH_MEASURE(2.E-2),#3);
#368=PRESENTATION_STYLE_ASSIGNMENT((#367));
#369=STYLED_ITEM('',(#368),#366);
#370=DIRECTION('',(1.E0,0.E0,0.E0));
#371=VECTOR('',#370,6.4E-1);
#372=CARTESIAN_POINT('',(3.016E1,-2.5E-1,1.59E0));
#373=LINE('',#372,#371);
#374=CURVE_STYLE('',#16,POSITIVE_LENGTH_MEASURE(2.E-2),#3);
#375=PRESENTATION_STYLE_ASSIGNMENT((#374));
#376=STYLED_ITEM('',(#375),#373);
#377=DIRECTION('',(0.E0,-1.E0,0.E0));
#378=VECTOR('',#377,2.29E0);
#379=CARTESIAN_POINT('',(3.016E1,-2.5E-1,1.59E0));
#380=LINE('',#379,#378);
#381=CURVE_STYLE('',#16,POSITIVE_LENGTH_MEASURE(2.E-2),#3);
#382=PRESENTATION_STYLE_ASSIGNMENT((#381));
#383=STYLED_ITEM('',(#382),#380);
#384=DIRECTION('',(0.E0,0.E0,1.E0));
#385=VECTOR('',#384,6.4E-1);
#386=CARTESIAN_POINT('',(3.016E1,-2.5E-1,9.5E-1));
#387=LINE('',#386,#385);
#388=CURVE_STYLE('',#16,POSITIVE_LENGTH_MEASURE(2.E-2),#3);
#389=PRESENTATION_STYLE_ASSIGNMENT((#388));
#390=STYLED_ITEM('',(#389),#387);
#391=DIRECTION('',(0.E0,-1.E0,0.E0));
#392=VECTOR('',#391,2.29E0);
#393=CARTESIAN_POINT('',(3.016E1,-2.5E-1,9.5E-1));
#394=LINE('',#393,#392);
#395=CURVE_STYLE('',#16,POSITIVE_LENGTH_MEASURE(2.E-2),#3);
#396=PRESENTATION_STYLE_ASSIGNMENT((#395));
#397=STYLED_ITEM('',(#396),#394);
#398=DIRECTION('',(-1.E0,0.E0,0.E0));
#399=VECTOR('',#398,6.4E-1);
#400=CARTESIAN_POINT('',(3.08E1,-2.5E-1,9.5E-1));
#401=LINE('',#400,#399);
#402=CURVE_STYLE('',#16,POSITIVE_LENGTH_MEASURE(2.E-2),#3);
#403=PRESENTATION_STYLE_ASSIGNMENT((#402));
#404=STYLED_ITEM('',(#403),#401);
#405=DIRECTION('',(0.E0,-1.E0,0.E0));
#406=VECTOR('',#405,2.29E0);
#407=CARTESIAN_POINT('',(3.08E1,-2.5E-1,9.5E-1));
#408=LINE('',#407,#406);
#409=CURVE_STYLE('',#16,POSITIVE_LENGTH_MEASURE(2.E-2),#3);
#410=PRESENTATION_STYLE_ASSIGNMENT((#409));
#411=STYLED_ITEM('',(#410),#408);
#412=DIRECTION('',(0.E0,0.E0,-1.E0));
#413=VECTOR('',#412,6.4E-1);
#414=CARTESIAN_POINT('',(3.08E1,-2.54E0,-9.5E-1));
#415=LINE('',#414,#413);
#416=CURVE_STYLE('',#16,POSITIVE_LENGTH_MEASURE(2.E-2),#3);
#417=PRESENTATION_STYLE_ASSIGNMENT((#416));
#418=STYLED_ITEM('',(#417),#415);
#419=DIRECTION('',(1.E0,0.E0,0.E0));
#420=VECTOR('',#419,6.4E-1);
#421=CARTESIAN_POINT('',(3.016E1,-2.54E0,-9.5E-1));
#422=LINE('',#421,#420);
#423=CURVE_STYLE('',#16,POSITIVE_LENGTH_MEASURE(2.E-2),#3);
#424=PRESENTATION_STYLE_ASSIGNMENT((#423));
#425=STYLED_ITEM('',(#424),#422);
#426=DIRECTION('',(0.E0,0.E0,1.E0));
#427=VECTOR('',#426,6.4E-1);
#428=CARTESIAN_POINT('',(3.016E1,-2.54E0,-1.59E0));
#429=LINE('',#428,#427);
#430=CURVE_STYLE('',#16,POSITIVE_LENGTH_MEASURE(2.E-2),#3);
#431=PRESENTATION_STYLE_ASSIGNMENT((#430));
#432=STYLED_ITEM('',(#431),#429);
#433=DIRECTION('',(-1.E0,0.E0,0.E0));
#434=VECTOR('',#433,6.4E-1);
#435=CARTESIAN_POINT('',(3.08E1,-2.54E0,-1.59E0));
#436=LINE('',#435,#434);
#437=CURVE_STYLE('',#16,POSITIVE_LENGTH_MEASURE(2.E-2),#3);
#438=PRESENTATION_STYLE_ASSIGNMENT((#437));
#439=STYLED_ITEM('',(#438),#436);
#440=DIRECTION('',(0.E0,0.E0,-1.E0));
#441=VECTOR('',#440,6.4E-1);
#442=CARTESIAN_POINT('',(3.08E1,-2.54E0,1.59E0));
#443=LINE('',#442,#441);
#444=CURVE_STYLE('',#16,POSITIVE_LENGTH_MEASURE(2.E-2),#3);
#445=PRESENTATION_STYLE_ASSIGNMENT((#444));
#446=STYLED_ITEM('',(#445),#443);
#447=DIRECTION('',(1.E0,0.E0,0.E0));
#448=VECTOR('',#447,6.4E-1);
#449=CARTESIAN_POINT('',(3.016E1,-2.54E0,1.59E0));
#450=LINE('',#449,#448);
#451=CURVE_STYLE('',#16,POSITIVE_LENGTH_MEASURE(2.E-2),#3);
#452=PRESENTATION_STYLE_ASSIGNMENT((#451));
#453=STYLED_ITEM('',(#452),#450);
#454=DIRECTION('',(0.E0,0.E0,1.E0));
#455=VECTOR('',#454,6.4E-1);
#456=CARTESIAN_POINT('',(3.016E1,-2.54E0,9.5E-1));
#457=LINE('',#456,#455);
#458=CURVE_STYLE('',#16,POSITIVE_LENGTH_MEASURE(2.E-2),#3);
#459=PRESENTATION_STYLE_ASSIGNMENT((#458));
#460=STYLED_ITEM('',(#459),#457);
#461=DIRECTION('',(-1.E0,0.E0,0.E0));
#462=VECTOR('',#461,6.4E-1);
#463=CARTESIAN_POINT('',(3.08E1,-2.54E0,9.5E-1));
#464=LINE('',#463,#462);
#465=CURVE_STYLE('',#16,POSITIVE_LENGTH_MEASURE(2.E-2),#3);
#466=PRESENTATION_STYLE_ASSIGNMENT((#465));
#467=STYLED_ITEM('',(#466),#464);
#468=DIRECTION('',(0.E0,0.E0,-1.E0));
#469=VECTOR('',#468,3.4E0);
#470=CARTESIAN_POINT('',(3.165E1,-2.54E0,1.7E0));
#471=LINE('',#470,#469);
#472=CURVE_STYLE('',#16,POSITIVE_LENGTH_MEASURE(2.E-2),#3);
#473=PRESENTATION_STYLE_ASSIGNMENT((#472));
#474=STYLED_ITEM('',(#473),#471);
#475=DIRECTION('',(4.648338989899E-1,0.E0,8.853979028379E-1));
#476=VECTOR('',#475,9.035485598461E-1);
#477=CARTESIAN_POINT('',(3.123E1,-2.54E0,-2.5E0));
#478=LINE('',#477,#476);
#479=CURVE_STYLE('',#16,POSITIVE_LENGTH_MEASURE(2.E-2),#3);
#480=PRESENTATION_STYLE_ASSIGNMENT((#479));
#481=STYLED_ITEM('',(#480),#478);
#482=DIRECTION('',(1.E0,0.E0,0.E0));
#483=VECTOR('',#482,1.5E0);
#484=CARTESIAN_POINT('',(2.973E1,-2.54E0,-2.5E0));
#485=LINE('',#484,#483);
#486=CURVE_STYLE('',#16,POSITIVE_LENGTH_MEASURE(2.E-2),#3);
#487=PRESENTATION_STYLE_ASSIGNMENT((#486));
#488=STYLED_ITEM('',(#487),#485);
#489=DIRECTION('',(4.648338989899E-1,0.E0,-8.853979028379E-1));
#490=VECTOR('',#489,9.035485598461E-1);
#491=CARTESIAN_POINT('',(2.931E1,-2.54E0,-1.7E0));
#492=LINE('',#491,#490);
#493=CURVE_STYLE('',#16,POSITIVE_LENGTH_MEASURE(2.E-2),#3);
#494=PRESENTATION_STYLE_ASSIGNMENT((#493));
#495=STYLED_ITEM('',(#494),#492);
#496=DIRECTION('',(0.E0,0.E0,1.E0));
#497=VECTOR('',#496,3.4E0);
#498=CARTESIAN_POINT('',(2.931E1,-2.54E0,-1.7E0));
#499=LINE('',#498,#497);
#500=CURVE_STYLE('',#16,POSITIVE_LENGTH_MEASURE(2.E-2),#3);
#501=PRESENTATION_STYLE_ASSIGNMENT((#500));
#502=STYLED_ITEM('',(#501),#499);
#503=DIRECTION('',(-4.648338989899E-1,0.E0,-8.853979028379E-1));
#504=VECTOR('',#503,9.035485598461E-1);
#505=CARTESIAN_POINT('',(2.973E1,-2.54E0,2.5E0));
#506=LINE('',#505,#504);
#507=CURVE_STYLE('',#16,POSITIVE_LENGTH_MEASURE(2.E-2),#3);
#508=PRESENTATION_STYLE_ASSIGNMENT((#507));
#509=STYLED_ITEM('',(#508),#506);
#510=DIRECTION('',(-1.E0,0.E0,0.E0));
#511=VECTOR('',#510,1.5E0);
#512=CARTESIAN_POINT('',(3.123E1,-2.54E0,2.5E0));
#513=LINE('',#512,#511);
#514=CURVE_STYLE('',#16,POSITIVE_LENGTH_MEASURE(2.E-2),#3);
#515=PRESENTATION_STYLE_ASSIGNMENT((#514));
#516=STYLED_ITEM('',(#515),#513);
#517=DIRECTION('',(-4.648338989899E-1,0.E0,8.853979028379E-1));
#518=VECTOR('',#517,9.035485598461E-1);
#519=CARTESIAN_POINT('',(3.165E1,-2.54E0,1.7E0));
#520=LINE('',#519,#518);
#521=CURVE_STYLE('',#16,POSITIVE_LENGTH_MEASURE(2.E-2),#3);
#522=PRESENTATION_STYLE_ASSIGNMENT((#521));
#523=STYLED_ITEM('',(#522),#520);
#524=DIRECTION('',(0.E0,0.E0,-1.E0));
#525=VECTOR('',#524,6.4E-1);
#526=CARTESIAN_POINT('',(3.08E1,-2.5E-1,-9.5E-1));
#527=LINE('',#526,#525);
#528=CURVE_STYLE('',#16,POSITIVE_LENGTH_MEASURE(2.E-2),#3);
#529=PRESENTATION_STYLE_ASSIGNMENT((#528));
#530=STYLED_ITEM('',(#529),#527);
#531=DIRECTION('',(0.E0,-1.E0,0.E0));
#532=VECTOR('',#531,2.29E0);
#533=CARTESIAN_POINT('',(3.08E1,-2.5E-1,-9.5E-1));
#534=LINE('',#533,#532);
#535=CURVE_STYLE('',#16,POSITIVE_LENGTH_MEASURE(2.E-2),#3);
#536=PRESENTATION_STYLE_ASSIGNMENT((#535));
#537=STYLED_ITEM('',(#536),#534);
#538=DIRECTION('',(1.E0,0.E0,0.E0));
#539=VECTOR('',#538,6.4E-1);
#540=CARTESIAN_POINT('',(3.016E1,-2.5E-1,-9.5E-1));
#541=LINE('',#540,#539);
#542=CURVE_STYLE('',#16,POSITIVE_LENGTH_MEASURE(2.E-2),#3);
#543=PRESENTATION_STYLE_ASSIGNMENT((#542));
#544=STYLED_ITEM('',(#543),#541);
#545=DIRECTION('',(0.E0,-1.E0,0.E0));
#546=VECTOR('',#545,2.29E0);
#547=CARTESIAN_POINT('',(3.016E1,-2.5E-1,-9.5E-1));
#548=LINE('',#547,#546);
#549=CURVE_STYLE('',#16,POSITIVE_LENGTH_MEASURE(2.E-2),#3);
#550=PRESENTATION_STYLE_ASSIGNMENT((#549));
#551=STYLED_ITEM('',(#550),#548);
#552=DIRECTION('',(0.E0,0.E0,1.E0));
#553=VECTOR('',#552,6.4E-1);
#554=CARTESIAN_POINT('',(3.016E1,-2.5E-1,-1.59E0));
#555=LINE('',#554,#553);
#556=CURVE_STYLE('',#16,POSITIVE_LENGTH_MEASURE(2.E-2),#3);
#557=PRESENTATION_STYLE_ASSIGNMENT((#556));
#558=STYLED_ITEM('',(#557),#555);
#559=DIRECTION('',(0.E0,-1.E0,0.E0));
#560=VECTOR('',#559,2.29E0);
#561=CARTESIAN_POINT('',(3.016E1,-2.5E-1,-1.59E0));
#562=LINE('',#561,#560);
#563=CURVE_STYLE('',#16,POSITIVE_LENGTH_MEASURE(2.E-2),#3);
#564=PRESENTATION_STYLE_ASSIGNMENT((#563));
#565=STYLED_ITEM('',(#564),#562);
#566=DIRECTION('',(-1.E0,0.E0,0.E0));
#567=VECTOR('',#566,6.4E-1);
#568=CARTESIAN_POINT('',(3.08E1,-2.5E-1,-1.59E0));
#569=LINE('',#568,#567);
#570=CURVE_STYLE('',#16,POSITIVE_LENGTH_MEASURE(2.E-2),#3);
#571=PRESENTATION_STYLE_ASSIGNMENT((#570));
#572=STYLED_ITEM('',(#571),#569);
#573=DIRECTION('',(0.E0,-1.E0,0.E0));
#574=VECTOR('',#573,2.29E0);
#575=CARTESIAN_POINT('',(3.08E1,-2.5E-1,-1.59E0));
#576=LINE('',#575,#574);
#577=CURVE_STYLE('',#16,POSITIVE_LENGTH_MEASURE(2.E-2),#3);
#578=PRESENTATION_STYLE_ASSIGNMENT((#577));
#579=STYLED_ITEM('',(#578),#576);
#580=DIRECTION('',(0.E0,0.E0,-1.E0));
#581=VECTOR('',#580,3.4E0);
#582=CARTESIAN_POINT('',(3.165E1,-2.34E0,1.7E0));
#583=LINE('',#582,#581);
#584=CURVE_STYLE('',#16,POSITIVE_LENGTH_MEASURE(2.E-2),#3);
#585=PRESENTATION_STYLE_ASSIGNMENT((#584));
#586=STYLED_ITEM('',(#585),#583);
#587=DIRECTION('',(0.E0,0.E0,1.E0));
#588=VECTOR('',#587,3.4E0);
#589=CARTESIAN_POINT('',(-1.17E0,-2.34E0,-1.7E0));
#590=LINE('',#589,#588);
#591=CURVE_STYLE('',#16,POSITIVE_LENGTH_MEASURE(2.E-2),#3);
#592=PRESENTATION_STYLE_ASSIGNMENT((#591));
#593=STYLED_ITEM('',(#592),#590);
#594=DIRECTION('',(1.E0,0.E0,0.E0));
#595=VECTOR('',#594,2.E-1);
#596=CARTESIAN_POINT('',(1.17E0,-2.34E0,1.7E0));
#597=LINE('',#596,#595);
#598=CURVE_STYLE('',#16,POSITIVE_LENGTH_MEASURE(2.E-2),#3);
#599=PRESENTATION_STYLE_ASSIGNMENT((#598));
#600=STYLED_ITEM('',(#599),#597);
#601=DIRECTION('',(0.E0,0.E0,1.E0));
#602=VECTOR('',#601,3.4E0);
#603=CARTESIAN_POINT('',(1.37E0,-2.34E0,-1.7E0));
#604=LINE('',#603,#602);
#605=CURVE_STYLE('',#16,POSITIVE_LENGTH_MEASURE(2.E-2),#3);
#606=PRESENTATION_STYLE_ASSIGNMENT((#605));
#607=STYLED_ITEM('',(#606),#604);
#608=DIRECTION('',(-1.E0,0.E0,0.E0));
#609=VECTOR('',#608,2.E-1);
#610=CARTESIAN_POINT('',(1.37E0,-2.34E0,-1.7E0));
#611=LINE('',#610,#609);
#612=CURVE_STYLE('',#16,POSITIVE_LENGTH_MEASURE(2.E-2),#3);
#613=PRESENTATION_STYLE_ASSIGNMENT((#612));
#614=STYLED_ITEM('',(#613),#611);
#615=DIRECTION('',(0.E0,0.E0,-1.E0));
#616=VECTOR('',#615,3.4E0);
#617=CARTESIAN_POINT('',(1.17E0,-2.34E0,1.7E0));
#618=LINE('',#617,#616);
#619=CURVE_STYLE('',#16,POSITIVE_LENGTH_MEASURE(2.E-2),#3);
#620=PRESENTATION_STYLE_ASSIGNMENT((#619));
#621=STYLED_ITEM('',(#620),#618);
#622=DIRECTION('',(1.E0,0.E0,0.E0));
#623=VECTOR('',#622,2.E-1);
#624=CARTESIAN_POINT('',(3.71E0,-2.34E0,1.7E0));
#625=LINE('',#624,#623);
#626=CURVE_STYLE('',#16,POSITIVE_LENGTH_MEASURE(2.E-2),#3);
#627=PRESENTATION_STYLE_ASSIGNMENT((#626));
#628=STYLED_ITEM('',(#627),#625);
#629=DIRECTION('',(0.E0,0.E0,1.E0));
#630=VECTOR('',#629,3.4E0);
#631=CARTESIAN_POINT('',(3.91E0,-2.34E0,-1.7E0));
#632=LINE('',#631,#630);
#633=CURVE_STYLE('',#16,POSITIVE_LENGTH_MEASURE(2.E-2),#3);
#634=PRESENTATION_STYLE_ASSIGNMENT((#633));
#635=STYLED_ITEM('',(#634),#632);
#636=DIRECTION('',(-1.E0,0.E0,0.E0));
#637=VECTOR('',#636,2.E-1);
#638=CARTESIAN_POINT('',(3.91E0,-2.34E0,-1.7E0));
#639=LINE('',#638,#637);
#640=CURVE_STYLE('',#16,POSITIVE_LENGTH_MEASURE(2.E-2),#3);
#641=PRESENTATION_STYLE_ASSIGNMENT((#640));
#642=STYLED_ITEM('',(#641),#639);
#643=DIRECTION('',(0.E0,0.E0,-1.E0));
#644=VECTOR('',#643,3.4E0);
#645=CARTESIAN_POINT('',(3.71E0,-2.34E0,1.7E0));
#646=LINE('',#645,#644);
#647=CURVE_STYLE('',#16,POSITIVE_LENGTH_MEASURE(2.E-2),#3);
#648=PRESENTATION_STYLE_ASSIGNMENT((#647));
#649=STYLED_ITEM('',(#648),#646);
#650=DIRECTION('',(1.E0,0.E0,0.E0));
#651=VECTOR('',#650,2.E-1);
#652=CARTESIAN_POINT('',(6.25E0,-2.34E0,1.7E0));
#653=LINE('',#652,#651);
#654=CURVE_STYLE('',#16,POSITIVE_LENGTH_MEASURE(2.E-2),#3);
#655=PRESENTATION_STYLE_ASSIGNMENT((#654));
#656=STYLED_ITEM('',(#655),#653);
#657=DIRECTION('',(0.E0,0.E0,1.E0));
#658=VECTOR('',#657,3.4E0);
#659=CARTESIAN_POINT('',(6.45E0,-2.34E0,-1.7E0));
#660=LINE('',#659,#658);
#661=CURVE_STYLE('',#16,POSITIVE_LENGTH_MEASURE(2.E-2),#3);
#662=PRESENTATION_STYLE_ASSIGNMENT((#661));
#663=STYLED_ITEM('',(#662),#660);
#664=DIRECTION('',(-1.E0,0.E0,0.E0));
#665=VECTOR('',#664,2.E-1);
#666=CARTESIAN_POINT('',(6.45E0,-2.34E0,-1.7E0));
#667=LINE('',#666,#665);
#668=CURVE_STYLE('',#16,POSITIVE_LENGTH_MEASURE(2.E-2),#3);
#669=PRESENTATION_STYLE_ASSIGNMENT((#668));
#670=STYLED_ITEM('',(#669),#667);
#671=DIRECTION('',(0.E0,0.E0,-1.E0));
#672=VECTOR('',#671,3.4E0);
#673=CARTESIAN_POINT('',(6.25E0,-2.34E0,1.7E0));
#674=LINE('',#673,#672);
#675=CURVE_STYLE('',#16,POSITIVE_LENGTH_MEASURE(2.E-2),#3);
#676=PRESENTATION_STYLE_ASSIGNMENT((#675));
#677=STYLED_ITEM('',(#676),#674);
#678=DIRECTION('',(1.E0,0.E0,0.E0));
#679=VECTOR('',#678,2.E-1);
#680=CARTESIAN_POINT('',(8.79E0,-2.34E0,1.7E0));
#681=LINE('',#680,#679);
#682=CURVE_STYLE('',#16,POSITIVE_LENGTH_MEASURE(2.E-2),#3);
#683=PRESENTATION_STYLE_ASSIGNMENT((#682));
#684=STYLED_ITEM('',(#683),#681);
#685=DIRECTION('',(0.E0,0.E0,1.E0));
#686=VECTOR('',#685,3.4E0);
#687=CARTESIAN_POINT('',(8.99E0,-2.34E0,-1.7E0));
#688=LINE('',#687,#686);
#689=CURVE_STYLE('',#16,POSITIVE_LENGTH_MEASURE(2.E-2),#3);
#690=PRESENTATION_STYLE_ASSIGNMENT((#689));
#691=STYLED_ITEM('',(#690),#688);
#692=DIRECTION('',(-1.E0,0.E0,0.E0));
#693=VECTOR('',#692,2.E-1);
#694=CARTESIAN_POINT('',(8.99E0,-2.34E0,-1.7E0));
#695=LINE('',#694,#693);
#696=CURVE_STYLE('',#16,POSITIVE_LENGTH_MEASURE(2.E-2),#3);
#697=PRESENTATION_STYLE_ASSIGNMENT((#696));
#698=STYLED_ITEM('',(#697),#695);
#699=DIRECTION('',(0.E0,0.E0,-1.E0));
#700=VECTOR('',#699,3.4E0);
#701=CARTESIAN_POINT('',(8.79E0,-2.34E0,1.7E0));
#702=LINE('',#701,#700);
#703=CURVE_STYLE('',#16,POSITIVE_LENGTH_MEASURE(2.E-2),#3);
#704=PRESENTATION_STYLE_ASSIGNMENT((#703));
#705=STYLED_ITEM('',(#704),#702);
#706=DIRECTION('',(1.E0,0.E0,0.E0));
#707=VECTOR('',#706,2.E-1);
#708=CARTESIAN_POINT('',(1.133E1,-2.34E0,1.7E0));
#709=LINE('',#708,#707);
#710=CURVE_STYLE('',#16,POSITIVE_LENGTH_MEASURE(2.E-2),#3);
#711=PRESENTATION_STYLE_ASSIGNMENT((#710));
#712=STYLED_ITEM('',(#711),#709);
#713=DIRECTION('',(0.E0,0.E0,1.E0));
#714=VECTOR('',#713,3.4E0);
#715=CARTESIAN_POINT('',(1.153E1,-2.34E0,-1.7E0));
#716=LINE('',#715,#714);
#717=CURVE_STYLE('',#16,POSITIVE_LENGTH_MEASURE(2.E-2),#3);
#718=PRESENTATION_STYLE_ASSIGNMENT((#717));
#719=STYLED_ITEM('',(#718),#716);
#720=DIRECTION('',(-1.E0,0.E0,0.E0));
#721=VECTOR('',#720,2.E-1);
#722=CARTESIAN_POINT('',(1.153E1,-2.34E0,-1.7E0));
#723=LINE('',#722,#721);
#724=CURVE_STYLE('',#16,POSITIVE_LENGTH_MEASURE(2.E-2),#3);
#725=PRESENTATION_STYLE_ASSIGNMENT((#724));
#726=STYLED_ITEM('',(#725),#723);
#727=DIRECTION('',(0.E0,0.E0,-1.E0));
#728=VECTOR('',#727,3.4E0);
#729=CARTESIAN_POINT('',(1.133E1,-2.34E0,1.7E0));
#730=LINE('',#729,#728);
#731=CURVE_STYLE('',#16,POSITIVE_LENGTH_MEASURE(2.E-2),#3);
#732=PRESENTATION_STYLE_ASSIGNMENT((#731));
#733=STYLED_ITEM('',(#732),#730);
#734=DIRECTION('',(1.E0,0.E0,0.E0));
#735=VECTOR('',#734,2.E-1);
#736=CARTESIAN_POINT('',(1.387E1,-2.34E0,1.7E0));
#737=LINE('',#736,#735);
#738=CURVE_STYLE('',#16,POSITIVE_LENGTH_MEASURE(2.E-2),#3);
#739=PRESENTATION_STYLE_ASSIGNMENT((#738));
#740=STYLED_ITEM('',(#739),#737);
#741=DIRECTION('',(0.E0,0.E0,1.E0));
#742=VECTOR('',#741,3.4E0);
#743=CARTESIAN_POINT('',(1.407E1,-2.34E0,-1.7E0));
#744=LINE('',#743,#742);
#745=CURVE_STYLE('',#16,POSITIVE_LENGTH_MEASURE(2.E-2),#3);
#746=PRESENTATION_STYLE_ASSIGNMENT((#745));
#747=STYLED_ITEM('',(#746),#744);
#748=DIRECTION('',(-1.E0,0.E0,0.E0));
#749=VECTOR('',#748,2.E-1);
#750=CARTESIAN_POINT('',(1.407E1,-2.34E0,-1.7E0));
#751=LINE('',#750,#749);
#752=CURVE_STYLE('',#16,POSITIVE_LENGTH_MEASURE(2.E-2),#3);
#753=PRESENTATION_STYLE_ASSIGNMENT((#752));
#754=STYLED_ITEM('',(#753),#751);
#755=DIRECTION('',(0.E0,0.E0,-1.E0));
#756=VECTOR('',#755,3.4E0);
#757=CARTESIAN_POINT('',(1.387E1,-2.34E0,1.7E0));
#758=LINE('',#757,#756);
#759=CURVE_STYLE('',#16,POSITIVE_LENGTH_MEASURE(2.E-2),#3);
#760=PRESENTATION_STYLE_ASSIGNMENT((#759));
#761=STYLED_ITEM('',(#760),#758);
#762=DIRECTION('',(1.E0,0.E0,0.E0));
#763=VECTOR('',#762,2.E-1);
#764=CARTESIAN_POINT('',(1.641E1,-2.34E0,1.7E0));
#765=LINE('',#764,#763);
#766=CURVE_STYLE('',#16,POSITIVE_LENGTH_MEASURE(2.E-2),#3);
#767=PRESENTATION_STYLE_ASSIGNMENT((#766));
#768=STYLED_ITEM('',(#767),#765);
#769=DIRECTION('',(0.E0,0.E0,1.E0));
#770=VECTOR('',#769,3.4E0);
#771=CARTESIAN_POINT('',(1.661E1,-2.34E0,-1.7E0));
#772=LINE('',#771,#770);
#773=CURVE_STYLE('',#16,POSITIVE_LENGTH_MEASURE(2.E-2),#3);
#774=PRESENTATION_STYLE_ASSIGNMENT((#773));
#775=STYLED_ITEM('',(#774),#772);
#776=DIRECTION('',(-1.E0,0.E0,0.E0));
#777=VECTOR('',#776,2.E-1);
#778=CARTESIAN_POINT('',(1.661E1,-2.34E0,-1.7E0));
#779=LINE('',#778,#777);
#780=CURVE_STYLE('',#16,POSITIVE_LENGTH_MEASURE(2.E-2),#3);
#781=PRESENTATION_STYLE_ASSIGNMENT((#780));
#782=STYLED_ITEM('',(#781),#779);
#783=DIRECTION('',(0.E0,0.E0,-1.E0));
#784=VECTOR('',#783,3.4E0);
#785=CARTESIAN_POINT('',(1.641E1,-2.34E0,1.7E0));
#786=LINE('',#785,#784);
#787=CURVE_STYLE('',#16,POSITIVE_LENGTH_MEASURE(2.E-2),#3);
#788=PRESENTATION_STYLE_ASSIGNMENT((#787));
#789=STYLED_ITEM('',(#788),#786);
#790=DIRECTION('',(1.E0,0.E0,0.E0));
#791=VECTOR('',#790,2.E-1);
#792=CARTESIAN_POINT('',(1.895E1,-2.34E0,1.7E0));
#793=LINE('',#792,#791);
#794=CURVE_STYLE('',#16,POSITIVE_LENGTH_MEASURE(2.E-2),#3);
#795=PRESENTATION_STYLE_ASSIGNMENT((#794));
#796=STYLED_ITEM('',(#795),#793);
#797=DIRECTION('',(0.E0,0.E0,1.E0));
#798=VECTOR('',#797,3.4E0);
#799=CARTESIAN_POINT('',(1.915E1,-2.34E0,-1.7E0));
#800=LINE('',#799,#798);
#801=CURVE_STYLE('',#16,POSITIVE_LENGTH_MEASURE(2.E-2),#3);
#802=PRESENTATION_STYLE_ASSIGNMENT((#801));
#803=STYLED_ITEM('',(#802),#800);
#804=DIRECTION('',(-1.E0,0.E0,-1.110223024625E-14));
#805=VECTOR('',#804,2.E-1);
#806=CARTESIAN_POINT('',(1.915E1,-2.34E0,-1.7E0));
#807=LINE('',#806,#805);
#808=CURVE_STYLE('',#16,POSITIVE_LENGTH_MEASURE(2.E-2),#3);
#809=PRESENTATION_STYLE_ASSIGNMENT((#808));
#810=STYLED_ITEM('',(#809),#807);
#811=DIRECTION('',(0.E0,0.E0,-1.E0));
#812=VECTOR('',#811,3.4E0);
#813=CARTESIAN_POINT('',(1.895E1,-2.34E0,1.7E0));
#814=LINE('',#813,#812);
#815=CURVE_STYLE('',#16,POSITIVE_LENGTH_MEASURE(2.E-2),#3);
#816=PRESENTATION_STYLE_ASSIGNMENT((#815));
#817=STYLED_ITEM('',(#816),#814);
#818=DIRECTION('',(1.E0,0.E0,0.E0));
#819=VECTOR('',#818,2.E-1);
#820=CARTESIAN_POINT('',(2.149E1,-2.34E0,1.7E0));
#821=LINE('',#820,#819);
#822=CURVE_STYLE('',#16,POSITIVE_LENGTH_MEASURE(2.E-2),#3);
#823=PRESENTATION_STYLE_ASSIGNMENT((#822));
#824=STYLED_ITEM('',(#823),#821);
#825=DIRECTION('',(0.E0,0.E0,1.E0));
#826=VECTOR('',#825,3.4E0);
#827=CARTESIAN_POINT('',(2.169E1,-2.34E0,-1.7E0));
#828=LINE('',#827,#826);
#829=CURVE_STYLE('',#16,POSITIVE_LENGTH_MEASURE(2.E-2),#3);
#830=PRESENTATION_STYLE_ASSIGNMENT((#829));
#831=STYLED_ITEM('',(#830),#828);
#832=DIRECTION('',(-1.E0,0.E0,0.E0));
#833=VECTOR('',#832,2.E-1);
#834=CARTESIAN_POINT('',(2.169E1,-2.34E0,-1.7E0));
#835=LINE('',#834,#833);
#836=CURVE_STYLE('',#16,POSITIVE_LENGTH_MEASURE(2.E-2),#3);
#837=PRESENTATION_STYLE_ASSIGNMENT((#836));
#838=STYLED_ITEM('',(#837),#835);
#839=DIRECTION('',(0.E0,0.E0,-1.E0));
#840=VECTOR('',#839,3.4E0);
#841=CARTESIAN_POINT('',(2.149E1,-2.34E0,1.7E0));
#842=LINE('',#841,#840);
#843=CURVE_STYLE('',#16,POSITIVE_LENGTH_MEASURE(2.E-2),#3);
#844=PRESENTATION_STYLE_ASSIGNMENT((#843));
#845=STYLED_ITEM('',(#844),#842);
#846=DIRECTION('',(1.E0,0.E0,0.E0));
#847=VECTOR('',#846,2.E-1);
#848=CARTESIAN_POINT('',(2.403E1,-2.34E0,1.7E0));
#849=LINE('',#848,#847);
#850=CURVE_STYLE('',#16,POSITIVE_LENGTH_MEASURE(2.E-2),#3);
#851=PRESENTATION_STYLE_ASSIGNMENT((#850));
#852=STYLED_ITEM('',(#851),#849);
#853=DIRECTION('',(0.E0,0.E0,1.E0));
#854=VECTOR('',#853,3.4E0);
#855=CARTESIAN_POINT('',(2.423E1,-2.34E0,-1.7E0));
#856=LINE('',#855,#854);
#857=CURVE_STYLE('',#16,POSITIVE_LENGTH_MEASURE(2.E-2),#3);
#858=PRESENTATION_STYLE_ASSIGNMENT((#857));
#859=STYLED_ITEM('',(#858),#856);
#860=DIRECTION('',(-1.E0,0.E0,0.E0));
#861=VECTOR('',#860,2.E-1);
#862=CARTESIAN_POINT('',(2.423E1,-2.34E0,-1.7E0));
#863=LINE('',#862,#861);
#864=CURVE_STYLE('',#16,POSITIVE_LENGTH_MEASURE(2.E-2),#3);
#865=PRESENTATION_STYLE_ASSIGNMENT((#864));
#866=STYLED_ITEM('',(#865),#863);
#867=DIRECTION('',(0.E0,0.E0,-1.E0));
#868=VECTOR('',#867,3.4E0);
#869=CARTESIAN_POINT('',(2.403E1,-2.34E0,1.7E0));
#870=LINE('',#869,#868);
#871=CURVE_STYLE('',#16,POSITIVE_LENGTH_MEASURE(2.E-2),#3);
#872=PRESENTATION_STYLE_ASSIGNMENT((#871));
#873=STYLED_ITEM('',(#872),#870);
#874=DIRECTION('',(1.E0,0.E0,0.E0));
#875=VECTOR('',#874,2.E-1);
#876=CARTESIAN_POINT('',(2.657E1,-2.34E0,1.7E0));
#877=LINE('',#876,#875);
#878=CURVE_STYLE('',#16,POSITIVE_LENGTH_MEASURE(2.E-2),#3);
#879=PRESENTATION_STYLE_ASSIGNMENT((#878));
#880=STYLED_ITEM('',(#879),#877);
#881=DIRECTION('',(0.E0,0.E0,1.E0));
#882=VECTOR('',#881,3.4E0);
#883=CARTESIAN_POINT('',(2.677E1,-2.34E0,-1.7E0));
#884=LINE('',#883,#882);
#885=CURVE_STYLE('',#16,POSITIVE_LENGTH_MEASURE(2.E-2),#3);
#886=PRESENTATION_STYLE_ASSIGNMENT((#885));
#887=STYLED_ITEM('',(#886),#884);
#888=DIRECTION('',(-1.E0,0.E0,0.E0));
#889=VECTOR('',#888,2.E-1);
#890=CARTESIAN_POINT('',(2.677E1,-2.34E0,-1.7E0));
#891=LINE('',#890,#889);
#892=CURVE_STYLE('',#16,POSITIVE_LENGTH_MEASURE(2.E-2),#3);
#893=PRESENTATION_STYLE_ASSIGNMENT((#892));
#894=STYLED_ITEM('',(#893),#891);
#895=DIRECTION('',(0.E0,0.E0,-1.E0));
#896=VECTOR('',#895,3.4E0);
#897=CARTESIAN_POINT('',(2.657E1,-2.34E0,1.7E0));
#898=LINE('',#897,#896);
#899=CURVE_STYLE('',#16,POSITIVE_LENGTH_MEASURE(2.E-2),#3);
#900=PRESENTATION_STYLE_ASSIGNMENT((#899));
#901=STYLED_ITEM('',(#900),#898);
#902=DIRECTION('',(1.E0,0.E0,0.E0));
#903=VECTOR('',#902,2.E-1);
#904=CARTESIAN_POINT('',(2.911E1,-2.34E0,1.7E0));
#905=LINE('',#904,#903);
#906=CURVE_STYLE('',#16,POSITIVE_LENGTH_MEASURE(2.E-2),#3);
#907=PRESENTATION_STYLE_ASSIGNMENT((#906));
#908=STYLED_ITEM('',(#907),#905);
#909=DIRECTION('',(0.E0,0.E0,1.E0));
#910=VECTOR('',#909,3.4E0);
#911=CARTESIAN_POINT('',(2.931E1,-2.34E0,-1.7E0));
#912=LINE('',#911,#910);
#913=CURVE_STYLE('',#16,POSITIVE_LENGTH_MEASURE(2.E-2),#3);
#914=PRESENTATION_STYLE_ASSIGNMENT((#913));
#915=STYLED_ITEM('',(#914),#912);
#916=DIRECTION('',(-1.E0,0.E0,0.E0));
#917=VECTOR('',#916,2.E-1);
#918=CARTESIAN_POINT('',(2.931E1,-2.34E0,-1.7E0));
#919=LINE('',#918,#917);
#920=CURVE_STYLE('',#16,POSITIVE_LENGTH_MEASURE(2.E-2),#3);
#921=PRESENTATION_STYLE_ASSIGNMENT((#920));
#922=STYLED_ITEM('',(#921),#919);
#923=DIRECTION('',(0.E0,0.E0,-1.E0));
#924=VECTOR('',#923,3.4E0);
#925=CARTESIAN_POINT('',(2.911E1,-2.34E0,1.7E0));
#926=LINE('',#925,#924);
#927=CURVE_STYLE('',#16,POSITIVE_LENGTH_MEASURE(2.E-2),#3);
#928=PRESENTATION_STYLE_ASSIGNMENT((#927));
#929=STYLED_ITEM('',(#928),#926);
#930=DIRECTION('',(-1.E0,0.E0,0.E0));
#931=VECTOR('',#930,1.E-1);
#932=CARTESIAN_POINT('',(3.175E1,-2.5E-1,1.7E0));
#933=LINE('',#932,#931);
#934=CURVE_STYLE('',#16,POSITIVE_LENGTH_MEASURE(2.E-2),#3);
#935=PRESENTATION_STYLE_ASSIGNMENT((#934));
#936=STYLED_ITEM('',(#935),#933);
#937=DIRECTION('',(0.E0,-1.E0,0.E0));
#938=VECTOR('',#937,2.09E0);
#939=CARTESIAN_POINT('',(3.175E1,-2.5E-1,1.7E0));
#940=LINE('',#939,#938);
#941=CURVE_STYLE('',#16,POSITIVE_LENGTH_MEASURE(2.E-2),#3);
#942=PRESENTATION_STYLE_ASSIGNMENT((#941));
#943=STYLED_ITEM('',(#942),#940);
#944=DIRECTION('',(-1.E0,0.E0,0.E0));
#945=VECTOR('',#944,1.E-1);
#946=CARTESIAN_POINT('',(3.175E1,-2.34E0,1.7E0));
#947=LINE('',#946,#945);
#948=CURVE_STYLE('',#16,POSITIVE_LENGTH_MEASURE(2.E-2),#3);
#949=PRESENTATION_STYLE_ASSIGNMENT((#948));
#950=STYLED_ITEM('',(#949),#947);
#951=DIRECTION('',(0.E0,0.E0,1.E0));
#952=VECTOR('',#951,3.4E0);
#953=CARTESIAN_POINT('',(3.175E1,-2.5E-1,-1.7E0));
#954=LINE('',#953,#952);
#955=CURVE_STYLE('',#16,POSITIVE_LENGTH_MEASURE(2.E-2),#3);
#956=PRESENTATION_STYLE_ASSIGNMENT((#955));
#957=STYLED_ITEM('',(#956),#954);
#958=DIRECTION('',(0.E0,-1.E0,0.E0));
#959=VECTOR('',#958,2.09E0);
#960=CARTESIAN_POINT('',(3.175E1,-2.5E-1,-1.7E0));
#961=LINE('',#960,#959);
#962=CURVE_STYLE('',#16,POSITIVE_LENGTH_MEASURE(2.E-2),#3);
#963=PRESENTATION_STYLE_ASSIGNMENT((#962));
#964=STYLED_ITEM('',(#963),#961);
#965=DIRECTION('',(0.E0,0.E0,1.E0));
#966=VECTOR('',#965,3.4E0);
#967=CARTESIAN_POINT('',(3.175E1,-2.34E0,-1.7E0));
#968=LINE('',#967,#966);
#969=CURVE_STYLE('',#16,POSITIVE_LENGTH_MEASURE(2.E-2),#3);
#970=PRESENTATION_STYLE_ASSIGNMENT((#969));
#971=STYLED_ITEM('',(#970),#968);
#972=DIRECTION('',(1.E0,0.E0,0.E0));
#973=VECTOR('',#972,1.E-1);
#974=CARTESIAN_POINT('',(3.165E1,-2.5E-1,-1.7E0));
#975=LINE('',#974,#973);
#976=CURVE_STYLE('',#16,POSITIVE_LENGTH_MEASURE(2.E-2),#3);
#977=PRESENTATION_STYLE_ASSIGNMENT((#976));
#978=STYLED_ITEM('',(#977),#975);
#979=DIRECTION('',(0.E0,-1.E0,0.E0));
#980=VECTOR('',#979,2.09E0);
#981=CARTESIAN_POINT('',(3.165E1,-2.5E-1,-1.7E0));
#982=LINE('',#981,#980);
#983=CURVE_STYLE('',#16,POSITIVE_LENGTH_MEASURE(2.E-2),#3);
#984=PRESENTATION_STYLE_ASSIGNMENT((#983));
#985=STYLED_ITEM('',(#984),#982);
#986=DIRECTION('',(1.E0,0.E0,1.110223024625E-14));
#987=VECTOR('',#986,1.E-1);
#988=CARTESIAN_POINT('',(3.165E1,-2.34E0,-1.7E0));
#989=LINE('',#988,#987);
#990=CURVE_STYLE('',#16,POSITIVE_LENGTH_MEASURE(2.E-2),#3);
#991=PRESENTATION_STYLE_ASSIGNMENT((#990));
#992=STYLED_ITEM('',(#991),#989);
#993=DIRECTION('',(-4.648338989899E-1,0.E0,-8.853979028379E-1));
#994=VECTOR('',#993,4.235383874279E-1);
#995=CARTESIAN_POINT('',(3.165E1,-2.5E-1,-1.7E0));
#996=LINE('',#995,#994);
#997=CURVE_STYLE('',#16,POSITIVE_LENGTH_MEASURE(2.E-2),#3);
#998=PRESENTATION_STYLE_ASSIGNMENT((#997));
#999=STYLED_ITEM('',(#998),#996);
#1000=DIRECTION('',(0.E0,-1.E0,0.E0));
#1001=VECTOR('',#1000,2.5E-1);
#1002=CARTESIAN_POINT('',(3.1453125E1,0.E0,-2.075E0));
#1003=LINE('',#1002,#1001);
#1004=CURVE_STYLE('',#16,POSITIVE_LENGTH_MEASURE(2.E-2),#3);
#1005=PRESENTATION_STYLE_ASSIGNMENT((#1004));
#1006=STYLED_ITEM('',(#1005),#1003);
#1007=DIRECTION('',(0.E0,-1.E0,0.E0));
#1008=VECTOR('',#1007,2.54E0);
#1009=CARTESIAN_POINT('',(3.123E1,0.E0,-2.5E0));
#1010=LINE('',#1009,#1008);
#1011=CURVE_STYLE('',#16,POSITIVE_LENGTH_MEASURE(2.E-2),#3);
#1012=PRESENTATION_STYLE_ASSIGNMENT((#1011));
#1013=STYLED_ITEM('',(#1012),#1010);
#1014=DIRECTION('',(3.552713678801E-14,1.E0,1.998401444325E-14));
#1015=VECTOR('',#1014,2.E-1);
#1016=CARTESIAN_POINT('',(3.165E1,-2.54E0,-1.7E0));
#1017=LINE('',#1016,#1015);
#1018=CURVE_STYLE('',#16,POSITIVE_LENGTH_MEASURE(2.E-2),#3);
#1019=PRESENTATION_STYLE_ASSIGNMENT((#1018));
#1020=STYLED_ITEM('',(#1019),#1017);
#1021=DIRECTION('',(1.E0,0.E0,0.E0));
#1022=VECTOR('',#1021,1.94625E0);
#1023=CARTESIAN_POINT('',(2.9506875E1,-2.5E-1,-2.075E0));
#1024=LINE('',#1023,#1022);
#1025=CURVE_STYLE('',#16,POSITIVE_LENGTH_MEASURE(2.E-2),#3);
#1026=PRESENTATION_STYLE_ASSIGNMENT((#1025));
#1027=STYLED_ITEM('',(#1026),#1024);
#1028=DIRECTION('',(4.648338989899E-1,0.E0,-8.853979028379E-1));
#1029=VECTOR('',#1028,4.235383874279E-1);
#1030=CARTESIAN_POINT('',(2.931E1,-2.5E-1,-1.7E0));
#1031=LINE('',#1030,#1029);
#1032=CURVE_STYLE('',#16,POSITIVE_LENGTH_MEASURE(2.E-2),#3);
#1033=PRESENTATION_STYLE_ASSIGNMENT((#1032));
#1034=STYLED_ITEM('',(#1033),#1031);
#1035=DIRECTION('',(0.E0,-1.E0,0.E0));
#1036=VECTOR('',#1035,2.09E0);
#1037=CARTESIAN_POINT('',(2.931E1,-2.5E-1,-1.7E0));
#1038=LINE('',#1037,#1036);
#1039=CURVE_STYLE('',#16,POSITIVE_LENGTH_MEASURE(2.E-2),#3);
#1040=PRESENTATION_STYLE_ASSIGNMENT((#1039));
#1041=STYLED_ITEM('',(#1040),#1038);
#1042=DIRECTION('',(1.776356839400E-14,1.E0,0.E0));
#1043=VECTOR('',#1042,2.E-1);
#1044=CARTESIAN_POINT('',(2.931E1,-2.54E0,-1.7E0));
#1045=LINE('',#1044,#1043);
#1046=CURVE_STYLE('',#16,POSITIVE_LENGTH_MEASURE(2.E-2),#3);
#1047=PRESENTATION_STYLE_ASSIGNMENT((#1046));
#1048=STYLED_ITEM('',(#1047),#1045);
#1049=DIRECTION('',(0.E0,-1.E0,0.E0));
#1050=VECTOR('',#1049,2.5E-1);
#1051=CARTESIAN_POINT('',(2.9506875E1,0.E0,-2.075E0));
#1052=LINE('',#1051,#1050);
#1053=CURVE_STYLE('',#16,POSITIVE_LENGTH_MEASURE(2.E-2),#3);
#1054=PRESENTATION_STYLE_ASSIGNMENT((#1053));
#1055=STYLED_ITEM('',(#1054),#1052);
#1056=DIRECTION('',(0.E0,-1.E0,0.E0));
#1057=VECTOR('',#1056,2.09E0);
#1058=CARTESIAN_POINT('',(2.911E1,-2.5E-1,-1.7E0));
#1059=LINE('',#1058,#1057);
#1060=CURVE_STYLE('',#16,POSITIVE_LENGTH_MEASURE(2.E-2),#3);
#1061=PRESENTATION_STYLE_ASSIGNMENT((#1060));
#1062=STYLED_ITEM('',(#1061),#1059);
#1063=DIRECTION('',(-4.648338989899E-1,0.E0,-8.853979028379E-1));
#1064=VECTOR('',#1063,4.235383874279E-1);
#1065=CARTESIAN_POINT('',(2.911E1,-2.5E-1,-1.7E0));
#1066=LINE('',#1065,#1064);
#1067=CURVE_STYLE('',#16,POSITIVE_LENGTH_MEASURE(2.E-2),#3);
#1068=PRESENTATION_STYLE_ASSIGNMENT((#1067));
#1069=STYLED_ITEM('',(#1068),#1066);
#1070=DIRECTION('',(1.421085471520E-14,-1.E0,0.E0));
#1071=VECTOR('',#1070,2.5E-1);
#1072=CARTESIAN_POINT('',(2.8913125E1,0.E0,-2.075E0));
#1073=LINE('',#1072,#1071);
#1074=CURVE_STYLE('',#16,POSITIVE_LENGTH_MEASURE(2.E-2),#3);
#1075=PRESENTATION_STYLE_ASSIGNMENT((#1074));
#1076=STYLED_ITEM('',(#1075),#1073);
#1077=DIRECTION('',(0.E0,-1.E0,0.E0));
#1078=VECTOR('',#1077,2.54E0);
#1079=CARTESIAN_POINT('',(2.869E1,0.E0,-2.5E0));
#1080=LINE('',#1079,#1078);
#1081=CURVE_STYLE('',#16,POSITIVE_LENGTH_MEASURE(2.E-2),#3);
#1082=PRESENTATION_STYLE_ASSIGNMENT((#1081));
#1083=STYLED_ITEM('',(#1082),#1080);
#1084=DIRECTION('',(1.776356839400E-14,1.E0,1.998401444325E-14));
#1085=VECTOR('',#1084,2.E-1);
#1086=CARTESIAN_POINT('',(2.911E1,-2.54E0,-1.7E0));
#1087=LINE('',#1086,#1085);
#1088=CURVE_STYLE('',#16,POSITIVE_LENGTH_MEASURE(2.E-2),#3);
#1089=PRESENTATION_STYLE_ASSIGNMENT((#1088));
#1090=STYLED_ITEM('',(#1089),#1087);
#1091=DIRECTION('',(1.E0,0.E0,0.E0));
#1092=VECTOR('',#1091,1.94625E0);
#1093=CARTESIAN_POINT('',(2.6966875E1,-2.5E-1,-2.075E0));
#1094=LINE('',#1093,#1092);
#1095=CURVE_STYLE('',#16,POSITIVE_LENGTH_MEASURE(2.E-2),#3);
#1096=PRESENTATION_STYLE_ASSIGNMENT((#1095));
#1097=STYLED_ITEM('',(#1096),#1094);
#1098=DIRECTION('',(4.648338989899E-1,0.E0,-8.853979028379E-1));
#1099=VECTOR('',#1098,4.235383874279E-1);
#1100=CARTESIAN_POINT('',(2.677E1,-2.5E-1,-1.7E0));
#1101=LINE('',#1100,#1099);
#1102=CURVE_STYLE('',#16,POSITIVE_LENGTH_MEASURE(2.E-2),#3);
#1103=PRESENTATION_STYLE_ASSIGNMENT((#1102));
#1104=STYLED_ITEM('',(#1103),#1101);
#1105=DIRECTION('',(0.E0,-1.E0,0.E0));
#1106=VECTOR('',#1105,2.09E0);
#1107=CARTESIAN_POINT('',(2.677E1,-2.5E-1,-1.7E0));
#1108=LINE('',#1107,#1106);
#1109=CURVE_STYLE('',#16,POSITIVE_LENGTH_MEASURE(2.E-2),#3);
#1110=PRESENTATION_STYLE_ASSIGNMENT((#1109));
#1111=STYLED_ITEM('',(#1110),#1108);
#1112=DIRECTION('',(1.776356839400E-14,1.E0,0.E0));
#1113=VECTOR('',#1112,2.E-1);
#1114=CARTESIAN_POINT('',(2.677E1,-2.54E0,-1.7E0));
#1115=LINE('',#1114,#1113);
#1116=CURVE_STYLE('',#16,POSITIVE_LENGTH_MEASURE(2.E-2),#3);
#1117=PRESENTATION_STYLE_ASSIGNMENT((#1116));
#1118=STYLED_ITEM('',(#1117),#1115);
#1119=DIRECTION('',(1.421085471520E-14,-1.E0,0.E0));
#1120=VECTOR('',#1119,2.5E-1);
#1121=CARTESIAN_POINT('',(2.6966875E1,0.E0,-2.075E0));
#1122=LINE('',#1121,#1120);
#1123=CURVE_STYLE('',#16,POSITIVE_LENGTH_MEASURE(2.E-2),#3);
#1124=PRESENTATION_STYLE_ASSIGNMENT((#1123));
#1125=STYLED_ITEM('',(#1124),#1122);
#1126=DIRECTION('',(0.E0,-1.E0,0.E0));
#1127=VECTOR('',#1126,2.09E0);
#1128=CARTESIAN_POINT('',(2.657E1,-2.5E-1,-1.7E0));
#1129=LINE('',#1128,#1127);
#1130=CURVE_STYLE('',#16,POSITIVE_LENGTH_MEASURE(2.E-2),#3);
#1131=PRESENTATION_STYLE_ASSIGNMENT((#1130));
#1132=STYLED_ITEM('',(#1131),#1129);
#1133=DIRECTION('',(-4.648338989899E-1,0.E0,-8.853979028379E-1));
#1134=VECTOR('',#1133,4.235383874279E-1);
#1135=CARTESIAN_POINT('',(2.657E1,-2.5E-1,-1.7E0));
#1136=LINE('',#1135,#1134);
#1137=CURVE_STYLE('',#16,POSITIVE_LENGTH_MEASURE(2.E-2),#3);
#1138=PRESENTATION_STYLE_ASSIGNMENT((#1137));
#1139=STYLED_ITEM('',(#1138),#1136);
#1140=DIRECTION('',(0.E0,-1.E0,0.E0));
#1141=VECTOR('',#1140,2.5E-1);
#1142=CARTESIAN_POINT('',(2.6373125E1,0.E0,-2.075E0));
#1143=LINE('',#1142,#1141);
#1144=CURVE_STYLE('',#16,POSITIVE_LENGTH_MEASURE(2.E-2),#3);
#1145=PRESENTATION_STYLE_ASSIGNMENT((#1144));
#1146=STYLED_ITEM('',(#1145),#1143);
#1147=DIRECTION('',(0.E0,-1.E0,0.E0));
#1148=VECTOR('',#1147,2.54E0);
#1149=CARTESIAN_POINT('',(2.615E1,0.E0,-2.5E0));
#1150=LINE('',#1149,#1148);
#1151=CURVE_STYLE('',#16,POSITIVE_LENGTH_MEASURE(2.E-2),#3);
#1152=PRESENTATION_STYLE_ASSIGNMENT((#1151));
#1153=STYLED_ITEM('',(#1152),#1150);
#1154=DIRECTION('',(1.776356839400E-14,1.E0,2.442490654175E-14));
#1155=VECTOR('',#1154,2.E-1);
#1156=CARTESIAN_POINT('',(2.657E1,-2.54E0,-1.7E0));
#1157=LINE('',#1156,#1155);
#1158=CURVE_STYLE('',#16,POSITIVE_LENGTH_MEASURE(2.E-2),#3);
#1159=PRESENTATION_STYLE_ASSIGNMENT((#1158));
#1160=STYLED_ITEM('',(#1159),#1157);
#1161=DIRECTION('',(1.E0,0.E0,0.E0));
#1162=VECTOR('',#1161,1.94625E0);
#1163=CARTESIAN_POINT('',(2.4426875E1,-2.5E-1,-2.075E0));
#1164=LINE('',#1163,#1162);
#1165=CURVE_STYLE('',#16,POSITIVE_LENGTH_MEASURE(2.E-2),#3);
#1166=PRESENTATION_STYLE_ASSIGNMENT((#1165));
#1167=STYLED_ITEM('',(#1166),#1164);
#1168=DIRECTION('',(4.648338989899E-1,0.E0,-8.853979028379E-1));
#1169=VECTOR('',#1168,4.235383874279E-1);
#1170=CARTESIAN_POINT('',(2.423E1,-2.5E-1,-1.7E0));
#1171=LINE('',#1170,#1169);
#1172=CURVE_STYLE('',#16,POSITIVE_LENGTH_MEASURE(2.E-2),#3);
#1173=PRESENTATION_STYLE_ASSIGNMENT((#1172));
#1174=STYLED_ITEM('',(#1173),#1171);
#1175=DIRECTION('',(0.E0,-1.E0,0.E0));
#1176=VECTOR('',#1175,2.09E0);
#1177=CARTESIAN_POINT('',(2.423E1,-2.5E-1,-1.7E0));
#1178=LINE('',#1177,#1176);
#1179=CURVE_STYLE('',#16,POSITIVE_LENGTH_MEASURE(2.E-2),#3);
#1180=PRESENTATION_STYLE_ASSIGNMENT((#1179));
#1181=STYLED_ITEM('',(#1180),#1178);
#1182=DIRECTION('',(0.E0,1.E0,0.E0));
#1183=VECTOR('',#1182,2.E-1);
#1184=CARTESIAN_POINT('',(2.423E1,-2.54E0,-1.7E0));
#1185=LINE('',#1184,#1183);
#1186=CURVE_STYLE('',#16,POSITIVE_LENGTH_MEASURE(2.E-2),#3);
#1187=PRESENTATION_STYLE_ASSIGNMENT((#1186));
#1188=STYLED_ITEM('',(#1187),#1185);
#1189=DIRECTION('',(0.E0,-1.E0,0.E0));
#1190=VECTOR('',#1189,2.5E-1);
#1191=CARTESIAN_POINT('',(2.4426875E1,0.E0,-2.075E0));
#1192=LINE('',#1191,#1190);
#1193=CURVE_STYLE('',#16,POSITIVE_LENGTH_MEASURE(2.E-2),#3);
#1194=PRESENTATION_STYLE_ASSIGNMENT((#1193));
#1195=STYLED_ITEM('',(#1194),#1192);
#1196=DIRECTION('',(0.E0,-1.E0,0.E0));
#1197=VECTOR('',#1196,2.09E0);
#1198=CARTESIAN_POINT('',(2.403E1,-2.5E-1,-1.7E0));
#1199=LINE('',#1198,#1197);
#1200=CURVE_STYLE('',#16,POSITIVE_LENGTH_MEASURE(2.E-2),#3);
#1201=PRESENTATION_STYLE_ASSIGNMENT((#1200));
#1202=STYLED_ITEM('',(#1201),#1199);
#1203=DIRECTION('',(-4.648338989899E-1,0.E0,-8.853979028379E-1));
#1204=VECTOR('',#1203,4.235383874279E-1);
#1205=CARTESIAN_POINT('',(2.403E1,-2.5E-1,-1.7E0));
#1206=LINE('',#1205,#1204);
#1207=CURVE_STYLE('',#16,POSITIVE_LENGTH_MEASURE(2.E-2),#3);
#1208=PRESENTATION_STYLE_ASSIGNMENT((#1207));
#1209=STYLED_ITEM('',(#1208),#1206);
#1210=DIRECTION('',(0.E0,-1.E0,0.E0));
#1211=VECTOR('',#1210,2.5E-1);
#1212=CARTESIAN_POINT('',(2.3833125E1,0.E0,-2.075E0));
#1213=LINE('',#1212,#1211);
#1214=CURVE_STYLE('',#16,POSITIVE_LENGTH_MEASURE(2.E-2),#3);
#1215=PRESENTATION_STYLE_ASSIGNMENT((#1214));
#1216=STYLED_ITEM('',(#1215),#1213);
#1217=DIRECTION('',(0.E0,-1.E0,0.E0));
#1218=VECTOR('',#1217,2.54E0);
#1219=CARTESIAN_POINT('',(2.361E1,0.E0,-2.5E0));
#1220=LINE('',#1219,#1218);
#1221=CURVE_STYLE('',#16,POSITIVE_LENGTH_MEASURE(2.E-2),#3);
#1222=PRESENTATION_STYLE_ASSIGNMENT((#1221));
#1223=STYLED_ITEM('',(#1222),#1220);
#1224=DIRECTION('',(0.E0,1.E0,1.998401444325E-14));
#1225=VECTOR('',#1224,2.E-1);
#1226=CARTESIAN_POINT('',(2.403E1,-2.54E0,-1.7E0));
#1227=LINE('',#1226,#1225);
#1228=CURVE_STYLE('',#16,POSITIVE_LENGTH_MEASURE(2.E-2),#3);
#1229=PRESENTATION_STYLE_ASSIGNMENT((#1228));
#1230=STYLED_ITEM('',(#1229),#1227);
#1231=DIRECTION('',(1.E0,0.E0,0.E0));
#1232=VECTOR('',#1231,1.94625E0);
#1233=CARTESIAN_POINT('',(2.1886875E1,-2.5E-1,-2.075E0));
#1234=LINE('',#1233,#1232);
#1235=CURVE_STYLE('',#16,POSITIVE_LENGTH_MEASURE(2.E-2),#3);
#1236=PRESENTATION_STYLE_ASSIGNMENT((#1235));
#1237=STYLED_ITEM('',(#1236),#1234);
#1238=DIRECTION('',(4.648338989899E-1,0.E0,-8.853979028379E-1));
#1239=VECTOR('',#1238,4.235383874279E-1);
#1240=CARTESIAN_POINT('',(2.169E1,-2.5E-1,-1.7E0));
#1241=LINE('',#1240,#1239);
#1242=CURVE_STYLE('',#16,POSITIVE_LENGTH_MEASURE(2.E-2),#3);
#1243=PRESENTATION_STYLE_ASSIGNMENT((#1242));
#1244=STYLED_ITEM('',(#1243),#1241);
#1245=DIRECTION('',(0.E0,-1.E0,0.E0));
#1246=VECTOR('',#1245,2.09E0);
#1247=CARTESIAN_POINT('',(2.169E1,-2.5E-1,-1.7E0));
#1248=LINE('',#1247,#1246);
#1249=CURVE_STYLE('',#16,POSITIVE_LENGTH_MEASURE(2.E-2),#3);
#1250=PRESENTATION_STYLE_ASSIGNMENT((#1249));
#1251=STYLED_ITEM('',(#1250),#1248);
#1252=DIRECTION('',(0.E0,1.E0,0.E0));
#1253=VECTOR('',#1252,2.E-1);
#1254=CARTESIAN_POINT('',(2.169E1,-2.54E0,-1.7E0));
#1255=LINE('',#1254,#1253);
#1256=CURVE_STYLE('',#16,POSITIVE_LENGTH_MEASURE(2.E-2),#3);
#1257=PRESENTATION_STYLE_ASSIGNMENT((#1256));
#1258=STYLED_ITEM('',(#1257),#1255);
#1259=DIRECTION('',(0.E0,-1.E0,0.E0));
#1260=VECTOR('',#1259,2.5E-1);
#1261=CARTESIAN_POINT('',(2.1886875E1,0.E0,-2.075E0));
#1262=LINE('',#1261,#1260);
#1263=CURVE_STYLE('',#16,POSITIVE_LENGTH_MEASURE(2.E-2),#3);
#1264=PRESENTATION_STYLE_ASSIGNMENT((#1263));
#1265=STYLED_ITEM('',(#1264),#1262);
#1266=DIRECTION('',(0.E0,-1.E0,0.E0));
#1267=VECTOR('',#1266,2.09E0);
#1268=CARTESIAN_POINT('',(2.149E1,-2.5E-1,-1.7E0));
#1269=LINE('',#1268,#1267);
#1270=CURVE_STYLE('',#16,POSITIVE_LENGTH_MEASURE(2.E-2),#3);
#1271=PRESENTATION_STYLE_ASSIGNMENT((#1270));
#1272=STYLED_ITEM('',(#1271),#1269);
#1273=DIRECTION('',(-4.648338989899E-1,0.E0,-8.853979028379E-1));
#1274=VECTOR('',#1273,4.235383874279E-1);
#1275=CARTESIAN_POINT('',(2.149E1,-2.5E-1,-1.7E0));
#1276=LINE('',#1275,#1274);
#1277=CURVE_STYLE('',#16,POSITIVE_LENGTH_MEASURE(2.E-2),#3);
#1278=PRESENTATION_STYLE_ASSIGNMENT((#1277));
#1279=STYLED_ITEM('',(#1278),#1276);
#1280=DIRECTION('',(0.E0,-1.E0,0.E0));
#1281=VECTOR('',#1280,2.5E-1);
#1282=CARTESIAN_POINT('',(2.1293125E1,0.E0,-2.075E0));
#1283=LINE('',#1282,#1281);
#1284=CURVE_STYLE('',#16,POSITIVE_LENGTH_MEASURE(2.E-2),#3);
#1285=PRESENTATION_STYLE_ASSIGNMENT((#1284));
#1286=STYLED_ITEM('',(#1285),#1283);
#1287=DIRECTION('',(0.E0,-1.E0,0.E0));
#1288=VECTOR('',#1287,2.54E0);
#1289=CARTESIAN_POINT('',(2.107E1,0.E0,-2.5E0));
#1290=LINE('',#1289,#1288);
#1291=CURVE_STYLE('',#16,POSITIVE_LENGTH_MEASURE(2.E-2),#3);
#1292=PRESENTATION_STYLE_ASSIGNMENT((#1291));
#1293=STYLED_ITEM('',(#1292),#1290);
#1294=DIRECTION('',(1.776356839400E-14,1.E0,1.332267629550E-14));
#1295=VECTOR('',#1294,2.E-1);
#1296=CARTESIAN_POINT('',(2.149E1,-2.54E0,-1.7E0));
#1297=LINE('',#1296,#1295);
#1298=CURVE_STYLE('',#16,POSITIVE_LENGTH_MEASURE(2.E-2),#3);
#1299=PRESENTATION_STYLE_ASSIGNMENT((#1298));
#1300=STYLED_ITEM('',(#1299),#1297);
#1301=DIRECTION('',(1.E0,0.E0,0.E0));
#1302=VECTOR('',#1301,1.94625E0);
#1303=CARTESIAN_POINT('',(1.9346875E1,-2.5E-1,-2.075E0));
#1304=LINE('',#1303,#1302);
#1305=CURVE_STYLE('',#16,POSITIVE_LENGTH_MEASURE(2.E-2),#3);
#1306=PRESENTATION_STYLE_ASSIGNMENT((#1305));
#1307=STYLED_ITEM('',(#1306),#1304);
#1308=DIRECTION('',(4.648338989899E-1,0.E0,-8.853979028379E-1));
#1309=VECTOR('',#1308,4.235383874279E-1);
#1310=CARTESIAN_POINT('',(1.915E1,-2.5E-1,-1.7E0));
#1311=LINE('',#1310,#1309);
#1312=CURVE_STYLE('',#16,POSITIVE_LENGTH_MEASURE(2.E-2),#3);
#1313=PRESENTATION_STYLE_ASSIGNMENT((#1312));
#1314=STYLED_ITEM('',(#1313),#1311);
#1315=DIRECTION('',(0.E0,-1.E0,0.E0));
#1316=VECTOR('',#1315,2.09E0);
#1317=CARTESIAN_POINT('',(1.915E1,-2.5E-1,-1.7E0));
#1318=LINE('',#1317,#1316);
#1319=CURVE_STYLE('',#16,POSITIVE_LENGTH_MEASURE(2.E-2),#3);
#1320=PRESENTATION_STYLE_ASSIGNMENT((#1319));
#1321=STYLED_ITEM('',(#1320),#1318);
#1322=DIRECTION('',(1.776356839400E-14,1.E0,0.E0));
#1323=VECTOR('',#1322,2.E-1);
#1324=CARTESIAN_POINT('',(1.915E1,-2.54E0,-1.7E0));
#1325=LINE('',#1324,#1323);
#1326=CURVE_STYLE('',#16,POSITIVE_LENGTH_MEASURE(2.E-2),#3);
#1327=PRESENTATION_STYLE_ASSIGNMENT((#1326));
#1328=STYLED_ITEM('',(#1327),#1325);
#1329=DIRECTION('',(0.E0,-1.E0,0.E0));
#1330=VECTOR('',#1329,2.5E-1);
#1331=CARTESIAN_POINT('',(1.9346875E1,0.E0,-2.075E0));
#1332=LINE('',#1331,#1330);
#1333=CURVE_STYLE('',#16,POSITIVE_LENGTH_MEASURE(2.E-2),#3);
#1334=PRESENTATION_STYLE_ASSIGNMENT((#1333));
#1335=STYLED_ITEM('',(#1334),#1332);
#1336=DIRECTION('',(0.E0,-1.E0,0.E0));
#1337=VECTOR('',#1336,2.09E0);
#1338=CARTESIAN_POINT('',(1.895E1,-2.5E-1,-1.7E0));
#1339=LINE('',#1338,#1337);
#1340=CURVE_STYLE('',#16,POSITIVE_LENGTH_MEASURE(2.E-2),#3);
#1341=PRESENTATION_STYLE_ASSIGNMENT((#1340));
#1342=STYLED_ITEM('',(#1341),#1339);
#1343=DIRECTION('',(-4.648338989899E-1,0.E0,-8.853979028379E-1));
#1344=VECTOR('',#1343,4.235383874279E-1);
#1345=CARTESIAN_POINT('',(1.895E1,-2.5E-1,-1.7E0));
#1346=LINE('',#1345,#1344);
#1347=CURVE_STYLE('',#16,POSITIVE_LENGTH_MEASURE(2.E-2),#3);
#1348=PRESENTATION_STYLE_ASSIGNMENT((#1347));
#1349=STYLED_ITEM('',(#1348),#1346);
#1350=DIRECTION('',(0.E0,-1.E0,0.E0));
#1351=VECTOR('',#1350,2.5E-1);
#1352=CARTESIAN_POINT('',(1.8753125E1,0.E0,-2.075E0));
#1353=LINE('',#1352,#1351);
#1354=CURVE_STYLE('',#16,POSITIVE_LENGTH_MEASURE(2.E-2),#3);
#1355=PRESENTATION_STYLE_ASSIGNMENT((#1354));
#1356=STYLED_ITEM('',(#1355),#1353);
#1357=DIRECTION('',(0.E0,-1.E0,0.E0));
#1358=VECTOR('',#1357,2.54E0);
#1359=CARTESIAN_POINT('',(1.853E1,0.E0,-2.5E0));
#1360=LINE('',#1359,#1358);
#1361=CURVE_STYLE('',#16,POSITIVE_LENGTH_MEASURE(2.E-2),#3);
#1362=PRESENTATION_STYLE_ASSIGNMENT((#1361));
#1363=STYLED_ITEM('',(#1362),#1360);
#1364=DIRECTION('',(0.E0,1.E0,0.E0));
#1365=VECTOR('',#1364,2.E-1);
#1366=CARTESIAN_POINT('',(1.895E1,-2.54E0,-1.7E0));
#1367=LINE('',#1366,#1365);
#1368=CURVE_STYLE('',#16,POSITIVE_LENGTH_MEASURE(2.E-2),#3);
#1369=PRESENTATION_STYLE_ASSIGNMENT((#1368));
#1370=STYLED_ITEM('',(#1369),#1367);
#1371=DIRECTION('',(1.E0,0.E0,0.E0));
#1372=VECTOR('',#1371,1.94625E0);
#1373=CARTESIAN_POINT('',(1.6806875E1,-2.5E-1,-2.075E0));
#1374=LINE('',#1373,#1372);
#1375=CURVE_STYLE('',#16,POSITIVE_LENGTH_MEASURE(2.E-2),#3);
#1376=PRESENTATION_STYLE_ASSIGNMENT((#1375));
#1377=STYLED_ITEM('',(#1376),#1374);
#1378=DIRECTION('',(4.648338989899E-1,0.E0,-8.853979028379E-1));
#1379=VECTOR('',#1378,4.235383874279E-1);
#1380=CARTESIAN_POINT('',(1.661E1,-2.5E-1,-1.7E0));
#1381=LINE('',#1380,#1379);
#1382=CURVE_STYLE('',#16,POSITIVE_LENGTH_MEASURE(2.E-2),#3);
#1383=PRESENTATION_STYLE_ASSIGNMENT((#1382));
#1384=STYLED_ITEM('',(#1383),#1381);
#1385=DIRECTION('',(0.E0,-1.E0,0.E0));
#1386=VECTOR('',#1385,2.09E0);
#1387=CARTESIAN_POINT('',(1.661E1,-2.5E-1,-1.7E0));
#1388=LINE('',#1387,#1386);
#1389=CURVE_STYLE('',#16,POSITIVE_LENGTH_MEASURE(2.E-2),#3);
#1390=PRESENTATION_STYLE_ASSIGNMENT((#1389));
#1391=STYLED_ITEM('',(#1390),#1388);
#1392=DIRECTION('',(0.E0,1.E0,0.E0));
#1393=VECTOR('',#1392,2.E-1);
#1394=CARTESIAN_POINT('',(1.661E1,-2.54E0,-1.7E0));
#1395=LINE('',#1394,#1393);
#1396=CURVE_STYLE('',#16,POSITIVE_LENGTH_MEASURE(2.E-2),#3);
#1397=PRESENTATION_STYLE_ASSIGNMENT((#1396));
#1398=STYLED_ITEM('',(#1397),#1395);
#1399=DIRECTION('',(0.E0,-1.E0,0.E0));
#1400=VECTOR('',#1399,2.5E-1);
#1401=CARTESIAN_POINT('',(1.6806875E1,0.E0,-2.075E0));
#1402=LINE('',#1401,#1400);
#1403=CURVE_STYLE('',#16,POSITIVE_LENGTH_MEASURE(2.E-2),#3);
#1404=PRESENTATION_STYLE_ASSIGNMENT((#1403));
#1405=STYLED_ITEM('',(#1404),#1402);
#1406=DIRECTION('',(0.E0,-1.E0,0.E0));
#1407=VECTOR('',#1406,2.09E0);
#1408=CARTESIAN_POINT('',(1.641E1,-2.5E-1,-1.7E0));
#1409=LINE('',#1408,#1407);
#1410=CURVE_STYLE('',#16,POSITIVE_LENGTH_MEASURE(2.E-2),#3);
#1411=PRESENTATION_STYLE_ASSIGNMENT((#1410));
#1412=STYLED_ITEM('',(#1411),#1409);
#1413=DIRECTION('',(-4.648338989899E-1,0.E0,-8.853979028379E-1));
#1414=VECTOR('',#1413,4.235383874279E-1);
#1415=CARTESIAN_POINT('',(1.641E1,-2.5E-1,-1.7E0));
#1416=LINE('',#1415,#1414);
#1417=CURVE_STYLE('',#16,POSITIVE_LENGTH_MEASURE(2.E-2),#3);
#1418=PRESENTATION_STYLE_ASSIGNMENT((#1417));
#1419=STYLED_ITEM('',(#1418),#1416);
#1420=DIRECTION('',(1.421085471520E-14,-1.E0,0.E0));
#1421=VECTOR('',#1420,2.5E-1);
#1422=CARTESIAN_POINT('',(1.6213125E1,0.E0,-2.075E0));
#1423=LINE('',#1422,#1421);
#1424=CURVE_STYLE('',#16,POSITIVE_LENGTH_MEASURE(2.E-2),#3);
#1425=PRESENTATION_STYLE_ASSIGNMENT((#1424));
#1426=STYLED_ITEM('',(#1425),#1423);
#1427=DIRECTION('',(0.E0,-1.E0,0.E0));
#1428=VECTOR('',#1427,2.54E0);
#1429=CARTESIAN_POINT('',(1.599E1,0.E0,-2.5E0));
#1430=LINE('',#1429,#1428);
#1431=CURVE_STYLE('',#16,POSITIVE_LENGTH_MEASURE(2.E-2),#3);
#1432=PRESENTATION_STYLE_ASSIGNMENT((#1431));
#1433=STYLED_ITEM('',(#1432),#1430);
#1434=DIRECTION('',(0.E0,1.E0,0.E0));
#1435=VECTOR('',#1434,2.E-1);
#1436=CARTESIAN_POINT('',(1.641E1,-2.54E0,-1.7E0));
#1437=LINE('',#1436,#1435);
#1438=CURVE_STYLE('',#16,POSITIVE_LENGTH_MEASURE(2.E-2),#3);
#1439=PRESENTATION_STYLE_ASSIGNMENT((#1438));
#1440=STYLED_ITEM('',(#1439),#1437);
#1441=DIRECTION('',(1.E0,0.E0,0.E0));
#1442=VECTOR('',#1441,1.94625E0);
#1443=CARTESIAN_POINT('',(1.4266875E1,-2.5E-1,-2.075E0));
#1444=LINE('',#1443,#1442);
#1445=CURVE_STYLE('',#16,POSITIVE_LENGTH_MEASURE(2.E-2),#3);
#1446=PRESENTATION_STYLE_ASSIGNMENT((#1445));
#1447=STYLED_ITEM('',(#1446),#1444);
#1448=DIRECTION('',(4.648338989899E-1,0.E0,-8.853979028379E-1));
#1449=VECTOR('',#1448,4.235383874279E-1);
#1450=CARTESIAN_POINT('',(1.407E1,-2.5E-1,-1.7E0));
#1451=LINE('',#1450,#1449);
#1452=CURVE_STYLE('',#16,POSITIVE_LENGTH_MEASURE(2.E-2),#3);
#1453=PRESENTATION_STYLE_ASSIGNMENT((#1452));
#1454=STYLED_ITEM('',(#1453),#1451);
#1455=DIRECTION('',(0.E0,-1.E0,0.E0));
#1456=VECTOR('',#1455,2.09E0);
#1457=CARTESIAN_POINT('',(1.407E1,-2.5E-1,-1.7E0));
#1458=LINE('',#1457,#1456);
#1459=CURVE_STYLE('',#16,POSITIVE_LENGTH_MEASURE(2.E-2),#3);
#1460=PRESENTATION_STYLE_ASSIGNMENT((#1459));
#1461=STYLED_ITEM('',(#1460),#1458);
#1462=DIRECTION('',(0.E0,1.E0,0.E0));
#1463=VECTOR('',#1462,2.E-1);
#1464=CARTESIAN_POINT('',(1.407E1,-2.54E0,-1.7E0));
#1465=LINE('',#1464,#1463);
#1466=CURVE_STYLE('',#16,POSITIVE_LENGTH_MEASURE(2.E-2),#3);
#1467=PRESENTATION_STYLE_ASSIGNMENT((#1466));
#1468=STYLED_ITEM('',(#1467),#1465);
#1469=DIRECTION('',(0.E0,-1.E0,0.E0));
#1470=VECTOR('',#1469,2.5E-1);
#1471=CARTESIAN_POINT('',(1.4266875E1,0.E0,-2.075E0));
#1472=LINE('',#1471,#1470);
#1473=CURVE_STYLE('',#16,POSITIVE_LENGTH_MEASURE(2.E-2),#3);
#1474=PRESENTATION_STYLE_ASSIGNMENT((#1473));
#1475=STYLED_ITEM('',(#1474),#1472);
#1476=DIRECTION('',(0.E0,-1.E0,0.E0));
#1477=VECTOR('',#1476,2.09E0);
#1478=CARTESIAN_POINT('',(1.387E1,-2.5E-1,-1.7E0));
#1479=LINE('',#1478,#1477);
#1480=CURVE_STYLE('',#16,POSITIVE_LENGTH_MEASURE(2.E-2),#3);
#1481=PRESENTATION_STYLE_ASSIGNMENT((#1480));
#1482=STYLED_ITEM('',(#1481),#1479);
#1483=DIRECTION('',(-4.648338989899E-1,0.E0,-8.853979028379E-1));
#1484=VECTOR('',#1483,4.235383874279E-1);
#1485=CARTESIAN_POINT('',(1.387E1,-2.5E-1,-1.7E0));
#1486=LINE('',#1485,#1484);
#1487=CURVE_STYLE('',#16,POSITIVE_LENGTH_MEASURE(2.E-2),#3);
#1488=PRESENTATION_STYLE_ASSIGNMENT((#1487));
#1489=STYLED_ITEM('',(#1488),#1486);
#1490=DIRECTION('',(0.E0,-1.E0,0.E0));
#1491=VECTOR('',#1490,2.5E-1);
#1492=CARTESIAN_POINT('',(1.3673125E1,0.E0,-2.075E0));
#1493=LINE('',#1492,#1491);
#1494=CURVE_STYLE('',#16,POSITIVE_LENGTH_MEASURE(2.E-2),#3);
#1495=PRESENTATION_STYLE_ASSIGNMENT((#1494));
#1496=STYLED_ITEM('',(#1495),#1493);
#1497=DIRECTION('',(0.E0,-1.E0,0.E0));
#1498=VECTOR('',#1497,2.54E0);
#1499=CARTESIAN_POINT('',(1.345E1,0.E0,-2.5E0));
#1500=LINE('',#1499,#1498);
#1501=CURVE_STYLE('',#16,POSITIVE_LENGTH_MEASURE(2.E-2),#3);
#1502=PRESENTATION_STYLE_ASSIGNMENT((#1501));
#1503=STYLED_ITEM('',(#1502),#1500);
#1504=DIRECTION('',(1.776356839400E-14,1.E0,0.E0));
#1505=VECTOR('',#1504,2.E-1);
#1506=CARTESIAN_POINT('',(1.387E1,-2.54E0,-1.7E0));
#1507=LINE('',#1506,#1505);
#1508=CURVE_STYLE('',#16,POSITIVE_LENGTH_MEASURE(2.E-2),#3);
#1509=PRESENTATION_STYLE_ASSIGNMENT((#1508));
#1510=STYLED_ITEM('',(#1509),#1507);
#1511=DIRECTION('',(1.E0,0.E0,0.E0));
#1512=VECTOR('',#1511,1.94625E0);
#1513=CARTESIAN_POINT('',(1.1726875E1,-2.5E-1,-2.075E0));
#1514=LINE('',#1513,#1512);
#1515=CURVE_STYLE('',#16,POSITIVE_LENGTH_MEASURE(2.E-2),#3);
#1516=PRESENTATION_STYLE_ASSIGNMENT((#1515));
#1517=STYLED_ITEM('',(#1516),#1514);
#1518=DIRECTION('',(4.648338989899E-1,0.E0,-8.853979028379E-1));
#1519=VECTOR('',#1518,4.235383874279E-1);
#1520=CARTESIAN_POINT('',(1.153E1,-2.5E-1,-1.7E0));
#1521=LINE('',#1520,#1519);
#1522=CURVE_STYLE('',#16,POSITIVE_LENGTH_MEASURE(2.E-2),#3);
#1523=PRESENTATION_STYLE_ASSIGNMENT((#1522));
#1524=STYLED_ITEM('',(#1523),#1521);
#1525=DIRECTION('',(0.E0,-1.E0,0.E0));
#1526=VECTOR('',#1525,2.09E0);
#1527=CARTESIAN_POINT('',(1.153E1,-2.5E-1,-1.7E0));
#1528=LINE('',#1527,#1526);
#1529=CURVE_STYLE('',#16,POSITIVE_LENGTH_MEASURE(2.E-2),#3);
#1530=PRESENTATION_STYLE_ASSIGNMENT((#1529));
#1531=STYLED_ITEM('',(#1530),#1528);
#1532=DIRECTION('',(0.E0,1.E0,0.E0));
#1533=VECTOR('',#1532,2.E-1);
#1534=CARTESIAN_POINT('',(1.153E1,-2.54E0,-1.7E0));
#1535=LINE('',#1534,#1533);
#1536=CURVE_STYLE('',#16,POSITIVE_LENGTH_MEASURE(2.E-2),#3);
#1537=PRESENTATION_STYLE_ASSIGNMENT((#1536));
#1538=STYLED_ITEM('',(#1537),#1535);
#1539=DIRECTION('',(0.E0,-1.E0,0.E0));
#1540=VECTOR('',#1539,2.5E-1);
#1541=CARTESIAN_POINT('',(1.1726875E1,0.E0,-2.075E0));
#1542=LINE('',#1541,#1540);
#1543=CURVE_STYLE('',#16,POSITIVE_LENGTH_MEASURE(2.E-2),#3);
#1544=PRESENTATION_STYLE_ASSIGNMENT((#1543));
#1545=STYLED_ITEM('',(#1544),#1542);
#1546=DIRECTION('',(0.E0,-1.E0,0.E0));
#1547=VECTOR('',#1546,2.09E0);
#1548=CARTESIAN_POINT('',(1.133E1,-2.5E-1,-1.7E0));
#1549=LINE('',#1548,#1547);
#1550=CURVE_STYLE('',#16,POSITIVE_LENGTH_MEASURE(2.E-2),#3);
#1551=PRESENTATION_STYLE_ASSIGNMENT((#1550));
#1552=STYLED_ITEM('',(#1551),#1549);
#1553=DIRECTION('',(-4.648338989899E-1,0.E0,-8.853979028379E-1));
#1554=VECTOR('',#1553,4.235383874279E-1);
#1555=CARTESIAN_POINT('',(1.133E1,-2.5E-1,-1.7E0));
#1556=LINE('',#1555,#1554);
#1557=CURVE_STYLE('',#16,POSITIVE_LENGTH_MEASURE(2.E-2),#3);
#1558=PRESENTATION_STYLE_ASSIGNMENT((#1557));
#1559=STYLED_ITEM('',(#1558),#1556);
#1560=DIRECTION('',(0.E0,-1.E0,0.E0));
#1561=VECTOR('',#1560,2.5E-1);
#1562=CARTESIAN_POINT('',(1.1133125E1,0.E0,-2.075E0));
#1563=LINE('',#1562,#1561);
#1564=CURVE_STYLE('',#16,POSITIVE_LENGTH_MEASURE(2.E-2),#3);
#1565=PRESENTATION_STYLE_ASSIGNMENT((#1564));
#1566=STYLED_ITEM('',(#1565),#1563);
#1567=DIRECTION('',(0.E0,-1.E0,0.E0));
#1568=VECTOR('',#1567,2.54E0);
#1569=CARTESIAN_POINT('',(1.091E1,0.E0,-2.5E0));
#1570=LINE('',#1569,#1568);
#1571=CURVE_STYLE('',#16,POSITIVE_LENGTH_MEASURE(2.E-2),#3);
#1572=PRESENTATION_STYLE_ASSIGNMENT((#1571));
#1573=STYLED_ITEM('',(#1572),#1570);
#1574=DIRECTION('',(0.E0,1.E0,0.E0));
#1575=VECTOR('',#1574,2.E-1);
#1576=CARTESIAN_POINT('',(1.133E1,-2.54E0,-1.7E0));
#1577=LINE('',#1576,#1575);
#1578=CURVE_STYLE('',#16,POSITIVE_LENGTH_MEASURE(2.E-2),#3);
#1579=PRESENTATION_STYLE_ASSIGNMENT((#1578));
#1580=STYLED_ITEM('',(#1579),#1577);
#1581=DIRECTION('',(1.E0,0.E0,0.E0));
#1582=VECTOR('',#1581,1.94625E0);
#1583=CARTESIAN_POINT('',(9.186875E0,-2.5E-1,-2.075E0));
#1584=LINE('',#1583,#1582);
#1585=CURVE_STYLE('',#16,POSITIVE_LENGTH_MEASURE(2.E-2),#3);
#1586=PRESENTATION_STYLE_ASSIGNMENT((#1585));
#1587=STYLED_ITEM('',(#1586),#1584);
#1588=DIRECTION('',(4.648338989899E-1,0.E0,-8.853979028379E-1));
#1589=VECTOR('',#1588,4.235383874279E-1);
#1590=CARTESIAN_POINT('',(8.99E0,-2.5E-1,-1.7E0));
#1591=LINE('',#1590,#1589);
#1592=CURVE_STYLE('',#16,POSITIVE_LENGTH_MEASURE(2.E-2),#3);
#1593=PRESENTATION_STYLE_ASSIGNMENT((#1592));
#1594=STYLED_ITEM('',(#1593),#1591);
#1595=DIRECTION('',(0.E0,-1.E0,0.E0));
#1596=VECTOR('',#1595,2.09E0);
#1597=CARTESIAN_POINT('',(8.99E0,-2.5E-1,-1.7E0));
#1598=LINE('',#1597,#1596);
#1599=CURVE_STYLE('',#16,POSITIVE_LENGTH_MEASURE(2.E-2),#3);
#1600=PRESENTATION_STYLE_ASSIGNMENT((#1599));
#1601=STYLED_ITEM('',(#1600),#1598);
#1602=DIRECTION('',(0.E0,1.E0,0.E0));
#1603=VECTOR('',#1602,2.E-1);
#1604=CARTESIAN_POINT('',(8.99E0,-2.54E0,-1.7E0));
#1605=LINE('',#1604,#1603);
#1606=CURVE_STYLE('',#16,POSITIVE_LENGTH_MEASURE(2.E-2),#3);
#1607=PRESENTATION_STYLE_ASSIGNMENT((#1606));
#1608=STYLED_ITEM('',(#1607),#1605);
#1609=DIRECTION('',(0.E0,-1.E0,0.E0));
#1610=VECTOR('',#1609,2.5E-1);
#1611=CARTESIAN_POINT('',(9.186875E0,0.E0,-2.075E0));
#1612=LINE('',#1611,#1610);
#1613=CURVE_STYLE('',#16,POSITIVE_LENGTH_MEASURE(2.E-2),#3);
#1614=PRESENTATION_STYLE_ASSIGNMENT((#1613));
#1615=STYLED_ITEM('',(#1614),#1612);
#1616=DIRECTION('',(0.E0,-1.E0,0.E0));
#1617=VECTOR('',#1616,2.09E0);
#1618=CARTESIAN_POINT('',(8.79E0,-2.5E-1,-1.7E0));
#1619=LINE('',#1618,#1617);
#1620=CURVE_STYLE('',#16,POSITIVE_LENGTH_MEASURE(2.E-2),#3);
#1621=PRESENTATION_STYLE_ASSIGNMENT((#1620));
#1622=STYLED_ITEM('',(#1621),#1619);
#1623=DIRECTION('',(-4.648338989899E-1,0.E0,-8.853979028379E-1));
#1624=VECTOR('',#1623,4.235383874279E-1);
#1625=CARTESIAN_POINT('',(8.79E0,-2.5E-1,-1.7E0));
#1626=LINE('',#1625,#1624);
#1627=CURVE_STYLE('',#16,POSITIVE_LENGTH_MEASURE(2.E-2),#3);
#1628=PRESENTATION_STYLE_ASSIGNMENT((#1627));
#1629=STYLED_ITEM('',(#1628),#1626);
#1630=DIRECTION('',(0.E0,-1.E0,0.E0));
#1631=VECTOR('',#1630,2.5E-1);
#1632=CARTESIAN_POINT('',(8.593125E0,0.E0,-2.075E0));
#1633=LINE('',#1632,#1631);
#1634=CURVE_STYLE('',#16,POSITIVE_LENGTH_MEASURE(2.E-2),#3);
#1635=PRESENTATION_STYLE_ASSIGNMENT((#1634));
#1636=STYLED_ITEM('',(#1635),#1633);
#1637=DIRECTION('',(0.E0,-1.E0,0.E0));
#1638=VECTOR('',#1637,2.54E0);
#1639=CARTESIAN_POINT('',(8.37E0,0.E0,-2.5E0));
#1640=LINE('',#1639,#1638);
#1641=CURVE_STYLE('',#16,POSITIVE_LENGTH_MEASURE(2.E-2),#3);
#1642=PRESENTATION_STYLE_ASSIGNMENT((#1641));
#1643=STYLED_ITEM('',(#1642),#1640);
#1644=DIRECTION('',(0.E0,1.E0,0.E0));
#1645=VECTOR('',#1644,2.E-1);
#1646=CARTESIAN_POINT('',(8.79E0,-2.54E0,-1.7E0));
#1647=LINE('',#1646,#1645);
#1648=CURVE_STYLE('',#16,POSITIVE_LENGTH_MEASURE(2.E-2),#3);
#1649=PRESENTATION_STYLE_ASSIGNMENT((#1648));
#1650=STYLED_ITEM('',(#1649),#1647);
#1651=DIRECTION('',(1.E0,0.E0,0.E0));
#1652=VECTOR('',#1651,1.94625E0);
#1653=CARTESIAN_POINT('',(6.646875E0,-2.5E-1,-2.075E0));
#1654=LINE('',#1653,#1652);
#1655=CURVE_STYLE('',#16,POSITIVE_LENGTH_MEASURE(2.E-2),#3);
#1656=PRESENTATION_STYLE_ASSIGNMENT((#1655));
#1657=STYLED_ITEM('',(#1656),#1654);
#1658=DIRECTION('',(4.648338989899E-1,0.E0,-8.853979028379E-1));
#1659=VECTOR('',#1658,4.235383874279E-1);
#1660=CARTESIAN_POINT('',(6.45E0,-2.5E-1,-1.7E0));
#1661=LINE('',#1660,#1659);
#1662=CURVE_STYLE('',#16,POSITIVE_LENGTH_MEASURE(2.E-2),#3);
#1663=PRESENTATION_STYLE_ASSIGNMENT((#1662));
#1664=STYLED_ITEM('',(#1663),#1661);
#1665=DIRECTION('',(0.E0,-1.E0,0.E0));
#1666=VECTOR('',#1665,2.09E0);
#1667=CARTESIAN_POINT('',(6.45E0,-2.5E-1,-1.7E0));
#1668=LINE('',#1667,#1666);
#1669=CURVE_STYLE('',#16,POSITIVE_LENGTH_MEASURE(2.E-2),#3);
#1670=PRESENTATION_STYLE_ASSIGNMENT((#1669));
#1671=STYLED_ITEM('',(#1670),#1668);
#1672=DIRECTION('',(0.E0,1.E0,0.E0));
#1673=VECTOR('',#1672,2.E-1);
#1674=CARTESIAN_POINT('',(6.45E0,-2.54E0,-1.7E0));
#1675=LINE('',#1674,#1673);
#1676=CURVE_STYLE('',#16,POSITIVE_LENGTH_MEASURE(2.E-2),#3);
#1677=PRESENTATION_STYLE_ASSIGNMENT((#1676));
#1678=STYLED_ITEM('',(#1677),#1675);
#1679=DIRECTION('',(-1.065814103640E-14,-1.E0,0.E0));
#1680=VECTOR('',#1679,2.5E-1);
#1681=CARTESIAN_POINT('',(6.646875E0,0.E0,-2.075E0));
#1682=LINE('',#1681,#1680);
#1683=CURVE_STYLE('',#16,POSITIVE_LENGTH_MEASURE(2.E-2),#3);
#1684=PRESENTATION_STYLE_ASSIGNMENT((#1683));
#1685=STYLED_ITEM('',(#1684),#1682);
#1686=DIRECTION('',(0.E0,-1.E0,0.E0));
#1687=VECTOR('',#1686,2.09E0);
#1688=CARTESIAN_POINT('',(6.25E0,-2.5E-1,-1.7E0));
#1689=LINE('',#1688,#1687);
#1690=CURVE_STYLE('',#16,POSITIVE_LENGTH_MEASURE(2.E-2),#3);
#1691=PRESENTATION_STYLE_ASSIGNMENT((#1690));
#1692=STYLED_ITEM('',(#1691),#1689);
#1693=DIRECTION('',(-4.648338989899E-1,0.E0,-8.853979028379E-1));
#1694=VECTOR('',#1693,4.235383874279E-1);
#1695=CARTESIAN_POINT('',(6.25E0,-2.5E-1,-1.7E0));
#1696=LINE('',#1695,#1694);
#1697=CURVE_STYLE('',#16,POSITIVE_LENGTH_MEASURE(2.E-2),#3);
#1698=PRESENTATION_STYLE_ASSIGNMENT((#1697));
#1699=STYLED_ITEM('',(#1698),#1696);
#1700=DIRECTION('',(0.E0,-1.E0,0.E0));
#1701=VECTOR('',#1700,2.5E-1);
#1702=CARTESIAN_POINT('',(6.053125E0,0.E0,-2.075E0));
#1703=LINE('',#1702,#1701);
#1704=CURVE_STYLE('',#16,POSITIVE_LENGTH_MEASURE(2.E-2),#3);
#1705=PRESENTATION_STYLE_ASSIGNMENT((#1704));
#1706=STYLED_ITEM('',(#1705),#1703);
#1707=DIRECTION('',(0.E0,-1.E0,0.E0));
#1708=VECTOR('',#1707,2.54E0);
#1709=CARTESIAN_POINT('',(5.83E0,0.E0,-2.5E0));
#1710=LINE('',#1709,#1708);
#1711=CURVE_STYLE('',#16,POSITIVE_LENGTH_MEASURE(2.E-2),#3);
#1712=PRESENTATION_STYLE_ASSIGNMENT((#1711));
#1713=STYLED_ITEM('',(#1712),#1710);
#1714=DIRECTION('',(0.E0,1.E0,0.E0));
#1715=VECTOR('',#1714,2.E-1);
#1716=CARTESIAN_POINT('',(6.25E0,-2.54E0,-1.7E0));
#1717=LINE('',#1716,#1715);
#1718=CURVE_STYLE('',#16,POSITIVE_LENGTH_MEASURE(2.E-2),#3);
#1719=PRESENTATION_STYLE_ASSIGNMENT((#1718));
#1720=STYLED_ITEM('',(#1719),#1717);
#1721=DIRECTION('',(1.E0,0.E0,0.E0));
#1722=VECTOR('',#1721,1.94625E0);
#1723=CARTESIAN_POINT('',(4.106875E0,-2.5E-1,-2.075E0));
#1724=LINE('',#1723,#1722);
#1725=CURVE_STYLE('',#16,POSITIVE_LENGTH_MEASURE(2.E-2),#3);
#1726=PRESENTATION_STYLE_ASSIGNMENT((#1725));
#1727=STYLED_ITEM('',(#1726),#1724);
#1728=DIRECTION('',(4.648338989899E-1,0.E0,-8.853979028379E-1));
#1729=VECTOR('',#1728,4.235383874279E-1);
#1730=CARTESIAN_POINT('',(3.91E0,-2.5E-1,-1.7E0));
#1731=LINE('',#1730,#1729);
#1732=CURVE_STYLE('',#16,POSITIVE_LENGTH_MEASURE(2.E-2),#3);
#1733=PRESENTATION_STYLE_ASSIGNMENT((#1732));
#1734=STYLED_ITEM('',(#1733),#1731);
#1735=DIRECTION('',(0.E0,-1.E0,0.E0));
#1736=VECTOR('',#1735,2.09E0);
#1737=CARTESIAN_POINT('',(3.91E0,-2.5E-1,-1.7E0));
#1738=LINE('',#1737,#1736);
#1739=CURVE_STYLE('',#16,POSITIVE_LENGTH_MEASURE(2.E-2),#3);
#1740=PRESENTATION_STYLE_ASSIGNMENT((#1739));
#1741=STYLED_ITEM('',(#1740),#1738);
#1742=DIRECTION('',(0.E0,1.E0,0.E0));
#1743=VECTOR('',#1742,2.E-1);
#1744=CARTESIAN_POINT('',(3.91E0,-2.54E0,-1.7E0));
#1745=LINE('',#1744,#1743);
#1746=CURVE_STYLE('',#16,POSITIVE_LENGTH_MEASURE(2.E-2),#3);
#1747=PRESENTATION_STYLE_ASSIGNMENT((#1746));
#1748=STYLED_ITEM('',(#1747),#1745);
#1749=DIRECTION('',(0.E0,-1.E0,0.E0));
#1750=VECTOR('',#1749,2.5E-1);
#1751=CARTESIAN_POINT('',(4.106875E0,0.E0,-2.075E0));
#1752=LINE('',#1751,#1750);
#1753=CURVE_STYLE('',#16,POSITIVE_LENGTH_MEASURE(2.E-2),#3);
#1754=PRESENTATION_STYLE_ASSIGNMENT((#1753));
#1755=STYLED_ITEM('',(#1754),#1752);
#1756=DIRECTION('',(0.E0,-1.E0,0.E0));
#1757=VECTOR('',#1756,2.09E0);
#1758=CARTESIAN_POINT('',(3.71E0,-2.5E-1,-1.7E0));
#1759=LINE('',#1758,#1757);
#1760=CURVE_STYLE('',#16,POSITIVE_LENGTH_MEASURE(2.E-2),#3);
#1761=PRESENTATION_STYLE_ASSIGNMENT((#1760));
#1762=STYLED_ITEM('',(#1761),#1759);
#1763=DIRECTION('',(-4.648338989899E-1,0.E0,-8.853979028379E-1));
#1764=VECTOR('',#1763,4.235383874279E-1);
#1765=CARTESIAN_POINT('',(3.71E0,-2.5E-1,-1.7E0));
#1766=LINE('',#1765,#1764);
#1767=CURVE_STYLE('',#16,POSITIVE_LENGTH_MEASURE(2.E-2),#3);
#1768=PRESENTATION_STYLE_ASSIGNMENT((#1767));
#1769=STYLED_ITEM('',(#1768),#1766);
#1770=DIRECTION('',(0.E0,-1.E0,0.E0));
#1771=VECTOR('',#1770,2.5E-1);
#1772=CARTESIAN_POINT('',(3.513125E0,0.E0,-2.075E0));
#1773=LINE('',#1772,#1771);
#1774=CURVE_STYLE('',#16,POSITIVE_LENGTH_MEASURE(2.E-2),#3);
#1775=PRESENTATION_STYLE_ASSIGNMENT((#1774));
#1776=STYLED_ITEM('',(#1775),#1773);
#1777=DIRECTION('',(0.E0,-1.E0,0.E0));
#1778=VECTOR('',#1777,2.54E0);
#1779=CARTESIAN_POINT('',(3.29E0,0.E0,-2.5E0));
#1780=LINE('',#1779,#1778);
#1781=CURVE_STYLE('',#16,POSITIVE_LENGTH_MEASURE(2.E-2),#3);
#1782=PRESENTATION_STYLE_ASSIGNMENT((#1781));
#1783=STYLED_ITEM('',(#1782),#1780);
#1784=DIRECTION('',(0.E0,1.E0,0.E0));
#1785=VECTOR('',#1784,2.E-1);
#1786=CARTESIAN_POINT('',(3.71E0,-2.54E0,-1.7E0));
#1787=LINE('',#1786,#1785);
#1788=CURVE_STYLE('',#16,POSITIVE_LENGTH_MEASURE(2.E-2),#3);
#1789=PRESENTATION_STYLE_ASSIGNMENT((#1788));
#1790=STYLED_ITEM('',(#1789),#1787);
#1791=DIRECTION('',(1.E0,0.E0,0.E0));
#1792=VECTOR('',#1791,1.94625E0);
#1793=CARTESIAN_POINT('',(1.566875E0,-2.5E-1,-2.075E0));
#1794=LINE('',#1793,#1792);
#1795=CURVE_STYLE('',#16,POSITIVE_LENGTH_MEASURE(2.E-2),#3);
#1796=PRESENTATION_STYLE_ASSIGNMENT((#1795));
#1797=STYLED_ITEM('',(#1796),#1794);
#1798=DIRECTION('',(4.648338989899E-1,0.E0,-8.853979028379E-1));
#1799=VECTOR('',#1798,4.235383874279E-1);
#1800=CARTESIAN_POINT('',(1.37E0,-2.5E-1,-1.7E0));
#1801=LINE('',#1800,#1799);
#1802=CURVE_STYLE('',#16,POSITIVE_LENGTH_MEASURE(2.E-2),#3);
#1803=PRESENTATION_STYLE_ASSIGNMENT((#1802));
#1804=STYLED_ITEM('',(#1803),#1801);
#1805=DIRECTION('',(0.E0,-1.E0,0.E0));
#1806=VECTOR('',#1805,2.09E0);
#1807=CARTESIAN_POINT('',(1.37E0,-2.5E-1,-1.7E0));
#1808=LINE('',#1807,#1806);
#1809=CURVE_STYLE('',#16,POSITIVE_LENGTH_MEASURE(2.E-2),#3);
#1810=PRESENTATION_STYLE_ASSIGNMENT((#1809));
#1811=STYLED_ITEM('',(#1810),#1808);
#1812=DIRECTION('',(0.E0,1.E0,0.E0));
#1813=VECTOR('',#1812,2.E-1);
#1814=CARTESIAN_POINT('',(1.37E0,-2.54E0,-1.7E0));
#1815=LINE('',#1814,#1813);
#1816=CURVE_STYLE('',#16,POSITIVE_LENGTH_MEASURE(2.E-2),#3);
#1817=PRESENTATION_STYLE_ASSIGNMENT((#1816));
#1818=STYLED_ITEM('',(#1817),#1815);
#1819=DIRECTION('',(0.E0,-1.E0,0.E0));
#1820=VECTOR('',#1819,2.5E-1);
#1821=CARTESIAN_POINT('',(1.566875E0,0.E0,-2.075E0));
#1822=LINE('',#1821,#1820);
#1823=CURVE_STYLE('',#16,POSITIVE_LENGTH_MEASURE(2.E-2),#3);
#1824=PRESENTATION_STYLE_ASSIGNMENT((#1823));
#1825=STYLED_ITEM('',(#1824),#1822);
#1826=DIRECTION('',(0.E0,-1.E0,0.E0));
#1827=VECTOR('',#1826,2.09E0);
#1828=CARTESIAN_POINT('',(1.17E0,-2.5E-1,-1.7E0));
#1829=LINE('',#1828,#1827);
#1830=CURVE_STYLE('',#16,POSITIVE_LENGTH_MEASURE(2.E-2),#3);
#1831=PRESENTATION_STYLE_ASSIGNMENT((#1830));
#1832=STYLED_ITEM('',(#1831),#1829);
#1833=DIRECTION('',(-4.648338989899E-1,0.E0,-8.853979028379E-1));
#1834=VECTOR('',#1833,4.235383874279E-1);
#1835=CARTESIAN_POINT('',(1.17E0,-2.5E-1,-1.7E0));
#1836=LINE('',#1835,#1834);
#1837=CURVE_STYLE('',#16,POSITIVE_LENGTH_MEASURE(2.E-2),#3);
#1838=PRESENTATION_STYLE_ASSIGNMENT((#1837));
#1839=STYLED_ITEM('',(#1838),#1836);
#1840=DIRECTION('',(0.E0,-1.E0,0.E0));
#1841=VECTOR('',#1840,2.5E-1);
#1842=CARTESIAN_POINT('',(9.73125E-1,0.E0,-2.075E0));
#1843=LINE('',#1842,#1841);
#1844=CURVE_STYLE('',#16,POSITIVE_LENGTH_MEASURE(2.E-2),#3);
#1845=PRESENTATION_STYLE_ASSIGNMENT((#1844));
#1846=STYLED_ITEM('',(#1845),#1843);
#1847=DIRECTION('',(0.E0,-1.E0,0.E0));
#1848=VECTOR('',#1847,2.54E0);
#1849=CARTESIAN_POINT('',(7.5E-1,0.E0,-2.5E0));
#1850=LINE('',#1849,#1848);
#1851=CURVE_STYLE('',#16,POSITIVE_LENGTH_MEASURE(2.E-2),#3);
#1852=PRESENTATION_STYLE_ASSIGNMENT((#1851));
#1853=STYLED_ITEM('',(#1852),#1850);
#1854=DIRECTION('',(0.E0,1.E0,0.E0));
#1855=VECTOR('',#1854,2.E-1);
#1856=CARTESIAN_POINT('',(1.17E0,-2.54E0,-1.7E0));
#1857=LINE('',#1856,#1855);
#1858=CURVE_STYLE('',#16,POSITIVE_LENGTH_MEASURE(2.E-2),#3);
#1859=PRESENTATION_STYLE_ASSIGNMENT((#1858));
#1860=STYLED_ITEM('',(#1859),#1857);
#1861=DIRECTION('',(1.E0,0.E0,0.E0));
#1862=VECTOR('',#1861,1.94625E0);
#1863=CARTESIAN_POINT('',(-9.73125E-1,-2.5E-1,-2.075E0));
#1864=LINE('',#1863,#1862);
#1865=CURVE_STYLE('',#16,POSITIVE_LENGTH_MEASURE(2.E-2),#3);
#1866=PRESENTATION_STYLE_ASSIGNMENT((#1865));
#1867=STYLED_ITEM('',(#1866),#1864);
#1868=DIRECTION('',(4.648338989899E-1,0.E0,-8.853979028379E-1));
#1869=VECTOR('',#1868,4.235383874279E-1);
#1870=CARTESIAN_POINT('',(-1.17E0,-2.5E-1,-1.7E0));
#1871=LINE('',#1870,#1869);
#1872=CURVE_STYLE('',#16,POSITIVE_LENGTH_MEASURE(2.E-2),#3);
#1873=PRESENTATION_STYLE_ASSIGNMENT((#1872));
#1874=STYLED_ITEM('',(#1873),#1871);
#1875=DIRECTION('',(0.E0,-1.E0,0.E0));
#1876=VECTOR('',#1875,2.09E0);
#1877=CARTESIAN_POINT('',(-1.17E0,-2.5E-1,-1.7E0));
#1878=LINE('',#1877,#1876);
#1879=CURVE_STYLE('',#16,POSITIVE_LENGTH_MEASURE(2.E-2),#3);
#1880=PRESENTATION_STYLE_ASSIGNMENT((#1879));
#1881=STYLED_ITEM('',(#1880),#1878);
#1882=DIRECTION('',(0.E0,1.E0,0.E0));
#1883=VECTOR('',#1882,2.E-1);
#1884=CARTESIAN_POINT('',(-1.17E0,-2.54E0,-1.7E0));
#1885=LINE('',#1884,#1883);
#1886=CURVE_STYLE('',#16,POSITIVE_LENGTH_MEASURE(2.E-2),#3);
#1887=PRESENTATION_STYLE_ASSIGNMENT((#1886));
#1888=STYLED_ITEM('',(#1887),#1885);
#1889=DIRECTION('',(0.E0,-1.E0,0.E0));
#1890=VECTOR('',#1889,2.5E-1);
#1891=CARTESIAN_POINT('',(-9.73125E-1,0.E0,-2.075E0));
#1892=LINE('',#1891,#1890);
#1893=CURVE_STYLE('',#16,POSITIVE_LENGTH_MEASURE(2.E-2),#3);
#1894=PRESENTATION_STYLE_ASSIGNMENT((#1893));
#1895=STYLED_ITEM('',(#1894),#1892);
#1896=DIRECTION('',(1.E0,0.E0,0.E0));
#1897=VECTOR('',#1896,1.E-1);
#1898=CARTESIAN_POINT('',(-1.27E0,-2.5E-1,-1.7E0));
#1899=LINE('',#1898,#1897);
#1900=CURVE_STYLE('',#16,POSITIVE_LENGTH_MEASURE(2.E-2),#3);
#1901=PRESENTATION_STYLE_ASSIGNMENT((#1900));
#1902=STYLED_ITEM('',(#1901),#1899);
#1903=DIRECTION('',(0.E0,-1.E0,0.E0));
#1904=VECTOR('',#1903,2.09E0);
#1905=CARTESIAN_POINT('',(-1.27E0,-2.5E-1,-1.7E0));
#1906=LINE('',#1905,#1904);
#1907=CURVE_STYLE('',#16,POSITIVE_LENGTH_MEASURE(2.E-2),#3);
#1908=PRESENTATION_STYLE_ASSIGNMENT((#1907));
#1909=STYLED_ITEM('',(#1908),#1906);
#1910=DIRECTION('',(1.E0,0.E0,0.E0));
#1911=VECTOR('',#1910,1.E-1);
#1912=CARTESIAN_POINT('',(-1.27E0,-2.34E0,-1.7E0));
#1913=LINE('',#1912,#1911);
#1914=CURVE_STYLE('',#16,POSITIVE_LENGTH_MEASURE(2.E-2),#3);
#1915=PRESENTATION_STYLE_ASSIGNMENT((#1914));
#1916=STYLED_ITEM('',(#1915),#1913);
#1917=DIRECTION('',(0.E0,0.E0,-1.E0));
#1918=VECTOR('',#1917,3.4E0);
#1919=CARTESIAN_POINT('',(-1.27E0,-2.5E-1,1.7E0));
#1920=LINE('',#1919,#1918);
#1921=CURVE_STYLE('',#16,POSITIVE_LENGTH_MEASURE(2.E-2),#3);
#1922=PRESENTATION_STYLE_ASSIGNMENT((#1921));
#1923=STYLED_ITEM('',(#1922),#1920);
#1924=DIRECTION('',(0.E0,-1.E0,0.E0));
#1925=VECTOR('',#1924,2.09E0);
#1926=CARTESIAN_POINT('',(-1.27E0,-2.5E-1,1.7E0));
#1927=LINE('',#1926,#1925);
#1928=CURVE_STYLE('',#16,POSITIVE_LENGTH_MEASURE(2.E-2),#3);
#1929=PRESENTATION_STYLE_ASSIGNMENT((#1928));
#1930=STYLED_ITEM('',(#1929),#1927);
#1931=DIRECTION('',(0.E0,0.E0,-1.E0));
#1932=VECTOR('',#1931,3.4E0);
#1933=CARTESIAN_POINT('',(-1.27E0,-2.34E0,1.7E0));
#1934=LINE('',#1933,#1932);
#1935=CURVE_STYLE('',#16,POSITIVE_LENGTH_MEASURE(2.E-2),#3);
#1936=PRESENTATION_STYLE_ASSIGNMENT((#1935));
#1937=STYLED_ITEM('',(#1936),#1934);
#1938=DIRECTION('',(-1.E0,0.E0,0.E0));
#1939=VECTOR('',#1938,1.E-1);
#1940=CARTESIAN_POINT('',(-1.17E0,-2.5E-1,1.7E0));
#1941=LINE('',#1940,#1939);
#1942=CURVE_STYLE('',#16,POSITIVE_LENGTH_MEASURE(2.E-2),#3);
#1943=PRESENTATION_STYLE_ASSIGNMENT((#1942));
#1944=STYLED_ITEM('',(#1943),#1941);
#1945=DIRECTION('',(0.E0,-1.E0,0.E0));
#1946=VECTOR('',#1945,2.09E0);
#1947=CARTESIAN_POINT('',(-1.17E0,-2.5E-1,1.7E0));
#1948=LINE('',#1947,#1946);
#1949=CURVE_STYLE('',#16,POSITIVE_LENGTH_MEASURE(2.E-2),#3);
#1950=PRESENTATION_STYLE_ASSIGNMENT((#1949));
#1951=STYLED_ITEM('',(#1950),#1948);
#1952=DIRECTION('',(-1.E0,0.E0,0.E0));
#1953=VECTOR('',#1952,1.E-1);
#1954=CARTESIAN_POINT('',(-1.17E0,-2.34E0,1.7E0));
#1955=LINE('',#1954,#1953);
#1956=CURVE_STYLE('',#16,POSITIVE_LENGTH_MEASURE(2.E-2),#3);
#1957=PRESENTATION_STYLE_ASSIGNMENT((#1956));
#1958=STYLED_ITEM('',(#1957),#1955);
#1959=DIRECTION('',(0.E0,-1.E0,0.E0));
#1960=VECTOR('',#1959,2.5E-1);
#1961=CARTESIAN_POINT('',(-9.73125E-1,0.E0,2.075E0));
#1962=LINE('',#1961,#1960);
#1963=CURVE_STYLE('',#16,POSITIVE_LENGTH_MEASURE(2.E-2),#3);
#1964=PRESENTATION_STYLE_ASSIGNMENT((#1963));
#1965=STYLED_ITEM('',(#1964),#1962);
#1966=DIRECTION('',(0.E0,-1.E0,0.E0));
#1967=VECTOR('',#1966,2.54E0);
#1968=CARTESIAN_POINT('',(-7.5E-1,0.E0,2.5E0));
#1969=LINE('',#1968,#1967);
#1970=CURVE_STYLE('',#16,POSITIVE_LENGTH_MEASURE(2.E-2),#3);
#1971=PRESENTATION_STYLE_ASSIGNMENT((#1970));
#1972=STYLED_ITEM('',(#1971),#1969);
#1973=DIRECTION('',(0.E0,1.E0,0.E0));
#1974=VECTOR('',#1973,2.E-1);
#1975=CARTESIAN_POINT('',(-1.17E0,-2.54E0,1.7E0));
#1976=LINE('',#1975,#1974);
#1977=CURVE_STYLE('',#16,POSITIVE_LENGTH_MEASURE(2.E-2),#3);
#1978=PRESENTATION_STYLE_ASSIGNMENT((#1977));
#1979=STYLED_ITEM('',(#1978),#1976);
#1980=DIRECTION('',(4.648338989899E-1,0.E0,8.853979028379E-1));
#1981=VECTOR('',#1980,4.235383874279E-1);
#1982=CARTESIAN_POINT('',(-1.17E0,-2.5E-1,1.7E0));
#1983=LINE('',#1982,#1981);
#1984=CURVE_STYLE('',#16,POSITIVE_LENGTH_MEASURE(2.E-2),#3);
#1985=PRESENTATION_STYLE_ASSIGNMENT((#1984));
#1986=STYLED_ITEM('',(#1985),#1983);
#1987=DIRECTION('',(0.E0,-1.E0,0.E0));
#1988=VECTOR('',#1987,2.54E0);
#1989=CARTESIAN_POINT('',(7.5E-1,0.E0,2.5E0));
#1990=LINE('',#1989,#1988);
#1991=CURVE_STYLE('',#16,POSITIVE_LENGTH_MEASURE(2.E-2),#3);
#1992=PRESENTATION_STYLE_ASSIGNMENT((#1991));
#1993=STYLED_ITEM('',(#1992),#1990);
#1994=DIRECTION('',(0.E0,0.E0,-1.E0));
#1995=VECTOR('',#1994,6.4E-1);
#1996=CARTESIAN_POINT('',(3.2E-1,-2.54E0,-9.5E-1));
#1997=LINE('',#1996,#1995);
#1998=CURVE_STYLE('',#16,POSITIVE_LENGTH_MEASURE(2.E-2),#3);
#1999=PRESENTATION_STYLE_ASSIGNMENT((#1998));
#2000=STYLED_ITEM('',(#1999),#1997);
#2001=DIRECTION('',(1.E0,0.E0,0.E0));
#2002=VECTOR('',#2001,6.4E-1);
#2003=CARTESIAN_POINT('',(-3.2E-1,-2.54E0,-9.5E-1));
#2004=LINE('',#2003,#2002);
#2005=CURVE_STYLE('',#16,POSITIVE_LENGTH_MEASURE(2.E-2),#3);
#2006=PRESENTATION_STYLE_ASSIGNMENT((#2005));
#2007=STYLED_ITEM('',(#2006),#2004);
#2008=DIRECTION('',(0.E0,0.E0,1.E0));
#2009=VECTOR('',#2008,6.4E-1);
#2010=CARTESIAN_POINT('',(-3.2E-1,-2.54E0,-1.59E0));
#2011=LINE('',#2010,#2009);
#2012=CURVE_STYLE('',#16,POSITIVE_LENGTH_MEASURE(2.E-2),#3);
#2013=PRESENTATION_STYLE_ASSIGNMENT((#2012));
#2014=STYLED_ITEM('',(#2013),#2011);
#2015=DIRECTION('',(-1.E0,0.E0,0.E0));
#2016=VECTOR('',#2015,6.4E-1);
#2017=CARTESIAN_POINT('',(3.2E-1,-2.54E0,-1.59E0));
#2018=LINE('',#2017,#2016);
#2019=CURVE_STYLE('',#16,POSITIVE_LENGTH_MEASURE(2.E-2),#3);
#2020=PRESENTATION_STYLE_ASSIGNMENT((#2019));
#2021=STYLED_ITEM('',(#2020),#2018);
#2022=DIRECTION('',(0.E0,0.E0,-1.E0));
#2023=VECTOR('',#2022,6.4E-1);
#2024=CARTESIAN_POINT('',(3.2E-1,-2.54E0,1.59E0));
#2025=LINE('',#2024,#2023);
#2026=CURVE_STYLE('',#16,POSITIVE_LENGTH_MEASURE(2.E-2),#3);
#2027=PRESENTATION_STYLE_ASSIGNMENT((#2026));
#2028=STYLED_ITEM('',(#2027),#2025);
#2029=DIRECTION('',(1.E0,0.E0,0.E0));
#2030=VECTOR('',#2029,6.4E-1);
#2031=CARTESIAN_POINT('',(-3.2E-1,-2.54E0,1.59E0));
#2032=LINE('',#2031,#2030);
#2033=CURVE_STYLE('',#16,POSITIVE_LENGTH_MEASURE(2.E-2),#3);
#2034=PRESENTATION_STYLE_ASSIGNMENT((#2033));
#2035=STYLED_ITEM('',(#2034),#2032);
#2036=DIRECTION('',(0.E0,0.E0,1.E0));
#2037=VECTOR('',#2036,6.4E-1);
#2038=CARTESIAN_POINT('',(-3.2E-1,-2.54E0,9.5E-1));
#2039=LINE('',#2038,#2037);
#2040=CURVE_STYLE('',#16,POSITIVE_LENGTH_MEASURE(2.E-2),#3);
#2041=PRESENTATION_STYLE_ASSIGNMENT((#2040));
#2042=STYLED_ITEM('',(#2041),#2039);
#2043=DIRECTION('',(-1.E0,0.E0,0.E0));
#2044=VECTOR('',#2043,6.4E-1);
#2045=CARTESIAN_POINT('',(3.2E-1,-2.54E0,9.5E-1));
#2046=LINE('',#2045,#2044);
#2047=CURVE_STYLE('',#16,POSITIVE_LENGTH_MEASURE(2.E-2),#3);
#2048=PRESENTATION_STYLE_ASSIGNMENT((#2047));
#2049=STYLED_ITEM('',(#2048),#2046);
#2050=DIRECTION('',(0.E0,0.E0,-1.E0));
#2051=VECTOR('',#2050,3.4E0);
#2052=CARTESIAN_POINT('',(1.17E0,-2.54E0,1.7E0));
#2053=LINE('',#2052,#2051);
#2054=CURVE_STYLE('',#16,POSITIVE_LENGTH_MEASURE(2.E-2),#3);
#2055=PRESENTATION_STYLE_ASSIGNMENT((#2054));
#2056=STYLED_ITEM('',(#2055),#2053);
#2057=DIRECTION('',(4.648338989899E-1,0.E0,8.853979028379E-1));
#2058=VECTOR('',#2057,9.035485598461E-1);
#2059=CARTESIAN_POINT('',(7.5E-1,-2.54E0,-2.5E0));
#2060=LINE('',#2059,#2058);
#2061=CURVE_STYLE('',#16,POSITIVE_LENGTH_MEASURE(2.E-2),#3);
#2062=PRESENTATION_STYLE_ASSIGNMENT((#2061));
#2063=STYLED_ITEM('',(#2062),#2060);
#2064=DIRECTION('',(1.E0,0.E0,0.E0));
#2065=VECTOR('',#2064,1.5E0);
#2066=CARTESIAN_POINT('',(-7.5E-1,-2.54E0,-2.5E0));
#2067=LINE('',#2066,#2065);
#2068=CURVE_STYLE('',#16,POSITIVE_LENGTH_MEASURE(2.E-2),#3);
#2069=PRESENTATION_STYLE_ASSIGNMENT((#2068));
#2070=STYLED_ITEM('',(#2069),#2067);
#2071=DIRECTION('',(4.648338989899E-1,0.E0,-8.853979028379E-1));
#2072=VECTOR('',#2071,9.035485598461E-1);
#2073=CARTESIAN_POINT('',(-1.17E0,-2.54E0,-1.7E0));
#2074=LINE('',#2073,#2072);
#2075=CURVE_STYLE('',#16,POSITIVE_LENGTH_MEASURE(2.E-2),#3);
#2076=PRESENTATION_STYLE_ASSIGNMENT((#2075));
#2077=STYLED_ITEM('',(#2076),#2074);
#2078=DIRECTION('',(0.E0,0.E0,1.E0));
#2079=VECTOR('',#2078,3.4E0);
#2080=CARTESIAN_POINT('',(-1.17E0,-2.54E0,-1.7E0));
#2081=LINE('',#2080,#2079);
#2082=CURVE_STYLE('',#16,POSITIVE_LENGTH_MEASURE(2.E-2),#3);
#2083=PRESENTATION_STYLE_ASSIGNMENT((#2082));
#2084=STYLED_ITEM('',(#2083),#2081);
#2085=DIRECTION('',(-4.648338989899E-1,0.E0,-8.853979028379E-1));
#2086=VECTOR('',#2085,9.035485598461E-1);
#2087=CARTESIAN_POINT('',(-7.5E-1,-2.54E0,2.5E0));
#2088=LINE('',#2087,#2086);
#2089=CURVE_STYLE('',#16,POSITIVE_LENGTH_MEASURE(2.E-2),#3);
#2090=PRESENTATION_STYLE_ASSIGNMENT((#2089));
#2091=STYLED_ITEM('',(#2090),#2088);
#2092=DIRECTION('',(-1.E0,0.E0,0.E0));
#2093=VECTOR('',#2092,1.5E0);
#2094=CARTESIAN_POINT('',(7.5E-1,-2.54E0,2.5E0));
#2095=LINE('',#2094,#2093);
#2096=CURVE_STYLE('',#16,POSITIVE_LENGTH_MEASURE(2.E-2),#3);
#2097=PRESENTATION_STYLE_ASSIGNMENT((#2096));
#2098=STYLED_ITEM('',(#2097),#2095);
#2099=DIRECTION('',(-4.648338989899E-1,0.E0,8.853979028379E-1));
#2100=VECTOR('',#2099,9.035485598461E-1);
#2101=CARTESIAN_POINT('',(1.17E0,-2.54E0,1.7E0));
#2102=LINE('',#2101,#2100);
#2103=CURVE_STYLE('',#16,POSITIVE_LENGTH_MEASURE(2.E-2),#3);
#2104=PRESENTATION_STYLE_ASSIGNMENT((#2103));
#2105=STYLED_ITEM('',(#2104),#2102);
#2106=DIRECTION('',(0.E0,0.E0,-1.E0));
#2107=VECTOR('',#2106,6.4E-1);
#2108=CARTESIAN_POINT('',(3.2E-1,-2.5E-1,-9.5E-1));
#2109=LINE('',#2108,#2107);
#2110=CURVE_STYLE('',#16,POSITIVE_LENGTH_MEASURE(2.E-2),#3);
#2111=PRESENTATION_STYLE_ASSIGNMENT((#2110));
#2112=STYLED_ITEM('',(#2111),#2109);
#2113=DIRECTION('',(0.E0,-1.E0,0.E0));
#2114=VECTOR('',#2113,2.29E0);
#2115=CARTESIAN_POINT('',(3.2E-1,-2.5E-1,-9.5E-1));
#2116=LINE('',#2115,#2114);
#2117=CURVE_STYLE('',#16,POSITIVE_LENGTH_MEASURE(2.E-2),#3);
#2118=PRESENTATION_STYLE_ASSIGNMENT((#2117));
#2119=STYLED_ITEM('',(#2118),#2116);
#2120=DIRECTION('',(1.E0,0.E0,0.E0));
#2121=VECTOR('',#2120,6.4E-1);
#2122=CARTESIAN_POINT('',(-3.2E-1,-2.5E-1,-9.5E-1));
#2123=LINE('',#2122,#2121);
#2124=CURVE_STYLE('',#16,POSITIVE_LENGTH_MEASURE(2.E-2),#3);
#2125=PRESENTATION_STYLE_ASSIGNMENT((#2124));
#2126=STYLED_ITEM('',(#2125),#2123);
#2127=DIRECTION('',(0.E0,-1.E0,0.E0));
#2128=VECTOR('',#2127,2.29E0);
#2129=CARTESIAN_POINT('',(-3.2E-1,-2.5E-1,-9.5E-1));
#2130=LINE('',#2129,#2128);
#2131=CURVE_STYLE('',#16,POSITIVE_LENGTH_MEASURE(2.E-2),#3);
#2132=PRESENTATION_STYLE_ASSIGNMENT((#2131));
#2133=STYLED_ITEM('',(#2132),#2130);
#2134=DIRECTION('',(0.E0,0.E0,1.E0));
#2135=VECTOR('',#2134,6.4E-1);
#2136=CARTESIAN_POINT('',(-3.2E-1,-2.5E-1,-1.59E0));
#2137=LINE('',#2136,#2135);
#2138=CURVE_STYLE('',#16,POSITIVE_LENGTH_MEASURE(2.E-2),#3);
#2139=PRESENTATION_STYLE_ASSIGNMENT((#2138));
#2140=STYLED_ITEM('',(#2139),#2137);
#2141=DIRECTION('',(0.E0,-1.E0,0.E0));
#2142=VECTOR('',#2141,2.29E0);
#2143=CARTESIAN_POINT('',(-3.2E-1,-2.5E-1,-1.59E0));
#2144=LINE('',#2143,#2142);
#2145=CURVE_STYLE('',#16,POSITIVE_LENGTH_MEASURE(2.E-2),#3);
#2146=PRESENTATION_STYLE_ASSIGNMENT((#2145));
#2147=STYLED_ITEM('',(#2146),#2144);
#2148=DIRECTION('',(-1.E0,0.E0,0.E0));
#2149=VECTOR('',#2148,6.4E-1);
#2150=CARTESIAN_POINT('',(3.2E-1,-2.5E-1,-1.59E0));
#2151=LINE('',#2150,#2149);
#2152=CURVE_STYLE('',#16,POSITIVE_LENGTH_MEASURE(2.E-2),#3);
#2153=PRESENTATION_STYLE_ASSIGNMENT((#2152));
#2154=STYLED_ITEM('',(#2153),#2151);
#2155=DIRECTION('',(0.E0,-1.E0,0.E0));
#2156=VECTOR('',#2155,2.29E0);
#2157=CARTESIAN_POINT('',(3.2E-1,-2.5E-1,-1.59E0));
#2158=LINE('',#2157,#2156);
#2159=CURVE_STYLE('',#16,POSITIVE_LENGTH_MEASURE(2.E-2),#3);
#2160=PRESENTATION_STYLE_ASSIGNMENT((#2159));
#2161=STYLED_ITEM('',(#2160),#2158);
#2162=DIRECTION('',(0.E0,0.E0,-1.E0));
#2163=VECTOR('',#2162,6.4E-1);
#2164=CARTESIAN_POINT('',(3.2E-1,-2.5E-1,1.59E0));
#2165=LINE('',#2164,#2163);
#2166=CURVE_STYLE('',#16,POSITIVE_LENGTH_MEASURE(2.E-2),#3);
#2167=PRESENTATION_STYLE_ASSIGNMENT((#2166));
#2168=STYLED_ITEM('',(#2167),#2165);
#2169=DIRECTION('',(0.E0,-1.E0,0.E0));
#2170=VECTOR('',#2169,2.29E0);
#2171=CARTESIAN_POINT('',(3.2E-1,-2.5E-1,1.59E0));
#2172=LINE('',#2171,#2170);
#2173=CURVE_STYLE('',#16,POSITIVE_LENGTH_MEASURE(2.E-2),#3);
#2174=PRESENTATION_STYLE_ASSIGNMENT((#2173));
#2175=STYLED_ITEM('',(#2174),#2172);
#2176=DIRECTION('',(1.E0,0.E0,0.E0));
#2177=VECTOR('',#2176,6.4E-1);
#2178=CARTESIAN_POINT('',(-3.2E-1,-2.5E-1,1.59E0));
#2179=LINE('',#2178,#2177);
#2180=CURVE_STYLE('',#16,POSITIVE_LENGTH_MEASURE(2.E-2),#3);
#2181=PRESENTATION_STYLE_ASSIGNMENT((#2180));
#2182=STYLED_ITEM('',(#2181),#2179);
#2183=DIRECTION('',(0.E0,-1.E0,0.E0));
#2184=VECTOR('',#2183,2.29E0);
#2185=CARTESIAN_POINT('',(-3.2E-1,-2.5E-1,1.59E0));
#2186=LINE('',#2185,#2184);
#2187=CURVE_STYLE('',#16,POSITIVE_LENGTH_MEASURE(2.E-2),#3);
#2188=PRESENTATION_STYLE_ASSIGNMENT((#2187));
#2189=STYLED_ITEM('',(#2188),#2186);
#2190=DIRECTION('',(0.E0,0.E0,1.E0));
#2191=VECTOR('',#2190,6.4E-1);
#2192=CARTESIAN_POINT('',(-3.2E-1,-2.5E-1,9.5E-1));
#2193=LINE('',#2192,#2191);
#2194=CURVE_STYLE('',#16,POSITIVE_LENGTH_MEASURE(2.E-2),#3);
#2195=PRESENTATION_STYLE_ASSIGNMENT((#2194));
#2196=STYLED_ITEM('',(#2195),#2193);
#2197=DIRECTION('',(0.E0,-1.E0,0.E0));
#2198=VECTOR('',#2197,2.29E0);
#2199=CARTESIAN_POINT('',(-3.2E-1,-2.5E-1,9.5E-1));
#2200=LINE('',#2199,#2198);
#2201=CURVE_STYLE('',#16,POSITIVE_LENGTH_MEASURE(2.E-2),#3);
#2202=PRESENTATION_STYLE_ASSIGNMENT((#2201));
#2203=STYLED_ITEM('',(#2202),#2200);
#2204=DIRECTION('',(-1.E0,0.E0,0.E0));
#2205=VECTOR('',#2204,6.4E-1);
#2206=CARTESIAN_POINT('',(3.2E-1,-2.5E-1,9.5E-1));
#2207=LINE('',#2206,#2205);
#2208=CURVE_STYLE('',#16,POSITIVE_LENGTH_MEASURE(2.E-2),#3);
#2209=PRESENTATION_STYLE_ASSIGNMENT((#2208));
#2210=STYLED_ITEM('',(#2209),#2207);
#2211=DIRECTION('',(0.E0,-1.E0,0.E0));
#2212=VECTOR('',#2211,2.29E0);
#2213=CARTESIAN_POINT('',(3.2E-1,-2.5E-1,9.5E-1));
#2214=LINE('',#2213,#2212);
#2215=CURVE_STYLE('',#16,POSITIVE_LENGTH_MEASURE(2.E-2),#3);
#2216=PRESENTATION_STYLE_ASSIGNMENT((#2215));
#2217=STYLED_ITEM('',(#2216),#2214);
#2218=DIRECTION('',(0.E0,-1.E0,0.E0));
#2219=VECTOR('',#2218,2.54E0);
#2220=CARTESIAN_POINT('',(-7.5E-1,0.E0,-2.5E0));
#2221=LINE('',#2220,#2219);
#2222=CURVE_STYLE('',#16,POSITIVE_LENGTH_MEASURE(2.E-2),#3);
#2223=PRESENTATION_STYLE_ASSIGNMENT((#2222));
#2224=STYLED_ITEM('',(#2223),#2221);
#2225=DIRECTION('',(0.E0,-1.E0,0.E0));
#2226=VECTOR('',#2225,2.5E-1);
#2227=CARTESIAN_POINT('',(1.566875E0,0.E0,2.075E0));
#2228=LINE('',#2227,#2226);
#2229=CURVE_STYLE('',#16,POSITIVE_LENGTH_MEASURE(2.E-2),#3);
#2230=PRESENTATION_STYLE_ASSIGNMENT((#2229));
#2231=STYLED_ITEM('',(#2230),#2228);
#2232=DIRECTION('',(0.E0,-1.E0,0.E0));
#2233=VECTOR('',#2232,2.54E0);
#2234=CARTESIAN_POINT('',(1.79E0,0.E0,2.5E0));
#2235=LINE('',#2234,#2233);
#2236=CURVE_STYLE('',#16,POSITIVE_LENGTH_MEASURE(2.E-2),#3);
#2237=PRESENTATION_STYLE_ASSIGNMENT((#2236));
#2238=STYLED_ITEM('',(#2237),#2235);
#2239=DIRECTION('',(0.E0,1.E0,0.E0));
#2240=VECTOR('',#2239,2.E-1);
#2241=CARTESIAN_POINT('',(1.37E0,-2.54E0,1.7E0));
#2242=LINE('',#2241,#2240);
#2243=CURVE_STYLE('',#16,POSITIVE_LENGTH_MEASURE(2.E-2),#3);
#2244=PRESENTATION_STYLE_ASSIGNMENT((#2243));
#2245=STYLED_ITEM('',(#2244),#2242);
#2246=DIRECTION('',(4.648338989899E-1,0.E0,8.853979028379E-1));
#2247=VECTOR('',#2246,4.235383874279E-1);
#2248=CARTESIAN_POINT('',(1.37E0,-2.5E-1,1.7E0));
#2249=LINE('',#2248,#2247);
#2250=CURVE_STYLE('',#16,POSITIVE_LENGTH_MEASURE(2.E-2),#3);
#2251=PRESENTATION_STYLE_ASSIGNMENT((#2250));
#2252=STYLED_ITEM('',(#2251),#2249);
#2253=DIRECTION('',(0.E0,-1.E0,0.E0));
#2254=VECTOR('',#2253,2.5E-1);
#2255=CARTESIAN_POINT('',(3.513125E0,0.E0,2.075E0));
#2256=LINE('',#2255,#2254);
#2257=CURVE_STYLE('',#16,POSITIVE_LENGTH_MEASURE(2.E-2),#3);
#2258=PRESENTATION_STYLE_ASSIGNMENT((#2257));
#2259=STYLED_ITEM('',(#2258),#2256);
#2260=DIRECTION('',(-4.648338989899E-1,0.E0,8.853979028379E-1));
#2261=VECTOR('',#2260,4.235383874279E-1);
#2262=CARTESIAN_POINT('',(3.71E0,-2.5E-1,1.7E0));
#2263=LINE('',#2262,#2261);
#2264=CURVE_STYLE('',#16,POSITIVE_LENGTH_MEASURE(2.E-2),#3);
#2265=PRESENTATION_STYLE_ASSIGNMENT((#2264));
#2266=STYLED_ITEM('',(#2265),#2263);
#2267=DIRECTION('',(0.E0,-1.E0,0.E0));
#2268=VECTOR('',#2267,2.09E0);
#2269=CARTESIAN_POINT('',(3.71E0,-2.5E-1,1.7E0));
#2270=LINE('',#2269,#2268);
#2271=CURVE_STYLE('',#16,POSITIVE_LENGTH_MEASURE(2.E-2),#3);
#2272=PRESENTATION_STYLE_ASSIGNMENT((#2271));
#2273=STYLED_ITEM('',(#2272),#2270);
#2274=DIRECTION('',(0.E0,1.E0,0.E0));
#2275=VECTOR('',#2274,2.E-1);
#2276=CARTESIAN_POINT('',(3.71E0,-2.54E0,1.7E0));
#2277=LINE('',#2276,#2275);
#2278=CURVE_STYLE('',#16,POSITIVE_LENGTH_MEASURE(2.E-2),#3);
#2279=PRESENTATION_STYLE_ASSIGNMENT((#2278));
#2280=STYLED_ITEM('',(#2279),#2277);
#2281=DIRECTION('',(0.E0,-1.E0,0.E0));
#2282=VECTOR('',#2281,2.09E0);
#2283=CARTESIAN_POINT('',(3.91E0,-2.5E-1,1.7E0));
#2284=LINE('',#2283,#2282);
#2285=CURVE_STYLE('',#16,POSITIVE_LENGTH_MEASURE(2.E-2),#3);
#2286=PRESENTATION_STYLE_ASSIGNMENT((#2285));
#2287=STYLED_ITEM('',(#2286),#2284);
#2288=DIRECTION('',(0.E0,-1.E0,0.E0));
#2289=VECTOR('',#2288,2.5E-1);
#2290=CARTESIAN_POINT('',(4.106875E0,0.E0,2.075E0));
#2291=LINE('',#2290,#2289);
#2292=CURVE_STYLE('',#16,POSITIVE_LENGTH_MEASURE(2.E-2),#3);
#2293=PRESENTATION_STYLE_ASSIGNMENT((#2292));
#2294=STYLED_ITEM('',(#2293),#2291);
#2295=DIRECTION('',(0.E0,-1.E0,0.E0));
#2296=VECTOR('',#2295,2.54E0);
#2297=CARTESIAN_POINT('',(4.33E0,0.E0,2.5E0));
#2298=LINE('',#2297,#2296);
#2299=CURVE_STYLE('',#16,POSITIVE_LENGTH_MEASURE(2.E-2),#3);
#2300=PRESENTATION_STYLE_ASSIGNMENT((#2299));
#2301=STYLED_ITEM('',(#2300),#2298);
#2302=DIRECTION('',(0.E0,1.E0,0.E0));
#2303=VECTOR('',#2302,2.E-1);
#2304=CARTESIAN_POINT('',(3.91E0,-2.54E0,1.7E0));
#2305=LINE('',#2304,#2303);
#2306=CURVE_STYLE('',#16,POSITIVE_LENGTH_MEASURE(2.E-2),#3);
#2307=PRESENTATION_STYLE_ASSIGNMENT((#2306));
#2308=STYLED_ITEM('',(#2307),#2305);
#2309=DIRECTION('',(4.648338989899E-1,0.E0,8.853979028379E-1));
#2310=VECTOR('',#2309,4.235383874279E-1);
#2311=CARTESIAN_POINT('',(3.91E0,-2.5E-1,1.7E0));
#2312=LINE('',#2311,#2310);
#2313=CURVE_STYLE('',#16,POSITIVE_LENGTH_MEASURE(2.E-2),#3);
#2314=PRESENTATION_STYLE_ASSIGNMENT((#2313));
#2315=STYLED_ITEM('',(#2314),#2312);
#2316=DIRECTION('',(0.E0,-1.E0,0.E0));
#2317=VECTOR('',#2316,2.5E-1);
#2318=CARTESIAN_POINT('',(6.053125E0,0.E0,2.075E0));
#2319=LINE('',#2318,#2317);
#2320=CURVE_STYLE('',#16,POSITIVE_LENGTH_MEASURE(2.E-2),#3);
#2321=PRESENTATION_STYLE_ASSIGNMENT((#2320));
#2322=STYLED_ITEM('',(#2321),#2319);
#2323=DIRECTION('',(-4.648338989899E-1,0.E0,8.853979028379E-1));
#2324=VECTOR('',#2323,4.235383874279E-1);
#2325=CARTESIAN_POINT('',(6.25E0,-2.5E-1,1.7E0));
#2326=LINE('',#2325,#2324);
#2327=CURVE_STYLE('',#16,POSITIVE_LENGTH_MEASURE(2.E-2),#3);
#2328=PRESENTATION_STYLE_ASSIGNMENT((#2327));
#2329=STYLED_ITEM('',(#2328),#2326);
#2330=DIRECTION('',(0.E0,-1.E0,0.E0));
#2331=VECTOR('',#2330,2.09E0);
#2332=CARTESIAN_POINT('',(6.25E0,-2.5E-1,1.7E0));
#2333=LINE('',#2332,#2331);
#2334=CURVE_STYLE('',#16,POSITIVE_LENGTH_MEASURE(2.E-2),#3);
#2335=PRESENTATION_STYLE_ASSIGNMENT((#2334));
#2336=STYLED_ITEM('',(#2335),#2333);
#2337=DIRECTION('',(0.E0,1.E0,0.E0));
#2338=VECTOR('',#2337,2.E-1);
#2339=CARTESIAN_POINT('',(6.25E0,-2.54E0,1.7E0));
#2340=LINE('',#2339,#2338);
#2341=CURVE_STYLE('',#16,POSITIVE_LENGTH_MEASURE(2.E-2),#3);
#2342=PRESENTATION_STYLE_ASSIGNMENT((#2341));
#2343=STYLED_ITEM('',(#2342),#2340);
#2344=DIRECTION('',(0.E0,-1.E0,0.E0));
#2345=VECTOR('',#2344,2.09E0);
#2346=CARTESIAN_POINT('',(6.45E0,-2.5E-1,1.7E0));
#2347=LINE('',#2346,#2345);
#2348=CURVE_STYLE('',#16,POSITIVE_LENGTH_MEASURE(2.E-2),#3);
#2349=PRESENTATION_STYLE_ASSIGNMENT((#2348));
#2350=STYLED_ITEM('',(#2349),#2347);
#2351=DIRECTION('',(0.E0,-1.E0,0.E0));
#2352=VECTOR('',#2351,2.5E-1);
#2353=CARTESIAN_POINT('',(6.646875E0,0.E0,2.075E0));
#2354=LINE('',#2353,#2352);
#2355=CURVE_STYLE('',#16,POSITIVE_LENGTH_MEASURE(2.E-2),#3);
#2356=PRESENTATION_STYLE_ASSIGNMENT((#2355));
#2357=STYLED_ITEM('',(#2356),#2354);
#2358=DIRECTION('',(0.E0,-1.E0,0.E0));
#2359=VECTOR('',#2358,2.54E0);
#2360=CARTESIAN_POINT('',(6.87E0,0.E0,2.5E0));
#2361=LINE('',#2360,#2359);
#2362=CURVE_STYLE('',#16,POSITIVE_LENGTH_MEASURE(2.E-2),#3);
#2363=PRESENTATION_STYLE_ASSIGNMENT((#2362));
#2364=STYLED_ITEM('',(#2363),#2361);
#2365=DIRECTION('',(0.E0,1.E0,0.E0));
#2366=VECTOR('',#2365,2.E-1);
#2367=CARTESIAN_POINT('',(6.45E0,-2.54E0,1.7E0));
#2368=LINE('',#2367,#2366);
#2369=CURVE_STYLE('',#16,POSITIVE_LENGTH_MEASURE(2.E-2),#3);
#2370=PRESENTATION_STYLE_ASSIGNMENT((#2369));
#2371=STYLED_ITEM('',(#2370),#2368);
#2372=DIRECTION('',(4.648338989899E-1,0.E0,8.853979028379E-1));
#2373=VECTOR('',#2372,4.235383874279E-1);
#2374=CARTESIAN_POINT('',(6.45E0,-2.5E-1,1.7E0));
#2375=LINE('',#2374,#2373);
#2376=CURVE_STYLE('',#16,POSITIVE_LENGTH_MEASURE(2.E-2),#3);
#2377=PRESENTATION_STYLE_ASSIGNMENT((#2376));
#2378=STYLED_ITEM('',(#2377),#2375);
#2379=DIRECTION('',(0.E0,-1.E0,0.E0));
#2380=VECTOR('',#2379,2.5E-1);
#2381=CARTESIAN_POINT('',(8.593125E0,0.E0,2.075E0));
#2382=LINE('',#2381,#2380);
#2383=CURVE_STYLE('',#16,POSITIVE_LENGTH_MEASURE(2.E-2),#3);
#2384=PRESENTATION_STYLE_ASSIGNMENT((#2383));
#2385=STYLED_ITEM('',(#2384),#2382);
#2386=DIRECTION('',(-4.648338989899E-1,0.E0,8.853979028379E-1));
#2387=VECTOR('',#2386,4.235383874279E-1);
#2388=CARTESIAN_POINT('',(8.79E0,-2.5E-1,1.7E0));
#2389=LINE('',#2388,#2387);
#2390=CURVE_STYLE('',#16,POSITIVE_LENGTH_MEASURE(2.E-2),#3);
#2391=PRESENTATION_STYLE_ASSIGNMENT((#2390));
#2392=STYLED_ITEM('',(#2391),#2389);
#2393=DIRECTION('',(0.E0,-1.E0,0.E0));
#2394=VECTOR('',#2393,2.09E0);
#2395=CARTESIAN_POINT('',(8.79E0,-2.5E-1,1.7E0));
#2396=LINE('',#2395,#2394);
#2397=CURVE_STYLE('',#16,POSITIVE_LENGTH_MEASURE(2.E-2),#3);
#2398=PRESENTATION_STYLE_ASSIGNMENT((#2397));
#2399=STYLED_ITEM('',(#2398),#2396);
#2400=DIRECTION('',(0.E0,1.E0,0.E0));
#2401=VECTOR('',#2400,2.E-1);
#2402=CARTESIAN_POINT('',(8.79E0,-2.54E0,1.7E0));
#2403=LINE('',#2402,#2401);
#2404=CURVE_STYLE('',#16,POSITIVE_LENGTH_MEASURE(2.E-2),#3);
#2405=PRESENTATION_STYLE_ASSIGNMENT((#2404));
#2406=STYLED_ITEM('',(#2405),#2403);
#2407=DIRECTION('',(0.E0,-1.E0,0.E0));
#2408=VECTOR('',#2407,2.09E0);
#2409=CARTESIAN_POINT('',(8.99E0,-2.5E-1,1.7E0));
#2410=LINE('',#2409,#2408);
#2411=CURVE_STYLE('',#16,POSITIVE_LENGTH_MEASURE(2.E-2),#3);
#2412=PRESENTATION_STYLE_ASSIGNMENT((#2411));
#2413=STYLED_ITEM('',(#2412),#2410);
#2414=DIRECTION('',(0.E0,-1.E0,0.E0));
#2415=VECTOR('',#2414,2.5E-1);
#2416=CARTESIAN_POINT('',(9.186875E0,0.E0,2.075E0));
#2417=LINE('',#2416,#2415);
#2418=CURVE_STYLE('',#16,POSITIVE_LENGTH_MEASURE(2.E-2),#3);
#2419=PRESENTATION_STYLE_ASSIGNMENT((#2418));
#2420=STYLED_ITEM('',(#2419),#2417);
#2421=DIRECTION('',(0.E0,-1.E0,0.E0));
#2422=VECTOR('',#2421,2.54E0);
#2423=CARTESIAN_POINT('',(9.41E0,0.E0,2.5E0));
#2424=LINE('',#2423,#2422);
#2425=CURVE_STYLE('',#16,POSITIVE_LENGTH_MEASURE(2.E-2),#3);
#2426=PRESENTATION_STYLE_ASSIGNMENT((#2425));
#2427=STYLED_ITEM('',(#2426),#2424);
#2428=DIRECTION('',(0.E0,1.E0,0.E0));
#2429=VECTOR('',#2428,2.E-1);
#2430=CARTESIAN_POINT('',(8.99E0,-2.54E0,1.7E0));
#2431=LINE('',#2430,#2429);
#2432=CURVE_STYLE('',#16,POSITIVE_LENGTH_MEASURE(2.E-2),#3);
#2433=PRESENTATION_STYLE_ASSIGNMENT((#2432));
#2434=STYLED_ITEM('',(#2433),#2431);
#2435=DIRECTION('',(4.648338989899E-1,0.E0,8.853979028379E-1));
#2436=VECTOR('',#2435,4.235383874279E-1);
#2437=CARTESIAN_POINT('',(8.99E0,-2.5E-1,1.7E0));
#2438=LINE('',#2437,#2436);
#2439=CURVE_STYLE('',#16,POSITIVE_LENGTH_MEASURE(2.E-2),#3);
#2440=PRESENTATION_STYLE_ASSIGNMENT((#2439));
#2441=STYLED_ITEM('',(#2440),#2438);
#2442=DIRECTION('',(0.E0,-1.E0,0.E0));
#2443=VECTOR('',#2442,2.5E-1);
#2444=CARTESIAN_POINT('',(1.1133125E1,0.E0,2.075E0));
#2445=LINE('',#2444,#2443);
#2446=CURVE_STYLE('',#16,POSITIVE_LENGTH_MEASURE(2.E-2),#3);
#2447=PRESENTATION_STYLE_ASSIGNMENT((#2446));
#2448=STYLED_ITEM('',(#2447),#2445);
#2449=DIRECTION('',(-4.648338989899E-1,0.E0,8.853979028379E-1));
#2450=VECTOR('',#2449,4.235383874279E-1);
#2451=CARTESIAN_POINT('',(1.133E1,-2.5E-1,1.7E0));
#2452=LINE('',#2451,#2450);
#2453=CURVE_STYLE('',#16,POSITIVE_LENGTH_MEASURE(2.E-2),#3);
#2454=PRESENTATION_STYLE_ASSIGNMENT((#2453));
#2455=STYLED_ITEM('',(#2454),#2452);
#2456=DIRECTION('',(0.E0,-1.E0,0.E0));
#2457=VECTOR('',#2456,2.09E0);
#2458=CARTESIAN_POINT('',(1.133E1,-2.5E-1,1.7E0));
#2459=LINE('',#2458,#2457);
#2460=CURVE_STYLE('',#16,POSITIVE_LENGTH_MEASURE(2.E-2),#3);
#2461=PRESENTATION_STYLE_ASSIGNMENT((#2460));
#2462=STYLED_ITEM('',(#2461),#2459);
#2463=DIRECTION('',(0.E0,1.E0,0.E0));
#2464=VECTOR('',#2463,2.E-1);
#2465=CARTESIAN_POINT('',(1.133E1,-2.54E0,1.7E0));
#2466=LINE('',#2465,#2464);
#2467=CURVE_STYLE('',#16,POSITIVE_LENGTH_MEASURE(2.E-2),#3);
#2468=PRESENTATION_STYLE_ASSIGNMENT((#2467));
#2469=STYLED_ITEM('',(#2468),#2466);
#2470=DIRECTION('',(0.E0,-1.E0,0.E0));
#2471=VECTOR('',#2470,2.09E0);
#2472=CARTESIAN_POINT('',(1.153E1,-2.5E-1,1.7E0));
#2473=LINE('',#2472,#2471);
#2474=CURVE_STYLE('',#16,POSITIVE_LENGTH_MEASURE(2.E-2),#3);
#2475=PRESENTATION_STYLE_ASSIGNMENT((#2474));
#2476=STYLED_ITEM('',(#2475),#2473);
#2477=DIRECTION('',(0.E0,-1.E0,0.E0));
#2478=VECTOR('',#2477,2.5E-1);
#2479=CARTESIAN_POINT('',(1.1726875E1,0.E0,2.075E0));
#2480=LINE('',#2479,#2478);
#2481=CURVE_STYLE('',#16,POSITIVE_LENGTH_MEASURE(2.E-2),#3);
#2482=PRESENTATION_STYLE_ASSIGNMENT((#2481));
#2483=STYLED_ITEM('',(#2482),#2480);
#2484=DIRECTION('',(0.E0,-1.E0,0.E0));
#2485=VECTOR('',#2484,2.54E0);
#2486=CARTESIAN_POINT('',(1.195E1,0.E0,2.5E0));
#2487=LINE('',#2486,#2485);
#2488=CURVE_STYLE('',#16,POSITIVE_LENGTH_MEASURE(2.E-2),#3);
#2489=PRESENTATION_STYLE_ASSIGNMENT((#2488));
#2490=STYLED_ITEM('',(#2489),#2487);
#2491=DIRECTION('',(0.E0,1.E0,0.E0));
#2492=VECTOR('',#2491,2.E-1);
#2493=CARTESIAN_POINT('',(1.153E1,-2.54E0,1.7E0));
#2494=LINE('',#2493,#2492);
#2495=CURVE_STYLE('',#16,POSITIVE_LENGTH_MEASURE(2.E-2),#3);
#2496=PRESENTATION_STYLE_ASSIGNMENT((#2495));
#2497=STYLED_ITEM('',(#2496),#2494);
#2498=DIRECTION('',(4.648338989899E-1,0.E0,8.853979028379E-1));
#2499=VECTOR('',#2498,4.235383874279E-1);
#2500=CARTESIAN_POINT('',(1.153E1,-2.5E-1,1.7E0));
#2501=LINE('',#2500,#2499);
#2502=CURVE_STYLE('',#16,POSITIVE_LENGTH_MEASURE(2.E-2),#3);
#2503=PRESENTATION_STYLE_ASSIGNMENT((#2502));
#2504=STYLED_ITEM('',(#2503),#2501);
#2505=DIRECTION('',(2.131628207280E-14,-1.E0,0.E0));
#2506=VECTOR('',#2505,2.5E-1);
#2507=CARTESIAN_POINT('',(1.3673125E1,0.E0,2.075E0));
#2508=LINE('',#2507,#2506);
#2509=CURVE_STYLE('',#16,POSITIVE_LENGTH_MEASURE(2.E-2),#3);
#2510=PRESENTATION_STYLE_ASSIGNMENT((#2509));
#2511=STYLED_ITEM('',(#2510),#2508);
#2512=DIRECTION('',(-4.648338989899E-1,0.E0,8.853979028379E-1));
#2513=VECTOR('',#2512,4.235383874279E-1);
#2514=CARTESIAN_POINT('',(1.387E1,-2.5E-1,1.7E0));
#2515=LINE('',#2514,#2513);
#2516=CURVE_STYLE('',#16,POSITIVE_LENGTH_MEASURE(2.E-2),#3);
#2517=PRESENTATION_STYLE_ASSIGNMENT((#2516));
#2518=STYLED_ITEM('',(#2517),#2515);
#2519=DIRECTION('',(0.E0,-1.E0,0.E0));
#2520=VECTOR('',#2519,2.09E0);
#2521=CARTESIAN_POINT('',(1.387E1,-2.5E-1,1.7E0));
#2522=LINE('',#2521,#2520);
#2523=CURVE_STYLE('',#16,POSITIVE_LENGTH_MEASURE(2.E-2),#3);
#2524=PRESENTATION_STYLE_ASSIGNMENT((#2523));
#2525=STYLED_ITEM('',(#2524),#2522);
#2526=DIRECTION('',(0.E0,1.E0,0.E0));
#2527=VECTOR('',#2526,2.E-1);
#2528=CARTESIAN_POINT('',(1.387E1,-2.54E0,1.7E0));
#2529=LINE('',#2528,#2527);
#2530=CURVE_STYLE('',#16,POSITIVE_LENGTH_MEASURE(2.E-2),#3);
#2531=PRESENTATION_STYLE_ASSIGNMENT((#2530));
#2532=STYLED_ITEM('',(#2531),#2529);
#2533=DIRECTION('',(0.E0,-1.E0,0.E0));
#2534=VECTOR('',#2533,2.09E0);
#2535=CARTESIAN_POINT('',(1.407E1,-2.5E-1,1.7E0));
#2536=LINE('',#2535,#2534);
#2537=CURVE_STYLE('',#16,POSITIVE_LENGTH_MEASURE(2.E-2),#3);
#2538=PRESENTATION_STYLE_ASSIGNMENT((#2537));
#2539=STYLED_ITEM('',(#2538),#2536);
#2540=DIRECTION('',(0.E0,-1.E0,0.E0));
#2541=VECTOR('',#2540,2.5E-1);
#2542=CARTESIAN_POINT('',(1.4266875E1,0.E0,2.075E0));
#2543=LINE('',#2542,#2541);
#2544=CURVE_STYLE('',#16,POSITIVE_LENGTH_MEASURE(2.E-2),#3);
#2545=PRESENTATION_STYLE_ASSIGNMENT((#2544));
#2546=STYLED_ITEM('',(#2545),#2543);
#2547=DIRECTION('',(0.E0,-1.E0,0.E0));
#2548=VECTOR('',#2547,2.54E0);
#2549=CARTESIAN_POINT('',(1.449E1,0.E0,2.5E0));
#2550=LINE('',#2549,#2548);
#2551=CURVE_STYLE('',#16,POSITIVE_LENGTH_MEASURE(2.E-2),#3);
#2552=PRESENTATION_STYLE_ASSIGNMENT((#2551));
#2553=STYLED_ITEM('',(#2552),#2550);
#2554=DIRECTION('',(0.E0,1.E0,0.E0));
#2555=VECTOR('',#2554,2.E-1);
#2556=CARTESIAN_POINT('',(1.407E1,-2.54E0,1.7E0));
#2557=LINE('',#2556,#2555);
#2558=CURVE_STYLE('',#16,POSITIVE_LENGTH_MEASURE(2.E-2),#3);
#2559=PRESENTATION_STYLE_ASSIGNMENT((#2558));
#2560=STYLED_ITEM('',(#2559),#2557);
#2561=DIRECTION('',(4.648338989899E-1,0.E0,8.853979028379E-1));
#2562=VECTOR('',#2561,4.235383874279E-1);
#2563=CARTESIAN_POINT('',(1.407E1,-2.5E-1,1.7E0));
#2564=LINE('',#2563,#2562);
#2565=CURVE_STYLE('',#16,POSITIVE_LENGTH_MEASURE(2.E-2),#3);
#2566=PRESENTATION_STYLE_ASSIGNMENT((#2565));
#2567=STYLED_ITEM('',(#2566),#2564);
#2568=DIRECTION('',(0.E0,-1.E0,0.E0));
#2569=VECTOR('',#2568,2.5E-1);
#2570=CARTESIAN_POINT('',(1.6213125E1,0.E0,2.075E0));
#2571=LINE('',#2570,#2569);
#2572=CURVE_STYLE('',#16,POSITIVE_LENGTH_MEASURE(2.E-2),#3);
#2573=PRESENTATION_STYLE_ASSIGNMENT((#2572));
#2574=STYLED_ITEM('',(#2573),#2571);
#2575=DIRECTION('',(-4.648338989899E-1,0.E0,8.853979028379E-1));
#2576=VECTOR('',#2575,4.235383874279E-1);
#2577=CARTESIAN_POINT('',(1.641E1,-2.5E-1,1.7E0));
#2578=LINE('',#2577,#2576);
#2579=CURVE_STYLE('',#16,POSITIVE_LENGTH_MEASURE(2.E-2),#3);
#2580=PRESENTATION_STYLE_ASSIGNMENT((#2579));
#2581=STYLED_ITEM('',(#2580),#2578);
#2582=DIRECTION('',(0.E0,-1.E0,0.E0));
#2583=VECTOR('',#2582,2.09E0);
#2584=CARTESIAN_POINT('',(1.641E1,-2.5E-1,1.7E0));
#2585=LINE('',#2584,#2583);
#2586=CURVE_STYLE('',#16,POSITIVE_LENGTH_MEASURE(2.E-2),#3);
#2587=PRESENTATION_STYLE_ASSIGNMENT((#2586));
#2588=STYLED_ITEM('',(#2587),#2585);
#2589=DIRECTION('',(0.E0,1.E0,0.E0));
#2590=VECTOR('',#2589,2.E-1);
#2591=CARTESIAN_POINT('',(1.641E1,-2.54E0,1.7E0));
#2592=LINE('',#2591,#2590);
#2593=CURVE_STYLE('',#16,POSITIVE_LENGTH_MEASURE(2.E-2),#3);
#2594=PRESENTATION_STYLE_ASSIGNMENT((#2593));
#2595=STYLED_ITEM('',(#2594),#2592);
#2596=DIRECTION('',(0.E0,-1.E0,0.E0));
#2597=VECTOR('',#2596,2.09E0);
#2598=CARTESIAN_POINT('',(1.661E1,-2.5E-1,1.7E0));
#2599=LINE('',#2598,#2597);
#2600=CURVE_STYLE('',#16,POSITIVE_LENGTH_MEASURE(2.E-2),#3);
#2601=PRESENTATION_STYLE_ASSIGNMENT((#2600));
#2602=STYLED_ITEM('',(#2601),#2599);
#2603=DIRECTION('',(0.E0,-1.E0,0.E0));
#2604=VECTOR('',#2603,2.5E-1);
#2605=CARTESIAN_POINT('',(1.6806875E1,0.E0,2.075E0));
#2606=LINE('',#2605,#2604);
#2607=CURVE_STYLE('',#16,POSITIVE_LENGTH_MEASURE(2.E-2),#3);
#2608=PRESENTATION_STYLE_ASSIGNMENT((#2607));
#2609=STYLED_ITEM('',(#2608),#2606);
#2610=DIRECTION('',(0.E0,-1.E0,0.E0));
#2611=VECTOR('',#2610,2.54E0);
#2612=CARTESIAN_POINT('',(1.703E1,0.E0,2.5E0));
#2613=LINE('',#2612,#2611);
#2614=CURVE_STYLE('',#16,POSITIVE_LENGTH_MEASURE(2.E-2),#3);
#2615=PRESENTATION_STYLE_ASSIGNMENT((#2614));
#2616=STYLED_ITEM('',(#2615),#2613);
#2617=DIRECTION('',(0.E0,1.E0,0.E0));
#2618=VECTOR('',#2617,2.E-1);
#2619=CARTESIAN_POINT('',(1.661E1,-2.54E0,1.7E0));
#2620=LINE('',#2619,#2618);
#2621=CURVE_STYLE('',#16,POSITIVE_LENGTH_MEASURE(2.E-2),#3);
#2622=PRESENTATION_STYLE_ASSIGNMENT((#2621));
#2623=STYLED_ITEM('',(#2622),#2620);
#2624=DIRECTION('',(4.648338989899E-1,0.E0,8.853979028379E-1));
#2625=VECTOR('',#2624,4.235383874279E-1);
#2626=CARTESIAN_POINT('',(1.661E1,-2.5E-1,1.7E0));
#2627=LINE('',#2626,#2625);
#2628=CURVE_STYLE('',#16,POSITIVE_LENGTH_MEASURE(2.E-2),#3);
#2629=PRESENTATION_STYLE_ASSIGNMENT((#2628));
#2630=STYLED_ITEM('',(#2629),#2627);
#2631=DIRECTION('',(0.E0,-1.E0,0.E0));
#2632=VECTOR('',#2631,2.5E-1);
#2633=CARTESIAN_POINT('',(1.8753125E1,0.E0,2.075E0));
#2634=LINE('',#2633,#2632);
#2635=CURVE_STYLE('',#16,POSITIVE_LENGTH_MEASURE(2.E-2),#3);
#2636=PRESENTATION_STYLE_ASSIGNMENT((#2635));
#2637=STYLED_ITEM('',(#2636),#2634);
#2638=DIRECTION('',(-4.648338989899E-1,0.E0,8.853979028379E-1));
#2639=VECTOR('',#2638,4.235383874279E-1);
#2640=CARTESIAN_POINT('',(1.895E1,-2.5E-1,1.7E0));
#2641=LINE('',#2640,#2639);
#2642=CURVE_STYLE('',#16,POSITIVE_LENGTH_MEASURE(2.E-2),#3);
#2643=PRESENTATION_STYLE_ASSIGNMENT((#2642));
#2644=STYLED_ITEM('',(#2643),#2641);
#2645=DIRECTION('',(0.E0,-1.E0,0.E0));
#2646=VECTOR('',#2645,2.09E0);
#2647=CARTESIAN_POINT('',(1.895E1,-2.5E-1,1.7E0));
#2648=LINE('',#2647,#2646);
#2649=CURVE_STYLE('',#16,POSITIVE_LENGTH_MEASURE(2.E-2),#3);
#2650=PRESENTATION_STYLE_ASSIGNMENT((#2649));
#2651=STYLED_ITEM('',(#2650),#2648);
#2652=DIRECTION('',(0.E0,1.E0,0.E0));
#2653=VECTOR('',#2652,2.E-1);
#2654=CARTESIAN_POINT('',(1.895E1,-2.54E0,1.7E0));
#2655=LINE('',#2654,#2653);
#2656=CURVE_STYLE('',#16,POSITIVE_LENGTH_MEASURE(2.E-2),#3);
#2657=PRESENTATION_STYLE_ASSIGNMENT((#2656));
#2658=STYLED_ITEM('',(#2657),#2655);
#2659=DIRECTION('',(0.E0,-1.E0,0.E0));
#2660=VECTOR('',#2659,2.09E0);
#2661=CARTESIAN_POINT('',(1.915E1,-2.5E-1,1.7E0));
#2662=LINE('',#2661,#2660);
#2663=CURVE_STYLE('',#16,POSITIVE_LENGTH_MEASURE(2.E-2),#3);
#2664=PRESENTATION_STYLE_ASSIGNMENT((#2663));
#2665=STYLED_ITEM('',(#2664),#2662);
#2666=DIRECTION('',(0.E0,-1.E0,0.E0));
#2667=VECTOR('',#2666,2.5E-1);
#2668=CARTESIAN_POINT('',(1.9346875E1,0.E0,2.075E0));
#2669=LINE('',#2668,#2667);
#2670=CURVE_STYLE('',#16,POSITIVE_LENGTH_MEASURE(2.E-2),#3);
#2671=PRESENTATION_STYLE_ASSIGNMENT((#2670));
#2672=STYLED_ITEM('',(#2671),#2669);
#2673=DIRECTION('',(0.E0,-1.E0,0.E0));
#2674=VECTOR('',#2673,2.54E0);
#2675=CARTESIAN_POINT('',(1.957E1,0.E0,2.5E0));
#2676=LINE('',#2675,#2674);
#2677=CURVE_STYLE('',#16,POSITIVE_LENGTH_MEASURE(2.E-2),#3);
#2678=PRESENTATION_STYLE_ASSIGNMENT((#2677));
#2679=STYLED_ITEM('',(#2678),#2676);
#2680=DIRECTION('',(1.776356839400E-14,1.E0,0.E0));
#2681=VECTOR('',#2680,2.E-1);
#2682=CARTESIAN_POINT('',(1.915E1,-2.54E0,1.7E0));
#2683=LINE('',#2682,#2681);
#2684=CURVE_STYLE('',#16,POSITIVE_LENGTH_MEASURE(2.E-2),#3);
#2685=PRESENTATION_STYLE_ASSIGNMENT((#2684));
#2686=STYLED_ITEM('',(#2685),#2683);
#2687=DIRECTION('',(4.648338989899E-1,0.E0,8.853979028379E-1));
#2688=VECTOR('',#2687,4.235383874279E-1);
#2689=CARTESIAN_POINT('',(1.915E1,-2.5E-1,1.7E0));
#2690=LINE('',#2689,#2688);
#2691=CURVE_STYLE('',#16,POSITIVE_LENGTH_MEASURE(2.E-2),#3);
#2692=PRESENTATION_STYLE_ASSIGNMENT((#2691));
#2693=STYLED_ITEM('',(#2692),#2690);
#2694=DIRECTION('',(1.421085471520E-14,-1.E0,0.E0));
#2695=VECTOR('',#2694,2.5E-1);
#2696=CARTESIAN_POINT('',(2.1293125E1,0.E0,2.075E0));
#2697=LINE('',#2696,#2695);
#2698=CURVE_STYLE('',#16,POSITIVE_LENGTH_MEASURE(2.E-2),#3);
#2699=PRESENTATION_STYLE_ASSIGNMENT((#2698));
#2700=STYLED_ITEM('',(#2699),#2697);
#2701=DIRECTION('',(-4.648338989899E-1,0.E0,8.853979028379E-1));
#2702=VECTOR('',#2701,4.235383874279E-1);
#2703=CARTESIAN_POINT('',(2.149E1,-2.5E-1,1.7E0));
#2704=LINE('',#2703,#2702);
#2705=CURVE_STYLE('',#16,POSITIVE_LENGTH_MEASURE(2.E-2),#3);
#2706=PRESENTATION_STYLE_ASSIGNMENT((#2705));
#2707=STYLED_ITEM('',(#2706),#2704);
#2708=DIRECTION('',(0.E0,-1.E0,0.E0));
#2709=VECTOR('',#2708,2.09E0);
#2710=CARTESIAN_POINT('',(2.149E1,-2.5E-1,1.7E0));
#2711=LINE('',#2710,#2709);
#2712=CURVE_STYLE('',#16,POSITIVE_LENGTH_MEASURE(2.E-2),#3);
#2713=PRESENTATION_STYLE_ASSIGNMENT((#2712));
#2714=STYLED_ITEM('',(#2713),#2711);
#2715=DIRECTION('',(1.776356839400E-14,1.E0,0.E0));
#2716=VECTOR('',#2715,2.E-1);
#2717=CARTESIAN_POINT('',(2.149E1,-2.54E0,1.7E0));
#2718=LINE('',#2717,#2716);
#2719=CURVE_STYLE('',#16,POSITIVE_LENGTH_MEASURE(2.E-2),#3);
#2720=PRESENTATION_STYLE_ASSIGNMENT((#2719));
#2721=STYLED_ITEM('',(#2720),#2718);
#2722=DIRECTION('',(0.E0,-1.E0,0.E0));
#2723=VECTOR('',#2722,2.09E0);
#2724=CARTESIAN_POINT('',(2.169E1,-2.5E-1,1.7E0));
#2725=LINE('',#2724,#2723);
#2726=CURVE_STYLE('',#16,POSITIVE_LENGTH_MEASURE(2.E-2),#3);
#2727=PRESENTATION_STYLE_ASSIGNMENT((#2726));
#2728=STYLED_ITEM('',(#2727),#2725);
#2729=DIRECTION('',(0.E0,-1.E0,0.E0));
#2730=VECTOR('',#2729,2.5E-1);
#2731=CARTESIAN_POINT('',(2.1886875E1,0.E0,2.075E0));
#2732=LINE('',#2731,#2730);
#2733=CURVE_STYLE('',#16,POSITIVE_LENGTH_MEASURE(2.E-2),#3);
#2734=PRESENTATION_STYLE_ASSIGNMENT((#2733));
#2735=STYLED_ITEM('',(#2734),#2732);
#2736=DIRECTION('',(0.E0,-1.E0,0.E0));
#2737=VECTOR('',#2736,2.54E0);
#2738=CARTESIAN_POINT('',(2.211E1,0.E0,2.5E0));
#2739=LINE('',#2738,#2737);
#2740=CURVE_STYLE('',#16,POSITIVE_LENGTH_MEASURE(2.E-2),#3);
#2741=PRESENTATION_STYLE_ASSIGNMENT((#2740));
#2742=STYLED_ITEM('',(#2741),#2739);
#2743=DIRECTION('',(0.E0,1.E0,0.E0));
#2744=VECTOR('',#2743,2.E-1);
#2745=CARTESIAN_POINT('',(2.169E1,-2.54E0,1.7E0));
#2746=LINE('',#2745,#2744);
#2747=CURVE_STYLE('',#16,POSITIVE_LENGTH_MEASURE(2.E-2),#3);
#2748=PRESENTATION_STYLE_ASSIGNMENT((#2747));
#2749=STYLED_ITEM('',(#2748),#2746);
#2750=DIRECTION('',(4.648338989899E-1,0.E0,8.853979028379E-1));
#2751=VECTOR('',#2750,4.235383874279E-1);
#2752=CARTESIAN_POINT('',(2.169E1,-2.5E-1,1.7E0));
#2753=LINE('',#2752,#2751);
#2754=CURVE_STYLE('',#16,POSITIVE_LENGTH_MEASURE(2.E-2),#3);
#2755=PRESENTATION_STYLE_ASSIGNMENT((#2754));
#2756=STYLED_ITEM('',(#2755),#2753);
#2757=DIRECTION('',(0.E0,-1.E0,0.E0));
#2758=VECTOR('',#2757,2.5E-1);
#2759=CARTESIAN_POINT('',(2.3833125E1,0.E0,2.075E0));
#2760=LINE('',#2759,#2758);
#2761=CURVE_STYLE('',#16,POSITIVE_LENGTH_MEASURE(2.E-2),#3);
#2762=PRESENTATION_STYLE_ASSIGNMENT((#2761));
#2763=STYLED_ITEM('',(#2762),#2760);
#2764=DIRECTION('',(-4.648338989899E-1,0.E0,8.853979028379E-1));
#2765=VECTOR('',#2764,4.235383874279E-1);
#2766=CARTESIAN_POINT('',(2.403E1,-2.5E-1,1.7E0));
#2767=LINE('',#2766,#2765);
#2768=CURVE_STYLE('',#16,POSITIVE_LENGTH_MEASURE(2.E-2),#3);
#2769=PRESENTATION_STYLE_ASSIGNMENT((#2768));
#2770=STYLED_ITEM('',(#2769),#2767);
#2771=DIRECTION('',(0.E0,-1.E0,0.E0));
#2772=VECTOR('',#2771,2.09E0);
#2773=CARTESIAN_POINT('',(2.403E1,-2.5E-1,1.7E0));
#2774=LINE('',#2773,#2772);
#2775=CURVE_STYLE('',#16,POSITIVE_LENGTH_MEASURE(2.E-2),#3);
#2776=PRESENTATION_STYLE_ASSIGNMENT((#2775));
#2777=STYLED_ITEM('',(#2776),#2774);
#2778=DIRECTION('',(0.E0,1.E0,0.E0));
#2779=VECTOR('',#2778,2.E-1);
#2780=CARTESIAN_POINT('',(2.403E1,-2.54E0,1.7E0));
#2781=LINE('',#2780,#2779);
#2782=CURVE_STYLE('',#16,POSITIVE_LENGTH_MEASURE(2.E-2),#3);
#2783=PRESENTATION_STYLE_ASSIGNMENT((#2782));
#2784=STYLED_ITEM('',(#2783),#2781);
#2785=DIRECTION('',(0.E0,-1.E0,0.E0));
#2786=VECTOR('',#2785,2.09E0);
#2787=CARTESIAN_POINT('',(2.423E1,-2.5E-1,1.7E0));
#2788=LINE('',#2787,#2786);
#2789=CURVE_STYLE('',#16,POSITIVE_LENGTH_MEASURE(2.E-2),#3);
#2790=PRESENTATION_STYLE_ASSIGNMENT((#2789));
#2791=STYLED_ITEM('',(#2790),#2788);
#2792=DIRECTION('',(2.842170943040E-14,-1.E0,0.E0));
#2793=VECTOR('',#2792,2.5E-1);
#2794=CARTESIAN_POINT('',(2.4426875E1,0.E0,2.075E0));
#2795=LINE('',#2794,#2793);
#2796=CURVE_STYLE('',#16,POSITIVE_LENGTH_MEASURE(2.E-2),#3);
#2797=PRESENTATION_STYLE_ASSIGNMENT((#2796));
#2798=STYLED_ITEM('',(#2797),#2795);
#2799=DIRECTION('',(0.E0,-1.E0,0.E0));
#2800=VECTOR('',#2799,2.54E0);
#2801=CARTESIAN_POINT('',(2.465E1,0.E0,2.5E0));
#2802=LINE('',#2801,#2800);
#2803=CURVE_STYLE('',#16,POSITIVE_LENGTH_MEASURE(2.E-2),#3);
#2804=PRESENTATION_STYLE_ASSIGNMENT((#2803));
#2805=STYLED_ITEM('',(#2804),#2802);
#2806=DIRECTION('',(0.E0,1.E0,0.E0));
#2807=VECTOR('',#2806,2.E-1);
#2808=CARTESIAN_POINT('',(2.423E1,-2.54E0,1.7E0));
#2809=LINE('',#2808,#2807);
#2810=CURVE_STYLE('',#16,POSITIVE_LENGTH_MEASURE(2.E-2),#3);
#2811=PRESENTATION_STYLE_ASSIGNMENT((#2810));
#2812=STYLED_ITEM('',(#2811),#2809);
#2813=DIRECTION('',(4.648338989899E-1,0.E0,8.853979028379E-1));
#2814=VECTOR('',#2813,4.235383874279E-1);
#2815=CARTESIAN_POINT('',(2.423E1,-2.5E-1,1.7E0));
#2816=LINE('',#2815,#2814);
#2817=CURVE_STYLE('',#16,POSITIVE_LENGTH_MEASURE(2.E-2),#3);
#2818=PRESENTATION_STYLE_ASSIGNMENT((#2817));
#2819=STYLED_ITEM('',(#2818),#2816);
#2820=DIRECTION('',(1.421085471520E-14,-1.E0,0.E0));
#2821=VECTOR('',#2820,2.5E-1);
#2822=CARTESIAN_POINT('',(2.6373125E1,0.E0,2.075E0));
#2823=LINE('',#2822,#2821);
#2824=CURVE_STYLE('',#16,POSITIVE_LENGTH_MEASURE(2.E-2),#3);
#2825=PRESENTATION_STYLE_ASSIGNMENT((#2824));
#2826=STYLED_ITEM('',(#2825),#2823);
#2827=DIRECTION('',(-4.648338989899E-1,0.E0,8.853979028379E-1));
#2828=VECTOR('',#2827,4.235383874279E-1);
#2829=CARTESIAN_POINT('',(2.657E1,-2.5E-1,1.7E0));
#2830=LINE('',#2829,#2828);
#2831=CURVE_STYLE('',#16,POSITIVE_LENGTH_MEASURE(2.E-2),#3);
#2832=PRESENTATION_STYLE_ASSIGNMENT((#2831));
#2833=STYLED_ITEM('',(#2832),#2830);
#2834=DIRECTION('',(0.E0,-1.E0,0.E0));
#2835=VECTOR('',#2834,2.09E0);
#2836=CARTESIAN_POINT('',(2.657E1,-2.5E-1,1.7E0));
#2837=LINE('',#2836,#2835);
#2838=CURVE_STYLE('',#16,POSITIVE_LENGTH_MEASURE(2.E-2),#3);
#2839=PRESENTATION_STYLE_ASSIGNMENT((#2838));
#2840=STYLED_ITEM('',(#2839),#2837);
#2841=DIRECTION('',(0.E0,1.E0,0.E0));
#2842=VECTOR('',#2841,2.E-1);
#2843=CARTESIAN_POINT('',(2.657E1,-2.54E0,1.7E0));
#2844=LINE('',#2843,#2842);
#2845=CURVE_STYLE('',#16,POSITIVE_LENGTH_MEASURE(2.E-2),#3);
#2846=PRESENTATION_STYLE_ASSIGNMENT((#2845));
#2847=STYLED_ITEM('',(#2846),#2844);
#2848=DIRECTION('',(0.E0,-1.E0,0.E0));
#2849=VECTOR('',#2848,2.09E0);
#2850=CARTESIAN_POINT('',(2.677E1,-2.5E-1,1.7E0));
#2851=LINE('',#2850,#2849);
#2852=CURVE_STYLE('',#16,POSITIVE_LENGTH_MEASURE(2.E-2),#3);
#2853=PRESENTATION_STYLE_ASSIGNMENT((#2852));
#2854=STYLED_ITEM('',(#2853),#2851);
#2855=DIRECTION('',(0.E0,-1.E0,0.E0));
#2856=VECTOR('',#2855,2.5E-1);
#2857=CARTESIAN_POINT('',(2.6966875E1,0.E0,2.075E0));
#2858=LINE('',#2857,#2856);
#2859=CURVE_STYLE('',#16,POSITIVE_LENGTH_MEASURE(2.E-2),#3);
#2860=PRESENTATION_STYLE_ASSIGNMENT((#2859));
#2861=STYLED_ITEM('',(#2860),#2858);
#2862=DIRECTION('',(0.E0,-1.E0,0.E0));
#2863=VECTOR('',#2862,2.54E0);
#2864=CARTESIAN_POINT('',(2.719E1,0.E0,2.5E0));
#2865=LINE('',#2864,#2863);
#2866=CURVE_STYLE('',#16,POSITIVE_LENGTH_MEASURE(2.E-2),#3);
#2867=PRESENTATION_STYLE_ASSIGNMENT((#2866));
#2868=STYLED_ITEM('',(#2867),#2865);
#2869=DIRECTION('',(1.776356839400E-14,1.E0,0.E0));
#2870=VECTOR('',#2869,2.E-1);
#2871=CARTESIAN_POINT('',(2.677E1,-2.54E0,1.7E0));
#2872=LINE('',#2871,#2870);
#2873=CURVE_STYLE('',#16,POSITIVE_LENGTH_MEASURE(2.E-2),#3);
#2874=PRESENTATION_STYLE_ASSIGNMENT((#2873));
#2875=STYLED_ITEM('',(#2874),#2872);
#2876=DIRECTION('',(4.648338989899E-1,0.E0,8.853979028379E-1));
#2877=VECTOR('',#2876,4.235383874279E-1);
#2878=CARTESIAN_POINT('',(2.677E1,-2.5E-1,1.7E0));
#2879=LINE('',#2878,#2877);
#2880=CURVE_STYLE('',#16,POSITIVE_LENGTH_MEASURE(2.E-2),#3);
#2881=PRESENTATION_STYLE_ASSIGNMENT((#2880));
#2882=STYLED_ITEM('',(#2881),#2879);
#2883=DIRECTION('',(-2.842170943040E-14,-1.E0,0.E0));
#2884=VECTOR('',#2883,2.5E-1);
#2885=CARTESIAN_POINT('',(2.8913125E1,0.E0,2.075E0));
#2886=LINE('',#2885,#2884);
#2887=CURVE_STYLE('',#16,POSITIVE_LENGTH_MEASURE(2.E-2),#3);
#2888=PRESENTATION_STYLE_ASSIGNMENT((#2887));
#2889=STYLED_ITEM('',(#2888),#2886);
#2890=DIRECTION('',(-4.648338989899E-1,0.E0,8.853979028379E-1));
#2891=VECTOR('',#2890,4.235383874279E-1);
#2892=CARTESIAN_POINT('',(2.911E1,-2.5E-1,1.7E0));
#2893=LINE('',#2892,#2891);
#2894=CURVE_STYLE('',#16,POSITIVE_LENGTH_MEASURE(2.E-2),#3);
#2895=PRESENTATION_STYLE_ASSIGNMENT((#2894));
#2896=STYLED_ITEM('',(#2895),#2893);
#2897=DIRECTION('',(0.E0,-1.E0,0.E0));
#2898=VECTOR('',#2897,2.09E0);
#2899=CARTESIAN_POINT('',(2.911E1,-2.5E-1,1.7E0));
#2900=LINE('',#2899,#2898);
#2901=CURVE_STYLE('',#16,POSITIVE_LENGTH_MEASURE(2.E-2),#3);
#2902=PRESENTATION_STYLE_ASSIGNMENT((#2901));
#2903=STYLED_ITEM('',(#2902),#2900);
#2904=DIRECTION('',(1.776356839400E-14,1.E0,0.E0));
#2905=VECTOR('',#2904,2.E-1);
#2906=CARTESIAN_POINT('',(2.911E1,-2.54E0,1.7E0));
#2907=LINE('',#2906,#2905);
#2908=CURVE_STYLE('',#16,POSITIVE_LENGTH_MEASURE(2.E-2),#3);
#2909=PRESENTATION_STYLE_ASSIGNMENT((#2908));
#2910=STYLED_ITEM('',(#2909),#2907);
#2911=DIRECTION('',(0.E0,-1.E0,0.E0));
#2912=VECTOR('',#2911,2.09E0);
#2913=CARTESIAN_POINT('',(2.931E1,-2.5E-1,1.7E0));
#2914=LINE('',#2913,#2912);
#2915=CURVE_STYLE('',#16,POSITIVE_LENGTH_MEASURE(2.E-2),#3);
#2916=PRESENTATION_STYLE_ASSIGNMENT((#2915));
#2917=STYLED_ITEM('',(#2916),#2914);
#2918=DIRECTION('',(0.E0,-1.E0,0.E0));
#2919=VECTOR('',#2918,2.5E-1);
#2920=CARTESIAN_POINT('',(2.9506875E1,0.E0,2.075E0));
#2921=LINE('',#2920,#2919);
#2922=CURVE_STYLE('',#16,POSITIVE_LENGTH_MEASURE(2.E-2),#3);
#2923=PRESENTATION_STYLE_ASSIGNMENT((#2922));
#2924=STYLED_ITEM('',(#2923),#2921);
#2925=DIRECTION('',(0.E0,-1.E0,0.E0));
#2926=VECTOR('',#2925,2.54E0);
#2927=CARTESIAN_POINT('',(2.973E1,0.E0,2.5E0));
#2928=LINE('',#2927,#2926);
#2929=CURVE_STYLE('',#16,POSITIVE_LENGTH_MEASURE(2.E-2),#3);
#2930=PRESENTATION_STYLE_ASSIGNMENT((#2929));
#2931=STYLED_ITEM('',(#2930),#2928);
#2932=DIRECTION('',(1.776356839400E-14,1.E0,0.E0));
#2933=VECTOR('',#2932,2.E-1);
#2934=CARTESIAN_POINT('',(2.931E1,-2.54E0,1.7E0));
#2935=LINE('',#2934,#2933);
#2936=CURVE_STYLE('',#16,POSITIVE_LENGTH_MEASURE(2.E-2),#3);
#2937=PRESENTATION_STYLE_ASSIGNMENT((#2936));
#2938=STYLED_ITEM('',(#2937),#2935);
#2939=DIRECTION('',(4.648338989899E-1,0.E0,8.853979028380E-1));
#2940=VECTOR('',#2939,4.235383874279E-1);
#2941=CARTESIAN_POINT('',(2.931E1,-2.5E-1,1.7E0));
#2942=LINE('',#2941,#2940);
#2943=CURVE_STYLE('',#16,POSITIVE_LENGTH_MEASURE(2.E-2),#3);
#2944=PRESENTATION_STYLE_ASSIGNMENT((#2943));
#2945=STYLED_ITEM('',(#2944),#2942);
#2946=DIRECTION('',(0.E0,-1.E0,0.E0));
#2947=VECTOR('',#2946,2.5E-1);
#2948=CARTESIAN_POINT('',(3.1453125E1,0.E0,2.075E0));
#2949=LINE('',#2948,#2947);
#2950=CURVE_STYLE('',#16,POSITIVE_LENGTH_MEASURE(2.E-2),#3);
#2951=PRESENTATION_STYLE_ASSIGNMENT((#2950));
#2952=STYLED_ITEM('',(#2951),#2949);
#2953=DIRECTION('',(-4.648338989899E-1,0.E0,8.853979028379E-1));
#2954=VECTOR('',#2953,4.235383874279E-1);
#2955=CARTESIAN_POINT('',(3.165E1,-2.5E-1,1.7E0));
#2956=LINE('',#2955,#2954);
#2957=CURVE_STYLE('',#16,POSITIVE_LENGTH_MEASURE(2.E-2),#3);
#2958=PRESENTATION_STYLE_ASSIGNMENT((#2957));
#2959=STYLED_ITEM('',(#2958),#2956);
#2960=DIRECTION('',(0.E0,-1.E0,0.E0));
#2961=VECTOR('',#2960,2.09E0);
#2962=CARTESIAN_POINT('',(3.165E1,-2.5E-1,1.7E0));
#2963=LINE('',#2962,#2961);
#2964=CURVE_STYLE('',#16,POSITIVE_LENGTH_MEASURE(2.E-2),#3);
#2965=PRESENTATION_STYLE_ASSIGNMENT((#2964));
#2966=STYLED_ITEM('',(#2965),#2963);
#2967=DIRECTION('',(1.776356839400E-14,1.E0,0.E0));
#2968=VECTOR('',#2967,2.E-1);
#2969=CARTESIAN_POINT('',(3.165E1,-2.54E0,1.7E0));
#2970=LINE('',#2969,#2968);
#2971=CURVE_STYLE('',#16,POSITIVE_LENGTH_MEASURE(2.E-2),#3);
#2972=PRESENTATION_STYLE_ASSIGNMENT((#2971));
#2973=STYLED_ITEM('',(#2972),#2970);
#2974=DIRECTION('',(0.E0,-1.E0,0.E0));
#2975=VECTOR('',#2974,2.54E0);
#2976=CARTESIAN_POINT('',(3.123E1,0.E0,2.5E0));
#2977=LINE('',#2976,#2975);
#2978=CURVE_STYLE('',#16,POSITIVE_LENGTH_MEASURE(2.E-2),#3);
#2979=PRESENTATION_STYLE_ASSIGNMENT((#2978));
#2980=STYLED_ITEM('',(#2979),#2977);
#2981=DIRECTION('',(-1.E0,0.E0,0.E0));
#2982=VECTOR('',#2981,1.94625E0);
#2983=CARTESIAN_POINT('',(3.1453125E1,0.E0,2.075E0));
#2984=LINE('',#2983,#2982);
#2985=CURVE_STYLE('',#16,POSITIVE_LENGTH_MEASURE(2.E-2),#3);
#2986=PRESENTATION_STYLE_ASSIGNMENT((#2985));
#2987=STYLED_ITEM('',(#2986),#2984);
#2988=DIRECTION('',(-4.648338989899E-1,0.E0,8.853979028379E-1));
#2989=VECTOR('',#2988,4.800101724183E-1);
#2990=CARTESIAN_POINT('',(3.1453125E1,0.E0,2.075E0));
#2991=LINE('',#2990,#2989);
#2992=CURVE_STYLE('',#16,POSITIVE_LENGTH_MEASURE(2.E-2),#3);
#2993=PRESENTATION_STYLE_ASSIGNMENT((#2992));
#2994=STYLED_ITEM('',(#2993),#2991);
#2995=DIRECTION('',(-1.E0,0.E0,0.E0));
#2996=VECTOR('',#2995,1.5E0);
#2997=CARTESIAN_POINT('',(3.123E1,0.E0,2.5E0));
#2998=LINE('',#2997,#2996);
#2999=CURVE_STYLE('',#16,POSITIVE_LENGTH_MEASURE(2.E-2),#3);
#3000=PRESENTATION_STYLE_ASSIGNMENT((#2999));
#3001=STYLED_ITEM('',(#3000),#2998);
#3002=DIRECTION('',(-4.648338989899E-1,0.E0,-8.853979028379E-1));
#3003=VECTOR('',#3002,4.800101724183E-1);
#3004=CARTESIAN_POINT('',(2.973E1,0.E0,2.5E0));
#3005=LINE('',#3004,#3003);
#3006=CURVE_STYLE('',#16,POSITIVE_LENGTH_MEASURE(2.E-2),#3);
#3007=PRESENTATION_STYLE_ASSIGNMENT((#3006));
#3008=STYLED_ITEM('',(#3007),#3005);
#3009=DIRECTION('',(-1.E0,0.E0,0.E0));
#3010=VECTOR('',#3009,1.94625E0);
#3011=CARTESIAN_POINT('',(3.1453125E1,0.E0,-2.075E0));
#3012=LINE('',#3011,#3010);
#3013=CURVE_STYLE('',#16,POSITIVE_LENGTH_MEASURE(2.E-2),#3);
#3014=PRESENTATION_STYLE_ASSIGNMENT((#3013));
#3015=STYLED_ITEM('',(#3014),#3012);
#3016=DIRECTION('',(4.648338989899E-1,0.E0,-8.853979028379E-1));
#3017=VECTOR('',#3016,4.800101724182E-1);
#3018=CARTESIAN_POINT('',(2.9506875E1,0.E0,-2.075E0));
#3019=LINE('',#3018,#3017);
#3020=CURVE_STYLE('',#16,POSITIVE_LENGTH_MEASURE(2.E-2),#3);
#3021=PRESENTATION_STYLE_ASSIGNMENT((#3020));
#3022=STYLED_ITEM('',(#3021),#3019);
#3023=DIRECTION('',(1.E0,0.E0,0.E0));
#3024=VECTOR('',#3023,1.5E0);
#3025=CARTESIAN_POINT('',(2.973E1,0.E0,-2.5E0));
#3026=LINE('',#3025,#3024);
#3027=CURVE_STYLE('',#16,POSITIVE_LENGTH_MEASURE(2.E-2),#3);
#3028=PRESENTATION_STYLE_ASSIGNMENT((#3027));
#3029=STYLED_ITEM('',(#3028),#3026);
#3030=DIRECTION('',(4.648338989899E-1,0.E0,8.853979028379E-1));
#3031=VECTOR('',#3030,4.800101724182E-1);
#3032=CARTESIAN_POINT('',(3.123E1,0.E0,-2.5E0));
#3033=LINE('',#3032,#3031);
#3034=CURVE_STYLE('',#16,POSITIVE_LENGTH_MEASURE(2.E-2),#3);
#3035=PRESENTATION_STYLE_ASSIGNMENT((#3034));
#3036=STYLED_ITEM('',(#3035),#3033);
#3037=DIRECTION('',(0.E0,-1.E0,0.E0));
#3038=VECTOR('',#3037,2.54E0);
#3039=CARTESIAN_POINT('',(2.973E1,0.E0,-2.5E0));
#3040=LINE('',#3039,#3038);
#3041=CURVE_STYLE('',#16,POSITIVE_LENGTH_MEASURE(2.E-2),#3);
#3042=PRESENTATION_STYLE_ASSIGNMENT((#3041));
#3043=STYLED_ITEM('',(#3042),#3040);
#3044=DIRECTION('',(0.E0,0.E0,-1.E0));
#3045=VECTOR('',#3044,6.4E-1);
#3046=CARTESIAN_POINT('',(2.826E1,-2.54E0,-9.5E-1));
#3047=LINE('',#3046,#3045);
#3048=CURVE_STYLE('',#16,POSITIVE_LENGTH_MEASURE(2.E-2),#3);
#3049=PRESENTATION_STYLE_ASSIGNMENT((#3048));
#3050=STYLED_ITEM('',(#3049),#3047);
#3051=DIRECTION('',(1.E0,0.E0,0.E0));
#3052=VECTOR('',#3051,6.4E-1);
#3053=CARTESIAN_POINT('',(2.762E1,-2.54E0,-9.5E-1));
#3054=LINE('',#3053,#3052);
#3055=CURVE_STYLE('',#16,POSITIVE_LENGTH_MEASURE(2.E-2),#3);
#3056=PRESENTATION_STYLE_ASSIGNMENT((#3055));
#3057=STYLED_ITEM('',(#3056),#3054);
#3058=DIRECTION('',(0.E0,0.E0,1.E0));
#3059=VECTOR('',#3058,6.4E-1);
#3060=CARTESIAN_POINT('',(2.762E1,-2.54E0,-1.59E0));
#3061=LINE('',#3060,#3059);
#3062=CURVE_STYLE('',#16,POSITIVE_LENGTH_MEASURE(2.E-2),#3);
#3063=PRESENTATION_STYLE_ASSIGNMENT((#3062));
#3064=STYLED_ITEM('',(#3063),#3061);
#3065=DIRECTION('',(-1.E0,0.E0,0.E0));
#3066=VECTOR('',#3065,6.4E-1);
#3067=CARTESIAN_POINT('',(2.826E1,-2.54E0,-1.59E0));
#3068=LINE('',#3067,#3066);
#3069=CURVE_STYLE('',#16,POSITIVE_LENGTH_MEASURE(2.E-2),#3);
#3070=PRESENTATION_STYLE_ASSIGNMENT((#3069));
#3071=STYLED_ITEM('',(#3070),#3068);
#3072=DIRECTION('',(0.E0,0.E0,-1.E0));
#3073=VECTOR('',#3072,6.4E-1);
#3074=CARTESIAN_POINT('',(2.826E1,-2.54E0,1.59E0));
#3075=LINE('',#3074,#3073);
#3076=CURVE_STYLE('',#16,POSITIVE_LENGTH_MEASURE(2.E-2),#3);
#3077=PRESENTATION_STYLE_ASSIGNMENT((#3076));
#3078=STYLED_ITEM('',(#3077),#3075);
#3079=DIRECTION('',(1.E0,0.E0,0.E0));
#3080=VECTOR('',#3079,6.4E-1);
#3081=CARTESIAN_POINT('',(2.762E1,-2.54E0,1.59E0));
#3082=LINE('',#3081,#3080);
#3083=CURVE_STYLE('',#16,POSITIVE_LENGTH_MEASURE(2.E-2),#3);
#3084=PRESENTATION_STYLE_ASSIGNMENT((#3083));
#3085=STYLED_ITEM('',(#3084),#3082);
#3086=DIRECTION('',(0.E0,0.E0,1.E0));
#3087=VECTOR('',#3086,6.4E-1);
#3088=CARTESIAN_POINT('',(2.762E1,-2.54E0,9.5E-1));
#3089=LINE('',#3088,#3087);
#3090=CURVE_STYLE('',#16,POSITIVE_LENGTH_MEASURE(2.E-2),#3);
#3091=PRESENTATION_STYLE_ASSIGNMENT((#3090));
#3092=STYLED_ITEM('',(#3091),#3089);
#3093=DIRECTION('',(-1.E0,0.E0,0.E0));
#3094=VECTOR('',#3093,6.4E-1);
#3095=CARTESIAN_POINT('',(2.826E1,-2.54E0,9.5E-1));
#3096=LINE('',#3095,#3094);
#3097=CURVE_STYLE('',#16,POSITIVE_LENGTH_MEASURE(2.E-2),#3);
#3098=PRESENTATION_STYLE_ASSIGNMENT((#3097));
#3099=STYLED_ITEM('',(#3098),#3096);
#3100=DIRECTION('',(0.E0,0.E0,-1.E0));
#3101=VECTOR('',#3100,3.4E0);
#3102=CARTESIAN_POINT('',(2.911E1,-2.54E0,1.7E0));
#3103=LINE('',#3102,#3101);
#3104=CURVE_STYLE('',#16,POSITIVE_LENGTH_MEASURE(2.E-2),#3);
#3105=PRESENTATION_STYLE_ASSIGNMENT((#3104));
#3106=STYLED_ITEM('',(#3105),#3103);
#3107=DIRECTION('',(4.648338989899E-1,0.E0,8.853979028379E-1));
#3108=VECTOR('',#3107,9.035485598461E-1);
#3109=CARTESIAN_POINT('',(2.869E1,-2.54E0,-2.5E0));
#3110=LINE('',#3109,#3108);
#3111=CURVE_STYLE('',#16,POSITIVE_LENGTH_MEASURE(2.E-2),#3);
#3112=PRESENTATION_STYLE_ASSIGNMENT((#3111));
#3113=STYLED_ITEM('',(#3112),#3110);
#3114=DIRECTION('',(1.E0,0.E0,0.E0));
#3115=VECTOR('',#3114,1.5E0);
#3116=CARTESIAN_POINT('',(2.719E1,-2.54E0,-2.5E0));
#3117=LINE('',#3116,#3115);
#3118=CURVE_STYLE('',#16,POSITIVE_LENGTH_MEASURE(2.E-2),#3);
#3119=PRESENTATION_STYLE_ASSIGNMENT((#3118));
#3120=STYLED_ITEM('',(#3119),#3117);
#3121=DIRECTION('',(4.648338989899E-1,0.E0,-8.853979028379E-1));
#3122=VECTOR('',#3121,9.035485598461E-1);
#3123=CARTESIAN_POINT('',(2.677E1,-2.54E0,-1.7E0));
#3124=LINE('',#3123,#3122);
#3125=CURVE_STYLE('',#16,POSITIVE_LENGTH_MEASURE(2.E-2),#3);
#3126=PRESENTATION_STYLE_ASSIGNMENT((#3125));
#3127=STYLED_ITEM('',(#3126),#3124);
#3128=DIRECTION('',(0.E0,0.E0,1.E0));
#3129=VECTOR('',#3128,3.4E0);
#3130=CARTESIAN_POINT('',(2.677E1,-2.54E0,-1.7E0));
#3131=LINE('',#3130,#3129);
#3132=CURVE_STYLE('',#16,POSITIVE_LENGTH_MEASURE(2.E-2),#3);
#3133=PRESENTATION_STYLE_ASSIGNMENT((#3132));
#3134=STYLED_ITEM('',(#3133),#3131);
#3135=DIRECTION('',(-4.648338989899E-1,0.E0,-8.853979028379E-1));
#3136=VECTOR('',#3135,9.035485598461E-1);
#3137=CARTESIAN_POINT('',(2.719E1,-2.54E0,2.5E0));
#3138=LINE('',#3137,#3136);
#3139=CURVE_STYLE('',#16,POSITIVE_LENGTH_MEASURE(2.E-2),#3);
#3140=PRESENTATION_STYLE_ASSIGNMENT((#3139));
#3141=STYLED_ITEM('',(#3140),#3138);
#3142=DIRECTION('',(-1.E0,0.E0,0.E0));
#3143=VECTOR('',#3142,1.5E0);
#3144=CARTESIAN_POINT('',(2.869E1,-2.54E0,2.5E0));
#3145=LINE('',#3144,#3143);
#3146=CURVE_STYLE('',#16,POSITIVE_LENGTH_MEASURE(2.E-2),#3);
#3147=PRESENTATION_STYLE_ASSIGNMENT((#3146));
#3148=STYLED_ITEM('',(#3147),#3145);
#3149=DIRECTION('',(-4.648338989899E-1,0.E0,8.853979028379E-1));
#3150=VECTOR('',#3149,9.035485598461E-1);
#3151=CARTESIAN_POINT('',(2.911E1,-2.54E0,1.7E0));
#3152=LINE('',#3151,#3150);
#3153=CURVE_STYLE('',#16,POSITIVE_LENGTH_MEASURE(2.E-2),#3);
#3154=PRESENTATION_STYLE_ASSIGNMENT((#3153));
#3155=STYLED_ITEM('',(#3154),#3152);
#3156=DIRECTION('',(0.E0,0.E0,-1.E0));
#3157=VECTOR('',#3156,6.4E-1);
#3158=CARTESIAN_POINT('',(2.826E1,-2.5E-1,-9.5E-1));
#3159=LINE('',#3158,#3157);
#3160=CURVE_STYLE('',#16,POSITIVE_LENGTH_MEASURE(2.E-2),#3);
#3161=PRESENTATION_STYLE_ASSIGNMENT((#3160));
#3162=STYLED_ITEM('',(#3161),#3159);
#3163=DIRECTION('',(0.E0,-1.E0,0.E0));
#3164=VECTOR('',#3163,2.29E0);
#3165=CARTESIAN_POINT('',(2.826E1,-2.5E-1,-9.5E-1));
#3166=LINE('',#3165,#3164);
#3167=CURVE_STYLE('',#16,POSITIVE_LENGTH_MEASURE(2.E-2),#3);
#3168=PRESENTATION_STYLE_ASSIGNMENT((#3167));
#3169=STYLED_ITEM('',(#3168),#3166);
#3170=DIRECTION('',(1.E0,0.E0,0.E0));
#3171=VECTOR('',#3170,6.4E-1);
#3172=CARTESIAN_POINT('',(2.762E1,-2.5E-1,-9.5E-1));
#3173=LINE('',#3172,#3171);
#3174=CURVE_STYLE('',#16,POSITIVE_LENGTH_MEASURE(2.E-2),#3);
#3175=PRESENTATION_STYLE_ASSIGNMENT((#3174));
#3176=STYLED_ITEM('',(#3175),#3173);
#3177=DIRECTION('',(0.E0,-1.E0,0.E0));
#3178=VECTOR('',#3177,2.29E0);
#3179=CARTESIAN_POINT('',(2.762E1,-2.5E-1,-9.5E-1));
#3180=LINE('',#3179,#3178);
#3181=CURVE_STYLE('',#16,POSITIVE_LENGTH_MEASURE(2.E-2),#3);
#3182=PRESENTATION_STYLE_ASSIGNMENT((#3181));
#3183=STYLED_ITEM('',(#3182),#3180);
#3184=DIRECTION('',(0.E0,0.E0,1.E0));
#3185=VECTOR('',#3184,6.4E-1);
#3186=CARTESIAN_POINT('',(2.762E1,-2.5E-1,-1.59E0));
#3187=LINE('',#3186,#3185);
#3188=CURVE_STYLE('',#16,POSITIVE_LENGTH_MEASURE(2.E-2),#3);
#3189=PRESENTATION_STYLE_ASSIGNMENT((#3188));
#3190=STYLED_ITEM('',(#3189),#3187);
#3191=DIRECTION('',(0.E0,-1.E0,0.E0));
#3192=VECTOR('',#3191,2.29E0);
#3193=CARTESIAN_POINT('',(2.762E1,-2.5E-1,-1.59E0));
#3194=LINE('',#3193,#3192);
#3195=CURVE_STYLE('',#16,POSITIVE_LENGTH_MEASURE(2.E-2),#3);
#3196=PRESENTATION_STYLE_ASSIGNMENT((#3195));
#3197=STYLED_ITEM('',(#3196),#3194);
#3198=DIRECTION('',(-1.E0,0.E0,0.E0));
#3199=VECTOR('',#3198,6.4E-1);
#3200=CARTESIAN_POINT('',(2.826E1,-2.5E-1,-1.59E0));
#3201=LINE('',#3200,#3199);
#3202=CURVE_STYLE('',#16,POSITIVE_LENGTH_MEASURE(2.E-2),#3);
#3203=PRESENTATION_STYLE_ASSIGNMENT((#3202));
#3204=STYLED_ITEM('',(#3203),#3201);
#3205=DIRECTION('',(0.E0,-1.E0,0.E0));
#3206=VECTOR('',#3205,2.29E0);
#3207=CARTESIAN_POINT('',(2.826E1,-2.5E-1,-1.59E0));
#3208=LINE('',#3207,#3206);
#3209=CURVE_STYLE('',#16,POSITIVE_LENGTH_MEASURE(2.E-2),#3);
#3210=PRESENTATION_STYLE_ASSIGNMENT((#3209));
#3211=STYLED_ITEM('',(#3210),#3208);
#3212=DIRECTION('',(0.E0,0.E0,-1.E0));
#3213=VECTOR('',#3212,6.4E-1);
#3214=CARTESIAN_POINT('',(2.826E1,-2.5E-1,1.59E0));
#3215=LINE('',#3214,#3213);
#3216=CURVE_STYLE('',#16,POSITIVE_LENGTH_MEASURE(2.E-2),#3);
#3217=PRESENTATION_STYLE_ASSIGNMENT((#3216));
#3218=STYLED_ITEM('',(#3217),#3215);
#3219=DIRECTION('',(0.E0,-1.E0,0.E0));
#3220=VECTOR('',#3219,2.29E0);
#3221=CARTESIAN_POINT('',(2.826E1,-2.5E-1,1.59E0));
#3222=LINE('',#3221,#3220);
#3223=CURVE_STYLE('',#16,POSITIVE_LENGTH_MEASURE(2.E-2),#3);
#3224=PRESENTATION_STYLE_ASSIGNMENT((#3223));
#3225=STYLED_ITEM('',(#3224),#3222);
#3226=DIRECTION('',(1.E0,0.E0,0.E0));
#3227=VECTOR('',#3226,6.4E-1);
#3228=CARTESIAN_POINT('',(2.762E1,-2.5E-1,1.59E0));
#3229=LINE('',#3228,#3227);
#3230=CURVE_STYLE('',#16,POSITIVE_LENGTH_MEASURE(2.E-2),#3);
#3231=PRESENTATION_STYLE_ASSIGNMENT((#3230));
#3232=STYLED_ITEM('',(#3231),#3229);
#3233=DIRECTION('',(0.E0,-1.E0,0.E0));
#3234=VECTOR('',#3233,2.29E0);
#3235=CARTESIAN_POINT('',(2.762E1,-2.5E-1,1.59E0));
#3236=LINE('',#3235,#3234);
#3237=CURVE_STYLE('',#16,POSITIVE_LENGTH_MEASURE(2.E-2),#3);
#3238=PRESENTATION_STYLE_ASSIGNMENT((#3237));
#3239=STYLED_ITEM('',(#3238),#3236);
#3240=DIRECTION('',(0.E0,0.E0,1.E0));
#3241=VECTOR('',#3240,6.4E-1);
#3242=CARTESIAN_POINT('',(2.762E1,-2.5E-1,9.5E-1));
#3243=LINE('',#3242,#3241);
#3244=CURVE_STYLE('',#16,POSITIVE_LENGTH_MEASURE(2.E-2),#3);
#3245=PRESENTATION_STYLE_ASSIGNMENT((#3244));
#3246=STYLED_ITEM('',(#3245),#3243);
#3247=DIRECTION('',(0.E0,-1.E0,0.E0));
#3248=VECTOR('',#3247,2.29E0);
#3249=CARTESIAN_POINT('',(2.762E1,-2.5E-1,9.5E-1));
#3250=LINE('',#3249,#3248);
#3251=CURVE_STYLE('',#16,POSITIVE_LENGTH_MEASURE(2.E-2),#3);
#3252=PRESENTATION_STYLE_ASSIGNMENT((#3251));
#3253=STYLED_ITEM('',(#3252),#3250);
#3254=DIRECTION('',(-1.E0,0.E0,0.E0));
#3255=VECTOR('',#3254,6.4E-1);
#3256=CARTESIAN_POINT('',(2.826E1,-2.5E-1,9.5E-1));
#3257=LINE('',#3256,#3255);
#3258=CURVE_STYLE('',#16,POSITIVE_LENGTH_MEASURE(2.E-2),#3);
#3259=PRESENTATION_STYLE_ASSIGNMENT((#3258));
#3260=STYLED_ITEM('',(#3259),#3257);
#3261=DIRECTION('',(0.E0,-1.E0,0.E0));
#3262=VECTOR('',#3261,2.29E0);
#3263=CARTESIAN_POINT('',(2.826E1,-2.5E-1,9.5E-1));
#3264=LINE('',#3263,#3262);
#3265=CURVE_STYLE('',#16,POSITIVE_LENGTH_MEASURE(2.E-2),#3);
#3266=PRESENTATION_STYLE_ASSIGNMENT((#3265));
#3267=STYLED_ITEM('',(#3266),#3264);
#3268=DIRECTION('',(0.E0,-1.E0,0.E0));
#3269=VECTOR('',#3268,2.54E0);
#3270=CARTESIAN_POINT('',(2.719E1,0.E0,-2.5E0));
#3271=LINE('',#3270,#3269);
#3272=CURVE_STYLE('',#16,POSITIVE_LENGTH_MEASURE(2.E-2),#3);
#3273=PRESENTATION_STYLE_ASSIGNMENT((#3272));
#3274=STYLED_ITEM('',(#3273),#3271);
#3275=DIRECTION('',(-1.E0,0.E0,0.E0));
#3276=VECTOR('',#3275,1.94625E0);
#3277=CARTESIAN_POINT('',(2.8913125E1,0.E0,2.075E0));
#3278=LINE('',#3277,#3276);
#3279=CURVE_STYLE('',#16,POSITIVE_LENGTH_MEASURE(2.E-2),#3);
#3280=PRESENTATION_STYLE_ASSIGNMENT((#3279));
#3281=STYLED_ITEM('',(#3280),#3278);
#3282=DIRECTION('',(-4.648338989899E-1,0.E0,8.853979028379E-1));
#3283=VECTOR('',#3282,4.800101724183E-1);
#3284=CARTESIAN_POINT('',(2.8913125E1,0.E0,2.075E0));
#3285=LINE('',#3284,#3283);
#3286=CURVE_STYLE('',#16,POSITIVE_LENGTH_MEASURE(2.E-2),#3);
#3287=PRESENTATION_STYLE_ASSIGNMENT((#3286));
#3288=STYLED_ITEM('',(#3287),#3285);
#3289=DIRECTION('',(-1.E0,0.E0,0.E0));
#3290=VECTOR('',#3289,1.5E0);
#3291=CARTESIAN_POINT('',(2.869E1,0.E0,2.5E0));
#3292=LINE('',#3291,#3290);
#3293=CURVE_STYLE('',#16,POSITIVE_LENGTH_MEASURE(2.E-2),#3);
#3294=PRESENTATION_STYLE_ASSIGNMENT((#3293));
#3295=STYLED_ITEM('',(#3294),#3292);
#3296=DIRECTION('',(-4.648338989899E-1,0.E0,-8.853979028379E-1));
#3297=VECTOR('',#3296,4.800101724183E-1);
#3298=CARTESIAN_POINT('',(2.719E1,0.E0,2.5E0));
#3299=LINE('',#3298,#3297);
#3300=CURVE_STYLE('',#16,POSITIVE_LENGTH_MEASURE(2.E-2),#3);
#3301=PRESENTATION_STYLE_ASSIGNMENT((#3300));
#3302=STYLED_ITEM('',(#3301),#3299);
#3303=DIRECTION('',(-1.E0,0.E0,0.E0));
#3304=VECTOR('',#3303,1.94625E0);
#3305=CARTESIAN_POINT('',(2.8913125E1,0.E0,-2.075E0));
#3306=LINE('',#3305,#3304);
#3307=CURVE_STYLE('',#16,POSITIVE_LENGTH_MEASURE(2.E-2),#3);
#3308=PRESENTATION_STYLE_ASSIGNMENT((#3307));
#3309=STYLED_ITEM('',(#3308),#3306);
#3310=DIRECTION('',(4.648338989899E-1,0.E0,-8.853979028379E-1));
#3311=VECTOR('',#3310,4.800101724182E-1);
#3312=CARTESIAN_POINT('',(2.6966875E1,0.E0,-2.075E0));
#3313=LINE('',#3312,#3311);
#3314=CURVE_STYLE('',#16,POSITIVE_LENGTH_MEASURE(2.E-2),#3);
#3315=PRESENTATION_STYLE_ASSIGNMENT((#3314));
#3316=STYLED_ITEM('',(#3315),#3313);
#3317=DIRECTION('',(1.E0,0.E0,0.E0));
#3318=VECTOR('',#3317,1.5E0);
#3319=CARTESIAN_POINT('',(2.719E1,0.E0,-2.5E0));
#3320=LINE('',#3319,#3318);
#3321=CURVE_STYLE('',#16,POSITIVE_LENGTH_MEASURE(2.E-2),#3);
#3322=PRESENTATION_STYLE_ASSIGNMENT((#3321));
#3323=STYLED_ITEM('',(#3322),#3320);
#3324=DIRECTION('',(4.648338989899E-1,0.E0,8.853979028379E-1));
#3325=VECTOR('',#3324,4.800101724182E-1);
#3326=CARTESIAN_POINT('',(2.869E1,0.E0,-2.5E0));
#3327=LINE('',#3326,#3325);
#3328=CURVE_STYLE('',#16,POSITIVE_LENGTH_MEASURE(2.E-2),#3);
#3329=PRESENTATION_STYLE_ASSIGNMENT((#3328));
#3330=STYLED_ITEM('',(#3329),#3327);
#3331=DIRECTION('',(0.E0,-1.E0,0.E0));
#3332=VECTOR('',#3331,2.54E0);
#3333=CARTESIAN_POINT('',(2.869E1,0.E0,2.5E0));
#3334=LINE('',#3333,#3332);
#3335=CURVE_STYLE('',#16,POSITIVE_LENGTH_MEASURE(2.E-2),#3);
#3336=PRESENTATION_STYLE_ASSIGNMENT((#3335));
#3337=STYLED_ITEM('',(#3336),#3334);
#3338=DIRECTION('',(0.E0,0.E0,-1.E0));
#3339=VECTOR('',#3338,6.4E-1);
#3340=CARTESIAN_POINT('',(2.572E1,-2.54E0,-9.5E-1));
#3341=LINE('',#3340,#3339);
#3342=CURVE_STYLE('',#16,POSITIVE_LENGTH_MEASURE(2.E-2),#3);
#3343=PRESENTATION_STYLE_ASSIGNMENT((#3342));
#3344=STYLED_ITEM('',(#3343),#3341);
#3345=DIRECTION('',(1.E0,0.E0,0.E0));
#3346=VECTOR('',#3345,6.4E-1);
#3347=CARTESIAN_POINT('',(2.508E1,-2.54E0,-9.5E-1));
#3348=LINE('',#3347,#3346);
#3349=CURVE_STYLE('',#16,POSITIVE_LENGTH_MEASURE(2.E-2),#3);
#3350=PRESENTATION_STYLE_ASSIGNMENT((#3349));
#3351=STYLED_ITEM('',(#3350),#3348);
#3352=DIRECTION('',(0.E0,0.E0,1.E0));
#3353=VECTOR('',#3352,6.4E-1);
#3354=CARTESIAN_POINT('',(2.508E1,-2.54E0,-1.59E0));
#3355=LINE('',#3354,#3353);
#3356=CURVE_STYLE('',#16,POSITIVE_LENGTH_MEASURE(2.E-2),#3);
#3357=PRESENTATION_STYLE_ASSIGNMENT((#3356));
#3358=STYLED_ITEM('',(#3357),#3355);
#3359=DIRECTION('',(-1.E0,0.E0,0.E0));
#3360=VECTOR('',#3359,6.4E-1);
#3361=CARTESIAN_POINT('',(2.572E1,-2.54E0,-1.59E0));
#3362=LINE('',#3361,#3360);
#3363=CURVE_STYLE('',#16,POSITIVE_LENGTH_MEASURE(2.E-2),#3);
#3364=PRESENTATION_STYLE_ASSIGNMENT((#3363));
#3365=STYLED_ITEM('',(#3364),#3362);
#3366=DIRECTION('',(0.E0,0.E0,-1.E0));
#3367=VECTOR('',#3366,6.4E-1);
#3368=CARTESIAN_POINT('',(2.572E1,-2.54E0,1.59E0));
#3369=LINE('',#3368,#3367);
#3370=CURVE_STYLE('',#16,POSITIVE_LENGTH_MEASURE(2.E-2),#3);
#3371=PRESENTATION_STYLE_ASSIGNMENT((#3370));
#3372=STYLED_ITEM('',(#3371),#3369);
#3373=DIRECTION('',(1.E0,0.E0,0.E0));
#3374=VECTOR('',#3373,6.4E-1);
#3375=CARTESIAN_POINT('',(2.508E1,-2.54E0,1.59E0));
#3376=LINE('',#3375,#3374);
#3377=CURVE_STYLE('',#16,POSITIVE_LENGTH_MEASURE(2.E-2),#3);
#3378=PRESENTATION_STYLE_ASSIGNMENT((#3377));
#3379=STYLED_ITEM('',(#3378),#3376);
#3380=DIRECTION('',(0.E0,0.E0,1.E0));
#3381=VECTOR('',#3380,6.4E-1);
#3382=CARTESIAN_POINT('',(2.508E1,-2.54E0,9.5E-1));
#3383=LINE('',#3382,#3381);
#3384=CURVE_STYLE('',#16,POSITIVE_LENGTH_MEASURE(2.E-2),#3);
#3385=PRESENTATION_STYLE_ASSIGNMENT((#3384));
#3386=STYLED_ITEM('',(#3385),#3383);
#3387=DIRECTION('',(-1.E0,0.E0,0.E0));
#3388=VECTOR('',#3387,6.4E-1);
#3389=CARTESIAN_POINT('',(2.572E1,-2.54E0,9.5E-1));
#3390=LINE('',#3389,#3388);
#3391=CURVE_STYLE('',#16,POSITIVE_LENGTH_MEASURE(2.E-2),#3);
#3392=PRESENTATION_STYLE_ASSIGNMENT((#3391));
#3393=STYLED_ITEM('',(#3392),#3390);
#3394=DIRECTION('',(0.E0,0.E0,-1.E0));
#3395=VECTOR('',#3394,3.4E0);
#3396=CARTESIAN_POINT('',(2.657E1,-2.54E0,1.7E0));
#3397=LINE('',#3396,#3395);
#3398=CURVE_STYLE('',#16,POSITIVE_LENGTH_MEASURE(2.E-2),#3);
#3399=PRESENTATION_STYLE_ASSIGNMENT((#3398));
#3400=STYLED_ITEM('',(#3399),#3397);
#3401=DIRECTION('',(4.648338989899E-1,0.E0,8.853979028379E-1));
#3402=VECTOR('',#3401,9.035485598461E-1);
#3403=CARTESIAN_POINT('',(2.615E1,-2.54E0,-2.5E0));
#3404=LINE('',#3403,#3402);
#3405=CURVE_STYLE('',#16,POSITIVE_LENGTH_MEASURE(2.E-2),#3);
#3406=PRESENTATION_STYLE_ASSIGNMENT((#3405));
#3407=STYLED_ITEM('',(#3406),#3404);
#3408=DIRECTION('',(1.E0,0.E0,0.E0));
#3409=VECTOR('',#3408,1.5E0);
#3410=CARTESIAN_POINT('',(2.465E1,-2.54E0,-2.5E0));
#3411=LINE('',#3410,#3409);
#3412=CURVE_STYLE('',#16,POSITIVE_LENGTH_MEASURE(2.E-2),#3);
#3413=PRESENTATION_STYLE_ASSIGNMENT((#3412));
#3414=STYLED_ITEM('',(#3413),#3411);
#3415=DIRECTION('',(4.648338989899E-1,0.E0,-8.853979028379E-1));
#3416=VECTOR('',#3415,9.035485598461E-1);
#3417=CARTESIAN_POINT('',(2.423E1,-2.54E0,-1.7E0));
#3418=LINE('',#3417,#3416);
#3419=CURVE_STYLE('',#16,POSITIVE_LENGTH_MEASURE(2.E-2),#3);
#3420=PRESENTATION_STYLE_ASSIGNMENT((#3419));
#3421=STYLED_ITEM('',(#3420),#3418);
#3422=DIRECTION('',(0.E0,0.E0,1.E0));
#3423=VECTOR('',#3422,3.4E0);
#3424=CARTESIAN_POINT('',(2.423E1,-2.54E0,-1.7E0));
#3425=LINE('',#3424,#3423);
#3426=CURVE_STYLE('',#16,POSITIVE_LENGTH_MEASURE(2.E-2),#3);
#3427=PRESENTATION_STYLE_ASSIGNMENT((#3426));
#3428=STYLED_ITEM('',(#3427),#3425);
#3429=DIRECTION('',(-4.648338989899E-1,0.E0,-8.853979028379E-1));
#3430=VECTOR('',#3429,9.035485598461E-1);
#3431=CARTESIAN_POINT('',(2.465E1,-2.54E0,2.5E0));
#3432=LINE('',#3431,#3430);
#3433=CURVE_STYLE('',#16,POSITIVE_LENGTH_MEASURE(2.E-2),#3);
#3434=PRESENTATION_STYLE_ASSIGNMENT((#3433));
#3435=STYLED_ITEM('',(#3434),#3432);
#3436=DIRECTION('',(-1.E0,0.E0,0.E0));
#3437=VECTOR('',#3436,1.5E0);
#3438=CARTESIAN_POINT('',(2.615E1,-2.54E0,2.5E0));
#3439=LINE('',#3438,#3437);
#3440=CURVE_STYLE('',#16,POSITIVE_LENGTH_MEASURE(2.E-2),#3);
#3441=PRESENTATION_STYLE_ASSIGNMENT((#3440));
#3442=STYLED_ITEM('',(#3441),#3439);
#3443=DIRECTION('',(-4.648338989899E-1,0.E0,8.853979028379E-1));
#3444=VECTOR('',#3443,9.035485598461E-1);
#3445=CARTESIAN_POINT('',(2.657E1,-2.54E0,1.7E0));
#3446=LINE('',#3445,#3444);
#3447=CURVE_STYLE('',#16,POSITIVE_LENGTH_MEASURE(2.E-2),#3);
#3448=PRESENTATION_STYLE_ASSIGNMENT((#3447));
#3449=STYLED_ITEM('',(#3448),#3446);
#3450=DIRECTION('',(0.E0,0.E0,-1.E0));
#3451=VECTOR('',#3450,6.4E-1);
#3452=CARTESIAN_POINT('',(2.572E1,-2.5E-1,-9.5E-1));
#3453=LINE('',#3452,#3451);
#3454=CURVE_STYLE('',#16,POSITIVE_LENGTH_MEASURE(2.E-2),#3);
#3455=PRESENTATION_STYLE_ASSIGNMENT((#3454));
#3456=STYLED_ITEM('',(#3455),#3453);
#3457=DIRECTION('',(0.E0,-1.E0,0.E0));
#3458=VECTOR('',#3457,2.29E0);
#3459=CARTESIAN_POINT('',(2.572E1,-2.5E-1,-9.5E-1));
#3460=LINE('',#3459,#3458);
#3461=CURVE_STYLE('',#16,POSITIVE_LENGTH_MEASURE(2.E-2),#3);
#3462=PRESENTATION_STYLE_ASSIGNMENT((#3461));
#3463=STYLED_ITEM('',(#3462),#3460);
#3464=DIRECTION('',(1.E0,0.E0,0.E0));
#3465=VECTOR('',#3464,6.4E-1);
#3466=CARTESIAN_POINT('',(2.508E1,-2.5E-1,-9.5E-1));
#3467=LINE('',#3466,#3465);
#3468=CURVE_STYLE('',#16,POSITIVE_LENGTH_MEASURE(2.E-2),#3);
#3469=PRESENTATION_STYLE_ASSIGNMENT((#3468));
#3470=STYLED_ITEM('',(#3469),#3467);
#3471=DIRECTION('',(0.E0,-1.E0,0.E0));
#3472=VECTOR('',#3471,2.29E0);
#3473=CARTESIAN_POINT('',(2.508E1,-2.5E-1,-9.5E-1));
#3474=LINE('',#3473,#3472);
#3475=CURVE_STYLE('',#16,POSITIVE_LENGTH_MEASURE(2.E-2),#3);
#3476=PRESENTATION_STYLE_ASSIGNMENT((#3475));
#3477=STYLED_ITEM('',(#3476),#3474);
#3478=DIRECTION('',(0.E0,0.E0,1.E0));
#3479=VECTOR('',#3478,6.4E-1);
#3480=CARTESIAN_POINT('',(2.508E1,-2.5E-1,-1.59E0));
#3481=LINE('',#3480,#3479);
#3482=CURVE_STYLE('',#16,POSITIVE_LENGTH_MEASURE(2.E-2),#3);
#3483=PRESENTATION_STYLE_ASSIGNMENT((#3482));
#3484=STYLED_ITEM('',(#3483),#3481);
#3485=DIRECTION('',(0.E0,-1.E0,0.E0));
#3486=VECTOR('',#3485,2.29E0);
#3487=CARTESIAN_POINT('',(2.508E1,-2.5E-1,-1.59E0));
#3488=LINE('',#3487,#3486);
#3489=CURVE_STYLE('',#16,POSITIVE_LENGTH_MEASURE(2.E-2),#3);
#3490=PRESENTATION_STYLE_ASSIGNMENT((#3489));
#3491=STYLED_ITEM('',(#3490),#3488);
#3492=DIRECTION('',(-1.E0,0.E0,0.E0));
#3493=VECTOR('',#3492,6.4E-1);
#3494=CARTESIAN_POINT('',(2.572E1,-2.5E-1,-1.59E0));
#3495=LINE('',#3494,#3493);
#3496=CURVE_STYLE('',#16,POSITIVE_LENGTH_MEASURE(2.E-2),#3);
#3497=PRESENTATION_STYLE_ASSIGNMENT((#3496));
#3498=STYLED_ITEM('',(#3497),#3495);
#3499=DIRECTION('',(0.E0,-1.E0,0.E0));
#3500=VECTOR('',#3499,2.29E0);
#3501=CARTESIAN_POINT('',(2.572E1,-2.5E-1,-1.59E0));
#3502=LINE('',#3501,#3500);
#3503=CURVE_STYLE('',#16,POSITIVE_LENGTH_MEASURE(2.E-2),#3);
#3504=PRESENTATION_STYLE_ASSIGNMENT((#3503));
#3505=STYLED_ITEM('',(#3504),#3502);
#3506=DIRECTION('',(0.E0,0.E0,-1.E0));
#3507=VECTOR('',#3506,6.4E-1);
#3508=CARTESIAN_POINT('',(2.572E1,-2.5E-1,1.59E0));
#3509=LINE('',#3508,#3507);
#3510=CURVE_STYLE('',#16,POSITIVE_LENGTH_MEASURE(2.E-2),#3);
#3511=PRESENTATION_STYLE_ASSIGNMENT((#3510));
#3512=STYLED_ITEM('',(#3511),#3509);
#3513=DIRECTION('',(0.E0,-1.E0,0.E0));
#3514=VECTOR('',#3513,2.29E0);
#3515=CARTESIAN_POINT('',(2.572E1,-2.5E-1,1.59E0));
#3516=LINE('',#3515,#3514);
#3517=CURVE_STYLE('',#16,POSITIVE_LENGTH_MEASURE(2.E-2),#3);
#3518=PRESENTATION_STYLE_ASSIGNMENT((#3517));
#3519=STYLED_ITEM('',(#3518),#3516);
#3520=DIRECTION('',(1.E0,0.E0,0.E0));
#3521=VECTOR('',#3520,6.4E-1);
#3522=CARTESIAN_POINT('',(2.508E1,-2.5E-1,1.59E0));
#3523=LINE('',#3522,#3521);
#3524=CURVE_STYLE('',#16,POSITIVE_LENGTH_MEASURE(2.E-2),#3);
#3525=PRESENTATION_STYLE_ASSIGNMENT((#3524));
#3526=STYLED_ITEM('',(#3525),#3523);
#3527=DIRECTION('',(0.E0,-1.E0,0.E0));
#3528=VECTOR('',#3527,2.29E0);
#3529=CARTESIAN_POINT('',(2.508E1,-2.5E-1,1.59E0));
#3530=LINE('',#3529,#3528);
#3531=CURVE_STYLE('',#16,POSITIVE_LENGTH_MEASURE(2.E-2),#3);
#3532=PRESENTATION_STYLE_ASSIGNMENT((#3531));
#3533=STYLED_ITEM('',(#3532),#3530);
#3534=DIRECTION('',(0.E0,0.E0,1.E0));
#3535=VECTOR('',#3534,6.4E-1);
#3536=CARTESIAN_POINT('',(2.508E1,-2.5E-1,9.5E-1));
#3537=LINE('',#3536,#3535);
#3538=CURVE_STYLE('',#16,POSITIVE_LENGTH_MEASURE(2.E-2),#3);
#3539=PRESENTATION_STYLE_ASSIGNMENT((#3538));
#3540=STYLED_ITEM('',(#3539),#3537);
#3541=DIRECTION('',(0.E0,-1.E0,0.E0));
#3542=VECTOR('',#3541,2.29E0);
#3543=CARTESIAN_POINT('',(2.508E1,-2.5E-1,9.5E-1));
#3544=LINE('',#3543,#3542);
#3545=CURVE_STYLE('',#16,POSITIVE_LENGTH_MEASURE(2.E-2),#3);
#3546=PRESENTATION_STYLE_ASSIGNMENT((#3545));
#3547=STYLED_ITEM('',(#3546),#3544);
#3548=DIRECTION('',(-1.E0,0.E0,0.E0));
#3549=VECTOR('',#3548,6.4E-1);
#3550=CARTESIAN_POINT('',(2.572E1,-2.5E-1,9.5E-1));
#3551=LINE('',#3550,#3549);
#3552=CURVE_STYLE('',#16,POSITIVE_LENGTH_MEASURE(2.E-2),#3);
#3553=PRESENTATION_STYLE_ASSIGNMENT((#3552));
#3554=STYLED_ITEM('',(#3553),#3551);
#3555=DIRECTION('',(0.E0,-1.E0,0.E0));
#3556=VECTOR('',#3555,2.29E0);
#3557=CARTESIAN_POINT('',(2.572E1,-2.5E-1,9.5E-1));
#3558=LINE('',#3557,#3556);
#3559=CURVE_STYLE('',#16,POSITIVE_LENGTH_MEASURE(2.E-2),#3);
#3560=PRESENTATION_STYLE_ASSIGNMENT((#3559));
#3561=STYLED_ITEM('',(#3560),#3558);
#3562=DIRECTION('',(0.E0,-1.E0,0.E0));
#3563=VECTOR('',#3562,2.54E0);
#3564=CARTESIAN_POINT('',(2.465E1,0.E0,-2.5E0));
#3565=LINE('',#3564,#3563);
#3566=CURVE_STYLE('',#16,POSITIVE_LENGTH_MEASURE(2.E-2),#3);
#3567=PRESENTATION_STYLE_ASSIGNMENT((#3566));
#3568=STYLED_ITEM('',(#3567),#3565);
#3569=DIRECTION('',(-1.E0,0.E0,0.E0));
#3570=VECTOR('',#3569,1.94625E0);
#3571=CARTESIAN_POINT('',(2.6373125E1,0.E0,2.075E0));
#3572=LINE('',#3571,#3570);
#3573=CURVE_STYLE('',#16,POSITIVE_LENGTH_MEASURE(2.E-2),#3);
#3574=PRESENTATION_STYLE_ASSIGNMENT((#3573));
#3575=STYLED_ITEM('',(#3574),#3572);
#3576=DIRECTION('',(-4.648338989899E-1,0.E0,8.853979028379E-1));
#3577=VECTOR('',#3576,4.800101724183E-1);
#3578=CARTESIAN_POINT('',(2.6373125E1,0.E0,2.075E0));
#3579=LINE('',#3578,#3577);
#3580=CURVE_STYLE('',#16,POSITIVE_LENGTH_MEASURE(2.E-2),#3);
#3581=PRESENTATION_STYLE_ASSIGNMENT((#3580));
#3582=STYLED_ITEM('',(#3581),#3579);
#3583=DIRECTION('',(-1.E0,0.E0,0.E0));
#3584=VECTOR('',#3583,1.5E0);
#3585=CARTESIAN_POINT('',(2.615E1,0.E0,2.5E0));
#3586=LINE('',#3585,#3584);
#3587=CURVE_STYLE('',#16,POSITIVE_LENGTH_MEASURE(2.E-2),#3);
#3588=PRESENTATION_STYLE_ASSIGNMENT((#3587));
#3589=STYLED_ITEM('',(#3588),#3586);
#3590=DIRECTION('',(-4.648338989899E-1,0.E0,-8.853979028379E-1));
#3591=VECTOR('',#3590,4.800101724183E-1);
#3592=CARTESIAN_POINT('',(2.465E1,0.E0,2.5E0));
#3593=LINE('',#3592,#3591);
#3594=CURVE_STYLE('',#16,POSITIVE_LENGTH_MEASURE(2.E-2),#3);
#3595=PRESENTATION_STYLE_ASSIGNMENT((#3594));
#3596=STYLED_ITEM('',(#3595),#3593);
#3597=DIRECTION('',(-1.E0,0.E0,0.E0));
#3598=VECTOR('',#3597,1.94625E0);
#3599=CARTESIAN_POINT('',(2.6373125E1,0.E0,-2.075E0));
#3600=LINE('',#3599,#3598);
#3601=CURVE_STYLE('',#16,POSITIVE_LENGTH_MEASURE(2.E-2),#3);
#3602=PRESENTATION_STYLE_ASSIGNMENT((#3601));
#3603=STYLED_ITEM('',(#3602),#3600);
#3604=DIRECTION('',(4.648338989899E-1,0.E0,-8.853979028379E-1));
#3605=VECTOR('',#3604,4.800101724182E-1);
#3606=CARTESIAN_POINT('',(2.4426875E1,0.E0,-2.075E0));
#3607=LINE('',#3606,#3605);
#3608=CURVE_STYLE('',#16,POSITIVE_LENGTH_MEASURE(2.E-2),#3);
#3609=PRESENTATION_STYLE_ASSIGNMENT((#3608));
#3610=STYLED_ITEM('',(#3609),#3607);
#3611=DIRECTION('',(1.E0,0.E0,0.E0));
#3612=VECTOR('',#3611,1.5E0);
#3613=CARTESIAN_POINT('',(2.465E1,0.E0,-2.5E0));
#3614=LINE('',#3613,#3612);
#3615=CURVE_STYLE('',#16,POSITIVE_LENGTH_MEASURE(2.E-2),#3);
#3616=PRESENTATION_STYLE_ASSIGNMENT((#3615));
#3617=STYLED_ITEM('',(#3616),#3614);
#3618=DIRECTION('',(4.648338989899E-1,0.E0,8.853979028379E-1));
#3619=VECTOR('',#3618,4.800101724182E-1);
#3620=CARTESIAN_POINT('',(2.615E1,0.E0,-2.5E0));
#3621=LINE('',#3620,#3619);
#3622=CURVE_STYLE('',#16,POSITIVE_LENGTH_MEASURE(2.E-2),#3);
#3623=PRESENTATION_STYLE_ASSIGNMENT((#3622));
#3624=STYLED_ITEM('',(#3623),#3621);
#3625=DIRECTION('',(0.E0,-1.E0,0.E0));
#3626=VECTOR('',#3625,2.54E0);
#3627=CARTESIAN_POINT('',(2.615E1,0.E0,2.5E0));
#3628=LINE('',#3627,#3626);
#3629=CURVE_STYLE('',#16,POSITIVE_LENGTH_MEASURE(2.E-2),#3);
#3630=PRESENTATION_STYLE_ASSIGNMENT((#3629));
#3631=STYLED_ITEM('',(#3630),#3628);
#3632=DIRECTION('',(0.E0,0.E0,-1.E0));
#3633=VECTOR('',#3632,6.4E-1);
#3634=CARTESIAN_POINT('',(2.318E1,-2.54E0,-9.5E-1));
#3635=LINE('',#3634,#3633);
#3636=CURVE_STYLE('',#16,POSITIVE_LENGTH_MEASURE(2.E-2),#3);
#3637=PRESENTATION_STYLE_ASSIGNMENT((#3636));
#3638=STYLED_ITEM('',(#3637),#3635);
#3639=DIRECTION('',(1.E0,0.E0,0.E0));
#3640=VECTOR('',#3639,6.4E-1);
#3641=CARTESIAN_POINT('',(2.254E1,-2.54E0,-9.5E-1));
#3642=LINE('',#3641,#3640);
#3643=CURVE_STYLE('',#16,POSITIVE_LENGTH_MEASURE(2.E-2),#3);
#3644=PRESENTATION_STYLE_ASSIGNMENT((#3643));
#3645=STYLED_ITEM('',(#3644),#3642);
#3646=DIRECTION('',(0.E0,0.E0,1.E0));
#3647=VECTOR('',#3646,6.4E-1);
#3648=CARTESIAN_POINT('',(2.254E1,-2.54E0,-1.59E0));
#3649=LINE('',#3648,#3647);
#3650=CURVE_STYLE('',#16,POSITIVE_LENGTH_MEASURE(2.E-2),#3);
#3651=PRESENTATION_STYLE_ASSIGNMENT((#3650));
#3652=STYLED_ITEM('',(#3651),#3649);
#3653=DIRECTION('',(-1.E0,0.E0,0.E0));
#3654=VECTOR('',#3653,6.4E-1);
#3655=CARTESIAN_POINT('',(2.318E1,-2.54E0,-1.59E0));
#3656=LINE('',#3655,#3654);
#3657=CURVE_STYLE('',#16,POSITIVE_LENGTH_MEASURE(2.E-2),#3);
#3658=PRESENTATION_STYLE_ASSIGNMENT((#3657));
#3659=STYLED_ITEM('',(#3658),#3656);
#3660=DIRECTION('',(0.E0,0.E0,-1.E0));
#3661=VECTOR('',#3660,6.4E-1);
#3662=CARTESIAN_POINT('',(2.318E1,-2.54E0,1.59E0));
#3663=LINE('',#3662,#3661);
#3664=CURVE_STYLE('',#16,POSITIVE_LENGTH_MEASURE(2.E-2),#3);
#3665=PRESENTATION_STYLE_ASSIGNMENT((#3664));
#3666=STYLED_ITEM('',(#3665),#3663);
#3667=DIRECTION('',(1.E0,0.E0,0.E0));
#3668=VECTOR('',#3667,6.4E-1);
#3669=CARTESIAN_POINT('',(2.254E1,-2.54E0,1.59E0));
#3670=LINE('',#3669,#3668);
#3671=CURVE_STYLE('',#16,POSITIVE_LENGTH_MEASURE(2.E-2),#3);
#3672=PRESENTATION_STYLE_ASSIGNMENT((#3671));
#3673=STYLED_ITEM('',(#3672),#3670);
#3674=DIRECTION('',(0.E0,0.E0,1.E0));
#3675=VECTOR('',#3674,6.4E-1);
#3676=CARTESIAN_POINT('',(2.254E1,-2.54E0,9.5E-1));
#3677=LINE('',#3676,#3675);
#3678=CURVE_STYLE('',#16,POSITIVE_LENGTH_MEASURE(2.E-2),#3);
#3679=PRESENTATION_STYLE_ASSIGNMENT((#3678));
#3680=STYLED_ITEM('',(#3679),#3677);
#3681=DIRECTION('',(-1.E0,0.E0,0.E0));
#3682=VECTOR('',#3681,6.4E-1);
#3683=CARTESIAN_POINT('',(2.318E1,-2.54E0,9.5E-1));
#3684=LINE('',#3683,#3682);
#3685=CURVE_STYLE('',#16,POSITIVE_LENGTH_MEASURE(2.E-2),#3);
#3686=PRESENTATION_STYLE_ASSIGNMENT((#3685));
#3687=STYLED_ITEM('',(#3686),#3684);
#3688=DIRECTION('',(0.E0,0.E0,-1.E0));
#3689=VECTOR('',#3688,3.4E0);
#3690=CARTESIAN_POINT('',(2.403E1,-2.54E0,1.7E0));
#3691=LINE('',#3690,#3689);
#3692=CURVE_STYLE('',#16,POSITIVE_LENGTH_MEASURE(2.E-2),#3);
#3693=PRESENTATION_STYLE_ASSIGNMENT((#3692));
#3694=STYLED_ITEM('',(#3693),#3691);
#3695=DIRECTION('',(4.648338989899E-1,0.E0,8.853979028379E-1));
#3696=VECTOR('',#3695,9.035485598461E-1);
#3697=CARTESIAN_POINT('',(2.361E1,-2.54E0,-2.5E0));
#3698=LINE('',#3697,#3696);
#3699=CURVE_STYLE('',#16,POSITIVE_LENGTH_MEASURE(2.E-2),#3);
#3700=PRESENTATION_STYLE_ASSIGNMENT((#3699));
#3701=STYLED_ITEM('',(#3700),#3698);
#3702=DIRECTION('',(1.E0,0.E0,0.E0));
#3703=VECTOR('',#3702,1.5E0);
#3704=CARTESIAN_POINT('',(2.211E1,-2.54E0,-2.5E0));
#3705=LINE('',#3704,#3703);
#3706=CURVE_STYLE('',#16,POSITIVE_LENGTH_MEASURE(2.E-2),#3);
#3707=PRESENTATION_STYLE_ASSIGNMENT((#3706));
#3708=STYLED_ITEM('',(#3707),#3705);
#3709=DIRECTION('',(4.648338989899E-1,0.E0,-8.853979028379E-1));
#3710=VECTOR('',#3709,9.035485598461E-1);
#3711=CARTESIAN_POINT('',(2.169E1,-2.54E0,-1.7E0));
#3712=LINE('',#3711,#3710);
#3713=CURVE_STYLE('',#16,POSITIVE_LENGTH_MEASURE(2.E-2),#3);
#3714=PRESENTATION_STYLE_ASSIGNMENT((#3713));
#3715=STYLED_ITEM('',(#3714),#3712);
#3716=DIRECTION('',(0.E0,0.E0,1.E0));
#3717=VECTOR('',#3716,3.4E0);
#3718=CARTESIAN_POINT('',(2.169E1,-2.54E0,-1.7E0));
#3719=LINE('',#3718,#3717);
#3720=CURVE_STYLE('',#16,POSITIVE_LENGTH_MEASURE(2.E-2),#3);
#3721=PRESENTATION_STYLE_ASSIGNMENT((#3720));
#3722=STYLED_ITEM('',(#3721),#3719);
#3723=DIRECTION('',(-4.648338989899E-1,0.E0,-8.853979028379E-1));
#3724=VECTOR('',#3723,9.035485598461E-1);
#3725=CARTESIAN_POINT('',(2.211E1,-2.54E0,2.5E0));
#3726=LINE('',#3725,#3724);
#3727=CURVE_STYLE('',#16,POSITIVE_LENGTH_MEASURE(2.E-2),#3);
#3728=PRESENTATION_STYLE_ASSIGNMENT((#3727));
#3729=STYLED_ITEM('',(#3728),#3726);
#3730=DIRECTION('',(-1.E0,0.E0,0.E0));
#3731=VECTOR('',#3730,1.5E0);
#3732=CARTESIAN_POINT('',(2.361E1,-2.54E0,2.5E0));
#3733=LINE('',#3732,#3731);
#3734=CURVE_STYLE('',#16,POSITIVE_LENGTH_MEASURE(2.E-2),#3);
#3735=PRESENTATION_STYLE_ASSIGNMENT((#3734));
#3736=STYLED_ITEM('',(#3735),#3733);
#3737=DIRECTION('',(-4.648338989899E-1,0.E0,8.853979028379E-1));
#3738=VECTOR('',#3737,9.035485598461E-1);
#3739=CARTESIAN_POINT('',(2.403E1,-2.54E0,1.7E0));
#3740=LINE('',#3739,#3738);
#3741=CURVE_STYLE('',#16,POSITIVE_LENGTH_MEASURE(2.E-2),#3);
#3742=PRESENTATION_STYLE_ASSIGNMENT((#3741));
#3743=STYLED_ITEM('',(#3742),#3740);
#3744=DIRECTION('',(0.E0,0.E0,-1.E0));
#3745=VECTOR('',#3744,6.4E-1);
#3746=CARTESIAN_POINT('',(2.318E1,-2.5E-1,-9.5E-1));
#3747=LINE('',#3746,#3745);
#3748=CURVE_STYLE('',#16,POSITIVE_LENGTH_MEASURE(2.E-2),#3);
#3749=PRESENTATION_STYLE_ASSIGNMENT((#3748));
#3750=STYLED_ITEM('',(#3749),#3747);
#3751=DIRECTION('',(0.E0,-1.E0,0.E0));
#3752=VECTOR('',#3751,2.29E0);
#3753=CARTESIAN_POINT('',(2.318E1,-2.5E-1,-9.5E-1));
#3754=LINE('',#3753,#3752);
#3755=CURVE_STYLE('',#16,POSITIVE_LENGTH_MEASURE(2.E-2),#3);
#3756=PRESENTATION_STYLE_ASSIGNMENT((#3755));
#3757=STYLED_ITEM('',(#3756),#3754);
#3758=DIRECTION('',(1.E0,0.E0,0.E0));
#3759=VECTOR('',#3758,6.4E-1);
#3760=CARTESIAN_POINT('',(2.254E1,-2.5E-1,-9.5E-1));
#3761=LINE('',#3760,#3759);
#3762=CURVE_STYLE('',#16,POSITIVE_LENGTH_MEASURE(2.E-2),#3);
#3763=PRESENTATION_STYLE_ASSIGNMENT((#3762));
#3764=STYLED_ITEM('',(#3763),#3761);
#3765=DIRECTION('',(0.E0,-1.E0,0.E0));
#3766=VECTOR('',#3765,2.29E0);
#3767=CARTESIAN_POINT('',(2.254E1,-2.5E-1,-9.5E-1));
#3768=LINE('',#3767,#3766);
#3769=CURVE_STYLE('',#16,POSITIVE_LENGTH_MEASURE(2.E-2),#3);
#3770=PRESENTATION_STYLE_ASSIGNMENT((#3769));
#3771=STYLED_ITEM('',(#3770),#3768);
#3772=DIRECTION('',(0.E0,0.E0,1.E0));
#3773=VECTOR('',#3772,6.4E-1);
#3774=CARTESIAN_POINT('',(2.254E1,-2.5E-1,-1.59E0));
#3775=LINE('',#3774,#3773);
#3776=CURVE_STYLE('',#16,POSITIVE_LENGTH_MEASURE(2.E-2),#3);
#3777=PRESENTATION_STYLE_ASSIGNMENT((#3776));
#3778=STYLED_ITEM('',(#3777),#3775);
#3779=DIRECTION('',(0.E0,-1.E0,0.E0));
#3780=VECTOR('',#3779,2.29E0);
#3781=CARTESIAN_POINT('',(2.254E1,-2.5E-1,-1.59E0));
#3782=LINE('',#3781,#3780);
#3783=CURVE_STYLE('',#16,POSITIVE_LENGTH_MEASURE(2.E-2),#3);
#3784=PRESENTATION_STYLE_ASSIGNMENT((#3783));
#3785=STYLED_ITEM('',(#3784),#3782);
#3786=DIRECTION('',(-1.E0,0.E0,0.E0));
#3787=VECTOR('',#3786,6.4E-1);
#3788=CARTESIAN_POINT('',(2.318E1,-2.5E-1,-1.59E0));
#3789=LINE('',#3788,#3787);
#3790=CURVE_STYLE('',#16,POSITIVE_LENGTH_MEASURE(2.E-2),#3);
#3791=PRESENTATION_STYLE_ASSIGNMENT((#3790));
#3792=STYLED_ITEM('',(#3791),#3789);
#3793=DIRECTION('',(0.E0,-1.E0,0.E0));
#3794=VECTOR('',#3793,2.29E0);
#3795=CARTESIAN_POINT('',(2.318E1,-2.5E-1,-1.59E0));
#3796=LINE('',#3795,#3794);
#3797=CURVE_STYLE('',#16,POSITIVE_LENGTH_MEASURE(2.E-2),#3);
#3798=PRESENTATION_STYLE_ASSIGNMENT((#3797));
#3799=STYLED_ITEM('',(#3798),#3796);
#3800=DIRECTION('',(0.E0,0.E0,-1.E0));
#3801=VECTOR('',#3800,6.4E-1);
#3802=CARTESIAN_POINT('',(2.318E1,-2.5E-1,1.59E0));
#3803=LINE('',#3802,#3801);
#3804=CURVE_STYLE('',#16,POSITIVE_LENGTH_MEASURE(2.E-2),#3);
#3805=PRESENTATION_STYLE_ASSIGNMENT((#3804));
#3806=STYLED_ITEM('',(#3805),#3803);
#3807=DIRECTION('',(0.E0,-1.E0,0.E0));
#3808=VECTOR('',#3807,2.29E0);
#3809=CARTESIAN_POINT('',(2.318E1,-2.5E-1,1.59E0));
#3810=LINE('',#3809,#3808);
#3811=CURVE_STYLE('',#16,POSITIVE_LENGTH_MEASURE(2.E-2),#3);
#3812=PRESENTATION_STYLE_ASSIGNMENT((#3811));
#3813=STYLED_ITEM('',(#3812),#3810);
#3814=DIRECTION('',(1.E0,0.E0,0.E0));
#3815=VECTOR('',#3814,6.4E-1);
#3816=CARTESIAN_POINT('',(2.254E1,-2.5E-1,1.59E0));
#3817=LINE('',#3816,#3815);
#3818=CURVE_STYLE('',#16,POSITIVE_LENGTH_MEASURE(2.E-2),#3);
#3819=PRESENTATION_STYLE_ASSIGNMENT((#3818));
#3820=STYLED_ITEM('',(#3819),#3817);
#3821=DIRECTION('',(0.E0,-1.E0,0.E0));
#3822=VECTOR('',#3821,2.29E0);
#3823=CARTESIAN_POINT('',(2.254E1,-2.5E-1,1.59E0));
#3824=LINE('',#3823,#3822);
#3825=CURVE_STYLE('',#16,POSITIVE_LENGTH_MEASURE(2.E-2),#3);
#3826=PRESENTATION_STYLE_ASSIGNMENT((#3825));
#3827=STYLED_ITEM('',(#3826),#3824);
#3828=DIRECTION('',(0.E0,0.E0,1.E0));
#3829=VECTOR('',#3828,6.4E-1);
#3830=CARTESIAN_POINT('',(2.254E1,-2.5E-1,9.5E-1));
#3831=LINE('',#3830,#3829);
#3832=CURVE_STYLE('',#16,POSITIVE_LENGTH_MEASURE(2.E-2),#3);
#3833=PRESENTATION_STYLE_ASSIGNMENT((#3832));
#3834=STYLED_ITEM('',(#3833),#3831);
#3835=DIRECTION('',(0.E0,-1.E0,0.E0));
#3836=VECTOR('',#3835,2.29E0);
#3837=CARTESIAN_POINT('',(2.254E1,-2.5E-1,9.5E-1));
#3838=LINE('',#3837,#3836);
#3839=CURVE_STYLE('',#16,POSITIVE_LENGTH_MEASURE(2.E-2),#3);
#3840=PRESENTATION_STYLE_ASSIGNMENT((#3839));
#3841=STYLED_ITEM('',(#3840),#3838);
#3842=DIRECTION('',(-1.E0,0.E0,0.E0));
#3843=VECTOR('',#3842,6.4E-1);
#3844=CARTESIAN_POINT('',(2.318E1,-2.5E-1,9.5E-1));
#3845=LINE('',#3844,#3843);
#3846=CURVE_STYLE('',#16,POSITIVE_LENGTH_MEASURE(2.E-2),#3);
#3847=PRESENTATION_STYLE_ASSIGNMENT((#3846));
#3848=STYLED_ITEM('',(#3847),#3845);
#3849=DIRECTION('',(0.E0,-1.E0,0.E0));
#3850=VECTOR('',#3849,2.29E0);
#3851=CARTESIAN_POINT('',(2.318E1,-2.5E-1,9.5E-1));
#3852=LINE('',#3851,#3850);
#3853=CURVE_STYLE('',#16,POSITIVE_LENGTH_MEASURE(2.E-2),#3);
#3854=PRESENTATION_STYLE_ASSIGNMENT((#3853));
#3855=STYLED_ITEM('',(#3854),#3852);
#3856=DIRECTION('',(0.E0,-1.E0,0.E0));
#3857=VECTOR('',#3856,2.54E0);
#3858=CARTESIAN_POINT('',(2.211E1,0.E0,-2.5E0));
#3859=LINE('',#3858,#3857);
#3860=CURVE_STYLE('',#16,POSITIVE_LENGTH_MEASURE(2.E-2),#3);
#3861=PRESENTATION_STYLE_ASSIGNMENT((#3860));
#3862=STYLED_ITEM('',(#3861),#3859);
#3863=DIRECTION('',(-1.E0,0.E0,0.E0));
#3864=VECTOR('',#3863,1.94625E0);
#3865=CARTESIAN_POINT('',(2.3833125E1,0.E0,2.075E0));
#3866=LINE('',#3865,#3864);
#3867=CURVE_STYLE('',#16,POSITIVE_LENGTH_MEASURE(2.E-2),#3);
#3868=PRESENTATION_STYLE_ASSIGNMENT((#3867));
#3869=STYLED_ITEM('',(#3868),#3866);
#3870=DIRECTION('',(-4.648338989899E-1,0.E0,8.853979028379E-1));
#3871=VECTOR('',#3870,4.800101724183E-1);
#3872=CARTESIAN_POINT('',(2.3833125E1,0.E0,2.075E0));
#3873=LINE('',#3872,#3871);
#3874=CURVE_STYLE('',#16,POSITIVE_LENGTH_MEASURE(2.E-2),#3);
#3875=PRESENTATION_STYLE_ASSIGNMENT((#3874));
#3876=STYLED_ITEM('',(#3875),#3873);
#3877=DIRECTION('',(-1.E0,0.E0,0.E0));
#3878=VECTOR('',#3877,1.5E0);
#3879=CARTESIAN_POINT('',(2.361E1,0.E0,2.5E0));
#3880=LINE('',#3879,#3878);
#3881=CURVE_STYLE('',#16,POSITIVE_LENGTH_MEASURE(2.E-2),#3);
#3882=PRESENTATION_STYLE_ASSIGNMENT((#3881));
#3883=STYLED_ITEM('',(#3882),#3880);
#3884=DIRECTION('',(-4.648338989899E-1,0.E0,-8.853979028379E-1));
#3885=VECTOR('',#3884,4.800101724183E-1);
#3886=CARTESIAN_POINT('',(2.211E1,0.E0,2.5E0));
#3887=LINE('',#3886,#3885);
#3888=CURVE_STYLE('',#16,POSITIVE_LENGTH_MEASURE(2.E-2),#3);
#3889=PRESENTATION_STYLE_ASSIGNMENT((#3888));
#3890=STYLED_ITEM('',(#3889),#3887);
#3891=DIRECTION('',(-1.E0,0.E0,0.E0));
#3892=VECTOR('',#3891,1.94625E0);
#3893=CARTESIAN_POINT('',(2.3833125E1,0.E0,-2.075E0));
#3894=LINE('',#3893,#3892);
#3895=CURVE_STYLE('',#16,POSITIVE_LENGTH_MEASURE(2.E-2),#3);
#3896=PRESENTATION_STYLE_ASSIGNMENT((#3895));
#3897=STYLED_ITEM('',(#3896),#3894);
#3898=DIRECTION('',(4.648338989899E-1,0.E0,-8.853979028379E-1));
#3899=VECTOR('',#3898,4.800101724182E-1);
#3900=CARTESIAN_POINT('',(2.1886875E1,0.E0,-2.075E0));
#3901=LINE('',#3900,#3899);
#3902=CURVE_STYLE('',#16,POSITIVE_LENGTH_MEASURE(2.E-2),#3);
#3903=PRESENTATION_STYLE_ASSIGNMENT((#3902));
#3904=STYLED_ITEM('',(#3903),#3901);
#3905=DIRECTION('',(1.E0,0.E0,0.E0));
#3906=VECTOR('',#3905,1.5E0);
#3907=CARTESIAN_POINT('',(2.211E1,0.E0,-2.5E0));
#3908=LINE('',#3907,#3906);
#3909=CURVE_STYLE('',#16,POSITIVE_LENGTH_MEASURE(2.E-2),#3);
#3910=PRESENTATION_STYLE_ASSIGNMENT((#3909));
#3911=STYLED_ITEM('',(#3910),#3908);
#3912=DIRECTION('',(4.648338989899E-1,0.E0,8.853979028379E-1));
#3913=VECTOR('',#3912,4.800101724182E-1);
#3914=CARTESIAN_POINT('',(2.361E1,0.E0,-2.5E0));
#3915=LINE('',#3914,#3913);
#3916=CURVE_STYLE('',#16,POSITIVE_LENGTH_MEASURE(2.E-2),#3);
#3917=PRESENTATION_STYLE_ASSIGNMENT((#3916));
#3918=STYLED_ITEM('',(#3917),#3915);
#3919=DIRECTION('',(0.E0,-1.E0,0.E0));
#3920=VECTOR('',#3919,2.54E0);
#3921=CARTESIAN_POINT('',(2.361E1,0.E0,2.5E0));
#3922=LINE('',#3921,#3920);
#3923=CURVE_STYLE('',#16,POSITIVE_LENGTH_MEASURE(2.E-2),#3);
#3924=PRESENTATION_STYLE_ASSIGNMENT((#3923));
#3925=STYLED_ITEM('',(#3924),#3922);
#3926=DIRECTION('',(0.E0,0.E0,-1.E0));
#3927=VECTOR('',#3926,6.4E-1);
#3928=CARTESIAN_POINT('',(2.064E1,-2.54E0,-9.5E-1));
#3929=LINE('',#3928,#3927);
#3930=CURVE_STYLE('',#16,POSITIVE_LENGTH_MEASURE(2.E-2),#3);
#3931=PRESENTATION_STYLE_ASSIGNMENT((#3930));
#3932=STYLED_ITEM('',(#3931),#3929);
#3933=DIRECTION('',(1.E0,0.E0,0.E0));
#3934=VECTOR('',#3933,6.4E-1);
#3935=CARTESIAN_POINT('',(2.E1,-2.54E0,-9.5E-1));
#3936=LINE('',#3935,#3934);
#3937=CURVE_STYLE('',#16,POSITIVE_LENGTH_MEASURE(2.E-2),#3);
#3938=PRESENTATION_STYLE_ASSIGNMENT((#3937));
#3939=STYLED_ITEM('',(#3938),#3936);
#3940=DIRECTION('',(0.E0,0.E0,1.E0));
#3941=VECTOR('',#3940,6.4E-1);
#3942=CARTESIAN_POINT('',(2.E1,-2.54E0,-1.59E0));
#3943=LINE('',#3942,#3941);
#3944=CURVE_STYLE('',#16,POSITIVE_LENGTH_MEASURE(2.E-2),#3);
#3945=PRESENTATION_STYLE_ASSIGNMENT((#3944));
#3946=STYLED_ITEM('',(#3945),#3943);
#3947=DIRECTION('',(-1.E0,0.E0,0.E0));
#3948=VECTOR('',#3947,6.4E-1);
#3949=CARTESIAN_POINT('',(2.064E1,-2.54E0,-1.59E0));
#3950=LINE('',#3949,#3948);
#3951=CURVE_STYLE('',#16,POSITIVE_LENGTH_MEASURE(2.E-2),#3);
#3952=PRESENTATION_STYLE_ASSIGNMENT((#3951));
#3953=STYLED_ITEM('',(#3952),#3950);
#3954=DIRECTION('',(0.E0,0.E0,-1.E0));
#3955=VECTOR('',#3954,6.4E-1);
#3956=CARTESIAN_POINT('',(2.064E1,-2.54E0,1.59E0));
#3957=LINE('',#3956,#3955);
#3958=CURVE_STYLE('',#16,POSITIVE_LENGTH_MEASURE(2.E-2),#3);
#3959=PRESENTATION_STYLE_ASSIGNMENT((#3958));
#3960=STYLED_ITEM('',(#3959),#3957);
#3961=DIRECTION('',(1.E0,0.E0,0.E0));
#3962=VECTOR('',#3961,6.4E-1);
#3963=CARTESIAN_POINT('',(2.E1,-2.54E0,1.59E0));
#3964=LINE('',#3963,#3962);
#3965=CURVE_STYLE('',#16,POSITIVE_LENGTH_MEASURE(2.E-2),#3);
#3966=PRESENTATION_STYLE_ASSIGNMENT((#3965));
#3967=STYLED_ITEM('',(#3966),#3964);
#3968=DIRECTION('',(0.E0,0.E0,1.E0));
#3969=VECTOR('',#3968,6.4E-1);
#3970=CARTESIAN_POINT('',(2.E1,-2.54E0,9.5E-1));
#3971=LINE('',#3970,#3969);
#3972=CURVE_STYLE('',#16,POSITIVE_LENGTH_MEASURE(2.E-2),#3);
#3973=PRESENTATION_STYLE_ASSIGNMENT((#3972));
#3974=STYLED_ITEM('',(#3973),#3971);
#3975=DIRECTION('',(-1.E0,0.E0,0.E0));
#3976=VECTOR('',#3975,6.4E-1);
#3977=CARTESIAN_POINT('',(2.064E1,-2.54E0,9.5E-1));
#3978=LINE('',#3977,#3976);
#3979=CURVE_STYLE('',#16,POSITIVE_LENGTH_MEASURE(2.E-2),#3);
#3980=PRESENTATION_STYLE_ASSIGNMENT((#3979));
#3981=STYLED_ITEM('',(#3980),#3978);
#3982=DIRECTION('',(0.E0,0.E0,-1.E0));
#3983=VECTOR('',#3982,3.4E0);
#3984=CARTESIAN_POINT('',(2.149E1,-2.54E0,1.7E0));
#3985=LINE('',#3984,#3983);
#3986=CURVE_STYLE('',#16,POSITIVE_LENGTH_MEASURE(2.E-2),#3);
#3987=PRESENTATION_STYLE_ASSIGNMENT((#3986));
#3988=STYLED_ITEM('',(#3987),#3985);
#3989=DIRECTION('',(4.648338989899E-1,0.E0,8.853979028379E-1));
#3990=VECTOR('',#3989,9.035485598461E-1);
#3991=CARTESIAN_POINT('',(2.107E1,-2.54E0,-2.5E0));
#3992=LINE('',#3991,#3990);
#3993=CURVE_STYLE('',#16,POSITIVE_LENGTH_MEASURE(2.E-2),#3);
#3994=PRESENTATION_STYLE_ASSIGNMENT((#3993));
#3995=STYLED_ITEM('',(#3994),#3992);
#3996=DIRECTION('',(1.E0,0.E0,0.E0));
#3997=VECTOR('',#3996,1.5E0);
#3998=CARTESIAN_POINT('',(1.957E1,-2.54E0,-2.5E0));
#3999=LINE('',#3998,#3997);
#4000=CURVE_STYLE('',#16,POSITIVE_LENGTH_MEASURE(2.E-2),#3);
#4001=PRESENTATION_STYLE_ASSIGNMENT((#4000));
#4002=STYLED_ITEM('',(#4001),#3999);
#4003=DIRECTION('',(4.648338989899E-1,0.E0,-8.853979028379E-1));
#4004=VECTOR('',#4003,9.035485598461E-1);
#4005=CARTESIAN_POINT('',(1.915E1,-2.54E0,-1.7E0));
#4006=LINE('',#4005,#4004);
#4007=CURVE_STYLE('',#16,POSITIVE_LENGTH_MEASURE(2.E-2),#3);
#4008=PRESENTATION_STYLE_ASSIGNMENT((#4007));
#4009=STYLED_ITEM('',(#4008),#4006);
#4010=DIRECTION('',(0.E0,0.E0,1.E0));
#4011=VECTOR('',#4010,3.4E0);
#4012=CARTESIAN_POINT('',(1.915E1,-2.54E0,-1.7E0));
#4013=LINE('',#4012,#4011);
#4014=CURVE_STYLE('',#16,POSITIVE_LENGTH_MEASURE(2.E-2),#3);
#4015=PRESENTATION_STYLE_ASSIGNMENT((#4014));
#4016=STYLED_ITEM('',(#4015),#4013);
#4017=DIRECTION('',(-4.648338989899E-1,0.E0,-8.853979028379E-1));
#4018=VECTOR('',#4017,9.035485598461E-1);
#4019=CARTESIAN_POINT('',(1.957E1,-2.54E0,2.5E0));
#4020=LINE('',#4019,#4018);
#4021=CURVE_STYLE('',#16,POSITIVE_LENGTH_MEASURE(2.E-2),#3);
#4022=PRESENTATION_STYLE_ASSIGNMENT((#4021));
#4023=STYLED_ITEM('',(#4022),#4020);
#4024=DIRECTION('',(-1.E0,0.E0,0.E0));
#4025=VECTOR('',#4024,1.5E0);
#4026=CARTESIAN_POINT('',(2.107E1,-2.54E0,2.5E0));
#4027=LINE('',#4026,#4025);
#4028=CURVE_STYLE('',#16,POSITIVE_LENGTH_MEASURE(2.E-2),#3);
#4029=PRESENTATION_STYLE_ASSIGNMENT((#4028));
#4030=STYLED_ITEM('',(#4029),#4027);
#4031=DIRECTION('',(-4.648338989899E-1,0.E0,8.853979028379E-1));
#4032=VECTOR('',#4031,9.035485598461E-1);
#4033=CARTESIAN_POINT('',(2.149E1,-2.54E0,1.7E0));
#4034=LINE('',#4033,#4032);
#4035=CURVE_STYLE('',#16,POSITIVE_LENGTH_MEASURE(2.E-2),#3);
#4036=PRESENTATION_STYLE_ASSIGNMENT((#4035));
#4037=STYLED_ITEM('',(#4036),#4034);
#4038=DIRECTION('',(0.E0,0.E0,-1.E0));
#4039=VECTOR('',#4038,6.4E-1);
#4040=CARTESIAN_POINT('',(2.064E1,-2.5E-1,-9.5E-1));
#4041=LINE('',#4040,#4039);
#4042=CURVE_STYLE('',#16,POSITIVE_LENGTH_MEASURE(2.E-2),#3);
#4043=PRESENTATION_STYLE_ASSIGNMENT((#4042));
#4044=STYLED_ITEM('',(#4043),#4041);
#4045=DIRECTION('',(0.E0,-1.E0,0.E0));
#4046=VECTOR('',#4045,2.29E0);
#4047=CARTESIAN_POINT('',(2.064E1,-2.5E-1,-9.5E-1));
#4048=LINE('',#4047,#4046);
#4049=CURVE_STYLE('',#16,POSITIVE_LENGTH_MEASURE(2.E-2),#3);
#4050=PRESENTATION_STYLE_ASSIGNMENT((#4049));
#4051=STYLED_ITEM('',(#4050),#4048);
#4052=DIRECTION('',(1.E0,0.E0,0.E0));
#4053=VECTOR('',#4052,6.4E-1);
#4054=CARTESIAN_POINT('',(2.E1,-2.5E-1,-9.5E-1));
#4055=LINE('',#4054,#4053);
#4056=CURVE_STYLE('',#16,POSITIVE_LENGTH_MEASURE(2.E-2),#3);
#4057=PRESENTATION_STYLE_ASSIGNMENT((#4056));
#4058=STYLED_ITEM('',(#4057),#4055);
#4059=DIRECTION('',(0.E0,-1.E0,0.E0));
#4060=VECTOR('',#4059,2.29E0);
#4061=CARTESIAN_POINT('',(2.E1,-2.5E-1,-9.5E-1));
#4062=LINE('',#4061,#4060);
#4063=CURVE_STYLE('',#16,POSITIVE_LENGTH_MEASURE(2.E-2),#3);
#4064=PRESENTATION_STYLE_ASSIGNMENT((#4063));
#4065=STYLED_ITEM('',(#4064),#4062);
#4066=DIRECTION('',(0.E0,0.E0,1.E0));
#4067=VECTOR('',#4066,6.4E-1);
#4068=CARTESIAN_POINT('',(2.E1,-2.5E-1,-1.59E0));
#4069=LINE('',#4068,#4067);
#4070=CURVE_STYLE('',#16,POSITIVE_LENGTH_MEASURE(2.E-2),#3);
#4071=PRESENTATION_STYLE_ASSIGNMENT((#4070));
#4072=STYLED_ITEM('',(#4071),#4069);
#4073=DIRECTION('',(0.E0,-1.E0,0.E0));
#4074=VECTOR('',#4073,2.29E0);
#4075=CARTESIAN_POINT('',(2.E1,-2.5E-1,-1.59E0));
#4076=LINE('',#4075,#4074);
#4077=CURVE_STYLE('',#16,POSITIVE_LENGTH_MEASURE(2.E-2),#3);
#4078=PRESENTATION_STYLE_ASSIGNMENT((#4077));
#4079=STYLED_ITEM('',(#4078),#4076);
#4080=DIRECTION('',(-1.E0,0.E0,0.E0));
#4081=VECTOR('',#4080,6.4E-1);
#4082=CARTESIAN_POINT('',(2.064E1,-2.5E-1,-1.59E0));
#4083=LINE('',#4082,#4081);
#4084=CURVE_STYLE('',#16,POSITIVE_LENGTH_MEASURE(2.E-2),#3);
#4085=PRESENTATION_STYLE_ASSIGNMENT((#4084));
#4086=STYLED_ITEM('',(#4085),#4083);
#4087=DIRECTION('',(0.E0,-1.E0,0.E0));
#4088=VECTOR('',#4087,2.29E0);
#4089=CARTESIAN_POINT('',(2.064E1,-2.5E-1,-1.59E0));
#4090=LINE('',#4089,#4088);
#4091=CURVE_STYLE('',#16,POSITIVE_LENGTH_MEASURE(2.E-2),#3);
#4092=PRESENTATION_STYLE_ASSIGNMENT((#4091));
#4093=STYLED_ITEM('',(#4092),#4090);
#4094=DIRECTION('',(0.E0,0.E0,-1.E0));
#4095=VECTOR('',#4094,6.4E-1);
#4096=CARTESIAN_POINT('',(2.064E1,-2.5E-1,1.59E0));
#4097=LINE('',#4096,#4095);
#4098=CURVE_STYLE('',#16,POSITIVE_LENGTH_MEASURE(2.E-2),#3);
#4099=PRESENTATION_STYLE_ASSIGNMENT((#4098));
#4100=STYLED_ITEM('',(#4099),#4097);
#4101=DIRECTION('',(0.E0,-1.E0,0.E0));
#4102=VECTOR('',#4101,2.29E0);
#4103=CARTESIAN_POINT('',(2.064E1,-2.5E-1,1.59E0));
#4104=LINE('',#4103,#4102);
#4105=CURVE_STYLE('',#16,POSITIVE_LENGTH_MEASURE(2.E-2),#3);
#4106=PRESENTATION_STYLE_ASSIGNMENT((#4105));
#4107=STYLED_ITEM('',(#4106),#4104);
#4108=DIRECTION('',(1.E0,0.E0,0.E0));
#4109=VECTOR('',#4108,6.4E-1);
#4110=CARTESIAN_POINT('',(2.E1,-2.5E-1,1.59E0));
#4111=LINE('',#4110,#4109);
#4112=CURVE_STYLE('',#16,POSITIVE_LENGTH_MEASURE(2.E-2),#3);
#4113=PRESENTATION_STYLE_ASSIGNMENT((#4112));
#4114=STYLED_ITEM('',(#4113),#4111);
#4115=DIRECTION('',(0.E0,-1.E0,0.E0));
#4116=VECTOR('',#4115,2.29E0);
#4117=CARTESIAN_POINT('',(2.E1,-2.5E-1,1.59E0));
#4118=LINE('',#4117,#4116);
#4119=CURVE_STYLE('',#16,POSITIVE_LENGTH_MEASURE(2.E-2),#3);
#4120=PRESENTATION_STYLE_ASSIGNMENT((#4119));
#4121=STYLED_ITEM('',(#4120),#4118);
#4122=DIRECTION('',(0.E0,0.E0,1.E0));
#4123=VECTOR('',#4122,6.4E-1);
#4124=CARTESIAN_POINT('',(2.E1,-2.5E-1,9.5E-1));
#4125=LINE('',#4124,#4123);
#4126=CURVE_STYLE('',#16,POSITIVE_LENGTH_MEASURE(2.E-2),#3);
#4127=PRESENTATION_STYLE_ASSIGNMENT((#4126));
#4128=STYLED_ITEM('',(#4127),#4125);
#4129=DIRECTION('',(0.E0,-1.E0,0.E0));
#4130=VECTOR('',#4129,2.29E0);
#4131=CARTESIAN_POINT('',(2.E1,-2.5E-1,9.5E-1));
#4132=LINE('',#4131,#4130);
#4133=CURVE_STYLE('',#16,POSITIVE_LENGTH_MEASURE(2.E-2),#3);
#4134=PRESENTATION_STYLE_ASSIGNMENT((#4133));
#4135=STYLED_ITEM('',(#4134),#4132);
#4136=DIRECTION('',(-1.E0,0.E0,0.E0));
#4137=VECTOR('',#4136,6.4E-1);
#4138=CARTESIAN_POINT('',(2.064E1,-2.5E-1,9.5E-1));
#4139=LINE('',#4138,#4137);
#4140=CURVE_STYLE('',#16,POSITIVE_LENGTH_MEASURE(2.E-2),#3);
#4141=PRESENTATION_STYLE_ASSIGNMENT((#4140));
#4142=STYLED_ITEM('',(#4141),#4139);
#4143=DIRECTION('',(0.E0,-1.E0,0.E0));
#4144=VECTOR('',#4143,2.29E0);
#4145=CARTESIAN_POINT('',(2.064E1,-2.5E-1,9.5E-1));
#4146=LINE('',#4145,#4144);
#4147=CURVE_STYLE('',#16,POSITIVE_LENGTH_MEASURE(2.E-2),#3);
#4148=PRESENTATION_STYLE_ASSIGNMENT((#4147));
#4149=STYLED_ITEM('',(#4148),#4146);
#4150=DIRECTION('',(0.E0,-1.E0,0.E0));
#4151=VECTOR('',#4150,2.54E0);
#4152=CARTESIAN_POINT('',(1.957E1,0.E0,-2.5E0));
#4153=LINE('',#4152,#4151);
#4154=CURVE_STYLE('',#16,POSITIVE_LENGTH_MEASURE(2.E-2),#3);
#4155=PRESENTATION_STYLE_ASSIGNMENT((#4154));
#4156=STYLED_ITEM('',(#4155),#4153);
#4157=DIRECTION('',(-1.E0,0.E0,0.E0));
#4158=VECTOR('',#4157,1.94625E0);
#4159=CARTESIAN_POINT('',(2.1293125E1,0.E0,2.075E0));
#4160=LINE('',#4159,#4158);
#4161=CURVE_STYLE('',#16,POSITIVE_LENGTH_MEASURE(2.E-2),#3);
#4162=PRESENTATION_STYLE_ASSIGNMENT((#4161));
#4163=STYLED_ITEM('',(#4162),#4160);
#4164=DIRECTION('',(-4.648338989899E-1,0.E0,8.853979028379E-1));
#4165=VECTOR('',#4164,4.800101724183E-1);
#4166=CARTESIAN_POINT('',(2.1293125E1,0.E0,2.075E0));
#4167=LINE('',#4166,#4165);
#4168=CURVE_STYLE('',#16,POSITIVE_LENGTH_MEASURE(2.E-2),#3);
#4169=PRESENTATION_STYLE_ASSIGNMENT((#4168));
#4170=STYLED_ITEM('',(#4169),#4167);
#4171=DIRECTION('',(-1.E0,0.E0,0.E0));
#4172=VECTOR('',#4171,1.5E0);
#4173=CARTESIAN_POINT('',(2.107E1,0.E0,2.5E0));
#4174=LINE('',#4173,#4172);
#4175=CURVE_STYLE('',#16,POSITIVE_LENGTH_MEASURE(2.E-2),#3);
#4176=PRESENTATION_STYLE_ASSIGNMENT((#4175));
#4177=STYLED_ITEM('',(#4176),#4174);
#4178=DIRECTION('',(-4.648338989899E-1,0.E0,-8.853979028379E-1));
#4179=VECTOR('',#4178,4.800101724183E-1);
#4180=CARTESIAN_POINT('',(1.957E1,0.E0,2.5E0));
#4181=LINE('',#4180,#4179);
#4182=CURVE_STYLE('',#16,POSITIVE_LENGTH_MEASURE(2.E-2),#3);
#4183=PRESENTATION_STYLE_ASSIGNMENT((#4182));
#4184=STYLED_ITEM('',(#4183),#4181);
#4185=DIRECTION('',(-1.E0,0.E0,0.E0));
#4186=VECTOR('',#4185,1.94625E0);
#4187=CARTESIAN_POINT('',(2.1293125E1,0.E0,-2.075E0));
#4188=LINE('',#4187,#4186);
#4189=CURVE_STYLE('',#16,POSITIVE_LENGTH_MEASURE(2.E-2),#3);
#4190=PRESENTATION_STYLE_ASSIGNMENT((#4189));
#4191=STYLED_ITEM('',(#4190),#4188);
#4192=DIRECTION('',(4.648338989899E-1,0.E0,-8.853979028379E-1));
#4193=VECTOR('',#4192,4.800101724182E-1);
#4194=CARTESIAN_POINT('',(1.9346875E1,0.E0,-2.075E0));
#4195=LINE('',#4194,#4193);
#4196=CURVE_STYLE('',#16,POSITIVE_LENGTH_MEASURE(2.E-2),#3);
#4197=PRESENTATION_STYLE_ASSIGNMENT((#4196));
#4198=STYLED_ITEM('',(#4197),#4195);
#4199=DIRECTION('',(1.E0,0.E0,0.E0));
#4200=VECTOR('',#4199,1.5E0);
#4201=CARTESIAN_POINT('',(1.957E1,0.E0,-2.5E0));
#4202=LINE('',#4201,#4200);
#4203=CURVE_STYLE('',#16,POSITIVE_LENGTH_MEASURE(2.E-2),#3);
#4204=PRESENTATION_STYLE_ASSIGNMENT((#4203));
#4205=STYLED_ITEM('',(#4204),#4202);
#4206=DIRECTION('',(4.648338989899E-1,0.E0,8.853979028379E-1));
#4207=VECTOR('',#4206,4.800101724182E-1);
#4208=CARTESIAN_POINT('',(2.107E1,0.E0,-2.5E0));
#4209=LINE('',#4208,#4207);
#4210=CURVE_STYLE('',#16,POSITIVE_LENGTH_MEASURE(2.E-2),#3);
#4211=PRESENTATION_STYLE_ASSIGNMENT((#4210));
#4212=STYLED_ITEM('',(#4211),#4209);
#4213=DIRECTION('',(0.E0,-1.E0,0.E0));
#4214=VECTOR('',#4213,2.54E0);
#4215=CARTESIAN_POINT('',(2.107E1,0.E0,2.5E0));
#4216=LINE('',#4215,#4214);
#4217=CURVE_STYLE('',#16,POSITIVE_LENGTH_MEASURE(2.E-2),#3);
#4218=PRESENTATION_STYLE_ASSIGNMENT((#4217));
#4219=STYLED_ITEM('',(#4218),#4216);
#4220=DIRECTION('',(0.E0,0.E0,-1.E0));
#4221=VECTOR('',#4220,6.4E-1);
#4222=CARTESIAN_POINT('',(1.81E1,-2.54E0,-9.5E-1));
#4223=LINE('',#4222,#4221);
#4224=CURVE_STYLE('',#16,POSITIVE_LENGTH_MEASURE(2.E-2),#3);
#4225=PRESENTATION_STYLE_ASSIGNMENT((#4224));
#4226=STYLED_ITEM('',(#4225),#4223);
#4227=DIRECTION('',(1.E0,0.E0,0.E0));
#4228=VECTOR('',#4227,6.4E-1);
#4229=CARTESIAN_POINT('',(1.746E1,-2.54E0,-9.5E-1));
#4230=LINE('',#4229,#4228);
#4231=CURVE_STYLE('',#16,POSITIVE_LENGTH_MEASURE(2.E-2),#3);
#4232=PRESENTATION_STYLE_ASSIGNMENT((#4231));
#4233=STYLED_ITEM('',(#4232),#4230);
#4234=DIRECTION('',(0.E0,0.E0,1.E0));
#4235=VECTOR('',#4234,6.4E-1);
#4236=CARTESIAN_POINT('',(1.746E1,-2.54E0,-1.59E0));
#4237=LINE('',#4236,#4235);
#4238=CURVE_STYLE('',#16,POSITIVE_LENGTH_MEASURE(2.E-2),#3);
#4239=PRESENTATION_STYLE_ASSIGNMENT((#4238));
#4240=STYLED_ITEM('',(#4239),#4237);
#4241=DIRECTION('',(-1.E0,0.E0,0.E0));
#4242=VECTOR('',#4241,6.4E-1);
#4243=CARTESIAN_POINT('',(1.81E1,-2.54E0,-1.59E0));
#4244=LINE('',#4243,#4242);
#4245=CURVE_STYLE('',#16,POSITIVE_LENGTH_MEASURE(2.E-2),#3);
#4246=PRESENTATION_STYLE_ASSIGNMENT((#4245));
#4247=STYLED_ITEM('',(#4246),#4244);
#4248=DIRECTION('',(0.E0,0.E0,-1.E0));
#4249=VECTOR('',#4248,6.4E-1);
#4250=CARTESIAN_POINT('',(1.81E1,-2.54E0,1.59E0));
#4251=LINE('',#4250,#4249);
#4252=CURVE_STYLE('',#16,POSITIVE_LENGTH_MEASURE(2.E-2),#3);
#4253=PRESENTATION_STYLE_ASSIGNMENT((#4252));
#4254=STYLED_ITEM('',(#4253),#4251);
#4255=DIRECTION('',(1.E0,0.E0,0.E0));
#4256=VECTOR('',#4255,6.4E-1);
#4257=CARTESIAN_POINT('',(1.746E1,-2.54E0,1.59E0));
#4258=LINE('',#4257,#4256);
#4259=CURVE_STYLE('',#16,POSITIVE_LENGTH_MEASURE(2.E-2),#3);
#4260=PRESENTATION_STYLE_ASSIGNMENT((#4259));
#4261=STYLED_ITEM('',(#4260),#4258);
#4262=DIRECTION('',(0.E0,0.E0,1.E0));
#4263=VECTOR('',#4262,6.4E-1);
#4264=CARTESIAN_POINT('',(1.746E1,-2.54E0,9.5E-1));
#4265=LINE('',#4264,#4263);
#4266=CURVE_STYLE('',#16,POSITIVE_LENGTH_MEASURE(2.E-2),#3);
#4267=PRESENTATION_STYLE_ASSIGNMENT((#4266));
#4268=STYLED_ITEM('',(#4267),#4265);
#4269=DIRECTION('',(-1.E0,0.E0,0.E0));
#4270=VECTOR('',#4269,6.4E-1);
#4271=CARTESIAN_POINT('',(1.81E1,-2.54E0,9.5E-1));
#4272=LINE('',#4271,#4270);
#4273=CURVE_STYLE('',#16,POSITIVE_LENGTH_MEASURE(2.E-2),#3);
#4274=PRESENTATION_STYLE_ASSIGNMENT((#4273));
#4275=STYLED_ITEM('',(#4274),#4272);
#4276=DIRECTION('',(0.E0,0.E0,-1.E0));
#4277=VECTOR('',#4276,3.4E0);
#4278=CARTESIAN_POINT('',(1.895E1,-2.54E0,1.7E0));
#4279=LINE('',#4278,#4277);
#4280=CURVE_STYLE('',#16,POSITIVE_LENGTH_MEASURE(2.E-2),#3);
#4281=PRESENTATION_STYLE_ASSIGNMENT((#4280));
#4282=STYLED_ITEM('',(#4281),#4279);
#4283=DIRECTION('',(4.648338989899E-1,0.E0,8.853979028379E-1));
#4284=VECTOR('',#4283,9.035485598461E-1);
#4285=CARTESIAN_POINT('',(1.853E1,-2.54E0,-2.5E0));
#4286=LINE('',#4285,#4284);
#4287=CURVE_STYLE('',#16,POSITIVE_LENGTH_MEASURE(2.E-2),#3);
#4288=PRESENTATION_STYLE_ASSIGNMENT((#4287));
#4289=STYLED_ITEM('',(#4288),#4286);
#4290=DIRECTION('',(1.E0,0.E0,0.E0));
#4291=VECTOR('',#4290,1.5E0);
#4292=CARTESIAN_POINT('',(1.703E1,-2.54E0,-2.5E0));
#4293=LINE('',#4292,#4291);
#4294=CURVE_STYLE('',#16,POSITIVE_LENGTH_MEASURE(2.E-2),#3);
#4295=PRESENTATION_STYLE_ASSIGNMENT((#4294));
#4296=STYLED_ITEM('',(#4295),#4293);
#4297=DIRECTION('',(4.648338989899E-1,0.E0,-8.853979028379E-1));
#4298=VECTOR('',#4297,9.035485598461E-1);
#4299=CARTESIAN_POINT('',(1.661E1,-2.54E0,-1.7E0));
#4300=LINE('',#4299,#4298);
#4301=CURVE_STYLE('',#16,POSITIVE_LENGTH_MEASURE(2.E-2),#3);
#4302=PRESENTATION_STYLE_ASSIGNMENT((#4301));
#4303=STYLED_ITEM('',(#4302),#4300);
#4304=DIRECTION('',(0.E0,0.E0,1.E0));
#4305=VECTOR('',#4304,3.4E0);
#4306=CARTESIAN_POINT('',(1.661E1,-2.54E0,-1.7E0));
#4307=LINE('',#4306,#4305);
#4308=CURVE_STYLE('',#16,POSITIVE_LENGTH_MEASURE(2.E-2),#3);
#4309=PRESENTATION_STYLE_ASSIGNMENT((#4308));
#4310=STYLED_ITEM('',(#4309),#4307);
#4311=DIRECTION('',(-4.648338989899E-1,0.E0,-8.853979028379E-1));
#4312=VECTOR('',#4311,9.035485598461E-1);
#4313=CARTESIAN_POINT('',(1.703E1,-2.54E0,2.5E0));
#4314=LINE('',#4313,#4312);
#4315=CURVE_STYLE('',#16,POSITIVE_LENGTH_MEASURE(2.E-2),#3);
#4316=PRESENTATION_STYLE_ASSIGNMENT((#4315));
#4317=STYLED_ITEM('',(#4316),#4314);
#4318=DIRECTION('',(-1.E0,0.E0,0.E0));
#4319=VECTOR('',#4318,1.5E0);
#4320=CARTESIAN_POINT('',(1.853E1,-2.54E0,2.5E0));
#4321=LINE('',#4320,#4319);
#4322=CURVE_STYLE('',#16,POSITIVE_LENGTH_MEASURE(2.E-2),#3);
#4323=PRESENTATION_STYLE_ASSIGNMENT((#4322));
#4324=STYLED_ITEM('',(#4323),#4321);
#4325=DIRECTION('',(-4.648338989899E-1,0.E0,8.853979028379E-1));
#4326=VECTOR('',#4325,9.035485598461E-1);
#4327=CARTESIAN_POINT('',(1.895E1,-2.54E0,1.7E0));
#4328=LINE('',#4327,#4326);
#4329=CURVE_STYLE('',#16,POSITIVE_LENGTH_MEASURE(2.E-2),#3);
#4330=PRESENTATION_STYLE_ASSIGNMENT((#4329));
#4331=STYLED_ITEM('',(#4330),#4328);
#4332=DIRECTION('',(0.E0,0.E0,-1.E0));
#4333=VECTOR('',#4332,6.4E-1);
#4334=CARTESIAN_POINT('',(1.81E1,-2.5E-1,-9.5E-1));
#4335=LINE('',#4334,#4333);
#4336=CURVE_STYLE('',#16,POSITIVE_LENGTH_MEASURE(2.E-2),#3);
#4337=PRESENTATION_STYLE_ASSIGNMENT((#4336));
#4338=STYLED_ITEM('',(#4337),#4335);
#4339=DIRECTION('',(0.E0,-1.E0,0.E0));
#4340=VECTOR('',#4339,2.29E0);
#4341=CARTESIAN_POINT('',(1.81E1,-2.5E-1,-9.5E-1));
#4342=LINE('',#4341,#4340);
#4343=CURVE_STYLE('',#16,POSITIVE_LENGTH_MEASURE(2.E-2),#3);
#4344=PRESENTATION_STYLE_ASSIGNMENT((#4343));
#4345=STYLED_ITEM('',(#4344),#4342);
#4346=DIRECTION('',(1.E0,0.E0,0.E0));
#4347=VECTOR('',#4346,6.4E-1);
#4348=CARTESIAN_POINT('',(1.746E1,-2.5E-1,-9.5E-1));
#4349=LINE('',#4348,#4347);
#4350=CURVE_STYLE('',#16,POSITIVE_LENGTH_MEASURE(2.E-2),#3);
#4351=PRESENTATION_STYLE_ASSIGNMENT((#4350));
#4352=STYLED_ITEM('',(#4351),#4349);
#4353=DIRECTION('',(0.E0,-1.E0,0.E0));
#4354=VECTOR('',#4353,2.29E0);
#4355=CARTESIAN_POINT('',(1.746E1,-2.5E-1,-9.5E-1));
#4356=LINE('',#4355,#4354);
#4357=CURVE_STYLE('',#16,POSITIVE_LENGTH_MEASURE(2.E-2),#3);
#4358=PRESENTATION_STYLE_ASSIGNMENT((#4357));
#4359=STYLED_ITEM('',(#4358),#4356);
#4360=DIRECTION('',(0.E0,0.E0,1.E0));
#4361=VECTOR('',#4360,6.4E-1);
#4362=CARTESIAN_POINT('',(1.746E1,-2.5E-1,-1.59E0));
#4363=LINE('',#4362,#4361);
#4364=CURVE_STYLE('',#16,POSITIVE_LENGTH_MEASURE(2.E-2),#3);
#4365=PRESENTATION_STYLE_ASSIGNMENT((#4364));
#4366=STYLED_ITEM('',(#4365),#4363);
#4367=DIRECTION('',(0.E0,-1.E0,0.E0));
#4368=VECTOR('',#4367,2.29E0);
#4369=CARTESIAN_POINT('',(1.746E1,-2.5E-1,-1.59E0));
#4370=LINE('',#4369,#4368);
#4371=CURVE_STYLE('',#16,POSITIVE_LENGTH_MEASURE(2.E-2),#3);
#4372=PRESENTATION_STYLE_ASSIGNMENT((#4371));
#4373=STYLED_ITEM('',(#4372),#4370);
#4374=DIRECTION('',(-1.E0,0.E0,0.E0));
#4375=VECTOR('',#4374,6.4E-1);
#4376=CARTESIAN_POINT('',(1.81E1,-2.5E-1,-1.59E0));
#4377=LINE('',#4376,#4375);
#4378=CURVE_STYLE('',#16,POSITIVE_LENGTH_MEASURE(2.E-2),#3);
#4379=PRESENTATION_STYLE_ASSIGNMENT((#4378));
#4380=STYLED_ITEM('',(#4379),#4377);
#4381=DIRECTION('',(0.E0,-1.E0,0.E0));
#4382=VECTOR('',#4381,2.29E0);
#4383=CARTESIAN_POINT('',(1.81E1,-2.5E-1,-1.59E0));
#4384=LINE('',#4383,#4382);
#4385=CURVE_STYLE('',#16,POSITIVE_LENGTH_MEASURE(2.E-2),#3);
#4386=PRESENTATION_STYLE_ASSIGNMENT((#4385));
#4387=STYLED_ITEM('',(#4386),#4384);
#4388=DIRECTION('',(0.E0,0.E0,-1.E0));
#4389=VECTOR('',#4388,6.4E-1);
#4390=CARTESIAN_POINT('',(1.81E1,-2.5E-1,1.59E0));
#4391=LINE('',#4390,#4389);
#4392=CURVE_STYLE('',#16,POSITIVE_LENGTH_MEASURE(2.E-2),#3);
#4393=PRESENTATION_STYLE_ASSIGNMENT((#4392));
#4394=STYLED_ITEM('',(#4393),#4391);
#4395=DIRECTION('',(0.E0,-1.E0,0.E0));
#4396=VECTOR('',#4395,2.29E0);
#4397=CARTESIAN_POINT('',(1.81E1,-2.5E-1,1.59E0));
#4398=LINE('',#4397,#4396);
#4399=CURVE_STYLE('',#16,POSITIVE_LENGTH_MEASURE(2.E-2),#3);
#4400=PRESENTATION_STYLE_ASSIGNMENT((#4399));
#4401=STYLED_ITEM('',(#4400),#4398);
#4402=DIRECTION('',(1.E0,0.E0,0.E0));
#4403=VECTOR('',#4402,6.4E-1);
#4404=CARTESIAN_POINT('',(1.746E1,-2.5E-1,1.59E0));
#4405=LINE('',#4404,#4403);
#4406=CURVE_STYLE('',#16,POSITIVE_LENGTH_MEASURE(2.E-2),#3);
#4407=PRESENTATION_STYLE_ASSIGNMENT((#4406));
#4408=STYLED_ITEM('',(#4407),#4405);
#4409=DIRECTION('',(0.E0,-1.E0,0.E0));
#4410=VECTOR('',#4409,2.29E0);
#4411=CARTESIAN_POINT('',(1.746E1,-2.5E-1,1.59E0));
#4412=LINE('',#4411,#4410);
#4413=CURVE_STYLE('',#16,POSITIVE_LENGTH_MEASURE(2.E-2),#3);
#4414=PRESENTATION_STYLE_ASSIGNMENT((#4413));
#4415=STYLED_ITEM('',(#4414),#4412);
#4416=DIRECTION('',(0.E0,0.E0,1.E0));
#4417=VECTOR('',#4416,6.4E-1);
#4418=CARTESIAN_POINT('',(1.746E1,-2.5E-1,9.5E-1));
#4419=LINE('',#4418,#4417);
#4420=CURVE_STYLE('',#16,POSITIVE_LENGTH_MEASURE(2.E-2),#3);
#4421=PRESENTATION_STYLE_ASSIGNMENT((#4420));
#4422=STYLED_ITEM('',(#4421),#4419);
#4423=DIRECTION('',(0.E0,-1.E0,0.E0));
#4424=VECTOR('',#4423,2.29E0);
#4425=CARTESIAN_POINT('',(1.746E1,-2.5E-1,9.5E-1));
#4426=LINE('',#4425,#4424);
#4427=CURVE_STYLE('',#16,POSITIVE_LENGTH_MEASURE(2.E-2),#3);
#4428=PRESENTATION_STYLE_ASSIGNMENT((#4427));
#4429=STYLED_ITEM('',(#4428),#4426);
#4430=DIRECTION('',(-1.E0,0.E0,0.E0));
#4431=VECTOR('',#4430,6.4E-1);
#4432=CARTESIAN_POINT('',(1.81E1,-2.5E-1,9.5E-1));
#4433=LINE('',#4432,#4431);
#4434=CURVE_STYLE('',#16,POSITIVE_LENGTH_MEASURE(2.E-2),#3);
#4435=PRESENTATION_STYLE_ASSIGNMENT((#4434));
#4436=STYLED_ITEM('',(#4435),#4433);
#4437=DIRECTION('',(0.E0,-1.E0,0.E0));
#4438=VECTOR('',#4437,2.29E0);
#4439=CARTESIAN_POINT('',(1.81E1,-2.5E-1,9.5E-1));
#4440=LINE('',#4439,#4438);
#4441=CURVE_STYLE('',#16,POSITIVE_LENGTH_MEASURE(2.E-2),#3);
#4442=PRESENTATION_STYLE_ASSIGNMENT((#4441));
#4443=STYLED_ITEM('',(#4442),#4440);
#4444=DIRECTION('',(0.E0,-1.E0,0.E0));
#4445=VECTOR('',#4444,2.54E0);
#4446=CARTESIAN_POINT('',(1.703E1,0.E0,-2.5E0));
#4447=LINE('',#4446,#4445);
#4448=CURVE_STYLE('',#16,POSITIVE_LENGTH_MEASURE(2.E-2),#3);
#4449=PRESENTATION_STYLE_ASSIGNMENT((#4448));
#4450=STYLED_ITEM('',(#4449),#4447);
#4451=DIRECTION('',(-1.E0,0.E0,0.E0));
#4452=VECTOR('',#4451,1.94625E0);
#4453=CARTESIAN_POINT('',(1.8753125E1,0.E0,2.075E0));
#4454=LINE('',#4453,#4452);
#4455=CURVE_STYLE('',#16,POSITIVE_LENGTH_MEASURE(2.E-2),#3);
#4456=PRESENTATION_STYLE_ASSIGNMENT((#4455));
#4457=STYLED_ITEM('',(#4456),#4454);
#4458=DIRECTION('',(-4.648338989899E-1,0.E0,8.853979028379E-1));
#4459=VECTOR('',#4458,4.800101724183E-1);
#4460=CARTESIAN_POINT('',(1.8753125E1,0.E0,2.075E0));
#4461=LINE('',#4460,#4459);
#4462=CURVE_STYLE('',#16,POSITIVE_LENGTH_MEASURE(2.E-2),#3);
#4463=PRESENTATION_STYLE_ASSIGNMENT((#4462));
#4464=STYLED_ITEM('',(#4463),#4461);
#4465=DIRECTION('',(-1.E0,0.E0,0.E0));
#4466=VECTOR('',#4465,1.5E0);
#4467=CARTESIAN_POINT('',(1.853E1,0.E0,2.5E0));
#4468=LINE('',#4467,#4466);
#4469=CURVE_STYLE('',#16,POSITIVE_LENGTH_MEASURE(2.E-2),#3);
#4470=PRESENTATION_STYLE_ASSIGNMENT((#4469));
#4471=STYLED_ITEM('',(#4470),#4468);
#4472=DIRECTION('',(-4.648338989899E-1,0.E0,-8.853979028379E-1));
#4473=VECTOR('',#4472,4.800101724183E-1);
#4474=CARTESIAN_POINT('',(1.703E1,0.E0,2.5E0));
#4475=LINE('',#4474,#4473);
#4476=CURVE_STYLE('',#16,POSITIVE_LENGTH_MEASURE(2.E-2),#3);
#4477=PRESENTATION_STYLE_ASSIGNMENT((#4476));
#4478=STYLED_ITEM('',(#4477),#4475);
#4479=DIRECTION('',(-1.E0,0.E0,0.E0));
#4480=VECTOR('',#4479,1.94625E0);
#4481=CARTESIAN_POINT('',(1.8753125E1,0.E0,-2.075E0));
#4482=LINE('',#4481,#4480);
#4483=CURVE_STYLE('',#16,POSITIVE_LENGTH_MEASURE(2.E-2),#3);
#4484=PRESENTATION_STYLE_ASSIGNMENT((#4483));
#4485=STYLED_ITEM('',(#4484),#4482);
#4486=DIRECTION('',(4.648338989899E-1,0.E0,-8.853979028379E-1));
#4487=VECTOR('',#4486,4.800101724182E-1);
#4488=CARTESIAN_POINT('',(1.6806875E1,0.E0,-2.075E0));
#4489=LINE('',#4488,#4487);
#4490=CURVE_STYLE('',#16,POSITIVE_LENGTH_MEASURE(2.E-2),#3);
#4491=PRESENTATION_STYLE_ASSIGNMENT((#4490));
#4492=STYLED_ITEM('',(#4491),#4489);
#4493=DIRECTION('',(1.E0,0.E0,0.E0));
#4494=VECTOR('',#4493,1.5E0);
#4495=CARTESIAN_POINT('',(1.703E1,0.E0,-2.5E0));
#4496=LINE('',#4495,#4494);
#4497=CURVE_STYLE('',#16,POSITIVE_LENGTH_MEASURE(2.E-2),#3);
#4498=PRESENTATION_STYLE_ASSIGNMENT((#4497));
#4499=STYLED_ITEM('',(#4498),#4496);
#4500=DIRECTION('',(4.648338989899E-1,0.E0,8.853979028379E-1));
#4501=VECTOR('',#4500,4.800101724182E-1);
#4502=CARTESIAN_POINT('',(1.853E1,0.E0,-2.5E0));
#4503=LINE('',#4502,#4501);
#4504=CURVE_STYLE('',#16,POSITIVE_LENGTH_MEASURE(2.E-2),#3);
#4505=PRESENTATION_STYLE_ASSIGNMENT((#4504));
#4506=STYLED_ITEM('',(#4505),#4503);
#4507=DIRECTION('',(0.E0,-1.E0,0.E0));
#4508=VECTOR('',#4507,2.54E0);
#4509=CARTESIAN_POINT('',(1.853E1,0.E0,2.5E0));
#4510=LINE('',#4509,#4508);
#4511=CURVE_STYLE('',#16,POSITIVE_LENGTH_MEASURE(2.E-2),#3);
#4512=PRESENTATION_STYLE_ASSIGNMENT((#4511));
#4513=STYLED_ITEM('',(#4512),#4510);
#4514=DIRECTION('',(0.E0,0.E0,-1.E0));
#4515=VECTOR('',#4514,6.4E-1);
#4516=CARTESIAN_POINT('',(1.556E1,-2.54E0,-9.5E-1));
#4517=LINE('',#4516,#4515);
#4518=CURVE_STYLE('',#16,POSITIVE_LENGTH_MEASURE(2.E-2),#3);
#4519=PRESENTATION_STYLE_ASSIGNMENT((#4518));
#4520=STYLED_ITEM('',(#4519),#4517);
#4521=DIRECTION('',(1.E0,0.E0,0.E0));
#4522=VECTOR('',#4521,6.4E-1);
#4523=CARTESIAN_POINT('',(1.492E1,-2.54E0,-9.5E-1));
#4524=LINE('',#4523,#4522);
#4525=CURVE_STYLE('',#16,POSITIVE_LENGTH_MEASURE(2.E-2),#3);
#4526=PRESENTATION_STYLE_ASSIGNMENT((#4525));
#4527=STYLED_ITEM('',(#4526),#4524);
#4528=DIRECTION('',(0.E0,0.E0,1.E0));
#4529=VECTOR('',#4528,6.4E-1);
#4530=CARTESIAN_POINT('',(1.492E1,-2.54E0,-1.59E0));
#4531=LINE('',#4530,#4529);
#4532=CURVE_STYLE('',#16,POSITIVE_LENGTH_MEASURE(2.E-2),#3);
#4533=PRESENTATION_STYLE_ASSIGNMENT((#4532));
#4534=STYLED_ITEM('',(#4533),#4531);
#4535=DIRECTION('',(-1.E0,0.E0,0.E0));
#4536=VECTOR('',#4535,6.4E-1);
#4537=CARTESIAN_POINT('',(1.556E1,-2.54E0,-1.59E0));
#4538=LINE('',#4537,#4536);
#4539=CURVE_STYLE('',#16,POSITIVE_LENGTH_MEASURE(2.E-2),#3);
#4540=PRESENTATION_STYLE_ASSIGNMENT((#4539));
#4541=STYLED_ITEM('',(#4540),#4538);
#4542=DIRECTION('',(0.E0,0.E0,-1.E0));
#4543=VECTOR('',#4542,6.4E-1);
#4544=CARTESIAN_POINT('',(1.556E1,-2.54E0,1.59E0));
#4545=LINE('',#4544,#4543);
#4546=CURVE_STYLE('',#16,POSITIVE_LENGTH_MEASURE(2.E-2),#3);
#4547=PRESENTATION_STYLE_ASSIGNMENT((#4546));
#4548=STYLED_ITEM('',(#4547),#4545);
#4549=DIRECTION('',(1.E0,0.E0,0.E0));
#4550=VECTOR('',#4549,6.4E-1);
#4551=CARTESIAN_POINT('',(1.492E1,-2.54E0,1.59E0));
#4552=LINE('',#4551,#4550);
#4553=CURVE_STYLE('',#16,POSITIVE_LENGTH_MEASURE(2.E-2),#3);
#4554=PRESENTATION_STYLE_ASSIGNMENT((#4553));
#4555=STYLED_ITEM('',(#4554),#4552);
#4556=DIRECTION('',(0.E0,0.E0,1.E0));
#4557=VECTOR('',#4556,6.4E-1);
#4558=CARTESIAN_POINT('',(1.492E1,-2.54E0,9.5E-1));
#4559=LINE('',#4558,#4557);
#4560=CURVE_STYLE('',#16,POSITIVE_LENGTH_MEASURE(2.E-2),#3);
#4561=PRESENTATION_STYLE_ASSIGNMENT((#4560));
#4562=STYLED_ITEM('',(#4561),#4559);
#4563=DIRECTION('',(-1.E0,0.E0,0.E0));
#4564=VECTOR('',#4563,6.4E-1);
#4565=CARTESIAN_POINT('',(1.556E1,-2.54E0,9.5E-1));
#4566=LINE('',#4565,#4564);
#4567=CURVE_STYLE('',#16,POSITIVE_LENGTH_MEASURE(2.E-2),#3);
#4568=PRESENTATION_STYLE_ASSIGNMENT((#4567));
#4569=STYLED_ITEM('',(#4568),#4566);
#4570=DIRECTION('',(0.E0,0.E0,-1.E0));
#4571=VECTOR('',#4570,3.4E0);
#4572=CARTESIAN_POINT('',(1.641E1,-2.54E0,1.7E0));
#4573=LINE('',#4572,#4571);
#4574=CURVE_STYLE('',#16,POSITIVE_LENGTH_MEASURE(2.E-2),#3);
#4575=PRESENTATION_STYLE_ASSIGNMENT((#4574));
#4576=STYLED_ITEM('',(#4575),#4573);
#4577=DIRECTION('',(4.648338989899E-1,0.E0,8.853979028379E-1));
#4578=VECTOR('',#4577,9.035485598461E-1);
#4579=CARTESIAN_POINT('',(1.599E1,-2.54E0,-2.5E0));
#4580=LINE('',#4579,#4578);
#4581=CURVE_STYLE('',#16,POSITIVE_LENGTH_MEASURE(2.E-2),#3);
#4582=PRESENTATION_STYLE_ASSIGNMENT((#4581));
#4583=STYLED_ITEM('',(#4582),#4580);
#4584=DIRECTION('',(1.E0,0.E0,0.E0));
#4585=VECTOR('',#4584,1.5E0);
#4586=CARTESIAN_POINT('',(1.449E1,-2.54E0,-2.5E0));
#4587=LINE('',#4586,#4585);
#4588=CURVE_STYLE('',#16,POSITIVE_LENGTH_MEASURE(2.E-2),#3);
#4589=PRESENTATION_STYLE_ASSIGNMENT((#4588));
#4590=STYLED_ITEM('',(#4589),#4587);
#4591=DIRECTION('',(4.648338989899E-1,0.E0,-8.853979028379E-1));
#4592=VECTOR('',#4591,9.035485598461E-1);
#4593=CARTESIAN_POINT('',(1.407E1,-2.54E0,-1.7E0));
#4594=LINE('',#4593,#4592);
#4595=CURVE_STYLE('',#16,POSITIVE_LENGTH_MEASURE(2.E-2),#3);
#4596=PRESENTATION_STYLE_ASSIGNMENT((#4595));
#4597=STYLED_ITEM('',(#4596),#4594);
#4598=DIRECTION('',(0.E0,0.E0,1.E0));
#4599=VECTOR('',#4598,3.4E0);
#4600=CARTESIAN_POINT('',(1.407E1,-2.54E0,-1.7E0));
#4601=LINE('',#4600,#4599);
#4602=CURVE_STYLE('',#16,POSITIVE_LENGTH_MEASURE(2.E-2),#3);
#4603=PRESENTATION_STYLE_ASSIGNMENT((#4602));
#4604=STYLED_ITEM('',(#4603),#4601);
#4605=DIRECTION('',(-4.648338989899E-1,0.E0,-8.853979028379E-1));
#4606=VECTOR('',#4605,9.035485598461E-1);
#4607=CARTESIAN_POINT('',(1.449E1,-2.54E0,2.5E0));
#4608=LINE('',#4607,#4606);
#4609=CURVE_STYLE('',#16,POSITIVE_LENGTH_MEASURE(2.E-2),#3);
#4610=PRESENTATION_STYLE_ASSIGNMENT((#4609));
#4611=STYLED_ITEM('',(#4610),#4608);
#4612=DIRECTION('',(-1.E0,0.E0,0.E0));
#4613=VECTOR('',#4612,1.5E0);
#4614=CARTESIAN_POINT('',(1.599E1,-2.54E0,2.5E0));
#4615=LINE('',#4614,#4613);
#4616=CURVE_STYLE('',#16,POSITIVE_LENGTH_MEASURE(2.E-2),#3);
#4617=PRESENTATION_STYLE_ASSIGNMENT((#4616));
#4618=STYLED_ITEM('',(#4617),#4615);
#4619=DIRECTION('',(-4.648338989899E-1,0.E0,8.853979028379E-1));
#4620=VECTOR('',#4619,9.035485598461E-1);
#4621=CARTESIAN_POINT('',(1.641E1,-2.54E0,1.7E0));
#4622=LINE('',#4621,#4620);
#4623=CURVE_STYLE('',#16,POSITIVE_LENGTH_MEASURE(2.E-2),#3);
#4624=PRESENTATION_STYLE_ASSIGNMENT((#4623));
#4625=STYLED_ITEM('',(#4624),#4622);
#4626=DIRECTION('',(0.E0,0.E0,-1.E0));
#4627=VECTOR('',#4626,6.4E-1);
#4628=CARTESIAN_POINT('',(1.556E1,-2.5E-1,-9.5E-1));
#4629=LINE('',#4628,#4627);
#4630=CURVE_STYLE('',#16,POSITIVE_LENGTH_MEASURE(2.E-2),#3);
#4631=PRESENTATION_STYLE_ASSIGNMENT((#4630));
#4632=STYLED_ITEM('',(#4631),#4629);
#4633=DIRECTION('',(0.E0,-1.E0,0.E0));
#4634=VECTOR('',#4633,2.29E0);
#4635=CARTESIAN_POINT('',(1.556E1,-2.5E-1,-9.5E-1));
#4636=LINE('',#4635,#4634);
#4637=CURVE_STYLE('',#16,POSITIVE_LENGTH_MEASURE(2.E-2),#3);
#4638=PRESENTATION_STYLE_ASSIGNMENT((#4637));
#4639=STYLED_ITEM('',(#4638),#4636);
#4640=DIRECTION('',(1.E0,0.E0,0.E0));
#4641=VECTOR('',#4640,6.4E-1);
#4642=CARTESIAN_POINT('',(1.492E1,-2.5E-1,-9.5E-1));
#4643=LINE('',#4642,#4641);
#4644=CURVE_STYLE('',#16,POSITIVE_LENGTH_MEASURE(2.E-2),#3);
#4645=PRESENTATION_STYLE_ASSIGNMENT((#4644));
#4646=STYLED_ITEM('',(#4645),#4643);
#4647=DIRECTION('',(0.E0,-1.E0,0.E0));
#4648=VECTOR('',#4647,2.29E0);
#4649=CARTESIAN_POINT('',(1.492E1,-2.5E-1,-9.5E-1));
#4650=LINE('',#4649,#4648);
#4651=CURVE_STYLE('',#16,POSITIVE_LENGTH_MEASURE(2.E-2),#3);
#4652=PRESENTATION_STYLE_ASSIGNMENT((#4651));
#4653=STYLED_ITEM('',(#4652),#4650);
#4654=DIRECTION('',(0.E0,0.E0,1.E0));
#4655=VECTOR('',#4654,6.4E-1);
#4656=CARTESIAN_POINT('',(1.492E1,-2.5E-1,-1.59E0));
#4657=LINE('',#4656,#4655);
#4658=CURVE_STYLE('',#16,POSITIVE_LENGTH_MEASURE(2.E-2),#3);
#4659=PRESENTATION_STYLE_ASSIGNMENT((#4658));
#4660=STYLED_ITEM('',(#4659),#4657);
#4661=DIRECTION('',(0.E0,-1.E0,0.E0));
#4662=VECTOR('',#4661,2.29E0);
#4663=CARTESIAN_POINT('',(1.492E1,-2.5E-1,-1.59E0));
#4664=LINE('',#4663,#4662);
#4665=CURVE_STYLE('',#16,POSITIVE_LENGTH_MEASURE(2.E-2),#3);
#4666=PRESENTATION_STYLE_ASSIGNMENT((#4665));
#4667=STYLED_ITEM('',(#4666),#4664);
#4668=DIRECTION('',(-1.E0,0.E0,0.E0));
#4669=VECTOR('',#4668,6.4E-1);
#4670=CARTESIAN_POINT('',(1.556E1,-2.5E-1,-1.59E0));
#4671=LINE('',#4670,#4669);
#4672=CURVE_STYLE('',#16,POSITIVE_LENGTH_MEASURE(2.E-2),#3);
#4673=PRESENTATION_STYLE_ASSIGNMENT((#4672));
#4674=STYLED_ITEM('',(#4673),#4671);
#4675=DIRECTION('',(0.E0,-1.E0,0.E0));
#4676=VECTOR('',#4675,2.29E0);
#4677=CARTESIAN_POINT('',(1.556E1,-2.5E-1,-1.59E0));
#4678=LINE('',#4677,#4676);
#4679=CURVE_STYLE('',#16,POSITIVE_LENGTH_MEASURE(2.E-2),#3);
#4680=PRESENTATION_STYLE_ASSIGNMENT((#4679));
#4681=STYLED_ITEM('',(#4680),#4678);
#4682=DIRECTION('',(0.E0,0.E0,-1.E0));
#4683=VECTOR('',#4682,6.4E-1);
#4684=CARTESIAN_POINT('',(1.556E1,-2.5E-1,1.59E0));
#4685=LINE('',#4684,#4683);
#4686=CURVE_STYLE('',#16,POSITIVE_LENGTH_MEASURE(2.E-2),#3);
#4687=PRESENTATION_STYLE_ASSIGNMENT((#4686));
#4688=STYLED_ITEM('',(#4687),#4685);
#4689=DIRECTION('',(0.E0,-1.E0,0.E0));
#4690=VECTOR('',#4689,2.29E0);
#4691=CARTESIAN_POINT('',(1.556E1,-2.5E-1,1.59E0));
#4692=LINE('',#4691,#4690);
#4693=CURVE_STYLE('',#16,POSITIVE_LENGTH_MEASURE(2.E-2),#3);
#4694=PRESENTATION_STYLE_ASSIGNMENT((#4693));
#4695=STYLED_ITEM('',(#4694),#4692);
#4696=DIRECTION('',(1.E0,0.E0,0.E0));
#4697=VECTOR('',#4696,6.4E-1);
#4698=CARTESIAN_POINT('',(1.492E1,-2.5E-1,1.59E0));
#4699=LINE('',#4698,#4697);
#4700=CURVE_STYLE('',#16,POSITIVE_LENGTH_MEASURE(2.E-2),#3);
#4701=PRESENTATION_STYLE_ASSIGNMENT((#4700));
#4702=STYLED_ITEM('',(#4701),#4699);
#4703=DIRECTION('',(0.E0,-1.E0,0.E0));
#4704=VECTOR('',#4703,2.29E0);
#4705=CARTESIAN_POINT('',(1.492E1,-2.5E-1,1.59E0));
#4706=LINE('',#4705,#4704);
#4707=CURVE_STYLE('',#16,POSITIVE_LENGTH_MEASURE(2.E-2),#3);
#4708=PRESENTATION_STYLE_ASSIGNMENT((#4707));
#4709=STYLED_ITEM('',(#4708),#4706);
#4710=DIRECTION('',(0.E0,0.E0,1.E0));
#4711=VECTOR('',#4710,6.4E-1);
#4712=CARTESIAN_POINT('',(1.492E1,-2.5E-1,9.5E-1));
#4713=LINE('',#4712,#4711);
#4714=CURVE_STYLE('',#16,POSITIVE_LENGTH_MEASURE(2.E-2),#3);
#4715=PRESENTATION_STYLE_ASSIGNMENT((#4714));
#4716=STYLED_ITEM('',(#4715),#4713);
#4717=DIRECTION('',(0.E0,-1.E0,0.E0));
#4718=VECTOR('',#4717,2.29E0);
#4719=CARTESIAN_POINT('',(1.492E1,-2.5E-1,9.5E-1));
#4720=LINE('',#4719,#4718);
#4721=CURVE_STYLE('',#16,POSITIVE_LENGTH_MEASURE(2.E-2),#3);
#4722=PRESENTATION_STYLE_ASSIGNMENT((#4721));
#4723=STYLED_ITEM('',(#4722),#4720);
#4724=DIRECTION('',(-1.E0,0.E0,0.E0));
#4725=VECTOR('',#4724,6.4E-1);
#4726=CARTESIAN_POINT('',(1.556E1,-2.5E-1,9.5E-1));
#4727=LINE('',#4726,#4725);
#4728=CURVE_STYLE('',#16,POSITIVE_LENGTH_MEASURE(2.E-2),#3);
#4729=PRESENTATION_STYLE_ASSIGNMENT((#4728));
#4730=STYLED_ITEM('',(#4729),#4727);
#4731=DIRECTION('',(0.E0,-1.E0,0.E0));
#4732=VECTOR('',#4731,2.29E0);
#4733=CARTESIAN_POINT('',(1.556E1,-2.5E-1,9.5E-1));
#4734=LINE('',#4733,#4732);
#4735=CURVE_STYLE('',#16,POSITIVE_LENGTH_MEASURE(2.E-2),#3);
#4736=PRESENTATION_STYLE_ASSIGNMENT((#4735));
#4737=STYLED_ITEM('',(#4736),#4734);
#4738=DIRECTION('',(0.E0,-1.E0,0.E0));
#4739=VECTOR('',#4738,2.54E0);
#4740=CARTESIAN_POINT('',(1.449E1,0.E0,-2.5E0));
#4741=LINE('',#4740,#4739);
#4742=CURVE_STYLE('',#16,POSITIVE_LENGTH_MEASURE(2.E-2),#3);
#4743=PRESENTATION_STYLE_ASSIGNMENT((#4742));
#4744=STYLED_ITEM('',(#4743),#4741);
#4745=DIRECTION('',(-1.E0,0.E0,0.E0));
#4746=VECTOR('',#4745,1.94625E0);
#4747=CARTESIAN_POINT('',(1.6213125E1,0.E0,2.075E0));
#4748=LINE('',#4747,#4746);
#4749=CURVE_STYLE('',#16,POSITIVE_LENGTH_MEASURE(2.E-2),#3);
#4750=PRESENTATION_STYLE_ASSIGNMENT((#4749));
#4751=STYLED_ITEM('',(#4750),#4748);
#4752=DIRECTION('',(-4.648338989899E-1,0.E0,8.853979028379E-1));
#4753=VECTOR('',#4752,4.800101724183E-1);
#4754=CARTESIAN_POINT('',(1.6213125E1,0.E0,2.075E0));
#4755=LINE('',#4754,#4753);
#4756=CURVE_STYLE('',#16,POSITIVE_LENGTH_MEASURE(2.E-2),#3);
#4757=PRESENTATION_STYLE_ASSIGNMENT((#4756));
#4758=STYLED_ITEM('',(#4757),#4755);
#4759=DIRECTION('',(-1.E0,0.E0,0.E0));
#4760=VECTOR('',#4759,1.5E0);
#4761=CARTESIAN_POINT('',(1.599E1,0.E0,2.5E0));
#4762=LINE('',#4761,#4760);
#4763=CURVE_STYLE('',#16,POSITIVE_LENGTH_MEASURE(2.E-2),#3);
#4764=PRESENTATION_STYLE_ASSIGNMENT((#4763));
#4765=STYLED_ITEM('',(#4764),#4762);
#4766=DIRECTION('',(-4.648338989899E-1,0.E0,-8.853979028379E-1));
#4767=VECTOR('',#4766,4.800101724183E-1);
#4768=CARTESIAN_POINT('',(1.449E1,0.E0,2.5E0));
#4769=LINE('',#4768,#4767);
#4770=CURVE_STYLE('',#16,POSITIVE_LENGTH_MEASURE(2.E-2),#3);
#4771=PRESENTATION_STYLE_ASSIGNMENT((#4770));
#4772=STYLED_ITEM('',(#4771),#4769);
#4773=DIRECTION('',(-1.E0,0.E0,0.E0));
#4774=VECTOR('',#4773,1.94625E0);
#4775=CARTESIAN_POINT('',(1.6213125E1,0.E0,-2.075E0));
#4776=LINE('',#4775,#4774);
#4777=CURVE_STYLE('',#16,POSITIVE_LENGTH_MEASURE(2.E-2),#3);
#4778=PRESENTATION_STYLE_ASSIGNMENT((#4777));
#4779=STYLED_ITEM('',(#4778),#4776);
#4780=DIRECTION('',(4.648338989899E-1,0.E0,-8.853979028379E-1));
#4781=VECTOR('',#4780,4.800101724182E-1);
#4782=CARTESIAN_POINT('',(1.4266875E1,0.E0,-2.075E0));
#4783=LINE('',#4782,#4781);
#4784=CURVE_STYLE('',#16,POSITIVE_LENGTH_MEASURE(2.E-2),#3);
#4785=PRESENTATION_STYLE_ASSIGNMENT((#4784));
#4786=STYLED_ITEM('',(#4785),#4783);
#4787=DIRECTION('',(1.E0,0.E0,0.E0));
#4788=VECTOR('',#4787,1.5E0);
#4789=CARTESIAN_POINT('',(1.449E1,0.E0,-2.5E0));
#4790=LINE('',#4789,#4788);
#4791=CURVE_STYLE('',#16,POSITIVE_LENGTH_MEASURE(2.E-2),#3);
#4792=PRESENTATION_STYLE_ASSIGNMENT((#4791));
#4793=STYLED_ITEM('',(#4792),#4790);
#4794=DIRECTION('',(4.648338989899E-1,0.E0,8.853979028379E-1));
#4795=VECTOR('',#4794,4.800101724182E-1);
#4796=CARTESIAN_POINT('',(1.599E1,0.E0,-2.5E0));
#4797=LINE('',#4796,#4795);
#4798=CURVE_STYLE('',#16,POSITIVE_LENGTH_MEASURE(2.E-2),#3);
#4799=PRESENTATION_STYLE_ASSIGNMENT((#4798));
#4800=STYLED_ITEM('',(#4799),#4797);
#4801=DIRECTION('',(0.E0,-1.E0,0.E0));
#4802=VECTOR('',#4801,2.54E0);
#4803=CARTESIAN_POINT('',(1.599E1,0.E0,2.5E0));
#4804=LINE('',#4803,#4802);
#4805=CURVE_STYLE('',#16,POSITIVE_LENGTH_MEASURE(2.E-2),#3);
#4806=PRESENTATION_STYLE_ASSIGNMENT((#4805));
#4807=STYLED_ITEM('',(#4806),#4804);
#4808=DIRECTION('',(0.E0,0.E0,-1.E0));
#4809=VECTOR('',#4808,6.4E-1);
#4810=CARTESIAN_POINT('',(1.302E1,-2.54E0,-9.5E-1));
#4811=LINE('',#4810,#4809);
#4812=CURVE_STYLE('',#16,POSITIVE_LENGTH_MEASURE(2.E-2),#3);
#4813=PRESENTATION_STYLE_ASSIGNMENT((#4812));
#4814=STYLED_ITEM('',(#4813),#4811);
#4815=DIRECTION('',(1.E0,0.E0,0.E0));
#4816=VECTOR('',#4815,6.4E-1);
#4817=CARTESIAN_POINT('',(1.238E1,-2.54E0,-9.5E-1));
#4818=LINE('',#4817,#4816);
#4819=CURVE_STYLE('',#16,POSITIVE_LENGTH_MEASURE(2.E-2),#3);
#4820=PRESENTATION_STYLE_ASSIGNMENT((#4819));
#4821=STYLED_ITEM('',(#4820),#4818);
#4822=DIRECTION('',(0.E0,0.E0,1.E0));
#4823=VECTOR('',#4822,6.4E-1);
#4824=CARTESIAN_POINT('',(1.238E1,-2.54E0,-1.59E0));
#4825=LINE('',#4824,#4823);
#4826=CURVE_STYLE('',#16,POSITIVE_LENGTH_MEASURE(2.E-2),#3);
#4827=PRESENTATION_STYLE_ASSIGNMENT((#4826));
#4828=STYLED_ITEM('',(#4827),#4825);
#4829=DIRECTION('',(-1.E0,0.E0,0.E0));
#4830=VECTOR('',#4829,6.4E-1);
#4831=CARTESIAN_POINT('',(1.302E1,-2.54E0,-1.59E0));
#4832=LINE('',#4831,#4830);
#4833=CURVE_STYLE('',#16,POSITIVE_LENGTH_MEASURE(2.E-2),#3);
#4834=PRESENTATION_STYLE_ASSIGNMENT((#4833));
#4835=STYLED_ITEM('',(#4834),#4832);
#4836=DIRECTION('',(0.E0,0.E0,-1.E0));
#4837=VECTOR('',#4836,6.4E-1);
#4838=CARTESIAN_POINT('',(1.302E1,-2.54E0,1.59E0));
#4839=LINE('',#4838,#4837);
#4840=CURVE_STYLE('',#16,POSITIVE_LENGTH_MEASURE(2.E-2),#3);
#4841=PRESENTATION_STYLE_ASSIGNMENT((#4840));
#4842=STYLED_ITEM('',(#4841),#4839);
#4843=DIRECTION('',(1.E0,0.E0,0.E0));
#4844=VECTOR('',#4843,6.4E-1);
#4845=CARTESIAN_POINT('',(1.238E1,-2.54E0,1.59E0));
#4846=LINE('',#4845,#4844);
#4847=CURVE_STYLE('',#16,POSITIVE_LENGTH_MEASURE(2.E-2),#3);
#4848=PRESENTATION_STYLE_ASSIGNMENT((#4847));
#4849=STYLED_ITEM('',(#4848),#4846);
#4850=DIRECTION('',(0.E0,0.E0,1.E0));
#4851=VECTOR('',#4850,6.4E-1);
#4852=CARTESIAN_POINT('',(1.238E1,-2.54E0,9.5E-1));
#4853=LINE('',#4852,#4851);
#4854=CURVE_STYLE('',#16,POSITIVE_LENGTH_MEASURE(2.E-2),#3);
#4855=PRESENTATION_STYLE_ASSIGNMENT((#4854));
#4856=STYLED_ITEM('',(#4855),#4853);
#4857=DIRECTION('',(-1.E0,0.E0,0.E0));
#4858=VECTOR('',#4857,6.4E-1);
#4859=CARTESIAN_POINT('',(1.302E1,-2.54E0,9.5E-1));
#4860=LINE('',#4859,#4858);
#4861=CURVE_STYLE('',#16,POSITIVE_LENGTH_MEASURE(2.E-2),#3);
#4862=PRESENTATION_STYLE_ASSIGNMENT((#4861));
#4863=STYLED_ITEM('',(#4862),#4860);
#4864=DIRECTION('',(0.E0,0.E0,-1.E0));
#4865=VECTOR('',#4864,3.4E0);
#4866=CARTESIAN_POINT('',(1.387E1,-2.54E0,1.7E0));
#4867=LINE('',#4866,#4865);
#4868=CURVE_STYLE('',#16,POSITIVE_LENGTH_MEASURE(2.E-2),#3);
#4869=PRESENTATION_STYLE_ASSIGNMENT((#4868));
#4870=STYLED_ITEM('',(#4869),#4867);
#4871=DIRECTION('',(4.648338989899E-1,0.E0,8.853979028379E-1));
#4872=VECTOR('',#4871,9.035485598461E-1);
#4873=CARTESIAN_POINT('',(1.345E1,-2.54E0,-2.5E0));
#4874=LINE('',#4873,#4872);
#4875=CURVE_STYLE('',#16,POSITIVE_LENGTH_MEASURE(2.E-2),#3);
#4876=PRESENTATION_STYLE_ASSIGNMENT((#4875));
#4877=STYLED_ITEM('',(#4876),#4874);
#4878=DIRECTION('',(1.E0,0.E0,0.E0));
#4879=VECTOR('',#4878,1.5E0);
#4880=CARTESIAN_POINT('',(1.195E1,-2.54E0,-2.5E0));
#4881=LINE('',#4880,#4879);
#4882=CURVE_STYLE('',#16,POSITIVE_LENGTH_MEASURE(2.E-2),#3);
#4883=PRESENTATION_STYLE_ASSIGNMENT((#4882));
#4884=STYLED_ITEM('',(#4883),#4881);
#4885=DIRECTION('',(4.648338989899E-1,0.E0,-8.853979028379E-1));
#4886=VECTOR('',#4885,9.035485598461E-1);
#4887=CARTESIAN_POINT('',(1.153E1,-2.54E0,-1.7E0));
#4888=LINE('',#4887,#4886);
#4889=CURVE_STYLE('',#16,POSITIVE_LENGTH_MEASURE(2.E-2),#3);
#4890=PRESENTATION_STYLE_ASSIGNMENT((#4889));
#4891=STYLED_ITEM('',(#4890),#4888);
#4892=DIRECTION('',(0.E0,0.E0,1.E0));
#4893=VECTOR('',#4892,3.4E0);
#4894=CARTESIAN_POINT('',(1.153E1,-2.54E0,-1.7E0));
#4895=LINE('',#4894,#4893);
#4896=CURVE_STYLE('',#16,POSITIVE_LENGTH_MEASURE(2.E-2),#3);
#4897=PRESENTATION_STYLE_ASSIGNMENT((#4896));
#4898=STYLED_ITEM('',(#4897),#4895);
#4899=DIRECTION('',(-4.648338989899E-1,0.E0,-8.853979028379E-1));
#4900=VECTOR('',#4899,9.035485598461E-1);
#4901=CARTESIAN_POINT('',(1.195E1,-2.54E0,2.5E0));
#4902=LINE('',#4901,#4900);
#4903=CURVE_STYLE('',#16,POSITIVE_LENGTH_MEASURE(2.E-2),#3);
#4904=PRESENTATION_STYLE_ASSIGNMENT((#4903));
#4905=STYLED_ITEM('',(#4904),#4902);
#4906=DIRECTION('',(-1.E0,0.E0,0.E0));
#4907=VECTOR('',#4906,1.5E0);
#4908=CARTESIAN_POINT('',(1.345E1,-2.54E0,2.5E0));
#4909=LINE('',#4908,#4907);
#4910=CURVE_STYLE('',#16,POSITIVE_LENGTH_MEASURE(2.E-2),#3);
#4911=PRESENTATION_STYLE_ASSIGNMENT((#4910));
#4912=STYLED_ITEM('',(#4911),#4909);
#4913=DIRECTION('',(-4.648338989899E-1,0.E0,8.853979028379E-1));
#4914=VECTOR('',#4913,9.035485598461E-1);
#4915=CARTESIAN_POINT('',(1.387E1,-2.54E0,1.7E0));
#4916=LINE('',#4915,#4914);
#4917=CURVE_STYLE('',#16,POSITIVE_LENGTH_MEASURE(2.E-2),#3);
#4918=PRESENTATION_STYLE_ASSIGNMENT((#4917));
#4919=STYLED_ITEM('',(#4918),#4916);
#4920=DIRECTION('',(0.E0,0.E0,-1.E0));
#4921=VECTOR('',#4920,6.4E-1);
#4922=CARTESIAN_POINT('',(1.302E1,-2.5E-1,-9.5E-1));
#4923=LINE('',#4922,#4921);
#4924=CURVE_STYLE('',#16,POSITIVE_LENGTH_MEASURE(2.E-2),#3);
#4925=PRESENTATION_STYLE_ASSIGNMENT((#4924));
#4926=STYLED_ITEM('',(#4925),#4923);
#4927=DIRECTION('',(0.E0,-1.E0,0.E0));
#4928=VECTOR('',#4927,2.29E0);
#4929=CARTESIAN_POINT('',(1.302E1,-2.5E-1,-9.5E-1));
#4930=LINE('',#4929,#4928);
#4931=CURVE_STYLE('',#16,POSITIVE_LENGTH_MEASURE(2.E-2),#3);
#4932=PRESENTATION_STYLE_ASSIGNMENT((#4931));
#4933=STYLED_ITEM('',(#4932),#4930);
#4934=DIRECTION('',(1.E0,0.E0,0.E0));
#4935=VECTOR('',#4934,6.4E-1);
#4936=CARTESIAN_POINT('',(1.238E1,-2.5E-1,-9.5E-1));
#4937=LINE('',#4936,#4935);
#4938=CURVE_STYLE('',#16,POSITIVE_LENGTH_MEASURE(2.E-2),#3);
#4939=PRESENTATION_STYLE_ASSIGNMENT((#4938));
#4940=STYLED_ITEM('',(#4939),#4937);
#4941=DIRECTION('',(0.E0,-1.E0,0.E0));
#4942=VECTOR('',#4941,2.29E0);
#4943=CARTESIAN_POINT('',(1.238E1,-2.5E-1,-9.5E-1));
#4944=LINE('',#4943,#4942);
#4945=CURVE_STYLE('',#16,POSITIVE_LENGTH_MEASURE(2.E-2),#3);
#4946=PRESENTATION_STYLE_ASSIGNMENT((#4945));
#4947=STYLED_ITEM('',(#4946),#4944);
#4948=DIRECTION('',(0.E0,0.E0,1.E0));
#4949=VECTOR('',#4948,6.4E-1);
#4950=CARTESIAN_POINT('',(1.238E1,-2.5E-1,-1.59E0));
#4951=LINE('',#4950,#4949);
#4952=CURVE_STYLE('',#16,POSITIVE_LENGTH_MEASURE(2.E-2),#3);
#4953=PRESENTATION_STYLE_ASSIGNMENT((#4952));
#4954=STYLED_ITEM('',(#4953),#4951);
#4955=DIRECTION('',(0.E0,-1.E0,0.E0));
#4956=VECTOR('',#4955,2.29E0);
#4957=CARTESIAN_POINT('',(1.238E1,-2.5E-1,-1.59E0));
#4958=LINE('',#4957,#4956);
#4959=CURVE_STYLE('',#16,POSITIVE_LENGTH_MEASURE(2.E-2),#3);
#4960=PRESENTATION_STYLE_ASSIGNMENT((#4959));
#4961=STYLED_ITEM('',(#4960),#4958);
#4962=DIRECTION('',(-1.E0,0.E0,0.E0));
#4963=VECTOR('',#4962,6.4E-1);
#4964=CARTESIAN_POINT('',(1.302E1,-2.5E-1,-1.59E0));
#4965=LINE('',#4964,#4963);
#4966=CURVE_STYLE('',#16,POSITIVE_LENGTH_MEASURE(2.E-2),#3);
#4967=PRESENTATION_STYLE_ASSIGNMENT((#4966));
#4968=STYLED_ITEM('',(#4967),#4965);
#4969=DIRECTION('',(0.E0,-1.E0,0.E0));
#4970=VECTOR('',#4969,2.29E0);
#4971=CARTESIAN_POINT('',(1.302E1,-2.5E-1,-1.59E0));
#4972=LINE('',#4971,#4970);
#4973=CURVE_STYLE('',#16,POSITIVE_LENGTH_MEASURE(2.E-2),#3);
#4974=PRESENTATION_STYLE_ASSIGNMENT((#4973));
#4975=STYLED_ITEM('',(#4974),#4972);
#4976=DIRECTION('',(0.E0,0.E0,-1.E0));
#4977=VECTOR('',#4976,6.4E-1);
#4978=CARTESIAN_POINT('',(1.302E1,-2.5E-1,1.59E0));
#4979=LINE('',#4978,#4977);
#4980=CURVE_STYLE('',#16,POSITIVE_LENGTH_MEASURE(2.E-2),#3);
#4981=PRESENTATION_STYLE_ASSIGNMENT((#4980));
#4982=STYLED_ITEM('',(#4981),#4979);
#4983=DIRECTION('',(0.E0,-1.E0,0.E0));
#4984=VECTOR('',#4983,2.29E0);
#4985=CARTESIAN_POINT('',(1.302E1,-2.5E-1,1.59E0));
#4986=LINE('',#4985,#4984);
#4987=CURVE_STYLE('',#16,POSITIVE_LENGTH_MEASURE(2.E-2),#3);
#4988=PRESENTATION_STYLE_ASSIGNMENT((#4987));
#4989=STYLED_ITEM('',(#4988),#4986);
#4990=DIRECTION('',(1.E0,0.E0,0.E0));
#4991=VECTOR('',#4990,6.4E-1);
#4992=CARTESIAN_POINT('',(1.238E1,-2.5E-1,1.59E0));
#4993=LINE('',#4992,#4991);
#4994=CURVE_STYLE('',#16,POSITIVE_LENGTH_MEASURE(2.E-2),#3);
#4995=PRESENTATION_STYLE_ASSIGNMENT((#4994));
#4996=STYLED_ITEM('',(#4995),#4993);
#4997=DIRECTION('',(0.E0,-1.E0,0.E0));
#4998=VECTOR('',#4997,2.29E0);
#4999=CARTESIAN_POINT('',(1.238E1,-2.5E-1,1.59E0));
#5000=LINE('',#4999,#4998);
#5001=CURVE_STYLE('',#16,POSITIVE_LENGTH_MEASURE(2.E-2),#3);
#5002=PRESENTATION_STYLE_ASSIGNMENT((#5001));
#5003=STYLED_ITEM('',(#5002),#5000);
#5004=DIRECTION('',(0.E0,0.E0,1.E0));
#5005=VECTOR('',#5004,6.4E-1);
#5006=CARTESIAN_POINT('',(1.238E1,-2.5E-1,9.5E-1));
#5007=LINE('',#5006,#5005);
#5008=CURVE_STYLE('',#16,POSITIVE_LENGTH_MEASURE(2.E-2),#3);
#5009=PRESENTATION_STYLE_ASSIGNMENT((#5008));
#5010=STYLED_ITEM('',(#5009),#5007);
#5011=DIRECTION('',(0.E0,-1.E0,0.E0));
#5012=VECTOR('',#5011,2.29E0);
#5013=CARTESIAN_POINT('',(1.238E1,-2.5E-1,9.5E-1));
#5014=LINE('',#5013,#5012);
#5015=CURVE_STYLE('',#16,POSITIVE_LENGTH_MEASURE(2.E-2),#3);
#5016=PRESENTATION_STYLE_ASSIGNMENT((#5015));
#5017=STYLED_ITEM('',(#5016),#5014);
#5018=DIRECTION('',(-1.E0,0.E0,0.E0));
#5019=VECTOR('',#5018,6.4E-1);
#5020=CARTESIAN_POINT('',(1.302E1,-2.5E-1,9.5E-1));
#5021=LINE('',#5020,#5019);
#5022=CURVE_STYLE('',#16,POSITIVE_LENGTH_MEASURE(2.E-2),#3);
#5023=PRESENTATION_STYLE_ASSIGNMENT((#5022));
#5024=STYLED_ITEM('',(#5023),#5021);
#5025=DIRECTION('',(0.E0,-1.E0,0.E0));
#5026=VECTOR('',#5025,2.29E0);
#5027=CARTESIAN_POINT('',(1.302E1,-2.5E-1,9.5E-1));
#5028=LINE('',#5027,#5026);
#5029=CURVE_STYLE('',#16,POSITIVE_LENGTH_MEASURE(2.E-2),#3);
#5030=PRESENTATION_STYLE_ASSIGNMENT((#5029));
#5031=STYLED_ITEM('',(#5030),#5028);
#5032=DIRECTION('',(0.E0,-1.E0,0.E0));
#5033=VECTOR('',#5032,2.54E0);
#5034=CARTESIAN_POINT('',(1.195E1,0.E0,-2.5E0));
#5035=LINE('',#5034,#5033);
#5036=CURVE_STYLE('',#16,POSITIVE_LENGTH_MEASURE(2.E-2),#3);
#5037=PRESENTATION_STYLE_ASSIGNMENT((#5036));
#5038=STYLED_ITEM('',(#5037),#5035);
#5039=DIRECTION('',(-1.E0,0.E0,0.E0));
#5040=VECTOR('',#5039,1.94625E0);
#5041=CARTESIAN_POINT('',(1.3673125E1,0.E0,2.075E0));
#5042=LINE('',#5041,#5040);
#5043=CURVE_STYLE('',#16,POSITIVE_LENGTH_MEASURE(2.E-2),#3);
#5044=PRESENTATION_STYLE_ASSIGNMENT((#5043));
#5045=STYLED_ITEM('',(#5044),#5042);
#5046=DIRECTION('',(-4.648338989899E-1,0.E0,8.853979028379E-1));
#5047=VECTOR('',#5046,4.800101724183E-1);
#5048=CARTESIAN_POINT('',(1.3673125E1,0.E0,2.075E0));
#5049=LINE('',#5048,#5047);
#5050=CURVE_STYLE('',#16,POSITIVE_LENGTH_MEASURE(2.E-2),#3);
#5051=PRESENTATION_STYLE_ASSIGNMENT((#5050));
#5052=STYLED_ITEM('',(#5051),#5049);
#5053=DIRECTION('',(-1.E0,0.E0,0.E0));
#5054=VECTOR('',#5053,1.5E0);
#5055=CARTESIAN_POINT('',(1.345E1,0.E0,2.5E0));
#5056=LINE('',#5055,#5054);
#5057=CURVE_STYLE('',#16,POSITIVE_LENGTH_MEASURE(2.E-2),#3);
#5058=PRESENTATION_STYLE_ASSIGNMENT((#5057));
#5059=STYLED_ITEM('',(#5058),#5056);
#5060=DIRECTION('',(-4.648338989899E-1,0.E0,-8.853979028379E-1));
#5061=VECTOR('',#5060,4.800101724183E-1);
#5062=CARTESIAN_POINT('',(1.195E1,0.E0,2.5E0));
#5063=LINE('',#5062,#5061);
#5064=CURVE_STYLE('',#16,POSITIVE_LENGTH_MEASURE(2.E-2),#3);
#5065=PRESENTATION_STYLE_ASSIGNMENT((#5064));
#5066=STYLED_ITEM('',(#5065),#5063);
#5067=DIRECTION('',(-1.E0,0.E0,0.E0));
#5068=VECTOR('',#5067,1.94625E0);
#5069=CARTESIAN_POINT('',(1.3673125E1,0.E0,-2.075E0));
#5070=LINE('',#5069,#5068);
#5071=CURVE_STYLE('',#16,POSITIVE_LENGTH_MEASURE(2.E-2),#3);
#5072=PRESENTATION_STYLE_ASSIGNMENT((#5071));
#5073=STYLED_ITEM('',(#5072),#5070);
#5074=DIRECTION('',(4.648338989899E-1,0.E0,-8.853979028379E-1));
#5075=VECTOR('',#5074,4.800101724182E-1);
#5076=CARTESIAN_POINT('',(1.1726875E1,0.E0,-2.075E0));
#5077=LINE('',#5076,#5075);
#5078=CURVE_STYLE('',#16,POSITIVE_LENGTH_MEASURE(2.E-2),#3);
#5079=PRESENTATION_STYLE_ASSIGNMENT((#5078));
#5080=STYLED_ITEM('',(#5079),#5077);
#5081=DIRECTION('',(1.E0,0.E0,0.E0));
#5082=VECTOR('',#5081,1.5E0);
#5083=CARTESIAN_POINT('',(1.195E1,0.E0,-2.5E0));
#5084=LINE('',#5083,#5082);
#5085=CURVE_STYLE('',#16,POSITIVE_LENGTH_MEASURE(2.E-2),#3);
#5086=PRESENTATION_STYLE_ASSIGNMENT((#5085));
#5087=STYLED_ITEM('',(#5086),#5084);
#5088=DIRECTION('',(4.648338989899E-1,0.E0,8.853979028379E-1));
#5089=VECTOR('',#5088,4.800101724182E-1);
#5090=CARTESIAN_POINT('',(1.345E1,0.E0,-2.5E0));
#5091=LINE('',#5090,#5089);
#5092=CURVE_STYLE('',#16,POSITIVE_LENGTH_MEASURE(2.E-2),#3);
#5093=PRESENTATION_STYLE_ASSIGNMENT((#5092));
#5094=STYLED_ITEM('',(#5093),#5091);
#5095=DIRECTION('',(0.E0,-1.E0,0.E0));
#5096=VECTOR('',#5095,2.54E0);
#5097=CARTESIAN_POINT('',(1.345E1,0.E0,2.5E0));
#5098=LINE('',#5097,#5096);
#5099=CURVE_STYLE('',#16,POSITIVE_LENGTH_MEASURE(2.E-2),#3);
#5100=PRESENTATION_STYLE_ASSIGNMENT((#5099));
#5101=STYLED_ITEM('',(#5100),#5098);
#5102=DIRECTION('',(0.E0,0.E0,-1.E0));
#5103=VECTOR('',#5102,6.4E-1);
#5104=CARTESIAN_POINT('',(1.048E1,-2.54E0,-9.5E-1));
#5105=LINE('',#5104,#5103);
#5106=CURVE_STYLE('',#16,POSITIVE_LENGTH_MEASURE(2.E-2),#3);
#5107=PRESENTATION_STYLE_ASSIGNMENT((#5106));
#5108=STYLED_ITEM('',(#5107),#5105);
#5109=DIRECTION('',(1.E0,0.E0,0.E0));
#5110=VECTOR('',#5109,6.4E-1);
#5111=CARTESIAN_POINT('',(9.84E0,-2.54E0,-9.5E-1));
#5112=LINE('',#5111,#5110);
#5113=CURVE_STYLE('',#16,POSITIVE_LENGTH_MEASURE(2.E-2),#3);
#5114=PRESENTATION_STYLE_ASSIGNMENT((#5113));
#5115=STYLED_ITEM('',(#5114),#5112);
#5116=DIRECTION('',(0.E0,0.E0,1.E0));
#5117=VECTOR('',#5116,6.4E-1);
#5118=CARTESIAN_POINT('',(9.84E0,-2.54E0,-1.59E0));
#5119=LINE('',#5118,#5117);
#5120=CURVE_STYLE('',#16,POSITIVE_LENGTH_MEASURE(2.E-2),#3);
#5121=PRESENTATION_STYLE_ASSIGNMENT((#5120));
#5122=STYLED_ITEM('',(#5121),#5119);
#5123=DIRECTION('',(-1.E0,0.E0,0.E0));
#5124=VECTOR('',#5123,6.4E-1);
#5125=CARTESIAN_POINT('',(1.048E1,-2.54E0,-1.59E0));
#5126=LINE('',#5125,#5124);
#5127=CURVE_STYLE('',#16,POSITIVE_LENGTH_MEASURE(2.E-2),#3);
#5128=PRESENTATION_STYLE_ASSIGNMENT((#5127));
#5129=STYLED_ITEM('',(#5128),#5126);
#5130=DIRECTION('',(0.E0,0.E0,-1.E0));
#5131=VECTOR('',#5130,6.4E-1);
#5132=CARTESIAN_POINT('',(1.048E1,-2.54E0,1.59E0));
#5133=LINE('',#5132,#5131);
#5134=CURVE_STYLE('',#16,POSITIVE_LENGTH_MEASURE(2.E-2),#3);
#5135=PRESENTATION_STYLE_ASSIGNMENT((#5134));
#5136=STYLED_ITEM('',(#5135),#5133);
#5137=DIRECTION('',(1.E0,0.E0,0.E0));
#5138=VECTOR('',#5137,6.4E-1);
#5139=CARTESIAN_POINT('',(9.84E0,-2.54E0,1.59E0));
#5140=LINE('',#5139,#5138);
#5141=CURVE_STYLE('',#16,POSITIVE_LENGTH_MEASURE(2.E-2),#3);
#5142=PRESENTATION_STYLE_ASSIGNMENT((#5141));
#5143=STYLED_ITEM('',(#5142),#5140);
#5144=DIRECTION('',(0.E0,0.E0,1.E0));
#5145=VECTOR('',#5144,6.4E-1);
#5146=CARTESIAN_POINT('',(9.84E0,-2.54E0,9.5E-1));
#5147=LINE('',#5146,#5145);
#5148=CURVE_STYLE('',#16,POSITIVE_LENGTH_MEASURE(2.E-2),#3);
#5149=PRESENTATION_STYLE_ASSIGNMENT((#5148));
#5150=STYLED_ITEM('',(#5149),#5147);
#5151=DIRECTION('',(-1.E0,0.E0,0.E0));
#5152=VECTOR('',#5151,6.4E-1);
#5153=CARTESIAN_POINT('',(1.048E1,-2.54E0,9.5E-1));
#5154=LINE('',#5153,#5152);
#5155=CURVE_STYLE('',#16,POSITIVE_LENGTH_MEASURE(2.E-2),#3);
#5156=PRESENTATION_STYLE_ASSIGNMENT((#5155));
#5157=STYLED_ITEM('',(#5156),#5154);
#5158=DIRECTION('',(0.E0,0.E0,-1.E0));
#5159=VECTOR('',#5158,3.4E0);
#5160=CARTESIAN_POINT('',(1.133E1,-2.54E0,1.7E0));
#5161=LINE('',#5160,#5159);
#5162=CURVE_STYLE('',#16,POSITIVE_LENGTH_MEASURE(2.E-2),#3);
#5163=PRESENTATION_STYLE_ASSIGNMENT((#5162));
#5164=STYLED_ITEM('',(#5163),#5161);
#5165=DIRECTION('',(4.648338989899E-1,0.E0,8.853979028379E-1));
#5166=VECTOR('',#5165,9.035485598461E-1);
#5167=CARTESIAN_POINT('',(1.091E1,-2.54E0,-2.5E0));
#5168=LINE('',#5167,#5166);
#5169=CURVE_STYLE('',#16,POSITIVE_LENGTH_MEASURE(2.E-2),#3);
#5170=PRESENTATION_STYLE_ASSIGNMENT((#5169));
#5171=STYLED_ITEM('',(#5170),#5168);
#5172=DIRECTION('',(1.E0,0.E0,0.E0));
#5173=VECTOR('',#5172,1.5E0);
#5174=CARTESIAN_POINT('',(9.41E0,-2.54E0,-2.5E0));
#5175=LINE('',#5174,#5173);
#5176=CURVE_STYLE('',#16,POSITIVE_LENGTH_MEASURE(2.E-2),#3);
#5177=PRESENTATION_STYLE_ASSIGNMENT((#5176));
#5178=STYLED_ITEM('',(#5177),#5175);
#5179=DIRECTION('',(4.648338989899E-1,0.E0,-8.853979028379E-1));
#5180=VECTOR('',#5179,9.035485598461E-1);
#5181=CARTESIAN_POINT('',(8.99E0,-2.54E0,-1.7E0));
#5182=LINE('',#5181,#5180);
#5183=CURVE_STYLE('',#16,POSITIVE_LENGTH_MEASURE(2.E-2),#3);
#5184=PRESENTATION_STYLE_ASSIGNMENT((#5183));
#5185=STYLED_ITEM('',(#5184),#5182);
#5186=DIRECTION('',(0.E0,0.E0,1.E0));
#5187=VECTOR('',#5186,3.4E0);
#5188=CARTESIAN_POINT('',(8.99E0,-2.54E0,-1.7E0));
#5189=LINE('',#5188,#5187);
#5190=CURVE_STYLE('',#16,POSITIVE_LENGTH_MEASURE(2.E-2),#3);
#5191=PRESENTATION_STYLE_ASSIGNMENT((#5190));
#5192=STYLED_ITEM('',(#5191),#5189);
#5193=DIRECTION('',(-4.648338989899E-1,0.E0,-8.853979028379E-1));
#5194=VECTOR('',#5193,9.035485598461E-1);
#5195=CARTESIAN_POINT('',(9.41E0,-2.54E0,2.5E0));
#5196=LINE('',#5195,#5194);
#5197=CURVE_STYLE('',#16,POSITIVE_LENGTH_MEASURE(2.E-2),#3);
#5198=PRESENTATION_STYLE_ASSIGNMENT((#5197));
#5199=STYLED_ITEM('',(#5198),#5196);
#5200=DIRECTION('',(-1.E0,0.E0,0.E0));
#5201=VECTOR('',#5200,1.5E0);
#5202=CARTESIAN_POINT('',(1.091E1,-2.54E0,2.5E0));
#5203=LINE('',#5202,#5201);
#5204=CURVE_STYLE('',#16,POSITIVE_LENGTH_MEASURE(2.E-2),#3);
#5205=PRESENTATION_STYLE_ASSIGNMENT((#5204));
#5206=STYLED_ITEM('',(#5205),#5203);
#5207=DIRECTION('',(-4.648338989899E-1,0.E0,8.853979028379E-1));
#5208=VECTOR('',#5207,9.035485598461E-1);
#5209=CARTESIAN_POINT('',(1.133E1,-2.54E0,1.7E0));
#5210=LINE('',#5209,#5208);
#5211=CURVE_STYLE('',#16,POSITIVE_LENGTH_MEASURE(2.E-2),#3);
#5212=PRESENTATION_STYLE_ASSIGNMENT((#5211));
#5213=STYLED_ITEM('',(#5212),#5210);
#5214=DIRECTION('',(0.E0,0.E0,-1.E0));
#5215=VECTOR('',#5214,6.4E-1);
#5216=CARTESIAN_POINT('',(1.048E1,-2.5E-1,-9.5E-1));
#5217=LINE('',#5216,#5215);
#5218=CURVE_STYLE('',#16,POSITIVE_LENGTH_MEASURE(2.E-2),#3);
#5219=PRESENTATION_STYLE_ASSIGNMENT((#5218));
#5220=STYLED_ITEM('',(#5219),#5217);
#5221=DIRECTION('',(0.E0,-1.E0,0.E0));
#5222=VECTOR('',#5221,2.29E0);
#5223=CARTESIAN_POINT('',(1.048E1,-2.5E-1,-9.5E-1));
#5224=LINE('',#5223,#5222);
#5225=CURVE_STYLE('',#16,POSITIVE_LENGTH_MEASURE(2.E-2),#3);
#5226=PRESENTATION_STYLE_ASSIGNMENT((#5225));
#5227=STYLED_ITEM('',(#5226),#5224);
#5228=DIRECTION('',(1.E0,0.E0,0.E0));
#5229=VECTOR('',#5228,6.4E-1);
#5230=CARTESIAN_POINT('',(9.84E0,-2.5E-1,-9.5E-1));
#5231=LINE('',#5230,#5229);
#5232=CURVE_STYLE('',#16,POSITIVE_LENGTH_MEASURE(2.E-2),#3);
#5233=PRESENTATION_STYLE_ASSIGNMENT((#5232));
#5234=STYLED_ITEM('',(#5233),#5231);
#5235=DIRECTION('',(0.E0,-1.E0,0.E0));
#5236=VECTOR('',#5235,2.29E0);
#5237=CARTESIAN_POINT('',(9.84E0,-2.5E-1,-9.5E-1));
#5238=LINE('',#5237,#5236);
#5239=CURVE_STYLE('',#16,POSITIVE_LENGTH_MEASURE(2.E-2),#3);
#5240=PRESENTATION_STYLE_ASSIGNMENT((#5239));
#5241=STYLED_ITEM('',(#5240),#5238);
#5242=DIRECTION('',(0.E0,0.E0,1.E0));
#5243=VECTOR('',#5242,6.4E-1);
#5244=CARTESIAN_POINT('',(9.84E0,-2.5E-1,-1.59E0));
#5245=LINE('',#5244,#5243);
#5246=CURVE_STYLE('',#16,POSITIVE_LENGTH_MEASURE(2.E-2),#3);
#5247=PRESENTATION_STYLE_ASSIGNMENT((#5246));
#5248=STYLED_ITEM('',(#5247),#5245);
#5249=DIRECTION('',(0.E0,-1.E0,0.E0));
#5250=VECTOR('',#5249,2.29E0);
#5251=CARTESIAN_POINT('',(9.84E0,-2.5E-1,-1.59E0));
#5252=LINE('',#5251,#5250);
#5253=CURVE_STYLE('',#16,POSITIVE_LENGTH_MEASURE(2.E-2),#3);
#5254=PRESENTATION_STYLE_ASSIGNMENT((#5253));
#5255=STYLED_ITEM('',(#5254),#5252);
#5256=DIRECTION('',(-1.E0,0.E0,0.E0));
#5257=VECTOR('',#5256,6.4E-1);
#5258=CARTESIAN_POINT('',(1.048E1,-2.5E-1,-1.59E0));
#5259=LINE('',#5258,#5257);
#5260=CURVE_STYLE('',#16,POSITIVE_LENGTH_MEASURE(2.E-2),#3);
#5261=PRESENTATION_STYLE_ASSIGNMENT((#5260));
#5262=STYLED_ITEM('',(#5261),#5259);
#5263=DIRECTION('',(0.E0,-1.E0,0.E0));
#5264=VECTOR('',#5263,2.29E0);
#5265=CARTESIAN_POINT('',(1.048E1,-2.5E-1,-1.59E0));
#5266=LINE('',#5265,#5264);
#5267=CURVE_STYLE('',#16,POSITIVE_LENGTH_MEASURE(2.E-2),#3);
#5268=PRESENTATION_STYLE_ASSIGNMENT((#5267));
#5269=STYLED_ITEM('',(#5268),#5266);
#5270=DIRECTION('',(0.E0,0.E0,-1.E0));
#5271=VECTOR('',#5270,6.4E-1);
#5272=CARTESIAN_POINT('',(1.048E1,-2.5E-1,1.59E0));
#5273=LINE('',#5272,#5271);
#5274=CURVE_STYLE('',#16,POSITIVE_LENGTH_MEASURE(2.E-2),#3);
#5275=PRESENTATION_STYLE_ASSIGNMENT((#5274));
#5276=STYLED_ITEM('',(#5275),#5273);
#5277=DIRECTION('',(0.E0,-1.E0,0.E0));
#5278=VECTOR('',#5277,2.29E0);
#5279=CARTESIAN_POINT('',(1.048E1,-2.5E-1,1.59E0));
#5280=LINE('',#5279,#5278);
#5281=CURVE_STYLE('',#16,POSITIVE_LENGTH_MEASURE(2.E-2),#3);
#5282=PRESENTATION_STYLE_ASSIGNMENT((#5281));
#5283=STYLED_ITEM('',(#5282),#5280);
#5284=DIRECTION('',(1.E0,0.E0,0.E0));
#5285=VECTOR('',#5284,6.4E-1);
#5286=CARTESIAN_POINT('',(9.84E0,-2.5E-1,1.59E0));
#5287=LINE('',#5286,#5285);
#5288=CURVE_STYLE('',#16,POSITIVE_LENGTH_MEASURE(2.E-2),#3);
#5289=PRESENTATION_STYLE_ASSIGNMENT((#5288));
#5290=STYLED_ITEM('',(#5289),#5287);
#5291=DIRECTION('',(0.E0,-1.E0,0.E0));
#5292=VECTOR('',#5291,2.29E0);
#5293=CARTESIAN_POINT('',(9.84E0,-2.5E-1,1.59E0));
#5294=LINE('',#5293,#5292);
#5295=CURVE_STYLE('',#16,POSITIVE_LENGTH_MEASURE(2.E-2),#3);
#5296=PRESENTATION_STYLE_ASSIGNMENT((#5295));
#5297=STYLED_ITEM('',(#5296),#5294);
#5298=DIRECTION('',(0.E0,0.E0,1.E0));
#5299=VECTOR('',#5298,6.4E-1);
#5300=CARTESIAN_POINT('',(9.84E0,-2.5E-1,9.5E-1));
#5301=LINE('',#5300,#5299);
#5302=CURVE_STYLE('',#16,POSITIVE_LENGTH_MEASURE(2.E-2),#3);
#5303=PRESENTATION_STYLE_ASSIGNMENT((#5302));
#5304=STYLED_ITEM('',(#5303),#5301);
#5305=DIRECTION('',(0.E0,-1.E0,0.E0));
#5306=VECTOR('',#5305,2.29E0);
#5307=CARTESIAN_POINT('',(9.84E0,-2.5E-1,9.5E-1));
#5308=LINE('',#5307,#5306);
#5309=CURVE_STYLE('',#16,POSITIVE_LENGTH_MEASURE(2.E-2),#3);
#5310=PRESENTATION_STYLE_ASSIGNMENT((#5309));
#5311=STYLED_ITEM('',(#5310),#5308);
#5312=DIRECTION('',(-1.E0,0.E0,0.E0));
#5313=VECTOR('',#5312,6.4E-1);
#5314=CARTESIAN_POINT('',(1.048E1,-2.5E-1,9.5E-1));
#5315=LINE('',#5314,#5313);
#5316=CURVE_STYLE('',#16,POSITIVE_LENGTH_MEASURE(2.E-2),#3);
#5317=PRESENTATION_STYLE_ASSIGNMENT((#5316));
#5318=STYLED_ITEM('',(#5317),#5315);
#5319=DIRECTION('',(0.E0,-1.E0,0.E0));
#5320=VECTOR('',#5319,2.29E0);
#5321=CARTESIAN_POINT('',(1.048E1,-2.5E-1,9.5E-1));
#5322=LINE('',#5321,#5320);
#5323=CURVE_STYLE('',#16,POSITIVE_LENGTH_MEASURE(2.E-2),#3);
#5324=PRESENTATION_STYLE_ASSIGNMENT((#5323));
#5325=STYLED_ITEM('',(#5324),#5322);
#5326=DIRECTION('',(0.E0,-1.E0,0.E0));
#5327=VECTOR('',#5326,2.54E0);
#5328=CARTESIAN_POINT('',(9.41E0,0.E0,-2.5E0));
#5329=LINE('',#5328,#5327);
#5330=CURVE_STYLE('',#16,POSITIVE_LENGTH_MEASURE(2.E-2),#3);
#5331=PRESENTATION_STYLE_ASSIGNMENT((#5330));
#5332=STYLED_ITEM('',(#5331),#5329);
#5333=DIRECTION('',(-1.E0,0.E0,0.E0));
#5334=VECTOR('',#5333,1.94625E0);
#5335=CARTESIAN_POINT('',(1.1133125E1,0.E0,2.075E0));
#5336=LINE('',#5335,#5334);
#5337=CURVE_STYLE('',#16,POSITIVE_LENGTH_MEASURE(2.E-2),#3);
#5338=PRESENTATION_STYLE_ASSIGNMENT((#5337));
#5339=STYLED_ITEM('',(#5338),#5336);
#5340=DIRECTION('',(-4.648338989899E-1,0.E0,8.853979028379E-1));
#5341=VECTOR('',#5340,4.800101724183E-1);
#5342=CARTESIAN_POINT('',(1.1133125E1,0.E0,2.075E0));
#5343=LINE('',#5342,#5341);
#5344=CURVE_STYLE('',#16,POSITIVE_LENGTH_MEASURE(2.E-2),#3);
#5345=PRESENTATION_STYLE_ASSIGNMENT((#5344));
#5346=STYLED_ITEM('',(#5345),#5343);
#5347=DIRECTION('',(-1.E0,0.E0,0.E0));
#5348=VECTOR('',#5347,1.5E0);
#5349=CARTESIAN_POINT('',(1.091E1,0.E0,2.5E0));
#5350=LINE('',#5349,#5348);
#5351=CURVE_STYLE('',#16,POSITIVE_LENGTH_MEASURE(2.E-2),#3);
#5352=PRESENTATION_STYLE_ASSIGNMENT((#5351));
#5353=STYLED_ITEM('',(#5352),#5350);
#5354=DIRECTION('',(-4.648338989899E-1,0.E0,-8.853979028379E-1));
#5355=VECTOR('',#5354,4.800101724183E-1);
#5356=CARTESIAN_POINT('',(9.41E0,0.E0,2.5E0));
#5357=LINE('',#5356,#5355);
#5358=CURVE_STYLE('',#16,POSITIVE_LENGTH_MEASURE(2.E-2),#3);
#5359=PRESENTATION_STYLE_ASSIGNMENT((#5358));
#5360=STYLED_ITEM('',(#5359),#5357);
#5361=DIRECTION('',(-1.E0,0.E0,0.E0));
#5362=VECTOR('',#5361,1.94625E0);
#5363=CARTESIAN_POINT('',(1.1133125E1,0.E0,-2.075E0));
#5364=LINE('',#5363,#5362);
#5365=CURVE_STYLE('',#16,POSITIVE_LENGTH_MEASURE(2.E-2),#3);
#5366=PRESENTATION_STYLE_ASSIGNMENT((#5365));
#5367=STYLED_ITEM('',(#5366),#5364);
#5368=DIRECTION('',(4.648338989899E-1,0.E0,-8.853979028379E-1));
#5369=VECTOR('',#5368,4.800101724182E-1);
#5370=CARTESIAN_POINT('',(9.186875E0,0.E0,-2.075E0));
#5371=LINE('',#5370,#5369);
#5372=CURVE_STYLE('',#16,POSITIVE_LENGTH_MEASURE(2.E-2),#3);
#5373=PRESENTATION_STYLE_ASSIGNMENT((#5372));
#5374=STYLED_ITEM('',(#5373),#5371);
#5375=DIRECTION('',(1.E0,0.E0,0.E0));
#5376=VECTOR('',#5375,1.5E0);
#5377=CARTESIAN_POINT('',(9.41E0,0.E0,-2.5E0));
#5378=LINE('',#5377,#5376);
#5379=CURVE_STYLE('',#16,POSITIVE_LENGTH_MEASURE(2.E-2),#3);
#5380=PRESENTATION_STYLE_ASSIGNMENT((#5379));
#5381=STYLED_ITEM('',(#5380),#5378);
#5382=DIRECTION('',(4.648338989899E-1,0.E0,8.853979028379E-1));
#5383=VECTOR('',#5382,4.800101724182E-1);
#5384=CARTESIAN_POINT('',(1.091E1,0.E0,-2.5E0));
#5385=LINE('',#5384,#5383);
#5386=CURVE_STYLE('',#16,POSITIVE_LENGTH_MEASURE(2.E-2),#3);
#5387=PRESENTATION_STYLE_ASSIGNMENT((#5386));
#5388=STYLED_ITEM('',(#5387),#5385);
#5389=DIRECTION('',(0.E0,-1.E0,0.E0));
#5390=VECTOR('',#5389,2.54E0);
#5391=CARTESIAN_POINT('',(1.091E1,0.E0,2.5E0));
#5392=LINE('',#5391,#5390);
#5393=CURVE_STYLE('',#16,POSITIVE_LENGTH_MEASURE(2.E-2),#3);
#5394=PRESENTATION_STYLE_ASSIGNMENT((#5393));
#5395=STYLED_ITEM('',(#5394),#5392);
#5396=DIRECTION('',(0.E0,0.E0,-1.E0));
#5397=VECTOR('',#5396,6.4E-1);
#5398=CARTESIAN_POINT('',(7.94E0,-2.54E0,-9.5E-1));
#5399=LINE('',#5398,#5397);
#5400=CURVE_STYLE('',#16,POSITIVE_LENGTH_MEASURE(2.E-2),#3);
#5401=PRESENTATION_STYLE_ASSIGNMENT((#5400));
#5402=STYLED_ITEM('',(#5401),#5399);
#5403=DIRECTION('',(1.E0,0.E0,0.E0));
#5404=VECTOR('',#5403,6.4E-1);
#5405=CARTESIAN_POINT('',(7.3E0,-2.54E0,-9.5E-1));
#5406=LINE('',#5405,#5404);
#5407=CURVE_STYLE('',#16,POSITIVE_LENGTH_MEASURE(2.E-2),#3);
#5408=PRESENTATION_STYLE_ASSIGNMENT((#5407));
#5409=STYLED_ITEM('',(#5408),#5406);
#5410=DIRECTION('',(0.E0,0.E0,1.E0));
#5411=VECTOR('',#5410,6.4E-1);
#5412=CARTESIAN_POINT('',(7.3E0,-2.54E0,-1.59E0));
#5413=LINE('',#5412,#5411);
#5414=CURVE_STYLE('',#16,POSITIVE_LENGTH_MEASURE(2.E-2),#3);
#5415=PRESENTATION_STYLE_ASSIGNMENT((#5414));
#5416=STYLED_ITEM('',(#5415),#5413);
#5417=DIRECTION('',(-1.E0,0.E0,0.E0));
#5418=VECTOR('',#5417,6.4E-1);
#5419=CARTESIAN_POINT('',(7.94E0,-2.54E0,-1.59E0));
#5420=LINE('',#5419,#5418);
#5421=CURVE_STYLE('',#16,POSITIVE_LENGTH_MEASURE(2.E-2),#3);
#5422=PRESENTATION_STYLE_ASSIGNMENT((#5421));
#5423=STYLED_ITEM('',(#5422),#5420);
#5424=DIRECTION('',(0.E0,0.E0,-1.E0));
#5425=VECTOR('',#5424,6.4E-1);
#5426=CARTESIAN_POINT('',(7.94E0,-2.54E0,1.59E0));
#5427=LINE('',#5426,#5425);
#5428=CURVE_STYLE('',#16,POSITIVE_LENGTH_MEASURE(2.E-2),#3);
#5429=PRESENTATION_STYLE_ASSIGNMENT((#5428));
#5430=STYLED_ITEM('',(#5429),#5427);
#5431=DIRECTION('',(1.E0,0.E0,0.E0));
#5432=VECTOR('',#5431,6.4E-1);
#5433=CARTESIAN_POINT('',(7.3E0,-2.54E0,1.59E0));
#5434=LINE('',#5433,#5432);
#5435=CURVE_STYLE('',#16,POSITIVE_LENGTH_MEASURE(2.E-2),#3);
#5436=PRESENTATION_STYLE_ASSIGNMENT((#5435));
#5437=STYLED_ITEM('',(#5436),#5434);
#5438=DIRECTION('',(0.E0,0.E0,1.E0));
#5439=VECTOR('',#5438,6.4E-1);
#5440=CARTESIAN_POINT('',(7.3E0,-2.54E0,9.5E-1));
#5441=LINE('',#5440,#5439);
#5442=CURVE_STYLE('',#16,POSITIVE_LENGTH_MEASURE(2.E-2),#3);
#5443=PRESENTATION_STYLE_ASSIGNMENT((#5442));
#5444=STYLED_ITEM('',(#5443),#5441);
#5445=DIRECTION('',(-1.E0,0.E0,0.E0));
#5446=VECTOR('',#5445,6.4E-1);
#5447=CARTESIAN_POINT('',(7.94E0,-2.54E0,9.5E-1));
#5448=LINE('',#5447,#5446);
#5449=CURVE_STYLE('',#16,POSITIVE_LENGTH_MEASURE(2.E-2),#3);
#5450=PRESENTATION_STYLE_ASSIGNMENT((#5449));
#5451=STYLED_ITEM('',(#5450),#5448);
#5452=DIRECTION('',(0.E0,0.E0,-1.E0));
#5453=VECTOR('',#5452,3.4E0);
#5454=CARTESIAN_POINT('',(8.79E0,-2.54E0,1.7E0));
#5455=LINE('',#5454,#5453);
#5456=CURVE_STYLE('',#16,POSITIVE_LENGTH_MEASURE(2.E-2),#3);
#5457=PRESENTATION_STYLE_ASSIGNMENT((#5456));
#5458=STYLED_ITEM('',(#5457),#5455);
#5459=DIRECTION('',(4.648338989899E-1,0.E0,8.853979028379E-1));
#5460=VECTOR('',#5459,9.035485598461E-1);
#5461=CARTESIAN_POINT('',(8.37E0,-2.54E0,-2.5E0));
#5462=LINE('',#5461,#5460);
#5463=CURVE_STYLE('',#16,POSITIVE_LENGTH_MEASURE(2.E-2),#3);
#5464=PRESENTATION_STYLE_ASSIGNMENT((#5463));
#5465=STYLED_ITEM('',(#5464),#5462);
#5466=DIRECTION('',(1.E0,0.E0,0.E0));
#5467=VECTOR('',#5466,1.5E0);
#5468=CARTESIAN_POINT('',(6.87E0,-2.54E0,-2.5E0));
#5469=LINE('',#5468,#5467);
#5470=CURVE_STYLE('',#16,POSITIVE_LENGTH_MEASURE(2.E-2),#3);
#5471=PRESENTATION_STYLE_ASSIGNMENT((#5470));
#5472=STYLED_ITEM('',(#5471),#5469);
#5473=DIRECTION('',(4.648338989899E-1,0.E0,-8.853979028379E-1));
#5474=VECTOR('',#5473,9.035485598461E-1);
#5475=CARTESIAN_POINT('',(6.45E0,-2.54E0,-1.7E0));
#5476=LINE('',#5475,#5474);
#5477=CURVE_STYLE('',#16,POSITIVE_LENGTH_MEASURE(2.E-2),#3);
#5478=PRESENTATION_STYLE_ASSIGNMENT((#5477));
#5479=STYLED_ITEM('',(#5478),#5476);
#5480=DIRECTION('',(0.E0,0.E0,1.E0));
#5481=VECTOR('',#5480,3.4E0);
#5482=CARTESIAN_POINT('',(6.45E0,-2.54E0,-1.7E0));
#5483=LINE('',#5482,#5481);
#5484=CURVE_STYLE('',#16,POSITIVE_LENGTH_MEASURE(2.E-2),#3);
#5485=PRESENTATION_STYLE_ASSIGNMENT((#5484));
#5486=STYLED_ITEM('',(#5485),#5483);
#5487=DIRECTION('',(-4.648338989899E-1,0.E0,-8.853979028379E-1));
#5488=VECTOR('',#5487,9.035485598461E-1);
#5489=CARTESIAN_POINT('',(6.87E0,-2.54E0,2.5E0));
#5490=LINE('',#5489,#5488);
#5491=CURVE_STYLE('',#16,POSITIVE_LENGTH_MEASURE(2.E-2),#3);
#5492=PRESENTATION_STYLE_ASSIGNMENT((#5491));
#5493=STYLED_ITEM('',(#5492),#5490);
#5494=DIRECTION('',(-1.E0,0.E0,0.E0));
#5495=VECTOR('',#5494,1.5E0);
#5496=CARTESIAN_POINT('',(8.37E0,-2.54E0,2.5E0));
#5497=LINE('',#5496,#5495);
#5498=CURVE_STYLE('',#16,POSITIVE_LENGTH_MEASURE(2.E-2),#3);
#5499=PRESENTATION_STYLE_ASSIGNMENT((#5498));
#5500=STYLED_ITEM('',(#5499),#5497);
#5501=DIRECTION('',(-4.648338989899E-1,0.E0,8.853979028379E-1));
#5502=VECTOR('',#5501,9.035485598461E-1);
#5503=CARTESIAN_POINT('',(8.79E0,-2.54E0,1.7E0));
#5504=LINE('',#5503,#5502);
#5505=CURVE_STYLE('',#16,POSITIVE_LENGTH_MEASURE(2.E-2),#3);
#5506=PRESENTATION_STYLE_ASSIGNMENT((#5505));
#5507=STYLED_ITEM('',(#5506),#5504);
#5508=DIRECTION('',(0.E0,0.E0,-1.E0));
#5509=VECTOR('',#5508,6.4E-1);
#5510=CARTESIAN_POINT('',(7.94E0,-2.5E-1,-9.5E-1));
#5511=LINE('',#5510,#5509);
#5512=CURVE_STYLE('',#16,POSITIVE_LENGTH_MEASURE(2.E-2),#3);
#5513=PRESENTATION_STYLE_ASSIGNMENT((#5512));
#5514=STYLED_ITEM('',(#5513),#5511);
#5515=DIRECTION('',(0.E0,-1.E0,0.E0));
#5516=VECTOR('',#5515,2.29E0);
#5517=CARTESIAN_POINT('',(7.94E0,-2.5E-1,-9.5E-1));
#5518=LINE('',#5517,#5516);
#5519=CURVE_STYLE('',#16,POSITIVE_LENGTH_MEASURE(2.E-2),#3);
#5520=PRESENTATION_STYLE_ASSIGNMENT((#5519));
#5521=STYLED_ITEM('',(#5520),#5518);
#5522=DIRECTION('',(1.E0,0.E0,0.E0));
#5523=VECTOR('',#5522,6.4E-1);
#5524=CARTESIAN_POINT('',(7.3E0,-2.5E-1,-9.5E-1));
#5525=LINE('',#5524,#5523);
#5526=CURVE_STYLE('',#16,POSITIVE_LENGTH_MEASURE(2.E-2),#3);
#5527=PRESENTATION_STYLE_ASSIGNMENT((#5526));
#5528=STYLED_ITEM('',(#5527),#5525);
#5529=DIRECTION('',(0.E0,-1.E0,0.E0));
#5530=VECTOR('',#5529,2.29E0);
#5531=CARTESIAN_POINT('',(7.3E0,-2.5E-1,-9.5E-1));
#5532=LINE('',#5531,#5530);
#5533=CURVE_STYLE('',#16,POSITIVE_LENGTH_MEASURE(2.E-2),#3);
#5534=PRESENTATION_STYLE_ASSIGNMENT((#5533));
#5535=STYLED_ITEM('',(#5534),#5532);
#5536=DIRECTION('',(0.E0,0.E0,1.E0));
#5537=VECTOR('',#5536,6.4E-1);
#5538=CARTESIAN_POINT('',(7.3E0,-2.5E-1,-1.59E0));
#5539=LINE('',#5538,#5537);
#5540=CURVE_STYLE('',#16,POSITIVE_LENGTH_MEASURE(2.E-2),#3);
#5541=PRESENTATION_STYLE_ASSIGNMENT((#5540));
#5542=STYLED_ITEM('',(#5541),#5539);
#5543=DIRECTION('',(0.E0,-1.E0,0.E0));
#5544=VECTOR('',#5543,2.29E0);
#5545=CARTESIAN_POINT('',(7.3E0,-2.5E-1,-1.59E0));
#5546=LINE('',#5545,#5544);
#5547=CURVE_STYLE('',#16,POSITIVE_LENGTH_MEASURE(2.E-2),#3);
#5548=PRESENTATION_STYLE_ASSIGNMENT((#5547));
#5549=STYLED_ITEM('',(#5548),#5546);
#5550=DIRECTION('',(-1.E0,0.E0,0.E0));
#5551=VECTOR('',#5550,6.4E-1);
#5552=CARTESIAN_POINT('',(7.94E0,-2.5E-1,-1.59E0));
#5553=LINE('',#5552,#5551);
#5554=CURVE_STYLE('',#16,POSITIVE_LENGTH_MEASURE(2.E-2),#3);
#5555=PRESENTATION_STYLE_ASSIGNMENT((#5554));
#5556=STYLED_ITEM('',(#5555),#5553);
#5557=DIRECTION('',(0.E0,-1.E0,0.E0));
#5558=VECTOR('',#5557,2.29E0);
#5559=CARTESIAN_POINT('',(7.94E0,-2.5E-1,-1.59E0));
#5560=LINE('',#5559,#5558);
#5561=CURVE_STYLE('',#16,POSITIVE_LENGTH_MEASURE(2.E-2),#3);
#5562=PRESENTATION_STYLE_ASSIGNMENT((#5561));
#5563=STYLED_ITEM('',(#5562),#5560);
#5564=DIRECTION('',(0.E0,0.E0,-1.E0));
#5565=VECTOR('',#5564,6.4E-1);
#5566=CARTESIAN_POINT('',(7.94E0,-2.5E-1,1.59E0));
#5567=LINE('',#5566,#5565);
#5568=CURVE_STYLE('',#16,POSITIVE_LENGTH_MEASURE(2.E-2),#3);
#5569=PRESENTATION_STYLE_ASSIGNMENT((#5568));
#5570=STYLED_ITEM('',(#5569),#5567);
#5571=DIRECTION('',(0.E0,-1.E0,0.E0));
#5572=VECTOR('',#5571,2.29E0);
#5573=CARTESIAN_POINT('',(7.94E0,-2.5E-1,1.59E0));
#5574=LINE('',#5573,#5572);
#5575=CURVE_STYLE('',#16,POSITIVE_LENGTH_MEASURE(2.E-2),#3);
#5576=PRESENTATION_STYLE_ASSIGNMENT((#5575));
#5577=STYLED_ITEM('',(#5576),#5574);
#5578=DIRECTION('',(1.E0,0.E0,0.E0));
#5579=VECTOR('',#5578,6.4E-1);
#5580=CARTESIAN_POINT('',(7.3E0,-2.5E-1,1.59E0));
#5581=LINE('',#5580,#5579);
#5582=CURVE_STYLE('',#16,POSITIVE_LENGTH_MEASURE(2.E-2),#3);
#5583=PRESENTATION_STYLE_ASSIGNMENT((#5582));
#5584=STYLED_ITEM('',(#5583),#5581);
#5585=DIRECTION('',(0.E0,-1.E0,0.E0));
#5586=VECTOR('',#5585,2.29E0);
#5587=CARTESIAN_POINT('',(7.3E0,-2.5E-1,1.59E0));
#5588=LINE('',#5587,#5586);
#5589=CURVE_STYLE('',#16,POSITIVE_LENGTH_MEASURE(2.E-2),#3);
#5590=PRESENTATION_STYLE_ASSIGNMENT((#5589));
#5591=STYLED_ITEM('',(#5590),#5588);
#5592=DIRECTION('',(0.E0,0.E0,1.E0));
#5593=VECTOR('',#5592,6.4E-1);
#5594=CARTESIAN_POINT('',(7.3E0,-2.5E-1,9.5E-1));
#5595=LINE('',#5594,#5593);
#5596=CURVE_STYLE('',#16,POSITIVE_LENGTH_MEASURE(2.E-2),#3);
#5597=PRESENTATION_STYLE_ASSIGNMENT((#5596));
#5598=STYLED_ITEM('',(#5597),#5595);
#5599=DIRECTION('',(0.E0,-1.E0,0.E0));
#5600=VECTOR('',#5599,2.29E0);
#5601=CARTESIAN_POINT('',(7.3E0,-2.5E-1,9.5E-1));
#5602=LINE('',#5601,#5600);
#5603=CURVE_STYLE('',#16,POSITIVE_LENGTH_MEASURE(2.E-2),#3);
#5604=PRESENTATION_STYLE_ASSIGNMENT((#5603));
#5605=STYLED_ITEM('',(#5604),#5602);
#5606=DIRECTION('',(-1.E0,0.E0,0.E0));
#5607=VECTOR('',#5606,6.4E-1);
#5608=CARTESIAN_POINT('',(7.94E0,-2.5E-1,9.5E-1));
#5609=LINE('',#5608,#5607);
#5610=CURVE_STYLE('',#16,POSITIVE_LENGTH_MEASURE(2.E-2),#3);
#5611=PRESENTATION_STYLE_ASSIGNMENT((#5610));
#5612=STYLED_ITEM('',(#5611),#5609);
#5613=DIRECTION('',(0.E0,-1.E0,0.E0));
#5614=VECTOR('',#5613,2.29E0);
#5615=CARTESIAN_POINT('',(7.94E0,-2.5E-1,9.5E-1));
#5616=LINE('',#5615,#5614);
#5617=CURVE_STYLE('',#16,POSITIVE_LENGTH_MEASURE(2.E-2),#3);
#5618=PRESENTATION_STYLE_ASSIGNMENT((#5617));
#5619=STYLED_ITEM('',(#5618),#5616);
#5620=DIRECTION('',(0.E0,-1.E0,0.E0));
#5621=VECTOR('',#5620,2.54E0);
#5622=CARTESIAN_POINT('',(6.87E0,0.E0,-2.5E0));
#5623=LINE('',#5622,#5621);
#5624=CURVE_STYLE('',#16,POSITIVE_LENGTH_MEASURE(2.E-2),#3);
#5625=PRESENTATION_STYLE_ASSIGNMENT((#5624));
#5626=STYLED_ITEM('',(#5625),#5623);
#5627=DIRECTION('',(-1.E0,0.E0,0.E0));
#5628=VECTOR('',#5627,1.94625E0);
#5629=CARTESIAN_POINT('',(8.593125E0,0.E0,2.075E0));
#5630=LINE('',#5629,#5628);
#5631=CURVE_STYLE('',#16,POSITIVE_LENGTH_MEASURE(2.E-2),#3);
#5632=PRESENTATION_STYLE_ASSIGNMENT((#5631));
#5633=STYLED_ITEM('',(#5632),#5630);
#5634=DIRECTION('',(-4.648338989899E-1,0.E0,8.853979028379E-1));
#5635=VECTOR('',#5634,4.800101724183E-1);
#5636=CARTESIAN_POINT('',(8.593125E0,0.E0,2.075E0));
#5637=LINE('',#5636,#5635);
#5638=CURVE_STYLE('',#16,POSITIVE_LENGTH_MEASURE(2.E-2),#3);
#5639=PRESENTATION_STYLE_ASSIGNMENT((#5638));
#5640=STYLED_ITEM('',(#5639),#5637);
#5641=DIRECTION('',(-1.E0,0.E0,0.E0));
#5642=VECTOR('',#5641,1.5E0);
#5643=CARTESIAN_POINT('',(8.37E0,0.E0,2.5E0));
#5644=LINE('',#5643,#5642);
#5645=CURVE_STYLE('',#16,POSITIVE_LENGTH_MEASURE(2.E-2),#3);
#5646=PRESENTATION_STYLE_ASSIGNMENT((#5645));
#5647=STYLED_ITEM('',(#5646),#5644);
#5648=DIRECTION('',(-4.648338989899E-1,0.E0,-8.853979028379E-1));
#5649=VECTOR('',#5648,4.800101724183E-1);
#5650=CARTESIAN_POINT('',(6.87E0,0.E0,2.5E0));
#5651=LINE('',#5650,#5649);
#5652=CURVE_STYLE('',#16,POSITIVE_LENGTH_MEASURE(2.E-2),#3);
#5653=PRESENTATION_STYLE_ASSIGNMENT((#5652));
#5654=STYLED_ITEM('',(#5653),#5651);
#5655=DIRECTION('',(-1.E0,0.E0,0.E0));
#5656=VECTOR('',#5655,1.94625E0);
#5657=CARTESIAN_POINT('',(8.593125E0,0.E0,-2.075E0));
#5658=LINE('',#5657,#5656);
#5659=CURVE_STYLE('',#16,POSITIVE_LENGTH_MEASURE(2.E-2),#3);
#5660=PRESENTATION_STYLE_ASSIGNMENT((#5659));
#5661=STYLED_ITEM('',(#5660),#5658);
#5662=DIRECTION('',(4.648338989899E-1,0.E0,-8.853979028379E-1));
#5663=VECTOR('',#5662,4.800101724182E-1);
#5664=CARTESIAN_POINT('',(6.646875E0,0.E0,-2.075E0));
#5665=LINE('',#5664,#5663);
#5666=CURVE_STYLE('',#16,POSITIVE_LENGTH_MEASURE(2.E-2),#3);
#5667=PRESENTATION_STYLE_ASSIGNMENT((#5666));
#5668=STYLED_ITEM('',(#5667),#5665);
#5669=DIRECTION('',(1.E0,0.E0,0.E0));
#5670=VECTOR('',#5669,1.5E0);
#5671=CARTESIAN_POINT('',(6.87E0,0.E0,-2.5E0));
#5672=LINE('',#5671,#5670);
#5673=CURVE_STYLE('',#16,POSITIVE_LENGTH_MEASURE(2.E-2),#3);
#5674=PRESENTATION_STYLE_ASSIGNMENT((#5673));
#5675=STYLED_ITEM('',(#5674),#5672);
#5676=DIRECTION('',(4.648338989899E-1,0.E0,8.853979028379E-1));
#5677=VECTOR('',#5676,4.800101724182E-1);
#5678=CARTESIAN_POINT('',(8.37E0,0.E0,-2.5E0));
#5679=LINE('',#5678,#5677);
#5680=CURVE_STYLE('',#16,POSITIVE_LENGTH_MEASURE(2.E-2),#3);
#5681=PRESENTATION_STYLE_ASSIGNMENT((#5680));
#5682=STYLED_ITEM('',(#5681),#5679);
#5683=DIRECTION('',(0.E0,-1.E0,0.E0));
#5684=VECTOR('',#5683,2.54E0);
#5685=CARTESIAN_POINT('',(8.37E0,0.E0,2.5E0));
#5686=LINE('',#5685,#5684);
#5687=CURVE_STYLE('',#16,POSITIVE_LENGTH_MEASURE(2.E-2),#3);
#5688=PRESENTATION_STYLE_ASSIGNMENT((#5687));
#5689=STYLED_ITEM('',(#5688),#5686);
#5690=DIRECTION('',(0.E0,0.E0,-1.E0));
#5691=VECTOR('',#5690,6.4E-1);
#5692=CARTESIAN_POINT('',(5.4E0,-2.54E0,-9.5E-1));
#5693=LINE('',#5692,#5691);
#5694=CURVE_STYLE('',#16,POSITIVE_LENGTH_MEASURE(2.E-2),#3);
#5695=PRESENTATION_STYLE_ASSIGNMENT((#5694));
#5696=STYLED_ITEM('',(#5695),#5693);
#5697=DIRECTION('',(1.E0,0.E0,0.E0));
#5698=VECTOR('',#5697,6.4E-1);
#5699=CARTESIAN_POINT('',(4.76E0,-2.54E0,-9.5E-1));
#5700=LINE('',#5699,#5698);
#5701=CURVE_STYLE('',#16,POSITIVE_LENGTH_MEASURE(2.E-2),#3);
#5702=PRESENTATION_STYLE_ASSIGNMENT((#5701));
#5703=STYLED_ITEM('',(#5702),#5700);
#5704=DIRECTION('',(0.E0,0.E0,1.E0));
#5705=VECTOR('',#5704,6.4E-1);
#5706=CARTESIAN_POINT('',(4.76E0,-2.54E0,-1.59E0));
#5707=LINE('',#5706,#5705);
#5708=CURVE_STYLE('',#16,POSITIVE_LENGTH_MEASURE(2.E-2),#3);
#5709=PRESENTATION_STYLE_ASSIGNMENT((#5708));
#5710=STYLED_ITEM('',(#5709),#5707);
#5711=DIRECTION('',(-1.E0,0.E0,0.E0));
#5712=VECTOR('',#5711,6.4E-1);
#5713=CARTESIAN_POINT('',(5.4E0,-2.54E0,-1.59E0));
#5714=LINE('',#5713,#5712);
#5715=CURVE_STYLE('',#16,POSITIVE_LENGTH_MEASURE(2.E-2),#3);
#5716=PRESENTATION_STYLE_ASSIGNMENT((#5715));
#5717=STYLED_ITEM('',(#5716),#5714);
#5718=DIRECTION('',(0.E0,0.E0,-1.E0));
#5719=VECTOR('',#5718,6.4E-1);
#5720=CARTESIAN_POINT('',(5.4E0,-2.54E0,1.59E0));
#5721=LINE('',#5720,#5719);
#5722=CURVE_STYLE('',#16,POSITIVE_LENGTH_MEASURE(2.E-2),#3);
#5723=PRESENTATION_STYLE_ASSIGNMENT((#5722));
#5724=STYLED_ITEM('',(#5723),#5721);
#5725=DIRECTION('',(1.E0,0.E0,0.E0));
#5726=VECTOR('',#5725,6.4E-1);
#5727=CARTESIAN_POINT('',(4.76E0,-2.54E0,1.59E0));
#5728=LINE('',#5727,#5726);
#5729=CURVE_STYLE('',#16,POSITIVE_LENGTH_MEASURE(2.E-2),#3);
#5730=PRESENTATION_STYLE_ASSIGNMENT((#5729));
#5731=STYLED_ITEM('',(#5730),#5728);
#5732=DIRECTION('',(0.E0,0.E0,1.E0));
#5733=VECTOR('',#5732,6.4E-1);
#5734=CARTESIAN_POINT('',(4.76E0,-2.54E0,9.5E-1));
#5735=LINE('',#5734,#5733);
#5736=CURVE_STYLE('',#16,POSITIVE_LENGTH_MEASURE(2.E-2),#3);
#5737=PRESENTATION_STYLE_ASSIGNMENT((#5736));
#5738=STYLED_ITEM('',(#5737),#5735);
#5739=DIRECTION('',(-1.E0,0.E0,0.E0));
#5740=VECTOR('',#5739,6.4E-1);
#5741=CARTESIAN_POINT('',(5.4E0,-2.54E0,9.5E-1));
#5742=LINE('',#5741,#5740);
#5743=CURVE_STYLE('',#16,POSITIVE_LENGTH_MEASURE(2.E-2),#3);
#5744=PRESENTATION_STYLE_ASSIGNMENT((#5743));
#5745=STYLED_ITEM('',(#5744),#5742);
#5746=DIRECTION('',(0.E0,0.E0,-1.E0));
#5747=VECTOR('',#5746,3.4E0);
#5748=CARTESIAN_POINT('',(6.25E0,-2.54E0,1.7E0));
#5749=LINE('',#5748,#5747);
#5750=CURVE_STYLE('',#16,POSITIVE_LENGTH_MEASURE(2.E-2),#3);
#5751=PRESENTATION_STYLE_ASSIGNMENT((#5750));
#5752=STYLED_ITEM('',(#5751),#5749);
#5753=DIRECTION('',(4.648338989899E-1,0.E0,8.853979028379E-1));
#5754=VECTOR('',#5753,9.035485598461E-1);
#5755=CARTESIAN_POINT('',(5.83E0,-2.54E0,-2.5E0));
#5756=LINE('',#5755,#5754);
#5757=CURVE_STYLE('',#16,POSITIVE_LENGTH_MEASURE(2.E-2),#3);
#5758=PRESENTATION_STYLE_ASSIGNMENT((#5757));
#5759=STYLED_ITEM('',(#5758),#5756);
#5760=DIRECTION('',(1.E0,0.E0,0.E0));
#5761=VECTOR('',#5760,1.5E0);
#5762=CARTESIAN_POINT('',(4.33E0,-2.54E0,-2.5E0));
#5763=LINE('',#5762,#5761);
#5764=CURVE_STYLE('',#16,POSITIVE_LENGTH_MEASURE(2.E-2),#3);
#5765=PRESENTATION_STYLE_ASSIGNMENT((#5764));
#5766=STYLED_ITEM('',(#5765),#5763);
#5767=DIRECTION('',(4.648338989899E-1,0.E0,-8.853979028379E-1));
#5768=VECTOR('',#5767,9.035485598461E-1);
#5769=CARTESIAN_POINT('',(3.91E0,-2.54E0,-1.7E0));
#5770=LINE('',#5769,#5768);
#5771=CURVE_STYLE('',#16,POSITIVE_LENGTH_MEASURE(2.E-2),#3);
#5772=PRESENTATION_STYLE_ASSIGNMENT((#5771));
#5773=STYLED_ITEM('',(#5772),#5770);
#5774=DIRECTION('',(0.E0,0.E0,1.E0));
#5775=VECTOR('',#5774,3.4E0);
#5776=CARTESIAN_POINT('',(3.91E0,-2.54E0,-1.7E0));
#5777=LINE('',#5776,#5775);
#5778=CURVE_STYLE('',#16,POSITIVE_LENGTH_MEASURE(2.E-2),#3);
#5779=PRESENTATION_STYLE_ASSIGNMENT((#5778));
#5780=STYLED_ITEM('',(#5779),#5777);
#5781=DIRECTION('',(-4.648338989899E-1,0.E0,-8.853979028379E-1));
#5782=VECTOR('',#5781,9.035485598461E-1);
#5783=CARTESIAN_POINT('',(4.33E0,-2.54E0,2.5E0));
#5784=LINE('',#5783,#5782);
#5785=CURVE_STYLE('',#16,POSITIVE_LENGTH_MEASURE(2.E-2),#3);
#5786=PRESENTATION_STYLE_ASSIGNMENT((#5785));
#5787=STYLED_ITEM('',(#5786),#5784);
#5788=DIRECTION('',(-1.E0,0.E0,0.E0));
#5789=VECTOR('',#5788,1.5E0);
#5790=CARTESIAN_POINT('',(5.83E0,-2.54E0,2.5E0));
#5791=LINE('',#5790,#5789);
#5792=CURVE_STYLE('',#16,POSITIVE_LENGTH_MEASURE(2.E-2),#3);
#5793=PRESENTATION_STYLE_ASSIGNMENT((#5792));
#5794=STYLED_ITEM('',(#5793),#5791);
#5795=DIRECTION('',(-4.648338989899E-1,0.E0,8.853979028379E-1));
#5796=VECTOR('',#5795,9.035485598461E-1);
#5797=CARTESIAN_POINT('',(6.25E0,-2.54E0,1.7E0));
#5798=LINE('',#5797,#5796);
#5799=CURVE_STYLE('',#16,POSITIVE_LENGTH_MEASURE(2.E-2),#3);
#5800=PRESENTATION_STYLE_ASSIGNMENT((#5799));
#5801=STYLED_ITEM('',(#5800),#5798);
#5802=DIRECTION('',(0.E0,0.E0,-1.E0));
#5803=VECTOR('',#5802,6.4E-1);
#5804=CARTESIAN_POINT('',(5.4E0,-2.5E-1,-9.5E-1));
#5805=LINE('',#5804,#5803);
#5806=CURVE_STYLE('',#16,POSITIVE_LENGTH_MEASURE(2.E-2),#3);
#5807=PRESENTATION_STYLE_ASSIGNMENT((#5806));
#5808=STYLED_ITEM('',(#5807),#5805);
#5809=DIRECTION('',(0.E0,-1.E0,0.E0));
#5810=VECTOR('',#5809,2.29E0);
#5811=CARTESIAN_POINT('',(5.4E0,-2.5E-1,-9.5E-1));
#5812=LINE('',#5811,#5810);
#5813=CURVE_STYLE('',#16,POSITIVE_LENGTH_MEASURE(2.E-2),#3);
#5814=PRESENTATION_STYLE_ASSIGNMENT((#5813));
#5815=STYLED_ITEM('',(#5814),#5812);
#5816=DIRECTION('',(1.E0,0.E0,0.E0));
#5817=VECTOR('',#5816,6.4E-1);
#5818=CARTESIAN_POINT('',(4.76E0,-2.5E-1,-9.5E-1));
#5819=LINE('',#5818,#5817);
#5820=CURVE_STYLE('',#16,POSITIVE_LENGTH_MEASURE(2.E-2),#3);
#5821=PRESENTATION_STYLE_ASSIGNMENT((#5820));
#5822=STYLED_ITEM('',(#5821),#5819);
#5823=DIRECTION('',(0.E0,-1.E0,0.E0));
#5824=VECTOR('',#5823,2.29E0);
#5825=CARTESIAN_POINT('',(4.76E0,-2.5E-1,-9.5E-1));
#5826=LINE('',#5825,#5824);
#5827=CURVE_STYLE('',#16,POSITIVE_LENGTH_MEASURE(2.E-2),#3);
#5828=PRESENTATION_STYLE_ASSIGNMENT((#5827));
#5829=STYLED_ITEM('',(#5828),#5826);
#5830=DIRECTION('',(0.E0,0.E0,1.E0));
#5831=VECTOR('',#5830,6.4E-1);
#5832=CARTESIAN_POINT('',(4.76E0,-2.5E-1,-1.59E0));
#5833=LINE('',#5832,#5831);
#5834=CURVE_STYLE('',#16,POSITIVE_LENGTH_MEASURE(2.E-2),#3);
#5835=PRESENTATION_STYLE_ASSIGNMENT((#5834));
#5836=STYLED_ITEM('',(#5835),#5833);
#5837=DIRECTION('',(0.E0,-1.E0,0.E0));
#5838=VECTOR('',#5837,2.29E0);
#5839=CARTESIAN_POINT('',(4.76E0,-2.5E-1,-1.59E0));
#5840=LINE('',#5839,#5838);
#5841=CURVE_STYLE('',#16,POSITIVE_LENGTH_MEASURE(2.E-2),#3);
#5842=PRESENTATION_STYLE_ASSIGNMENT((#5841));
#5843=STYLED_ITEM('',(#5842),#5840);
#5844=DIRECTION('',(-1.E0,0.E0,0.E0));
#5845=VECTOR('',#5844,6.4E-1);
#5846=CARTESIAN_POINT('',(5.4E0,-2.5E-1,-1.59E0));
#5847=LINE('',#5846,#5845);
#5848=CURVE_STYLE('',#16,POSITIVE_LENGTH_MEASURE(2.E-2),#3);
#5849=PRESENTATION_STYLE_ASSIGNMENT((#5848));
#5850=STYLED_ITEM('',(#5849),#5847);
#5851=DIRECTION('',(0.E0,-1.E0,0.E0));
#5852=VECTOR('',#5851,2.29E0);
#5853=CARTESIAN_POINT('',(5.4E0,-2.5E-1,-1.59E0));
#5854=LINE('',#5853,#5852);
#5855=CURVE_STYLE('',#16,POSITIVE_LENGTH_MEASURE(2.E-2),#3);
#5856=PRESENTATION_STYLE_ASSIGNMENT((#5855));
#5857=STYLED_ITEM('',(#5856),#5854);
#5858=DIRECTION('',(0.E0,0.E0,-1.E0));
#5859=VECTOR('',#5858,6.4E-1);
#5860=CARTESIAN_POINT('',(5.4E0,-2.5E-1,1.59E0));
#5861=LINE('',#5860,#5859);
#5862=CURVE_STYLE('',#16,POSITIVE_LENGTH_MEASURE(2.E-2),#3);
#5863=PRESENTATION_STYLE_ASSIGNMENT((#5862));
#5864=STYLED_ITEM('',(#5863),#5861);
#5865=DIRECTION('',(0.E0,-1.E0,0.E0));
#5866=VECTOR('',#5865,2.29E0);
#5867=CARTESIAN_POINT('',(5.4E0,-2.5E-1,1.59E0));
#5868=LINE('',#5867,#5866);
#5869=CURVE_STYLE('',#16,POSITIVE_LENGTH_MEASURE(2.E-2),#3);
#5870=PRESENTATION_STYLE_ASSIGNMENT((#5869));
#5871=STYLED_ITEM('',(#5870),#5868);
#5872=DIRECTION('',(1.E0,0.E0,0.E0));
#5873=VECTOR('',#5872,6.4E-1);
#5874=CARTESIAN_POINT('',(4.76E0,-2.5E-1,1.59E0));
#5875=LINE('',#5874,#5873);
#5876=CURVE_STYLE('',#16,POSITIVE_LENGTH_MEASURE(2.E-2),#3);
#5877=PRESENTATION_STYLE_ASSIGNMENT((#5876));
#5878=STYLED_ITEM('',(#5877),#5875);
#5879=DIRECTION('',(0.E0,-1.E0,0.E0));
#5880=VECTOR('',#5879,2.29E0);
#5881=CARTESIAN_POINT('',(4.76E0,-2.5E-1,1.59E0));
#5882=LINE('',#5881,#5880);
#5883=CURVE_STYLE('',#16,POSITIVE_LENGTH_MEASURE(2.E-2),#3);
#5884=PRESENTATION_STYLE_ASSIGNMENT((#5883));
#5885=STYLED_ITEM('',(#5884),#5882);
#5886=DIRECTION('',(0.E0,0.E0,1.E0));
#5887=VECTOR('',#5886,6.4E-1);
#5888=CARTESIAN_POINT('',(4.76E0,-2.5E-1,9.5E-1));
#5889=LINE('',#5888,#5887);
#5890=CURVE_STYLE('',#16,POSITIVE_LENGTH_MEASURE(2.E-2),#3);
#5891=PRESENTATION_STYLE_ASSIGNMENT((#5890));
#5892=STYLED_ITEM('',(#5891),#5889);
#5893=DIRECTION('',(0.E0,-1.E0,0.E0));
#5894=VECTOR('',#5893,2.29E0);
#5895=CARTESIAN_POINT('',(4.76E0,-2.5E-1,9.5E-1));
#5896=LINE('',#5895,#5894);
#5897=CURVE_STYLE('',#16,POSITIVE_LENGTH_MEASURE(2.E-2),#3);
#5898=PRESENTATION_STYLE_ASSIGNMENT((#5897));
#5899=STYLED_ITEM('',(#5898),#5896);
#5900=DIRECTION('',(-1.E0,0.E0,0.E0));
#5901=VECTOR('',#5900,6.4E-1);
#5902=CARTESIAN_POINT('',(5.4E0,-2.5E-1,9.5E-1));
#5903=LINE('',#5902,#5901);
#5904=CURVE_STYLE('',#16,POSITIVE_LENGTH_MEASURE(2.E-2),#3);
#5905=PRESENTATION_STYLE_ASSIGNMENT((#5904));
#5906=STYLED_ITEM('',(#5905),#5903);
#5907=DIRECTION('',(0.E0,-1.E0,0.E0));
#5908=VECTOR('',#5907,2.29E0);
#5909=CARTESIAN_POINT('',(5.4E0,-2.5E-1,9.5E-1));
#5910=LINE('',#5909,#5908);
#5911=CURVE_STYLE('',#16,POSITIVE_LENGTH_MEASURE(2.E-2),#3);
#5912=PRESENTATION_STYLE_ASSIGNMENT((#5911));
#5913=STYLED_ITEM('',(#5912),#5910);
#5914=DIRECTION('',(0.E0,-1.E0,0.E0));
#5915=VECTOR('',#5914,2.54E0);
#5916=CARTESIAN_POINT('',(4.33E0,0.E0,-2.5E0));
#5917=LINE('',#5916,#5915);
#5918=CURVE_STYLE('',#16,POSITIVE_LENGTH_MEASURE(2.E-2),#3);
#5919=PRESENTATION_STYLE_ASSIGNMENT((#5918));
#5920=STYLED_ITEM('',(#5919),#5917);
#5921=DIRECTION('',(-1.E0,0.E0,0.E0));
#5922=VECTOR('',#5921,1.94625E0);
#5923=CARTESIAN_POINT('',(6.053125E0,0.E0,2.075E0));
#5924=LINE('',#5923,#5922);
#5925=CURVE_STYLE('',#16,POSITIVE_LENGTH_MEASURE(2.E-2),#3);
#5926=PRESENTATION_STYLE_ASSIGNMENT((#5925));
#5927=STYLED_ITEM('',(#5926),#5924);
#5928=DIRECTION('',(-4.648338989899E-1,0.E0,8.853979028379E-1));
#5929=VECTOR('',#5928,4.800101724183E-1);
#5930=CARTESIAN_POINT('',(6.053125E0,0.E0,2.075E0));
#5931=LINE('',#5930,#5929);
#5932=CURVE_STYLE('',#16,POSITIVE_LENGTH_MEASURE(2.E-2),#3);
#5933=PRESENTATION_STYLE_ASSIGNMENT((#5932));
#5934=STYLED_ITEM('',(#5933),#5931);
#5935=DIRECTION('',(-1.E0,0.E0,0.E0));
#5936=VECTOR('',#5935,1.5E0);
#5937=CARTESIAN_POINT('',(5.83E0,0.E0,2.5E0));
#5938=LINE('',#5937,#5936);
#5939=CURVE_STYLE('',#16,POSITIVE_LENGTH_MEASURE(2.E-2),#3);
#5940=PRESENTATION_STYLE_ASSIGNMENT((#5939));
#5941=STYLED_ITEM('',(#5940),#5938);
#5942=DIRECTION('',(-4.648338989899E-1,0.E0,-8.853979028379E-1));
#5943=VECTOR('',#5942,4.800101724183E-1);
#5944=CARTESIAN_POINT('',(4.33E0,0.E0,2.5E0));
#5945=LINE('',#5944,#5943);
#5946=CURVE_STYLE('',#16,POSITIVE_LENGTH_MEASURE(2.E-2),#3);
#5947=PRESENTATION_STYLE_ASSIGNMENT((#5946));
#5948=STYLED_ITEM('',(#5947),#5945);
#5949=DIRECTION('',(-1.E0,0.E0,0.E0));
#5950=VECTOR('',#5949,1.94625E0);
#5951=CARTESIAN_POINT('',(6.053125E0,0.E0,-2.075E0));
#5952=LINE('',#5951,#5950);
#5953=CURVE_STYLE('',#16,POSITIVE_LENGTH_MEASURE(2.E-2),#3);
#5954=PRESENTATION_STYLE_ASSIGNMENT((#5953));
#5955=STYLED_ITEM('',(#5954),#5952);
#5956=DIRECTION('',(4.648338989899E-1,0.E0,-8.853979028379E-1));
#5957=VECTOR('',#5956,4.800101724182E-1);
#5958=CARTESIAN_POINT('',(4.106875E0,0.E0,-2.075E0));
#5959=LINE('',#5958,#5957);
#5960=CURVE_STYLE('',#16,POSITIVE_LENGTH_MEASURE(2.E-2),#3);
#5961=PRESENTATION_STYLE_ASSIGNMENT((#5960));
#5962=STYLED_ITEM('',(#5961),#5959);
#5963=DIRECTION('',(1.E0,0.E0,0.E0));
#5964=VECTOR('',#5963,1.5E0);
#5965=CARTESIAN_POINT('',(4.33E0,0.E0,-2.5E0));
#5966=LINE('',#5965,#5964);
#5967=CURVE_STYLE('',#16,POSITIVE_LENGTH_MEASURE(2.E-2),#3);
#5968=PRESENTATION_STYLE_ASSIGNMENT((#5967));
#5969=STYLED_ITEM('',(#5968),#5966);
#5970=DIRECTION('',(4.648338989899E-1,0.E0,8.853979028379E-1));
#5971=VECTOR('',#5970,4.800101724182E-1);
#5972=CARTESIAN_POINT('',(5.83E0,0.E0,-2.5E0));
#5973=LINE('',#5972,#5971);
#5974=CURVE_STYLE('',#16,POSITIVE_LENGTH_MEASURE(2.E-2),#3);
#5975=PRESENTATION_STYLE_ASSIGNMENT((#5974));
#5976=STYLED_ITEM('',(#5975),#5973);
#5977=DIRECTION('',(0.E0,-1.E0,0.E0));
#5978=VECTOR('',#5977,2.54E0);
#5979=CARTESIAN_POINT('',(5.83E0,0.E0,2.5E0));
#5980=LINE('',#5979,#5978);
#5981=CURVE_STYLE('',#16,POSITIVE_LENGTH_MEASURE(2.E-2),#3);
#5982=PRESENTATION_STYLE_ASSIGNMENT((#5981));
#5983=STYLED_ITEM('',(#5982),#5980);
#5984=DIRECTION('',(0.E0,0.E0,-1.E0));
#5985=VECTOR('',#5984,6.4E-1);
#5986=CARTESIAN_POINT('',(2.86E0,-2.54E0,-9.5E-1));
#5987=LINE('',#5986,#5985);
#5988=CURVE_STYLE('',#16,POSITIVE_LENGTH_MEASURE(2.E-2),#3);
#5989=PRESENTATION_STYLE_ASSIGNMENT((#5988));
#5990=STYLED_ITEM('',(#5989),#5987);
#5991=DIRECTION('',(1.E0,0.E0,0.E0));
#5992=VECTOR('',#5991,6.4E-1);
#5993=CARTESIAN_POINT('',(2.22E0,-2.54E0,-9.5E-1));
#5994=LINE('',#5993,#5992);
#5995=CURVE_STYLE('',#16,POSITIVE_LENGTH_MEASURE(2.E-2),#3);
#5996=PRESENTATION_STYLE_ASSIGNMENT((#5995));
#5997=STYLED_ITEM('',(#5996),#5994);
#5998=DIRECTION('',(0.E0,0.E0,1.E0));
#5999=VECTOR('',#5998,6.4E-1);
#6000=CARTESIAN_POINT('',(2.22E0,-2.54E0,-1.59E0));
#6001=LINE('',#6000,#5999);
#6002=CURVE_STYLE('',#16,POSITIVE_LENGTH_MEASURE(2.E-2),#3);
#6003=PRESENTATION_STYLE_ASSIGNMENT((#6002));
#6004=STYLED_ITEM('',(#6003),#6001);
#6005=DIRECTION('',(-1.E0,0.E0,0.E0));
#6006=VECTOR('',#6005,6.4E-1);
#6007=CARTESIAN_POINT('',(2.86E0,-2.54E0,-1.59E0));
#6008=LINE('',#6007,#6006);
#6009=CURVE_STYLE('',#16,POSITIVE_LENGTH_MEASURE(2.E-2),#3);
#6010=PRESENTATION_STYLE_ASSIGNMENT((#6009));
#6011=STYLED_ITEM('',(#6010),#6008);
#6012=DIRECTION('',(0.E0,0.E0,-1.E0));
#6013=VECTOR('',#6012,6.4E-1);
#6014=CARTESIAN_POINT('',(2.86E0,-2.54E0,1.59E0));
#6015=LINE('',#6014,#6013);
#6016=CURVE_STYLE('',#16,POSITIVE_LENGTH_MEASURE(2.E-2),#3);
#6017=PRESENTATION_STYLE_ASSIGNMENT((#6016));
#6018=STYLED_ITEM('',(#6017),#6015);
#6019=DIRECTION('',(1.E0,0.E0,0.E0));
#6020=VECTOR('',#6019,6.4E-1);
#6021=CARTESIAN_POINT('',(2.22E0,-2.54E0,1.59E0));
#6022=LINE('',#6021,#6020);
#6023=CURVE_STYLE('',#16,POSITIVE_LENGTH_MEASURE(2.E-2),#3);
#6024=PRESENTATION_STYLE_ASSIGNMENT((#6023));
#6025=STYLED_ITEM('',(#6024),#6022);
#6026=DIRECTION('',(0.E0,0.E0,1.E0));
#6027=VECTOR('',#6026,6.4E-1);
#6028=CARTESIAN_POINT('',(2.22E0,-2.54E0,9.5E-1));
#6029=LINE('',#6028,#6027);
#6030=CURVE_STYLE('',#16,POSITIVE_LENGTH_MEASURE(2.E-2),#3);
#6031=PRESENTATION_STYLE_ASSIGNMENT((#6030));
#6032=STYLED_ITEM('',(#6031),#6029);
#6033=DIRECTION('',(-1.E0,0.E0,0.E0));
#6034=VECTOR('',#6033,6.4E-1);
#6035=CARTESIAN_POINT('',(2.86E0,-2.54E0,9.5E-1));
#6036=LINE('',#6035,#6034);
#6037=CURVE_STYLE('',#16,POSITIVE_LENGTH_MEASURE(2.E-2),#3);
#6038=PRESENTATION_STYLE_ASSIGNMENT((#6037));
#6039=STYLED_ITEM('',(#6038),#6036);
#6040=DIRECTION('',(0.E0,0.E0,-1.E0));
#6041=VECTOR('',#6040,3.4E0);
#6042=CARTESIAN_POINT('',(3.71E0,-2.54E0,1.7E0));
#6043=LINE('',#6042,#6041);
#6044=CURVE_STYLE('',#16,POSITIVE_LENGTH_MEASURE(2.E-2),#3);
#6045=PRESENTATION_STYLE_ASSIGNMENT((#6044));
#6046=STYLED_ITEM('',(#6045),#6043);
#6047=DIRECTION('',(4.648338989899E-1,0.E0,8.853979028379E-1));
#6048=VECTOR('',#6047,9.035485598461E-1);
#6049=CARTESIAN_POINT('',(3.29E0,-2.54E0,-2.5E0));
#6050=LINE('',#6049,#6048);
#6051=CURVE_STYLE('',#16,POSITIVE_LENGTH_MEASURE(2.E-2),#3);
#6052=PRESENTATION_STYLE_ASSIGNMENT((#6051));
#6053=STYLED_ITEM('',(#6052),#6050);
#6054=DIRECTION('',(1.E0,0.E0,0.E0));
#6055=VECTOR('',#6054,1.5E0);
#6056=CARTESIAN_POINT('',(1.79E0,-2.54E0,-2.5E0));
#6057=LINE('',#6056,#6055);
#6058=CURVE_STYLE('',#16,POSITIVE_LENGTH_MEASURE(2.E-2),#3);
#6059=PRESENTATION_STYLE_ASSIGNMENT((#6058));
#6060=STYLED_ITEM('',(#6059),#6057);
#6061=DIRECTION('',(4.648338989899E-1,0.E0,-8.853979028379E-1));
#6062=VECTOR('',#6061,9.035485598461E-1);
#6063=CARTESIAN_POINT('',(1.37E0,-2.54E0,-1.7E0));
#6064=LINE('',#6063,#6062);
#6065=CURVE_STYLE('',#16,POSITIVE_LENGTH_MEASURE(2.E-2),#3);
#6066=PRESENTATION_STYLE_ASSIGNMENT((#6065));
#6067=STYLED_ITEM('',(#6066),#6064);
#6068=DIRECTION('',(0.E0,0.E0,1.E0));
#6069=VECTOR('',#6068,3.4E0);
#6070=CARTESIAN_POINT('',(1.37E0,-2.54E0,-1.7E0));
#6071=LINE('',#6070,#6069);
#6072=CURVE_STYLE('',#16,POSITIVE_LENGTH_MEASURE(2.E-2),#3);
#6073=PRESENTATION_STYLE_ASSIGNMENT((#6072));
#6074=STYLED_ITEM('',(#6073),#6071);
#6075=DIRECTION('',(-4.648338989899E-1,0.E0,-8.853979028379E-1));
#6076=VECTOR('',#6075,9.035485598461E-1);
#6077=CARTESIAN_POINT('',(1.79E0,-2.54E0,2.5E0));
#6078=LINE('',#6077,#6076);
#6079=CURVE_STYLE('',#16,POSITIVE_LENGTH_MEASURE(2.E-2),#3);
#6080=PRESENTATION_STYLE_ASSIGNMENT((#6079));
#6081=STYLED_ITEM('',(#6080),#6078);
#6082=DIRECTION('',(-1.E0,0.E0,0.E0));
#6083=VECTOR('',#6082,1.5E0);
#6084=CARTESIAN_POINT('',(3.29E0,-2.54E0,2.5E0));
#6085=LINE('',#6084,#6083);
#6086=CURVE_STYLE('',#16,POSITIVE_LENGTH_MEASURE(2.E-2),#3);
#6087=PRESENTATION_STYLE_ASSIGNMENT((#6086));
#6088=STYLED_ITEM('',(#6087),#6085);
#6089=DIRECTION('',(-4.648338989899E-1,0.E0,8.853979028379E-1));
#6090=VECTOR('',#6089,9.035485598461E-1);
#6091=CARTESIAN_POINT('',(3.71E0,-2.54E0,1.7E0));
#6092=LINE('',#6091,#6090);
#6093=CURVE_STYLE('',#16,POSITIVE_LENGTH_MEASURE(2.E-2),#3);
#6094=PRESENTATION_STYLE_ASSIGNMENT((#6093));
#6095=STYLED_ITEM('',(#6094),#6092);
#6096=DIRECTION('',(0.E0,0.E0,-1.E0));
#6097=VECTOR('',#6096,6.4E-1);
#6098=CARTESIAN_POINT('',(2.86E0,-2.5E-1,-9.5E-1));
#6099=LINE('',#6098,#6097);
#6100=CURVE_STYLE('',#16,POSITIVE_LENGTH_MEASURE(2.E-2),#3);
#6101=PRESENTATION_STYLE_ASSIGNMENT((#6100));
#6102=STYLED_ITEM('',(#6101),#6099);
#6103=DIRECTION('',(0.E0,-1.E0,0.E0));
#6104=VECTOR('',#6103,2.29E0);
#6105=CARTESIAN_POINT('',(2.86E0,-2.5E-1,-9.5E-1));
#6106=LINE('',#6105,#6104);
#6107=CURVE_STYLE('',#16,POSITIVE_LENGTH_MEASURE(2.E-2),#3);
#6108=PRESENTATION_STYLE_ASSIGNMENT((#6107));
#6109=STYLED_ITEM('',(#6108),#6106);
#6110=DIRECTION('',(1.E0,0.E0,0.E0));
#6111=VECTOR('',#6110,6.4E-1);
#6112=CARTESIAN_POINT('',(2.22E0,-2.5E-1,-9.5E-1));
#6113=LINE('',#6112,#6111);
#6114=CURVE_STYLE('',#16,POSITIVE_LENGTH_MEASURE(2.E-2),#3);
#6115=PRESENTATION_STYLE_ASSIGNMENT((#6114));
#6116=STYLED_ITEM('',(#6115),#6113);
#6117=DIRECTION('',(0.E0,-1.E0,0.E0));
#6118=VECTOR('',#6117,2.29E0);
#6119=CARTESIAN_POINT('',(2.22E0,-2.5E-1,-9.5E-1));
#6120=LINE('',#6119,#6118);
#6121=CURVE_STYLE('',#16,POSITIVE_LENGTH_MEASURE(2.E-2),#3);
#6122=PRESENTATION_STYLE_ASSIGNMENT((#6121));
#6123=STYLED_ITEM('',(#6122),#6120);
#6124=DIRECTION('',(0.E0,0.E0,1.E0));
#6125=VECTOR('',#6124,6.4E-1);
#6126=CARTESIAN_POINT('',(2.22E0,-2.5E-1,-1.59E0));
#6127=LINE('',#6126,#6125);
#6128=CURVE_STYLE('',#16,POSITIVE_LENGTH_MEASURE(2.E-2),#3);
#6129=PRESENTATION_STYLE_ASSIGNMENT((#6128));
#6130=STYLED_ITEM('',(#6129),#6127);
#6131=DIRECTION('',(0.E0,-1.E0,0.E0));
#6132=VECTOR('',#6131,2.29E0);
#6133=CARTESIAN_POINT('',(2.22E0,-2.5E-1,-1.59E0));
#6134=LINE('',#6133,#6132);
#6135=CURVE_STYLE('',#16,POSITIVE_LENGTH_MEASURE(2.E-2),#3);
#6136=PRESENTATION_STYLE_ASSIGNMENT((#6135));
#6137=STYLED_ITEM('',(#6136),#6134);
#6138=DIRECTION('',(-1.E0,0.E0,0.E0));
#6139=VECTOR('',#6138,6.4E-1);
#6140=CARTESIAN_POINT('',(2.86E0,-2.5E-1,-1.59E0));
#6141=LINE('',#6140,#6139);
#6142=CURVE_STYLE('',#16,POSITIVE_LENGTH_MEASURE(2.E-2),#3);
#6143=PRESENTATION_STYLE_ASSIGNMENT((#6142));
#6144=STYLED_ITEM('',(#6143),#6141);
#6145=DIRECTION('',(0.E0,-1.E0,0.E0));
#6146=VECTOR('',#6145,2.29E0);
#6147=CARTESIAN_POINT('',(2.86E0,-2.5E-1,-1.59E0));
#6148=LINE('',#6147,#6146);
#6149=CURVE_STYLE('',#16,POSITIVE_LENGTH_MEASURE(2.E-2),#3);
#6150=PRESENTATION_STYLE_ASSIGNMENT((#6149));
#6151=STYLED_ITEM('',(#6150),#6148);
#6152=DIRECTION('',(0.E0,0.E0,-1.E0));
#6153=VECTOR('',#6152,6.4E-1);
#6154=CARTESIAN_POINT('',(2.86E0,-2.5E-1,1.59E0));
#6155=LINE('',#6154,#6153);
#6156=CURVE_STYLE('',#16,POSITIVE_LENGTH_MEASURE(2.E-2),#3);
#6157=PRESENTATION_STYLE_ASSIGNMENT((#6156));
#6158=STYLED_ITEM('',(#6157),#6155);
#6159=DIRECTION('',(0.E0,-1.E0,0.E0));
#6160=VECTOR('',#6159,2.29E0);
#6161=CARTESIAN_POINT('',(2.86E0,-2.5E-1,1.59E0));
#6162=LINE('',#6161,#6160);
#6163=CURVE_STYLE('',#16,POSITIVE_LENGTH_MEASURE(2.E-2),#3);
#6164=PRESENTATION_STYLE_ASSIGNMENT((#6163));
#6165=STYLED_ITEM('',(#6164),#6162);
#6166=DIRECTION('',(1.E0,0.E0,0.E0));
#6167=VECTOR('',#6166,6.4E-1);
#6168=CARTESIAN_POINT('',(2.22E0,-2.5E-1,1.59E0));
#6169=LINE('',#6168,#6167);
#6170=CURVE_STYLE('',#16,POSITIVE_LENGTH_MEASURE(2.E-2),#3);
#6171=PRESENTATION_STYLE_ASSIGNMENT((#6170));
#6172=STYLED_ITEM('',(#6171),#6169);
#6173=DIRECTION('',(0.E0,-1.E0,0.E0));
#6174=VECTOR('',#6173,2.29E0);
#6175=CARTESIAN_POINT('',(2.22E0,-2.5E-1,1.59E0));
#6176=LINE('',#6175,#6174);
#6177=CURVE_STYLE('',#16,POSITIVE_LENGTH_MEASURE(2.E-2),#3);
#6178=PRESENTATION_STYLE_ASSIGNMENT((#6177));
#6179=STYLED_ITEM('',(#6178),#6176);
#6180=DIRECTION('',(0.E0,0.E0,1.E0));
#6181=VECTOR('',#6180,6.4E-1);
#6182=CARTESIAN_POINT('',(2.22E0,-2.5E-1,9.5E-1));
#6183=LINE('',#6182,#6181);
#6184=CURVE_STYLE('',#16,POSITIVE_LENGTH_MEASURE(2.E-2),#3);
#6185=PRESENTATION_STYLE_ASSIGNMENT((#6184));
#6186=STYLED_ITEM('',(#6185),#6183);
#6187=DIRECTION('',(0.E0,-1.E0,0.E0));
#6188=VECTOR('',#6187,2.29E0);
#6189=CARTESIAN_POINT('',(2.22E0,-2.5E-1,9.5E-1));
#6190=LINE('',#6189,#6188);
#6191=CURVE_STYLE('',#16,POSITIVE_LENGTH_MEASURE(2.E-2),#3);
#6192=PRESENTATION_STYLE_ASSIGNMENT((#6191));
#6193=STYLED_ITEM('',(#6192),#6190);
#6194=DIRECTION('',(-1.E0,0.E0,0.E0));
#6195=VECTOR('',#6194,6.4E-1);
#6196=CARTESIAN_POINT('',(2.86E0,-2.5E-1,9.5E-1));
#6197=LINE('',#6196,#6195);
#6198=CURVE_STYLE('',#16,POSITIVE_LENGTH_MEASURE(2.E-2),#3);
#6199=PRESENTATION_STYLE_ASSIGNMENT((#6198));
#6200=STYLED_ITEM('',(#6199),#6197);
#6201=DIRECTION('',(0.E0,-1.E0,0.E0));
#6202=VECTOR('',#6201,2.29E0);
#6203=CARTESIAN_POINT('',(2.86E0,-2.5E-1,9.5E-1));
#6204=LINE('',#6203,#6202);
#6205=CURVE_STYLE('',#16,POSITIVE_LENGTH_MEASURE(2.E-2),#3);
#6206=PRESENTATION_STYLE_ASSIGNMENT((#6205));
#6207=STYLED_ITEM('',(#6206),#6204);
#6208=DIRECTION('',(0.E0,-1.E0,0.E0));
#6209=VECTOR('',#6208,2.54E0);
#6210=CARTESIAN_POINT('',(1.79E0,0.E0,-2.5E0));
#6211=LINE('',#6210,#6209);
#6212=CURVE_STYLE('',#16,POSITIVE_LENGTH_MEASURE(2.E-2),#3);
#6213=PRESENTATION_STYLE_ASSIGNMENT((#6212));
#6214=STYLED_ITEM('',(#6213),#6211);
#6215=DIRECTION('',(-1.E0,0.E0,0.E0));
#6216=VECTOR('',#6215,1.94625E0);
#6217=CARTESIAN_POINT('',(3.513125E0,0.E0,2.075E0));
#6218=LINE('',#6217,#6216);
#6219=CURVE_STYLE('',#16,POSITIVE_LENGTH_MEASURE(2.E-2),#3);
#6220=PRESENTATION_STYLE_ASSIGNMENT((#6219));
#6221=STYLED_ITEM('',(#6220),#6218);
#6222=DIRECTION('',(-4.648338989899E-1,0.E0,8.853979028379E-1));
#6223=VECTOR('',#6222,4.800101724183E-1);
#6224=CARTESIAN_POINT('',(3.513125E0,0.E0,2.075E0));
#6225=LINE('',#6224,#6223);
#6226=CURVE_STYLE('',#16,POSITIVE_LENGTH_MEASURE(2.E-2),#3);
#6227=PRESENTATION_STYLE_ASSIGNMENT((#6226));
#6228=STYLED_ITEM('',(#6227),#6225);
#6229=DIRECTION('',(-1.E0,0.E0,0.E0));
#6230=VECTOR('',#6229,1.5E0);
#6231=CARTESIAN_POINT('',(3.29E0,0.E0,2.5E0));
#6232=LINE('',#6231,#6230);
#6233=CURVE_STYLE('',#16,POSITIVE_LENGTH_MEASURE(2.E-2),#3);
#6234=PRESENTATION_STYLE_ASSIGNMENT((#6233));
#6235=STYLED_ITEM('',(#6234),#6232);
#6236=DIRECTION('',(-4.648338989899E-1,0.E0,-8.853979028379E-1));
#6237=VECTOR('',#6236,4.800101724183E-1);
#6238=CARTESIAN_POINT('',(1.79E0,0.E0,2.5E0));
#6239=LINE('',#6238,#6237);
#6240=CURVE_STYLE('',#16,POSITIVE_LENGTH_MEASURE(2.E-2),#3);
#6241=PRESENTATION_STYLE_ASSIGNMENT((#6240));
#6242=STYLED_ITEM('',(#6241),#6239);
#6243=DIRECTION('',(-1.E0,0.E0,0.E0));
#6244=VECTOR('',#6243,1.94625E0);
#6245=CARTESIAN_POINT('',(3.513125E0,0.E0,-2.075E0));
#6246=LINE('',#6245,#6244);
#6247=CURVE_STYLE('',#16,POSITIVE_LENGTH_MEASURE(2.E-2),#3);
#6248=PRESENTATION_STYLE_ASSIGNMENT((#6247));
#6249=STYLED_ITEM('',(#6248),#6246);
#6250=DIRECTION('',(4.648338989899E-1,0.E0,-8.853979028379E-1));
#6251=VECTOR('',#6250,4.800101724182E-1);
#6252=CARTESIAN_POINT('',(1.566875E0,0.E0,-2.075E0));
#6253=LINE('',#6252,#6251);
#6254=CURVE_STYLE('',#16,POSITIVE_LENGTH_MEASURE(2.E-2),#3);
#6255=PRESENTATION_STYLE_ASSIGNMENT((#6254));
#6256=STYLED_ITEM('',(#6255),#6253);
#6257=DIRECTION('',(1.E0,0.E0,0.E0));
#6258=VECTOR('',#6257,1.5E0);
#6259=CARTESIAN_POINT('',(1.79E0,0.E0,-2.5E0));
#6260=LINE('',#6259,#6258);
#6261=CURVE_STYLE('',#16,POSITIVE_LENGTH_MEASURE(2.E-2),#3);
#6262=PRESENTATION_STYLE_ASSIGNMENT((#6261));
#6263=STYLED_ITEM('',(#6262),#6260);
#6264=DIRECTION('',(4.648338989899E-1,0.E0,8.853979028379E-1));
#6265=VECTOR('',#6264,4.800101724182E-1);
#6266=CARTESIAN_POINT('',(3.29E0,0.E0,-2.5E0));
#6267=LINE('',#6266,#6265);
#6268=CURVE_STYLE('',#16,POSITIVE_LENGTH_MEASURE(2.E-2),#3);
#6269=PRESENTATION_STYLE_ASSIGNMENT((#6268));
#6270=STYLED_ITEM('',(#6269),#6267);
#6271=DIRECTION('',(0.E0,-1.E0,0.E0));
#6272=VECTOR('',#6271,2.54E0);
#6273=CARTESIAN_POINT('',(3.29E0,0.E0,2.5E0));
#6274=LINE('',#6273,#6272);
#6275=CURVE_STYLE('',#16,POSITIVE_LENGTH_MEASURE(2.E-2),#3);
#6276=PRESENTATION_STYLE_ASSIGNMENT((#6275));
#6277=STYLED_ITEM('',(#6276),#6274);
#6278=DIRECTION('',(0.E0,-1.E0,0.E0));
#6279=VECTOR('',#6278,2.09E0);
#6280=CARTESIAN_POINT('',(1.37E0,-2.5E-1,1.7E0));
#6281=LINE('',#6280,#6279);
#6282=CURVE_STYLE('',#16,POSITIVE_LENGTH_MEASURE(2.E-2),#3);
#6283=PRESENTATION_STYLE_ASSIGNMENT((#6282));
#6284=STYLED_ITEM('',(#6283),#6281);
#6285=CARTESIAN_POINT('',(7.5E-1,0.E0,2.5E0));
#6286=CARTESIAN_POINT('',(-7.5E-1,0.E0,2.5E0));
#6287=VERTEX_POINT('',#6285);
#6288=VERTEX_POINT('',#6286);
#6289=CARTESIAN_POINT('',(-7.5E-1,0.E0,-2.5E0));
#6290=CARTESIAN_POINT('',(7.5E-1,0.E0,-2.5E0));
#6291=VERTEX_POINT('',#6289);
#6292=VERTEX_POINT('',#6290);
#6293=CARTESIAN_POINT('',(7.5E-1,-2.54E0,2.5E0));
#6294=CARTESIAN_POINT('',(-7.5E-1,-2.54E0,2.5E0));
#6295=VERTEX_POINT('',#6293);
#6296=VERTEX_POINT('',#6294);
#6297=CARTESIAN_POINT('',(-7.5E-1,-2.54E0,-2.5E0));
#6298=CARTESIAN_POINT('',(7.5E-1,-2.54E0,-2.5E0));
#6299=VERTEX_POINT('',#6297);
#6300=VERTEX_POINT('',#6298);
#6301=CARTESIAN_POINT('',(3.2E-1,-2.54E0,-9.5E-1));
#6302=CARTESIAN_POINT('',(3.2E-1,-2.54E0,-1.59E0));
#6303=VERTEX_POINT('',#6301);
#6304=VERTEX_POINT('',#6302);
#6305=CARTESIAN_POINT('',(-3.2E-1,-2.54E0,-1.59E0));
#6306=VERTEX_POINT('',#6305);
#6307=CARTESIAN_POINT('',(-3.2E-1,-2.54E0,-9.5E-1));
#6308=VERTEX_POINT('',#6307);
#6309=CARTESIAN_POINT('',(3.2E-1,-2.54E0,1.59E0));
#6310=CARTESIAN_POINT('',(3.2E-1,-2.54E0,9.5E-1));
#6311=VERTEX_POINT('',#6309);
#6312=VERTEX_POINT('',#6310);
#6313=CARTESIAN_POINT('',(-3.2E-1,-2.54E0,9.5E-1));
#6314=VERTEX_POINT('',#6313);
#6315=CARTESIAN_POINT('',(-3.2E-1,-2.54E0,1.59E0));
#6316=VERTEX_POINT('',#6315);
#6317=CARTESIAN_POINT('',(1.17E0,-2.54E0,1.7E0));
#6318=CARTESIAN_POINT('',(1.17E0,-2.54E0,-1.7E0));
#6319=VERTEX_POINT('',#6317);
#6320=VERTEX_POINT('',#6318);
#6321=CARTESIAN_POINT('',(-1.17E0,-2.54E0,-1.7E0));
#6322=CARTESIAN_POINT('',(-1.17E0,-2.54E0,1.7E0));
#6323=VERTEX_POINT('',#6321);
#6324=VERTEX_POINT('',#6322);
#6325=CARTESIAN_POINT('',(-1.27E0,-2.34E0,1.7E0));
#6326=CARTESIAN_POINT('',(-1.27E0,-2.34E0,-1.7E0));
#6327=VERTEX_POINT('',#6325);
#6328=VERTEX_POINT('',#6326);
#6329=CARTESIAN_POINT('',(1.17E0,-2.34E0,-1.7E0));
#6330=VERTEX_POINT('',#6329);
#6331=CARTESIAN_POINT('',(1.17E0,-2.34E0,1.7E0));
#6332=VERTEX_POINT('',#6331);
#6333=CARTESIAN_POINT('',(-1.17E0,-2.34E0,1.7E0));
#6334=VERTEX_POINT('',#6333);
#6335=CARTESIAN_POINT('',(-1.17E0,-2.34E0,-1.7E0));
#6336=VERTEX_POINT('',#6335);
#6337=CARTESIAN_POINT('',(-1.27E0,-2.5E-1,1.7E0));
#6338=CARTESIAN_POINT('',(-1.27E0,-2.5E-1,-1.7E0));
#6339=VERTEX_POINT('',#6337);
#6340=VERTEX_POINT('',#6338);
#6341=CARTESIAN_POINT('',(1.17E0,-2.5E-1,-1.7E0));
#6342=CARTESIAN_POINT('',(9.73125E-1,-2.5E-1,-2.075E0));
#6343=VERTEX_POINT('',#6341);
#6344=VERTEX_POINT('',#6342);
#6345=CARTESIAN_POINT('',(9.73125E-1,0.E0,-2.075E0));
#6346=VERTEX_POINT('',#6345);
#6347=CARTESIAN_POINT('',(9.73125E-1,0.E0,2.075E0));
#6348=CARTESIAN_POINT('',(9.73125E-1,-2.5E-1,2.075E0));
#6349=VERTEX_POINT('',#6347);
#6350=VERTEX_POINT('',#6348);
#6351=CARTESIAN_POINT('',(1.17E0,-2.5E-1,1.7E0));
#6352=VERTEX_POINT('',#6351);
#6353=CARTESIAN_POINT('',(-9.73125E-1,0.E0,2.075E0));
#6354=CARTESIAN_POINT('',(-9.73125E-1,-2.5E-1,2.075E0));
#6355=VERTEX_POINT('',#6353);
#6356=VERTEX_POINT('',#6354);
#6357=CARTESIAN_POINT('',(-1.17E0,-2.5E-1,1.7E0));
#6358=VERTEX_POINT('',#6357);
#6359=CARTESIAN_POINT('',(-1.17E0,-2.5E-1,-1.7E0));
#6360=VERTEX_POINT('',#6359);
#6361=CARTESIAN_POINT('',(-9.73125E-1,-2.5E-1,-2.075E0));
#6362=VERTEX_POINT('',#6361);
#6363=CARTESIAN_POINT('',(-9.73125E-1,0.E0,-2.075E0));
#6364=VERTEX_POINT('',#6363);
#6365=CARTESIAN_POINT('',(3.2E-1,-2.5E-1,-9.5E-1));
#6366=CARTESIAN_POINT('',(3.2E-1,-2.5E-1,-1.59E0));
#6367=VERTEX_POINT('',#6365);
#6368=VERTEX_POINT('',#6366);
#6369=CARTESIAN_POINT('',(-3.2E-1,-2.5E-1,-1.59E0));
#6370=VERTEX_POINT('',#6369);
#6371=CARTESIAN_POINT('',(-3.2E-1,-2.5E-1,-9.5E-1));
#6372=VERTEX_POINT('',#6371);
#6373=CARTESIAN_POINT('',(3.2E-1,-2.5E-1,1.59E0));
#6374=CARTESIAN_POINT('',(3.2E-1,-2.5E-1,9.5E-1));
#6375=VERTEX_POINT('',#6373);
#6376=VERTEX_POINT('',#6374);
#6377=CARTESIAN_POINT('',(-3.2E-1,-2.5E-1,9.5E-1));
#6378=VERTEX_POINT('',#6377);
#6379=CARTESIAN_POINT('',(-3.2E-1,-2.5E-1,1.59E0));
#6380=VERTEX_POINT('',#6379);
#6381=CARTESIAN_POINT('',(3.29E0,0.E0,2.5E0));
#6382=CARTESIAN_POINT('',(1.79E0,0.E0,2.5E0));
#6383=VERTEX_POINT('',#6381);
#6384=VERTEX_POINT('',#6382);
#6385=CARTESIAN_POINT('',(1.79E0,0.E0,-2.5E0));
#6386=CARTESIAN_POINT('',(3.29E0,0.E0,-2.5E0));
#6387=VERTEX_POINT('',#6385);
#6388=VERTEX_POINT('',#6386);
#6389=CARTESIAN_POINT('',(3.29E0,-2.54E0,2.5E0));
#6390=CARTESIAN_POINT('',(1.79E0,-2.54E0,2.5E0));
#6391=VERTEX_POINT('',#6389);
#6392=VERTEX_POINT('',#6390);
#6393=CARTESIAN_POINT('',(1.79E0,-2.54E0,-2.5E0));
#6394=CARTESIAN_POINT('',(3.29E0,-2.54E0,-2.5E0));
#6395=VERTEX_POINT('',#6393);
#6396=VERTEX_POINT('',#6394);
#6397=CARTESIAN_POINT('',(2.86E0,-2.54E0,-9.5E-1));
#6398=CARTESIAN_POINT('',(2.86E0,-2.54E0,-1.59E0));
#6399=VERTEX_POINT('',#6397);
#6400=VERTEX_POINT('',#6398);
#6401=CARTESIAN_POINT('',(2.22E0,-2.54E0,-1.59E0));
#6402=VERTEX_POINT('',#6401);
#6403=CARTESIAN_POINT('',(2.22E0,-2.54E0,-9.5E-1));
#6404=VERTEX_POINT('',#6403);
#6405=CARTESIAN_POINT('',(2.86E0,-2.54E0,1.59E0));
#6406=CARTESIAN_POINT('',(2.86E0,-2.54E0,9.5E-1));
#6407=VERTEX_POINT('',#6405);
#6408=VERTEX_POINT('',#6406);
#6409=CARTESIAN_POINT('',(2.22E0,-2.54E0,9.5E-1));
#6410=VERTEX_POINT('',#6409);
#6411=CARTESIAN_POINT('',(2.22E0,-2.54E0,1.59E0));
#6412=VERTEX_POINT('',#6411);
#6413=CARTESIAN_POINT('',(3.71E0,-2.34E0,1.7E0));
#6414=CARTESIAN_POINT('',(3.71E0,-2.34E0,-1.7E0));
#6415=VERTEX_POINT('',#6413);
#6416=VERTEX_POINT('',#6414);
#6417=CARTESIAN_POINT('',(1.37E0,-2.34E0,-1.7E0));
#6418=CARTESIAN_POINT('',(1.37E0,-2.34E0,1.7E0));
#6419=VERTEX_POINT('',#6417);
#6420=VERTEX_POINT('',#6418);
#6421=CARTESIAN_POINT('',(1.566875E0,-2.5E-1,2.075E0));
#6422=CARTESIAN_POINT('',(3.513125E0,-2.5E-1,2.075E0));
#6423=VERTEX_POINT('',#6421);
#6424=VERTEX_POINT('',#6422);
#6425=CARTESIAN_POINT('',(1.566875E0,-2.5E-1,-2.075E0));
#6426=CARTESIAN_POINT('',(3.513125E0,-2.5E-1,-2.075E0));
#6427=VERTEX_POINT('',#6425);
#6428=VERTEX_POINT('',#6426);
#6429=CARTESIAN_POINT('',(5.83E0,0.E0,2.5E0));
#6430=CARTESIAN_POINT('',(4.33E0,0.E0,2.5E0));
#6431=VERTEX_POINT('',#6429);
#6432=VERTEX_POINT('',#6430);
#6433=CARTESIAN_POINT('',(4.33E0,0.E0,-2.5E0));
#6434=CARTESIAN_POINT('',(5.83E0,0.E0,-2.5E0));
#6435=VERTEX_POINT('',#6433);
#6436=VERTEX_POINT('',#6434);
#6437=CARTESIAN_POINT('',(5.83E0,-2.54E0,2.5E0));
#6438=CARTESIAN_POINT('',(4.33E0,-2.54E0,2.5E0));
#6439=VERTEX_POINT('',#6437);
#6440=VERTEX_POINT('',#6438);
#6441=CARTESIAN_POINT('',(4.33E0,-2.54E0,-2.5E0));
#6442=CARTESIAN_POINT('',(5.83E0,-2.54E0,-2.5E0));
#6443=VERTEX_POINT('',#6441);
#6444=VERTEX_POINT('',#6442);
#6445=CARTESIAN_POINT('',(5.4E0,-2.54E0,-9.5E-1));
#6446=CARTESIAN_POINT('',(5.4E0,-2.54E0,-1.59E0));
#6447=VERTEX_POINT('',#6445);
#6448=VERTEX_POINT('',#6446);
#6449=CARTESIAN_POINT('',(4.76E0,-2.54E0,-1.59E0));
#6450=VERTEX_POINT('',#6449);
#6451=CARTESIAN_POINT('',(4.76E0,-2.54E0,-9.5E-1));
#6452=VERTEX_POINT('',#6451);
#6453=CARTESIAN_POINT('',(5.4E0,-2.54E0,1.59E0));
#6454=CARTESIAN_POINT('',(5.4E0,-2.54E0,9.5E-1));
#6455=VERTEX_POINT('',#6453);
#6456=VERTEX_POINT('',#6454);
#6457=CARTESIAN_POINT('',(4.76E0,-2.54E0,9.5E-1));
#6458=VERTEX_POINT('',#6457);
#6459=CARTESIAN_POINT('',(4.76E0,-2.54E0,1.59E0));
#6460=VERTEX_POINT('',#6459);
#6461=CARTESIAN_POINT('',(6.25E0,-2.34E0,1.7E0));
#6462=CARTESIAN_POINT('',(6.25E0,-2.34E0,-1.7E0));
#6463=VERTEX_POINT('',#6461);
#6464=VERTEX_POINT('',#6462);
#6465=CARTESIAN_POINT('',(3.91E0,-2.34E0,-1.7E0));
#6466=CARTESIAN_POINT('',(3.91E0,-2.34E0,1.7E0));
#6467=VERTEX_POINT('',#6465);
#6468=VERTEX_POINT('',#6466);
#6469=CARTESIAN_POINT('',(4.106875E0,-2.5E-1,2.075E0));
#6470=CARTESIAN_POINT('',(6.053125E0,-2.5E-1,2.075E0));
#6471=VERTEX_POINT('',#6469);
#6472=VERTEX_POINT('',#6470);
#6473=CARTESIAN_POINT('',(4.106875E0,-2.5E-1,-2.075E0));
#6474=CARTESIAN_POINT('',(6.053125E0,-2.5E-1,-2.075E0));
#6475=VERTEX_POINT('',#6473);
#6476=VERTEX_POINT('',#6474);
#6477=CARTESIAN_POINT('',(8.37E0,0.E0,2.5E0));
#6478=CARTESIAN_POINT('',(6.87E0,0.E0,2.5E0));
#6479=VERTEX_POINT('',#6477);
#6480=VERTEX_POINT('',#6478);
#6481=CARTESIAN_POINT('',(6.87E0,0.E0,-2.5E0));
#6482=CARTESIAN_POINT('',(8.37E0,0.E0,-2.5E0));
#6483=VERTEX_POINT('',#6481);
#6484=VERTEX_POINT('',#6482);
#6485=CARTESIAN_POINT('',(8.37E0,-2.54E0,2.5E0));
#6486=CARTESIAN_POINT('',(6.87E0,-2.54E0,2.5E0));
#6487=VERTEX_POINT('',#6485);
#6488=VERTEX_POINT('',#6486);
#6489=CARTESIAN_POINT('',(6.87E0,-2.54E0,-2.5E0));
#6490=CARTESIAN_POINT('',(8.37E0,-2.54E0,-2.5E0));
#6491=VERTEX_POINT('',#6489);
#6492=VERTEX_POINT('',#6490);
#6493=CARTESIAN_POINT('',(7.94E0,-2.54E0,-9.5E-1));
#6494=CARTESIAN_POINT('',(7.94E0,-2.54E0,-1.59E0));
#6495=VERTEX_POINT('',#6493);
#6496=VERTEX_POINT('',#6494);
#6497=CARTESIAN_POINT('',(7.3E0,-2.54E0,-1.59E0));
#6498=VERTEX_POINT('',#6497);
#6499=CARTESIAN_POINT('',(7.3E0,-2.54E0,-9.5E-1));
#6500=VERTEX_POINT('',#6499);
#6501=CARTESIAN_POINT('',(7.94E0,-2.54E0,1.59E0));
#6502=CARTESIAN_POINT('',(7.94E0,-2.54E0,9.5E-1));
#6503=VERTEX_POINT('',#6501);
#6504=VERTEX_POINT('',#6502);
#6505=CARTESIAN_POINT('',(7.3E0,-2.54E0,9.5E-1));
#6506=VERTEX_POINT('',#6505);
#6507=CARTESIAN_POINT('',(7.3E0,-2.54E0,1.59E0));
#6508=VERTEX_POINT('',#6507);
#6509=CARTESIAN_POINT('',(8.79E0,-2.34E0,1.7E0));
#6510=CARTESIAN_POINT('',(8.79E0,-2.34E0,-1.7E0));
#6511=VERTEX_POINT('',#6509);
#6512=VERTEX_POINT('',#6510);
#6513=CARTESIAN_POINT('',(6.45E0,-2.34E0,-1.7E0));
#6514=CARTESIAN_POINT('',(6.45E0,-2.34E0,1.7E0));
#6515=VERTEX_POINT('',#6513);
#6516=VERTEX_POINT('',#6514);
#6517=CARTESIAN_POINT('',(6.646875E0,-2.5E-1,2.075E0));
#6518=CARTESIAN_POINT('',(8.593125E0,-2.5E-1,2.075E0));
#6519=VERTEX_POINT('',#6517);
#6520=VERTEX_POINT('',#6518);
#6521=CARTESIAN_POINT('',(6.646875E0,-2.5E-1,-2.075E0));
#6522=CARTESIAN_POINT('',(8.593125E0,-2.5E-1,-2.075E0));
#6523=VERTEX_POINT('',#6521);
#6524=VERTEX_POINT('',#6522);
#6525=CARTESIAN_POINT('',(1.091E1,0.E0,2.5E0));
#6526=CARTESIAN_POINT('',(9.41E0,0.E0,2.5E0));
#6527=VERTEX_POINT('',#6525);
#6528=VERTEX_POINT('',#6526);
#6529=CARTESIAN_POINT('',(9.41E0,0.E0,-2.5E0));
#6530=CARTESIAN_POINT('',(1.091E1,0.E0,-2.5E0));
#6531=VERTEX_POINT('',#6529);
#6532=VERTEX_POINT('',#6530);
#6533=CARTESIAN_POINT('',(1.091E1,-2.54E0,2.5E0));
#6534=CARTESIAN_POINT('',(9.41E0,-2.54E0,2.5E0));
#6535=VERTEX_POINT('',#6533);
#6536=VERTEX_POINT('',#6534);
#6537=CARTESIAN_POINT('',(9.41E0,-2.54E0,-2.5E0));
#6538=CARTESIAN_POINT('',(1.091E1,-2.54E0,-2.5E0));
#6539=VERTEX_POINT('',#6537);
#6540=VERTEX_POINT('',#6538);
#6541=CARTESIAN_POINT('',(1.048E1,-2.54E0,-9.5E-1));
#6542=CARTESIAN_POINT('',(1.048E1,-2.54E0,-1.59E0));
#6543=VERTEX_POINT('',#6541);
#6544=VERTEX_POINT('',#6542);
#6545=CARTESIAN_POINT('',(9.84E0,-2.54E0,-1.59E0));
#6546=VERTEX_POINT('',#6545);
#6547=CARTESIAN_POINT('',(9.84E0,-2.54E0,-9.5E-1));
#6548=VERTEX_POINT('',#6547);
#6549=CARTESIAN_POINT('',(1.048E1,-2.54E0,1.59E0));
#6550=CARTESIAN_POINT('',(1.048E1,-2.54E0,9.5E-1));
#6551=VERTEX_POINT('',#6549);
#6552=VERTEX_POINT('',#6550);
#6553=CARTESIAN_POINT('',(9.84E0,-2.54E0,9.5E-1));
#6554=VERTEX_POINT('',#6553);
#6555=CARTESIAN_POINT('',(9.84E0,-2.54E0,1.59E0));
#6556=VERTEX_POINT('',#6555);
#6557=CARTESIAN_POINT('',(1.133E1,-2.34E0,1.7E0));
#6558=CARTESIAN_POINT('',(1.133E1,-2.34E0,-1.7E0));
#6559=VERTEX_POINT('',#6557);
#6560=VERTEX_POINT('',#6558);
#6561=CARTESIAN_POINT('',(8.99E0,-2.34E0,-1.7E0));
#6562=CARTESIAN_POINT('',(8.99E0,-2.34E0,1.7E0));
#6563=VERTEX_POINT('',#6561);
#6564=VERTEX_POINT('',#6562);
#6565=CARTESIAN_POINT('',(9.186875E0,-2.5E-1,2.075E0));
#6566=CARTESIAN_POINT('',(1.1133125E1,-2.5E-1,2.075E0));
#6567=VERTEX_POINT('',#6565);
#6568=VERTEX_POINT('',#6566);
#6569=CARTESIAN_POINT('',(9.186875E0,-2.5E-1,-2.075E0));
#6570=CARTESIAN_POINT('',(1.1133125E1,-2.5E-1,-2.075E0));
#6571=VERTEX_POINT('',#6569);
#6572=VERTEX_POINT('',#6570);
#6573=CARTESIAN_POINT('',(1.345E1,0.E0,2.5E0));
#6574=CARTESIAN_POINT('',(1.195E1,0.E0,2.5E0));
#6575=VERTEX_POINT('',#6573);
#6576=VERTEX_POINT('',#6574);
#6577=CARTESIAN_POINT('',(1.195E1,0.E0,-2.5E0));
#6578=CARTESIAN_POINT('',(1.345E1,0.E0,-2.5E0));
#6579=VERTEX_POINT('',#6577);
#6580=VERTEX_POINT('',#6578);
#6581=CARTESIAN_POINT('',(1.345E1,-2.54E0,2.5E0));
#6582=CARTESIAN_POINT('',(1.195E1,-2.54E0,2.5E0));
#6583=VERTEX_POINT('',#6581);
#6584=VERTEX_POINT('',#6582);
#6585=CARTESIAN_POINT('',(1.195E1,-2.54E0,-2.5E0));
#6586=CARTESIAN_POINT('',(1.345E1,-2.54E0,-2.5E0));
#6587=VERTEX_POINT('',#6585);
#6588=VERTEX_POINT('',#6586);
#6589=CARTESIAN_POINT('',(1.302E1,-2.54E0,-9.5E-1));
#6590=CARTESIAN_POINT('',(1.302E1,-2.54E0,-1.59E0));
#6591=VERTEX_POINT('',#6589);
#6592=VERTEX_POINT('',#6590);
#6593=CARTESIAN_POINT('',(1.238E1,-2.54E0,-1.59E0));
#6594=VERTEX_POINT('',#6593);
#6595=CARTESIAN_POINT('',(1.238E1,-2.54E0,-9.5E-1));
#6596=VERTEX_POINT('',#6595);
#6597=CARTESIAN_POINT('',(1.302E1,-2.54E0,1.59E0));
#6598=CARTESIAN_POINT('',(1.302E1,-2.54E0,9.5E-1));
#6599=VERTEX_POINT('',#6597);
#6600=VERTEX_POINT('',#6598);
#6601=CARTESIAN_POINT('',(1.238E1,-2.54E0,9.5E-1));
#6602=VERTEX_POINT('',#6601);
#6603=CARTESIAN_POINT('',(1.238E1,-2.54E0,1.59E0));
#6604=VERTEX_POINT('',#6603);
#6605=CARTESIAN_POINT('',(1.387E1,-2.34E0,1.7E0));
#6606=CARTESIAN_POINT('',(1.387E1,-2.34E0,-1.7E0));
#6607=VERTEX_POINT('',#6605);
#6608=VERTEX_POINT('',#6606);
#6609=CARTESIAN_POINT('',(1.153E1,-2.34E0,-1.7E0));
#6610=CARTESIAN_POINT('',(1.153E1,-2.34E0,1.7E0));
#6611=VERTEX_POINT('',#6609);
#6612=VERTEX_POINT('',#6610);
#6613=CARTESIAN_POINT('',(1.1726875E1,-2.5E-1,2.075E0));
#6614=CARTESIAN_POINT('',(1.3673125E1,-2.5E-1,2.075E0));
#6615=VERTEX_POINT('',#6613);
#6616=VERTEX_POINT('',#6614);
#6617=CARTESIAN_POINT('',(1.1726875E1,-2.5E-1,-2.075E0));
#6618=CARTESIAN_POINT('',(1.3673125E1,-2.5E-1,-2.075E0));
#6619=VERTEX_POINT('',#6617);
#6620=VERTEX_POINT('',#6618);
#6621=CARTESIAN_POINT('',(1.599E1,0.E0,2.5E0));
#6622=CARTESIAN_POINT('',(1.449E1,0.E0,2.5E0));
#6623=VERTEX_POINT('',#6621);
#6624=VERTEX_POINT('',#6622);
#6625=CARTESIAN_POINT('',(1.449E1,0.E0,-2.5E0));
#6626=CARTESIAN_POINT('',(1.599E1,0.E0,-2.5E0));
#6627=VERTEX_POINT('',#6625);
#6628=VERTEX_POINT('',#6626);
#6629=CARTESIAN_POINT('',(1.599E1,-2.54E0,2.5E0));
#6630=CARTESIAN_POINT('',(1.449E1,-2.54E0,2.5E0));
#6631=VERTEX_POINT('',#6629);
#6632=VERTEX_POINT('',#6630);
#6633=CARTESIAN_POINT('',(1.449E1,-2.54E0,-2.5E0));
#6634=CARTESIAN_POINT('',(1.599E1,-2.54E0,-2.5E0));
#6635=VERTEX_POINT('',#6633);
#6636=VERTEX_POINT('',#6634);
#6637=CARTESIAN_POINT('',(1.556E1,-2.54E0,-9.5E-1));
#6638=CARTESIAN_POINT('',(1.556E1,-2.54E0,-1.59E0));
#6639=VERTEX_POINT('',#6637);
#6640=VERTEX_POINT('',#6638);
#6641=CARTESIAN_POINT('',(1.492E1,-2.54E0,-1.59E0));
#6642=VERTEX_POINT('',#6641);
#6643=CARTESIAN_POINT('',(1.492E1,-2.54E0,-9.5E-1));
#6644=VERTEX_POINT('',#6643);
#6645=CARTESIAN_POINT('',(1.556E1,-2.54E0,1.59E0));
#6646=CARTESIAN_POINT('',(1.556E1,-2.54E0,9.5E-1));
#6647=VERTEX_POINT('',#6645);
#6648=VERTEX_POINT('',#6646);
#6649=CARTESIAN_POINT('',(1.492E1,-2.54E0,9.5E-1));
#6650=VERTEX_POINT('',#6649);
#6651=CARTESIAN_POINT('',(1.492E1,-2.54E0,1.59E0));
#6652=VERTEX_POINT('',#6651);
#6653=CARTESIAN_POINT('',(1.641E1,-2.34E0,1.7E0));
#6654=CARTESIAN_POINT('',(1.641E1,-2.34E0,-1.7E0));
#6655=VERTEX_POINT('',#6653);
#6656=VERTEX_POINT('',#6654);
#6657=CARTESIAN_POINT('',(1.407E1,-2.34E0,-1.7E0));
#6658=CARTESIAN_POINT('',(1.407E1,-2.34E0,1.7E0));
#6659=VERTEX_POINT('',#6657);
#6660=VERTEX_POINT('',#6658);
#6661=CARTESIAN_POINT('',(1.4266875E1,-2.5E-1,2.075E0));
#6662=CARTESIAN_POINT('',(1.6213125E1,-2.5E-1,2.075E0));
#6663=VERTEX_POINT('',#6661);
#6664=VERTEX_POINT('',#6662);
#6665=CARTESIAN_POINT('',(1.4266875E1,-2.5E-1,-2.075E0));
#6666=CARTESIAN_POINT('',(1.6213125E1,-2.5E-1,-2.075E0));
#6667=VERTEX_POINT('',#6665);
#6668=VERTEX_POINT('',#6666);
#6669=CARTESIAN_POINT('',(1.853E1,0.E0,2.5E0));
#6670=CARTESIAN_POINT('',(1.703E1,0.E0,2.5E0));
#6671=VERTEX_POINT('',#6669);
#6672=VERTEX_POINT('',#6670);
#6673=CARTESIAN_POINT('',(1.703E1,0.E0,-2.5E0));
#6674=CARTESIAN_POINT('',(1.853E1,0.E0,-2.5E0));
#6675=VERTEX_POINT('',#6673);
#6676=VERTEX_POINT('',#6674);
#6677=CARTESIAN_POINT('',(1.853E1,-2.54E0,2.5E0));
#6678=CARTESIAN_POINT('',(1.703E1,-2.54E0,2.5E0));
#6679=VERTEX_POINT('',#6677);
#6680=VERTEX_POINT('',#6678);
#6681=CARTESIAN_POINT('',(1.703E1,-2.54E0,-2.5E0));
#6682=CARTESIAN_POINT('',(1.853E1,-2.54E0,-2.5E0));
#6683=VERTEX_POINT('',#6681);
#6684=VERTEX_POINT('',#6682);
#6685=CARTESIAN_POINT('',(1.81E1,-2.54E0,-9.5E-1));
#6686=CARTESIAN_POINT('',(1.81E1,-2.54E0,-1.59E0));
#6687=VERTEX_POINT('',#6685);
#6688=VERTEX_POINT('',#6686);
#6689=CARTESIAN_POINT('',(1.746E1,-2.54E0,-1.59E0));
#6690=VERTEX_POINT('',#6689);
#6691=CARTESIAN_POINT('',(1.746E1,-2.54E0,-9.5E-1));
#6692=VERTEX_POINT('',#6691);
#6693=CARTESIAN_POINT('',(1.81E1,-2.54E0,1.59E0));
#6694=CARTESIAN_POINT('',(1.81E1,-2.54E0,9.5E-1));
#6695=VERTEX_POINT('',#6693);
#6696=VERTEX_POINT('',#6694);
#6697=CARTESIAN_POINT('',(1.746E1,-2.54E0,9.5E-1));
#6698=VERTEX_POINT('',#6697);
#6699=CARTESIAN_POINT('',(1.746E1,-2.54E0,1.59E0));
#6700=VERTEX_POINT('',#6699);
#6701=CARTESIAN_POINT('',(1.895E1,-2.34E0,1.7E0));
#6702=CARTESIAN_POINT('',(1.895E1,-2.34E0,-1.7E0));
#6703=VERTEX_POINT('',#6701);
#6704=VERTEX_POINT('',#6702);
#6705=CARTESIAN_POINT('',(1.661E1,-2.34E0,-1.7E0));
#6706=CARTESIAN_POINT('',(1.661E1,-2.34E0,1.7E0));
#6707=VERTEX_POINT('',#6705);
#6708=VERTEX_POINT('',#6706);
#6709=CARTESIAN_POINT('',(1.6806875E1,-2.5E-1,2.075E0));
#6710=CARTESIAN_POINT('',(1.8753125E1,-2.5E-1,2.075E0));
#6711=VERTEX_POINT('',#6709);
#6712=VERTEX_POINT('',#6710);
#6713=CARTESIAN_POINT('',(1.6806875E1,-2.5E-1,-2.075E0));
#6714=CARTESIAN_POINT('',(1.8753125E1,-2.5E-1,-2.075E0));
#6715=VERTEX_POINT('',#6713);
#6716=VERTEX_POINT('',#6714);
#6717=CARTESIAN_POINT('',(2.107E1,0.E0,2.5E0));
#6718=CARTESIAN_POINT('',(1.957E1,0.E0,2.5E0));
#6719=VERTEX_POINT('',#6717);
#6720=VERTEX_POINT('',#6718);
#6721=CARTESIAN_POINT('',(1.957E1,0.E0,-2.5E0));
#6722=CARTESIAN_POINT('',(2.107E1,0.E0,-2.5E0));
#6723=VERTEX_POINT('',#6721);
#6724=VERTEX_POINT('',#6722);
#6725=CARTESIAN_POINT('',(2.107E1,-2.54E0,2.5E0));
#6726=CARTESIAN_POINT('',(1.957E1,-2.54E0,2.5E0));
#6727=VERTEX_POINT('',#6725);
#6728=VERTEX_POINT('',#6726);
#6729=CARTESIAN_POINT('',(1.957E1,-2.54E0,-2.5E0));
#6730=CARTESIAN_POINT('',(2.107E1,-2.54E0,-2.5E0));
#6731=VERTEX_POINT('',#6729);
#6732=VERTEX_POINT('',#6730);
#6733=CARTESIAN_POINT('',(2.064E1,-2.54E0,-9.5E-1));
#6734=CARTESIAN_POINT('',(2.064E1,-2.54E0,-1.59E0));
#6735=VERTEX_POINT('',#6733);
#6736=VERTEX_POINT('',#6734);
#6737=CARTESIAN_POINT('',(2.E1,-2.54E0,-1.59E0));
#6738=VERTEX_POINT('',#6737);
#6739=CARTESIAN_POINT('',(2.E1,-2.54E0,-9.5E-1));
#6740=VERTEX_POINT('',#6739);
#6741=CARTESIAN_POINT('',(2.064E1,-2.54E0,1.59E0));
#6742=CARTESIAN_POINT('',(2.064E1,-2.54E0,9.5E-1));
#6743=VERTEX_POINT('',#6741);
#6744=VERTEX_POINT('',#6742);
#6745=CARTESIAN_POINT('',(2.E1,-2.54E0,9.5E-1));
#6746=VERTEX_POINT('',#6745);
#6747=CARTESIAN_POINT('',(2.E1,-2.54E0,1.59E0));
#6748=VERTEX_POINT('',#6747);
#6749=CARTESIAN_POINT('',(2.149E1,-2.34E0,1.7E0));
#6750=CARTESIAN_POINT('',(2.149E1,-2.34E0,-1.7E0));
#6751=VERTEX_POINT('',#6749);
#6752=VERTEX_POINT('',#6750);
#6753=CARTESIAN_POINT('',(1.915E1,-2.34E0,-1.7E0));
#6754=CARTESIAN_POINT('',(1.915E1,-2.34E0,1.7E0));
#6755=VERTEX_POINT('',#6753);
#6756=VERTEX_POINT('',#6754);
#6757=CARTESIAN_POINT('',(1.9346875E1,-2.5E-1,2.075E0));
#6758=CARTESIAN_POINT('',(2.1293125E1,-2.5E-1,2.075E0));
#6759=VERTEX_POINT('',#6757);
#6760=VERTEX_POINT('',#6758);
#6761=CARTESIAN_POINT('',(1.9346875E1,-2.5E-1,-2.075E0));
#6762=CARTESIAN_POINT('',(2.1293125E1,-2.5E-1,-2.075E0));
#6763=VERTEX_POINT('',#6761);
#6764=VERTEX_POINT('',#6762);
#6765=CARTESIAN_POINT('',(2.361E1,0.E0,2.5E0));
#6766=CARTESIAN_POINT('',(2.211E1,0.E0,2.5E0));
#6767=VERTEX_POINT('',#6765);
#6768=VERTEX_POINT('',#6766);
#6769=CARTESIAN_POINT('',(2.211E1,0.E0,-2.5E0));
#6770=CARTESIAN_POINT('',(2.361E1,0.E0,-2.5E0));
#6771=VERTEX_POINT('',#6769);
#6772=VERTEX_POINT('',#6770);
#6773=CARTESIAN_POINT('',(2.361E1,-2.54E0,2.5E0));
#6774=CARTESIAN_POINT('',(2.211E1,-2.54E0,2.5E0));
#6775=VERTEX_POINT('',#6773);
#6776=VERTEX_POINT('',#6774);
#6777=CARTESIAN_POINT('',(2.211E1,-2.54E0,-2.5E0));
#6778=CARTESIAN_POINT('',(2.361E1,-2.54E0,-2.5E0));
#6779=VERTEX_POINT('',#6777);
#6780=VERTEX_POINT('',#6778);
#6781=CARTESIAN_POINT('',(2.318E1,-2.54E0,-9.5E-1));
#6782=CARTESIAN_POINT('',(2.318E1,-2.54E0,-1.59E0));
#6783=VERTEX_POINT('',#6781);
#6784=VERTEX_POINT('',#6782);
#6785=CARTESIAN_POINT('',(2.254E1,-2.54E0,-1.59E0));
#6786=VERTEX_POINT('',#6785);
#6787=CARTESIAN_POINT('',(2.254E1,-2.54E0,-9.5E-1));
#6788=VERTEX_POINT('',#6787);
#6789=CARTESIAN_POINT('',(2.318E1,-2.54E0,1.59E0));
#6790=CARTESIAN_POINT('',(2.318E1,-2.54E0,9.5E-1));
#6791=VERTEX_POINT('',#6789);
#6792=VERTEX_POINT('',#6790);
#6793=CARTESIAN_POINT('',(2.254E1,-2.54E0,9.5E-1));
#6794=VERTEX_POINT('',#6793);
#6795=CARTESIAN_POINT('',(2.254E1,-2.54E0,1.59E0));
#6796=VERTEX_POINT('',#6795);
#6797=CARTESIAN_POINT('',(2.403E1,-2.34E0,1.7E0));
#6798=CARTESIAN_POINT('',(2.403E1,-2.34E0,-1.7E0));
#6799=VERTEX_POINT('',#6797);
#6800=VERTEX_POINT('',#6798);
#6801=CARTESIAN_POINT('',(2.169E1,-2.34E0,-1.7E0));
#6802=CARTESIAN_POINT('',(2.169E1,-2.34E0,1.7E0));
#6803=VERTEX_POINT('',#6801);
#6804=VERTEX_POINT('',#6802);
#6805=CARTESIAN_POINT('',(2.1886875E1,-2.5E-1,2.075E0));
#6806=CARTESIAN_POINT('',(2.3833125E1,-2.5E-1,2.075E0));
#6807=VERTEX_POINT('',#6805);
#6808=VERTEX_POINT('',#6806);
#6809=CARTESIAN_POINT('',(2.1886875E1,-2.5E-1,-2.075E0));
#6810=CARTESIAN_POINT('',(2.3833125E1,-2.5E-1,-2.075E0));
#6811=VERTEX_POINT('',#6809);
#6812=VERTEX_POINT('',#6810);
#6813=CARTESIAN_POINT('',(1.37E0,-2.54E0,-1.7E0));
#6814=VERTEX_POINT('',#6813);
#6815=CARTESIAN_POINT('',(1.37E0,-2.54E0,1.7E0));
#6816=VERTEX_POINT('',#6815);
#6817=CARTESIAN_POINT('',(3.71E0,-2.54E0,1.7E0));
#6818=CARTESIAN_POINT('',(3.71E0,-2.54E0,-1.7E0));
#6819=VERTEX_POINT('',#6817);
#6820=VERTEX_POINT('',#6818);
#6821=CARTESIAN_POINT('',(3.513125E0,0.E0,2.075E0));
#6822=CARTESIAN_POINT('',(1.566875E0,0.E0,2.075E0));
#6823=VERTEX_POINT('',#6821);
#6824=VERTEX_POINT('',#6822);
#6825=CARTESIAN_POINT('',(3.513125E0,0.E0,-2.075E0));
#6826=CARTESIAN_POINT('',(1.566875E0,0.E0,-2.075E0));
#6827=VERTEX_POINT('',#6825);
#6828=VERTEX_POINT('',#6826);
#6829=CARTESIAN_POINT('',(3.71E0,-2.5E-1,-1.7E0));
#6830=VERTEX_POINT('',#6829);
#6831=CARTESIAN_POINT('',(3.71E0,-2.5E-1,1.7E0));
#6832=VERTEX_POINT('',#6831);
#6833=CARTESIAN_POINT('',(1.37E0,-2.5E-1,1.7E0));
#6834=VERTEX_POINT('',#6833);
#6835=CARTESIAN_POINT('',(1.37E0,-2.5E-1,-1.7E0));
#6836=VERTEX_POINT('',#6835);
#6837=CARTESIAN_POINT('',(2.86E0,-2.5E-1,-9.5E-1));
#6838=CARTESIAN_POINT('',(2.86E0,-2.5E-1,-1.59E0));
#6839=VERTEX_POINT('',#6837);
#6840=VERTEX_POINT('',#6838);
#6841=CARTESIAN_POINT('',(2.22E0,-2.5E-1,-1.59E0));
#6842=VERTEX_POINT('',#6841);
#6843=CARTESIAN_POINT('',(2.22E0,-2.5E-1,-9.5E-1));
#6844=VERTEX_POINT('',#6843);
#6845=CARTESIAN_POINT('',(2.86E0,-2.5E-1,1.59E0));
#6846=CARTESIAN_POINT('',(2.86E0,-2.5E-1,9.5E-1));
#6847=VERTEX_POINT('',#6845);
#6848=VERTEX_POINT('',#6846);
#6849=CARTESIAN_POINT('',(2.22E0,-2.5E-1,9.5E-1));
#6850=VERTEX_POINT('',#6849);
#6851=CARTESIAN_POINT('',(2.22E0,-2.5E-1,1.59E0));
#6852=VERTEX_POINT('',#6851);
#6853=CARTESIAN_POINT('',(3.91E0,-2.54E0,-1.7E0));
#6854=VERTEX_POINT('',#6853);
#6855=CARTESIAN_POINT('',(3.91E0,-2.54E0,1.7E0));
#6856=VERTEX_POINT('',#6855);
#6857=CARTESIAN_POINT('',(6.25E0,-2.54E0,1.7E0));
#6858=CARTESIAN_POINT('',(6.25E0,-2.54E0,-1.7E0));
#6859=VERTEX_POINT('',#6857);
#6860=VERTEX_POINT('',#6858);
#6861=CARTESIAN_POINT('',(6.053125E0,0.E0,2.075E0));
#6862=CARTESIAN_POINT('',(4.106875E0,0.E0,2.075E0));
#6863=VERTEX_POINT('',#6861);
#6864=VERTEX_POINT('',#6862);
#6865=CARTESIAN_POINT('',(6.053125E0,0.E0,-2.075E0));
#6866=CARTESIAN_POINT('',(4.106875E0,0.E0,-2.075E0));
#6867=VERTEX_POINT('',#6865);
#6868=VERTEX_POINT('',#6866);
#6869=CARTESIAN_POINT('',(6.25E0,-2.5E-1,-1.7E0));
#6870=VERTEX_POINT('',#6869);
#6871=CARTESIAN_POINT('',(6.25E0,-2.5E-1,1.7E0));
#6872=VERTEX_POINT('',#6871);
#6873=CARTESIAN_POINT('',(3.91E0,-2.5E-1,1.7E0));
#6874=VERTEX_POINT('',#6873);
#6875=CARTESIAN_POINT('',(3.91E0,-2.5E-1,-1.7E0));
#6876=VERTEX_POINT('',#6875);
#6877=CARTESIAN_POINT('',(5.4E0,-2.5E-1,-9.5E-1));
#6878=CARTESIAN_POINT('',(5.4E0,-2.5E-1,-1.59E0));
#6879=VERTEX_POINT('',#6877);
#6880=VERTEX_POINT('',#6878);
#6881=CARTESIAN_POINT('',(4.76E0,-2.5E-1,-1.59E0));
#6882=VERTEX_POINT('',#6881);
#6883=CARTESIAN_POINT('',(4.76E0,-2.5E-1,-9.5E-1));
#6884=VERTEX_POINT('',#6883);
#6885=CARTESIAN_POINT('',(5.4E0,-2.5E-1,1.59E0));
#6886=CARTESIAN_POINT('',(5.4E0,-2.5E-1,9.5E-1));
#6887=VERTEX_POINT('',#6885);
#6888=VERTEX_POINT('',#6886);
#6889=CARTESIAN_POINT('',(4.76E0,-2.5E-1,9.5E-1));
#6890=VERTEX_POINT('',#6889);
#6891=CARTESIAN_POINT('',(4.76E0,-2.5E-1,1.59E0));
#6892=VERTEX_POINT('',#6891);
#6893=CARTESIAN_POINT('',(6.45E0,-2.54E0,-1.7E0));
#6894=VERTEX_POINT('',#6893);
#6895=CARTESIAN_POINT('',(6.45E0,-2.54E0,1.7E0));
#6896=VERTEX_POINT('',#6895);
#6897=CARTESIAN_POINT('',(8.79E0,-2.54E0,1.7E0));
#6898=CARTESIAN_POINT('',(8.79E0,-2.54E0,-1.7E0));
#6899=VERTEX_POINT('',#6897);
#6900=VERTEX_POINT('',#6898);
#6901=CARTESIAN_POINT('',(8.593125E0,0.E0,2.075E0));
#6902=CARTESIAN_POINT('',(6.646875E0,0.E0,2.075E0));
#6903=VERTEX_POINT('',#6901);
#6904=VERTEX_POINT('',#6902);
#6905=CARTESIAN_POINT('',(8.593125E0,0.E0,-2.075E0));
#6906=CARTESIAN_POINT('',(6.646875E0,0.E0,-2.075E0));
#6907=VERTEX_POINT('',#6905);
#6908=VERTEX_POINT('',#6906);
#6909=CARTESIAN_POINT('',(8.79E0,-2.5E-1,-1.7E0));
#6910=VERTEX_POINT('',#6909);
#6911=CARTESIAN_POINT('',(8.79E0,-2.5E-1,1.7E0));
#6912=VERTEX_POINT('',#6911);
#6913=CARTESIAN_POINT('',(6.45E0,-2.5E-1,1.7E0));
#6914=VERTEX_POINT('',#6913);
#6915=CARTESIAN_POINT('',(6.45E0,-2.5E-1,-1.7E0));
#6916=VERTEX_POINT('',#6915);
#6917=CARTESIAN_POINT('',(7.94E0,-2.5E-1,-9.5E-1));
#6918=CARTESIAN_POINT('',(7.94E0,-2.5E-1,-1.59E0));
#6919=VERTEX_POINT('',#6917);
#6920=VERTEX_POINT('',#6918);
#6921=CARTESIAN_POINT('',(7.3E0,-2.5E-1,-1.59E0));
#6922=VERTEX_POINT('',#6921);
#6923=CARTESIAN_POINT('',(7.3E0,-2.5E-1,-9.5E-1));
#6924=VERTEX_POINT('',#6923);
#6925=CARTESIAN_POINT('',(7.94E0,-2.5E-1,1.59E0));
#6926=CARTESIAN_POINT('',(7.94E0,-2.5E-1,9.5E-1));
#6927=VERTEX_POINT('',#6925);
#6928=VERTEX_POINT('',#6926);
#6929=CARTESIAN_POINT('',(7.3E0,-2.5E-1,9.5E-1));
#6930=VERTEX_POINT('',#6929);
#6931=CARTESIAN_POINT('',(7.3E0,-2.5E-1,1.59E0));
#6932=VERTEX_POINT('',#6931);
#6933=CARTESIAN_POINT('',(8.99E0,-2.54E0,-1.7E0));
#6934=VERTEX_POINT('',#6933);
#6935=CARTESIAN_POINT('',(8.99E0,-2.54E0,1.7E0));
#6936=VERTEX_POINT('',#6935);
#6937=CARTESIAN_POINT('',(1.133E1,-2.54E0,1.7E0));
#6938=CARTESIAN_POINT('',(1.133E1,-2.54E0,-1.7E0));
#6939=VERTEX_POINT('',#6937);
#6940=VERTEX_POINT('',#6938);
#6941=CARTESIAN_POINT('',(1.1133125E1,0.E0,2.075E0));
#6942=CARTESIAN_POINT('',(9.186875E0,0.E0,2.075E0));
#6943=VERTEX_POINT('',#6941);
#6944=VERTEX_POINT('',#6942);
#6945=CARTESIAN_POINT('',(1.1133125E1,0.E0,-2.075E0));
#6946=CARTESIAN_POINT('',(9.186875E0,0.E0,-2.075E0));
#6947=VERTEX_POINT('',#6945);
#6948=VERTEX_POINT('',#6946);
#6949=CARTESIAN_POINT('',(1.133E1,-2.5E-1,-1.7E0));
#6950=VERTEX_POINT('',#6949);
#6951=CARTESIAN_POINT('',(1.133E1,-2.5E-1,1.7E0));
#6952=VERTEX_POINT('',#6951);
#6953=CARTESIAN_POINT('',(8.99E0,-2.5E-1,1.7E0));
#6954=VERTEX_POINT('',#6953);
#6955=CARTESIAN_POINT('',(8.99E0,-2.5E-1,-1.7E0));
#6956=VERTEX_POINT('',#6955);
#6957=CARTESIAN_POINT('',(1.048E1,-2.5E-1,-9.5E-1));
#6958=CARTESIAN_POINT('',(1.048E1,-2.5E-1,-1.59E0));
#6959=VERTEX_POINT('',#6957);
#6960=VERTEX_POINT('',#6958);
#6961=CARTESIAN_POINT('',(9.84E0,-2.5E-1,-1.59E0));
#6962=VERTEX_POINT('',#6961);
#6963=CARTESIAN_POINT('',(9.84E0,-2.5E-1,-9.5E-1));
#6964=VERTEX_POINT('',#6963);
#6965=CARTESIAN_POINT('',(1.048E1,-2.5E-1,1.59E0));
#6966=CARTESIAN_POINT('',(1.048E1,-2.5E-1,9.5E-1));
#6967=VERTEX_POINT('',#6965);
#6968=VERTEX_POINT('',#6966);
#6969=CARTESIAN_POINT('',(9.84E0,-2.5E-1,9.5E-1));
#6970=VERTEX_POINT('',#6969);
#6971=CARTESIAN_POINT('',(9.84E0,-2.5E-1,1.59E0));
#6972=VERTEX_POINT('',#6971);
#6973=CARTESIAN_POINT('',(1.153E1,-2.54E0,-1.7E0));
#6974=VERTEX_POINT('',#6973);
#6975=CARTESIAN_POINT('',(1.153E1,-2.54E0,1.7E0));
#6976=VERTEX_POINT('',#6975);
#6977=CARTESIAN_POINT('',(1.387E1,-2.54E0,1.7E0));
#6978=CARTESIAN_POINT('',(1.387E1,-2.54E0,-1.7E0));
#6979=VERTEX_POINT('',#6977);
#6980=VERTEX_POINT('',#6978);
#6981=CARTESIAN_POINT('',(1.3673125E1,0.E0,2.075E0));
#6982=CARTESIAN_POINT('',(1.1726875E1,0.E0,2.075E0));
#6983=VERTEX_POINT('',#6981);
#6984=VERTEX_POINT('',#6982);
#6985=CARTESIAN_POINT('',(1.3673125E1,0.E0,-2.075E0));
#6986=CARTESIAN_POINT('',(1.1726875E1,0.E0,-2.075E0));
#6987=VERTEX_POINT('',#6985);
#6988=VERTEX_POINT('',#6986);
#6989=CARTESIAN_POINT('',(1.387E1,-2.5E-1,-1.7E0));
#6990=VERTEX_POINT('',#6989);
#6991=CARTESIAN_POINT('',(1.387E1,-2.5E-1,1.7E0));
#6992=VERTEX_POINT('',#6991);
#6993=CARTESIAN_POINT('',(1.153E1,-2.5E-1,1.7E0));
#6994=VERTEX_POINT('',#6993);
#6995=CARTESIAN_POINT('',(1.153E1,-2.5E-1,-1.7E0));
#6996=VERTEX_POINT('',#6995);
#6997=CARTESIAN_POINT('',(1.302E1,-2.5E-1,-9.5E-1));
#6998=CARTESIAN_POINT('',(1.302E1,-2.5E-1,-1.59E0));
#6999=VERTEX_POINT('',#6997);
#7000=VERTEX_POINT('',#6998);
#7001=CARTESIAN_POINT('',(1.238E1,-2.5E-1,-1.59E0));
#7002=VERTEX_POINT('',#7001);
#7003=CARTESIAN_POINT('',(1.238E1,-2.5E-1,-9.5E-1));
#7004=VERTEX_POINT('',#7003);
#7005=CARTESIAN_POINT('',(1.302E1,-2.5E-1,1.59E0));
#7006=CARTESIAN_POINT('',(1.302E1,-2.5E-1,9.5E-1));
#7007=VERTEX_POINT('',#7005);
#7008=VERTEX_POINT('',#7006);
#7009=CARTESIAN_POINT('',(1.238E1,-2.5E-1,9.5E-1));
#7010=VERTEX_POINT('',#7009);
#7011=CARTESIAN_POINT('',(1.238E1,-2.5E-1,1.59E0));
#7012=VERTEX_POINT('',#7011);
#7013=CARTESIAN_POINT('',(1.407E1,-2.54E0,-1.7E0));
#7014=VERTEX_POINT('',#7013);
#7015=CARTESIAN_POINT('',(1.407E1,-2.54E0,1.7E0));
#7016=VERTEX_POINT('',#7015);
#7017=CARTESIAN_POINT('',(1.641E1,-2.54E0,1.7E0));
#7018=CARTESIAN_POINT('',(1.641E1,-2.54E0,-1.7E0));
#7019=VERTEX_POINT('',#7017);
#7020=VERTEX_POINT('',#7018);
#7021=CARTESIAN_POINT('',(1.6213125E1,0.E0,2.075E0));
#7022=CARTESIAN_POINT('',(1.4266875E1,0.E0,2.075E0));
#7023=VERTEX_POINT('',#7021);
#7024=VERTEX_POINT('',#7022);
#7025=CARTESIAN_POINT('',(1.6213125E1,0.E0,-2.075E0));
#7026=CARTESIAN_POINT('',(1.4266875E1,0.E0,-2.075E0));
#7027=VERTEX_POINT('',#7025);
#7028=VERTEX_POINT('',#7026);
#7029=CARTESIAN_POINT('',(1.641E1,-2.5E-1,-1.7E0));
#7030=VERTEX_POINT('',#7029);
#7031=CARTESIAN_POINT('',(1.641E1,-2.5E-1,1.7E0));
#7032=VERTEX_POINT('',#7031);
#7033=CARTESIAN_POINT('',(1.407E1,-2.5E-1,1.7E0));
#7034=VERTEX_POINT('',#7033);
#7035=CARTESIAN_POINT('',(1.407E1,-2.5E-1,-1.7E0));
#7036=VERTEX_POINT('',#7035);
#7037=CARTESIAN_POINT('',(1.556E1,-2.5E-1,-9.5E-1));
#7038=CARTESIAN_POINT('',(1.556E1,-2.5E-1,-1.59E0));
#7039=VERTEX_POINT('',#7037);
#7040=VERTEX_POINT('',#7038);
#7041=CARTESIAN_POINT('',(1.492E1,-2.5E-1,-1.59E0));
#7042=VERTEX_POINT('',#7041);
#7043=CARTESIAN_POINT('',(1.492E1,-2.5E-1,-9.5E-1));
#7044=VERTEX_POINT('',#7043);
#7045=CARTESIAN_POINT('',(1.556E1,-2.5E-1,1.59E0));
#7046=CARTESIAN_POINT('',(1.556E1,-2.5E-1,9.5E-1));
#7047=VERTEX_POINT('',#7045);
#7048=VERTEX_POINT('',#7046);
#7049=CARTESIAN_POINT('',(1.492E1,-2.5E-1,9.5E-1));
#7050=VERTEX_POINT('',#7049);
#7051=CARTESIAN_POINT('',(1.492E1,-2.5E-1,1.59E0));
#7052=VERTEX_POINT('',#7051);
#7053=CARTESIAN_POINT('',(1.661E1,-2.54E0,-1.7E0));
#7054=VERTEX_POINT('',#7053);
#7055=CARTESIAN_POINT('',(1.661E1,-2.54E0,1.7E0));
#7056=VERTEX_POINT('',#7055);
#7057=CARTESIAN_POINT('',(1.895E1,-2.54E0,1.7E0));
#7058=CARTESIAN_POINT('',(1.895E1,-2.54E0,-1.7E0));
#7059=VERTEX_POINT('',#7057);
#7060=VERTEX_POINT('',#7058);
#7061=CARTESIAN_POINT('',(1.8753125E1,0.E0,2.075E0));
#7062=CARTESIAN_POINT('',(1.6806875E1,0.E0,2.075E0));
#7063=VERTEX_POINT('',#7061);
#7064=VERTEX_POINT('',#7062);
#7065=CARTESIAN_POINT('',(1.8753125E1,0.E0,-2.075E0));
#7066=CARTESIAN_POINT('',(1.6806875E1,0.E0,-2.075E0));
#7067=VERTEX_POINT('',#7065);
#7068=VERTEX_POINT('',#7066);
#7069=CARTESIAN_POINT('',(1.895E1,-2.5E-1,-1.7E0));
#7070=VERTEX_POINT('',#7069);
#7071=CARTESIAN_POINT('',(1.895E1,-2.5E-1,1.7E0));
#7072=VERTEX_POINT('',#7071);
#7073=CARTESIAN_POINT('',(1.661E1,-2.5E-1,1.7E0));
#7074=VERTEX_POINT('',#7073);
#7075=CARTESIAN_POINT('',(1.661E1,-2.5E-1,-1.7E0));
#7076=VERTEX_POINT('',#7075);
#7077=CARTESIAN_POINT('',(1.81E1,-2.5E-1,-9.5E-1));
#7078=CARTESIAN_POINT('',(1.81E1,-2.5E-1,-1.59E0));
#7079=VERTEX_POINT('',#7077);
#7080=VERTEX_POINT('',#7078);
#7081=CARTESIAN_POINT('',(1.746E1,-2.5E-1,-1.59E0));
#7082=VERTEX_POINT('',#7081);
#7083=CARTESIAN_POINT('',(1.746E1,-2.5E-1,-9.5E-1));
#7084=VERTEX_POINT('',#7083);
#7085=CARTESIAN_POINT('',(1.81E1,-2.5E-1,1.59E0));
#7086=CARTESIAN_POINT('',(1.81E1,-2.5E-1,9.5E-1));
#7087=VERTEX_POINT('',#7085);
#7088=VERTEX_POINT('',#7086);
#7089=CARTESIAN_POINT('',(1.746E1,-2.5E-1,9.5E-1));
#7090=VERTEX_POINT('',#7089);
#7091=CARTESIAN_POINT('',(1.746E1,-2.5E-1,1.59E0));
#7092=VERTEX_POINT('',#7091);
#7093=CARTESIAN_POINT('',(1.915E1,-2.54E0,-1.7E0));
#7094=VERTEX_POINT('',#7093);
#7095=CARTESIAN_POINT('',(1.915E1,-2.54E0,1.7E0));
#7096=VERTEX_POINT('',#7095);
#7097=CARTESIAN_POINT('',(2.149E1,-2.54E0,1.7E0));
#7098=CARTESIAN_POINT('',(2.149E1,-2.54E0,-1.7E0));
#7099=VERTEX_POINT('',#7097);
#7100=VERTEX_POINT('',#7098);
#7101=CARTESIAN_POINT('',(2.1293125E1,0.E0,2.075E0));
#7102=CARTESIAN_POINT('',(1.9346875E1,0.E0,2.075E0));
#7103=VERTEX_POINT('',#7101);
#7104=VERTEX_POINT('',#7102);
#7105=CARTESIAN_POINT('',(2.1293125E1,0.E0,-2.075E0));
#7106=CARTESIAN_POINT('',(1.9346875E1,0.E0,-2.075E0));
#7107=VERTEX_POINT('',#7105);
#7108=VERTEX_POINT('',#7106);
#7109=CARTESIAN_POINT('',(2.149E1,-2.5E-1,-1.7E0));
#7110=VERTEX_POINT('',#7109);
#7111=CARTESIAN_POINT('',(2.149E1,-2.5E-1,1.7E0));
#7112=VERTEX_POINT('',#7111);
#7113=CARTESIAN_POINT('',(1.915E1,-2.5E-1,1.7E0));
#7114=VERTEX_POINT('',#7113);
#7115=CARTESIAN_POINT('',(1.915E1,-2.5E-1,-1.7E0));
#7116=VERTEX_POINT('',#7115);
#7117=CARTESIAN_POINT('',(2.064E1,-2.5E-1,-9.5E-1));
#7118=CARTESIAN_POINT('',(2.064E1,-2.5E-1,-1.59E0));
#7119=VERTEX_POINT('',#7117);
#7120=VERTEX_POINT('',#7118);
#7121=CARTESIAN_POINT('',(2.E1,-2.5E-1,-1.59E0));
#7122=VERTEX_POINT('',#7121);
#7123=CARTESIAN_POINT('',(2.E1,-2.5E-1,-9.5E-1));
#7124=VERTEX_POINT('',#7123);
#7125=CARTESIAN_POINT('',(2.064E1,-2.5E-1,1.59E0));
#7126=CARTESIAN_POINT('',(2.064E1,-2.5E-1,9.5E-1));
#7127=VERTEX_POINT('',#7125);
#7128=VERTEX_POINT('',#7126);
#7129=CARTESIAN_POINT('',(2.E1,-2.5E-1,9.5E-1));
#7130=VERTEX_POINT('',#7129);
#7131=CARTESIAN_POINT('',(2.E1,-2.5E-1,1.59E0));
#7132=VERTEX_POINT('',#7131);
#7133=CARTESIAN_POINT('',(2.169E1,-2.54E0,-1.7E0));
#7134=VERTEX_POINT('',#7133);
#7135=CARTESIAN_POINT('',(2.169E1,-2.54E0,1.7E0));
#7136=VERTEX_POINT('',#7135);
#7137=CARTESIAN_POINT('',(2.403E1,-2.54E0,1.7E0));
#7138=CARTESIAN_POINT('',(2.403E1,-2.54E0,-1.7E0));
#7139=VERTEX_POINT('',#7137);
#7140=VERTEX_POINT('',#7138);
#7141=CARTESIAN_POINT('',(2.3833125E1,0.E0,2.075E0));
#7142=CARTESIAN_POINT('',(2.1886875E1,0.E0,2.075E0));
#7143=VERTEX_POINT('',#7141);
#7144=VERTEX_POINT('',#7142);
#7145=CARTESIAN_POINT('',(2.3833125E1,0.E0,-2.075E0));
#7146=CARTESIAN_POINT('',(2.1886875E1,0.E0,-2.075E0));
#7147=VERTEX_POINT('',#7145);
#7148=VERTEX_POINT('',#7146);
#7149=CARTESIAN_POINT('',(2.403E1,-2.5E-1,-1.7E0));
#7150=VERTEX_POINT('',#7149);
#7151=CARTESIAN_POINT('',(2.403E1,-2.5E-1,1.7E0));
#7152=VERTEX_POINT('',#7151);
#7153=CARTESIAN_POINT('',(2.169E1,-2.5E-1,1.7E0));
#7154=VERTEX_POINT('',#7153);
#7155=CARTESIAN_POINT('',(2.169E1,-2.5E-1,-1.7E0));
#7156=VERTEX_POINT('',#7155);
#7157=CARTESIAN_POINT('',(2.318E1,-2.5E-1,-9.5E-1));
#7158=CARTESIAN_POINT('',(2.318E1,-2.5E-1,-1.59E0));
#7159=VERTEX_POINT('',#7157);
#7160=VERTEX_POINT('',#7158);
#7161=CARTESIAN_POINT('',(2.254E1,-2.5E-1,-1.59E0));
#7162=VERTEX_POINT('',#7161);
#7163=CARTESIAN_POINT('',(2.254E1,-2.5E-1,-9.5E-1));
#7164=VERTEX_POINT('',#7163);
#7165=CARTESIAN_POINT('',(2.318E1,-2.5E-1,1.59E0));
#7166=CARTESIAN_POINT('',(2.318E1,-2.5E-1,9.5E-1));
#7167=VERTEX_POINT('',#7165);
#7168=VERTEX_POINT('',#7166);
#7169=CARTESIAN_POINT('',(2.254E1,-2.5E-1,9.5E-1));
#7170=VERTEX_POINT('',#7169);
#7171=CARTESIAN_POINT('',(2.254E1,-2.5E-1,1.59E0));
#7172=VERTEX_POINT('',#7171);
#7173=CARTESIAN_POINT('',(2.615E1,0.E0,2.5E0));
#7174=CARTESIAN_POINT('',(2.465E1,0.E0,2.5E0));
#7175=VERTEX_POINT('',#7173);
#7176=VERTEX_POINT('',#7174);
#7177=CARTESIAN_POINT('',(2.465E1,0.E0,-2.5E0));
#7178=CARTESIAN_POINT('',(2.615E1,0.E0,-2.5E0));
#7179=VERTEX_POINT('',#7177);
#7180=VERTEX_POINT('',#7178);
#7181=CARTESIAN_POINT('',(2.615E1,-2.54E0,2.5E0));
#7182=CARTESIAN_POINT('',(2.465E1,-2.54E0,2.5E0));
#7183=VERTEX_POINT('',#7181);
#7184=VERTEX_POINT('',#7182);
#7185=CARTESIAN_POINT('',(2.465E1,-2.54E0,-2.5E0));
#7186=CARTESIAN_POINT('',(2.615E1,-2.54E0,-2.5E0));
#7187=VERTEX_POINT('',#7185);
#7188=VERTEX_POINT('',#7186);
#7189=CARTESIAN_POINT('',(2.572E1,-2.54E0,-9.5E-1));
#7190=CARTESIAN_POINT('',(2.572E1,-2.54E0,-1.59E0));
#7191=VERTEX_POINT('',#7189);
#7192=VERTEX_POINT('',#7190);
#7193=CARTESIAN_POINT('',(2.508E1,-2.54E0,-1.59E0));
#7194=VERTEX_POINT('',#7193);
#7195=CARTESIAN_POINT('',(2.508E1,-2.54E0,-9.5E-1));
#7196=VERTEX_POINT('',#7195);
#7197=CARTESIAN_POINT('',(2.572E1,-2.54E0,1.59E0));
#7198=CARTESIAN_POINT('',(2.572E1,-2.54E0,9.5E-1));
#7199=VERTEX_POINT('',#7197);
#7200=VERTEX_POINT('',#7198);
#7201=CARTESIAN_POINT('',(2.508E1,-2.54E0,9.5E-1));
#7202=VERTEX_POINT('',#7201);
#7203=CARTESIAN_POINT('',(2.508E1,-2.54E0,1.59E0));
#7204=VERTEX_POINT('',#7203);
#7205=CARTESIAN_POINT('',(2.657E1,-2.34E0,1.7E0));
#7206=CARTESIAN_POINT('',(2.657E1,-2.34E0,-1.7E0));
#7207=VERTEX_POINT('',#7205);
#7208=VERTEX_POINT('',#7206);
#7209=CARTESIAN_POINT('',(2.423E1,-2.34E0,-1.7E0));
#7210=CARTESIAN_POINT('',(2.423E1,-2.34E0,1.7E0));
#7211=VERTEX_POINT('',#7209);
#7212=VERTEX_POINT('',#7210);
#7213=CARTESIAN_POINT('',(2.4426875E1,-2.5E-1,2.075E0));
#7214=CARTESIAN_POINT('',(2.6373125E1,-2.5E-1,2.075E0));
#7215=VERTEX_POINT('',#7213);
#7216=VERTEX_POINT('',#7214);
#7217=CARTESIAN_POINT('',(2.4426875E1,-2.5E-1,-2.075E0));
#7218=CARTESIAN_POINT('',(2.6373125E1,-2.5E-1,-2.075E0));
#7219=VERTEX_POINT('',#7217);
#7220=VERTEX_POINT('',#7218);
#7221=CARTESIAN_POINT('',(2.869E1,0.E0,2.5E0));
#7222=CARTESIAN_POINT('',(2.719E1,0.E0,2.5E0));
#7223=VERTEX_POINT('',#7221);
#7224=VERTEX_POINT('',#7222);
#7225=CARTESIAN_POINT('',(2.719E1,0.E0,-2.5E0));
#7226=CARTESIAN_POINT('',(2.869E1,0.E0,-2.5E0));
#7227=VERTEX_POINT('',#7225);
#7228=VERTEX_POINT('',#7226);
#7229=CARTESIAN_POINT('',(2.869E1,-2.54E0,2.5E0));
#7230=CARTESIAN_POINT('',(2.719E1,-2.54E0,2.5E0));
#7231=VERTEX_POINT('',#7229);
#7232=VERTEX_POINT('',#7230);
#7233=CARTESIAN_POINT('',(2.719E1,-2.54E0,-2.5E0));
#7234=CARTESIAN_POINT('',(2.869E1,-2.54E0,-2.5E0));
#7235=VERTEX_POINT('',#7233);
#7236=VERTEX_POINT('',#7234);
#7237=CARTESIAN_POINT('',(2.826E1,-2.54E0,-9.5E-1));
#7238=CARTESIAN_POINT('',(2.826E1,-2.54E0,-1.59E0));
#7239=VERTEX_POINT('',#7237);
#7240=VERTEX_POINT('',#7238);
#7241=CARTESIAN_POINT('',(2.762E1,-2.54E0,-1.59E0));
#7242=VERTEX_POINT('',#7241);
#7243=CARTESIAN_POINT('',(2.762E1,-2.54E0,-9.5E-1));
#7244=VERTEX_POINT('',#7243);
#7245=CARTESIAN_POINT('',(2.826E1,-2.54E0,1.59E0));
#7246=CARTESIAN_POINT('',(2.826E1,-2.54E0,9.5E-1));
#7247=VERTEX_POINT('',#7245);
#7248=VERTEX_POINT('',#7246);
#7249=CARTESIAN_POINT('',(2.762E1,-2.54E0,9.5E-1));
#7250=VERTEX_POINT('',#7249);
#7251=CARTESIAN_POINT('',(2.762E1,-2.54E0,1.59E0));
#7252=VERTEX_POINT('',#7251);
#7253=CARTESIAN_POINT('',(2.911E1,-2.34E0,1.7E0));
#7254=CARTESIAN_POINT('',(2.911E1,-2.34E0,-1.7E0));
#7255=VERTEX_POINT('',#7253);
#7256=VERTEX_POINT('',#7254);
#7257=CARTESIAN_POINT('',(2.677E1,-2.34E0,-1.7E0));
#7258=CARTESIAN_POINT('',(2.677E1,-2.34E0,1.7E0));
#7259=VERTEX_POINT('',#7257);
#7260=VERTEX_POINT('',#7258);
#7261=CARTESIAN_POINT('',(2.6966875E1,-2.5E-1,2.075E0));
#7262=CARTESIAN_POINT('',(2.8913125E1,-2.5E-1,2.075E0));
#7263=VERTEX_POINT('',#7261);
#7264=VERTEX_POINT('',#7262);
#7265=CARTESIAN_POINT('',(2.6966875E1,-2.5E-1,-2.075E0));
#7266=CARTESIAN_POINT('',(2.8913125E1,-2.5E-1,-2.075E0));
#7267=VERTEX_POINT('',#7265);
#7268=VERTEX_POINT('',#7266);
#7269=CARTESIAN_POINT('',(3.123E1,0.E0,2.5E0));
#7270=CARTESIAN_POINT('',(2.973E1,0.E0,2.5E0));
#7271=VERTEX_POINT('',#7269);
#7272=VERTEX_POINT('',#7270);
#7273=CARTESIAN_POINT('',(2.973E1,0.E0,-2.5E0));
#7274=CARTESIAN_POINT('',(3.123E1,0.E0,-2.5E0));
#7275=VERTEX_POINT('',#7273);
#7276=VERTEX_POINT('',#7274);
#7277=CARTESIAN_POINT('',(3.123E1,-2.54E0,2.5E0));
#7278=CARTESIAN_POINT('',(2.973E1,-2.54E0,2.5E0));
#7279=VERTEX_POINT('',#7277);
#7280=VERTEX_POINT('',#7278);
#7281=CARTESIAN_POINT('',(2.973E1,-2.54E0,-2.5E0));
#7282=CARTESIAN_POINT('',(3.123E1,-2.54E0,-2.5E0));
#7283=VERTEX_POINT('',#7281);
#7284=VERTEX_POINT('',#7282);
#7285=CARTESIAN_POINT('',(3.08E1,-2.54E0,-9.5E-1));
#7286=CARTESIAN_POINT('',(3.08E1,-2.54E0,-1.59E0));
#7287=VERTEX_POINT('',#7285);
#7288=VERTEX_POINT('',#7286);
#7289=CARTESIAN_POINT('',(3.016E1,-2.54E0,-1.59E0));
#7290=VERTEX_POINT('',#7289);
#7291=CARTESIAN_POINT('',(3.016E1,-2.54E0,-9.5E-1));
#7292=VERTEX_POINT('',#7291);
#7293=CARTESIAN_POINT('',(3.08E1,-2.54E0,1.59E0));
#7294=CARTESIAN_POINT('',(3.08E1,-2.54E0,9.5E-1));
#7295=VERTEX_POINT('',#7293);
#7296=VERTEX_POINT('',#7294);
#7297=CARTESIAN_POINT('',(3.016E1,-2.54E0,9.5E-1));
#7298=VERTEX_POINT('',#7297);
#7299=CARTESIAN_POINT('',(3.016E1,-2.54E0,1.59E0));
#7300=VERTEX_POINT('',#7299);
#7301=CARTESIAN_POINT('',(3.165E1,-2.34E0,1.7E0));
#7302=CARTESIAN_POINT('',(3.165E1,-2.34E0,-1.7E0));
#7303=VERTEX_POINT('',#7301);
#7304=VERTEX_POINT('',#7302);
#7305=CARTESIAN_POINT('',(2.931E1,-2.34E0,-1.7E0));
#7306=CARTESIAN_POINT('',(2.931E1,-2.34E0,1.7E0));
#7307=VERTEX_POINT('',#7305);
#7308=VERTEX_POINT('',#7306);
#7309=CARTESIAN_POINT('',(2.9506875E1,-2.5E-1,2.075E0));
#7310=CARTESIAN_POINT('',(3.1453125E1,-2.5E-1,2.075E0));
#7311=VERTEX_POINT('',#7309);
#7312=VERTEX_POINT('',#7310);
#7313=CARTESIAN_POINT('',(2.9506875E1,-2.5E-1,-2.075E0));
#7314=CARTESIAN_POINT('',(3.1453125E1,-2.5E-1,-2.075E0));
#7315=VERTEX_POINT('',#7313);
#7316=VERTEX_POINT('',#7314);
#7317=CARTESIAN_POINT('',(2.423E1,-2.54E0,-1.7E0));
#7318=VERTEX_POINT('',#7317);
#7319=CARTESIAN_POINT('',(2.423E1,-2.54E0,1.7E0));
#7320=VERTEX_POINT('',#7319);
#7321=CARTESIAN_POINT('',(2.657E1,-2.54E0,1.7E0));
#7322=CARTESIAN_POINT('',(2.657E1,-2.54E0,-1.7E0));
#7323=VERTEX_POINT('',#7321);
#7324=VERTEX_POINT('',#7322);
#7325=CARTESIAN_POINT('',(2.6373125E1,0.E0,2.075E0));
#7326=CARTESIAN_POINT('',(2.4426875E1,0.E0,2.075E0));
#7327=VERTEX_POINT('',#7325);
#7328=VERTEX_POINT('',#7326);
#7329=CARTESIAN_POINT('',(2.6373125E1,0.E0,-2.075E0));
#7330=CARTESIAN_POINT('',(2.4426875E1,0.E0,-2.075E0));
#7331=VERTEX_POINT('',#7329);
#7332=VERTEX_POINT('',#7330);
#7333=CARTESIAN_POINT('',(2.657E1,-2.5E-1,-1.7E0));
#7334=VERTEX_POINT('',#7333);
#7335=CARTESIAN_POINT('',(2.657E1,-2.5E-1,1.7E0));
#7336=VERTEX_POINT('',#7335);
#7337=CARTESIAN_POINT('',(2.423E1,-2.5E-1,1.7E0));
#7338=VERTEX_POINT('',#7337);
#7339=CARTESIAN_POINT('',(2.423E1,-2.5E-1,-1.7E0));
#7340=VERTEX_POINT('',#7339);
#7341=CARTESIAN_POINT('',(2.572E1,-2.5E-1,-9.5E-1));
#7342=CARTESIAN_POINT('',(2.572E1,-2.5E-1,-1.59E0));
#7343=VERTEX_POINT('',#7341);
#7344=VERTEX_POINT('',#7342);
#7345=CARTESIAN_POINT('',(2.508E1,-2.5E-1,-1.59E0));
#7346=VERTEX_POINT('',#7345);
#7347=CARTESIAN_POINT('',(2.508E1,-2.5E-1,-9.5E-1));
#7348=VERTEX_POINT('',#7347);
#7349=CARTESIAN_POINT('',(2.572E1,-2.5E-1,1.59E0));
#7350=CARTESIAN_POINT('',(2.572E1,-2.5E-1,9.5E-1));
#7351=VERTEX_POINT('',#7349);
#7352=VERTEX_POINT('',#7350);
#7353=CARTESIAN_POINT('',(2.508E1,-2.5E-1,9.5E-1));
#7354=VERTEX_POINT('',#7353);
#7355=CARTESIAN_POINT('',(2.508E1,-2.5E-1,1.59E0));
#7356=VERTEX_POINT('',#7355);
#7357=CARTESIAN_POINT('',(2.677E1,-2.54E0,-1.7E0));
#7358=VERTEX_POINT('',#7357);
#7359=CARTESIAN_POINT('',(2.677E1,-2.54E0,1.7E0));
#7360=VERTEX_POINT('',#7359);
#7361=CARTESIAN_POINT('',(2.911E1,-2.54E0,1.7E0));
#7362=CARTESIAN_POINT('',(2.911E1,-2.54E0,-1.7E0));
#7363=VERTEX_POINT('',#7361);
#7364=VERTEX_POINT('',#7362);
#7365=CARTESIAN_POINT('',(2.8913125E1,0.E0,2.075E0));
#7366=CARTESIAN_POINT('',(2.6966875E1,0.E0,2.075E0));
#7367=VERTEX_POINT('',#7365);
#7368=VERTEX_POINT('',#7366);
#7369=CARTESIAN_POINT('',(2.8913125E1,0.E0,-2.075E0));
#7370=CARTESIAN_POINT('',(2.6966875E1,0.E0,-2.075E0));
#7371=VERTEX_POINT('',#7369);
#7372=VERTEX_POINT('',#7370);
#7373=CARTESIAN_POINT('',(2.911E1,-2.5E-1,-1.7E0));
#7374=VERTEX_POINT('',#7373);
#7375=CARTESIAN_POINT('',(2.911E1,-2.5E-1,1.7E0));
#7376=VERTEX_POINT('',#7375);
#7377=CARTESIAN_POINT('',(2.677E1,-2.5E-1,1.7E0));
#7378=VERTEX_POINT('',#7377);
#7379=CARTESIAN_POINT('',(2.677E1,-2.5E-1,-1.7E0));
#7380=VERTEX_POINT('',#7379);
#7381=CARTESIAN_POINT('',(2.826E1,-2.5E-1,-9.5E-1));
#7382=CARTESIAN_POINT('',(2.826E1,-2.5E-1,-1.59E0));
#7383=VERTEX_POINT('',#7381);
#7384=VERTEX_POINT('',#7382);
#7385=CARTESIAN_POINT('',(2.762E1,-2.5E-1,-1.59E0));
#7386=VERTEX_POINT('',#7385);
#7387=CARTESIAN_POINT('',(2.762E1,-2.5E-1,-9.5E-1));
#7388=VERTEX_POINT('',#7387);
#7389=CARTESIAN_POINT('',(2.826E1,-2.5E-1,1.59E0));
#7390=CARTESIAN_POINT('',(2.826E1,-2.5E-1,9.5E-1));
#7391=VERTEX_POINT('',#7389);
#7392=VERTEX_POINT('',#7390);
#7393=CARTESIAN_POINT('',(2.762E1,-2.5E-1,9.5E-1));
#7394=VERTEX_POINT('',#7393);
#7395=CARTESIAN_POINT('',(2.762E1,-2.5E-1,1.59E0));
#7396=VERTEX_POINT('',#7395);
#7397=CARTESIAN_POINT('',(2.931E1,-2.54E0,-1.7E0));
#7398=VERTEX_POINT('',#7397);
#7399=CARTESIAN_POINT('',(2.931E1,-2.54E0,1.7E0));
#7400=VERTEX_POINT('',#7399);
#7401=CARTESIAN_POINT('',(3.165E1,-2.54E0,1.7E0));
#7402=CARTESIAN_POINT('',(3.165E1,-2.54E0,-1.7E0));
#7403=VERTEX_POINT('',#7401);
#7404=VERTEX_POINT('',#7402);
#7405=CARTESIAN_POINT('',(3.175E1,-2.34E0,-1.7E0));
#7406=CARTESIAN_POINT('',(3.175E1,-2.34E0,1.7E0));
#7407=VERTEX_POINT('',#7405);
#7408=VERTEX_POINT('',#7406);
#7409=CARTESIAN_POINT('',(3.1453125E1,0.E0,2.075E0));
#7410=CARTESIAN_POINT('',(2.9506875E1,0.E0,2.075E0));
#7411=VERTEX_POINT('',#7409);
#7412=VERTEX_POINT('',#7410);
#7413=CARTESIAN_POINT('',(3.1453125E1,0.E0,-2.075E0));
#7414=CARTESIAN_POINT('',(2.9506875E1,0.E0,-2.075E0));
#7415=VERTEX_POINT('',#7413);
#7416=VERTEX_POINT('',#7414);
#7417=CARTESIAN_POINT('',(3.175E1,-2.5E-1,-1.7E0));
#7418=CARTESIAN_POINT('',(3.175E1,-2.5E-1,1.7E0));
#7419=VERTEX_POINT('',#7417);
#7420=VERTEX_POINT('',#7418);
#7421=CARTESIAN_POINT('',(3.165E1,-2.5E-1,-1.7E0));
#7422=VERTEX_POINT('',#7421);
#7423=CARTESIAN_POINT('',(3.165E1,-2.5E-1,1.7E0));
#7424=VERTEX_POINT('',#7423);
#7425=CARTESIAN_POINT('',(2.931E1,-2.5E-1,1.7E0));
#7426=VERTEX_POINT('',#7425);
#7427=CARTESIAN_POINT('',(2.931E1,-2.5E-1,-1.7E0));
#7428=VERTEX_POINT('',#7427);
#7429=CARTESIAN_POINT('',(3.08E1,-2.5E-1,-9.5E-1));
#7430=CARTESIAN_POINT('',(3.08E1,-2.5E-1,-1.59E0));
#7431=VERTEX_POINT('',#7429);
#7432=VERTEX_POINT('',#7430);
#7433=CARTESIAN_POINT('',(3.016E1,-2.5E-1,-1.59E0));
#7434=VERTEX_POINT('',#7433);
#7435=CARTESIAN_POINT('',(3.016E1,-2.5E-1,-9.5E-1));
#7436=VERTEX_POINT('',#7435);
#7437=CARTESIAN_POINT('',(3.08E1,-2.5E-1,1.59E0));
#7438=CARTESIAN_POINT('',(3.08E1,-2.5E-1,9.5E-1));
#7439=VERTEX_POINT('',#7437);
#7440=VERTEX_POINT('',#7438);
#7441=CARTESIAN_POINT('',(3.016E1,-2.5E-1,9.5E-1));
#7442=VERTEX_POINT('',#7441);
#7443=CARTESIAN_POINT('',(3.016E1,-2.5E-1,1.59E0));
#7444=VERTEX_POINT('',#7443);
#7445=CARTESIAN_POINT('',(0.E0,0.E0,0.E0));
#7446=DIRECTION('',(0.E0,-1.E0,0.E0));
#7447=DIRECTION('',(-1.E0,0.E0,0.E0));
#7448=AXIS2_PLACEMENT_3D('',#7445,#7446,#7447);
#7449=PLANE('',#7448);
#7451=ORIENTED_EDGE('',*,*,#7450,.F.);
#7453=ORIENTED_EDGE('',*,*,#7452,.T.);
#7455=ORIENTED_EDGE('',*,*,#7454,.T.);
#7457=ORIENTED_EDGE('',*,*,#7456,.T.);
#7458=EDGE_LOOP('',(#7451,#7453,#7455,#7457));
#7459=FACE_OUTER_BOUND('',#7458,.F.);
#7460=ADVANCED_FACE('',(#7459),#7449,.F.);
#7461=CARTESIAN_POINT('',(0.E0,0.E0,0.E0));
#7462=DIRECTION('',(0.E0,-1.E0,0.E0));
#7463=DIRECTION('',(-1.E0,0.E0,0.E0));
#7464=AXIS2_PLACEMENT_3D('',#7461,#7462,#7463);
#7465=PLANE('',#7464);
#7467=ORIENTED_EDGE('',*,*,#7466,.T.);
#7469=ORIENTED_EDGE('',*,*,#7468,.T.);
#7471=ORIENTED_EDGE('',*,*,#7470,.T.);
#7473=ORIENTED_EDGE('',*,*,#7472,.T.);
#7474=EDGE_LOOP('',(#7467,#7469,#7471,#7473));
#7475=FACE_OUTER_BOUND('',#7474,.F.);
#7476=ADVANCED_FACE('',(#7475),#7465,.F.);
#7477=CARTESIAN_POINT('',(-1.524E0,0.E0,2.075E0));
#7478=DIRECTION('',(0.E0,0.E0,1.E0));
#7479=DIRECTION('',(0.E0,-1.E0,0.E0));
#7480=AXIS2_PLACEMENT_3D('',#7477,#7478,#7479);
#7481=PLANE('',#7480);
#7483=ORIENTED_EDGE('',*,*,#7482,.F.);
#7484=ORIENTED_EDGE('',*,*,#7450,.T.);
#7486=ORIENTED_EDGE('',*,*,#7485,.T.);
#7488=ORIENTED_EDGE('',*,*,#7487,.T.);
#7489=EDGE_LOOP('',(#7483,#7484,#7486,#7488));
#7490=FACE_OUTER_BOUND('',#7489,.F.);
#7491=ADVANCED_FACE('',(#7490),#7481,.F.);
#7492=CARTESIAN_POINT('',(1.17E0,0.E0,1.7E0));
#7493=DIRECTION('',(8.853979028379E-1,0.E0,4.648338989899E-1));
#7494=DIRECTION('',(-4.648338989899E-1,0.E0,8.853979028379E-1));
#7495=AXIS2_PLACEMENT_3D('',#7492,#7493,#7494);
#7496=PLANE('',#7495);
#7497=ORIENTED_EDGE('',*,*,#7482,.T.);
#7499=ORIENTED_EDGE('',*,*,#7498,.F.);
#7501=ORIENTED_EDGE('',*,*,#7500,.T.);
#7503=ORIENTED_EDGE('',*,*,#7502,.F.);
#7505=ORIENTED_EDGE('',*,*,#7504,.T.);
#7507=ORIENTED_EDGE('',*,*,#7506,.F.);
#7508=ORIENTED_EDGE('',*,*,#7452,.F.);
#7509=EDGE_LOOP('',(#7497,#7499,#7501,#7503,#7505,#7507,#7508));
#7510=FACE_OUTER_BOUND('',#7509,.F.);
#7511=ADVANCED_FACE('',(#7510),#7496,.T.);
#7512=CARTESIAN_POINT('',(-1.524E0,-2.5E-1,2.075E0));
#7513=DIRECTION('',(0.E0,-1.E0,0.E0));
#7514=DIRECTION('',(0.E0,0.E0,-1.E0));
#7515=AXIS2_PLACEMENT_3D('',#7512,#7513,#7514);
#7516=PLANE('',#7515);
#7518=ORIENTED_EDGE('',*,*,#7517,.T.);
#7520=ORIENTED_EDGE('',*,*,#7519,.T.);
#7522=ORIENTED_EDGE('',*,*,#7521,.T.);
#7524=ORIENTED_EDGE('',*,*,#7523,.F.);
#7526=ORIENTED_EDGE('',*,*,#7525,.T.);
#7528=ORIENTED_EDGE('',*,*,#7527,.T.);
#7530=ORIENTED_EDGE('',*,*,#7529,.T.);
#7532=ORIENTED_EDGE('',*,*,#7531,.T.);
#7534=ORIENTED_EDGE('',*,*,#7533,.F.);
#7536=ORIENTED_EDGE('',*,*,#7535,.F.);
#7538=ORIENTED_EDGE('',*,*,#7537,.T.);
#7540=ORIENTED_EDGE('',*,*,#7539,.T.);
#7542=ORIENTED_EDGE('',*,*,#7541,.F.);
#7544=ORIENTED_EDGE('',*,*,#7543,.F.);
#7546=ORIENTED_EDGE('',*,*,#7545,.T.);
#7548=ORIENTED_EDGE('',*,*,#7547,.T.);
#7550=ORIENTED_EDGE('',*,*,#7549,.F.);
#7552=ORIENTED_EDGE('',*,*,#7551,.F.);
#7554=ORIENTED_EDGE('',*,*,#7553,.T.);
#7556=ORIENTED_EDGE('',*,*,#7555,.T.);
#7558=ORIENTED_EDGE('',*,*,#7557,.F.);
#7560=ORIENTED_EDGE('',*,*,#7559,.F.);
#7562=ORIENTED_EDGE('',*,*,#7561,.T.);
#7564=ORIENTED_EDGE('',*,*,#7563,.T.);
#7566=ORIENTED_EDGE('',*,*,#7565,.F.);
#7568=ORIENTED_EDGE('',*,*,#7567,.F.);
#7570=ORIENTED_EDGE('',*,*,#7569,.T.);
#7572=ORIENTED_EDGE('',*,*,#7571,.T.);
#7574=ORIENTED_EDGE('',*,*,#7573,.F.);
#7576=ORIENTED_EDGE('',*,*,#7575,.F.);
#7578=ORIENTED_EDGE('',*,*,#7577,.T.);
#7580=ORIENTED_EDGE('',*,*,#7579,.T.);
#7582=ORIENTED_EDGE('',*,*,#7581,.F.);
#7584=ORIENTED_EDGE('',*,*,#7583,.F.);
#7586=ORIENTED_EDGE('',*,*,#7585,.T.);
#7588=ORIENTED_EDGE('',*,*,#7587,.T.);
#7590=ORIENTED_EDGE('',*,*,#7589,.F.);
#7592=ORIENTED_EDGE('',*,*,#7591,.F.);
#7594=ORIENTED_EDGE('',*,*,#7593,.T.);
#7596=ORIENTED_EDGE('',*,*,#7595,.T.);
#7598=ORIENTED_EDGE('',*,*,#7597,.F.);
#7600=ORIENTED_EDGE('',*,*,#7599,.F.);
#7602=ORIENTED_EDGE('',*,*,#7601,.T.);
#7604=ORIENTED_EDGE('',*,*,#7603,.T.);
#7606=ORIENTED_EDGE('',*,*,#7605,.F.);
#7608=ORIENTED_EDGE('',*,*,#7607,.F.);
#7610=ORIENTED_EDGE('',*,*,#7609,.T.);
#7612=ORIENTED_EDGE('',*,*,#7611,.T.);
#7614=ORIENTED_EDGE('',*,*,#7613,.F.);
#7616=ORIENTED_EDGE('',*,*,#7615,.F.);
#7618=ORIENTED_EDGE('',*,*,#7617,.T.);
#7620=ORIENTED_EDGE('',*,*,#7619,.T.);
#7622=ORIENTED_EDGE('',*,*,#7621,.F.);
#7624=ORIENTED_EDGE('',*,*,#7623,.F.);
#7626=ORIENTED_EDGE('',*,*,#7625,.T.);
#7627=ORIENTED_EDGE('',*,*,#7498,.T.);
#7628=ORIENTED_EDGE('',*,*,#7487,.F.);
#7630=ORIENTED_EDGE('',*,*,#7629,.F.);
#7632=ORIENTED_EDGE('',*,*,#7631,.T.);
#7634=ORIENTED_EDGE('',*,*,#7633,.T.);
#7636=ORIENTED_EDGE('',*,*,#7635,.T.);
#7638=ORIENTED_EDGE('',*,*,#7637,.T.);
#7640=ORIENTED_EDGE('',*,*,#7639,.T.);
#7642=ORIENTED_EDGE('',*,*,#7641,.F.);
#7644=ORIENTED_EDGE('',*,*,#7643,.T.);
#7646=ORIENTED_EDGE('',*,*,#7645,.T.);
#7648=ORIENTED_EDGE('',*,*,#7647,.T.);
#7650=ORIENTED_EDGE('',*,*,#7649,.F.);
#7652=ORIENTED_EDGE('',*,*,#7651,.T.);
#7654=ORIENTED_EDGE('',*,*,#7653,.T.);
#7656=ORIENTED_EDGE('',*,*,#7655,.T.);
#7658=ORIENTED_EDGE('',*,*,#7657,.F.);
#7660=ORIENTED_EDGE('',*,*,#7659,.T.);
#7662=ORIENTED_EDGE('',*,*,#7661,.T.);
#7664=ORIENTED_EDGE('',*,*,#7663,.T.);
#7666=ORIENTED_EDGE('',*,*,#7665,.F.);
#7668=ORIENTED_EDGE('',*,*,#7667,.T.);
#7670=ORIENTED_EDGE('',*,*,#7669,.T.);
#7672=ORIENTED_EDGE('',*,*,#7671,.T.);
#7674=ORIENTED_EDGE('',*,*,#7673,.F.);
#7676=ORIENTED_EDGE('',*,*,#7675,.T.);
#7678=ORIENTED_EDGE('',*,*,#7677,.T.);
#7680=ORIENTED_EDGE('',*,*,#7679,.T.);
#7682=ORIENTED_EDGE('',*,*,#7681,.F.);
#7684=ORIENTED_EDGE('',*,*,#7683,.T.);
#7686=ORIENTED_EDGE('',*,*,#7685,.T.);
#7688=ORIENTED_EDGE('',*,*,#7687,.T.);
#7690=ORIENTED_EDGE('',*,*,#7689,.F.);
#7692=ORIENTED_EDGE('',*,*,#7691,.T.);
#7694=ORIENTED_EDGE('',*,*,#7693,.T.);
#7696=ORIENTED_EDGE('',*,*,#7695,.T.);
#7698=ORIENTED_EDGE('',*,*,#7697,.F.);
#7700=ORIENTED_EDGE('',*,*,#7699,.T.);
#7702=ORIENTED_EDGE('',*,*,#7701,.T.);
#7704=ORIENTED_EDGE('',*,*,#7703,.T.);
#7706=ORIENTED_EDGE('',*,*,#7705,.F.);
#7708=ORIENTED_EDGE('',*,*,#7707,.T.);
#7710=ORIENTED_EDGE('',*,*,#7709,.T.);
#7712=ORIENTED_EDGE('',*,*,#7711,.T.);
#7714=ORIENTED_EDGE('',*,*,#7713,.F.);
#7716=ORIENTED_EDGE('',*,*,#7715,.T.);
#7718=ORIENTED_EDGE('',*,*,#7717,.T.);
#7720=ORIENTED_EDGE('',*,*,#7719,.T.);
#7722=ORIENTED_EDGE('',*,*,#7721,.F.);
#7724=ORIENTED_EDGE('',*,*,#7723,.T.);
#7726=ORIENTED_EDGE('',*,*,#7725,.T.);
#7728=ORIENTED_EDGE('',*,*,#7727,.T.);
#7730=ORIENTED_EDGE('',*,*,#7729,.F.);
#7731=EDGE_LOOP('',(#7518,#7520,#7522,#7524,#7526,#7528,#7530,#7532,#7534,#7536,
#7538,#7540,#7542,#7544,#7546,#7548,#7550,#7552,#7554,#7556,#7558,#7560,#7562,
#7564,#7566,#7568,#7570,#7572,#7574,#7576,#7578,#7580,#7582,#7584,#7586,#7588,
#7590,#7592,#7594,#7596,#7598,#7600,#7602,#7604,#7606,#7608,#7610,#7612,#7614,
#7616,#7618,#7620,#7622,#7624,#7626,#7627,#7628,#7630,#7632,#7634,#7636,#7638,
#7640,#7642,#7644,#7646,#7648,#7650,#7652,#7654,#7656,#7658,#7660,#7662,#7664,
#7666,#7668,#7670,#7672,#7674,#7676,#7678,#7680,#7682,#7684,#7686,#7688,#7690,
#7692,#7694,#7696,#7698,#7700,#7702,#7704,#7706,#7708,#7710,#7712,#7714,#7716,
#7718,#7720,#7722,#7724,#7726,#7728,#7730));
#7732=FACE_OUTER_BOUND('',#7731,.F.);
#7734=ORIENTED_EDGE('',*,*,#7733,.T.);
#7736=ORIENTED_EDGE('',*,*,#7735,.T.);
#7738=ORIENTED_EDGE('',*,*,#7737,.T.);
#7740=ORIENTED_EDGE('',*,*,#7739,.T.);
#7741=EDGE_LOOP('',(#7734,#7736,#7738,#7740));
#7742=FACE_BOUND('',#7741,.F.);
#7744=ORIENTED_EDGE('',*,*,#7743,.T.);
#7746=ORIENTED_EDGE('',*,*,#7745,.T.);
#7748=ORIENTED_EDGE('',*,*,#7747,.T.);
#7750=ORIENTED_EDGE('',*,*,#7749,.T.);
#7751=EDGE_LOOP('',(#7744,#7746,#7748,#7750));
#7752=FACE_BOUND('',#7751,.F.);
#7754=ORIENTED_EDGE('',*,*,#7753,.T.);
#7756=ORIENTED_EDGE('',*,*,#7755,.T.);
#7758=ORIENTED_EDGE('',*,*,#7757,.T.);
#7760=ORIENTED_EDGE('',*,*,#7759,.T.);
#7761=EDGE_LOOP('',(#7754,#7756,#7758,#7760));
#7762=FACE_BOUND('',#7761,.F.);
#7764=ORIENTED_EDGE('',*,*,#7763,.T.);
#7766=ORIENTED_EDGE('',*,*,#7765,.T.);
#7768=ORIENTED_EDGE('',*,*,#7767,.T.);
#7770=ORIENTED_EDGE('',*,*,#7769,.T.);
#7771=EDGE_LOOP('',(#7764,#7766,#7768,#7770));
#7772=FACE_BOUND('',#7771,.F.);
#7774=ORIENTED_EDGE('',*,*,#7773,.T.);
#7776=ORIENTED_EDGE('',*,*,#7775,.T.);
#7778=ORIENTED_EDGE('',*,*,#7777,.T.);
#7780=ORIENTED_EDGE('',*,*,#7779,.T.);
#7781=EDGE_LOOP('',(#7774,#7776,#7778,#7780));
#7782=FACE_BOUND('',#7781,.F.);
#7784=ORIENTED_EDGE('',*,*,#7783,.T.);
#7786=ORIENTED_EDGE('',*,*,#7785,.T.);
#7788=ORIENTED_EDGE('',*,*,#7787,.T.);
#7790=ORIENTED_EDGE('',*,*,#7789,.T.);
#7791=EDGE_LOOP('',(#7784,#7786,#7788,#7790));
#7792=FACE_BOUND('',#7791,.F.);
#7794=ORIENTED_EDGE('',*,*,#7793,.T.);
#7796=ORIENTED_EDGE('',*,*,#7795,.T.);
#7798=ORIENTED_EDGE('',*,*,#7797,.T.);
#7800=ORIENTED_EDGE('',*,*,#7799,.T.);
#7801=EDGE_LOOP('',(#7794,#7796,#7798,#7800));
#7802=FACE_BOUND('',#7801,.F.);
#7804=ORIENTED_EDGE('',*,*,#7803,.T.);
#7806=ORIENTED_EDGE('',*,*,#7805,.T.);
#7808=ORIENTED_EDGE('',*,*,#7807,.T.);
#7810=ORIENTED_EDGE('',*,*,#7809,.T.);
#7811=EDGE_LOOP('',(#7804,#7806,#7808,#7810));
#7812=FACE_BOUND('',#7811,.F.);
#7814=ORIENTED_EDGE('',*,*,#7813,.T.);
#7816=ORIENTED_EDGE('',*,*,#7815,.T.);
#7818=ORIENTED_EDGE('',*,*,#7817,.T.);
#7820=ORIENTED_EDGE('',*,*,#7819,.T.);
#7821=EDGE_LOOP('',(#7814,#7816,#7818,#7820));
#7822=FACE_BOUND('',#7821,.F.);
#7824=ORIENTED_EDGE('',*,*,#7823,.T.);
#7826=ORIENTED_EDGE('',*,*,#7825,.T.);
#7828=ORIENTED_EDGE('',*,*,#7827,.T.);
#7830=ORIENTED_EDGE('',*,*,#7829,.T.);
#7831=EDGE_LOOP('',(#7824,#7826,#7828,#7830));
#7832=FACE_BOUND('',#7831,.F.);
#7834=ORIENTED_EDGE('',*,*,#7833,.T.);
#7836=ORIENTED_EDGE('',*,*,#7835,.T.);
#7838=ORIENTED_EDGE('',*,*,#7837,.T.);
#7840=ORIENTED_EDGE('',*,*,#7839,.T.);
#7841=EDGE_LOOP('',(#7834,#7836,#7838,#7840));
#7842=FACE_BOUND('',#7841,.F.);
#7844=ORIENTED_EDGE('',*,*,#7843,.T.);
#7846=ORIENTED_EDGE('',*,*,#7845,.T.);
#7848=ORIENTED_EDGE('',*,*,#7847,.T.);
#7850=ORIENTED_EDGE('',*,*,#7849,.T.);
#7851=EDGE_LOOP('',(#7844,#7846,#7848,#7850));
#7852=FACE_BOUND('',#7851,.F.);
#7854=ORIENTED_EDGE('',*,*,#7853,.T.);
#7856=ORIENTED_EDGE('',*,*,#7855,.T.);
#7858=ORIENTED_EDGE('',*,*,#7857,.T.);
#7860=ORIENTED_EDGE('',*,*,#7859,.T.);
#7861=EDGE_LOOP('',(#7854,#7856,#7858,#7860));
#7862=FACE_BOUND('',#7861,.F.);
#7864=ORIENTED_EDGE('',*,*,#7863,.T.);
#7866=ORIENTED_EDGE('',*,*,#7865,.T.);
#7868=ORIENTED_EDGE('',*,*,#7867,.T.);
#7870=ORIENTED_EDGE('',*,*,#7869,.T.);
#7871=EDGE_LOOP('',(#7864,#7866,#7868,#7870));
#7872=FACE_BOUND('',#7871,.F.);
#7874=ORIENTED_EDGE('',*,*,#7873,.T.);
#7876=ORIENTED_EDGE('',*,*,#7875,.T.);
#7878=ORIENTED_EDGE('',*,*,#7877,.T.);
#7880=ORIENTED_EDGE('',*,*,#7879,.T.);
#7881=EDGE_LOOP('',(#7874,#7876,#7878,#7880));
#7882=FACE_BOUND('',#7881,.F.);
#7884=ORIENTED_EDGE('',*,*,#7883,.T.);
#7886=ORIENTED_EDGE('',*,*,#7885,.T.);
#7888=ORIENTED_EDGE('',*,*,#7887,.T.);
#7890=ORIENTED_EDGE('',*,*,#7889,.T.);
#7891=EDGE_LOOP('',(#7884,#7886,#7888,#7890));
#7892=FACE_BOUND('',#7891,.F.);
#7894=ORIENTED_EDGE('',*,*,#7893,.T.);
#7896=ORIENTED_EDGE('',*,*,#7895,.T.);
#7898=ORIENTED_EDGE('',*,*,#7897,.T.);
#7900=ORIENTED_EDGE('',*,*,#7899,.T.);
#7901=EDGE_LOOP('',(#7894,#7896,#7898,#7900));
#7902=FACE_BOUND('',#7901,.F.);
#7904=ORIENTED_EDGE('',*,*,#7903,.T.);
#7906=ORIENTED_EDGE('',*,*,#7905,.T.);
#7908=ORIENTED_EDGE('',*,*,#7907,.T.);
#7910=ORIENTED_EDGE('',*,*,#7909,.T.);
#7911=EDGE_LOOP('',(#7904,#7906,#7908,#7910));
#7912=FACE_BOUND('',#7911,.F.);
#7914=ORIENTED_EDGE('',*,*,#7913,.T.);
#7916=ORIENTED_EDGE('',*,*,#7915,.T.);
#7918=ORIENTED_EDGE('',*,*,#7917,.T.);
#7920=ORIENTED_EDGE('',*,*,#7919,.T.);
#7921=EDGE_LOOP('',(#7914,#7916,#7918,#7920));
#7922=FACE_BOUND('',#7921,.F.);
#7924=ORIENTED_EDGE('',*,*,#7923,.T.);
#7926=ORIENTED_EDGE('',*,*,#7925,.T.);
#7928=ORIENTED_EDGE('',*,*,#7927,.T.);
#7930=ORIENTED_EDGE('',*,*,#7929,.T.);
#7931=EDGE_LOOP('',(#7924,#7926,#7928,#7930));
#7932=FACE_BOUND('',#7931,.F.);
#7934=ORIENTED_EDGE('',*,*,#7933,.T.);
#7936=ORIENTED_EDGE('',*,*,#7935,.T.);
#7938=ORIENTED_EDGE('',*,*,#7937,.T.);
#7940=ORIENTED_EDGE('',*,*,#7939,.T.);
#7941=EDGE_LOOP('',(#7934,#7936,#7938,#7940));
#7942=FACE_BOUND('',#7941,.F.);
#7944=ORIENTED_EDGE('',*,*,#7943,.T.);
#7946=ORIENTED_EDGE('',*,*,#7945,.T.);
#7948=ORIENTED_EDGE('',*,*,#7947,.T.);
#7950=ORIENTED_EDGE('',*,*,#7949,.T.);
#7951=EDGE_LOOP('',(#7944,#7946,#7948,#7950));
#7952=FACE_BOUND('',#7951,.F.);
#7954=ORIENTED_EDGE('',*,*,#7953,.T.);
#7956=ORIENTED_EDGE('',*,*,#7955,.T.);
#7958=ORIENTED_EDGE('',*,*,#7957,.T.);
#7960=ORIENTED_EDGE('',*,*,#7959,.T.);
#7961=EDGE_LOOP('',(#7954,#7956,#7958,#7960));
#7962=FACE_BOUND('',#7961,.F.);
#7964=ORIENTED_EDGE('',*,*,#7963,.T.);
#7966=ORIENTED_EDGE('',*,*,#7965,.T.);
#7968=ORIENTED_EDGE('',*,*,#7967,.T.);
#7970=ORIENTED_EDGE('',*,*,#7969,.T.);
#7971=EDGE_LOOP('',(#7964,#7966,#7968,#7970));
#7972=FACE_BOUND('',#7971,.F.);
#7974=ORIENTED_EDGE('',*,*,#7973,.T.);
#7976=ORIENTED_EDGE('',*,*,#7975,.T.);
#7978=ORIENTED_EDGE('',*,*,#7977,.T.);
#7980=ORIENTED_EDGE('',*,*,#7979,.T.);
#7981=EDGE_LOOP('',(#7974,#7976,#7978,#7980));
#7982=FACE_BOUND('',#7981,.F.);
#7984=ORIENTED_EDGE('',*,*,#7983,.T.);
#7986=ORIENTED_EDGE('',*,*,#7985,.T.);
#7988=ORIENTED_EDGE('',*,*,#7987,.T.);
#7990=ORIENTED_EDGE('',*,*,#7989,.T.);
#7991=EDGE_LOOP('',(#7984,#7986,#7988,#7990));
#7992=FACE_BOUND('',#7991,.F.);
#7993=ADVANCED_FACE('',(#7732,#7742,#7752,#7762,#7772,#7782,#7792,#7802,#7812,
#7822,#7832,#7842,#7852,#7862,#7872,#7882,#7892,#7902,#7912,#7922,#7932,#7942,
#7952,#7962,#7972,#7982,#7992),#7516,.F.);
#7994=CARTESIAN_POINT('',(3.08E1,0.E0,1.59E0));
#7995=DIRECTION('',(-1.E0,0.E0,0.E0));
#7996=DIRECTION('',(0.E0,0.E0,-1.E0));
#7997=AXIS2_PLACEMENT_3D('',#7994,#7995,#7996);
#7998=PLANE('',#7997);
#7999=ORIENTED_EDGE('',*,*,#7983,.F.);
#8001=ORIENTED_EDGE('',*,*,#8000,.T.);
#8003=ORIENTED_EDGE('',*,*,#8002,.T.);
#8005=ORIENTED_EDGE('',*,*,#8004,.F.);
#8006=EDGE_LOOP('',(#7999,#8001,#8003,#8005));
#8007=FACE_OUTER_BOUND('',#8006,.F.);
#8008=ADVANCED_FACE('',(#8007),#7998,.T.);
#8009=CARTESIAN_POINT('',(3.016E1,0.E0,1.59E0));
#8010=DIRECTION('',(0.E0,0.E0,-1.E0));
#8011=DIRECTION('',(1.E0,0.E0,0.E0));
#8012=AXIS2_PLACEMENT_3D('',#8009,#8010,#8011);
#8013=PLANE('',#8012);
#8014=ORIENTED_EDGE('',*,*,#7989,.F.);
#8016=ORIENTED_EDGE('',*,*,#8015,.T.);
#8018=ORIENTED_EDGE('',*,*,#8017,.T.);
#8019=ORIENTED_EDGE('',*,*,#8000,.F.);
#8020=EDGE_LOOP('',(#8014,#8016,#8018,#8019));
#8021=FACE_OUTER_BOUND('',#8020,.F.);
#8022=ADVANCED_FACE('',(#8021),#8013,.T.);
#8023=CARTESIAN_POINT('',(3.016E1,0.E0,9.5E-1));
#8024=DIRECTION('',(1.E0,0.E0,0.E0));
#8025=DIRECTION('',(0.E0,0.E0,1.E0));
#8026=AXIS2_PLACEMENT_3D('',#8023,#8024,#8025);
#8027=PLANE('',#8026);
#8028=ORIENTED_EDGE('',*,*,#7987,.F.);
#8030=ORIENTED_EDGE('',*,*,#8029,.T.);
#8032=ORIENTED_EDGE('',*,*,#8031,.T.);
#8033=ORIENTED_EDGE('',*,*,#8015,.F.);
#8034=EDGE_LOOP('',(#8028,#8030,#8032,#8033));
#8035=FACE_OUTER_BOUND('',#8034,.F.);
#8036=ADVANCED_FACE('',(#8035),#8027,.T.);
#8037=CARTESIAN_POINT('',(3.08E1,0.E0,9.5E-1));
#8038=DIRECTION('',(0.E0,0.E0,1.E0));
#8039=DIRECTION('',(-1.E0,0.E0,0.E0));
#8040=AXIS2_PLACEMENT_3D('',#8037,#8038,#8039);
#8041=PLANE('',#8040);
#8042=ORIENTED_EDGE('',*,*,#7985,.F.);
#8043=ORIENTED_EDGE('',*,*,#8004,.T.);
#8045=ORIENTED_EDGE('',*,*,#8044,.T.);
#8046=ORIENTED_EDGE('',*,*,#8029,.F.);
#8047=EDGE_LOOP('',(#8042,#8043,#8045,#8046));
#8048=FACE_OUTER_BOUND('',#8047,.F.);
#8049=ADVANCED_FACE('',(#8048),#8041,.T.);
#8050=CARTESIAN_POINT('',(3.048E1,-2.54E0,0.E0));
#8051=DIRECTION('',(0.E0,-1.E0,0.E0));
#8052=DIRECTION('',(-1.E0,0.E0,0.E0));
#8053=AXIS2_PLACEMENT_3D('',#8050,#8051,#8052);
#8054=PLANE('',#8053);
#8056=ORIENTED_EDGE('',*,*,#8055,.T.);
#8058=ORIENTED_EDGE('',*,*,#8057,.F.);
#8060=ORIENTED_EDGE('',*,*,#8059,.F.);
#8062=ORIENTED_EDGE('',*,*,#8061,.F.);
#8064=ORIENTED_EDGE('',*,*,#8063,.T.);
#8066=ORIENTED_EDGE('',*,*,#8065,.F.);
#8068=ORIENTED_EDGE('',*,*,#8067,.F.);
#8070=ORIENTED_EDGE('',*,*,#8069,.F.);
#8071=EDGE_LOOP('',(#8056,#8058,#8060,#8062,#8064,#8066,#8068,#8070));
#8072=FACE_OUTER_BOUND('',#8071,.F.);
#8073=ORIENTED_EDGE('',*,*,#8002,.F.);
#8074=ORIENTED_EDGE('',*,*,#8017,.F.);
#8075=ORIENTED_EDGE('',*,*,#8031,.F.);
#8076=ORIENTED_EDGE('',*,*,#8044,.F.);
#8077=EDGE_LOOP('',(#8073,#8074,#8075,#8076));
#8078=FACE_BOUND('',#8077,.F.);
#8080=ORIENTED_EDGE('',*,*,#8079,.F.);
#8082=ORIENTED_EDGE('',*,*,#8081,.F.);
#8084=ORIENTED_EDGE('',*,*,#8083,.F.);
#8086=ORIENTED_EDGE('',*,*,#8085,.F.);
#8087=EDGE_LOOP('',(#8080,#8082,#8084,#8086));
#8088=FACE_BOUND('',#8087,.F.);
#8089=ADVANCED_FACE('',(#8072,#8078,#8088),#8054,.T.);
#8090=CARTESIAN_POINT('',(3.08E1,0.E0,-9.5E-1));
#8091=DIRECTION('',(-1.E0,0.E0,0.E0));
#8092=DIRECTION('',(0.E0,0.E0,-1.E0));
#8093=AXIS2_PLACEMENT_3D('',#8090,#8091,#8092);
#8094=PLANE('',#8093);
#8095=ORIENTED_EDGE('',*,*,#7733,.F.);
#8097=ORIENTED_EDGE('',*,*,#8096,.T.);
#8098=ORIENTED_EDGE('',*,*,#8079,.T.);
#8100=ORIENTED_EDGE('',*,*,#8099,.F.);
#8101=EDGE_LOOP('',(#8095,#8097,#8098,#8100));
#8102=FACE_OUTER_BOUND('',#8101,.F.);
#8103=ADVANCED_FACE('',(#8102),#8094,.T.);
#8104=CARTESIAN_POINT('',(3.016E1,0.E0,-9.5E-1));
#8105=DIRECTION('',(0.E0,0.E0,-1.E0));
#8106=DIRECTION('',(1.E0,0.E0,0.E0));
#8107=AXIS2_PLACEMENT_3D('',#8104,#8105,#8106);
#8108=PLANE('',#8107);
#8109=ORIENTED_EDGE('',*,*,#7739,.F.);
#8111=ORIENTED_EDGE('',*,*,#8110,.T.);
#8112=ORIENTED_EDGE('',*,*,#8081,.T.);
#8113=ORIENTED_EDGE('',*,*,#8096,.F.);
#8114=EDGE_LOOP('',(#8109,#8111,#8112,#8113));
#8115=FACE_OUTER_BOUND('',#8114,.F.);
#8116=ADVANCED_FACE('',(#8115),#8108,.T.);
#8117=CARTESIAN_POINT('',(3.016E1,0.E0,-1.59E0));
#8118=DIRECTION('',(1.E0,0.E0,0.E0));
#8119=DIRECTION('',(0.E0,0.E0,1.E0));
#8120=AXIS2_PLACEMENT_3D('',#8117,#8118,#8119);
#8121=PLANE('',#8120);
#8122=ORIENTED_EDGE('',*,*,#7737,.F.);
#8124=ORIENTED_EDGE('',*,*,#8123,.T.);
#8125=ORIENTED_EDGE('',*,*,#8083,.T.);
#8126=ORIENTED_EDGE('',*,*,#8110,.F.);
#8127=EDGE_LOOP('',(#8122,#8124,#8125,#8126));
#8128=FACE_OUTER_BOUND('',#8127,.F.);
#8129=ADVANCED_FACE('',(#8128),#8121,.T.);
#8130=CARTESIAN_POINT('',(3.08E1,0.E0,-1.59E0));
#8131=DIRECTION('',(0.E0,0.E0,1.E0));
#8132=DIRECTION('',(-1.E0,0.E0,0.E0));
#8133=AXIS2_PLACEMENT_3D('',#8130,#8131,#8132);
#8134=PLANE('',#8133);
#8135=ORIENTED_EDGE('',*,*,#7735,.F.);
#8136=ORIENTED_EDGE('',*,*,#8099,.T.);
#8137=ORIENTED_EDGE('',*,*,#8085,.T.);
#8138=ORIENTED_EDGE('',*,*,#8123,.F.);
#8139=EDGE_LOOP('',(#8135,#8136,#8137,#8138));
#8140=FACE_OUTER_BOUND('',#8139,.F.);
#8141=ADVANCED_FACE('',(#8140),#8134,.T.);
#8142=CARTESIAN_POINT('',(3.165E1,-2.54E0,1.7E0));
#8143=DIRECTION('',(-1.E0,0.E0,0.E0));
#8144=DIRECTION('',(0.E0,0.E0,-1.E0));
#8145=AXIS2_PLACEMENT_3D('',#8142,#8143,#8144);
#8146=PLANE('',#8145);
#8148=ORIENTED_EDGE('',*,*,#8147,.T.);
#8150=ORIENTED_EDGE('',*,*,#8149,.F.);
#8151=ORIENTED_EDGE('',*,*,#8055,.F.);
#8153=ORIENTED_EDGE('',*,*,#8152,.T.);
#8154=EDGE_LOOP('',(#8148,#8150,#8151,#8153));
#8155=FACE_OUTER_BOUND('',#8154,.F.);
#8156=ADVANCED_FACE('',(#8155),#8146,.F.);
#8157=CARTESIAN_POINT('',(0.E0,-2.34E0,0.E0));
#8158=DIRECTION('',(0.E0,-1.E0,0.E0));
#8159=DIRECTION('',(-1.E0,0.E0,0.E0));
#8160=AXIS2_PLACEMENT_3D('',#8157,#8158,#8159);
#8161=PLANE('',#8160);
#8162=ORIENTED_EDGE('',*,*,#8147,.F.);
#8164=ORIENTED_EDGE('',*,*,#8163,.F.);
#8166=ORIENTED_EDGE('',*,*,#8165,.F.);
#8168=ORIENTED_EDGE('',*,*,#8167,.F.);
#8169=EDGE_LOOP('',(#8162,#8164,#8166,#8168));
#8170=FACE_OUTER_BOUND('',#8169,.F.);
#8171=ADVANCED_FACE('',(#8170),#8161,.T.);
#8172=CARTESIAN_POINT('',(0.E0,-2.34E0,0.E0));
#8173=DIRECTION('',(0.E0,-1.E0,0.E0));
#8174=DIRECTION('',(-1.E0,0.E0,0.E0));
#8175=AXIS2_PLACEMENT_3D('',#8172,#8173,#8174);
#8176=PLANE('',#8175);
#8178=ORIENTED_EDGE('',*,*,#8177,.F.);
#8180=ORIENTED_EDGE('',*,*,#8179,.F.);
#8182=ORIENTED_EDGE('',*,*,#8181,.F.);
#8184=ORIENTED_EDGE('',*,*,#8183,.F.);
#8185=EDGE_LOOP('',(#8178,#8180,#8182,#8184));
#8186=FACE_OUTER_BOUND('',#8185,.F.);
#8187=ADVANCED_FACE('',(#8186),#8176,.T.);
#8188=CARTESIAN_POINT('',(0.E0,-2.34E0,0.E0));
#8189=DIRECTION('',(0.E0,-1.E0,0.E0));
#8190=DIRECTION('',(-1.E0,0.E0,0.E0));
#8191=AXIS2_PLACEMENT_3D('',#8188,#8189,#8190);
#8192=PLANE('',#8191);
#8194=ORIENTED_EDGE('',*,*,#8193,.T.);
#8196=ORIENTED_EDGE('',*,*,#8195,.F.);
#8198=ORIENTED_EDGE('',*,*,#8197,.T.);
#8200=ORIENTED_EDGE('',*,*,#8199,.F.);
#8201=EDGE_LOOP('',(#8194,#8196,#8198,#8200));
#8202=FACE_OUTER_BOUND('',#8201,.F.);
#8203=ADVANCED_FACE('',(#8202),#8192,.T.);
#8204=CARTESIAN_POINT('',(0.E0,-2.34E0,0.E0));
#8205=DIRECTION('',(0.E0,-1.E0,0.E0));
#8206=DIRECTION('',(-1.E0,0.E0,0.E0));
#8207=AXIS2_PLACEMENT_3D('',#8204,#8205,#8206);
#8208=PLANE('',#8207);
#8210=ORIENTED_EDGE('',*,*,#8209,.T.);
#8212=ORIENTED_EDGE('',*,*,#8211,.F.);
#8214=ORIENTED_EDGE('',*,*,#8213,.T.);
#8216=ORIENTED_EDGE('',*,*,#8215,.F.);
#8217=EDGE_LOOP('',(#8210,#8212,#8214,#8216));
#8218=FACE_OUTER_BOUND('',#8217,.F.);
#8219=ADVANCED_FACE('',(#8218),#8208,.T.);
#8220=CARTESIAN_POINT('',(0.E0,-2.34E0,0.E0));
#8221=DIRECTION('',(0.E0,-1.E0,0.E0));
#8222=DIRECTION('',(-1.E0,0.E0,0.E0));
#8223=AXIS2_PLACEMENT_3D('',#8220,#8221,#8222);
#8224=PLANE('',#8223);
#8226=ORIENTED_EDGE('',*,*,#8225,.T.);
#8228=ORIENTED_EDGE('',*,*,#8227,.F.);
#8230=ORIENTED_EDGE('',*,*,#8229,.T.);
#8232=ORIENTED_EDGE('',*,*,#8231,.F.);
#8233=EDGE_LOOP('',(#8226,#8228,#8230,#8232));
#8234=FACE_OUTER_BOUND('',#8233,.F.);
#8235=ADVANCED_FACE('',(#8234),#8224,.T.);
#8236=CARTESIAN_POINT('',(0.E0,-2.34E0,0.E0));
#8237=DIRECTION('',(0.E0,-1.E0,0.E0));
#8238=DIRECTION('',(-1.E0,0.E0,0.E0));
#8239=AXIS2_PLACEMENT_3D('',#8236,#8237,#8238);
#8240=PLANE('',#8239);
#8242=ORIENTED_EDGE('',*,*,#8241,.T.);
#8244=ORIENTED_EDGE('',*,*,#8243,.F.);
#8246=ORIENTED_EDGE('',*,*,#8245,.T.);
#8248=ORIENTED_EDGE('',*,*,#8247,.F.);
#8249=EDGE_LOOP('',(#8242,#8244,#8246,#8248));
#8250=FACE_OUTER_BOUND('',#8249,.F.);
#8251=ADVANCED_FACE('',(#8250),#8240,.T.);
#8252=CARTESIAN_POINT('',(0.E0,-2.34E0,0.E0));
#8253=DIRECTION('',(0.E0,-1.E0,0.E0));
#8254=DIRECTION('',(-1.E0,0.E0,0.E0));
#8255=AXIS2_PLACEMENT_3D('',#8252,#8253,#8254);
#8256=PLANE('',#8255);
#8258=ORIENTED_EDGE('',*,*,#8257,.T.);
#8260=ORIENTED_EDGE('',*,*,#8259,.F.);
#8262=ORIENTED_EDGE('',*,*,#8261,.T.);
#8264=ORIENTED_EDGE('',*,*,#8263,.F.);
#8265=EDGE_LOOP('',(#8258,#8260,#8262,#8264));
#8266=FACE_OUTER_BOUND('',#8265,.F.);
#8267=ADVANCED_FACE('',(#8266),#8256,.T.);
#8268=CARTESIAN_POINT('',(0.E0,-2.34E0,0.E0));
#8269=DIRECTION('',(0.E0,-1.E0,0.E0));
#8270=DIRECTION('',(-1.E0,0.E0,0.E0));
#8271=AXIS2_PLACEMENT_3D('',#8268,#8269,#8270);
#8272=PLANE('',#8271);
#8274=ORIENTED_EDGE('',*,*,#8273,.T.);
#8276=ORIENTED_EDGE('',*,*,#8275,.F.);
#8278=ORIENTED_EDGE('',*,*,#8277,.T.);
#8280=ORIENTED_EDGE('',*,*,#8279,.F.);
#8281=EDGE_LOOP('',(#8274,#8276,#8278,#8280));
#8282=FACE_OUTER_BOUND('',#8281,.F.);
#8283=ADVANCED_FACE('',(#8282),#8272,.T.);
#8284=CARTESIAN_POINT('',(0.E0,-2.34E0,0.E0));
#8285=DIRECTION('',(0.E0,-1.E0,0.E0));
#8286=DIRECTION('',(-1.E0,0.E0,0.E0));
#8287=AXIS2_PLACEMENT_3D('',#8284,#8285,#8286);
#8288=PLANE('',#8287);
#8290=ORIENTED_EDGE('',*,*,#8289,.T.);
#8292=ORIENTED_EDGE('',*,*,#8291,.F.);
#8294=ORIENTED_EDGE('',*,*,#8293,.T.);
#8296=ORIENTED_EDGE('',*,*,#8295,.F.);
#8297=EDGE_LOOP('',(#8290,#8292,#8294,#8296));
#8298=FACE_OUTER_BOUND('',#8297,.F.);
#8299=ADVANCED_FACE('',(#8298),#8288,.T.);
#8300=CARTESIAN_POINT('',(0.E0,-2.34E0,0.E0));
#8301=DIRECTION('',(0.E0,-1.E0,0.E0));
#8302=DIRECTION('',(-1.E0,0.E0,0.E0));
#8303=AXIS2_PLACEMENT_3D('',#8300,#8301,#8302);
#8304=PLANE('',#8303);
#8306=ORIENTED_EDGE('',*,*,#8305,.T.);
#8308=ORIENTED_EDGE('',*,*,#8307,.F.);
#8310=ORIENTED_EDGE('',*,*,#8309,.T.);
#8312=ORIENTED_EDGE('',*,*,#8311,.F.);
#8313=EDGE_LOOP('',(#8306,#8308,#8310,#8312));
#8314=FACE_OUTER_BOUND('',#8313,.F.);
#8315=ADVANCED_FACE('',(#8314),#8304,.T.);
#8316=CARTESIAN_POINT('',(0.E0,-2.34E0,0.E0));
#8317=DIRECTION('',(0.E0,-1.E0,0.E0));
#8318=DIRECTION('',(-1.E0,0.E0,0.E0));
#8319=AXIS2_PLACEMENT_3D('',#8316,#8317,#8318);
#8320=PLANE('',#8319);
#8322=ORIENTED_EDGE('',*,*,#8321,.T.);
#8324=ORIENTED_EDGE('',*,*,#8323,.F.);
#8326=ORIENTED_EDGE('',*,*,#8325,.T.);
#8328=ORIENTED_EDGE('',*,*,#8327,.F.);
#8329=EDGE_LOOP('',(#8322,#8324,#8326,#8328));
#8330=FACE_OUTER_BOUND('',#8329,.F.);
#8331=ADVANCED_FACE('',(#8330),#8320,.T.);
#8332=CARTESIAN_POINT('',(0.E0,-2.34E0,0.E0));
#8333=DIRECTION('',(0.E0,-1.E0,0.E0));
#8334=DIRECTION('',(-1.E0,0.E0,0.E0));
#8335=AXIS2_PLACEMENT_3D('',#8332,#8333,#8334);
#8336=PLANE('',#8335);
#8338=ORIENTED_EDGE('',*,*,#8337,.T.);
#8340=ORIENTED_EDGE('',*,*,#8339,.F.);
#8342=ORIENTED_EDGE('',*,*,#8341,.T.);
#8344=ORIENTED_EDGE('',*,*,#8343,.F.);
#8345=EDGE_LOOP('',(#8338,#8340,#8342,#8344));
#8346=FACE_OUTER_BOUND('',#8345,.F.);
#8347=ADVANCED_FACE('',(#8346),#8336,.T.);
#8348=CARTESIAN_POINT('',(0.E0,-2.34E0,0.E0));
#8349=DIRECTION('',(0.E0,-1.E0,0.E0));
#8350=DIRECTION('',(-1.E0,0.E0,0.E0));
#8351=AXIS2_PLACEMENT_3D('',#8348,#8349,#8350);
#8352=PLANE('',#8351);
#8354=ORIENTED_EDGE('',*,*,#8353,.T.);
#8356=ORIENTED_EDGE('',*,*,#8355,.F.);
#8358=ORIENTED_EDGE('',*,*,#8357,.T.);
#8360=ORIENTED_EDGE('',*,*,#8359,.F.);
#8361=EDGE_LOOP('',(#8354,#8356,#8358,#8360));
#8362=FACE_OUTER_BOUND('',#8361,.F.);
#8363=ADVANCED_FACE('',(#8362),#8352,.T.);
#8364=CARTESIAN_POINT('',(0.E0,-2.34E0,0.E0));
#8365=DIRECTION('',(0.E0,-1.E0,0.E0));
#8366=DIRECTION('',(-1.E0,0.E0,0.E0));
#8367=AXIS2_PLACEMENT_3D('',#8364,#8365,#8366);
#8368=PLANE('',#8367);
#8370=ORIENTED_EDGE('',*,*,#8369,.T.);
#8372=ORIENTED_EDGE('',*,*,#8371,.F.);
#8374=ORIENTED_EDGE('',*,*,#8373,.T.);
#8376=ORIENTED_EDGE('',*,*,#8375,.F.);
#8377=EDGE_LOOP('',(#8370,#8372,#8374,#8376));
#8378=FACE_OUTER_BOUND('',#8377,.F.);
#8379=ADVANCED_FACE('',(#8378),#8368,.T.);
#8380=CARTESIAN_POINT('',(3.175E1,0.E0,1.7E0));
#8381=DIRECTION('',(0.E0,0.E0,1.E0));
#8382=DIRECTION('',(-1.E0,0.E0,0.E0));
#8383=AXIS2_PLACEMENT_3D('',#8380,#8381,#8382);
#8384=PLANE('',#8383);
#8385=ORIENTED_EDGE('',*,*,#7529,.F.);
#8387=ORIENTED_EDGE('',*,*,#8386,.T.);
#8388=ORIENTED_EDGE('',*,*,#8163,.T.);
#8390=ORIENTED_EDGE('',*,*,#8389,.F.);
#8391=EDGE_LOOP('',(#8385,#8387,#8388,#8390));
#8392=FACE_OUTER_BOUND('',#8391,.F.);
#8393=ADVANCED_FACE('',(#8392),#8384,.T.);
#8394=CARTESIAN_POINT('',(3.175E1,0.E0,-1.7E0));
#8395=DIRECTION('',(1.E0,0.E0,0.E0));
#8396=DIRECTION('',(0.E0,0.E0,1.E0));
#8397=AXIS2_PLACEMENT_3D('',#8394,#8395,#8396);
#8398=PLANE('',#8397);
#8399=ORIENTED_EDGE('',*,*,#7527,.F.);
#8401=ORIENTED_EDGE('',*,*,#8400,.T.);
#8402=ORIENTED_EDGE('',*,*,#8165,.T.);
#8403=ORIENTED_EDGE('',*,*,#8386,.F.);
#8404=EDGE_LOOP('',(#8399,#8401,#8402,#8403));
#8405=FACE_OUTER_BOUND('',#8404,.F.);
#8406=ADVANCED_FACE('',(#8405),#8398,.T.);
#8407=CARTESIAN_POINT('',(3.165E1,0.E0,-1.7E0));
#8408=DIRECTION('',(0.E0,0.E0,-1.E0));
#8409=DIRECTION('',(1.E0,0.E0,0.E0));
#8410=AXIS2_PLACEMENT_3D('',#8407,#8408,#8409);
#8411=PLANE('',#8410);
#8412=ORIENTED_EDGE('',*,*,#7525,.F.);
#8414=ORIENTED_EDGE('',*,*,#8413,.T.);
#8415=ORIENTED_EDGE('',*,*,#8167,.T.);
#8416=ORIENTED_EDGE('',*,*,#8400,.F.);
#8417=EDGE_LOOP('',(#8412,#8414,#8415,#8416));
#8418=FACE_OUTER_BOUND('',#8417,.F.);
#8419=ADVANCED_FACE('',(#8418),#8411,.T.);
#8420=CARTESIAN_POINT('',(3.123E1,0.E0,-2.5E0));
#8421=DIRECTION('',(8.853979028379E-1,0.E0,-4.648338989899E-1));
#8422=DIRECTION('',(4.648338989899E-1,0.E0,8.853979028379E-1));
#8423=AXIS2_PLACEMENT_3D('',#8420,#8421,#8422);
#8424=PLANE('',#8423);
#8425=ORIENTED_EDGE('',*,*,#7523,.T.);
#8427=ORIENTED_EDGE('',*,*,#8426,.F.);
#8429=ORIENTED_EDGE('',*,*,#8428,.F.);
#8431=ORIENTED_EDGE('',*,*,#8430,.T.);
#8432=ORIENTED_EDGE('',*,*,#8057,.T.);
#8433=ORIENTED_EDGE('',*,*,#8149,.T.);
#8434=ORIENTED_EDGE('',*,*,#8413,.F.);
#8435=EDGE_LOOP('',(#8425,#8427,#8429,#8431,#8432,#8433,#8434));
#8436=FACE_OUTER_BOUND('',#8435,.F.);
#8437=ADVANCED_FACE('',(#8436),#8424,.T.);
#8438=CARTESIAN_POINT('',(-4.572E0,-2.5E-1,-2.075E0));
#8439=DIRECTION('',(0.E0,0.E0,-1.E0));
#8440=DIRECTION('',(0.E0,1.E0,0.E0));
#8441=AXIS2_PLACEMENT_3D('',#8438,#8439,#8440);
#8442=PLANE('',#8441);
#8443=ORIENTED_EDGE('',*,*,#7521,.F.);
#8445=ORIENTED_EDGE('',*,*,#8444,.F.);
#8447=ORIENTED_EDGE('',*,*,#8446,.F.);
#8448=ORIENTED_EDGE('',*,*,#8426,.T.);
#8449=EDGE_LOOP('',(#8443,#8445,#8447,#8448));
#8450=FACE_OUTER_BOUND('',#8449,.F.);
#8451=ADVANCED_FACE('',(#8450),#8442,.F.);
#8452=CARTESIAN_POINT('',(2.931E1,0.E0,-1.7E0));
#8453=DIRECTION('',(-8.853979028379E-1,0.E0,-4.648338989899E-1));
#8454=DIRECTION('',(4.648338989899E-1,0.E0,-8.853979028379E-1));
#8455=AXIS2_PLACEMENT_3D('',#8452,#8453,#8454);
#8456=PLANE('',#8455);
#8457=ORIENTED_EDGE('',*,*,#7519,.F.);
#8459=ORIENTED_EDGE('',*,*,#8458,.T.);
#8461=ORIENTED_EDGE('',*,*,#8460,.F.);
#8462=ORIENTED_EDGE('',*,*,#8061,.T.);
#8464=ORIENTED_EDGE('',*,*,#8463,.F.);
#8466=ORIENTED_EDGE('',*,*,#8465,.F.);
#8467=ORIENTED_EDGE('',*,*,#8444,.T.);
#8468=EDGE_LOOP('',(#8457,#8459,#8461,#8462,#8464,#8466,#8467));
#8469=FACE_OUTER_BOUND('',#8468,.F.);
#8470=ADVANCED_FACE('',(#8469),#8456,.T.);
#8471=CARTESIAN_POINT('',(2.911E1,0.E0,-1.7E0));
#8472=DIRECTION('',(0.E0,0.E0,-1.E0));
#8473=DIRECTION('',(1.E0,0.E0,0.E0));
#8474=AXIS2_PLACEMENT_3D('',#8471,#8472,#8473);
#8475=PLANE('',#8474);
#8476=ORIENTED_EDGE('',*,*,#7517,.F.);
#8478=ORIENTED_EDGE('',*,*,#8477,.T.);
#8479=ORIENTED_EDGE('',*,*,#8373,.F.);
#8480=ORIENTED_EDGE('',*,*,#8458,.F.);
#8481=EDGE_LOOP('',(#8476,#8478,#8479,#8480));
#8482=FACE_OUTER_BOUND('',#8481,.F.);
#8483=ADVANCED_FACE('',(#8482),#8475,.T.);
#8484=CARTESIAN_POINT('',(2.869E1,0.E0,-2.5E0));
#8485=DIRECTION('',(8.853979028379E-1,0.E0,-4.648338989899E-1));
#8486=DIRECTION('',(4.648338989899E-1,0.E0,8.853979028379E-1));
#8487=AXIS2_PLACEMENT_3D('',#8484,#8485,#8486);
#8488=PLANE('',#8487);
#8489=ORIENTED_EDGE('',*,*,#7729,.T.);
#8491=ORIENTED_EDGE('',*,*,#8490,.F.);
#8493=ORIENTED_EDGE('',*,*,#8492,.F.);
#8495=ORIENTED_EDGE('',*,*,#8494,.T.);
#8497=ORIENTED_EDGE('',*,*,#8496,.T.);
#8499=ORIENTED_EDGE('',*,*,#8498,.T.);
#8500=ORIENTED_EDGE('',*,*,#8477,.F.);
#8501=EDGE_LOOP('',(#8489,#8491,#8493,#8495,#8497,#8499,#8500));
#8502=FACE_OUTER_BOUND('',#8501,.F.);
#8503=ADVANCED_FACE('',(#8502),#8488,.T.);
#8504=CARTESIAN_POINT('',(-4.318E0,-2.5E-1,-2.075E0));
#8505=DIRECTION('',(0.E0,0.E0,-1.E0));
#8506=DIRECTION('',(0.E0,1.E0,0.E0));
#8507=AXIS2_PLACEMENT_3D('',#8504,#8505,#8506);
#8508=PLANE('',#8507);
#8509=ORIENTED_EDGE('',*,*,#7727,.F.);
#8511=ORIENTED_EDGE('',*,*,#8510,.F.);
#8513=ORIENTED_EDGE('',*,*,#8512,.F.);
#8514=ORIENTED_EDGE('',*,*,#8490,.T.);
#8515=EDGE_LOOP('',(#8509,#8511,#8513,#8514));
#8516=FACE_OUTER_BOUND('',#8515,.F.);
#8517=ADVANCED_FACE('',(#8516),#8508,.F.);
#8518=CARTESIAN_POINT('',(2.677E1,0.E0,-1.7E0));
#8519=DIRECTION('',(-8.853979028379E-1,0.E0,-4.648338989899E-1));
#8520=DIRECTION('',(4.648338989899E-1,0.E0,-8.853979028379E-1));
#8521=AXIS2_PLACEMENT_3D('',#8518,#8519,#8520);
#8522=PLANE('',#8521);
#8523=ORIENTED_EDGE('',*,*,#7725,.F.);
#8525=ORIENTED_EDGE('',*,*,#8524,.T.);
#8527=ORIENTED_EDGE('',*,*,#8526,.F.);
#8529=ORIENTED_EDGE('',*,*,#8528,.T.);
#8531=ORIENTED_EDGE('',*,*,#8530,.F.);
#8533=ORIENTED_EDGE('',*,*,#8532,.F.);
#8534=ORIENTED_EDGE('',*,*,#8510,.T.);
#8535=EDGE_LOOP('',(#8523,#8525,#8527,#8529,#8531,#8533,#8534));
#8536=FACE_OUTER_BOUND('',#8535,.F.);
#8537=ADVANCED_FACE('',(#8536),#8522,.T.);
#8538=CARTESIAN_POINT('',(2.657E1,0.E0,-1.7E0));
#8539=DIRECTION('',(0.E0,0.E0,-1.E0));
#8540=DIRECTION('',(1.E0,0.E0,0.E0));
#8541=AXIS2_PLACEMENT_3D('',#8538,#8539,#8540);
#8542=PLANE('',#8541);
#8543=ORIENTED_EDGE('',*,*,#7723,.F.);
#8545=ORIENTED_EDGE('',*,*,#8544,.T.);
#8546=ORIENTED_EDGE('',*,*,#8357,.F.);
#8547=ORIENTED_EDGE('',*,*,#8524,.F.);
#8548=EDGE_LOOP('',(#8543,#8545,#8546,#8547));
#8549=FACE_OUTER_BOUND('',#8548,.F.);
#8550=ADVANCED_FACE('',(#8549),#8542,.T.);
#8551=CARTESIAN_POINT('',(2.615E1,0.E0,-2.5E0));
#8552=DIRECTION('',(8.853979028379E-1,0.E0,-4.648338989899E-1));
#8553=DIRECTION('',(4.648338989899E-1,0.E0,8.853979028379E-1));
#8554=AXIS2_PLACEMENT_3D('',#8551,#8552,#8553);
#8555=PLANE('',#8554);
#8556=ORIENTED_EDGE('',*,*,#7721,.T.);
#8558=ORIENTED_EDGE('',*,*,#8557,.F.);
#8560=ORIENTED_EDGE('',*,*,#8559,.F.);
#8562=ORIENTED_EDGE('',*,*,#8561,.T.);
#8564=ORIENTED_EDGE('',*,*,#8563,.T.);
#8566=ORIENTED_EDGE('',*,*,#8565,.T.);
#8567=ORIENTED_EDGE('',*,*,#8544,.F.);
#8568=EDGE_LOOP('',(#8556,#8558,#8560,#8562,#8564,#8566,#8567));
#8569=FACE_OUTER_BOUND('',#8568,.F.);
#8570=ADVANCED_FACE('',(#8569),#8555,.T.);
#8571=CARTESIAN_POINT('',(-4.064E0,-2.5E-1,-2.075E0));
#8572=DIRECTION('',(0.E0,0.E0,-1.E0));
#8573=DIRECTION('',(0.E0,1.E0,0.E0));
#8574=AXIS2_PLACEMENT_3D('',#8571,#8572,#8573);
#8575=PLANE('',#8574);
#8576=ORIENTED_EDGE('',*,*,#7719,.F.);
#8578=ORIENTED_EDGE('',*,*,#8577,.F.);
#8580=ORIENTED_EDGE('',*,*,#8579,.F.);
#8581=ORIENTED_EDGE('',*,*,#8557,.T.);
#8582=EDGE_LOOP('',(#8576,#8578,#8580,#8581));
#8583=FACE_OUTER_BOUND('',#8582,.F.);
#8584=ADVANCED_FACE('',(#8583),#8575,.F.);
#8585=CARTESIAN_POINT('',(2.423E1,0.E0,-1.7E0));
#8586=DIRECTION('',(-8.853979028379E-1,0.E0,-4.648338989899E-1));
#8587=DIRECTION('',(4.648338989899E-1,0.E0,-8.853979028379E-1));
#8588=AXIS2_PLACEMENT_3D('',#8585,#8586,#8587);
#8589=PLANE('',#8588);
#8590=ORIENTED_EDGE('',*,*,#7717,.F.);
#8592=ORIENTED_EDGE('',*,*,#8591,.T.);
#8594=ORIENTED_EDGE('',*,*,#8593,.F.);
#8596=ORIENTED_EDGE('',*,*,#8595,.T.);
#8598=ORIENTED_EDGE('',*,*,#8597,.F.);
#8600=ORIENTED_EDGE('',*,*,#8599,.F.);
#8601=ORIENTED_EDGE('',*,*,#8577,.T.);
#8602=EDGE_LOOP('',(#8590,#8592,#8594,#8596,#8598,#8600,#8601));
#8603=FACE_OUTER_BOUND('',#8602,.F.);
#8604=ADVANCED_FACE('',(#8603),#8589,.T.);
#8605=CARTESIAN_POINT('',(2.403E1,0.E0,-1.7E0));
#8606=DIRECTION('',(0.E0,0.E0,-1.E0));
#8607=DIRECTION('',(1.E0,0.E0,0.E0));
#8608=AXIS2_PLACEMENT_3D('',#8605,#8606,#8607);
#8609=PLANE('',#8608);
#8610=ORIENTED_EDGE('',*,*,#7715,.F.);
#8612=ORIENTED_EDGE('',*,*,#8611,.T.);
#8613=ORIENTED_EDGE('',*,*,#8341,.F.);
#8614=ORIENTED_EDGE('',*,*,#8591,.F.);
#8615=EDGE_LOOP('',(#8610,#8612,#8613,#8614));
#8616=FACE_OUTER_BOUND('',#8615,.F.);
#8617=ADVANCED_FACE('',(#8616),#8609,.T.);
#8618=CARTESIAN_POINT('',(2.361E1,0.E0,-2.5E0));
#8619=DIRECTION('',(8.853979028379E-1,0.E0,-4.648338989899E-1));
#8620=DIRECTION('',(4.648338989899E-1,0.E0,8.853979028379E-1));
#8621=AXIS2_PLACEMENT_3D('',#8618,#8619,#8620);
#8622=PLANE('',#8621);
#8623=ORIENTED_EDGE('',*,*,#7713,.T.);
#8625=ORIENTED_EDGE('',*,*,#8624,.F.);
#8627=ORIENTED_EDGE('',*,*,#8626,.F.);
#8629=ORIENTED_EDGE('',*,*,#8628,.T.);
#8631=ORIENTED_EDGE('',*,*,#8630,.T.);
#8633=ORIENTED_EDGE('',*,*,#8632,.T.);
#8634=ORIENTED_EDGE('',*,*,#8611,.F.);
#8635=EDGE_LOOP('',(#8623,#8625,#8627,#8629,#8631,#8633,#8634));
#8636=FACE_OUTER_BOUND('',#8635,.F.);
#8637=ADVANCED_FACE('',(#8636),#8622,.T.);
#8638=CARTESIAN_POINT('',(-3.81E0,-2.5E-1,-2.075E0));
#8639=DIRECTION('',(0.E0,0.E0,-1.E0));
#8640=DIRECTION('',(0.E0,1.E0,0.E0));
#8641=AXIS2_PLACEMENT_3D('',#8638,#8639,#8640);
#8642=PLANE('',#8641);
#8643=ORIENTED_EDGE('',*,*,#7711,.F.);
#8645=ORIENTED_EDGE('',*,*,#8644,.F.);
#8647=ORIENTED_EDGE('',*,*,#8646,.F.);
#8648=ORIENTED_EDGE('',*,*,#8624,.T.);
#8649=EDGE_LOOP('',(#8643,#8645,#8647,#8648));
#8650=FACE_OUTER_BOUND('',#8649,.F.);
#8651=ADVANCED_FACE('',(#8650),#8642,.F.);
#8652=CARTESIAN_POINT('',(2.169E1,0.E0,-1.7E0));
#8653=DIRECTION('',(-8.853979028379E-1,0.E0,-4.648338989899E-1));
#8654=DIRECTION('',(4.648338989899E-1,0.E0,-8.853979028379E-1));
#8655=AXIS2_PLACEMENT_3D('',#8652,#8653,#8654);
#8656=PLANE('',#8655);
#8657=ORIENTED_EDGE('',*,*,#7709,.F.);
#8659=ORIENTED_EDGE('',*,*,#8658,.T.);
#8661=ORIENTED_EDGE('',*,*,#8660,.F.);
#8663=ORIENTED_EDGE('',*,*,#8662,.T.);
#8665=ORIENTED_EDGE('',*,*,#8664,.F.);
#8667=ORIENTED_EDGE('',*,*,#8666,.F.);
#8668=ORIENTED_EDGE('',*,*,#8644,.T.);
#8669=EDGE_LOOP('',(#8657,#8659,#8661,#8663,#8665,#8667,#8668));
#8670=FACE_OUTER_BOUND('',#8669,.F.);
#8671=ADVANCED_FACE('',(#8670),#8656,.T.);
#8672=CARTESIAN_POINT('',(2.149E1,0.E0,-1.7E0));
#8673=DIRECTION('',(0.E0,0.E0,-1.E0));
#8674=DIRECTION('',(1.E0,0.E0,0.E0));
#8675=AXIS2_PLACEMENT_3D('',#8672,#8673,#8674);
#8676=PLANE('',#8675);
#8677=ORIENTED_EDGE('',*,*,#7707,.F.);
#8679=ORIENTED_EDGE('',*,*,#8678,.T.);
#8680=ORIENTED_EDGE('',*,*,#8325,.F.);
#8681=ORIENTED_EDGE('',*,*,#8658,.F.);
#8682=EDGE_LOOP('',(#8677,#8679,#8680,#8681));
#8683=FACE_OUTER_BOUND('',#8682,.F.);
#8684=ADVANCED_FACE('',(#8683),#8676,.T.);
#8685=CARTESIAN_POINT('',(2.107E1,0.E0,-2.5E0));
#8686=DIRECTION('',(8.853979028379E-1,0.E0,-4.648338989899E-1));
#8687=DIRECTION('',(4.648338989899E-1,0.E0,8.853979028379E-1));
#8688=AXIS2_PLACEMENT_3D('',#8685,#8686,#8687);
#8689=PLANE('',#8688);
#8690=ORIENTED_EDGE('',*,*,#7705,.T.);
#8692=ORIENTED_EDGE('',*,*,#8691,.F.);
#8694=ORIENTED_EDGE('',*,*,#8693,.F.);
#8696=ORIENTED_EDGE('',*,*,#8695,.T.);
#8698=ORIENTED_EDGE('',*,*,#8697,.T.);
#8700=ORIENTED_EDGE('',*,*,#8699,.T.);
#8701=ORIENTED_EDGE('',*,*,#8678,.F.);
#8702=EDGE_LOOP('',(#8690,#8692,#8694,#8696,#8698,#8700,#8701));
#8703=FACE_OUTER_BOUND('',#8702,.F.);
#8704=ADVANCED_FACE('',(#8703),#8689,.T.);
#8705=CARTESIAN_POINT('',(-3.556E0,-2.5E-1,-2.075E0));
#8706=DIRECTION('',(0.E0,0.E0,-1.E0));
#8707=DIRECTION('',(0.E0,1.E0,0.E0));
#8708=AXIS2_PLACEMENT_3D('',#8705,#8706,#8707);
#8709=PLANE('',#8708);
#8710=ORIENTED_EDGE('',*,*,#7703,.F.);
#8712=ORIENTED_EDGE('',*,*,#8711,.F.);
#8714=ORIENTED_EDGE('',*,*,#8713,.F.);
#8715=ORIENTED_EDGE('',*,*,#8691,.T.);
#8716=EDGE_LOOP('',(#8710,#8712,#8714,#8715));
#8717=FACE_OUTER_BOUND('',#8716,.F.);
#8718=ADVANCED_FACE('',(#8717),#8709,.F.);
#8719=CARTESIAN_POINT('',(1.915E1,0.E0,-1.7E0));
#8720=DIRECTION('',(-8.853979028379E-1,0.E0,-4.648338989899E-1));
#8721=DIRECTION('',(4.648338989899E-1,0.E0,-8.853979028379E-1));
#8722=AXIS2_PLACEMENT_3D('',#8719,#8720,#8721);
#8723=PLANE('',#8722);
#8724=ORIENTED_EDGE('',*,*,#7701,.F.);
#8726=ORIENTED_EDGE('',*,*,#8725,.T.);
#8728=ORIENTED_EDGE('',*,*,#8727,.F.);
#8730=ORIENTED_EDGE('',*,*,#8729,.T.);
#8732=ORIENTED_EDGE('',*,*,#8731,.F.);
#8734=ORIENTED_EDGE('',*,*,#8733,.F.);
#8735=ORIENTED_EDGE('',*,*,#8711,.T.);
#8736=EDGE_LOOP('',(#8724,#8726,#8728,#8730,#8732,#8734,#8735));
#8737=FACE_OUTER_BOUND('',#8736,.F.);
#8738=ADVANCED_FACE('',(#8737),#8723,.T.);
#8739=CARTESIAN_POINT('',(1.895E1,0.E0,-1.7E0));
#8740=DIRECTION('',(0.E0,0.E0,-1.E0));
#8741=DIRECTION('',(1.E0,0.E0,0.E0));
#8742=AXIS2_PLACEMENT_3D('',#8739,#8740,#8741);
#8743=PLANE('',#8742);
#8744=ORIENTED_EDGE('',*,*,#7699,.F.);
#8746=ORIENTED_EDGE('',*,*,#8745,.T.);
#8747=ORIENTED_EDGE('',*,*,#8309,.F.);
#8748=ORIENTED_EDGE('',*,*,#8725,.F.);
#8749=EDGE_LOOP('',(#8744,#8746,#8747,#8748));
#8750=FACE_OUTER_BOUND('',#8749,.F.);
#8751=ADVANCED_FACE('',(#8750),#8743,.T.);
#8752=CARTESIAN_POINT('',(1.853E1,0.E0,-2.5E0));
#8753=DIRECTION('',(8.853979028379E-1,0.E0,-4.648338989899E-1));
#8754=DIRECTION('',(4.648338989899E-1,0.E0,8.853979028379E-1));
#8755=AXIS2_PLACEMENT_3D('',#8752,#8753,#8754);
#8756=PLANE('',#8755);
#8757=ORIENTED_EDGE('',*,*,#7697,.T.);
#8759=ORIENTED_EDGE('',*,*,#8758,.F.);
#8761=ORIENTED_EDGE('',*,*,#8760,.F.);
#8763=ORIENTED_EDGE('',*,*,#8762,.T.);
#8765=ORIENTED_EDGE('',*,*,#8764,.T.);
#8767=ORIENTED_EDGE('',*,*,#8766,.T.);
#8768=ORIENTED_EDGE('',*,*,#8745,.F.);
#8769=EDGE_LOOP('',(#8757,#8759,#8761,#8763,#8765,#8767,#8768));
#8770=FACE_OUTER_BOUND('',#8769,.F.);
#8771=ADVANCED_FACE('',(#8770),#8756,.T.);
#8772=CARTESIAN_POINT('',(-3.302E0,-2.5E-1,-2.075E0));
#8773=DIRECTION('',(0.E0,0.E0,-1.E0));
#8774=DIRECTION('',(0.E0,1.E0,0.E0));
#8775=AXIS2_PLACEMENT_3D('',#8772,#8773,#8774);
#8776=PLANE('',#8775);
#8777=ORIENTED_EDGE('',*,*,#7695,.F.);
#8779=ORIENTED_EDGE('',*,*,#8778,.F.);
#8781=ORIENTED_EDGE('',*,*,#8780,.F.);
#8782=ORIENTED_EDGE('',*,*,#8758,.T.);
#8783=EDGE_LOOP('',(#8777,#8779,#8781,#8782));
#8784=FACE_OUTER_BOUND('',#8783,.F.);
#8785=ADVANCED_FACE('',(#8784),#8776,.F.);
#8786=CARTESIAN_POINT('',(1.661E1,0.E0,-1.7E0));
#8787=DIRECTION('',(-8.853979028379E-1,0.E0,-4.648338989899E-1));
#8788=DIRECTION('',(4.648338989899E-1,0.E0,-8.853979028379E-1));
#8789=AXIS2_PLACEMENT_3D('',#8786,#8787,#8788);
#8790=PLANE('',#8789);
#8791=ORIENTED_EDGE('',*,*,#7693,.F.);
#8793=ORIENTED_EDGE('',*,*,#8792,.T.);
#8795=ORIENTED_EDGE('',*,*,#8794,.F.);
#8797=ORIENTED_EDGE('',*,*,#8796,.T.);
#8799=ORIENTED_EDGE('',*,*,#8798,.F.);
#8801=ORIENTED_EDGE('',*,*,#8800,.F.);
#8802=ORIENTED_EDGE('',*,*,#8778,.T.);
#8803=EDGE_LOOP('',(#8791,#8793,#8795,#8797,#8799,#8801,#8802));
#8804=FACE_OUTER_BOUND('',#8803,.F.);
#8805=ADVANCED_FACE('',(#8804),#8790,.T.);
#8806=CARTESIAN_POINT('',(1.641E1,0.E0,-1.7E0));
#8807=DIRECTION('',(0.E0,0.E0,-1.E0));
#8808=DIRECTION('',(1.E0,0.E0,0.E0));
#8809=AXIS2_PLACEMENT_3D('',#8806,#8807,#8808);
#8810=PLANE('',#8809);
#8811=ORIENTED_EDGE('',*,*,#7691,.F.);
#8813=ORIENTED_EDGE('',*,*,#8812,.T.);
#8814=ORIENTED_EDGE('',*,*,#8293,.F.);
#8815=ORIENTED_EDGE('',*,*,#8792,.F.);
#8816=EDGE_LOOP('',(#8811,#8813,#8814,#8815));
#8817=FACE_OUTER_BOUND('',#8816,.F.);
#8818=ADVANCED_FACE('',(#8817),#8810,.T.);
#8819=CARTESIAN_POINT('',(1.599E1,0.E0,-2.5E0));
#8820=DIRECTION('',(8.853979028379E-1,0.E0,-4.648338989899E-1));
#8821=DIRECTION('',(4.648338989899E-1,0.E0,8.853979028379E-1));
#8822=AXIS2_PLACEMENT_3D('',#8819,#8820,#8821);
#8823=PLANE('',#8822);
#8824=ORIENTED_EDGE('',*,*,#7689,.T.);
#8826=ORIENTED_EDGE('',*,*,#8825,.F.);
#8828=ORIENTED_EDGE('',*,*,#8827,.F.);
#8830=ORIENTED_EDGE('',*,*,#8829,.T.);
#8832=ORIENTED_EDGE('',*,*,#8831,.T.);
#8834=ORIENTED_EDGE('',*,*,#8833,.T.);
#8835=ORIENTED_EDGE('',*,*,#8812,.F.);
#8836=EDGE_LOOP('',(#8824,#8826,#8828,#8830,#8832,#8834,#8835));
#8837=FACE_OUTER_BOUND('',#8836,.F.);
#8838=ADVANCED_FACE('',(#8837),#8823,.T.);
#8839=CARTESIAN_POINT('',(-3.048E0,-2.5E-1,-2.075E0));
#8840=DIRECTION('',(0.E0,0.E0,-1.E0));
#8841=DIRECTION('',(0.E0,1.E0,0.E0));
#8842=AXIS2_PLACEMENT_3D('',#8839,#8840,#8841);
#8843=PLANE('',#8842);
#8844=ORIENTED_EDGE('',*,*,#7687,.F.);
#8846=ORIENTED_EDGE('',*,*,#8845,.F.);
#8848=ORIENTED_EDGE('',*,*,#8847,.F.);
#8849=ORIENTED_EDGE('',*,*,#8825,.T.);
#8850=EDGE_LOOP('',(#8844,#8846,#8848,#8849));
#8851=FACE_OUTER_BOUND('',#8850,.F.);
#8852=ADVANCED_FACE('',(#8851),#8843,.F.);
#8853=CARTESIAN_POINT('',(1.407E1,0.E0,-1.7E0));
#8854=DIRECTION('',(-8.853979028379E-1,0.E0,-4.648338989899E-1));
#8855=DIRECTION('',(4.648338989899E-1,0.E0,-8.853979028379E-1));
#8856=AXIS2_PLACEMENT_3D('',#8853,#8854,#8855);
#8857=PLANE('',#8856);
#8858=ORIENTED_EDGE('',*,*,#7685,.F.);
#8860=ORIENTED_EDGE('',*,*,#8859,.T.);
#8862=ORIENTED_EDGE('',*,*,#8861,.F.);
#8864=ORIENTED_EDGE('',*,*,#8863,.T.);
#8866=ORIENTED_EDGE('',*,*,#8865,.F.);
#8868=ORIENTED_EDGE('',*,*,#8867,.F.);
#8869=ORIENTED_EDGE('',*,*,#8845,.T.);
#8870=EDGE_LOOP('',(#8858,#8860,#8862,#8864,#8866,#8868,#8869));
#8871=FACE_OUTER_BOUND('',#8870,.F.);
#8872=ADVANCED_FACE('',(#8871),#8857,.T.);
#8873=CARTESIAN_POINT('',(1.387E1,0.E0,-1.7E0));
#8874=DIRECTION('',(0.E0,0.E0,-1.E0));
#8875=DIRECTION('',(1.E0,0.E0,0.E0));
#8876=AXIS2_PLACEMENT_3D('',#8873,#8874,#8875);
#8877=PLANE('',#8876);
#8878=ORIENTED_EDGE('',*,*,#7683,.F.);
#8880=ORIENTED_EDGE('',*,*,#8879,.T.);
#8881=ORIENTED_EDGE('',*,*,#8277,.F.);
#8882=ORIENTED_EDGE('',*,*,#8859,.F.);
#8883=EDGE_LOOP('',(#8878,#8880,#8881,#8882));
#8884=FACE_OUTER_BOUND('',#8883,.F.);
#8885=ADVANCED_FACE('',(#8884),#8877,.T.);
#8886=CARTESIAN_POINT('',(1.345E1,0.E0,-2.5E0));
#8887=DIRECTION('',(8.853979028379E-1,0.E0,-4.648338989899E-1));
#8888=DIRECTION('',(4.648338989899E-1,0.E0,8.853979028379E-1));
#8889=AXIS2_PLACEMENT_3D('',#8886,#8887,#8888);
#8890=PLANE('',#8889);
#8891=ORIENTED_EDGE('',*,*,#7681,.T.);
#8893=ORIENTED_EDGE('',*,*,#8892,.F.);
#8895=ORIENTED_EDGE('',*,*,#8894,.F.);
#8897=ORIENTED_EDGE('',*,*,#8896,.T.);
#8899=ORIENTED_EDGE('',*,*,#8898,.T.);
#8901=ORIENTED_EDGE('',*,*,#8900,.T.);
#8902=ORIENTED_EDGE('',*,*,#8879,.F.);
#8903=EDGE_LOOP('',(#8891,#8893,#8895,#8897,#8899,#8901,#8902));
#8904=FACE_OUTER_BOUND('',#8903,.F.);
#8905=ADVANCED_FACE('',(#8904),#8890,.T.);
#8906=CARTESIAN_POINT('',(-2.794E0,-2.5E-1,-2.075E0));
#8907=DIRECTION('',(0.E0,0.E0,-1.E0));
#8908=DIRECTION('',(0.E0,1.E0,0.E0));
#8909=AXIS2_PLACEMENT_3D('',#8906,#8907,#8908);
#8910=PLANE('',#8909);
#8911=ORIENTED_EDGE('',*,*,#7679,.F.);
#8913=ORIENTED_EDGE('',*,*,#8912,.F.);
#8915=ORIENTED_EDGE('',*,*,#8914,.F.);
#8916=ORIENTED_EDGE('',*,*,#8892,.T.);
#8917=EDGE_LOOP('',(#8911,#8913,#8915,#8916));
#8918=FACE_OUTER_BOUND('',#8917,.F.);
#8919=ADVANCED_FACE('',(#8918),#8910,.F.);
#8920=CARTESIAN_POINT('',(1.153E1,0.E0,-1.7E0));
#8921=DIRECTION('',(-8.853979028379E-1,0.E0,-4.648338989899E-1));
#8922=DIRECTION('',(4.648338989899E-1,0.E0,-8.853979028379E-1));
#8923=AXIS2_PLACEMENT_3D('',#8920,#8921,#8922);
#8924=PLANE('',#8923);
#8925=ORIENTED_EDGE('',*,*,#7677,.F.);
#8927=ORIENTED_EDGE('',*,*,#8926,.T.);
#8929=ORIENTED_EDGE('',*,*,#8928,.F.);
#8931=ORIENTED_EDGE('',*,*,#8930,.T.);
#8933=ORIENTED_EDGE('',*,*,#8932,.F.);
#8935=ORIENTED_EDGE('',*,*,#8934,.F.);
#8936=ORIENTED_EDGE('',*,*,#8912,.T.);
#8937=EDGE_LOOP('',(#8925,#8927,#8929,#8931,#8933,#8935,#8936));
#8938=FACE_OUTER_BOUND('',#8937,.F.);
#8939=ADVANCED_FACE('',(#8938),#8924,.T.);
#8940=CARTESIAN_POINT('',(1.133E1,0.E0,-1.7E0));
#8941=DIRECTION('',(0.E0,0.E0,-1.E0));
#8942=DIRECTION('',(1.E0,0.E0,0.E0));
#8943=AXIS2_PLACEMENT_3D('',#8940,#8941,#8942);
#8944=PLANE('',#8943);
#8945=ORIENTED_EDGE('',*,*,#7675,.F.);
#8947=ORIENTED_EDGE('',*,*,#8946,.T.);
#8948=ORIENTED_EDGE('',*,*,#8261,.F.);
#8949=ORIENTED_EDGE('',*,*,#8926,.F.);
#8950=EDGE_LOOP('',(#8945,#8947,#8948,#8949));
#8951=FACE_OUTER_BOUND('',#8950,.F.);
#8952=ADVANCED_FACE('',(#8951),#8944,.T.);
#8953=CARTESIAN_POINT('',(1.091E1,0.E0,-2.5E0));
#8954=DIRECTION('',(8.853979028379E-1,0.E0,-4.648338989899E-1));
#8955=DIRECTION('',(4.648338989899E-1,0.E0,8.853979028379E-1));
#8956=AXIS2_PLACEMENT_3D('',#8953,#8954,#8955);
#8957=PLANE('',#8956);
#8958=ORIENTED_EDGE('',*,*,#7673,.T.);
#8960=ORIENTED_EDGE('',*,*,#8959,.F.);
#8962=ORIENTED_EDGE('',*,*,#8961,.F.);
#8964=ORIENTED_EDGE('',*,*,#8963,.T.);
#8966=ORIENTED_EDGE('',*,*,#8965,.T.);
#8968=ORIENTED_EDGE('',*,*,#8967,.T.);
#8969=ORIENTED_EDGE('',*,*,#8946,.F.);
#8970=EDGE_LOOP('',(#8958,#8960,#8962,#8964,#8966,#8968,#8969));
#8971=FACE_OUTER_BOUND('',#8970,.F.);
#8972=ADVANCED_FACE('',(#8971),#8957,.T.);
#8973=CARTESIAN_POINT('',(-2.54E0,-2.5E-1,-2.075E0));
#8974=DIRECTION('',(0.E0,0.E0,-1.E0));
#8975=DIRECTION('',(0.E0,1.E0,0.E0));
#8976=AXIS2_PLACEMENT_3D('',#8973,#8974,#8975);
#8977=PLANE('',#8976);
#8978=ORIENTED_EDGE('',*,*,#7671,.F.);
#8980=ORIENTED_EDGE('',*,*,#8979,.F.);
#8982=ORIENTED_EDGE('',*,*,#8981,.F.);
#8983=ORIENTED_EDGE('',*,*,#8959,.T.);
#8984=EDGE_LOOP('',(#8978,#8980,#8982,#8983));
#8985=FACE_OUTER_BOUND('',#8984,.F.);
#8986=ADVANCED_FACE('',(#8985),#8977,.F.);
#8987=CARTESIAN_POINT('',(8.99E0,0.E0,-1.7E0));
#8988=DIRECTION('',(-8.853979028379E-1,0.E0,-4.648338989899E-1));
#8989=DIRECTION('',(4.648338989899E-1,0.E0,-8.853979028379E-1));
#8990=AXIS2_PLACEMENT_3D('',#8987,#8988,#8989);
#8991=PLANE('',#8990);
#8992=ORIENTED_EDGE('',*,*,#7669,.F.);
#8994=ORIENTED_EDGE('',*,*,#8993,.T.);
#8996=ORIENTED_EDGE('',*,*,#8995,.F.);
#8998=ORIENTED_EDGE('',*,*,#8997,.T.);
#9000=ORIENTED_EDGE('',*,*,#8999,.F.);
#9002=ORIENTED_EDGE('',*,*,#9001,.F.);
#9003=ORIENTED_EDGE('',*,*,#8979,.T.);
#9004=EDGE_LOOP('',(#8992,#8994,#8996,#8998,#9000,#9002,#9003));
#9005=FACE_OUTER_BOUND('',#9004,.F.);
#9006=ADVANCED_FACE('',(#9005),#8991,.T.);
#9007=CARTESIAN_POINT('',(8.79E0,0.E0,-1.7E0));
#9008=DIRECTION('',(0.E0,0.E0,-1.E0));
#9009=DIRECTION('',(1.E0,0.E0,0.E0));
#9010=AXIS2_PLACEMENT_3D('',#9007,#9008,#9009);
#9011=PLANE('',#9010);
#9012=ORIENTED_EDGE('',*,*,#7667,.F.);
#9014=ORIENTED_EDGE('',*,*,#9013,.T.);
#9015=ORIENTED_EDGE('',*,*,#8245,.F.);
#9016=ORIENTED_EDGE('',*,*,#8993,.F.);
#9017=EDGE_LOOP('',(#9012,#9014,#9015,#9016));
#9018=FACE_OUTER_BOUND('',#9017,.F.);
#9019=ADVANCED_FACE('',(#9018),#9011,.T.);
#9020=CARTESIAN_POINT('',(8.37E0,0.E0,-2.5E0));
#9021=DIRECTION('',(8.853979028379E-1,0.E0,-4.648338989899E-1));
#9022=DIRECTION('',(4.648338989899E-1,0.E0,8.853979028379E-1));
#9023=AXIS2_PLACEMENT_3D('',#9020,#9021,#9022);
#9024=PLANE('',#9023);
#9025=ORIENTED_EDGE('',*,*,#7665,.T.);
#9027=ORIENTED_EDGE('',*,*,#9026,.F.);
#9029=ORIENTED_EDGE('',*,*,#9028,.F.);
#9031=ORIENTED_EDGE('',*,*,#9030,.T.);
#9033=ORIENTED_EDGE('',*,*,#9032,.T.);
#9035=ORIENTED_EDGE('',*,*,#9034,.T.);
#9036=ORIENTED_EDGE('',*,*,#9013,.F.);
#9037=EDGE_LOOP('',(#9025,#9027,#9029,#9031,#9033,#9035,#9036));
#9038=FACE_OUTER_BOUND('',#9037,.F.);
#9039=ADVANCED_FACE('',(#9038),#9024,.T.);
#9040=CARTESIAN_POINT('',(-2.286E0,-2.5E-1,-2.075E0));
#9041=DIRECTION('',(0.E0,0.E0,-1.E0));
#9042=DIRECTION('',(0.E0,1.E0,0.E0));
#9043=AXIS2_PLACEMENT_3D('',#9040,#9041,#9042);
#9044=PLANE('',#9043);
#9045=ORIENTED_EDGE('',*,*,#7663,.F.);
#9047=ORIENTED_EDGE('',*,*,#9046,.F.);
#9049=ORIENTED_EDGE('',*,*,#9048,.F.);
#9050=ORIENTED_EDGE('',*,*,#9026,.T.);
#9051=EDGE_LOOP('',(#9045,#9047,#9049,#9050));
#9052=FACE_OUTER_BOUND('',#9051,.F.);
#9053=ADVANCED_FACE('',(#9052),#9044,.F.);
#9054=CARTESIAN_POINT('',(6.45E0,0.E0,-1.7E0));
#9055=DIRECTION('',(-8.853979028379E-1,0.E0,-4.648338989899E-1));
#9056=DIRECTION('',(4.648338989899E-1,0.E0,-8.853979028379E-1));
#9057=AXIS2_PLACEMENT_3D('',#9054,#9055,#9056);
#9058=PLANE('',#9057);
#9059=ORIENTED_EDGE('',*,*,#7661,.F.);
#9061=ORIENTED_EDGE('',*,*,#9060,.T.);
#9063=ORIENTED_EDGE('',*,*,#9062,.F.);
#9065=ORIENTED_EDGE('',*,*,#9064,.T.);
#9067=ORIENTED_EDGE('',*,*,#9066,.F.);
#9069=ORIENTED_EDGE('',*,*,#9068,.F.);
#9070=ORIENTED_EDGE('',*,*,#9046,.T.);
#9071=EDGE_LOOP('',(#9059,#9061,#9063,#9065,#9067,#9069,#9070));
#9072=FACE_OUTER_BOUND('',#9071,.F.);
#9073=ADVANCED_FACE('',(#9072),#9058,.T.);
#9074=CARTESIAN_POINT('',(6.25E0,0.E0,-1.7E0));
#9075=DIRECTION('',(0.E0,0.E0,-1.E0));
#9076=DIRECTION('',(1.E0,0.E0,0.E0));
#9077=AXIS2_PLACEMENT_3D('',#9074,#9075,#9076);
#9078=PLANE('',#9077);
#9079=ORIENTED_EDGE('',*,*,#7659,.F.);
#9081=ORIENTED_EDGE('',*,*,#9080,.T.);
#9082=ORIENTED_EDGE('',*,*,#8229,.F.);
#9083=ORIENTED_EDGE('',*,*,#9060,.F.);
#9084=EDGE_LOOP('',(#9079,#9081,#9082,#9083));
#9085=FACE_OUTER_BOUND('',#9084,.F.);
#9086=ADVANCED_FACE('',(#9085),#9078,.T.);
#9087=CARTESIAN_POINT('',(5.83E0,0.E0,-2.5E0));
#9088=DIRECTION('',(8.853979028379E-1,0.E0,-4.648338989899E-1));
#9089=DIRECTION('',(4.648338989899E-1,0.E0,8.853979028379E-1));
#9090=AXIS2_PLACEMENT_3D('',#9087,#9088,#9089);
#9091=PLANE('',#9090);
#9092=ORIENTED_EDGE('',*,*,#7657,.T.);
#9094=ORIENTED_EDGE('',*,*,#9093,.F.);
#9096=ORIENTED_EDGE('',*,*,#9095,.F.);
#9098=ORIENTED_EDGE('',*,*,#9097,.T.);
#9100=ORIENTED_EDGE('',*,*,#9099,.T.);
#9102=ORIENTED_EDGE('',*,*,#9101,.T.);
#9103=ORIENTED_EDGE('',*,*,#9080,.F.);
#9104=EDGE_LOOP('',(#9092,#9094,#9096,#9098,#9100,#9102,#9103));
#9105=FACE_OUTER_BOUND('',#9104,.F.);
#9106=ADVANCED_FACE('',(#9105),#9091,.T.);
#9107=CARTESIAN_POINT('',(-2.032E0,-2.5E-1,-2.075E0));
#9108=DIRECTION('',(0.E0,0.E0,-1.E0));
#9109=DIRECTION('',(0.E0,1.E0,0.E0));
#9110=AXIS2_PLACEMENT_3D('',#9107,#9108,#9109);
#9111=PLANE('',#9110);
#9112=ORIENTED_EDGE('',*,*,#7655,.F.);
#9114=ORIENTED_EDGE('',*,*,#9113,.F.);
#9116=ORIENTED_EDGE('',*,*,#9115,.F.);
#9117=ORIENTED_EDGE('',*,*,#9093,.T.);
#9118=EDGE_LOOP('',(#9112,#9114,#9116,#9117));
#9119=FACE_OUTER_BOUND('',#9118,.F.);
#9120=ADVANCED_FACE('',(#9119),#9111,.F.);
#9121=CARTESIAN_POINT('',(3.91E0,0.E0,-1.7E0));
#9122=DIRECTION('',(-8.853979028379E-1,0.E0,-4.648338989899E-1));
#9123=DIRECTION('',(4.648338989899E-1,0.E0,-8.853979028379E-1));
#9124=AXIS2_PLACEMENT_3D('',#9121,#9122,#9123);
#9125=PLANE('',#9124);
#9126=ORIENTED_EDGE('',*,*,#7653,.F.);
#9128=ORIENTED_EDGE('',*,*,#9127,.T.);
#9130=ORIENTED_EDGE('',*,*,#9129,.F.);
#9132=ORIENTED_EDGE('',*,*,#9131,.T.);
#9134=ORIENTED_EDGE('',*,*,#9133,.F.);
#9136=ORIENTED_EDGE('',*,*,#9135,.F.);
#9137=ORIENTED_EDGE('',*,*,#9113,.T.);
#9138=EDGE_LOOP('',(#9126,#9128,#9130,#9132,#9134,#9136,#9137));
#9139=FACE_OUTER_BOUND('',#9138,.F.);
#9140=ADVANCED_FACE('',(#9139),#9125,.T.);
#9141=CARTESIAN_POINT('',(3.71E0,0.E0,-1.7E0));
#9142=DIRECTION('',(0.E0,0.E0,-1.E0));
#9143=DIRECTION('',(1.E0,0.E0,0.E0));
#9144=AXIS2_PLACEMENT_3D('',#9141,#9142,#9143);
#9145=PLANE('',#9144);
#9146=ORIENTED_EDGE('',*,*,#7651,.F.);
#9148=ORIENTED_EDGE('',*,*,#9147,.T.);
#9149=ORIENTED_EDGE('',*,*,#8213,.F.);
#9150=ORIENTED_EDGE('',*,*,#9127,.F.);
#9151=EDGE_LOOP('',(#9146,#9148,#9149,#9150));
#9152=FACE_OUTER_BOUND('',#9151,.F.);
#9153=ADVANCED_FACE('',(#9152),#9145,.T.);
#9154=CARTESIAN_POINT('',(3.29E0,0.E0,-2.5E0));
#9155=DIRECTION('',(8.853979028379E-1,0.E0,-4.648338989899E-1));
#9156=DIRECTION('',(4.648338989899E-1,0.E0,8.853979028379E-1));
#9157=AXIS2_PLACEMENT_3D('',#9154,#9155,#9156);
#9158=PLANE('',#9157);
#9159=ORIENTED_EDGE('',*,*,#7649,.T.);
#9161=ORIENTED_EDGE('',*,*,#9160,.F.);
#9163=ORIENTED_EDGE('',*,*,#9162,.F.);
#9165=ORIENTED_EDGE('',*,*,#9164,.T.);
#9167=ORIENTED_EDGE('',*,*,#9166,.T.);
#9169=ORIENTED_EDGE('',*,*,#9168,.T.);
#9170=ORIENTED_EDGE('',*,*,#9147,.F.);
#9171=EDGE_LOOP('',(#9159,#9161,#9163,#9165,#9167,#9169,#9170));
#9172=FACE_OUTER_BOUND('',#9171,.F.);
#9173=ADVANCED_FACE('',(#9172),#9158,.T.);
#9174=CARTESIAN_POINT('',(-1.778E0,-2.5E-1,-2.075E0));
#9175=DIRECTION('',(0.E0,0.E0,-1.E0));
#9176=DIRECTION('',(0.E0,1.E0,0.E0));
#9177=AXIS2_PLACEMENT_3D('',#9174,#9175,#9176);
#9178=PLANE('',#9177);
#9179=ORIENTED_EDGE('',*,*,#7647,.F.);
#9181=ORIENTED_EDGE('',*,*,#9180,.F.);
#9183=ORIENTED_EDGE('',*,*,#9182,.F.);
#9184=ORIENTED_EDGE('',*,*,#9160,.T.);
#9185=EDGE_LOOP('',(#9179,#9181,#9183,#9184));
#9186=FACE_OUTER_BOUND('',#9185,.F.);
#9187=ADVANCED_FACE('',(#9186),#9178,.F.);
#9188=CARTESIAN_POINT('',(1.37E0,0.E0,-1.7E0));
#9189=DIRECTION('',(-8.853979028379E-1,0.E0,-4.648338989899E-1));
#9190=DIRECTION('',(4.648338989899E-1,0.E0,-8.853979028379E-1));
#9191=AXIS2_PLACEMENT_3D('',#9188,#9189,#9190);
#9192=PLANE('',#9191);
#9193=ORIENTED_EDGE('',*,*,#7645,.F.);
#9195=ORIENTED_EDGE('',*,*,#9194,.T.);
#9197=ORIENTED_EDGE('',*,*,#9196,.F.);
#9199=ORIENTED_EDGE('',*,*,#9198,.T.);
#9201=ORIENTED_EDGE('',*,*,#9200,.F.);
#9203=ORIENTED_EDGE('',*,*,#9202,.F.);
#9204=ORIENTED_EDGE('',*,*,#9180,.T.);
#9205=EDGE_LOOP('',(#9193,#9195,#9197,#9199,#9201,#9203,#9204));
#9206=FACE_OUTER_BOUND('',#9205,.F.);
#9207=ADVANCED_FACE('',(#9206),#9192,.T.);
#9208=CARTESIAN_POINT('',(1.17E0,0.E0,-1.7E0));
#9209=DIRECTION('',(0.E0,0.E0,-1.E0));
#9210=DIRECTION('',(1.E0,0.E0,0.E0));
#9211=AXIS2_PLACEMENT_3D('',#9208,#9209,#9210);
#9212=PLANE('',#9211);
#9213=ORIENTED_EDGE('',*,*,#7643,.F.);
#9215=ORIENTED_EDGE('',*,*,#9214,.T.);
#9216=ORIENTED_EDGE('',*,*,#8197,.F.);
#9217=ORIENTED_EDGE('',*,*,#9194,.F.);
#9218=EDGE_LOOP('',(#9213,#9215,#9216,#9217));
#9219=FACE_OUTER_BOUND('',#9218,.F.);
#9220=ADVANCED_FACE('',(#9219),#9212,.T.);
#9221=CARTESIAN_POINT('',(7.5E-1,0.E0,-2.5E0));
#9222=DIRECTION('',(8.853979028379E-1,0.E0,-4.648338989899E-1));
#9223=DIRECTION('',(4.648338989899E-1,0.E0,8.853979028379E-1));
#9224=AXIS2_PLACEMENT_3D('',#9221,#9222,#9223);
#9225=PLANE('',#9224);
#9226=ORIENTED_EDGE('',*,*,#7641,.T.);
#9228=ORIENTED_EDGE('',*,*,#9227,.F.);
#9229=ORIENTED_EDGE('',*,*,#7472,.F.);
#9231=ORIENTED_EDGE('',*,*,#9230,.T.);
#9233=ORIENTED_EDGE('',*,*,#9232,.T.);
#9235=ORIENTED_EDGE('',*,*,#9234,.T.);
#9236=ORIENTED_EDGE('',*,*,#9214,.F.);
#9237=EDGE_LOOP('',(#9226,#9228,#9229,#9231,#9233,#9235,#9236));
#9238=FACE_OUTER_BOUND('',#9237,.F.);
#9239=ADVANCED_FACE('',(#9238),#9225,.T.);
#9240=CARTESIAN_POINT('',(-1.524E0,-2.5E-1,-2.075E0));
#9241=DIRECTION('',(0.E0,0.E0,-1.E0));
#9242=DIRECTION('',(0.E0,1.E0,0.E0));
#9243=AXIS2_PLACEMENT_3D('',#9240,#9241,#9242);
#9244=PLANE('',#9243);
#9245=ORIENTED_EDGE('',*,*,#9227,.T.);
#9246=ORIENTED_EDGE('',*,*,#7639,.F.);
#9248=ORIENTED_EDGE('',*,*,#9247,.F.);
#9249=ORIENTED_EDGE('',*,*,#7466,.F.);
#9250=EDGE_LOOP('',(#9245,#9246,#9248,#9249));
#9251=FACE_OUTER_BOUND('',#9250,.F.);
#9252=ADVANCED_FACE('',(#9251),#9244,.F.);
#9253=CARTESIAN_POINT('',(-1.17E0,0.E0,-1.7E0));
#9254=DIRECTION('',(-8.853979028379E-1,0.E0,-4.648338989899E-1));
#9255=DIRECTION('',(4.648338989899E-1,0.E0,-8.853979028379E-1));
#9256=AXIS2_PLACEMENT_3D('',#9253,#9254,#9255);
#9257=PLANE('',#9256);
#9258=ORIENTED_EDGE('',*,*,#7637,.F.);
#9260=ORIENTED_EDGE('',*,*,#9259,.T.);
#9262=ORIENTED_EDGE('',*,*,#9261,.F.);
#9264=ORIENTED_EDGE('',*,*,#9263,.T.);
#9266=ORIENTED_EDGE('',*,*,#9265,.F.);
#9267=ORIENTED_EDGE('',*,*,#7468,.F.);
#9268=ORIENTED_EDGE('',*,*,#9247,.T.);
#9269=EDGE_LOOP('',(#9258,#9260,#9262,#9264,#9266,#9267,#9268));
#9270=FACE_OUTER_BOUND('',#9269,.F.);
#9271=ADVANCED_FACE('',(#9270),#9257,.T.);
#9272=CARTESIAN_POINT('',(-1.27E0,0.E0,-1.7E0));
#9273=DIRECTION('',(0.E0,0.E0,-1.E0));
#9274=DIRECTION('',(1.E0,0.E0,0.E0));
#9275=AXIS2_PLACEMENT_3D('',#9272,#9273,#9274);
#9276=PLANE('',#9275);
#9277=ORIENTED_EDGE('',*,*,#7635,.F.);
#9279=ORIENTED_EDGE('',*,*,#9278,.T.);
#9280=ORIENTED_EDGE('',*,*,#8183,.T.);
#9281=ORIENTED_EDGE('',*,*,#9259,.F.);
#9282=EDGE_LOOP('',(#9277,#9279,#9280,#9281));
#9283=FACE_OUTER_BOUND('',#9282,.F.);
#9284=ADVANCED_FACE('',(#9283),#9276,.T.);
#9285=CARTESIAN_POINT('',(-1.27E0,0.E0,1.7E0));
#9286=DIRECTION('',(-1.E0,0.E0,0.E0));
#9287=DIRECTION('',(0.E0,0.E0,-1.E0));
#9288=AXIS2_PLACEMENT_3D('',#9285,#9286,#9287);
#9289=PLANE('',#9288);
#9290=ORIENTED_EDGE('',*,*,#7633,.F.);
#9292=ORIENTED_EDGE('',*,*,#9291,.T.);
#9293=ORIENTED_EDGE('',*,*,#8177,.T.);
#9294=ORIENTED_EDGE('',*,*,#9278,.F.);
#9295=EDGE_LOOP('',(#9290,#9292,#9293,#9294));
#9296=FACE_OUTER_BOUND('',#9295,.F.);
#9297=ADVANCED_FACE('',(#9296),#9289,.T.);
#9298=CARTESIAN_POINT('',(-1.17E0,0.E0,1.7E0));
#9299=DIRECTION('',(0.E0,0.E0,1.E0));
#9300=DIRECTION('',(-1.E0,0.E0,0.E0));
#9301=AXIS2_PLACEMENT_3D('',#9298,#9299,#9300);
#9302=PLANE('',#9301);
#9303=ORIENTED_EDGE('',*,*,#7631,.F.);
#9305=ORIENTED_EDGE('',*,*,#9304,.T.);
#9306=ORIENTED_EDGE('',*,*,#8179,.T.);
#9307=ORIENTED_EDGE('',*,*,#9291,.F.);
#9308=EDGE_LOOP('',(#9303,#9305,#9306,#9307));
#9309=FACE_OUTER_BOUND('',#9308,.F.);
#9310=ADVANCED_FACE('',(#9309),#9302,.T.);
#9311=CARTESIAN_POINT('',(-7.5E-1,0.E0,2.5E0));
#9312=DIRECTION('',(-8.853979028379E-1,0.E0,4.648338989899E-1));
#9313=DIRECTION('',(-4.648338989899E-1,0.E0,-8.853979028379E-1));
#9314=AXIS2_PLACEMENT_3D('',#9311,#9312,#9313);
#9315=PLANE('',#9314);
#9316=ORIENTED_EDGE('',*,*,#7485,.F.);
#9317=ORIENTED_EDGE('',*,*,#7456,.F.);
#9319=ORIENTED_EDGE('',*,*,#9318,.T.);
#9321=ORIENTED_EDGE('',*,*,#9320,.T.);
#9323=ORIENTED_EDGE('',*,*,#9322,.T.);
#9324=ORIENTED_EDGE('',*,*,#9304,.F.);
#9325=ORIENTED_EDGE('',*,*,#7629,.T.);
#9326=EDGE_LOOP('',(#9316,#9317,#9319,#9321,#9323,#9324,#9325));
#9327=FACE_OUTER_BOUND('',#9326,.F.);
#9328=ADVANCED_FACE('',(#9327),#9315,.T.);
#9329=CARTESIAN_POINT('',(7.5E-1,0.E0,2.5E0));
#9330=DIRECTION('',(0.E0,0.E0,1.E0));
#9331=DIRECTION('',(-1.E0,0.E0,0.E0));
#9332=AXIS2_PLACEMENT_3D('',#9329,#9330,#9331);
#9333=PLANE('',#9332);
#9334=ORIENTED_EDGE('',*,*,#7454,.F.);
#9335=ORIENTED_EDGE('',*,*,#7506,.T.);
#9337=ORIENTED_EDGE('',*,*,#9336,.T.);
#9338=ORIENTED_EDGE('',*,*,#9318,.F.);
#9339=EDGE_LOOP('',(#9334,#9335,#9337,#9338));
#9340=FACE_OUTER_BOUND('',#9339,.F.);
#9341=ADVANCED_FACE('',(#9340),#9333,.T.);
#9342=CARTESIAN_POINT('',(0.E0,-2.54E0,0.E0));
#9343=DIRECTION('',(0.E0,-1.E0,0.E0));
#9344=DIRECTION('',(-1.E0,0.E0,0.E0));
#9345=AXIS2_PLACEMENT_3D('',#9342,#9343,#9344);
#9346=PLANE('',#9345);
#9348=ORIENTED_EDGE('',*,*,#9347,.T.);
#9349=ORIENTED_EDGE('',*,*,#9232,.F.);
#9351=ORIENTED_EDGE('',*,*,#9350,.F.);
#9352=ORIENTED_EDGE('',*,*,#9263,.F.);
#9354=ORIENTED_EDGE('',*,*,#9353,.T.);
#9355=ORIENTED_EDGE('',*,*,#9320,.F.);
#9356=ORIENTED_EDGE('',*,*,#9336,.F.);
#9357=ORIENTED_EDGE('',*,*,#7504,.F.);
#9358=EDGE_LOOP('',(#9348,#9349,#9351,#9352,#9354,#9355,#9356,#9357));
#9359=FACE_OUTER_BOUND('',#9358,.F.);
#9361=ORIENTED_EDGE('',*,*,#9360,.F.);
#9363=ORIENTED_EDGE('',*,*,#9362,.F.);
#9365=ORIENTED_EDGE('',*,*,#9364,.F.);
#9367=ORIENTED_EDGE('',*,*,#9366,.F.);
#9368=EDGE_LOOP('',(#9361,#9363,#9365,#9367));
#9369=FACE_BOUND('',#9368,.F.);
#9371=ORIENTED_EDGE('',*,*,#9370,.F.);
#9373=ORIENTED_EDGE('',*,*,#9372,.F.);
#9375=ORIENTED_EDGE('',*,*,#9374,.F.);
#9377=ORIENTED_EDGE('',*,*,#9376,.F.);
#9378=EDGE_LOOP('',(#9371,#9373,#9375,#9377));
#9379=FACE_BOUND('',#9378,.F.);
#9380=ADVANCED_FACE('',(#9359,#9369,#9379),#9346,.T.);
#9381=CARTESIAN_POINT('',(3.2E-1,0.E0,-9.5E-1));
#9382=DIRECTION('',(-1.E0,0.E0,0.E0));
#9383=DIRECTION('',(0.E0,0.E0,-1.E0));
#9384=AXIS2_PLACEMENT_3D('',#9381,#9382,#9383);
#9385=PLANE('',#9384);
#9386=ORIENTED_EDGE('',*,*,#7963,.F.);
#9388=ORIENTED_EDGE('',*,*,#9387,.T.);
#9389=ORIENTED_EDGE('',*,*,#9370,.T.);
#9391=ORIENTED_EDGE('',*,*,#9390,.F.);
#9392=EDGE_LOOP('',(#9386,#9388,#9389,#9391));
#9393=FACE_OUTER_BOUND('',#9392,.F.);
#9394=ADVANCED_FACE('',(#9393),#9385,.T.);
#9395=CARTESIAN_POINT('',(-3.2E-1,0.E0,-9.5E-1));
#9396=DIRECTION('',(0.E0,0.E0,-1.E0));
#9397=DIRECTION('',(1.E0,0.E0,0.E0));
#9398=AXIS2_PLACEMENT_3D('',#9395,#9396,#9397);
#9399=PLANE('',#9398);
#9400=ORIENTED_EDGE('',*,*,#7969,.F.);
#9402=ORIENTED_EDGE('',*,*,#9401,.T.);
#9403=ORIENTED_EDGE('',*,*,#9372,.T.);
#9404=ORIENTED_EDGE('',*,*,#9387,.F.);
#9405=EDGE_LOOP('',(#9400,#9402,#9403,#9404));
#9406=FACE_OUTER_BOUND('',#9405,.F.);
#9407=ADVANCED_FACE('',(#9406),#9399,.T.);
#9408=CARTESIAN_POINT('',(-3.2E-1,0.E0,-1.59E0));
#9409=DIRECTION('',(1.E0,0.E0,0.E0));
#9410=DIRECTION('',(0.E0,0.E0,1.E0));
#9411=AXIS2_PLACEMENT_3D('',#9408,#9409,#9410);
#9412=PLANE('',#9411);
#9413=ORIENTED_EDGE('',*,*,#7967,.F.);
#9415=ORIENTED_EDGE('',*,*,#9414,.T.);
#9416=ORIENTED_EDGE('',*,*,#9374,.T.);
#9417=ORIENTED_EDGE('',*,*,#9401,.F.);
#9418=EDGE_LOOP('',(#9413,#9415,#9416,#9417));
#9419=FACE_OUTER_BOUND('',#9418,.F.);
#9420=ADVANCED_FACE('',(#9419),#9412,.T.);
#9421=CARTESIAN_POINT('',(3.2E-1,0.E0,-1.59E0));
#9422=DIRECTION('',(0.E0,0.E0,1.E0));
#9423=DIRECTION('',(-1.E0,0.E0,0.E0));
#9424=AXIS2_PLACEMENT_3D('',#9421,#9422,#9423);
#9425=PLANE('',#9424);
#9426=ORIENTED_EDGE('',*,*,#7965,.F.);
#9427=ORIENTED_EDGE('',*,*,#9390,.T.);
#9428=ORIENTED_EDGE('',*,*,#9376,.T.);
#9429=ORIENTED_EDGE('',*,*,#9414,.F.);
#9430=EDGE_LOOP('',(#9426,#9427,#9428,#9429));
#9431=FACE_OUTER_BOUND('',#9430,.F.);
#9432=ADVANCED_FACE('',(#9431),#9425,.T.);
#9433=CARTESIAN_POINT('',(3.2E-1,0.E0,1.59E0));
#9434=DIRECTION('',(-1.E0,0.E0,0.E0));
#9435=DIRECTION('',(0.E0,0.E0,-1.E0));
#9436=AXIS2_PLACEMENT_3D('',#9433,#9434,#9435);
#9437=PLANE('',#9436);
#9438=ORIENTED_EDGE('',*,*,#7973,.F.);
#9440=ORIENTED_EDGE('',*,*,#9439,.T.);
#9441=ORIENTED_EDGE('',*,*,#9360,.T.);
#9443=ORIENTED_EDGE('',*,*,#9442,.F.);
#9444=EDGE_LOOP('',(#9438,#9440,#9441,#9443));
#9445=FACE_OUTER_BOUND('',#9444,.F.);
#9446=ADVANCED_FACE('',(#9445),#9437,.T.);
#9447=CARTESIAN_POINT('',(-3.2E-1,0.E0,1.59E0));
#9448=DIRECTION('',(0.E0,0.E0,-1.E0));
#9449=DIRECTION('',(1.E0,0.E0,0.E0));
#9450=AXIS2_PLACEMENT_3D('',#9447,#9448,#9449);
#9451=PLANE('',#9450);
#9452=ORIENTED_EDGE('',*,*,#7979,.F.);
#9454=ORIENTED_EDGE('',*,*,#9453,.T.);
#9455=ORIENTED_EDGE('',*,*,#9362,.T.);
#9456=ORIENTED_EDGE('',*,*,#9439,.F.);
#9457=EDGE_LOOP('',(#9452,#9454,#9455,#9456));
#9458=FACE_OUTER_BOUND('',#9457,.F.);
#9459=ADVANCED_FACE('',(#9458),#9451,.T.);
#9460=CARTESIAN_POINT('',(-3.2E-1,0.E0,9.5E-1));
#9461=DIRECTION('',(1.E0,0.E0,0.E0));
#9462=DIRECTION('',(0.E0,0.E0,1.E0));
#9463=AXIS2_PLACEMENT_3D('',#9460,#9461,#9462);
#9464=PLANE('',#9463);
#9465=ORIENTED_EDGE('',*,*,#7977,.F.);
#9467=ORIENTED_EDGE('',*,*,#9466,.T.);
#9468=ORIENTED_EDGE('',*,*,#9364,.T.);
#9469=ORIENTED_EDGE('',*,*,#9453,.F.);
#9470=EDGE_LOOP('',(#9465,#9467,#9468,#9469));
#9471=FACE_OUTER_BOUND('',#9470,.F.);
#9472=ADVANCED_FACE('',(#9471),#9464,.T.);
#9473=CARTESIAN_POINT('',(3.2E-1,0.E0,9.5E-1));
#9474=DIRECTION('',(0.E0,0.E0,1.E0));
#9475=DIRECTION('',(-1.E0,0.E0,0.E0));
#9476=AXIS2_PLACEMENT_3D('',#9473,#9474,#9475);
#9477=PLANE('',#9476);
#9478=ORIENTED_EDGE('',*,*,#7975,.F.);
#9479=ORIENTED_EDGE('',*,*,#9442,.T.);
#9480=ORIENTED_EDGE('',*,*,#9366,.T.);
#9481=ORIENTED_EDGE('',*,*,#9466,.F.);
#9482=EDGE_LOOP('',(#9478,#9479,#9480,#9481));
#9483=FACE_OUTER_BOUND('',#9482,.F.);
#9484=ADVANCED_FACE('',(#9483),#9477,.T.);
#9485=CARTESIAN_POINT('',(1.17E0,-2.54E0,1.7E0));
#9486=DIRECTION('',(-1.E0,0.E0,0.E0));
#9487=DIRECTION('',(0.E0,0.E0,-1.E0));
#9488=AXIS2_PLACEMENT_3D('',#9485,#9486,#9487);
#9489=PLANE('',#9488);
#9490=ORIENTED_EDGE('',*,*,#9347,.F.);
#9491=ORIENTED_EDGE('',*,*,#7502,.T.);
#9492=ORIENTED_EDGE('',*,*,#8199,.T.);
#9493=ORIENTED_EDGE('',*,*,#9234,.F.);
#9494=EDGE_LOOP('',(#9490,#9491,#9492,#9493));
#9495=FACE_OUTER_BOUND('',#9494,.F.);
#9496=ADVANCED_FACE('',(#9495),#9489,.F.);
#9497=CARTESIAN_POINT('',(-7.5E-1,0.E0,-2.5E0));
#9498=DIRECTION('',(0.E0,0.E0,-1.E0));
#9499=DIRECTION('',(1.E0,0.E0,0.E0));
#9500=AXIS2_PLACEMENT_3D('',#9497,#9498,#9499);
#9501=PLANE('',#9500);
#9502=ORIENTED_EDGE('',*,*,#7470,.F.);
#9503=ORIENTED_EDGE('',*,*,#9265,.T.);
#9504=ORIENTED_EDGE('',*,*,#9350,.T.);
#9505=ORIENTED_EDGE('',*,*,#9230,.F.);
#9506=EDGE_LOOP('',(#9502,#9503,#9504,#9505));
#9507=FACE_OUTER_BOUND('',#9506,.F.);
#9508=ADVANCED_FACE('',(#9507),#9501,.T.);
#9509=CARTESIAN_POINT('',(-1.17E0,-2.54E0,-1.7E0));
#9510=DIRECTION('',(1.E0,0.E0,0.E0));
#9511=DIRECTION('',(0.E0,0.E0,1.E0));
#9512=AXIS2_PLACEMENT_3D('',#9509,#9510,#9511);
#9513=PLANE('',#9512);
#9514=ORIENTED_EDGE('',*,*,#9353,.F.);
#9515=ORIENTED_EDGE('',*,*,#9261,.T.);
#9516=ORIENTED_EDGE('',*,*,#8181,.T.);
#9517=ORIENTED_EDGE('',*,*,#9322,.F.);
#9518=EDGE_LOOP('',(#9514,#9515,#9516,#9517));
#9519=FACE_OUTER_BOUND('',#9518,.F.);
#9520=ADVANCED_FACE('',(#9519),#9513,.F.);
#9521=CARTESIAN_POINT('',(1.37E0,-2.54E0,-1.7E0));
#9522=DIRECTION('',(1.E0,0.E0,0.E0));
#9523=DIRECTION('',(0.E0,0.E0,1.E0));
#9524=AXIS2_PLACEMENT_3D('',#9521,#9522,#9523);
#9525=PLANE('',#9524);
#9526=ORIENTED_EDGE('',*,*,#8195,.T.);
#9528=ORIENTED_EDGE('',*,*,#9527,.F.);
#9530=ORIENTED_EDGE('',*,*,#9529,.F.);
#9531=ORIENTED_EDGE('',*,*,#9196,.T.);
#9532=EDGE_LOOP('',(#9526,#9528,#9530,#9531));
#9533=FACE_OUTER_BOUND('',#9532,.F.);
#9534=ADVANCED_FACE('',(#9533),#9525,.F.);
#9535=CARTESIAN_POINT('',(1.79E0,0.E0,2.5E0));
#9536=DIRECTION('',(-8.853979028379E-1,0.E0,4.648338989899E-1));
#9537=DIRECTION('',(-4.648338989899E-1,0.E0,-8.853979028379E-1));
#9538=AXIS2_PLACEMENT_3D('',#9535,#9536,#9537);
#9539=PLANE('',#9538);
#9541=ORIENTED_EDGE('',*,*,#9540,.F.);
#9543=ORIENTED_EDGE('',*,*,#9542,.F.);
#9545=ORIENTED_EDGE('',*,*,#9544,.T.);
#9547=ORIENTED_EDGE('',*,*,#9546,.T.);
#9548=ORIENTED_EDGE('',*,*,#9527,.T.);
#9550=ORIENTED_EDGE('',*,*,#9549,.F.);
#9551=ORIENTED_EDGE('',*,*,#7623,.T.);
#9552=EDGE_LOOP('',(#9541,#9543,#9545,#9547,#9548,#9550,#9551));
#9553=FACE_OUTER_BOUND('',#9552,.F.);
#9554=ADVANCED_FACE('',(#9553),#9539,.T.);
#9555=CARTESIAN_POINT('',(-1.778E0,0.E0,2.075E0));
#9556=DIRECTION('',(0.E0,0.E0,1.E0));
#9557=DIRECTION('',(0.E0,-1.E0,0.E0));
#9558=AXIS2_PLACEMENT_3D('',#9555,#9556,#9557);
#9559=PLANE('',#9558);
#9560=ORIENTED_EDGE('',*,*,#7621,.T.);
#9562=ORIENTED_EDGE('',*,*,#9561,.F.);
#9564=ORIENTED_EDGE('',*,*,#9563,.T.);
#9565=ORIENTED_EDGE('',*,*,#9540,.T.);
#9566=EDGE_LOOP('',(#9560,#9562,#9564,#9565));
#9567=FACE_OUTER_BOUND('',#9566,.F.);
#9568=ADVANCED_FACE('',(#9567),#9559,.F.);
#9569=CARTESIAN_POINT('',(3.71E0,0.E0,1.7E0));
#9570=DIRECTION('',(8.853979028379E-1,0.E0,4.648338989899E-1));
#9571=DIRECTION('',(-4.648338989899E-1,0.E0,8.853979028379E-1));
#9572=AXIS2_PLACEMENT_3D('',#9569,#9570,#9571);
#9573=PLANE('',#9572);
#9574=ORIENTED_EDGE('',*,*,#9561,.T.);
#9575=ORIENTED_EDGE('',*,*,#7619,.F.);
#9577=ORIENTED_EDGE('',*,*,#9576,.T.);
#9579=ORIENTED_EDGE('',*,*,#9578,.F.);
#9581=ORIENTED_EDGE('',*,*,#9580,.T.);
#9583=ORIENTED_EDGE('',*,*,#9582,.F.);
#9585=ORIENTED_EDGE('',*,*,#9584,.F.);
#9586=EDGE_LOOP('',(#9574,#9575,#9577,#9579,#9581,#9583,#9585));
#9587=FACE_OUTER_BOUND('',#9586,.F.);
#9588=ADVANCED_FACE('',(#9587),#9573,.T.);
#9589=CARTESIAN_POINT('',(3.81E0,0.E0,1.7E0));
#9590=DIRECTION('',(0.E0,0.E0,1.E0));
#9591=DIRECTION('',(-1.E0,0.E0,0.E0));
#9592=AXIS2_PLACEMENT_3D('',#9589,#9590,#9591);
#9593=PLANE('',#9592);
#9594=ORIENTED_EDGE('',*,*,#7617,.F.);
#9596=ORIENTED_EDGE('',*,*,#9595,.T.);
#9597=ORIENTED_EDGE('',*,*,#8209,.F.);
#9598=ORIENTED_EDGE('',*,*,#9576,.F.);
#9599=EDGE_LOOP('',(#9594,#9596,#9597,#9598));
#9600=FACE_OUTER_BOUND('',#9599,.F.);
#9601=ADVANCED_FACE('',(#9600),#9593,.T.);
#9602=CARTESIAN_POINT('',(4.33E0,0.E0,2.5E0));
#9603=DIRECTION('',(-8.853979028379E-1,0.E0,4.648338989899E-1));
#9604=DIRECTION('',(-4.648338989899E-1,0.E0,-8.853979028379E-1));
#9605=AXIS2_PLACEMENT_3D('',#9602,#9603,#9604);
#9606=PLANE('',#9605);
#9608=ORIENTED_EDGE('',*,*,#9607,.F.);
#9610=ORIENTED_EDGE('',*,*,#9609,.F.);
#9612=ORIENTED_EDGE('',*,*,#9611,.T.);
#9614=ORIENTED_EDGE('',*,*,#9613,.T.);
#9616=ORIENTED_EDGE('',*,*,#9615,.T.);
#9617=ORIENTED_EDGE('',*,*,#9595,.F.);
#9618=ORIENTED_EDGE('',*,*,#7615,.T.);
#9619=EDGE_LOOP('',(#9608,#9610,#9612,#9614,#9616,#9617,#9618));
#9620=FACE_OUTER_BOUND('',#9619,.F.);
#9621=ADVANCED_FACE('',(#9620),#9606,.T.);
#9622=CARTESIAN_POINT('',(-2.032E0,0.E0,2.075E0));
#9623=DIRECTION('',(0.E0,0.E0,1.E0));
#9624=DIRECTION('',(0.E0,-1.E0,0.E0));
#9625=AXIS2_PLACEMENT_3D('',#9622,#9623,#9624);
#9626=PLANE('',#9625);
#9627=ORIENTED_EDGE('',*,*,#7613,.T.);
#9629=ORIENTED_EDGE('',*,*,#9628,.F.);
#9631=ORIENTED_EDGE('',*,*,#9630,.T.);
#9632=ORIENTED_EDGE('',*,*,#9607,.T.);
#9633=EDGE_LOOP('',(#9627,#9629,#9631,#9632));
#9634=FACE_OUTER_BOUND('',#9633,.F.);
#9635=ADVANCED_FACE('',(#9634),#9626,.F.);
#9636=CARTESIAN_POINT('',(6.25E0,0.E0,1.7E0));
#9637=DIRECTION('',(8.853979028379E-1,0.E0,4.648338989899E-1));
#9638=DIRECTION('',(-4.648338989899E-1,0.E0,8.853979028379E-1));
#9639=AXIS2_PLACEMENT_3D('',#9636,#9637,#9638);
#9640=PLANE('',#9639);
#9641=ORIENTED_EDGE('',*,*,#9628,.T.);
#9642=ORIENTED_EDGE('',*,*,#7611,.F.);
#9644=ORIENTED_EDGE('',*,*,#9643,.T.);
#9646=ORIENTED_EDGE('',*,*,#9645,.F.);
#9648=ORIENTED_EDGE('',*,*,#9647,.T.);
#9650=ORIENTED_EDGE('',*,*,#9649,.F.);
#9652=ORIENTED_EDGE('',*,*,#9651,.F.);
#9653=EDGE_LOOP('',(#9641,#9642,#9644,#9646,#9648,#9650,#9652));
#9654=FACE_OUTER_BOUND('',#9653,.F.);
#9655=ADVANCED_FACE('',(#9654),#9640,.T.);
#9656=CARTESIAN_POINT('',(6.35E0,0.E0,1.7E0));
#9657=DIRECTION('',(0.E0,0.E0,1.E0));
#9658=DIRECTION('',(-1.E0,0.E0,0.E0));
#9659=AXIS2_PLACEMENT_3D('',#9656,#9657,#9658);
#9660=PLANE('',#9659);
#9661=ORIENTED_EDGE('',*,*,#7609,.F.);
#9663=ORIENTED_EDGE('',*,*,#9662,.T.);
#9664=ORIENTED_EDGE('',*,*,#8225,.F.);
#9665=ORIENTED_EDGE('',*,*,#9643,.F.);
#9666=EDGE_LOOP('',(#9661,#9663,#9664,#9665));
#9667=FACE_OUTER_BOUND('',#9666,.F.);
#9668=ADVANCED_FACE('',(#9667),#9660,.T.);
#9669=CARTESIAN_POINT('',(6.87E0,0.E0,2.5E0));
#9670=DIRECTION('',(-8.853979028379E-1,0.E0,4.648338989899E-1));
#9671=DIRECTION('',(-4.648338989899E-1,0.E0,-8.853979028379E-1));
#9672=AXIS2_PLACEMENT_3D('',#9669,#9670,#9671);
#9673=PLANE('',#9672);
#9675=ORIENTED_EDGE('',*,*,#9674,.F.);
#9677=ORIENTED_EDGE('',*,*,#9676,.F.);
#9679=ORIENTED_EDGE('',*,*,#9678,.T.);
#9681=ORIENTED_EDGE('',*,*,#9680,.T.);
#9683=ORIENTED_EDGE('',*,*,#9682,.T.);
#9684=ORIENTED_EDGE('',*,*,#9662,.F.);
#9685=ORIENTED_EDGE('',*,*,#7607,.T.);
#9686=EDGE_LOOP('',(#9675,#9677,#9679,#9681,#9683,#9684,#9685));
#9687=FACE_OUTER_BOUND('',#9686,.F.);
#9688=ADVANCED_FACE('',(#9687),#9673,.T.);
#9689=CARTESIAN_POINT('',(-2.286E0,0.E0,2.075E0));
#9690=DIRECTION('',(0.E0,0.E0,1.E0));
#9691=DIRECTION('',(0.E0,-1.E0,0.E0));
#9692=AXIS2_PLACEMENT_3D('',#9689,#9690,#9691);
#9693=PLANE('',#9692);
#9694=ORIENTED_EDGE('',*,*,#7605,.T.);
#9696=ORIENTED_EDGE('',*,*,#9695,.F.);
#9698=ORIENTED_EDGE('',*,*,#9697,.T.);
#9699=ORIENTED_EDGE('',*,*,#9674,.T.);
#9700=EDGE_LOOP('',(#9694,#9696,#9698,#9699));
#9701=FACE_OUTER_BOUND('',#9700,.F.);
#9702=ADVANCED_FACE('',(#9701),#9693,.F.);
#9703=CARTESIAN_POINT('',(8.79E0,0.E0,1.7E0));
#9704=DIRECTION('',(8.853979028379E-1,0.E0,4.648338989899E-1));
#9705=DIRECTION('',(-4.648338989899E-1,0.E0,8.853979028379E-1));
#9706=AXIS2_PLACEMENT_3D('',#9703,#9704,#9705);
#9707=PLANE('',#9706);
#9708=ORIENTED_EDGE('',*,*,#9695,.T.);
#9709=ORIENTED_EDGE('',*,*,#7603,.F.);
#9711=ORIENTED_EDGE('',*,*,#9710,.T.);
#9713=ORIENTED_EDGE('',*,*,#9712,.F.);
#9715=ORIENTED_EDGE('',*,*,#9714,.T.);
#9717=ORIENTED_EDGE('',*,*,#9716,.F.);
#9719=ORIENTED_EDGE('',*,*,#9718,.F.);
#9720=EDGE_LOOP('',(#9708,#9709,#9711,#9713,#9715,#9717,#9719));
#9721=FACE_OUTER_BOUND('',#9720,.F.);
#9722=ADVANCED_FACE('',(#9721),#9707,.T.);
#9723=CARTESIAN_POINT('',(8.89E0,0.E0,1.7E0));
#9724=DIRECTION('',(0.E0,0.E0,1.E0));
#9725=DIRECTION('',(-1.E0,0.E0,0.E0));
#9726=AXIS2_PLACEMENT_3D('',#9723,#9724,#9725);
#9727=PLANE('',#9726);
#9728=ORIENTED_EDGE('',*,*,#7601,.F.);
#9730=ORIENTED_EDGE('',*,*,#9729,.T.);
#9731=ORIENTED_EDGE('',*,*,#8241,.F.);
#9732=ORIENTED_EDGE('',*,*,#9710,.F.);
#9733=EDGE_LOOP('',(#9728,#9730,#9731,#9732));
#9734=FACE_OUTER_BOUND('',#9733,.F.);
#9735=ADVANCED_FACE('',(#9734),#9727,.T.);
#9736=CARTESIAN_POINT('',(9.41E0,0.E0,2.5E0));
#9737=DIRECTION('',(-8.853979028379E-1,0.E0,4.648338989899E-1));
#9738=DIRECTION('',(-4.648338989899E-1,0.E0,-8.853979028379E-1));
#9739=AXIS2_PLACEMENT_3D('',#9736,#9737,#9738);
#9740=PLANE('',#9739);
#9742=ORIENTED_EDGE('',*,*,#9741,.F.);
#9744=ORIENTED_EDGE('',*,*,#9743,.F.);
#9746=ORIENTED_EDGE('',*,*,#9745,.T.);
#9748=ORIENTED_EDGE('',*,*,#9747,.T.);
#9750=ORIENTED_EDGE('',*,*,#9749,.T.);
#9751=ORIENTED_EDGE('',*,*,#9729,.F.);
#9752=ORIENTED_EDGE('',*,*,#7599,.T.);
#9753=EDGE_LOOP('',(#9742,#9744,#9746,#9748,#9750,#9751,#9752));
#9754=FACE_OUTER_BOUND('',#9753,.F.);
#9755=ADVANCED_FACE('',(#9754),#9740,.T.);
#9756=CARTESIAN_POINT('',(-2.54E0,0.E0,2.075E0));
#9757=DIRECTION('',(0.E0,0.E0,1.E0));
#9758=DIRECTION('',(0.E0,-1.E0,0.E0));
#9759=AXIS2_PLACEMENT_3D('',#9756,#9757,#9758);
#9760=PLANE('',#9759);
#9761=ORIENTED_EDGE('',*,*,#7597,.T.);
#9763=ORIENTED_EDGE('',*,*,#9762,.F.);
#9765=ORIENTED_EDGE('',*,*,#9764,.T.);
#9766=ORIENTED_EDGE('',*,*,#9741,.T.);
#9767=EDGE_LOOP('',(#9761,#9763,#9765,#9766));
#9768=FACE_OUTER_BOUND('',#9767,.F.);
#9769=ADVANCED_FACE('',(#9768),#9760,.F.);
#9770=CARTESIAN_POINT('',(1.133E1,0.E0,1.7E0));
#9771=DIRECTION('',(8.853979028379E-1,0.E0,4.648338989899E-1));
#9772=DIRECTION('',(-4.648338989899E-1,0.E0,8.853979028379E-1));
#9773=AXIS2_PLACEMENT_3D('',#9770,#9771,#9772);
#9774=PLANE('',#9773);
#9775=ORIENTED_EDGE('',*,*,#9762,.T.);
#9776=ORIENTED_EDGE('',*,*,#7595,.F.);
#9778=ORIENTED_EDGE('',*,*,#9777,.T.);
#9780=ORIENTED_EDGE('',*,*,#9779,.F.);
#9782=ORIENTED_EDGE('',*,*,#9781,.T.);
#9784=ORIENTED_EDGE('',*,*,#9783,.F.);
#9786=ORIENTED_EDGE('',*,*,#9785,.F.);
#9787=EDGE_LOOP('',(#9775,#9776,#9778,#9780,#9782,#9784,#9786));
#9788=FACE_OUTER_BOUND('',#9787,.F.);
#9789=ADVANCED_FACE('',(#9788),#9774,.T.);
#9790=CARTESIAN_POINT('',(1.143E1,0.E0,1.7E0));
#9791=DIRECTION('',(0.E0,0.E0,1.E0));
#9792=DIRECTION('',(-1.E0,0.E0,0.E0));
#9793=AXIS2_PLACEMENT_3D('',#9790,#9791,#9792);
#9794=PLANE('',#9793);
#9795=ORIENTED_EDGE('',*,*,#7593,.F.);
#9797=ORIENTED_EDGE('',*,*,#9796,.T.);
#9798=ORIENTED_EDGE('',*,*,#8257,.F.);
#9799=ORIENTED_EDGE('',*,*,#9777,.F.);
#9800=EDGE_LOOP('',(#9795,#9797,#9798,#9799));
#9801=FACE_OUTER_BOUND('',#9800,.F.);
#9802=ADVANCED_FACE('',(#9801),#9794,.T.);
#9803=CARTESIAN_POINT('',(1.195E1,0.E0,2.5E0));
#9804=DIRECTION('',(-8.853979028379E-1,0.E0,4.648338989899E-1));
#9805=DIRECTION('',(-4.648338989899E-1,0.E0,-8.853979028379E-1));
#9806=AXIS2_PLACEMENT_3D('',#9803,#9804,#9805);
#9807=PLANE('',#9806);
#9809=ORIENTED_EDGE('',*,*,#9808,.F.);
#9811=ORIENTED_EDGE('',*,*,#9810,.F.);
#9813=ORIENTED_EDGE('',*,*,#9812,.T.);
#9815=ORIENTED_EDGE('',*,*,#9814,.T.);
#9817=ORIENTED_EDGE('',*,*,#9816,.T.);
#9818=ORIENTED_EDGE('',*,*,#9796,.F.);
#9819=ORIENTED_EDGE('',*,*,#7591,.T.);
#9820=EDGE_LOOP('',(#9809,#9811,#9813,#9815,#9817,#9818,#9819));
#9821=FACE_OUTER_BOUND('',#9820,.F.);
#9822=ADVANCED_FACE('',(#9821),#9807,.T.);
#9823=CARTESIAN_POINT('',(-2.794E0,0.E0,2.075E0));
#9824=DIRECTION('',(0.E0,0.E0,1.E0));
#9825=DIRECTION('',(0.E0,-1.E0,0.E0));
#9826=AXIS2_PLACEMENT_3D('',#9823,#9824,#9825);
#9827=PLANE('',#9826);
#9828=ORIENTED_EDGE('',*,*,#7589,.T.);
#9830=ORIENTED_EDGE('',*,*,#9829,.F.);
#9832=ORIENTED_EDGE('',*,*,#9831,.T.);
#9833=ORIENTED_EDGE('',*,*,#9808,.T.);
#9834=EDGE_LOOP('',(#9828,#9830,#9832,#9833));
#9835=FACE_OUTER_BOUND('',#9834,.F.);
#9836=ADVANCED_FACE('',(#9835),#9827,.F.);
#9837=CARTESIAN_POINT('',(1.387E1,0.E0,1.7E0));
#9838=DIRECTION('',(8.853979028379E-1,0.E0,4.648338989899E-1));
#9839=DIRECTION('',(-4.648338989899E-1,0.E0,8.853979028379E-1));
#9840=AXIS2_PLACEMENT_3D('',#9837,#9838,#9839);
#9841=PLANE('',#9840);
#9842=ORIENTED_EDGE('',*,*,#9829,.T.);
#9843=ORIENTED_EDGE('',*,*,#7587,.F.);
#9845=ORIENTED_EDGE('',*,*,#9844,.T.);
#9847=ORIENTED_EDGE('',*,*,#9846,.F.);
#9849=ORIENTED_EDGE('',*,*,#9848,.T.);
#9851=ORIENTED_EDGE('',*,*,#9850,.F.);
#9853=ORIENTED_EDGE('',*,*,#9852,.F.);
#9854=EDGE_LOOP('',(#9842,#9843,#9845,#9847,#9849,#9851,#9853));
#9855=FACE_OUTER_BOUND('',#9854,.F.);
#9856=ADVANCED_FACE('',(#9855),#9841,.T.);
#9857=CARTESIAN_POINT('',(1.397E1,0.E0,1.7E0));
#9858=DIRECTION('',(0.E0,0.E0,1.E0));
#9859=DIRECTION('',(-1.E0,0.E0,0.E0));
#9860=AXIS2_PLACEMENT_3D('',#9857,#9858,#9859);
#9861=PLANE('',#9860);
#9862=ORIENTED_EDGE('',*,*,#7585,.F.);
#9864=ORIENTED_EDGE('',*,*,#9863,.T.);
#9865=ORIENTED_EDGE('',*,*,#8273,.F.);
#9866=ORIENTED_EDGE('',*,*,#9844,.F.);
#9867=EDGE_LOOP('',(#9862,#9864,#9865,#9866));
#9868=FACE_OUTER_BOUND('',#9867,.F.);
#9869=ADVANCED_FACE('',(#9868),#9861,.T.);
#9870=CARTESIAN_POINT('',(1.449E1,0.E0,2.5E0));
#9871=DIRECTION('',(-8.853979028379E-1,0.E0,4.648338989899E-1));
#9872=DIRECTION('',(-4.648338989899E-1,0.E0,-8.853979028379E-1));
#9873=AXIS2_PLACEMENT_3D('',#9870,#9871,#9872);
#9874=PLANE('',#9873);
#9876=ORIENTED_EDGE('',*,*,#9875,.F.);
#9878=ORIENTED_EDGE('',*,*,#9877,.F.);
#9880=ORIENTED_EDGE('',*,*,#9879,.T.);
#9882=ORIENTED_EDGE('',*,*,#9881,.T.);
#9884=ORIENTED_EDGE('',*,*,#9883,.T.);
#9885=ORIENTED_EDGE('',*,*,#9863,.F.);
#9886=ORIENTED_EDGE('',*,*,#7583,.T.);
#9887=EDGE_LOOP('',(#9876,#9878,#9880,#9882,#9884,#9885,#9886));
#9888=FACE_OUTER_BOUND('',#9887,.F.);
#9889=ADVANCED_FACE('',(#9888),#9874,.T.);
#9890=CARTESIAN_POINT('',(-3.048E0,0.E0,2.075E0));
#9891=DIRECTION('',(0.E0,0.E0,1.E0));
#9892=DIRECTION('',(0.E0,-1.E0,0.E0));
#9893=AXIS2_PLACEMENT_3D('',#9890,#9891,#9892);
#9894=PLANE('',#9893);
#9895=ORIENTED_EDGE('',*,*,#7581,.T.);
#9897=ORIENTED_EDGE('',*,*,#9896,.F.);
#9899=ORIENTED_EDGE('',*,*,#9898,.T.);
#9900=ORIENTED_EDGE('',*,*,#9875,.T.);
#9901=EDGE_LOOP('',(#9895,#9897,#9899,#9900));
#9902=FACE_OUTER_BOUND('',#9901,.F.);
#9903=ADVANCED_FACE('',(#9902),#9894,.F.);
#9904=CARTESIAN_POINT('',(1.641E1,0.E0,1.7E0));
#9905=DIRECTION('',(8.853979028379E-1,0.E0,4.648338989899E-1));
#9906=DIRECTION('',(-4.648338989899E-1,0.E0,8.853979028379E-1));
#9907=AXIS2_PLACEMENT_3D('',#9904,#9905,#9906);
#9908=PLANE('',#9907);
#9909=ORIENTED_EDGE('',*,*,#9896,.T.);
#9910=ORIENTED_EDGE('',*,*,#7579,.F.);
#9912=ORIENTED_EDGE('',*,*,#9911,.T.);
#9914=ORIENTED_EDGE('',*,*,#9913,.F.);
#9916=ORIENTED_EDGE('',*,*,#9915,.T.);
#9918=ORIENTED_EDGE('',*,*,#9917,.F.);
#9920=ORIENTED_EDGE('',*,*,#9919,.F.);
#9921=EDGE_LOOP('',(#9909,#9910,#9912,#9914,#9916,#9918,#9920));
#9922=FACE_OUTER_BOUND('',#9921,.F.);
#9923=ADVANCED_FACE('',(#9922),#9908,.T.);
#9924=CARTESIAN_POINT('',(1.651E1,0.E0,1.7E0));
#9925=DIRECTION('',(0.E0,0.E0,1.E0));
#9926=DIRECTION('',(-1.E0,0.E0,0.E0));
#9927=AXIS2_PLACEMENT_3D('',#9924,#9925,#9926);
#9928=PLANE('',#9927);
#9929=ORIENTED_EDGE('',*,*,#7577,.F.);
#9931=ORIENTED_EDGE('',*,*,#9930,.T.);
#9932=ORIENTED_EDGE('',*,*,#8289,.F.);
#9933=ORIENTED_EDGE('',*,*,#9911,.F.);
#9934=EDGE_LOOP('',(#9929,#9931,#9932,#9933));
#9935=FACE_OUTER_BOUND('',#9934,.F.);
#9936=ADVANCED_FACE('',(#9935),#9928,.T.);
#9937=CARTESIAN_POINT('',(1.703E1,0.E0,2.5E0));
#9938=DIRECTION('',(-8.853979028379E-1,0.E0,4.648338989899E-1));
#9939=DIRECTION('',(-4.648338989899E-1,0.E0,-8.853979028379E-1));
#9940=AXIS2_PLACEMENT_3D('',#9937,#9938,#9939);
#9941=PLANE('',#9940);
#9943=ORIENTED_EDGE('',*,*,#9942,.F.);
#9945=ORIENTED_EDGE('',*,*,#9944,.F.);
#9947=ORIENTED_EDGE('',*,*,#9946,.T.);
#9949=ORIENTED_EDGE('',*,*,#9948,.T.);
#9951=ORIENTED_EDGE('',*,*,#9950,.T.);
#9952=ORIENTED_EDGE('',*,*,#9930,.F.);
#9953=ORIENTED_EDGE('',*,*,#7575,.T.);
#9954=EDGE_LOOP('',(#9943,#9945,#9947,#9949,#9951,#9952,#9953));
#9955=FACE_OUTER_BOUND('',#9954,.F.);
#9956=ADVANCED_FACE('',(#9955),#9941,.T.);
#9957=CARTESIAN_POINT('',(-3.302E0,0.E0,2.075E0));
#9958=DIRECTION('',(0.E0,0.E0,1.E0));
#9959=DIRECTION('',(0.E0,-1.E0,0.E0));
#9960=AXIS2_PLACEMENT_3D('',#9957,#9958,#9959);
#9961=PLANE('',#9960);
#9962=ORIENTED_EDGE('',*,*,#7573,.T.);
#9964=ORIENTED_EDGE('',*,*,#9963,.F.);
#9966=ORIENTED_EDGE('',*,*,#9965,.T.);
#9967=ORIENTED_EDGE('',*,*,#9942,.T.);
#9968=EDGE_LOOP('',(#9962,#9964,#9966,#9967));
#9969=FACE_OUTER_BOUND('',#9968,.F.);
#9970=ADVANCED_FACE('',(#9969),#9961,.F.);
#9971=CARTESIAN_POINT('',(1.895E1,0.E0,1.7E0));
#9972=DIRECTION('',(8.853979028379E-1,0.E0,4.648338989899E-1));
#9973=DIRECTION('',(-4.648338989899E-1,0.E0,8.853979028379E-1));
#9974=AXIS2_PLACEMENT_3D('',#9971,#9972,#9973);
#9975=PLANE('',#9974);
#9976=ORIENTED_EDGE('',*,*,#9963,.T.);
#9977=ORIENTED_EDGE('',*,*,#7571,.F.);
#9979=ORIENTED_EDGE('',*,*,#9978,.T.);
#9981=ORIENTED_EDGE('',*,*,#9980,.F.);
#9983=ORIENTED_EDGE('',*,*,#9982,.T.);
#9985=ORIENTED_EDGE('',*,*,#9984,.F.);
#9987=ORIENTED_EDGE('',*,*,#9986,.F.);
#9988=EDGE_LOOP('',(#9976,#9977,#9979,#9981,#9983,#9985,#9987));
#9989=FACE_OUTER_BOUND('',#9988,.F.);
#9990=ADVANCED_FACE('',(#9989),#9975,.T.);
#9991=CARTESIAN_POINT('',(1.905E1,0.E0,1.7E0));
#9992=DIRECTION('',(0.E0,0.E0,1.E0));
#9993=DIRECTION('',(-1.E0,0.E0,0.E0));
#9994=AXIS2_PLACEMENT_3D('',#9991,#9992,#9993);
#9995=PLANE('',#9994);
#9996=ORIENTED_EDGE('',*,*,#7569,.F.);
#9998=ORIENTED_EDGE('',*,*,#9997,.T.);
#9999=ORIENTED_EDGE('',*,*,#8305,.F.);
#10000=ORIENTED_EDGE('',*,*,#9978,.F.);
#10001=EDGE_LOOP('',(#9996,#9998,#9999,#10000));
#10002=FACE_OUTER_BOUND('',#10001,.F.);
#10003=ADVANCED_FACE('',(#10002),#9995,.T.);
#10004=CARTESIAN_POINT('',(1.957E1,0.E0,2.5E0));
#10005=DIRECTION('',(-8.853979028379E-1,0.E0,4.648338989899E-1));
#10006=DIRECTION('',(-4.648338989899E-1,0.E0,-8.853979028379E-1));
#10007=AXIS2_PLACEMENT_3D('',#10004,#10005,#10006);
#10008=PLANE('',#10007);
#10010=ORIENTED_EDGE('',*,*,#10009,.F.);
#10012=ORIENTED_EDGE('',*,*,#10011,.F.);
#10014=ORIENTED_EDGE('',*,*,#10013,.T.);
#10016=ORIENTED_EDGE('',*,*,#10015,.T.);
#10018=ORIENTED_EDGE('',*,*,#10017,.T.);
#10019=ORIENTED_EDGE('',*,*,#9997,.F.);
#10020=ORIENTED_EDGE('',*,*,#7567,.T.);
#10021=EDGE_LOOP('',(#10010,#10012,#10014,#10016,#10018,#10019,#10020));
#10022=FACE_OUTER_BOUND('',#10021,.F.);
#10023=ADVANCED_FACE('',(#10022),#10008,.T.);
#10024=CARTESIAN_POINT('',(-3.556E0,0.E0,2.075E0));
#10025=DIRECTION('',(0.E0,0.E0,1.E0));
#10026=DIRECTION('',(0.E0,-1.E0,0.E0));
#10027=AXIS2_PLACEMENT_3D('',#10024,#10025,#10026);
#10028=PLANE('',#10027);
#10029=ORIENTED_EDGE('',*,*,#7565,.T.);
#10031=ORIENTED_EDGE('',*,*,#10030,.F.);
#10033=ORIENTED_EDGE('',*,*,#10032,.T.);
#10034=ORIENTED_EDGE('',*,*,#10009,.T.);
#10035=EDGE_LOOP('',(#10029,#10031,#10033,#10034));
#10036=FACE_OUTER_BOUND('',#10035,.F.);
#10037=ADVANCED_FACE('',(#10036),#10028,.F.);
#10038=CARTESIAN_POINT('',(2.149E1,0.E0,1.7E0));
#10039=DIRECTION('',(8.853979028379E-1,0.E0,4.648338989899E-1));
#10040=DIRECTION('',(-4.648338989899E-1,0.E0,8.853979028379E-1));
#10041=AXIS2_PLACEMENT_3D('',#10038,#10039,#10040);
#10042=PLANE('',#10041);
#10043=ORIENTED_EDGE('',*,*,#10030,.T.);
#10044=ORIENTED_EDGE('',*,*,#7563,.F.);
#10046=ORIENTED_EDGE('',*,*,#10045,.T.);
#10048=ORIENTED_EDGE('',*,*,#10047,.F.);
#10050=ORIENTED_EDGE('',*,*,#10049,.T.);
#10052=ORIENTED_EDGE('',*,*,#10051,.F.);
#10054=ORIENTED_EDGE('',*,*,#10053,.F.);
#10055=EDGE_LOOP('',(#10043,#10044,#10046,#10048,#10050,#10052,#10054));
#10056=FACE_OUTER_BOUND('',#10055,.F.);
#10057=ADVANCED_FACE('',(#10056),#10042,.T.);
#10058=CARTESIAN_POINT('',(2.159E1,0.E0,1.7E0));
#10059=DIRECTION('',(0.E0,0.E0,1.E0));
#10060=DIRECTION('',(-1.E0,0.E0,0.E0));
#10061=AXIS2_PLACEMENT_3D('',#10058,#10059,#10060);
#10062=PLANE('',#10061);
#10063=ORIENTED_EDGE('',*,*,#7561,.F.);
#10065=ORIENTED_EDGE('',*,*,#10064,.T.);
#10066=ORIENTED_EDGE('',*,*,#8321,.F.);
#10067=ORIENTED_EDGE('',*,*,#10045,.F.);
#10068=EDGE_LOOP('',(#10063,#10065,#10066,#10067));
#10069=FACE_OUTER_BOUND('',#10068,.F.);
#10070=ADVANCED_FACE('',(#10069),#10062,.T.);
#10071=CARTESIAN_POINT('',(2.211E1,0.E0,2.5E0));
#10072=DIRECTION('',(-8.853979028379E-1,0.E0,4.648338989899E-1));
#10073=DIRECTION('',(-4.648338989899E-1,0.E0,-8.853979028379E-1));
#10074=AXIS2_PLACEMENT_3D('',#10071,#10072,#10073);
#10075=PLANE('',#10074);
#10077=ORIENTED_EDGE('',*,*,#10076,.F.);
#10079=ORIENTED_EDGE('',*,*,#10078,.F.);
#10081=ORIENTED_EDGE('',*,*,#10080,.T.);
#10083=ORIENTED_EDGE('',*,*,#10082,.T.);
#10085=ORIENTED_EDGE('',*,*,#10084,.T.);
#10086=ORIENTED_EDGE('',*,*,#10064,.F.);
#10087=ORIENTED_EDGE('',*,*,#7559,.T.);
#10088=EDGE_LOOP('',(#10077,#10079,#10081,#10083,#10085,#10086,#10087));
#10089=FACE_OUTER_BOUND('',#10088,.F.);
#10090=ADVANCED_FACE('',(#10089),#10075,.T.);
#10091=CARTESIAN_POINT('',(-3.81E0,0.E0,2.075E0));
#10092=DIRECTION('',(0.E0,0.E0,1.E0));
#10093=DIRECTION('',(0.E0,-1.E0,0.E0));
#10094=AXIS2_PLACEMENT_3D('',#10091,#10092,#10093);
#10095=PLANE('',#10094);
#10096=ORIENTED_EDGE('',*,*,#7557,.T.);
#10098=ORIENTED_EDGE('',*,*,#10097,.F.);
#10100=ORIENTED_EDGE('',*,*,#10099,.T.);
#10101=ORIENTED_EDGE('',*,*,#10076,.T.);
#10102=EDGE_LOOP('',(#10096,#10098,#10100,#10101));
#10103=FACE_OUTER_BOUND('',#10102,.F.);
#10104=ADVANCED_FACE('',(#10103),#10095,.F.);
#10105=CARTESIAN_POINT('',(2.403E1,0.E0,1.7E0));
#10106=DIRECTION('',(8.853979028379E-1,0.E0,4.648338989899E-1));
#10107=DIRECTION('',(-4.648338989899E-1,0.E0,8.853979028379E-1));
#10108=AXIS2_PLACEMENT_3D('',#10105,#10106,#10107);
#10109=PLANE('',#10108);
#10110=ORIENTED_EDGE('',*,*,#10097,.T.);
#10111=ORIENTED_EDGE('',*,*,#7555,.F.);
#10113=ORIENTED_EDGE('',*,*,#10112,.T.);
#10115=ORIENTED_EDGE('',*,*,#10114,.F.);
#10117=ORIENTED_EDGE('',*,*,#10116,.T.);
#10119=ORIENTED_EDGE('',*,*,#10118,.F.);
#10121=ORIENTED_EDGE('',*,*,#10120,.F.);
#10122=EDGE_LOOP('',(#10110,#10111,#10113,#10115,#10117,#10119,#10121));
#10123=FACE_OUTER_BOUND('',#10122,.F.);
#10124=ADVANCED_FACE('',(#10123),#10109,.T.);
#10125=CARTESIAN_POINT('',(2.413E1,0.E0,1.7E0));
#10126=DIRECTION('',(0.E0,0.E0,1.E0));
#10127=DIRECTION('',(-1.E0,0.E0,0.E0));
#10128=AXIS2_PLACEMENT_3D('',#10125,#10126,#10127);
#10129=PLANE('',#10128);
#10130=ORIENTED_EDGE('',*,*,#7553,.F.);
#10132=ORIENTED_EDGE('',*,*,#10131,.T.);
#10133=ORIENTED_EDGE('',*,*,#8337,.F.);
#10134=ORIENTED_EDGE('',*,*,#10112,.F.);
#10135=EDGE_LOOP('',(#10130,#10132,#10133,#10134));
#10136=FACE_OUTER_BOUND('',#10135,.F.);
#10137=ADVANCED_FACE('',(#10136),#10129,.T.);
#10138=CARTESIAN_POINT('',(2.465E1,0.E0,2.5E0));
#10139=DIRECTION('',(-8.853979028379E-1,0.E0,4.648338989899E-1));
#10140=DIRECTION('',(-4.648338989899E-1,0.E0,-8.853979028379E-1));
#10141=AXIS2_PLACEMENT_3D('',#10138,#10139,#10140);
#10142=PLANE('',#10141);
#10144=ORIENTED_EDGE('',*,*,#10143,.F.);
#10146=ORIENTED_EDGE('',*,*,#10145,.F.);
#10148=ORIENTED_EDGE('',*,*,#10147,.T.);
#10150=ORIENTED_EDGE('',*,*,#10149,.T.);
#10152=ORIENTED_EDGE('',*,*,#10151,.T.);
#10153=ORIENTED_EDGE('',*,*,#10131,.F.);
#10154=ORIENTED_EDGE('',*,*,#7551,.T.);
#10155=EDGE_LOOP('',(#10144,#10146,#10148,#10150,#10152,#10153,#10154));
#10156=FACE_OUTER_BOUND('',#10155,.F.);
#10157=ADVANCED_FACE('',(#10156),#10142,.T.);
#10158=CARTESIAN_POINT('',(-4.064E0,0.E0,2.075E0));
#10159=DIRECTION('',(0.E0,0.E0,1.E0));
#10160=DIRECTION('',(0.E0,-1.E0,0.E0));
#10161=AXIS2_PLACEMENT_3D('',#10158,#10159,#10160);
#10162=PLANE('',#10161);
#10163=ORIENTED_EDGE('',*,*,#7549,.T.);
#10165=ORIENTED_EDGE('',*,*,#10164,.F.);
#10167=ORIENTED_EDGE('',*,*,#10166,.T.);
#10168=ORIENTED_EDGE('',*,*,#10143,.T.);
#10169=EDGE_LOOP('',(#10163,#10165,#10167,#10168));
#10170=FACE_OUTER_BOUND('',#10169,.F.);
#10171=ADVANCED_FACE('',(#10170),#10162,.F.);
#10172=CARTESIAN_POINT('',(2.657E1,0.E0,1.7E0));
#10173=DIRECTION('',(8.853979028379E-1,0.E0,4.648338989899E-1));
#10174=DIRECTION('',(-4.648338989899E-1,0.E0,8.853979028379E-1));
#10175=AXIS2_PLACEMENT_3D('',#10172,#10173,#10174);
#10176=PLANE('',#10175);
#10177=ORIENTED_EDGE('',*,*,#10164,.T.);
#10178=ORIENTED_EDGE('',*,*,#7547,.F.);
#10180=ORIENTED_EDGE('',*,*,#10179,.T.);
#10182=ORIENTED_EDGE('',*,*,#10181,.F.);
#10184=ORIENTED_EDGE('',*,*,#10183,.T.);
#10186=ORIENTED_EDGE('',*,*,#10185,.F.);
#10188=ORIENTED_EDGE('',*,*,#10187,.F.);
#10189=EDGE_LOOP('',(#10177,#10178,#10180,#10182,#10184,#10186,#10188));
#10190=FACE_OUTER_BOUND('',#10189,.F.);
#10191=ADVANCED_FACE('',(#10190),#10176,.T.);
#10192=CARTESIAN_POINT('',(2.667E1,0.E0,1.7E0));
#10193=DIRECTION('',(0.E0,0.E0,1.E0));
#10194=DIRECTION('',(-1.E0,0.E0,0.E0));
#10195=AXIS2_PLACEMENT_3D('',#10192,#10193,#10194);
#10196=PLANE('',#10195);
#10197=ORIENTED_EDGE('',*,*,#7545,.F.);
#10199=ORIENTED_EDGE('',*,*,#10198,.T.);
#10200=ORIENTED_EDGE('',*,*,#8353,.F.);
#10201=ORIENTED_EDGE('',*,*,#10179,.F.);
#10202=EDGE_LOOP('',(#10197,#10199,#10200,#10201));
#10203=FACE_OUTER_BOUND('',#10202,.F.);
#10204=ADVANCED_FACE('',(#10203),#10196,.T.);
#10205=CARTESIAN_POINT('',(2.719E1,0.E0,2.5E0));
#10206=DIRECTION('',(-8.853979028379E-1,0.E0,4.648338989899E-1));
#10207=DIRECTION('',(-4.648338989899E-1,0.E0,-8.853979028379E-1));
#10208=AXIS2_PLACEMENT_3D('',#10205,#10206,#10207);
#10209=PLANE('',#10208);
#10211=ORIENTED_EDGE('',*,*,#10210,.F.);
#10213=ORIENTED_EDGE('',*,*,#10212,.F.);
#10215=ORIENTED_EDGE('',*,*,#10214,.T.);
#10217=ORIENTED_EDGE('',*,*,#10216,.T.);
#10219=ORIENTED_EDGE('',*,*,#10218,.T.);
#10220=ORIENTED_EDGE('',*,*,#10198,.F.);
#10221=ORIENTED_EDGE('',*,*,#7543,.T.);
#10222=EDGE_LOOP('',(#10211,#10213,#10215,#10217,#10219,#10220,#10221));
#10223=FACE_OUTER_BOUND('',#10222,.F.);
#10224=ADVANCED_FACE('',(#10223),#10209,.T.);
#10225=CARTESIAN_POINT('',(-4.318E0,0.E0,2.075E0));
#10226=DIRECTION('',(0.E0,0.E0,1.E0));
#10227=DIRECTION('',(0.E0,-1.E0,0.E0));
#10228=AXIS2_PLACEMENT_3D('',#10225,#10226,#10227);
#10229=PLANE('',#10228);
#10230=ORIENTED_EDGE('',*,*,#7541,.T.);
#10232=ORIENTED_EDGE('',*,*,#10231,.F.);
#10234=ORIENTED_EDGE('',*,*,#10233,.T.);
#10235=ORIENTED_EDGE('',*,*,#10210,.T.);
#10236=EDGE_LOOP('',(#10230,#10232,#10234,#10235));
#10237=FACE_OUTER_BOUND('',#10236,.F.);
#10238=ADVANCED_FACE('',(#10237),#10229,.F.);
#10239=CARTESIAN_POINT('',(2.911E1,0.E0,1.7E0));
#10240=DIRECTION('',(8.853979028379E-1,0.E0,4.648338989899E-1));
#10241=DIRECTION('',(-4.648338989899E-1,0.E0,8.853979028379E-1));
#10242=AXIS2_PLACEMENT_3D('',#10239,#10240,#10241);
#10243=PLANE('',#10242);
#10244=ORIENTED_EDGE('',*,*,#10231,.T.);
#10245=ORIENTED_EDGE('',*,*,#7539,.F.);
#10247=ORIENTED_EDGE('',*,*,#10246,.T.);
#10249=ORIENTED_EDGE('',*,*,#10248,.F.);
#10251=ORIENTED_EDGE('',*,*,#10250,.T.);
#10253=ORIENTED_EDGE('',*,*,#10252,.F.);
#10255=ORIENTED_EDGE('',*,*,#10254,.F.);
#10256=EDGE_LOOP('',(#10244,#10245,#10247,#10249,#10251,#10253,#10255));
#10257=FACE_OUTER_BOUND('',#10256,.F.);
#10258=ADVANCED_FACE('',(#10257),#10243,.T.);
#10259=CARTESIAN_POINT('',(2.921E1,0.E0,1.7E0));
#10260=DIRECTION('',(0.E0,0.E0,1.E0));
#10261=DIRECTION('',(-1.E0,0.E0,0.E0));
#10262=AXIS2_PLACEMENT_3D('',#10259,#10260,#10261);
#10263=PLANE('',#10262);
#10264=ORIENTED_EDGE('',*,*,#7537,.F.);
#10266=ORIENTED_EDGE('',*,*,#10265,.T.);
#10267=ORIENTED_EDGE('',*,*,#8369,.F.);
#10268=ORIENTED_EDGE('',*,*,#10246,.F.);
#10269=EDGE_LOOP('',(#10264,#10266,#10267,#10268));
#10270=FACE_OUTER_BOUND('',#10269,.F.);
#10271=ADVANCED_FACE('',(#10270),#10263,.T.);
#10272=CARTESIAN_POINT('',(2.973E1,0.E0,2.5E0));
#10273=DIRECTION('',(-8.853979028379E-1,0.E0,4.648338989899E-1));
#10274=DIRECTION('',(-4.648338989899E-1,0.E0,-8.853979028379E-1));
#10275=AXIS2_PLACEMENT_3D('',#10272,#10273,#10274);
#10276=PLANE('',#10275);
#10278=ORIENTED_EDGE('',*,*,#10277,.F.);
#10280=ORIENTED_EDGE('',*,*,#10279,.F.);
#10282=ORIENTED_EDGE('',*,*,#10281,.T.);
#10283=ORIENTED_EDGE('',*,*,#8065,.T.);
#10285=ORIENTED_EDGE('',*,*,#10284,.T.);
#10286=ORIENTED_EDGE('',*,*,#10265,.F.);
#10287=ORIENTED_EDGE('',*,*,#7535,.T.);
#10288=EDGE_LOOP('',(#10278,#10280,#10282,#10283,#10285,#10286,#10287));
#10289=FACE_OUTER_BOUND('',#10288,.F.);
#10290=ADVANCED_FACE('',(#10289),#10276,.T.);
#10291=CARTESIAN_POINT('',(-4.572E0,0.E0,2.075E0));
#10292=DIRECTION('',(0.E0,0.E0,1.E0));
#10293=DIRECTION('',(0.E0,-1.E0,0.E0));
#10294=AXIS2_PLACEMENT_3D('',#10291,#10292,#10293);
#10295=PLANE('',#10294);
#10296=ORIENTED_EDGE('',*,*,#7533,.T.);
#10298=ORIENTED_EDGE('',*,*,#10297,.F.);
#10300=ORIENTED_EDGE('',*,*,#10299,.T.);
#10301=ORIENTED_EDGE('',*,*,#10277,.T.);
#10302=EDGE_LOOP('',(#10296,#10298,#10300,#10301));
#10303=FACE_OUTER_BOUND('',#10302,.F.);
#10304=ADVANCED_FACE('',(#10303),#10295,.F.);
#10305=CARTESIAN_POINT('',(3.165E1,0.E0,1.7E0));
#10306=DIRECTION('',(8.853979028379E-1,0.E0,4.648338989899E-1));
#10307=DIRECTION('',(-4.648338989899E-1,0.E0,8.853979028379E-1));
#10308=AXIS2_PLACEMENT_3D('',#10305,#10306,#10307);
#10309=PLANE('',#10308);
#10310=ORIENTED_EDGE('',*,*,#10297,.T.);
#10311=ORIENTED_EDGE('',*,*,#7531,.F.);
#10312=ORIENTED_EDGE('',*,*,#8389,.T.);
#10313=ORIENTED_EDGE('',*,*,#8152,.F.);
#10314=ORIENTED_EDGE('',*,*,#8069,.T.);
#10316=ORIENTED_EDGE('',*,*,#10315,.F.);
#10318=ORIENTED_EDGE('',*,*,#10317,.F.);
#10319=EDGE_LOOP('',(#10310,#10311,#10312,#10313,#10314,#10316,#10318));
#10320=FACE_OUTER_BOUND('',#10319,.F.);
#10321=ADVANCED_FACE('',(#10320),#10309,.T.);
#10322=CARTESIAN_POINT('',(3.123E1,0.E0,2.5E0));
#10323=DIRECTION('',(0.E0,0.E0,1.E0));
#10324=DIRECTION('',(-1.E0,0.E0,0.E0));
#10325=AXIS2_PLACEMENT_3D('',#10322,#10323,#10324);
#10326=PLANE('',#10325);
#10328=ORIENTED_EDGE('',*,*,#10327,.F.);
#10329=ORIENTED_EDGE('',*,*,#10315,.T.);
#10330=ORIENTED_EDGE('',*,*,#8067,.T.);
#10331=ORIENTED_EDGE('',*,*,#10281,.F.);
#10332=EDGE_LOOP('',(#10328,#10329,#10330,#10331));
#10333=FACE_OUTER_BOUND('',#10332,.F.);
#10334=ADVANCED_FACE('',(#10333),#10326,.T.);
#10335=CARTESIAN_POINT('',(3.048E1,0.E0,0.E0));
#10336=DIRECTION('',(0.E0,-1.E0,0.E0));
#10337=DIRECTION('',(-1.E0,0.E0,0.E0));
#10338=AXIS2_PLACEMENT_3D('',#10335,#10336,#10337);
#10339=PLANE('',#10338);
#10340=ORIENTED_EDGE('',*,*,#10299,.F.);
#10341=ORIENTED_EDGE('',*,*,#10317,.T.);
#10342=ORIENTED_EDGE('',*,*,#10327,.T.);
#10343=ORIENTED_EDGE('',*,*,#10279,.T.);
#10344=EDGE_LOOP('',(#10340,#10341,#10342,#10343));
#10345=FACE_OUTER_BOUND('',#10344,.F.);
#10346=ADVANCED_FACE('',(#10345),#10339,.F.);
#10347=CARTESIAN_POINT('',(3.048E1,0.E0,0.E0));
#10348=DIRECTION('',(0.E0,-1.E0,0.E0));
#10349=DIRECTION('',(-1.E0,0.E0,0.E0));
#10350=AXIS2_PLACEMENT_3D('',#10347,#10348,#10349);
#10351=PLANE('',#10350);
#10352=ORIENTED_EDGE('',*,*,#8446,.T.);
#10353=ORIENTED_EDGE('',*,*,#8465,.T.);
#10355=ORIENTED_EDGE('',*,*,#10354,.T.);
#10356=ORIENTED_EDGE('',*,*,#8428,.T.);
#10357=EDGE_LOOP('',(#10352,#10353,#10355,#10356));
#10358=FACE_OUTER_BOUND('',#10357,.F.);
#10359=ADVANCED_FACE('',(#10358),#10351,.F.);
#10360=CARTESIAN_POINT('',(2.973E1,0.E0,-2.5E0));
#10361=DIRECTION('',(0.E0,0.E0,-1.E0));
#10362=DIRECTION('',(1.E0,0.E0,0.E0));
#10363=AXIS2_PLACEMENT_3D('',#10360,#10361,#10362);
#10364=PLANE('',#10363);
#10365=ORIENTED_EDGE('',*,*,#10354,.F.);
#10366=ORIENTED_EDGE('',*,*,#8463,.T.);
#10367=ORIENTED_EDGE('',*,*,#8059,.T.);
#10368=ORIENTED_EDGE('',*,*,#8430,.F.);
#10369=EDGE_LOOP('',(#10365,#10366,#10367,#10368));
#10370=FACE_OUTER_BOUND('',#10369,.F.);
#10371=ADVANCED_FACE('',(#10370),#10364,.T.);
#10372=CARTESIAN_POINT('',(2.931E1,-2.54E0,-1.7E0));
#10373=DIRECTION('',(1.E0,0.E0,0.E0));
#10374=DIRECTION('',(0.E0,0.E0,1.E0));
#10375=AXIS2_PLACEMENT_3D('',#10372,#10373,#10374);
#10376=PLANE('',#10375);
#10377=ORIENTED_EDGE('',*,*,#8371,.T.);
#10378=ORIENTED_EDGE('',*,*,#10284,.F.);
#10379=ORIENTED_EDGE('',*,*,#8063,.F.);
#10380=ORIENTED_EDGE('',*,*,#8460,.T.);
#10381=EDGE_LOOP('',(#10377,#10378,#10379,#10380));
#10382=FACE_OUTER_BOUND('',#10381,.F.);
#10383=ADVANCED_FACE('',(#10382),#10376,.F.);
#10384=CARTESIAN_POINT('',(2.911E1,-2.54E0,1.7E0));
#10385=DIRECTION('',(-1.E0,0.E0,0.E0));
#10386=DIRECTION('',(0.E0,0.E0,-1.E0));
#10387=AXIS2_PLACEMENT_3D('',#10384,#10385,#10386);
#10388=PLANE('',#10387);
#10389=ORIENTED_EDGE('',*,*,#8375,.T.);
#10390=ORIENTED_EDGE('',*,*,#8498,.F.);
#10392=ORIENTED_EDGE('',*,*,#10391,.F.);
#10393=ORIENTED_EDGE('',*,*,#10248,.T.);
#10394=EDGE_LOOP('',(#10389,#10390,#10392,#10393));
#10395=FACE_OUTER_BOUND('',#10394,.F.);
#10396=ADVANCED_FACE('',(#10395),#10388,.F.);
#10397=CARTESIAN_POINT('',(2.794E1,-2.54E0,0.E0));
#10398=DIRECTION('',(0.E0,-1.E0,0.E0));
#10399=DIRECTION('',(-1.E0,0.E0,0.E0));
#10400=AXIS2_PLACEMENT_3D('',#10397,#10398,#10399);
#10401=PLANE('',#10400);
#10402=ORIENTED_EDGE('',*,*,#10391,.T.);
#10403=ORIENTED_EDGE('',*,*,#8496,.F.);
#10405=ORIENTED_EDGE('',*,*,#10404,.F.);
#10406=ORIENTED_EDGE('',*,*,#8528,.F.);
#10408=ORIENTED_EDGE('',*,*,#10407,.T.);
#10409=ORIENTED_EDGE('',*,*,#10216,.F.);
#10411=ORIENTED_EDGE('',*,*,#10410,.F.);
#10412=ORIENTED_EDGE('',*,*,#10250,.F.);
#10413=EDGE_LOOP('',(#10402,#10403,#10405,#10406,#10408,#10409,#10411,#10412));
#10414=FACE_OUTER_BOUND('',#10413,.F.);
#10416=ORIENTED_EDGE('',*,*,#10415,.F.);
#10418=ORIENTED_EDGE('',*,*,#10417,.F.);
#10420=ORIENTED_EDGE('',*,*,#10419,.F.);
#10422=ORIENTED_EDGE('',*,*,#10421,.F.);
#10423=EDGE_LOOP('',(#10416,#10418,#10420,#10422));
#10424=FACE_BOUND('',#10423,.F.);
#10426=ORIENTED_EDGE('',*,*,#10425,.F.);
#10428=ORIENTED_EDGE('',*,*,#10427,.F.);
#10430=ORIENTED_EDGE('',*,*,#10429,.F.);
#10432=ORIENTED_EDGE('',*,*,#10431,.F.);
#10433=EDGE_LOOP('',(#10426,#10428,#10430,#10432));
#10434=FACE_BOUND('',#10433,.F.);
#10435=ADVANCED_FACE('',(#10414,#10424,#10434),#10401,.T.);
#10436=CARTESIAN_POINT('',(2.826E1,0.E0,-9.5E-1));
#10437=DIRECTION('',(-1.E0,0.E0,0.E0));
#10438=DIRECTION('',(0.E0,0.E0,-1.E0));
#10439=AXIS2_PLACEMENT_3D('',#10436,#10437,#10438);
#10440=PLANE('',#10439);
#10441=ORIENTED_EDGE('',*,*,#7753,.F.);
#10443=ORIENTED_EDGE('',*,*,#10442,.T.);
#10444=ORIENTED_EDGE('',*,*,#10425,.T.);
#10446=ORIENTED_EDGE('',*,*,#10445,.F.);
#10447=EDGE_LOOP('',(#10441,#10443,#10444,#10446));
#10448=FACE_OUTER_BOUND('',#10447,.F.);
#10449=ADVANCED_FACE('',(#10448),#10440,.T.);
#10450=CARTESIAN_POINT('',(2.762E1,0.E0,-9.5E-1));
#10451=DIRECTION('',(0.E0,0.E0,-1.E0));
#10452=DIRECTION('',(1.E0,0.E0,0.E0));
#10453=AXIS2_PLACEMENT_3D('',#10450,#10451,#10452);
#10454=PLANE('',#10453);
#10455=ORIENTED_EDGE('',*,*,#7759,.F.);
#10457=ORIENTED_EDGE('',*,*,#10456,.T.);
#10458=ORIENTED_EDGE('',*,*,#10427,.T.);
#10459=ORIENTED_EDGE('',*,*,#10442,.F.);
#10460=EDGE_LOOP('',(#10455,#10457,#10458,#10459));
#10461=FACE_OUTER_BOUND('',#10460,.F.);
#10462=ADVANCED_FACE('',(#10461),#10454,.T.);
#10463=CARTESIAN_POINT('',(2.762E1,0.E0,-1.59E0));
#10464=DIRECTION('',(1.E0,0.E0,0.E0));
#10465=DIRECTION('',(0.E0,0.E0,1.E0));
#10466=AXIS2_PLACEMENT_3D('',#10463,#10464,#10465);
#10467=PLANE('',#10466);
#10468=ORIENTED_EDGE('',*,*,#7757,.F.);
#10470=ORIENTED_EDGE('',*,*,#10469,.T.);
#10471=ORIENTED_EDGE('',*,*,#10429,.T.);
#10472=ORIENTED_EDGE('',*,*,#10456,.F.);
#10473=EDGE_LOOP('',(#10468,#10470,#10471,#10472));
#10474=FACE_OUTER_BOUND('',#10473,.F.);
#10475=ADVANCED_FACE('',(#10474),#10467,.T.);
#10476=CARTESIAN_POINT('',(2.826E1,0.E0,-1.59E0));
#10477=DIRECTION('',(0.E0,0.E0,1.E0));
#10478=DIRECTION('',(-1.E0,0.E0,0.E0));
#10479=AXIS2_PLACEMENT_3D('',#10476,#10477,#10478);
#10480=PLANE('',#10479);
#10481=ORIENTED_EDGE('',*,*,#7755,.F.);
#10482=ORIENTED_EDGE('',*,*,#10445,.T.);
#10483=ORIENTED_EDGE('',*,*,#10431,.T.);
#10484=ORIENTED_EDGE('',*,*,#10469,.F.);
#10485=EDGE_LOOP('',(#10481,#10482,#10483,#10484));
#10486=FACE_OUTER_BOUND('',#10485,.F.);
#10487=ADVANCED_FACE('',(#10486),#10480,.T.);
#10488=CARTESIAN_POINT('',(2.826E1,0.E0,1.59E0));
#10489=DIRECTION('',(-1.E0,0.E0,0.E0));
#10490=DIRECTION('',(0.E0,0.E0,-1.E0));
#10491=AXIS2_PLACEMENT_3D('',#10488,#10489,#10490);
#10492=PLANE('',#10491);
#10493=ORIENTED_EDGE('',*,*,#7743,.F.);
#10495=ORIENTED_EDGE('',*,*,#10494,.T.);
#10496=ORIENTED_EDGE('',*,*,#10415,.T.);
#10498=ORIENTED_EDGE('',*,*,#10497,.F.);
#10499=EDGE_LOOP('',(#10493,#10495,#10496,#10498));
#10500=FACE_OUTER_BOUND('',#10499,.F.);
#10501=ADVANCED_FACE('',(#10500),#10492,.T.);
#10502=CARTESIAN_POINT('',(2.762E1,0.E0,1.59E0));
#10503=DIRECTION('',(0.E0,0.E0,-1.E0));
#10504=DIRECTION('',(1.E0,0.E0,0.E0));
#10505=AXIS2_PLACEMENT_3D('',#10502,#10503,#10504);
#10506=PLANE('',#10505);
#10507=ORIENTED_EDGE('',*,*,#7749,.F.);
#10509=ORIENTED_EDGE('',*,*,#10508,.T.);
#10510=ORIENTED_EDGE('',*,*,#10417,.T.);
#10511=ORIENTED_EDGE('',*,*,#10494,.F.);
#10512=EDGE_LOOP('',(#10507,#10509,#10510,#10511));
#10513=FACE_OUTER_BOUND('',#10512,.F.);
#10514=ADVANCED_FACE('',(#10513),#10506,.T.);
#10515=CARTESIAN_POINT('',(2.762E1,0.E0,9.5E-1));
#10516=DIRECTION('',(1.E0,0.E0,0.E0));
#10517=DIRECTION('',(0.E0,0.E0,1.E0));
#10518=AXIS2_PLACEMENT_3D('',#10515,#10516,#10517);
#10519=PLANE('',#10518);
#10520=ORIENTED_EDGE('',*,*,#7747,.F.);
#10522=ORIENTED_EDGE('',*,*,#10521,.T.);
#10523=ORIENTED_EDGE('',*,*,#10419,.T.);
#10524=ORIENTED_EDGE('',*,*,#10508,.F.);
#10525=EDGE_LOOP('',(#10520,#10522,#10523,#10524));
#10526=FACE_OUTER_BOUND('',#10525,.F.);
#10527=ADVANCED_FACE('',(#10526),#10519,.T.);
#10528=CARTESIAN_POINT('',(2.826E1,0.E0,9.5E-1));
#10529=DIRECTION('',(0.E0,0.E0,1.E0));
#10530=DIRECTION('',(-1.E0,0.E0,0.E0));
#10531=AXIS2_PLACEMENT_3D('',#10528,#10529,#10530);
#10532=PLANE('',#10531);
#10533=ORIENTED_EDGE('',*,*,#7745,.F.);
#10534=ORIENTED_EDGE('',*,*,#10497,.T.);
#10535=ORIENTED_EDGE('',*,*,#10421,.T.);
#10536=ORIENTED_EDGE('',*,*,#10521,.F.);
#10537=EDGE_LOOP('',(#10533,#10534,#10535,#10536));
#10538=FACE_OUTER_BOUND('',#10537,.F.);
#10539=ADVANCED_FACE('',(#10538),#10532,.T.);
#10540=CARTESIAN_POINT('',(2.719E1,0.E0,-2.5E0));
#10541=DIRECTION('',(0.E0,0.E0,-1.E0));
#10542=DIRECTION('',(1.E0,0.E0,0.E0));
#10543=AXIS2_PLACEMENT_3D('',#10540,#10541,#10542);
#10544=PLANE('',#10543);
#10546=ORIENTED_EDGE('',*,*,#10545,.F.);
#10547=ORIENTED_EDGE('',*,*,#8530,.T.);
#10548=ORIENTED_EDGE('',*,*,#10404,.T.);
#10549=ORIENTED_EDGE('',*,*,#8494,.F.);
#10550=EDGE_LOOP('',(#10546,#10547,#10548,#10549));
#10551=FACE_OUTER_BOUND('',#10550,.F.);
#10552=ADVANCED_FACE('',(#10551),#10544,.T.);
#10553=CARTESIAN_POINT('',(2.794E1,0.E0,0.E0));
#10554=DIRECTION('',(0.E0,-1.E0,0.E0));
#10555=DIRECTION('',(-1.E0,0.E0,0.E0));
#10556=AXIS2_PLACEMENT_3D('',#10553,#10554,#10555);
#10557=PLANE('',#10556);
#10558=ORIENTED_EDGE('',*,*,#10233,.F.);
#10559=ORIENTED_EDGE('',*,*,#10254,.T.);
#10561=ORIENTED_EDGE('',*,*,#10560,.T.);
#10562=ORIENTED_EDGE('',*,*,#10212,.T.);
#10563=EDGE_LOOP('',(#10558,#10559,#10561,#10562));
#10564=FACE_OUTER_BOUND('',#10563,.F.);
#10565=ADVANCED_FACE('',(#10564),#10557,.F.);
#10566=CARTESIAN_POINT('',(2.794E1,0.E0,0.E0));
#10567=DIRECTION('',(0.E0,-1.E0,0.E0));
#10568=DIRECTION('',(-1.E0,0.E0,0.E0));
#10569=AXIS2_PLACEMENT_3D('',#10566,#10567,#10568);
#10570=PLANE('',#10569);
#10571=ORIENTED_EDGE('',*,*,#8512,.T.);
#10572=ORIENTED_EDGE('',*,*,#8532,.T.);
#10573=ORIENTED_EDGE('',*,*,#10545,.T.);
#10574=ORIENTED_EDGE('',*,*,#8492,.T.);
#10575=EDGE_LOOP('',(#10571,#10572,#10573,#10574));
#10576=FACE_OUTER_BOUND('',#10575,.F.);
#10577=ADVANCED_FACE('',(#10576),#10570,.F.);
#10578=CARTESIAN_POINT('',(2.869E1,0.E0,2.5E0));
#10579=DIRECTION('',(0.E0,0.E0,1.E0));
#10580=DIRECTION('',(-1.E0,0.E0,0.E0));
#10581=AXIS2_PLACEMENT_3D('',#10578,#10579,#10580);
#10582=PLANE('',#10581);
#10583=ORIENTED_EDGE('',*,*,#10560,.F.);
#10584=ORIENTED_EDGE('',*,*,#10252,.T.);
#10585=ORIENTED_EDGE('',*,*,#10410,.T.);
#10586=ORIENTED_EDGE('',*,*,#10214,.F.);
#10587=EDGE_LOOP('',(#10583,#10584,#10585,#10586));
#10588=FACE_OUTER_BOUND('',#10587,.F.);
#10589=ADVANCED_FACE('',(#10588),#10582,.T.);
#10590=CARTESIAN_POINT('',(2.677E1,-2.54E0,-1.7E0));
#10591=DIRECTION('',(1.E0,0.E0,0.E0));
#10592=DIRECTION('',(0.E0,0.E0,1.E0));
#10593=AXIS2_PLACEMENT_3D('',#10590,#10591,#10592);
#10594=PLANE('',#10593);
#10595=ORIENTED_EDGE('',*,*,#8355,.T.);
#10596=ORIENTED_EDGE('',*,*,#10218,.F.);
#10597=ORIENTED_EDGE('',*,*,#10407,.F.);
#10598=ORIENTED_EDGE('',*,*,#8526,.T.);
#10599=EDGE_LOOP('',(#10595,#10596,#10597,#10598));
#10600=FACE_OUTER_BOUND('',#10599,.F.);
#10601=ADVANCED_FACE('',(#10600),#10594,.F.);
#10602=CARTESIAN_POINT('',(2.657E1,-2.54E0,1.7E0));
#10603=DIRECTION('',(-1.E0,0.E0,0.E0));
#10604=DIRECTION('',(0.E0,0.E0,-1.E0));
#10605=AXIS2_PLACEMENT_3D('',#10602,#10603,#10604);
#10606=PLANE('',#10605);
#10607=ORIENTED_EDGE('',*,*,#8359,.T.);
#10608=ORIENTED_EDGE('',*,*,#8565,.F.);
#10610=ORIENTED_EDGE('',*,*,#10609,.F.);
#10611=ORIENTED_EDGE('',*,*,#10181,.T.);
#10612=EDGE_LOOP('',(#10607,#10608,#10610,#10611));
#10613=FACE_OUTER_BOUND('',#10612,.F.);
#10614=ADVANCED_FACE('',(#10613),#10606,.F.);
#10615=CARTESIAN_POINT('',(2.54E1,-2.54E0,0.E0));
#10616=DIRECTION('',(0.E0,-1.E0,0.E0));
#10617=DIRECTION('',(-1.E0,0.E0,0.E0));
#10618=AXIS2_PLACEMENT_3D('',#10615,#10616,#10617);
#10619=PLANE('',#10618);
#10620=ORIENTED_EDGE('',*,*,#10609,.T.);
#10621=ORIENTED_EDGE('',*,*,#8563,.F.);
#10623=ORIENTED_EDGE('',*,*,#10622,.F.);
#10624=ORIENTED_EDGE('',*,*,#8595,.F.);
#10626=ORIENTED_EDGE('',*,*,#10625,.T.);
#10627=ORIENTED_EDGE('',*,*,#10149,.F.);
#10629=ORIENTED_EDGE('',*,*,#10628,.F.);
#10630=ORIENTED_EDGE('',*,*,#10183,.F.);
#10631=EDGE_LOOP('',(#10620,#10621,#10623,#10624,#10626,#10627,#10629,#10630));
#10632=FACE_OUTER_BOUND('',#10631,.F.);
#10634=ORIENTED_EDGE('',*,*,#10633,.F.);
#10636=ORIENTED_EDGE('',*,*,#10635,.F.);
#10638=ORIENTED_EDGE('',*,*,#10637,.F.);
#10640=ORIENTED_EDGE('',*,*,#10639,.F.);
#10641=EDGE_LOOP('',(#10634,#10636,#10638,#10640));
#10642=FACE_BOUND('',#10641,.F.);
#10644=ORIENTED_EDGE('',*,*,#10643,.F.);
#10646=ORIENTED_EDGE('',*,*,#10645,.F.);
#10648=ORIENTED_EDGE('',*,*,#10647,.F.);
#10650=ORIENTED_EDGE('',*,*,#10649,.F.);
#10651=EDGE_LOOP('',(#10644,#10646,#10648,#10650));
#10652=FACE_BOUND('',#10651,.F.);
#10653=ADVANCED_FACE('',(#10632,#10642,#10652),#10619,.T.);
#10654=CARTESIAN_POINT('',(2.572E1,0.E0,-9.5E-1));
#10655=DIRECTION('',(-1.E0,0.E0,0.E0));
#10656=DIRECTION('',(0.E0,0.E0,-1.E0));
#10657=AXIS2_PLACEMENT_3D('',#10654,#10655,#10656);
#10658=PLANE('',#10657);
#10659=ORIENTED_EDGE('',*,*,#7773,.F.);
#10661=ORIENTED_EDGE('',*,*,#10660,.T.);
#10662=ORIENTED_EDGE('',*,*,#10643,.T.);
#10664=ORIENTED_EDGE('',*,*,#10663,.F.);
#10665=EDGE_LOOP('',(#10659,#10661,#10662,#10664));
#10666=FACE_OUTER_BOUND('',#10665,.F.);
#10667=ADVANCED_FACE('',(#10666),#10658,.T.);
#10668=CARTESIAN_POINT('',(2.508E1,0.E0,-9.5E-1));
#10669=DIRECTION('',(0.E0,0.E0,-1.E0));
#10670=DIRECTION('',(1.E0,0.E0,0.E0));
#10671=AXIS2_PLACEMENT_3D('',#10668,#10669,#10670);
#10672=PLANE('',#10671);
#10673=ORIENTED_EDGE('',*,*,#7779,.F.);
#10675=ORIENTED_EDGE('',*,*,#10674,.T.);
#10676=ORIENTED_EDGE('',*,*,#10645,.T.);
#10677=ORIENTED_EDGE('',*,*,#10660,.F.);
#10678=EDGE_LOOP('',(#10673,#10675,#10676,#10677));
#10679=FACE_OUTER_BOUND('',#10678,.F.);
#10680=ADVANCED_FACE('',(#10679),#10672,.T.);
#10681=CARTESIAN_POINT('',(2.508E1,0.E0,-1.59E0));
#10682=DIRECTION('',(1.E0,0.E0,0.E0));
#10683=DIRECTION('',(0.E0,0.E0,1.E0));
#10684=AXIS2_PLACEMENT_3D('',#10681,#10682,#10683);
#10685=PLANE('',#10684);
#10686=ORIENTED_EDGE('',*,*,#7777,.F.);
#10688=ORIENTED_EDGE('',*,*,#10687,.T.);
#10689=ORIENTED_EDGE('',*,*,#10647,.T.);
#10690=ORIENTED_EDGE('',*,*,#10674,.F.);
#10691=EDGE_LOOP('',(#10686,#10688,#10689,#10690));
#10692=FACE_OUTER_BOUND('',#10691,.F.);
#10693=ADVANCED_FACE('',(#10692),#10685,.T.);
#10694=CARTESIAN_POINT('',(2.572E1,0.E0,-1.59E0));
#10695=DIRECTION('',(0.E0,0.E0,1.E0));
#10696=DIRECTION('',(-1.E0,0.E0,0.E0));
#10697=AXIS2_PLACEMENT_3D('',#10694,#10695,#10696);
#10698=PLANE('',#10697);
#10699=ORIENTED_EDGE('',*,*,#7775,.F.);
#10700=ORIENTED_EDGE('',*,*,#10663,.T.);
#10701=ORIENTED_EDGE('',*,*,#10649,.T.);
#10702=ORIENTED_EDGE('',*,*,#10687,.F.);
#10703=EDGE_LOOP('',(#10699,#10700,#10701,#10702));
#10704=FACE_OUTER_BOUND('',#10703,.F.);
#10705=ADVANCED_FACE('',(#10704),#10698,.T.);
#10706=CARTESIAN_POINT('',(2.572E1,0.E0,1.59E0));
#10707=DIRECTION('',(-1.E0,0.E0,0.E0));
#10708=DIRECTION('',(0.E0,0.E0,-1.E0));
#10709=AXIS2_PLACEMENT_3D('',#10706,#10707,#10708);
#10710=PLANE('',#10709);
#10711=ORIENTED_EDGE('',*,*,#7763,.F.);
#10713=ORIENTED_EDGE('',*,*,#10712,.T.);
#10714=ORIENTED_EDGE('',*,*,#10633,.T.);
#10716=ORIENTED_EDGE('',*,*,#10715,.F.);
#10717=EDGE_LOOP('',(#10711,#10713,#10714,#10716));
#10718=FACE_OUTER_BOUND('',#10717,.F.);
#10719=ADVANCED_FACE('',(#10718),#10710,.T.);
#10720=CARTESIAN_POINT('',(2.508E1,0.E0,1.59E0));
#10721=DIRECTION('',(0.E0,0.E0,-1.E0));
#10722=DIRECTION('',(1.E0,0.E0,0.E0));
#10723=AXIS2_PLACEMENT_3D('',#10720,#10721,#10722);
#10724=PLANE('',#10723);
#10725=ORIENTED_EDGE('',*,*,#7769,.F.);
#10727=ORIENTED_EDGE('',*,*,#10726,.T.);
#10728=ORIENTED_EDGE('',*,*,#10635,.T.);
#10729=ORIENTED_EDGE('',*,*,#10712,.F.);
#10730=EDGE_LOOP('',(#10725,#10727,#10728,#10729));
#10731=FACE_OUTER_BOUND('',#10730,.F.);
#10732=ADVANCED_FACE('',(#10731),#10724,.T.);
#10733=CARTESIAN_POINT('',(2.508E1,0.E0,9.5E-1));
#10734=DIRECTION('',(1.E0,0.E0,0.E0));
#10735=DIRECTION('',(0.E0,0.E0,1.E0));
#10736=AXIS2_PLACEMENT_3D('',#10733,#10734,#10735);
#10737=PLANE('',#10736);
#10738=ORIENTED_EDGE('',*,*,#7767,.F.);
#10740=ORIENTED_EDGE('',*,*,#10739,.T.);
#10741=ORIENTED_EDGE('',*,*,#10637,.T.);
#10742=ORIENTED_EDGE('',*,*,#10726,.F.);
#10743=EDGE_LOOP('',(#10738,#10740,#10741,#10742));
#10744=FACE_OUTER_BOUND('',#10743,.F.);
#10745=ADVANCED_FACE('',(#10744),#10737,.T.);
#10746=CARTESIAN_POINT('',(2.572E1,0.E0,9.5E-1));
#10747=DIRECTION('',(0.E0,0.E0,1.E0));
#10748=DIRECTION('',(-1.E0,0.E0,0.E0));
#10749=AXIS2_PLACEMENT_3D('',#10746,#10747,#10748);
#10750=PLANE('',#10749);
#10751=ORIENTED_EDGE('',*,*,#7765,.F.);
#10752=ORIENTED_EDGE('',*,*,#10715,.T.);
#10753=ORIENTED_EDGE('',*,*,#10639,.T.);
#10754=ORIENTED_EDGE('',*,*,#10739,.F.);
#10755=EDGE_LOOP('',(#10751,#10752,#10753,#10754));
#10756=FACE_OUTER_BOUND('',#10755,.F.);
#10757=ADVANCED_FACE('',(#10756),#10750,.T.);
#10758=CARTESIAN_POINT('',(2.465E1,0.E0,-2.5E0));
#10759=DIRECTION('',(0.E0,0.E0,-1.E0));
#10760=DIRECTION('',(1.E0,0.E0,0.E0));
#10761=AXIS2_PLACEMENT_3D('',#10758,#10759,#10760);
#10762=PLANE('',#10761);
#10764=ORIENTED_EDGE('',*,*,#10763,.F.);
#10765=ORIENTED_EDGE('',*,*,#8597,.T.);
#10766=ORIENTED_EDGE('',*,*,#10622,.T.);
#10767=ORIENTED_EDGE('',*,*,#8561,.F.);
#10768=EDGE_LOOP('',(#10764,#10765,#10766,#10767));
#10769=FACE_OUTER_BOUND('',#10768,.F.);
#10770=ADVANCED_FACE('',(#10769),#10762,.T.);
#10771=CARTESIAN_POINT('',(2.54E1,0.E0,0.E0));
#10772=DIRECTION('',(0.E0,-1.E0,0.E0));
#10773=DIRECTION('',(-1.E0,0.E0,0.E0));
#10774=AXIS2_PLACEMENT_3D('',#10771,#10772,#10773);
#10775=PLANE('',#10774);
#10776=ORIENTED_EDGE('',*,*,#10166,.F.);
#10777=ORIENTED_EDGE('',*,*,#10187,.T.);
#10779=ORIENTED_EDGE('',*,*,#10778,.T.);
#10780=ORIENTED_EDGE('',*,*,#10145,.T.);
#10781=EDGE_LOOP('',(#10776,#10777,#10779,#10780));
#10782=FACE_OUTER_BOUND('',#10781,.F.);
#10783=ADVANCED_FACE('',(#10782),#10775,.F.);
#10784=CARTESIAN_POINT('',(2.54E1,0.E0,0.E0));
#10785=DIRECTION('',(0.E0,-1.E0,0.E0));
#10786=DIRECTION('',(-1.E0,0.E0,0.E0));
#10787=AXIS2_PLACEMENT_3D('',#10784,#10785,#10786);
#10788=PLANE('',#10787);
#10789=ORIENTED_EDGE('',*,*,#8579,.T.);
#10790=ORIENTED_EDGE('',*,*,#8599,.T.);
#10791=ORIENTED_EDGE('',*,*,#10763,.T.);
#10792=ORIENTED_EDGE('',*,*,#8559,.T.);
#10793=EDGE_LOOP('',(#10789,#10790,#10791,#10792));
#10794=FACE_OUTER_BOUND('',#10793,.F.);
#10795=ADVANCED_FACE('',(#10794),#10788,.F.);
#10796=CARTESIAN_POINT('',(2.615E1,0.E0,2.5E0));
#10797=DIRECTION('',(0.E0,0.E0,1.E0));
#10798=DIRECTION('',(-1.E0,0.E0,0.E0));
#10799=AXIS2_PLACEMENT_3D('',#10796,#10797,#10798);
#10800=PLANE('',#10799);
#10801=ORIENTED_EDGE('',*,*,#10778,.F.);
#10802=ORIENTED_EDGE('',*,*,#10185,.T.);
#10803=ORIENTED_EDGE('',*,*,#10628,.T.);
#10804=ORIENTED_EDGE('',*,*,#10147,.F.);
#10805=EDGE_LOOP('',(#10801,#10802,#10803,#10804));
#10806=FACE_OUTER_BOUND('',#10805,.F.);
#10807=ADVANCED_FACE('',(#10806),#10800,.T.);
#10808=CARTESIAN_POINT('',(2.423E1,-2.54E0,-1.7E0));
#10809=DIRECTION('',(1.E0,0.E0,0.E0));
#10810=DIRECTION('',(0.E0,0.E0,1.E0));
#10811=AXIS2_PLACEMENT_3D('',#10808,#10809,#10810);
#10812=PLANE('',#10811);
#10813=ORIENTED_EDGE('',*,*,#8339,.T.);
#10814=ORIENTED_EDGE('',*,*,#10151,.F.);
#10815=ORIENTED_EDGE('',*,*,#10625,.F.);
#10816=ORIENTED_EDGE('',*,*,#8593,.T.);
#10817=EDGE_LOOP('',(#10813,#10814,#10815,#10816));
#10818=FACE_OUTER_BOUND('',#10817,.F.);
#10819=ADVANCED_FACE('',(#10818),#10812,.F.);
#10820=CARTESIAN_POINT('',(2.403E1,-2.54E0,1.7E0));
#10821=DIRECTION('',(-1.E0,0.E0,0.E0));
#10822=DIRECTION('',(0.E0,0.E0,-1.E0));
#10823=AXIS2_PLACEMENT_3D('',#10820,#10821,#10822);
#10824=PLANE('',#10823);
#10825=ORIENTED_EDGE('',*,*,#8343,.T.);
#10826=ORIENTED_EDGE('',*,*,#8632,.F.);
#10828=ORIENTED_EDGE('',*,*,#10827,.F.);
#10829=ORIENTED_EDGE('',*,*,#10114,.T.);
#10830=EDGE_LOOP('',(#10825,#10826,#10828,#10829));
#10831=FACE_OUTER_BOUND('',#10830,.F.);
#10832=ADVANCED_FACE('',(#10831),#10824,.F.);
#10833=CARTESIAN_POINT('',(2.286E1,-2.54E0,0.E0));
#10834=DIRECTION('',(0.E0,-1.E0,0.E0));
#10835=DIRECTION('',(-1.E0,0.E0,0.E0));
#10836=AXIS2_PLACEMENT_3D('',#10833,#10834,#10835);
#10837=PLANE('',#10836);
#10838=ORIENTED_EDGE('',*,*,#10827,.T.);
#10839=ORIENTED_EDGE('',*,*,#8630,.F.);
#10841=ORIENTED_EDGE('',*,*,#10840,.F.);
#10842=ORIENTED_EDGE('',*,*,#8662,.F.);
#10844=ORIENTED_EDGE('',*,*,#10843,.T.);
#10845=ORIENTED_EDGE('',*,*,#10082,.F.);
#10847=ORIENTED_EDGE('',*,*,#10846,.F.);
#10848=ORIENTED_EDGE('',*,*,#10116,.F.);
#10849=EDGE_LOOP('',(#10838,#10839,#10841,#10842,#10844,#10845,#10847,#10848));
#10850=FACE_OUTER_BOUND('',#10849,.F.);
#10852=ORIENTED_EDGE('',*,*,#10851,.F.);
#10854=ORIENTED_EDGE('',*,*,#10853,.F.);
#10856=ORIENTED_EDGE('',*,*,#10855,.F.);
#10858=ORIENTED_EDGE('',*,*,#10857,.F.);
#10859=EDGE_LOOP('',(#10852,#10854,#10856,#10858));
#10860=FACE_BOUND('',#10859,.F.);
#10862=ORIENTED_EDGE('',*,*,#10861,.F.);
#10864=ORIENTED_EDGE('',*,*,#10863,.F.);
#10866=ORIENTED_EDGE('',*,*,#10865,.F.);
#10868=ORIENTED_EDGE('',*,*,#10867,.F.);
#10869=EDGE_LOOP('',(#10862,#10864,#10866,#10868));
#10870=FACE_BOUND('',#10869,.F.);
#10871=ADVANCED_FACE('',(#10850,#10860,#10870),#10837,.T.);
#10872=CARTESIAN_POINT('',(2.318E1,0.E0,-9.5E-1));
#10873=DIRECTION('',(-1.E0,0.E0,0.E0));
#10874=DIRECTION('',(0.E0,0.E0,-1.E0));
#10875=AXIS2_PLACEMENT_3D('',#10872,#10873,#10874);
#10876=PLANE('',#10875);
#10877=ORIENTED_EDGE('',*,*,#7793,.F.);
#10879=ORIENTED_EDGE('',*,*,#10878,.T.);
#10880=ORIENTED_EDGE('',*,*,#10861,.T.);
#10882=ORIENTED_EDGE('',*,*,#10881,.F.);
#10883=EDGE_LOOP('',(#10877,#10879,#10880,#10882));
#10884=FACE_OUTER_BOUND('',#10883,.F.);
#10885=ADVANCED_FACE('',(#10884),#10876,.T.);
#10886=CARTESIAN_POINT('',(2.254E1,0.E0,-9.5E-1));
#10887=DIRECTION('',(0.E0,0.E0,-1.E0));
#10888=DIRECTION('',(1.E0,0.E0,0.E0));
#10889=AXIS2_PLACEMENT_3D('',#10886,#10887,#10888);
#10890=PLANE('',#10889);
#10891=ORIENTED_EDGE('',*,*,#7799,.F.);
#10893=ORIENTED_EDGE('',*,*,#10892,.T.);
#10894=ORIENTED_EDGE('',*,*,#10863,.T.);
#10895=ORIENTED_EDGE('',*,*,#10878,.F.);
#10896=EDGE_LOOP('',(#10891,#10893,#10894,#10895));
#10897=FACE_OUTER_BOUND('',#10896,.F.);
#10898=ADVANCED_FACE('',(#10897),#10890,.T.);
#10899=CARTESIAN_POINT('',(2.254E1,0.E0,-1.59E0));
#10900=DIRECTION('',(1.E0,0.E0,0.E0));
#10901=DIRECTION('',(0.E0,0.E0,1.E0));
#10902=AXIS2_PLACEMENT_3D('',#10899,#10900,#10901);
#10903=PLANE('',#10902);
#10904=ORIENTED_EDGE('',*,*,#7797,.F.);
#10906=ORIENTED_EDGE('',*,*,#10905,.T.);
#10907=ORIENTED_EDGE('',*,*,#10865,.T.);
#10908=ORIENTED_EDGE('',*,*,#10892,.F.);
#10909=EDGE_LOOP('',(#10904,#10906,#10907,#10908));
#10910=FACE_OUTER_BOUND('',#10909,.F.);
#10911=ADVANCED_FACE('',(#10910),#10903,.T.);
#10912=CARTESIAN_POINT('',(2.318E1,0.E0,-1.59E0));
#10913=DIRECTION('',(0.E0,0.E0,1.E0));
#10914=DIRECTION('',(-1.E0,0.E0,0.E0));
#10915=AXIS2_PLACEMENT_3D('',#10912,#10913,#10914);
#10916=PLANE('',#10915);
#10917=ORIENTED_EDGE('',*,*,#7795,.F.);
#10918=ORIENTED_EDGE('',*,*,#10881,.T.);
#10919=ORIENTED_EDGE('',*,*,#10867,.T.);
#10920=ORIENTED_EDGE('',*,*,#10905,.F.);
#10921=EDGE_LOOP('',(#10917,#10918,#10919,#10920));
#10922=FACE_OUTER_BOUND('',#10921,.F.);
#10923=ADVANCED_FACE('',(#10922),#10916,.T.);
#10924=CARTESIAN_POINT('',(2.318E1,0.E0,1.59E0));
#10925=DIRECTION('',(-1.E0,0.E0,0.E0));
#10926=DIRECTION('',(0.E0,0.E0,-1.E0));
#10927=AXIS2_PLACEMENT_3D('',#10924,#10925,#10926);
#10928=PLANE('',#10927);
#10929=ORIENTED_EDGE('',*,*,#7783,.F.);
#10931=ORIENTED_EDGE('',*,*,#10930,.T.);
#10932=ORIENTED_EDGE('',*,*,#10851,.T.);
#10934=ORIENTED_EDGE('',*,*,#10933,.F.);
#10935=EDGE_LOOP('',(#10929,#10931,#10932,#10934));
#10936=FACE_OUTER_BOUND('',#10935,.F.);
#10937=ADVANCED_FACE('',(#10936),#10928,.T.);
#10938=CARTESIAN_POINT('',(2.254E1,0.E0,1.59E0));
#10939=DIRECTION('',(0.E0,0.E0,-1.E0));
#10940=DIRECTION('',(1.E0,0.E0,0.E0));
#10941=AXIS2_PLACEMENT_3D('',#10938,#10939,#10940);
#10942=PLANE('',#10941);
#10943=ORIENTED_EDGE('',*,*,#7789,.F.);
#10945=ORIENTED_EDGE('',*,*,#10944,.T.);
#10946=ORIENTED_EDGE('',*,*,#10853,.T.);
#10947=ORIENTED_EDGE('',*,*,#10930,.F.);
#10948=EDGE_LOOP('',(#10943,#10945,#10946,#10947));
#10949=FACE_OUTER_BOUND('',#10948,.F.);
#10950=ADVANCED_FACE('',(#10949),#10942,.T.);
#10951=CARTESIAN_POINT('',(2.254E1,0.E0,9.5E-1));
#10952=DIRECTION('',(1.E0,0.E0,0.E0));
#10953=DIRECTION('',(0.E0,0.E0,1.E0));
#10954=AXIS2_PLACEMENT_3D('',#10951,#10952,#10953);
#10955=PLANE('',#10954);
#10956=ORIENTED_EDGE('',*,*,#7787,.F.);
#10958=ORIENTED_EDGE('',*,*,#10957,.T.);
#10959=ORIENTED_EDGE('',*,*,#10855,.T.);
#10960=ORIENTED_EDGE('',*,*,#10944,.F.);
#10961=EDGE_LOOP('',(#10956,#10958,#10959,#10960));
#10962=FACE_OUTER_BOUND('',#10961,.F.);
#10963=ADVANCED_FACE('',(#10962),#10955,.T.);
#10964=CARTESIAN_POINT('',(2.318E1,0.E0,9.5E-1));
#10965=DIRECTION('',(0.E0,0.E0,1.E0));
#10966=DIRECTION('',(-1.E0,0.E0,0.E0));
#10967=AXIS2_PLACEMENT_3D('',#10964,#10965,#10966);
#10968=PLANE('',#10967);
#10969=ORIENTED_EDGE('',*,*,#7785,.F.);
#10970=ORIENTED_EDGE('',*,*,#10933,.T.);
#10971=ORIENTED_EDGE('',*,*,#10857,.T.);
#10972=ORIENTED_EDGE('',*,*,#10957,.F.);
#10973=EDGE_LOOP('',(#10969,#10970,#10971,#10972));
#10974=FACE_OUTER_BOUND('',#10973,.F.);
#10975=ADVANCED_FACE('',(#10974),#10968,.T.);
#10976=CARTESIAN_POINT('',(2.211E1,0.E0,-2.5E0));
#10977=DIRECTION('',(0.E0,0.E0,-1.E0));
#10978=DIRECTION('',(1.E0,0.E0,0.E0));
#10979=AXIS2_PLACEMENT_3D('',#10976,#10977,#10978);
#10980=PLANE('',#10979);
#10982=ORIENTED_EDGE('',*,*,#10981,.F.);
#10983=ORIENTED_EDGE('',*,*,#8664,.T.);
#10984=ORIENTED_EDGE('',*,*,#10840,.T.);
#10985=ORIENTED_EDGE('',*,*,#8628,.F.);
#10986=EDGE_LOOP('',(#10982,#10983,#10984,#10985));
#10987=FACE_OUTER_BOUND('',#10986,.F.);
#10988=ADVANCED_FACE('',(#10987),#10980,.T.);
#10989=CARTESIAN_POINT('',(2.286E1,0.E0,0.E0));
#10990=DIRECTION('',(0.E0,-1.E0,0.E0));
#10991=DIRECTION('',(-1.E0,0.E0,0.E0));
#10992=AXIS2_PLACEMENT_3D('',#10989,#10990,#10991);
#10993=PLANE('',#10992);
#10994=ORIENTED_EDGE('',*,*,#10099,.F.);
#10995=ORIENTED_EDGE('',*,*,#10120,.T.);
#10997=ORIENTED_EDGE('',*,*,#10996,.T.);
#10998=ORIENTED_EDGE('',*,*,#10078,.T.);
#10999=EDGE_LOOP('',(#10994,#10995,#10997,#10998));
#11000=FACE_OUTER_BOUND('',#10999,.F.);
#11001=ADVANCED_FACE('',(#11000),#10993,.F.);
#11002=CARTESIAN_POINT('',(2.286E1,0.E0,0.E0));
#11003=DIRECTION('',(0.E0,-1.E0,0.E0));
#11004=DIRECTION('',(-1.E0,0.E0,0.E0));
#11005=AXIS2_PLACEMENT_3D('',#11002,#11003,#11004);
#11006=PLANE('',#11005);
#11007=ORIENTED_EDGE('',*,*,#8646,.T.);
#11008=ORIENTED_EDGE('',*,*,#8666,.T.);
#11009=ORIENTED_EDGE('',*,*,#10981,.T.);
#11010=ORIENTED_EDGE('',*,*,#8626,.T.);
#11011=EDGE_LOOP('',(#11007,#11008,#11009,#11010));
#11012=FACE_OUTER_BOUND('',#11011,.F.);
#11013=ADVANCED_FACE('',(#11012),#11006,.F.);
#11014=CARTESIAN_POINT('',(2.361E1,0.E0,2.5E0));
#11015=DIRECTION('',(0.E0,0.E0,1.E0));
#11016=DIRECTION('',(-1.E0,0.E0,0.E0));
#11017=AXIS2_PLACEMENT_3D('',#11014,#11015,#11016);
#11018=PLANE('',#11017);
#11019=ORIENTED_EDGE('',*,*,#10996,.F.);
#11020=ORIENTED_EDGE('',*,*,#10118,.T.);
#11021=ORIENTED_EDGE('',*,*,#10846,.T.);
#11022=ORIENTED_EDGE('',*,*,#10080,.F.);
#11023=EDGE_LOOP('',(#11019,#11020,#11021,#11022));
#11024=FACE_OUTER_BOUND('',#11023,.F.);
#11025=ADVANCED_FACE('',(#11024),#11018,.T.);
#11026=CARTESIAN_POINT('',(2.169E1,-2.54E0,-1.7E0));
#11027=DIRECTION('',(1.E0,0.E0,0.E0));
#11028=DIRECTION('',(0.E0,0.E0,1.E0));
#11029=AXIS2_PLACEMENT_3D('',#11026,#11027,#11028);
#11030=PLANE('',#11029);
#11031=ORIENTED_EDGE('',*,*,#8323,.T.);
#11032=ORIENTED_EDGE('',*,*,#10084,.F.);
#11033=ORIENTED_EDGE('',*,*,#10843,.F.);
#11034=ORIENTED_EDGE('',*,*,#8660,.T.);
#11035=EDGE_LOOP('',(#11031,#11032,#11033,#11034));
#11036=FACE_OUTER_BOUND('',#11035,.F.);
#11037=ADVANCED_FACE('',(#11036),#11030,.F.);
#11038=CARTESIAN_POINT('',(2.149E1,-2.54E0,1.7E0));
#11039=DIRECTION('',(-1.E0,0.E0,0.E0));
#11040=DIRECTION('',(0.E0,0.E0,-1.E0));
#11041=AXIS2_PLACEMENT_3D('',#11038,#11039,#11040);
#11042=PLANE('',#11041);
#11043=ORIENTED_EDGE('',*,*,#8327,.T.);
#11044=ORIENTED_EDGE('',*,*,#8699,.F.);
#11046=ORIENTED_EDGE('',*,*,#11045,.F.);
#11047=ORIENTED_EDGE('',*,*,#10047,.T.);
#11048=EDGE_LOOP('',(#11043,#11044,#11046,#11047));
#11049=FACE_OUTER_BOUND('',#11048,.F.);
#11050=ADVANCED_FACE('',(#11049),#11042,.F.);
#11051=CARTESIAN_POINT('',(2.032E1,-2.54E0,0.E0));
#11052=DIRECTION('',(0.E0,-1.E0,0.E0));
#11053=DIRECTION('',(-1.E0,0.E0,0.E0));
#11054=AXIS2_PLACEMENT_3D('',#11051,#11052,#11053);
#11055=PLANE('',#11054);
#11056=ORIENTED_EDGE('',*,*,#11045,.T.);
#11057=ORIENTED_EDGE('',*,*,#8697,.F.);
#11059=ORIENTED_EDGE('',*,*,#11058,.F.);
#11060=ORIENTED_EDGE('',*,*,#8729,.F.);
#11062=ORIENTED_EDGE('',*,*,#11061,.T.);
#11063=ORIENTED_EDGE('',*,*,#10015,.F.);
#11065=ORIENTED_EDGE('',*,*,#11064,.F.);
#11066=ORIENTED_EDGE('',*,*,#10049,.F.);
#11067=EDGE_LOOP('',(#11056,#11057,#11059,#11060,#11062,#11063,#11065,#11066));
#11068=FACE_OUTER_BOUND('',#11067,.F.);
#11070=ORIENTED_EDGE('',*,*,#11069,.F.);
#11072=ORIENTED_EDGE('',*,*,#11071,.F.);
#11074=ORIENTED_EDGE('',*,*,#11073,.F.);
#11076=ORIENTED_EDGE('',*,*,#11075,.F.);
#11077=EDGE_LOOP('',(#11070,#11072,#11074,#11076));
#11078=FACE_BOUND('',#11077,.F.);
#11080=ORIENTED_EDGE('',*,*,#11079,.F.);
#11082=ORIENTED_EDGE('',*,*,#11081,.F.);
#11084=ORIENTED_EDGE('',*,*,#11083,.F.);
#11086=ORIENTED_EDGE('',*,*,#11085,.F.);
#11087=EDGE_LOOP('',(#11080,#11082,#11084,#11086));
#11088=FACE_BOUND('',#11087,.F.);
#11089=ADVANCED_FACE('',(#11068,#11078,#11088),#11055,.T.);
#11090=CARTESIAN_POINT('',(2.064E1,0.E0,-9.5E-1));
#11091=DIRECTION('',(-1.E0,0.E0,0.E0));
#11092=DIRECTION('',(0.E0,0.E0,-1.E0));
#11093=AXIS2_PLACEMENT_3D('',#11090,#11091,#11092);
#11094=PLANE('',#11093);
#11095=ORIENTED_EDGE('',*,*,#7813,.F.);
#11097=ORIENTED_EDGE('',*,*,#11096,.T.);
#11098=ORIENTED_EDGE('',*,*,#11079,.T.);
#11100=ORIENTED_EDGE('',*,*,#11099,.F.);
#11101=EDGE_LOOP('',(#11095,#11097,#11098,#11100));
#11102=FACE_OUTER_BOUND('',#11101,.F.);
#11103=ADVANCED_FACE('',(#11102),#11094,.T.);
#11104=CARTESIAN_POINT('',(2.E1,0.E0,-9.5E-1));
#11105=DIRECTION('',(0.E0,0.E0,-1.E0));
#11106=DIRECTION('',(1.E0,0.E0,0.E0));
#11107=AXIS2_PLACEMENT_3D('',#11104,#11105,#11106);
#11108=PLANE('',#11107);
#11109=ORIENTED_EDGE('',*,*,#7819,.F.);
#11111=ORIENTED_EDGE('',*,*,#11110,.T.);
#11112=ORIENTED_EDGE('',*,*,#11081,.T.);
#11113=ORIENTED_EDGE('',*,*,#11096,.F.);
#11114=EDGE_LOOP('',(#11109,#11111,#11112,#11113));
#11115=FACE_OUTER_BOUND('',#11114,.F.);
#11116=ADVANCED_FACE('',(#11115),#11108,.T.);
#11117=CARTESIAN_POINT('',(2.E1,0.E0,-1.59E0));
#11118=DIRECTION('',(1.E0,0.E0,0.E0));
#11119=DIRECTION('',(0.E0,0.E0,1.E0));
#11120=AXIS2_PLACEMENT_3D('',#11117,#11118,#11119);
#11121=PLANE('',#11120);
#11122=ORIENTED_EDGE('',*,*,#7817,.F.);
#11124=ORIENTED_EDGE('',*,*,#11123,.T.);
#11125=ORIENTED_EDGE('',*,*,#11083,.T.);
#11126=ORIENTED_EDGE('',*,*,#11110,.F.);
#11127=EDGE_LOOP('',(#11122,#11124,#11125,#11126));
#11128=FACE_OUTER_BOUND('',#11127,.F.);
#11129=ADVANCED_FACE('',(#11128),#11121,.T.);
#11130=CARTESIAN_POINT('',(2.064E1,0.E0,-1.59E0));
#11131=DIRECTION('',(0.E0,0.E0,1.E0));
#11132=DIRECTION('',(-1.E0,0.E0,0.E0));
#11133=AXIS2_PLACEMENT_3D('',#11130,#11131,#11132);
#11134=PLANE('',#11133);
#11135=ORIENTED_EDGE('',*,*,#7815,.F.);
#11136=ORIENTED_EDGE('',*,*,#11099,.T.);
#11137=ORIENTED_EDGE('',*,*,#11085,.T.);
#11138=ORIENTED_EDGE('',*,*,#11123,.F.);
#11139=EDGE_LOOP('',(#11135,#11136,#11137,#11138));
#11140=FACE_OUTER_BOUND('',#11139,.F.);
#11141=ADVANCED_FACE('',(#11140),#11134,.T.);
#11142=CARTESIAN_POINT('',(2.064E1,0.E0,1.59E0));
#11143=DIRECTION('',(-1.E0,0.E0,0.E0));
#11144=DIRECTION('',(0.E0,0.E0,-1.E0));
#11145=AXIS2_PLACEMENT_3D('',#11142,#11143,#11144);
#11146=PLANE('',#11145);
#11147=ORIENTED_EDGE('',*,*,#7803,.F.);
#11149=ORIENTED_EDGE('',*,*,#11148,.T.);
#11150=ORIENTED_EDGE('',*,*,#11069,.T.);
#11152=ORIENTED_EDGE('',*,*,#11151,.F.);
#11153=EDGE_LOOP('',(#11147,#11149,#11150,#11152));
#11154=FACE_OUTER_BOUND('',#11153,.F.);
#11155=ADVANCED_FACE('',(#11154),#11146,.T.);
#11156=CARTESIAN_POINT('',(2.E1,0.E0,1.59E0));
#11157=DIRECTION('',(0.E0,0.E0,-1.E0));
#11158=DIRECTION('',(1.E0,0.E0,0.E0));
#11159=AXIS2_PLACEMENT_3D('',#11156,#11157,#11158);
#11160=PLANE('',#11159);
#11161=ORIENTED_EDGE('',*,*,#7809,.F.);
#11163=ORIENTED_EDGE('',*,*,#11162,.T.);
#11164=ORIENTED_EDGE('',*,*,#11071,.T.);
#11165=ORIENTED_EDGE('',*,*,#11148,.F.);
#11166=EDGE_LOOP('',(#11161,#11163,#11164,#11165));
#11167=FACE_OUTER_BOUND('',#11166,.F.);
#11168=ADVANCED_FACE('',(#11167),#11160,.T.);
#11169=CARTESIAN_POINT('',(2.E1,0.E0,9.5E-1));
#11170=DIRECTION('',(1.E0,0.E0,0.E0));
#11171=DIRECTION('',(0.E0,0.E0,1.E0));
#11172=AXIS2_PLACEMENT_3D('',#11169,#11170,#11171);
#11173=PLANE('',#11172);
#11174=ORIENTED_EDGE('',*,*,#7807,.F.);
#11176=ORIENTED_EDGE('',*,*,#11175,.T.);
#11177=ORIENTED_EDGE('',*,*,#11073,.T.);
#11178=ORIENTED_EDGE('',*,*,#11162,.F.);
#11179=EDGE_LOOP('',(#11174,#11176,#11177,#11178));
#11180=FACE_OUTER_BOUND('',#11179,.F.);
#11181=ADVANCED_FACE('',(#11180),#11173,.T.);
#11182=CARTESIAN_POINT('',(2.064E1,0.E0,9.5E-1));
#11183=DIRECTION('',(0.E0,0.E0,1.E0));
#11184=DIRECTION('',(-1.E0,0.E0,0.E0));
#11185=AXIS2_PLACEMENT_3D('',#11182,#11183,#11184);
#11186=PLANE('',#11185);
#11187=ORIENTED_EDGE('',*,*,#7805,.F.);
#11188=ORIENTED_EDGE('',*,*,#11151,.T.);
#11189=ORIENTED_EDGE('',*,*,#11075,.T.);
#11190=ORIENTED_EDGE('',*,*,#11175,.F.);
#11191=EDGE_LOOP('',(#11187,#11188,#11189,#11190));
#11192=FACE_OUTER_BOUND('',#11191,.F.);
#11193=ADVANCED_FACE('',(#11192),#11186,.T.);
#11194=CARTESIAN_POINT('',(1.957E1,0.E0,-2.5E0));
#11195=DIRECTION('',(0.E0,0.E0,-1.E0));
#11196=DIRECTION('',(1.E0,0.E0,0.E0));
#11197=AXIS2_PLACEMENT_3D('',#11194,#11195,#11196);
#11198=PLANE('',#11197);
#11200=ORIENTED_EDGE('',*,*,#11199,.F.);
#11201=ORIENTED_EDGE('',*,*,#8731,.T.);
#11202=ORIENTED_EDGE('',*,*,#11058,.T.);
#11203=ORIENTED_EDGE('',*,*,#8695,.F.);
#11204=EDGE_LOOP('',(#11200,#11201,#11202,#11203));
#11205=FACE_OUTER_BOUND('',#11204,.F.);
#11206=ADVANCED_FACE('',(#11205),#11198,.T.);
#11207=CARTESIAN_POINT('',(2.032E1,0.E0,0.E0));
#11208=DIRECTION('',(0.E0,-1.E0,0.E0));
#11209=DIRECTION('',(-1.E0,0.E0,0.E0));
#11210=AXIS2_PLACEMENT_3D('',#11207,#11208,#11209);
#11211=PLANE('',#11210);
#11212=ORIENTED_EDGE('',*,*,#10032,.F.);
#11213=ORIENTED_EDGE('',*,*,#10053,.T.);
#11215=ORIENTED_EDGE('',*,*,#11214,.T.);
#11216=ORIENTED_EDGE('',*,*,#10011,.T.);
#11217=EDGE_LOOP('',(#11212,#11213,#11215,#11216));
#11218=FACE_OUTER_BOUND('',#11217,.F.);
#11219=ADVANCED_FACE('',(#11218),#11211,.F.);
#11220=CARTESIAN_POINT('',(2.032E1,0.E0,0.E0));
#11221=DIRECTION('',(0.E0,-1.E0,0.E0));
#11222=DIRECTION('',(-1.E0,0.E0,0.E0));
#11223=AXIS2_PLACEMENT_3D('',#11220,#11221,#11222);
#11224=PLANE('',#11223);
#11225=ORIENTED_EDGE('',*,*,#8713,.T.);
#11226=ORIENTED_EDGE('',*,*,#8733,.T.);
#11227=ORIENTED_EDGE('',*,*,#11199,.T.);
#11228=ORIENTED_EDGE('',*,*,#8693,.T.);
#11229=EDGE_LOOP('',(#11225,#11226,#11227,#11228));
#11230=FACE_OUTER_BOUND('',#11229,.F.);
#11231=ADVANCED_FACE('',(#11230),#11224,.F.);
#11232=CARTESIAN_POINT('',(2.107E1,0.E0,2.5E0));
#11233=DIRECTION('',(0.E0,0.E0,1.E0));
#11234=DIRECTION('',(-1.E0,0.E0,0.E0));
#11235=AXIS2_PLACEMENT_3D('',#11232,#11233,#11234);
#11236=PLANE('',#11235);
#11237=ORIENTED_EDGE('',*,*,#11214,.F.);
#11238=ORIENTED_EDGE('',*,*,#10051,.T.);
#11239=ORIENTED_EDGE('',*,*,#11064,.T.);
#11240=ORIENTED_EDGE('',*,*,#10013,.F.);
#11241=EDGE_LOOP('',(#11237,#11238,#11239,#11240));
#11242=FACE_OUTER_BOUND('',#11241,.F.);
#11243=ADVANCED_FACE('',(#11242),#11236,.T.);
#11244=CARTESIAN_POINT('',(1.915E1,-2.54E0,-1.7E0));
#11245=DIRECTION('',(1.E0,0.E0,0.E0));
#11246=DIRECTION('',(0.E0,0.E0,1.E0));
#11247=AXIS2_PLACEMENT_3D('',#11244,#11245,#11246);
#11248=PLANE('',#11247);
#11249=ORIENTED_EDGE('',*,*,#8307,.T.);
#11250=ORIENTED_EDGE('',*,*,#10017,.F.);
#11251=ORIENTED_EDGE('',*,*,#11061,.F.);
#11252=ORIENTED_EDGE('',*,*,#8727,.T.);
#11253=EDGE_LOOP('',(#11249,#11250,#11251,#11252));
#11254=FACE_OUTER_BOUND('',#11253,.F.);
#11255=ADVANCED_FACE('',(#11254),#11248,.F.);
#11256=CARTESIAN_POINT('',(1.895E1,-2.54E0,1.7E0));
#11257=DIRECTION('',(-1.E0,0.E0,0.E0));
#11258=DIRECTION('',(0.E0,0.E0,-1.E0));
#11259=AXIS2_PLACEMENT_3D('',#11256,#11257,#11258);
#11260=PLANE('',#11259);
#11261=ORIENTED_EDGE('',*,*,#8311,.T.);
#11262=ORIENTED_EDGE('',*,*,#8766,.F.);
#11264=ORIENTED_EDGE('',*,*,#11263,.F.);
#11265=ORIENTED_EDGE('',*,*,#9980,.T.);
#11266=EDGE_LOOP('',(#11261,#11262,#11264,#11265));
#11267=FACE_OUTER_BOUND('',#11266,.F.);
#11268=ADVANCED_FACE('',(#11267),#11260,.F.);
#11269=CARTESIAN_POINT('',(1.778E1,-2.54E0,0.E0));
#11270=DIRECTION('',(0.E0,-1.E0,0.E0));
#11271=DIRECTION('',(-1.E0,0.E0,0.E0));
#11272=AXIS2_PLACEMENT_3D('',#11269,#11270,#11271);
#11273=PLANE('',#11272);
#11274=ORIENTED_EDGE('',*,*,#11263,.T.);
#11275=ORIENTED_EDGE('',*,*,#8764,.F.);
#11277=ORIENTED_EDGE('',*,*,#11276,.F.);
#11278=ORIENTED_EDGE('',*,*,#8796,.F.);
#11280=ORIENTED_EDGE('',*,*,#11279,.T.);
#11281=ORIENTED_EDGE('',*,*,#9948,.F.);
#11283=ORIENTED_EDGE('',*,*,#11282,.F.);
#11284=ORIENTED_EDGE('',*,*,#9982,.F.);
#11285=EDGE_LOOP('',(#11274,#11275,#11277,#11278,#11280,#11281,#11283,#11284));
#11286=FACE_OUTER_BOUND('',#11285,.F.);
#11288=ORIENTED_EDGE('',*,*,#11287,.F.);
#11290=ORIENTED_EDGE('',*,*,#11289,.F.);
#11292=ORIENTED_EDGE('',*,*,#11291,.F.);
#11294=ORIENTED_EDGE('',*,*,#11293,.F.);
#11295=EDGE_LOOP('',(#11288,#11290,#11292,#11294));
#11296=FACE_BOUND('',#11295,.F.);
#11298=ORIENTED_EDGE('',*,*,#11297,.F.);
#11300=ORIENTED_EDGE('',*,*,#11299,.F.);
#11302=ORIENTED_EDGE('',*,*,#11301,.F.);
#11304=ORIENTED_EDGE('',*,*,#11303,.F.);
#11305=EDGE_LOOP('',(#11298,#11300,#11302,#11304));
#11306=FACE_BOUND('',#11305,.F.);
#11307=ADVANCED_FACE('',(#11286,#11296,#11306),#11273,.T.);
#11308=CARTESIAN_POINT('',(1.81E1,0.E0,-9.5E-1));
#11309=DIRECTION('',(-1.E0,0.E0,0.E0));
#11310=DIRECTION('',(0.E0,0.E0,-1.E0));
#11311=AXIS2_PLACEMENT_3D('',#11308,#11309,#11310);
#11312=PLANE('',#11311);
#11313=ORIENTED_EDGE('',*,*,#7833,.F.);
#11315=ORIENTED_EDGE('',*,*,#11314,.T.);
#11316=ORIENTED_EDGE('',*,*,#11297,.T.);
#11318=ORIENTED_EDGE('',*,*,#11317,.F.);
#11319=EDGE_LOOP('',(#11313,#11315,#11316,#11318));
#11320=FACE_OUTER_BOUND('',#11319,.F.);
#11321=ADVANCED_FACE('',(#11320),#11312,.T.);
#11322=CARTESIAN_POINT('',(1.746E1,0.E0,-9.5E-1));
#11323=DIRECTION('',(0.E0,0.E0,-1.E0));
#11324=DIRECTION('',(1.E0,0.E0,0.E0));
#11325=AXIS2_PLACEMENT_3D('',#11322,#11323,#11324);
#11326=PLANE('',#11325);
#11327=ORIENTED_EDGE('',*,*,#7839,.F.);
#11329=ORIENTED_EDGE('',*,*,#11328,.T.);
#11330=ORIENTED_EDGE('',*,*,#11299,.T.);
#11331=ORIENTED_EDGE('',*,*,#11314,.F.);
#11332=EDGE_LOOP('',(#11327,#11329,#11330,#11331));
#11333=FACE_OUTER_BOUND('',#11332,.F.);
#11334=ADVANCED_FACE('',(#11333),#11326,.T.);
#11335=CARTESIAN_POINT('',(1.746E1,0.E0,-1.59E0));
#11336=DIRECTION('',(1.E0,0.E0,0.E0));
#11337=DIRECTION('',(0.E0,0.E0,1.E0));
#11338=AXIS2_PLACEMENT_3D('',#11335,#11336,#11337);
#11339=PLANE('',#11338);
#11340=ORIENTED_EDGE('',*,*,#7837,.F.);
#11342=ORIENTED_EDGE('',*,*,#11341,.T.);
#11343=ORIENTED_EDGE('',*,*,#11301,.T.);
#11344=ORIENTED_EDGE('',*,*,#11328,.F.);
#11345=EDGE_LOOP('',(#11340,#11342,#11343,#11344));
#11346=FACE_OUTER_BOUND('',#11345,.F.);
#11347=ADVANCED_FACE('',(#11346),#11339,.T.);
#11348=CARTESIAN_POINT('',(1.81E1,0.E0,-1.59E0));
#11349=DIRECTION('',(0.E0,0.E0,1.E0));
#11350=DIRECTION('',(-1.E0,0.E0,0.E0));
#11351=AXIS2_PLACEMENT_3D('',#11348,#11349,#11350);
#11352=PLANE('',#11351);
#11353=ORIENTED_EDGE('',*,*,#7835,.F.);
#11354=ORIENTED_EDGE('',*,*,#11317,.T.);
#11355=ORIENTED_EDGE('',*,*,#11303,.T.);
#11356=ORIENTED_EDGE('',*,*,#11341,.F.);
#11357=EDGE_LOOP('',(#11353,#11354,#11355,#11356));
#11358=FACE_OUTER_BOUND('',#11357,.F.);
#11359=ADVANCED_FACE('',(#11358),#11352,.T.);
#11360=CARTESIAN_POINT('',(1.81E1,0.E0,1.59E0));
#11361=DIRECTION('',(-1.E0,0.E0,0.E0));
#11362=DIRECTION('',(0.E0,0.E0,-1.E0));
#11363=AXIS2_PLACEMENT_3D('',#11360,#11361,#11362);
#11364=PLANE('',#11363);
#11365=ORIENTED_EDGE('',*,*,#7823,.F.);
#11367=ORIENTED_EDGE('',*,*,#11366,.T.);
#11368=ORIENTED_EDGE('',*,*,#11287,.T.);
#11370=ORIENTED_EDGE('',*,*,#11369,.F.);
#11371=EDGE_LOOP('',(#11365,#11367,#11368,#11370));
#11372=FACE_OUTER_BOUND('',#11371,.F.);
#11373=ADVANCED_FACE('',(#11372),#11364,.T.);
#11374=CARTESIAN_POINT('',(1.746E1,0.E0,1.59E0));
#11375=DIRECTION('',(0.E0,0.E0,-1.E0));
#11376=DIRECTION('',(1.E0,0.E0,0.E0));
#11377=AXIS2_PLACEMENT_3D('',#11374,#11375,#11376);
#11378=PLANE('',#11377);
#11379=ORIENTED_EDGE('',*,*,#7829,.F.);
#11381=ORIENTED_EDGE('',*,*,#11380,.T.);
#11382=ORIENTED_EDGE('',*,*,#11289,.T.);
#11383=ORIENTED_EDGE('',*,*,#11366,.F.);
#11384=EDGE_LOOP('',(#11379,#11381,#11382,#11383));
#11385=FACE_OUTER_BOUND('',#11384,.F.);
#11386=ADVANCED_FACE('',(#11385),#11378,.T.);
#11387=CARTESIAN_POINT('',(1.746E1,0.E0,9.5E-1));
#11388=DIRECTION('',(1.E0,0.E0,0.E0));
#11389=DIRECTION('',(0.E0,0.E0,1.E0));
#11390=AXIS2_PLACEMENT_3D('',#11387,#11388,#11389);
#11391=PLANE('',#11390);
#11392=ORIENTED_EDGE('',*,*,#7827,.F.);
#11394=ORIENTED_EDGE('',*,*,#11393,.T.);
#11395=ORIENTED_EDGE('',*,*,#11291,.T.);
#11396=ORIENTED_EDGE('',*,*,#11380,.F.);
#11397=EDGE_LOOP('',(#11392,#11394,#11395,#11396));
#11398=FACE_OUTER_BOUND('',#11397,.F.);
#11399=ADVANCED_FACE('',(#11398),#11391,.T.);
#11400=CARTESIAN_POINT('',(1.81E1,0.E0,9.5E-1));
#11401=DIRECTION('',(0.E0,0.E0,1.E0));
#11402=DIRECTION('',(-1.E0,0.E0,0.E0));
#11403=AXIS2_PLACEMENT_3D('',#11400,#11401,#11402);
#11404=PLANE('',#11403);
#11405=ORIENTED_EDGE('',*,*,#7825,.F.);
#11406=ORIENTED_EDGE('',*,*,#11369,.T.);
#11407=ORIENTED_EDGE('',*,*,#11293,.T.);
#11408=ORIENTED_EDGE('',*,*,#11393,.F.);
#11409=EDGE_LOOP('',(#11405,#11406,#11407,#11408));
#11410=FACE_OUTER_BOUND('',#11409,.F.);
#11411=ADVANCED_FACE('',(#11410),#11404,.T.);
#11412=CARTESIAN_POINT('',(1.703E1,0.E0,-2.5E0));
#11413=DIRECTION('',(0.E0,0.E0,-1.E0));
#11414=DIRECTION('',(1.E0,0.E0,0.E0));
#11415=AXIS2_PLACEMENT_3D('',#11412,#11413,#11414);
#11416=PLANE('',#11415);
#11418=ORIENTED_EDGE('',*,*,#11417,.F.);
#11419=ORIENTED_EDGE('',*,*,#8798,.T.);
#11420=ORIENTED_EDGE('',*,*,#11276,.T.);
#11421=ORIENTED_EDGE('',*,*,#8762,.F.);
#11422=EDGE_LOOP('',(#11418,#11419,#11420,#11421));
#11423=FACE_OUTER_BOUND('',#11422,.F.);
#11424=ADVANCED_FACE('',(#11423),#11416,.T.);
#11425=CARTESIAN_POINT('',(1.778E1,0.E0,0.E0));
#11426=DIRECTION('',(0.E0,-1.E0,0.E0));
#11427=DIRECTION('',(-1.E0,0.E0,0.E0));
#11428=AXIS2_PLACEMENT_3D('',#11425,#11426,#11427);
#11429=PLANE('',#11428);
#11430=ORIENTED_EDGE('',*,*,#9965,.F.);
#11431=ORIENTED_EDGE('',*,*,#9986,.T.);
#11433=ORIENTED_EDGE('',*,*,#11432,.T.);
#11434=ORIENTED_EDGE('',*,*,#9944,.T.);
#11435=EDGE_LOOP('',(#11430,#11431,#11433,#11434));
#11436=FACE_OUTER_BOUND('',#11435,.F.);
#11437=ADVANCED_FACE('',(#11436),#11429,.F.);
#11438=CARTESIAN_POINT('',(1.778E1,0.E0,0.E0));
#11439=DIRECTION('',(0.E0,-1.E0,0.E0));
#11440=DIRECTION('',(-1.E0,0.E0,0.E0));
#11441=AXIS2_PLACEMENT_3D('',#11438,#11439,#11440);
#11442=PLANE('',#11441);
#11443=ORIENTED_EDGE('',*,*,#8780,.T.);
#11444=ORIENTED_EDGE('',*,*,#8800,.T.);
#11445=ORIENTED_EDGE('',*,*,#11417,.T.);
#11446=ORIENTED_EDGE('',*,*,#8760,.T.);
#11447=EDGE_LOOP('',(#11443,#11444,#11445,#11446));
#11448=FACE_OUTER_BOUND('',#11447,.F.);
#11449=ADVANCED_FACE('',(#11448),#11442,.F.);
#11450=CARTESIAN_POINT('',(1.853E1,0.E0,2.5E0));
#11451=DIRECTION('',(0.E0,0.E0,1.E0));
#11452=DIRECTION('',(-1.E0,0.E0,0.E0));
#11453=AXIS2_PLACEMENT_3D('',#11450,#11451,#11452);
#11454=PLANE('',#11453);
#11455=ORIENTED_EDGE('',*,*,#11432,.F.);
#11456=ORIENTED_EDGE('',*,*,#9984,.T.);
#11457=ORIENTED_EDGE('',*,*,#11282,.T.);
#11458=ORIENTED_EDGE('',*,*,#9946,.F.);
#11459=EDGE_LOOP('',(#11455,#11456,#11457,#11458));
#11460=FACE_OUTER_BOUND('',#11459,.F.);
#11461=ADVANCED_FACE('',(#11460),#11454,.T.);
#11462=CARTESIAN_POINT('',(1.661E1,-2.54E0,-1.7E0));
#11463=DIRECTION('',(1.E0,0.E0,0.E0));
#11464=DIRECTION('',(0.E0,0.E0,1.E0));
#11465=AXIS2_PLACEMENT_3D('',#11462,#11463,#11464);
#11466=PLANE('',#11465);
#11467=ORIENTED_EDGE('',*,*,#8291,.T.);
#11468=ORIENTED_EDGE('',*,*,#9950,.F.);
#11469=ORIENTED_EDGE('',*,*,#11279,.F.);
#11470=ORIENTED_EDGE('',*,*,#8794,.T.);
#11471=EDGE_LOOP('',(#11467,#11468,#11469,#11470));
#11472=FACE_OUTER_BOUND('',#11471,.F.);
#11473=ADVANCED_FACE('',(#11472),#11466,.F.);
#11474=CARTESIAN_POINT('',(1.641E1,-2.54E0,1.7E0));
#11475=DIRECTION('',(-1.E0,0.E0,0.E0));
#11476=DIRECTION('',(0.E0,0.E0,-1.E0));
#11477=AXIS2_PLACEMENT_3D('',#11474,#11475,#11476);
#11478=PLANE('',#11477);
#11479=ORIENTED_EDGE('',*,*,#8295,.T.);
#11480=ORIENTED_EDGE('',*,*,#8833,.F.);
#11482=ORIENTED_EDGE('',*,*,#11481,.F.);
#11483=ORIENTED_EDGE('',*,*,#9913,.T.);
#11484=EDGE_LOOP('',(#11479,#11480,#11482,#11483));
#11485=FACE_OUTER_BOUND('',#11484,.F.);
#11486=ADVANCED_FACE('',(#11485),#11478,.F.);
#11487=CARTESIAN_POINT('',(1.524E1,-2.54E0,0.E0));
#11488=DIRECTION('',(0.E0,-1.E0,0.E0));
#11489=DIRECTION('',(-1.E0,0.E0,0.E0));
#11490=AXIS2_PLACEMENT_3D('',#11487,#11488,#11489);
#11491=PLANE('',#11490);
#11492=ORIENTED_EDGE('',*,*,#11481,.T.);
#11493=ORIENTED_EDGE('',*,*,#8831,.F.);
#11495=ORIENTED_EDGE('',*,*,#11494,.F.);
#11496=ORIENTED_EDGE('',*,*,#8863,.F.);
#11498=ORIENTED_EDGE('',*,*,#11497,.T.);
#11499=ORIENTED_EDGE('',*,*,#9881,.F.);
#11501=ORIENTED_EDGE('',*,*,#11500,.F.);
#11502=ORIENTED_EDGE('',*,*,#9915,.F.);
#11503=EDGE_LOOP('',(#11492,#11493,#11495,#11496,#11498,#11499,#11501,#11502));
#11504=FACE_OUTER_BOUND('',#11503,.F.);
#11506=ORIENTED_EDGE('',*,*,#11505,.F.);
#11508=ORIENTED_EDGE('',*,*,#11507,.F.);
#11510=ORIENTED_EDGE('',*,*,#11509,.F.);
#11512=ORIENTED_EDGE('',*,*,#11511,.F.);
#11513=EDGE_LOOP('',(#11506,#11508,#11510,#11512));
#11514=FACE_BOUND('',#11513,.F.);
#11516=ORIENTED_EDGE('',*,*,#11515,.F.);
#11518=ORIENTED_EDGE('',*,*,#11517,.F.);
#11520=ORIENTED_EDGE('',*,*,#11519,.F.);
#11522=ORIENTED_EDGE('',*,*,#11521,.F.);
#11523=EDGE_LOOP('',(#11516,#11518,#11520,#11522));
#11524=FACE_BOUND('',#11523,.F.);
#11525=ADVANCED_FACE('',(#11504,#11514,#11524),#11491,.T.);
#11526=CARTESIAN_POINT('',(1.556E1,0.E0,-9.5E-1));
#11527=DIRECTION('',(-1.E0,0.E0,0.E0));
#11528=DIRECTION('',(0.E0,0.E0,-1.E0));
#11529=AXIS2_PLACEMENT_3D('',#11526,#11527,#11528);
#11530=PLANE('',#11529);
#11531=ORIENTED_EDGE('',*,*,#7853,.F.);
#11533=ORIENTED_EDGE('',*,*,#11532,.T.);
#11534=ORIENTED_EDGE('',*,*,#11515,.T.);
#11536=ORIENTED_EDGE('',*,*,#11535,.F.);
#11537=EDGE_LOOP('',(#11531,#11533,#11534,#11536));
#11538=FACE_OUTER_BOUND('',#11537,.F.);
#11539=ADVANCED_FACE('',(#11538),#11530,.T.);
#11540=CARTESIAN_POINT('',(1.492E1,0.E0,-9.5E-1));
#11541=DIRECTION('',(0.E0,0.E0,-1.E0));
#11542=DIRECTION('',(1.E0,0.E0,0.E0));
#11543=AXIS2_PLACEMENT_3D('',#11540,#11541,#11542);
#11544=PLANE('',#11543);
#11545=ORIENTED_EDGE('',*,*,#7859,.F.);
#11547=ORIENTED_EDGE('',*,*,#11546,.T.);
#11548=ORIENTED_EDGE('',*,*,#11517,.T.);
#11549=ORIENTED_EDGE('',*,*,#11532,.F.);
#11550=EDGE_LOOP('',(#11545,#11547,#11548,#11549));
#11551=FACE_OUTER_BOUND('',#11550,.F.);
#11552=ADVANCED_FACE('',(#11551),#11544,.T.);
#11553=CARTESIAN_POINT('',(1.492E1,0.E0,-1.59E0));
#11554=DIRECTION('',(1.E0,0.E0,0.E0));
#11555=DIRECTION('',(0.E0,0.E0,1.E0));
#11556=AXIS2_PLACEMENT_3D('',#11553,#11554,#11555);
#11557=PLANE('',#11556);
#11558=ORIENTED_EDGE('',*,*,#7857,.F.);
#11560=ORIENTED_EDGE('',*,*,#11559,.T.);
#11561=ORIENTED_EDGE('',*,*,#11519,.T.);
#11562=ORIENTED_EDGE('',*,*,#11546,.F.);
#11563=EDGE_LOOP('',(#11558,#11560,#11561,#11562));
#11564=FACE_OUTER_BOUND('',#11563,.F.);
#11565=ADVANCED_FACE('',(#11564),#11557,.T.);
#11566=CARTESIAN_POINT('',(1.556E1,0.E0,-1.59E0));
#11567=DIRECTION('',(0.E0,0.E0,1.E0));
#11568=DIRECTION('',(-1.E0,0.E0,0.E0));
#11569=AXIS2_PLACEMENT_3D('',#11566,#11567,#11568);
#11570=PLANE('',#11569);
#11571=ORIENTED_EDGE('',*,*,#7855,.F.);
#11572=ORIENTED_EDGE('',*,*,#11535,.T.);
#11573=ORIENTED_EDGE('',*,*,#11521,.T.);
#11574=ORIENTED_EDGE('',*,*,#11559,.F.);
#11575=EDGE_LOOP('',(#11571,#11572,#11573,#11574));
#11576=FACE_OUTER_BOUND('',#11575,.F.);
#11577=ADVANCED_FACE('',(#11576),#11570,.T.);
#11578=CARTESIAN_POINT('',(1.556E1,0.E0,1.59E0));
#11579=DIRECTION('',(-1.E0,0.E0,0.E0));
#11580=DIRECTION('',(0.E0,0.E0,-1.E0));
#11581=AXIS2_PLACEMENT_3D('',#11578,#11579,#11580);
#11582=PLANE('',#11581);
#11583=ORIENTED_EDGE('',*,*,#7843,.F.);
#11585=ORIENTED_EDGE('',*,*,#11584,.T.);
#11586=ORIENTED_EDGE('',*,*,#11505,.T.);
#11588=ORIENTED_EDGE('',*,*,#11587,.F.);
#11589=EDGE_LOOP('',(#11583,#11585,#11586,#11588));
#11590=FACE_OUTER_BOUND('',#11589,.F.);
#11591=ADVANCED_FACE('',(#11590),#11582,.T.);
#11592=CARTESIAN_POINT('',(1.492E1,0.E0,1.59E0));
#11593=DIRECTION('',(0.E0,0.E0,-1.E0));
#11594=DIRECTION('',(1.E0,0.E0,0.E0));
#11595=AXIS2_PLACEMENT_3D('',#11592,#11593,#11594);
#11596=PLANE('',#11595);
#11597=ORIENTED_EDGE('',*,*,#7849,.F.);
#11599=ORIENTED_EDGE('',*,*,#11598,.T.);
#11600=ORIENTED_EDGE('',*,*,#11507,.T.);
#11601=ORIENTED_EDGE('',*,*,#11584,.F.);
#11602=EDGE_LOOP('',(#11597,#11599,#11600,#11601));
#11603=FACE_OUTER_BOUND('',#11602,.F.);
#11604=ADVANCED_FACE('',(#11603),#11596,.T.);
#11605=CARTESIAN_POINT('',(1.492E1,0.E0,9.5E-1));
#11606=DIRECTION('',(1.E0,0.E0,0.E0));
#11607=DIRECTION('',(0.E0,0.E0,1.E0));
#11608=AXIS2_PLACEMENT_3D('',#11605,#11606,#11607);
#11609=PLANE('',#11608);
#11610=ORIENTED_EDGE('',*,*,#7847,.F.);
#11612=ORIENTED_EDGE('',*,*,#11611,.T.);
#11613=ORIENTED_EDGE('',*,*,#11509,.T.);
#11614=ORIENTED_EDGE('',*,*,#11598,.F.);
#11615=EDGE_LOOP('',(#11610,#11612,#11613,#11614));
#11616=FACE_OUTER_BOUND('',#11615,.F.);
#11617=ADVANCED_FACE('',(#11616),#11609,.T.);
#11618=CARTESIAN_POINT('',(1.556E1,0.E0,9.5E-1));
#11619=DIRECTION('',(0.E0,0.E0,1.E0));
#11620=DIRECTION('',(-1.E0,0.E0,0.E0));
#11621=AXIS2_PLACEMENT_3D('',#11618,#11619,#11620);
#11622=PLANE('',#11621);
#11623=ORIENTED_EDGE('',*,*,#7845,.F.);
#11624=ORIENTED_EDGE('',*,*,#11587,.T.);
#11625=ORIENTED_EDGE('',*,*,#11511,.T.);
#11626=ORIENTED_EDGE('',*,*,#11611,.F.);
#11627=EDGE_LOOP('',(#11623,#11624,#11625,#11626));
#11628=FACE_OUTER_BOUND('',#11627,.F.);
#11629=ADVANCED_FACE('',(#11628),#11622,.T.);
#11630=CARTESIAN_POINT('',(1.449E1,0.E0,-2.5E0));
#11631=DIRECTION('',(0.E0,0.E0,-1.E0));
#11632=DIRECTION('',(1.E0,0.E0,0.E0));
#11633=AXIS2_PLACEMENT_3D('',#11630,#11631,#11632);
#11634=PLANE('',#11633);
#11636=ORIENTED_EDGE('',*,*,#11635,.F.);
#11637=ORIENTED_EDGE('',*,*,#8865,.T.);
#11638=ORIENTED_EDGE('',*,*,#11494,.T.);
#11639=ORIENTED_EDGE('',*,*,#8829,.F.);
#11640=EDGE_LOOP('',(#11636,#11637,#11638,#11639));
#11641=FACE_OUTER_BOUND('',#11640,.F.);
#11642=ADVANCED_FACE('',(#11641),#11634,.T.);
#11643=CARTESIAN_POINT('',(1.524E1,0.E0,0.E0));
#11644=DIRECTION('',(0.E0,-1.E0,0.E0));
#11645=DIRECTION('',(-1.E0,0.E0,0.E0));
#11646=AXIS2_PLACEMENT_3D('',#11643,#11644,#11645);
#11647=PLANE('',#11646);
#11648=ORIENTED_EDGE('',*,*,#9898,.F.);
#11649=ORIENTED_EDGE('',*,*,#9919,.T.);
#11651=ORIENTED_EDGE('',*,*,#11650,.T.);
#11652=ORIENTED_EDGE('',*,*,#9877,.T.);
#11653=EDGE_LOOP('',(#11648,#11649,#11651,#11652));
#11654=FACE_OUTER_BOUND('',#11653,.F.);
#11655=ADVANCED_FACE('',(#11654),#11647,.F.);
#11656=CARTESIAN_POINT('',(1.524E1,0.E0,0.E0));
#11657=DIRECTION('',(0.E0,-1.E0,0.E0));
#11658=DIRECTION('',(-1.E0,0.E0,0.E0));
#11659=AXIS2_PLACEMENT_3D('',#11656,#11657,#11658);
#11660=PLANE('',#11659);
#11661=ORIENTED_EDGE('',*,*,#8847,.T.);
#11662=ORIENTED_EDGE('',*,*,#8867,.T.);
#11663=ORIENTED_EDGE('',*,*,#11635,.T.);
#11664=ORIENTED_EDGE('',*,*,#8827,.T.);
#11665=EDGE_LOOP('',(#11661,#11662,#11663,#11664));
#11666=FACE_OUTER_BOUND('',#11665,.F.);
#11667=ADVANCED_FACE('',(#11666),#11660,.F.);
#11668=CARTESIAN_POINT('',(1.599E1,0.E0,2.5E0));
#11669=DIRECTION('',(0.E0,0.E0,1.E0));
#11670=DIRECTION('',(-1.E0,0.E0,0.E0));
#11671=AXIS2_PLACEMENT_3D('',#11668,#11669,#11670);
#11672=PLANE('',#11671);
#11673=ORIENTED_EDGE('',*,*,#11650,.F.);
#11674=ORIENTED_EDGE('',*,*,#9917,.T.);
#11675=ORIENTED_EDGE('',*,*,#11500,.T.);
#11676=ORIENTED_EDGE('',*,*,#9879,.F.);
#11677=EDGE_LOOP('',(#11673,#11674,#11675,#11676));
#11678=FACE_OUTER_BOUND('',#11677,.F.);
#11679=ADVANCED_FACE('',(#11678),#11672,.T.);
#11680=CARTESIAN_POINT('',(1.407E1,-2.54E0,-1.7E0));
#11681=DIRECTION('',(1.E0,0.E0,0.E0));
#11682=DIRECTION('',(0.E0,0.E0,1.E0));
#11683=AXIS2_PLACEMENT_3D('',#11680,#11681,#11682);
#11684=PLANE('',#11683);
#11685=ORIENTED_EDGE('',*,*,#8275,.T.);
#11686=ORIENTED_EDGE('',*,*,#9883,.F.);
#11687=ORIENTED_EDGE('',*,*,#11497,.F.);
#11688=ORIENTED_EDGE('',*,*,#8861,.T.);
#11689=EDGE_LOOP('',(#11685,#11686,#11687,#11688));
#11690=FACE_OUTER_BOUND('',#11689,.F.);
#11691=ADVANCED_FACE('',(#11690),#11684,.F.);
#11692=CARTESIAN_POINT('',(1.387E1,-2.54E0,1.7E0));
#11693=DIRECTION('',(-1.E0,0.E0,0.E0));
#11694=DIRECTION('',(0.E0,0.E0,-1.E0));
#11695=AXIS2_PLACEMENT_3D('',#11692,#11693,#11694);
#11696=PLANE('',#11695);
#11697=ORIENTED_EDGE('',*,*,#8279,.T.);
#11698=ORIENTED_EDGE('',*,*,#8900,.F.);
#11700=ORIENTED_EDGE('',*,*,#11699,.F.);
#11701=ORIENTED_EDGE('',*,*,#9846,.T.);
#11702=EDGE_LOOP('',(#11697,#11698,#11700,#11701));
#11703=FACE_OUTER_BOUND('',#11702,.F.);
#11704=ADVANCED_FACE('',(#11703),#11696,.F.);
#11705=CARTESIAN_POINT('',(1.27E1,-2.54E0,0.E0));
#11706=DIRECTION('',(0.E0,-1.E0,0.E0));
#11707=DIRECTION('',(-1.E0,0.E0,0.E0));
#11708=AXIS2_PLACEMENT_3D('',#11705,#11706,#11707);
#11709=PLANE('',#11708);
#11710=ORIENTED_EDGE('',*,*,#11699,.T.);
#11711=ORIENTED_EDGE('',*,*,#8898,.F.);
#11713=ORIENTED_EDGE('',*,*,#11712,.F.);
#11714=ORIENTED_EDGE('',*,*,#8930,.F.);
#11716=ORIENTED_EDGE('',*,*,#11715,.T.);
#11717=ORIENTED_EDGE('',*,*,#9814,.F.);
#11719=ORIENTED_EDGE('',*,*,#11718,.F.);
#11720=ORIENTED_EDGE('',*,*,#9848,.F.);
#11721=EDGE_LOOP('',(#11710,#11711,#11713,#11714,#11716,#11717,#11719,#11720));
#11722=FACE_OUTER_BOUND('',#11721,.F.);
#11724=ORIENTED_EDGE('',*,*,#11723,.F.);
#11726=ORIENTED_EDGE('',*,*,#11725,.F.);
#11728=ORIENTED_EDGE('',*,*,#11727,.F.);
#11730=ORIENTED_EDGE('',*,*,#11729,.F.);
#11731=EDGE_LOOP('',(#11724,#11726,#11728,#11730));
#11732=FACE_BOUND('',#11731,.F.);
#11734=ORIENTED_EDGE('',*,*,#11733,.F.);
#11736=ORIENTED_EDGE('',*,*,#11735,.F.);
#11738=ORIENTED_EDGE('',*,*,#11737,.F.);
#11740=ORIENTED_EDGE('',*,*,#11739,.F.);
#11741=EDGE_LOOP('',(#11734,#11736,#11738,#11740));
#11742=FACE_BOUND('',#11741,.F.);
#11743=ADVANCED_FACE('',(#11722,#11732,#11742),#11709,.T.);
#11744=CARTESIAN_POINT('',(1.302E1,0.E0,-9.5E-1));
#11745=DIRECTION('',(-1.E0,0.E0,0.E0));
#11746=DIRECTION('',(0.E0,0.E0,-1.E0));
#11747=AXIS2_PLACEMENT_3D('',#11744,#11745,#11746);
#11748=PLANE('',#11747);
#11749=ORIENTED_EDGE('',*,*,#7873,.F.);
#11751=ORIENTED_EDGE('',*,*,#11750,.T.);
#11752=ORIENTED_EDGE('',*,*,#11733,.T.);
#11754=ORIENTED_EDGE('',*,*,#11753,.F.);
#11755=EDGE_LOOP('',(#11749,#11751,#11752,#11754));
#11756=FACE_OUTER_BOUND('',#11755,.F.);
#11757=ADVANCED_FACE('',(#11756),#11748,.T.);
#11758=CARTESIAN_POINT('',(1.238E1,0.E0,-9.5E-1));
#11759=DIRECTION('',(0.E0,0.E0,-1.E0));
#11760=DIRECTION('',(1.E0,0.E0,0.E0));
#11761=AXIS2_PLACEMENT_3D('',#11758,#11759,#11760);
#11762=PLANE('',#11761);
#11763=ORIENTED_EDGE('',*,*,#7879,.F.);
#11765=ORIENTED_EDGE('',*,*,#11764,.T.);
#11766=ORIENTED_EDGE('',*,*,#11735,.T.);
#11767=ORIENTED_EDGE('',*,*,#11750,.F.);
#11768=EDGE_LOOP('',(#11763,#11765,#11766,#11767));
#11769=FACE_OUTER_BOUND('',#11768,.F.);
#11770=ADVANCED_FACE('',(#11769),#11762,.T.);
#11771=CARTESIAN_POINT('',(1.238E1,0.E0,-1.59E0));
#11772=DIRECTION('',(1.E0,0.E0,0.E0));
#11773=DIRECTION('',(0.E0,0.E0,1.E0));
#11774=AXIS2_PLACEMENT_3D('',#11771,#11772,#11773);
#11775=PLANE('',#11774);
#11776=ORIENTED_EDGE('',*,*,#7877,.F.);
#11778=ORIENTED_EDGE('',*,*,#11777,.T.);
#11779=ORIENTED_EDGE('',*,*,#11737,.T.);
#11780=ORIENTED_EDGE('',*,*,#11764,.F.);
#11781=EDGE_LOOP('',(#11776,#11778,#11779,#11780));
#11782=FACE_OUTER_BOUND('',#11781,.F.);
#11783=ADVANCED_FACE('',(#11782),#11775,.T.);
#11784=CARTESIAN_POINT('',(1.302E1,0.E0,-1.59E0));
#11785=DIRECTION('',(0.E0,0.E0,1.E0));
#11786=DIRECTION('',(-1.E0,0.E0,0.E0));
#11787=AXIS2_PLACEMENT_3D('',#11784,#11785,#11786);
#11788=PLANE('',#11787);
#11789=ORIENTED_EDGE('',*,*,#7875,.F.);
#11790=ORIENTED_EDGE('',*,*,#11753,.T.);
#11791=ORIENTED_EDGE('',*,*,#11739,.T.);
#11792=ORIENTED_EDGE('',*,*,#11777,.F.);
#11793=EDGE_LOOP('',(#11789,#11790,#11791,#11792));
#11794=FACE_OUTER_BOUND('',#11793,.F.);
#11795=ADVANCED_FACE('',(#11794),#11788,.T.);
#11796=CARTESIAN_POINT('',(1.302E1,0.E0,1.59E0));
#11797=DIRECTION('',(-1.E0,0.E0,0.E0));
#11798=DIRECTION('',(0.E0,0.E0,-1.E0));
#11799=AXIS2_PLACEMENT_3D('',#11796,#11797,#11798);
#11800=PLANE('',#11799);
#11801=ORIENTED_EDGE('',*,*,#7863,.F.);
#11803=ORIENTED_EDGE('',*,*,#11802,.T.);
#11804=ORIENTED_EDGE('',*,*,#11723,.T.);
#11806=ORIENTED_EDGE('',*,*,#11805,.F.);
#11807=EDGE_LOOP('',(#11801,#11803,#11804,#11806));
#11808=FACE_OUTER_BOUND('',#11807,.F.);
#11809=ADVANCED_FACE('',(#11808),#11800,.T.);
#11810=CARTESIAN_POINT('',(1.238E1,0.E0,1.59E0));
#11811=DIRECTION('',(0.E0,0.E0,-1.E0));
#11812=DIRECTION('',(1.E0,0.E0,0.E0));
#11813=AXIS2_PLACEMENT_3D('',#11810,#11811,#11812);
#11814=PLANE('',#11813);
#11815=ORIENTED_EDGE('',*,*,#7869,.F.);
#11817=ORIENTED_EDGE('',*,*,#11816,.T.);
#11818=ORIENTED_EDGE('',*,*,#11725,.T.);
#11819=ORIENTED_EDGE('',*,*,#11802,.F.);
#11820=EDGE_LOOP('',(#11815,#11817,#11818,#11819));
#11821=FACE_OUTER_BOUND('',#11820,.F.);
#11822=ADVANCED_FACE('',(#11821),#11814,.T.);
#11823=CARTESIAN_POINT('',(1.238E1,0.E0,9.5E-1));
#11824=DIRECTION('',(1.E0,0.E0,0.E0));
#11825=DIRECTION('',(0.E0,0.E0,1.E0));
#11826=AXIS2_PLACEMENT_3D('',#11823,#11824,#11825);
#11827=PLANE('',#11826);
#11828=ORIENTED_EDGE('',*,*,#7867,.F.);
#11830=ORIENTED_EDGE('',*,*,#11829,.T.);
#11831=ORIENTED_EDGE('',*,*,#11727,.T.);
#11832=ORIENTED_EDGE('',*,*,#11816,.F.);
#11833=EDGE_LOOP('',(#11828,#11830,#11831,#11832));
#11834=FACE_OUTER_BOUND('',#11833,.F.);
#11835=ADVANCED_FACE('',(#11834),#11827,.T.);
#11836=CARTESIAN_POINT('',(1.302E1,0.E0,9.5E-1));
#11837=DIRECTION('',(0.E0,0.E0,1.E0));
#11838=DIRECTION('',(-1.E0,0.E0,0.E0));
#11839=AXIS2_PLACEMENT_3D('',#11836,#11837,#11838);
#11840=PLANE('',#11839);
#11841=ORIENTED_EDGE('',*,*,#7865,.F.);
#11842=ORIENTED_EDGE('',*,*,#11805,.T.);
#11843=ORIENTED_EDGE('',*,*,#11729,.T.);
#11844=ORIENTED_EDGE('',*,*,#11829,.F.);
#11845=EDGE_LOOP('',(#11841,#11842,#11843,#11844));
#11846=FACE_OUTER_BOUND('',#11845,.F.);
#11847=ADVANCED_FACE('',(#11846),#11840,.T.);
#11848=CARTESIAN_POINT('',(1.195E1,0.E0,-2.5E0));
#11849=DIRECTION('',(0.E0,0.E0,-1.E0));
#11850=DIRECTION('',(1.E0,0.E0,0.E0));
#11851=AXIS2_PLACEMENT_3D('',#11848,#11849,#11850);
#11852=PLANE('',#11851);
#11854=ORIENTED_EDGE('',*,*,#11853,.F.);
#11855=ORIENTED_EDGE('',*,*,#8932,.T.);
#11856=ORIENTED_EDGE('',*,*,#11712,.T.);
#11857=ORIENTED_EDGE('',*,*,#8896,.F.);
#11858=EDGE_LOOP('',(#11854,#11855,#11856,#11857));
#11859=FACE_OUTER_BOUND('',#11858,.F.);
#11860=ADVANCED_FACE('',(#11859),#11852,.T.);
#11861=CARTESIAN_POINT('',(1.27E1,0.E0,0.E0));
#11862=DIRECTION('',(0.E0,-1.E0,0.E0));
#11863=DIRECTION('',(-1.E0,0.E0,0.E0));
#11864=AXIS2_PLACEMENT_3D('',#11861,#11862,#11863);
#11865=PLANE('',#11864);
#11866=ORIENTED_EDGE('',*,*,#9831,.F.);
#11867=ORIENTED_EDGE('',*,*,#9852,.T.);
#11869=ORIENTED_EDGE('',*,*,#11868,.T.);
#11870=ORIENTED_EDGE('',*,*,#9810,.T.);
#11871=EDGE_LOOP('',(#11866,#11867,#11869,#11870));
#11872=FACE_OUTER_BOUND('',#11871,.F.);
#11873=ADVANCED_FACE('',(#11872),#11865,.F.);
#11874=CARTESIAN_POINT('',(1.27E1,0.E0,0.E0));
#11875=DIRECTION('',(0.E0,-1.E0,0.E0));
#11876=DIRECTION('',(-1.E0,0.E0,0.E0));
#11877=AXIS2_PLACEMENT_3D('',#11874,#11875,#11876);
#11878=PLANE('',#11877);
#11879=ORIENTED_EDGE('',*,*,#8914,.T.);
#11880=ORIENTED_EDGE('',*,*,#8934,.T.);
#11881=ORIENTED_EDGE('',*,*,#11853,.T.);
#11882=ORIENTED_EDGE('',*,*,#8894,.T.);
#11883=EDGE_LOOP('',(#11879,#11880,#11881,#11882));
#11884=FACE_OUTER_BOUND('',#11883,.F.);
#11885=ADVANCED_FACE('',(#11884),#11878,.F.);
#11886=CARTESIAN_POINT('',(1.345E1,0.E0,2.5E0));
#11887=DIRECTION('',(0.E0,0.E0,1.E0));
#11888=DIRECTION('',(-1.E0,0.E0,0.E0));
#11889=AXIS2_PLACEMENT_3D('',#11886,#11887,#11888);
#11890=PLANE('',#11889);
#11891=ORIENTED_EDGE('',*,*,#11868,.F.);
#11892=ORIENTED_EDGE('',*,*,#9850,.T.);
#11893=ORIENTED_EDGE('',*,*,#11718,.T.);
#11894=ORIENTED_EDGE('',*,*,#9812,.F.);
#11895=EDGE_LOOP('',(#11891,#11892,#11893,#11894));
#11896=FACE_OUTER_BOUND('',#11895,.F.);
#11897=ADVANCED_FACE('',(#11896),#11890,.T.);
#11898=CARTESIAN_POINT('',(1.153E1,-2.54E0,-1.7E0));
#11899=DIRECTION('',(1.E0,0.E0,0.E0));
#11900=DIRECTION('',(0.E0,0.E0,1.E0));
#11901=AXIS2_PLACEMENT_3D('',#11898,#11899,#11900);
#11902=PLANE('',#11901);
#11903=ORIENTED_EDGE('',*,*,#8259,.T.);
#11904=ORIENTED_EDGE('',*,*,#9816,.F.);
#11905=ORIENTED_EDGE('',*,*,#11715,.F.);
#11906=ORIENTED_EDGE('',*,*,#8928,.T.);
#11907=EDGE_LOOP('',(#11903,#11904,#11905,#11906));
#11908=FACE_OUTER_BOUND('',#11907,.F.);
#11909=ADVANCED_FACE('',(#11908),#11902,.F.);
#11910=CARTESIAN_POINT('',(1.133E1,-2.54E0,1.7E0));
#11911=DIRECTION('',(-1.E0,0.E0,0.E0));
#11912=DIRECTION('',(0.E0,0.E0,-1.E0));
#11913=AXIS2_PLACEMENT_3D('',#11910,#11911,#11912);
#11914=PLANE('',#11913);
#11915=ORIENTED_EDGE('',*,*,#8263,.T.);
#11916=ORIENTED_EDGE('',*,*,#8967,.F.);
#11918=ORIENTED_EDGE('',*,*,#11917,.F.);
#11919=ORIENTED_EDGE('',*,*,#9779,.T.);
#11920=EDGE_LOOP('',(#11915,#11916,#11918,#11919));
#11921=FACE_OUTER_BOUND('',#11920,.F.);
#11922=ADVANCED_FACE('',(#11921),#11914,.F.);
#11923=CARTESIAN_POINT('',(1.016E1,-2.54E0,0.E0));
#11924=DIRECTION('',(0.E0,-1.E0,0.E0));
#11925=DIRECTION('',(-1.E0,0.E0,0.E0));
#11926=AXIS2_PLACEMENT_3D('',#11923,#11924,#11925);
#11927=PLANE('',#11926);
#11928=ORIENTED_EDGE('',*,*,#11917,.T.);
#11929=ORIENTED_EDGE('',*,*,#8965,.F.);
#11931=ORIENTED_EDGE('',*,*,#11930,.F.);
#11932=ORIENTED_EDGE('',*,*,#8997,.F.);
#11934=ORIENTED_EDGE('',*,*,#11933,.T.);
#11935=ORIENTED_EDGE('',*,*,#9747,.F.);
#11937=ORIENTED_EDGE('',*,*,#11936,.F.);
#11938=ORIENTED_EDGE('',*,*,#9781,.F.);
#11939=EDGE_LOOP('',(#11928,#11929,#11931,#11932,#11934,#11935,#11937,#11938));
#11940=FACE_OUTER_BOUND('',#11939,.F.);
#11942=ORIENTED_EDGE('',*,*,#11941,.F.);
#11944=ORIENTED_EDGE('',*,*,#11943,.F.);
#11946=ORIENTED_EDGE('',*,*,#11945,.F.);
#11948=ORIENTED_EDGE('',*,*,#11947,.F.);
#11949=EDGE_LOOP('',(#11942,#11944,#11946,#11948));
#11950=FACE_BOUND('',#11949,.F.);
#11952=ORIENTED_EDGE('',*,*,#11951,.F.);
#11954=ORIENTED_EDGE('',*,*,#11953,.F.);
#11956=ORIENTED_EDGE('',*,*,#11955,.F.);
#11958=ORIENTED_EDGE('',*,*,#11957,.F.);
#11959=EDGE_LOOP('',(#11952,#11954,#11956,#11958));
#11960=FACE_BOUND('',#11959,.F.);
#11961=ADVANCED_FACE('',(#11940,#11950,#11960),#11927,.T.);
#11962=CARTESIAN_POINT('',(1.048E1,0.E0,-9.5E-1));
#11963=DIRECTION('',(-1.E0,0.E0,0.E0));
#11964=DIRECTION('',(0.E0,0.E0,-1.E0));
#11965=AXIS2_PLACEMENT_3D('',#11962,#11963,#11964);
#11966=PLANE('',#11965);
#11967=ORIENTED_EDGE('',*,*,#7893,.F.);
#11969=ORIENTED_EDGE('',*,*,#11968,.T.);
#11970=ORIENTED_EDGE('',*,*,#11951,.T.);
#11972=ORIENTED_EDGE('',*,*,#11971,.F.);
#11973=EDGE_LOOP('',(#11967,#11969,#11970,#11972));
#11974=FACE_OUTER_BOUND('',#11973,.F.);
#11975=ADVANCED_FACE('',(#11974),#11966,.T.);
#11976=CARTESIAN_POINT('',(9.84E0,0.E0,-9.5E-1));
#11977=DIRECTION('',(0.E0,0.E0,-1.E0));
#11978=DIRECTION('',(1.E0,0.E0,0.E0));
#11979=AXIS2_PLACEMENT_3D('',#11976,#11977,#11978);
#11980=PLANE('',#11979);
#11981=ORIENTED_EDGE('',*,*,#7899,.F.);
#11983=ORIENTED_EDGE('',*,*,#11982,.T.);
#11984=ORIENTED_EDGE('',*,*,#11953,.T.);
#11985=ORIENTED_EDGE('',*,*,#11968,.F.);
#11986=EDGE_LOOP('',(#11981,#11983,#11984,#11985));
#11987=FACE_OUTER_BOUND('',#11986,.F.);
#11988=ADVANCED_FACE('',(#11987),#11980,.T.);
#11989=CARTESIAN_POINT('',(9.84E0,0.E0,-1.59E0));
#11990=DIRECTION('',(1.E0,0.E0,0.E0));
#11991=DIRECTION('',(0.E0,0.E0,1.E0));
#11992=AXIS2_PLACEMENT_3D('',#11989,#11990,#11991);
#11993=PLANE('',#11992);
#11994=ORIENTED_EDGE('',*,*,#7897,.F.);
#11996=ORIENTED_EDGE('',*,*,#11995,.T.);
#11997=ORIENTED_EDGE('',*,*,#11955,.T.);
#11998=ORIENTED_EDGE('',*,*,#11982,.F.);
#11999=EDGE_LOOP('',(#11994,#11996,#11997,#11998));
#12000=FACE_OUTER_BOUND('',#11999,.F.);
#12001=ADVANCED_FACE('',(#12000),#11993,.T.);
#12002=CARTESIAN_POINT('',(1.048E1,0.E0,-1.59E0));
#12003=DIRECTION('',(0.E0,0.E0,1.E0));
#12004=DIRECTION('',(-1.E0,0.E0,0.E0));
#12005=AXIS2_PLACEMENT_3D('',#12002,#12003,#12004);
#12006=PLANE('',#12005);
#12007=ORIENTED_EDGE('',*,*,#7895,.F.);
#12008=ORIENTED_EDGE('',*,*,#11971,.T.);
#12009=ORIENTED_EDGE('',*,*,#11957,.T.);
#12010=ORIENTED_EDGE('',*,*,#11995,.F.);
#12011=EDGE_LOOP('',(#12007,#12008,#12009,#12010));
#12012=FACE_OUTER_BOUND('',#12011,.F.);
#12013=ADVANCED_FACE('',(#12012),#12006,.T.);
#12014=CARTESIAN_POINT('',(1.048E1,0.E0,1.59E0));
#12015=DIRECTION('',(-1.E0,0.E0,0.E0));
#12016=DIRECTION('',(0.E0,0.E0,-1.E0));
#12017=AXIS2_PLACEMENT_3D('',#12014,#12015,#12016);
#12018=PLANE('',#12017);
#12019=ORIENTED_EDGE('',*,*,#7883,.F.);
#12021=ORIENTED_EDGE('',*,*,#12020,.T.);
#12022=ORIENTED_EDGE('',*,*,#11941,.T.);
#12024=ORIENTED_EDGE('',*,*,#12023,.F.);
#12025=EDGE_LOOP('',(#12019,#12021,#12022,#12024));
#12026=FACE_OUTER_BOUND('',#12025,.F.);
#12027=ADVANCED_FACE('',(#12026),#12018,.T.);
#12028=CARTESIAN_POINT('',(9.84E0,0.E0,1.59E0));
#12029=DIRECTION('',(0.E0,0.E0,-1.E0));
#12030=DIRECTION('',(1.E0,0.E0,0.E0));
#12031=AXIS2_PLACEMENT_3D('',#12028,#12029,#12030);
#12032=PLANE('',#12031);
#12033=ORIENTED_EDGE('',*,*,#7889,.F.);
#12035=ORIENTED_EDGE('',*,*,#12034,.T.);
#12036=ORIENTED_EDGE('',*,*,#11943,.T.);
#12037=ORIENTED_EDGE('',*,*,#12020,.F.);
#12038=EDGE_LOOP('',(#12033,#12035,#12036,#12037));
#12039=FACE_OUTER_BOUND('',#12038,.F.);
#12040=ADVANCED_FACE('',(#12039),#12032,.T.);
#12041=CARTESIAN_POINT('',(9.84E0,0.E0,9.5E-1));
#12042=DIRECTION('',(1.E0,0.E0,0.E0));
#12043=DIRECTION('',(0.E0,0.E0,1.E0));
#12044=AXIS2_PLACEMENT_3D('',#12041,#12042,#12043);
#12045=PLANE('',#12044);
#12046=ORIENTED_EDGE('',*,*,#7887,.F.);
#12048=ORIENTED_EDGE('',*,*,#12047,.T.);
#12049=ORIENTED_EDGE('',*,*,#11945,.T.);
#12050=ORIENTED_EDGE('',*,*,#12034,.F.);
#12051=EDGE_LOOP('',(#12046,#12048,#12049,#12050));
#12052=FACE_OUTER_BOUND('',#12051,.F.);
#12053=ADVANCED_FACE('',(#12052),#12045,.T.);
#12054=CARTESIAN_POINT('',(1.048E1,0.E0,9.5E-1));
#12055=DIRECTION('',(0.E0,0.E0,1.E0));
#12056=DIRECTION('',(-1.E0,0.E0,0.E0));
#12057=AXIS2_PLACEMENT_3D('',#12054,#12055,#12056);
#12058=PLANE('',#12057);
#12059=ORIENTED_EDGE('',*,*,#7885,.F.);
#12060=ORIENTED_EDGE('',*,*,#12023,.T.);
#12061=ORIENTED_EDGE('',*,*,#11947,.T.);
#12062=ORIENTED_EDGE('',*,*,#12047,.F.);
#12063=EDGE_LOOP('',(#12059,#12060,#12061,#12062));
#12064=FACE_OUTER_BOUND('',#12063,.F.);
#12065=ADVANCED_FACE('',(#12064),#12058,.T.);
#12066=CARTESIAN_POINT('',(9.41E0,0.E0,-2.5E0));
#12067=DIRECTION('',(0.E0,0.E0,-1.E0));
#12068=DIRECTION('',(1.E0,0.E0,0.E0));
#12069=AXIS2_PLACEMENT_3D('',#12066,#12067,#12068);
#12070=PLANE('',#12069);
#12072=ORIENTED_EDGE('',*,*,#12071,.F.);
#12073=ORIENTED_EDGE('',*,*,#8999,.T.);
#12074=ORIENTED_EDGE('',*,*,#11930,.T.);
#12075=ORIENTED_EDGE('',*,*,#8963,.F.);
#12076=EDGE_LOOP('',(#12072,#12073,#12074,#12075));
#12077=FACE_OUTER_BOUND('',#12076,.F.);
#12078=ADVANCED_FACE('',(#12077),#12070,.T.);
#12079=CARTESIAN_POINT('',(1.016E1,0.E0,0.E0));
#12080=DIRECTION('',(0.E0,-1.E0,0.E0));
#12081=DIRECTION('',(-1.E0,0.E0,0.E0));
#12082=AXIS2_PLACEMENT_3D('',#12079,#12080,#12081);
#12083=PLANE('',#12082);
#12084=ORIENTED_EDGE('',*,*,#9764,.F.);
#12085=ORIENTED_EDGE('',*,*,#9785,.T.);
#12087=ORIENTED_EDGE('',*,*,#12086,.T.);
#12088=ORIENTED_EDGE('',*,*,#9743,.T.);
#12089=EDGE_LOOP('',(#12084,#12085,#12087,#12088));
#12090=FACE_OUTER_BOUND('',#12089,.F.);
#12091=ADVANCED_FACE('',(#12090),#12083,.F.);
#12092=CARTESIAN_POINT('',(1.016E1,0.E0,0.E0));
#12093=DIRECTION('',(0.E0,-1.E0,0.E0));
#12094=DIRECTION('',(-1.E0,0.E0,0.E0));
#12095=AXIS2_PLACEMENT_3D('',#12092,#12093,#12094);
#12096=PLANE('',#12095);
#12097=ORIENTED_EDGE('',*,*,#8981,.T.);
#12098=ORIENTED_EDGE('',*,*,#9001,.T.);
#12099=ORIENTED_EDGE('',*,*,#12071,.T.);
#12100=ORIENTED_EDGE('',*,*,#8961,.T.);
#12101=EDGE_LOOP('',(#12097,#12098,#12099,#12100));
#12102=FACE_OUTER_BOUND('',#12101,.F.);
#12103=ADVANCED_FACE('',(#12102),#12096,.F.);
#12104=CARTESIAN_POINT('',(1.091E1,0.E0,2.5E0));
#12105=DIRECTION('',(0.E0,0.E0,1.E0));
#12106=DIRECTION('',(-1.E0,0.E0,0.E0));
#12107=AXIS2_PLACEMENT_3D('',#12104,#12105,#12106);
#12108=PLANE('',#12107);
#12109=ORIENTED_EDGE('',*,*,#12086,.F.);
#12110=ORIENTED_EDGE('',*,*,#9783,.T.);
#12111=ORIENTED_EDGE('',*,*,#11936,.T.);
#12112=ORIENTED_EDGE('',*,*,#9745,.F.);
#12113=EDGE_LOOP('',(#12109,#12110,#12111,#12112));
#12114=FACE_OUTER_BOUND('',#12113,.F.);
#12115=ADVANCED_FACE('',(#12114),#12108,.T.);
#12116=CARTESIAN_POINT('',(8.99E0,-2.54E0,-1.7E0));
#12117=DIRECTION('',(1.E0,0.E0,0.E0));
#12118=DIRECTION('',(0.E0,0.E0,1.E0));
#12119=AXIS2_PLACEMENT_3D('',#12116,#12117,#12118);
#12120=PLANE('',#12119);
#12121=ORIENTED_EDGE('',*,*,#8243,.T.);
#12122=ORIENTED_EDGE('',*,*,#9749,.F.);
#12123=ORIENTED_EDGE('',*,*,#11933,.F.);
#12124=ORIENTED_EDGE('',*,*,#8995,.T.);
#12125=EDGE_LOOP('',(#12121,#12122,#12123,#12124));
#12126=FACE_OUTER_BOUND('',#12125,.F.);
#12127=ADVANCED_FACE('',(#12126),#12120,.F.);
#12128=CARTESIAN_POINT('',(8.79E0,-2.54E0,1.7E0));
#12129=DIRECTION('',(-1.E0,0.E0,0.E0));
#12130=DIRECTION('',(0.E0,0.E0,-1.E0));
#12131=AXIS2_PLACEMENT_3D('',#12128,#12129,#12130);
#12132=PLANE('',#12131);
#12133=ORIENTED_EDGE('',*,*,#8247,.T.);
#12134=ORIENTED_EDGE('',*,*,#9034,.F.);
#12136=ORIENTED_EDGE('',*,*,#12135,.F.);
#12137=ORIENTED_EDGE('',*,*,#9712,.T.);
#12138=EDGE_LOOP('',(#12133,#12134,#12136,#12137));
#12139=FACE_OUTER_BOUND('',#12138,.F.);
#12140=ADVANCED_FACE('',(#12139),#12132,.F.);
#12141=CARTESIAN_POINT('',(7.62E0,-2.54E0,0.E0));
#12142=DIRECTION('',(0.E0,-1.E0,0.E0));
#12143=DIRECTION('',(-1.E0,0.E0,0.E0));
#12144=AXIS2_PLACEMENT_3D('',#12141,#12142,#12143);
#12145=PLANE('',#12144);
#12146=ORIENTED_EDGE('',*,*,#12135,.T.);
#12147=ORIENTED_EDGE('',*,*,#9032,.F.);
#12149=ORIENTED_EDGE('',*,*,#12148,.F.);
#12150=ORIENTED_EDGE('',*,*,#9064,.F.);
#12152=ORIENTED_EDGE('',*,*,#12151,.T.);
#12153=ORIENTED_EDGE('',*,*,#9680,.F.);
#12155=ORIENTED_EDGE('',*,*,#12154,.F.);
#12156=ORIENTED_EDGE('',*,*,#9714,.F.);
#12157=EDGE_LOOP('',(#12146,#12147,#12149,#12150,#12152,#12153,#12155,#12156));
#12158=FACE_OUTER_BOUND('',#12157,.F.);
#12160=ORIENTED_EDGE('',*,*,#12159,.F.);
#12162=ORIENTED_EDGE('',*,*,#12161,.F.);
#12164=ORIENTED_EDGE('',*,*,#12163,.F.);
#12166=ORIENTED_EDGE('',*,*,#12165,.F.);
#12167=EDGE_LOOP('',(#12160,#12162,#12164,#12166));
#12168=FACE_BOUND('',#12167,.F.);
#12170=ORIENTED_EDGE('',*,*,#12169,.F.);
#12172=ORIENTED_EDGE('',*,*,#12171,.F.);
#12174=ORIENTED_EDGE('',*,*,#12173,.F.);
#12176=ORIENTED_EDGE('',*,*,#12175,.F.);
#12177=EDGE_LOOP('',(#12170,#12172,#12174,#12176));
#12178=FACE_BOUND('',#12177,.F.);
#12179=ADVANCED_FACE('',(#12158,#12168,#12178),#12145,.T.);
#12180=CARTESIAN_POINT('',(7.94E0,0.E0,-9.5E-1));
#12181=DIRECTION('',(-1.E0,0.E0,0.E0));
#12182=DIRECTION('',(0.E0,0.E0,-1.E0));
#12183=AXIS2_PLACEMENT_3D('',#12180,#12181,#12182);
#12184=PLANE('',#12183);
#12185=ORIENTED_EDGE('',*,*,#7913,.F.);
#12187=ORIENTED_EDGE('',*,*,#12186,.T.);
#12188=ORIENTED_EDGE('',*,*,#12169,.T.);
#12190=ORIENTED_EDGE('',*,*,#12189,.F.);
#12191=EDGE_LOOP('',(#12185,#12187,#12188,#12190));
#12192=FACE_OUTER_BOUND('',#12191,.F.);
#12193=ADVANCED_FACE('',(#12192),#12184,.T.);
#12194=CARTESIAN_POINT('',(7.3E0,0.E0,-9.5E-1));
#12195=DIRECTION('',(0.E0,0.E0,-1.E0));
#12196=DIRECTION('',(1.E0,0.E0,0.E0));
#12197=AXIS2_PLACEMENT_3D('',#12194,#12195,#12196);
#12198=PLANE('',#12197);
#12199=ORIENTED_EDGE('',*,*,#7919,.F.);
#12201=ORIENTED_EDGE('',*,*,#12200,.T.);
#12202=ORIENTED_EDGE('',*,*,#12171,.T.);
#12203=ORIENTED_EDGE('',*,*,#12186,.F.);
#12204=EDGE_LOOP('',(#12199,#12201,#12202,#12203));
#12205=FACE_OUTER_BOUND('',#12204,.F.);
#12206=ADVANCED_FACE('',(#12205),#12198,.T.);
#12207=CARTESIAN_POINT('',(7.3E0,0.E0,-1.59E0));
#12208=DIRECTION('',(1.E0,0.E0,0.E0));
#12209=DIRECTION('',(0.E0,0.E0,1.E0));
#12210=AXIS2_PLACEMENT_3D('',#12207,#12208,#12209);
#12211=PLANE('',#12210);
#12212=ORIENTED_EDGE('',*,*,#7917,.F.);
#12214=ORIENTED_EDGE('',*,*,#12213,.T.);
#12215=ORIENTED_EDGE('',*,*,#12173,.T.);
#12216=ORIENTED_EDGE('',*,*,#12200,.F.);
#12217=EDGE_LOOP('',(#12212,#12214,#12215,#12216));
#12218=FACE_OUTER_BOUND('',#12217,.F.);
#12219=ADVANCED_FACE('',(#12218),#12211,.T.);
#12220=CARTESIAN_POINT('',(7.94E0,0.E0,-1.59E0));
#12221=DIRECTION('',(0.E0,0.E0,1.E0));
#12222=DIRECTION('',(-1.E0,0.E0,0.E0));
#12223=AXIS2_PLACEMENT_3D('',#12220,#12221,#12222);
#12224=PLANE('',#12223);
#12225=ORIENTED_EDGE('',*,*,#7915,.F.);
#12226=ORIENTED_EDGE('',*,*,#12189,.T.);
#12227=ORIENTED_EDGE('',*,*,#12175,.T.);
#12228=ORIENTED_EDGE('',*,*,#12213,.F.);
#12229=EDGE_LOOP('',(#12225,#12226,#12227,#12228));
#12230=FACE_OUTER_BOUND('',#12229,.F.);
#12231=ADVANCED_FACE('',(#12230),#12224,.T.);
#12232=CARTESIAN_POINT('',(7.94E0,0.E0,1.59E0));
#12233=DIRECTION('',(-1.E0,0.E0,0.E0));
#12234=DIRECTION('',(0.E0,0.E0,-1.E0));
#12235=AXIS2_PLACEMENT_3D('',#12232,#12233,#12234);
#12236=PLANE('',#12235);
#12237=ORIENTED_EDGE('',*,*,#7903,.F.);
#12239=ORIENTED_EDGE('',*,*,#12238,.T.);
#12240=ORIENTED_EDGE('',*,*,#12159,.T.);
#12242=ORIENTED_EDGE('',*,*,#12241,.F.);
#12243=EDGE_LOOP('',(#12237,#12239,#12240,#12242));
#12244=FACE_OUTER_BOUND('',#12243,.F.);
#12245=ADVANCED_FACE('',(#12244),#12236,.T.);
#12246=CARTESIAN_POINT('',(7.3E0,0.E0,1.59E0));
#12247=DIRECTION('',(0.E0,0.E0,-1.E0));
#12248=DIRECTION('',(1.E0,0.E0,0.E0));
#12249=AXIS2_PLACEMENT_3D('',#12246,#12247,#12248);
#12250=PLANE('',#12249);
#12251=ORIENTED_EDGE('',*,*,#7909,.F.);
#12253=ORIENTED_EDGE('',*,*,#12252,.T.);
#12254=ORIENTED_EDGE('',*,*,#12161,.T.);
#12255=ORIENTED_EDGE('',*,*,#12238,.F.);
#12256=EDGE_LOOP('',(#12251,#12253,#12254,#12255));
#12257=FACE_OUTER_BOUND('',#12256,.F.);
#12258=ADVANCED_FACE('',(#12257),#12250,.T.);
#12259=CARTESIAN_POINT('',(7.3E0,0.E0,9.5E-1));
#12260=DIRECTION('',(1.E0,0.E0,0.E0));
#12261=DIRECTION('',(0.E0,0.E0,1.E0));
#12262=AXIS2_PLACEMENT_3D('',#12259,#12260,#12261);
#12263=PLANE('',#12262);
#12264=ORIENTED_EDGE('',*,*,#7907,.F.);
#12266=ORIENTED_EDGE('',*,*,#12265,.T.);
#12267=ORIENTED_EDGE('',*,*,#12163,.T.);
#12268=ORIENTED_EDGE('',*,*,#12252,.F.);
#12269=EDGE_LOOP('',(#12264,#12266,#12267,#12268));
#12270=FACE_OUTER_BOUND('',#12269,.F.);
#12271=ADVANCED_FACE('',(#12270),#12263,.T.);
#12272=CARTESIAN_POINT('',(7.94E0,0.E0,9.5E-1));
#12273=DIRECTION('',(0.E0,0.E0,1.E0));
#12274=DIRECTION('',(-1.E0,0.E0,0.E0));
#12275=AXIS2_PLACEMENT_3D('',#12272,#12273,#12274);
#12276=PLANE('',#12275);
#12277=ORIENTED_EDGE('',*,*,#7905,.F.);
#12278=ORIENTED_EDGE('',*,*,#12241,.T.);
#12279=ORIENTED_EDGE('',*,*,#12165,.T.);
#12280=ORIENTED_EDGE('',*,*,#12265,.F.);
#12281=EDGE_LOOP('',(#12277,#12278,#12279,#12280));
#12282=FACE_OUTER_BOUND('',#12281,.F.);
#12283=ADVANCED_FACE('',(#12282),#12276,.T.);
#12284=CARTESIAN_POINT('',(6.87E0,0.E0,-2.5E0));
#12285=DIRECTION('',(0.E0,0.E0,-1.E0));
#12286=DIRECTION('',(1.E0,0.E0,0.E0));
#12287=AXIS2_PLACEMENT_3D('',#12284,#12285,#12286);
#12288=PLANE('',#12287);
#12290=ORIENTED_EDGE('',*,*,#12289,.F.);
#12291=ORIENTED_EDGE('',*,*,#9066,.T.);
#12292=ORIENTED_EDGE('',*,*,#12148,.T.);
#12293=ORIENTED_EDGE('',*,*,#9030,.F.);
#12294=EDGE_LOOP('',(#12290,#12291,#12292,#12293));
#12295=FACE_OUTER_BOUND('',#12294,.F.);
#12296=ADVANCED_FACE('',(#12295),#12288,.T.);
#12297=CARTESIAN_POINT('',(7.62E0,0.E0,0.E0));
#12298=DIRECTION('',(0.E0,-1.E0,0.E0));
#12299=DIRECTION('',(-1.E0,0.E0,0.E0));
#12300=AXIS2_PLACEMENT_3D('',#12297,#12298,#12299);
#12301=PLANE('',#12300);
#12302=ORIENTED_EDGE('',*,*,#9697,.F.);
#12303=ORIENTED_EDGE('',*,*,#9718,.T.);
#12305=ORIENTED_EDGE('',*,*,#12304,.T.);
#12306=ORIENTED_EDGE('',*,*,#9676,.T.);
#12307=EDGE_LOOP('',(#12302,#12303,#12305,#12306));
#12308=FACE_OUTER_BOUND('',#12307,.F.);
#12309=ADVANCED_FACE('',(#12308),#12301,.F.);
#12310=CARTESIAN_POINT('',(7.62E0,0.E0,0.E0));
#12311=DIRECTION('',(0.E0,-1.E0,0.E0));
#12312=DIRECTION('',(-1.E0,0.E0,0.E0));
#12313=AXIS2_PLACEMENT_3D('',#12310,#12311,#12312);
#12314=PLANE('',#12313);
#12315=ORIENTED_EDGE('',*,*,#9048,.T.);
#12316=ORIENTED_EDGE('',*,*,#9068,.T.);
#12317=ORIENTED_EDGE('',*,*,#12289,.T.);
#12318=ORIENTED_EDGE('',*,*,#9028,.T.);
#12319=EDGE_LOOP('',(#12315,#12316,#12317,#12318));
#12320=FACE_OUTER_BOUND('',#12319,.F.);
#12321=ADVANCED_FACE('',(#12320),#12314,.F.);
#12322=CARTESIAN_POINT('',(8.37E0,0.E0,2.5E0));
#12323=DIRECTION('',(0.E0,0.E0,1.E0));
#12324=DIRECTION('',(-1.E0,0.E0,0.E0));
#12325=AXIS2_PLACEMENT_3D('',#12322,#12323,#12324);
#12326=PLANE('',#12325);
#12327=ORIENTED_EDGE('',*,*,#12304,.F.);
#12328=ORIENTED_EDGE('',*,*,#9716,.T.);
#12329=ORIENTED_EDGE('',*,*,#12154,.T.);
#12330=ORIENTED_EDGE('',*,*,#9678,.F.);
#12331=EDGE_LOOP('',(#12327,#12328,#12329,#12330));
#12332=FACE_OUTER_BOUND('',#12331,.F.);
#12333=ADVANCED_FACE('',(#12332),#12326,.T.);
#12334=CARTESIAN_POINT('',(6.45E0,-2.54E0,-1.7E0));
#12335=DIRECTION('',(1.E0,0.E0,0.E0));
#12336=DIRECTION('',(0.E0,0.E0,1.E0));
#12337=AXIS2_PLACEMENT_3D('',#12334,#12335,#12336);
#12338=PLANE('',#12337);
#12339=ORIENTED_EDGE('',*,*,#8227,.T.);
#12340=ORIENTED_EDGE('',*,*,#9682,.F.);
#12341=ORIENTED_EDGE('',*,*,#12151,.F.);
#12342=ORIENTED_EDGE('',*,*,#9062,.T.);
#12343=EDGE_LOOP('',(#12339,#12340,#12341,#12342));
#12344=FACE_OUTER_BOUND('',#12343,.F.);
#12345=ADVANCED_FACE('',(#12344),#12338,.F.);
#12346=CARTESIAN_POINT('',(6.25E0,-2.54E0,1.7E0));
#12347=DIRECTION('',(-1.E0,0.E0,0.E0));
#12348=DIRECTION('',(0.E0,0.E0,-1.E0));
#12349=AXIS2_PLACEMENT_3D('',#12346,#12347,#12348);
#12350=PLANE('',#12349);
#12351=ORIENTED_EDGE('',*,*,#8231,.T.);
#12352=ORIENTED_EDGE('',*,*,#9101,.F.);
#12354=ORIENTED_EDGE('',*,*,#12353,.F.);
#12355=ORIENTED_EDGE('',*,*,#9645,.T.);
#12356=EDGE_LOOP('',(#12351,#12352,#12354,#12355));
#12357=FACE_OUTER_BOUND('',#12356,.F.);
#12358=ADVANCED_FACE('',(#12357),#12350,.F.);
#12359=CARTESIAN_POINT('',(5.08E0,-2.54E0,0.E0));
#12360=DIRECTION('',(0.E0,-1.E0,0.E0));
#12361=DIRECTION('',(-1.E0,0.E0,0.E0));
#12362=AXIS2_PLACEMENT_3D('',#12359,#12360,#12361);
#12363=PLANE('',#12362);
#12364=ORIENTED_EDGE('',*,*,#12353,.T.);
#12365=ORIENTED_EDGE('',*,*,#9099,.F.);
#12367=ORIENTED_EDGE('',*,*,#12366,.F.);
#12368=ORIENTED_EDGE('',*,*,#9131,.F.);
#12370=ORIENTED_EDGE('',*,*,#12369,.T.);
#12371=ORIENTED_EDGE('',*,*,#9613,.F.);
#12373=ORIENTED_EDGE('',*,*,#12372,.F.);
#12374=ORIENTED_EDGE('',*,*,#9647,.F.);
#12375=EDGE_LOOP('',(#12364,#12365,#12367,#12368,#12370,#12371,#12373,#12374));
#12376=FACE_OUTER_BOUND('',#12375,.F.);
#12378=ORIENTED_EDGE('',*,*,#12377,.F.);
#12380=ORIENTED_EDGE('',*,*,#12379,.F.);
#12382=ORIENTED_EDGE('',*,*,#12381,.F.);
#12384=ORIENTED_EDGE('',*,*,#12383,.F.);
#12385=EDGE_LOOP('',(#12378,#12380,#12382,#12384));
#12386=FACE_BOUND('',#12385,.F.);
#12388=ORIENTED_EDGE('',*,*,#12387,.F.);
#12390=ORIENTED_EDGE('',*,*,#12389,.F.);
#12392=ORIENTED_EDGE('',*,*,#12391,.F.);
#12394=ORIENTED_EDGE('',*,*,#12393,.F.);
#12395=EDGE_LOOP('',(#12388,#12390,#12392,#12394));
#12396=FACE_BOUND('',#12395,.F.);
#12397=ADVANCED_FACE('',(#12376,#12386,#12396),#12363,.T.);
#12398=CARTESIAN_POINT('',(5.4E0,0.E0,-9.5E-1));
#12399=DIRECTION('',(-1.E0,0.E0,0.E0));
#12400=DIRECTION('',(0.E0,0.E0,-1.E0));
#12401=AXIS2_PLACEMENT_3D('',#12398,#12399,#12400);
#12402=PLANE('',#12401);
#12403=ORIENTED_EDGE('',*,*,#7933,.F.);
#12405=ORIENTED_EDGE('',*,*,#12404,.T.);
#12406=ORIENTED_EDGE('',*,*,#12387,.T.);
#12408=ORIENTED_EDGE('',*,*,#12407,.F.);
#12409=EDGE_LOOP('',(#12403,#12405,#12406,#12408));
#12410=FACE_OUTER_BOUND('',#12409,.F.);
#12411=ADVANCED_FACE('',(#12410),#12402,.T.);
#12412=CARTESIAN_POINT('',(4.76E0,0.E0,-9.5E-1));
#12413=DIRECTION('',(0.E0,0.E0,-1.E0));
#12414=DIRECTION('',(1.E0,0.E0,0.E0));
#12415=AXIS2_PLACEMENT_3D('',#12412,#12413,#12414);
#12416=PLANE('',#12415);
#12417=ORIENTED_EDGE('',*,*,#7939,.F.);
#12419=ORIENTED_EDGE('',*,*,#12418,.T.);
#12420=ORIENTED_EDGE('',*,*,#12389,.T.);
#12421=ORIENTED_EDGE('',*,*,#12404,.F.);
#12422=EDGE_LOOP('',(#12417,#12419,#12420,#12421));
#12423=FACE_OUTER_BOUND('',#12422,.F.);
#12424=ADVANCED_FACE('',(#12423),#12416,.T.);
#12425=CARTESIAN_POINT('',(4.76E0,0.E0,-1.59E0));
#12426=DIRECTION('',(1.E0,0.E0,0.E0));
#12427=DIRECTION('',(0.E0,0.E0,1.E0));
#12428=AXIS2_PLACEMENT_3D('',#12425,#12426,#12427);
#12429=PLANE('',#12428);
#12430=ORIENTED_EDGE('',*,*,#7937,.F.);
#12432=ORIENTED_EDGE('',*,*,#12431,.T.);
#12433=ORIENTED_EDGE('',*,*,#12391,.T.);
#12434=ORIENTED_EDGE('',*,*,#12418,.F.);
#12435=EDGE_LOOP('',(#12430,#12432,#12433,#12434));
#12436=FACE_OUTER_BOUND('',#12435,.F.);
#12437=ADVANCED_FACE('',(#12436),#12429,.T.);
#12438=CARTESIAN_POINT('',(5.4E0,0.E0,-1.59E0));
#12439=DIRECTION('',(0.E0,0.E0,1.E0));
#12440=DIRECTION('',(-1.E0,0.E0,0.E0));
#12441=AXIS2_PLACEMENT_3D('',#12438,#12439,#12440);
#12442=PLANE('',#12441);
#12443=ORIENTED_EDGE('',*,*,#7935,.F.);
#12444=ORIENTED_EDGE('',*,*,#12407,.T.);
#12445=ORIENTED_EDGE('',*,*,#12393,.T.);
#12446=ORIENTED_EDGE('',*,*,#12431,.F.);
#12447=EDGE_LOOP('',(#12443,#12444,#12445,#12446));
#12448=FACE_OUTER_BOUND('',#12447,.F.);
#12449=ADVANCED_FACE('',(#12448),#12442,.T.);
#12450=CARTESIAN_POINT('',(5.4E0,0.E0,1.59E0));
#12451=DIRECTION('',(-1.E0,0.E0,0.E0));
#12452=DIRECTION('',(0.E0,0.E0,-1.E0));
#12453=AXIS2_PLACEMENT_3D('',#12450,#12451,#12452);
#12454=PLANE('',#12453);
#12455=ORIENTED_EDGE('',*,*,#7923,.F.);
#12457=ORIENTED_EDGE('',*,*,#12456,.T.);
#12458=ORIENTED_EDGE('',*,*,#12377,.T.);
#12460=ORIENTED_EDGE('',*,*,#12459,.F.);
#12461=EDGE_LOOP('',(#12455,#12457,#12458,#12460));
#12462=FACE_OUTER_BOUND('',#12461,.F.);
#12463=ADVANCED_FACE('',(#12462),#12454,.T.);
#12464=CARTESIAN_POINT('',(4.76E0,0.E0,1.59E0));
#12465=DIRECTION('',(0.E0,0.E0,-1.E0));
#12466=DIRECTION('',(1.E0,0.E0,0.E0));
#12467=AXIS2_PLACEMENT_3D('',#12464,#12465,#12466);
#12468=PLANE('',#12467);
#12469=ORIENTED_EDGE('',*,*,#7929,.F.);
#12471=ORIENTED_EDGE('',*,*,#12470,.T.);
#12472=ORIENTED_EDGE('',*,*,#12379,.T.);
#12473=ORIENTED_EDGE('',*,*,#12456,.F.);
#12474=EDGE_LOOP('',(#12469,#12471,#12472,#12473));
#12475=FACE_OUTER_BOUND('',#12474,.F.);
#12476=ADVANCED_FACE('',(#12475),#12468,.T.);
#12477=CARTESIAN_POINT('',(4.76E0,0.E0,9.5E-1));
#12478=DIRECTION('',(1.E0,0.E0,0.E0));
#12479=DIRECTION('',(0.E0,0.E0,1.E0));
#12480=AXIS2_PLACEMENT_3D('',#12477,#12478,#12479);
#12481=PLANE('',#12480);
#12482=ORIENTED_EDGE('',*,*,#7927,.F.);
#12484=ORIENTED_EDGE('',*,*,#12483,.T.);
#12485=ORIENTED_EDGE('',*,*,#12381,.T.);
#12486=ORIENTED_EDGE('',*,*,#12470,.F.);
#12487=EDGE_LOOP('',(#12482,#12484,#12485,#12486));
#12488=FACE_OUTER_BOUND('',#12487,.F.);
#12489=ADVANCED_FACE('',(#12488),#12481,.T.);
#12490=CARTESIAN_POINT('',(5.4E0,0.E0,9.5E-1));
#12491=DIRECTION('',(0.E0,0.E0,1.E0));
#12492=DIRECTION('',(-1.E0,0.E0,0.E0));
#12493=AXIS2_PLACEMENT_3D('',#12490,#12491,#12492);
#12494=PLANE('',#12493);
#12495=ORIENTED_EDGE('',*,*,#7925,.F.);
#12496=ORIENTED_EDGE('',*,*,#12459,.T.);
#12497=ORIENTED_EDGE('',*,*,#12383,.T.);
#12498=ORIENTED_EDGE('',*,*,#12483,.F.);
#12499=EDGE_LOOP('',(#12495,#12496,#12497,#12498));
#12500=FACE_OUTER_BOUND('',#12499,.F.);
#12501=ADVANCED_FACE('',(#12500),#12494,.T.);
#12502=CARTESIAN_POINT('',(4.33E0,0.E0,-2.5E0));
#12503=DIRECTION('',(0.E0,0.E0,-1.E0));
#12504=DIRECTION('',(1.E0,0.E0,0.E0));
#12505=AXIS2_PLACEMENT_3D('',#12502,#12503,#12504);
#12506=PLANE('',#12505);
#12508=ORIENTED_EDGE('',*,*,#12507,.F.);
#12509=ORIENTED_EDGE('',*,*,#9133,.T.);
#12510=ORIENTED_EDGE('',*,*,#12366,.T.);
#12511=ORIENTED_EDGE('',*,*,#9097,.F.);
#12512=EDGE_LOOP('',(#12508,#12509,#12510,#12511));
#12513=FACE_OUTER_BOUND('',#12512,.F.);
#12514=ADVANCED_FACE('',(#12513),#12506,.T.);
#12515=CARTESIAN_POINT('',(5.08E0,0.E0,0.E0));
#12516=DIRECTION('',(0.E0,-1.E0,0.E0));
#12517=DIRECTION('',(-1.E0,0.E0,0.E0));
#12518=AXIS2_PLACEMENT_3D('',#12515,#12516,#12517);
#12519=PLANE('',#12518);
#12520=ORIENTED_EDGE('',*,*,#9630,.F.);
#12521=ORIENTED_EDGE('',*,*,#9651,.T.);
#12523=ORIENTED_EDGE('',*,*,#12522,.T.);
#12524=ORIENTED_EDGE('',*,*,#9609,.T.);
#12525=EDGE_LOOP('',(#12520,#12521,#12523,#12524));
#12526=FACE_OUTER_BOUND('',#12525,.F.);
#12527=ADVANCED_FACE('',(#12526),#12519,.F.);
#12528=CARTESIAN_POINT('',(5.08E0,0.E0,0.E0));
#12529=DIRECTION('',(0.E0,-1.E0,0.E0));
#12530=DIRECTION('',(-1.E0,0.E0,0.E0));
#12531=AXIS2_PLACEMENT_3D('',#12528,#12529,#12530);
#12532=PLANE('',#12531);
#12533=ORIENTED_EDGE('',*,*,#9115,.T.);
#12534=ORIENTED_EDGE('',*,*,#9135,.T.);
#12535=ORIENTED_EDGE('',*,*,#12507,.T.);
#12536=ORIENTED_EDGE('',*,*,#9095,.T.);
#12537=EDGE_LOOP('',(#12533,#12534,#12535,#12536));
#12538=FACE_OUTER_BOUND('',#12537,.F.);
#12539=ADVANCED_FACE('',(#12538),#12532,.F.);
#12540=CARTESIAN_POINT('',(5.83E0,0.E0,2.5E0));
#12541=DIRECTION('',(0.E0,0.E0,1.E0));
#12542=DIRECTION('',(-1.E0,0.E0,0.E0));
#12543=AXIS2_PLACEMENT_3D('',#12540,#12541,#12542);
#12544=PLANE('',#12543);
#12545=ORIENTED_EDGE('',*,*,#12522,.F.);
#12546=ORIENTED_EDGE('',*,*,#9649,.T.);
#12547=ORIENTED_EDGE('',*,*,#12372,.T.);
#12548=ORIENTED_EDGE('',*,*,#9611,.F.);
#12549=EDGE_LOOP('',(#12545,#12546,#12547,#12548));
#12550=FACE_OUTER_BOUND('',#12549,.F.);
#12551=ADVANCED_FACE('',(#12550),#12544,.T.);
#12552=CARTESIAN_POINT('',(3.91E0,-2.54E0,-1.7E0));
#12553=DIRECTION('',(1.E0,0.E0,0.E0));
#12554=DIRECTION('',(0.E0,0.E0,1.E0));
#12555=AXIS2_PLACEMENT_3D('',#12552,#12553,#12554);
#12556=PLANE('',#12555);
#12557=ORIENTED_EDGE('',*,*,#8211,.T.);
#12558=ORIENTED_EDGE('',*,*,#9615,.F.);
#12559=ORIENTED_EDGE('',*,*,#12369,.F.);
#12560=ORIENTED_EDGE('',*,*,#9129,.T.);
#12561=EDGE_LOOP('',(#12557,#12558,#12559,#12560));
#12562=FACE_OUTER_BOUND('',#12561,.F.);
#12563=ADVANCED_FACE('',(#12562),#12556,.F.);
#12564=CARTESIAN_POINT('',(3.71E0,-2.54E0,1.7E0));
#12565=DIRECTION('',(-1.E0,0.E0,0.E0));
#12566=DIRECTION('',(0.E0,0.E0,-1.E0));
#12567=AXIS2_PLACEMENT_3D('',#12564,#12565,#12566);
#12568=PLANE('',#12567);
#12569=ORIENTED_EDGE('',*,*,#8215,.T.);
#12570=ORIENTED_EDGE('',*,*,#9168,.F.);
#12572=ORIENTED_EDGE('',*,*,#12571,.F.);
#12573=ORIENTED_EDGE('',*,*,#9578,.T.);
#12574=EDGE_LOOP('',(#12569,#12570,#12572,#12573));
#12575=FACE_OUTER_BOUND('',#12574,.F.);
#12576=ADVANCED_FACE('',(#12575),#12568,.F.);
#12577=CARTESIAN_POINT('',(2.54E0,-2.54E0,0.E0));
#12578=DIRECTION('',(0.E0,-1.E0,0.E0));
#12579=DIRECTION('',(-1.E0,0.E0,0.E0));
#12580=AXIS2_PLACEMENT_3D('',#12577,#12578,#12579);
#12581=PLANE('',#12580);
#12582=ORIENTED_EDGE('',*,*,#12571,.T.);
#12583=ORIENTED_EDGE('',*,*,#9166,.F.);
#12585=ORIENTED_EDGE('',*,*,#12584,.F.);
#12586=ORIENTED_EDGE('',*,*,#9198,.F.);
#12587=ORIENTED_EDGE('',*,*,#9529,.T.);
#12588=ORIENTED_EDGE('',*,*,#9546,.F.);
#12590=ORIENTED_EDGE('',*,*,#12589,.F.);
#12591=ORIENTED_EDGE('',*,*,#9580,.F.);
#12592=EDGE_LOOP('',(#12582,#12583,#12585,#12586,#12587,#12588,#12590,#12591));
#12593=FACE_OUTER_BOUND('',#12592,.F.);
#12595=ORIENTED_EDGE('',*,*,#12594,.F.);
#12597=ORIENTED_EDGE('',*,*,#12596,.F.);
#12599=ORIENTED_EDGE('',*,*,#12598,.F.);
#12601=ORIENTED_EDGE('',*,*,#12600,.F.);
#12602=EDGE_LOOP('',(#12595,#12597,#12599,#12601));
#12603=FACE_BOUND('',#12602,.F.);
#12605=ORIENTED_EDGE('',*,*,#12604,.F.);
#12607=ORIENTED_EDGE('',*,*,#12606,.F.);
#12609=ORIENTED_EDGE('',*,*,#12608,.F.);
#12611=ORIENTED_EDGE('',*,*,#12610,.F.);
#12612=EDGE_LOOP('',(#12605,#12607,#12609,#12611));
#12613=FACE_BOUND('',#12612,.F.);
#12614=ADVANCED_FACE('',(#12593,#12603,#12613),#12581,.T.);
#12615=CARTESIAN_POINT('',(2.86E0,0.E0,-9.5E-1));
#12616=DIRECTION('',(-1.E0,0.E0,0.E0));
#12617=DIRECTION('',(0.E0,0.E0,-1.E0));
#12618=AXIS2_PLACEMENT_3D('',#12615,#12616,#12617);
#12619=PLANE('',#12618);
#12620=ORIENTED_EDGE('',*,*,#7953,.F.);
#12622=ORIENTED_EDGE('',*,*,#12621,.T.);
#12623=ORIENTED_EDGE('',*,*,#12604,.T.);
#12625=ORIENTED_EDGE('',*,*,#12624,.F.);
#12626=EDGE_LOOP('',(#12620,#12622,#12623,#12625));
#12627=FACE_OUTER_BOUND('',#12626,.F.);
#12628=ADVANCED_FACE('',(#12627),#12619,.T.);
#12629=CARTESIAN_POINT('',(2.22E0,0.E0,-9.5E-1));
#12630=DIRECTION('',(0.E0,0.E0,-1.E0));
#12631=DIRECTION('',(1.E0,0.E0,0.E0));
#12632=AXIS2_PLACEMENT_3D('',#12629,#12630,#12631);
#12633=PLANE('',#12632);
#12634=ORIENTED_EDGE('',*,*,#7959,.F.);
#12636=ORIENTED_EDGE('',*,*,#12635,.T.);
#12637=ORIENTED_EDGE('',*,*,#12606,.T.);
#12638=ORIENTED_EDGE('',*,*,#12621,.F.);
#12639=EDGE_LOOP('',(#12634,#12636,#12637,#12638));
#12640=FACE_OUTER_BOUND('',#12639,.F.);
#12641=ADVANCED_FACE('',(#12640),#12633,.T.);
#12642=CARTESIAN_POINT('',(2.22E0,0.E0,-1.59E0));
#12643=DIRECTION('',(1.E0,0.E0,0.E0));
#12644=DIRECTION('',(0.E0,0.E0,1.E0));
#12645=AXIS2_PLACEMENT_3D('',#12642,#12643,#12644);
#12646=PLANE('',#12645);
#12647=ORIENTED_EDGE('',*,*,#7957,.F.);
#12649=ORIENTED_EDGE('',*,*,#12648,.T.);
#12650=ORIENTED_EDGE('',*,*,#12608,.T.);
#12651=ORIENTED_EDGE('',*,*,#12635,.F.);
#12652=EDGE_LOOP('',(#12647,#12649,#12650,#12651));
#12653=FACE_OUTER_BOUND('',#12652,.F.);
#12654=ADVANCED_FACE('',(#12653),#12646,.T.);
#12655=CARTESIAN_POINT('',(2.86E0,0.E0,-1.59E0));
#12656=DIRECTION('',(0.E0,0.E0,1.E0));
#12657=DIRECTION('',(-1.E0,0.E0,0.E0));
#12658=AXIS2_PLACEMENT_3D('',#12655,#12656,#12657);
#12659=PLANE('',#12658);
#12660=ORIENTED_EDGE('',*,*,#7955,.F.);
#12661=ORIENTED_EDGE('',*,*,#12624,.T.);
#12662=ORIENTED_EDGE('',*,*,#12610,.T.);
#12663=ORIENTED_EDGE('',*,*,#12648,.F.);
#12664=EDGE_LOOP('',(#12660,#12661,#12662,#12663));
#12665=FACE_OUTER_BOUND('',#12664,.F.);
#12666=ADVANCED_FACE('',(#12665),#12659,.T.);
#12667=CARTESIAN_POINT('',(2.86E0,0.E0,1.59E0));
#12668=DIRECTION('',(-1.E0,0.E0,0.E0));
#12669=DIRECTION('',(0.E0,0.E0,-1.E0));
#12670=AXIS2_PLACEMENT_3D('',#12667,#12668,#12669);
#12671=PLANE('',#12670);
#12672=ORIENTED_EDGE('',*,*,#7943,.F.);
#12674=ORIENTED_EDGE('',*,*,#12673,.T.);
#12675=ORIENTED_EDGE('',*,*,#12594,.T.);
#12677=ORIENTED_EDGE('',*,*,#12676,.F.);
#12678=EDGE_LOOP('',(#12672,#12674,#12675,#12677));
#12679=FACE_OUTER_BOUND('',#12678,.F.);
#12680=ADVANCED_FACE('',(#12679),#12671,.T.);
#12681=CARTESIAN_POINT('',(2.22E0,0.E0,1.59E0));
#12682=DIRECTION('',(0.E0,0.E0,-1.E0));
#12683=DIRECTION('',(1.E0,0.E0,0.E0));
#12684=AXIS2_PLACEMENT_3D('',#12681,#12682,#12683);
#12685=PLANE('',#12684);
#12686=ORIENTED_EDGE('',*,*,#7949,.F.);
#12688=ORIENTED_EDGE('',*,*,#12687,.T.);
#12689=ORIENTED_EDGE('',*,*,#12596,.T.);
#12690=ORIENTED_EDGE('',*,*,#12673,.F.);
#12691=EDGE_LOOP('',(#12686,#12688,#12689,#12690));
#12692=FACE_OUTER_BOUND('',#12691,.F.);
#12693=ADVANCED_FACE('',(#12692),#12685,.T.);
#12694=CARTESIAN_POINT('',(2.22E0,0.E0,9.5E-1));
#12695=DIRECTION('',(1.E0,0.E0,0.E0));
#12696=DIRECTION('',(0.E0,0.E0,1.E0));
#12697=AXIS2_PLACEMENT_3D('',#12694,#12695,#12696);
#12698=PLANE('',#12697);
#12699=ORIENTED_EDGE('',*,*,#7947,.F.);
#12701=ORIENTED_EDGE('',*,*,#12700,.T.);
#12702=ORIENTED_EDGE('',*,*,#12598,.T.);
#12703=ORIENTED_EDGE('',*,*,#12687,.F.);
#12704=EDGE_LOOP('',(#12699,#12701,#12702,#12703));
#12705=FACE_OUTER_BOUND('',#12704,.F.);
#12706=ADVANCED_FACE('',(#12705),#12698,.T.);
#12707=CARTESIAN_POINT('',(2.86E0,0.E0,9.5E-1));
#12708=DIRECTION('',(0.E0,0.E0,1.E0));
#12709=DIRECTION('',(-1.E0,0.E0,0.E0));
#12710=AXIS2_PLACEMENT_3D('',#12707,#12708,#12709);
#12711=PLANE('',#12710);
#12712=ORIENTED_EDGE('',*,*,#7945,.F.);
#12713=ORIENTED_EDGE('',*,*,#12676,.T.);
#12714=ORIENTED_EDGE('',*,*,#12600,.T.);
#12715=ORIENTED_EDGE('',*,*,#12700,.F.);
#12716=EDGE_LOOP('',(#12712,#12713,#12714,#12715));
#12717=FACE_OUTER_BOUND('',#12716,.F.);
#12718=ADVANCED_FACE('',(#12717),#12711,.T.);
#12719=CARTESIAN_POINT('',(1.79E0,0.E0,-2.5E0));
#12720=DIRECTION('',(0.E0,0.E0,-1.E0));
#12721=DIRECTION('',(1.E0,0.E0,0.E0));
#12722=AXIS2_PLACEMENT_3D('',#12719,#12720,#12721);
#12723=PLANE('',#12722);
#12725=ORIENTED_EDGE('',*,*,#12724,.F.);
#12726=ORIENTED_EDGE('',*,*,#9200,.T.);
#12727=ORIENTED_EDGE('',*,*,#12584,.T.);
#12728=ORIENTED_EDGE('',*,*,#9164,.F.);
#12729=EDGE_LOOP('',(#12725,#12726,#12727,#12728));
#12730=FACE_OUTER_BOUND('',#12729,.F.);
#12731=ADVANCED_FACE('',(#12730),#12723,.T.);
#12732=CARTESIAN_POINT('',(2.54E0,0.E0,0.E0));
#12733=DIRECTION('',(0.E0,-1.E0,0.E0));
#12734=DIRECTION('',(-1.E0,0.E0,0.E0));
#12735=AXIS2_PLACEMENT_3D('',#12732,#12733,#12734);
#12736=PLANE('',#12735);
#12737=ORIENTED_EDGE('',*,*,#9563,.F.);
#12738=ORIENTED_EDGE('',*,*,#9584,.T.);
#12740=ORIENTED_EDGE('',*,*,#12739,.T.);
#12741=ORIENTED_EDGE('',*,*,#9542,.T.);
#12742=EDGE_LOOP('',(#12737,#12738,#12740,#12741));
#12743=FACE_OUTER_BOUND('',#12742,.F.);
#12744=ADVANCED_FACE('',(#12743),#12736,.F.);
#12745=CARTESIAN_POINT('',(2.54E0,0.E0,0.E0));
#12746=DIRECTION('',(0.E0,-1.E0,0.E0));
#12747=DIRECTION('',(-1.E0,0.E0,0.E0));
#12748=AXIS2_PLACEMENT_3D('',#12745,#12746,#12747);
#12749=PLANE('',#12748);
#12750=ORIENTED_EDGE('',*,*,#9182,.T.);
#12751=ORIENTED_EDGE('',*,*,#9202,.T.);
#12752=ORIENTED_EDGE('',*,*,#12724,.T.);
#12753=ORIENTED_EDGE('',*,*,#9162,.T.);
#12754=EDGE_LOOP('',(#12750,#12751,#12752,#12753));
#12755=FACE_OUTER_BOUND('',#12754,.F.);
#12756=ADVANCED_FACE('',(#12755),#12749,.F.);
#12757=CARTESIAN_POINT('',(3.29E0,0.E0,2.5E0));
#12758=DIRECTION('',(0.E0,0.E0,1.E0));
#12759=DIRECTION('',(-1.E0,0.E0,0.E0));
#12760=AXIS2_PLACEMENT_3D('',#12757,#12758,#12759);
#12761=PLANE('',#12760);
#12762=ORIENTED_EDGE('',*,*,#12739,.F.);
#12763=ORIENTED_EDGE('',*,*,#9582,.T.);
#12764=ORIENTED_EDGE('',*,*,#12589,.T.);
#12765=ORIENTED_EDGE('',*,*,#9544,.F.);
#12766=EDGE_LOOP('',(#12762,#12763,#12764,#12765));
#12767=FACE_OUTER_BOUND('',#12766,.F.);
#12768=ADVANCED_FACE('',(#12767),#12761,.T.);
#12769=CARTESIAN_POINT('',(1.27E0,0.E0,1.7E0));
#12770=DIRECTION('',(0.E0,0.E0,1.E0));
#12771=DIRECTION('',(-1.E0,0.E0,0.E0));
#12772=AXIS2_PLACEMENT_3D('',#12769,#12770,#12771);
#12773=PLANE('',#12772);
#12774=ORIENTED_EDGE('',*,*,#7625,.F.);
#12775=ORIENTED_EDGE('',*,*,#9549,.T.);
#12776=ORIENTED_EDGE('',*,*,#8193,.F.);
#12777=ORIENTED_EDGE('',*,*,#7500,.F.);
#12778=EDGE_LOOP('',(#12774,#12775,#12776,#12777));
#12779=FACE_OUTER_BOUND('',#12778,.F.);
#12780=ADVANCED_FACE('',(#12779),#12773,.T.);
#12781=CLOSED_SHELL('',(#7460,#7476,#7491,#7511,#7993,#8008,#8022,#8036,#8049,
#8089,#8103,#8116,#8129,#8141,#8156,#8171,#8187,#8203,#8219,#8235,#8251,#8267,
#8283,#8299,#8315,#8331,#8347,#8363,#8379,#8393,#8406,#8419,#8437,#8451,#8470,
#8483,#8503,#8517,#8537,#8550,#8570,#8584,#8604,#8617,#8637,#8651,#8671,#8684,
#8704,#8718,#8738,#8751,#8771,#8785,#8805,#8818,#8838,#8852,#8872,#8885,#8905,
#8919,#8939,#8952,#8972,#8986,#9006,#9019,#9039,#9053,#9073,#9086,#9106,#9120,
#9140,#9153,#9173,#9187,#9207,#9220,#9239,#9252,#9271,#9284,#9297,#9310,#9328,
#9341,#9380,#9394,#9407,#9420,#9432,#9446,#9459,#9472,#9484,#9496,#9508,#9520,
#9534,#9554,#9568,#9588,#9601,#9621,#9635,#9655,#9668,#9688,#9702,#9722,#9735,
#9755,#9769,#9789,#9802,#9822,#9836,#9856,#9869,#9889,#9903,#9923,#9936,#9956,
#9970,#9990,#10003,#10023,#10037,#10057,#10070,#10090,#10104,#10124,#10137,
#10157,#10171,#10191,#10204,#10224,#10238,#10258,#10271,#10290,#10304,#10321,
#10334,#10346,#10359,#10371,#10383,#10396,#10435,#10449,#10462,#10475,#10487,
#10501,#10514,#10527,#10539,#10552,#10565,#10577,#10589,#10601,#10614,#10653,
#10667,#10680,#10693,#10705,#10719,#10732,#10745,#10757,#10770,#10783,#10795,
#10807,#10819,#10832,#10871,#10885,#10898,#10911,#10923,#10937,#10950,#10963,
#10975,#10988,#11001,#11013,#11025,#11037,#11050,#11089,#11103,#11116,#11129,
#11141,#11155,#11168,#11181,#11193,#11206,#11219,#11231,#11243,#11255,#11268,
#11307,#11321,#11334,#11347,#11359,#11373,#11386,#11399,#11411,#11424,#11437,
#11449,#11461,#11473,#11486,#11525,#11539,#11552,#11565,#11577,#11591,#11604,
#11617,#11629,#11642,#11655,#11667,#11679,#11691,#11704,#11743,#11757,#11770,
#11783,#11795,#11809,#11822,#11835,#11847,#11860,#11873,#11885,#11897,#11909,
#11922,#11961,#11975,#11988,#12001,#12013,#12027,#12040,#12053,#12065,#12078,
#12091,#12103,#12115,#12127,#12140,#12179,#12193,#12206,#12219,#12231,#12245,
#12258,#12271,#12283,#12296,#12309,#12321,#12333,#12345,#12358,#12397,#12411,
#12424,#12437,#12449,#12463,#12476,#12489,#12501,#12514,#12527,#12539,#12551,
#12563,#12576,#12614,#12628,#12641,#12654,#12666,#12680,#12693,#12706,#12718,
#12731,#12744,#12756,#12768,#12780));
#12782=MANIFOLD_SOLID_BREP('',#12781);
#12783=FILL_AREA_STYLE_COLOUR('',#3);
#12784=FILL_AREA_STYLE('',(#12783));
#12785=SURFACE_STYLE_FILL_AREA(#12784);
#12786=SURFACE_SIDE_STYLE('',(#12785));
#12787=SURFACE_STYLE_USAGE(.BOTH.,#12786);
#12788=PRESENTATION_STYLE_ASSIGNMENT((#12787));
#11=STYLED_ITEM('',(#12788),#12782);
#12790=DIMENSIONAL_EXPONENTS(0.E0,0.E0,0.E0,0.E0,0.E0,0.E0,0.E0);
#12792=PLANE_ANGLE_MEASURE_WITH_UNIT(PLANE_ANGLE_MEASURE(1.745329251994E-2),
#12791);
#12793=(CONVERSION_BASED_UNIT('DEGREE',#12792)NAMED_UNIT(*)PLANE_ANGLE_UNIT());
#12795=UNCERTAINTY_MEASURE_WITH_UNIT(LENGTH_MEASURE(3.349152519720E-3),#12789,
'closure',
'Maximum model space distance between geometric entities at asserted connectivities');
#12796=(GEOMETRIC_REPRESENTATION_CONTEXT(3)GLOBAL_UNCERTAINTY_ASSIGNED_CONTEXT((
#12795))GLOBAL_UNIT_ASSIGNED_CONTEXT((#12789,#12793,#12794))REPRESENTATION_CONTEXT('ID1','3'));
#12797=CARTESIAN_POINT('',(0.E0,0.E0,0.E0));
#12798=DIRECTION('',(0.E0,0.E0,1.E0));
#12799=DIRECTION('',(1.E0,0.E0,0.E0));
#12802=APPLICATION_CONTEXT(
'CONFIGURATION CONTROLLED 3D DESIGNS OF MECHANICAL PARTS AND ASSEMBLIES');
#12803=APPLICATION_PROTOCOL_DEFINITION('international standard',
'config_control_design',1994,#12802);
#12804=DESIGN_CONTEXT('',#12802,'design');
#12805=MECHANICAL_CONTEXT('',#12802,'mechanical');
#12806=PRODUCT('M20-97413_MOULD','M20-97413_MOULD','NOT SPECIFIED',(#12805));
#12807=PRODUCT_DEFINITION_FORMATION_WITH_SPECIFIED_SOURCE('6','LAST_VERSION',
#12806,.MADE.);
#12816=CARTESIAN_POINT('',(0.E0,0.E0,0.E0));
#12817=DIRECTION('',(0.E0,0.E0,1.E0));
#12818=DIRECTION('',(1.E0,0.E0,0.E0));
#12819=AXIS2_PLACEMENT_3D('',#12816,#12817,#12818);
#12820=ITEM_DEFINED_TRANSFORMATION('','',#12800,#12819);
#12821=(REPRESENTATION_RELATIONSHIP('','',#12801,#12813)REPRESENTATION_RELATIONSHIP_WITH_TRANSFORMATION(#12820)SHAPE_REPRESENTATION_RELATIONSHIP());
#12822=CONTEXT_DEPENDENT_SHAPE_REPRESENTATION(#12821,#12815);
#12824=DIRECTION('',(-1.E0,0.E0,0.E0));
#12825=VECTOR('',#12824,6.37E-1);
#12826=CARTESIAN_POINT('',(3.185E-1,-3.185E-1,6.526091725265E0));
#12827=LINE('',#12826,#12825);
#12828=CURVE_STYLE('',#16,POSITIVE_LENGTH_MEASURE(2.E-2),#6);
#12829=PRESENTATION_STYLE_ASSIGNMENT((#12828));
#12830=STYLED_ITEM('',(#12829),#12827);
#12831=DIRECTION('',(-1.E0,0.E0,0.E0));
#12832=VECTOR('',#12831,3.9E-1);
#12833=CARTESIAN_POINT('',(1.95E-1,-1.95E-1,6.74E0));
#12834=LINE('',#12833,#12832);
#12835=CURVE_STYLE('',#16,POSITIVE_LENGTH_MEASURE(2.E-2),#6);
#12836=PRESENTATION_STYLE_ASSIGNMENT((#12835));
#12837=STYLED_ITEM('',(#12836),#12834);
#12838=DIRECTION('',(4.472135955E-1,-4.472135955E-1,-7.745966692415E-1));
#12839=VECTOR('',#12838,2.761543952212E-1);
#12840=CARTESIAN_POINT('',(1.95E-1,-1.95E-1,6.74E0));
#12841=LINE('',#12840,#12839);
#12842=CURVE_STYLE('',#16,POSITIVE_LENGTH_MEASURE(2.E-2),#6);
#12843=PRESENTATION_STYLE_ASSIGNMENT((#12842));
#12844=STYLED_ITEM('',(#12843),#12841);
#12845=DIRECTION('',(0.E0,0.E0,-1.E0));
#12846=VECTOR('',#12845,5.586091725265E0);
#12847=CARTESIAN_POINT('',(3.185E-1,-3.185E-1,6.526091725265E0));
#12848=LINE('',#12847,#12846);
#12849=CURVE_STYLE('',#16,POSITIVE_LENGTH_MEASURE(2.E-2),#6);
#12850=PRESENTATION_STYLE_ASSIGNMENT((#12849));
#12851=STYLED_ITEM('',(#12850),#12848);
#12852=DIRECTION('',(0.E0,0.E0,-1.E0));
#12853=VECTOR('',#12852,5.586091725265E0);
#12854=CARTESIAN_POINT('',(3.185E-1,3.185E-1,6.526091725265E0));
#12855=LINE('',#12854,#12853);
#12856=CURVE_STYLE('',#16,POSITIVE_LENGTH_MEASURE(2.E-2),#6);
#12857=PRESENTATION_STYLE_ASSIGNMENT((#12856));
#12858=STYLED_ITEM('',(#12857),#12855);
#12859=DIRECTION('',(0.E0,-1.E0,0.E0));
#12860=VECTOR('',#12859,6.37E-1);
#12861=CARTESIAN_POINT('',(3.185E-1,3.185E-1,6.526091725265E0));
#12862=LINE('',#12861,#12860);
#12863=CURVE_STYLE('',#16,POSITIVE_LENGTH_MEASURE(2.E-2),#6);
#12864=PRESENTATION_STYLE_ASSIGNMENT((#12863));
#12865=STYLED_ITEM('',(#12864),#12862);
#12866=DIRECTION('',(0.E0,-1.E0,0.E0));
#12867=VECTOR('',#12866,3.9E-1);
#12868=CARTESIAN_POINT('',(1.95E-1,1.95E-1,6.74E0));
#12869=LINE('',#12868,#12867);
#12870=CURVE_STYLE('',#16,POSITIVE_LENGTH_MEASURE(2.E-2),#6);
#12871=PRESENTATION_STYLE_ASSIGNMENT((#12870));
#12872=STYLED_ITEM('',(#12871),#12869);
#12873=DIRECTION('',(4.472135955E-1,4.472135955E-1,-7.745966692415E-1));
#12874=VECTOR('',#12873,2.761543952212E-1);
#12875=CARTESIAN_POINT('',(1.95E-1,1.95E-1,6.74E0));
#12876=LINE('',#12875,#12874);
#12877=CURVE_STYLE('',#16,POSITIVE_LENGTH_MEASURE(2.E-2),#6);
#12878=PRESENTATION_STYLE_ASSIGNMENT((#12877));
#12879=STYLED_ITEM('',(#12878),#12876);
#12880=DIRECTION('',(1.E0,0.E0,0.E0));
#12881=VECTOR('',#12880,6.37E-1);
#12882=CARTESIAN_POINT('',(-3.185E-1,3.185E-1,6.526091725265E0));
#12883=LINE('',#12882,#12881);
#12884=CURVE_STYLE('',#16,POSITIVE_LENGTH_MEASURE(2.E-2),#6);
#12885=PRESENTATION_STYLE_ASSIGNMENT((#12884));
#12886=STYLED_ITEM('',(#12885),#12883);
#12887=DIRECTION('',(1.E0,0.E0,0.E0));
#12888=VECTOR('',#12887,3.9E-1);
#12889=CARTESIAN_POINT('',(-1.95E-1,1.95E-1,6.74E0));
#12890=LINE('',#12889,#12888);
#12891=CURVE_STYLE('',#16,POSITIVE_LENGTH_MEASURE(2.E-2),#6);
#12892=PRESENTATION_STYLE_ASSIGNMENT((#12891));
#12893=STYLED_ITEM('',(#12892),#12890);
#12894=DIRECTION('',(0.E0,0.E0,-1.E0));
#12895=VECTOR('',#12894,5.586091725265E0);
#12896=CARTESIAN_POINT('',(-3.185E-1,3.185E-1,6.526091725265E0));
#12897=LINE('',#12896,#12895);
#12898=CURVE_STYLE('',#16,POSITIVE_LENGTH_MEASURE(2.E-2),#6);
#12899=PRESENTATION_STYLE_ASSIGNMENT((#12898));
#12900=STYLED_ITEM('',(#12899),#12897);
#12901=DIRECTION('',(0.E0,0.E0,-1.E0));
#12902=VECTOR('',#12901,5.586091725265E0);
#12903=CARTESIAN_POINT('',(-3.185E-1,-3.185E-1,6.526091725265E0));
#12904=LINE('',#12903,#12902);
#12905=CURVE_STYLE('',#16,POSITIVE_LENGTH_MEASURE(2.E-2),#6);
#12906=PRESENTATION_STYLE_ASSIGNMENT((#12905));
#12907=STYLED_ITEM('',(#12906),#12904);
#12908=DIRECTION('',(0.E0,1.E0,0.E0));
#12909=VECTOR('',#12908,6.37E-1);
#12910=CARTESIAN_POINT('',(-3.185E-1,-3.185E-1,6.526091725265E0));
#12911=LINE('',#12910,#12909);
#12912=CURVE_STYLE('',#16,POSITIVE_LENGTH_MEASURE(2.E-2),#6);
#12913=PRESENTATION_STYLE_ASSIGNMENT((#12912));
#12914=STYLED_ITEM('',(#12913),#12911);
#12915=DIRECTION('',(-4.472135955E-1,4.472135955E-1,-7.745966692415E-1));
#12916=VECTOR('',#12915,2.761543952212E-1);
#12917=CARTESIAN_POINT('',(-1.95E-1,1.95E-1,6.74E0));
#12918=LINE('',#12917,#12916);
#12919=CURVE_STYLE('',#16,POSITIVE_LENGTH_MEASURE(2.E-2),#6);
#12920=PRESENTATION_STYLE_ASSIGNMENT((#12919));
#12921=STYLED_ITEM('',(#12920),#12918);
#12922=DIRECTION('',(0.E0,1.E0,0.E0));
#12923=VECTOR('',#12922,3.9E-1);
#12924=CARTESIAN_POINT('',(-1.95E-1,-1.95E-1,6.74E0));
#12925=LINE('',#12924,#12923);
#12926=CURVE_STYLE('',#16,POSITIVE_LENGTH_MEASURE(2.E-2),#6);
#12927=PRESENTATION_STYLE_ASSIGNMENT((#12926));
#12928=STYLED_ITEM('',(#12927),#12925);
#12929=DIRECTION('',(-4.472135955E-1,-4.472135955E-1,-7.745966692415E-1));
#12930=VECTOR('',#12929,2.761543952212E-1);
#12931=CARTESIAN_POINT('',(-1.95E-1,-1.95E-1,6.74E0));
#12932=LINE('',#12931,#12930);
#12933=CURVE_STYLE('',#16,POSITIVE_LENGTH_MEASURE(2.E-2),#6);
#12934=PRESENTATION_STYLE_ASSIGNMENT((#12933));
#12935=STYLED_ITEM('',(#12934),#12932);
#12936=DIRECTION('',(-1.E0,0.E0,0.E0));
#12937=VECTOR('',#12936,6.37E-1);
#12938=CARTESIAN_POINT('',(3.185E-1,3.185E-1,9.4E-1));
#12939=LINE('',#12938,#12937);
#12940=CURVE_STYLE('',#16,POSITIVE_LENGTH_MEASURE(2.E-2),#6);
#12941=PRESENTATION_STYLE_ASSIGNMENT((#12940));
#12942=STYLED_ITEM('',(#12941),#12939);
#12943=DIRECTION('',(0.E0,-1.E0,0.E0));
#12944=VECTOR('',#12943,6.37E-1);
#12945=CARTESIAN_POINT('',(-3.185E-1,3.185E-1,9.4E-1));
#12946=LINE('',#12945,#12944);
#12947=CURVE_STYLE('',#16,POSITIVE_LENGTH_MEASURE(2.E-2),#6);
#12948=PRESENTATION_STYLE_ASSIGNMENT((#12947));
#12949=STYLED_ITEM('',(#12948),#12946);
#12950=DIRECTION('',(1.E0,0.E0,0.E0));
#12951=VECTOR('',#12950,6.37E-1);
#12952=CARTESIAN_POINT('',(-3.185E-1,-3.185E-1,9.4E-1));
#12953=LINE('',#12952,#12951);
#12954=CURVE_STYLE('',#16,POSITIVE_LENGTH_MEASURE(2.E-2),#6);
#12955=PRESENTATION_STYLE_ASSIGNMENT((#12954));
#12956=STYLED_ITEM('',(#12955),#12953);
#12957=DIRECTION('',(0.E0,1.E0,0.E0));
#12958=VECTOR('',#12957,6.37E-1);
#12959=CARTESIAN_POINT('',(3.185E-1,-3.185E-1,9.4E-1));
#12960=LINE('',#12959,#12958);
#12961=CURVE_STYLE('',#16,POSITIVE_LENGTH_MEASURE(2.E-2),#6);
#12962=PRESENTATION_STYLE_ASSIGNMENT((#12961));
#12963=STYLED_ITEM('',(#12962),#12960);
#12964=DIRECTION('',(-1.E0,0.E0,0.E0));
#12965=VECTOR('',#12964,6.4E-1);
#12966=CARTESIAN_POINT('',(3.2E-1,-3.2E-1,9.4E-1));
#12967=LINE('',#12966,#12965);
#12968=CURVE_STYLE('',#16,POSITIVE_LENGTH_MEASURE(2.E-2),#6);
#12969=PRESENTATION_STYLE_ASSIGNMENT((#12968));
#12970=STYLED_ITEM('',(#12969),#12967);
#12971=DIRECTION('',(0.E0,0.E0,-1.E0));
#12972=VECTOR('',#12971,2.58E0);
#12973=CARTESIAN_POINT('',(3.2E-1,-3.2E-1,9.4E-1));
#12974=LINE('',#12973,#12972);
#12975=CURVE_STYLE('',#16,POSITIVE_LENGTH_MEASURE(2.E-2),#6);
#12976=PRESENTATION_STYLE_ASSIGNMENT((#12975));
#12977=STYLED_ITEM('',(#12976),#12974);
#12978=DIRECTION('',(0.E0,-1.E0,0.E0));
#12979=VECTOR('',#12978,6.4E-1);
#12980=CARTESIAN_POINT('',(3.2E-1,3.2E-1,9.4E-1));
#12981=LINE('',#12980,#12979);
#12982=CURVE_STYLE('',#16,POSITIVE_LENGTH_MEASURE(2.E-2),#6);
#12983=PRESENTATION_STYLE_ASSIGNMENT((#12982));
#12984=STYLED_ITEM('',(#12983),#12981);
#12985=DIRECTION('',(0.E0,0.E0,-1.E0));
#12986=VECTOR('',#12985,2.58E0);
#12987=CARTESIAN_POINT('',(3.2E-1,3.2E-1,9.4E-1));
#12988=LINE('',#12987,#12986);
#12989=CURVE_STYLE('',#16,POSITIVE_LENGTH_MEASURE(2.E-2),#6);
#12990=PRESENTATION_STYLE_ASSIGNMENT((#12989));
#12991=STYLED_ITEM('',(#12990),#12988);
#12992=CARTESIAN_POINT('',(3.2E-1,-1.32E0,-1.64E0));
#12993=DIRECTION('',(-1.E0,0.E0,0.E0));
#12994=DIRECTION('',(0.E0,1.E0,0.E0));
#12995=AXIS2_PLACEMENT_3D('',#12992,#12993,#12994);
#12997=CURVE_STYLE('',#16,POSITIVE_LENGTH_MEASURE(2.E-2),#6);
#12998=PRESENTATION_STYLE_ASSIGNMENT((#12997));
#12999=STYLED_ITEM('',(#12998),#12996);
#13000=DIRECTION('',(0.E0,-1.E0,0.E0));
#13001=VECTOR('',#13000,2.733493649054E0);
#13002=CARTESIAN_POINT('',(3.2E-1,-1.32E0,-3.28E0));
#13003=LINE('',#13002,#13001);
#13004=CURVE_STYLE('',#16,POSITIVE_LENGTH_MEASURE(2.E-2),#6);
#13005=PRESENTATION_STYLE_ASSIGNMENT((#13004));
#13006=STYLED_ITEM('',(#13005),#13003);
#13007=DIRECTION('',(1.E0,0.E0,0.E0));
#13008=VECTOR('',#13007,6.4E-1);
#13009=CARTESIAN_POINT('',(-3.2E-1,3.2E-1,9.4E-1));
#13010=LINE('',#13009,#13008);
#13011=CURVE_STYLE('',#16,POSITIVE_LENGTH_MEASURE(2.E-2),#6);
#13012=PRESENTATION_STYLE_ASSIGNMENT((#13011));
#13013=STYLED_ITEM('',(#13012),#13010);
#13014=DIRECTION('',(0.E0,0.E0,-1.E0));
#13015=VECTOR('',#13014,2.58E0);
#13016=CARTESIAN_POINT('',(-3.2E-1,3.2E-1,9.4E-1));
#13017=LINE('',#13016,#13015);
#13018=CURVE_STYLE('',#16,POSITIVE_LENGTH_MEASURE(2.E-2),#6);
#13019=PRESENTATION_STYLE_ASSIGNMENT((#13018));
#13020=STYLED_ITEM('',(#13019),#13017);
#13021=DIRECTION('',(0.E0,1.E0,0.E0));
#13022=VECTOR('',#13021,6.4E-1);
#13023=CARTESIAN_POINT('',(-3.2E-1,-3.2E-1,9.4E-1));
#13024=LINE('',#13023,#13022);
#13025=CURVE_STYLE('',#16,POSITIVE_LENGTH_MEASURE(2.E-2),#6);
#13026=PRESENTATION_STYLE_ASSIGNMENT((#13025));
#13027=STYLED_ITEM('',(#13026),#13024);
#13028=DIRECTION('',(0.E0,0.E0,-1.E0));
#13029=VECTOR('',#13028,2.58E0);
#13030=CARTESIAN_POINT('',(-3.2E-1,-3.2E-1,9.4E-1));
#13031=LINE('',#13030,#13029);
#13032=CURVE_STYLE('',#16,POSITIVE_LENGTH_MEASURE(2.E-2),#6);
#13033=PRESENTATION_STYLE_ASSIGNMENT((#13032));
#13034=STYLED_ITEM('',(#13033),#13031);
#13035=CARTESIAN_POINT('',(-3.2E-1,-1.32E0,-1.64E0));
#13036=DIRECTION('',(-1.E0,0.E0,0.E0));
#13037=DIRECTION('',(0.E0,1.E0,0.E0));
#13038=AXIS2_PLACEMENT_3D('',#13035,#13036,#13037);
#13040=CURVE_STYLE('',#16,POSITIVE_LENGTH_MEASURE(2.E-2),#6);
#13041=PRESENTATION_STYLE_ASSIGNMENT((#13040));
#13042=STYLED_ITEM('',(#13041),#13039);
#13043=DIRECTION('',(0.E0,-1.E0,0.E0));
#13044=VECTOR('',#13043,2.733493649054E0);
#13045=CARTESIAN_POINT('',(-3.2E-1,-1.32E0,-2.64E0));
#13046=LINE('',#13045,#13044);
#13047=CURVE_STYLE('',#16,POSITIVE_LENGTH_MEASURE(2.E-2),#6);
#13048=PRESENTATION_STYLE_ASSIGNMENT((#13047));
#13049=STYLED_ITEM('',(#13048),#13046);
#13050=DIRECTION('',(-1.E0,0.E0,0.E0));
#13051=VECTOR('',#13050,6.4E-1);
#13052=CARTESIAN_POINT('',(3.2E-1,-3.2E-1,-1.64E0));
#13053=LINE('',#13052,#13051);
#13054=CURVE_STYLE('',#16,POSITIVE_LENGTH_MEASURE(2.E-2),#6);
#13055=PRESENTATION_STYLE_ASSIGNMENT((#13054));
#13056=STYLED_ITEM('',(#13055),#13053);
#13057=CARTESIAN_POINT('',(3.2E-1,-1.32E0,-1.64E0));
#13058=DIRECTION('',(-1.E0,0.E0,0.E0));
#13059=DIRECTION('',(0.E0,1.E0,0.E0));
#13060=AXIS2_PLACEMENT_3D('',#13057,#13058,#13059);
#13062=CURVE_STYLE('',#16,POSITIVE_LENGTH_MEASURE(2.E-2),#6);
#13063=PRESENTATION_STYLE_ASSIGNMENT((#13062));
#13064=STYLED_ITEM('',(#13063),#13061);
#13065=DIRECTION('',(-1.E0,0.E0,0.E0));
#13066=VECTOR('',#13065,6.4E-1);
#13067=CARTESIAN_POINT('',(3.2E-1,-1.32E0,-2.64E0));
#13068=LINE('',#13067,#13066);
#13069=CURVE_STYLE('',#16,POSITIVE_LENGTH_MEASURE(2.E-2),#6);
#13070=PRESENTATION_STYLE_ASSIGNMENT((#13069));
#13071=STYLED_ITEM('',(#13070),#13068);
#13072=DIRECTION('',(0.E0,-1.E0,0.E0));
#13073=VECTOR('',#13072,2.733493649054E0);
#13074=CARTESIAN_POINT('',(3.2E-1,-1.32E0,-2.64E0));
#13075=LINE('',#13074,#13073);
#13076=CURVE_STYLE('',#16,POSITIVE_LENGTH_MEASURE(2.E-2),#6);
#13077=PRESENTATION_STYLE_ASSIGNMENT((#13076));
#13078=STYLED_ITEM('',(#13077),#13075);
#13079=DIRECTION('',(-1.E0,0.E0,0.E0));
#13080=VECTOR('',#13079,3.9E-1);
#13081=CARTESIAN_POINT('',(1.95E-1,-4.27E0,-2.765E0));
#13082=LINE('',#13081,#13080);
#13083=CURVE_STYLE('',#16,POSITIVE_LENGTH_MEASURE(2.E-2),#6);
#13084=PRESENTATION_STYLE_ASSIGNMENT((#13083));
#13085=STYLED_ITEM('',(#13084),#13082);
#13086=DIRECTION('',(-4.472135955E-1,7.745966692415E-1,4.472135955E-1));
#13087=VECTOR('',#13086,2.795084971875E-1);
#13088=CARTESIAN_POINT('',(-1.95E-1,-4.27E0,-2.765E0));
#13089=LINE('',#13088,#13087);
#13090=CURVE_STYLE('',#16,POSITIVE_LENGTH_MEASURE(2.E-2),#6);
#13091=PRESENTATION_STYLE_ASSIGNMENT((#13090));
#13092=STYLED_ITEM('',(#13091),#13089);
#13093=DIRECTION('',(-1.E0,0.E0,0.E0));
#13094=VECTOR('',#13093,6.4E-1);
#13095=CARTESIAN_POINT('',(3.2E-1,-4.053493649054E0,-2.64E0));
#13096=LINE('',#13095,#13094);
#13097=CURVE_STYLE('',#16,POSITIVE_LENGTH_MEASURE(2.E-2),#6);
#13098=PRESENTATION_STYLE_ASSIGNMENT((#13097));
#13099=STYLED_ITEM('',(#13098),#13096);
#13100=DIRECTION('',(4.472135955E-1,7.745966692415E-1,4.472135955E-1));
#13101=VECTOR('',#13100,2.795084971875E-1);
#13102=CARTESIAN_POINT('',(1.95E-1,-4.27E0,-2.765E0));
#13103=LINE('',#13102,#13101);
#13104=CURVE_STYLE('',#16,POSITIVE_LENGTH_MEASURE(2.E-2),#6);
#13105=PRESENTATION_STYLE_ASSIGNMENT((#13104));
#13106=STYLED_ITEM('',(#13105),#13103);
#13107=DIRECTION('',(0.E0,0.E0,1.E0));
#13108=VECTOR('',#13107,3.9E-1);
#13109=CARTESIAN_POINT('',(1.95E-1,-4.27E0,-3.155E0));
#13110=LINE('',#13109,#13108);
#13111=CURVE_STYLE('',#16,POSITIVE_LENGTH_MEASURE(2.E-2),#6);
#13112=PRESENTATION_STYLE_ASSIGNMENT((#13111));
#13113=STYLED_ITEM('',(#13112),#13110);
#13114=DIRECTION('',(0.E0,0.E0,1.E0));
#13115=VECTOR('',#13114,6.4E-1);
#13116=CARTESIAN_POINT('',(3.2E-1,-4.053493649054E0,-3.28E0));
#13117=LINE('',#13116,#13115);
#13118=CURVE_STYLE('',#16,POSITIVE_LENGTH_MEASURE(2.E-2),#6);
#13119=PRESENTATION_STYLE_ASSIGNMENT((#13118));
#13120=STYLED_ITEM('',(#13119),#13117);
#13121=DIRECTION('',(1.E0,0.E0,0.E0));
#13122=VECTOR('',#13121,3.9E-1);
#13123=CARTESIAN_POINT('',(-1.95E-1,-4.27E0,-3.155E0));
#13124=LINE('',#13123,#13122);
#13125=CURVE_STYLE('',#16,POSITIVE_LENGTH_MEASURE(2.E-2),#6);
#13126=PRESENTATION_STYLE_ASSIGNMENT((#13125));
#13127=STYLED_ITEM('',(#13126),#13124);
#13128=DIRECTION('',(4.472135955E-1,7.745966692415E-1,-4.472135955E-1));
#13129=VECTOR('',#13128,2.795084971875E-1);
#13130=CARTESIAN_POINT('',(1.95E-1,-4.27E0,-3.155E0));
#13131=LINE('',#13130,#13129);
#13132=CURVE_STYLE('',#16,POSITIVE_LENGTH_MEASURE(2.E-2),#6);
#13133=PRESENTATION_STYLE_ASSIGNMENT((#13132));
#13134=STYLED_ITEM('',(#13133),#13131);
#13135=DIRECTION('',(1.E0,0.E0,0.E0));
#13136=VECTOR('',#13135,6.4E-1);
#13137=CARTESIAN_POINT('',(-3.2E-1,-4.053493649054E0,-3.28E0));
#13138=LINE('',#13137,#13136);
#13139=CURVE_STYLE('',#16,POSITIVE_LENGTH_MEASURE(2.E-2),#6);
#13140=PRESENTATION_STYLE_ASSIGNMENT((#13139));
#13141=STYLED_ITEM('',(#13140),#13138);
#13142=DIRECTION('',(1.E0,1.075528555106E-14,0.E0));
#13143=VECTOR('',#13142,6.4E-1);
#13144=CARTESIAN_POINT('',(-3.2E-1,-1.32E0,-3.28E0));
#13145=LINE('',#13144,#13143);
#13146=CURVE_STYLE('',#16,POSITIVE_LENGTH_MEASURE(2.E-2),#6);
#13147=PRESENTATION_STYLE_ASSIGNMENT((#13146));
#13148=STYLED_ITEM('',(#13147),#13145);
#13149=DIRECTION('',(0.E0,-1.E0,0.E0));
#13150=VECTOR('',#13149,2.733493649054E0);
#13151=CARTESIAN_POINT('',(-3.2E-1,-1.32E0,-3.28E0));
#13152=LINE('',#13151,#13150);
#13153=CURVE_STYLE('',#16,POSITIVE_LENGTH_MEASURE(2.E-2),#6);
#13154=PRESENTATION_STYLE_ASSIGNMENT((#13153));
#13155=STYLED_ITEM('',(#13154),#13152);
#13156=DIRECTION('',(1.E0,0.E0,0.E0));
#13157=VECTOR('',#13156,6.4E-1);
#13158=CARTESIAN_POINT('',(-3.2E-1,3.2E-1,-1.64E0));
#13159=LINE('',#13158,#13157);
#13160=CURVE_STYLE('',#16,POSITIVE_LENGTH_MEASURE(2.E-2),#6);
#13161=PRESENTATION_STYLE_ASSIGNMENT((#13160));
#13162=STYLED_ITEM('',(#13161),#13159);
#13163=CARTESIAN_POINT('',(-3.2E-1,-1.32E0,-1.64E0));
#13164=DIRECTION('',(-1.E0,0.E0,0.E0));
#13165=DIRECTION('',(0.E0,1.E0,0.E0));
#13166=AXIS2_PLACEMENT_3D('',#13163,#13164,#13165);
#13168=CURVE_STYLE('',#16,POSITIVE_LENGTH_MEASURE(2.E-2),#6);
#13169=PRESENTATION_STYLE_ASSIGNMENT((#13168));
#13170=STYLED_ITEM('',(#13169),#13167);
#13171=DIRECTION('',(0.E0,0.E0,-1.E0));
#13172=VECTOR('',#13171,3.9E-1);
#13173=CARTESIAN_POINT('',(-1.95E-1,-4.27E0,-2.765E0));
#13174=LINE('',#13173,#13172);
#13175=CURVE_STYLE('',#16,POSITIVE_LENGTH_MEASURE(2.E-2),#6);
#13176=PRESENTATION_STYLE_ASSIGNMENT((#13175));
#13177=STYLED_ITEM('',(#13176),#13174);
#13178=DIRECTION('',(-4.472135955E-1,7.745966692415E-1,-4.472135955E-1));
#13179=VECTOR('',#13178,2.795084971875E-1);
#13180=CARTESIAN_POINT('',(-1.95E-1,-4.27E0,-3.155E0));
#13181=LINE('',#13180,#13179);
#13182=CURVE_STYLE('',#16,POSITIVE_LENGTH_MEASURE(2.E-2),#6);
#13183=PRESENTATION_STYLE_ASSIGNMENT((#13182));
#13184=STYLED_ITEM('',(#13183),#13181);
#13185=DIRECTION('',(0.E0,0.E0,-1.E0));
#13186=VECTOR('',#13185,6.4E-1);
#13187=CARTESIAN_POINT('',(-3.2E-1,-4.053493649054E0,-2.64E0));
#13188=LINE('',#13187,#13186);
#13189=CURVE_STYLE('',#16,POSITIVE_LENGTH_MEASURE(2.E-2),#6);
#13190=PRESENTATION_STYLE_ASSIGNMENT((#13189));
#13191=STYLED_ITEM('',(#13190),#13188);
#13192=CARTESIAN_POINT('',(3.2E-1,-3.2E-1,-1.64E0));
#13193=CARTESIAN_POINT('',(-3.2E-1,-3.2E-1,-1.64E0));
#13194=VERTEX_POINT('',#13192);
#13195=VERTEX_POINT('',#13193);
#13196=CARTESIAN_POINT('',(-3.2E-1,3.2E-1,-1.64E0));
#13197=CARTESIAN_POINT('',(3.2E-1,3.2E-1,-1.64E0));
#13198=VERTEX_POINT('',#13196);
#13199=VERTEX_POINT('',#13197);
#13200=CARTESIAN_POINT('',(3.2E-1,-1.32E0,-2.64E0));
#13201=CARTESIAN_POINT('',(-3.2E-1,-1.32E0,-2.64E0));
#13202=VERTEX_POINT('',#13200);
#13203=VERTEX_POINT('',#13201);
#13204=CARTESIAN_POINT('',(-3.2E-1,-1.32E0,-3.28E0));
#13205=CARTESIAN_POINT('',(3.2E-1,-1.32E0,-3.28E0));
#13206=VERTEX_POINT('',#13204);
#13207=VERTEX_POINT('',#13205);
#13208=CARTESIAN_POINT('',(-1.95E-1,1.95E-1,6.74E0));
#13209=CARTESIAN_POINT('',(1.95E-1,1.95E-1,6.74E0));
#13210=VERTEX_POINT('',#13208);
#13211=VERTEX_POINT('',#13209);
#13212=CARTESIAN_POINT('',(1.95E-1,-1.95E-1,6.74E0));
#13213=VERTEX_POINT('',#13212);
#13214=CARTESIAN_POINT('',(-1.95E-1,-1.95E-1,6.74E0));
#13215=VERTEX_POINT('',#13214);
#13216=CARTESIAN_POINT('',(1.95E-1,-4.27E0,-3.155E0));
#13217=CARTESIAN_POINT('',(1.95E-1,-4.27E0,-2.765E0));
#13218=VERTEX_POINT('',#13216);
#13219=VERTEX_POINT('',#13217);
#13220=CARTESIAN_POINT('',(3.2E-1,-4.053493649054E0,-3.28E0));
#13221=CARTESIAN_POINT('',(3.2E-1,-4.053493649054E0,-2.64E0));
#13222=VERTEX_POINT('',#13220);
#13223=VERTEX_POINT('',#13221);
#13224=CARTESIAN_POINT('',(-1.95E-1,-4.27E0,-3.155E0));
#13225=VERTEX_POINT('',#13224);
#13226=CARTESIAN_POINT('',(-3.2E-1,-4.053493649054E0,-3.28E0));
#13227=VERTEX_POINT('',#13226);
#13228=CARTESIAN_POINT('',(-1.95E-1,-4.27E0,-2.765E0));
#13229=VERTEX_POINT('',#13228);
#13230=CARTESIAN_POINT('',(-3.2E-1,-4.053493649054E0,-2.64E0));
#13231=VERTEX_POINT('',#13230);
#13232=CARTESIAN_POINT('',(3.185E-1,3.185E-1,9.4E-1));
#13233=CARTESIAN_POINT('',(-3.185E-1,3.185E-1,9.4E-1));
#13234=VERTEX_POINT('',#13232);
#13235=VERTEX_POINT('',#13233);
#13236=CARTESIAN_POINT('',(3.185E-1,-3.185E-1,9.4E-1));
#13237=VERTEX_POINT('',#13236);
#13238=CARTESIAN_POINT('',(-3.185E-1,-3.185E-1,9.4E-1));
#13239=VERTEX_POINT('',#13238);
#13240=CARTESIAN_POINT('',(-3.185E-1,3.185E-1,6.526091725265E0));
#13241=CARTESIAN_POINT('',(3.185E-1,3.185E-1,6.526091725265E0));
#13242=VERTEX_POINT('',#13240);
#13243=VERTEX_POINT('',#13241);
#13244=CARTESIAN_POINT('',(3.185E-1,-3.185E-1,6.526091725265E0));
#13245=VERTEX_POINT('',#13244);
#13246=CARTESIAN_POINT('',(-3.185E-1,-3.185E-1,6.526091725265E0));
#13247=VERTEX_POINT('',#13246);
#13248=CARTESIAN_POINT('',(3.2E-1,-3.2E-1,9.4E-1));
#13249=CARTESIAN_POINT('',(-3.2E-1,-3.2E-1,9.4E-1));
#13250=VERTEX_POINT('',#13248);
#13251=VERTEX_POINT('',#13249);
#13252=CARTESIAN_POINT('',(-3.2E-1,3.2E-1,9.4E-1));
#13253=VERTEX_POINT('',#13252);
#13254=CARTESIAN_POINT('',(3.2E-1,3.2E-1,9.4E-1));
#13255=VERTEX_POINT('',#13254);
#13256=CARTESIAN_POINT('',(0.E0,0.E0,6.74E0));
#13257=DIRECTION('',(0.E0,0.E0,-1.E0));
#13258=DIRECTION('',(0.E0,1.E0,0.E0));
#13259=AXIS2_PLACEMENT_3D('',#13256,#13257,#13258);
#13260=PLANE('',#13259);
#13262=ORIENTED_EDGE('',*,*,#13261,.T.);
#13264=ORIENTED_EDGE('',*,*,#13263,.T.);
#13266=ORIENTED_EDGE('',*,*,#13265,.T.);
#13268=ORIENTED_EDGE('',*,*,#13267,.T.);
#13269=EDGE_LOOP('',(#13262,#13264,#13266,#13268));
#13270=FACE_OUTER_BOUND('',#13269,.F.);
#13271=ADVANCED_FACE('',(#13270),#13260,.F.);
#13272=FILL_AREA_STYLE_COLOUR('',#10);
#13273=FILL_AREA_STYLE('',(#13272));
#13274=SURFACE_STYLE_FILL_AREA(#13273);
#13275=SURFACE_SIDE_STYLE('',(#13274));
#13276=SURFACE_STYLE_USAGE(.POSITIVE.,#13275);
#13277=FILL_AREA_STYLE_COLOUR('',#6);
#13278=FILL_AREA_STYLE('',(#13277));
#13279=SURFACE_STYLE_FILL_AREA(#13278);
#13280=SURFACE_SIDE_STYLE('',(#13279));
#13281=SURFACE_STYLE_USAGE(.NEGATIVE.,#13280);
#13282=PRESENTATION_STYLE_ASSIGNMENT((#13276,#13281));
#13283=OVER_RIDING_STYLED_ITEM('',(#13282),#13271,#12823);
#13284=CARTESIAN_POINT('',(3.2E-1,-1.95E-1,6.74E0));
#13285=DIRECTION('',(0.E0,-8.660254037844E-1,5.E-1));
#13286=DIRECTION('',(-1.E0,0.E0,0.E0));
#13287=AXIS2_PLACEMENT_3D('',#13284,#13285,#13286);
#13288=PLANE('',#13287);
#13290=ORIENTED_EDGE('',*,*,#13289,.T.);
#13292=ORIENTED_EDGE('',*,*,#13291,.F.);
#13293=ORIENTED_EDGE('',*,*,#13261,.F.);
#13295=ORIENTED_EDGE('',*,*,#13294,.T.);
#13296=EDGE_LOOP('',(#13290,#13292,#13293,#13295));
#13297=FACE_OUTER_BOUND('',#13296,.F.);
#13298=ADVANCED_FACE('',(#13297),#13288,.T.);
#13299=FILL_AREA_STYLE_COLOUR('',#10);
#13300=FILL_AREA_STYLE('',(#13299));
#13301=SURFACE_STYLE_FILL_AREA(#13300);
#13302=SURFACE_SIDE_STYLE('',(#13301));
#13303=SURFACE_STYLE_USAGE(.POSITIVE.,#13302);
#13304=FILL_AREA_STYLE_COLOUR('',#6);
#13305=FILL_AREA_STYLE('',(#13304));
#13306=SURFACE_STYLE_FILL_AREA(#13305);
#13307=SURFACE_SIDE_STYLE('',(#13306));
#13308=SURFACE_STYLE_USAGE(.NEGATIVE.,#13307);
#13309=PRESENTATION_STYLE_ASSIGNMENT((#13303,#13308));
#13310=OVER_RIDING_STYLED_ITEM('',(#13309),#13298,#12823);
#13311=CARTESIAN_POINT('',(3.185E-1,-3.185E-1,6.74E0));
#13312=DIRECTION('',(0.E0,1.E0,0.E0));
#13313=DIRECTION('',(-1.E0,0.E0,0.E0));
#13314=AXIS2_PLACEMENT_3D('',#13311,#13312,#13313);
#13315=PLANE('',#13314);
#13316=ORIENTED_EDGE('',*,*,#13289,.F.);
#13318=ORIENTED_EDGE('',*,*,#13317,.T.);
#13320=ORIENTED_EDGE('',*,*,#13319,.F.);
#13322=ORIENTED_EDGE('',*,*,#13321,.F.);
#13323=EDGE_LOOP('',(#13316,#13318,#13320,#13322));
#13324=FACE_OUTER_BOUND('',#13323,.F.);
#13325=ADVANCED_FACE('',(#13324),#13315,.F.);
#13326=FILL_AREA_STYLE_COLOUR('',#10);
#13327=FILL_AREA_STYLE('',(#13326));
#13328=SURFACE_STYLE_FILL_AREA(#13327);
#13329=SURFACE_SIDE_STYLE('',(#13328));
#13330=SURFACE_STYLE_USAGE(.POSITIVE.,#13329);
#13331=FILL_AREA_STYLE_COLOUR('',#6);
#13332=FILL_AREA_STYLE('',(#13331));
#13333=SURFACE_STYLE_FILL_AREA(#13332);
#13334=SURFACE_SIDE_STYLE('',(#13333));
#13335=SURFACE_STYLE_USAGE(.NEGATIVE.,#13334);
#13336=PRESENTATION_STYLE_ASSIGNMENT((#13330,#13335));
#13337=OVER_RIDING_STYLED_ITEM('',(#13336),#13325,#12823);
#13338=CARTESIAN_POINT('',(3.185E-1,3.185E-1,6.74E0));
#13339=DIRECTION('',(-1.E0,0.E0,0.E0));
#13340=DIRECTION('',(0.E0,-1.E0,0.E0));
#13341=AXIS2_PLACEMENT_3D('',#13338,#13339,#13340);
#13342=PLANE('',#13341);
#13344=ORIENTED_EDGE('',*,*,#13343,.F.);
#13346=ORIENTED_EDGE('',*,*,#13345,.T.);
#13348=ORIENTED_EDGE('',*,*,#13347,.F.);
#13349=ORIENTED_EDGE('',*,*,#13317,.F.);
#13350=EDGE_LOOP('',(#13344,#13346,#13348,#13349));
#13351=FACE_OUTER_BOUND('',#13350,.F.);
#13352=ADVANCED_FACE('',(#13351),#13342,.F.);
#13353=FILL_AREA_STYLE_COLOUR('',#10);
#13354=FILL_AREA_STYLE('',(#13353));
#13355=SURFACE_STYLE_FILL_AREA(#13354);
#13356=SURFACE_SIDE_STYLE('',(#13355));
#13357=SURFACE_STYLE_USAGE(.POSITIVE.,#13356);
#13358=FILL_AREA_STYLE_COLOUR('',#6);
#13359=FILL_AREA_STYLE('',(#13358));
#13360=SURFACE_STYLE_FILL_AREA(#13359);
#13361=SURFACE_SIDE_STYLE('',(#13360));
#13362=SURFACE_STYLE_USAGE(.NEGATIVE.,#13361);
#13363=PRESENTATION_STYLE_ASSIGNMENT((#13357,#13362));
#13364=OVER_RIDING_STYLED_ITEM('',(#13363),#13352,#12823);
#13365=CARTESIAN_POINT('',(1.95E-1,3.2E-1,6.74E0));
#13366=DIRECTION('',(8.660254037844E-1,0.E0,5.E-1));
#13367=DIRECTION('',(0.E0,-1.E0,0.E0));
#13368=AXIS2_PLACEMENT_3D('',#13365,#13366,#13367);
#13369=PLANE('',#13368);
#13370=ORIENTED_EDGE('',*,*,#13343,.T.);
#13371=ORIENTED_EDGE('',*,*,#13294,.F.);
#13372=ORIENTED_EDGE('',*,*,#13267,.F.);
#13374=ORIENTED_EDGE('',*,*,#13373,.T.);
#13375=EDGE_LOOP('',(#13370,#13371,#13372,#13374));
#13376=FACE_OUTER_BOUND('',#13375,.F.);
#13377=ADVANCED_FACE('',(#13376),#13369,.T.);
#13378=FILL_AREA_STYLE_COLOUR('',#10);
#13379=FILL_AREA_STYLE('',(#13378));
#13380=SURFACE_STYLE_FILL_AREA(#13379);
#13381=SURFACE_SIDE_STYLE('',(#13380));
#13382=SURFACE_STYLE_USAGE(.POSITIVE.,#13381);
#13383=FILL_AREA_STYLE_COLOUR('',#6);
#13384=FILL_AREA_STYLE('',(#13383));
#13385=SURFACE_STYLE_FILL_AREA(#13384);
#13386=SURFACE_SIDE_STYLE('',(#13385));
#13387=SURFACE_STYLE_USAGE(.NEGATIVE.,#13386);
#13388=PRESENTATION_STYLE_ASSIGNMENT((#13382,#13387));
#13389=OVER_RIDING_STYLED_ITEM('',(#13388),#13377,#12823);
#13390=CARTESIAN_POINT('',(-3.2E-1,1.95E-1,6.74E0));
#13391=DIRECTION('',(0.E0,8.660254037844E-1,5.E-1));
#13392=DIRECTION('',(1.E0,0.E0,0.E0));
#13393=AXIS2_PLACEMENT_3D('',#13390,#13391,#13392);
#13394=PLANE('',#13393);
#13396=ORIENTED_EDGE('',*,*,#13395,.T.);
#13397=ORIENTED_EDGE('',*,*,#13373,.F.);
#13398=ORIENTED_EDGE('',*,*,#13265,.F.);
#13400=ORIENTED_EDGE('',*,*,#13399,.T.);
#13401=EDGE_LOOP('',(#13396,#13397,#13398,#13400));
#13402=FACE_OUTER_BOUND('',#13401,.F.);
#13403=ADVANCED_FACE('',(#13402),#13394,.T.);
#13404=FILL_AREA_STYLE_COLOUR('',#10);
#13405=FILL_AREA_STYLE('',(#13404));
#13406=SURFACE_STYLE_FILL_AREA(#13405);
#13407=SURFACE_SIDE_STYLE('',(#13406));
#13408=SURFACE_STYLE_USAGE(.POSITIVE.,#13407);
#13409=FILL_AREA_STYLE_COLOUR('',#6);
#13410=FILL_AREA_STYLE('',(#13409));
#13411=SURFACE_STYLE_FILL_AREA(#13410);
#13412=SURFACE_SIDE_STYLE('',(#13411));
#13413=SURFACE_STYLE_USAGE(.NEGATIVE.,#13412);
#13414=PRESENTATION_STYLE_ASSIGNMENT((#13408,#13413));
#13415=OVER_RIDING_STYLED_ITEM('',(#13414),#13403,#12823);
#13416=CARTESIAN_POINT('',(-3.185E-1,3.185E-1,6.74E0));
#13417=DIRECTION('',(0.E0,-1.E0,0.E0));
#13418=DIRECTION('',(1.E0,0.E0,0.E0));
#13419=AXIS2_PLACEMENT_3D('',#13416,#13417,#13418);
#13420=PLANE('',#13419);
#13421=ORIENTED_EDGE('',*,*,#13395,.F.);
#13423=ORIENTED_EDGE('',*,*,#13422,.T.);
#13425=ORIENTED_EDGE('',*,*,#13424,.F.);
#13426=ORIENTED_EDGE('',*,*,#13345,.F.);
#13427=EDGE_LOOP('',(#13421,#13423,#13425,#13426));
#13428=FACE_OUTER_BOUND('',#13427,.F.);
#13429=ADVANCED_FACE('',(#13428),#13420,.F.);
#13430=FILL_AREA_STYLE_COLOUR('',#10);
#13431=FILL_AREA_STYLE('',(#13430));
#13432=SURFACE_STYLE_FILL_AREA(#13431);
#13433=SURFACE_SIDE_STYLE('',(#13432));
#13434=SURFACE_STYLE_USAGE(.POSITIVE.,#13433);
#13435=FILL_AREA_STYLE_COLOUR('',#6);
#13436=FILL_AREA_STYLE('',(#13435));
#13437=SURFACE_STYLE_FILL_AREA(#13436);
#13438=SURFACE_SIDE_STYLE('',(#13437));
#13439=SURFACE_STYLE_USAGE(.NEGATIVE.,#13438);
#13440=PRESENTATION_STYLE_ASSIGNMENT((#13434,#13439));
#13441=OVER_RIDING_STYLED_ITEM('',(#13440),#13429,#12823);
#13442=CARTESIAN_POINT('',(-3.185E-1,-3.185E-1,6.74E0));
#13443=DIRECTION('',(1.E0,0.E0,0.E0));
#13444=DIRECTION('',(0.E0,1.E0,0.E0));
#13445=AXIS2_PLACEMENT_3D('',#13442,#13443,#13444);
#13446=PLANE('',#13445);
#13448=ORIENTED_EDGE('',*,*,#13447,.F.);
#13449=ORIENTED_EDGE('',*,*,#13321,.T.);
#13451=ORIENTED_EDGE('',*,*,#13450,.F.);
#13452=ORIENTED_EDGE('',*,*,#13422,.F.);
#13453=EDGE_LOOP('',(#13448,#13449,#13451,#13452));
#13454=FACE_OUTER_BOUND('',#13453,.F.);
#13455=ADVANCED_FACE('',(#13454),#13446,.F.);
#13456=FILL_AREA_STYLE_COLOUR('',#10);
#13457=FILL_AREA_STYLE('',(#13456));
#13458=SURFACE_STYLE_FILL_AREA(#13457);
#13459=SURFACE_SIDE_STYLE('',(#13458));
#13460=SURFACE_STYLE_USAGE(.POSITIVE.,#13459);
#13461=FILL_AREA_STYLE_COLOUR('',#6);
#13462=FILL_AREA_STYLE('',(#13461));
#13463=SURFACE_STYLE_FILL_AREA(#13462);
#13464=SURFACE_SIDE_STYLE('',(#13463));
#13465=SURFACE_STYLE_USAGE(.NEGATIVE.,#13464);
#13466=PRESENTATION_STYLE_ASSIGNMENT((#13460,#13465));
#13467=OVER_RIDING_STYLED_ITEM('',(#13466),#13455,#12823);
#13468=CARTESIAN_POINT('',(-1.95E-1,-3.2E-1,6.74E0));
#13469=DIRECTION('',(-8.660254037844E-1,0.E0,5.E-1));
#13470=DIRECTION('',(0.E0,1.E0,0.E0));
#13471=AXIS2_PLACEMENT_3D('',#13468,#13469,#13470);
#13472=PLANE('',#13471);
#13473=ORIENTED_EDGE('',*,*,#13447,.T.);
#13474=ORIENTED_EDGE('',*,*,#13399,.F.);
#13475=ORIENTED_EDGE('',*,*,#13263,.F.);
#13476=ORIENTED_EDGE('',*,*,#13291,.T.);
#13477=EDGE_LOOP('',(#13473,#13474,#13475,#13476));
#13478=FACE_OUTER_BOUND('',#13477,.F.);
#13479=ADVANCED_FACE('',(#13478),#13472,.T.);
#13480=FILL_AREA_STYLE_COLOUR('',#10);
#13481=FILL_AREA_STYLE('',(#13480));
#13482=SURFACE_STYLE_FILL_AREA(#13481);
#13483=SURFACE_SIDE_STYLE('',(#13482));
#13484=SURFACE_STYLE_USAGE(.POSITIVE.,#13483);
#13485=FILL_AREA_STYLE_COLOUR('',#6);
#13486=FILL_AREA_STYLE('',(#13485));
#13487=SURFACE_STYLE_FILL_AREA(#13486);
#13488=SURFACE_SIDE_STYLE('',(#13487));
#13489=SURFACE_STYLE_USAGE(.NEGATIVE.,#13488);
#13490=PRESENTATION_STYLE_ASSIGNMENT((#13484,#13489));
#13491=OVER_RIDING_STYLED_ITEM('',(#13490),#13479,#12823);
#13492=CARTESIAN_POINT('',(0.E0,0.E0,9.4E-1));
#13493=DIRECTION('',(0.E0,0.E0,1.E0));
#13494=DIRECTION('',(1.E0,0.E0,0.E0));
#13495=AXIS2_PLACEMENT_3D('',#13492,#13493,#13494);
#13496=PLANE('',#13495);
#13498=ORIENTED_EDGE('',*,*,#13497,.T.);
#13500=ORIENTED_EDGE('',*,*,#13499,.T.);
#13502=ORIENTED_EDGE('',*,*,#13501,.T.);
#13504=ORIENTED_EDGE('',*,*,#13503,.T.);
#13505=EDGE_LOOP('',(#13498,#13500,#13502,#13504));
#13506=FACE_OUTER_BOUND('',#13505,.F.);
#13507=ORIENTED_EDGE('',*,*,#13424,.T.);
#13508=ORIENTED_EDGE('',*,*,#13450,.T.);
#13509=ORIENTED_EDGE('',*,*,#13319,.T.);
#13510=ORIENTED_EDGE('',*,*,#13347,.T.);
#13511=EDGE_LOOP('',(#13507,#13508,#13509,#13510));
#13512=FACE_BOUND('',#13511,.F.);
#13513=ADVANCED_FACE('',(#13506,#13512),#13496,.T.);
#13514=CARTESIAN_POINT('',(3.2E-1,-3.2E-1,6.74E0));
#13515=DIRECTION('',(0.E0,-1.E0,0.E0));
#13516=DIRECTION('',(-1.E0,0.E0,0.E0));
#13517=AXIS2_PLACEMENT_3D('',#13514,#13515,#13516);
#13518=PLANE('',#13517);
#13519=ORIENTED_EDGE('',*,*,#13497,.F.);
#13521=ORIENTED_EDGE('',*,*,#13520,.T.);
#13523=ORIENTED_EDGE('',*,*,#13522,.T.);
#13525=ORIENTED_EDGE('',*,*,#13524,.F.);
#13526=EDGE_LOOP('',(#13519,#13521,#13523,#13525));
#13527=FACE_OUTER_BOUND('',#13526,.F.);
#13528=ADVANCED_FACE('',(#13527),#13518,.T.);
#13529=CARTESIAN_POINT('',(3.2E-1,3.2E-1,6.74E0));
#13530=DIRECTION('',(1.E0,0.E0,0.E0));
#13531=DIRECTION('',(0.E0,-1.E0,0.E0));
#13532=AXIS2_PLACEMENT_3D('',#13529,#13530,#13531);
#13533=PLANE('',#13532);
#13534=ORIENTED_EDGE('',*,*,#13503,.F.);
#13536=ORIENTED_EDGE('',*,*,#13535,.T.);
#13538=ORIENTED_EDGE('',*,*,#13537,.T.);
#13540=ORIENTED_EDGE('',*,*,#13539,.T.);
#13542=ORIENTED_EDGE('',*,*,#13541,.T.);
#13544=ORIENTED_EDGE('',*,*,#13543,.F.);
#13546=ORIENTED_EDGE('',*,*,#13545,.F.);
#13547=ORIENTED_EDGE('',*,*,#13520,.F.);
#13548=EDGE_LOOP('',(#13534,#13536,#13538,#13540,#13542,#13544,#13546,#13547));
#13549=FACE_OUTER_BOUND('',#13548,.F.);
#13550=ADVANCED_FACE('',(#13549),#13533,.T.);
#13551=CARTESIAN_POINT('',(-3.2E-1,3.2E-1,6.74E0));
#13552=DIRECTION('',(0.E0,1.E0,0.E0));
#13553=DIRECTION('',(1.E0,0.E0,0.E0));
#13554=AXIS2_PLACEMENT_3D('',#13551,#13552,#13553);
#13555=PLANE('',#13554);
#13556=ORIENTED_EDGE('',*,*,#13501,.F.);
#13558=ORIENTED_EDGE('',*,*,#13557,.T.);
#13560=ORIENTED_EDGE('',*,*,#13559,.T.);
#13561=ORIENTED_EDGE('',*,*,#13535,.F.);
#13562=EDGE_LOOP('',(#13556,#13558,#13560,#13561));
#13563=FACE_OUTER_BOUND('',#13562,.F.);
#13564=ADVANCED_FACE('',(#13563),#13555,.T.);
#13565=CARTESIAN_POINT('',(-3.2E-1,-3.2E-1,6.74E0));
#13566=DIRECTION('',(-1.E0,0.E0,0.E0));
#13567=DIRECTION('',(0.E0,1.E0,0.E0));
#13568=AXIS2_PLACEMENT_3D('',#13565,#13566,#13567);
#13569=PLANE('',#13568);
#13570=ORIENTED_EDGE('',*,*,#13499,.F.);
#13571=ORIENTED_EDGE('',*,*,#13524,.T.);
#13573=ORIENTED_EDGE('',*,*,#13572,.T.);
#13575=ORIENTED_EDGE('',*,*,#13574,.T.);
#13577=ORIENTED_EDGE('',*,*,#13576,.T.);
#13579=ORIENTED_EDGE('',*,*,#13578,.F.);
#13581=ORIENTED_EDGE('',*,*,#13580,.F.);
#13582=ORIENTED_EDGE('',*,*,#13557,.F.);
#13583=EDGE_LOOP('',(#13570,#13571,#13573,#13575,#13577,#13579,#13581,#13582));
#13584=FACE_OUTER_BOUND('',#13583,.F.);
#13585=ADVANCED_FACE('',(#13584),#13569,.T.);
#13586=CARTESIAN_POINT('',(1.E0,-1.32E0,-1.64E0));
#13587=DIRECTION('',(-1.E0,0.E0,0.E0));
#13588=DIRECTION('',(0.E0,-1.E0,0.E0));
#13589=AXIS2_PLACEMENT_3D('',#13586,#13587,#13588);
#13590=CYLINDRICAL_SURFACE('',#13589,1.E0);
#13591=ORIENTED_EDGE('',*,*,#13522,.F.);
#13592=ORIENTED_EDGE('',*,*,#13545,.T.);
#13594=ORIENTED_EDGE('',*,*,#13593,.T.);
#13595=ORIENTED_EDGE('',*,*,#13572,.F.);
#13596=EDGE_LOOP('',(#13591,#13592,#13594,#13595));
#13597=FACE_OUTER_BOUND('',#13596,.F.);
#13598=ADVANCED_FACE('',(#13597),#13590,.F.);
#13599=CARTESIAN_POINT('',(3.2E-1,-1.32E0,-2.64E0));
#13600=DIRECTION('',(0.E0,0.E0,1.E0));
#13601=DIRECTION('',(-1.E0,0.E0,0.E0));
#13602=AXIS2_PLACEMENT_3D('',#13599,#13600,#13601);
#13603=PLANE('',#13602);
#13604=ORIENTED_EDGE('',*,*,#13593,.F.);
#13605=ORIENTED_EDGE('',*,*,#13543,.T.);
#13607=ORIENTED_EDGE('',*,*,#13606,.T.);
#13608=ORIENTED_EDGE('',*,*,#13574,.F.);
#13609=EDGE_LOOP('',(#13604,#13605,#13607,#13608));
#13610=FACE_OUTER_BOUND('',#13609,.F.);
#13611=ADVANCED_FACE('',(#13610),#13603,.T.);
#13612=CARTESIAN_POINT('',(3.2E-1,-4.27E0,-2.765E0));
#13613=DIRECTION('',(0.E0,5.E-1,-8.660254037844E-1));
#13614=DIRECTION('',(-1.E0,0.E0,0.E0));
#13615=AXIS2_PLACEMENT_3D('',#13612,#13613,#13614);
#13616=PLANE('',#13615);
#13618=ORIENTED_EDGE('',*,*,#13617,.T.);
#13620=ORIENTED_EDGE('',*,*,#13619,.T.);
#13621=ORIENTED_EDGE('',*,*,#13606,.F.);
#13623=ORIENTED_EDGE('',*,*,#13622,.F.);
#13624=EDGE_LOOP('',(#13618,#13620,#13621,#13623));
#13625=FACE_OUTER_BOUND('',#13624,.F.);
#13626=ADVANCED_FACE('',(#13625),#13616,.F.);
#13627=CARTESIAN_POINT('',(0.E0,-4.27E0,-2.96E0));
#13628=DIRECTION('',(0.E0,-1.E0,0.E0));
#13629=DIRECTION('',(0.E0,0.E0,-1.E0));
#13630=AXIS2_PLACEMENT_3D('',#13627,#13628,#13629);
#13631=PLANE('',#13630);
#13632=ORIENTED_EDGE('',*,*,#13617,.F.);
#13634=ORIENTED_EDGE('',*,*,#13633,.F.);
#13636=ORIENTED_EDGE('',*,*,#13635,.F.);
#13638=ORIENTED_EDGE('',*,*,#13637,.F.);
#13639=EDGE_LOOP('',(#13632,#13634,#13636,#13638));
#13640=FACE_OUTER_BOUND('',#13639,.F.);
#13641=ADVANCED_FACE('',(#13640),#13631,.T.);
#13642=CARTESIAN_POINT('',(1.95E-1,-4.27E0,-3.28E0));
#13643=DIRECTION('',(-8.660254037844E-1,5.E-1,0.E0));
#13644=DIRECTION('',(0.E0,0.E0,1.E0));
#13645=AXIS2_PLACEMENT_3D('',#13642,#13643,#13644);
#13646=PLANE('',#13645);
#13647=ORIENTED_EDGE('',*,*,#13633,.T.);
#13648=ORIENTED_EDGE('',*,*,#13622,.T.);
#13649=ORIENTED_EDGE('',*,*,#13541,.F.);
#13651=ORIENTED_EDGE('',*,*,#13650,.F.);
#13652=EDGE_LOOP('',(#13647,#13648,#13649,#13651));
#13653=FACE_OUTER_BOUND('',#13652,.F.);
#13654=ADVANCED_FACE('',(#13653),#13646,.F.);
#13655=CARTESIAN_POINT('',(-3.2E-1,-4.27E0,-3.155E0));
#13656=DIRECTION('',(0.E0,5.E-1,8.660254037844E-1));
#13657=DIRECTION('',(1.E0,0.E0,0.E0));
#13658=AXIS2_PLACEMENT_3D('',#13655,#13656,#13657);
#13659=PLANE('',#13658);
#13660=ORIENTED_EDGE('',*,*,#13635,.T.);
#13661=ORIENTED_EDGE('',*,*,#13650,.T.);
#13663=ORIENTED_EDGE('',*,*,#13662,.F.);
#13665=ORIENTED_EDGE('',*,*,#13664,.F.);
#13666=EDGE_LOOP('',(#13660,#13661,#13663,#13665));
#13667=FACE_OUTER_BOUND('',#13666,.F.);
#13668=ADVANCED_FACE('',(#13667),#13659,.F.);
#13669=CARTESIAN_POINT('',(-3.2E-1,-1.32E0,-3.28E0));
#13670=DIRECTION('',(0.E0,0.E0,-1.E0));
#13671=DIRECTION('',(1.E0,0.E0,0.E0));
#13672=AXIS2_PLACEMENT_3D('',#13669,#13670,#13671);
#13673=PLANE('',#13672);
#13675=ORIENTED_EDGE('',*,*,#13674,.F.);
#13676=ORIENTED_EDGE('',*,*,#13578,.T.);
#13677=ORIENTED_EDGE('',*,*,#13662,.T.);
#13678=ORIENTED_EDGE('',*,*,#13539,.F.);
#13679=EDGE_LOOP('',(#13675,#13676,#13677,#13678));
#13680=FACE_OUTER_BOUND('',#13679,.F.);
#13681=ADVANCED_FACE('',(#13680),#13673,.T.);
#13682=CARTESIAN_POINT('',(1.E0,-1.32E0,-1.64E0));
#13683=DIRECTION('',(-1.E0,0.E0,0.E0));
#13684=DIRECTION('',(0.E0,-1.E0,0.E0));
#13685=AXIS2_PLACEMENT_3D('',#13682,#13683,#13684);
#13686=CYLINDRICAL_SURFACE('',#13685,1.64E0);
#13687=ORIENTED_EDGE('',*,*,#13559,.F.);
#13688=ORIENTED_EDGE('',*,*,#13580,.T.);
#13689=ORIENTED_EDGE('',*,*,#13674,.T.);
#13690=ORIENTED_EDGE('',*,*,#13537,.F.);
#13691=EDGE_LOOP('',(#13687,#13688,#13689,#13690));
#13692=FACE_OUTER_BOUND('',#13691,.F.);
#13693=ADVANCED_FACE('',(#13692),#13686,.T.);
#13694=CARTESIAN_POINT('',(-1.95E-1,-4.27E0,-2.64E0));
#13695=DIRECTION('',(8.660254037844E-1,5.E-1,0.E0));
#13696=DIRECTION('',(0.E0,0.E0,-1.E0));
#13697=AXIS2_PLACEMENT_3D('',#13694,#13695,#13696);
#13698=PLANE('',#13697);
#13699=ORIENTED_EDGE('',*,*,#13637,.T.);
#13700=ORIENTED_EDGE('',*,*,#13664,.T.);
#13701=ORIENTED_EDGE('',*,*,#13576,.F.);
#13702=ORIENTED_EDGE('',*,*,#13619,.F.);
#13703=EDGE_LOOP('',(#13699,#13700,#13701,#13702));
#13704=FACE_OUTER_BOUND('',#13703,.F.);
#13705=ADVANCED_FACE('',(#13704),#13698,.F.);
#13706=CLOSED_SHELL('',(#13271,#13298,#13325,#13352,#13377,#13403,#13429,#13455,
#13479,#13513,#13528,#13550,#13564,#13585,#13598,#13611,#13626,#13641,#13654,
#13668,#13681,#13693,#13705));
#13707=MANIFOLD_SOLID_BREP('',#13706);
#13708=FILL_AREA_STYLE_COLOUR('',#6);
#13709=FILL_AREA_STYLE('',(#13708));
#13710=SURFACE_STYLE_FILL_AREA(#13709);
#13711=SURFACE_SIDE_STYLE('',(#13710));
#13712=SURFACE_STYLE_USAGE(.BOTH.,#13711);
#13713=PRESENTATION_STYLE_ASSIGNMENT((#13712));
#12823=STYLED_ITEM('',(#13713),#13707);
#13715=DIMENSIONAL_EXPONENTS(0.E0,0.E0,0.E0,0.E0,0.E0,0.E0,0.E0);
#13717=PLANE_ANGLE_MEASURE_WITH_UNIT(PLANE_ANGLE_MEASURE(1.745329251994E-2),
#13716);
#13718=(CONVERSION_BASED_UNIT('DEGREE',#13717)NAMED_UNIT(*)PLANE_ANGLE_UNIT());
#13720=UNCERTAINTY_MEASURE_WITH_UNIT(LENGTH_MEASURE(1.149222492241E-3),#13714,
'closure',
'Maximum model space distance between geometric entities at asserted connectivities');
#13721=(GEOMETRIC_REPRESENTATION_CONTEXT(3)GLOBAL_UNCERTAINTY_ASSIGNED_CONTEXT((
#13720))GLOBAL_UNIT_ASSIGNED_CONTEXT((#13714,#13718,#13719))REPRESENTATION_CONTEXT('ID2','3'));
#13722=CARTESIAN_POINT('',(0.E0,0.E0,0.E0));
#13723=DIRECTION('',(0.E0,0.E0,1.E0));
#13724=DIRECTION('',(1.E0,0.E0,0.E0));
#13727=MECHANICAL_CONTEXT('',#12802,'mechanical');
#13728=PRODUCT('M20-974-PIN1','M20-974-PIN1','NOT SPECIFIED',(#13727));
#13729=PRODUCT_DEFINITION_FORMATION_WITH_SPECIFIED_SOURCE('5','LAST_VERSION',
#13728,.MADE.);
#13735=CARTESIAN_POINT('',(0.E0,-1.6E0,-1.27E0));
#13736=DIRECTION('',(0.E0,-1.E0,0.E0));
#13737=DIRECTION('',(1.E0,0.E0,0.E0));
#13738=AXIS2_PLACEMENT_3D('',#13735,#13736,#13737);
#13739=ITEM_DEFINED_TRANSFORMATION('','',#13725,#13738);
#13740=(REPRESENTATION_RELATIONSHIP('','',#13726,#12813)REPRESENTATION_RELATIONSHIP_WITH_TRANSFORMATION(#13739)SHAPE_REPRESENTATION_RELATIONSHIP());
#13741=CONTEXT_DEPENDENT_SHAPE_REPRESENTATION(#13740,#13734);
#13744=CARTESIAN_POINT('',(2.54E0,-1.6E0,-1.27E0));
#13745=DIRECTION('',(0.E0,-1.E0,0.E0));
#13746=DIRECTION('',(1.E0,0.E0,0.E0));
#13747=AXIS2_PLACEMENT_3D('',#13744,#13745,#13746);
#13748=ITEM_DEFINED_TRANSFORMATION('','',#13725,#13747);
#13749=(REPRESENTATION_RELATIONSHIP('','',#13726,#12813)REPRESENTATION_RELATIONSHIP_WITH_TRANSFORMATION(#13748)SHAPE_REPRESENTATION_RELATIONSHIP());
#13750=CONTEXT_DEPENDENT_SHAPE_REPRESENTATION(#13749,#13743);
#13753=CARTESIAN_POINT('',(5.08E0,-1.6E0,-1.27E0));
#13754=DIRECTION('',(0.E0,-1.E0,0.E0));
#13755=DIRECTION('',(1.E0,0.E0,0.E0));
#13756=AXIS2_PLACEMENT_3D('',#13753,#13754,#13755);
#13757=ITEM_DEFINED_TRANSFORMATION('','',#13725,#13756);
#13758=(REPRESENTATION_RELATIONSHIP('','',#13726,#12813)REPRESENTATION_RELATIONSHIP_WITH_TRANSFORMATION(#13757)SHAPE_REPRESENTATION_RELATIONSHIP());
#13759=CONTEXT_DEPENDENT_SHAPE_REPRESENTATION(#13758,#13752);
#13762=CARTESIAN_POINT('',(7.62E0,-1.6E0,-1.27E0));
#13763=DIRECTION('',(0.E0,-1.E0,0.E0));
#13764=DIRECTION('',(1.E0,0.E0,0.E0));
#13765=AXIS2_PLACEMENT_3D('',#13762,#13763,#13764);
#13766=ITEM_DEFINED_TRANSFORMATION('','',#13725,#13765);
#13767=(REPRESENTATION_RELATIONSHIP('','',#13726,#12813)REPRESENTATION_RELATIONSHIP_WITH_TRANSFORMATION(#13766)SHAPE_REPRESENTATION_RELATIONSHIP());
#13768=CONTEXT_DEPENDENT_SHAPE_REPRESENTATION(#13767,#13761);
#13771=CARTESIAN_POINT('',(1.016E1,-1.6E0,-1.27E0));
#13772=DIRECTION('',(0.E0,-1.E0,0.E0));
#13773=DIRECTION('',(1.E0,0.E0,0.E0));
#13774=AXIS2_PLACEMENT_3D('',#13771,#13772,#13773);
#13775=ITEM_DEFINED_TRANSFORMATION('','',#13725,#13774);
#13776=(REPRESENTATION_RELATIONSHIP('','',#13726,#12813)REPRESENTATION_RELATIONSHIP_WITH_TRANSFORMATION(#13775)SHAPE_REPRESENTATION_RELATIONSHIP());
#13777=CONTEXT_DEPENDENT_SHAPE_REPRESENTATION(#13776,#13770);
#13780=CARTESIAN_POINT('',(1.27E1,-1.6E0,-1.27E0));
#13781=DIRECTION('',(0.E0,-1.E0,0.E0));
#13782=DIRECTION('',(1.E0,0.E0,0.E0));
#13783=AXIS2_PLACEMENT_3D('',#13780,#13781,#13782);
#13784=ITEM_DEFINED_TRANSFORMATION('','',#13725,#13783);
#13785=(REPRESENTATION_RELATIONSHIP('','',#13726,#12813)REPRESENTATION_RELATIONSHIP_WITH_TRANSFORMATION(#13784)SHAPE_REPRESENTATION_RELATIONSHIP());
#13786=CONTEXT_DEPENDENT_SHAPE_REPRESENTATION(#13785,#13779);
#13789=CARTESIAN_POINT('',(1.524E1,-1.6E0,-1.27E0));
#13790=DIRECTION('',(0.E0,-1.E0,0.E0));
#13791=DIRECTION('',(1.E0,0.E0,0.E0));
#13792=AXIS2_PLACEMENT_3D('',#13789,#13790,#13791);
#13793=ITEM_DEFINED_TRANSFORMATION('','',#13725,#13792);
#13794=(REPRESENTATION_RELATIONSHIP('','',#13726,#12813)REPRESENTATION_RELATIONSHIP_WITH_TRANSFORMATION(#13793)SHAPE_REPRESENTATION_RELATIONSHIP());
#13795=CONTEXT_DEPENDENT_SHAPE_REPRESENTATION(#13794,#13788);
#13798=CARTESIAN_POINT('',(1.778E1,-1.6E0,-1.27E0));
#13799=DIRECTION('',(0.E0,-1.E0,0.E0));
#13800=DIRECTION('',(1.E0,0.E0,0.E0));
#13801=AXIS2_PLACEMENT_3D('',#13798,#13799,#13800);
#13802=ITEM_DEFINED_TRANSFORMATION('','',#13725,#13801);
#13803=(REPRESENTATION_RELATIONSHIP('','',#13726,#12813)REPRESENTATION_RELATIONSHIP_WITH_TRANSFORMATION(#13802)SHAPE_REPRESENTATION_RELATIONSHIP());
#13804=CONTEXT_DEPENDENT_SHAPE_REPRESENTATION(#13803,#13797);
#13807=CARTESIAN_POINT('',(2.032E1,-1.6E0,-1.27E0));
#13808=DIRECTION('',(0.E0,-1.E0,0.E0));
#13809=DIRECTION('',(1.E0,0.E0,0.E0));
#13810=AXIS2_PLACEMENT_3D('',#13807,#13808,#13809);
#13811=ITEM_DEFINED_TRANSFORMATION('','',#13725,#13810);
#13812=(REPRESENTATION_RELATIONSHIP('','',#13726,#12813)REPRESENTATION_RELATIONSHIP_WITH_TRANSFORMATION(#13811)SHAPE_REPRESENTATION_RELATIONSHIP());
#13813=CONTEXT_DEPENDENT_SHAPE_REPRESENTATION(#13812,#13806);
#13816=CARTESIAN_POINT('',(2.286E1,-1.6E0,-1.27E0));
#13817=DIRECTION('',(0.E0,-1.E0,0.E0));
#13818=DIRECTION('',(1.E0,0.E0,0.E0));
#13819=AXIS2_PLACEMENT_3D('',#13816,#13817,#13818);
#13820=ITEM_DEFINED_TRANSFORMATION('','',#13725,#13819);
#13821=(REPRESENTATION_RELATIONSHIP('','',#13726,#12813)REPRESENTATION_RELATIONSHIP_WITH_TRANSFORMATION(#13820)SHAPE_REPRESENTATION_RELATIONSHIP());
#13822=CONTEXT_DEPENDENT_SHAPE_REPRESENTATION(#13821,#13815);
#13825=CARTESIAN_POINT('',(2.54E1,-1.6E0,-1.27E0));
#13826=DIRECTION('',(0.E0,-1.E0,0.E0));
#13827=DIRECTION('',(1.E0,0.E0,0.E0));
#13828=AXIS2_PLACEMENT_3D('',#13825,#13826,#13827);
#13829=ITEM_DEFINED_TRANSFORMATION('','',#13725,#13828);
#13830=(REPRESENTATION_RELATIONSHIP('','',#13726,#12813)REPRESENTATION_RELATIONSHIP_WITH_TRANSFORMATION(#13829)SHAPE_REPRESENTATION_RELATIONSHIP());
#13831=CONTEXT_DEPENDENT_SHAPE_REPRESENTATION(#13830,#13824);
#13834=CARTESIAN_POINT('',(2.794E1,-1.6E0,-1.27E0));
#13835=DIRECTION('',(0.E0,-1.E0,0.E0));
#13836=DIRECTION('',(1.E0,0.E0,0.E0));
#13837=AXIS2_PLACEMENT_3D('',#13834,#13835,#13836);
#13838=ITEM_DEFINED_TRANSFORMATION('','',#13725,#13837);
#13839=(REPRESENTATION_RELATIONSHIP('','',#13726,#12813)REPRESENTATION_RELATIONSHIP_WITH_TRANSFORMATION(#13838)SHAPE_REPRESENTATION_RELATIONSHIP());
#13840=CONTEXT_DEPENDENT_SHAPE_REPRESENTATION(#13839,#13833);
#13843=CARTESIAN_POINT('',(3.048E1,-1.6E0,-1.27E0));
#13844=DIRECTION('',(0.E0,-1.E0,0.E0));
#13845=DIRECTION('',(1.E0,0.E0,0.E0));
#13846=AXIS2_PLACEMENT_3D('',#13843,#13844,#13845);
#13847=ITEM_DEFINED_TRANSFORMATION('','',#13725,#13846);
#13848=(REPRESENTATION_RELATIONSHIP('','',#13726,#12813)REPRESENTATION_RELATIONSHIP_WITH_TRANSFORMATION(#13847)SHAPE_REPRESENTATION_RELATIONSHIP());
#13849=CONTEXT_DEPENDENT_SHAPE_REPRESENTATION(#13848,#13842);
#13851=DIRECTION('',(-1.E0,0.E0,0.E0));
#13852=VECTOR('',#13851,6.36E-1);
#13853=CARTESIAN_POINT('',(3.18E-1,-3.18E-1,5.386957750669E0));
#13854=LINE('',#13853,#13852);
#13855=CURVE_STYLE('',#16,POSITIVE_LENGTH_MEASURE(2.E-2),#6);
#13856=PRESENTATION_STYLE_ASSIGNMENT((#13855));
#13857=STYLED_ITEM('',(#13856),#13854);
#13858=DIRECTION('',(-1.E0,0.E0,0.E0));
#13859=VECTOR('',#13858,3.9E-1);
#13860=CARTESIAN_POINT('',(1.95E-1,-1.95E-1,5.6E0));
#13861=LINE('',#13860,#13859);
#13862=CURVE_STYLE('',#16,POSITIVE_LENGTH_MEASURE(2.E-2),#6);
#13863=PRESENTATION_STYLE_ASSIGNMENT((#13862));
#13864=STYLED_ITEM('',(#13863),#13861);
#13865=DIRECTION('',(4.472135955E-1,-4.472135955E-1,-7.745966692415E-1));
#13866=VECTOR('',#13865,2.750363612325E-1);
#13867=CARTESIAN_POINT('',(1.95E-1,-1.95E-1,5.6E0));
#13868=LINE('',#13867,#13866);
#13869=CURVE_STYLE('',#16,POSITIVE_LENGTH_MEASURE(2.E-2),#6);
#13870=PRESENTATION_STYLE_ASSIGNMENT((#13869));
#13871=STYLED_ITEM('',(#13870),#13868);
#13872=DIRECTION('',(0.E0,0.E0,-1.E0));
#13873=VECTOR('',#13872,5.586957750669E0);
#13874=CARTESIAN_POINT('',(3.18E-1,-3.18E-1,5.386957750669E0));
#13875=LINE('',#13874,#13873);
#13876=CURVE_STYLE('',#16,POSITIVE_LENGTH_MEASURE(2.E-2),#6);
#13877=PRESENTATION_STYLE_ASSIGNMENT((#13876));
#13878=STYLED_ITEM('',(#13877),#13875);
#13879=DIRECTION('',(0.E0,0.E0,-1.E0));
#13880=VECTOR('',#13879,5.586957750669E0);
#13881=CARTESIAN_POINT('',(3.18E-1,3.18E-1,5.386957750669E0));
#13882=LINE('',#13881,#13880);
#13883=CURVE_STYLE('',#16,POSITIVE_LENGTH_MEASURE(2.E-2),#6);
#13884=PRESENTATION_STYLE_ASSIGNMENT((#13883));
#13885=STYLED_ITEM('',(#13884),#13882);
#13886=DIRECTION('',(0.E0,-1.E0,0.E0));
#13887=VECTOR('',#13886,6.36E-1);
#13888=CARTESIAN_POINT('',(3.18E-1,3.18E-1,5.386957750669E0));
#13889=LINE('',#13888,#13887);
#13890=CURVE_STYLE('',#16,POSITIVE_LENGTH_MEASURE(2.E-2),#6);
#13891=PRESENTATION_STYLE_ASSIGNMENT((#13890));
#13892=STYLED_ITEM('',(#13891),#13889);
#13893=DIRECTION('',(0.E0,-1.E0,0.E0));
#13894=VECTOR('',#13893,3.9E-1);
#13895=CARTESIAN_POINT('',(1.95E-1,1.95E-1,5.6E0));
#13896=LINE('',#13895,#13894);
#13897=CURVE_STYLE('',#16,POSITIVE_LENGTH_MEASURE(2.E-2),#6);
#13898=PRESENTATION_STYLE_ASSIGNMENT((#13897));
#13899=STYLED_ITEM('',(#13898),#13896);
#13900=DIRECTION('',(4.472135955E-1,4.472135955E-1,-7.745966692415E-1));
#13901=VECTOR('',#13900,2.750363612325E-1);
#13902=CARTESIAN_POINT('',(1.95E-1,1.95E-1,5.6E0));
#13903=LINE('',#13902,#13901);
#13904=CURVE_STYLE('',#16,POSITIVE_LENGTH_MEASURE(2.E-2),#6);
#13905=PRESENTATION_STYLE_ASSIGNMENT((#13904));
#13906=STYLED_ITEM('',(#13905),#13903);
#13907=DIRECTION('',(1.E0,0.E0,0.E0));
#13908=VECTOR('',#13907,6.36E-1);
#13909=CARTESIAN_POINT('',(-3.18E-1,3.18E-1,5.386957750669E0));
#13910=LINE('',#13909,#13908);
#13911=CURVE_STYLE('',#16,POSITIVE_LENGTH_MEASURE(2.E-2),#6);
#13912=PRESENTATION_STYLE_ASSIGNMENT((#13911));
#13913=STYLED_ITEM('',(#13912),#13910);
#13914=DIRECTION('',(1.E0,0.E0,0.E0));
#13915=VECTOR('',#13914,3.9E-1);
#13916=CARTESIAN_POINT('',(-1.95E-1,1.95E-1,5.6E0));
#13917=LINE('',#13916,#13915);
#13918=CURVE_STYLE('',#16,POSITIVE_LENGTH_MEASURE(2.E-2),#6);
#13919=PRESENTATION_STYLE_ASSIGNMENT((#13918));
#13920=STYLED_ITEM('',(#13919),#13917);
#13921=DIRECTION('',(0.E0,0.E0,-1.E0));
#13922=VECTOR('',#13921,5.586957750669E0);
#13923=CARTESIAN_POINT('',(-3.18E-1,3.18E-1,5.386957750669E0));
#13924=LINE('',#13923,#13922);
#13925=CURVE_STYLE('',#16,POSITIVE_LENGTH_MEASURE(2.E-2),#6);
#13926=PRESENTATION_STYLE_ASSIGNMENT((#13925));
#13927=STYLED_ITEM('',(#13926),#13924);
#13928=DIRECTION('',(0.E0,0.E0,-1.E0));
#13929=VECTOR('',#13928,5.586957750669E0);
#13930=CARTESIAN_POINT('',(-3.18E-1,-3.18E-1,5.386957750669E0));
#13931=LINE('',#13930,#13929);
#13932=CURVE_STYLE('',#16,POSITIVE_LENGTH_MEASURE(2.E-2),#6);
#13933=PRESENTATION_STYLE_ASSIGNMENT((#13932));
#13934=STYLED_ITEM('',(#13933),#13931);
#13935=DIRECTION('',(0.E0,1.E0,0.E0));
#13936=VECTOR('',#13935,6.36E-1);
#13937=CARTESIAN_POINT('',(-3.18E-1,-3.18E-1,5.386957750669E0));
#13938=LINE('',#13937,#13936);
#13939=CURVE_STYLE('',#16,POSITIVE_LENGTH_MEASURE(2.E-2),#6);
#13940=PRESENTATION_STYLE_ASSIGNMENT((#13939));
#13941=STYLED_ITEM('',(#13940),#13938);
#13942=DIRECTION('',(-4.472135955E-1,4.472135955E-1,-7.745966692415E-1));
#13943=VECTOR('',#13942,2.750363612325E-1);
#13944=CARTESIAN_POINT('',(-1.95E-1,1.95E-1,5.6E0));
#13945=LINE('',#13944,#13943);
#13946=CURVE_STYLE('',#16,POSITIVE_LENGTH_MEASURE(2.E-2),#6);
#13947=PRESENTATION_STYLE_ASSIGNMENT((#13946));
#13948=STYLED_ITEM('',(#13947),#13945);
#13949=DIRECTION('',(0.E0,1.E0,0.E0));
#13950=VECTOR('',#13949,3.9E-1);
#13951=CARTESIAN_POINT('',(-1.95E-1,-1.95E-1,5.6E0));
#13952=LINE('',#13951,#13950);
#13953=CURVE_STYLE('',#16,POSITIVE_LENGTH_MEASURE(2.E-2),#6);
#13954=PRESENTATION_STYLE_ASSIGNMENT((#13953));
#13955=STYLED_ITEM('',(#13954),#13952);
#13956=DIRECTION('',(-4.472135955E-1,-4.472135955E-1,-7.745966692415E-1));
#13957=VECTOR('',#13956,2.750363612325E-1);
#13958=CARTESIAN_POINT('',(-1.95E-1,-1.95E-1,5.6E0));
#13959=LINE('',#13958,#13957);
#13960=CURVE_STYLE('',#16,POSITIVE_LENGTH_MEASURE(2.E-2),#6);
#13961=PRESENTATION_STYLE_ASSIGNMENT((#13960));
#13962=STYLED_ITEM('',(#13961),#13959);
#13963=DIRECTION('',(1.E0,0.E0,0.E0));
#13964=VECTOR('',#13963,6.36E-1);
#13965=CARTESIAN_POINT('',(-3.18E-1,3.18E-1,-2.E-1));
#13966=LINE('',#13965,#13964);
#13967=CURVE_STYLE('',#16,POSITIVE_LENGTH_MEASURE(2.E-2),#6);
#13968=PRESENTATION_STYLE_ASSIGNMENT((#13967));
#13969=STYLED_ITEM('',(#13968),#13966);
#13970=DIRECTION('',(0.E0,1.E0,0.E0));
#13971=VECTOR('',#13970,6.36E-1);
#13972=CARTESIAN_POINT('',(-3.18E-1,-3.18E-1,-2.E-1));
#13973=LINE('',#13972,#13971);
#13974=CURVE_STYLE('',#16,POSITIVE_LENGTH_MEASURE(2.E-2),#6);
#13975=PRESENTATION_STYLE_ASSIGNMENT((#13974));
#13976=STYLED_ITEM('',(#13975),#13973);
#13977=DIRECTION('',(-1.E0,0.E0,0.E0));
#13978=VECTOR('',#13977,6.36E-1);
#13979=CARTESIAN_POINT('',(3.18E-1,-3.18E-1,-2.E-1));
#13980=LINE('',#13979,#13978);
#13981=CURVE_STYLE('',#16,POSITIVE_LENGTH_MEASURE(2.E-2),#6);
#13982=PRESENTATION_STYLE_ASSIGNMENT((#13981));
#13983=STYLED_ITEM('',(#13982),#13980);
#13984=DIRECTION('',(0.E0,-1.E0,0.E0));
#13985=VECTOR('',#13984,6.36E-1);
#13986=CARTESIAN_POINT('',(3.18E-1,3.18E-1,-2.E-1));
#13987=LINE('',#13986,#13985);
#13988=CURVE_STYLE('',#16,POSITIVE_LENGTH_MEASURE(2.E-2),#6);
#13989=PRESENTATION_STYLE_ASSIGNMENT((#13988));
#13990=STYLED_ITEM('',(#13989),#13987);
#13991=DIRECTION('',(-1.E0,0.E0,0.E0));
#13992=VECTOR('',#13991,6.4E-1);
#13993=CARTESIAN_POINT('',(3.2E-1,-3.2E-1,-2.E-1));
#13994=LINE('',#13993,#13992);
#13995=CURVE_STYLE('',#16,POSITIVE_LENGTH_MEASURE(2.E-2),#6);
#13996=PRESENTATION_STYLE_ASSIGNMENT((#13995));
#13997=STYLED_ITEM('',(#13996),#13994);
#13998=DIRECTION('',(0.E0,0.E0,-1.E0));
#13999=VECTOR('',#13998,5.12E0);
#14000=CARTESIAN_POINT('',(3.2E-1,-3.2E-1,-2.E-1));
#14001=LINE('',#14000,#13999);
#14002=CURVE_STYLE('',#16,POSITIVE_LENGTH_MEASURE(2.E-2),#6);
#14003=PRESENTATION_STYLE_ASSIGNMENT((#14002));
#14004=STYLED_ITEM('',(#14003),#14001);
#14005=DIRECTION('',(0.E0,-1.E0,0.E0));
#14006=VECTOR('',#14005,6.4E-1);
#14007=CARTESIAN_POINT('',(3.2E-1,3.2E-1,-2.E-1));
#14008=LINE('',#14007,#14006);
#14009=CURVE_STYLE('',#16,POSITIVE_LENGTH_MEASURE(2.E-2),#6);
#14010=PRESENTATION_STYLE_ASSIGNMENT((#14009));
#14011=STYLED_ITEM('',(#14010),#14008);
#14012=DIRECTION('',(0.E0,0.E0,-1.E0));
#14013=VECTOR('',#14012,5.12E0);
#14014=CARTESIAN_POINT('',(3.2E-1,3.2E-1,-2.E-1));
#14015=LINE('',#14014,#14013);
#14016=CURVE_STYLE('',#16,POSITIVE_LENGTH_MEASURE(2.E-2),#6);
#14017=PRESENTATION_STYLE_ASSIGNMENT((#14016));
#14018=STYLED_ITEM('',(#14017),#14015);
#14019=CARTESIAN_POINT('',(3.2E-1,-1.32E0,-5.32E0));
#14020=DIRECTION('',(-1.E0,0.E0,0.E0));
#14021=DIRECTION('',(0.E0,1.E0,0.E0));
#14022=AXIS2_PLACEMENT_3D('',#14019,#14020,#14021);
#14024=CURVE_STYLE('',#16,POSITIVE_LENGTH_MEASURE(2.E-2),#6);
#14025=PRESENTATION_STYLE_ASSIGNMENT((#14024));
#14026=STYLED_ITEM('',(#14025),#14023);
#14027=DIRECTION('',(0.E0,-1.E0,0.E0));
#14028=VECTOR('',#14027,5.273493649054E0);
#14029=CARTESIAN_POINT('',(3.2E-1,-1.32E0,-6.96E0));
#14030=LINE('',#14029,#14028);
#14031=CURVE_STYLE('',#16,POSITIVE_LENGTH_MEASURE(2.E-2),#6);
#14032=PRESENTATION_STYLE_ASSIGNMENT((#14031));
#14033=STYLED_ITEM('',(#14032),#14030);
#14034=DIRECTION('',(1.E0,0.E0,0.E0));
#14035=VECTOR('',#14034,6.4E-1);
#14036=CARTESIAN_POINT('',(-3.2E-1,3.2E-1,-2.E-1));
#14037=LINE('',#14036,#14035);
#14038=CURVE_STYLE('',#16,POSITIVE_LENGTH_MEASURE(2.E-2),#6);
#14039=PRESENTATION_STYLE_ASSIGNMENT((#14038));
#14040=STYLED_ITEM('',(#14039),#14037);
#14041=DIRECTION('',(0.E0,0.E0,-1.E0));
#14042=VECTOR('',#14041,5.12E0);
#14043=CARTESIAN_POINT('',(-3.2E-1,3.2E-1,-2.E-1));
#14044=LINE('',#14043,#14042);
#14045=CURVE_STYLE('',#16,POSITIVE_LENGTH_MEASURE(2.E-2),#6);
#14046=PRESENTATION_STYLE_ASSIGNMENT((#14045));
#14047=STYLED_ITEM('',(#14046),#14044);
#14048=DIRECTION('',(0.E0,1.E0,0.E0));
#14049=VECTOR('',#14048,6.4E-1);
#14050=CARTESIAN_POINT('',(-3.2E-1,-3.2E-1,-2.E-1));
#14051=LINE('',#14050,#14049);
#14052=CURVE_STYLE('',#16,POSITIVE_LENGTH_MEASURE(2.E-2),#6);
#14053=PRESENTATION_STYLE_ASSIGNMENT((#14052));
#14054=STYLED_ITEM('',(#14053),#14051);
#14055=DIRECTION('',(0.E0,0.E0,-1.E0));
#14056=VECTOR('',#14055,5.12E0);
#14057=CARTESIAN_POINT('',(-3.2E-1,-3.2E-1,-2.E-1));
#14058=LINE('',#14057,#14056);
#14059=CURVE_STYLE('',#16,POSITIVE_LENGTH_MEASURE(2.E-2),#6);
#14060=PRESENTATION_STYLE_ASSIGNMENT((#14059));
#14061=STYLED_ITEM('',(#14060),#14058);
#14062=CARTESIAN_POINT('',(-3.2E-1,-1.32E0,-5.32E0));
#14063=DIRECTION('',(-1.E0,0.E0,0.E0));
#14064=DIRECTION('',(0.E0,1.E0,0.E0));
#14065=AXIS2_PLACEMENT_3D('',#14062,#14063,#14064);
#14067=CURVE_STYLE('',#16,POSITIVE_LENGTH_MEASURE(2.E-2),#6);
#14068=PRESENTATION_STYLE_ASSIGNMENT((#14067));
#14069=STYLED_ITEM('',(#14068),#14066);
#14070=DIRECTION('',(0.E0,-1.E0,0.E0));
#14071=VECTOR('',#14070,5.273493649054E0);
#14072=CARTESIAN_POINT('',(-3.2E-1,-1.32E0,-6.32E0));
#14073=LINE('',#14072,#14071);
#14074=CURVE_STYLE('',#16,POSITIVE_LENGTH_MEASURE(2.E-2),#6);
#14075=PRESENTATION_STYLE_ASSIGNMENT((#14074));
#14076=STYLED_ITEM('',(#14075),#14073);
#14077=DIRECTION('',(-1.E0,0.E0,0.E0));
#14078=VECTOR('',#14077,6.4E-1);
#14079=CARTESIAN_POINT('',(3.2E-1,-3.2E-1,-5.32E0));
#14080=LINE('',#14079,#14078);
#14081=CURVE_STYLE('',#16,POSITIVE_LENGTH_MEASURE(2.E-2),#6);
#14082=PRESENTATION_STYLE_ASSIGNMENT((#14081));
#14083=STYLED_ITEM('',(#14082),#14080);
#14084=CARTESIAN_POINT('',(3.2E-1,-1.32E0,-5.32E0));
#14085=DIRECTION('',(-1.E0,0.E0,0.E0));
#14086=DIRECTION('',(0.E0,1.E0,0.E0));
#14087=AXIS2_PLACEMENT_3D('',#14084,#14085,#14086);
#14089=CURVE_STYLE('',#16,POSITIVE_LENGTH_MEASURE(2.E-2),#6);
#14090=PRESENTATION_STYLE_ASSIGNMENT((#14089));
#14091=STYLED_ITEM('',(#14090),#14088);
#14092=DIRECTION('',(-1.E0,0.E0,0.E0));
#14093=VECTOR('',#14092,6.4E-1);
#14094=CARTESIAN_POINT('',(3.2E-1,-1.32E0,-6.32E0));
#14095=LINE('',#14094,#14093);
#14096=CURVE_STYLE('',#16,POSITIVE_LENGTH_MEASURE(2.E-2),#6);
#14097=PRESENTATION_STYLE_ASSIGNMENT((#14096));
#14098=STYLED_ITEM('',(#14097),#14095);
#14099=DIRECTION('',(0.E0,-1.E0,0.E0));
#14100=VECTOR('',#14099,5.273493649054E0);
#14101=CARTESIAN_POINT('',(3.2E-1,-1.32E0,-6.32E0));
#14102=LINE('',#14101,#14100);
#14103=CURVE_STYLE('',#16,POSITIVE_LENGTH_MEASURE(2.E-2),#6);
#14104=PRESENTATION_STYLE_ASSIGNMENT((#14103));
#14105=STYLED_ITEM('',(#14104),#14102);
#14106=DIRECTION('',(-1.E0,0.E0,0.E0));
#14107=VECTOR('',#14106,3.9E-1);
#14108=CARTESIAN_POINT('',(1.95E-1,-6.81E0,-6.445E0));
#14109=LINE('',#14108,#14107);
#14110=CURVE_STYLE('',#16,POSITIVE_LENGTH_MEASURE(2.E-2),#6);
#14111=PRESENTATION_STYLE_ASSIGNMENT((#14110));
#14112=STYLED_ITEM('',(#14111),#14109);
#14113=DIRECTION('',(-4.472135955E-1,7.745966692415E-1,4.472135955E-1));
#14114=VECTOR('',#14113,2.795084971875E-1);
#14115=CARTESIAN_POINT('',(-1.95E-1,-6.81E0,-6.445E0));
#14116=LINE('',#14115,#14114);
#14117=CURVE_STYLE('',#16,POSITIVE_LENGTH_MEASURE(2.E-2),#6);
#14118=PRESENTATION_STYLE_ASSIGNMENT((#14117));
#14119=STYLED_ITEM('',(#14118),#14116);
#14120=DIRECTION('',(-1.E0,0.E0,0.E0));
#14121=VECTOR('',#14120,6.4E-1);
#14122=CARTESIAN_POINT('',(3.2E-1,-6.593493649054E0,-6.32E0));
#14123=LINE('',#14122,#14121);
#14124=CURVE_STYLE('',#16,POSITIVE_LENGTH_MEASURE(2.E-2),#6);
#14125=PRESENTATION_STYLE_ASSIGNMENT((#14124));
#14126=STYLED_ITEM('',(#14125),#14123);
#14127=DIRECTION('',(4.472135955E-1,7.745966692415E-1,4.472135955E-1));
#14128=VECTOR('',#14127,2.795084971875E-1);
#14129=CARTESIAN_POINT('',(1.95E-1,-6.81E0,-6.445E0));
#14130=LINE('',#14129,#14128);
#14131=CURVE_STYLE('',#16,POSITIVE_LENGTH_MEASURE(2.E-2),#6);
#14132=PRESENTATION_STYLE_ASSIGNMENT((#14131));
#14133=STYLED_ITEM('',(#14132),#14130);
#14134=DIRECTION('',(0.E0,0.E0,1.E0));
#14135=VECTOR('',#14134,3.9E-1);
#14136=CARTESIAN_POINT('',(1.95E-1,-6.81E0,-6.835E0));
#14137=LINE('',#14136,#14135);
#14138=CURVE_STYLE('',#16,POSITIVE_LENGTH_MEASURE(2.E-2),#6);
#14139=PRESENTATION_STYLE_ASSIGNMENT((#14138));
#14140=STYLED_ITEM('',(#14139),#14137);
#14141=DIRECTION('',(0.E0,0.E0,1.E0));
#14142=VECTOR('',#14141,6.4E-1);
#14143=CARTESIAN_POINT('',(3.2E-1,-6.593493649054E0,-6.96E0));
#14144=LINE('',#14143,#14142);
#14145=CURVE_STYLE('',#16,POSITIVE_LENGTH_MEASURE(2.E-2),#6);
#14146=PRESENTATION_STYLE_ASSIGNMENT((#14145));
#14147=STYLED_ITEM('',(#14146),#14144);
#14148=DIRECTION('',(1.E0,0.E0,0.E0));
#14149=VECTOR('',#14148,3.9E-1);
#14150=CARTESIAN_POINT('',(-1.95E-1,-6.81E0,-6.835E0));
#14151=LINE('',#14150,#14149);
#14152=CURVE_STYLE('',#16,POSITIVE_LENGTH_MEASURE(2.E-2),#6);
#14153=PRESENTATION_STYLE_ASSIGNMENT((#14152));
#14154=STYLED_ITEM('',(#14153),#14151);
#14155=DIRECTION('',(4.472135955E-1,7.745966692415E-1,-4.472135955E-1));
#14156=VECTOR('',#14155,2.795084971875E-1);
#14157=CARTESIAN_POINT('',(1.95E-1,-6.81E0,-6.835E0));
#14158=LINE('',#14157,#14156);
#14159=CURVE_STYLE('',#16,POSITIVE_LENGTH_MEASURE(2.E-2),#6);
#14160=PRESENTATION_STYLE_ASSIGNMENT((#14159));
#14161=STYLED_ITEM('',(#14160),#14158);
#14162=DIRECTION('',(1.E0,0.E0,0.E0));
#14163=VECTOR('',#14162,6.4E-1);
#14164=CARTESIAN_POINT('',(-3.2E-1,-6.593493649054E0,-6.96E0));
#14165=LINE('',#14164,#14163);
#14166=CURVE_STYLE('',#16,POSITIVE_LENGTH_MEASURE(2.E-2),#6);
#14167=PRESENTATION_STYLE_ASSIGNMENT((#14166));
#14168=STYLED_ITEM('',(#14167),#14165);
#14169=DIRECTION('',(1.E0,0.E0,0.E0));
#14170=VECTOR('',#14169,6.4E-1);
#14171=CARTESIAN_POINT('',(-3.2E-1,-1.32E0,-6.96E0));
#14172=LINE('',#14171,#14170);
#14173=CURVE_STYLE('',#16,POSITIVE_LENGTH_MEASURE(2.E-2),#6);
#14174=PRESENTATION_STYLE_ASSIGNMENT((#14173));
#14175=STYLED_ITEM('',(#14174),#14172);
#14176=DIRECTION('',(0.E0,-1.E0,0.E0));
#14177=VECTOR('',#14176,5.273493649054E0);
#14178=CARTESIAN_POINT('',(-3.2E-1,-1.32E0,-6.96E0));
#14179=LINE('',#14178,#14177);
#14180=CURVE_STYLE('',#16,POSITIVE_LENGTH_MEASURE(2.E-2),#6);
#14181=PRESENTATION_STYLE_ASSIGNMENT((#14180));
#14182=STYLED_ITEM('',(#14181),#14179);
#14183=DIRECTION('',(1.E0,0.E0,0.E0));
#14184=VECTOR('',#14183,6.4E-1);
#14185=CARTESIAN_POINT('',(-3.2E-1,3.2E-1,-5.32E0));
#14186=LINE('',#14185,#14184);
#14187=CURVE_STYLE('',#16,POSITIVE_LENGTH_MEASURE(2.E-2),#6);
#14188=PRESENTATION_STYLE_ASSIGNMENT((#14187));
#14189=STYLED_ITEM('',(#14188),#14186);
#14190=CARTESIAN_POINT('',(-3.2E-1,-1.32E0,-5.32E0));
#14191=DIRECTION('',(-1.E0,0.E0,0.E0));
#14192=DIRECTION('',(0.E0,1.E0,0.E0));
#14193=AXIS2_PLACEMENT_3D('',#14190,#14191,#14192);
#14195=CURVE_STYLE('',#16,POSITIVE_LENGTH_MEASURE(2.E-2),#6);
#14196=PRESENTATION_STYLE_ASSIGNMENT((#14195));
#14197=STYLED_ITEM('',(#14196),#14194);
#14198=DIRECTION('',(0.E0,0.E0,-1.E0));
#14199=VECTOR('',#14198,3.9E-1);
#14200=CARTESIAN_POINT('',(-1.95E-1,-6.81E0,-6.445E0));
#14201=LINE('',#14200,#14199);
#14202=CURVE_STYLE('',#16,POSITIVE_LENGTH_MEASURE(2.E-2),#6);
#14203=PRESENTATION_STYLE_ASSIGNMENT((#14202));
#14204=STYLED_ITEM('',(#14203),#14201);
#14205=DIRECTION('',(-4.472135955E-1,7.745966692415E-1,-4.472135955E-1));
#14206=VECTOR('',#14205,2.795084971875E-1);
#14207=CARTESIAN_POINT('',(-1.95E-1,-6.81E0,-6.835E0));
#14208=LINE('',#14207,#14206);
#14209=CURVE_STYLE('',#16,POSITIVE_LENGTH_MEASURE(2.E-2),#6);
#14210=PRESENTATION_STYLE_ASSIGNMENT((#14209));
#14211=STYLED_ITEM('',(#14210),#14208);
#14212=DIRECTION('',(0.E0,0.E0,-1.E0));
#14213=VECTOR('',#14212,6.4E-1);
#14214=CARTESIAN_POINT('',(-3.2E-1,-6.593493649054E0,-6.32E0));
#14215=LINE('',#14214,#14213);
#14216=CURVE_STYLE('',#16,POSITIVE_LENGTH_MEASURE(2.E-2),#6);
#14217=PRESENTATION_STYLE_ASSIGNMENT((#14216));
#14218=STYLED_ITEM('',(#14217),#14215);
#14219=CARTESIAN_POINT('',(3.2E-1,-3.2E-1,-5.32E0));
#14220=CARTESIAN_POINT('',(-3.2E-1,-3.2E-1,-5.32E0));
#14221=VERTEX_POINT('',#14219);
#14222=VERTEX_POINT('',#14220);
#14223=CARTESIAN_POINT('',(-3.2E-1,3.2E-1,-5.32E0));
#14224=CARTESIAN_POINT('',(3.2E-1,3.2E-1,-5.32E0));
#14225=VERTEX_POINT('',#14223);
#14226=VERTEX_POINT('',#14224);
#14227=CARTESIAN_POINT('',(3.2E-1,-1.32E0,-6.32E0));
#14228=CARTESIAN_POINT('',(-3.2E-1,-1.32E0,-6.32E0));
#14229=VERTEX_POINT('',#14227);
#14230=VERTEX_POINT('',#14228);
#14231=CARTESIAN_POINT('',(-3.2E-1,-1.32E0,-6.96E0));
#14232=CARTESIAN_POINT('',(3.2E-1,-1.32E0,-6.96E0));
#14233=VERTEX_POINT('',#14231);
#14234=VERTEX_POINT('',#14232);
#14235=CARTESIAN_POINT('',(-1.95E-1,1.95E-1,5.6E0));
#14236=CARTESIAN_POINT('',(1.95E-1,1.95E-1,5.6E0));
#14237=VERTEX_POINT('',#14235);
#14238=VERTEX_POINT('',#14236);
#14239=CARTESIAN_POINT('',(1.95E-1,-1.95E-1,5.6E0));
#14240=VERTEX_POINT('',#14239);
#14241=CARTESIAN_POINT('',(-1.95E-1,-1.95E-1,5.6E0));
#14242=VERTEX_POINT('',#14241);
#14243=CARTESIAN_POINT('',(1.95E-1,-6.81E0,-6.835E0));
#14244=CARTESIAN_POINT('',(1.95E-1,-6.81E0,-6.445E0));
#14245=VERTEX_POINT('',#14243);
#14246=VERTEX_POINT('',#14244);
#14247=CARTESIAN_POINT('',(3.2E-1,-6.593493649054E0,-6.96E0));
#14248=CARTESIAN_POINT('',(3.2E-1,-6.593493649054E0,-6.32E0));
#14249=VERTEX_POINT('',#14247);
#14250=VERTEX_POINT('',#14248);
#14251=CARTESIAN_POINT('',(-1.95E-1,-6.81E0,-6.835E0));
#14252=VERTEX_POINT('',#14251);
#14253=CARTESIAN_POINT('',(-3.2E-1,-6.593493649054E0,-6.96E0));
#14254=VERTEX_POINT('',#14253);
#14255=CARTESIAN_POINT('',(-1.95E-1,-6.81E0,-6.445E0));
#14256=VERTEX_POINT('',#14255);
#14257=CARTESIAN_POINT('',(-3.2E-1,-6.593493649054E0,-6.32E0));
#14258=VERTEX_POINT('',#14257);
#14259=CARTESIAN_POINT('',(-3.18E-1,3.18E-1,-2.E-1));
#14260=CARTESIAN_POINT('',(3.18E-1,3.18E-1,-2.E-1));
#14261=VERTEX_POINT('',#14259);
#14262=VERTEX_POINT('',#14260);
#14263=CARTESIAN_POINT('',(3.18E-1,-3.18E-1,-2.E-1));
#14264=VERTEX_POINT('',#14263);
#14265=CARTESIAN_POINT('',(-3.18E-1,-3.18E-1,-2.E-1));
#14266=VERTEX_POINT('',#14265);
#14267=CARTESIAN_POINT('',(-3.18E-1,3.18E-1,5.386957750669E0));
#14268=CARTESIAN_POINT('',(3.18E-1,3.18E-1,5.386957750669E0));
#14269=VERTEX_POINT('',#14267);
#14270=VERTEX_POINT('',#14268);
#14271=CARTESIAN_POINT('',(3.18E-1,-3.18E-1,5.386957750669E0));
#14272=VERTEX_POINT('',#14271);
#14273=CARTESIAN_POINT('',(-3.18E-1,-3.18E-1,5.386957750669E0));
#14274=VERTEX_POINT('',#14273);
#14275=CARTESIAN_POINT('',(3.2E-1,-3.2E-1,-2.E-1));
#14276=CARTESIAN_POINT('',(-3.2E-1,-3.2E-1,-2.E-1));
#14277=VERTEX_POINT('',#14275);
#14278=VERTEX_POINT('',#14276);
#14279=CARTESIAN_POINT('',(-3.2E-1,3.2E-1,-2.E-1));
#14280=VERTEX_POINT('',#14279);
#14281=CARTESIAN_POINT('',(3.2E-1,3.2E-1,-2.E-1));
#14282=VERTEX_POINT('',#14281);
#14283=CARTESIAN_POINT('',(0.E0,0.E0,5.6E0));
#14284=DIRECTION('',(0.E0,0.E0,-1.E0));
#14285=DIRECTION('',(0.E0,1.E0,0.E0));
#14286=AXIS2_PLACEMENT_3D('',#14283,#14284,#14285);
#14287=PLANE('',#14286);
#14289=ORIENTED_EDGE('',*,*,#14288,.T.);
#14291=ORIENTED_EDGE('',*,*,#14290,.T.);
#14293=ORIENTED_EDGE('',*,*,#14292,.T.);
#14295=ORIENTED_EDGE('',*,*,#14294,.T.);
#14296=EDGE_LOOP('',(#14289,#14291,#14293,#14295));
#14297=FACE_OUTER_BOUND('',#14296,.F.);
#14298=ADVANCED_FACE('',(#14297),#14287,.F.);
#14299=FILL_AREA_STYLE_COLOUR('',#10);
#14300=FILL_AREA_STYLE('',(#14299));
#14301=SURFACE_STYLE_FILL_AREA(#14300);
#14302=SURFACE_SIDE_STYLE('',(#14301));
#14303=SURFACE_STYLE_USAGE(.POSITIVE.,#14302);
#14304=FILL_AREA_STYLE_COLOUR('',#6);
#14305=FILL_AREA_STYLE('',(#14304));
#14306=SURFACE_STYLE_FILL_AREA(#14305);
#14307=SURFACE_SIDE_STYLE('',(#14306));
#14308=SURFACE_STYLE_USAGE(.NEGATIVE.,#14307);
#14309=PRESENTATION_STYLE_ASSIGNMENT((#14303,#14308));
#14310=OVER_RIDING_STYLED_ITEM('',(#14309),#14298,#13850);
#14311=CARTESIAN_POINT('',(3.2E-1,-1.95E-1,5.6E0));
#14312=DIRECTION('',(0.E0,-8.660254037844E-1,5.E-1));
#14313=DIRECTION('',(-1.E0,0.E0,0.E0));
#14314=AXIS2_PLACEMENT_3D('',#14311,#14312,#14313);
#14315=PLANE('',#14314);
#14317=ORIENTED_EDGE('',*,*,#14316,.T.);
#14319=ORIENTED_EDGE('',*,*,#14318,.F.);
#14320=ORIENTED_EDGE('',*,*,#14288,.F.);
#14322=ORIENTED_EDGE('',*,*,#14321,.T.);
#14323=EDGE_LOOP('',(#14317,#14319,#14320,#14322));
#14324=FACE_OUTER_BOUND('',#14323,.F.);
#14325=ADVANCED_FACE('',(#14324),#14315,.T.);
#14326=FILL_AREA_STYLE_COLOUR('',#10);
#14327=FILL_AREA_STYLE('',(#14326));
#14328=SURFACE_STYLE_FILL_AREA(#14327);
#14329=SURFACE_SIDE_STYLE('',(#14328));
#14330=SURFACE_STYLE_USAGE(.POSITIVE.,#14329);
#14331=FILL_AREA_STYLE_COLOUR('',#6);
#14332=FILL_AREA_STYLE('',(#14331));
#14333=SURFACE_STYLE_FILL_AREA(#14332);
#14334=SURFACE_SIDE_STYLE('',(#14333));
#14335=SURFACE_STYLE_USAGE(.NEGATIVE.,#14334);
#14336=PRESENTATION_STYLE_ASSIGNMENT((#14330,#14335));
#14337=OVER_RIDING_STYLED_ITEM('',(#14336),#14325,#13850);
#14338=CARTESIAN_POINT('',(3.18E-1,-3.18E-1,5.6E0));
#14339=DIRECTION('',(0.E0,1.E0,0.E0));
#14340=DIRECTION('',(-1.E0,0.E0,0.E0));
#14341=AXIS2_PLACEMENT_3D('',#14338,#14339,#14340);
#14342=PLANE('',#14341);
#14343=ORIENTED_EDGE('',*,*,#14316,.F.);
#14345=ORIENTED_EDGE('',*,*,#14344,.T.);
#14347=ORIENTED_EDGE('',*,*,#14346,.T.);
#14349=ORIENTED_EDGE('',*,*,#14348,.F.);
#14350=EDGE_LOOP('',(#14343,#14345,#14347,#14349));
#14351=FACE_OUTER_BOUND('',#14350,.F.);
#14352=ADVANCED_FACE('',(#14351),#14342,.F.);
#14353=FILL_AREA_STYLE_COLOUR('',#10);
#14354=FILL_AREA_STYLE('',(#14353));
#14355=SURFACE_STYLE_FILL_AREA(#14354);
#14356=SURFACE_SIDE_STYLE('',(#14355));
#14357=SURFACE_STYLE_USAGE(.POSITIVE.,#14356);
#14358=FILL_AREA_STYLE_COLOUR('',#6);
#14359=FILL_AREA_STYLE('',(#14358));
#14360=SURFACE_STYLE_FILL_AREA(#14359);
#14361=SURFACE_SIDE_STYLE('',(#14360));
#14362=SURFACE_STYLE_USAGE(.NEGATIVE.,#14361);
#14363=PRESENTATION_STYLE_ASSIGNMENT((#14357,#14362));
#14364=OVER_RIDING_STYLED_ITEM('',(#14363),#14352,#13850);
#14365=CARTESIAN_POINT('',(3.18E-1,3.18E-1,5.6E0));
#14366=DIRECTION('',(-1.E0,0.E0,0.E0));
#14367=DIRECTION('',(0.E0,-1.E0,0.E0));
#14368=AXIS2_PLACEMENT_3D('',#14365,#14366,#14367);
#14369=PLANE('',#14368);
#14371=ORIENTED_EDGE('',*,*,#14370,.F.);
#14373=ORIENTED_EDGE('',*,*,#14372,.T.);
#14375=ORIENTED_EDGE('',*,*,#14374,.T.);
#14376=ORIENTED_EDGE('',*,*,#14344,.F.);
#14377=EDGE_LOOP('',(#14371,#14373,#14375,#14376));
#14378=FACE_OUTER_BOUND('',#14377,.F.);
#14379=ADVANCED_FACE('',(#14378),#14369,.F.);
#14380=FILL_AREA_STYLE_COLOUR('',#10);
#14381=FILL_AREA_STYLE('',(#14380));
#14382=SURFACE_STYLE_FILL_AREA(#14381);
#14383=SURFACE_SIDE_STYLE('',(#14382));
#14384=SURFACE_STYLE_USAGE(.POSITIVE.,#14383);
#14385=FILL_AREA_STYLE_COLOUR('',#6);
#14386=FILL_AREA_STYLE('',(#14385));
#14387=SURFACE_STYLE_FILL_AREA(#14386);
#14388=SURFACE_SIDE_STYLE('',(#14387));
#14389=SURFACE_STYLE_USAGE(.NEGATIVE.,#14388);
#14390=PRESENTATION_STYLE_ASSIGNMENT((#14384,#14389));
#14391=OVER_RIDING_STYLED_ITEM('',(#14390),#14379,#13850);
#14392=CARTESIAN_POINT('',(1.95E-1,3.2E-1,5.6E0));
#14393=DIRECTION('',(8.660254037844E-1,0.E0,5.E-1));
#14394=DIRECTION('',(0.E0,-1.E0,0.E0));
#14395=AXIS2_PLACEMENT_3D('',#14392,#14393,#14394);
#14396=PLANE('',#14395);
#14397=ORIENTED_EDGE('',*,*,#14370,.T.);
#14398=ORIENTED_EDGE('',*,*,#14321,.F.);
#14399=ORIENTED_EDGE('',*,*,#14294,.F.);
#14401=ORIENTED_EDGE('',*,*,#14400,.T.);
#14402=EDGE_LOOP('',(#14397,#14398,#14399,#14401));
#14403=FACE_OUTER_BOUND('',#14402,.F.);
#14404=ADVANCED_FACE('',(#14403),#14396,.T.);
#14405=FILL_AREA_STYLE_COLOUR('',#10);
#14406=FILL_AREA_STYLE('',(#14405));
#14407=SURFACE_STYLE_FILL_AREA(#14406);
#14408=SURFACE_SIDE_STYLE('',(#14407));
#14409=SURFACE_STYLE_USAGE(.POSITIVE.,#14408);
#14410=FILL_AREA_STYLE_COLOUR('',#6);
#14411=FILL_AREA_STYLE('',(#14410));
#14412=SURFACE_STYLE_FILL_AREA(#14411);
#14413=SURFACE_SIDE_STYLE('',(#14412));
#14414=SURFACE_STYLE_USAGE(.NEGATIVE.,#14413);
#14415=PRESENTATION_STYLE_ASSIGNMENT((#14409,#14414));
#14416=OVER_RIDING_STYLED_ITEM('',(#14415),#14404,#13850);
#14417=CARTESIAN_POINT('',(-3.2E-1,1.95E-1,5.6E0));
#14418=DIRECTION('',(0.E0,8.660254037844E-1,5.E-1));
#14419=DIRECTION('',(1.E0,0.E0,0.E0));
#14420=AXIS2_PLACEMENT_3D('',#14417,#14418,#14419);
#14421=PLANE('',#14420);
#14423=ORIENTED_EDGE('',*,*,#14422,.T.);
#14424=ORIENTED_EDGE('',*,*,#14400,.F.);
#14425=ORIENTED_EDGE('',*,*,#14292,.F.);
#14427=ORIENTED_EDGE('',*,*,#14426,.T.);
#14428=EDGE_LOOP('',(#14423,#14424,#14425,#14427));
#14429=FACE_OUTER_BOUND('',#14428,.F.);
#14430=ADVANCED_FACE('',(#14429),#14421,.T.);
#14431=FILL_AREA_STYLE_COLOUR('',#10);
#14432=FILL_AREA_STYLE('',(#14431));
#14433=SURFACE_STYLE_FILL_AREA(#14432);
#14434=SURFACE_SIDE_STYLE('',(#14433));
#14435=SURFACE_STYLE_USAGE(.POSITIVE.,#14434);
#14436=FILL_AREA_STYLE_COLOUR('',#6);
#14437=FILL_AREA_STYLE('',(#14436));
#14438=SURFACE_STYLE_FILL_AREA(#14437);
#14439=SURFACE_SIDE_STYLE('',(#14438));
#14440=SURFACE_STYLE_USAGE(.NEGATIVE.,#14439);
#14441=PRESENTATION_STYLE_ASSIGNMENT((#14435,#14440));
#14442=OVER_RIDING_STYLED_ITEM('',(#14441),#14430,#13850);
#14443=CARTESIAN_POINT('',(-3.18E-1,3.18E-1,5.6E0));
#14444=DIRECTION('',(0.E0,-1.E0,0.E0));
#14445=DIRECTION('',(1.E0,0.E0,0.E0));
#14446=AXIS2_PLACEMENT_3D('',#14443,#14444,#14445);
#14447=PLANE('',#14446);
#14448=ORIENTED_EDGE('',*,*,#14422,.F.);
#14450=ORIENTED_EDGE('',*,*,#14449,.T.);
#14452=ORIENTED_EDGE('',*,*,#14451,.T.);
#14453=ORIENTED_EDGE('',*,*,#14372,.F.);
#14454=EDGE_LOOP('',(#14448,#14450,#14452,#14453));
#14455=FACE_OUTER_BOUND('',#14454,.F.);
#14456=ADVANCED_FACE('',(#14455),#14447,.F.);
#14457=FILL_AREA_STYLE_COLOUR('',#10);
#14458=FILL_AREA_STYLE('',(#14457));
#14459=SURFACE_STYLE_FILL_AREA(#14458);
#14460=SURFACE_SIDE_STYLE('',(#14459));
#14461=SURFACE_STYLE_USAGE(.POSITIVE.,#14460);
#14462=FILL_AREA_STYLE_COLOUR('',#6);
#14463=FILL_AREA_STYLE('',(#14462));
#14464=SURFACE_STYLE_FILL_AREA(#14463);
#14465=SURFACE_SIDE_STYLE('',(#14464));
#14466=SURFACE_STYLE_USAGE(.NEGATIVE.,#14465);
#14467=PRESENTATION_STYLE_ASSIGNMENT((#14461,#14466));
#14468=OVER_RIDING_STYLED_ITEM('',(#14467),#14456,#13850);
#14469=CARTESIAN_POINT('',(-3.18E-1,-3.18E-1,5.6E0));
#14470=DIRECTION('',(1.E0,0.E0,0.E0));
#14471=DIRECTION('',(0.E0,1.E0,0.E0));
#14472=AXIS2_PLACEMENT_3D('',#14469,#14470,#14471);
#14473=PLANE('',#14472);
#14475=ORIENTED_EDGE('',*,*,#14474,.F.);
#14476=ORIENTED_EDGE('',*,*,#14348,.T.);
#14478=ORIENTED_EDGE('',*,*,#14477,.T.);
#14479=ORIENTED_EDGE('',*,*,#14449,.F.);
#14480=EDGE_LOOP('',(#14475,#14476,#14478,#14479));
#14481=FACE_OUTER_BOUND('',#14480,.F.);
#14482=ADVANCED_FACE('',(#14481),#14473,.F.);
#14483=FILL_AREA_STYLE_COLOUR('',#10);
#14484=FILL_AREA_STYLE('',(#14483));
#14485=SURFACE_STYLE_FILL_AREA(#14484);
#14486=SURFACE_SIDE_STYLE('',(#14485));
#14487=SURFACE_STYLE_USAGE(.POSITIVE.,#14486);
#14488=FILL_AREA_STYLE_COLOUR('',#6);
#14489=FILL_AREA_STYLE('',(#14488));
#14490=SURFACE_STYLE_FILL_AREA(#14489);
#14491=SURFACE_SIDE_STYLE('',(#14490));
#14492=SURFACE_STYLE_USAGE(.NEGATIVE.,#14491);
#14493=PRESENTATION_STYLE_ASSIGNMENT((#14487,#14492));
#14494=OVER_RIDING_STYLED_ITEM('',(#14493),#14482,#13850);
#14495=CARTESIAN_POINT('',(-1.95E-1,-3.2E-1,5.6E0));
#14496=DIRECTION('',(-8.660254037844E-1,0.E0,5.E-1));
#14497=DIRECTION('',(0.E0,1.E0,0.E0));
#14498=AXIS2_PLACEMENT_3D('',#14495,#14496,#14497);
#14499=PLANE('',#14498);
#14500=ORIENTED_EDGE('',*,*,#14474,.T.);
#14501=ORIENTED_EDGE('',*,*,#14426,.F.);
#14502=ORIENTED_EDGE('',*,*,#14290,.F.);
#14503=ORIENTED_EDGE('',*,*,#14318,.T.);
#14504=EDGE_LOOP('',(#14500,#14501,#14502,#14503));
#14505=FACE_OUTER_BOUND('',#14504,.F.);
#14506=ADVANCED_FACE('',(#14505),#14499,.T.);
#14507=FILL_AREA_STYLE_COLOUR('',#10);
#14508=FILL_AREA_STYLE('',(#14507));
#14509=SURFACE_STYLE_FILL_AREA(#14508);
#14510=SURFACE_SIDE_STYLE('',(#14509));
#14511=SURFACE_STYLE_USAGE(.POSITIVE.,#14510);
#14512=FILL_AREA_STYLE_COLOUR('',#6);
#14513=FILL_AREA_STYLE('',(#14512));
#14514=SURFACE_STYLE_FILL_AREA(#14513);
#14515=SURFACE_SIDE_STYLE('',(#14514));
#14516=SURFACE_STYLE_USAGE(.NEGATIVE.,#14515);
#14517=PRESENTATION_STYLE_ASSIGNMENT((#14511,#14516));
#14518=OVER_RIDING_STYLED_ITEM('',(#14517),#14506,#13850);
#14519=CARTESIAN_POINT('',(0.E0,0.E0,-2.E-1));
#14520=DIRECTION('',(0.E0,0.E0,1.E0));
#14521=DIRECTION('',(1.E0,0.E0,0.E0));
#14522=AXIS2_PLACEMENT_3D('',#14519,#14520,#14521);
#14523=PLANE('',#14522);
#14525=ORIENTED_EDGE('',*,*,#14524,.T.);
#14527=ORIENTED_EDGE('',*,*,#14526,.T.);
#14529=ORIENTED_EDGE('',*,*,#14528,.T.);
#14531=ORIENTED_EDGE('',*,*,#14530,.T.);
#14532=EDGE_LOOP('',(#14525,#14527,#14529,#14531));
#14533=FACE_OUTER_BOUND('',#14532,.F.);
#14534=ORIENTED_EDGE('',*,*,#14451,.F.);
#14535=ORIENTED_EDGE('',*,*,#14477,.F.);
#14536=ORIENTED_EDGE('',*,*,#14346,.F.);
#14537=ORIENTED_EDGE('',*,*,#14374,.F.);
#14538=EDGE_LOOP('',(#14534,#14535,#14536,#14537));
#14539=FACE_BOUND('',#14538,.F.);
#14540=ADVANCED_FACE('',(#14533,#14539),#14523,.T.);
#14541=CARTESIAN_POINT('',(3.2E-1,-3.2E-1,5.6E0));
#14542=DIRECTION('',(0.E0,-1.E0,0.E0));
#14543=DIRECTION('',(-1.E0,0.E0,0.E0));
#14544=AXIS2_PLACEMENT_3D('',#14541,#14542,#14543);
#14545=PLANE('',#14544);
#14546=ORIENTED_EDGE('',*,*,#14524,.F.);
#14548=ORIENTED_EDGE('',*,*,#14547,.T.);
#14550=ORIENTED_EDGE('',*,*,#14549,.T.);
#14552=ORIENTED_EDGE('',*,*,#14551,.F.);
#14553=EDGE_LOOP('',(#14546,#14548,#14550,#14552));
#14554=FACE_OUTER_BOUND('',#14553,.F.);
#14555=ADVANCED_FACE('',(#14554),#14545,.T.);
#14556=CARTESIAN_POINT('',(3.2E-1,3.2E-1,5.6E0));
#14557=DIRECTION('',(1.E0,0.E0,0.E0));
#14558=DIRECTION('',(0.E0,-1.E0,0.E0));
#14559=AXIS2_PLACEMENT_3D('',#14556,#14557,#14558);
#14560=PLANE('',#14559);
#14561=ORIENTED_EDGE('',*,*,#14530,.F.);
#14563=ORIENTED_EDGE('',*,*,#14562,.T.);
#14565=ORIENTED_EDGE('',*,*,#14564,.T.);
#14567=ORIENTED_EDGE('',*,*,#14566,.T.);
#14569=ORIENTED_EDGE('',*,*,#14568,.T.);
#14571=ORIENTED_EDGE('',*,*,#14570,.F.);
#14573=ORIENTED_EDGE('',*,*,#14572,.F.);
#14574=ORIENTED_EDGE('',*,*,#14547,.F.);
#14575=EDGE_LOOP('',(#14561,#14563,#14565,#14567,#14569,#14571,#14573,#14574));
#14576=FACE_OUTER_BOUND('',#14575,.F.);
#14577=ADVANCED_FACE('',(#14576),#14560,.T.);
#14578=CARTESIAN_POINT('',(-3.2E-1,3.2E-1,5.6E0));
#14579=DIRECTION('',(0.E0,1.E0,0.E0));
#14580=DIRECTION('',(1.E0,0.E0,0.E0));
#14581=AXIS2_PLACEMENT_3D('',#14578,#14579,#14580);
#14582=PLANE('',#14581);
#14583=ORIENTED_EDGE('',*,*,#14528,.F.);
#14585=ORIENTED_EDGE('',*,*,#14584,.T.);
#14587=ORIENTED_EDGE('',*,*,#14586,.T.);
#14588=ORIENTED_EDGE('',*,*,#14562,.F.);
#14589=EDGE_LOOP('',(#14583,#14585,#14587,#14588));
#14590=FACE_OUTER_BOUND('',#14589,.F.);
#14591=ADVANCED_FACE('',(#14590),#14582,.T.);
#14592=CARTESIAN_POINT('',(-3.2E-1,-3.2E-1,5.6E0));
#14593=DIRECTION('',(-1.E0,0.E0,0.E0));
#14594=DIRECTION('',(0.E0,1.E0,0.E0));
#14595=AXIS2_PLACEMENT_3D('',#14592,#14593,#14594);
#14596=PLANE('',#14595);
#14597=ORIENTED_EDGE('',*,*,#14526,.F.);
#14598=ORIENTED_EDGE('',*,*,#14551,.T.);
#14600=ORIENTED_EDGE('',*,*,#14599,.T.);
#14602=ORIENTED_EDGE('',*,*,#14601,.T.);
#14604=ORIENTED_EDGE('',*,*,#14603,.T.);
#14606=ORIENTED_EDGE('',*,*,#14605,.F.);
#14608=ORIENTED_EDGE('',*,*,#14607,.F.);
#14609=ORIENTED_EDGE('',*,*,#14584,.F.);
#14610=EDGE_LOOP('',(#14597,#14598,#14600,#14602,#14604,#14606,#14608,#14609));
#14611=FACE_OUTER_BOUND('',#14610,.F.);
#14612=ADVANCED_FACE('',(#14611),#14596,.T.);
#14613=CARTESIAN_POINT('',(1.E0,-1.32E0,-5.32E0));
#14614=DIRECTION('',(-1.E0,0.E0,0.E0));
#14615=DIRECTION('',(0.E0,-1.E0,0.E0));
#14616=AXIS2_PLACEMENT_3D('',#14613,#14614,#14615);
#14617=CYLINDRICAL_SURFACE('',#14616,1.E0);
#14618=ORIENTED_EDGE('',*,*,#14549,.F.);
#14619=ORIENTED_EDGE('',*,*,#14572,.T.);
#14621=ORIENTED_EDGE('',*,*,#14620,.T.);
#14622=ORIENTED_EDGE('',*,*,#14599,.F.);
#14623=EDGE_LOOP('',(#14618,#14619,#14621,#14622));
#14624=FACE_OUTER_BOUND('',#14623,.F.);
#14625=ADVANCED_FACE('',(#14624),#14617,.F.);
#14626=CARTESIAN_POINT('',(3.2E-1,-1.32E0,-6.32E0));
#14627=DIRECTION('',(0.E0,0.E0,1.E0));
#14628=DIRECTION('',(-1.E0,0.E0,0.E0));
#14629=AXIS2_PLACEMENT_3D('',#14626,#14627,#14628);
#14630=PLANE('',#14629);
#14631=ORIENTED_EDGE('',*,*,#14620,.F.);
#14632=ORIENTED_EDGE('',*,*,#14570,.T.);
#14634=ORIENTED_EDGE('',*,*,#14633,.T.);
#14635=ORIENTED_EDGE('',*,*,#14601,.F.);
#14636=EDGE_LOOP('',(#14631,#14632,#14634,#14635));
#14637=FACE_OUTER_BOUND('',#14636,.F.);
#14638=ADVANCED_FACE('',(#14637),#14630,.T.);
#14639=CARTESIAN_POINT('',(3.2E-1,-6.81E0,-6.445E0));
#14640=DIRECTION('',(0.E0,5.E-1,-8.660254037844E-1));
#14641=DIRECTION('',(-1.E0,0.E0,0.E0));
#14642=AXIS2_PLACEMENT_3D('',#14639,#14640,#14641);
#14643=PLANE('',#14642);
#14645=ORIENTED_EDGE('',*,*,#14644,.T.);
#14647=ORIENTED_EDGE('',*,*,#14646,.T.);
#14648=ORIENTED_EDGE('',*,*,#14633,.F.);
#14650=ORIENTED_EDGE('',*,*,#14649,.F.);
#14651=EDGE_LOOP('',(#14645,#14647,#14648,#14650));
#14652=FACE_OUTER_BOUND('',#14651,.F.);
#14653=ADVANCED_FACE('',(#14652),#14643,.F.);
#14654=CARTESIAN_POINT('',(0.E0,-6.81E0,-6.64E0));
#14655=DIRECTION('',(0.E0,-1.E0,0.E0));
#14656=DIRECTION('',(0.E0,0.E0,-1.E0));
#14657=AXIS2_PLACEMENT_3D('',#14654,#14655,#14656);
#14658=PLANE('',#14657);
#14659=ORIENTED_EDGE('',*,*,#14644,.F.);
#14661=ORIENTED_EDGE('',*,*,#14660,.F.);
#14663=ORIENTED_EDGE('',*,*,#14662,.F.);
#14665=ORIENTED_EDGE('',*,*,#14664,.F.);
#14666=EDGE_LOOP('',(#14659,#14661,#14663,#14665));
#14667=FACE_OUTER_BOUND('',#14666,.F.);
#14668=ADVANCED_FACE('',(#14667),#14658,.T.);
#14669=CARTESIAN_POINT('',(1.95E-1,-6.81E0,-6.96E0));
#14670=DIRECTION('',(-8.660254037844E-1,5.E-1,0.E0));
#14671=DIRECTION('',(0.E0,0.E0,1.E0));
#14672=AXIS2_PLACEMENT_3D('',#14669,#14670,#14671);
#14673=PLANE('',#14672);
#14674=ORIENTED_EDGE('',*,*,#14660,.T.);
#14675=ORIENTED_EDGE('',*,*,#14649,.T.);
#14676=ORIENTED_EDGE('',*,*,#14568,.F.);
#14678=ORIENTED_EDGE('',*,*,#14677,.F.);
#14679=EDGE_LOOP('',(#14674,#14675,#14676,#14678));
#14680=FACE_OUTER_BOUND('',#14679,.F.);
#14681=ADVANCED_FACE('',(#14680),#14673,.F.);
#14682=CARTESIAN_POINT('',(-3.2E-1,-6.81E0,-6.835E0));
#14683=DIRECTION('',(0.E0,5.E-1,8.660254037844E-1));
#14684=DIRECTION('',(1.E0,0.E0,0.E0));
#14685=AXIS2_PLACEMENT_3D('',#14682,#14683,#14684);
#14686=PLANE('',#14685);
#14687=ORIENTED_EDGE('',*,*,#14662,.T.);
#14688=ORIENTED_EDGE('',*,*,#14677,.T.);
#14690=ORIENTED_EDGE('',*,*,#14689,.F.);
#14692=ORIENTED_EDGE('',*,*,#14691,.F.);
#14693=EDGE_LOOP('',(#14687,#14688,#14690,#14692));
#14694=FACE_OUTER_BOUND('',#14693,.F.);
#14695=ADVANCED_FACE('',(#14694),#14686,.F.);
#14696=CARTESIAN_POINT('',(-3.2E-1,-1.32E0,-6.96E0));
#14697=DIRECTION('',(0.E0,0.E0,-1.E0));
#14698=DIRECTION('',(1.E0,0.E0,0.E0));
#14699=AXIS2_PLACEMENT_3D('',#14696,#14697,#14698);
#14700=PLANE('',#14699);
#14702=ORIENTED_EDGE('',*,*,#14701,.F.);
#14703=ORIENTED_EDGE('',*,*,#14605,.T.);
#14704=ORIENTED_EDGE('',*,*,#14689,.T.);
#14705=ORIENTED_EDGE('',*,*,#14566,.F.);
#14706=EDGE_LOOP('',(#14702,#14703,#14704,#14705));
#14707=FACE_OUTER_BOUND('',#14706,.F.);
#14708=ADVANCED_FACE('',(#14707),#14700,.T.);
#14709=CARTESIAN_POINT('',(1.E0,-1.32E0,-5.32E0));
#14710=DIRECTION('',(-1.E0,0.E0,0.E0));
#14711=DIRECTION('',(0.E0,-1.E0,0.E0));
#14712=AXIS2_PLACEMENT_3D('',#14709,#14710,#14711);
#14713=CYLINDRICAL_SURFACE('',#14712,1.64E0);
#14714=ORIENTED_EDGE('',*,*,#14586,.F.);
#14715=ORIENTED_EDGE('',*,*,#14607,.T.);
#14716=ORIENTED_EDGE('',*,*,#14701,.T.);
#14717=ORIENTED_EDGE('',*,*,#14564,.F.);
#14718=EDGE_LOOP('',(#14714,#14715,#14716,#14717));
#14719=FACE_OUTER_BOUND('',#14718,.F.);
#14720=ADVANCED_FACE('',(#14719),#14713,.T.);
#14721=CARTESIAN_POINT('',(-1.95E-1,-6.81E0,-6.32E0));
#14722=DIRECTION('',(8.660254037844E-1,5.E-1,0.E0));
#14723=DIRECTION('',(0.E0,0.E0,-1.E0));
#14724=AXIS2_PLACEMENT_3D('',#14721,#14722,#14723);
#14725=PLANE('',#14724);
#14726=ORIENTED_EDGE('',*,*,#14664,.T.);
#14727=ORIENTED_EDGE('',*,*,#14691,.T.);
#14728=ORIENTED_EDGE('',*,*,#14603,.F.);
#14729=ORIENTED_EDGE('',*,*,#14646,.F.);
#14730=EDGE_LOOP('',(#14726,#14727,#14728,#14729));
#14731=FACE_OUTER_BOUND('',#14730,.F.);
#14732=ADVANCED_FACE('',(#14731),#14725,.F.);
#14733=CLOSED_SHELL('',(#14298,#14325,#14352,#14379,#14404,#14430,#14456,#14482,
#14506,#14540,#14555,#14577,#14591,#14612,#14625,#14638,#14653,#14668,#14681,
#14695,#14708,#14720,#14732));
#14734=MANIFOLD_SOLID_BREP('',#14733);
#14735=FILL_AREA_STYLE_COLOUR('',#6);
#14736=FILL_AREA_STYLE('',(#14735));
#14737=SURFACE_STYLE_FILL_AREA(#14736);
#14738=SURFACE_SIDE_STYLE('',(#14737));
#14739=SURFACE_STYLE_USAGE(.BOTH.,#14738);
#14740=PRESENTATION_STYLE_ASSIGNMENT((#14739));
#13850=STYLED_ITEM('',(#14740),#14734);
#14742=DIMENSIONAL_EXPONENTS(0.E0,0.E0,0.E0,0.E0,0.E0,0.E0,0.E0);
#14744=PLANE_ANGLE_MEASURE_WITH_UNIT(PLANE_ANGLE_MEASURE(1.745329251994E-2),
#14743);
#14745=(CONVERSION_BASED_UNIT('DEGREE',#14744)NAMED_UNIT(*)PLANE_ANGLE_UNIT());
#14747=UNCERTAINTY_MEASURE_WITH_UNIT(LENGTH_MEASURE(1.508765004673E-3),#14741,
'closure',
'Maximum model space distance between geometric entities at asserted connectivities');
#14748=(GEOMETRIC_REPRESENTATION_CONTEXT(3)GLOBAL_UNCERTAINTY_ASSIGNED_CONTEXT((
#14747))GLOBAL_UNIT_ASSIGNED_CONTEXT((#14741,#14745,#14746))REPRESENTATION_CONTEXT('ID3','3'));
#14749=CARTESIAN_POINT('',(0.E0,0.E0,0.E0));
#14750=DIRECTION('',(0.E0,0.E0,1.E0));
#14751=DIRECTION('',(1.E0,0.E0,0.E0));
#14754=DESIGN_CONTEXT('',#12802,'design');
#14755=MECHANICAL_CONTEXT('',#12802,'mechanical');
#14756=PRODUCT('M20-974-PIN2','M20-974-PIN2','NOT SPECIFIED',(#14755));
#14757=PRODUCT_DEFINITION_FORMATION_WITH_SPECIFIED_SOURCE('5','LAST_VERSION',
#14756,.MADE.);
#14763=CARTESIAN_POINT('',(0.E0,-2.74E0,1.27E0));
#14764=DIRECTION('',(0.E0,-1.E0,0.E0));
#14765=DIRECTION('',(1.E0,0.E0,0.E0));
#14766=AXIS2_PLACEMENT_3D('',#14763,#14764,#14765);
#14767=ITEM_DEFINED_TRANSFORMATION('','',#14752,#14766);
#14768=(REPRESENTATION_RELATIONSHIP('','',#14753,#12813)REPRESENTATION_RELATIONSHIP_WITH_TRANSFORMATION(#14767)SHAPE_REPRESENTATION_RELATIONSHIP());
#14769=CONTEXT_DEPENDENT_SHAPE_REPRESENTATION(#14768,#14762);
#14772=CARTESIAN_POINT('',(2.54E0,-2.74E0,1.27E0));
#14773=DIRECTION('',(0.E0,-1.E0,0.E0));
#14774=DIRECTION('',(1.E0,0.E0,0.E0));
#14775=AXIS2_PLACEMENT_3D('',#14772,#14773,#14774);
#14776=ITEM_DEFINED_TRANSFORMATION('','',#14752,#14775);
#14777=(REPRESENTATION_RELATIONSHIP('','',#14753,#12813)REPRESENTATION_RELATIONSHIP_WITH_TRANSFORMATION(#14776)SHAPE_REPRESENTATION_RELATIONSHIP());
#14778=CONTEXT_DEPENDENT_SHAPE_REPRESENTATION(#14777,#14771);
#14781=CARTESIAN_POINT('',(5.08E0,-2.74E0,1.27E0));
#14782=DIRECTION('',(0.E0,-1.E0,0.E0));
#14783=DIRECTION('',(1.E0,0.E0,0.E0));
#14784=AXIS2_PLACEMENT_3D('',#14781,#14782,#14783);
#14785=ITEM_DEFINED_TRANSFORMATION('','',#14752,#14784);
#14786=(REPRESENTATION_RELATIONSHIP('','',#14753,#12813)REPRESENTATION_RELATIONSHIP_WITH_TRANSFORMATION(#14785)SHAPE_REPRESENTATION_RELATIONSHIP());
#14787=CONTEXT_DEPENDENT_SHAPE_REPRESENTATION(#14786,#14780);
#14790=CARTESIAN_POINT('',(7.62E0,-2.74E0,1.27E0));
#14791=DIRECTION('',(0.E0,-1.E0,0.E0));
#14792=DIRECTION('',(1.E0,0.E0,0.E0));
#14793=AXIS2_PLACEMENT_3D('',#14790,#14791,#14792);
#14794=ITEM_DEFINED_TRANSFORMATION('','',#14752,#14793);
#14795=(REPRESENTATION_RELATIONSHIP('','',#14753,#12813)REPRESENTATION_RELATIONSHIP_WITH_TRANSFORMATION(#14794)SHAPE_REPRESENTATION_RELATIONSHIP());
#14796=CONTEXT_DEPENDENT_SHAPE_REPRESENTATION(#14795,#14789);
#14799=CARTESIAN_POINT('',(1.016E1,-2.74E0,1.27E0));
#14800=DIRECTION('',(0.E0,-1.E0,0.E0));
#14801=DIRECTION('',(1.E0,0.E0,0.E0));
#14802=AXIS2_PLACEMENT_3D('',#14799,#14800,#14801);
#14803=ITEM_DEFINED_TRANSFORMATION('','',#14752,#14802);
#14804=(REPRESENTATION_RELATIONSHIP('','',#14753,#12813)REPRESENTATION_RELATIONSHIP_WITH_TRANSFORMATION(#14803)SHAPE_REPRESENTATION_RELATIONSHIP());
#14805=CONTEXT_DEPENDENT_SHAPE_REPRESENTATION(#14804,#14798);
#14808=CARTESIAN_POINT('',(1.27E1,-2.74E0,1.27E0));
#14809=DIRECTION('',(0.E0,-1.E0,0.E0));
#14810=DIRECTION('',(1.E0,0.E0,0.E0));
#14811=AXIS2_PLACEMENT_3D('',#14808,#14809,#14810);
#14812=ITEM_DEFINED_TRANSFORMATION('','',#14752,#14811);
#14813=(REPRESENTATION_RELATIONSHIP('','',#14753,#12813)REPRESENTATION_RELATIONSHIP_WITH_TRANSFORMATION(#14812)SHAPE_REPRESENTATION_RELATIONSHIP());
#14814=CONTEXT_DEPENDENT_SHAPE_REPRESENTATION(#14813,#14807);
#14817=CARTESIAN_POINT('',(1.524E1,-2.74E0,1.27E0));
#14818=DIRECTION('',(0.E0,-1.E0,0.E0));
#14819=DIRECTION('',(1.E0,0.E0,0.E0));
#14820=AXIS2_PLACEMENT_3D('',#14817,#14818,#14819);
#14821=ITEM_DEFINED_TRANSFORMATION('','',#14752,#14820);
#14822=(REPRESENTATION_RELATIONSHIP('','',#14753,#12813)REPRESENTATION_RELATIONSHIP_WITH_TRANSFORMATION(#14821)SHAPE_REPRESENTATION_RELATIONSHIP());
#14823=CONTEXT_DEPENDENT_SHAPE_REPRESENTATION(#14822,#14816);
#14826=CARTESIAN_POINT('',(1.778E1,-2.74E0,1.27E0));
#14827=DIRECTION('',(0.E0,-1.E0,0.E0));
#14828=DIRECTION('',(1.E0,0.E0,0.E0));
#14829=AXIS2_PLACEMENT_3D('',#14826,#14827,#14828);
#14830=ITEM_DEFINED_TRANSFORMATION('','',#14752,#14829);
#14831=(REPRESENTATION_RELATIONSHIP('','',#14753,#12813)REPRESENTATION_RELATIONSHIP_WITH_TRANSFORMATION(#14830)SHAPE_REPRESENTATION_RELATIONSHIP());
#14832=CONTEXT_DEPENDENT_SHAPE_REPRESENTATION(#14831,#14825);
#14835=CARTESIAN_POINT('',(2.032E1,-2.74E0,1.27E0));
#14836=DIRECTION('',(0.E0,-1.E0,0.E0));
#14837=DIRECTION('',(1.E0,0.E0,0.E0));
#14838=AXIS2_PLACEMENT_3D('',#14835,#14836,#14837);
#14839=ITEM_DEFINED_TRANSFORMATION('','',#14752,#14838);
#14840=(REPRESENTATION_RELATIONSHIP('','',#14753,#12813)REPRESENTATION_RELATIONSHIP_WITH_TRANSFORMATION(#14839)SHAPE_REPRESENTATION_RELATIONSHIP());
#14841=CONTEXT_DEPENDENT_SHAPE_REPRESENTATION(#14840,#14834);
#14844=CARTESIAN_POINT('',(2.286E1,-2.74E0,1.27E0));
#14845=DIRECTION('',(0.E0,-1.E0,0.E0));
#14846=DIRECTION('',(1.E0,0.E0,0.E0));
#14847=AXIS2_PLACEMENT_3D('',#14844,#14845,#14846);
#14848=ITEM_DEFINED_TRANSFORMATION('','',#14752,#14847);
#14849=(REPRESENTATION_RELATIONSHIP('','',#14753,#12813)REPRESENTATION_RELATIONSHIP_WITH_TRANSFORMATION(#14848)SHAPE_REPRESENTATION_RELATIONSHIP());
#14850=CONTEXT_DEPENDENT_SHAPE_REPRESENTATION(#14849,#14843);
#14853=CARTESIAN_POINT('',(2.54E1,-2.74E0,1.27E0));
#14854=DIRECTION('',(0.E0,-1.E0,0.E0));
#14855=DIRECTION('',(1.E0,0.E0,0.E0));
#14856=AXIS2_PLACEMENT_3D('',#14853,#14854,#14855);
#14857=ITEM_DEFINED_TRANSFORMATION('','',#14752,#14856);
#14858=(REPRESENTATION_RELATIONSHIP('','',#14753,#12813)REPRESENTATION_RELATIONSHIP_WITH_TRANSFORMATION(#14857)SHAPE_REPRESENTATION_RELATIONSHIP());
#14859=CONTEXT_DEPENDENT_SHAPE_REPRESENTATION(#14858,#14852);
#14862=CARTESIAN_POINT('',(2.794E1,-2.74E0,1.27E0));
#14863=DIRECTION('',(0.E0,-1.E0,0.E0));
#14864=DIRECTION('',(1.E0,0.E0,0.E0));
#14865=AXIS2_PLACEMENT_3D('',#14862,#14863,#14864);
#14866=ITEM_DEFINED_TRANSFORMATION('','',#14752,#14865);
#14867=(REPRESENTATION_RELATIONSHIP('','',#14753,#12813)REPRESENTATION_RELATIONSHIP_WITH_TRANSFORMATION(#14866)SHAPE_REPRESENTATION_RELATIONSHIP());
#14868=CONTEXT_DEPENDENT_SHAPE_REPRESENTATION(#14867,#14861);
#14871=CARTESIAN_POINT('',(3.048E1,-2.74E0,1.27E0));
#14872=DIRECTION('',(0.E0,-1.E0,0.E0));
#14873=DIRECTION('',(1.E0,0.E0,0.E0));
#14874=AXIS2_PLACEMENT_3D('',#14871,#14872,#14873);
#14875=ITEM_DEFINED_TRANSFORMATION('','',#14752,#14874);
#14876=(REPRESENTATION_RELATIONSHIP('','',#14753,#12813)REPRESENTATION_RELATIONSHIP_WITH_TRANSFORMATION(#14875)SHAPE_REPRESENTATION_RELATIONSHIP());
#14877=CONTEXT_DEPENDENT_SHAPE_REPRESENTATION(#14876,#14870);
#14879=DIMENSIONAL_EXPONENTS(0.E0,0.E0,0.E0,0.E0,0.E0,0.E0,0.E0);
#14881=PLANE_ANGLE_MEASURE_WITH_UNIT(PLANE_ANGLE_MEASURE(1.745329251994E-2),
#14880);
#14882=(CONVERSION_BASED_UNIT('DEGREE',#14881)NAMED_UNIT(*)PLANE_ANGLE_UNIT());
#14884=UNCERTAINTY_MEASURE_WITH_UNIT(LENGTH_MEASURE(3.622996804929E-3),#14878,
'closure',
'Maximum model space distance between geometric entities at asserted connectivities');
#14885=(GEOMETRIC_REPRESENTATION_CONTEXT(3)GLOBAL_UNCERTAINTY_ASSIGNED_CONTEXT((
#14884))GLOBAL_UNIT_ASSIGNED_CONTEXT((#14878,#14882,#14883))REPRESENTATION_CONTEXT('ID4','3'));
#14886=CARTESIAN_POINT('',(0.E0,0.E0,0.E0));
#14887=DIRECTION('',(0.E0,0.E0,1.E0));
#14888=DIRECTION('',(1.E0,0.E0,0.E0));
#14890=MECHANICAL_DESIGN_GEOMETRIC_PRESENTATION_REPRESENTATION('',(#19,#26,#33,
#40,#47,#54,#61,#68,#75,#82,#89,#96,#103,#110,#117,#124,#131,#138,#145,#152,
#159,#166,#173,#180,#187,#194,#201,#208,#215,#222,#229,#236,#243,#250,#257,#264,
#271,#278,#285,#292,#299,#306,#313,#320,#327,#334,#341,#348,#355,#362,#369,#376,
#383,#390,#397,#404,#411,#418,#425,#432,#439,#446,#453,#460,#467,#474,#481,#488,
#495,#502,#509,#516,#523,#530,#537,#544,#551,#558,#565,#572,#579,#586,#593,#600,
#607,#614,#621,#628,#635,#642,#649,#656,#663,#670,#677,#684,#691,#698,#705,#712,
#719,#726,#733,#740,#747,#754,#761,#768,#775,#782,#789,#796,#803,#810,#817,#824,
#831,#838,#845,#852,#859,#866,#873,#880,#887,#894,#901,#908,#915,#922,#929,#936,
#943,#950,#957,#964,#971,#978,#985,#992,#999,#1006,#1013,#1020,#1027,#1034,
#1041,#1048,#1055,#1062,#1069,#1076,#1083,#1090,#1097,#1104,#1111,#1118,#1125,
#1132,#1139,#1146,#1153,#1160,#1167,#1174,#1181,#1188,#1195,#1202,#1209,#1216,
#1223,#1230,#1237,#1244,#1251,#1258,#1265,#1272,#1279,#1286,#1293,#1300,#1307,
#1314,#1321,#1328,#1335,#1342,#1349,#1356,#1363,#1370,#1377,#1384,#1391,#1398,
#1405,#1412,#1419,#1426,#1433,#1440,#1447,#1454,#1461,#1468,#1475,#1482,#1489,
#1496,#1503,#1510,#1517,#1524,#1531,#1538,#1545,#1552,#1559,#1566,#1573,#1580,
#1587,#1594,#1601,#1608,#1615,#1622,#1629,#1636,#1643,#1650,#1657,#1664,#1671,
#1678,#1685,#1692,#1699,#1706,#1713,#1720,#1727,#1734,#1741,#1748,#1755,#1762,
#1769,#1776,#1783,#1790,#1797,#1804,#1811,#1818,#1825,#1832,#1839,#1846,#1853,
#1860,#1867,#1874,#1881,#1888,#1895,#1902,#1909,#1916,#1923,#1930,#1937,#1944,
#1951,#1958,#1965,#1972,#1979,#1986,#1993,#2000,#2007,#2014,#2021,#2028,#2035,
#2042,#2049,#2056,#2063,#2070,#2077,#2084,#2091,#2098,#2105,#2112,#2119,#2126,
#2133,#2140,#2147,#2154,#2161,#2168,#2175,#2182,#2189,#2196,#2203,#2210,#2217,
#2224,#2231,#2238,#2245,#2252,#2259,#2266,#2273,#2280,#2287,#2294,#2301,#2308,
#2315,#2322,#2329,#2336,#2343,#2350,#2357,#2364,#2371,#2378,#2385,#2392,#2399,
#2406,#2413,#2420,#2427,#2434,#2441,#2448,#2455,#2462,#2469,#2476,#2483,#2490,
#2497,#2504,#2511,#2518,#2525,#2532,#2539,#2546,#2553,#2560,#2567,#2574,#2581,
#2588,#2595,#2602,#2609,#2616,#2623,#2630,#2637,#2644,#2651,#2658,#2665,#2672,
#2679,#2686,#2693,#2700,#2707,#2714,#2721,#2728,#2735,#2742,#2749,#2756,#2763,
#2770,#2777,#2784,#2791,#2798,#2805,#2812,#2819,#2826,#2833,#2840,#2847,#2854,
#2861,#2868,#2875,#2882,#2889,#2896,#2903,#2910,#2917,#2924,#2931,#2938,#2945,
#2952,#2959,#2966,#2973,#2980,#2987,#2994,#3001,#3008,#3015,#3022,#3029,#3036,
#3043,#3050,#3057,#3064,#3071,#3078,#3085,#3092,#3099,#3106,#3113,#3120,#3127,
#3134,#3141,#3148,#3155,#3162,#3169,#3176,#3183,#3190,#3197,#3204,#3211,#3218,
#3225,#3232,#3239,#3246,#3253,#3260,#3267,#3274,#3281,#3288,#3295,#3302,#3309,
#3316,#3323,#3330,#3337,#3344,#3351,#3358,#3365,#3372,#3379,#3386,#3393,#3400,
#3407,#3414,#3421,#3428,#3435,#3442,#3449,#3456,#3463,#3470,#3477,#3484,#3491,
#3498,#3505,#3512,#3519,#3526,#3533,#3540,#3547,#3554,#3561,#3568,#3575,#3582,
#3589,#3596,#3603,#3610,#3617,#3624,#3631,#3638,#3645,#3652,#3659,#3666,#3673,
#3680,#3687,#3694,#3701,#3708,#3715,#3722,#3729,#3736,#3743,#3750,#3757,#3764,
#3771,#3778,#3785,#3792,#3799,#3806,#3813,#3820,#3827,#3834,#3841,#3848,#3855,
#3862,#3869,#3876,#3883,#3890,#3897,#3904,#3911,#3918,#3925,#3932,#3939,#3946,
#3953,#3960,#3967,#3974,#3981,#3988,#3995,#4002,#4009,#4016,#4023,#4030,#4037,
#4044,#4051,#4058,#4065,#4072,#4079,#4086,#4093,#4100,#4107,#4114,#4121,#4128,
#4135,#4142,#4149,#4156,#4163,#4170,#4177,#4184,#4191,#4198,#4205,#4212,#4219,
#4226,#4233,#4240,#4247,#4254,#4261,#4268,#4275,#4282,#4289,#4296,#4303,#4310,
#4317,#4324,#4331,#4338,#4345,#4352,#4359,#4366,#4373,#4380,#4387,#4394,#4401,
#4408,#4415,#4422,#4429,#4436,#4443,#4450,#4457,#4464,#4471,#4478,#4485,#4492,
#4499,#4506,#4513,#4520,#4527,#4534,#4541,#4548,#4555,#4562,#4569,#4576,#4583,
#4590,#4597,#4604,#4611,#4618,#4625,#4632,#4639,#4646,#4653,#4660,#4667,#4674,
#4681,#4688,#4695,#4702,#4709,#4716,#4723,#4730,#4737,#4744,#4751,#4758,#4765,
#4772,#4779,#4786,#4793,#4800,#4807,#4814,#4821,#4828,#4835,#4842,#4849,#4856,
#4863,#4870,#4877,#4884,#4891,#4898,#4905,#4912,#4919,#4926,#4933,#4940,#4947,
#4954,#4961,#4968,#4975,#4982,#4989,#4996,#5003,#5010,#5017,#5024,#5031,#5038,
#5045,#5052,#5059,#5066,#5073,#5080,#5087,#5094,#5101,#5108,#5115,#5122,#5129,
#5136,#5143,#5150,#5157,#5164,#5171,#5178,#5185,#5192,#5199,#5206,#5213,#5220,
#5227,#5234,#5241,#5248,#5255,#5262,#5269,#5276,#5283,#5290,#5297,#5304,#5311,
#5318,#5325,#5332,#5339,#5346,#5353,#5360,#5367,#5374,#5381,#5388,#5395,#5402,
#5409,#5416,#5423,#5430,#5437,#5444,#5451,#5458,#5465,#5472,#5479,#5486,#5493,
#5500,#5507,#5514,#5521,#5528,#5535,#5542,#5549,#5556,#5563,#5570,#5577,#5584,
#5591,#5598,#5605,#5612,#5619,#5626,#5633,#5640,#5647,#5654,#5661,#5668,#5675,
#5682,#5689,#5696,#5703,#5710,#5717,#5724,#5731,#5738,#5745,#5752,#5759,#5766,
#5773,#5780,#5787,#5794,#5801,#5808,#5815,#5822,#5829,#5836,#5843,#5850,#5857,
#5864,#5871,#5878,#5885,#5892,#5899,#5906,#5913,#5920,#5927,#5934,#5941,#5948,
#5955,#5962,#5969,#5976,#5983,#5990,#5997,#6004,#6011,#6018,#6025,#6032,#6039,
#6046,#6053,#6060,#6067,#6074,#6081,#6088,#6095,#6102,#6109,#6116,#6123,#6130,
#6137,#6144,#6151,#6158,#6165,#6172,#6179,#6186,#6193,#6200,#6207,#6214,#6221,
#6228,#6235,#6242,#6249,#6256,#6263,#6270,#6277,#6284,#11,#12830,#12837,#12844,
#12851,#12858,#12865,#12872,#12879,#12886,#12893,#12900,#12907,#12914,#12921,
#12928,#12935,#12942,#12949,#12956,#12963,#12970,#12977,#12984,#12991,#12999,
#13006,#13013,#13020,#13027,#13034,#13042,#13049,#13056,#13064,#13071,#13078,
#13085,#13092,#13099,#13106,#13113,#13120,#13127,#13134,#13141,#13148,#13155,
#13162,#13170,#13177,#13184,#13191,#13283,#13310,#13337,#13364,#13389,#13415,
#13441,#13467,#13491,#12823,#13857,#13864,#13871,#13878,#13885,#13892,#13899,
#13906,#13913,#13920,#13927,#13934,#13941,#13948,#13955,#13962,#13969,#13976,
#13983,#13990,#13997,#14004,#14011,#14018,#14026,#14033,#14040,#14047,#14054,
#14061,#14069,#14076,#14083,#14091,#14098,#14105,#14112,#14119,#14126,#14133,
#14140,#14147,#14154,#14161,#14168,#14175,#14182,#14189,#14197,#14204,#14211,
#14218,#14310,#14337,#14364,#14391,#14416,#14442,#14468,#14494,#14518,#13850),
#14885);
#14891=MECHANICAL_CONTEXT('',#12802,'mechanical');
#14892=PRODUCT('M20-97413XX_ASM','M20-97413XX_ASM','NOT SPECIFIED',(#14891));
#14893=PRODUCT_DEFINITION_FORMATION_WITH_SPECIFIED_SOURCE('9','LAST_VERSION',
#14892,.MADE.);
#14895=PRODUCT_CATEGORY('part','');
#14896=PRODUCT_RELATED_PRODUCT_CATEGORY('assembly','',(#14892));
#14897=PRODUCT_CATEGORY_RELATIONSHIP('','',#14895,#14896);
#14898=PRODUCT_CATEGORY('part','');
#14899=PRODUCT_RELATED_PRODUCT_CATEGORY('detail','',(#12806,#13728,#14756));
#14900=PRODUCT_CATEGORY_RELATIONSHIP('','',#14898,#14899);
#14901=SECURITY_CLASSIFICATION_LEVEL('unclassified');
#14902=SECURITY_CLASSIFICATION('','',#14901);
#14903=CC_DESIGN_SECURITY_CLASSIFICATION(#14902,(#12807,#13729,#14757,#14893,
#12814,#13733,#13742,#13751,#13760,#13769,#13778,#13787,#13796,#13805,#13814,
#13823,#13832,#13841,#14761,#14770,#14779,#14788,#14797,#14806,#14815,#14824,
#14833,#14842,#14851,#14860,#14869));
#14904=APPROVAL_STATUS('approved');
#14905=APPROVAL(#14904,'');
#14906=CC_DESIGN_APPROVAL(#14905,(#14902,#12807,#13729,#14757,#14893,#12808,
#13730,#14758,#14894));
#14907=CALENDAR_DATE(115,27,1);
#14908=COORDINATED_UNIVERSAL_TIME_OFFSET(0,0,.BEHIND.);
#14909=LOCAL_TIME(15,5,4.E0,#14908);
#14910=DATE_AND_TIME(#14907,#14909);
#14911=APPROVAL_DATE_TIME(#14910,#14905);
#14912=DATE_TIME_ROLE('creation_date');
#14913=CC_DESIGN_DATE_AND_TIME_ASSIGNMENT(#14910,#14912,(#12808,#13730,#14758,
#14894));
#14914=DATE_TIME_ROLE('classification_date');
#14915=CC_DESIGN_DATE_AND_TIME_ASSIGNMENT(#14910,#14914,(#14902));
#14916=PERSON('UNSPECIFIED','UNSPECIFIED',$,$,$,$);
#14917=ORGANIZATION('UNSPECIFIED','UNSPECIFIED','UNSPECIFIED');
#14918=PERSON_AND_ORGANIZATION(#14916,#14917);
#14919=APPROVAL_ROLE('approver');
#14920=APPROVAL_PERSON_ORGANIZATION(#14918,#14905,#14919);
#14921=PERSON_AND_ORGANIZATION_ROLE('creator');
#14922=CC_DESIGN_PERSON_AND_ORGANIZATION_ASSIGNMENT(#14918,#14921,(#12807,
#13729,#14757,#14893,#12808,#13730,#14758,#14894));
#14923=PERSON_AND_ORGANIZATION_ROLE('design_supplier');
#14924=CC_DESIGN_PERSON_AND_ORGANIZATION_ASSIGNMENT(#14918,#14923,(#12807,
#13729,#14757,#14893));
#14925=PERSON_AND_ORGANIZATION_ROLE('classification_officer');
#14926=CC_DESIGN_PERSON_AND_ORGANIZATION_ASSIGNMENT(#14918,#14925,(#14902));
#14927=PERSON_AND_ORGANIZATION_ROLE('design_owner');
#14928=CC_DESIGN_PERSON_AND_ORGANIZATION_ASSIGNMENT(#14918,#14927,(#14892,
#12806,#13728,#14756));
#1=COLOUR_RGB('',1.73616E-1,4.26579E-1,1.E0);
#2=COLOUR_RGB('',2.5E-1,7.4E-1,3.4E-1);
#3=COLOUR_RGB('',2.96117E-1,2.96117E-1,2.96117E-1);
#4=COLOUR_RGB('',4.85437E-1,3.0377E-1,1.57841E-1);
#5=COLOUR_RGB('',6.952E-1,7.426E-1,7.9E-1);
#6=COLOUR_RGB('',9.27184E-1,9.27184E-1,9.27184E-1);
#7=COLOUR_RGB('',9.32515E-1,9.41748E-1,9.41748E-1);
#8=COLOUR_RGB('',9.74868E-1,1.E0,8.54254E-1);
#9=COLOUR_RGB('',1.E0,2.30389E-1,2.01445E-1);
#10=COLOUR_RGB('',1.E0,8.07843E-1,4.58824E-1);
#7450=EDGE_CURVE('',#6349,#6355,#15,.T.);
#7452=EDGE_CURVE('',#6349,#6287,#23,.T.);
#7454=EDGE_CURVE('',#6287,#6288,#30,.T.);
#7456=EDGE_CURVE('',#6288,#6355,#37,.T.);
#7466=EDGE_CURVE('',#6346,#6364,#44,.T.);
#7468=EDGE_CURVE('',#6364,#6291,#51,.T.);
#7470=EDGE_CURVE('',#6291,#6292,#58,.T.);
#7472=EDGE_CURVE('',#6292,#6346,#65,.T.);
#7482=EDGE_CURVE('',#6349,#6350,#72,.T.);
#7485=EDGE_CURVE('',#6355,#6356,#1962,.T.);
#7487=EDGE_CURVE('',#6356,#6350,#275,.T.);
#7498=EDGE_CURVE('',#6352,#6350,#79,.T.);
#7500=EDGE_CURVE('',#6352,#6332,#86,.T.);
#7502=EDGE_CURVE('',#6319,#6332,#93,.T.);
#7504=EDGE_CURVE('',#6319,#6295,#2102,.T.);
#7506=EDGE_CURVE('',#6287,#6295,#1990,.T.);
#7517=EDGE_CURVE('',#7374,#7428,#100,.T.);
#7519=EDGE_CURVE('',#7428,#7315,#1031,.T.);
#7521=EDGE_CURVE('',#7315,#7316,#1024,.T.);
#7523=EDGE_CURVE('',#7422,#7316,#996,.T.);
#7525=EDGE_CURVE('',#7422,#7419,#975,.T.);
#7527=EDGE_CURVE('',#7419,#7420,#954,.T.);
#7529=EDGE_CURVE('',#7420,#7424,#933,.T.);
#7531=EDGE_CURVE('',#7424,#7312,#2956,.T.);
#7533=EDGE_CURVE('',#7311,#7312,#107,.T.);
#7535=EDGE_CURVE('',#7426,#7311,#2942,.T.);
#7537=EDGE_CURVE('',#7426,#7376,#114,.T.);
#7539=EDGE_CURVE('',#7376,#7264,#2893,.T.);
#7541=EDGE_CURVE('',#7263,#7264,#121,.T.);
#7543=EDGE_CURVE('',#7378,#7263,#2879,.T.);
#7545=EDGE_CURVE('',#7378,#7336,#128,.T.);
#7547=EDGE_CURVE('',#7336,#7216,#2830,.T.);
#7549=EDGE_CURVE('',#7215,#7216,#135,.T.);
#7551=EDGE_CURVE('',#7338,#7215,#2816,.T.);
#7553=EDGE_CURVE('',#7338,#7152,#142,.T.);
#7555=EDGE_CURVE('',#7152,#6808,#2767,.T.);
#7557=EDGE_CURVE('',#6807,#6808,#149,.T.);
#7559=EDGE_CURVE('',#7154,#6807,#2753,.T.);
#7561=EDGE_CURVE('',#7154,#7112,#156,.T.);
#7563=EDGE_CURVE('',#7112,#6760,#2704,.T.);
#7565=EDGE_CURVE('',#6759,#6760,#163,.T.);
#7567=EDGE_CURVE('',#7114,#6759,#2690,.T.);
#7569=EDGE_CURVE('',#7114,#7072,#170,.T.);
#7571=EDGE_CURVE('',#7072,#6712,#2641,.T.);
#7573=EDGE_CURVE('',#6711,#6712,#177,.T.);
#7575=EDGE_CURVE('',#7074,#6711,#2627,.T.);
#7577=EDGE_CURVE('',#7074,#7032,#184,.T.);
#7579=EDGE_CURVE('',#7032,#6664,#2578,.T.);
#7581=EDGE_CURVE('',#6663,#6664,#191,.T.);
#7583=EDGE_CURVE('',#7034,#6663,#2564,.T.);
#7585=EDGE_CURVE('',#7034,#6992,#198,.T.);
#7587=EDGE_CURVE('',#6992,#6616,#2515,.T.);
#7589=EDGE_CURVE('',#6615,#6616,#205,.T.);
#7591=EDGE_CURVE('',#6994,#6615,#2501,.T.);
#7593=EDGE_CURVE('',#6994,#6952,#212,.T.);
#7595=EDGE_CURVE('',#6952,#6568,#2452,.T.);
#7597=EDGE_CURVE('',#6567,#6568,#219,.T.);
#7599=EDGE_CURVE('',#6954,#6567,#2438,.T.);
#7601=EDGE_CURVE('',#6954,#6912,#226,.T.);
#7603=EDGE_CURVE('',#6912,#6520,#2389,.T.);
#7605=EDGE_CURVE('',#6519,#6520,#233,.T.);
#7607=EDGE_CURVE('',#6914,#6519,#2375,.T.);
#7609=EDGE_CURVE('',#6914,#6872,#240,.T.);
#7611=EDGE_CURVE('',#6872,#6472,#2326,.T.);
#7613=EDGE_CURVE('',#6471,#6472,#247,.T.);
#7615=EDGE_CURVE('',#6874,#6471,#2312,.T.);
#7617=EDGE_CURVE('',#6874,#6832,#254,.T.);
#7619=EDGE_CURVE('',#6832,#6424,#2263,.T.);
#7621=EDGE_CURVE('',#6423,#6424,#261,.T.);
#7623=EDGE_CURVE('',#6834,#6423,#2249,.T.);
#7625=EDGE_CURVE('',#6834,#6352,#268,.T.);
#7629=EDGE_CURVE('',#6358,#6356,#1983,.T.);
#7631=EDGE_CURVE('',#6358,#6339,#1941,.T.);
#7633=EDGE_CURVE('',#6339,#6340,#1920,.T.);
#7635=EDGE_CURVE('',#6340,#6360,#1899,.T.);
#7637=EDGE_CURVE('',#6360,#6362,#1871,.T.);
#7639=EDGE_CURVE('',#6362,#6344,#1864,.T.);
#7641=EDGE_CURVE('',#6343,#6344,#1836,.T.);
#7643=EDGE_CURVE('',#6343,#6836,#282,.T.);
#7645=EDGE_CURVE('',#6836,#6427,#1801,.T.);
#7647=EDGE_CURVE('',#6427,#6428,#1794,.T.);
#7649=EDGE_CURVE('',#6830,#6428,#1766,.T.);
#7651=EDGE_CURVE('',#6830,#6876,#289,.T.);
#7653=EDGE_CURVE('',#6876,#6475,#1731,.T.);
#7655=EDGE_CURVE('',#6475,#6476,#1724,.T.);
#7657=EDGE_CURVE('',#6870,#6476,#1696,.T.);
#7659=EDGE_CURVE('',#6870,#6916,#296,.T.);
#7661=EDGE_CURVE('',#6916,#6523,#1661,.T.);
#7663=EDGE_CURVE('',#6523,#6524,#1654,.T.);
#7665=EDGE_CURVE('',#6910,#6524,#1626,.T.);
#7667=EDGE_CURVE('',#6910,#6956,#303,.T.);
#7669=EDGE_CURVE('',#6956,#6571,#1591,.T.);
#7671=EDGE_CURVE('',#6571,#6572,#1584,.T.);
#7673=EDGE_CURVE('',#6950,#6572,#1556,.T.);
#7675=EDGE_CURVE('',#6950,#6996,#310,.T.);
#7677=EDGE_CURVE('',#6996,#6619,#1521,.T.);
#7679=EDGE_CURVE('',#6619,#6620,#1514,.T.);
#7681=EDGE_CURVE('',#6990,#6620,#1486,.T.);
#7683=EDGE_CURVE('',#6990,#7036,#317,.T.);
#7685=EDGE_CURVE('',#7036,#6667,#1451,.T.);
#7687=EDGE_CURVE('',#6667,#6668,#1444,.T.);
#7689=EDGE_CURVE('',#7030,#6668,#1416,.T.);
#7691=EDGE_CURVE('',#7030,#7076,#324,.T.);
#7693=EDGE_CURVE('',#7076,#6715,#1381,.T.);
#7695=EDGE_CURVE('',#6715,#6716,#1374,.T.);
#7697=EDGE_CURVE('',#7070,#6716,#1346,.T.);
#7699=EDGE_CURVE('',#7070,#7116,#331,.T.);
#7701=EDGE_CURVE('',#7116,#6763,#1311,.T.);
#7703=EDGE_CURVE('',#6763,#6764,#1304,.T.);
#7705=EDGE_CURVE('',#7110,#6764,#1276,.T.);
#7707=EDGE_CURVE('',#7110,#7156,#338,.T.);
#7709=EDGE_CURVE('',#7156,#6811,#1241,.T.);
#7711=EDGE_CURVE('',#6811,#6812,#1234,.T.);
#7713=EDGE_CURVE('',#7150,#6812,#1206,.T.);
#7715=EDGE_CURVE('',#7150,#7340,#345,.T.);
#7717=EDGE_CURVE('',#7340,#7219,#1171,.T.);
#7719=EDGE_CURVE('',#7219,#7220,#1164,.T.);
#7721=EDGE_CURVE('',#7334,#7220,#1136,.T.);
#7723=EDGE_CURVE('',#7334,#7380,#352,.T.);
#7725=EDGE_CURVE('',#7380,#7267,#1101,.T.);
#7727=EDGE_CURVE('',#7267,#7268,#1094,.T.);
#7729=EDGE_CURVE('',#7374,#7268,#1066,.T.);
#7733=EDGE_CURVE('',#7431,#7432,#527,.T.);
#7735=EDGE_CURVE('',#7432,#7434,#569,.T.);
#7737=EDGE_CURVE('',#7434,#7436,#555,.T.);
#7739=EDGE_CURVE('',#7436,#7431,#541,.T.);
#7743=EDGE_CURVE('',#7391,#7392,#3215,.T.);
#7745=EDGE_CURVE('',#7392,#7394,#3257,.T.);
#7747=EDGE_CURVE('',#7394,#7396,#3243,.T.);
#7749=EDGE_CURVE('',#7396,#7391,#3229,.T.);
#7753=EDGE_CURVE('',#7383,#7384,#3159,.T.);
#7755=EDGE_CURVE('',#7384,#7386,#3201,.T.);
#7757=EDGE_CURVE('',#7386,#7388,#3187,.T.);
#7759=EDGE_CURVE('',#7388,#7383,#3173,.T.);
#7763=EDGE_CURVE('',#7351,#7352,#3509,.T.);
#7765=EDGE_CURVE('',#7352,#7354,#3551,.T.);
#7767=EDGE_CURVE('',#7354,#7356,#3537,.T.);
#7769=EDGE_CURVE('',#7356,#7351,#3523,.T.);
#7773=EDGE_CURVE('',#7343,#7344,#3453,.T.);
#7775=EDGE_CURVE('',#7344,#7346,#3495,.T.);
#7777=EDGE_CURVE('',#7346,#7348,#3481,.T.);
#7779=EDGE_CURVE('',#7348,#7343,#3467,.T.);
#7783=EDGE_CURVE('',#7167,#7168,#3803,.T.);
#7785=EDGE_CURVE('',#7168,#7170,#3845,.T.);
#7787=EDGE_CURVE('',#7170,#7172,#3831,.T.);
#7789=EDGE_CURVE('',#7172,#7167,#3817,.T.);
#7793=EDGE_CURVE('',#7159,#7160,#3747,.T.);
#7795=EDGE_CURVE('',#7160,#7162,#3789,.T.);
#7797=EDGE_CURVE('',#7162,#7164,#3775,.T.);
#7799=EDGE_CURVE('',#7164,#7159,#3761,.T.);
#7803=EDGE_CURVE('',#7127,#7128,#4097,.T.);
#7805=EDGE_CURVE('',#7128,#7130,#4139,.T.);
#7807=EDGE_CURVE('',#7130,#7132,#4125,.T.);
#7809=EDGE_CURVE('',#7132,#7127,#4111,.T.);
#7813=EDGE_CURVE('',#7119,#7120,#4041,.T.);
#7815=EDGE_CURVE('',#7120,#7122,#4083,.T.);
#7817=EDGE_CURVE('',#7122,#7124,#4069,.T.);
#7819=EDGE_CURVE('',#7124,#7119,#4055,.T.);
#7823=EDGE_CURVE('',#7087,#7088,#4391,.T.);
#7825=EDGE_CURVE('',#7088,#7090,#4433,.T.);
#7827=EDGE_CURVE('',#7090,#7092,#4419,.T.);
#7829=EDGE_CURVE('',#7092,#7087,#4405,.T.);
#7833=EDGE_CURVE('',#7079,#7080,#4335,.T.);
#7835=EDGE_CURVE('',#7080,#7082,#4377,.T.);
#7837=EDGE_CURVE('',#7082,#7084,#4363,.T.);
#7839=EDGE_CURVE('',#7084,#7079,#4349,.T.);
#7843=EDGE_CURVE('',#7047,#7048,#4685,.T.);
#7845=EDGE_CURVE('',#7048,#7050,#4727,.T.);
#7847=EDGE_CURVE('',#7050,#7052,#4713,.T.);
#7849=EDGE_CURVE('',#7052,#7047,#4699,.T.);
#7853=EDGE_CURVE('',#7039,#7040,#4629,.T.);
#7855=EDGE_CURVE('',#7040,#7042,#4671,.T.);
#7857=EDGE_CURVE('',#7042,#7044,#4657,.T.);
#7859=EDGE_CURVE('',#7044,#7039,#4643,.T.);
#7863=EDGE_CURVE('',#7007,#7008,#4979,.T.);
#7865=EDGE_CURVE('',#7008,#7010,#5021,.T.);
#7867=EDGE_CURVE('',#7010,#7012,#5007,.T.);
#7869=EDGE_CURVE('',#7012,#7007,#4993,.T.);
#7873=EDGE_CURVE('',#6999,#7000,#4923,.T.);
#7875=EDGE_CURVE('',#7000,#7002,#4965,.T.);
#7877=EDGE_CURVE('',#7002,#7004,#4951,.T.);
#7879=EDGE_CURVE('',#7004,#6999,#4937,.T.);
#7883=EDGE_CURVE('',#6967,#6968,#5273,.T.);
#7885=EDGE_CURVE('',#6968,#6970,#5315,.T.);
#7887=EDGE_CURVE('',#6970,#6972,#5301,.T.);
#7889=EDGE_CURVE('',#6972,#6967,#5287,.T.);
#7893=EDGE_CURVE('',#6959,#6960,#5217,.T.);
#7895=EDGE_CURVE('',#6960,#6962,#5259,.T.);
#7897=EDGE_CURVE('',#6962,#6964,#5245,.T.);
#7899=EDGE_CURVE('',#6964,#6959,#5231,.T.);
#7903=EDGE_CURVE('',#6927,#6928,#5567,.T.);
#7905=EDGE_CURVE('',#6928,#6930,#5609,.T.);
#7907=EDGE_CURVE('',#6930,#6932,#5595,.T.);
#7909=EDGE_CURVE('',#6932,#6927,#5581,.T.);
#7913=EDGE_CURVE('',#6919,#6920,#5511,.T.);
#7915=EDGE_CURVE('',#6920,#6922,#5553,.T.);
#7917=EDGE_CURVE('',#6922,#6924,#5539,.T.);
#7919=EDGE_CURVE('',#6924,#6919,#5525,.T.);
#7923=EDGE_CURVE('',#6887,#6888,#5861,.T.);
#7925=EDGE_CURVE('',#6888,#6890,#5903,.T.);
#7927=EDGE_CURVE('',#6890,#6892,#5889,.T.);
#7929=EDGE_CURVE('',#6892,#6887,#5875,.T.);
#7933=EDGE_CURVE('',#6879,#6880,#5805,.T.);
#7935=EDGE_CURVE('',#6880,#6882,#5847,.T.);
#7937=EDGE_CURVE('',#6882,#6884,#5833,.T.);
#7939=EDGE_CURVE('',#6884,#6879,#5819,.T.);
#7943=EDGE_CURVE('',#6847,#6848,#6155,.T.);
#7945=EDGE_CURVE('',#6848,#6850,#6197,.T.);
#7947=EDGE_CURVE('',#6850,#6852,#6183,.T.);
#7949=EDGE_CURVE('',#6852,#6847,#6169,.T.);
#7953=EDGE_CURVE('',#6839,#6840,#6099,.T.);
#7955=EDGE_CURVE('',#6840,#6842,#6141,.T.);
#7957=EDGE_CURVE('',#6842,#6844,#6127,.T.);
#7959=EDGE_CURVE('',#6844,#6839,#6113,.T.);
#7963=EDGE_CURVE('',#6367,#6368,#2109,.T.);
#7965=EDGE_CURVE('',#6368,#6370,#2151,.T.);
#7967=EDGE_CURVE('',#6370,#6372,#2137,.T.);
#7969=EDGE_CURVE('',#6372,#6367,#2123,.T.);
#7973=EDGE_CURVE('',#6375,#6376,#2165,.T.);
#7975=EDGE_CURVE('',#6376,#6378,#2207,.T.);
#7977=EDGE_CURVE('',#6378,#6380,#2193,.T.);
#7979=EDGE_CURVE('',#6380,#6375,#2179,.T.);
#7983=EDGE_CURVE('',#7439,#7440,#359,.T.);
#7985=EDGE_CURVE('',#7440,#7442,#401,.T.);
#7987=EDGE_CURVE('',#7442,#7444,#387,.T.);
#7989=EDGE_CURVE('',#7444,#7439,#373,.T.);
#8000=EDGE_CURVE('',#7439,#7295,#366,.T.);
#8002=EDGE_CURVE('',#7295,#7296,#443,.T.);
#8004=EDGE_CURVE('',#7440,#7296,#408,.T.);
#8015=EDGE_CURVE('',#7444,#7300,#380,.T.);
#8017=EDGE_CURVE('',#7300,#7295,#450,.T.);
#8029=EDGE_CURVE('',#7442,#7298,#394,.T.);
#8031=EDGE_CURVE('',#7298,#7300,#457,.T.);
#8044=EDGE_CURVE('',#7296,#7298,#464,.T.);
#8055=EDGE_CURVE('',#7403,#7404,#471,.T.);
#8057=EDGE_CURVE('',#7284,#7404,#478,.T.);
#8059=EDGE_CURVE('',#7283,#7284,#485,.T.);
#8061=EDGE_CURVE('',#7398,#7283,#492,.T.);
#8063=EDGE_CURVE('',#7398,#7400,#499,.T.);
#8065=EDGE_CURVE('',#7280,#7400,#506,.T.);
#8067=EDGE_CURVE('',#7279,#7280,#513,.T.);
#8069=EDGE_CURVE('',#7403,#7279,#520,.T.);
#8079=EDGE_CURVE('',#7287,#7288,#415,.T.);
#8081=EDGE_CURVE('',#7292,#7287,#422,.T.);
#8083=EDGE_CURVE('',#7290,#7292,#429,.T.);
#8085=EDGE_CURVE('',#7288,#7290,#436,.T.);
#8096=EDGE_CURVE('',#7431,#7287,#534,.T.);
#8099=EDGE_CURVE('',#7432,#7288,#576,.T.);
#8110=EDGE_CURVE('',#7436,#7292,#548,.T.);
#8123=EDGE_CURVE('',#7434,#7290,#562,.T.);
#8147=EDGE_CURVE('',#7303,#7304,#583,.T.);
#8149=EDGE_CURVE('',#7404,#7304,#1017,.T.);
#8152=EDGE_CURVE('',#7403,#7303,#2970,.T.);
#8163=EDGE_CURVE('',#7408,#7303,#947,.T.);
#8165=EDGE_CURVE('',#7407,#7408,#968,.T.);
#8167=EDGE_CURVE('',#7304,#7407,#989,.T.);
#8177=EDGE_CURVE('',#6327,#6328,#1934,.T.);
#8179=EDGE_CURVE('',#6334,#6327,#1955,.T.);
#8181=EDGE_CURVE('',#6336,#6334,#590,.T.);
#8183=EDGE_CURVE('',#6328,#6336,#1913,.T.);
#8193=EDGE_CURVE('',#6332,#6420,#597,.T.);
#8195=EDGE_CURVE('',#6419,#6420,#604,.T.);
#8197=EDGE_CURVE('',#6419,#6330,#611,.T.);
#8199=EDGE_CURVE('',#6332,#6330,#618,.T.);
#8209=EDGE_CURVE('',#6415,#6468,#625,.T.);
#8211=EDGE_CURVE('',#6467,#6468,#632,.T.);
#8213=EDGE_CURVE('',#6467,#6416,#639,.T.);
#8215=EDGE_CURVE('',#6415,#6416,#646,.T.);
#8225=EDGE_CURVE('',#6463,#6516,#653,.T.);
#8227=EDGE_CURVE('',#6515,#6516,#660,.T.);
#8229=EDGE_CURVE('',#6515,#6464,#667,.T.);
#8231=EDGE_CURVE('',#6463,#6464,#674,.T.);
#8241=EDGE_CURVE('',#6511,#6564,#681,.T.);
#8243=EDGE_CURVE('',#6563,#6564,#688,.T.);
#8245=EDGE_CURVE('',#6563,#6512,#695,.T.);
#8247=EDGE_CURVE('',#6511,#6512,#702,.T.);
#8257=EDGE_CURVE('',#6559,#6612,#709,.T.);
#8259=EDGE_CURVE('',#6611,#6612,#716,.T.);
#8261=EDGE_CURVE('',#6611,#6560,#723,.T.);
#8263=EDGE_CURVE('',#6559,#6560,#730,.T.);
#8273=EDGE_CURVE('',#6607,#6660,#737,.T.);
#8275=EDGE_CURVE('',#6659,#6660,#744,.T.);
#8277=EDGE_CURVE('',#6659,#6608,#751,.T.);
#8279=EDGE_CURVE('',#6607,#6608,#758,.T.);
#8289=EDGE_CURVE('',#6655,#6708,#765,.T.);
#8291=EDGE_CURVE('',#6707,#6708,#772,.T.);
#8293=EDGE_CURVE('',#6707,#6656,#779,.T.);
#8295=EDGE_CURVE('',#6655,#6656,#786,.T.);
#8305=EDGE_CURVE('',#6703,#6756,#793,.T.);
#8307=EDGE_CURVE('',#6755,#6756,#800,.T.);
#8309=EDGE_CURVE('',#6755,#6704,#807,.T.);
#8311=EDGE_CURVE('',#6703,#6704,#814,.T.);
#8321=EDGE_CURVE('',#6751,#6804,#821,.T.);
#8323=EDGE_CURVE('',#6803,#6804,#828,.T.);
#8325=EDGE_CURVE('',#6803,#6752,#835,.T.);
#8327=EDGE_CURVE('',#6751,#6752,#842,.T.);
#8337=EDGE_CURVE('',#6799,#7212,#849,.T.);
#8339=EDGE_CURVE('',#7211,#7212,#856,.T.);
#8341=EDGE_CURVE('',#7211,#6800,#863,.T.);
#8343=EDGE_CURVE('',#6799,#6800,#870,.T.);
#8353=EDGE_CURVE('',#7207,#7260,#877,.T.);
#8355=EDGE_CURVE('',#7259,#7260,#884,.T.);
#8357=EDGE_CURVE('',#7259,#7208,#891,.T.);
#8359=EDGE_CURVE('',#7207,#7208,#898,.T.);
#8369=EDGE_CURVE('',#7255,#7308,#905,.T.);
#8371=EDGE_CURVE('',#7307,#7308,#912,.T.);
#8373=EDGE_CURVE('',#7307,#7256,#919,.T.);
#8375=EDGE_CURVE('',#7255,#7256,#926,.T.);
#8386=EDGE_CURVE('',#7420,#7408,#940,.T.);
#8389=EDGE_CURVE('',#7424,#7303,#2963,.T.);
#8400=EDGE_CURVE('',#7419,#7407,#961,.T.);
#8413=EDGE_CURVE('',#7422,#7304,#982,.T.);
#8426=EDGE_CURVE('',#7415,#7316,#1003,.T.);
#8428=EDGE_CURVE('',#7276,#7415,#3033,.T.);
#8430=EDGE_CURVE('',#7276,#7284,#1010,.T.);
#8444=EDGE_CURVE('',#7416,#7315,#1052,.T.);
#8446=EDGE_CURVE('',#7415,#7416,#3012,.T.);
#8458=EDGE_CURVE('',#7428,#7307,#1038,.T.);
#8460=EDGE_CURVE('',#7398,#7307,#1045,.T.);
#8463=EDGE_CURVE('',#7275,#7283,#3040,.T.);
#8465=EDGE_CURVE('',#7416,#7275,#3019,.T.);
#8477=EDGE_CURVE('',#7374,#7256,#1059,.T.);
#8490=EDGE_CURVE('',#7371,#7268,#1073,.T.);
#8492=EDGE_CURVE('',#7228,#7371,#3327,.T.);
#8494=EDGE_CURVE('',#7228,#7236,#1080,.T.);
#8496=EDGE_CURVE('',#7236,#7364,#3110,.T.);
#8498=EDGE_CURVE('',#7364,#7256,#1087,.T.);
#8510=EDGE_CURVE('',#7372,#7267,#1122,.T.);
#8512=EDGE_CURVE('',#7371,#7372,#3306,.T.);
#8524=EDGE_CURVE('',#7380,#7259,#1108,.T.);
#8526=EDGE_CURVE('',#7358,#7259,#1115,.T.);
#8528=EDGE_CURVE('',#7358,#7235,#3124,.T.);
#8530=EDGE_CURVE('',#7227,#7235,#3271,.T.);
#8532=EDGE_CURVE('',#7372,#7227,#3313,.T.);
#8544=EDGE_CURVE('',#7334,#7208,#1129,.T.);
#8557=EDGE_CURVE('',#7331,#7220,#1143,.T.);
#8559=EDGE_CURVE('',#7180,#7331,#3621,.T.);
#8561=EDGE_CURVE('',#7180,#7188,#1150,.T.);
#8563=EDGE_CURVE('',#7188,#7324,#3404,.T.);
#8565=EDGE_CURVE('',#7324,#7208,#1157,.T.);
#8577=EDGE_CURVE('',#7332,#7219,#1192,.T.);
#8579=EDGE_CURVE('',#7331,#7332,#3600,.T.);
#8591=EDGE_CURVE('',#7340,#7211,#1178,.T.);
#8593=EDGE_CURVE('',#7318,#7211,#1185,.T.);
#8595=EDGE_CURVE('',#7318,#7187,#3418,.T.);
#8597=EDGE_CURVE('',#7179,#7187,#3565,.T.);
#8599=EDGE_CURVE('',#7332,#7179,#3607,.T.);
#8611=EDGE_CURVE('',#7150,#6800,#1199,.T.);
#8624=EDGE_CURVE('',#7147,#6812,#1213,.T.);
#8626=EDGE_CURVE('',#6772,#7147,#3915,.T.);
#8628=EDGE_CURVE('',#6772,#6780,#1220,.T.);
#8630=EDGE_CURVE('',#6780,#7140,#3698,.T.);
#8632=EDGE_CURVE('',#7140,#6800,#1227,.T.);
#8644=EDGE_CURVE('',#7148,#6811,#1262,.T.);
#8646=EDGE_CURVE('',#7147,#7148,#3894,.T.);
#8658=EDGE_CURVE('',#7156,#6803,#1248,.T.);
#8660=EDGE_CURVE('',#7134,#6803,#1255,.T.);
#8662=EDGE_CURVE('',#7134,#6779,#3712,.T.);
#8664=EDGE_CURVE('',#6771,#6779,#3859,.T.);
#8666=EDGE_CURVE('',#7148,#6771,#3901,.T.);
#8678=EDGE_CURVE('',#7110,#6752,#1269,.T.);
#8691=EDGE_CURVE('',#7107,#6764,#1283,.T.);
#8693=EDGE_CURVE('',#6724,#7107,#4209,.T.);
#8695=EDGE_CURVE('',#6724,#6732,#1290,.T.);
#8697=EDGE_CURVE('',#6732,#7100,#3992,.T.);
#8699=EDGE_CURVE('',#7100,#6752,#1297,.T.);
#8711=EDGE_CURVE('',#7108,#6763,#1332,.T.);
#8713=EDGE_CURVE('',#7107,#7108,#4188,.T.);
#8725=EDGE_CURVE('',#7116,#6755,#1318,.T.);
#8727=EDGE_CURVE('',#7094,#6755,#1325,.T.);
#8729=EDGE_CURVE('',#7094,#6731,#4006,.T.);
#8731=EDGE_CURVE('',#6723,#6731,#4153,.T.);
#8733=EDGE_CURVE('',#7108,#6723,#4195,.T.);
#8745=EDGE_CURVE('',#7070,#6704,#1339,.T.);
#8758=EDGE_CURVE('',#7067,#6716,#1353,.T.);
#8760=EDGE_CURVE('',#6676,#7067,#4503,.T.);
#8762=EDGE_CURVE('',#6676,#6684,#1360,.T.);
#8764=EDGE_CURVE('',#6684,#7060,#4286,.T.);
#8766=EDGE_CURVE('',#7060,#6704,#1367,.T.);
#8778=EDGE_CURVE('',#7068,#6715,#1402,.T.);
#8780=EDGE_CURVE('',#7067,#7068,#4482,.T.);
#8792=EDGE_CURVE('',#7076,#6707,#1388,.T.);
#8794=EDGE_CURVE('',#7054,#6707,#1395,.T.);
#8796=EDGE_CURVE('',#7054,#6683,#4300,.T.);
#8798=EDGE_CURVE('',#6675,#6683,#4447,.T.);
#8800=EDGE_CURVE('',#7068,#6675,#4489,.T.);
#8812=EDGE_CURVE('',#7030,#6656,#1409,.T.);
#8825=EDGE_CURVE('',#7027,#6668,#1423,.T.);
#8827=EDGE_CURVE('',#6628,#7027,#4797,.T.);
#8829=EDGE_CURVE('',#6628,#6636,#1430,.T.);
#8831=EDGE_CURVE('',#6636,#7020,#4580,.T.);
#8833=EDGE_CURVE('',#7020,#6656,#1437,.T.);
#8845=EDGE_CURVE('',#7028,#6667,#1472,.T.);
#8847=EDGE_CURVE('',#7027,#7028,#4776,.T.);
#8859=EDGE_CURVE('',#7036,#6659,#1458,.T.);
#8861=EDGE_CURVE('',#7014,#6659,#1465,.T.);
#8863=EDGE_CURVE('',#7014,#6635,#4594,.T.);
#8865=EDGE_CURVE('',#6627,#6635,#4741,.T.);
#8867=EDGE_CURVE('',#7028,#6627,#4783,.T.);
#8879=EDGE_CURVE('',#6990,#6608,#1479,.T.);
#8892=EDGE_CURVE('',#6987,#6620,#1493,.T.);
#8894=EDGE_CURVE('',#6580,#6987,#5091,.T.);
#8896=EDGE_CURVE('',#6580,#6588,#1500,.T.);
#8898=EDGE_CURVE('',#6588,#6980,#4874,.T.);
#8900=EDGE_CURVE('',#6980,#6608,#1507,.T.);
#8912=EDGE_CURVE('',#6988,#6619,#1542,.T.);
#8914=EDGE_CURVE('',#6987,#6988,#5070,.T.);
#8926=EDGE_CURVE('',#6996,#6611,#1528,.T.);
#8928=EDGE_CURVE('',#6974,#6611,#1535,.T.);
#8930=EDGE_CURVE('',#6974,#6587,#4888,.T.);
#8932=EDGE_CURVE('',#6579,#6587,#5035,.T.);
#8934=EDGE_CURVE('',#6988,#6579,#5077,.T.);
#8946=EDGE_CURVE('',#6950,#6560,#1549,.T.);
#8959=EDGE_CURVE('',#6947,#6572,#1563,.T.);
#8961=EDGE_CURVE('',#6532,#6947,#5385,.T.);
#8963=EDGE_CURVE('',#6532,#6540,#1570,.T.);
#8965=EDGE_CURVE('',#6540,#6940,#5168,.T.);
#8967=EDGE_CURVE('',#6940,#6560,#1577,.T.);
#8979=EDGE_CURVE('',#6948,#6571,#1612,.T.);
#8981=EDGE_CURVE('',#6947,#6948,#5364,.T.);
#8993=EDGE_CURVE('',#6956,#6563,#1598,.T.);
#8995=EDGE_CURVE('',#6934,#6563,#1605,.T.);
#8997=EDGE_CURVE('',#6934,#6539,#5182,.T.);
#8999=EDGE_CURVE('',#6531,#6539,#5329,.T.);
#9001=EDGE_CURVE('',#6948,#6531,#5371,.T.);
#9013=EDGE_CURVE('',#6910,#6512,#1619,.T.);
#9026=EDGE_CURVE('',#6907,#6524,#1633,.T.);
#9028=EDGE_CURVE('',#6484,#6907,#5679,.T.);
#9030=EDGE_CURVE('',#6484,#6492,#1640,.T.);
#9032=EDGE_CURVE('',#6492,#6900,#5462,.T.);
#9034=EDGE_CURVE('',#6900,#6512,#1647,.T.);
#9046=EDGE_CURVE('',#6908,#6523,#1682,.T.);
#9048=EDGE_CURVE('',#6907,#6908,#5658,.T.);
#9060=EDGE_CURVE('',#6916,#6515,#1668,.T.);
#9062=EDGE_CURVE('',#6894,#6515,#1675,.T.);
#9064=EDGE_CURVE('',#6894,#6491,#5476,.T.);
#9066=EDGE_CURVE('',#6483,#6491,#5623,.T.);
#9068=EDGE_CURVE('',#6908,#6483,#5665,.T.);
#9080=EDGE_CURVE('',#6870,#6464,#1689,.T.);
#9093=EDGE_CURVE('',#6867,#6476,#1703,.T.);
#9095=EDGE_CURVE('',#6436,#6867,#5973,.T.);
#9097=EDGE_CURVE('',#6436,#6444,#1710,.T.);
#9099=EDGE_CURVE('',#6444,#6860,#5756,.T.);
#9101=EDGE_CURVE('',#6860,#6464,#1717,.T.);
#9113=EDGE_CURVE('',#6868,#6475,#1752,.T.);
#9115=EDGE_CURVE('',#6867,#6868,#5952,.T.);
#9127=EDGE_CURVE('',#6876,#6467,#1738,.T.);
#9129=EDGE_CURVE('',#6854,#6467,#1745,.T.);
#9131=EDGE_CURVE('',#6854,#6443,#5770,.T.);
#9133=EDGE_CURVE('',#6435,#6443,#5917,.T.);
#9135=EDGE_CURVE('',#6868,#6435,#5959,.T.);
#9147=EDGE_CURVE('',#6830,#6416,#1759,.T.);
#9160=EDGE_CURVE('',#6827,#6428,#1773,.T.);
#9162=EDGE_CURVE('',#6388,#6827,#6267,.T.);
#9164=EDGE_CURVE('',#6388,#6396,#1780,.T.);
#9166=EDGE_CURVE('',#6396,#6820,#6050,.T.);
#9168=EDGE_CURVE('',#6820,#6416,#1787,.T.);
#9180=EDGE_CURVE('',#6828,#6427,#1822,.T.);
#9182=EDGE_CURVE('',#6827,#6828,#6246,.T.);
#9194=EDGE_CURVE('',#6836,#6419,#1808,.T.);
#9196=EDGE_CURVE('',#6814,#6419,#1815,.T.);
#9198=EDGE_CURVE('',#6814,#6395,#6064,.T.);
#9200=EDGE_CURVE('',#6387,#6395,#6211,.T.);
#9202=EDGE_CURVE('',#6828,#6387,#6253,.T.);
#9214=EDGE_CURVE('',#6343,#6330,#1829,.T.);
#9227=EDGE_CURVE('',#6346,#6344,#1843,.T.);
#9230=EDGE_CURVE('',#6292,#6300,#1850,.T.);
#9232=EDGE_CURVE('',#6300,#6320,#2060,.T.);
#9234=EDGE_CURVE('',#6320,#6330,#1857,.T.);
#9247=EDGE_CURVE('',#6364,#6362,#1892,.T.);
#9259=EDGE_CURVE('',#6360,#6336,#1878,.T.);
#9261=EDGE_CURVE('',#6323,#6336,#1885,.T.);
#9263=EDGE_CURVE('',#6323,#6299,#2074,.T.);
#9265=EDGE_CURVE('',#6291,#6299,#2221,.T.);
#9278=EDGE_CURVE('',#6340,#6328,#1906,.T.);
#9291=EDGE_CURVE('',#6339,#6327,#1927,.T.);
#9304=EDGE_CURVE('',#6358,#6334,#1948,.T.);
#9318=EDGE_CURVE('',#6288,#6296,#1969,.T.);
#9320=EDGE_CURVE('',#6296,#6324,#2088,.T.);
#9322=EDGE_CURVE('',#6324,#6334,#1976,.T.);
#9336=EDGE_CURVE('',#6295,#6296,#2095,.T.);
#9347=EDGE_CURVE('',#6319,#6320,#2053,.T.);
#9350=EDGE_CURVE('',#6299,#6300,#2067,.T.);
#9353=EDGE_CURVE('',#6323,#6324,#2081,.T.);
#9360=EDGE_CURVE('',#6311,#6312,#2025,.T.);
#9362=EDGE_CURVE('',#6316,#6311,#2032,.T.);
#9364=EDGE_CURVE('',#6314,#6316,#2039,.T.);
#9366=EDGE_CURVE('',#6312,#6314,#2046,.T.);
#9370=EDGE_CURVE('',#6303,#6304,#1997,.T.);
#9372=EDGE_CURVE('',#6308,#6303,#2004,.T.);
#9374=EDGE_CURVE('',#6306,#6308,#2011,.T.);
#9376=EDGE_CURVE('',#6304,#6306,#2018,.T.);
#9387=EDGE_CURVE('',#6367,#6303,#2116,.T.);
#9390=EDGE_CURVE('',#6368,#6304,#2158,.T.);
#9401=EDGE_CURVE('',#6372,#6308,#2130,.T.);
#9414=EDGE_CURVE('',#6370,#6306,#2144,.T.);
#9439=EDGE_CURVE('',#6375,#6311,#2172,.T.);
#9442=EDGE_CURVE('',#6376,#6312,#2214,.T.);
#9453=EDGE_CURVE('',#6380,#6316,#2186,.T.);
#9466=EDGE_CURVE('',#6378,#6314,#2200,.T.);
#9527=EDGE_CURVE('',#6816,#6420,#2242,.T.);
#9529=EDGE_CURVE('',#6814,#6816,#6071,.T.);
#9540=EDGE_CURVE('',#6824,#6423,#2228,.T.);
#9542=EDGE_CURVE('',#6384,#6824,#6239,.T.);
#9544=EDGE_CURVE('',#6384,#6392,#2235,.T.);
#9546=EDGE_CURVE('',#6392,#6816,#6078,.T.);
#9549=EDGE_CURVE('',#6834,#6420,#6281,.T.);
#9561=EDGE_CURVE('',#6823,#6424,#2256,.T.);
#9563=EDGE_CURVE('',#6823,#6824,#6218,.T.);
#9576=EDGE_CURVE('',#6832,#6415,#2270,.T.);
#9578=EDGE_CURVE('',#6819,#6415,#2277,.T.);
#9580=EDGE_CURVE('',#6819,#6391,#6092,.T.);
#9582=EDGE_CURVE('',#6383,#6391,#6274,.T.);
#9584=EDGE_CURVE('',#6823,#6383,#6225,.T.);
#9595=EDGE_CURVE('',#6874,#6468,#2284,.T.);
#9607=EDGE_CURVE('',#6864,#6471,#2291,.T.);
#9609=EDGE_CURVE('',#6432,#6864,#5945,.T.);
#9611=EDGE_CURVE('',#6432,#6440,#2298,.T.);
#9613=EDGE_CURVE('',#6440,#6856,#5784,.T.);
#9615=EDGE_CURVE('',#6856,#6468,#2305,.T.);
#9628=EDGE_CURVE('',#6863,#6472,#2319,.T.);
#9630=EDGE_CURVE('',#6863,#6864,#5924,.T.);
#9643=EDGE_CURVE('',#6872,#6463,#2333,.T.);
#9645=EDGE_CURVE('',#6859,#6463,#2340,.T.);
#9647=EDGE_CURVE('',#6859,#6439,#5798,.T.);
#9649=EDGE_CURVE('',#6431,#6439,#5980,.T.);
#9651=EDGE_CURVE('',#6863,#6431,#5931,.T.);
#9662=EDGE_CURVE('',#6914,#6516,#2347,.T.);
#9674=EDGE_CURVE('',#6904,#6519,#2354,.T.);
#9676=EDGE_CURVE('',#6480,#6904,#5651,.T.);
#9678=EDGE_CURVE('',#6480,#6488,#2361,.T.);
#9680=EDGE_CURVE('',#6488,#6896,#5490,.T.);
#9682=EDGE_CURVE('',#6896,#6516,#2368,.T.);
#9695=EDGE_CURVE('',#6903,#6520,#2382,.T.);
#9697=EDGE_CURVE('',#6903,#6904,#5630,.T.);
#9710=EDGE_CURVE('',#6912,#6511,#2396,.T.);
#9712=EDGE_CURVE('',#6899,#6511,#2403,.T.);
#9714=EDGE_CURVE('',#6899,#6487,#5504,.T.);
#9716=EDGE_CURVE('',#6479,#6487,#5686,.T.);
#9718=EDGE_CURVE('',#6903,#6479,#5637,.T.);
#9729=EDGE_CURVE('',#6954,#6564,#2410,.T.);
#9741=EDGE_CURVE('',#6944,#6567,#2417,.T.);
#9743=EDGE_CURVE('',#6528,#6944,#5357,.T.);
#9745=EDGE_CURVE('',#6528,#6536,#2424,.T.);
#9747=EDGE_CURVE('',#6536,#6936,#5196,.T.);
#9749=EDGE_CURVE('',#6936,#6564,#2431,.T.);
#9762=EDGE_CURVE('',#6943,#6568,#2445,.T.);
#9764=EDGE_CURVE('',#6943,#6944,#5336,.T.);
#9777=EDGE_CURVE('',#6952,#6559,#2459,.T.);
#9779=EDGE_CURVE('',#6939,#6559,#2466,.T.);
#9781=EDGE_CURVE('',#6939,#6535,#5210,.T.);
#9783=EDGE_CURVE('',#6527,#6535,#5392,.T.);
#9785=EDGE_CURVE('',#6943,#6527,#5343,.T.);
#9796=EDGE_CURVE('',#6994,#6612,#2473,.T.);
#9808=EDGE_CURVE('',#6984,#6615,#2480,.T.);
#9810=EDGE_CURVE('',#6576,#6984,#5063,.T.);
#9812=EDGE_CURVE('',#6576,#6584,#2487,.T.);
#9814=EDGE_CURVE('',#6584,#6976,#4902,.T.);
#9816=EDGE_CURVE('',#6976,#6612,#2494,.T.);
#9829=EDGE_CURVE('',#6983,#6616,#2508,.T.);
#9831=EDGE_CURVE('',#6983,#6984,#5042,.T.);
#9844=EDGE_CURVE('',#6992,#6607,#2522,.T.);
#9846=EDGE_CURVE('',#6979,#6607,#2529,.T.);
#9848=EDGE_CURVE('',#6979,#6583,#4916,.T.);
#9850=EDGE_CURVE('',#6575,#6583,#5098,.T.);
#9852=EDGE_CURVE('',#6983,#6575,#5049,.T.);
#9863=EDGE_CURVE('',#7034,#6660,#2536,.T.);
#9875=EDGE_CURVE('',#7024,#6663,#2543,.T.);
#9877=EDGE_CURVE('',#6624,#7024,#4769,.T.);
#9879=EDGE_CURVE('',#6624,#6632,#2550,.T.);
#9881=EDGE_CURVE('',#6632,#7016,#4608,.T.);
#9883=EDGE_CURVE('',#7016,#6660,#2557,.T.);
#9896=EDGE_CURVE('',#7023,#6664,#2571,.T.);
#9898=EDGE_CURVE('',#7023,#7024,#4748,.T.);
#9911=EDGE_CURVE('',#7032,#6655,#2585,.T.);
#9913=EDGE_CURVE('',#7019,#6655,#2592,.T.);
#9915=EDGE_CURVE('',#7019,#6631,#4622,.T.);
#9917=EDGE_CURVE('',#6623,#6631,#4804,.T.);
#9919=EDGE_CURVE('',#7023,#6623,#4755,.T.);
#9930=EDGE_CURVE('',#7074,#6708,#2599,.T.);
#9942=EDGE_CURVE('',#7064,#6711,#2606,.T.);
#9944=EDGE_CURVE('',#6672,#7064,#4475,.T.);
#9946=EDGE_CURVE('',#6672,#6680,#2613,.T.);
#9948=EDGE_CURVE('',#6680,#7056,#4314,.T.);
#9950=EDGE_CURVE('',#7056,#6708,#2620,.T.);
#9963=EDGE_CURVE('',#7063,#6712,#2634,.T.);
#9965=EDGE_CURVE('',#7063,#7064,#4454,.T.);
#9978=EDGE_CURVE('',#7072,#6703,#2648,.T.);
#9980=EDGE_CURVE('',#7059,#6703,#2655,.T.);
#9982=EDGE_CURVE('',#7059,#6679,#4328,.T.);
#9984=EDGE_CURVE('',#6671,#6679,#4510,.T.);
#9986=EDGE_CURVE('',#7063,#6671,#4461,.T.);
#9997=EDGE_CURVE('',#7114,#6756,#2662,.T.);
#10009=EDGE_CURVE('',#7104,#6759,#2669,.T.);
#10011=EDGE_CURVE('',#6720,#7104,#4181,.T.);
#10013=EDGE_CURVE('',#6720,#6728,#2676,.T.);
#10015=EDGE_CURVE('',#6728,#7096,#4020,.T.);
#10017=EDGE_CURVE('',#7096,#6756,#2683,.T.);
#10030=EDGE_CURVE('',#7103,#6760,#2697,.T.);
#10032=EDGE_CURVE('',#7103,#7104,#4160,.T.);
#10045=EDGE_CURVE('',#7112,#6751,#2711,.T.);
#10047=EDGE_CURVE('',#7099,#6751,#2718,.T.);
#10049=EDGE_CURVE('',#7099,#6727,#4034,.T.);
#10051=EDGE_CURVE('',#6719,#6727,#4216,.T.);
#10053=EDGE_CURVE('',#7103,#6719,#4167,.T.);
#10064=EDGE_CURVE('',#7154,#6804,#2725,.T.);
#10076=EDGE_CURVE('',#7144,#6807,#2732,.T.);
#10078=EDGE_CURVE('',#6768,#7144,#3887,.T.);
#10080=EDGE_CURVE('',#6768,#6776,#2739,.T.);
#10082=EDGE_CURVE('',#6776,#7136,#3726,.T.);
#10084=EDGE_CURVE('',#7136,#6804,#2746,.T.);
#10097=EDGE_CURVE('',#7143,#6808,#2760,.T.);
#10099=EDGE_CURVE('',#7143,#7144,#3866,.T.);
#10112=EDGE_CURVE('',#7152,#6799,#2774,.T.);
#10114=EDGE_CURVE('',#7139,#6799,#2781,.T.);
#10116=EDGE_CURVE('',#7139,#6775,#3740,.T.);
#10118=EDGE_CURVE('',#6767,#6775,#3922,.T.);
#10120=EDGE_CURVE('',#7143,#6767,#3873,.T.);
#10131=EDGE_CURVE('',#7338,#7212,#2788,.T.);
#10143=EDGE_CURVE('',#7328,#7215,#2795,.T.);
#10145=EDGE_CURVE('',#7176,#7328,#3593,.T.);
#10147=EDGE_CURVE('',#7176,#7184,#2802,.T.);
#10149=EDGE_CURVE('',#7184,#7320,#3432,.T.);
#10151=EDGE_CURVE('',#7320,#7212,#2809,.T.);
#10164=EDGE_CURVE('',#7327,#7216,#2823,.T.);
#10166=EDGE_CURVE('',#7327,#7328,#3572,.T.);
#10179=EDGE_CURVE('',#7336,#7207,#2837,.T.);
#10181=EDGE_CURVE('',#7323,#7207,#2844,.T.);
#10183=EDGE_CURVE('',#7323,#7183,#3446,.T.);
#10185=EDGE_CURVE('',#7175,#7183,#3628,.T.);
#10187=EDGE_CURVE('',#7327,#7175,#3579,.T.);
#10198=EDGE_CURVE('',#7378,#7260,#2851,.T.);
#10210=EDGE_CURVE('',#7368,#7263,#2858,.T.);
#10212=EDGE_CURVE('',#7224,#7368,#3299,.T.);
#10214=EDGE_CURVE('',#7224,#7232,#2865,.T.);
#10216=EDGE_CURVE('',#7232,#7360,#3138,.T.);
#10218=EDGE_CURVE('',#7360,#7260,#2872,.T.);
#10231=EDGE_CURVE('',#7367,#7264,#2886,.T.);
#10233=EDGE_CURVE('',#7367,#7368,#3278,.T.);
#10246=EDGE_CURVE('',#7376,#7255,#2900,.T.);
#10248=EDGE_CURVE('',#7363,#7255,#2907,.T.);
#10250=EDGE_CURVE('',#7363,#7231,#3152,.T.);
#10252=EDGE_CURVE('',#7223,#7231,#3334,.T.);
#10254=EDGE_CURVE('',#7367,#7223,#3285,.T.);
#10265=EDGE_CURVE('',#7426,#7308,#2914,.T.);
#10277=EDGE_CURVE('',#7412,#7311,#2921,.T.);
#10279=EDGE_CURVE('',#7272,#7412,#3005,.T.);
#10281=EDGE_CURVE('',#7272,#7280,#2928,.T.);
#10284=EDGE_CURVE('',#7400,#7308,#2935,.T.);
#10297=EDGE_CURVE('',#7411,#7312,#2949,.T.);
#10299=EDGE_CURVE('',#7411,#7412,#2984,.T.);
#10315=EDGE_CURVE('',#7271,#7279,#2977,.T.);
#10317=EDGE_CURVE('',#7411,#7271,#2991,.T.);
#10327=EDGE_CURVE('',#7271,#7272,#2998,.T.);
#10354=EDGE_CURVE('',#7275,#7276,#3026,.T.);
#10391=EDGE_CURVE('',#7363,#7364,#3103,.T.);
#10404=EDGE_CURVE('',#7235,#7236,#3117,.T.);
#10407=EDGE_CURVE('',#7358,#7360,#3131,.T.);
#10410=EDGE_CURVE('',#7231,#7232,#3145,.T.);
#10415=EDGE_CURVE('',#7247,#7248,#3075,.T.);
#10417=EDGE_CURVE('',#7252,#7247,#3082,.T.);
#10419=EDGE_CURVE('',#7250,#7252,#3089,.T.);
#10421=EDGE_CURVE('',#7248,#7250,#3096,.T.);
#10425=EDGE_CURVE('',#7239,#7240,#3047,.T.);
#10427=EDGE_CURVE('',#7244,#7239,#3054,.T.);
#10429=EDGE_CURVE('',#7242,#7244,#3061,.T.);
#10431=EDGE_CURVE('',#7240,#7242,#3068,.T.);
#10442=EDGE_CURVE('',#7383,#7239,#3166,.T.);
#10445=EDGE_CURVE('',#7384,#7240,#3208,.T.);
#10456=EDGE_CURVE('',#7388,#7244,#3180,.T.);
#10469=EDGE_CURVE('',#7386,#7242,#3194,.T.);
#10494=EDGE_CURVE('',#7391,#7247,#3222,.T.);
#10497=EDGE_CURVE('',#7392,#7248,#3264,.T.);
#10508=EDGE_CURVE('',#7396,#7252,#3236,.T.);
#10521=EDGE_CURVE('',#7394,#7250,#3250,.T.);
#10545=EDGE_CURVE('',#7227,#7228,#3320,.T.);
#10560=EDGE_CURVE('',#7223,#7224,#3292,.T.);
#10609=EDGE_CURVE('',#7323,#7324,#3397,.T.);
#10622=EDGE_CURVE('',#7187,#7188,#3411,.T.);
#10625=EDGE_CURVE('',#7318,#7320,#3425,.T.);
#10628=EDGE_CURVE('',#7183,#7184,#3439,.T.);
#10633=EDGE_CURVE('',#7199,#7200,#3369,.T.);
#10635=EDGE_CURVE('',#7204,#7199,#3376,.T.);
#10637=EDGE_CURVE('',#7202,#7204,#3383,.T.);
#10639=EDGE_CURVE('',#7200,#7202,#3390,.T.);
#10643=EDGE_CURVE('',#7191,#7192,#3341,.T.);
#10645=EDGE_CURVE('',#7196,#7191,#3348,.T.);
#10647=EDGE_CURVE('',#7194,#7196,#3355,.T.);
#10649=EDGE_CURVE('',#7192,#7194,#3362,.T.);
#10660=EDGE_CURVE('',#7343,#7191,#3460,.T.);
#10663=EDGE_CURVE('',#7344,#7192,#3502,.T.);
#10674=EDGE_CURVE('',#7348,#7196,#3474,.T.);
#10687=EDGE_CURVE('',#7346,#7194,#3488,.T.);
#10712=EDGE_CURVE('',#7351,#7199,#3516,.T.);
#10715=EDGE_CURVE('',#7352,#7200,#3558,.T.);
#10726=EDGE_CURVE('',#7356,#7204,#3530,.T.);
#10739=EDGE_CURVE('',#7354,#7202,#3544,.T.);
#10763=EDGE_CURVE('',#7179,#7180,#3614,.T.);
#10778=EDGE_CURVE('',#7175,#7176,#3586,.T.);
#10827=EDGE_CURVE('',#7139,#7140,#3691,.T.);
#10840=EDGE_CURVE('',#6779,#6780,#3705,.T.);
#10843=EDGE_CURVE('',#7134,#7136,#3719,.T.);
#10846=EDGE_CURVE('',#6775,#6776,#3733,.T.);
#10851=EDGE_CURVE('',#6791,#6792,#3663,.T.);
#10853=EDGE_CURVE('',#6796,#6791,#3670,.T.);
#10855=EDGE_CURVE('',#6794,#6796,#3677,.T.);
#10857=EDGE_CURVE('',#6792,#6794,#3684,.T.);
#10861=EDGE_CURVE('',#6783,#6784,#3635,.T.);
#10863=EDGE_CURVE('',#6788,#6783,#3642,.T.);
#10865=EDGE_CURVE('',#6786,#6788,#3649,.T.);
#10867=EDGE_CURVE('',#6784,#6786,#3656,.T.);
#10878=EDGE_CURVE('',#7159,#6783,#3754,.T.);
#10881=EDGE_CURVE('',#7160,#6784,#3796,.T.);
#10892=EDGE_CURVE('',#7164,#6788,#3768,.T.);
#10905=EDGE_CURVE('',#7162,#6786,#3782,.T.);
#10930=EDGE_CURVE('',#7167,#6791,#3810,.T.);
#10933=EDGE_CURVE('',#7168,#6792,#3852,.T.);
#10944=EDGE_CURVE('',#7172,#6796,#3824,.T.);
#10957=EDGE_CURVE('',#7170,#6794,#3838,.T.);
#10981=EDGE_CURVE('',#6771,#6772,#3908,.T.);
#10996=EDGE_CURVE('',#6767,#6768,#3880,.T.);
#11045=EDGE_CURVE('',#7099,#7100,#3985,.T.);
#11058=EDGE_CURVE('',#6731,#6732,#3999,.T.);
#11061=EDGE_CURVE('',#7094,#7096,#4013,.T.);
#11064=EDGE_CURVE('',#6727,#6728,#4027,.T.);
#11069=EDGE_CURVE('',#6743,#6744,#3957,.T.);
#11071=EDGE_CURVE('',#6748,#6743,#3964,.T.);
#11073=EDGE_CURVE('',#6746,#6748,#3971,.T.);
#11075=EDGE_CURVE('',#6744,#6746,#3978,.T.);
#11079=EDGE_CURVE('',#6735,#6736,#3929,.T.);
#11081=EDGE_CURVE('',#6740,#6735,#3936,.T.);
#11083=EDGE_CURVE('',#6738,#6740,#3943,.T.);
#11085=EDGE_CURVE('',#6736,#6738,#3950,.T.);
#11096=EDGE_CURVE('',#7119,#6735,#4048,.T.);
#11099=EDGE_CURVE('',#7120,#6736,#4090,.T.);
#11110=EDGE_CURVE('',#7124,#6740,#4062,.T.);
#11123=EDGE_CURVE('',#7122,#6738,#4076,.T.);
#11148=EDGE_CURVE('',#7127,#6743,#4104,.T.);
#11151=EDGE_CURVE('',#7128,#6744,#4146,.T.);
#11162=EDGE_CURVE('',#7132,#6748,#4118,.T.);
#11175=EDGE_CURVE('',#7130,#6746,#4132,.T.);
#11199=EDGE_CURVE('',#6723,#6724,#4202,.T.);
#11214=EDGE_CURVE('',#6719,#6720,#4174,.T.);
#11263=EDGE_CURVE('',#7059,#7060,#4279,.T.);
#11276=EDGE_CURVE('',#6683,#6684,#4293,.T.);
#11279=EDGE_CURVE('',#7054,#7056,#4307,.T.);
#11282=EDGE_CURVE('',#6679,#6680,#4321,.T.);
#11287=EDGE_CURVE('',#6695,#6696,#4251,.T.);
#11289=EDGE_CURVE('',#6700,#6695,#4258,.T.);
#11291=EDGE_CURVE('',#6698,#6700,#4265,.T.);
#11293=EDGE_CURVE('',#6696,#6698,#4272,.T.);
#11297=EDGE_CURVE('',#6687,#6688,#4223,.T.);
#11299=EDGE_CURVE('',#6692,#6687,#4230,.T.);
#11301=EDGE_CURVE('',#6690,#6692,#4237,.T.);
#11303=EDGE_CURVE('',#6688,#6690,#4244,.T.);
#11314=EDGE_CURVE('',#7079,#6687,#4342,.T.);
#11317=EDGE_CURVE('',#7080,#6688,#4384,.T.);
#11328=EDGE_CURVE('',#7084,#6692,#4356,.T.);
#11341=EDGE_CURVE('',#7082,#6690,#4370,.T.);
#11366=EDGE_CURVE('',#7087,#6695,#4398,.T.);
#11369=EDGE_CURVE('',#7088,#6696,#4440,.T.);
#11380=EDGE_CURVE('',#7092,#6700,#4412,.T.);
#11393=EDGE_CURVE('',#7090,#6698,#4426,.T.);
#11417=EDGE_CURVE('',#6675,#6676,#4496,.T.);
#11432=EDGE_CURVE('',#6671,#6672,#4468,.T.);
#11481=EDGE_CURVE('',#7019,#7020,#4573,.T.);
#11494=EDGE_CURVE('',#6635,#6636,#4587,.T.);
#11497=EDGE_CURVE('',#7014,#7016,#4601,.T.);
#11500=EDGE_CURVE('',#6631,#6632,#4615,.T.);
#11505=EDGE_CURVE('',#6647,#6648,#4545,.T.);
#11507=EDGE_CURVE('',#6652,#6647,#4552,.T.);
#11509=EDGE_CURVE('',#6650,#6652,#4559,.T.);
#11511=EDGE_CURVE('',#6648,#6650,#4566,.T.);
#11515=EDGE_CURVE('',#6639,#6640,#4517,.T.);
#11517=EDGE_CURVE('',#6644,#6639,#4524,.T.);
#11519=EDGE_CURVE('',#6642,#6644,#4531,.T.);
#11521=EDGE_CURVE('',#6640,#6642,#4538,.T.);
#11532=EDGE_CURVE('',#7039,#6639,#4636,.T.);
#11535=EDGE_CURVE('',#7040,#6640,#4678,.T.);
#11546=EDGE_CURVE('',#7044,#6644,#4650,.T.);
#11559=EDGE_CURVE('',#7042,#6642,#4664,.T.);
#11584=EDGE_CURVE('',#7047,#6647,#4692,.T.);
#11587=EDGE_CURVE('',#7048,#6648,#4734,.T.);
#11598=EDGE_CURVE('',#7052,#6652,#4706,.T.);
#11611=EDGE_CURVE('',#7050,#6650,#4720,.T.);
#11635=EDGE_CURVE('',#6627,#6628,#4790,.T.);
#11650=EDGE_CURVE('',#6623,#6624,#4762,.T.);
#11699=EDGE_CURVE('',#6979,#6980,#4867,.T.);
#11712=EDGE_CURVE('',#6587,#6588,#4881,.T.);
#11715=EDGE_CURVE('',#6974,#6976,#4895,.T.);
#11718=EDGE_CURVE('',#6583,#6584,#4909,.T.);
#11723=EDGE_CURVE('',#6599,#6600,#4839,.T.);
#11725=EDGE_CURVE('',#6604,#6599,#4846,.T.);
#11727=EDGE_CURVE('',#6602,#6604,#4853,.T.);
#11729=EDGE_CURVE('',#6600,#6602,#4860,.T.);
#11733=EDGE_CURVE('',#6591,#6592,#4811,.T.);
#11735=EDGE_CURVE('',#6596,#6591,#4818,.T.);
#11737=EDGE_CURVE('',#6594,#6596,#4825,.T.);
#11739=EDGE_CURVE('',#6592,#6594,#4832,.T.);
#11750=EDGE_CURVE('',#6999,#6591,#4930,.T.);
#11753=EDGE_CURVE('',#7000,#6592,#4972,.T.);
#11764=EDGE_CURVE('',#7004,#6596,#4944,.T.);
#11777=EDGE_CURVE('',#7002,#6594,#4958,.T.);
#11802=EDGE_CURVE('',#7007,#6599,#4986,.T.);
#11805=EDGE_CURVE('',#7008,#6600,#5028,.T.);
#11816=EDGE_CURVE('',#7012,#6604,#5000,.T.);
#11829=EDGE_CURVE('',#7010,#6602,#5014,.T.);
#11853=EDGE_CURVE('',#6579,#6580,#5084,.T.);
#11868=EDGE_CURVE('',#6575,#6576,#5056,.T.);
#11917=EDGE_CURVE('',#6939,#6940,#5161,.T.);
#11930=EDGE_CURVE('',#6539,#6540,#5175,.T.);
#11933=EDGE_CURVE('',#6934,#6936,#5189,.T.);
#11936=EDGE_CURVE('',#6535,#6536,#5203,.T.);
#11941=EDGE_CURVE('',#6551,#6552,#5133,.T.);
#11943=EDGE_CURVE('',#6556,#6551,#5140,.T.);
#11945=EDGE_CURVE('',#6554,#6556,#5147,.T.);
#11947=EDGE_CURVE('',#6552,#6554,#5154,.T.);
#11951=EDGE_CURVE('',#6543,#6544,#5105,.T.);
#11953=EDGE_CURVE('',#6548,#6543,#5112,.T.);
#11955=EDGE_CURVE('',#6546,#6548,#5119,.T.);
#11957=EDGE_CURVE('',#6544,#6546,#5126,.T.);
#11968=EDGE_CURVE('',#6959,#6543,#5224,.T.);
#11971=EDGE_CURVE('',#6960,#6544,#5266,.T.);
#11982=EDGE_CURVE('',#6964,#6548,#5238,.T.);
#11995=EDGE_CURVE('',#6962,#6546,#5252,.T.);
#12020=EDGE_CURVE('',#6967,#6551,#5280,.T.);
#12023=EDGE_CURVE('',#6968,#6552,#5322,.T.);
#12034=EDGE_CURVE('',#6972,#6556,#5294,.T.);
#12047=EDGE_CURVE('',#6970,#6554,#5308,.T.);
#12071=EDGE_CURVE('',#6531,#6532,#5378,.T.);
#12086=EDGE_CURVE('',#6527,#6528,#5350,.T.);
#12135=EDGE_CURVE('',#6899,#6900,#5455,.T.);
#12148=EDGE_CURVE('',#6491,#6492,#5469,.T.);
#12151=EDGE_CURVE('',#6894,#6896,#5483,.T.);
#12154=EDGE_CURVE('',#6487,#6488,#5497,.T.);
#12159=EDGE_CURVE('',#6503,#6504,#5427,.T.);
#12161=EDGE_CURVE('',#6508,#6503,#5434,.T.);
#12163=EDGE_CURVE('',#6506,#6508,#5441,.T.);
#12165=EDGE_CURVE('',#6504,#6506,#5448,.T.);
#12169=EDGE_CURVE('',#6495,#6496,#5399,.T.);
#12171=EDGE_CURVE('',#6500,#6495,#5406,.T.);
#12173=EDGE_CURVE('',#6498,#6500,#5413,.T.);
#12175=EDGE_CURVE('',#6496,#6498,#5420,.T.);
#12186=EDGE_CURVE('',#6919,#6495,#5518,.T.);
#12189=EDGE_CURVE('',#6920,#6496,#5560,.T.);
#12200=EDGE_CURVE('',#6924,#6500,#5532,.T.);
#12213=EDGE_CURVE('',#6922,#6498,#5546,.T.);
#12238=EDGE_CURVE('',#6927,#6503,#5574,.T.);
#12241=EDGE_CURVE('',#6928,#6504,#5616,.T.);
#12252=EDGE_CURVE('',#6932,#6508,#5588,.T.);
#12265=EDGE_CURVE('',#6930,#6506,#5602,.T.);
#12289=EDGE_CURVE('',#6483,#6484,#5672,.T.);
#12304=EDGE_CURVE('',#6479,#6480,#5644,.T.);
#12353=EDGE_CURVE('',#6859,#6860,#5749,.T.);
#12366=EDGE_CURVE('',#6443,#6444,#5763,.T.);
#12369=EDGE_CURVE('',#6854,#6856,#5777,.T.);
#12372=EDGE_CURVE('',#6439,#6440,#5791,.T.);
#12377=EDGE_CURVE('',#6455,#6456,#5721,.T.);
#12379=EDGE_CURVE('',#6460,#6455,#5728,.T.);
#12381=EDGE_CURVE('',#6458,#6460,#5735,.T.);
#12383=EDGE_CURVE('',#6456,#6458,#5742,.T.);
#12387=EDGE_CURVE('',#6447,#6448,#5693,.T.);
#12389=EDGE_CURVE('',#6452,#6447,#5700,.T.);
#12391=EDGE_CURVE('',#6450,#6452,#5707,.T.);
#12393=EDGE_CURVE('',#6448,#6450,#5714,.T.);
#12404=EDGE_CURVE('',#6879,#6447,#5812,.T.);
#12407=EDGE_CURVE('',#6880,#6448,#5854,.T.);
#12418=EDGE_CURVE('',#6884,#6452,#5826,.T.);
#12431=EDGE_CURVE('',#6882,#6450,#5840,.T.);
#12456=EDGE_CURVE('',#6887,#6455,#5868,.T.);
#12459=EDGE_CURVE('',#6888,#6456,#5910,.T.);
#12470=EDGE_CURVE('',#6892,#6460,#5882,.T.);
#12483=EDGE_CURVE('',#6890,#6458,#5896,.T.);
#12507=EDGE_CURVE('',#6435,#6436,#5966,.T.);
#12522=EDGE_CURVE('',#6431,#6432,#5938,.T.);
#12571=EDGE_CURVE('',#6819,#6820,#6043,.T.);
#12584=EDGE_CURVE('',#6395,#6396,#6057,.T.);
#12589=EDGE_CURVE('',#6391,#6392,#6085,.T.);
#12594=EDGE_CURVE('',#6407,#6408,#6015,.T.);
#12596=EDGE_CURVE('',#6412,#6407,#6022,.T.);
#12598=EDGE_CURVE('',#6410,#6412,#6029,.T.);
#12600=EDGE_CURVE('',#6408,#6410,#6036,.T.);
#12604=EDGE_CURVE('',#6399,#6400,#5987,.T.);
#12606=EDGE_CURVE('',#6404,#6399,#5994,.T.);
#12608=EDGE_CURVE('',#6402,#6404,#6001,.T.);
#12610=EDGE_CURVE('',#6400,#6402,#6008,.T.);
#12621=EDGE_CURVE('',#6839,#6399,#6106,.T.);
#12624=EDGE_CURVE('',#6840,#6400,#6148,.T.);
#12635=EDGE_CURVE('',#6844,#6404,#6120,.T.);
#12648=EDGE_CURVE('',#6842,#6402,#6134,.T.);
#12673=EDGE_CURVE('',#6847,#6407,#6162,.T.);
#12676=EDGE_CURVE('',#6848,#6408,#6204,.T.);
#12687=EDGE_CURVE('',#6852,#6412,#6176,.T.);
#12700=EDGE_CURVE('',#6850,#6410,#6190,.T.);
#12724=EDGE_CURVE('',#6387,#6388,#6260,.T.);
#12739=EDGE_CURVE('',#6383,#6384,#6232,.T.);
#12789=(LENGTH_UNIT()NAMED_UNIT(*)SI_UNIT(.MILLI.,.METRE.));
#12791=(NAMED_UNIT(*)PLANE_ANGLE_UNIT()SI_UNIT($,.RADIAN.));
#12794=(NAMED_UNIT(*)SI_UNIT($,.STERADIAN.)SOLID_ANGLE_UNIT());
#12800=AXIS2_PLACEMENT_3D('',#12797,#12798,#12799);
#12801=ADVANCED_BREP_SHAPE_REPRESENTATION('',(#12800,#12782),#12796);
#12808=PRODUCT_DEFINITION('design','',#12807,#12804);
#12809=PRODUCT_DEFINITION_SHAPE('','SHAPE FOR M20-97413_MOULD.',#12808);
#12810=SHAPE_DEFINITION_REPRESENTATION(#12809,#12801);
#12811=SHAPE_DEFINITION_REPRESENTATION(#12812,#12813);
#12812=PRODUCT_DEFINITION_SHAPE('','SHAPE FOR M20-97413XX_ASM.',#14894);
#12813=SHAPE_REPRESENTATION('',(#12819,#13738,#13747,#13756,#13765,#13774,
#13783,#13792,#13801,#13810,#13819,#13828,#13837,#13846,#14766,#14775,#14784,
#14793,#14802,#14811,#14820,#14829,#14838,#14847,#14856,#14865,#14874,#14889),
#14885);
#12814=NEXT_ASSEMBLY_USAGE_OCCURRENCE('3183','Next assembly relationship',
'M20-97413_MOULD',#14894,#12808,$);
#12815=PRODUCT_DEFINITION_SHAPE('Placement #3183',
'Placement of M20-97413_MOULD with respect to M20-97413XX_ASM',#12814);
#12996=CIRCLE('',#12995,1.64E0);
#13039=CIRCLE('',#13038,1.E0);
#13061=CIRCLE('',#13060,1.E0);
#13167=CIRCLE('',#13166,1.64E0);
#13261=EDGE_CURVE('',#13213,#13215,#12834,.T.);
#13263=EDGE_CURVE('',#13215,#13210,#12925,.T.);
#13265=EDGE_CURVE('',#13210,#13211,#12890,.T.);
#13267=EDGE_CURVE('',#13211,#13213,#12869,.T.);
#13289=EDGE_CURVE('',#13245,#13247,#12827,.T.);
#13291=EDGE_CURVE('',#13215,#13247,#12932,.T.);
#13294=EDGE_CURVE('',#13213,#13245,#12841,.T.);
#13317=EDGE_CURVE('',#13245,#13237,#12848,.T.);
#13319=EDGE_CURVE('',#13239,#13237,#12953,.T.);
#13321=EDGE_CURVE('',#13247,#13239,#12904,.T.);
#13343=EDGE_CURVE('',#13243,#13245,#12862,.T.);
#13345=EDGE_CURVE('',#13243,#13234,#12855,.T.);
#13347=EDGE_CURVE('',#13237,#13234,#12960,.T.);
#13373=EDGE_CURVE('',#13211,#13243,#12876,.T.);
#13395=EDGE_CURVE('',#13242,#13243,#12883,.T.);
#13399=EDGE_CURVE('',#13210,#13242,#12918,.T.);
#13422=EDGE_CURVE('',#13242,#13235,#12897,.T.);
#13424=EDGE_CURVE('',#13234,#13235,#12939,.T.);
#13447=EDGE_CURVE('',#13247,#13242,#12911,.T.);
#13450=EDGE_CURVE('',#13235,#13239,#12946,.T.);
#13497=EDGE_CURVE('',#13250,#13251,#12967,.T.);
#13499=EDGE_CURVE('',#13251,#13253,#13024,.T.);
#13501=EDGE_CURVE('',#13253,#13255,#13010,.T.);
#13503=EDGE_CURVE('',#13255,#13250,#12981,.T.);
#13520=EDGE_CURVE('',#13250,#13194,#12974,.T.);
#13522=EDGE_CURVE('',#13194,#13195,#13053,.T.);
#13524=EDGE_CURVE('',#13251,#13195,#13031,.T.);
#13535=EDGE_CURVE('',#13255,#13199,#12988,.T.);
#13537=EDGE_CURVE('',#13199,#13207,#12996,.T.);
#13539=EDGE_CURVE('',#13207,#13222,#13003,.T.);
#13541=EDGE_CURVE('',#13222,#13223,#13117,.T.);
#13543=EDGE_CURVE('',#13202,#13223,#13075,.T.);
#13545=EDGE_CURVE('',#13194,#13202,#13061,.T.);
#13557=EDGE_CURVE('',#13253,#13198,#13017,.T.);
#13559=EDGE_CURVE('',#13198,#13199,#13159,.T.);
#13572=EDGE_CURVE('',#13195,#13203,#13039,.T.);
#13574=EDGE_CURVE('',#13203,#13231,#13046,.T.);
#13576=EDGE_CURVE('',#13231,#13227,#13188,.T.);
#13578=EDGE_CURVE('',#13206,#13227,#13152,.T.);
#13580=EDGE_CURVE('',#13198,#13206,#13167,.T.);
#13593=EDGE_CURVE('',#13202,#13203,#13068,.T.);
#13606=EDGE_CURVE('',#13223,#13231,#13096,.T.);
#13617=EDGE_CURVE('',#13219,#13229,#13082,.T.);
#13619=EDGE_CURVE('',#13229,#13231,#13089,.T.);
#13622=EDGE_CURVE('',#13219,#13223,#13103,.T.);
#13633=EDGE_CURVE('',#13218,#13219,#13110,.T.);
#13635=EDGE_CURVE('',#13225,#13218,#13124,.T.);
#13637=EDGE_CURVE('',#13229,#13225,#13174,.T.);
#13650=EDGE_CURVE('',#13218,#13222,#13131,.T.);
#13662=EDGE_CURVE('',#13227,#13222,#13138,.T.);
#13664=EDGE_CURVE('',#13225,#13227,#13181,.T.);
#13674=EDGE_CURVE('',#13206,#13207,#13145,.T.);
#13714=(LENGTH_UNIT()NAMED_UNIT(*)SI_UNIT(.MILLI.,.METRE.));
#13716=(NAMED_UNIT(*)PLANE_ANGLE_UNIT()SI_UNIT($,.RADIAN.));
#13719=(NAMED_UNIT(*)SI_UNIT($,.STERADIAN.)SOLID_ANGLE_UNIT());
#13725=AXIS2_PLACEMENT_3D('',#13722,#13723,#13724);
#13726=ADVANCED_BREP_SHAPE_REPRESENTATION('',(#13725,#13707),#13721);
#13730=PRODUCT_DEFINITION('design','',#13729,#12804);
#13731=PRODUCT_DEFINITION_SHAPE('','SHAPE FOR M20-974-PIN1.',#13730);
#13732=SHAPE_DEFINITION_REPRESENTATION(#13731,#13726);
#13733=NEXT_ASSEMBLY_USAGE_OCCURRENCE('3184','Next assembly relationship',
'M20-974-PIN1',#14894,#13730,$);
#13734=PRODUCT_DEFINITION_SHAPE('Placement #3184',
'Placement of M20-974-PIN1 with respect to M20-97413XX_ASM',#13733);
#13742=NEXT_ASSEMBLY_USAGE_OCCURRENCE('3185','Next assembly relationship',
'M20-974-PIN1',#14894,#13730,$);
#13743=PRODUCT_DEFINITION_SHAPE('Placement #3185',
'Placement of M20-974-PIN1 with respect to M20-97413XX_ASM',#13742);
#13751=NEXT_ASSEMBLY_USAGE_OCCURRENCE('3186','Next assembly relationship',
'M20-974-PIN1',#14894,#13730,$);
#13752=PRODUCT_DEFINITION_SHAPE('Placement #3186',
'Placement of M20-974-PIN1 with respect to M20-97413XX_ASM',#13751);
#13760=NEXT_ASSEMBLY_USAGE_OCCURRENCE('3187','Next assembly relationship',
'M20-974-PIN1',#14894,#13730,$);
#13761=PRODUCT_DEFINITION_SHAPE('Placement #3187',
'Placement of M20-974-PIN1 with respect to M20-97413XX_ASM',#13760);
#13769=NEXT_ASSEMBLY_USAGE_OCCURRENCE('3188','Next assembly relationship',
'M20-974-PIN1',#14894,#13730,$);
#13770=PRODUCT_DEFINITION_SHAPE('Placement #3188',
'Placement of M20-974-PIN1 with respect to M20-97413XX_ASM',#13769);
#13778=NEXT_ASSEMBLY_USAGE_OCCURRENCE('3189','Next assembly relationship',
'M20-974-PIN1',#14894,#13730,$);
#13779=PRODUCT_DEFINITION_SHAPE('Placement #3189',
'Placement of M20-974-PIN1 with respect to M20-97413XX_ASM',#13778);
#13787=NEXT_ASSEMBLY_USAGE_OCCURRENCE('3190','Next assembly relationship',
'M20-974-PIN1',#14894,#13730,$);
#13788=PRODUCT_DEFINITION_SHAPE('Placement #3190',
'Placement of M20-974-PIN1 with respect to M20-97413XX_ASM',#13787);
#13796=NEXT_ASSEMBLY_USAGE_OCCURRENCE('3191','Next assembly relationship',
'M20-974-PIN1',#14894,#13730,$);
#13797=PRODUCT_DEFINITION_SHAPE('Placement #3191',
'Placement of M20-974-PIN1 with respect to M20-97413XX_ASM',#13796);
#13805=NEXT_ASSEMBLY_USAGE_OCCURRENCE('3192','Next assembly relationship',
'M20-974-PIN1',#14894,#13730,$);
#13806=PRODUCT_DEFINITION_SHAPE('Placement #3192',
'Placement of M20-974-PIN1 with respect to M20-97413XX_ASM',#13805);
#13814=NEXT_ASSEMBLY_USAGE_OCCURRENCE('3193','Next assembly relationship',
'M20-974-PIN1',#14894,#13730,$);
#13815=PRODUCT_DEFINITION_SHAPE('Placement #3193',
'Placement of M20-974-PIN1 with respect to M20-97413XX_ASM',#13814);
#13823=NEXT_ASSEMBLY_USAGE_OCCURRENCE('3194','Next assembly relationship',
'M20-974-PIN1',#14894,#13730,$);
#13824=PRODUCT_DEFINITION_SHAPE('Placement #3194',
'Placement of M20-974-PIN1 with respect to M20-97413XX_ASM',#13823);
#13832=NEXT_ASSEMBLY_USAGE_OCCURRENCE('3195','Next assembly relationship',
'M20-974-PIN1',#14894,#13730,$);
#13833=PRODUCT_DEFINITION_SHAPE('Placement #3195',
'Placement of M20-974-PIN1 with respect to M20-97413XX_ASM',#13832);
#13841=NEXT_ASSEMBLY_USAGE_OCCURRENCE('3196','Next assembly relationship',
'M20-974-PIN1',#14894,#13730,$);
#13842=PRODUCT_DEFINITION_SHAPE('Placement #3196',
'Placement of M20-974-PIN1 with respect to M20-97413XX_ASM',#13841);
#14023=CIRCLE('',#14022,1.64E0);
#14066=CIRCLE('',#14065,1.E0);
#14088=CIRCLE('',#14087,1.E0);
#14194=CIRCLE('',#14193,1.64E0);
#14288=EDGE_CURVE('',#14240,#14242,#13861,.T.);
#14290=EDGE_CURVE('',#14242,#14237,#13952,.T.);
#14292=EDGE_CURVE('',#14237,#14238,#13917,.T.);
#14294=EDGE_CURVE('',#14238,#14240,#13896,.T.);
#14316=EDGE_CURVE('',#14272,#14274,#13854,.T.);
#14318=EDGE_CURVE('',#14242,#14274,#13959,.T.);
#14321=EDGE_CURVE('',#14240,#14272,#13868,.T.);
#14344=EDGE_CURVE('',#14272,#14264,#13875,.T.);
#14346=EDGE_CURVE('',#14264,#14266,#13980,.T.);
#14348=EDGE_CURVE('',#14274,#14266,#13931,.T.);
#14370=EDGE_CURVE('',#14270,#14272,#13889,.T.);
#14372=EDGE_CURVE('',#14270,#14262,#13882,.T.);
#14374=EDGE_CURVE('',#14262,#14264,#13987,.T.);
#14400=EDGE_CURVE('',#14238,#14270,#13903,.T.);
#14422=EDGE_CURVE('',#14269,#14270,#13910,.T.);
#14426=EDGE_CURVE('',#14237,#14269,#13945,.T.);
#14449=EDGE_CURVE('',#14269,#14261,#13924,.T.);
#14451=EDGE_CURVE('',#14261,#14262,#13966,.T.);
#14474=EDGE_CURVE('',#14274,#14269,#13938,.T.);
#14477=EDGE_CURVE('',#14266,#14261,#13973,.T.);
#14524=EDGE_CURVE('',#14277,#14278,#13994,.T.);
#14526=EDGE_CURVE('',#14278,#14280,#14051,.T.);
#14528=EDGE_CURVE('',#14280,#14282,#14037,.T.);
#14530=EDGE_CURVE('',#14282,#14277,#14008,.T.);
#14547=EDGE_CURVE('',#14277,#14221,#14001,.T.);
#14549=EDGE_CURVE('',#14221,#14222,#14080,.T.);
#14551=EDGE_CURVE('',#14278,#14222,#14058,.T.);
#14562=EDGE_CURVE('',#14282,#14226,#14015,.T.);
#14564=EDGE_CURVE('',#14226,#14234,#14023,.T.);
#14566=EDGE_CURVE('',#14234,#14249,#14030,.T.);
#14568=EDGE_CURVE('',#14249,#14250,#14144,.T.);
#14570=EDGE_CURVE('',#14229,#14250,#14102,.T.);
#14572=EDGE_CURVE('',#14221,#14229,#14088,.T.);
#14584=EDGE_CURVE('',#14280,#14225,#14044,.T.);
#14586=EDGE_CURVE('',#14225,#14226,#14186,.T.);
#14599=EDGE_CURVE('',#14222,#14230,#14066,.T.);
#14601=EDGE_CURVE('',#14230,#14258,#14073,.T.);
#14603=EDGE_CURVE('',#14258,#14254,#14215,.T.);
#14605=EDGE_CURVE('',#14233,#14254,#14179,.T.);
#14607=EDGE_CURVE('',#14225,#14233,#14194,.T.);
#14620=EDGE_CURVE('',#14229,#14230,#14095,.T.);
#14633=EDGE_CURVE('',#14250,#14258,#14123,.T.);
#14644=EDGE_CURVE('',#14246,#14256,#14109,.T.);
#14646=EDGE_CURVE('',#14256,#14258,#14116,.T.);
#14649=EDGE_CURVE('',#14246,#14250,#14130,.T.);
#14660=EDGE_CURVE('',#14245,#14246,#14137,.T.);
#14662=EDGE_CURVE('',#14252,#14245,#14151,.T.);
#14664=EDGE_CURVE('',#14256,#14252,#14201,.T.);
#14677=EDGE_CURVE('',#14245,#14249,#14158,.T.);
#14689=EDGE_CURVE('',#14254,#14249,#14165,.T.);
#14691=EDGE_CURVE('',#14252,#14254,#14208,.T.);
#14701=EDGE_CURVE('',#14233,#14234,#14172,.T.);
#14741=(LENGTH_UNIT()NAMED_UNIT(*)SI_UNIT(.MILLI.,.METRE.));
#14743=(NAMED_UNIT(*)PLANE_ANGLE_UNIT()SI_UNIT($,.RADIAN.));
#14746=(NAMED_UNIT(*)SI_UNIT($,.STERADIAN.)SOLID_ANGLE_UNIT());
#14752=AXIS2_PLACEMENT_3D('',#14749,#14750,#14751);
#14753=ADVANCED_BREP_SHAPE_REPRESENTATION('',(#14752,#14734),#14748);
#14758=PRODUCT_DEFINITION('design','',#14757,#14754);
#14759=PRODUCT_DEFINITION_SHAPE('','SHAPE FOR M20-974-PIN2.',#14758);
#14760=SHAPE_DEFINITION_REPRESENTATION(#14759,#14753);
#14761=NEXT_ASSEMBLY_USAGE_OCCURRENCE('3197','Next assembly relationship',
'M20-974-PIN2',#14894,#14758,$);
#14762=PRODUCT_DEFINITION_SHAPE('Placement #3197',
'Placement of M20-974-PIN2 with respect to M20-97413XX_ASM',#14761);
#14770=NEXT_ASSEMBLY_USAGE_OCCURRENCE('3198','Next assembly relationship',
'M20-974-PIN2',#14894,#14758,$);
#14771=PRODUCT_DEFINITION_SHAPE('Placement #3198',
'Placement of M20-974-PIN2 with respect to M20-97413XX_ASM',#14770);
#14779=NEXT_ASSEMBLY_USAGE_OCCURRENCE('3199','Next assembly relationship',
'M20-974-PIN2',#14894,#14758,$);
#14780=PRODUCT_DEFINITION_SHAPE('Placement #3199',
'Placement of M20-974-PIN2 with respect to M20-97413XX_ASM',#14779);
#14788=NEXT_ASSEMBLY_USAGE_OCCURRENCE('3200','Next assembly relationship',
'M20-974-PIN2',#14894,#14758,$);
#14789=PRODUCT_DEFINITION_SHAPE('Placement #3200',
'Placement of M20-974-PIN2 with respect to M20-97413XX_ASM',#14788);
#14797=NEXT_ASSEMBLY_USAGE_OCCURRENCE('3201','Next assembly relationship',
'M20-974-PIN2',#14894,#14758,$);
#14798=PRODUCT_DEFINITION_SHAPE('Placement #3201',
'Placement of M20-974-PIN2 with respect to M20-97413XX_ASM',#14797);
#14806=NEXT_ASSEMBLY_USAGE_OCCURRENCE('3202','Next assembly relationship',
'M20-974-PIN2',#14894,#14758,$);
#14807=PRODUCT_DEFINITION_SHAPE('Placement #3202',
'Placement of M20-974-PIN2 with respect to M20-97413XX_ASM',#14806);
#14815=NEXT_ASSEMBLY_USAGE_OCCURRENCE('3203','Next assembly relationship',
'M20-974-PIN2',#14894,#14758,$);
#14816=PRODUCT_DEFINITION_SHAPE('Placement #3203',
'Placement of M20-974-PIN2 with respect to M20-97413XX_ASM',#14815);
#14824=NEXT_ASSEMBLY_USAGE_OCCURRENCE('3204','Next assembly relationship',
'M20-974-PIN2',#14894,#14758,$);
#14825=PRODUCT_DEFINITION_SHAPE('Placement #3204',
'Placement of M20-974-PIN2 with respect to M20-97413XX_ASM',#14824);
#14833=NEXT_ASSEMBLY_USAGE_OCCURRENCE('3205','Next assembly relationship',
'M20-974-PIN2',#14894,#14758,$);
#14834=PRODUCT_DEFINITION_SHAPE('Placement #3205',
'Placement of M20-974-PIN2 with respect to M20-97413XX_ASM',#14833);
#14842=NEXT_ASSEMBLY_USAGE_OCCURRENCE('3206','Next assembly relationship',
'M20-974-PIN2',#14894,#14758,$);
#14843=PRODUCT_DEFINITION_SHAPE('Placement #3206',
'Placement of M20-974-PIN2 with respect to M20-97413XX_ASM',#14842);
#14851=NEXT_ASSEMBLY_USAGE_OCCURRENCE('3207','Next assembly relationship',
'M20-974-PIN2',#14894,#14758,$);
#14852=PRODUCT_DEFINITION_SHAPE('Placement #3207',
'Placement of M20-974-PIN2 with respect to M20-97413XX_ASM',#14851);
#14860=NEXT_ASSEMBLY_USAGE_OCCURRENCE('3208','Next assembly relationship',
'M20-974-PIN2',#14894,#14758,$);
#14861=PRODUCT_DEFINITION_SHAPE('Placement #3208',
'Placement of M20-974-PIN2 with respect to M20-97413XX_ASM',#14860);
#14869=NEXT_ASSEMBLY_USAGE_OCCURRENCE('3209','Next assembly relationship',
'M20-974-PIN2',#14894,#14758,$);
#14870=PRODUCT_DEFINITION_SHAPE('Placement #3209',
'Placement of M20-974-PIN2 with respect to M20-97413XX_ASM',#14869);
#14878=(LENGTH_UNIT()NAMED_UNIT(*)SI_UNIT(.MILLI.,.METRE.));
#14880=(NAMED_UNIT(*)PLANE_ANGLE_UNIT()SI_UNIT($,.RADIAN.));
#14883=(NAMED_UNIT(*)SI_UNIT($,.STERADIAN.)SOLID_ANGLE_UNIT());
#14889=AXIS2_PLACEMENT_3D('',#14886,#14887,#14888);
#14894=PRODUCT_DEFINITION('design','',#14893,#14754);
ENDSEC;
END-ISO-10303-21;
