ISO-10303-21;
HEADER;
FILE_DESCRIPTION (( 'STEP AP214' ),
    '1' );
FILE_NAME ('NX3215SA-32.768KHZ-EXS00A-MU00525.STEP',
    '2021-07-15T13:35:40',
    ( '' ),
    ( '' ),
    'SwSTEP 2.0',
    'SolidWorks 2018',
    '' );
FILE_SCHEMA (( 'AUTOMOTIVE_DESIGN' ));
ENDSEC;

DATA;
#1 = ORIENTED_EDGE ( 'NONE', *, *, #4511, .T. ) ;
#2 = ADVANCED_FACE ( 'NONE', ( #227 ), #2392, .F. ) ;
#3 = PRESENTATION_STYLE_ASSIGNMENT (( #761 ) ) ;
#4 = FILL_AREA_STYLE_COLOUR ( '', #2912 ) ;
#5 = LINE ( 'NONE', #750, #2414 ) ;
#6 = ORIENTED_EDGE ( 'NONE', *, *, #667, .F. ) ;
#7 = DIRECTION ( 'NONE',  ( -1.000000000000000000, 0.000000000000000000, 0.000000000000000000 ) ) ;
#8 = VERTEX_POINT ( 'NONE', #235 ) ;
#9 = ORIENTED_EDGE ( 'NONE', *, *, #1388, .T. ) ;
#10 = ORIENTED_EDGE ( 'NONE', *, *, #224, .T. ) ;
#11 = ORIENTED_EDGE ( 'NONE', *, *, #2780, .F. ) ;
#12 = EDGE_LOOP ( 'NONE', ( #3991, #4499, #3140, #176 ) ) ;
#13 = ORIENTED_EDGE ( 'NONE', *, *, #1454, .F. ) ;
#14 = FILL_AREA_STYLE_COLOUR ( '', #633 ) ;
#15 = CARTESIAN_POINT ( 'NONE',  ( -1.600000000000000089, 0.2700000000000000178, 0.6300000000000000044 ) ) ;
#16 = CARTESIAN_POINT ( 'NONE',  ( 1.481443453995999970, 0.02000000000000000042, 0.7314434539959999704 ) ) ;
#17 = ORIENTED_EDGE ( 'NONE', *, *, #3787, .F. ) ;
#18 = DIRECTION ( 'NONE',  ( 0.0002007980059175446365, 0.000000000000000000, 0.9999999798400801554 ) ) ;
#19 = DIRECTION ( 'NONE',  ( -0.000000000000000000, 1.000000000000000000, 0.000000000000000000 ) ) ;
#20 = MECHANICAL_DESIGN_GEOMETRIC_PRESENTATION_REPRESENTATION (  '', ( #1709 ), #1535 ) ;
#21 = EDGE_CURVE ( 'NONE', #1988, #1554, #3863, .T. ) ;
#22 = ADVANCED_FACE ( 'NONE', ( #4091 ), #4618, .T. ) ;
#23 = DIRECTION ( 'NONE',  ( 0.000000000000000000, 1.000000000000000000, 0.000000000000000000 ) ) ;
#24 = VERTEX_POINT ( 'NONE', #1660 ) ;
#25 = CARTESIAN_POINT ( 'NONE',  ( -1.600000000000000089, 0.000000000000000000, -0.6300000000000000044 ) ) ;
#26 = FACE_OUTER_BOUND ( 'NONE', #228, .T. ) ;
#27 = UNCERTAINTY_MEASURE_WITH_UNIT (LENGTH_MEASURE( 1.000000000000000082E-05 ), #2670, 'distance_accuracy_value', 'NONE');
#28 = EDGE_CURVE ( 'NONE', #3979, #1554, #4208, .T. ) ;
#29 = COLOUR_RGB ( '',0.9686274509803921573, 0.8784313725490195957, 0.5999999999999999778 ) ;
#30 = PLANE ( 'NONE',  #3821 ) ;
#31 = DIRECTION ( 'NONE',  ( 0.000000000000000000, 0.000000000000000000, -1.000000000000000000 ) ) ;
#32 = DIRECTION ( 'NONE',  ( 1.000000000000000000, 0.000000000000000000, 0.000000000000000000 ) ) ;
#33 = CARTESIAN_POINT ( 'NONE',  ( 1.481443453995999970, 0.000000000000000000, 0.7314434539959999704 ) ) ;
#34 = CARTESIAN_POINT ( 'NONE',  ( 1.350000000000000089, 0.6999999999999999556, 0.2999999999999999889 ) ) ;
#35 = LINE ( 'NONE', #961, #504 ) ;
#36 = DIRECTION ( 'NONE',  ( -1.000000000000000000, 0.000000000000000000, 0.000000000000000000 ) ) ;
#37 = SURFACE_SIDE_STYLE ('',( #2889 ) ) ;
#38 = AXIS2_PLACEMENT_3D ( 'NONE', #3241, #301, #1771 ) ;
#39 = CARTESIAN_POINT ( 'NONE',  ( 1.600000000000000089, 0.000000000000000000, 0.7500000000000000000 ) ) ;
#40 =( NAMED_UNIT ( * ) SI_UNIT ( $, .STERADIAN. ) SOLID_ANGLE_UNIT ( ) );
#41 = STYLED_ITEM ( 'NONE', ( #1573 ), #324 ) ;
#42 =( GEOMETRIC_REPRESENTATION_CONTEXT ( 3 ) GLOBAL_UNCERTAINTY_ASSIGNED_CONTEXT ( ( #2838 ) ) GLOBAL_UNIT_ASSIGNED_CONTEXT ( ( #1434, #3290, #327 ) ) REPRESENTATION_CONTEXT ( 'NONE', 'WORKASPACE' ) );
#43 = SURFACE_STYLE_FILL_AREA ( #2524 ) ;
#44 = SURFACE_STYLE_USAGE ( .BOTH. , #736 ) ;
#45 = COLOUR_RGB ( '',0.2980392156862745057, 0.2980392156862745057, 0.2980392156862745057 ) ;
#46 = LINE ( 'NONE', #1157, #3769 ) ;
#47 = AXIS2_PLACEMENT_3D ( 'NONE', #992, #1749, #660 ) ;
#48 = EDGE_CURVE ( 'NONE', #2953, #3321, #2228, .T. ) ;
#49 = CARTESIAN_POINT ( 'NONE',  ( 1.500000000000000000, 0.2700000000000000178, -0.7500000000000000000 ) ) ;
#50 = PRESENTATION_LAYER_ASSIGNMENT (  '', '', ( #136 ) ) ;
#51 = CARTESIAN_POINT ( 'NONE',  ( -0.8499999999999999778, 0.000000000000000000, 0.6500000000000000222 ) ) ;
#52 = LINE ( 'NONE', #1139, #4172 ) ;
#53 = SURFACE_STYLE_USAGE ( .BOTH. , #1162 ) ;
#54 = PRESENTATION_LAYER_ASSIGNMENT (  '', '', ( #1056 ) ) ;
#55 = EDGE_CURVE ( 'NONE', #4368, #1979, #3216, .T. ) ;
#56 = AXIS2_PLACEMENT_3D ( 'NONE', #4111, #3373, #1102 ) ;
#57 = ORIENTED_EDGE ( 'NONE', *, *, #1654, .T. ) ;
#58 = ORIENTED_EDGE ( 'NONE', *, *, #957, .T. ) ;
#59 = PRESENTATION_STYLE_ASSIGNMENT (( #3041 ) ) ;
#60 = ORIENTED_EDGE ( 'NONE', *, *, #4397, .T. ) ;
#61 = DIRECTION ( 'NONE',  ( -0.000000000000000000, 1.000000000000000000, -0.000000000000000000 ) ) ;
#62 = CARTESIAN_POINT ( 'NONE',  ( 1.600000000000000089, 0.2700000000000000178, 0.7500000000000000000 ) ) ;
#63 = DIRECTION ( 'NONE',  ( -0.7071067811865475727, 0.000000000000000000, 0.7071067811865475727 ) ) ;
#64 =( GEOMETRIC_REPRESENTATION_CONTEXT ( 3 ) GLOBAL_UNCERTAINTY_ASSIGNED_CONTEXT ( ( #1171 ) ) GLOBAL_UNIT_ASSIGNED_CONTEXT ( ( #139, #122, #3470 ) ) REPRESENTATION_CONTEXT ( 'NONE', 'WORKASPACE' ) );
#65 = FILL_AREA_STYLE_COLOUR ( '', #4032 ) ;
#66 = ORIENTED_EDGE ( 'NONE', *, *, #874, .T. ) ;
#67 = CARTESIAN_POINT ( 'NONE',  ( -1.399999999999999911, 0.5999999999999999778, 0.3499999999728000133 ) ) ;
#68 = ORIENTED_EDGE ( 'NONE', *, *, #390, .F. ) ;
#69 = ORIENTED_EDGE ( 'NONE', *, *, #4562, .F. ) ;
#70 = ORIENTED_EDGE ( 'NONE', *, *, #3192, .F. ) ;
#71 = STYLED_ITEM ( 'NONE', ( #666 ), #383 ) ;
#72 = DIRECTION ( 'NONE',  ( 0.000000000000000000, 0.000000000000000000, -1.000000000000000000 ) ) ;
#73 = CARTESIAN_POINT ( 'NONE',  ( 1.600000000000000089, 0.000000000000000000, 0.7500000000000000000 ) ) ;
#74 = EDGE_CURVE ( 'NONE', #686, #115, #2117, .T. ) ;
#75 = DIRECTION ( 'NONE',  ( 0.000000000000000000, 1.000000000000000000, 0.000000000000000000 ) ) ;
#76 = ORIENTED_EDGE ( 'NONE', *, *, #321, .F. ) ;
#77 = VECTOR ( 'NONE', #4432, 1000.000000000000000 ) ;
#78 = LINE ( 'NONE', #2192, #2002 ) ;
#79 = COLOUR_RGB ( '',0.9686274509803921573, 0.8784313725490195957, 0.5999999999999999778 ) ;
#80 = PRESENTATION_LAYER_ASSIGNMENT (  '', '', ( #4403 ) ) ;
#81 = EDGE_CURVE ( 'NONE', #1797, #464, #3965, .T. ) ;
#82 = STYLED_ITEM ( 'NONE', ( #2169 ), #3904 ) ;
#83 = LINE ( 'NONE', #96, #4782 ) ;
#84 = DIRECTION ( 'NONE',  ( 0.000000000000000000, 0.000000000000000000, -1.000000000000000000 ) ) ;
#85 = UNCERTAINTY_MEASURE_WITH_UNIT (LENGTH_MEASURE( 1.000000000000000082E-05 ), #113, 'distance_accuracy_value', 'NONE');
#86 = LINE ( 'NONE', #3067, #243 ) ;
#87 = DIRECTION ( 'NONE',  ( 0.000000000000000000, 0.000000000000000000, -1.000000000000000000 ) ) ;
#88 = VECTOR ( 'NONE', #1331, 1000.000000000000000 ) ;
#89 = CARTESIAN_POINT ( 'NONE',  ( -1.449999999999999956, 0.000000000000000000, 0.7500000000000000000 ) ) ;
#90 = CARTESIAN_POINT ( 'NONE',  ( 1.500000000000000000, 0.2700000000000000178, -0.7500000000000000000 ) ) ;
#91 = CARTESIAN_POINT ( 'NONE',  ( -1.500000000000000000, 0.5000000000000000000, -0.3499999999974000020 ) ) ;
#92 = PLANE ( 'NONE',  #1965 ) ;
#93 = PRODUCT_RELATED_PRODUCT_CATEGORY ( 'part', '', ( #3714 ) ) ;
#94 = CARTESIAN_POINT ( 'NONE',  ( -1.479999999999999982, 0.000000000000000000, -0.7500000000000000000 ) ) ;
#95 = VECTOR ( 'NONE', #4377, 1000.000000000000000 ) ;
#96 = CARTESIAN_POINT ( 'NONE',  ( 1.600000000000000089, 0.2700000000000000178, 0.6500000000000000222 ) ) ;
#97 = ORIENTED_EDGE ( 'NONE', *, *, #1187, .T. ) ;
#98 = DIRECTION ( 'NONE',  ( 0.000000000000000000, 1.000000000000000000, 0.000000000000000000 ) ) ;
#99 = FILL_AREA_STYLE_COLOUR ( '', #322 ) ;
#100 = EDGE_CURVE ( 'NONE', #686, #1596, #2990, .T. ) ;
#101 = PRESENTATION_LAYER_ASSIGNMENT (  '', '', ( #2187 ) ) ;
#102 = ORIENTED_EDGE ( 'NONE', *, *, #2704, .F. ) ;
#103 = VERTEX_POINT ( 'NONE', #3098 ) ;
#104 = DIRECTION ( 'NONE',  ( 0.000000000000000000, 1.000000000000000000, 0.000000000000000000 ) ) ;
#105 = ORIENTED_EDGE ( 'NONE', *, *, #1196, .T. ) ;
#106 = CYLINDRICAL_SURFACE ( 'NONE', #1798, 0.1200000000000000927 ) ;
#107 = LINE ( 'NONE', #2134, #4753 ) ;
#108 = DIRECTION ( 'NONE',  ( 0.000000000000000000, 0.000000000000000000, -1.000000000000000000 ) ) ;
#109 = AXIS2_PLACEMENT_3D ( 'NONE', #4579, #476, #108 ) ;
#110 = EDGE_CURVE ( 'NONE', #419, #2428, #137, .T. ) ;
#111 = DIRECTION ( 'NONE',  ( -1.000000000000000000, 0.000000000000000000, 0.000000000000000000 ) ) ;
#112 = MECHANICAL_DESIGN_GEOMETRIC_PRESENTATION_REPRESENTATION (  '', ( #3624 ), #1572 ) ;
#113 =( LENGTH_UNIT ( ) NAMED_UNIT ( * ) SI_UNIT ( .MILLI., .METRE. ) );
#114 = EDGE_LOOP ( 'NONE', ( #3596, #3757, #2977, #2896 ) ) ;
#115 = VERTEX_POINT ( 'NONE', #1247 ) ;
#116 = CARTESIAN_POINT ( 'NONE',  ( -1.199999999999999956, 0.5999999999999999778, 0.3499999999999999778 ) ) ;
#117 = LINE ( 'NONE', #357, #2841 ) ;
#118 = FILL_AREA_STYLE ('',( #4543 ) ) ;
#119 = ORIENTED_EDGE ( 'NONE', *, *, #1026, .T. ) ;
#120 = AXIS2_PLACEMENT_3D ( 'NONE', #39, #3040, #2243 ) ;
#121 = CARTESIAN_POINT ( 'NONE',  ( 1.481443453995999970, 0.000000000000000000, 0.7314434539959999704 ) ) ;
#122 =( NAMED_UNIT ( * ) PLANE_ANGLE_UNIT ( ) SI_UNIT ( $, .RADIAN. ) );
#123 = DIRECTION ( 'NONE',  ( 0.000000000000000000, 1.000000000000000000, 0.000000000000000000 ) ) ;
#124 = CARTESIAN_POINT ( 'NONE',  ( -1.600000000000000089, 0.000000000000000000, -0.7500000000000000000 ) ) ;
#125 = ORIENTED_EDGE ( 'NONE', *, *, #4024, .T. ) ;
#126 = FACE_OUTER_BOUND ( 'NONE', #1976, .T. ) ;
#127 = PRESENTATION_LAYER_ASSIGNMENT (  '', '', ( #3875 ) ) ;
#128 =( NAMED_UNIT ( * ) PLANE_ANGLE_UNIT ( ) SI_UNIT ( $, .RADIAN. ) );
#129 = FILL_AREA_STYLE ('',( #1629 ) ) ;
#130 = DIRECTION ( 'NONE',  ( 0.000000000000000000, 0.000000000000000000, -1.000000000000000000 ) ) ;
#131 = CLOSED_SHELL ( 'NONE', ( #585, #907, #3565, #3210, #4117, #1312, #2479, #4787, #1499, #2209, #3139, #2964, #2995, #1046, #4034, #4426, #3960, #3328, #1729, #2158, #1802, #1440, #1714, #2771, #2181, #993, #4088, #4292, #2461, #306, #1419, #383, #3522, #2571, #3348, #2531, #2809, #4759, #1358, #3982, #604, #4656, #4677, #3162, #2421, #4689, #2915, #1288, #2832, #3904, #1882, #1528, #4330, #2085, #3713, #4059, #3301, #4317, #657, #1470, #1829, #4402, #3230 ) ) ;
#132 = LINE ( 'NONE', #1165, #3954 ) ;
#133 = FILL_AREA_STYLE ('',( #168 ) ) ;
#134 = CARTESIAN_POINT ( 'NONE',  ( -1.149999999999999911, 0.8000000000000000444, -0.5000000000000000000 ) ) ;
#135 =( NAMED_UNIT ( * ) SI_UNIT ( $, .STERADIAN. ) SOLID_ANGLE_UNIT ( ) );
#136 = STYLED_ITEM ( 'NONE', ( #909 ), #3230 ) ;
#137 = CIRCLE ( 'NONE', #2911, 0.1200000000000000927 ) ;
#138 =( LENGTH_UNIT ( ) NAMED_UNIT ( * ) SI_UNIT ( .MILLI., .METRE. ) );
#139 =( LENGTH_UNIT ( ) NAMED_UNIT ( * ) SI_UNIT ( .MILLI., .METRE. ) );
#140 = FILL_AREA_STYLE ('',( #4515 ) ) ;
#141 =( LENGTH_UNIT ( ) NAMED_UNIT ( * ) SI_UNIT ( .MILLI., .METRE. ) );
#142 = DIRECTION ( 'NONE',  ( -1.000000000000000000, 0.000000000000000000, 0.000000000000000000 ) ) ;
#143 = LINE ( 'NONE', #2687, #725 ) ;
#144 = UNCERTAINTY_MEASURE_WITH_UNIT (LENGTH_MEASURE( 1.000000000000000082E-05 ), #2549, 'distance_accuracy_value', 'NONE');
#145 = EDGE_CURVE ( 'NONE', #2363, #3592, #1672, .T. ) ;
#146 = CIRCLE ( 'NONE', #2408, 0.1000000000000000472 ) ;
#147 = FILL_AREA_STYLE_COLOUR ( '', #2361 ) ;
#148 = COLOUR_RGB ( '',0.9686274509803921573, 0.8784313725490195957, 0.5999999999999999778 ) ;
#149 = SURFACE_SIDE_STYLE ('',( #3286 ) ) ;
#150 = FACE_OUTER_BOUND ( 'NONE', #1796, .T. ) ;
#151 = MECHANICAL_DESIGN_GEOMETRIC_PRESENTATION_REPRESENTATION (  '', ( #3972 ), #967 ) ;
#152 = MECHANICAL_DESIGN_GEOMETRIC_PRESENTATION_REPRESENTATION (  '', ( #1900 ), #2139 ) ;
#153 =( NAMED_UNIT ( * ) SI_UNIT ( $, .STERADIAN. ) SOLID_ANGLE_UNIT ( ) );
#154 = CARTESIAN_POINT ( 'NONE',  ( 0.8499999999999999778, 0.000000000000000000, -0.6500000000000000222 ) ) ;
#155 = VECTOR ( 'NONE', #1341, 1000.000000000000000 ) ;
#156 =( NAMED_UNIT ( * ) PLANE_ANGLE_UNIT ( ) SI_UNIT ( $, .RADIAN. ) );
#157 =( LENGTH_UNIT ( ) NAMED_UNIT ( * ) SI_UNIT ( .MILLI., .METRE. ) );
#158 =( NAMED_UNIT ( * ) PLANE_ANGLE_UNIT ( ) SI_UNIT ( $, .RADIAN. ) );
#159 = AXIS2_PLACEMENT_3D ( 'NONE', #1050, #3292, #3733 ) ;
#160 = VECTOR ( 'NONE', #4755, 1000.000000000000000 ) ;
#161 = SURFACE_STYLE_FILL_AREA ( #2712 ) ;
#162 = VERTEX_POINT ( 'NONE', #2345 ) ;
#163 = TOROIDAL_SURFACE ( 'NONE', #3634, 0.2999999999999999889, 0.1000000000000000056 ) ;
#164 = DIRECTION ( 'NONE',  ( -0.7071067811865474617, 0.000000000000000000, -0.7071067811865474617 ) ) ;
#165 = ORIENTED_EDGE ( 'NONE', *, *, #195, .T. ) ;
#166 = DIRECTION ( 'NONE',  ( 0.000000000000000000, -1.000000000000000000, 0.000000000000000000 ) ) ;
#167 = PRESENTATION_STYLE_ASSIGNMENT (( #2410 ) ) ;
#168 = FILL_AREA_STYLE_COLOUR ( '', #4745 ) ;
#169 = ORIENTED_EDGE ( 'NONE', *, *, #2645, .F. ) ;
#170 = UNCERTAINTY_MEASURE_WITH_UNIT (LENGTH_MEASURE( 1.000000000000000082E-05 ), #408, 'distance_accuracy_value', 'NONE');
#171 = ORIENTED_EDGE ( 'NONE', *, *, #3820, .T. ) ;
#172 = MECHANICAL_DESIGN_GEOMETRIC_PRESENTATION_REPRESENTATION (  '', ( #2314 ), #2099 ) ;
#173 = EDGE_CURVE ( 'NONE', #4360, #924, #4205, .T. ) ;
#174 = EDGE_LOOP ( 'NONE', ( #125, #911, #809, #1458 ) ) ;
#175 = CARTESIAN_POINT ( 'NONE',  ( -1.524582898450000057, 0.02000000000000000042, 0.5688664269976999588 ) ) ;
#176 = ORIENTED_EDGE ( 'NONE', *, *, #1687, .T. ) ;
#177 = ORIENTED_EDGE ( 'NONE', *, *, #284, .T. ) ;
#178 = ORIENTED_EDGE ( 'NONE', *, *, #2342, .F. ) ;
#179 = EDGE_CURVE ( 'NONE', #2654, #2740, #4272, .T. ) ;
#180 = ORIENTED_EDGE ( 'NONE', *, *, #4158, .F. ) ;
#181 = FILL_AREA_STYLE ('',( #3176 ) ) ;
#182 = VECTOR ( 'NONE', #2572, 1000.000000000000000 ) ;
#183 = ORIENTED_EDGE ( 'NONE', *, *, #4686, .T. ) ;
#184 = DIRECTION ( 'NONE',  ( 0.000000000000000000, 1.000000000000000000, 0.000000000000000000 ) ) ;
#185 = DIRECTION ( 'NONE',  ( 0.000000000000000000, -1.000000000000000000, 0.000000000000000000 ) ) ;
#186 = PRESENTATION_LAYER_ASSIGNMENT (  '', '', ( #4751 ) ) ;
#187 = ORIENTED_EDGE ( 'NONE', *, *, #3850, .F. ) ;
#188 = FILL_AREA_STYLE_COLOUR ( '', #1584 ) ;
#189 = ORIENTED_EDGE ( 'NONE', *, *, #988, .T. ) ;
#190 = ADVANCED_FACE ( 'NONE', ( #2111 ), #191, .T. ) ;
#191 = CYLINDRICAL_SURFACE ( 'NONE', #2596, 0.1200000000000000927 ) ;
#192 = STYLED_ITEM ( 'NONE', ( #1696 ), #2974 ) ;
#193 = LINE ( 'NONE', #2730, #432 ) ;
#194 =( LENGTH_UNIT ( ) NAMED_UNIT ( * ) SI_UNIT ( .MILLI., .METRE. ) );
#195 = EDGE_CURVE ( 'NONE', #4613, #2543, #1827, .T. ) ;
#196 = SURFACE_STYLE_USAGE ( .BOTH. , #552 ) ;
#197 = AXIS2_PLACEMENT_3D ( 'NONE', #3994, #3272, #2914 ) ;
#198 = MECHANICAL_DESIGN_GEOMETRIC_PRESENTATION_REPRESENTATION (  '', ( #3441 ), #784 ) ;
#199 = CARTESIAN_POINT ( 'NONE',  ( 1.199999999996999911, 0.5000000000000000000, -0.6499999999998999911 ) ) ;
#200 = SURFACE_STYLE_FILL_AREA ( #3543 ) ;
#201 = MECHANICAL_DESIGN_GEOMETRIC_PRESENTATION_REPRESENTATION (  '', ( #1953 ), #457 ) ;
#202 = EDGE_CURVE ( 'NONE', #2438, #4469, #1237, .T. ) ;
#203 = MECHANICAL_DESIGN_GEOMETRIC_PRESENTATION_REPRESENTATION (  '', ( #3346 ), #2875 ) ;
#204 = CIRCLE ( 'NONE', #304, 0.1200000000000000927 ) ;
#205 =( NAMED_UNIT ( * ) PLANE_ANGLE_UNIT ( ) SI_UNIT ( $, .RADIAN. ) );
#206 = LINE ( 'NONE', #1432, #4290 ) ;
#207 = FILL_AREA_STYLE_COLOUR ( '', #370 ) ;
#208 = VECTOR ( 'NONE', #1952, 1000.000000000000000 ) ;
#209 = AXIS2_PLACEMENT_3D ( 'NONE', #3797, #4791, #1945 ) ;
#210 = VECTOR ( 'NONE', #507, 1000.000000000000000 ) ;
#211 = STYLED_ITEM ( 'NONE', ( #1851 ), #2400 ) ;
#212 = ORIENTED_EDGE ( 'NONE', *, *, #2225, .T. ) ;
#213 = CARTESIAN_POINT ( 'NONE',  ( -1.481443453995999970, 0.000000000000000000, -0.7314434539959999704 ) ) ;
#214 = MECHANICAL_DESIGN_GEOMETRIC_PRESENTATION_REPRESENTATION (  '', ( #4044 ), #2560 ) ;
#215 = CARTESIAN_POINT ( 'NONE',  ( -1.524582898450000057, 0.02000000000000000042, 0.5688664269976999588 ) ) ;
#216 = SURFACE_STYLE_FILL_AREA ( #4762 ) ;
#217 = SURFACE_STYLE_FILL_AREA ( #133 ) ;
#218 = SURFACE_SIDE_STYLE ('',( #2458 ) ) ;
#219 = DIRECTION ( 'NONE',  ( -1.000000000000000000, 0.000000000000000000, 0.000000000000000000 ) ) ;
#220 = ORIENTED_EDGE ( 'NONE', *, *, #1710, .F. ) ;
#221 = ORIENTED_EDGE ( 'NONE', *, *, #3891, .F. ) ;
#222 = CARTESIAN_POINT ( 'NONE',  ( -1.399999999999999911, 0.02000000000000000042, -0.6500000000000000222 ) ) ;
#223 = VERTEX_POINT ( 'NONE', #2165 ) ;
#224 = EDGE_CURVE ( 'NONE', #1596, #3979, #3558, .T. ) ;
#225 = CIRCLE ( 'NONE', #2728, 0.1000000000000000472 ) ;
#226 = UNCERTAINTY_MEASURE_WITH_UNIT (LENGTH_MEASURE( 1.000000000000000082E-05 ), #1666, 'distance_accuracy_value', 'NONE');
#227 = FACE_OUTER_BOUND ( 'NONE', #1350, .T. ) ;
#228 = EDGE_LOOP ( 'NONE', ( #3744, #699, #1355, #4697 ) ) ;
#229 = CARTESIAN_POINT ( 'NONE',  ( 1.199999999972999776, 0.5999999999999999778, 0.5500000000000000444 ) ) ;
#230 = ORIENTED_EDGE ( 'NONE', *, *, #3439, .T. ) ;
#231 = EDGE_CURVE ( 'NONE', #2306, #947, #1943, .T. ) ;
#232 = ORIENTED_EDGE ( 'NONE', *, *, #2756, .T. ) ;
#233 = DIRECTION ( 'NONE',  ( -0.000000000000000000, 1.000000000000000000, -0.000000000000000000 ) ) ;
#234 = ADVANCED_FACE ( 'NONE', ( #3449 ), #326, .F. ) ;
#235 = CARTESIAN_POINT ( 'NONE',  ( 1.479999999999999982, 0.2700000000000000178, 0.7500000000000000000 ) ) ;
#236 = ORIENTED_EDGE ( 'NONE', *, *, #4347, .F. ) ;
#237 = STYLED_ITEM ( 'NONE', ( #3660 ), #4631 ) ;
#238 = VECTOR ( 'NONE', #4628, 1000.000000000000000 ) ;
#239 = ORIENTED_EDGE ( 'NONE', *, *, #1397, .F. ) ;
#240 = ORIENTED_EDGE ( 'NONE', *, *, #3820, .F. ) ;
#241 = CYLINDRICAL_SURFACE ( 'NONE', #4358, 0.1000000000000000472 ) ;
#242 = DIRECTION ( 'NONE',  ( 0.000000000000000000, 0.000000000000000000, 1.000000000000000000 ) ) ;
#243 = VECTOR ( 'NONE', #2284, 1000.000000000000000 ) ;
#244 = DIRECTION ( 'NONE',  ( 0.000000000000000000, 0.000000000000000000, 1.000000000000000000 ) ) ;
#245 = DIRECTION ( 'NONE',  ( 0.000000000000000000, -1.000000000000000000, 0.000000000000000000 ) ) ;
#246 = AXIS2_PLACEMENT_3D ( 'NONE', #483, #3077, #3826 ) ;
#247 = FACE_OUTER_BOUND ( 'NONE', #4075, .T. ) ;
#248 = UNCERTAINTY_MEASURE_WITH_UNIT (LENGTH_MEASURE( 1.000000000000000082E-05 ), #4127, 'distance_accuracy_value', 'NONE');
#249 = DIRECTION ( 'NONE',  ( 0.000000000000000000, 1.000000000000000000, 0.000000000000000000 ) ) ;
#250 = ADVANCED_FACE ( 'NONE', ( #361 ), #3995, .F. ) ;
#251 = SURFACE_SIDE_STYLE ('',( #525 ) ) ;
#252 = AXIS2_PLACEMENT_3D ( 'NONE', #4797, #2585, #386 ) ;
#253 = EDGE_CURVE ( 'NONE', #1091, #954, #2985, .T. ) ;
#254 =( LENGTH_UNIT ( ) NAMED_UNIT ( * ) SI_UNIT ( .MILLI., .METRE. ) );
#255 = AXIS2_PLACEMENT_3D ( 'NONE', #3680, #19, #4078 ) ;
#256 = LINE ( 'NONE', #2554, #3980 ) ;
#257 = COLOUR_RGB ( '',0.9686274509803921573, 0.8784313725490195957, 0.5999999999999999778 ) ;
#258 = AXIS2_PLACEMENT_3D ( 'NONE', #4439, #307, #4419 ) ;
#259 = AXIS2_PLACEMENT_3D ( 'NONE', #3830, #4345, #2375 ) ;
#260 = DIRECTION ( 'NONE',  ( -1.000000000000000000, 0.000000000000000000, 0.000000000000000000 ) ) ;
#261 = DIRECTION ( 'NONE',  ( -0.000000000000000000, 1.000000000000000000, -0.000000000000000000 ) ) ;
#262 =( NAMED_UNIT ( * ) SI_UNIT ( $, .STERADIAN. ) SOLID_ANGLE_UNIT ( ) );
#263 = DIRECTION ( 'NONE',  ( -0.000000000000000000, 1.000000000000000000, -0.000000000000000000 ) ) ;
#264 = COLOUR_RGB ( '',0.2980392156862745057, 0.2980392156862745057, 0.2980392156862745057 ) ;
#265 = SURFACE_STYLE_USAGE ( .BOTH. , #1387 ) ;
#266 = PRESENTATION_STYLE_ASSIGNMENT (( #4232 ) ) ;
#267 = ORIENTED_EDGE ( 'NONE', *, *, #2788, .T. ) ;
#268 = CARTESIAN_POINT ( 'NONE',  ( 0.8499999999999999778, 0.02000000000000000042, -0.6500000000000000222 ) ) ;
#269 = MECHANICAL_DESIGN_GEOMETRIC_PRESENTATION_REPRESENTATION (  '', ( #3455 ), #620 ) ;
#270 = ORIENTED_EDGE ( 'NONE', *, *, #708, .F. ) ;
#271 = ORIENTED_EDGE ( 'NONE', *, *, #1792, .T. ) ;
#272 = PRESENTATION_STYLE_ASSIGNMENT (( #1167 ) ) ;
#273 =( LENGTH_UNIT ( ) NAMED_UNIT ( * ) SI_UNIT ( .MILLI., .METRE. ) );
#274 = PRESENTATION_LAYER_ASSIGNMENT (  '', '', ( #2299 ) ) ;
#275 = ADVANCED_FACE ( 'NONE', ( #977 ), #4089, .T. ) ;
#276 = SURFACE_SIDE_STYLE ('',( #4344 ) ) ;
#277 = VERTEX_POINT ( 'NONE', #2583 ) ;
#278 = CARTESIAN_POINT ( 'NONE',  ( 1.350000000000000089, 0.6999999999999999556, 0.2999999999999999889 ) ) ;
#279 = FACE_OUTER_BOUND ( 'NONE', #4207, .T. ) ;
#280 =( NAMED_UNIT ( * ) SI_UNIT ( $, .STERADIAN. ) SOLID_ANGLE_UNIT ( ) );
#281 = ORIENTED_EDGE ( 'NONE', *, *, #395, .T. ) ;
#282 = UNCERTAINTY_MEASURE_WITH_UNIT (LENGTH_MEASURE( 1.000000000000000082E-05 ), #4452, 'distance_accuracy_value', 'NONE');
#283 = FILL_AREA_STYLE_COLOUR ( '', #4281 ) ;
#284 = EDGE_CURVE ( 'NONE', #689, #3723, #4303, .T. ) ;
#285 = VERTEX_POINT ( 'NONE', #2517 ) ;
#286 = VERTEX_POINT ( 'NONE', #4407 ) ;
#287 = ORIENTED_EDGE ( 'NONE', *, *, #3623, .F. ) ;
#288 = DIRECTION ( 'NONE',  ( 1.000000000000000000, 0.000000000000000000, 0.000000000000000000 ) ) ;
#289 = PRESENTATION_LAYER_ASSIGNMENT (  '', '', ( #3472 ) ) ;
#290 = EDGE_CURVE ( 'NONE', #982, #285, #1973, .T. ) ;
#291 = STYLED_ITEM ( 'NONE', ( #4617 ), #3960 ) ;
#292 = VERTEX_POINT ( 'NONE', #3027 ) ;
#293 = PRESENTATION_STYLE_ASSIGNMENT (( #826 ) ) ;
#294 = SURFACE_SIDE_STYLE ('',( #619 ) ) ;
#295 = DIRECTION ( 'NONE',  ( -0.000000000000000000, 1.000000000000000000, -0.000000000000000000 ) ) ;
#296 = CARTESIAN_POINT ( 'NONE',  ( 1.199999999996999911, 0.5999999999999999778, -0.5500000000000000444 ) ) ;
#297 = CARTESIAN_POINT ( 'NONE',  ( -1.600000000000000089, 0.000000000000000000, -0.6300000000000000044 ) ) ;
#298 = ORIENTED_EDGE ( 'NONE', *, *, #2807, .F. ) ;
#299 = FILL_AREA_STYLE ('',( #3323 ) ) ;
#300 = VECTOR ( 'NONE', #896, 1000.000000000000000 ) ;
#301 = DIRECTION ( 'NONE',  ( 1.000000000000000000, 0.000000000000000000, 0.000000000000000000 ) ) ;
#302 = VERTEX_POINT ( 'NONE', #3762 ) ;
#303 = CARTESIAN_POINT ( 'NONE',  ( 1.449999999999999956, 0.000000000000000000, 0.6999999999999999556 ) ) ;
#304 = AXIS2_PLACEMENT_3D ( 'NONE', #4092, #2509, #3276 ) ;
#305 = SURFACE_STYLE_FILL_AREA ( #4727 ) ;
#306 = ADVANCED_FACE ( 'NONE', ( #2955 ), #2245, .F. ) ;
#307 = DIRECTION ( 'NONE',  ( 0.000000000000000000, -1.000000000000000000, 0.000000000000000000 ) ) ;
#308 = VECTOR ( 'NONE', #1746, 1000.000000000000000 ) ;
#309 = PRESENTATION_LAYER_ASSIGNMENT (  '', '', ( #71 ) ) ;
#310 = CARTESIAN_POINT ( 'NONE',  ( 1.600000000000000089, 0.02000000000000000042, -0.7500000000000000000 ) ) ;
#311 = LINE ( 'NONE', #1932, #670 ) ;
#312 = UNCERTAINTY_MEASURE_WITH_UNIT (LENGTH_MEASURE( 1.000000000000000082E-05 ), #3656, 'distance_accuracy_value', 'NONE');
#313 = DIRECTION ( 'NONE',  ( -0.7583787993528163796, 0.000000000000000000, 0.6518140813853137150 ) ) ;
#314 = CARTESIAN_POINT ( 'NONE',  ( 1.199999999999999956, 0.6999999999999999556, 0.3499999999999999778 ) ) ;
#315 = EDGE_CURVE ( 'NONE', #3253, #2905, #3515, .T. ) ;
#316 = CARTESIAN_POINT ( 'NONE',  ( 1.149999999999999911, 0.6999999999999999556, -0.5000000000000000000 ) ) ;
#317 = FACE_OUTER_BOUND ( 'NONE', #2146, .T. ) ;
#318 =( NAMED_UNIT ( * ) PLANE_ANGLE_UNIT ( ) SI_UNIT ( $, .RADIAN. ) );
#319 = COLOUR_RGB ( '',0.9686274509803921573, 0.8784313725490195957, 0.5999999999999999778 ) ;
#320 = AXIS2_PLACEMENT_3D ( 'NONE', #1562, #1914, #4514 ) ;
#321 = EDGE_CURVE ( 'NONE', #3893, #4002, #442, .T. ) ;
#322 = COLOUR_RGB ( '',0.2980392156862745057, 0.2980392156862745057, 0.2980392156862745057 ) ;
#323 = CARTESIAN_POINT ( 'NONE',  ( -1.399999999999999911, 0.000000000000000000, -0.6500000000000000222 ) ) ;
#324 = ADVANCED_FACE ( 'NONE', ( #317 ), #414, .F. ) ;
#325 = ORIENTED_EDGE ( 'NONE', *, *, #1654, .F. ) ;
#326 = PLANE ( 'NONE',  #1644 ) ;
#327 =( NAMED_UNIT ( * ) SI_UNIT ( $, .STERADIAN. ) SOLID_ANGLE_UNIT ( ) );
#328 = SURFACE_STYLE_FILL_AREA ( #923 ) ;
#329 = SURFACE_SIDE_STYLE ('',( #1759 ) ) ;
#330 = CARTESIAN_POINT ( 'NONE',  ( 1.350000000000000089, 0.8000000000000000444, 0.2999999999999999889 ) ) ;
#331 = DIRECTION ( 'NONE',  ( 0.000000000000000000, -1.000000000000000000, 0.000000000000000000 ) ) ;
#332 = VERTEX_POINT ( 'NONE', #1522 ) ;
#333 = CIRCLE ( 'NONE', #720, 0.1199999999999999956 ) ;
#334 = VECTOR ( 'NONE', #4269, 1000.000000000000114 ) ;
#335 = FILL_AREA_STYLE ('',( #1036 ) ) ;
#336 = VECTOR ( 'NONE', #3900, 1000.000000000000000 ) ;
#337 = ORIENTED_EDGE ( 'NONE', *, *, #612, .F. ) ;
#338 = PLANE ( 'NONE',  #2577 ) ;
#339 = COLOUR_RGB ( '',0.2980392156862745057, 0.2980392156862745057, 0.2980392156862745057 ) ;
#340 = CARTESIAN_POINT ( 'NONE',  ( -1.600000000000000089, 0.000000000000000000, -0.7500000000000000000 ) ) ;
#341 = ORIENTED_EDGE ( 'NONE', *, *, #4590, .T. ) ;
#342 = LINE ( 'NONE', #2090, #960 ) ;
#343 = ORIENTED_EDGE ( 'NONE', *, *, #3746, .F. ) ;
#344 = FILL_AREA_STYLE ('',( #2552 ) ) ;
#345 = ORIENTED_EDGE ( 'NONE', *, *, #1502, .F. ) ;
#346 = FILL_AREA_STYLE ('',( #4396 ) ) ;
#347 = CARTESIAN_POINT ( 'NONE',  ( -1.399999999999999911, 0.000000000000000000, -0.6500000000000000222 ) ) ;
#348 = SURFACE_STYLE_USAGE ( .BOTH. , #4416 ) ;
#349 = VERTEX_POINT ( 'NONE', #808 ) ;
#350 = DIRECTION ( 'NONE',  ( -0.000000000000000000, 1.000000000000000000, -0.000000000000000000 ) ) ;
#351 = PLANE ( 'NONE',  #255 ) ;
#352 = ORIENTED_EDGE ( 'NONE', *, *, #3682, .F. ) ;
#353 = ORIENTED_EDGE ( 'NONE', *, *, #2520, .F. ) ;
#354 = EDGE_CURVE ( 'NONE', #2740, #3244, #2625, .T. ) ;
#355 = MECHANICAL_DESIGN_GEOMETRIC_PRESENTATION_REPRESENTATION (  '', ( #2187 ), #838 ) ;
#356 = ADVANCED_FACE ( 'NONE', ( #3686 ), #3010, .F. ) ;
#357 = CARTESIAN_POINT ( 'NONE',  ( 1.479999999999999982, 0.2700000000000000178, -0.7500000000000000000 ) ) ;
#358 = ORIENTED_EDGE ( 'NONE', *, *, #2866, .T. ) ;
#359 = EDGE_CURVE ( 'NONE', #1459, #1025, #2752, .T. ) ;
#360 = AXIS2_PLACEMENT_3D ( 'NONE', #2050, #888, #2787 ) ;
#361 = FACE_OUTER_BOUND ( 'NONE', #759, .T. ) ;
#362 = DIRECTION ( 'NONE',  ( 0.000000000000000000, 0.000000000000000000, 1.000000000000000000 ) ) ;
#363 = LINE ( 'NONE', #3985, #2805 ) ;
#364 = VECTOR ( 'NONE', #2184, 1000.000000000000114 ) ;
#365 = VECTOR ( 'NONE', #3620, 1000.000000000000000 ) ;
#366 =( LENGTH_UNIT ( ) NAMED_UNIT ( * ) SI_UNIT ( .MILLI., .METRE. ) );
#367 = CARTESIAN_POINT ( 'NONE',  ( -1.600000000000000089, 0.2700000000000000178, -0.6300000000000000044 ) ) ;
#368 = FILL_AREA_STYLE ('',( #668 ) ) ;
#369 = CARTESIAN_POINT ( 'NONE',  ( 1.199999999999999956, 0.5999999999999999778, -0.6500000000000000222 ) ) ;
#370 = COLOUR_RGB ( '',0.2980392156862745057, 0.2980392156862745057, 0.2980392156862745057 ) ;
#371 = SURFACE_SIDE_STYLE ('',( #1069 ) ) ;
#372 =( GEOMETRIC_REPRESENTATION_CONTEXT ( 3 ) GLOBAL_UNCERTAINTY_ASSIGNED_CONTEXT ( ( #282 ) ) GLOBAL_UNIT_ASSIGNED_CONTEXT ( ( #4452, #2991, #755 ) ) REPRESENTATION_CONTEXT ( 'NONE', 'WORKASPACE' ) );
#373 = CYLINDRICAL_SURFACE ( 'NONE', #1511, 0.1500000000001640021 ) ;
#374 = FACE_OUTER_BOUND ( 'NONE', #1489, .T. ) ;
#375 = SURFACE_SIDE_STYLE ('',( #3925 ) ) ;
#376 = DIRECTION ( 'NONE',  ( 0.000000000000000000, -1.000000000000000000, 0.000000000000000000 ) ) ;
#377 = FILL_AREA_STYLE ('',( #4441 ) ) ;
#378 = LINE ( 'NONE', #2640, #2236 ) ;
#379 = PRESENTATION_LAYER_ASSIGNMENT (  '', '', ( #41 ) ) ;
#380 = FACE_OUTER_BOUND ( 'NONE', #1540, .T. ) ;
#381 = UNCERTAINTY_MEASURE_WITH_UNIT (LENGTH_MEASURE( 1.000000000000000082E-05 ), #4074, 'distance_accuracy_value', 'NONE');
#382 =( LENGTH_UNIT ( ) NAMED_UNIT ( * ) SI_UNIT ( .MILLI., .METRE. ) );
#383 = ADVANCED_FACE ( 'NONE', ( #3391 ), #2666, .F. ) ;
#384 = DIRECTION ( 'NONE',  ( 0.000000000000000000, 1.000000000000000000, 0.000000000000000000 ) ) ;
#385 = CYLINDRICAL_SURFACE ( 'NONE', #2399, 0.1000000000000000472 ) ;
#386 = DIRECTION ( 'NONE',  ( 0.000000000000000000, -1.000000000000000000, 0.000000000000000000 ) ) ;
#387 = MECHANICAL_DESIGN_GEOMETRIC_PRESENTATION_REPRESENTATION (  '', ( #3812 ), #1791 ) ;
#388 = FILL_AREA_STYLE ('',( #2564 ) ) ;
#389 = FILL_AREA_STYLE_COLOUR ( '', #3743 ) ;
#390 = EDGE_CURVE ( 'NONE', #3732, #103, #3929, .T. ) ;
#391 = DIRECTION ( 'NONE',  ( -0.000000000000000000, 1.000000000000000000, -0.000000000000000000 ) ) ;
#392 = AXIS2_PLACEMENT_3D ( 'NONE', #3916, #2800, #3112 ) ;
#393 = CARTESIAN_POINT ( 'NONE',  ( -1.199999999999999956, 0.6999999999999999556, 0.5500000000000000444 ) ) ;
#394 = DIRECTION ( 'NONE',  ( 0.000000000000000000, 0.000000000000000000, -1.000000000000000000 ) ) ;
#395 = EDGE_CURVE ( 'NONE', #2363, #2785, #1618, .T. ) ;
#396 = ORIENTED_EDGE ( 'NONE', *, *, #3339, .F. ) ;
#397 = LINE ( 'NONE', #2327, #4058 ) ;
#398 =( LENGTH_UNIT ( ) NAMED_UNIT ( * ) SI_UNIT ( .MILLI., .METRE. ) );
#399 = ORIENTED_EDGE ( 'NONE', *, *, #1026, .F. ) ;
#400 = CARTESIAN_POINT ( 'NONE',  ( 1.500000000000000000, 0.2700000000000000178, 0.7500000000000000000 ) ) ;
#401 = SURFACE_STYLE_USAGE ( .BOTH. , #2930 ) ;
#402 =( GEOMETRIC_REPRESENTATION_CONTEXT ( 3 ) GLOBAL_UNCERTAINTY_ASSIGNED_CONTEXT ( ( #2873 ) ) GLOBAL_UNIT_ASSIGNED_CONTEXT ( ( #4621, #4600, #546 ) ) REPRESENTATION_CONTEXT ( 'NONE', 'WORKASPACE' ) );
#403 = CIRCLE ( 'NONE', #246, 0.1200000000000000927 ) ;
#404 =( LENGTH_UNIT ( ) NAMED_UNIT ( * ) SI_UNIT ( .MILLI., .METRE. ) );
#405 =( LENGTH_UNIT ( ) NAMED_UNIT ( * ) SI_UNIT ( .MILLI., .METRE. ) );
#406 =( LENGTH_UNIT ( ) NAMED_UNIT ( * ) SI_UNIT ( .MILLI., .METRE. ) );
#407 = VERTEX_POINT ( 'NONE', #4556 ) ;
#408 =( LENGTH_UNIT ( ) NAMED_UNIT ( * ) SI_UNIT ( .MILLI., .METRE. ) );
#409 = VECTOR ( 'NONE', #2003, 1000.000000000000000 ) ;
#410 = ORIENTED_EDGE ( 'NONE', *, *, #3586, .F. ) ;
#411 = UNCERTAINTY_MEASURE_WITH_UNIT (LENGTH_MEASURE( 1.000000000000000082E-05 ), #3347, 'distance_accuracy_value', 'NONE');
#412 = DIRECTION ( 'NONE',  ( 0.000000000000000000, 0.000000000000000000, 1.000000000000000000 ) ) ;
#413 = ORIENTED_EDGE ( 'NONE', *, *, #1150, .T. ) ;
#414 = PLANE ( 'NONE',  #804 ) ;
#415 = ORIENTED_EDGE ( 'NONE', *, *, #1687, .F. ) ;
#416 = VERTEX_POINT ( 'NONE', #3464 ) ;
#417 = ORIENTED_EDGE ( 'NONE', *, *, #2368, .T. ) ;
#418 = DIRECTION ( 'NONE',  ( 0.000000000000000000, 0.000000000000000000, 1.000000000000000000 ) ) ;
#419 = VERTEX_POINT ( 'NONE', #820 ) ;
#420 =( LENGTH_UNIT ( ) NAMED_UNIT ( * ) SI_UNIT ( .MILLI., .METRE. ) );
#421 =( LENGTH_UNIT ( ) NAMED_UNIT ( * ) SI_UNIT ( .MILLI., .METRE. ) );
#422 =( NAMED_UNIT ( * ) PLANE_ANGLE_UNIT ( ) SI_UNIT ( $, .RADIAN. ) );
#423 = STYLED_ITEM ( 'NONE', ( #2608 ), #1068 ) ;
#424 = EDGE_CURVE ( 'NONE', #4141, #2428, #2067, .T. ) ;
#425 = AXIS2_PLACEMENT_3D ( 'NONE', #3254, #2561, #1780 ) ;
#426 = VERTEX_POINT ( 'NONE', #3859 ) ;
#427 = CIRCLE ( 'NONE', #448, 0.1200000000000000372 ) ;
#428 = DIRECTION ( 'NONE',  ( 0.000000000000000000, 0.000000000000000000, 1.000000000000000000 ) ) ;
#429 = EDGE_CURVE ( 'NONE', #3602, #3184, #1117, .T. ) ;
#430 = FACE_OUTER_BOUND ( 'NONE', #2149, .T. ) ;
#431 = CARTESIAN_POINT ( 'NONE',  ( 1.500000000000000000, 0.2700000000000000178, 0.7500000000000000000 ) ) ;
#432 = VECTOR ( 'NONE', #3844, 1000.000000000000000 ) ;
#433 = FILL_AREA_STYLE_COLOUR ( '', #4280 ) ;
#434 = FILL_AREA_STYLE_COLOUR ( '', #849 ) ;
#435 =( LENGTH_UNIT ( ) NAMED_UNIT ( * ) SI_UNIT ( .MILLI., .METRE. ) );
#436 =( GEOMETRIC_REPRESENTATION_CONTEXT ( 3 ) GLOBAL_UNCERTAINTY_ASSIGNED_CONTEXT ( ( #677 ) ) GLOBAL_UNIT_ASSIGNED_CONTEXT ( ( #4533, #3343, #1111 ) ) REPRESENTATION_CONTEXT ( 'NONE', 'WORKASPACE' ) );
#437 = COLOUR_RGB ( '',0.9686274509803921573, 0.8784313725490195957, 0.5999999999999999778 ) ;
#438 = LINE ( 'NONE', #794, #2072 ) ;
#439 = SURFACE_SIDE_STYLE ('',( #1023 ) ) ;
#440 = UNCERTAINTY_MEASURE_WITH_UNIT (LENGTH_MEASURE( 1.000000000000000082E-05 ), #4353, 'distance_accuracy_value', 'NONE');
#441 = DIRECTION ( 'NONE',  ( 0.000000000000000000, 0.000000000000000000, 1.000000000000000000 ) ) ;
#442 = LINE ( 'NONE', #4120, #1901 ) ;
#443 = DIRECTION ( 'NONE',  ( 0.000000000000000000, -1.000000000000000000, 0.000000000000000000 ) ) ;
#444 = CARTESIAN_POINT ( 'NONE',  ( -1.500000000000000000, 0.2700000000000000178, -0.7500000000000000000 ) ) ;
#445 = DIRECTION ( 'NONE',  ( -0.000000000000000000, 0.000000000000000000, -1.000000000000000000 ) ) ;
#446 = LINE ( 'NONE', #1610, #2352 ) ;
#447 = DIRECTION ( 'NONE',  ( 0.000000000000000000, 1.000000000000000000, 0.000000000000000000 ) ) ;
#448 = AXIS2_PLACEMENT_3D ( 'NONE', #1149, #1592, #3031 ) ;
#449 = EDGE_CURVE ( 'NONE', #416, #2263, #143, .T. ) ;
#450 =( NAMED_UNIT ( * ) PLANE_ANGLE_UNIT ( ) SI_UNIT ( $, .RADIAN. ) );
#451 = MECHANICAL_DESIGN_GEOMETRIC_PRESENTATION_REPRESENTATION (  '', ( #4025 ), #1623 ) ;
#452 = EDGE_LOOP ( 'NONE', ( #3981, #2030, #2917, #1591, #1227, #119, #298, #4125, #3271, #2731 ) ) ;
#453 = AXIS2_PLACEMENT_3D ( 'NONE', #3974, #1438, #1790 ) ;
#454 = VECTOR ( 'NONE', #4000, 1000.000000000000000 ) ;
#455 = CARTESIAN_POINT ( 'NONE',  ( 1.449999999999999956, 0.000000000000000000, 0.6999999999999999556 ) ) ;
#456 = PRESENTATION_STYLE_ASSIGNMENT (( #4609 ) ) ;
#457 =( GEOMETRIC_REPRESENTATION_CONTEXT ( 3 ) GLOBAL_UNCERTAINTY_ASSIGNED_CONTEXT ( ( #2810 ) ) GLOBAL_UNIT_ASSIGNED_CONTEXT ( ( #3822, #128, #1603 ) ) REPRESENTATION_CONTEXT ( 'NONE', 'WORKASPACE' ) );
#458 = EDGE_CURVE ( 'NONE', #3097, #2669, #4622, .T. ) ;
#459 = DIRECTION ( 'NONE',  ( 0.000000000000000000, 1.000000000000000000, 0.000000000000000000 ) ) ;
#460 =( NAMED_UNIT ( * ) SI_UNIT ( $, .STERADIAN. ) SOLID_ANGLE_UNIT ( ) );
#461 = ORIENTED_EDGE ( 'NONE', *, *, #1984, .F. ) ;
#462 = VECTOR ( 'NONE', #2981, 1000.000000000000000 ) ;
#463 = FACE_OUTER_BOUND ( 'NONE', #4325, .T. ) ;
#464 = VERTEX_POINT ( 'NONE', #4210 ) ;
#465 = SURFACE_STYLE_FILL_AREA ( #3050 ) ;
#466 =( NAMED_UNIT ( * ) PLANE_ANGLE_UNIT ( ) SI_UNIT ( $, .RADIAN. ) );
#467 = ORIENTED_EDGE ( 'NONE', *, *, #1494, .F. ) ;
#468 = MECHANICAL_DESIGN_GEOMETRIC_PRESENTATION_REPRESENTATION (  '', ( #4723 ), #1136 ) ;
#469 = DIRECTION ( 'NONE',  ( -1.000000000000000000, 0.000000000000000000, 0.000000000000000000 ) ) ;
#470 = EDGE_LOOP ( 'NONE', ( #358, #636, #1813, #2276 ) ) ;
#471 = UNCERTAINTY_MEASURE_WITH_UNIT (LENGTH_MEASURE( 1.000000000000000082E-05 ), #1215, 'distance_accuracy_value', 'NONE');
#472 = ORIENTED_EDGE ( 'NONE', *, *, #3043, .T. ) ;
#473 = CARTESIAN_POINT ( 'NONE',  ( 1.600000000000000089, 0.2700000000000000178, 0.6300000000000000044 ) ) ;
#474 = LINE ( 'NONE', #1924, #4312 ) ;
#475 = ORIENTED_EDGE ( 'NONE', *, *, #2614, .T. ) ;
#476 = DIRECTION ( 'NONE',  ( 0.000000000000000000, -1.000000000000000000, 0.000000000000000000 ) ) ;
#477 = DIRECTION ( 'NONE',  ( 0.000000000000000000, 0.000000000000000000, 1.000000000000000000 ) ) ;
#478 = ORIENTED_EDGE ( 'NONE', *, *, #390, .T. ) ;
#479 = CARTESIAN_POINT ( 'NONE',  ( 1.600000000000000089, 0.000000000000000000, -0.7477721122078000437 ) ) ;
#480 = PRESENTATION_LAYER_ASSIGNMENT (  '', '', ( #3812 ) ) ;
#481 = ORIENTED_EDGE ( 'NONE', *, *, #2042, .F. ) ;
#482 = CARTESIAN_POINT ( 'NONE',  ( 1.399999999999999911, 0.5999999999999999778, -0.3499999999999999778 ) ) ;
#483 = CARTESIAN_POINT ( 'NONE',  ( -1.600000000000000089, 0.02000000000000000042, 0.7500000000000000000 ) ) ;
#484 = CYLINDRICAL_SURFACE ( 'NONE', #2130, 0.1000000000000000472 ) ;
#485 = VERTEX_POINT ( 'NONE', #944 ) ;
#486 = COLOUR_RGB ( '',0.9686274509803921573, 0.8784313725490195957, 0.5999999999999999778 ) ;
#487 = ORIENTED_EDGE ( 'NONE', *, *, #4373, .T. ) ;
#488 = SURFACE_STYLE_USAGE ( .BOTH. , #2312 ) ;
#489 = ORIENTED_EDGE ( 'NONE', *, *, #2264, .F. ) ;
#490 = AXIS2_PLACEMENT_3D ( 'NONE', #4636, #2725, #1271 ) ;
#491 = EDGE_CURVE ( 'NONE', #846, #3253, #3871, .T. ) ;
#492 = PRESENTATION_LAYER_ASSIGNMENT (  '', '', ( #82 ) ) ;
#493 = LINE ( 'NONE', #4737, #365 ) ;
#494 =( LENGTH_UNIT ( ) NAMED_UNIT ( * ) SI_UNIT ( .MILLI., .METRE. ) );
#495 =( LENGTH_UNIT ( ) NAMED_UNIT ( * ) SI_UNIT ( .MILLI., .METRE. ) );
#496 = DIRECTION ( 'NONE',  ( 0.000000000000000000, -0.000000000000000000, -1.000000000000000000 ) ) ;
#497 = VECTOR ( 'NONE', #2140, 1000.000000000000000 ) ;
#498 = VECTOR ( 'NONE', #1285, 1000.000000000000000 ) ;
#499 = AXIS2_PLACEMENT_3D ( 'NONE', #1734, #1998, #886 ) ;
#500 = PRESENTATION_LAYER_ASSIGNMENT (  '', '', ( #3729 ) ) ;
#501 = STYLED_ITEM ( 'NONE', ( #4242 ), #1440 ) ;
#502 = DIRECTION ( 'NONE',  ( 0.000000000000000000, 1.000000000000000000, 3.141875648537999879E-11 ) ) ;
#503 =( LENGTH_UNIT ( ) NAMED_UNIT ( * ) SI_UNIT ( .MILLI., .METRE. ) );
#504 = VECTOR ( 'NONE', #1417, 1000.000000000000000 ) ;
#505 =( LENGTH_UNIT ( ) NAMED_UNIT ( * ) SI_UNIT ( .MILLI., .METRE. ) );
#506 = VECTOR ( 'NONE', #2642, 1000.000000000000000 ) ;
#507 = DIRECTION ( 'NONE',  ( 0.000000000000000000, 1.000000000000000000, 0.000000000000000000 ) ) ;
#508 = UNCERTAINTY_MEASURE_WITH_UNIT (LENGTH_MEASURE( 1.000000000000000082E-05 ), #3017, 'distance_accuracy_value', 'NONE');
#509 = CARTESIAN_POINT ( 'NONE',  ( 1.550000000000000044, 0.000000000000000000, -0.5500000000000000444 ) ) ;
#510 = CARTESIAN_POINT ( 'NONE',  ( 1.353768000000000082, 0.5999999999999999778, -0.6500000000000000222 ) ) ;
#511 = PRESENTATION_STYLE_ASSIGNMENT (( #1014 ) ) ;
#512 = SURFACE_STYLE_USAGE ( .BOTH. , #251 ) ;
#513 = CYLINDRICAL_SURFACE ( 'NONE', #2678, 0.2000000000000000944 ) ;
#514 = COLOUR_RGB ( '',0.9686274509803921573, 0.8784313725490195957, 0.5999999999999999778 ) ;
#515 = SURFACE_STYLE_USAGE ( .BOTH. , #2729 ) ;
#516 = PLANE ( 'NONE',  #4164 ) ;
#517 = FILL_AREA_STYLE_COLOUR ( '', #4404 ) ;
#518 = FACE_OUTER_BOUND ( 'NONE', #3030, .T. ) ;
#519 = PRESENTATION_LAYER_ASSIGNMENT (  '', '', ( #2643 ) ) ;
#520 = CIRCLE ( 'NONE', #4026, 0.1000000000000000472 ) ;
#521 = APPLICATION_CONTEXT ( 'automotive_design' ) ;
#522 = EDGE_CURVE ( 'NONE', #703, #4803, #1249, .T. ) ;
#523 = CARTESIAN_POINT ( 'NONE',  ( 1.600000000000000089, 0.000000000000000000, -0.6500000000000000222 ) ) ;
#524 = VERTEX_POINT ( 'NONE', #3136 ) ;
#525 = SURFACE_STYLE_FILL_AREA ( #1744 ) ;
#526 = EDGE_LOOP ( 'NONE', ( #597, #2154, #917, #3848 ) ) ;
#527 = EDGE_CURVE ( 'NONE', #4757, #407, #1837, .T. ) ;
#528 =( GEOMETRIC_REPRESENTATION_CONTEXT ( 3 ) GLOBAL_UNCERTAINTY_ASSIGNED_CONTEXT ( ( #3266 ) ) GLOBAL_UNIT_ASSIGNED_CONTEXT ( ( #420, #3418, #1188 ) ) REPRESENTATION_CONTEXT ( 'NONE', 'WORKASPACE' ) );
#529 =( NAMED_UNIT ( * ) PLANE_ANGLE_UNIT ( ) SI_UNIT ( $, .RADIAN. ) );
#530 = LINE ( 'NONE', #4173, #409 ) ;
#531 = ORIENTED_EDGE ( 'NONE', *, *, #4262, .F. ) ;
#532 = SURFACE_STYLE_FILL_AREA ( #3988 ) ;
#533 = DIRECTION ( 'NONE',  ( -0.9511248300395921396, 0.000000000000000000, -0.3088066671594974499 ) ) ;
#534 = SURFACE_STYLE_USAGE ( .BOTH. , #3142 ) ;
#535 = ORIENTED_EDGE ( 'NONE', *, *, #1159, .T. ) ;
#536 = CARTESIAN_POINT ( 'NONE',  ( -1.500000000000000000, 0.5000000000000000000, -0.7500000000000000000 ) ) ;
#537 = UNCERTAINTY_MEASURE_WITH_UNIT (LENGTH_MEASURE( 1.000000000000000082E-05 ), #404, 'distance_accuracy_value', 'NONE');
#538 = ORIENTED_EDGE ( 'NONE', *, *, #3936, .T. ) ;
#539 =( GEOMETRIC_REPRESENTATION_CONTEXT ( 3 ) GLOBAL_UNCERTAINTY_ASSIGNED_CONTEXT ( ( #3035 ) ) GLOBAL_UNIT_ASSIGNED_CONTEXT ( ( #1580, #1949, #3831 ) ) REPRESENTATION_CONTEXT ( 'NONE', 'WORKASPACE' ) );
#540 = FILL_AREA_STYLE ('',( #2357 ) ) ;
#541 = ORIENTED_EDGE ( 'NONE', *, *, #2910, .T. ) ;
#542 = FACE_OUTER_BOUND ( 'NONE', #1880, .T. ) ;
#543 = FACE_OUTER_BOUND ( 'NONE', #114, .T. ) ;
#544 = ORIENTED_EDGE ( 'NONE', *, *, #4529, .T. ) ;
#545 =( GEOMETRIC_REPRESENTATION_CONTEXT ( 3 ) GLOBAL_UNCERTAINTY_ASSIGNED_CONTEXT ( ( #508 ) ) GLOBAL_UNIT_ASSIGNED_CONTEXT ( ( #3017, #766, #4107 ) ) REPRESENTATION_CONTEXT ( 'NONE', 'WORKASPACE' ) );
#546 =( NAMED_UNIT ( * ) SI_UNIT ( $, .STERADIAN. ) SOLID_ANGLE_UNIT ( ) );
#547 =( NAMED_UNIT ( * ) PLANE_ANGLE_UNIT ( ) SI_UNIT ( $, .RADIAN. ) );
#548 = FACE_OUTER_BOUND ( 'NONE', #1030, .T. ) ;
#549 =( NAMED_UNIT ( * ) SI_UNIT ( $, .STERADIAN. ) SOLID_ANGLE_UNIT ( ) );
#550 = ORIENTED_EDGE ( 'NONE', *, *, #2606, .T. ) ;
#551 = EDGE_CURVE ( 'NONE', #1467, #3671, #1500, .T. ) ;
#552 = SURFACE_SIDE_STYLE ('',( #2338 ) ) ;
#553 = CIRCLE ( 'NONE', #4476, 0.2000000000000000944 ) ;
#554 = CARTESIAN_POINT ( 'NONE',  ( 1.199999999999999956, 0.5000000000000000000, 0.3499999999999999778 ) ) ;
#555 = VERTEX_POINT ( 'NONE', #2445 ) ;
#556 = EDGE_CURVE ( 'NONE', #2053, #3020, #2007, .T. ) ;
#557 = AXIS2_PLACEMENT_3D ( 'NONE', #4400, #3297, #1742 ) ;
#558 = FILL_AREA_STYLE_COLOUR ( '', #2137 ) ;
#559 = LINE ( 'NONE', #2486, #4627 ) ;
#560 = LINE ( 'NONE', #1134, #4442 ) ;
#561 = SURFACE_STYLE_FILL_AREA ( #2464 ) ;
#562 = AXIS2_PLACEMENT_3D ( 'NONE', #479, #1684, #2351 ) ;
#563 = PRESENTATION_LAYER_ASSIGNMENT (  '', '', ( #1037 ) ) ;
#564 = PLANE ( 'NONE',  #3438 ) ;
#565 = COLOUR_RGB ( '',0.9686274509803921573, 0.8784313725490195957, 0.5999999999999999778 ) ;
#566 = PRESENTATION_STYLE_ASSIGNMENT (( #2330 ) ) ;
#567 = CARTESIAN_POINT ( 'NONE',  ( -1.600000000000000089, 0.000000000000000000, -0.7500000000000000000 ) ) ;
#568 = SURFACE_SIDE_STYLE ('',( #1963 ) ) ;
#569 = VECTOR ( 'NONE', #4728, 1000.000000000000000 ) ;
#570 = MECHANICAL_DESIGN_GEOMETRIC_PRESENTATION_REPRESENTATION (  '', ( #71 ), #3055 ) ;
#571 = DIRECTION ( 'NONE',  ( 0.000000000000000000, 1.000000000000000000, 0.000000000000000000 ) ) ;
#572 = CYLINDRICAL_SURFACE ( 'NONE', #4273, 0.1000000000000000472 ) ;
#573 = DIRECTION ( 'NONE',  ( 0.000000000000000000, -1.000000000000000000, 0.000000000000000000 ) ) ;
#574 =( LENGTH_UNIT ( ) NAMED_UNIT ( * ) SI_UNIT ( .MILLI., .METRE. ) );
#575 = EDGE_CURVE ( 'NONE', #2905, #292, #2233, .T. ) ;
#576 = VERTEX_POINT ( 'NONE', #222 ) ;
#577 = FILL_AREA_STYLE ('',( #2060 ) ) ;
#578 = ORIENTED_EDGE ( 'NONE', *, *, #2835, .T. ) ;
#579 = MECHANICAL_DESIGN_GEOMETRIC_PRESENTATION_REPRESENTATION (  '', ( #4403 ), #1259 ) ;
#580 = EDGE_CURVE ( 'NONE', #3549, #1797, #4101, .T. ) ;
#581 = ORIENTED_EDGE ( 'NONE', *, *, #290, .F. ) ;
#582 = LINE ( 'NONE', #400, #4236 ) ;
#583 = DIRECTION ( 'NONE',  ( -0.9879712167000802570, 0.000000000000000000, -0.1546378833667968189 ) ) ;
#584 = CARTESIAN_POINT ( 'NONE',  ( -1.479999999999999982, 0.000000000000000000, -0.7500000000000000000 ) ) ;
#585 = ADVANCED_FACE ( 'NONE', ( #247 ), #4264, .F. ) ;
#586 =( LENGTH_UNIT ( ) NAMED_UNIT ( * ) SI_UNIT ( .MILLI., .METRE. ) );
#587 = VERTEX_POINT ( 'NONE', #2772 ) ;
#588 = CARTESIAN_POINT ( 'NONE',  ( 1.149999999999999911, 0.6999999999999999556, -0.2999999999999999889 ) ) ;
#589 = PRODUCT_DEFINITION_SHAPE ( 'NONE', 'NONE',  #2558 ) ;
#590 = FILL_AREA_STYLE_COLOUR ( '', #1828 ) ;
#591 = ORIENTED_EDGE ( 'NONE', *, *, #2257, .F. ) ;
#592 = CARTESIAN_POINT ( 'NONE',  ( -1.600000000000000089, 0.000000000000000000, 0.5688664269976999588 ) ) ;
#593 = ORIENTED_EDGE ( 'NONE', *, *, #1196, .F. ) ;
#594 = UNCERTAINTY_MEASURE_WITH_UNIT (LENGTH_MEASURE( 1.000000000000000082E-05 ), #2907, 'distance_accuracy_value', 'NONE');
#595 = SURFACE_STYLE_FILL_AREA ( #4449 ) ;
#596 = DIRECTION ( 'NONE',  ( 1.000000000000000000, 0.000000000000000000, 0.000000000000000000 ) ) ;
#597 = ORIENTED_EDGE ( 'NONE', *, *, #3856, .T. ) ;
#598 = DIRECTION ( 'NONE',  ( -0.000000000000000000, 1.000000000000000000, -0.000000000000000000 ) ) ;
#599 = VECTOR ( 'NONE', #3351, 1000.000000000000000 ) ;
#600 = DIRECTION ( 'NONE',  ( 0.000000000000000000, 0.000000000000000000, -1.000000000000000000 ) ) ;
#601 =( GEOMETRIC_REPRESENTATION_CONTEXT ( 3 ) GLOBAL_UNCERTAINTY_ASSIGNED_CONTEXT ( ( #1904 ) ) GLOBAL_UNIT_ASSIGNED_CONTEXT ( ( #4412, #1048, #1697 ) ) REPRESENTATION_CONTEXT ( 'NONE', 'WORKASPACE' ) );
#602 =( NAMED_UNIT ( * ) SI_UNIT ( $, .STERADIAN. ) SOLID_ANGLE_UNIT ( ) );
#603 = ORIENTED_EDGE ( 'NONE', *, *, #1051, .T. ) ;
#604 = ADVANCED_FACE ( 'NONE', ( #3110 ), #385, .F. ) ;
#605 = DIRECTION ( 'NONE',  ( 0.000000000000000000, 0.000000000000000000, -1.000000000000000000 ) ) ;
#606 = EDGE_CURVE ( 'NONE', #906, #689, #1182, .T. ) ;
#607 = MECHANICAL_DESIGN_GEOMETRIC_PRESENTATION_REPRESENTATION (  '', ( #2436 ), #4186 ) ;
#608 = PRESENTATION_STYLE_ASSIGNMENT (( #1170 ) ) ;
#609 = LINE ( 'NONE', #3130, #775 ) ;
#610 =( NAMED_UNIT ( * ) PLANE_ANGLE_UNIT ( ) SI_UNIT ( $, .RADIAN. ) );
#611 = MECHANICAL_DESIGN_GEOMETRIC_PRESENTATION_REPRESENTATION (  '', ( #4740 ), #840 ) ;
#612 = EDGE_CURVE ( 'NONE', #3671, #8, #4221, .T. ) ;
#613 = MECHANICAL_DESIGN_GEOMETRIC_PRESENTATION_REPRESENTATION (  '', ( #4296 ), #3107 ) ;
#614 = CARTESIAN_POINT ( 'NONE',  ( -1.350000000000000089, 0.8000000000000000444, 0.2999999999999999889 ) ) ;
#615 = EDGE_LOOP ( 'NONE', ( #3541, #17, #4572, #1 ) ) ;
#616 = CARTESIAN_POINT ( 'NONE',  ( -1.500000000000000000, 0.5999999999999999778, -0.3499999999999999778 ) ) ;
#617 = PLANE ( 'NONE',  #865 ) ;
#618 = STYLED_ITEM ( 'NONE', ( #3452 ), #4759 ) ;
#619 = SURFACE_STYLE_FILL_AREA ( #1418 ) ;
#620 =( GEOMETRIC_REPRESENTATION_CONTEXT ( 3 ) GLOBAL_UNCERTAINTY_ASSIGNED_CONTEXT ( ( #4256 ) ) GLOBAL_UNIT_ASSIGNED_CONTEXT ( ( #405, #2544, #2933 ) ) REPRESENTATION_CONTEXT ( 'NONE', 'WORKASPACE' ) );
#621 = FACE_OUTER_BOUND ( 'NONE', #3240, .T. ) ;
#622 = CYLINDRICAL_SURFACE ( 'NONE', #4577, 0.1000000000000000472 ) ;
#623 = ADVANCED_FACE ( 'NONE', ( #3096 ), #617, .F. ) ;
#624 = CARTESIAN_POINT ( 'NONE',  ( -1.350000000000000089, 0.6999999999999999556, -0.2999999999999999889 ) ) ;
#625 = DIRECTION ( 'NONE',  ( -0.000000000000000000, 1.000000000000000000, -0.000000000000000000 ) ) ;
#626 = ORIENTED_EDGE ( 'NONE', *, *, #3314, .F. ) ;
#627 = ORIENTED_EDGE ( 'NONE', *, *, #731, .T. ) ;
#628 = DIRECTION ( 'NONE',  ( 0.000000000000000000, -1.000000000000000000, 0.000000000000000000 ) ) ;
#629 = PLANE ( 'NONE',  #2282 ) ;
#630 = CIRCLE ( 'NONE', #816, 0.1000000000000000472 ) ;
#631 = VECTOR ( 'NONE', #1277, 1000.000000000000000 ) ;
#632 = MECHANICAL_DESIGN_GEOMETRIC_PRESENTATION_REPRESENTATION (  '', ( #2041 ), #2603 ) ;
#633 = COLOUR_RGB ( '',0.2980392156862745057, 0.2980392156862745057, 0.2980392156862745057 ) ;
#634 = EDGE_CURVE ( 'NONE', #752, #277, #1313, .T. ) ;
#635 = ORIENTED_EDGE ( 'NONE', *, *, #3793, .T. ) ;
#636 = ORIENTED_EDGE ( 'NONE', *, *, #1799, .F. ) ;
#637 = SURFACE_STYLE_FILL_AREA ( #658 ) ;
#638 = ORIENTED_EDGE ( 'NONE', *, *, #4285, .F. ) ;
#639 = ORIENTED_EDGE ( 'NONE', *, *, #2614, .F. ) ;
#640 = EDGE_CURVE ( 'NONE', #4043, #1706, #2629, .T. ) ;
#641 = AXIS2_PLACEMENT_3D ( 'NONE', #2618, #1097, #778 ) ;
#642 = ORIENTED_EDGE ( 'NONE', *, *, #3012, .T. ) ;
#643 = DIRECTION ( 'NONE',  ( -0.000000000000000000, 1.000000000000000000, 0.000000000000000000 ) ) ;
#644 = CARTESIAN_POINT ( 'NONE',  ( -1.600000000000000089, 0.2700000000000000178, -0.6500000000000000222 ) ) ;
#645 =( NAMED_UNIT ( * ) PLANE_ANGLE_UNIT ( ) SI_UNIT ( $, .RADIAN. ) );
#646 =( NAMED_UNIT ( * ) SI_UNIT ( $, .STERADIAN. ) SOLID_ANGLE_UNIT ( ) );
#647 = DIRECTION ( 'NONE',  ( 0.000000000000000000, -1.000000000000000000, 0.000000000000000000 ) ) ;
#648 = CARTESIAN_POINT ( 'NONE',  ( -1.449999999999999956, 0.000000000000000000, 0.7500000000000000000 ) ) ;
#649 = ORIENTED_EDGE ( 'NONE', *, *, #782, .T. ) ;
#650 = LINE ( 'NONE', #2814, #4249 ) ;
#651 = AXIS2_PLACEMENT_3D ( 'NONE', #2310, #2676, #1564 ) ;
#652 = UNCERTAINTY_MEASURE_WITH_UNIT (LENGTH_MEASURE( 1.000000000000000082E-05 ), #2972, 'distance_accuracy_value', 'NONE');
#653 =( NAMED_UNIT ( * ) SI_UNIT ( $, .STERADIAN. ) SOLID_ANGLE_UNIT ( ) );
#654 = STYLED_ITEM ( 'NONE', ( #936 ), #2421 ) ;
#655 = LINE ( 'NONE', #67, #238 ) ;
#656 = EDGE_LOOP ( 'NONE', ( #97, #2217, #1543, #4056 ) ) ;
#657 = ADVANCED_FACE ( 'NONE', ( #946 ), #4165, .T. ) ;
#658 = FILL_AREA_STYLE ('',( #1812 ) ) ;
#659 = VECTOR ( 'NONE', #2973, 1000.000000000000000 ) ;
#660 = DIRECTION ( 'NONE',  ( 0.000000000000000000, -1.000000000000000000, 0.000000000000000000 ) ) ;
#661 = SURFACE_STYLE_FILL_AREA ( #4739 ) ;
#662 = DIRECTION ( 'NONE',  ( 0.000000000000000000, 1.000000000000000000, 0.000000000000000000 ) ) ;
#663 =( LENGTH_UNIT ( ) NAMED_UNIT ( * ) SI_UNIT ( .MILLI., .METRE. ) );
#664 = DIRECTION ( 'NONE',  ( 0.000000000000000000, 1.000000000000000000, 0.000000000000000000 ) ) ;
#665 = CIRCLE ( 'NONE', #3159, 0.2000000000000000389 ) ;
#666 = PRESENTATION_STYLE_ASSIGNMENT (( #859 ) ) ;
#667 = EDGE_CURVE ( 'NONE', #1860, #2115, #3760, .T. ) ;
#668 = FILL_AREA_STYLE_COLOUR ( '', #3641 ) ;
#669 = DIRECTION ( 'NONE',  ( 0.000000000000000000, 1.000000000000000000, 0.000000000000000000 ) ) ;
#670 = VECTOR ( 'NONE', #1226, 1000.000000000000000 ) ;
#671 = FILL_AREA_STYLE_COLOUR ( '', #1539 ) ;
#672 = EDGE_CURVE ( 'NONE', #1280, #4012, #1186, .T. ) ;
#673 = CARTESIAN_POINT ( 'NONE',  ( 1.479999999999999982, 0.2700000000000000178, -0.7500000000000000000 ) ) ;
#674 = DIRECTION ( 'NONE',  ( 0.000000000000000000, 0.000000000000000000, -1.000000000000000000 ) ) ;
#675 = SURFACE_STYLE_USAGE ( .BOTH. , #294 ) ;
#676 = ADVANCED_FACE ( 'NONE', ( #4394 ), #629, .F. ) ;
#677 = UNCERTAINTY_MEASURE_WITH_UNIT (LENGTH_MEASURE( 1.000000000000000082E-05 ), #4533, 'distance_accuracy_value', 'NONE');
#678 = EDGE_CURVE ( 'NONE', #4217, #2280, #1020, .T. ) ;
#679 =( NAMED_UNIT ( * ) PLANE_ANGLE_UNIT ( ) SI_UNIT ( $, .RADIAN. ) );
#680 = SURFACE_STYLE_USAGE ( .BOTH. , #2903 ) ;
#681 = CARTESIAN_POINT ( 'NONE',  ( 1.542055795294201781, 0.02000000000000000042, 0.6450081684158008866 ) ) ;
#682 = LINE ( 'NONE', #931, #4521 ) ;
#683 = VECTOR ( 'NONE', #596, 1000.000000000000000 ) ;
#684 = AXIS2_PLACEMENT_3D ( 'NONE', #3263, #1531, #1843 ) ;
#685 = SURFACE_STYLE_FILL_AREA ( #3309 ) ;
#686 = VERTEX_POINT ( 'NONE', #984 ) ;
#687 = SURFACE_SIDE_STYLE ('',( #2770 ) ) ;
#688 = VECTOR ( 'NONE', #3125, 1000.000000000000000 ) ;
#689 = VERTEX_POINT ( 'NONE', #2556 ) ;
#690 = SURFACE_STYLE_USAGE ( .BOTH. , #1013 ) ;
#691 = CARTESIAN_POINT ( 'NONE',  ( 0.8499999999999999778, 0.000000000000000000, -0.6500000000000000222 ) ) ;
#692 = PRESENTATION_STYLE_ASSIGNMENT (( #3792 ) ) ;
#693 = ORIENTED_EDGE ( 'NONE', *, *, #4104, .T. ) ;
#694 =( LENGTH_UNIT ( ) NAMED_UNIT ( * ) SI_UNIT ( .MILLI., .METRE. ) );
#695 =( NAMED_UNIT ( * ) PLANE_ANGLE_UNIT ( ) SI_UNIT ( $, .RADIAN. ) );
#696 = DIRECTION ( 'NONE',  ( -0.000000000000000000, 1.000000000000000000, -0.000000000000000000 ) ) ;
#697 = CARTESIAN_POINT ( 'NONE',  ( 0.8499999999999999778, 0.000000000000000000, 0.6999999999999999556 ) ) ;
#698 = DIRECTION ( 'NONE',  ( 0.000000000000000000, 0.000000000000000000, -1.000000000000000000 ) ) ;
#699 = ORIENTED_EDGE ( 'NONE', *, *, #4444, .F. ) ;
#700 =( GEOMETRIC_REPRESENTATION_CONTEXT ( 3 ) GLOBAL_UNCERTAINTY_ASSIGNED_CONTEXT ( ( #2449 ) ) GLOBAL_UNIT_ASSIGNED_CONTEXT ( ( #1126, #3736, #2610 ) ) REPRESENTATION_CONTEXT ( 'NONE', 'WORKASPACE' ) );
#701 = EDGE_CURVE ( 'NONE', #2477, #4012, #3004, .T. ) ;
#702 = PRESENTATION_LAYER_ASSIGNMENT (  '', '', ( #4025 ) ) ;
#703 = VERTEX_POINT ( 'NONE', #740 ) ;
#704 = ADVANCED_FACE ( 'NONE', ( #4731 ), #1437, .F. ) ;
#705 = SURFACE_STYLE_USAGE ( .BOTH. , #3282 ) ;
#706 =( LENGTH_UNIT ( ) NAMED_UNIT ( * ) SI_UNIT ( .MILLI., .METRE. ) );
#707 = AXIS2_PLACEMENT_3D ( 'NONE', #4260, #2423, #3134 ) ;
#708 = EDGE_CURVE ( 'NONE', #1988, #223, #2404, .T. ) ;
#709 = AXIS2_PLACEMENT_3D ( 'NONE', #369, #2254, #2095 ) ;
#710 = DIRECTION ( 'NONE',  ( 0.000000000000000000, 1.000000000000000000, 0.000000000000000000 ) ) ;
#711 = CARTESIAN_POINT ( 'NONE',  ( 1.600000000000000089, 0.02000000000000000042, -0.7500000000000000000 ) ) ;
#712 = SURFACE_SIDE_STYLE ('',( #43 ) ) ;
#713 = ORIENTED_EDGE ( 'NONE', *, *, #1947, .F. ) ;
#714 = CARTESIAN_POINT ( 'NONE',  ( -1.481443453995988202, 0.02000000000000000042, -0.7314434539959981940 ) ) ;
#715 = DIRECTION ( 'NONE',  ( -0.000000000000000000, 1.000000000000000000, -0.000000000000000000 ) ) ;
#716 = COLOUR_RGB ( '',0.9686274509803921573, 0.8784313725490195957, 0.5999999999999999778 ) ;
#717 = CARTESIAN_POINT ( 'NONE',  ( 1.199999999999999956, 0.6999999999999999556, -0.3499999999999999778 ) ) ;
#718 = PRESENTATION_LAYER_ASSIGNMENT (  '', '', ( #2295 ) ) ;
#719 = PRESENTATION_STYLE_ASSIGNMENT (( #3707 ) ) ;
#720 = AXIS2_PLACEMENT_3D ( 'NONE', #2475, #3236, #2462 ) ;
#721 = VECTOR ( 'NONE', #104, 1000.000000000000000 ) ;
#722 = PRESENTATION_STYLE_ASSIGNMENT (( #690 ) ) ;
#723 = DIRECTION ( 'NONE',  ( 0.000000000000000000, 0.000000000000000000, 1.000000000000000000 ) ) ;
#724 =( GEOMETRIC_REPRESENTATION_CONTEXT ( 3 ) GLOBAL_UNCERTAINTY_ASSIGNED_CONTEXT ( ( #3536 ) ) GLOBAL_UNIT_ASSIGNED_CONTEXT ( ( #1047, #1399, #1029 ) ) REPRESENTATION_CONTEXT ( 'NONE', 'WORKASPACE' ) );
#725 = VECTOR ( 'NONE', #1648, 1000.000000000000000 ) ;
#726 = DIRECTION ( 'NONE',  ( 0.000000000000000000, -1.000000000000000000, 0.000000000000000000 ) ) ;
#727 = FILL_AREA_STYLE_COLOUR ( '', #4214 ) ;
#728 = CARTESIAN_POINT ( 'NONE',  ( 0.8499999999999999778, 0.02000000000000000042, -0.6500000000000000222 ) ) ;
#729 = DIRECTION ( 'NONE',  ( 0.000000000000000000, 1.000000000000000000, 0.000000000000000000 ) ) ;
#730 = AXIS2_PLACEMENT_3D ( 'NONE', #3431, #130, #1287 ) ;
#731 = EDGE_CURVE ( 'NONE', #4301, #292, #2692, .T. ) ;
#732 = MECHANICAL_DESIGN_GEOMETRIC_PRESENTATION_REPRESENTATION (  '', ( #82 ), #1985 ) ;
#733 = ORIENTED_EDGE ( 'NONE', *, *, #1454, .T. ) ;
#734 = UNCERTAINTY_MEASURE_WITH_UNIT (LENGTH_MEASURE( 1.000000000000000082E-05 ), #3869, 'distance_accuracy_value', 'NONE');
#735 = DIRECTION ( 'NONE',  ( 1.000000000000000000, 0.000000000000000000, 0.000000000000000000 ) ) ;
#736 = SURFACE_SIDE_STYLE ('',( #1842 ) ) ;
#737 = AXIS2_PLACEMENT_3D ( 'NONE', #4438, #3327, #1881 ) ;
#738 = STYLED_ITEM ( 'NONE', ( #167 ), #1854 ) ;
#739 = CARTESIAN_POINT ( 'NONE',  ( -0.8499999999999999778, 0.000000000000000000, 0.6500000000000000222 ) ) ;
#740 = CARTESIAN_POINT ( 'NONE',  ( -1.542903289667000077, 0.02000000000000000042, -0.6444539642186999373 ) ) ;
#741 =( GEOMETRIC_REPRESENTATION_CONTEXT ( 3 ) GLOBAL_UNCERTAINTY_ASSIGNED_CONTEXT ( ( #2055 ) ) GLOBAL_UNIT_ASSIGNED_CONTEXT ( ( #4502, #3750, #3053 ) ) REPRESENTATION_CONTEXT ( 'NONE', 'WORKASPACE' ) );
#742 = EDGE_LOOP ( 'NONE', ( #3575, #2840, #3761, #4203, #1534, #230, #189, #2373, #4291, #3663, #1612 ) ) ;
#743 = ADVANCED_FACE ( 'NONE', ( #2347 ), #2681, .F. ) ;
#744 = VERTEX_POINT ( 'NONE', #1951 ) ;
#745 = DIRECTION ( 'NONE',  ( 0.000000000000000000, 0.000000000000000000, -1.000000000000000000 ) ) ;
#746 =( NAMED_UNIT ( * ) SI_UNIT ( $, .STERADIAN. ) SOLID_ANGLE_UNIT ( ) );
#747 = LINE ( 'NONE', #851, #1218 ) ;
#748 = ORIENTED_EDGE ( 'NONE', *, *, #3764, .T. ) ;
#749 = LINE ( 'NONE', #1830, #3588 ) ;
#750 = CARTESIAN_POINT ( 'NONE',  ( 0.8499999999999999778, 0.000000000000000000, 0.6999999999999999556 ) ) ;
#751 = DIRECTION ( 'NONE',  ( 0.000000000000000000, 0.000000000000000000, 1.000000000000000000 ) ) ;
#752 = VERTEX_POINT ( 'NONE', #2328 ) ;
#753 = DIRECTION ( 'NONE',  ( 0.000000000000000000, 1.000000000000000000, 0.000000000000000000 ) ) ;
#754 = ORIENTED_EDGE ( 'NONE', *, *, #4559, .F. ) ;
#755 =( NAMED_UNIT ( * ) SI_UNIT ( $, .STERADIAN. ) SOLID_ANGLE_UNIT ( ) );
#756 =( NAMED_UNIT ( * ) PLANE_ANGLE_UNIT ( ) SI_UNIT ( $, .RADIAN. ) );
#757 = AXIS2_PLACEMENT_3D ( 'NONE', #1044, #4542, #1241 ) ;
#758 = EDGE_CURVE ( 'NONE', #4247, #1982, #609, .T. ) ;
#759 = EDGE_LOOP ( 'NONE', ( #3078, #1665, #1096, #3063, #2852, #1698, #3839, #69, #593, #3406, #489, #2082 ) ) ;
#760 = UNCERTAINTY_MEASURE_WITH_UNIT (LENGTH_MEASURE( 1.000000000000000082E-05 ), #2900, 'distance_accuracy_value', 'NONE');
#761 = SURFACE_STYLE_USAGE ( .BOTH. , #1146 ) ;
#762 = ORIENTED_EDGE ( 'NONE', *, *, #3560, .F. ) ;
#763 = ORIENTED_EDGE ( 'NONE', *, *, #3537, .T. ) ;
#764 = MECHANICAL_DESIGN_GEOMETRIC_PRESENTATION_REPRESENTATION (  '', ( #2014 ), #4261 ) ;
#765 = EDGE_CURVE ( 'NONE', #302, #3677, #3463, .T. ) ;
#766 =( NAMED_UNIT ( * ) PLANE_ANGLE_UNIT ( ) SI_UNIT ( $, .RADIAN. ) );
#767 = ORIENTED_EDGE ( 'NONE', *, *, #4625, .T. ) ;
#768 = CARTESIAN_POINT ( 'NONE',  ( -1.479999999999999982, 0.2700000000000000178, 0.7500000000000000000 ) ) ;
#769 = CARTESIAN_POINT ( 'NONE',  ( -1.600000000000000089, 0.5000000000000000000, -0.6500000000000000222 ) ) ;
#770 =( GEOMETRIC_REPRESENTATION_CONTEXT ( 3 ) GLOBAL_UNCERTAINTY_ASSIGNED_CONTEXT ( ( #950 ) ) GLOBAL_UNIT_ASSIGNED_CONTEXT ( ( #194, #1319, #4300 ) ) REPRESENTATION_CONTEXT ( 'NONE', 'WORKASPACE' ) );
#771 = AXIS2_PLACEMENT_3D ( 'NONE', #51, #2696, #2626 ) ;
#772 = PRESENTATION_STYLE_ASSIGNMENT (( #4769 ) ) ;
#773 = LINE ( 'NONE', #49, #1506 ) ;
#774 = PRESENTATION_LAYER_ASSIGNMENT (  '', '', ( #4619 ) ) ;
#775 = VECTOR ( 'NONE', #2697, 1000.000000000000000 ) ;
#776 = EDGE_LOOP ( 'NONE', ( #3026, #352, #713, #413 ) ) ;
#777 = CARTESIAN_POINT ( 'NONE',  ( -0.8499999999999999778, 0.000000000000000000, -0.6500000000000000222 ) ) ;
#778 = DIRECTION ( 'NONE',  ( 1.000000000000000000, 0.000000000000000000, 0.000000000000000000 ) ) ;
#779 = LINE ( 'NONE', #981, #4392 ) ;
#780 =( NAMED_UNIT ( * ) SI_UNIT ( $, .STERADIAN. ) SOLID_ANGLE_UNIT ( ) );
#781 = PRESENTATION_LAYER_ASSIGNMENT (  '', '', ( #4371 ) ) ;
#782 = EDGE_CURVE ( 'NONE', #1270, #4803, #2456, .T. ) ;
#783 = CARTESIAN_POINT ( 'NONE',  ( -1.350000000000000089, 0.6999999999999999556, -0.2999999999999999889 ) ) ;
#784 =( GEOMETRIC_REPRESENTATION_CONTEXT ( 3 ) GLOBAL_UNCERTAINTY_ASSIGNED_CONTEXT ( ( #2688 ) ) GLOBAL_UNIT_ASSIGNED_CONTEXT ( ( #812, #3413, #1185 ) ) REPRESENTATION_CONTEXT ( 'NONE', 'WORKASPACE' ) );
#785 = FILL_AREA_STYLE_COLOUR ( '', #2944 ) ;
#786 = DIRECTION ( 'NONE',  ( 0.000000000000000000, 1.000000000000000000, 0.000000000000000000 ) ) ;
#787 = FACE_OUTER_BOUND ( 'NONE', #3780, .T. ) ;
#788 = FACE_OUTER_BOUND ( 'NONE', #2311, .T. ) ;
#789 = EDGE_CURVE ( 'NONE', #2857, #4247, #4454, .T. ) ;
#790 = AXIS2_PLACEMENT_3D ( 'NONE', #1205, #3816, #1961 ) ;
#791 = VECTOR ( 'NONE', #502, 1000.000000000000000 ) ;
#792 = PRESENTATION_STYLE_ASSIGNMENT (( #3865 ) ) ;
#793 = COLOUR_RGB ( '',0.2980392156862745057, 0.2980392156862745057, 0.2980392156862745057 ) ;
#794 = CARTESIAN_POINT ( 'NONE',  ( 1.600000000000000089, 0.000000000000000000, 0.6500000000000000222 ) ) ;
#795 = ORIENTED_EDGE ( 'NONE', *, *, #2568, .T. ) ;
#796 = SURFACE_SIDE_STYLE ('',( #465 ) ) ;
#797 = CARTESIAN_POINT ( 'NONE',  ( -1.600000000000000089, 0.000000000000000000, -0.7500000000000000000 ) ) ;
#798 = PLANE ( 'NONE',  #3923 ) ;
#799 = CIRCLE ( 'NONE', #3296, 0.1500000000001640021 ) ;
#800 = ORIENTED_EDGE ( 'NONE', *, *, #765, .T. ) ;
#801 = ORIENTED_EDGE ( 'NONE', *, *, #2368, .F. ) ;
#802 = FACE_OUTER_BOUND ( 'NONE', #2046, .T. ) ;
#803 = LINE ( 'NONE', #3198, #1741 ) ;
#804 = AXIS2_PLACEMENT_3D ( 'NONE', #2227, #443, #2275 ) ;
#805 = SURFACE_SIDE_STYLE ('',( #2570 ) ) ;
#806 = CARTESIAN_POINT ( 'NONE',  ( 0.8499999999999999778, 0.000000000000000000, 0.6999999999999999556 ) ) ;
#807 = ORIENTED_EDGE ( 'NONE', *, *, #4193, .T. ) ;
#808 = CARTESIAN_POINT ( 'NONE',  ( -1.199999999999999956, 0.5000000000000000000, 0.6500000000000000222 ) ) ;
#809 = ORIENTED_EDGE ( 'NONE', *, *, #284, .F. ) ;
#810 = CARTESIAN_POINT ( 'NONE',  ( 1.600000000000000089, 0.02000000000000000042, -0.5500000000000000444 ) ) ;
#811 = ORIENTED_EDGE ( 'NONE', *, *, #2945, .F. ) ;
#812 =( LENGTH_UNIT ( ) NAMED_UNIT ( * ) SI_UNIT ( .MILLI., .METRE. ) );
#813 =( NAMED_UNIT ( * ) PLANE_ANGLE_UNIT ( ) SI_UNIT ( $, .RADIAN. ) );
#814 = FILL_AREA_STYLE ('',( #1624 ) ) ;
#815 = UNCERTAINTY_MEASURE_WITH_UNIT (LENGTH_MEASURE( 1.000000000000000082E-05 ), #663, 'distance_accuracy_value', 'NONE');
#816 = AXIS2_PLACEMENT_3D ( 'NONE', #3231, #986, #166 ) ;
#817 = EDGE_CURVE ( 'NONE', #1554, #4772, #3338, .T. ) ;
#818 = VECTOR ( 'NONE', #4316, 1000.000000000000000 ) ;
#819 = VERTEX_POINT ( 'NONE', #3514 ) ;
#820 = CARTESIAN_POINT ( 'NONE',  ( -1.479999999999999982, 0.2700000000000000178, -0.7500000000000000000 ) ) ;
#821 = EDGE_LOOP ( 'NONE', ( #1609, #1484, #3911, #1667 ) ) ;
#822 = VECTOR ( 'NONE', #1346, 1000.000000000000000 ) ;
#823 = DIRECTION ( 'NONE',  ( 0.000000000000000000, 0.000000000000000000, 1.000000000000000000 ) ) ;
#824 = CIRCLE ( 'NONE', #1732, 0.1000000000000000472 ) ;
#825 =( NAMED_UNIT ( * ) PLANE_ANGLE_UNIT ( ) SI_UNIT ( $, .RADIAN. ) );
#826 = SURFACE_STYLE_USAGE ( .BOTH. , #2269 ) ;
#827 = DIRECTION ( 'NONE',  ( -1.000000000000000000, 0.000000000000000000, 0.000000000000000000 ) ) ;
#828 = PRESENTATION_STYLE_ASSIGNMENT (( #1635 ) ) ;
#829 = DIRECTION ( 'NONE',  ( 0.000000000000000000, 1.000000000000000000, 0.000000000000000000 ) ) ;
#830 = DIRECTION ( 'NONE',  ( 1.000000000000000000, 0.000000000000000000, 0.000000000000000000 ) ) ;
#831 = DIRECTION ( 'NONE',  ( 0.000000000000000000, -1.000000000000000000, 0.000000000000000000 ) ) ;
#832 = CARTESIAN_POINT ( 'NONE',  ( -1.500000000000000000, 0.2700000000000000178, 0.7500000000000000000 ) ) ;
#833 = FILL_AREA_STYLE_COLOUR ( '', #3364 ) ;
#834 = VECTOR ( 'NONE', #662, 1000.000000000000000 ) ;
#835 = FILL_AREA_STYLE_COLOUR ( '', #1452 ) ;
#836 = EDGE_CURVE ( 'NONE', #277, #3360, #35, .T. ) ;
#837 = FILL_AREA_STYLE_COLOUR ( '', #1676 ) ;
#838 =( GEOMETRIC_REPRESENTATION_CONTEXT ( 3 ) GLOBAL_UNCERTAINTY_ASSIGNED_CONTEXT ( ( #471 ) ) GLOBAL_UNIT_ASSIGNED_CONTEXT ( ( #1215, #3081, #3835 ) ) REPRESENTATION_CONTEXT ( 'NONE', 'WORKASPACE' ) );
#839 =( NAMED_UNIT ( * ) PLANE_ANGLE_UNIT ( ) SI_UNIT ( $, .RADIAN. ) );
#840 =( GEOMETRIC_REPRESENTATION_CONTEXT ( 3 ) GLOBAL_UNCERTAINTY_ASSIGNED_CONTEXT ( ( #4192 ) ) GLOBAL_UNIT_ASSIGNED_CONTEXT ( ( #495, #3837, #3085 ) ) REPRESENTATION_CONTEXT ( 'NONE', 'WORKASPACE' ) );
#841 = EDGE_CURVE ( 'NONE', #2953, #2438, #2868, .T. ) ;
#842 = CARTESIAN_POINT ( 'NONE',  ( 1.600000000000000089, 0.2700000000000000178, 0.6500000000000000222 ) ) ;
#843 = ORIENTED_EDGE ( 'NONE', *, *, #892, .T. ) ;
#844 = SURFACE_SIDE_STYLE ('',( #1725 ) ) ;
#845 = ORIENTED_EDGE ( 'NONE', *, *, #2012, .F. ) ;
#846 = VERTEX_POINT ( 'NONE', #2895 ) ;
#847 = VECTOR ( 'NONE', #4339, 1000.000000000000000 ) ;
#848 = FILL_AREA_STYLE ('',( #864 ) ) ;
#849 = COLOUR_RGB ( '',0.2980392156862745057, 0.2980392156862745057, 0.2980392156862745057 ) ;
#850 = SURFACE_SIDE_STYLE ('',( #1179 ) ) ;
#851 = CARTESIAN_POINT ( 'NONE',  ( -1.199999999972999776, 0.5999999999999999778, -0.5500000000000000444 ) ) ;
#852 = STYLED_ITEM ( 'NONE', ( #4638 ), #2797 ) ;
#853 = VERTEX_POINT ( 'NONE', #3221 ) ;
#854 = DIRECTION ( 'NONE',  ( 0.000000000000000000, 1.000000000000000000, 0.000000000000000000 ) ) ;
#855 = ORIENTED_EDGE ( 'NONE', *, *, #1051, .F. ) ;
#856 = EDGE_LOOP ( 'NONE', ( #3302, #1407, #3739, #649 ) ) ;
#857 = AXIS2_PLACEMENT_3D ( 'NONE', #1888, #1548, #4795 ) ;
#858 = PLANE ( 'NONE',  #707 ) ;
#859 = SURFACE_STYLE_USAGE ( .BOTH. , #2303 ) ;
#860 = ORIENTED_EDGE ( 'NONE', *, *, #2874, .T. ) ;
#861 = DIRECTION ( 'NONE',  ( 0.0002007980059175446365, 0.000000000000000000, 0.9999999798400801554 ) ) ;
#862 = VECTOR ( 'NONE', #1304, 1000.000000000000000 ) ;
#863 =( NAMED_UNIT ( * ) PLANE_ANGLE_UNIT ( ) SI_UNIT ( $, .RADIAN. ) );
#864 = FILL_AREA_STYLE_COLOUR ( '', #2103 ) ;
#865 = AXIS2_PLACEMENT_3D ( 'NONE', #303, #3242, #2904 ) ;
#866 = ORIENTED_EDGE ( 'NONE', *, *, #1321, .T. ) ;
#867 = EDGE_CURVE ( 'NONE', #1929, #4613, #559, .T. ) ;
#868 = MECHANICAL_DESIGN_GEOMETRIC_PRESENTATION_REPRESENTATION (  '', ( #4683 ), #1124 ) ;
#869 = FILL_AREA_STYLE ('',( #517 ) ) ;
#870 = UNCERTAINTY_MEASURE_WITH_UNIT (LENGTH_MEASURE( 1.000000000000000082E-05 ), #2376, 'distance_accuracy_value', 'NONE');
#871 = FACE_OUTER_BOUND ( 'NONE', #1082, .T. ) ;
#872 = DIRECTION ( 'NONE',  ( -1.000000000000000000, 0.000000000000000000, 0.000000000000000000 ) ) ;
#873 = VERTEX_POINT ( 'NONE', #1819 ) ;
#874 = EDGE_CURVE ( 'NONE', #349, #3024, #3222, .T. ) ;
#875 =( GEOMETRIC_REPRESENTATION_CONTEXT ( 3 ) GLOBAL_UNCERTAINTY_ASSIGNED_CONTEXT ( ( #1012 ) ) GLOBAL_UNIT_ASSIGNED_CONTEXT ( ( #398, #4500, #1132 ) ) REPRESENTATION_CONTEXT ( 'NONE', 'WORKASPACE' ) );
#876 = PRESENTATION_LAYER_ASSIGNMENT (  '', '', ( #4713 ) ) ;
#877 = SURFACE_STYLE_USAGE ( .BOTH. , #4620 ) ;
#878 = VECTOR ( 'NONE', #2056, 1000.000000000000000 ) ;
#879 = DIRECTION ( 'NONE',  ( -1.000000000000000000, 0.000000000000000000, 0.000000000000000000 ) ) ;
#880 = MECHANICAL_DESIGN_GEOMETRIC_PRESENTATION_REPRESENTATION (  '', ( #2881 ), #3138 ) ;
#881 = PRESENTATION_LAYER_ASSIGNMENT (  '', '', ( #654 ) ) ;
#882 = SURFACE_STYLE_USAGE ( .BOTH. , #2010 ) ;
#883 = SURFACE_STYLE_FILL_AREA ( #1508 ) ;
#884 = VECTOR ( 'NONE', #233, 1000.000000000000000 ) ;
#885 = CIRCLE ( 'NONE', #56, 0.2000000000000000389 ) ;
#886 = DIRECTION ( 'NONE',  ( -1.000000000000000000, 0.000000000000000000, 0.000000000000000000 ) ) ;
#887 = FACE_OUTER_BOUND ( 'NONE', #2193, .T. ) ;
#888 = DIRECTION ( 'NONE',  ( 0.000000000000000000, 0.000000000000000000, -1.000000000000000000 ) ) ;
#889 = DIRECTION ( 'NONE',  ( -0.000000000000000000, 1.000000000000000000, -0.000000000000000000 ) ) ;
#890 = DIRECTION ( 'NONE',  ( 0.000000000000000000, 1.000000000000000000, 0.000000000000000000 ) ) ;
#891 = ORIENTED_EDGE ( 'NONE', *, *, #4397, .F. ) ;
#892 = EDGE_CURVE ( 'NONE', #1912, #937, #4388, .T. ) ;
#893 = VECTOR ( 'NONE', #2490, 1000.000000000000000 ) ;
#894 = CARTESIAN_POINT ( 'NONE',  ( -1.399999999999999911, 0.6999999999999999556, 0.3499999999999999778 ) ) ;
#895 = FACE_OUTER_BOUND ( 'NONE', #3429, .T. ) ;
#896 = DIRECTION ( 'NONE',  ( -0.000000000000000000, 1.000000000000000000, -0.000000000000000000 ) ) ;
#897 =( NAMED_UNIT ( * ) SI_UNIT ( $, .STERADIAN. ) SOLID_ANGLE_UNIT ( ) );
#898 = DIRECTION ( 'NONE',  ( 0.000000000000000000, 1.000000000000000000, 0.000000000000000000 ) ) ;
#899 = PRESENTATION_LAYER_ASSIGNMENT (  '', '', ( #1429 ) ) ;
#900 = LINE ( 'NONE', #4115, #2773 ) ;
#901 = APPLICATION_CONTEXT ( 'automotive_design' ) ;
#902 = EDGE_CURVE ( 'NONE', #3184, #3137, #4331, .T. ) ;
#903 =( GEOMETRIC_REPRESENTATION_CONTEXT ( 3 ) GLOBAL_UNCERTAINTY_ASSIGNED_CONTEXT ( ( #1990 ) ) GLOBAL_UNIT_ASSIGNED_CONTEXT ( ( #1655, #825, #3434 ) ) REPRESENTATION_CONTEXT ( 'NONE', 'WORKASPACE' ) );
#904 = PLANE ( 'NONE',  #4461 ) ;
#905 = ORIENTED_EDGE ( 'NONE', *, *, #841, .T. ) ;
#906 = VERTEX_POINT ( 'NONE', #1008 ) ;
#907 = ADVANCED_FACE ( 'NONE', ( #1679 ), #4758, .F. ) ;
#908 = ORIENTED_EDGE ( 'NONE', *, *, #224, .F. ) ;
#909 = PRESENTATION_STYLE_ASSIGNMENT (( #882 ) ) ;
#910 = DIRECTION ( 'NONE',  ( -0.000000000000000000, 1.000000000000000000, -0.000000000000000000 ) ) ;
#911 = ORIENTED_EDGE ( 'NONE', *, *, #2482, .F. ) ;
#912 = EDGE_CURVE ( 'NONE', #924, #1411, #427, .T. ) ;
#913 = CARTESIAN_POINT ( 'NONE',  ( -1.600000000000000089, 0.2700000000000000178, -0.6300000000000000044 ) ) ;
#914 =( NAMED_UNIT ( * ) PLANE_ANGLE_UNIT ( ) SI_UNIT ( $, .RADIAN. ) );
#915 = ORIENTED_EDGE ( 'NONE', *, *, #1571, .F. ) ;
#916 = VECTOR ( 'NONE', #4350, 1000.000000000000000 ) ;
#917 = ORIENTED_EDGE ( 'NONE', *, *, #2874, .F. ) ;
#918 = ORIENTED_EDGE ( 'NONE', *, *, #4054, .T. ) ;
#919 =( NAMED_UNIT ( * ) PLANE_ANGLE_UNIT ( ) SI_UNIT ( $, .RADIAN. ) );
#920 = ORIENTED_EDGE ( 'NONE', *, *, #1093, .T. ) ;
#921 = SURFACE_STYLE_FILL_AREA ( #3074 ) ;
#922 = ORIENTED_EDGE ( 'NONE', *, *, #3182, .T. ) ;
#923 = FILL_AREA_STYLE ('',( #3567 ) ) ;
#924 = VERTEX_POINT ( 'NONE', #3782 ) ;
#925 = DIRECTION ( 'NONE',  ( -0.000000000000000000, 1.000000000000000000, -0.000000000000000000 ) ) ;
#926 = EDGE_LOOP ( 'NONE', ( #2582, #2723, #1113, #1156 ) ) ;
#927 = ORIENTED_EDGE ( 'NONE', *, *, #55, .T. ) ;
#928 =( NAMED_UNIT ( * ) PLANE_ANGLE_UNIT ( ) SI_UNIT ( $, .RADIAN. ) );
#929 = STYLED_ITEM ( 'NONE', ( #3177 ), #2964 ) ;
#930 = ORIENTED_EDGE ( 'NONE', *, *, #4741, .F. ) ;
#931 = CARTESIAN_POINT ( 'NONE',  ( -0.8499999999999999778, 0.02000000000000000042, -0.6500000000000000222 ) ) ;
#932 = EDGE_CURVE ( 'NONE', #3690, #3732, #1423, .T. ) ;
#933 = DIRECTION ( 'NONE',  ( 0.000000000000000000, 0.000000000000000000, -1.000000000000000000 ) ) ;
#934 = AXIS2_PLACEMENT_3D ( 'NONE', #2505, #1060, #4777 ) ;
#935 = AXIS2_PLACEMENT_3D ( 'NONE', #3529, #1657, #2024 ) ;
#936 = PRESENTATION_STYLE_ASSIGNMENT (( #1367 ) ) ;
#937 = VERTEX_POINT ( 'NONE', #3798 ) ;
#938 = FILL_AREA_STYLE_COLOUR ( '', #264 ) ;
#939 = STYLED_ITEM ( 'NONE', ( #2207 ), #1829 ) ;
#940 =( NAMED_UNIT ( * ) SI_UNIT ( $, .STERADIAN. ) SOLID_ANGLE_UNIT ( ) );
#941 = EDGE_CURVE ( 'NONE', #1332, #1142, #1939, .T. ) ;
#942 =( GEOMETRIC_REPRESENTATION_CONTEXT ( 3 ) GLOBAL_UNCERTAINTY_ASSIGNED_CONTEXT ( ( #312 ) ) GLOBAL_UNIT_ASSIGNED_CONTEXT ( ( #3656, #3492, #3520 ) ) REPRESENTATION_CONTEXT ( 'NONE', 'WORKASPACE' ) );
#943 =( LENGTH_UNIT ( ) NAMED_UNIT ( * ) SI_UNIT ( .MILLI., .METRE. ) );
#944 = CARTESIAN_POINT ( 'NONE',  ( -1.524582898450000057, 0.02000000000000000042, -0.6261335730022999924 ) ) ;
#945 = PRESENTATION_LAYER_ASSIGNMENT (  '', '', ( #1669 ) ) ;
#946 = FACE_OUTER_BOUND ( 'NONE', #2966, .T. ) ;
#947 = VERTEX_POINT ( 'NONE', #2290 ) ;
#948 = ADVANCED_FACE ( 'NONE', ( #2918 ), #564, .F. ) ;
#949 = CIRCLE ( 'NONE', #425, 0.1000000000000000472 ) ;
#950 = UNCERTAINTY_MEASURE_WITH_UNIT (LENGTH_MEASURE( 1.000000000000000082E-05 ), #194, 'distance_accuracy_value', 'NONE');
#951 = EDGE_CURVE ( 'NONE', #3549, #2669, #1042, .T. ) ;
#952 = DIRECTION ( 'NONE',  ( 0.000000000000000000, 0.000000000000000000, -1.000000000000000000 ) ) ;
#953 = ORIENTED_EDGE ( 'NONE', *, *, #2195, .T. ) ;
#954 = VERTEX_POINT ( 'NONE', #134 ) ;
#955 = SURFACE_STYLE_FILL_AREA ( #4477 ) ;
#956 = EDGE_LOOP ( 'NONE', ( #178, #2739, #3540, #221 ) ) ;
#957 = EDGE_CURVE ( 'NONE', #4189, #4002, #4431, .T. ) ;
#958 = MECHANICAL_DESIGN_GEOMETRIC_PRESENTATION_REPRESENTATION (  '', ( #2434 ), #3315 ) ;
#959 = PRESENTATION_STYLE_ASSIGNMENT (( #2293 ) ) ;
#960 = VECTOR ( 'NONE', #219, 1000.000000000000000 ) ;
#961 = CARTESIAN_POINT ( 'NONE',  ( -1.479999999999999982, 0.000000000000000000, 0.7500000000000000000 ) ) ;
#962 = ORIENTED_EDGE ( 'NONE', *, *, #2432, .F. ) ;
#963 = ORIENTED_EDGE ( 'NONE', *, *, #173, .T. ) ;
#964 = LINE ( 'NONE', #4788, #1980 ) ;
#965 = CARTESIAN_POINT ( 'NONE',  ( 0.8499999999999999778, 0.000000000000000000, -0.6500000000000000222 ) ) ;
#966 = DIRECTION ( 'NONE',  ( 0.000000000000000000, 0.000000000000000000, -1.000000000000000000 ) ) ;
#967 =( GEOMETRIC_REPRESENTATION_CONTEXT ( 3 ) GLOBAL_UNCERTAINTY_ASSIGNED_CONTEXT ( ( #3001 ) ) GLOBAL_UNIT_ASSIGNED_CONTEXT ( ( #4718, #645, #3606 ) ) REPRESENTATION_CONTEXT ( 'NONE', 'WORKASPACE' ) );
#968 = SURFACE_SIDE_STYLE ('',( #3284 ) ) ;
#969 = ORIENTED_EDGE ( 'NONE', *, *, #100, .T. ) ;
#970 = AXIS2_PLACEMENT_3D ( 'NONE', #616, #4335, #2113 ) ;
#971 = CIRCLE ( 'NONE', #4443, 0.1200000000000000927 ) ;
#972 = ORIENTED_EDGE ( 'NONE', *, *, #731, .F. ) ;
#973 = ADVANCED_FACE ( 'NONE', ( #1351 ), #3524, .F. ) ;
#974 = ORIENTED_EDGE ( 'NONE', *, *, #1261, .F. ) ;
#975 = DIRECTION ( 'NONE',  ( 0.000000000000000000, 0.000000000000000000, -1.000000000000000000 ) ) ;
#976 = DIRECTION ( 'NONE',  ( -0.000000000000000000, 0.000000000000000000, 1.000000000000000000 ) ) ;
#977 = FACE_OUTER_BOUND ( 'NONE', #4414, .T. ) ;
#978 = ORIENTED_EDGE ( 'NONE', *, *, #672, .T. ) ;
#979 = DIRECTION ( 'NONE',  ( -1.000000000000000000, 0.000000000000000000, 0.000000000000000000 ) ) ;
#980 = AXIS2_PLACEMENT_3D ( 'NONE', #4463, #384, #31 ) ;
#981 = CARTESIAN_POINT ( 'NONE',  ( -1.149999999999999911, 0.6999999999999999556, -0.5000000000000000000 ) ) ;
#982 = VERTEX_POINT ( 'NONE', #3496 ) ;
#983 = UNCERTAINTY_MEASURE_WITH_UNIT (LENGTH_MEASURE( 1.000000000000000082E-05 ), #2996, 'distance_accuracy_value', 'NONE');
#984 = CARTESIAN_POINT ( 'NONE',  ( -1.350000000000000089, 0.6999999999999999556, -0.2999999999999999889 ) ) ;
#985 = VECTOR ( 'NONE', #3115, 1000.000000000000000 ) ;
#986 = DIRECTION ( 'NONE',  ( -1.000000000000000000, 0.000000000000000000, 0.000000000000000000 ) ) ;
#987 = MECHANICAL_DESIGN_GEOMETRIC_PRESENTATION_REPRESENTATION (  '', ( #3249 ), #1686 ) ;
#988 = EDGE_CURVE ( 'NONE', #744, #2733, #2388, .T. ) ;
#989 =( GEOMETRIC_REPRESENTATION_CONTEXT ( 3 ) GLOBAL_UNCERTAINTY_ASSIGNED_CONTEXT ( ( #2126 ) ) GLOBAL_UNIT_ASSIGNED_CONTEXT ( ( #1067, #3697, #4433 ) ) REPRESENTATION_CONTEXT ( 'NONE', 'WORKASPACE' ) );
#990 = SURFACE_STYLE_FILL_AREA ( #3813 ) ;
#991 = VECTOR ( 'NONE', #4196, 1000.000000000000000 ) ;
#992 = CARTESIAN_POINT ( 'NONE',  ( -1.199999999999999956, 0.5999999999999999778, 0.6500000000000000222 ) ) ;
#993 = ADVANCED_FACE ( 'NONE', ( #126 ), #1310, .F. ) ;
#994 = AXIS2_PLACEMENT_3D ( 'NONE', #1250, #2718, #1587 ) ;
#995 = PRESENTATION_LAYER_ASSIGNMENT (  '', '', ( #2107 ) ) ;
#996 = AXIS2_PLACEMENT_3D ( 'NONE', #1841, #2949, #827 ) ;
#997 =( NAMED_UNIT ( * ) PLANE_ANGLE_UNIT ( ) SI_UNIT ( $, .RADIAN. ) );
#998 = SURFACE_SIDE_STYLE ('',( #2749 ) ) ;
#999 = DIRECTION ( 'NONE',  ( 0.000000000000000000, 0.000000000000000000, -1.000000000000000000 ) ) ;
#1000 = FILL_AREA_STYLE_COLOUR ( '', #3881 ) ;
#1001 = DIRECTION ( 'NONE',  ( -3.841688871894998764E-12, 0.000000000000000000, -1.000000000000000000 ) ) ;
#1002 = LINE ( 'NONE', #1268, #2631 ) ;
#1003 = AXIS2_PLACEMENT_3D ( 'NONE', #3361, #2286, #3740 ) ;
#1004 = CARTESIAN_POINT ( 'NONE',  ( -1.199999999981999910, 0.5000000000000000000, -0.6499999999972000397 ) ) ;
#1005 = DIRECTION ( 'NONE',  ( 0.000000000000000000, 0.000000000000000000, 1.000000000000000000 ) ) ;
#1006 = VECTOR ( 'NONE', #2893, 1000.000000000000000 ) ;
#1007 = ORIENTED_EDGE ( 'NONE', *, *, #3615, .T. ) ;
#1008 = CARTESIAN_POINT ( 'NONE',  ( 1.500000000000000000, 0.5000000000000000000, 0.3499999999999999778 ) ) ;
#1009 = AXIS2_PLACEMENT_3D ( 'NONE', #711, #3604, #1820 ) ;
#1010 = CARTESIAN_POINT ( 'NONE',  ( -0.8499999999999999778, 0.02000000000000000042, 0.6500000000000000222 ) ) ;
#1011 = AXIS2_PLACEMENT_3D ( 'NONE', #314, #4780, #3676 ) ;
#1012 = UNCERTAINTY_MEASURE_WITH_UNIT (LENGTH_MEASURE( 1.000000000000000082E-05 ), #398, 'distance_accuracy_value', 'NONE');
#1013 = SURFACE_SIDE_STYLE ('',( #305 ) ) ;
#1014 = SURFACE_STYLE_USAGE ( .BOTH. , #712 ) ;
#1015 =( LENGTH_UNIT ( ) NAMED_UNIT ( * ) SI_UNIT ( .MILLI., .METRE. ) );
#1016 = ORIENTED_EDGE ( 'NONE', *, *, #1187, .F. ) ;
#1017 = CARTESIAN_POINT ( 'NONE',  ( 1.513559845127466552, 0.02000000000000000389, 0.6665905938736687020 ) ) ;
#1018 = CARTESIAN_POINT ( 'NONE',  ( 1.600000000000000089, 0.2700000000000000178, 0.6300000000000000044 ) ) ;
#1019 = EDGE_CURVE ( 'NONE', #2280, #3354, #1038, .T. ) ;
#1021 = ORIENTED_EDGE ( 'NONE', *, *, #4131, .F. ) ;
#1020 = B_SPLINE_CURVE_WITH_KNOTS ( 'NONE', 3,
 ( #1369, #681, #4701, #2864, #3593, #1017, #1496, #1104, #2975 ),
 .UNSPECIFIED., .F., .F.,
 ( 4, 1, 2, 2, 4 ),
 ( 0.000000000000000000, 0.2500000000000000000, 0.3750000000000000000, 0.5000000000000000000, 1.000000000000000000 ),
 .UNSPECIFIED. ) ;
#1022 =( NAMED_UNIT ( * ) SI_UNIT ( $, .STERADIAN. ) SOLID_ANGLE_UNIT ( ) );
#1023 = SURFACE_STYLE_FILL_AREA ( #1615 ) ;
#1024 = EDGE_LOOP ( 'NONE', ( #1077, #811, #807, #3710, #3468, #3622, #4647, #953 ) ) ;
#1025 = VERTEX_POINT ( 'NONE', #3306 ) ;
#1026 = EDGE_CURVE ( 'NONE', #2535, #3901, #3039, .T. ) ;
#1027 = AXIS2_PLACEMENT_3D ( 'NONE', #340, #2941, #441 ) ;
#1028 = ORIENTED_EDGE ( 'NONE', *, *, #231, .T. ) ;
#1029 =( NAMED_UNIT ( * ) SI_UNIT ( $, .STERADIAN. ) SOLID_ANGLE_UNIT ( ) );
#1030 = EDGE_LOOP ( 'NONE', ( #9, #1868, #3580, #1221 ) ) ;
#1031 = LINE ( 'NONE', #1570, #3083 ) ;
#1032 =( NAMED_UNIT ( * ) SI_UNIT ( $, .STERADIAN. ) SOLID_ANGLE_UNIT ( ) );
#1033 = DIRECTION ( 'NONE',  ( -0.000000000000000000, 1.000000000000000000, -0.000000000000000000 ) ) ;
#1034 =( NAMED_UNIT ( * ) SI_UNIT ( $, .STERADIAN. ) SOLID_ANGLE_UNIT ( ) );
#1035 = MECHANICAL_DESIGN_GEOMETRIC_PRESENTATION_REPRESENTATION (  '', ( #3894 ), #1810 ) ;
#1036 = FILL_AREA_STYLE_COLOUR ( '', #3397 ) ;
#1037 = STYLED_ITEM ( 'NONE', ( #4470 ), #2209 ) ;
#1038 = LINE ( 'NONE', #16, #4258 ) ;
#1039 = VECTOR ( 'NONE', #823, 1000.000000000000000 ) ;
#1040 =( LENGTH_UNIT ( ) NAMED_UNIT ( * ) SI_UNIT ( .MILLI., .METRE. ) );
#1041 = CARTESIAN_POINT ( 'NONE',  ( 1.550000000000000044, 0.000000000000000000, -0.5500000000000000444 ) ) ;
#1042 = LINE ( 'NONE', #4228, #300 ) ;
#1043 = LINE ( 'NONE', #2253, #77 ) ;
#1044 = CARTESIAN_POINT ( 'NONE',  ( 0.8499999999999999778, 0.000000000000000000, 0.6999999999999999556 ) ) ;
#1045 = CARTESIAN_POINT ( 'NONE',  ( -1.449999999999999956, 0.02000000000000000042, 0.6500000000000000222 ) ) ;
#1046 = ADVANCED_FACE ( 'NONE', ( #4767 ), #1447, .T. ) ;
#1047 =( LENGTH_UNIT ( ) NAMED_UNIT ( * ) SI_UNIT ( .MILLI., .METRE. ) );
#1048 =( NAMED_UNIT ( * ) PLANE_ANGLE_UNIT ( ) SI_UNIT ( $, .RADIAN. ) );
#1049 = DIRECTION ( 'NONE',  ( -0.000000000000000000, 1.000000000000000000, -0.000000000000000000 ) ) ;
#1050 = CARTESIAN_POINT ( 'NONE',  ( 1.600000000000000089, -0.2300000000000000100, -0.7500000000000000000 ) ) ;
#1051 = EDGE_CURVE ( 'NONE', #3360, #1979, #3915, .T. ) ;
#1052 = DIRECTION ( 'NONE',  ( -1.000000000000000000, 0.000000000000000000, 0.000000000000000000 ) ) ;
#1053 = FILL_AREA_STYLE ('',( #1000 ) ) ;
#1054 = VECTOR ( 'NONE', #4177, 1000.000000000000000 ) ;
#1055 =( NAMED_UNIT ( * ) SI_UNIT ( $, .STERADIAN. ) SOLID_ANGLE_UNIT ( ) );
#1056 = STYLED_ITEM ( 'NONE', ( #4235 ), #1358 ) ;
#1057 = EDGE_CURVE ( 'NONE', #4593, #1280, #2485, .T. ) ;
#1058 = DIRECTION ( 'NONE',  ( 0.000000000000000000, 0.000000000000000000, 1.000000000000000000 ) ) ;
#1059 = VECTOR ( 'NONE', #4510, 1000.000000000000000 ) ;
#1060 = DIRECTION ( 'NONE',  ( 0.000000000000000000, 1.000000000000000000, 0.000000000000000000 ) ) ;
#1061 = DIRECTION ( 'NONE',  ( 0.000000000000000000, 1.000000000000000000, 0.000000000000000000 ) ) ;
#1062 = DIRECTION ( 'NONE',  ( -1.000000000000000000, 0.000000000000000000, 0.000000000000000000 ) ) ;
#1063 = CARTESIAN_POINT ( 'NONE',  ( 0.000000000000000000, 0.000000000000000000, 0.000000000000000000 ) ) ;
#1064 =( NAMED_UNIT ( * ) SI_UNIT ( $, .STERADIAN. ) SOLID_ANGLE_UNIT ( ) );
#1065 = CARTESIAN_POINT ( 'NONE',  ( -0.8499999999999999778, 0.000000000000000000, -0.6500000000000000222 ) ) ;
#1066 = FACE_OUTER_BOUND ( 'NONE', #4009, .T. ) ;
#1067 =( LENGTH_UNIT ( ) NAMED_UNIT ( * ) SI_UNIT ( .MILLI., .METRE. ) );
#1068 = ADVANCED_FACE ( 'NONE', ( #4668 ), #3381, .F. ) ;
#1069 = SURFACE_STYLE_FILL_AREA ( #3737 ) ;
#1070 = CARTESIAN_POINT ( 'NONE',  ( 1.149999999999999911, 0.6999999999999999556, 0.2999999999999999889 ) ) ;
#1071 = ORIENTED_EDGE ( 'NONE', *, *, #3526, .F. ) ;
#1072 = ORIENTED_EDGE ( 'NONE', *, *, #4511, .F. ) ;
#1073 = UNCERTAINTY_MEASURE_WITH_UNIT (LENGTH_MEASURE( 1.000000000000000082E-05 ), #2471, 'distance_accuracy_value', 'NONE');
#1074 = CYLINDRICAL_SURFACE ( 'NONE', #4287, 0.1200000000000000927 ) ;
#1075 = EDGE_LOOP ( 'NONE', ( #4180, #1765, #2429, #4086 ) ) ;
#1076 = DIRECTION ( 'NONE',  ( 0.000000000000000000, 0.000000000000000000, 1.000000000000000000 ) ) ;
#1077 = ORIENTED_EDGE ( 'NONE', *, *, #3500, .F. ) ;
#1078 = CARTESIAN_POINT ( 'NONE',  ( 1.479999999999999982, 0.2700000000000000178, 0.7500000000000000000 ) ) ;
#1079 = LINE ( 'NONE', #90, #2959 ) ;
#1080 = FILL_AREA_STYLE_COLOUR ( '', #437 ) ;
#1081 = DIRECTION ( 'NONE',  ( 1.000000000000000000, 0.000000000000000000, 0.000000000000000000 ) ) ;
#1082 = EDGE_LOOP ( 'NONE', ( #3498, #905, #1101, #1997 ) ) ;
#1083 = SURFACE_STYLE_USAGE ( .BOTH. , #37 ) ;
#1084 = EDGE_CURVE ( 'NONE', #3451, #1748, #1416, .T. ) ;
#1085 = ORIENTED_EDGE ( 'NONE', *, *, #3964, .T. ) ;
#1086 = MECHANICAL_DESIGN_GEOMETRIC_PRESENTATION_REPRESENTATION (  '', ( #136 ), #3684 ) ;
#1087 = CIRCLE ( 'NONE', #490, 0.1000000000000000472 ) ;
#1088 = DIRECTION ( 'NONE',  ( 0.000000000000000000, 0.000000000000000000, -1.000000000000000000 ) ) ;
#1089 = ORIENTED_EDGE ( 'NONE', *, *, #2459, .F. ) ;
#1090 = VECTOR ( 'NONE', #428, 1000.000000000000000 ) ;
#1091 = VERTEX_POINT ( 'NONE', #3320 ) ;
#1092 =( GEOMETRIC_REPRESENTATION_CONTEXT ( 3 ) GLOBAL_UNCERTAINTY_ASSIGNED_CONTEXT ( ( #4109 ) ) GLOBAL_UNIT_ASSIGNED_CONTEXT ( ( #1678, #205, #4277 ) ) REPRESENTATION_CONTEXT ( 'NONE', 'WORKASPACE' ) );
#1093 = EDGE_CURVE ( 'NONE', #982, #3135, #3796, .T. ) ;
#1094 = MECHANICAL_DESIGN_GEOMETRIC_PRESENTATION_REPRESENTATION (  '', ( #4445 ), #942 ) ;
#1095 = EDGE_LOOP ( 'NONE', ( #4581, #4694, #974, #2961 ) ) ;
#1096 = ORIENTED_EDGE ( 'NONE', *, *, #2315, .F. ) ;
#1097 = DIRECTION ( 'NONE',  ( -0.000000000000000000, 1.000000000000000000, 0.000000000000000000 ) ) ;
#1098 = ADVANCED_FACE ( 'NONE', ( #1291 ), #2639, .F. ) ;
#1099 = SURFACE_STYLE_USAGE ( .BOTH. , #4069 ) ;
#1100 = CARTESIAN_POINT ( 'NONE',  ( 1.600000000000000089, 0.000000000000000000, -0.7500000000000000000 ) ) ;
#1101 = ORIENTED_EDGE ( 'NONE', *, *, #1628, .F. ) ;
#1102 = DIRECTION ( 'NONE',  ( 0.000000000000000000, 0.000000000000000000, 1.000000000000000000 ) ) ;
#1103 = CARTESIAN_POINT ( 'NONE',  ( -1.600000000000000089, 0.02000000000000000042, 0.5688664269976999588 ) ) ;
#1104 = CARTESIAN_POINT ( 'NONE',  ( 1.485049772253301148, 0.02000000000000000042, 0.7084029249941427020 ) ) ;
#1105 = CARTESIAN_POINT ( 'NONE',  ( 1.600000000000000089, 0.000000000000000000, 0.6300000000000000044 ) ) ;
#1106 = PRESENTATION_LAYER_ASSIGNMENT (  '', '', ( #852 ) ) ;
#1107 = ORIENTED_EDGE ( 'NONE', *, *, #2936, .T. ) ;
#1108 = PRESENTATION_STYLE_ASSIGNMENT (( #4462 ) ) ;
#1109 = ORIENTED_EDGE ( 'NONE', *, *, #867, .F. ) ;
#1110 = UNCERTAINTY_MEASURE_WITH_UNIT (LENGTH_MEASURE( 1.000000000000000082E-05 ), #1510, 'distance_accuracy_value', 'NONE');
#1111 =( NAMED_UNIT ( * ) SI_UNIT ( $, .STERADIAN. ) SOLID_ANGLE_UNIT ( ) );
#1112 = CARTESIAN_POINT ( 'NONE',  ( -1.199999999996999911, 0.5999999999999999778, 0.5500000000000000444 ) ) ;
#1113 = ORIENTED_EDGE ( 'NONE', *, *, #3069, .F. ) ;
#1114 = DIRECTION ( 'NONE',  ( 0.000000000000000000, -1.000000000000000000, 0.000000000000000000 ) ) ;
#1115 = VECTOR ( 'NONE', #242, 1000.000000000000000 ) ;
#1116 = CARTESIAN_POINT ( 'NONE',  ( -1.199999999999999956, 0.5000000000000000000, 0.3499999999999999778 ) ) ;
#1117 = LINE ( 'NONE', #842, #3219 ) ;
#1118 = CARTESIAN_POINT ( 'NONE',  ( -1.199999999999999956, 0.5999999999999999778, 0.5500000000000000444 ) ) ;
#1119 = FILL_AREA_STYLE_COLOUR ( '', #4013 ) ;
#1120 = PRESENTATION_LAYER_ASSIGNMENT (  '', '', ( #3525 ) ) ;
#1121 = CARTESIAN_POINT ( 'NONE',  ( 0.000000000000000000, 0.000000000000000000, 0.000000000000000000 ) ) ;
#1122 = EDGE_CURVE ( 'NONE', #1396, #3546, #3424, .T. ) ;
#1123 = FILL_AREA_STYLE ('',( #1080 ) ) ;
#1124 =( GEOMETRIC_REPRESENTATION_CONTEXT ( 3 ) GLOBAL_UNCERTAINTY_ASSIGNED_CONTEXT ( ( #2189 ) ) GLOBAL_UNIT_ASSIGNED_CONTEXT ( ( #1857, #756, #4455 ) ) REPRESENTATION_CONTEXT ( 'NONE', 'WORKASPACE' ) );
#1125 = VECTOR ( 'NONE', #1887, 1000.000000000000000 ) ;
#1126 =( LENGTH_UNIT ( ) NAMED_UNIT ( * ) SI_UNIT ( .MILLI., .METRE. ) );
#1127 = EDGE_CURVE ( 'NONE', #1411, #1912, #4413, .T. ) ;
#1128 = AXIS2_PLACEMENT_3D ( 'NONE', #89, #445, #4571 ) ;
#1129 = MECHANICAL_DESIGN_GEOMETRIC_PRESENTATION_REPRESENTATION (  '', ( #4713 ), #2016 ) ;
#1130 = VECTOR ( 'NONE', #3552, 1000.000000000000000 ) ;
#1131 = COLOUR_RGB ( '',0.2980392156862745057, 0.2980392156862745057, 0.2980392156862745057 ) ;
#1132 =( NAMED_UNIT ( * ) SI_UNIT ( $, .STERADIAN. ) SOLID_ANGLE_UNIT ( ) );
#1133 = SURFACE_STYLE_USAGE ( .BOTH. , #3747 ) ;
#1134 = CARTESIAN_POINT ( 'NONE',  ( 1.600000000000000089, 0.000000000000000000, 0.6300000000000000044 ) ) ;
#1135 = LINE ( 'NONE', #2519, #160 ) ;
#1136 =( GEOMETRIC_REPRESENTATION_CONTEXT ( 3 ) GLOBAL_UNCERTAINTY_ASSIGNED_CONTEXT ( ( #4690 ) ) GLOBAL_UNIT_ASSIGNED_CONTEXT ( ( #421, #450, #3419 ) ) REPRESENTATION_CONTEXT ( 'NONE', 'WORKASPACE' ) );
#1137 = VECTOR ( 'NONE', #2047, 1000.000000000000000 ) ;
#1138 = ORIENTED_EDGE ( 'NONE', *, *, #1563, .F. ) ;
#1139 = CARTESIAN_POINT ( 'NONE',  ( 1.500000000000000000, 0.2700000000000000178, 0.7500000000000000000 ) ) ;
#1140 = STYLED_ITEM ( 'NONE', ( #4017 ), #3119 ) ;
#1141 = VERTEX_POINT ( 'NONE', #1078 ) ;
#1142 = VERTEX_POINT ( 'NONE', #4526 ) ;
#1143 = DIRECTION ( 'NONE',  ( 0.000000000000000000, 1.000000000000000000, 0.000000000000000000 ) ) ;
#1144 = CARTESIAN_POINT ( 'NONE',  ( -1.149999999999999911, 0.8000000000000000444, 0.5000000000000000000 ) ) ;
#1145 = UNCERTAINTY_MEASURE_WITH_UNIT (LENGTH_MEASURE( 1.000000000000000082E-05 ), #4383, 'distance_accuracy_value', 'NONE');
#1146 = SURFACE_SIDE_STYLE ('',( #955 ) ) ;
#1147 = ORIENTED_EDGE ( 'NONE', *, *, #1628, .T. ) ;
#1148 = ORIENTED_EDGE ( 'NONE', *, *, #606, .T. ) ;
#1149 = CARTESIAN_POINT ( 'NONE',  ( -1.600000000000000089, 0.02000000000000000042, -0.7500000000000000000 ) ) ;
#1150 = EDGE_CURVE ( 'NONE', #4756, #555, #3896, .T. ) ;
#1151 = SURFACE_STYLE_USAGE ( .BOTH. , #4124 ) ;
#1152 = ORIENTED_EDGE ( 'NONE', *, *, #3646, .F. ) ;
#1153 = ORIENTED_EDGE ( 'NONE', *, *, #2756, .F. ) ;
#1154 = SURFACE_SIDE_STYLE ('',( #2502 ) ) ;
#1155 = DIRECTION ( 'NONE',  ( 1.000000000000000000, 0.000000000000000000, 0.000000000000000000 ) ) ;
#1156 = ORIENTED_EDGE ( 'NONE', *, *, #3787, .T. ) ;
#1157 = CARTESIAN_POINT ( 'NONE',  ( 1.450016545858999972, 0.000000000000000000, -0.7500000000000000000 ) ) ;
#1158 = PRESENTATION_LAYER_ASSIGNMENT (  '', '', ( #3755 ) ) ;
#1159 = EDGE_CURVE ( 'NONE', #2908, #3370, #2032, .T. ) ;
#1160 = SURFACE_STYLE_FILL_AREA ( #3404 ) ;
#1161 = ORIENTED_EDGE ( 'NONE', *, *, #4529, .F. ) ;
#1162 = SURFACE_SIDE_STYLE ('',( #3890 ) ) ;
#1163 = EDGE_CURVE ( 'NONE', #4241, #3677, #3836, .T. ) ;
#1164 = SURFACE_STYLE_FILL_AREA ( #3171 ) ;
#1165 = CARTESIAN_POINT ( 'NONE',  ( 0.8499999999999999778, 0.000000000000000000, 0.6999999999999999556 ) ) ;
#1166 = DIRECTION ( 'NONE',  ( -0.000000000000000000, 1.000000000000000000, -0.000000000000000000 ) ) ;
#1167 = SURFACE_STYLE_USAGE ( .BOTH. , #2326 ) ;
#1168 = ORIENTED_EDGE ( 'NONE', *, *, #1921, .F. ) ;
#1169 = VECTOR ( 'NONE', #350, 1000.000000000000000 ) ;
#1170 = SURFACE_STYLE_USAGE ( .BOTH. , #1154 ) ;
#1171 = UNCERTAINTY_MEASURE_WITH_UNIT (LENGTH_MEASURE( 1.000000000000000082E-05 ), #139, 'distance_accuracy_value', 'NONE');
#1172 = DIRECTION ( 'NONE',  ( 1.000000000000000000, 0.000000000000000000, 0.000000000000000000 ) ) ;
#1173 = ORIENTED_EDGE ( 'NONE', *, *, #2439, .F. ) ;
#1174 = MECHANICAL_DESIGN_GEOMETRIC_PRESENTATION_REPRESENTATION (  '', ( #2591 ), #2856 ) ;
#1175 = FACE_OUTER_BOUND ( 'NONE', #1354, .T. ) ;
#1176 = CYLINDRICAL_SURFACE ( 'NONE', #3717, 0.1999999999999999833 ) ;
#1177 = FILL_AREA_STYLE_COLOUR ( '', #3023 ) ;
#1178 = FILL_AREA_STYLE ('',( #2630 ) ) ;
#1179 = SURFACE_STYLE_FILL_AREA ( #118 ) ;
#1180 =( LENGTH_UNIT ( ) NAMED_UNIT ( * ) SI_UNIT ( .MILLI., .METRE. ) );
#1181 = AXIS2_PLACEMENT_3D ( 'NONE', #3334, #2251, #726 ) ;
#1182 = LINE ( 'NONE', #4326, #1762 ) ;
#1183 = CARTESIAN_POINT ( 'NONE',  ( 1.486243180097000183, 0.000000000000000000, -0.6500000000000000222 ) ) ;
#1184 = SURFACE_SIDE_STYLE ('',( #4565 ) ) ;
#1185 =( NAMED_UNIT ( * ) SI_UNIT ( $, .STERADIAN. ) SOLID_ANGLE_UNIT ( ) );
#1186 = LINE ( 'NONE', #4385, #3882 ) ;
#1187 = EDGE_CURVE ( 'NONE', #223, #4772, #2776, .T. ) ;
#1188 =( NAMED_UNIT ( * ) SI_UNIT ( $, .STERADIAN. ) SOLID_ANGLE_UNIT ( ) );
#1189 = STYLED_ITEM ( 'NONE', ( #4634 ), #3553 ) ;
#1190 = PRESENTATION_LAYER_ASSIGNMENT (  '', '', ( #4683 ) ) ;
#1191 = VECTOR ( 'NONE', #4616, 1000.000000000000000 ) ;
#1192 = PRESENTATION_STYLE_ASSIGNMENT (( #2234 ) ) ;
#1193 = FILL_AREA_STYLE_COLOUR ( '', #2722 ) ;
#1194 = PRESENTATION_LAYER_ASSIGNMENT (  '', '', ( #2014 ) ) ;
#1195 = FACE_OUTER_BOUND ( 'NONE', #3042, .T. ) ;
#1196 = EDGE_CURVE ( 'NONE', #3494, #3487, #4471, .T. ) ;
#1197 = PRESENTATION_LAYER_ASSIGNMENT (  '', '', ( #4296 ) ) ;
#1198 = DIRECTION ( 'NONE',  ( 0.000000000000000000, -1.000000000000000000, 0.000000000000000000 ) ) ;
#1199 = COLOUR_RGB ( '',0.2980392156862745057, 0.2980392156862745057, 0.2980392156862745057 ) ;
#1200 = CYLINDRICAL_SURFACE ( 'NONE', #1817, 0.2000000000000000944 ) ;
#1201 = VECTOR ( 'NONE', #2735, 1000.000000000000114 ) ;
#1202 = DIRECTION ( 'NONE',  ( 0.000000000000000000, -1.000000000000000000, 0.000000000000000000 ) ) ;
#1203 = CARTESIAN_POINT ( 'NONE',  ( -0.8499999999999999778, 0.000000000000000000, -0.6500000000000000222 ) ) ;
#1204 = CARTESIAN_POINT ( 'NONE',  ( -1.600000000000000089, 0.02000000000000000042, 0.6299999999999998934 ) ) ;
#1205 = CARTESIAN_POINT ( 'NONE',  ( -1.149999999999999911, 0.6999999999999999556, 0.5000000000000000000 ) ) ;
#1206 = AXIS2_PLACEMENT_3D ( 'NONE', #4020, #260, #2277 ) ;
#1207 = SURFACE_STYLE_FILL_AREA ( #140 ) ;
#1208 = DIRECTION ( 'NONE',  ( 3.841688871894998764E-12, 0.000000000000000000, 1.000000000000000000 ) ) ;
#1209 =( GEOMETRIC_REPRESENTATION_CONTEXT ( 3 ) GLOBAL_UNCERTAINTY_ASSIGNED_CONTEXT ( ( #2365 ) ) GLOBAL_UNIT_ASSIGNED_CONTEXT ( ( #943, #2803, #3922 ) ) REPRESENTATION_CONTEXT ( 'NONE', 'WORKASPACE' ) );
#1210 = PRESENTATION_STYLE_ASSIGNMENT (( #1685 ) ) ;
#1211 = CARTESIAN_POINT ( 'NONE',  ( 1.450016545858999972, 0.000000000000000000, -0.7500000000000000000 ) ) ;
#1212 = DIRECTION ( 'NONE',  ( 1.000000000000000000, 0.000000000000000000, 0.000000000000000000 ) ) ;
#1213 = ORIENTED_EDGE ( 'NONE', *, *, #782, .F. ) ;
#1214 = CARTESIAN_POINT ( 'NONE',  ( -1.500000000000000000, 0.000000000000000000, -0.7500000000000000000 ) ) ;
#1215 =( LENGTH_UNIT ( ) NAMED_UNIT ( * ) SI_UNIT ( .MILLI., .METRE. ) );
#1216 = EDGE_LOOP ( 'NONE', ( #3326, #2956, #3854, #3720 ) ) ;
#1217 = ORIENTED_EDGE ( 'NONE', *, *, #522, .T. ) ;
#1218 = VECTOR ( 'NONE', #1228, 1000.000000000000000 ) ;
#1219 = STYLED_ITEM ( 'NONE', ( #1108 ), #275 ) ;
#1220 = CARTESIAN_POINT ( 'NONE',  ( -1.524582898450000057, 0.02000000000000000042, 0.5688664269976999588 ) ) ;
#1221 = ORIENTED_EDGE ( 'NONE', *, *, #4184, .T. ) ;
#1222 = CARTESIAN_POINT ( 'NONE',  ( -0.8499999999999999778, 0.02000000000000000042, 0.6500000000000000222 ) ) ;
#1223 = ORIENTED_EDGE ( 'NONE', *, *, #1159, .F. ) ;
#1224 = ORIENTED_EDGE ( 'NONE', *, *, #4319, .T. ) ;
#1225 = ORIENTED_EDGE ( 'NONE', *, *, #1622, .T. ) ;
#1226 = DIRECTION ( 'NONE',  ( 0.000000000000000000, 0.000000000000000000, -1.000000000000000000 ) ) ;
#1227 = ORIENTED_EDGE ( 'NONE', *, *, #3250, .T. ) ;
#1228 = DIRECTION ( 'NONE',  ( -2.719335867596000086E-10, 1.000000000000000000, 0.000000000000000000 ) ) ;
#1229 = FILL_AREA_STYLE ('',( #65 ) ) ;
#1230 = SURFACE_SIDE_STYLE ('',( #1207 ) ) ;
#1231 = FILL_AREA_STYLE ('',( #99 ) ) ;
#1232 = EDGE_CURVE ( 'NONE', #3024, #2477, #4299, .T. ) ;
#1233 = AXIS2_PLACEMENT_3D ( 'NONE', #1116, #75, #4087 ) ;
#1234 = LINE ( 'NONE', #3229, #862 ) ;
#1235 = ORIENTED_EDGE ( 'NONE', *, *, #1833, .F. ) ;
#1236 =( LENGTH_UNIT ( ) NAMED_UNIT ( * ) SI_UNIT ( .MILLI., .METRE. ) );
#1237 = LINE ( 'NONE', #3983, #4504 ) ;
#1238 = ORIENTED_EDGE ( 'NONE', *, *, #3069, .T. ) ;
#1239 =( GEOMETRIC_REPRESENTATION_CONTEXT ( 3 ) GLOBAL_UNCERTAINTY_ASSIGNED_CONTEXT ( ( #652 ) ) GLOBAL_UNIT_ASSIGNED_CONTEXT ( ( #2972, #2527, #2902 ) ) REPRESENTATION_CONTEXT ( 'NONE', 'WORKASPACE' ) );
#1240 = FILL_AREA_STYLE ('',( #2777 ) ) ;
#1241 = DIRECTION ( 'NONE',  ( 0.000000000000000000, 0.000000000000000000, 1.000000000000000000 ) ) ;
#1242 = DIRECTION ( 'NONE',  ( 0.000000000000000000, 1.000000000000000000, 0.000000000000000000 ) ) ;
#1243 = MANIFOLD_SOLID_BREP ( 'Boss-Extrude2[1]', #1538 ) ;
#1244 = CIRCLE ( 'NONE', #737, 0.1000000000000000472 ) ;
#1245 = SURFACE_STYLE_USAGE ( .BOTH. , #3851 ) ;
#1246 = VECTOR ( 'NONE', #3795, 1000.000000000000000 ) ;
#1247 = CARTESIAN_POINT ( 'NONE',  ( -1.350000000000000089, 0.6999999999999999556, 0.2999999999999999889 ) ) ;
#1248 = PRODUCT_RELATED_PRODUCT_CATEGORY ( 'part', '', ( #2939 ) ) ;
#1249 = CIRCLE ( 'NONE', #4554, 0.1199999999999899064 ) ;
#1250 = CARTESIAN_POINT ( 'NONE',  ( 1.600000000000000089, -0.2300000000000000100, 0.7500000000000000000 ) ) ;
#1251 = DIRECTION ( 'NONE',  ( 0.000000000000000000, 1.000000000000000000, 0.000000000000000000 ) ) ;
#1252 = CIRCLE ( 'NONE', #4031, 0.2999999999999999889 ) ;
#1253 = FACE_OUTER_BOUND ( 'NONE', #4408, .T. ) ;
#1254 =( NAMED_UNIT ( * ) PLANE_ANGLE_UNIT ( ) SI_UNIT ( $, .RADIAN. ) );
#1255 = CARTESIAN_POINT ( 'NONE',  ( 0.8499999999999999778, 0.02000000000000000042, 0.6999999999999999556 ) ) ;
#1256 = CARTESIAN_POINT ( 'NONE',  ( -1.199999999972999776, 0.5999999999999999778, -0.5500000000000000444 ) ) ;
#1257 = DIRECTION ( 'NONE',  ( -0.000000000000000000, 1.000000000000000000, 0.000000000000000000 ) ) ;
#1258 = VECTOR ( 'NONE', #4410, 1000.000000000000000 ) ;
#1259 =( GEOMETRIC_REPRESENTATION_CONTEXT ( 3 ) GLOBAL_UNCERTAINTY_ASSIGNED_CONTEXT ( ( #3173 ) ) GLOBAL_UNIT_ASSIGNED_CONTEXT ( ( #1180, #1971, #460 ) ) REPRESENTATION_CONTEXT ( 'NONE', 'WORKASPACE' ) );
#1260 = APPLICATION_PROTOCOL_DEFINITION ( 'draft international standard', 'automotive_design', 1998, #2340 ) ;
#1261 = EDGE_CURVE ( 'NONE', #3546, #4064, #3574, .T. ) ;
#1262 = DIRECTION ( 'NONE',  ( 0.000000000000000000, 1.000000000000000000, 0.000000000000000000 ) ) ;
#1263 = COLOUR_RGB ( '',0.2980392156862745057, 0.2980392156862745057, 0.2980392156862745057 ) ;
#1264 = ORIENTED_EDGE ( 'NONE', *, *, #951, .T. ) ;
#1265 = PLANE ( 'NONE',  #4029 ) ;
#1266 =( GEOMETRIC_REPRESENTATION_CONTEXT ( 3 ) GLOBAL_UNCERTAINTY_ASSIGNED_CONTEXT ( ( #594 ) ) GLOBAL_UNIT_ASSIGNED_CONTEXT ( ( #2907, #1777, #1055 ) ) REPRESENTATION_CONTEXT ( 'NONE', 'WORKASPACE' ) );
#1267 = MECHANICAL_DESIGN_GEOMETRIC_PRESENTATION_REPRESENTATION (  '', ( #2846 ), #1768 ) ;
#1268 = CARTESIAN_POINT ( 'NONE',  ( 1.600000000000000089, 0.02000000000000000042, -0.6300000000000000044 ) ) ;
#1269 = SURFACE_STYLE_FILL_AREA ( #869 ) ;
#1270 = VERTEX_POINT ( 'NONE', #2405 ) ;
#1271 = DIRECTION ( 'NONE',  ( 0.000000000000000000, -1.000000000000000000, 0.000000000000000000 ) ) ;
#1272 = UNCERTAINTY_MEASURE_WITH_UNIT (LENGTH_MEASURE( 1.000000000000000082E-05 ), #4016, 'distance_accuracy_value', 'NONE');
#1273 = CIRCLE ( 'NONE', #980, 0.1199999999999999956 ) ;
#1274 =( NAMED_UNIT ( * ) SI_UNIT ( $, .STERADIAN. ) SOLID_ANGLE_UNIT ( ) );
#1275 = AXIS2_PLACEMENT_3D ( 'NONE', #2442, #910, #3506 ) ;
#1276 = ORIENTED_EDGE ( 'NONE', *, *, #551, .T. ) ;
#1277 = DIRECTION ( 'NONE',  ( -0.000000000000000000, 1.000000000000000000, -0.000000000000000000 ) ) ;
#1278 = ORIENTED_EDGE ( 'NONE', *, *, #580, .T. ) ;
#1279 = CARTESIAN_POINT ( 'NONE',  ( -1.350000000000000089, 0.6999999999999999556, -0.2999999999999999889 ) ) ;
#1280 = VERTEX_POINT ( 'NONE', #229 ) ;
#1281 = VERTEX_POINT ( 'NONE', #3169 ) ;
#1282 = DIRECTION ( 'NONE',  ( 0.000000000000000000, 1.000000000000000000, 0.000000000000000000 ) ) ;
#1283 = STYLED_ITEM ( 'NONE', ( #1632 ), #2938 ) ;
#1284 = ORIENTED_EDGE ( 'NONE', *, *, #4030, .T. ) ;
#1285 = DIRECTION ( 'NONE',  ( 0.000000000000000000, 0.000000000000000000, -1.000000000000000000 ) ) ;
#1286 = ORIENTED_EDGE ( 'NONE', *, *, #2125, .T. ) ;
#1287 = DIRECTION ( 'NONE',  ( 0.000000000000000000, -1.000000000000000000, 0.000000000000000000 ) ) ;
#1288 = ADVANCED_FACE ( 'NONE', ( #3298 ), #4710, .T. ) ;
#1289 = SURFACE_SIDE_STYLE ('',( #217 ) ) ;
#1290 = EDGE_CURVE ( 'NONE', #1415, #2036, #1135, .T. ) ;
#1291 = FACE_OUTER_BOUND ( 'NONE', #1450, .T. ) ;
#1292 = SURFACE_SIDE_STYLE ('',( #1589 ) ) ;
#1293 = SURFACE_STYLE_FILL_AREA ( #388 ) ;
#1294 = EDGE_LOOP ( 'NONE', ( #1339, #1168, #3071, #4200 ) ) ;
#1295 =( GEOMETRIC_REPRESENTATION_CONTEXT ( 3 ) GLOBAL_UNCERTAINTY_ASSIGNED_CONTEXT ( ( #1620 ) ) GLOBAL_UNIT_ASSIGNED_CONTEXT ( ( #2760, #1254, #549 ) ) REPRESENTATION_CONTEXT ( 'NONE', 'WORKASPACE' ) );
#1296 = EDGE_CURVE ( 'NONE', #2660, #4189, #3638, .T. ) ;
#1297 = CIRCLE ( 'NONE', #3420, 0.1000000000000000472 ) ;
#1298 = FACE_OUTER_BOUND ( 'NONE', #1879, .T. ) ;
#1299 = DIRECTION ( 'NONE',  ( 0.000000000000000000, -1.000000000000000000, 0.000000000000000000 ) ) ;
#1300 = CARTESIAN_POINT ( 'NONE',  ( -1.524582898450000057, 0.000000000000000000, 0.5688664269976999588 ) ) ;
#1301 = CARTESIAN_POINT ( 'NONE',  ( -1.449999999999999956, 0.000000000000000000, 0.6500000000000000222 ) ) ;
#1302 = CARTESIAN_POINT ( 'NONE',  ( -1.600000000000000089, 0.02000000000000000042, -0.7500000000000000000 ) ) ;
#1303 = FACE_OUTER_BOUND ( 'NONE', #2381, .T. ) ;
#1304 = DIRECTION ( 'NONE',  ( 0.000000000000000000, 0.000000000000000000, 1.000000000000000000 ) ) ;
#1305 = PRESENTATION_LAYER_ASSIGNMENT (  '', '', ( #738 ) ) ;
#1306 = CARTESIAN_POINT ( 'NONE',  ( 1.550239110992999825, 0.000000000000000000, 0.6408035993028999844 ) ) ;
#1307 = DIRECTION ( 'NONE',  ( 0.000000000000000000, 1.000000000000000000, 0.000000000000000000 ) ) ;
#1308 =( NAMED_UNIT ( * ) PLANE_ANGLE_UNIT ( ) SI_UNIT ( $, .RADIAN. ) );
#1309 =( LENGTH_UNIT ( ) NAMED_UNIT ( * ) SI_UNIT ( .MILLI., .METRE. ) );
#1310 = PLANE ( 'NONE',  #757 ) ;
#1311 = MECHANICAL_DESIGN_GEOMETRIC_PRESENTATION_REPRESENTATION (  '', ( #3459 ), #724 ) ;
#1312 = ADVANCED_FACE ( 'NONE', ( #3767 ), #1816, .T. ) ;
#1313 = LINE ( 'NONE', #3214, #2510 ) ;
#1314 = CARTESIAN_POINT ( 'NONE',  ( -1.399999999999999911, 0.000000000000000000, -0.6500000000000000222 ) ) ;
#1315 = FILL_AREA_STYLE_COLOUR ( '', #3194 ) ;
#1316 = SURFACE_SIDE_STYLE ('',( #3866 ) ) ;
#1317 = DIRECTION ( 'NONE',  ( -0.000000000000000000, 1.000000000000000000, 0.000000000000000000 ) ) ;
#1318 = COLOUR_RGB ( '',0.9686274509803921573, 0.8784313725490195957, 0.5999999999999999778 ) ;
#1319 =( NAMED_UNIT ( * ) PLANE_ANGLE_UNIT ( ) SI_UNIT ( $, .RADIAN. ) );
#1320 = MECHANICAL_DESIGN_GEOMETRIC_PRESENTATION_REPRESENTATION (  '', ( #2567 ), #3917 ) ;
#1321 = EDGE_CURVE ( 'NONE', #485, #703, #3342, .T. ) ;
#1322 = VECTOR ( 'NONE', #2387, 1000.000000000000000 ) ;
#1323 = PLANE ( 'NONE',  #2091 ) ;
#1324 = EDGE_LOOP ( 'NONE', ( #270, #2648, #2982, #3188, #3594, #3599, #236, #4437 ) ) ;
#1325 = VECTOR ( 'NONE', #2168, 1000.000000000000000 ) ;
#1326 = TOROIDAL_SURFACE ( 'NONE', #2515, 0.2999999999999999889, 0.1000000000000000056 ) ;
#1327 = DIRECTION ( 'NONE',  ( 0.7071067811749665033, 0.000000000000000000, -0.7071067811981286422 ) ) ;
#1328 = UNCERTAINTY_MEASURE_WITH_UNIT (LENGTH_MEASURE( 1.000000000000000082E-05 ), #494, 'distance_accuracy_value', 'NONE');
#1329 = ORIENTED_EDGE ( 'NONE', *, *, #3279, .F. ) ;
#1330 =( LENGTH_UNIT ( ) NAMED_UNIT ( * ) SI_UNIT ( .MILLI., .METRE. ) );
#1331 = DIRECTION ( 'NONE',  ( -1.000000000000000000, 0.000000000000000000, 0.000000000000000000 ) ) ;
#1332 = VERTEX_POINT ( 'NONE', #3777 ) ;
#1333 = ADVANCED_FACE ( 'NONE', ( #1253 ), #106, .T. ) ;
#1334 = ORIENTED_EDGE ( 'NONE', *, *, #2945, .T. ) ;
#1335 = PRESENTATION_STYLE_ASSIGNMENT (( #512 ) ) ;
#1336 = CYLINDRICAL_SURFACE ( 'NONE', #3635, 0.1200000000000000927 ) ;
#1337 = VERTEX_POINT ( 'NONE', #444 ) ;
#1338 = PRESENTATION_LAYER_ASSIGNMENT (  '', '', ( #1850 ) ) ;
#1339 = ORIENTED_EDGE ( 'NONE', *, *, #3095, .T. ) ;
#1340 = ORIENTED_EDGE ( 'NONE', *, *, #4741, .T. ) ;
#1341 = DIRECTION ( 'NONE',  ( 1.000000000000000000, 0.000000000000000000, 0.000000000000000000 ) ) ;
#1342 =( NAMED_UNIT ( * ) PLANE_ANGLE_UNIT ( ) SI_UNIT ( $, .RADIAN. ) );
#1343 = ORIENTED_EDGE ( 'NONE', *, *, #3688, .T. ) ;
#1344 = CARTESIAN_POINT ( 'NONE',  ( -1.600000000000000089, 0.2700000000000000178, 0.7500000000000000000 ) ) ;
#1345 = CARTESIAN_POINT ( 'NONE',  ( 1.600000000000000089, 0.000000000000000000, 0.7500000000000000000 ) ) ;
#1346 = DIRECTION ( 'NONE',  ( 0.000000000000000000, 1.000000000000000000, 0.000000000000000000 ) ) ;
#1347 = CARTESIAN_POINT ( 'NONE',  ( -0.8499999999999999778, 0.02000000000000000042, -0.6500000000000000222 ) ) ;
#1348 = DIRECTION ( 'NONE',  ( 0.000000000000000000, -1.000000000000000000, 0.000000000000000000 ) ) ;
#1349 = FILL_AREA_STYLE ('',( #2793 ) ) ;
#1350 = EDGE_LOOP ( 'NONE', ( #4523, #1161, #461, #927 ) ) ;
#1351 = FACE_OUTER_BOUND ( 'NONE', #1926, .T. ) ;
#1352 = PRESENTATION_STYLE_ASSIGNMENT (( #4387 ) ) ;
#1353 = EDGE_CURVE ( 'NONE', #1457, #3659, #630, .T. ) ;
#1354 = EDGE_LOOP ( 'NONE', ( #1983, #762, #2830, #2199 ) ) ;
#1355 = ORIENTED_EDGE ( 'NONE', *, *, #1122, .F. ) ;
#1356 = CIRCLE ( 'NONE', #2646, 0.1000000000000000472 ) ;
#1357 = FACE_OUTER_BOUND ( 'NONE', #3428, .T. ) ;
#1358 = ADVANCED_FACE ( 'NONE', ( #2089 ), #2313, .F. ) ;
#1359 = CARTESIAN_POINT ( 'NONE',  ( -1.500000000000000000, 0.000000000000000000, 0.7500000000000000000 ) ) ;
#1360 = AXIS2_PLACEMENT_3D ( 'NONE', #2054, #2792, #2393 ) ;
#1361 = EDGE_CURVE ( 'NONE', #3135, #3448, #3186, .T. ) ;
#1362 = STYLED_ITEM ( 'NONE', ( #2997 ), #4292 ) ;
#1363 = LINE ( 'NONE', #1211, #3563 ) ;
#1364 =( LENGTH_UNIT ( ) NAMED_UNIT ( * ) SI_UNIT ( .MILLI., .METRE. ) );
#1365 =( LENGTH_UNIT ( ) NAMED_UNIT ( * ) SI_UNIT ( .MILLI., .METRE. ) );
#1366 = VECTOR ( 'NONE', #2742, 1000.000000000000000 ) ;
#1367 = SURFACE_STYLE_USAGE ( .BOTH. , #1987 ) ;
#1368 = UNCERTAINTY_MEASURE_WITH_UNIT (LENGTH_MEASURE( 1.000000000000000082E-05 ), #2816, 'distance_accuracy_value', 'NONE');
#1369 = CARTESIAN_POINT ( 'NONE',  ( 1.550000000000000044, 0.02000000000000000042, 0.6413669481589000521 ) ) ;
#1370 = SURFACE_SIDE_STYLE ('',( #3325 ) ) ;
#1371 = STYLED_ITEM ( 'NONE', ( #566 ), #4734 ) ;
#1372 = STYLED_ITEM ( 'NONE', ( #3533 ), #2809 ) ;
#1373 = CARTESIAN_POINT ( 'NONE',  ( 1.600000000000000089, 0.5000000000000000000, -0.7500000000000000000 ) ) ;
#1374 = LINE ( 'NONE', #33, #2871 ) ;
#1375 = FACE_OUTER_BOUND ( 'NONE', #4654, .T. ) ;
#1376 = CARTESIAN_POINT ( 'NONE',  ( -1.399999999999999911, 0.02000000000000000042, -0.6500000000000000222 ) ) ;
#1377 = MECHANICAL_DESIGN_GEOMETRIC_PRESENTATION_REPRESENTATION (  '', ( #41 ), #4366 ) ;
#1378 = STYLED_ITEM ( 'NONE', ( #511 ), #2915 ) ;
#1379 = DIRECTION ( 'NONE',  ( 0.000000000000000000, -1.000000000000000000, 0.000000000000000000 ) ) ;
#1380 = CARTESIAN_POINT ( 'NONE',  ( 0.000000000000000000, 0.2700000000000000178, 0.000000000000000000 ) ) ;
#1381 = CARTESIAN_POINT ( 'NONE',  ( -1.399999999999999911, 0.02000000000000000042, -0.6500000000000000222 ) ) ;
#1382 = DIRECTION ( 'NONE',  ( 0.000000000000000000, 1.000000000000000000, 0.000000000000000000 ) ) ;
#1383 = CARTESIAN_POINT ( 'NONE',  ( -1.399999999999999911, 0.02000000000000000042, -0.6500000000000000222 ) ) ;
#1384 = CARTESIAN_POINT ( 'NONE',  ( 1.199999999999999956, 0.5999999999999999778, -0.3499999999999999778 ) ) ;
#1385 = LINE ( 'NONE', #3390, #2252 ) ;
#1386 =( NAMED_UNIT ( * ) PLANE_ANGLE_UNIT ( ) SI_UNIT ( $, .RADIAN. ) );
#1387 = SURFACE_SIDE_STYLE ('',( #685 ) ) ;
#1388 = EDGE_CURVE ( 'NONE', #906, #3907, #1087, .T. ) ;
#1389 = ORIENTED_EDGE ( 'NONE', *, *, #1057, .T. ) ;
#1390 =( NAMED_UNIT ( * ) SI_UNIT ( $, .STERADIAN. ) SOLID_ANGLE_UNIT ( ) );
#1391 = COLOUR_RGB ( '',0.9686274509803921573, 0.8784313725490195957, 0.5999999999999999778 ) ;
#1392 = SURFACE_STYLE_FILL_AREA ( #3118 ) ;
#1393 = CARTESIAN_POINT ( 'NONE',  ( 1.550000000000000044, 0.000000000000000000, -0.5500000000000000444 ) ) ;
#1394 =( NAMED_UNIT ( * ) PLANE_ANGLE_UNIT ( ) SI_UNIT ( $, .RADIAN. ) );
#1395 = ORIENTED_EDGE ( 'NONE', *, *, #2264, .T. ) ;
#1396 = VERTEX_POINT ( 'NONE', #2480 ) ;
#1397 = EDGE_CURVE ( 'NONE', #3732, #937, #2472, .T. ) ;
#1398 = LINE ( 'NONE', #4573, #1974 ) ;
#1399 =( NAMED_UNIT ( * ) PLANE_ANGLE_UNIT ( ) SI_UNIT ( $, .RADIAN. ) );
#1400 = ORIENTED_EDGE ( 'NONE', *, *, #4599, .T. ) ;
#1401 = VERTEX_POINT ( 'NONE', #894 ) ;
#1402 = CARTESIAN_POINT ( 'NONE',  ( 1.486243180097000183, 0.000000000000000000, -0.6500000000000000222 ) ) ;
#1403 = DIRECTION ( 'NONE',  ( -0.000000000000000000, 1.000000000000000000, -0.000000000000000000 ) ) ;
#1404 = DIRECTION ( 'NONE',  ( 0.000000000000000000, 0.000000000000000000, -1.000000000000000000 ) ) ;
#1405 = CARTESIAN_POINT ( 'NONE',  ( -1.500000000000000000, 0.2700000000000000178, -0.7500000000000000000 ) ) ;
#1406 =( LENGTH_UNIT ( ) NAMED_UNIT ( * ) SI_UNIT ( .MILLI., .METRE. ) );
#1407 = ORIENTED_EDGE ( 'NONE', *, *, #1715, .F. ) ;
#1408 = SURFACE_SIDE_STYLE ('',( #2013 ) ) ;
#1409 = EDGE_LOOP ( 'NONE', ( #2965, #2469, #4302, #3781 ) ) ;
#1410 = AXIS2_PLACEMENT_3D ( 'NONE', #588, #1282, #4633 ) ;
#1411 = VERTEX_POINT ( 'NONE', #1652 ) ;
#1412 = CARTESIAN_POINT ( 'NONE',  ( -0.8499999999999999778, 0.000000000000000000, 0.6500000000000000222 ) ) ;
#1413 = SURFACE_SIDE_STYLE ('',( #2983 ) ) ;
#1414 = PRESENTATION_LAYER_ASSIGNMENT (  '', '', ( #1140 ) ) ;
#1415 = VERTEX_POINT ( 'NONE', #2364 ) ;
#1416 = LINE ( 'NONE', #4429, #1549 ) ;
#1417 = DIRECTION ( 'NONE',  ( -0.000000000000000000, 1.000000000000000000, -0.000000000000000000 ) ) ;
#1418 = FILL_AREA_STYLE ('',( #4738 ) ) ;
#1419 = ADVANCED_FACE ( 'NONE', ( #4583 ), #4706, .F. ) ;
#1420 =( NAMED_UNIT ( * ) SI_UNIT ( $, .STERADIAN. ) SOLID_ANGLE_UNIT ( ) );
#1421 = FILL_AREA_STYLE_COLOUR ( '', #1391 ) ;
#1422 = CARTESIAN_POINT ( 'NONE',  ( 1.600000000000000089, 0.000000000000000000, 0.7500000000000000000 ) ) ;
#1423 = LINE ( 'NONE', #4145, #3959 ) ;
#1424 = CARTESIAN_POINT ( 'NONE',  ( 1.199999999999999956, 0.5000000000000000000, -0.3499999999999999778 ) ) ;
#1425 = ORIENTED_EDGE ( 'NONE', *, *, #55, .F. ) ;
#1426 =( LENGTH_UNIT ( ) NAMED_UNIT ( * ) SI_UNIT ( .MILLI., .METRE. ) );
#1427 = B_SPLINE_CURVE_WITH_KNOTS ( 'NONE', 3,
 ( #1306, #3861, #4282, #4658 ),
 .UNSPECIFIED., .F., .F.,
 ( 4, 4 ),
 ( 0.000000000000000000, 1.000000000000000000 ),
 .UNSPECIFIED. ) ;
#1428 = CARTESIAN_POINT ( 'NONE',  ( 1.149999999999999911, 0.6999999999999999556, -0.5000000000000000000 ) ) ;
#1429 = STYLED_ITEM ( 'NONE', ( #2824 ), #1243 ) ;
#1430 = EDGE_CURVE ( 'NONE', #1797, #3425, #964, .T. ) ;
#1431 = VECTOR ( 'NONE', #933, 1000.000000000000000 ) ;
#1432 = CARTESIAN_POINT ( 'NONE',  ( -1.481443453995999970, 0.000000000000000000, -0.7314434539959999704 ) ) ;
#1433 = SURFACE_STYLE_USAGE ( .BOTH. , #3289 ) ;
#1434 =( LENGTH_UNIT ( ) NAMED_UNIT ( * ) SI_UNIT ( .MILLI., .METRE. ) );
#1435 = PRESENTATION_LAYER_ASSIGNMENT (  '', '', ( #3858 ) ) ;
#1436 =( NAMED_UNIT ( * ) PLANE_ANGLE_UNIT ( ) SI_UNIT ( $, .RADIAN. ) );
#1437 = PLANE ( 'NONE',  #3371 ) ;
#1438 = DIRECTION ( 'NONE',  ( 0.000000000000000000, 1.000000000000000000, 0.000000000000000000 ) ) ;
#1439 =( GEOMETRIC_REPRESENTATION_CONTEXT ( 3 ) GLOBAL_UNCERTAINTY_ASSIGNED_CONTEXT ( ( #3778 ) ) GLOBAL_UNIT_ASSIGNED_CONTEXT ( ( #1015, #4349, #646 ) ) REPRESENTATION_CONTEXT ( 'NONE', 'WORKASPACE' ) );
#1440 = ADVANCED_FACE ( 'NONE', ( #463 ), #2888, .F. ) ;
#1441 = SURFACE_STYLE_FILL_AREA ( #3414 ) ;
#1442 = SURFACE_STYLE_FILL_AREA ( #1582 ) ;
#1443 = CARTESIAN_POINT ( 'NONE',  ( 0.000000000000000000, 0.000000000000000000, 0.000000000000000000 ) ) ;
#1444 = MECHANICAL_DESIGN_GEOMETRIC_PRESENTATION_REPRESENTATION (  '', ( #192 ), #3089 ) ;
#1445 = FILL_AREA_STYLE ('',( #4378 ) ) ;
#1446 = PRESENTATION_STYLE_ASSIGNMENT (( #2627 ) ) ;
#1447 = PLANE ( 'NONE',  #1621 ) ;
#1448 = DIRECTION ( 'NONE',  ( 0.000000000000000000, 0.000000000000000000, 1.000000000000000000 ) ) ;
#1449 = SURFACE_STYLE_USAGE ( .BOTH. , #1823 ) ;
#1450 = EDGE_LOOP ( 'NONE', ( #915, #2604, #287, #1138 ) ) ;
#1451 = ORIENTED_EDGE ( 'NONE', *, *, #3095, .F. ) ;
#1452 = COLOUR_RGB ( '',0.7921568627450980005, 0.8196078431372548767, 0.9333333333333333481 ) ;
#1453 = PRESENTATION_LAYER_ASSIGNMENT (  '', '', ( #4129 ) ) ;
#1454 = EDGE_CURVE ( 'NONE', #349, #4593, #749, .T. ) ;
#1455 = MECHANICAL_DESIGN_GEOMETRIC_PRESENTATION_REPRESENTATION (  '', ( #1189 ), #3340 ) ;
#1456 = STYLED_ITEM ( 'NONE', ( #792 ), #3255 ) ;
#1457 = VERTEX_POINT ( 'NONE', #1004 ) ;
#1458 = ORIENTED_EDGE ( 'NONE', *, *, #2520, .T. ) ;
#1459 = VERTEX_POINT ( 'NONE', #268 ) ;
#1460 = CARTESIAN_POINT ( 'NONE',  ( -1.600000000000000089, 0.000000000000000000, -0.7500000000000000000 ) ) ;
#1461 = FILL_AREA_STYLE_COLOUR ( '', #3172 ) ;
#1462 = UNCERTAINTY_MEASURE_WITH_UNIT (LENGTH_MEASURE( 1.000000000000000082E-05 ), #2940, 'distance_accuracy_value', 'NONE');
#1463 = AXIS2_PLACEMENT_3D ( 'NONE', #3070, #829, #3427 ) ;
#1464 = ORIENTED_EDGE ( 'NONE', *, *, #354, .T. ) ;
#1465 = EDGE_CURVE ( 'NONE', #3117, #3360, #1650, .T. ) ;
#1466 = MECHANICAL_DESIGN_GEOMETRIC_PRESENTATION_REPRESENTATION (  '', ( #4775 ), #3794 ) ;
#1467 = VERTEX_POINT ( 'NONE', #1849 ) ;
#1468 = CARTESIAN_POINT ( 'NONE',  ( 1.600000000000000089, 0.2700000000000000178, 0.6500000000000000222 ) ) ;
#1469 = COLOUR_RGB ( '',0.2980392156862745057, 0.2980392156862745057, 0.2980392156862745057 ) ;
#1470 = ADVANCED_FACE ( 'NONE', ( #4361 ), #3619, .T. ) ;
#1471 = DIRECTION ( 'NONE',  ( 0.000000000000000000, 0.000000000000000000, 1.000000000000000000 ) ) ;
#1472 = FILL_AREA_STYLE_COLOUR ( '', #3350 ) ;
#1473 = VERTEX_POINT ( 'NONE', #3246 ) ;
#1474 = CARTESIAN_POINT ( 'NONE',  ( -1.600000000000000089, 0.000000000000000000, -0.6500000000000000222 ) ) ;
#1475 = DIRECTION ( 'NONE',  ( 0.0002007980059175446365, 0.000000000000000000, 0.9999999798400801554 ) ) ;
#1476 = CARTESIAN_POINT ( 'NONE',  ( 1.600000000000000089, 0.000000000000000000, 0.6300000000000000044 ) ) ;
#1477 = ORIENTED_EDGE ( 'NONE', *, *, #3716, .F. ) ;
#1478 = DIRECTION ( 'NONE',  ( -0.000000000000000000, 1.000000000000000000, -0.000000000000000000 ) ) ;
#1479 = VECTOR ( 'NONE', #3239, 1000.000000000000000 ) ;
#1480 = DIRECTION ( 'NONE',  ( -0.000000000000000000, 1.000000000000000000, -0.000000000000000000 ) ) ;
#1481 = MECHANICAL_DESIGN_GEOMETRIC_PRESENTATION_REPRESENTATION (  '', ( #3802 ), #4150 ) ;
#1482 = VECTOR ( 'NONE', #3749, 1000.000000000000000 ) ;
#1483 =( NAMED_UNIT ( * ) PLANE_ANGLE_UNIT ( ) SI_UNIT ( $, .RADIAN. ) );
#1484 = ORIENTED_EDGE ( 'NONE', *, *, #527, .F. ) ;
#1485 = MECHANICAL_DESIGN_GEOMETRIC_PRESENTATION_REPRESENTATION (  '', ( #1219 ), #1722 ) ;
#1486 = COLOUR_RGB ( '',0.2980392156862745057, 0.2980392156862745057, 0.2980392156862745057 ) ;
#1487 = ORIENTED_EDGE ( 'NONE', *, *, #2076, .T. ) ;
#1488 = VECTOR ( 'NONE', #1061, 1000.000000000000000 ) ;
#1489 = EDGE_LOOP ( 'NONE', ( #3376, #3490, #1016, #2447 ) ) ;
#1490 = ORIENTED_EDGE ( 'NONE', *, *, #4805, .T. ) ;
#1491 = ORIENTED_EDGE ( 'NONE', *, *, #3220, .F. ) ;
#1492 = LINE ( 'NONE', #3518, #4379 ) ;
#1493 =( NAMED_UNIT ( * ) SI_UNIT ( $, .STERADIAN. ) SOLID_ANGLE_UNIT ( ) );
#1494 = EDGE_CURVE ( 'NONE', #2036, #3184, #2021, .T. ) ;
#1495 = CARTESIAN_POINT ( 'NONE',  ( 1.600000000000000089, 0.2700000000000000178, -0.6500000000000000222 ) ) ;
#1496 = CARTESIAN_POINT ( 'NONE',  ( 1.494483478166384494, 0.02000000000000000042, 0.6882277843162010189 ) ) ;
#1497 = CARTESIAN_POINT ( 'NONE',  ( 1.600000000000000089, 0.02000000000000000042, -0.5500000000000000444 ) ) ;
#1498 = COLOUR_RGB ( '',1.000000000000000000, 1.000000000000000000, 1.000000000000000000 ) ;
#1499 = ADVANCED_FACE ( 'NONE', ( #895 ), #338, .T. ) ;
#1500 = LINE ( 'NONE', #4279, #4212 ) ;
#1501 = CARTESIAN_POINT ( 'NONE',  ( -1.399999999999999911, 0.5000000000000000000, -0.3499999999999999778 ) ) ;
#1502 = EDGE_CURVE ( 'NONE', #24, #1532, #1385, .T. ) ;
#1503 = MECHANICAL_DESIGN_GEOMETRIC_PRESENTATION_REPRESENTATION (  '', ( #1895 ), #903 ) ;
#1504 = MECHANICAL_DESIGN_GEOMETRIC_PRESENTATION_REPRESENTATION (  '', ( #2569 ), #4253 ) ;
#1505 = DIRECTION ( 'NONE',  ( 1.000000000000000000, 0.000000000000000000, 0.000000000000000000 ) ) ;
#1506 = VECTOR ( 'NONE', #3079, 1000.000000000000000 ) ;
#1507 = VECTOR ( 'NONE', #598, 1000.000000000000000 ) ;
#1508 = FILL_AREA_STYLE ('',( #2600 ) ) ;
#1509 = DIRECTION ( 'NONE',  ( -1.000000000000000000, 0.000000000000000000, 0.000000000000000000 ) ) ;
#1510 =( LENGTH_UNIT ( ) NAMED_UNIT ( * ) SI_UNIT ( .MILLI., .METRE. ) );
#1511 = AXIS2_PLACEMENT_3D ( 'NONE', #3770, #2734, #1639 ) ;
#1512 = AXIS2_PLACEMENT_3D ( 'NONE', #3554, #1327, #2451 ) ;
#1513 =( LENGTH_UNIT ( ) NAMED_UNIT ( * ) SI_UNIT ( .MILLI., .METRE. ) );
#1514 = DIRECTION ( 'NONE',  ( 0.000000000000000000, 0.000000000000000000, -1.000000000000000000 ) ) ;
#1515 = FACE_OUTER_BOUND ( 'NONE', #4245, .T. ) ;
#1516 = ORIENTED_EDGE ( 'NONE', *, *, #1494, .T. ) ;
#1517 = CARTESIAN_POINT ( 'NONE',  ( 1.449999999999999956, 0.000000000000000000, 0.6999999999999999556 ) ) ;
#1518 = FILL_AREA_STYLE ('',( #1569 ) ) ;
#1519 =( NAMED_UNIT ( * ) PLANE_ANGLE_UNIT ( ) SI_UNIT ( $, .RADIAN. ) );
#1520 = MECHANICAL_DESIGN_GEOMETRIC_PRESENTATION_REPRESENTATION (  '', ( #1850 ), #2001 ) ;
#1521 = SURFACE_SIDE_STYLE ('',( #2550 ) ) ;
#1522 = CARTESIAN_POINT ( 'NONE',  ( 1.600000000000000089, 0.2700000000000000178, 0.6500000000000000222 ) ) ;
#1523 = ORIENTED_EDGE ( 'NONE', *, *, #817, .T. ) ;
#1524 = VECTOR ( 'NONE', #889, 1000.000000000000000 ) ;
#1525 = DIRECTION ( 'NONE',  ( 0.000000000000000000, 0.000000000000000000, -1.000000000000000000 ) ) ;
#1526 = ORIENTED_EDGE ( 'NONE', *, *, #4736, .F. ) ;
#1527 = PRESENTATION_LAYER_ASSIGNMENT (  '', '', ( #2180 ) ) ;
#1528 = ADVANCED_FACE ( 'NONE', ( #1631 ), #4102, .T. ) ;
#1529 = FACE_OUTER_BOUND ( 'NONE', #615, .T. ) ;
#1530 = SURFACE_SIDE_STYLE ('',( #3758 ) ) ;
#1531 = DIRECTION ( 'NONE',  ( 0.000000000000000000, 1.000000000000000000, 0.000000000000000000 ) ) ;
#1532 = VERTEX_POINT ( 'NONE', #4042 ) ;
#1533 = PRODUCT_DEFINITION_SHAPE ( 'NONE', 'NONE',  #4153 ) ;
#1534 = ORIENTED_EDGE ( 'NONE', *, *, #1019, .T. ) ;
#1535 =( GEOMETRIC_REPRESENTATION_CONTEXT ( 3 ) GLOBAL_UNCERTAINTY_ASSIGNED_CONTEXT ( ( #1683 ) ) GLOBAL_UNIT_ASSIGNED_CONTEXT ( ( #3466, #4623, #3482 ) ) REPRESENTATION_CONTEXT ( 'NONE', 'WORKASPACE' ) );
#1536 = EDGE_CURVE ( 'NONE', #947, #1982, #2096, .T. ) ;
#1537 = PRESENTATION_LAYER_ASSIGNMENT (  '', '', ( #2101 ) ) ;
#1538 = CLOSED_SHELL ( 'NONE', ( #234, #2232, #3692, #2797, #704, #3669, #2553, #948, #3280, #1854, #275, #250, #22, #3553, #3926, #743, #1775, #2073, #2, #973 ) ) ;
#1539 = COLOUR_RGB ( '',0.2980392156862745057, 0.2980392156862745057, 0.2980392156862745057 ) ;
#1540 = EDGE_LOOP ( 'NONE', ( #1703, #3779, #603, #1425, #180, #4473 ) ) ;
#1541 = UNCERTAINTY_MEASURE_WITH_UNIT (LENGTH_MEASURE( 1.000000000000000082E-05 ), #3164, 'distance_accuracy_value', 'NONE');
#1542 = VERTEX_POINT ( 'NONE', #1893 ) ;
#1543 = ORIENTED_EDGE ( 'NONE', *, *, #21, .F. ) ;
#1544 = MECHANICAL_DESIGN_GEOMETRIC_PRESENTATION_REPRESENTATION (  '', ( #501 ), #2943 ) ;
#1545 = EDGE_CURVE ( 'NONE', #3024, #1280, #3790, .T. ) ;
#1546 = PLANE ( 'NONE',  #641 ) ;
#1547 = ORIENTED_EDGE ( 'NONE', *, *, #3314, .T. ) ;
#1548 = DIRECTION ( 'NONE',  ( 0.000000000000000000, -1.000000000000000000, 0.000000000000000000 ) ) ;
#1549 = VECTOR ( 'NONE', #2200, 1000.000000000000114 ) ;
#1550 = AXIS2_PLACEMENT_3D ( 'NONE', #4333, #2112, #244 ) ;
#1551 = DIRECTION ( 'NONE',  ( 1.000000000000000000, 0.000000000000000000, 0.000000000000000000 ) ) ;
#1552 = STYLED_ITEM ( 'NONE', ( #3616 ), #2461 ) ;
#1553 =( LENGTH_UNIT ( ) NAMED_UNIT ( * ) SI_UNIT ( .MILLI., .METRE. ) );
#1554 = VERTEX_POINT ( 'NONE', #1144 ) ;
#1555 = CARTESIAN_POINT ( 'NONE',  ( -1.449999999999999956, 0.000000000000000000, 0.6500000000000000222 ) ) ;
#1556 = LINE ( 'NONE', #2720, #3048 ) ;
#1557 = PRESENTATION_LAYER_ASSIGNMENT (  '', '', ( #1283 ) ) ;
#1558 = SURFACE_STYLE_FILL_AREA ( #3908 ) ;
#1559 = CARTESIAN_POINT ( 'NONE',  ( -1.449999999999999956, 0.02000000000000000042, 0.6500000000000000222 ) ) ;
#1560 = CARTESIAN_POINT ( 'NONE',  ( -1.399999999999999911, 0.5999999999999999778, -0.3499999999969000131 ) ) ;
#1561 = DIRECTION ( 'NONE',  ( 0.000000000000000000, 1.000000000000000000, 0.000000000000000000 ) ) ;
#1562 = CARTESIAN_POINT ( 'NONE',  ( 1.600000000000000089, 0.2700000000000000178, 0.7500000000000000000 ) ) ;
#1563 = EDGE_CURVE ( 'NONE', #3262, #332, #2541, .T. ) ;
#1564 = DIRECTION ( 'NONE',  ( -1.000000000000000000, 0.000000000000000000, 0.000000000000000000 ) ) ;
#1565 = VECTOR ( 'NONE', #4146, 1000.000000000000000 ) ;
#1566 = UNCERTAINTY_MEASURE_WITH_UNIT (LENGTH_MEASURE( 1.000000000000000082E-05 ), #1673, 'distance_accuracy_value', 'NONE');
#1567 = ORIENTED_EDGE ( 'NONE', *, *, #4158, .T. ) ;
#1568 = CIRCLE ( 'NONE', #2350, 0.1000000000000000472 ) ;
#1569 = FILL_AREA_STYLE_COLOUR ( '', #2020 ) ;
#1570 = CARTESIAN_POINT ( 'NONE',  ( 1.600000000000000089, 0.000000000000000000, -0.5500000000000000444 ) ) ;
#1571 = EDGE_CURVE ( 'NONE', #8, #3262, #971, .T. ) ;
#1572 =( GEOMETRIC_REPRESENTATION_CONTEXT ( 3 ) GLOBAL_UNCERTAINTY_ASSIGNED_CONTEXT ( ( #4369 ) ) GLOBAL_UNIT_ASSIGNED_CONTEXT ( ( #435, #1575, #4525 ) ) REPRESENTATION_CONTEXT ( 'NONE', 'WORKASPACE' ) );
#1573 = PRESENTATION_STYLE_ASSIGNMENT (( #4520 ) ) ;
#1574 = DIRECTION ( 'NONE',  ( 0.000000000000000000, 1.000000000000000000, 0.000000000000000000 ) ) ;
#1575 =( NAMED_UNIT ( * ) PLANE_ANGLE_UNIT ( ) SI_UNIT ( $, .RADIAN. ) );
#1576 = COLOUR_RGB ( '',0.9686274509803921573, 0.8784313725490195957, 0.5999999999999999778 ) ;
#1577 = VECTOR ( 'NONE', #3806, 1000.000000000000000 ) ;
#1578 =( GEOMETRIC_REPRESENTATION_CONTEXT ( 3 ) GLOBAL_UNCERTAINTY_ASSIGNED_CONTEXT ( ( #2223 ) ) GLOBAL_UNIT_ASSIGNED_CONTEXT ( ( #505, #156, #2695 ) ) REPRESENTATION_CONTEXT ( 'NONE', 'WORKASPACE' ) );
#1579 =( NAMED_UNIT ( * ) PLANE_ANGLE_UNIT ( ) SI_UNIT ( $, .RADIAN. ) );
#1580 =( LENGTH_UNIT ( ) NAMED_UNIT ( * ) SI_UNIT ( .MILLI., .METRE. ) );
#1581 = SURFACE_STYLE_FILL_AREA ( #577 ) ;
#1582 = FILL_AREA_STYLE ('',( #4096 ) ) ;
#1583 = CARTESIAN_POINT ( 'NONE',  ( -0.8499999999999999778, 0.000000000000000000, 0.6500000000000000222 ) ) ;
#1584 = COLOUR_RGB ( '',0.2980392156862745057, 0.2980392156862745057, 0.2980392156862745057 ) ;
#1585 = EDGE_LOOP ( 'NONE', ( #1876, #4675, #169, #1487 ) ) ;
#1586 = MECHANICAL_DESIGN_GEOMETRIC_PRESENTATION_REPRESENTATION (  '', ( #4619 ), #3208 ) ;
#1587 = DIRECTION ( 'NONE',  ( 1.000000000000000000, 0.000000000000000000, 0.000000000000000000 ) ) ;
#1588 = CARTESIAN_POINT ( 'NONE',  ( 1.550000000000000044, 0.000000000000000000, -0.5500000000000000444 ) ) ;
#1589 = SURFACE_STYLE_FILL_AREA ( #4607 ) ;
#1590 = VERTEX_POINT ( 'NONE', #4474 ) ;
#1591 = ORIENTED_EDGE ( 'NONE', *, *, #3756, .T. ) ;
#1592 = DIRECTION ( 'NONE',  ( 0.000000000000000000, 1.000000000000000000, 0.000000000000000000 ) ) ;
#1593 = SURFACE_STYLE_FILL_AREA ( #3064 ) ;
#1594 =( NAMED_UNIT ( * ) PLANE_ANGLE_UNIT ( ) SI_UNIT ( $, .RADIAN. ) );
#1595 = FILL_AREA_STYLE ('',( #837 ) ) ;
#1596 = VERTEX_POINT ( 'NONE', #4154 ) ;
#1597 = DIRECTION ( 'NONE',  ( 0.000000000000000000, 1.000000000000000000, 0.000000000000000000 ) ) ;
#1598 = ORIENTED_EDGE ( 'NONE', *, *, #1353, .T. ) ;
#1599 = EDGE_CURVE ( 'NONE', #3963, #2053, #474, .T. ) ;
#1600 = MECHANICAL_DESIGN_GEOMETRIC_PRESENTATION_REPRESENTATION (  '', ( #1664 ), #875 ) ;
#1601 = ORIENTED_EDGE ( 'NONE', *, *, #3446, .F. ) ;
#1602 = VECTOR ( 'NONE', #3318, 1000.000000000000000 ) ;
#1603 =( NAMED_UNIT ( * ) SI_UNIT ( $, .STERADIAN. ) SOLID_ANGLE_UNIT ( ) );
#1604 = DIRECTION ( 'NONE',  ( 0.000000000000000000, 0.000000000000000000, 1.000000000000000000 ) ) ;
#1605 = CARTESIAN_POINT ( 'NONE',  ( -1.600000000000000089, 0.000000000000000000, 0.6500000000000000222 ) ) ;
#1606 = ORIENTED_EDGE ( 'NONE', *, *, #1890, .F. ) ;
#1607 = CARTESIAN_POINT ( 'NONE',  ( 1.149999999999999911, 0.6999999999999999556, 0.2999999999999999889 ) ) ;
#1608 = PRESENTATION_STYLE_ASSIGNMENT (( #2748 ) ) ;
#1609 = ORIENTED_EDGE ( 'NONE', *, *, #1833, .T. ) ;
#1610 = CARTESIAN_POINT ( 'NONE',  ( 1.550239110992975178, 0.000000000000000000, 0.6408035993028458055 ) ) ;
#1611 = FILL_AREA_STYLE_COLOUR ( '', #29 ) ;
#1612 = ORIENTED_EDGE ( 'NONE', *, *, #841, .F. ) ;
#1613 = ORIENTED_EDGE ( 'NONE', *, *, #1127, .T. ) ;
#1614 = CARTESIAN_POINT ( 'NONE',  ( -1.600000000000000089, 0.000000000000000000, -0.6300000000000000044 ) ) ;
#1615 = FILL_AREA_STYLE ('',( #1177 ) ) ;
#1616 = CARTESIAN_POINT ( 'NONE',  ( -0.8499999999999999778, 0.000000000000000000, -0.6500000000000000222 ) ) ;
#1617 = MECHANICAL_DESIGN_GEOMETRIC_PRESENTATION_REPRESENTATION (  '', ( #1283 ), #601 ) ;
#1618 = LINE ( 'NONE', #1588, #1366 ) ;
#1619 = CARTESIAN_POINT ( 'NONE',  ( 1.550000000000000044, 0.000000000000000000, -0.5500000000000000444 ) ) ;
#1620 = UNCERTAINTY_MEASURE_WITH_UNIT (LENGTH_MEASURE( 1.000000000000000082E-05 ), #2760, 'distance_accuracy_value', 'NONE');
#1621 = AXIS2_PLACEMENT_3D ( 'NONE', #1474, #2602, #3005 ) ;
#1622 = EDGE_CURVE ( 'NONE', #3475, #686, #4422, .T. ) ;
#1623 =( GEOMETRIC_REPRESENTATION_CONTEXT ( 3 ) GLOBAL_UNCERTAINTY_ASSIGNED_CONTEXT ( ( #1272 ) ) GLOBAL_UNIT_ASSIGNED_CONTEXT ( ( #4016, #2522, #3288 ) ) REPRESENTATION_CONTEXT ( 'NONE', 'WORKASPACE' ) );
#1624 = FILL_AREA_STYLE_COLOUR ( '', #2538 ) ;
#1625 = CARTESIAN_POINT ( 'NONE',  ( -1.149999999999999911, 0.8000000000000000444, 0.5000000000000000000 ) ) ;
#1626 = CARTESIAN_POINT ( 'NONE',  ( -1.399999999999999911, 0.000000000000000000, -0.6500000000000000222 ) ) ;
#1627 = AXIS2_PLACEMENT_3D ( 'NONE', #1041, #2173, #2142 ) ;
#1628 = EDGE_CURVE ( 'NONE', #3305, #2438, #117, .T. ) ;
#1629 = FILL_AREA_STYLE_COLOUR ( '', #565 ) ;
#1630 = AXIS2_PLACEMENT_3D ( 'NONE', #1902, #4450, #1475 ) ;
#1631 = FACE_OUTER_BOUND ( 'NONE', #3534, .T. ) ;
#1632 = PRESENTATION_STYLE_ASSIGNMENT (( #1781 ) ) ;
#1633 = CIRCLE ( 'NONE', #684, 0.1000000000000000472 ) ;
#1634 = CARTESIAN_POINT ( 'NONE',  ( -1.500000000000000000, 0.5999999999999999778, -0.5037679999999999936 ) ) ;
#1635 = SURFACE_STYLE_USAGE ( .BOTH. , #3411 ) ;
#1636 = DIRECTION ( 'NONE',  ( 1.000000000000000000, 0.000000000000000000, 0.000000000000000000 ) ) ;
#1637 = PRESENTATION_LAYER_ASSIGNMENT (  '', '', ( #3947 ) ) ;
#1638 = CARTESIAN_POINT ( 'NONE',  ( -1.500000000000000000, 0.000000000000000000, -0.7500000000000000000 ) ) ;
#1639 = DIRECTION ( 'NONE',  ( 0.000000000000000000, 0.000000000000000000, 1.000000000000000000 ) ) ;
#1640 = DIRECTION ( 'NONE',  ( -1.000000000000000000, 0.000000000000000000, 0.000000000000000000 ) ) ;
#1641 = ORIENTED_EDGE ( 'NONE', *, *, #1093, .F. ) ;
#1642 = COLOUR_RGB ( '',0.2980392156862745057, 0.2980392156862745057, 0.2980392156862745057 ) ;
#1643 = FACE_OUTER_BOUND ( 'NONE', #1923, .T. ) ;
#1644 = AXIS2_PLACEMENT_3D ( 'NONE', #2928, #3303, #3256 ) ;
#1645 = CARTESIAN_POINT ( 'NONE',  ( 1.199999999999999956, 0.5000000000000000000, -0.6500000000000000222 ) ) ;
#1646 = ORIENTED_EDGE ( 'NONE', *, *, #789, .T. ) ;
#1647 = DIRECTION ( 'NONE',  ( 0.000000000000000000, -1.000000000000000000, 0.000000000000000000 ) ) ;
#1648 = DIRECTION ( 'NONE',  ( 1.000000000000000000, 0.000000000000000000, 0.000000000000000000 ) ) ;
#1649 = ORIENTED_EDGE ( 'NONE', *, *, #1150, .F. ) ;
#1650 = CIRCLE ( 'NONE', #3584, 0.1200000000000000927 ) ;
#1651 = PRESENTATION_STYLE_ASSIGNMENT (( #348 ) ) ;
#1652 = CARTESIAN_POINT ( 'NONE',  ( -1.481443453995999970, 0.02000000000000000042, -0.7314434539959999704 ) ) ;
#1653 = ORIENTED_EDGE ( 'NONE', *, *, #3586, .T. ) ;
#1654 = EDGE_CURVE ( 'NONE', #3097, #3117, #3665, .T. ) ;
#1655 =( LENGTH_UNIT ( ) NAMED_UNIT ( * ) SI_UNIT ( .MILLI., .METRE. ) );
#1656 = ORIENTED_EDGE ( 'NONE', *, *, #527, .T. ) ;
#1657 = DIRECTION ( 'NONE',  ( 0.000000000000000000, -1.000000000000000000, 0.000000000000000000 ) ) ;
#1658 = VERTEX_POINT ( 'NONE', #2331 ) ;
#1659 = ORIENTED_EDGE ( 'NONE', *, *, #4313, .T. ) ;
#1660 = CARTESIAN_POINT ( 'NONE',  ( 1.600000000000000089, 0.2700000000000000178, -0.6500000000000000222 ) ) ;
#1661 = FILL_AREA_STYLE_COLOUR ( '', #514 ) ;
#1662 = SHAPE_DEFINITION_REPRESENTATION ( #1533, #3119 ) ;
#1663 = EDGE_CURVE ( 'NONE', #4582, #2363, #1031, .T. ) ;
#1664 = STYLED_ITEM ( 'NONE', ( #3460 ), #3643 ) ;
#1665 = ORIENTED_EDGE ( 'NONE', *, *, #1321, .F. ) ;
#1666 =( LENGTH_UNIT ( ) NAMED_UNIT ( * ) SI_UNIT ( .MILLI., .METRE. ) );
#1667 = ORIENTED_EDGE ( 'NONE', *, *, #1890, .T. ) ;
#1668 = SURFACE_SIDE_STYLE ('',( #2668 ) ) ;
#1669 = STYLED_ITEM ( 'NONE', ( #2682 ), #4481 ) ;
#1670 =( GEOMETRIC_REPRESENTATION_CONTEXT ( 3 ) GLOBAL_UNCERTAINTY_ASSIGNED_CONTEXT ( ( #3838 ) ) GLOBAL_UNIT_ASSIGNED_CONTEXT ( ( #694, #997, #4743 ) ) REPRESENTATION_CONTEXT ( 'NONE', 'WORKASPACE' ) );
#1671 =( LENGTH_UNIT ( ) NAMED_UNIT ( * ) SI_UNIT ( .MILLI., .METRE. ) );
#1672 = LINE ( 'NONE', #2711, #2220 ) ;
#1673 =( LENGTH_UNIT ( ) NAMED_UNIT ( * ) SI_UNIT ( .MILLI., .METRE. ) );
#1674 = APPLICATION_PROTOCOL_DEFINITION ( 'draft international standard', 'automotive_design', 1998, #521 ) ;
#1675 = FILL_AREA_STYLE ('',( #1661 ) ) ;
#1676 = COLOUR_RGB ( '',1.000000000000000000, 1.000000000000000000, 1.000000000000000000 ) ;
#1677 = COLOUR_RGB ( '',0.9686274509803921573, 0.8784313725490195957, 0.5999999999999999778 ) ;
#1678 =( LENGTH_UNIT ( ) NAMED_UNIT ( * ) SI_UNIT ( .MILLI., .METRE. ) );
#1679 = FACE_OUTER_BOUND ( 'NONE', #3033, .T. ) ;
#1680 = FILL_AREA_STYLE_COLOUR ( '', #2927 ) ;
#1681 = FACE_OUTER_BOUND ( 'NONE', #12, .T. ) ;
#1682 = EDGE_CURVE ( 'NONE', #846, #2535, #2794, .T. ) ;
#1683 = UNCERTAINTY_MEASURE_WITH_UNIT (LENGTH_MEASURE( 1.000000000000000082E-05 ), #3466, 'distance_accuracy_value', 'NONE');
#1684 = DIRECTION ( 'NONE',  ( 0.000000000000000000, -1.000000000000000000, 0.000000000000000000 ) ) ;
#1685 = SURFACE_STYLE_USAGE ( .BOTH. , #1292 ) ;
#1686 =( GEOMETRIC_REPRESENTATION_CONTEXT ( 3 ) GLOBAL_UNCERTAINTY_ASSIGNED_CONTEXT ( ( #144 ) ) GLOBAL_UNIT_ASSIGNED_CONTEXT ( ( #2549, #3382, #3721 ) ) REPRESENTATION_CONTEXT ( 'NONE', 'WORKASPACE' ) );
#1687 = EDGE_CURVE ( 'NONE', #3135, #3412, #4702, .T. ) ;
#1688 = STYLED_ITEM ( 'NONE', ( #828 ), #3713 ) ;
#1689 =( NAMED_UNIT ( * ) SI_UNIT ( $, .STERADIAN. ) SOLID_ANGLE_UNIT ( ) );
#1690 = VECTOR ( 'NONE', #1480, 1000.000000000000000 ) ;
#1691 =( NAMED_UNIT ( * ) PLANE_ANGLE_UNIT ( ) SI_UNIT ( $, .RADIAN. ) );
#1692 = LINE ( 'NONE', #1402, #454 ) ;
#1693 = DIRECTION ( 'NONE',  ( 1.000000000000000000, 0.000000000000000000, 0.000000000000000000 ) ) ;
#1694 = ORIENTED_EDGE ( 'NONE', *, *, #912, .F. ) ;
#1695 = ORIENTED_EDGE ( 'NONE', *, *, #1502, .T. ) ;
#1696 = PRESENTATION_STYLE_ASSIGNMENT (( #1133 ) ) ;
#1697 =( NAMED_UNIT ( * ) SI_UNIT ( $, .STERADIAN. ) SOLID_ANGLE_UNIT ( ) );
#1698 = ORIENTED_EDGE ( 'NONE', *, *, #3131, .F. ) ;
#1699 = VERTEX_POINT ( 'NONE', #1645 ) ;
#1700 = CARTESIAN_POINT ( 'NONE',  ( 0.8499999999999999778, 0.000000000000000000, -0.6500000000000000222 ) ) ;
#1701 = UNCERTAINTY_MEASURE_WITH_UNIT (LENGTH_MEASURE( 1.000000000000000082E-05 ), #4246, 'distance_accuracy_value', 'NONE');
#1702 = CARTESIAN_POINT ( 'NONE',  ( -1.449999999999999956, 0.000000000000000000, 0.7500000000000000000 ) ) ;
#1703 = ORIENTED_EDGE ( 'NONE', *, *, #634, .T. ) ;
#1704 = SURFACE_STYLE_USAGE ( .BOTH. , #3151 ) ;
#1705 = ORIENTED_EDGE ( 'NONE', *, *, #145, .F. ) ;
#1706 = VERTEX_POINT ( 'NONE', #2665 ) ;
#1707 = DIRECTION ( 'NONE',  ( -1.000000000000000000, 0.000000000000000000, 0.000000000000000000 ) ) ;
#1708 = SURFACE_STYLE_USAGE ( .BOTH. , #2413 ) ;
#1709 = STYLED_ITEM ( 'NONE', ( #1994 ), #973 ) ;
#1710 = EDGE_CURVE ( 'NONE', #2058, #4067, #2968, .T. ) ;
#1711 = AXIS2_PLACEMENT_3D ( 'NONE', #2590, #2698, #3889 ) ;
#1712 = VERTEX_POINT ( 'NONE', #4209 ) ;
#1713 = COLOUR_RGB ( '',0.2980392156862745057, 0.2980392156862745057, 0.2980392156862745057 ) ;
#1714 = ADVANCED_FACE ( 'NONE', ( #3595 ), #2430, .F. ) ;
#1715 = EDGE_CURVE ( 'NONE', #4314, #576, #3143, .T. ) ;
#1716 = FILL_AREA_STYLE_COLOUR ( '', #1486 ) ;
#1717 = FILL_AREA_STYLE ('',( #207 ) ) ;
#1718 = CARTESIAN_POINT ( 'NONE',  ( 1.199999999999999956, 0.6999999999999999556, 0.5500000000000000444 ) ) ;
#1719 = PRESENTATION_LAYER_ASSIGNMENT (  '', '', ( #1991 ) ) ;
#1720 = PRESENTATION_STYLE_ASSIGNMENT (( #3038 ) ) ;
#1721 = SURFACE_STYLE_FILL_AREA ( #181 ) ;
#1722 =( GEOMETRIC_REPRESENTATION_CONTEXT ( 3 ) GLOBAL_UNCERTAINTY_ASSIGNED_CONTEXT ( ( #3385 ) ) GLOBAL_UNIT_ASSIGNED_CONTEXT ( ( #4606, #2370, #153 ) ) REPRESENTATION_CONTEXT ( 'NONE', 'WORKASPACE' ) );
#1723 = CARTESIAN_POINT ( 'NONE',  ( -1.600000000000000089, 0.000000000000000000, -0.7500000000000000000 ) ) ;
#1724 = DIRECTION ( 'NONE',  ( 0.000000000000000000, 0.000000000000000000, -1.000000000000000000 ) ) ;
#1725 = SURFACE_STYLE_FILL_AREA ( #3825 ) ;
#1726 = PLANE ( 'NONE',  #2499 ) ;
#1727 =( NAMED_UNIT ( * ) SI_UNIT ( $, .STERADIAN. ) SOLID_ANGLE_UNIT ( ) );
#1728 = CARTESIAN_POINT ( 'NONE',  ( 1.399999999999999911, 0.6999999999999999556, 0.3499999999999999778 ) ) ;
#1729 = ADVANCED_FACE ( 'NONE', ( #3843 ), #4653, .F. ) ;
#1730 = FACE_OUTER_BOUND ( 'NONE', #2774, .T. ) ;
#1731 = EDGE_CURVE ( 'NONE', #3962, #2595, #530, .T. ) ;
#1732 = AXIS2_PLACEMENT_3D ( 'NONE', #1373, #2870, #1005 ) ;
#1733 = SURFACE_STYLE_FILL_AREA ( #1675 ) ;
#1734 = CARTESIAN_POINT ( 'NONE',  ( -1.149999999999999911, 0.8000000000000000444, 0.2999999999999999889 ) ) ;
#1735 = DIRECTION ( 'NONE',  ( 0.000000000000000000, 1.000000000000000000, 0.000000000000000000 ) ) ;
#1736 = DIRECTION ( 'NONE',  ( 1.000000000000000000, -0.000000000000000000, -0.000000000000000000 ) ) ;
#1737 = ORIENTED_EDGE ( 'NONE', *, *, #4711, .F. ) ;
#1738 = ORIENTED_EDGE ( 'NONE', *, *, #4138, .F. ) ;
#1739 =( LENGTH_UNIT ( ) NAMED_UNIT ( * ) SI_UNIT ( .MILLI., .METRE. ) );
#1740 = PRESENTATION_LAYER_ASSIGNMENT (  '', '', ( #3802 ) ) ;
#1741 = VECTOR ( 'NONE', #245, 1000.000000000000000 ) ;
#1742 = DIRECTION ( 'NONE',  ( -0.3088066671594976720, 0.000000000000000000, 0.9511248300395922506 ) ) ;
#1743 = ORIENTED_EDGE ( 'NONE', *, *, #2780, .T. ) ;
#1744 = FILL_AREA_STYLE ('',( #2039 ) ) ;
#1745 = VERTEX_POINT ( 'NONE', #2300 ) ;
#1746 = DIRECTION ( 'NONE',  ( 1.000000000000000000, 0.000000000000000000, 0.000000000000000000 ) ) ;
#1747 = SURFACE_STYLE_FILL_AREA ( #814 ) ;
#1748 = VERTEX_POINT ( 'NONE', #455 ) ;
#1749 = DIRECTION ( 'NONE',  ( 1.000000000000000000, 0.000000000000000000, 0.000000000000000000 ) ) ;
#1750 = COLOUR_RGB ( '',0.9686274509803921573, 0.8784313725490195957, 0.5999999999999999778 ) ;
#1751 = UNCERTAINTY_MEASURE_WITH_UNIT (LENGTH_MEASURE( 1.000000000000000082E-05 ), #1406, 'distance_accuracy_value', 'NONE');
#1752 = SURFACE_SIDE_STYLE ('',( #2921 ) ) ;
#1753 = ORIENTED_EDGE ( 'NONE', *, *, #1290, .T. ) ;
#1754 = SURFACE_SIDE_STYLE ('',( #216 ) ) ;
#1755 =( NAMED_UNIT ( * ) PLANE_ANGLE_UNIT ( ) SI_UNIT ( $, .RADIAN. ) );
#1756 = ORIENTED_EDGE ( 'NONE', *, *, #1858, .T. ) ;
#1757 = PRODUCT_DEFINITION_CONTEXT ( 'detailed design', #2340, 'design' ) ;
#1758 = ORIENTED_EDGE ( 'NONE', *, *, #4295, .T. ) ;
#1759 = SURFACE_STYLE_FILL_AREA ( #4781 ) ;
#1760 = ORIENTED_EDGE ( 'NONE', *, *, #3008, .T. ) ;
#1761 = EDGE_CURVE ( 'NONE', #2109, #4679, #3248, .T. ) ;
#1762 = VECTOR ( 'NONE', #1001, 1000.000000000000000 ) ;
#1763 = VERTEX_POINT ( 'NONE', #3103 ) ;
#1764 = VECTOR ( 'NONE', #975, 1000.000000000000000 ) ;
#1765 = ORIENTED_EDGE ( 'NONE', *, *, #2936, .F. ) ;
#1766 = FILL_AREA_STYLE_COLOUR ( '', #2333 ) ;
#1767 = AXIS2_PLACEMENT_3D ( 'NONE', #1428, #4007, #4750 ) ;
#1768 =( GEOMETRIC_REPRESENTATION_CONTEXT ( 3 ) GLOBAL_UNCERTAINTY_ASSIGNED_CONTEXT ( ( #2104 ) ) GLOBAL_UNIT_ASSIGNED_CONTEXT ( ( #141, #610, #2086 ) ) REPRESENTATION_CONTEXT ( 'NONE', 'WORKASPACE' ) );
#1769 = PLANE ( 'NONE',  #4486 ) ;
#1770 = SURFACE_STYLE_FILL_AREA ( #3810 ) ;
#1771 = DIRECTION ( 'NONE',  ( 0.000000000000000000, 0.000000000000000000, -1.000000000000000000 ) ) ;
#1772 = DIRECTION ( 'NONE',  ( -0.000000000000000000, 1.000000000000000000, -0.000000000000000000 ) ) ;
#1773 =( LENGTH_UNIT ( ) NAMED_UNIT ( * ) SI_UNIT ( .MILLI., .METRE. ) );
#1774 = AXIS2_PLACEMENT_3D ( 'NONE', #3921, #1382, #2152 ) ;
#1775 = ADVANCED_FACE ( 'NONE', ( #4478 ), #858, .F. ) ;
#1776 = CARTESIAN_POINT ( 'NONE',  ( 1.600000000000000089, 0.02000000000000000042, -0.5500000000000000444 ) ) ;
#1777 =( NAMED_UNIT ( * ) PLANE_ANGLE_UNIT ( ) SI_UNIT ( $, .RADIAN. ) );
#1778 = MECHANICAL_DESIGN_GEOMETRIC_PRESENTATION_REPRESENTATION (  '', ( #654 ), #2661 ) ;
#1779 = SURFACE_STYLE_FILL_AREA ( #335 ) ;
#1780 = DIRECTION ( 'NONE',  ( 1.000000000000000000, 0.000000000000000000, 0.000000000000000000 ) ) ;
#1781 = SURFACE_STYLE_USAGE ( .BOTH. , #276 ) ;
#1782 = SURFACE_STYLE_FILL_AREA ( #344 ) ;
#1783 = FILL_AREA_STYLE ('',( #2391 ) ) ;
#1784 = CARTESIAN_POINT ( 'NONE',  ( -1.524582898450000057, 0.000000000000000000, 0.5688664269976999588 ) ) ;
#1785 = FILL_AREA_STYLE ('',( #2851 ) ) ;
#1786 = SURFACE_SIDE_STYLE ('',( #561 ) ) ;
#1787 = FILL_AREA_STYLE ('',( #283 ) ) ;
#1788 = SURFACE_STYLE_FILL_AREA ( #3400 ) ;
#1789 = PRESENTATION_STYLE_ASSIGNMENT (( #488 ) ) ;
#1790 = DIRECTION ( 'NONE',  ( 0.000000000000000000, 0.000000000000000000, 1.000000000000000000 ) ) ;
#1791 =( GEOMETRIC_REPRESENTATION_CONTEXT ( 3 ) GLOBAL_UNCERTAINTY_ASSIGNED_CONTEXT ( ( #440 ) ) GLOBAL_UNIT_ASSIGNED_CONTEXT ( ( #4353, #2094, #653 ) ) REPRESENTATION_CONTEXT ( 'NONE', 'WORKASPACE' ) );
#1792 = EDGE_CURVE ( 'NONE', #3448, #1542, #3645, .T. ) ;
#1793 = LINE ( 'NONE', #1992, #791 ) ;
#1794 = FACE_OUTER_BOUND ( 'NONE', #3860, .T. ) ;
#1795 = DIRECTION ( 'NONE',  ( 0.000000000000000000, 0.000000000000000000, -1.000000000000000000 ) ) ;
#1796 = EDGE_LOOP ( 'NONE', ( #1340, #3369, #1490, #1865 ) ) ;
#1797 = VERTEX_POINT ( 'NONE', #1300 ) ;
#1798 = AXIS2_PLACEMENT_3D ( 'NONE', #73, #3392, #3840 ) ;
#1799 = EDGE_CURVE ( 'NONE', #4679, #1459, #3357, .T. ) ;
#1800 = PRESENTATION_LAYER_ASSIGNMENT (  '', '', ( #291 ) ) ;
#1801 =( NAMED_UNIT ( * ) PLANE_ANGLE_UNIT ( ) SI_UNIT ( $, .RADIAN. ) );
#1802 = ADVANCED_FACE ( 'NONE', ( #518 ), #1265, .F. ) ;
#1803 = ORIENTED_EDGE ( 'NONE', *, *, #3646, .T. ) ;
#1804 = CARTESIAN_POINT ( 'NONE',  ( 1.199999999999999956, 0.5000000000000000000, -0.3499999999999999778 ) ) ;
#1805 = EDGE_LOOP ( 'NONE', ( #4712, #2783, #930, #693 ) ) ;
#1806 = FILL_AREA_STYLE_COLOUR ( '', #4174 ) ;
#1807 = CIRCLE ( 'NONE', #970, 0.1000000000000000472 ) ;
#1808 = CARTESIAN_POINT ( 'NONE',  ( -1.600000000000000089, 0.000000000000000000, 0.7500000000000000000 ) ) ;
#1809 = CARTESIAN_POINT ( 'NONE',  ( -1.479999999999999982, 0.02000000000000000042, 0.7500000000000000000 ) ) ;
#1810 =( GEOMETRIC_REPRESENTATION_CONTEXT ( 3 ) GLOBAL_UNCERTAINTY_ASSIGNED_CONTEXT ( ( #1701 ) ) GLOBAL_UNIT_ASSIGNED_CONTEXT ( ( #4246, #863, #3912 ) ) REPRESENTATION_CONTEXT ( 'NONE', 'WORKASPACE' ) );
#1811 =( GEOMETRIC_REPRESENTATION_CONTEXT ( 3 ) GLOBAL_UNCERTAINTY_ASSIGNED_CONTEXT ( ( #381 ) ) GLOBAL_UNIT_ASSIGNED_CONTEXT ( ( #4074, #1436, #4451 ) ) REPRESENTATION_CONTEXT ( 'NONE', 'WORKASPACE' ) );
#1812 = FILL_AREA_STYLE_COLOUR ( '', #2724 ) ;
#1813 = ORIENTED_EDGE ( 'NONE', *, *, #1761, .F. ) ;
#1814 = EDGE_LOOP ( 'NONE', ( #4188, #4079, #2954, #3702 ) ) ;
#1815 = AXIS2_PLACEMENT_3D ( 'NONE', #1460, #2942, #4065 ) ;
#1816 = PLANE ( 'NONE',  #4662 ) ;
#1817 = AXIS2_PLACEMENT_3D ( 'NONE', #1804, #2166, #1062 ) ;
#1818 = UNCERTAINTY_MEASURE_WITH_UNIT (LENGTH_MEASURE( 1.000000000000000082E-05 ), #157, 'distance_accuracy_value', 'NONE');
#1819 = CARTESIAN_POINT ( 'NONE',  ( 1.149999999999999911, 0.6999999999999999556, -0.5000000000000000000 ) ) ;
#1820 = DIRECTION ( 'NONE',  ( 0.000000000000000000, 0.000000000000000000, -1.000000000000000000 ) ) ;
#1821 = DIRECTION ( 'NONE',  ( -0.7071067811865474617, 0.000000000000000000, -0.7071067811865474617 ) ) ;
#1822 = COLOUR_RGB ( '',0.7921568627450980005, 0.8196078431372548767, 0.9333333333333333481 ) ;
#1823 = SURFACE_SIDE_STYLE ('',( #3661 ) ) ;
#1824 = CARTESIAN_POINT ( 'NONE',  ( 0.8499999999999999778, 0.000000000000000000, 0.6999999999999999556 ) ) ;
#1825 = DIRECTION ( 'NONE',  ( 0.000000000000000000, 0.000000000000000000, -1.000000000000000000 ) ) ;
#1826 = LINE ( 'NONE', #3237, #599 ) ;
#1827 = CIRCLE ( 'NONE', #2699, 0.1500000000000000222 ) ;
#1828 = COLOUR_RGB ( '',0.2980392156862745057, 0.2980392156862745057, 0.2980392156862745057 ) ;
#1829 = ADVANCED_FACE ( 'NONE', ( #4364 ), #2043, .T. ) ;
#1830 = CARTESIAN_POINT ( 'NONE',  ( -1.199999999996999911, 0.5000000000000000000, 0.6499999999998999911 ) ) ;
#1831 = PRESENTATION_LAYER_ASSIGNMENT (  '', '', ( #2314 ) ) ;
#1832 = COLOUR_RGB ( '',0.9686274509803921573, 0.8784313725490195957, 0.5999999999999999778 ) ;
#1833 = EDGE_CURVE ( 'NONE', #2481, #407, #4004, .T. ) ;
#1834 = LINE ( 'NONE', #2157, #497 ) ;
#1835 = PRESENTATION_STYLE_ASSIGNMENT (( #2332 ) ) ;
#1836 = CARTESIAN_POINT ( 'NONE',  ( -1.600000000000000089, 0.000000000000000000, 0.5688664269976999588 ) ) ;
#1837 = LINE ( 'NONE', #1222, #88 ) ;
#1838 = CARTESIAN_POINT ( 'NONE',  ( 1.600000000000000089, 0.000000000000000000, -0.7500000000000000000 ) ) ;
#1839 = DIRECTION ( 'NONE',  ( -1.000000000000000000, 0.000000000000000000, 0.000000000000000000 ) ) ;
#1840 = SURFACE_STYLE_FILL_AREA ( #4073 ) ;
#1841 = CARTESIAN_POINT ( 'NONE',  ( 1.600000000000000089, 0.000000000000000000, -0.7477721122078000437 ) ) ;
#1842 = SURFACE_STYLE_FILL_AREA ( #2266 ) ;
#1843 = DIRECTION ( 'NONE',  ( 0.000000000000000000, 0.000000000000000000, 1.000000000000000000 ) ) ;
#1844 = PRESENTATION_STYLE_ASSIGNMENT (( #2831 ) ) ;
#1845 = FILL_AREA_STYLE_COLOUR ( '', #2128 ) ;
#1846 = ORIENTED_EDGE ( 'NONE', *, *, #2979, .T. ) ;
#1847 = ORIENTED_EDGE ( 'NONE', *, *, #2195, .F. ) ;
#1848 = UNCERTAINTY_MEASURE_WITH_UNIT (LENGTH_MEASURE( 1.000000000000000082E-05 ), #2705, 'distance_accuracy_value', 'NONE');
#1849 = CARTESIAN_POINT ( 'NONE',  ( 1.500000000000000000, 0.000000000000000000, 0.7500000000000000000 ) ) ;
#1850 = STYLED_ITEM ( 'NONE', ( #3409 ), #2832 ) ;
#1851 = PRESENTATION_STYLE_ASSIGNMENT (( #2004 ) ) ;
#1852 = LINE ( 'NONE', #4187, #2301 ) ;
#1853 = VECTOR ( 'NONE', #2859, 1000.000000000000000 ) ;
#1854 = ADVANCED_FACE ( 'NONE', ( #3132 ), #2066, .F. ) ;
#1855 = PRESENTATION_STYLE_ASSIGNMENT (( #4804 ) ) ;
#1856 = PLANE ( 'NONE',  #1630 ) ;
#1857 =( LENGTH_UNIT ( ) NAMED_UNIT ( * ) SI_UNIT ( .MILLI., .METRE. ) );
#1858 = EDGE_CURVE ( 'NONE', #587, #2306, #4176, .T. ) ;
#1859 = ORIENTED_EDGE ( 'NONE', *, *, #3883, .T. ) ;
#1860 = VERTEX_POINT ( 'NONE', #3609 ) ;
#1861 = DIRECTION ( 'NONE',  ( -0.000000000000000000, 1.000000000000000000, -0.000000000000000000 ) ) ;
#1862 = SURFACE_STYLE_FILL_AREA ( #3961 ) ;
#1863 = SURFACE_SIDE_STYLE ('',( #2764 ) ) ;
#1864 = MECHANICAL_DESIGN_GEOMETRIC_PRESENTATION_REPRESENTATION (  '', ( #3011 ), #1092 ) ;
#1865 = ORIENTED_EDGE ( 'NONE', *, *, #4475, .T. ) ;
#1866 = EDGE_CURVE ( 'NONE', #853, #3494, #3180, .T. ) ;
#1867 = MECHANICAL_DESIGN_GEOMETRIC_PRESENTATION_REPRESENTATION (  '', ( #2460 ), #4195 ) ;
#1868 = ORIENTED_EDGE ( 'NONE', *, *, #4766, .F. ) ;
#1869 = DIRECTION ( 'NONE',  ( -1.000000000000000000, 0.000000000000000000, 0.000000000000000000 ) ) ;
#1870 = ORIENTED_EDGE ( 'NONE', *, *, #1792, .F. ) ;
#1871 =( NAMED_UNIT ( * ) PLANE_ANGLE_UNIT ( ) SI_UNIT ( $, .RADIAN. ) );
#1872 = COLOUR_RGB ( '',0.2980392156862745057, 0.2980392156862745057, 0.2980392156862745057 ) ;
#1873 =( LENGTH_UNIT ( ) NAMED_UNIT ( * ) SI_UNIT ( .MILLI., .METRE. ) );
#1874 = CARTESIAN_POINT ( 'NONE',  ( -1.500000000000000000, 0.5999999999999999778, 0.3499999999999999778 ) ) ;
#1875 = CARTESIAN_POINT ( 'NONE',  ( 1.600000000000000089, 0.02000000000000000042, -0.7477721122078000437 ) ) ;
#1876 = ORIENTED_EDGE ( 'NONE', *, *, #2545, .T. ) ;
#1877 = DIRECTION ( 'NONE',  ( 1.000000000000000000, 0.000000000000000000, 0.000000000000000000 ) ) ;
#1878 = PRESENTATION_LAYER_ASSIGNMENT (  '', '', ( #1371 ) ) ;
#1879 = EDGE_LOOP ( 'NONE', ( #4492, #467, #2135, #891 ) ) ;
#1880 = EDGE_LOOP ( 'NONE', ( #3630, #4234, #57, #3100 ) ) ;
#1881 = DIRECTION ( 'NONE',  ( 0.000000000000000000, 0.000000000000000000, -1.000000000000000000 ) ) ;
#1882 = ADVANCED_FACE ( 'NONE', ( #3576 ), #4066, .T. ) ;
#1883 = UNCERTAINTY_MEASURE_WITH_UNIT (LENGTH_MEASURE( 1.000000000000000082E-05 ), #4090, 'distance_accuracy_value', 'NONE');
#1884 = FILL_AREA_STYLE_COLOUR ( '', #4411 ) ;
#1885 = VERTEX_POINT ( 'NONE', #4678 ) ;
#1886 = PRESENTATION_STYLE_ASSIGNMENT (( #401 ) ) ;
#1887 = DIRECTION ( 'NONE',  ( 1.000000000000000000, 0.000000000000000000, 0.000000000000000000 ) ) ;
#1888 = CARTESIAN_POINT ( 'NONE',  ( -1.600000000000000089, 0.02000000000000000042, -0.7500000000000000000 ) ) ;
#1889 =( GEOMETRIC_REPRESENTATION_CONTEXT ( 3 ) GLOBAL_UNCERTAINTY_ASSIGNED_CONTEXT ( ( #4464 ) ) GLOBAL_UNIT_ASSIGNED_CONTEXT ( ( #1426, #3956, #3278 ) ) REPRESENTATION_CONTEXT ( 'NONE', 'WORKASPACE' ) );
#1890 = EDGE_CURVE ( 'NONE', #103, #2481, #342, .T. ) ;
#1891 = LINE ( 'NONE', #1702, #878 ) ;
#1892 = FACE_OUTER_BOUND ( 'NONE', #3544, .T. ) ;
#1893 = CARTESIAN_POINT ( 'NONE',  ( 1.600000000000000089, 0.000000000000000000, 0.6300000000000000044 ) ) ;
#1894 = EDGE_CURVE ( 'NONE', #1706, #419, #2144, .T. ) ;
#1895 = STYLED_ITEM ( 'NONE', ( #3868 ), #3692 ) ;
#1896 = FILL_AREA_STYLE_COLOUR ( '', #2512 ) ;
#1897 = VECTOR ( 'NONE', #2986, 1000.000000000000000 ) ;
#1898 = LINE ( 'NONE', #2931, #4729 ) ;
#1899 =( NAMED_UNIT ( * ) SI_UNIT ( $, .STERADIAN. ) SOLID_ANGLE_UNIT ( ) );
#1900 = STYLED_ITEM ( 'NONE', ( #2131 ), #2232 ) ;
#1901 = VECTOR ( 'NONE', #3044, 1000.000000000000000 ) ;
#1902 = CARTESIAN_POINT ( 'NONE',  ( 1.550000000000000044, 0.000000000000000000, -0.5500000000000000444 ) ) ;
#1903 = CARTESIAN_POINT ( 'NONE',  ( 1.449999999999999956, 0.02000000000000000042, 0.6999999999999999556 ) ) ;
#1904 = UNCERTAINTY_MEASURE_WITH_UNIT (LENGTH_MEASURE( 1.000000000000000082E-05 ), #4412, 'distance_accuracy_value', 'NONE');
#1905 = CIRCLE ( 'NONE', #4608, 0.2000000000000000944 ) ;
#1906 = ORIENTED_EDGE ( 'NONE', *, *, #1894, .F. ) ;
#1907 = CARTESIAN_POINT ( 'NONE',  ( 1.600000000000000089, 0.2700000000000000178, 0.6300000000000000044 ) ) ;
#1908 = COLOUR_RGB ( '',0.2980392156862745057, 0.2980392156862745057, 0.2980392156862745057 ) ;
#1909 = CARTESIAN_POINT ( 'NONE',  ( -1.600000000000000089, 0.02000000000000000042, 0.5688664269976999588 ) ) ;
#1910 = PRESENTATION_STYLE_ASSIGNMENT (( #1083 ) ) ;
#1911 = DIRECTION ( 'NONE',  ( -1.000000000000000000, 0.000000000000000000, 0.000000000000000000 ) ) ;
#1912 = VERTEX_POINT ( 'NONE', #1383 ) ;
#1913 = SURFACE_SIDE_STYLE ('',( #1441 ) ) ;
#1914 = DIRECTION ( 'NONE',  ( 0.000000000000000000, -1.000000000000000000, 0.000000000000000000 ) ) ;
#1915 = CARTESIAN_POINT ( 'NONE',  ( 1.500000000000000000, 0.2700000000000000178, 0.7500000000000000000 ) ) ;
#1916 = CARTESIAN_POINT ( 'NONE',  ( 1.479999999999999982, 0.2700000000000000178, -0.7500000000000000000 ) ) ;
#1917 = SURFACE_STYLE_USAGE ( .BOTH. , #4505 ) ;
#1918 = ORIENTED_EDGE ( 'NONE', *, *, #3123, .F. ) ;
#1919 = ORIENTED_EDGE ( 'NONE', *, *, #2751, .T. ) ;
#1920 =( NAMED_UNIT ( * ) PLANE_ANGLE_UNIT ( ) SI_UNIT ( $, .RADIAN. ) );
#1921 = EDGE_CURVE ( 'NONE', #2733, #1281, #107, .T. ) ;
#1922 = MECHANICAL_DESIGN_GEOMETRIC_PRESENTATION_REPRESENTATION (  '', ( #1688 ), #4063 ) ;
#1923 = EDGE_LOOP ( 'NONE', ( #972, #4588, #963, #3655 ) ) ;
#1924 = CARTESIAN_POINT ( 'NONE',  ( -1.600000000000000089, 0.000000000000000000, -0.6300000000000000044 ) ) ;
#1925 = FILL_AREA_STYLE ('',( #1896 ) ) ;
#1926 = EDGE_LOOP ( 'NONE', ( #2440, #2658, #3202, #855 ) ) ;
#1927 = COLOUR_RGB ( '',0.9686274509803921573, 0.8784313725490195957, 0.5999999999999999778 ) ;
#1928 = ORIENTED_EDGE ( 'NONE', *, *, #1545, .F. ) ;
#1929 = VERTEX_POINT ( 'NONE', #965 ) ;
#1930 = CARTESIAN_POINT ( 'NONE',  ( 1.600000000000000089, 0.02000000000000000042, -0.7477721122078000437 ) ) ;
#1931 = DIRECTION ( 'NONE',  ( 1.000000000000000000, 0.000000000000000000, 0.000000000000000000 ) ) ;
#1932 = CARTESIAN_POINT ( 'NONE',  ( -1.600000000000000089, 0.000000000000000000, 0.6299999999999998934 ) ) ;
#1933 = ORIENTED_EDGE ( 'NONE', *, *, #3918, .F. ) ;
#1934 = CARTESIAN_POINT ( 'NONE',  ( -1.600000000000000089, 0.2700000000000000178, 0.6299999999999998934 ) ) ;
#1935 = FILL_AREA_STYLE ('',( #2298 ) ) ;
#1936 = AXIS2_PLACEMENT_3D ( 'NONE', #3971, #2114, #3667 ) ;
#1937 = COLOUR_RGB ( '',0.9686274509803921573, 0.8784313725490195957, 0.5999999999999999778 ) ;
#1938 = EDGE_LOOP ( 'NONE', ( #2038, #4137, #4134, #2598 ) ) ;
#1939 = LINE ( 'NONE', #777, #4022 ) ;
#1940 = FILL_AREA_STYLE_COLOUR ( '', #1872 ) ;
#1941 = EDGE_LOOP ( 'NONE', ( #866, #531, #4538, #3366 ) ) ;
#1942 = CARTESIAN_POINT ( 'NONE',  ( 0.8499999999999999778, 0.02000000000000000042, -0.6500000000000000222 ) ) ;
#1943 = CIRCLE ( 'NONE', #1009, 0.1200000000000000927 ) ;
#1944 = PRESENTATION_LAYER_ASSIGNMENT (  '', '', ( #929 ) ) ;
#1945 = DIRECTION ( 'NONE',  ( 0.000000000000000000, 0.000000000000000000, -1.000000000000000000 ) ) ;
#1946 = CARTESIAN_POINT ( 'NONE',  ( -1.399999999999999911, 0.5999999999999999778, -0.3499999999969000131 ) ) ;
#1947 = EDGE_CURVE ( 'NONE', #4756, #426, #1807, .T. ) ;
#1948 = DIRECTION ( 'NONE',  ( 0.000000000000000000, 0.000000000000000000, 1.000000000000000000 ) ) ;
#1949 =( NAMED_UNIT ( * ) PLANE_ANGLE_UNIT ( ) SI_UNIT ( $, .RADIAN. ) );
#1950 = PRESENTATION_STYLE_ASSIGNMENT (( #4652 ) ) ;
#1951 = CARTESIAN_POINT ( 'NONE',  ( 0.8499999999999999778, 0.02000000000000000042, 0.6999999999999999556 ) ) ;
#1952 = DIRECTION ( 'NONE',  ( 0.000000000000000000, 1.000000000000000000, 0.000000000000000000 ) ) ;
#1953 = STYLED_ITEM ( 'NONE', ( #692 ), #1729 ) ;
#1954 = EDGE_CURVE ( 'NONE', #4469, #2543, #803, .T. ) ;
#1955 =( GEOMETRIC_REPRESENTATION_CONTEXT ( 3 ) GLOBAL_UNCERTAINTY_ASSIGNED_CONTEXT ( ( #760 ) ) GLOBAL_UNIT_ASSIGNED_CONTEXT ( ( #2900, #679, #1032 ) ) REPRESENTATION_CONTEXT ( 'NONE', 'WORKASPACE' ) );
#1956 = COLOUR_RGB ( '',0.2980392156862745057, 0.2980392156862745057, 0.2980392156862745057 ) ;
#1957 = DIRECTION ( 'NONE',  ( 0.000000000000000000, 0.000000000000000000, 1.000000000000000000 ) ) ;
#1958 = FILL_AREA_STYLE_COLOUR ( '', #716 ) ;
#1959 = CARTESIAN_POINT ( 'NONE',  ( -0.8499999999999999778, 0.000000000000000000, -0.6500000000000000222 ) ) ;
#1960 = CARTESIAN_POINT ( 'NONE',  ( 0.8499999999999999778, 0.02000000000000000042, 0.6999999999999999556 ) ) ;
#1961 = DIRECTION ( 'NONE',  ( 1.000000000000000000, 0.000000000000000000, 0.000000000000000000 ) ) ;
#1962 = UNCERTAINTY_MEASURE_WITH_UNIT (LENGTH_MEASURE( 1.000000000000000082E-05 ), #706, 'distance_accuracy_value', 'NONE');
#1963 = SURFACE_STYLE_FILL_AREA ( #4219 ) ;
#1964 = LINE ( 'NONE', #2164, #1258 ) ;
#1965 = AXIS2_PLACEMENT_3D ( 'NONE', #2677, #3440, #1212 ) ;
#1966 = DIRECTION ( 'NONE',  ( 0.000000000000000000, 0.000000000000000000, -1.000000000000000000 ) ) ;
#1967 = SURFACE_SIDE_STYLE ('',( #2636 ) ) ;
#1968 = SURFACE_STYLE_FILL_AREA ( #3114 ) ;
#1969 = LINE ( 'NONE', #199, #2651 ) ;
#1970 = EDGE_LOOP ( 'NONE', ( #627, #3479, #3374, #635 ) ) ;
#1971 =( NAMED_UNIT ( * ) PLANE_ANGLE_UNIT ( ) SI_UNIT ( $, .RADIAN. ) );
#1972 = ORIENTED_EDGE ( 'NONE', *, *, #2071, .F. ) ;
#1973 = LINE ( 'NONE', #3776, #462 ) ;
#1974 = VECTOR ( 'NONE', #1561, 1000.000000000000000 ) ;
#1975 =( NAMED_UNIT ( * ) SI_UNIT ( $, .STERADIAN. ) SOLID_ANGLE_UNIT ( ) );
#1976 = EDGE_LOOP ( 'NONE', ( #4070, #3422, #3234, #2589 ) ) ;
#1977 = ORIENTED_EDGE ( 'NONE', *, *, #4024, .F. ) ;
#1978 = PRODUCT_DEFINITION_CONTEXT ( 'detailed design', #3513, 'design' ) ;
#1979 = VERTEX_POINT ( 'NONE', #3226 ) ;
#1980 = VECTOR ( 'NONE', #2498, 1000.000000000000000 ) ;
#1981 = SURFACE_SIDE_STYLE ('',( #161 ) ) ;
#1982 = VERTEX_POINT ( 'NONE', #3970 ) ;
#1983 = ORIENTED_EDGE ( 'NONE', *, *, #1563, .T. ) ;
#1984 = EDGE_CURVE ( 'NONE', #4368, #4657, #225, .T. ) ;
#1985 =( GEOMETRIC_REPRESENTATION_CONTEXT ( 3 ) GLOBAL_UNCERTAINTY_ASSIGNED_CONTEXT ( ( #3408 ) ) GLOBAL_UNIT_ASSIGNED_CONTEXT ( ( #254, #1394, #3232 ) ) REPRESENTATION_CONTEXT ( 'NONE', 'WORKASPACE' ) );
#1986 = ORIENTED_EDGE ( 'NONE', *, *, #4466, .F. ) ;
#1987 = SURFACE_SIDE_STYLE ('',( #2394 ) ) ;
#1988 = VERTEX_POINT ( 'NONE', #2863 ) ;
#1989 = CARTESIAN_POINT ( 'NONE',  ( -1.524582898450000057, 0.02000000000000000042, -0.6261335730022999924 ) ) ;
#1990 = UNCERTAINTY_MEASURE_WITH_UNIT (LENGTH_MEASURE( 1.000000000000000082E-05 ), #1655, 'distance_accuracy_value', 'NONE');
#1991 = STYLED_ITEM ( 'NONE', ( #3203 ), #2073 ) ;
#1992 = CARTESIAN_POINT ( 'NONE',  ( 1.399999999999999911, 0.5999999999999999778, 0.3499999999969000131 ) ) ;
#1993 = PLANE ( 'NONE',  #1128 ) ;
#1994 = PRESENTATION_STYLE_ASSIGNMENT (( #534 ) ) ;
#1995 =( NAMED_UNIT ( * ) SI_UNIT ( $, .STERADIAN. ) SOLID_ANGLE_UNIT ( ) );
#1996 = FILL_AREA_STYLE ('',( #1611 ) ) ;
#1997 = ORIENTED_EDGE ( 'NONE', *, *, #4599, .F. ) ;
#1998 = DIRECTION ( 'NONE',  ( 0.000000000000000000, 1.000000000000000000, 0.000000000000000000 ) ) ;
#1999 = CARTESIAN_POINT ( 'NONE',  ( -1.449999999999999956, 0.000000000000000000, 0.7500000000000000000 ) ) ;
#2000 = ORIENTED_EDGE ( 'NONE', *, *, #179, .F. ) ;
#2001 =( GEOMETRIC_REPRESENTATION_CONTEXT ( 3 ) GLOBAL_UNCERTAINTY_ASSIGNED_CONTEXT ( ( #2162 ) ) GLOBAL_UNIT_ASSIGNED_CONTEXT ( ( #1309, #158, #1689 ) ) REPRESENTATION_CONTEXT ( 'NONE', 'WORKASPACE' ) );
#2002 = VECTOR ( 'NONE', #4789, 1000.000000000000000 ) ;
#2003 = DIRECTION ( 'NONE',  ( 1.000000000000000000, -0.000000000000000000, -0.000000000000000000 ) ) ;
#2004 = SURFACE_STYLE_USAGE ( .BOTH. , #149 ) ;
#2005 = LINE ( 'NONE', #4586, #3456 ) ;
#2006 = AXIS2_PLACEMENT_3D ( 'NONE', #2801, #3662, #583 ) ;
#2007 = CIRCLE ( 'NONE', #3551, 0.1199999999999999956 ) ;
#2008 = FILL_AREA_STYLE_COLOUR ( '', #1713 ) ;
#2009 = CARTESIAN_POINT ( 'NONE',  ( 1.481443453995989534, 0.02000000000000000042, 0.7314434539959896453 ) ) ;
#2010 = SURFACE_SIDE_STYLE ('',( #4528 ) ) ;
#2011 = VECTOR ( 'NONE', #1172, 1000.000000000000000 ) ;
#2012 = EDGE_CURVE ( 'NONE', #1763, #2481, #3784, .T. ) ;
#2013 = SURFACE_STYLE_FILL_AREA ( #2454 ) ;
#2014 = STYLED_ITEM ( 'NONE', ( #3768 ), #1528 ) ;
#2015 = CYLINDRICAL_SURFACE ( 'NONE', #1711, 0.1200000000000000927 ) ;
#2016 =( GEOMETRIC_REPRESENTATION_CONTEXT ( 3 ) GLOBAL_UNCERTAINTY_ASSIGNED_CONTEXT ( ( #2501 ) ) GLOBAL_UNIT_ASSIGNED_CONTEXT ( ( #4760, #2508, #2487 ) ) REPRESENTATION_CONTEXT ( 'NONE', 'WORKASPACE' ) );
#2017 = CARTESIAN_POINT ( 'NONE',  ( 1.500000000000000000, 0.5000000000000000000, -0.7500000000000000000 ) ) ;
#2018 = FACE_OUTER_BOUND ( 'NONE', #1814, .T. ) ;
#2019 = DIRECTION ( 'NONE',  ( 0.000000000000000000, 0.000000000000000000, -1.000000000000000000 ) ) ;
#2020 = COLOUR_RGB ( '',0.9686274509803921573, 0.8784313725490195957, 0.5999999999999999778 ) ;
#2021 = CIRCLE ( 'NONE', #258, 0.1000000000000000472 ) ;
#2022 = UNCERTAINTY_MEASURE_WITH_UNIT (LENGTH_MEASURE( 1.000000000000000082E-05 ), #1330, 'distance_accuracy_value', 'NONE');
#2023 =( NAMED_UNIT ( * ) SI_UNIT ( $, .STERADIAN. ) SOLID_ANGLE_UNIT ( ) );
#2024 = DIRECTION ( 'NONE',  ( 0.000000000000000000, 0.000000000000000000, -1.000000000000000000 ) ) ;
#2025 = STYLED_ITEM ( 'NONE', ( #719 ), #4787 ) ;
#2026 = ORIENTED_EDGE ( 'NONE', *, *, #1084, .F. ) ;
#2027 = CARTESIAN_POINT ( 'NONE',  ( 1.149999999999999911, 0.6999999999999999556, 0.5000000000000000000 ) ) ;
#2028 = PRESENTATION_LAYER_ASSIGNMENT (  '', '', ( #3455 ) ) ;
#2029 = CARTESIAN_POINT ( 'NONE',  ( -1.449999999999999956, 0.000000000000000000, 0.6500000000000000222 ) ) ;
#2030 = ORIENTED_EDGE ( 'NONE', *, *, #1290, .F. ) ;
#2031 = CARTESIAN_POINT ( 'NONE',  ( 1.600000000000000089, 0.2700000000000000178, -0.6500000000000000222 ) ) ;
#2032 = CIRCLE ( 'NONE', #3499, 0.1200000000000000788 ) ;
#2033 = SURFACE_STYLE_USAGE ( .BOTH. , #3892 ) ;
#2034 = EDGE_LOOP ( 'NONE', ( #3550, #908, #4604, #2713 ) ) ;
#2035 = AXIS2_PLACEMENT_3D ( 'NONE', #3766, #1869, #1076 ) ;
#2036 = VERTEX_POINT ( 'NONE', #2170 ) ;
#2037 = FILL_AREA_STYLE_COLOUR ( '', #2860 ) ;
#2038 = ORIENTED_EDGE ( 'NONE', *, *, #1866, .T. ) ;
#2039 = FILL_AREA_STYLE_COLOUR ( '', #339 ) ;
#2040 = PRESENTATION_STYLE_ASSIGNMENT (( #4566 ) ) ;
#2041 = STYLED_ITEM ( 'NONE', ( #1844 ), #657 ) ;
#2042 = EDGE_CURVE ( 'NONE', #1025, #587, #799, .T. ) ;
#2043 = CYLINDRICAL_SURFACE ( 'NONE', #1410, 0.1999999999999999833 ) ;
#2044 = ORIENTED_EDGE ( 'NONE', *, *, #315, .F. ) ;
#2045 = DIRECTION ( 'NONE',  ( -1.000000000000000000, 0.000000000000000000, 0.000000000000000000 ) ) ;
#2046 = EDGE_LOOP ( 'NONE', ( #922, #2044, #4663, #4708 ) ) ;
#2047 = DIRECTION ( 'NONE',  ( 0.000000000000000000, 0.000000000000000000, -1.000000000000000000 ) ) ;
#2048 = ORIENTED_EDGE ( 'NONE', *, *, #701, .F. ) ;
#2049 = CARTESIAN_POINT ( 'NONE',  ( -1.479999999999999982, 0.2700000000000000178, 0.7500000000000000000 ) ) ;
#2050 = CARTESIAN_POINT ( 'NONE',  ( 0.8499999999999999778, 0.000000000000000000, -0.6500000000000000222 ) ) ;
#2051 = EDGE_CURVE ( 'NONE', #3963, #416, #4315, .T. ) ;
#2052 =( GEOMETRIC_REPRESENTATION_CONTEXT ( 3 ) GLOBAL_UNCERTAINTY_ASSIGNED_CONTEXT ( ( #3872 ) ) GLOBAL_UNIT_ASSIGNED_CONTEXT ( ( #3191, #1342, #3224 ) ) REPRESENTATION_CONTEXT ( 'NONE', 'WORKASPACE' ) );
#2053 = VERTEX_POINT ( 'NONE', #367 ) ;
#2054 = CARTESIAN_POINT ( 'NONE',  ( 1.600000000000000089, 0.000000000000000000, 0.7500000000000000000 ) ) ;
#2055 = UNCERTAINTY_MEASURE_WITH_UNIT (LENGTH_MEASURE( 1.000000000000000082E-05 ), #4502, 'distance_accuracy_value', 'NONE');
#2056 = DIRECTION ( 'NONE',  ( -0.000000000000000000, 1.000000000000000000, -0.000000000000000000 ) ) ;
#2057 = DIRECTION ( 'NONE',  ( -1.000000000000000000, 0.000000000000000000, 0.000000000000000000 ) ) ;
#2058 = VERTEX_POINT ( 'NONE', #1476 ) ;
#2059 = STYLED_ITEM ( 'NONE', ( #3867 ), #4357 ) ;
#2060 = FILL_AREA_STYLE_COLOUR ( '', #4048 ) ;
#2061 = ORIENTED_EDGE ( 'NONE', *, *, #556, .T. ) ;
#2062 = COLOUR_RGB ( '',0.2980392156862745057, 0.2980392156862745057, 0.2980392156862745057 ) ;
#2063 = AXIS2_PLACEMENT_3D ( 'NONE', #2362, #1198, #496 ) ;
#2064 = FILL_AREA_STYLE_COLOUR ( '', #45 ) ;
#2065 = COLOUR_RGB ( '',0.9686274509803921573, 0.8784313725490195957, 0.5999999999999999778 ) ;
#2066 = PLANE ( 'NONE',  #1512 ) ;
#2067 = LINE ( 'NONE', #25, #1054 ) ;
#2068 = CARTESIAN_POINT ( 'NONE',  ( 0.000000000000000000, 0.2700000000000000178, 0.000000000000000000 ) ) ;
#2069 = CARTESIAN_POINT ( 'NONE',  ( 0.000000000000000000, 0.000000000000000000, 0.000000000000000000 ) ) ;
#2070 = LINE ( 'NONE', #2224, #4513 ) ;
#2071 = EDGE_CURVE ( 'NONE', #2908, #3690, #650, .T. ) ;
#2072 = VECTOR ( 'NONE', #1166, 1000.000000000000000 ) ;
#2073 = ADVANCED_FACE ( 'NONE', ( #542 ), #1336, .T. ) ;
#2074 = COLOUR_RGB ( '',0.9686274509803921573, 0.8784313725490195957, 0.5999999999999999778 ) ;
#2075 = SURFACE_STYLE_USAGE ( .BOTH. , #4304 ) ;
#2076 = EDGE_CURVE ( 'NONE', #873, #3475, #4243, .T. ) ;
#2077 =( GEOMETRIC_REPRESENTATION_CONTEXT ( 3 ) GLOBAL_UNCERTAINTY_ASSIGNED_CONTEXT ( ( #27 ) ) GLOBAL_UNIT_ASSIGNED_CONTEXT ( ( #2670, #466, #1975 ) ) REPRESENTATION_CONTEXT ( 'NONE', 'WORKASPACE' ) );
#2078 = SURFACE_STYLE_USAGE ( .BOTH. , #4306 ) ;
#2079 = SURFACE_STYLE_USAGE ( .BOTH. , #218 ) ;
#2080 = DIRECTION ( 'NONE',  ( 1.000000000000000000, 0.000000000000000000, 0.000000000000000000 ) ) ;
#2081 = CARTESIAN_POINT ( 'NONE',  ( -1.353768000000000082, 0.5999999999999999778, 0.6500000000000000222 ) ) ;
#2082 = ORIENTED_EDGE ( 'NONE', *, *, #2685, .F. ) ;
#2083 = ORIENTED_EDGE ( 'NONE', *, *, #3793, .F. ) ;
#2084 = VECTOR ( 'NONE', #1574, 1000.000000000000000 ) ;
#2085 = ADVANCED_FACE ( 'NONE', ( #279, #4135 ), #2183, .T. ) ;
#2086 =( NAMED_UNIT ( * ) SI_UNIT ( $, .STERADIAN. ) SOLID_ANGLE_UNIT ( ) );
#2087 = ORIENTED_EDGE ( 'NONE', *, *, #2129, .T. ) ;
#2088 = ORIENTED_EDGE ( 'NONE', *, *, #110, .F. ) ;
#2089 = FACE_OUTER_BOUND ( 'NONE', #2892, .T. ) ;
#2090 = CARTESIAN_POINT ( 'NONE',  ( -0.8499999999999999778, 0.000000000000000000, 0.6500000000000000222 ) ) ;
#2091 = AXIS2_PLACEMENT_3D ( 'NONE', #691, #3273, #2418 ) ;
#2092 = SURFACE_STYLE_USAGE ( .BOTH. , #3175 ) ;
#2093 = ORIENTED_EDGE ( 'NONE', *, *, #4435, .T. ) ;
#2094 =( NAMED_UNIT ( * ) PLANE_ANGLE_UNIT ( ) SI_UNIT ( $, .RADIAN. ) );
#2095 = DIRECTION ( 'NONE',  ( 0.000000000000000000, -1.000000000000000000, 0.000000000000000000 ) ) ;
#2096 = LINE ( 'NONE', #3775, #4666 ) ;
#2097 = ORIENTED_EDGE ( 'NONE', *, *, #4030, .F. ) ;
#2098 = ORIENTED_EDGE ( 'NONE', *, *, #1682, .F. ) ;
#2099 =( GEOMETRIC_REPRESENTATION_CONTEXT ( 3 ) GLOBAL_UNCERTAINTY_ASSIGNED_CONTEXT ( ( #1883 ) ) GLOBAL_UNIT_ASSIGNED_CONTEXT ( ( #4090, #1871, #1493 ) ) REPRESENTATION_CONTEXT ( 'NONE', 'WORKASPACE' ) );
#2100 = EDGE_CURVE ( 'NONE', #464, #485, #4457, .T. ) ;
#2101 = STYLED_ITEM ( 'NONE', ( #1910 ), #3328 ) ;
#2102 =( NAMED_UNIT ( * ) SI_UNIT ( $, .STERADIAN. ) SOLID_ANGLE_UNIT ( ) );
#2103 = COLOUR_RGB ( '',0.9686274509803921573, 0.8784313725490195957, 0.5999999999999999778 ) ;
#2104 = UNCERTAINTY_MEASURE_WITH_UNIT (LENGTH_MEASURE( 1.000000000000000082E-05 ), #141, 'distance_accuracy_value', 'NONE');
#2105 =( NAMED_UNIT ( * ) SI_UNIT ( $, .STERADIAN. ) SOLID_ANGLE_UNIT ( ) );
#2106 = AXIS2_PLACEMENT_3D ( 'NONE', #1501, #4509, #3741 ) ;
#2107 = STYLED_ITEM ( 'NONE', ( #3711 ), #2 ) ;
#2108 = AXIS2_PLACEMENT_3D ( 'NONE', #1380, #3967, #4717 ) ;
#2109 = VERTEX_POINT ( 'NONE', #697 ) ;
#2110 =( NAMED_UNIT ( * ) PLANE_ANGLE_UNIT ( ) SI_UNIT ( $, .RADIAN. ) );
#2111 = FACE_OUTER_BOUND ( 'NONE', #2198, .T. ) ;
#2112 = DIRECTION ( 'NONE',  ( 0.000000000000000000, 1.000000000000000000, 0.000000000000000000 ) ) ;
#2113 = DIRECTION ( 'NONE',  ( 0.000000000000000000, -1.000000000000000000, 0.000000000000000000 ) ) ;
#2114 = DIRECTION ( 'NONE',  ( 0.000000000000000000, 1.000000000000000000, 0.000000000000000000 ) ) ;
#2115 = VERTEX_POINT ( 'NONE', #4430 ) ;
#2116 = FILL_AREA_STYLE_COLOUR ( '', #257 ) ;
#2117 = LINE ( 'NONE', #1279, #1115 ) ;
#2118 =( LENGTH_UNIT ( ) NAMED_UNIT ( * ) SI_UNIT ( .MILLI., .METRE. ) );
#2119 = PRESENTATION_STYLE_ASSIGNMENT (( #2849 ) ) ;
#2120 = PRESENTATION_LAYER_ASSIGNMENT (  '', '', ( #3459 ) ) ;
#2121 = CARTESIAN_POINT ( 'NONE',  ( 1.199999999999999956, 0.6999999999999999556, -0.5500000000000000444 ) ) ;
#2122 = PRESENTATION_STYLE_ASSIGNMENT (( #2491 ) ) ;
#2123 = CARTESIAN_POINT ( 'NONE',  ( -1.449999999999999956, 0.000000000000000000, 0.6500000000000000222 ) ) ;
#2124 = MECHANICAL_DESIGN_GEOMETRIC_PRESENTATION_REPRESENTATION (  '', ( #4129 ), #2865 ) ;
#2125 = EDGE_CURVE ( 'NONE', #1748, #2548, #3058, .T. ) ;
#2126 = UNCERTAINTY_MEASURE_WITH_UNIT (LENGTH_MEASURE( 1.000000000000000082E-05 ), #1067, 'distance_accuracy_value', 'NONE');
#2127 = SURFACE_STYLE_USAGE ( .BOTH. , #4661 ) ;
#2128 = COLOUR_RGB ( '',0.2980392156862745057, 0.2980392156862745057, 0.2980392156862745057 ) ;
#2129 = EDGE_CURVE ( 'NONE', #4064, #1270, #204, .T. ) ;
#2130 = AXIS2_PLACEMENT_3D ( 'NONE', #1345, #2605, #2258 ) ;
#2131 = PRESENTATION_STYLE_ASSIGNMENT (( #3607 ) ) ;
#2132 =( NAMED_UNIT ( * ) SI_UNIT ( $, .STERADIAN. ) SOLID_ANGLE_UNIT ( ) );
#2133 = CARTESIAN_POINT ( 'NONE',  ( 1.149999999999999911, 0.8000000000000000444, 0.5000000000000000000 ) ) ;
#2134 = CARTESIAN_POINT ( 'NONE',  ( 0.8499999999999999778, 0.02000000000000000042, -0.6500000000000000222 ) ) ;
#2135 = ORIENTED_EDGE ( 'NONE', *, *, #3285, .F. ) ;
#2136 = CARTESIAN_POINT ( 'NONE',  ( 1.500000000000000000, 0.000000000000000000, -0.7500000000000000000 ) ) ;
#2137 = COLOUR_RGB ( '',0.9686274509803921573, 0.8784313725490195957, 0.5999999999999999778 ) ;
#2138 = VECTOR ( 'NONE', #3036, 1000.000000000000114 ) ;
#2139 =( GEOMETRIC_REPRESENTATION_CONTEXT ( 3 ) GLOBAL_UNCERTAINTY_ASSIGNED_CONTEXT ( ( #4338 ) ) GLOBAL_UNIT_ASSIGNED_CONTEXT ( ( #1364, #2110, #2132 ) ) REPRESENTATION_CONTEXT ( 'NONE', 'WORKASPACE' ) );
#2140 = DIRECTION ( 'NONE',  ( -1.000000000000000000, 0.000000000000000000, 0.000000000000000000 ) ) ;
#2141 = FILL_AREA_STYLE_COLOUR ( '', #2925 ) ;
#2142 = DIRECTION ( 'NONE',  ( 0.000000000000000000, 1.000000000000000000, 0.000000000000000000 ) ) ;
#2143 = ORIENTED_EDGE ( 'NONE', *, *, #1261, .T. ) ;
#2144 = LINE ( 'NONE', #1405, #916 ) ;
#2145 = CARTESIAN_POINT ( 'NONE',  ( 1.199999999996999911, 0.5999999999999999778, -0.5500000000000000444 ) ) ;
#2146 = EDGE_LOOP ( 'NONE', ( #481, #4540, #4715, #4178, #2763, #4704, #2540, #4255, #801, #4071, #3015 ) ) ;
#2147 =( GEOMETRIC_REPRESENTATION_CONTEXT ( 3 ) GLOBAL_UNCERTAINTY_ASSIGNED_CONTEXT ( ( #4289 ) ) GLOBAL_UNIT_ASSIGNED_CONTEXT ( ( #3148, #3502, #4646 ) ) REPRESENTATION_CONTEXT ( 'NONE', 'WORKASPACE' ) );
#2148 = VECTOR ( 'NONE', #4534, 1000.000000000000000 ) ;
#2149 = EDGE_LOOP ( 'NONE', ( #3987, #2273, #2719, #2483, #1464, #2714, #1753, #1516 ) ) ;
#2150 = FILL_AREA_STYLE_COLOUR ( '', #1131 ) ;
#2151 = ORIENTED_EDGE ( 'NONE', *, *, #580, .F. ) ;
#2152 = DIRECTION ( 'NONE',  ( 0.9511248300395921396, 0.000000000000000000, 0.3088066671594974499 ) ) ;
#2153 = DIRECTION ( 'NONE',  ( 0.000000000000000000, 0.000000000000000000, 1.000000000000000000 ) ) ;
#2154 = ORIENTED_EDGE ( 'NONE', *, *, #2675, .F. ) ;
#2155 =( NAMED_UNIT ( * ) PLANE_ANGLE_UNIT ( ) SI_UNIT ( $, .RADIAN. ) );
#2156 = DIRECTION ( 'NONE',  ( 1.000000000000000000, 0.000000000000000000, -0.000000000000000000 ) ) ;
#2157 = CARTESIAN_POINT ( 'NONE',  ( 1.449999999999999956, 0.000000000000000000, 0.6999999999999999556 ) ) ;
#2158 = ADVANCED_FACE ( 'NONE', ( #2812 ), #3708, .T. ) ;
#2159 = EDGE_CURVE ( 'NONE', #1142, #1860, #397, .T. ) ;
#2160 = MECHANICAL_DESIGN_GEOMETRIC_PRESENTATION_REPRESENTATION (  '', ( #2547 ), #4406 ) ;
#2161 = VECTOR ( 'NONE', #605, 1000.000000000000000 ) ;
#2162 = UNCERTAINTY_MEASURE_WITH_UNIT (LENGTH_MEASURE( 1.000000000000000082E-05 ), #1309, 'distance_accuracy_value', 'NONE');
#2163 = LINE ( 'NONE', #1065, #659 ) ;
#2164 = CARTESIAN_POINT ( 'NONE',  ( 1.399999999999999911, 0.5999999999999999778, 0.3499999999969000131 ) ) ;
#2165 = CARTESIAN_POINT ( 'NONE',  ( 1.149999999999999911, 0.6999999999999999556, 0.5000000000000000000 ) ) ;
#2166 = DIRECTION ( 'NONE',  ( 0.000000000000000000, 1.000000000000000000, 0.000000000000000000 ) ) ;
#2167 = ORIENTED_EDGE ( 'NONE', *, *, #1127, .F. ) ;
#2168 = DIRECTION ( 'NONE',  ( 0.000000000000000000, 1.000000000000000000, 0.000000000000000000 ) ) ;
#2169 = PRESENTATION_STYLE_ASSIGNMENT (( #4343 ) ) ;
#2170 = CARTESIAN_POINT ( 'NONE',  ( 1.500000000000000000, 0.5000000000000000000, 0.7500000000000000000 ) ) ;
#2171 = FILL_AREA_STYLE_COLOUR ( '', #3178 ) ;
#2172 = MECHANICAL_DESIGN_GEOMETRIC_PRESENTATION_REPRESENTATION (  '', ( #2025 ), #4233 ) ;
#2173 = DIRECTION ( 'NONE',  ( 1.000000000000000000, 0.000000000000000000, 0.000000000000000000 ) ) ;
#2174 = MECHANICAL_DESIGN_GEOMETRIC_PRESENTATION_REPRESENTATION (  '', ( #4751 ), #4456 ) ;
#2175 = DIRECTION ( 'NONE',  ( 0.000000000000000000, 1.000000000000000000, 0.000000000000000000 ) ) ;
#2176 = SURFACE_STYLE_FILL_AREA ( #1053 ) ;
#2177 = ORIENTED_EDGE ( 'NONE', *, *, #1122, .T. ) ;
#2178 = DIRECTION ( 'NONE',  ( 1.000000000000000000, 0.000000000000000000, 0.000000000000000000 ) ) ;
#2179 = PRESENTATION_STYLE_ASSIGNMENT (( #2079 ) ) ;
#2180 = STYLED_ITEM ( 'NONE', ( #272 ), #3139 ) ;
#2181 = ADVANCED_FACE ( 'NONE', ( #2194 ), #92, .F. ) ;
#2182 = DIRECTION ( 'NONE',  ( 0.000000000000000000, 0.000000000000000000, 1.000000000000000000 ) ) ;
#2183 = PLANE ( 'NONE',  #2988 ) ;
#2184 = DIRECTION ( 'NONE',  ( 0.7071067811865470176, 0.000000000000000000, 0.7071067811865479058 ) ) ;
#2185 = LINE ( 'NONE', #1999, #210 ) ;
#2186 = EDGE_CURVE ( 'NONE', #3029, #1415, #2308, .T. ) ;
#2187 = STYLED_ITEM ( 'NONE', ( #1789 ), #3348 ) ;
#2188 = FACE_OUTER_BOUND ( 'NONE', #776, .T. ) ;
#2189 = UNCERTAINTY_MEASURE_WITH_UNIT (LENGTH_MEASURE( 1.000000000000000082E-05 ), #1857, 'distance_accuracy_value', 'NONE');
#2190 = SURFACE_SIDE_STYLE ('',( #2573 ) ) ;
#2191 = PRESENTATION_STYLE_ASSIGNMENT (( #4094 ) ) ;
#2192 = CARTESIAN_POINT ( 'NONE',  ( 1.500000000000000000, 0.000000000000000000, 0.7500000000000000000 ) ) ;
#2193 = EDGE_LOOP ( 'NONE', ( #4489, #3145, #1152, #544, #1859, #325 ) ) ;
#2194 = FACE_OUTER_BOUND ( 'NONE', #4601, .T. ) ;
#2195 = EDGE_CURVE ( 'NONE', #4067, #1141, #333, .T. ) ;
#2196 = VECTOR ( 'NONE', #2415, 1000.000000000000000 ) ;
#2197 = EDGE_LOOP ( 'NONE', ( #472, #337, #3585, #4080 ) ) ;
#2198 = EDGE_LOOP ( 'NONE', ( #3209, #1028, #2891, #2372 ) ) ;
#2199 = ORIENTED_EDGE ( 'NONE', *, *, #3339, .T. ) ;
#2200 = DIRECTION ( 'NONE',  ( -0.7071067811865474617, 0.000000000000000000, -0.7071067811865474617 ) ) ;
#2201 = CARTESIAN_POINT ( 'NONE',  ( -1.600000000000000089, 0.2700000000000000178, 0.7500000000000000000 ) ) ;
#2202 = CARTESIAN_POINT ( 'NONE',  ( 0.8499999999999999778, 0.000000000000000000, 0.6999999999999999556 ) ) ;
#2203 = CARTESIAN_POINT ( 'NONE',  ( 1.449999999999999956, 0.000000000000000000, 0.6999999999999999556 ) ) ;
#2204 = DIRECTION ( 'NONE',  ( 0.000000000000000000, 1.000000000000000000, 0.000000000000000000 ) ) ;
#2205 = CARTESIAN_POINT ( 'NONE',  ( -1.524582898450000057, 0.000000000000000000, 0.5688664269976999588 ) ) ;
#2206 = PRESENTATION_LAYER_ASSIGNMENT (  '', '', ( #2924 ) ) ;
#2207 = PRESENTATION_STYLE_ASSIGNMENT (( #2033 ) ) ;
#2208 = ORIENTED_EDGE ( 'NONE', *, *, #2071, .T. ) ;
#2209 = ADVANCED_FACE ( 'NONE', ( #4122 ), #1769, .T. ) ;
#2210 = ORIENTED_EDGE ( 'NONE', *, *, #4536, .T. ) ;
#2211 = VERTEX_POINT ( 'NONE', #1916 ) ;
#2212 = ORIENTED_EDGE ( 'NONE', *, *, #48, .F. ) ;
#2213 = AXIS2_PLACEMENT_3D ( 'NONE', #1555, #1505, #2616 ) ;
#2214 = CARTESIAN_POINT ( 'NONE',  ( -1.600000000000000089, 0.2700000000000000178, 0.6500000000000000222 ) ) ;
#2215 =( NAMED_UNIT ( * ) SI_UNIT ( $, .STERADIAN. ) SOLID_ANGLE_UNIT ( ) );
#2216 = SURFACE_SIDE_STYLE ('',( #1840 ) ) ;
#2217 = ORIENTED_EDGE ( 'NONE', *, *, #817, .F. ) ;
#2218 = CARTESIAN_POINT ( 'NONE',  ( 1.479999999999999982, 0.2700000000000000178, -0.7500000000000000000 ) ) ;
#2219 = COLOUR_RGB ( '',0.7921568627450980005, 0.8196078431372548767, 0.9333333333333333481 ) ;
#2220 = VECTOR ( 'NONE', #3852, 1000.000000000000000 ) ;
#2221 = ORIENTED_EDGE ( 'NONE', *, *, #4262, .T. ) ;
#2222 = ORIENTED_EDGE ( 'NONE', *, *, #1232, .T. ) ;
#2223 = UNCERTAINTY_MEASURE_WITH_UNIT (LENGTH_MEASURE( 1.000000000000000082E-05 ), #505, 'distance_accuracy_value', 'NONE');
#2224 = CARTESIAN_POINT ( 'NONE',  ( -1.449999999999999956, 0.000000000000000000, 0.7500000000000000000 ) ) ;
#2225 = EDGE_CURVE ( 'NONE', #2595, #1473, #3126, .T. ) ;
#2226 = PRESENTATION_LAYER_ASSIGNMENT (  '', '', ( #1895 ) ) ;
#2227 = CARTESIAN_POINT ( 'NONE',  ( 1.600000000000000089, 0.02000000000000000042, -0.7477721122078000437 ) ) ;
#2228 = LINE ( 'NONE', #4684, #4093 ) ;
#2229 = ORIENTED_EDGE ( 'NONE', *, *, #4313, .F. ) ;
#2230 = SURFACE_STYLE_FILL_AREA ( #3712 ) ;
#2231 = SURFACE_SIDE_STYLE ('',( #1782 ) ) ;
#2232 = ADVANCED_FACE ( 'NONE', ( #2359 ), #3274, .F. ) ;
#2233 = LINE ( 'NONE', #2759, #498 ) ;
#2234 = SURFACE_STYLE_USAGE ( .BOTH. , #1913 ) ;
#2235 = PRESENTATION_LAYER_ASSIGNMENT (  '', '', ( #1900 ) ) ;
#2236 = VECTOR ( 'NONE', #1966, 1000.000000000000000 ) ;
#2237 = DIRECTION ( 'NONE',  ( 0.000000000000000000, -1.000000000000000000, 0.000000000000000000 ) ) ;
#2238 = SURFACE_STYLE_FILL_AREA ( #1178 ) ;
#2239 = SURFACE_SIDE_STYLE ('',( #3065 ) ) ;
#2240 = COLOUR_RGB ( '',0.2980392156862745057, 0.2980392156862745057, 0.2980392156862745057 ) ;
#2241 = CARTESIAN_POINT ( 'NONE',  ( -1.149999999999999911, 0.6999999999999999556, 0.2999999999999999889 ) ) ;
#2242 = VECTOR ( 'NONE', #391, 1000.000000000000000 ) ;
#2243 = DIRECTION ( 'NONE',  ( 0.000000000000000000, 0.000000000000000000, 1.000000000000000000 ) ) ;
#2244 = STYLED_ITEM ( 'NONE', ( #266 ), #2887 ) ;
#2245 = PLANE ( 'NONE',  #2213 ) ;
#2246 = ORIENTED_EDGE ( 'NONE', *, *, #2257, .T. ) ;
#2247 = PRESENTATION_STYLE_ASSIGNMENT (( #3906 ) ) ;
#2248 = LINE ( 'NONE', #2029, #4340 ) ;
#2249 = MECHANICAL_DESIGN_GEOMETRIC_PRESENTATION_REPRESENTATION (  '', ( #3000 ), #2506 ) ;
#2250 =( NAMED_UNIT ( * ) PLANE_ANGLE_UNIT ( ) SI_UNIT ( $, .RADIAN. ) );
#2251 = DIRECTION ( 'NONE',  ( 0.000000000000000000, 0.000000000000000000, -1.000000000000000000 ) ) ;
#2252 = VECTOR ( 'NONE', #412, 1000.000000000000000 ) ;
#2253 = CARTESIAN_POINT ( 'NONE',  ( 1.600000000000000089, 0.000000000000000000, -0.5500000000000000444 ) ) ;
#2254 = DIRECTION ( 'NONE',  ( -1.000000000000000000, 0.000000000000000000, 0.000000000000000000 ) ) ;
#2255 = FILL_AREA_STYLE ('',( #1845 ) ) ;
#2256 =( GEOMETRIC_REPRESENTATION_CONTEXT ( 3 ) GLOBAL_UNCERTAINTY_ASSIGNED_CONTEXT ( ( #1073 ) ) GLOBAL_UNIT_ASSIGNED_CONTEXT ( ( #2471, #2437, #2102 ) ) REPRESENTATION_CONTEXT ( 'NONE', 'WORKASPACE' ) );
#2257 = EDGE_CURVE ( 'NONE', #2383, #1025, #1692, .T. ) ;
#2258 = DIRECTION ( 'NONE',  ( -1.000000000000000000, 0.000000000000000000, 0.000000000000000000 ) ) ;
#2259 = ORIENTED_EDGE ( 'NONE', *, *, #606, .F. ) ;
#2260 = FILL_AREA_STYLE_COLOUR ( '', #1263 ) ;
#2261 = FILL_AREA_STYLE ('',( #3076 ) ) ;
#2262 =( NAMED_UNIT ( * ) PLANE_ANGLE_UNIT ( ) SI_UNIT ( $, .RADIAN. ) );
#2263 = VERTEX_POINT ( 'NONE', #1784 ) ;
#2264 = EDGE_CURVE ( 'NONE', #576, #853, #4116, .T. ) ;
#2265 = ORIENTED_EDGE ( 'NONE', *, *, #3446, .T. ) ;
#2266 = FILL_AREA_STYLE ('',( #433 ) ) ;
#2267 = EDGE_LOOP ( 'NONE', ( #3153, #3913, #3185, #4060, #220, #1659, #475, #2212, #1477, #345 ) ) ;
#2268 = EDGE_LOOP ( 'NONE', ( #538, #754, #2958, #4649 ) ) ;
#2269 = SURFACE_SIDE_STYLE ('',( #2799 ) ) ;
#2270 =( NAMED_UNIT ( * ) SI_UNIT ( $, .STERADIAN. ) SOLID_ANGLE_UNIT ( ) );
#2271 = PLANE ( 'NONE',  #771 ) ;
#2272 = AXIS2_PLACEMENT_3D ( 'NONE', #3805, #3819, #1597 ) ;
#2273 = ORIENTED_EDGE ( 'NONE', *, *, #3850, .T. ) ;
#2274 = FILL_AREA_STYLE ('',( #2260 ) ) ;
#2275 = DIRECTION ( 'NONE',  ( 0.000000000000000000, -0.000000000000000000, -1.000000000000000000 ) ) ;
#2276 = ORIENTED_EDGE ( 'NONE', *, *, #4559, .T. ) ;
#2277 = DIRECTION ( 'NONE',  ( 0.000000000000000000, 0.000000000000000000, 1.000000000000000000 ) ) ;
#2278 = DIRECTION ( 'NONE',  ( -1.000000000000000000, 0.000000000000000000, 0.000000000000000000 ) ) ;
#2279 = CARTESIAN_POINT ( 'NONE',  ( -1.350000000000000089, 0.6999999999999999556, 0.2999999999999999889 ) ) ;
#2280 = VERTEX_POINT ( 'NONE', #4380 ) ;
#2281 = CARTESIAN_POINT ( 'NONE',  ( -1.481443453995999970, 0.02000000000000000042, -0.7314434539959999704 ) ) ;
#2282 = AXIS2_PLACEMENT_3D ( 'NONE', #4732, #4003, #2156 ) ;
#2283 = EDGE_CURVE ( 'NONE', #1885, #1658, #2518, .T. ) ;
#2284 = DIRECTION ( 'NONE',  ( 0.000000000000000000, 0.000000000000000000, -1.000000000000000000 ) ) ;
#2285 = VECTOR ( 'NONE', #1795, 1000.000000000000000 ) ;
#2286 = DIRECTION ( 'NONE',  ( 0.000000000000000000, 0.000000000000000000, -1.000000000000000000 ) ) ;
#2287 = EDGE_CURVE ( 'NONE', #3448, #302, #446, .T. ) ;
#2288 =( LENGTH_UNIT ( ) NAMED_UNIT ( * ) SI_UNIT ( .MILLI., .METRE. ) );
#2289 =( NAMED_UNIT ( * ) SI_UNIT ( $, .STERADIAN. ) SOLID_ANGLE_UNIT ( ) );
#2290 = CARTESIAN_POINT ( 'NONE',  ( 1.600000000000000089, 0.02000000000000000042, -0.6300000000000000044 ) ) ;
#2291 = PRESENTATION_STYLE_ASSIGNMENT (( #4488 ) ) ;
#2292 = CARTESIAN_POINT ( 'NONE',  ( 1.399999999999999911, 0.6999999999999999556, 0.3499999999999999778 ) ) ;
#2293 = SURFACE_STYLE_USAGE ( .BOTH. , #796 ) ;
#2294 = CIRCLE ( 'NONE', #2952, 0.2999999999999999334 ) ;
#2295 = STYLED_ITEM ( 'NONE', ( #3407 ), #4689 ) ;
#2296 = MECHANICAL_DESIGN_GEOMETRIC_PRESENTATION_REPRESENTATION (  '', ( #738 ), #3547 ) ;
#2297 = VECTOR ( 'NONE', #1478, 1000.000000000000000 ) ;
#2298 = FILL_AREA_STYLE_COLOUR ( '', #148 ) ;
#2299 = STYLED_ITEM ( 'NONE', ( #3804 ), #250 ) ;
#2300 = CARTESIAN_POINT ( 'NONE',  ( 1.600000000000000089, 0.000000000000000000, 0.6500000000000000222 ) ) ;
#2301 = VECTOR ( 'NONE', #2641, 1000.000000000000000 ) ;
#2302 = LINE ( 'NONE', #584, #1853 ) ;
#2303 = SURFACE_SIDE_STYLE ('',( #1770 ) ) ;
#2304 = DIRECTION ( 'NONE',  ( 0.000000000000000000, 0.000000000000000000, 1.000000000000000000 ) ) ;
#2305 =( GEOMETRIC_REPRESENTATION_CONTEXT ( 3 ) GLOBAL_UNCERTAINTY_ASSIGNED_CONTEXT ( ( #3582 ) ) GLOBAL_UNIT_ASSIGNED_CONTEXT ( ( #574, #914, #3521 ) ) REPRESENTATION_CONTEXT ( 'NONE', 'WORKASPACE' ) );
#2306 = VERTEX_POINT ( 'NONE', #2899 ) ;
#2307 = CARTESIAN_POINT ( 'NONE',  ( -1.524582898450000057, 0.000000000000000000, -0.6261335730022999924 ) ) ;
#2308 = LINE ( 'NONE', #2343, #1325 ) ;
#2309 = UNCERTAINTY_MEASURE_WITH_UNIT (LENGTH_MEASURE( 1.000000000000000082E-05 ), #2118, 'distance_accuracy_value', 'NONE');
#2310 = CARTESIAN_POINT ( 'NONE',  ( -1.199999999999999956, 0.5000000000000000000, -0.3499999999999999778 ) ) ;
#2311 = EDGE_LOOP ( 'NONE', ( #2530, #3774, #3745, #3992 ) ) ;
#2312 = SURFACE_SIDE_STYLE ('',( #1442 ) ) ;
#2313 = CYLINDRICAL_SURFACE ( 'NONE', #730, 0.1000000000000000472 ) ;
#2314 = STYLED_ITEM ( 'NONE', ( #1886 ), #1046 ) ;
#2315 = EDGE_CURVE ( 'NONE', #3425, #485, #3516, .T. ) ;
#2316 = ORIENTED_EDGE ( 'NONE', *, *, #4104, .F. ) ;
#2317 = VECTOR ( 'NONE', #362, 1000.000000000000000 ) ;
#2318 = SURFACE_SIDE_STYLE ('',( #2230 ) ) ;
#2319 = SURFACE_SIDE_STYLE ('',( #1160 ) ) ;
#2320 = CARTESIAN_POINT ( 'NONE',  ( -1.600000000000000089, 0.02000000000000000042, 0.6299999999999998934 ) ) ;
#2321 = ORIENTED_EDGE ( 'NONE', *, *, #3579, .F. ) ;
#2322 =( GEOMETRIC_REPRESENTATION_CONTEXT ( 3 ) GLOBAL_UNCERTAINTY_ASSIGNED_CONTEXT ( ( #4427 ) ) GLOBAL_UNIT_ASSIGNED_CONTEXT ( ( #366, #3335, #2270 ) ) REPRESENTATION_CONTEXT ( 'NONE', 'WORKASPACE' ) );
#2323 = EDGE_LOOP ( 'NONE', ( #1756, #3704, #4660, #3493, #2592, #1743 ) ) ;
#2324 =( NAMED_UNIT ( * ) PLANE_ANGLE_UNIT ( ) SI_UNIT ( $, .RADIAN. ) );
#2325 = ORIENTED_EDGE ( 'NONE', *, *, #4222, .F. ) ;
#2326 = SURFACE_SIDE_STYLE ('',( #1593 ) ) ;
#2327 = CARTESIAN_POINT ( 'NONE',  ( -0.8499999999999999778, 0.000000000000000000, 0.6500000000000000222 ) ) ;
#2328 = CARTESIAN_POINT ( 'NONE',  ( -1.449999999999999956, 0.02000000000000000042, 0.7500000000000000000 ) ) ;
#2329 = ORIENTED_EDGE ( 'NONE', *, *, #3958, .T. ) ;
#2330 = SURFACE_STYLE_USAGE ( .BOTH. , #1967 ) ;
#2331 = CARTESIAN_POINT ( 'NONE',  ( -1.199999999999999956, 0.6999999999999999556, -0.5500000000000000444 ) ) ;
#2332 = SURFACE_STYLE_USAGE ( .BOTH. , #2721 ) ;
#2333 = COLOUR_RGB ( '',0.9686274509803921573, 0.8784313725490195957, 0.5999999999999999778 ) ;
#2334 = EDGE_LOOP ( 'NONE', ( #2088, #1906, #2537, #3435 ) ) ;
#2335 = UNCERTAINTY_MEASURE_WITH_UNIT (LENGTH_MEASURE( 1.000000000000000082E-05 ), #1873, 'distance_accuracy_value', 'NONE');
#2336 = ORIENTED_EDGE ( 'NONE', *, *, #2645, .T. ) ;
#2337 = DIRECTION ( 'NONE',  ( 0.000000000000000000, 0.000000000000000000, 1.000000000000000000 ) ) ;
#2338 = SURFACE_STYLE_FILL_AREA ( #3111 ) ;
#2339 = DIRECTION ( 'NONE',  ( -1.000000000000000000, 0.000000000000000000, 0.000000000000000000 ) ) ;
#2341 = LINE ( 'NONE', #2497, #3217 ) ;
#2340 = APPLICATION_CONTEXT ( 'automotive_design' ) ;
#2342 = EDGE_CURVE ( 'NONE', #1982, #2211, #4286, .T. ) ;
#2343 = CARTESIAN_POINT ( 'NONE',  ( -1.500000000000000000, 0.2700000000000000178, 0.7500000000000000000 ) ) ;
#2344 = VECTOR ( 'NONE', #4605, 1000.000000000000000 ) ;
#2345 = CARTESIAN_POINT ( 'NONE',  ( -1.600000000000000089, 0.2700000000000000178, 0.6300000000000000044 ) ) ;
#2346 = DIRECTION ( 'NONE',  ( 0.000000000000000000, 1.000000000000000000, 0.000000000000000000 ) ) ;
#2347 = FACE_OUTER_BOUND ( 'NONE', #1095, .T. ) ;
#2348 = PRESENTATION_LAYER_ASSIGNMENT (  '', '', ( #3105 ) ) ;
#2349 = MECHANICAL_DESIGN_GEOMETRIC_PRESENTATION_REPRESENTATION (  '', ( #2107 ), #2578 ) ;
#2350 = AXIS2_PLACEMENT_3D ( 'NONE', #1874, #2542, #2237 ) ;
#2351 = DIRECTION ( 'NONE',  ( 0.000000000000000000, -0.000000000000000000, -1.000000000000000000 ) ) ;
#2352 = VECTOR ( 'NONE', #4266, 1000.000000000000000 ) ;
#2353 = CARTESIAN_POINT ( 'NONE',  ( -1.600000000000000089, 0.5000000000000000000, 0.6500000000000000222 ) ) ;
#2354 = MECHANICAL_DESIGN_GEOMETRIC_PRESENTATION_REPRESENTATION (  '', ( #618 ), #1439 ) ;
#2355 = LINE ( 'NONE', #739, #2297 ) ;
#2356 = AXIS2_PLACEMENT_3D ( 'NONE', #2880, #4700, #698 ) ;
#2357 = FILL_AREA_STYLE_COLOUR ( '', #3155 ) ;
#2358 = CIRCLE ( 'NONE', #2006, 0.1200000000000000788 ) ;
#2359 = FACE_OUTER_BOUND ( 'NONE', #2390, .T. ) ;
#2360 = PLANE ( 'NONE',  #4547 ) ;
#2361 = COLOUR_RGB ( '',0.2980392156862745057, 0.2980392156862745057, 0.2980392156862745057 ) ;
#2362 = CARTESIAN_POINT ( 'NONE',  ( 1.600000000000000089, 0.2700000000000000178, -0.7500000000000000000 ) ) ;
#2363 = VERTEX_POINT ( 'NONE', #3086 ) ;
#2364 = CARTESIAN_POINT ( 'NONE',  ( -1.500000000000000000, 0.5000000000000000000, 0.7500000000000000000 ) ) ;
#2365 = UNCERTAINTY_MEASURE_WITH_UNIT (LENGTH_MEASURE( 1.000000000000000082E-05 ), #943, 'distance_accuracy_value', 'NONE');
#2366 =( NAMED_UNIT ( * ) SI_UNIT ( $, .STERADIAN. ) SOLID_ANGLE_UNIT ( ) );
#2367 = MECHANICAL_DESIGN_GEOMETRIC_PRESENTATION_REPRESENTATION (  '', ( #3525 ), #1889 ) ;
#2368 = EDGE_CURVE ( 'NONE', #947, #285, #1002, .T. ) ;
#2369 = DIRECTION ( 'NONE',  ( 0.000000000000000000, 0.000000000000000000, 1.000000000000000000 ) ) ;
#2370 =( NAMED_UNIT ( * ) PLANE_ANGLE_UNIT ( ) SI_UNIT ( $, .RADIAN. ) );
#2371 = PLANE ( 'NONE',  #392 ) ;
#2372 = ORIENTED_EDGE ( 'NONE', *, *, #2342, .T. ) ;
#2373 = ORIENTED_EDGE ( 'NONE', *, *, #1921, .T. ) ;
#2374 = ORIENTED_EDGE ( 'NONE', *, *, #892, .F. ) ;
#2375 = DIRECTION ( 'NONE',  ( 0.000000000000000000, 0.000000000000000000, 1.000000000000000000 ) ) ;
#2376 =( LENGTH_UNIT ( ) NAMED_UNIT ( * ) SI_UNIT ( .MILLI., .METRE. ) );
#2377 = ORIENTED_EDGE ( 'NONE', *, *, #315, .T. ) ;
#2378 = VERTEX_POINT ( 'NONE', #4194 ) ;
#2379 = EDGE_CURVE ( 'NONE', #819, #3195, #4113, .T. ) ;
#2380 = PRESENTATION_LAYER_ASSIGNMENT (  '', '', ( #4775 ) ) ;
#2381 = EDGE_LOOP ( 'NONE', ( #978, #2048, #2664, #2599 ) ) ;
#2382 = DIRECTION ( 'NONE',  ( 0.000000000000000000, 0.000000000000000000, 1.000000000000000000 ) ) ;
#2383 = VERTEX_POINT ( 'NONE', #3877 ) ;
#2384 = SURFACE_SIDE_STYLE ('',( #1862 ) ) ;
#2385 = MECHANICAL_DESIGN_GEOMETRIC_PRESENTATION_REPRESENTATION (  '', ( #3729 ), #2621 ) ;
#2386 = AXIS2_PLACEMENT_3D ( 'NONE', #3823, #1647, #2686 ) ;
#2387 = DIRECTION ( 'NONE',  ( 0.000000000000000000, 0.000000000000000000, -1.000000000000000000 ) ) ;
#2388 = LINE ( 'NONE', #1255, #2161 ) ;
#2389 = CARTESIAN_POINT ( 'NONE',  ( -1.479999999999999982, 0.000000000000000000, -0.7500000000000000000 ) ) ;
#2390 = EDGE_LOOP ( 'NONE', ( #1395, #102, #4603, #2435 ) ) ;
#2391 = FILL_AREA_STYLE_COLOUR ( '', #2766 ) ;
#2392 = CYLINDRICAL_SURFACE ( 'NONE', #259, 0.1000000000000000472 ) ;
#2393 = DIRECTION ( 'NONE',  ( 0.000000000000000000, 0.000000000000000000, -1.000000000000000000 ) ) ;
#2394 = SURFACE_STYLE_FILL_AREA ( #2757 ) ;
#2395 = UNCERTAINTY_MEASURE_WITH_UNIT (LENGTH_MEASURE( 1.000000000000000082E-05 ), #4522, 'distance_accuracy_value', 'NONE');
#2396 =( NAMED_UNIT ( * ) SI_UNIT ( $, .STERADIAN. ) SOLID_ANGLE_UNIT ( ) );
#2397 = SURFACE_SIDE_STYLE ('',( #200 ) ) ;
#2398 = CIRCLE ( 'NONE', #4384, 0.1200000000000000927 ) ;
#2399 = AXIS2_PLACEMENT_3D ( 'NONE', #2081, #1693, #3201 ) ;
#2400 = ADVANCED_FACE ( 'NONE', ( #1515 ), #2360, .F. ) ;
#2401 =( LENGTH_UNIT ( ) NAMED_UNIT ( * ) SI_UNIT ( .MILLI., .METRE. ) );
#2402 = DIRECTION ( 'NONE',  ( 0.000000000000000000, 1.000000000000000000, 0.000000000000000000 ) ) ;
#2403 = SURFACE_SIDE_STYLE ('',( #1269 ) ) ;
#2404 = LINE ( 'NONE', #3771, #2011 ) ;
#2405 = CARTESIAN_POINT ( 'NONE',  ( -1.481443453995999970, 0.000000000000000000, -0.7314434539959999704 ) ) ;
#2406 = MECHANICAL_DESIGN_GEOMETRIC_PRESENTATION_REPRESENTATION (  '', ( #2643 ), #3007 ) ;
#2407 = EDGE_CURVE ( 'NONE', #3677, #2378, #1556, .T. ) ;
#2408 = AXIS2_PLACEMENT_3D ( 'NONE', #62, #3394, #1525 ) ;
#2409 = PRESENTATION_STYLE_ASSIGNMENT (( #2919 ) ) ;
#2410 = SURFACE_STYLE_USAGE ( .BOTH. , #3909 ) ;
#2411 = CARTESIAN_POINT ( 'NONE',  ( -1.600000000000000089, 0.2700000000000000178, -0.7500000000000000000 ) ) ;
#2412 = FACE_OUTER_BOUND ( 'NONE', #1805, .T. ) ;
#2413 = SURFACE_SIDE_STYLE ('',( #1581 ) ) ;
#2414 = VECTOR ( 'NONE', #4501, 1000.000000000000000 ) ;
#2415 = DIRECTION ( 'NONE',  ( 0.000000000000000000, 1.000000000000000000, 0.000000000000000000 ) ) ;
#2416 = AXIS2_PLACEMENT_3D ( 'NONE', #3808, #4259, #600 ) ;
#2417 =( GEOMETRIC_REPRESENTATION_CONTEXT ( 3 ) GLOBAL_UNCERTAINTY_ASSIGNED_CONTEXT ( ( #2022 ) ) GLOBAL_UNIT_ASSIGNED_CONTEXT ( ( #1330, #3934, #2829 ) ) REPRESENTATION_CONTEXT ( 'NONE', 'WORKASPACE' ) );
#2418 = DIRECTION ( 'NONE',  ( 1.000000000000000000, 0.000000000000000000, 0.000000000000000000 ) ) ;
#2419 = CARTESIAN_POINT ( 'NONE',  ( 1.600000000000000089, 0.000000000000000000, -0.6500000000000000222 ) ) ;
#2420 = COLOUR_RGB ( '',0.2980392156862745057, 0.2980392156862745057, 0.2980392156862745057 ) ;
#2421 = ADVANCED_FACE ( 'NONE', ( #4095 ), #241, .F. ) ;
#2422 = VECTOR ( 'NONE', #3261, 1000.000000000000000 ) ;
#2423 = DIRECTION ( 'NONE',  ( 0.000000000000000000, -1.000000000000000000, 0.000000000000000000 ) ) ;
#2424 = EDGE_LOOP ( 'NONE', ( #2222, #1737, #2097, #3943 ) ) ;
#2425 = CARTESIAN_POINT ( 'NONE',  ( -1.500000000000000000, 0.000000000000000000, 0.7500000000000000000 ) ) ;
#2426 = ORIENTED_EDGE ( 'NONE', *, *, #2545, .F. ) ;
#2427 = CARTESIAN_POINT ( 'NONE',  ( -1.149999999999999911, 0.6999999999999999556, -0.2999999999999999889 ) ) ;
#2428 = VERTEX_POINT ( 'NONE', #913 ) ;
#2429 = ORIENTED_EDGE ( 'NONE', *, *, #672, .F. ) ;
#2430 = CYLINDRICAL_SURFACE ( 'NONE', #1463, 0.1000000000000000472 ) ;
#2431 = AXIS2_PLACEMENT_3D ( 'NONE', #4688, #1772, #2511 ) ;
#2432 = EDGE_CURVE ( 'NONE', #2115, #752, #1891, .T. ) ;
#2433 = CARTESIAN_POINT ( 'NONE',  ( 1.350000000000000089, 0.6999999999999999556, -0.2999999999999999889 ) ) ;
#2434 = STYLED_ITEM ( 'NONE', ( #3815 ), #3565 ) ;
#2435 = ORIENTED_EDGE ( 'NONE', *, *, #1715, .T. ) ;
#2436 = STYLED_ITEM ( 'NONE', ( #1210 ), #3210 ) ;
#2437 =( NAMED_UNIT ( * ) PLANE_ANGLE_UNIT ( ) SI_UNIT ( $, .RADIAN. ) );
#2438 = VERTEX_POINT ( 'NONE', #4324 ) ;
#2439 = EDGE_CURVE ( 'NONE', #1748, #3354, #4778, .T. ) ;
#2440 = ORIENTED_EDGE ( 'NONE', *, *, #1465, .F. ) ;
#2441 = COLOUR_RGB ( '',0.9686274509803921573, 0.8784313725490195957, 0.5999999999999999778 ) ;
#2442 = CARTESIAN_POINT ( 'NONE',  ( 1.600000000000000089, 0.000000000000000000, 0.7500000000000000000 ) ) ;
#2443 = FILL_AREA_STYLE_COLOUR ( '', #1832 ) ;
#2444 = DIRECTION ( 'NONE',  ( 0.000000000000000000, 0.000000000000000000, 1.000000000000000000 ) ) ;
#2445 = CARTESIAN_POINT ( 'NONE',  ( -1.499999999996999955, 0.5000000000000000000, 0.3499999999820000429 ) ) ;
#2446 = ORIENTED_EDGE ( 'NONE', *, *, #3220, .T. ) ;
#2447 = ORIENTED_EDGE ( 'NONE', *, *, #3910, .T. ) ;
#2448 =( GEOMETRIC_REPRESENTATION_CONTEXT ( 3 ) GLOBAL_UNCERTAINTY_ASSIGNED_CONTEXT ( ( #3476 ) ) GLOBAL_UNIT_ASSIGNED_CONTEXT ( ( #4140, #2262, #3363 ) ) REPRESENTATION_CONTEXT ( 'NONE', 'WORKASPACE' ) );
#2449 = UNCERTAINTY_MEASURE_WITH_UNIT (LENGTH_MEASURE( 1.000000000000000082E-05 ), #1126, 'distance_accuracy_value', 'NONE');
#2450 = DIRECTION ( 'NONE',  ( -0.000000000000000000, 1.000000000000000000, -0.000000000000000000 ) ) ;
#2451 = DIRECTION ( 'NONE',  ( -0.7071067811981286422, 0.000000000000000000, -0.7071067811749665033 ) ) ;
#2452 = VECTOR ( 'NONE', #1604, 1000.000000000000000 ) ;
#2453 = DIRECTION ( 'NONE',  ( 1.000000000000000000, 0.000000000000000000, 0.000000000000000000 ) ) ;
#2454 = FILL_AREA_STYLE ('',( #2116 ) ) ;
#2455 = COLOUR_RGB ( '',0.9686274509803921573, 0.8784313725490195957, 0.5999999999999999778 ) ;
#2456 = LINE ( 'NONE', #213, #1507 ) ;
#2457 = VECTOR ( 'NONE', #3308, 1000.000000000000000 ) ;
#2458 = SURFACE_STYLE_FILL_AREA ( #1783 ) ;
#2459 = EDGE_CURVE ( 'NONE', #1712, #4141, #3104, .T. ) ;
#2460 = STYLED_ITEM ( 'NONE', ( #3862 ), #3926 ) ;
#2461 = ADVANCED_FACE ( 'NONE', ( #4725 ), #1726, .T. ) ;
#2462 = DIRECTION ( 'NONE',  ( 0.000000000000000000, 0.000000000000000000, -1.000000000000000000 ) ) ;
#2463 = CARTESIAN_POINT ( 'NONE',  ( -1.199999999999999956, 0.5000000000000000000, 0.3499999999999999778 ) ) ;
#2464 = FILL_AREA_STYLE ('',( #4370 ) ) ;
#2465 = MECHANICAL_DESIGN_GEOMETRIC_PRESENTATION_REPRESENTATION (  '', ( #939 ), #1209 ) ;
#2466 = LINE ( 'NONE', #3471, #1201 ) ;
#2467 = EDGE_LOOP ( 'NONE', ( #1007, #4494, #2151, #1264 ) ) ;
#2468 = PLANE ( 'NONE',  #4225 ) ;
#2469 = ORIENTED_EDGE ( 'NONE', *, *, #2100, .F. ) ;
#2470 = ORIENTED_EDGE ( 'NONE', *, *, #612, .T. ) ;
#2471 =( LENGTH_UNIT ( ) NAMED_UNIT ( * ) SI_UNIT ( .MILLI., .METRE. ) );
#2472 = LINE ( 'NONE', #3880, #847 ) ;
#2473 = CARTESIAN_POINT ( 'NONE',  ( 1.600000000000000089, 0.5000000000000000000, 0.6500000000000000222 ) ) ;
#2474 = ORIENTED_EDGE ( 'NONE', *, *, #4347, .T. ) ;
#2475 = CARTESIAN_POINT ( 'NONE',  ( 1.600000000000000089, 0.2700000000000000178, 0.7500000000000000000 ) ) ;
#2476 = DIRECTION ( 'NONE',  ( 0.000000000000000000, 0.000000000000000000, -1.000000000000000000 ) ) ;
#2477 = VERTEX_POINT ( 'NONE', #3555 ) ;
#2478 = EDGE_LOOP ( 'NONE', ( #2898, #11, #2848, #2246 ) ) ;
#2479 = ADVANCED_FACE ( 'NONE', ( #1357 ), #3199, .T. ) ;
#2480 = CARTESIAN_POINT ( 'NONE',  ( -1.600000000000000089, 0.000000000000000000, -0.6500000000000000222 ) ) ;
#2481 = VERTEX_POINT ( 'NONE', #1301 ) ;
#2482 = EDGE_CURVE ( 'NONE', #3723, #3725, #1905, .T. ) ;
#2483 = ORIENTED_EDGE ( 'NONE', *, *, #3508, .T. ) ;
#2484 = CLOSED_SHELL ( 'NONE', ( #4357, #676, #3643, #2400, #4268, #3255, #623, #4734, #2938, #4631, #324, #190, #1068, #356, #1333, #4481, #4716, #2887, #1098 ) ) ;
#2485 = CIRCLE ( 'NONE', #252, 0.1000000000000000472 ) ;
#2486 = CARTESIAN_POINT ( 'NONE',  ( 0.8499999999999999778, 0.000000000000000000, -0.6500000000000000222 ) ) ;
#2487 =( NAMED_UNIT ( * ) SI_UNIT ( $, .STERADIAN. ) SOLID_ANGLE_UNIT ( ) );
#2488 = MECHANICAL_DESIGN_GEOMETRIC_PRESENTATION_REPRESENTATION (  '', ( #3687 ), #2755 ) ;
#2489 = EDGE_CURVE ( 'NONE', #115, #1988, #2761, .T. ) ;
#2490 = DIRECTION ( 'NONE',  ( 1.000000000000000000, 0.000000000000000000, 0.000000000000000000 ) ) ;
#2491 = SURFACE_STYLE_USAGE ( .BOTH. , #1408 ) ;
#2492 = CIRCLE ( 'NONE', #3545, 0.1000000000000000472 ) ;
#2493 = LINE ( 'NONE', #1903, #4375 ) ;
#2494 = VECTOR ( 'NONE', #854, 1000.000000000000000 ) ;
#2495 = AXIS2_PLACEMENT_3D ( 'NONE', #1344, #1299, #1724 ) ;
#2496 = EDGE_LOOP ( 'NONE', ( #66, #1918, #2325, #3618 ) ) ;
#2497 = CARTESIAN_POINT ( 'NONE',  ( -1.600000000000000089, 0.000000000000000000, 0.5688664269976999588 ) ) ;
#2498 = DIRECTION ( 'NONE',  ( -0.000000000000000000, 1.000000000000000000, -0.000000000000000000 ) ) ;
#2499 = AXIS2_PLACEMENT_3D ( 'NONE', #2425, #2444, #2453 ) ;
#2500 = FACE_BOUND ( 'NONE', #3150, .T. ) ;
#2501 = UNCERTAINTY_MEASURE_WITH_UNIT (LENGTH_MEASURE( 1.000000000000000082E-05 ), #4760, 'distance_accuracy_value', 'NONE');
#2502 = SURFACE_STYLE_FILL_AREA ( #1595 ) ;
#2503 = DIRECTION ( 'NONE',  ( 1.000000000000000000, 0.000000000000000000, 0.000000000000000000 ) ) ;
#2504 = PRESENTATION_LAYER_ASSIGNMENT (  '', '', ( #4015 ) ) ;
#2505 = CARTESIAN_POINT ( 'NONE',  ( -1.149999999999999911, 0.8000000000000000444, -0.2999999999999999889 ) ) ;
#2506 =( GEOMETRIC_REPRESENTATION_CONTEXT ( 3 ) GLOBAL_UNCERTAINTY_ASSIGNED_CONTEXT ( ( #1110 ) ) GLOBAL_UNIT_ASSIGNED_CONTEXT ( ( #1510, #2584, #3349 ) ) REPRESENTATION_CONTEXT ( 'NONE', 'WORKASPACE' ) );
#2507 = VECTOR ( 'NONE', #2178, 1000.000000000000000 ) ;
#2508 =( NAMED_UNIT ( * ) PLANE_ANGLE_UNIT ( ) SI_UNIT ( $, .RADIAN. ) );
#2509 = DIRECTION ( 'NONE',  ( 0.000000000000000000, -1.000000000000000000, 0.000000000000000000 ) ) ;
#2510 = VECTOR ( 'NONE', #2882, 1000.000000000000000 ) ;
#2511 = DIRECTION ( 'NONE',  ( 0.000000000000000000, 0.000000000000000000, -1.000000000000000000 ) ) ;
#2512 = COLOUR_RGB ( '',0.9686274509803921573, 0.8784313725490195957, 0.5999999999999999778 ) ;
#2513 = STYLED_ITEM ( 'NONE', ( #3113 ), #907 ) ;
#2514 = EDGE_CURVE ( 'NONE', #2383, #3962, #4459, .T. ) ;
#2515 = AXIS2_PLACEMENT_3D ( 'NONE', #2671, #3814, #3454 ) ;
#2516 = FILL_AREA_STYLE_COLOUR ( '', #1908 ) ;
#2517 = CARTESIAN_POINT ( 'NONE',  ( 1.600000000000000089, 0.02000000000000000042, -0.5500000000000000444 ) ) ;
#2518 = LINE ( 'NONE', #2121, #569 ) ;
#2519 = CARTESIAN_POINT ( 'NONE',  ( -1.500000000000000000, 0.5000000000000000000, 0.7500000000000000000 ) ) ;
#2520 = EDGE_CURVE ( 'NONE', #689, #1699, #2294, .T. ) ;
#2521 =( NAMED_UNIT ( * ) SI_UNIT ( $, .STERADIAN. ) SOLID_ANGLE_UNIT ( ) );
#2522 =( NAMED_UNIT ( * ) PLANE_ANGLE_UNIT ( ) SI_UNIT ( $, .RADIAN. ) );
#2523 = DIRECTION ( 'NONE',  ( 0.000000000000000000, -1.000000000000000000, 0.000000000000000000 ) ) ;
#2524 = FILL_AREA_STYLE ('',( #2150 ) ) ;
#2525 = CARTESIAN_POINT ( 'NONE',  ( 0.000000000000000000, 0.02000000000000000042, 0.000000000000000000 ) ) ;
#2526 = LINE ( 'NONE', #4076, #4399 ) ;
#2527 =( NAMED_UNIT ( * ) PLANE_ANGLE_UNIT ( ) SI_UNIT ( $, .RADIAN. ) );
#2528 = FILL_AREA_STYLE_COLOUR ( '', #4123 ) ;
#2529 = AXIS2_PLACEMENT_3D ( 'NONE', #2463, #2879, #979 ) ;
#2530 = ORIENTED_EDGE ( 'NONE', *, *, #1084, .T. ) ;
#2531 = ADVANCED_FACE ( 'NONE', ( #150 ), #3649, .T. ) ;
#2532 = UNCERTAINTY_MEASURE_WITH_UNIT (LENGTH_MEASURE( 1.000000000000000082E-05 ), #382, 'distance_accuracy_value', 'NONE');
#2533 = EDGE_LOOP ( 'NONE', ( #4423, #1223, #763, #1694, #2826, #1329, #4479, #2061 ) ) ;
#2534 = DIRECTION ( 'NONE',  ( 1.000000000000000000, 0.000000000000000000, 0.000000000000000000 ) ) ;
#2535 = VERTEX_POINT ( 'NONE', #1809 ) ;
#2536 = LINE ( 'NONE', #2601, #3133 ) ;
#2537 = ORIENTED_EDGE ( 'NONE', *, *, #640, .F. ) ;
#2538 = COLOUR_RGB ( '',0.9686274509803921573, 0.8784313725490195957, 0.5999999999999999778 ) ;
#2539 = FILL_AREA_STYLE_COLOUR ( '', #486 ) ;
#2540 = ORIENTED_EDGE ( 'NONE', *, *, #4252, .F. ) ;
#2541 = LINE ( 'NONE', #1907, #1090 ) ;
#2542 = DIRECTION ( 'NONE',  ( 0.000000000000000000, 0.000000000000000000, 1.000000000000000000 ) ) ;
#2543 = VERTEX_POINT ( 'NONE', #4038 ) ;
#2544 =( NAMED_UNIT ( * ) PLANE_ANGLE_UNIT ( ) SI_UNIT ( $, .RADIAN. ) );
#2545 = EDGE_CURVE ( 'NONE', #3475, #954, #779, .T. ) ;
#2546 = CARTESIAN_POINT ( 'NONE',  ( -1.399999999999999911, 0.000000000000000000, -0.6500000000000000222 ) ) ;
#2547 = STYLED_ITEM ( 'NONE', ( #4508 ), #3748 ) ;
#2548 = VERTEX_POINT ( 'NONE', #1824 ) ;
#2549 =( LENGTH_UNIT ( ) NAMED_UNIT ( * ) SI_UNIT ( .MILLI., .METRE. ) );
#2550 = SURFACE_STYLE_FILL_AREA ( #377 ) ;
#2551 = ORIENTED_EDGE ( 'NONE', *, *, #2379, .F. ) ;
#2552 = FILL_AREA_STYLE_COLOUR ( '', #3694 ) ;
#2553 = ADVANCED_FACE ( 'NONE', ( #887 ), #3294, .F. ) ;
#2554 = CARTESIAN_POINT ( 'NONE',  ( 1.550000000000000044, 0.02000000000000000042, -0.5500000000000000444 ) ) ;
#2555 = DIRECTION ( 'NONE',  ( -0.7071067811981286422, 0.000000000000000000, -0.7071067811749665033 ) ) ;
#2556 = CARTESIAN_POINT ( 'NONE',  ( 1.500000000000000000, 0.5000000000000000000, -0.3499999999999999778 ) ) ;
#2557 = FACE_OUTER_BOUND ( 'NONE', #2478, .T. ) ;
#2558 = PRODUCT_DEFINITION ( 'UNKNOWN', '', #4674, #1978 ) ;
#2559 =( LENGTH_UNIT ( ) NAMED_UNIT ( * ) SI_UNIT ( .MILLI., .METRE. ) );
#2560 =( GEOMETRIC_REPRESENTATION_CONTEXT ( 3 ) GLOBAL_UNCERTAINTY_ASSIGNED_CONTEXT ( ( #1368 ) ) GLOBAL_UNIT_ASSIGNED_CONTEXT ( ( #2816, #547, #4635 ) ) REPRESENTATION_CONTEXT ( 'NONE', 'WORKASPACE' ) );
#2561 = DIRECTION ( 'NONE',  ( 0.000000000000000000, -1.000000000000000000, 0.000000000000000000 ) ) ;
#2562 = PRESENTATION_LAYER_ASSIGNMENT (  '', '', ( #3000 ) ) ;
#2563 = FILL_AREA_STYLE ('',( #4126 ) ) ;
#2564 = FILL_AREA_STYLE_COLOUR ( '', #2219 ) ;
#2565 = SURFACE_STYLE_USAGE ( .BOTH. , #2216 ) ;
#2566 = FILL_AREA_STYLE ('',( #2951 ) ) ;
#2567 = STYLED_ITEM ( 'NONE', ( #4202 ), #993 ) ;
#2568 = EDGE_CURVE ( 'NONE', #2654, #1337, #1633, .T. ) ;
#2569 = STYLED_ITEM ( 'NONE', ( #1446 ), #3301 ) ;
#2570 = SURFACE_STYLE_FILL_AREA ( #1518 ) ;
#2571 = ADVANCED_FACE ( 'NONE', ( #621 ), #3591, .F. ) ;
#2572 = DIRECTION ( 'NONE',  ( 1.000000000000000000, 0.000000000000000000, 0.000000000000000000 ) ) ;
#2573 = SURFACE_STYLE_FILL_AREA ( #3299 ) ;
#2574 = FACE_OUTER_BOUND ( 'NONE', #3581, .T. ) ;
#2575 = FACE_OUTER_BOUND ( 'NONE', #1075, .T. ) ;
#2576 = ORIENTED_EDGE ( 'NONE', *, *, #1954, .T. ) ;
#2577 = AXIS2_PLACEMENT_3D ( 'NONE', #4136, #2612, #1088 ) ;
#2578 =( GEOMETRIC_REPRESENTATION_CONTEXT ( 3 ) GLOBAL_UNCERTAINTY_ASSIGNED_CONTEXT ( ( #1818 ) ) GLOBAL_UNIT_ASSIGNED_CONTEXT ( ( #157, #4575, #2105 ) ) REPRESENTATION_CONTEXT ( 'NONE', 'WORKASPACE' ) );
#2579 = VECTOR ( 'NONE', #3093, 1000.000000000000000 ) ;
#2580 = FACE_OUTER_BOUND ( 'NONE', #4307, .T. ) ;
#2581 = CARTESIAN_POINT ( 'NONE',  ( -1.600000000000000089, 0.000000000000000000, -0.6300000000000000044 ) ) ;
#2582 = ORIENTED_EDGE ( 'NONE', *, *, #3653, .T. ) ;
#2583 = CARTESIAN_POINT ( 'NONE',  ( -1.479999999999999982, 0.02000000000000000042, 0.7500000000000000000 ) ) ;
#2584 =( NAMED_UNIT ( * ) PLANE_ANGLE_UNIT ( ) SI_UNIT ( $, .RADIAN. ) );
#2585 = DIRECTION ( 'NONE',  ( 1.000000000000000000, 0.000000000000000000, 0.000000000000000000 ) ) ;
#2586 = CARTESIAN_POINT ( 'NONE',  ( 1.481443453995999970, 0.000000000000000000, 0.7314434539959999704 ) ) ;
#2587 = ORIENTED_EDGE ( 'NONE', *, *, #449, .F. ) ;
#2588 = UNCERTAINTY_MEASURE_WITH_UNIT (LENGTH_MEASURE( 1.000000000000000082E-05 ), #1739, 'distance_accuracy_value', 'NONE');
#2589 = ORIENTED_EDGE ( 'NONE', *, *, #4285, .T. ) ;
#2590 = CARTESIAN_POINT ( 'NONE',  ( -1.600000000000000089, -0.2300000000000000100, 0.7500000000000000000 ) ) ;
#2591 = STYLED_ITEM ( 'NONE', ( #2409 ), #2531 ) ;
#2592 = ORIENTED_EDGE ( 'NONE', *, *, #1731, .F. ) ;
#2593 = CARTESIAN_POINT ( 'NONE',  ( -1.149999999999999911, 0.6999999999999999556, -0.2999999999999999889 ) ) ;
#2594 = ORIENTED_EDGE ( 'NONE', *, *, #1954, .F. ) ;
#2595 = VERTEX_POINT ( 'NONE', #2136 ) ;
#2596 = AXIS2_PLACEMENT_3D ( 'NONE', #1838, #295, #1471 ) ;
#2597 = MECHANICAL_DESIGN_GEOMETRIC_PRESENTATION_REPRESENTATION (  '', ( #1378 ), #42 ) ;
#2598 = ORIENTED_EDGE ( 'NONE', *, *, #2704, .T. ) ;
#2599 = ORIENTED_EDGE ( 'NONE', *, *, #1545, .T. ) ;
#2600 = FILL_AREA_STYLE_COLOUR ( '', #1677 ) ;
#2601 = CARTESIAN_POINT ( 'NONE',  ( -1.449999999999999956, 0.000000000000000000, 0.7500000000000000000 ) ) ;
#2602 = DIRECTION ( 'NONE',  ( -1.000000000000000000, 0.000000000000000000, 0.000000000000000000 ) ) ;
#2603 =( GEOMETRIC_REPRESENTATION_CONTEXT ( 3 ) GLOBAL_UNCERTAINTY_ASSIGNED_CONTEXT ( ( #3233 ) ) GLOBAL_UNIT_ASSIGNED_CONTEXT ( ( #2854, #1386, #1727 ) ) REPRESENTATION_CONTEXT ( 'NONE', 'WORKASPACE' ) );
#2604 = ORIENTED_EDGE ( 'NONE', *, *, #3043, .F. ) ;
#2605 = DIRECTION ( 'NONE',  ( 0.000000000000000000, 1.000000000000000000, 0.000000000000000000 ) ) ;
#2606 = EDGE_CURVE ( 'NONE', #464, #1712, #3613, .T. ) ;
#2607 = CARTESIAN_POINT ( 'NONE',  ( 1.199999999999999956, 0.5000000000000000000, 0.3499999999999999778 ) ) ;
#2608 = PRESENTATION_STYLE_ASSIGNMENT (( #4485 ) ) ;
#2609 = CARTESIAN_POINT ( 'NONE',  ( -1.481443453995999970, 0.02000000000000000042, -0.7314434539959999704 ) ) ;
#2610 =( NAMED_UNIT ( * ) SI_UNIT ( $, .STERADIAN. ) SOLID_ANGLE_UNIT ( ) );
#2611 = ORIENTED_EDGE ( 'NONE', *, *, #912, .T. ) ;
#2612 = DIRECTION ( 'NONE',  ( 0.000000000000000000, -1.000000000000000000, 0.000000000000000000 ) ) ;
#2613 = MECHANICAL_DESIGN_GEOMETRIC_PRESENTATION_REPRESENTATION (  '', ( #1056 ), #1295 ) ;
#2614 = EDGE_CURVE ( 'NONE', #4582, #3321, #1043, .T. ) ;
#2615 = MECHANICAL_DESIGN_GEOMETRIC_PRESENTATION_REPRESENTATION (  '', ( #291 ), #1955 ) ;
#2616 = DIRECTION ( 'NONE',  ( 0.000000000000000000, 1.000000000000000000, 0.000000000000000000 ) ) ;
#2617 = VECTOR ( 'NONE', #2555, 1000.000000000000000 ) ;
#2618 = CARTESIAN_POINT ( 'NONE',  ( 0.000000000000000000, 0.000000000000000000, 0.000000000000000000 ) ) ;
#2619 = SURFACE_SIDE_STYLE ('',( #4672 ) ) ;
#2620 =( NAMED_UNIT ( * ) SI_UNIT ( $, .STERADIAN. ) SOLID_ANGLE_UNIT ( ) );
#2621 =( GEOMETRIC_REPRESENTATION_CONTEXT ( 3 ) GLOBAL_UNCERTAINTY_ASSIGNED_CONTEXT ( ( #3930 ) ) GLOBAL_UNIT_ASSIGNED_CONTEXT ( ( #2401, #4227, #2366 ) ) REPRESENTATION_CONTEXT ( 'NONE', 'WORKASPACE' ) );
#2622 = FILL_AREA_STYLE ('',( #4128 ) ) ;
#2623 = MECHANICAL_DESIGN_GEOMETRIC_PRESENTATION_REPRESENTATION (  '', ( #211 ), #402 ) ;
#2624 = LINE ( 'NONE', #1560, #1565 ) ;
#2625 = LINE ( 'NONE', #3405, #2867 ) ;
#2626 = DIRECTION ( 'NONE',  ( -1.000000000000000000, 0.000000000000000000, 0.000000000000000000 ) ) ;
#2627 = SURFACE_STYLE_USAGE ( .BOTH. , #371 ) ;
#2628 = FILL_AREA_STYLE_COLOUR ( '', #1576 ) ;
#2629 = CIRCLE ( 'NONE', #2431, 0.1000000000000000472 ) ;
#2630 = FILL_AREA_STYLE_COLOUR ( '', #2065 ) ;
#2631 = VECTOR ( 'NONE', #477, 1000.000000000000000 ) ;
#2632 = CARTESIAN_POINT ( 'NONE',  ( 1.600000000000000089, 0.000000000000000000, -0.5500000000000000444 ) ) ;
#2633 = DIRECTION ( 'NONE',  ( 1.000000000000000000, 0.000000000000000000, 0.000000000000000000 ) ) ;
#2634 = PRESENTATION_STYLE_ASSIGNMENT (( #2649 ) ) ;
#2635 = DIRECTION ( 'NONE',  ( 0.000000000000000000, 1.000000000000000000, 0.000000000000000000 ) ) ;
#2636 = SURFACE_STYLE_FILL_AREA ( #3444 ) ;
#2637 = PRESENTATION_STYLE_ASSIGNMENT (( #4046 ) ) ;
#2638 = LINE ( 'NONE', #1105, #1690 ) ;
#2639 = PLANE ( 'NONE',  #320 ) ;
#2640 = CARTESIAN_POINT ( 'NONE',  ( 1.600000000000000089, 0.000000000000000000, 0.6300000000000000044 ) ) ;
#2641 = DIRECTION ( 'NONE',  ( 0.000000000000000000, 0.000000000000000000, 1.000000000000000000 ) ) ;
#2642 = DIRECTION ( 'NONE',  ( 3.141931159688999785E-11, 1.000000000000000000, 0.000000000000000000 ) ) ;
#2643 = STYLED_ITEM ( 'NONE', ( #293 ), #1098 ) ;
#2644 = FACE_OUTER_BOUND ( 'NONE', #1409, .T. ) ;
#2645 = EDGE_CURVE ( 'NONE', #873, #1091, #4156, .T. ) ;
#2646 = AXIS2_PLACEMENT_3D ( 'NONE', #4682, #4693, #952 ) ;
#2647 = ORIENTED_EDGE ( 'NONE', *, *, #1361, .T. ) ;
#2648 = ORIENTED_EDGE ( 'NONE', *, *, #2489, .F. ) ;
#2649 = SURFACE_STYLE_USAGE ( .BOTH. , #805 ) ;
#2650 = SURFACE_SIDE_STYLE ('',( #4698 ) ) ;
#2651 = VECTOR ( 'NONE', #3511, 1000.000000000000000 ) ;
#2652 = ORIENTED_EDGE ( 'NONE', *, *, #4536, .F. ) ;
#2653 = ORIENTED_EDGE ( 'NONE', *, *, #290, .T. ) ;
#2654 = VERTEX_POINT ( 'NONE', #3337 ) ;
#2655 = CARTESIAN_POINT ( 'NONE',  ( -1.600000000000000089, 0.000000000000000000, 0.6500000000000000222 ) ) ;
#2656 =( NAMED_UNIT ( * ) PLANE_ANGLE_UNIT ( ) SI_UNIT ( $, .RADIAN. ) );
#2657 = UNCERTAINTY_MEASURE_WITH_UNIT (LENGTH_MEASURE( 1.000000000000000082E-05 ), #2778, 'distance_accuracy_value', 'NONE');
#2658 = ORIENTED_EDGE ( 'NONE', *, *, #3883, .F. ) ;
#2659 = ORIENTED_EDGE ( 'NONE', *, *, #424, .F. ) ;
#2660 = VERTEX_POINT ( 'NONE', #34 ) ;
#2661 =( GEOMETRIC_REPRESENTATION_CONTEXT ( 3 ) GLOBAL_UNCERTAINTY_ASSIGNED_CONTEXT ( ( #4614 ) ) GLOBAL_UNIT_ASSIGNED_CONTEXT ( ( #3944, #4309, #602 ) ) REPRESENTATION_CONTEXT ( 'NONE', 'WORKASPACE' ) );
#2662 = DIRECTION ( 'NONE',  ( 0.000000000000000000, 1.000000000000000000, 0.000000000000000000 ) ) ;
#2663 = VECTOR ( 'NONE', #3056, 1000.000000000000000 ) ;
#2664 = ORIENTED_EDGE ( 'NONE', *, *, #1232, .F. ) ;
#2665 = CARTESIAN_POINT ( 'NONE',  ( -1.500000000000000000, 0.2700000000000000178, -0.7500000000000000000 ) ) ;
#2666 = PLANE ( 'NONE',  #3807 ) ;
#2667 =( GEOMETRIC_REPRESENTATION_CONTEXT ( 3 ) GLOBAL_UNCERTAINTY_ASSIGNED_CONTEXT ( ( #815 ) ) GLOBAL_UNIT_ASSIGNED_CONTEXT ( ( #663, #3628, #1420 ) ) REPRESENTATION_CONTEXT ( 'NONE', 'WORKASPACE' ) );
#2668 = SURFACE_STYLE_FILL_AREA ( #2261 ) ;
#2669 = VERTEX_POINT ( 'NONE', #1103 ) ;
#2670 =( LENGTH_UNIT ( ) NAMED_UNIT ( * ) SI_UNIT ( .MILLI., .METRE. ) );
#2671 = CARTESIAN_POINT ( 'NONE',  ( -1.199999999999999956, 0.5999999999999999778, -0.3499999999999999778 ) ) ;
#2672 = TOROIDAL_SURFACE ( 'NONE', #1774, 0.2999999999999999889, 0.1000000000000000056 ) ;
#2673 = AXIS2_PLACEMENT_3D ( 'NONE', #2821, #925, #3149 ) ;
#2674 = SURFACE_STYLE_USAGE ( .BOTH. , #3386 ) ;
#2675 = EDGE_CURVE ( 'NONE', #1396, #4043, #3101, .T. ) ;
#2676 = DIRECTION ( 'NONE',  ( 0.000000000000000000, 1.000000000000000000, 0.000000000000000000 ) ) ;
#2677 = CARTESIAN_POINT ( 'NONE',  ( 1.449999999999999956, 0.000000000000000000, 0.6999999999999999556 ) ) ;
#2678 = AXIS2_PLACEMENT_3D ( 'NONE', #2241, #786, #7 ) ;
#2679 = AXIS2_PLACEMENT_3D ( 'NONE', #4288, #1257, #1636 ) ;
#2680 = CARTESIAN_POINT ( 'NONE',  ( 1.550239110992999825, 0.000000000000000000, 0.6408035993028999844 ) ) ;
#2681 = PLANE ( 'NONE',  #3681 ) ;
#2682 = PRESENTATION_STYLE_ASSIGNMENT (( #3245 ) ) ;
#2683 = LINE ( 'NONE', #3601, #2285 ) ;
#2684 = STYLED_ITEM ( 'NONE', ( #4480 ), #1470 ) ;
#2685 = EDGE_CURVE ( 'NONE', #4803, #576, #2920, .T. ) ;
#2686 = DIRECTION ( 'NONE',  ( 0.000000000000000000, 0.000000000000000000, -1.000000000000000000 ) ) ;
#2687 = CARTESIAN_POINT ( 'NONE',  ( -1.600000000000000089, 0.000000000000000000, 0.5688664269976999588 ) ) ;
#2688 = UNCERTAINTY_MEASURE_WITH_UNIT (LENGTH_MEASURE( 1.000000000000000082E-05 ), #812, 'distance_accuracy_value', 'NONE');
#2689 = PLANE ( 'NONE',  #562 ) ;
#2690 = DIRECTION ( 'NONE',  ( 0.000000000000000000, 0.000000000000000000, -1.000000000000000000 ) ) ;
#2691 = DIRECTION ( 'NONE',  ( -1.000000000000000000, 0.000000000000000000, 0.000000000000000000 ) ) ;
#2692 = LINE ( 'NONE', #4531, #3281 ) ;
#2693 =( LENGTH_UNIT ( ) NAMED_UNIT ( * ) SI_UNIT ( .MILLI., .METRE. ) );
#2694 = AXIS2_PLACEMENT_3D ( 'NONE', #717, #2204, #1081 ) ;
#2695 =( NAMED_UNIT ( * ) SI_UNIT ( $, .STERADIAN. ) SOLID_ANGLE_UNIT ( ) );
#2696 = DIRECTION ( 'NONE',  ( -0.000000000000000000, 0.000000000000000000, -1.000000000000000000 ) ) ;
#2697 = DIRECTION ( 'NONE',  ( 0.000000000000000000, 0.000000000000000000, 1.000000000000000000 ) ) ;
#2698 = DIRECTION ( 'NONE',  ( 0.000000000000000000, -1.000000000000000000, 0.000000000000000000 ) ) ;
#2699 = AXIS2_PLACEMENT_3D ( 'NONE', #4036, #2523, #313 ) ;
#2700 = CARTESIAN_POINT ( 'NONE',  ( 1.600000000000000089, 0.000000000000000000, 0.6300000000000000044 ) ) ;
#2701 =( NAMED_UNIT ( * ) SI_UNIT ( $, .STERADIAN. ) SOLID_ANGLE_UNIT ( ) );
#2702 = CARTESIAN_POINT ( 'NONE',  ( 0.8499999999999999778, 0.000000000000000000, -0.6500000000000000222 ) ) ;
#2703 = CARTESIAN_POINT ( 'NONE',  ( -1.600000000000000089, 0.000000000000000000, 0.5688664269976999588 ) ) ;
#2704 = EDGE_CURVE ( 'NONE', #1332, #853, #2163, .T. ) ;
#2705 =( LENGTH_UNIT ( ) NAMED_UNIT ( * ) SI_UNIT ( .MILLI., .METRE. ) );
#2706 = EDGE_LOOP ( 'NONE', ( #2836, #962, #6, #3415 ) ) ;
#2707 = CARTESIAN_POINT ( 'NONE',  ( 1.600000000000000089, 0.5000000000000000000, -0.6500000000000000222 ) ) ;
#2708 = PRESENTATION_STYLE_ASSIGNMENT (( #3942 ) ) ;
#2709 = COLOUR_RGB ( '',1.000000000000000000, 1.000000000000000000, 1.000000000000000000 ) ;
#2710 = SURFACE_SIDE_STYLE ('',( #1558 ) ) ;
#2711 = CARTESIAN_POINT ( 'NONE',  ( 1.550000000000000044, 0.000000000000000000, -0.5500000000000000444 ) ) ;
#2712 = FILL_AREA_STYLE ('',( #188 ) ) ;
#2713 = ORIENTED_EDGE ( 'NONE', *, *, #74, .T. ) ;
#2714 = ORIENTED_EDGE ( 'NONE', *, *, #3192, .T. ) ;
#2715 = EDGE_CURVE ( 'NONE', #1142, #3494, #2355, .T. ) ;
#2716 = PRESENTATION_LAYER_ASSIGNMENT (  '', '', ( #2460 ) ) ;
#2717 = DIRECTION ( 'NONE',  ( -0.000000000000000000, 1.000000000000000000, 0.000000000000000000 ) ) ;
#2718 = DIRECTION ( 'NONE',  ( 0.000000000000000000, 1.000000000000000000, 0.000000000000000000 ) ) ;
#2719 = ORIENTED_EDGE ( 'NONE', *, *, #2379, .T. ) ;
#2720 = CARTESIAN_POINT ( 'NONE',  ( 1.481443453995999970, 0.02000000000000000042, 0.7314434539959999704 ) ) ;
#2721 = SURFACE_SIDE_STYLE ('',( #2238 ) ) ;
#2722 = COLOUR_RGB ( '',0.2980392156862745057, 0.2980392156862745057, 0.2980392156862745057 ) ;
#2723 = ORIENTED_EDGE ( 'NONE', *, *, #3964, .F. ) ;
#2724 = COLOUR_RGB ( '',1.000000000000000000, 1.000000000000000000, 1.000000000000000000 ) ;
#2725 = DIRECTION ( 'NONE',  ( 0.000000000000000000, 0.000000000000000000, -1.000000000000000000 ) ) ;
#2726 = ORIENTED_EDGE ( 'NONE', *, *, #932, .F. ) ;
#2727 = UNCERTAINTY_MEASURE_WITH_UNIT (LENGTH_MEASURE( 1.000000000000000082E-05 ), #406, 'distance_accuracy_value', 'NONE');
#2728 = AXIS2_PLACEMENT_3D ( 'NONE', #4720, #261, #2476 ) ;
#2729 = SURFACE_SIDE_STYLE ('',( #4643 ) ) ;
#2730 = CARTESIAN_POINT ( 'NONE',  ( 1.600000000000000089, 0.2700000000000000178, -0.6300000000000000044 ) ) ;
#2731 = ORIENTED_EDGE ( 'NONE', *, *, #4625, .F. ) ;
#2732 = FILL_AREA_STYLE ('',( #3886 ) ) ;
#2733 = VERTEX_POINT ( 'NONE', #728 ) ;
#2734 = DIRECTION ( 'NONE',  ( -0.000000000000000000, 1.000000000000000000, -0.000000000000000000 ) ) ;
#2735 = DIRECTION ( 'NONE',  ( -0.7071067811865474617, 0.000000000000000000, -0.7071067811865474617 ) ) ;
#2736 = ORIENTED_EDGE ( 'NONE', *, *, #1571, .T. ) ;
#2737 = LINE ( 'NONE', #1559, #1039 ) ;
#2738 = MECHANICAL_DESIGN_GEOMETRIC_PRESENTATION_REPRESENTATION (  '', ( #2244 ), #2147 ) ;
#2739 = ORIENTED_EDGE ( 'NONE', *, *, #758, .F. ) ;
#2740 = VERTEX_POINT ( 'NONE', #769 ) ;
#2741 = CARTESIAN_POINT ( 'NONE',  ( 1.600000000000000089, 0.000000000000000000, -0.5500000000000000444 ) ) ;
#2742 = DIRECTION ( 'NONE',  ( 0.000000000000000000, 0.000000000000000000, 1.000000000000000000 ) ) ;
#2743 = CIRCLE ( 'NONE', #4537, 0.2000000000000000389 ) ;
#2744 = ORIENTED_EDGE ( 'NONE', *, *, #2807, .T. ) ;
#2745 = ORIENTED_EDGE ( 'NONE', *, *, #3941, .T. ) ;
#2746 = ORIENTED_EDGE ( 'NONE', *, *, #2012, .T. ) ;
#2747 = SURFACE_STYLE_USAGE ( .BOTH. , #1289 ) ;
#2748 = SURFACE_STYLE_USAGE ( .BOTH. , #4283 ) ;
#2749 = SURFACE_STYLE_FILL_AREA ( #3969 ) ;
#2750 = AXIS2_PLACEMENT_3D ( 'NONE', #1100, #1049, #2182 ) ;
#2751 = EDGE_CURVE ( 'NONE', #524, #1885, #3640, .T. ) ;
#2752 = LINE ( 'NONE', #1942, #1246 ) ;
#2753 = CARTESIAN_POINT ( 'NONE',  ( 0.8499999999999999778, 0.02000000000000000042, 0.6999999999999999556 ) ) ;
#2754 = FACE_OUTER_BOUND ( 'NONE', #3497, .T. ) ;
#2755 =( GEOMETRIC_REPRESENTATION_CONTEXT ( 3 ) GLOBAL_UNCERTAINTY_ASSIGNED_CONTEXT ( ( #4555 ) ) GLOBAL_UNIT_ASSIGNED_CONTEXT ( ( #2559, #1519, #40 ) ) REPRESENTATION_CONTEXT ( 'NONE', 'WORKASPACE' ) );
#2756 = EDGE_CURVE ( 'NONE', #1337, #3020, #2526, .T. ) ;
#2757 = FILL_AREA_STYLE ('',( #2037 ) ) ;
#2758 = MECHANICAL_DESIGN_GEOMETRIC_PRESENTATION_REPRESENTATION (  '', ( #1362 ), #2322 ) ;
#2759 = CARTESIAN_POINT ( 'NONE',  ( -1.524582898450000057, 0.02000000000000000042, 0.5688664269976999588 ) ) ;
#2760 =( LENGTH_UNIT ( ) NAMED_UNIT ( * ) SI_UNIT ( .MILLI., .METRE. ) );
#2761 = CIRCLE ( 'NONE', #1936, 0.2000000000000000944 ) ;
#2762 = VECTOR ( 'NONE', #3650, 1000.000000000000000 ) ;
#2763 = ORIENTED_EDGE ( 'NONE', *, *, #2407, .F. ) ;
#2764 = SURFACE_STYLE_FILL_AREA ( #1925 ) ;
#2765 = DIRECTION ( 'NONE',  ( 0.000000000000000000, -1.000000000000000000, 0.000000000000000000 ) ) ;
#2766 = COLOUR_RGB ( '',0.2980392156862745057, 0.2980392156862745057, 0.2980392156862745057 ) ;
#2767 = CARTESIAN_POINT ( 'NONE',  ( -0.8499999999999999778, 0.02000000000000000042, 0.6500000000000000222 ) ) ;
#2768 = AXIS2_PLACEMENT_3D ( 'NONE', #2068, #1348, #966 ) ;
#2769 = FACE_OUTER_BOUND ( 'NONE', #470, .T. ) ;
#2770 = SURFACE_STYLE_FILL_AREA ( #4393 ) ;
#2771 = ADVANCED_FACE ( 'NONE', ( #788 ), #3353, .F. ) ;
#2772 = CARTESIAN_POINT ( 'NONE',  ( 1.450016545858999972, 0.02000000000000000042, -0.7500000000000000000 ) ) ;
#2773 = VECTOR ( 'NONE', #2976, 1000.000000000000000 ) ;
#2774 = EDGE_LOOP ( 'NONE', ( #343, #60, #767, #1847 ) ) ;
#2775 = FILL_AREA_STYLE_COLOUR ( '', #1642 ) ;
#2776 = LINE ( 'NONE', #2027, #2579 ) ;
#2777 = FILL_AREA_STYLE_COLOUR ( '', #1199 ) ;
#2778 =( LENGTH_UNIT ( ) NAMED_UNIT ( * ) SI_UNIT ( .MILLI., .METRE. ) );
#2779 =( GEOMETRIC_REPRESENTATION_CONTEXT ( 3 ) GLOBAL_UNCERTAINTY_ASSIGNED_CONTEXT ( ( #4398 ) ) GLOBAL_UNIT_ASSIGNED_CONTEXT ( ( #273, #1801, #2521 ) ) REPRESENTATION_CONTEXT ( 'NONE', 'WORKASPACE' ) );
#2780 = EDGE_CURVE ( 'NONE', #3962, #587, #46, .T. ) ;
#2781 = DIRECTION ( 'NONE',  ( 1.000000000000000000, 0.000000000000000000, 0.000000000000000000 ) ) ;
#2782 =( NAMED_UNIT ( * ) PLANE_ANGLE_UNIT ( ) SI_UNIT ( $, .RADIAN. ) );
#2783 = ORIENTED_EDGE ( 'NONE', *, *, #3250, .F. ) ;
#2784 = CARTESIAN_POINT ( 'NONE',  ( -1.199999999996999911, 0.5999999999999999778, 0.5500000000000000444 ) ) ;
#2785 = VERTEX_POINT ( 'NONE', #2680 ) ;
#2786 = DIRECTION ( 'NONE',  ( -0.000000000000000000, 1.000000000000000000, -0.000000000000000000 ) ) ;
#2787 = DIRECTION ( 'NONE',  ( 0.000000000000000000, -1.000000000000000000, 0.000000000000000000 ) ) ;
#2788 = EDGE_CURVE ( 'NONE', #3855, #1401, #1852, .T. ) ;
#2789 = PRESENTATION_LAYER_ASSIGNMENT (  '', '', ( #4445 ) ) ;
#2790 = ORIENTED_EDGE ( 'NONE', *, *, #4507, .F. ) ;
#2791 = CARTESIAN_POINT ( 'NONE',  ( 1.479999999999999982, 0.000000000000000000, 0.7500000000000000000 ) ) ;
#2792 = DIRECTION ( 'NONE',  ( 0.000000000000000000, -1.000000000000000000, 0.000000000000000000 ) ) ;
#2793 = FILL_AREA_STYLE_COLOUR ( '', #319 ) ;
#2794 = CIRCLE ( 'NONE', #109, 0.1199999999999999956 ) ;
#2795 = ORIENTED_EDGE ( 'NONE', *, *, #2125, .F. ) ;
#2796 = PRESENTATION_LAYER_ASSIGNMENT (  '', '', ( #2881 ) ) ;
#2797 = ADVANCED_FACE ( 'NONE', ( #1195 ), #2271, .F. ) ;
#2798 = PRESENTATION_LAYER_ASSIGNMENT (  '', '', ( #211 ) ) ;
#2799 = SURFACE_STYLE_FILL_AREA ( #2622 ) ;
#2800 = DIRECTION ( 'NONE',  ( 0.7071067811865475727, 0.000000000000000000, -0.7071067811865475727 ) ) ;
#2801 = CARTESIAN_POINT ( 'NONE',  ( 1.600000000000000089, 0.000000000000000000, 0.7500000000000000000 ) ) ;
#2802 = SURFACE_STYLE_FILL_AREA ( #848 ) ;
#2803 =( NAMED_UNIT ( * ) PLANE_ANGLE_UNIT ( ) SI_UNIT ( $, .RADIAN. ) );
#2804 = DIRECTION ( 'NONE',  ( 0.000000000000000000, 0.000000000000000000, -1.000000000000000000 ) ) ;
#2805 = VECTOR ( 'NONE', #1404, 1000.000000000000000 ) ;
#2806 = PRESENTATION_STYLE_ASSIGNMENT (( #2092 ) ) ;
#2807 = EDGE_CURVE ( 'NONE', #1763, #3901, #2185, .T. ) ;
#2808 = CARTESIAN_POINT ( 'NONE',  ( 0.8499999999999999778, 0.000000000000000000, -0.6500000000000000222 ) ) ;
#2809 = ADVANCED_FACE ( 'NONE', ( #1066 ), #622, .F. ) ;
#2810 = UNCERTAINTY_MEASURE_WITH_UNIT (LENGTH_MEASURE( 1.000000000000000082E-05 ), #3822, 'distance_accuracy_value', 'NONE');
#2811 = PLANE ( 'NONE',  #2108 ) ;
#2812 = FACE_OUTER_BOUND ( 'NONE', #2267, .T. ) ;
#2813 = VECTOR ( 'NONE', #1839, 1000.000000000000000 ) ;
#2814 = CARTESIAN_POINT ( 'NONE',  ( -1.481443453995999970, 0.000000000000000000, -0.7314434539959999704 ) ) ;
#2815 = CARTESIAN_POINT ( 'NONE',  ( 1.449999999999999956, 0.000000000000000000, 0.6999999999999999556 ) ) ;
#2816 =( LENGTH_UNIT ( ) NAMED_UNIT ( * ) SI_UNIT ( .MILLI., .METRE. ) );
#2817 = PRESENTATION_STYLE_ASSIGNMENT (( #4490 ) ) ;
#2818 = FACE_OUTER_BOUND ( 'NONE', #1970, .T. ) ;
#2819 = COLOUR_RGB ( '',0.2980392156862745057, 0.2980392156862745057, 0.2980392156862745057 ) ;
#2820 = CYLINDRICAL_SURFACE ( 'NONE', #4420, 0.2000000000000000944 ) ;
#2821 = CARTESIAN_POINT ( 'NONE',  ( 1.600000000000000089, 0.02000000000000000042, 0.7500000000000000000 ) ) ;
#2822 = CARTESIAN_POINT ( 'NONE',  ( 1.550000000000000044, 0.02000000000000000042, -0.5500000000000000444 ) ) ;
#2823 = VECTOR ( 'NONE', #625, 1000.000000000000000 ) ;
#2824 = PRESENTATION_STYLE_ASSIGNMENT (( #2075 ) ) ;
#2825 = SURFACE_SIDE_STYLE ('',( #3517 ) ) ;
#2826 = ORIENTED_EDGE ( 'NONE', *, *, #173, .F. ) ;
#2827 = ORIENTED_EDGE ( 'NONE', *, *, #3380, .T. ) ;
#2828 = ORIENTED_EDGE ( 'NONE', *, *, #2514, .T. ) ;
#2829 =( NAMED_UNIT ( * ) SI_UNIT ( $, .STERADIAN. ) SOLID_ANGLE_UNIT ( ) );
#2830 = ORIENTED_EDGE ( 'NONE', *, *, #4054, .F. ) ;
#2831 = SURFACE_STYLE_USAGE ( .BOTH. , #968 ) ;
#2832 = ADVANCED_FACE ( 'NONE', ( #2575 ), #2820, .T. ) ;
#2833 = EDGE_LOOP ( 'NONE', ( #1389, #1928, #3124, #733 ) ) ;
#2834 = MECHANICAL_DESIGN_GEOMETRIC_PRESENTATION_REPRESENTATION (  '', ( #423 ), #3094 ) ;
#2835 = EDGE_CURVE ( 'NONE', #292, #924, #2466, .T. ) ;
#2836 = ORIENTED_EDGE ( 'NONE', *, *, #4562, .T. ) ;
#2837 = AXIS2_PLACEMENT_3D ( 'NONE', #2205, #1551, #3356 ) ;
#2838 = UNCERTAINTY_MEASURE_WITH_UNIT (LENGTH_MEASURE( 1.000000000000000082E-05 ), #1434, 'distance_accuracy_value', 'NONE');
#2839 = ORIENTED_EDGE ( 'NONE', *, *, #3526, .T. ) ;
#2840 = ORIENTED_EDGE ( 'NONE', *, *, #4405, .T. ) ;
#2841 = VECTOR ( 'NONE', #376, 1000.000000000000000 ) ;
#2842 = VERTEX_POINT ( 'NONE', #3920 ) ;
#2843 = VECTOR ( 'NONE', #4558, 1000.000000000000000 ) ;
#2844 = DIRECTION ( 'NONE',  ( 0.000000000000000000, 0.000000000000000000, 1.000000000000000000 ) ) ;
#2845 = AXIS2_PLACEMENT_3D ( 'NONE', #1412, #723, #2534 ) ;
#2846 = STYLED_ITEM ( 'NONE', ( #3047 ), #22 ) ;
#2847 = PRESENTATION_LAYER_ASSIGNMENT (  '', '', ( #3346 ) ) ;
#2848 = ORIENTED_EDGE ( 'NONE', *, *, #2514, .F. ) ;
#2849 = SURFACE_STYLE_USAGE ( .BOTH. , #2318 ) ;
#2850 = CARTESIAN_POINT ( 'NONE',  ( -1.399999999999999911, 0.000000000000000000, -0.6500000000000000222 ) ) ;
#2851 = FILL_AREA_STYLE_COLOUR ( '', #3416 ) ;
#2852 = ORIENTED_EDGE ( 'NONE', *, *, #458, .F. ) ;
#2853 = DIRECTION ( 'NONE',  ( 1.000000000000000000, 0.000000000000000000, 0.000000000000000000 ) ) ;
#2854 =( LENGTH_UNIT ( ) NAMED_UNIT ( * ) SI_UNIT ( .MILLI., .METRE. ) );
#2855 =( GEOMETRIC_REPRESENTATION_CONTEXT ( 3 ) GLOBAL_UNCERTAINTY_ASSIGNED_CONTEXT ( ( #1328 ) ) GLOBAL_UNIT_ASSIGNED_CONTEXT ( ( #494, #839, #3461 ) ) REPRESENTATION_CONTEXT ( 'NONE', 'WORKASPACE' ) );
#2856 =( GEOMETRIC_REPRESENTATION_CONTEXT ( 3 ) GLOBAL_UNCERTAINTY_ASSIGNED_CONTEXT ( ( #1145 ) ) GLOBAL_UNIT_ASSIGNED_CONTEXT ( ( #4383, #2155, #262 ) ) REPRESENTATION_CONTEXT ( 'NONE', 'WORKASPACE' ) );
#2857 = VERTEX_POINT ( 'NONE', #523 ) ;
#2858 = MECHANICAL_DESIGN_GEOMETRIC_PRESENTATION_REPRESENTATION (  '', ( #3875 ), #2448 ) ;
#2859 = DIRECTION ( 'NONE',  ( 0.000000000000000000, 1.000000000000000000, 0.000000000000000000 ) ) ;
#2860 = COLOUR_RGB ( '',0.2980392156862745057, 0.2980392156862745057, 0.2980392156862745057 ) ;
#2861 = DIRECTION ( 'NONE',  ( -1.000000000000000000, 0.000000000000000000, 0.000000000000000000 ) ) ;
#2862 = SURFACE_STYLE_USAGE ( .BOTH. , #1754 ) ;
#2863 = CARTESIAN_POINT ( 'NONE',  ( -1.149999999999999911, 0.6999999999999999556, 0.5000000000000000000 ) ) ;
#2864 = CARTESIAN_POINT ( 'NONE',  ( 1.521464968663699402, 0.02000000000000000389, 0.6593022251760719543 ) ) ;
#2865 =( GEOMETRIC_REPRESENTATION_CONTEXT ( 3 ) GLOBAL_UNCERTAINTY_ASSIGNED_CONTEXT ( ( #2727 ) ) GLOBAL_UNIT_ASSIGNED_CONTEXT ( ( #406, #1920, #3006 ) ) REPRESENTATION_CONTEXT ( 'NONE', 'WORKASPACE' ) );
#2866 = EDGE_CURVE ( 'NONE', #3087, #1459, #3474, .T. ) ;
#2867 = VECTOR ( 'NONE', #4103, 1000.000000000000000 ) ;
#2868 = CIRCLE ( 'NONE', #2935, 0.1199999999999999956 ) ;
#2869 = SURFACE_STYLE_USAGE ( .BOTH. , #4389 ) ;
#2870 = DIRECTION ( 'NONE',  ( 0.000000000000000000, -1.000000000000000000, 0.000000000000000000 ) ) ;
#2871 = VECTOR ( 'NONE', #2971, 1000.000000000000000 ) ;
#2872 = CARTESIAN_POINT ( 'NONE',  ( 1.399999999999999911, 0.5000000000000000000, 0.3499999999999999778 ) ) ;
#2873 = UNCERTAINTY_MEASURE_WITH_UNIT (LENGTH_MEASURE( 1.000000000000000082E-05 ), #4621, 'distance_accuracy_value', 'NONE');
#2874 = EDGE_CURVE ( 'NONE', #4141, #1396, #4053, .T. ) ;
#2875 =( GEOMETRIC_REPRESENTATION_CONTEXT ( 3 ) GLOBAL_UNCERTAINTY_ASSIGNED_CONTEXT ( ( #4498 ) ) GLOBAL_UNIT_ASSIGNED_CONTEXT ( ( #1773, #4337, #1390 ) ) REPRESENTATION_CONTEXT ( 'NONE', 'WORKASPACE' ) );
#2876 = VECTOR ( 'NONE', #3120, 1000.000000000000000 ) ;
#2877 = DIRECTION ( 'NONE',  ( 0.000000000000000000, -1.000000000000000000, 0.000000000000000000 ) ) ;
#2878 = SURFACE_STYLE_USAGE ( .BOTH. , #998 ) ;
#2879 = DIRECTION ( 'NONE',  ( 0.000000000000000000, 1.000000000000000000, 0.000000000000000000 ) ) ;
#2880 = CARTESIAN_POINT ( 'NONE',  ( 1.600000000000000089, 0.000000000000000000, -0.7477721122078000437 ) ) ;
#2881 = STYLED_ITEM ( 'NONE', ( #772 ), #4426 ) ;
#2882 = DIRECTION ( 'NONE',  ( -1.000000000000000000, 0.000000000000000000, 0.000000000000000000 ) ) ;
#2883 = SURFACE_STYLE_FILL_AREA ( #368 ) ;
#2884 = MECHANICAL_DESIGN_GEOMETRIC_PRESENTATION_REPRESENTATION (  '', ( #4386 ), #1239 ) ;
#2885 = PRESENTATION_STYLE_ASSIGNMENT (( #515 ) ) ;
#2886 = DIRECTION ( 'NONE',  ( 0.000000000000000000, 1.000000000000000000, 0.000000000000000000 ) ) ;
#2887 = ADVANCED_FACE ( 'NONE', ( #4119 ), #904, .F. ) ;
#2888 = PLANE ( 'NONE',  #1627 ) ;
#2889 = SURFACE_STYLE_FILL_AREA ( #2255 ) ;
#2890 = CARTESIAN_POINT ( 'NONE',  ( -1.449999999999999956, 0.02000000000000000042, 0.7500000000000000000 ) ) ;
#2891 = ORIENTED_EDGE ( 'NONE', *, *, #1536, .T. ) ;
#2892 = EDGE_LOOP ( 'NONE', ( #177, #1601, #4569, #1148 ) ) ;
#2893 = DIRECTION ( 'NONE',  ( 0.000000000000000000, 1.000000000000000000, 0.000000000000000000 ) ) ;
#2894 = VECTOR ( 'NONE', #1208, 1000.000000000000000 ) ;
#2895 = CARTESIAN_POINT ( 'NONE',  ( -1.600000000000000089, 0.02000000000000000042, 0.6300000000000000044 ) ) ;
#2896 = ORIENTED_EDGE ( 'NONE', *, *, #2568, .F. ) ;
#2897 = PLANE ( 'NONE',  #2035 ) ;
#2898 = ORIENTED_EDGE ( 'NONE', *, *, #2042, .T. ) ;
#2899 = CARTESIAN_POINT ( 'NONE',  ( 1.479999999999999982, 0.02000000000000000042, -0.7500000000000000000 ) ) ;
#2900 =( LENGTH_UNIT ( ) NAMED_UNIT ( * ) SI_UNIT ( .MILLI., .METRE. ) );
#2901 = EDGE_CURVE ( 'NONE', #1860, #3487, #2248, .T. ) ;
#2902 =( NAMED_UNIT ( * ) SI_UNIT ( $, .STERADIAN. ) SOLID_ANGLE_UNIT ( ) );
#2903 = SURFACE_SIDE_STYLE ('',( #2176 ) ) ;
#2904 = DIRECTION ( 'NONE',  ( -1.000000000000000000, 0.000000000000000000, 0.000000000000000000 ) ) ;
#2905 = VERTEX_POINT ( 'NONE', #175 ) ;
#2906 = ORIENTED_EDGE ( 'NONE', *, *, #1296, .F. ) ;
#2907 =( LENGTH_UNIT ( ) NAMED_UNIT ( * ) SI_UNIT ( .MILLI., .METRE. ) );
#2908 = VERTEX_POINT ( 'NONE', #3644 ) ;
#2909 = PRESENTATION_LAYER_ASSIGNMENT (  '', '', ( #423 ) ) ;
#2910 = EDGE_CURVE ( 'NONE', #4241, #2842, #4224, .T. ) ;
#2911 = AXIS2_PLACEMENT_3D ( 'NONE', #3569, #1379, #3966 ) ;
#2912 = COLOUR_RGB ( '',0.9686274509803921573, 0.8784313725490195957, 0.5999999999999999778 ) ;
#2913 = DIRECTION ( 'NONE',  ( 0.000000000000000000, -1.000000000000000000, 0.000000000000000000 ) ) ;
#2914 = DIRECTION ( 'NONE',  ( 1.000000000000000000, 0.000000000000000000, 0.000000000000000000 ) ) ;
#2915 = ADVANCED_FACE ( 'NONE', ( #2018 ), #1200, .T. ) ;
#2916 = FILL_AREA_STYLE ('',( #1472 ) ) ;
#2917 = ORIENTED_EDGE ( 'NONE', *, *, #2186, .F. ) ;
#2918 = FACE_OUTER_BOUND ( 'NONE', #2467, .T. ) ;
#2919 = SURFACE_STYLE_USAGE ( .BOTH. , #1786 ) ;
#2920 = LINE ( 'NONE', #2609, #364 ) ;
#2921 = SURFACE_STYLE_FILL_AREA ( #540 ) ;
#2922 = CARTESIAN_POINT ( 'NONE',  ( -1.500000000000000000, 0.000000000000000000, 0.7500000000000000000 ) ) ;
#2923 = CARTESIAN_POINT ( 'NONE',  ( -1.600000000000000089, 0.2700000000000000178, 0.7500000000000000000 ) ) ;
#2924 = STYLED_ITEM ( 'NONE', ( #2806 ), #2479 ) ;
#2925 = COLOUR_RGB ( '',0.2980392156862745057, 0.2980392156862745057, 0.2980392156862745057 ) ;
#2926 = DIRECTION ( 'NONE',  ( 0.000000000000000000, 0.000000000000000000, -1.000000000000000000 ) ) ;
#2927 = COLOUR_RGB ( '',0.2980392156862745057, 0.2980392156862745057, 0.2980392156862745057 ) ;
#2928 = CARTESIAN_POINT ( 'NONE',  ( -1.481443453995999970, 0.000000000000000000, -0.7314434539959999704 ) ) ;
#2929 = FILL_AREA_STYLE_COLOUR ( '', #1822 ) ;
#2930 = SURFACE_SIDE_STYLE ('',( #595 ) ) ;
#2931 = CARTESIAN_POINT ( 'NONE',  ( -1.542903289667000077, 0.000000000000000000, -0.6444539642186999373 ) ) ;
#2932 = CARTESIAN_POINT ( 'NONE',  ( 0.000000000000000000, 0.6999999999999999556, 0.000000000000000000 ) ) ;
#2933 =( NAMED_UNIT ( * ) SI_UNIT ( $, .STERADIAN. ) SOLID_ANGLE_UNIT ( ) );
#2934 = PLANE ( 'NONE',  #2837 ) ;
#2935 = AXIS2_PLACEMENT_3D ( 'NONE', #310, #2913, #4033 ) ;
#2936 = EDGE_CURVE ( 'NONE', #4012, #3587, #3986, .T. ) ;
#2937 =( GEOMETRIC_REPRESENTATION_CONTEXT ( 3 ) GLOBAL_UNCERTAINTY_ASSIGNED_CONTEXT ( ( #3503 ) ) GLOBAL_UNIT_ASSIGNED_CONTEXT ( ( #4626, #2782, #4248 ) ) REPRESENTATION_CONTEXT ( 'NONE', 'WORKASPACE' ) );
#2938 = ADVANCED_FACE ( 'NONE', ( #2574 ), #1323, .F. ) ;
#2939 = PRODUCT ( 'NX3215SA-32.768KHZ-EXS00A-MU00525', 'NX3215SA-32.768KHZ-EXS00A-MU00525', '', ( #4251 ) ) ;
#2940 =( LENGTH_UNIT ( ) NAMED_UNIT ( * ) SI_UNIT ( .MILLI., .METRE. ) );
#2941 = DIRECTION ( 'NONE',  ( -0.000000000000000000, 1.000000000000000000, -0.000000000000000000 ) ) ;
#2942 = DIRECTION ( 'NONE',  ( 0.000000000000000000, -1.000000000000000000, 0.000000000000000000 ) ) ;
#2943 =( GEOMETRIC_REPRESENTATION_CONTEXT ( 3 ) GLOBAL_UNCERTAINTY_ASSIGNED_CONTEXT ( ( #1462 ) ) GLOBAL_UNIT_ASSIGNED_CONTEXT ( ( #2940, #1483, #3312 ) ) REPRESENTATION_CONTEXT ( 'NONE', 'WORKASPACE' ) );
#2944 = COLOUR_RGB ( '',0.2980392156862745057, 0.2980392156862745057, 0.2980392156862745057 ) ;
#2945 = EDGE_CURVE ( 'NONE', #3451, #4744, #2358, .T. ) ;
#2946 = AXIS2_PLACEMENT_3D ( 'NONE', #3608, #1403, #3564 ) ;
#2947 = CARTESIAN_POINT ( 'NONE',  ( -1.149999999999999911, 0.6999999999999999556, -0.5000000000000000000 ) ) ;
#2948 = DIRECTION ( 'NONE',  ( 1.000000000000000000, 0.000000000000000000, 0.000000000000000000 ) ) ;
#2949 = DIRECTION ( 'NONE',  ( 0.000000000000000000, -1.000000000000000000, 0.000000000000000000 ) ) ;
#2950 = DIRECTION ( 'NONE',  ( 1.000000000000000000, 0.000000000000000000, 0.000000000000000000 ) ) ;
#2951 = FILL_AREA_STYLE_COLOUR ( '', #793 ) ;
#2952 = AXIS2_PLACEMENT_3D ( 'NONE', #1424, #249, #2853 ) ;
#2953 = VERTEX_POINT ( 'NONE', #3257 ) ;
#2954 = ORIENTED_EDGE ( 'NONE', *, *, #3688, .F. ) ;
#2955 = FACE_OUTER_BOUND ( 'NONE', #3722, .T. ) ;
#2956 = ORIENTED_EDGE ( 'NONE', *, *, #28, .F. ) ;
#2957 = FILL_AREA_STYLE ('',( #2141 ) ) ;
#2958 = ORIENTED_EDGE ( 'NONE', *, *, #4373, .F. ) ;
#2959 = VECTOR ( 'NONE', #2635, 1000.000000000000000 ) ;
#2960 = MECHANICAL_DESIGN_GEOMETRIC_PRESENTATION_REPRESENTATION (  '', ( #2299 ), #545 ) ;
#2961 = ORIENTED_EDGE ( 'NONE', *, *, #4444, .T. ) ;
#2962 = ORIENTED_EDGE ( 'NONE', *, *, #1163, .T. ) ;
#2963 =( NAMED_UNIT ( * ) PLANE_ANGLE_UNIT ( ) SI_UNIT ( $, .RADIAN. ) );
#2964 = ADVANCED_FACE ( 'NONE', ( #2818 ), #2897, .F. ) ;
#2965 = ORIENTED_EDGE ( 'NONE', *, *, #2315, .T. ) ;
#2966 = EDGE_LOOP ( 'NONE', ( #969, #1071, #2426, #1225 ) ) ;
#2967 = DIRECTION ( 'NONE',  ( -1.000000000000000000, 0.000000000000000000, 0.000000000000000000 ) ) ;
#2968 = LINE ( 'NONE', #2700, #3719 ) ;
#2969 = SURFACE_SIDE_STYLE ('',( #3738 ) ) ;
#2970 = EDGE_CURVE ( 'NONE', #2548, #744, #5, .T. ) ;
#2971 = DIRECTION ( 'NONE',  ( 0.000000000000000000, 1.000000000000000000, 0.000000000000000000 ) ) ;
#2972 =( LENGTH_UNIT ( ) NAMED_UNIT ( * ) SI_UNIT ( .MILLI., .METRE. ) );
#2973 = DIRECTION ( 'NONE',  ( -0.000000000000000000, 1.000000000000000000, -0.000000000000000000 ) ) ;
#2974 = MANIFOLD_SOLID_BREP ( 'NX3215SA-32.768KHZ-EXS00A-MU00525.stp', #131 ) ;
#2975 = CARTESIAN_POINT ( 'NONE',  ( 1.481443453995999970, 0.02000000000000000042, 0.7314434539959999704 ) ) ;
#2976 = DIRECTION ( 'NONE',  ( 0.000000000000000000, 1.000000000000000000, 0.000000000000000000 ) ) ;
#2977 = ORIENTED_EDGE ( 'NONE', *, *, #4435, .F. ) ;
#2978 = CARTESIAN_POINT ( 'NONE',  ( 1.600000000000000089, 0.2700000000000000178, 0.7500000000000000000 ) ) ;
#2979 = EDGE_CURVE ( 'NONE', #4064, #419, #3583, .T. ) ;
#2980 = PRESENTATION_LAYER_ASSIGNMENT (  '', '', ( #1688 ) ) ;
#2981 = DIRECTION ( 'NONE',  ( -0.000000000000000000, 1.000000000000000000, -0.000000000000000000 ) ) ;
#2982 = ORIENTED_EDGE ( 'NONE', *, *, #74, .F. ) ;
#2983 = SURFACE_STYLE_FILL_AREA ( #4735 ) ;
#2984 = COLOUR_RGB ( '',0.2980392156862745057, 0.2980392156862745057, 0.2980392156862745057 ) ;
#2985 = LINE ( 'NONE', #3693, #4553 ) ;
#2986 = DIRECTION ( 'NONE',  ( 0.000000000000000000, 0.000000000000000000, 1.000000000000000000 ) ) ;
#2987 = CARTESIAN_POINT ( 'NONE',  ( -1.600000000000000089, 0.2700000000000000178, -0.6500000000000000222 ) ) ;
#2988 = AXIS2_PLACEMENT_3D ( 'NONE', #2932, #3648, #2950 ) ;
#2989 = CARTESIAN_POINT ( 'NONE',  ( -1.399999999999999911, 0.5999999999999999778, 0.3499999999728000133 ) ) ;
#2990 = LINE ( 'NONE', #624, #985 ) ;
#2991 =( NAMED_UNIT ( * ) PLANE_ANGLE_UNIT ( ) SI_UNIT ( $, .RADIAN. ) );
#2992 = VECTOR ( 'NONE', #3542, 1000.000000000000000 ) ;
#2993 = SURFACE_STYLE_FILL_AREA ( #1229 ) ;
#2994 =( GEOMETRIC_REPRESENTATION_CONTEXT ( 3 ) GLOBAL_UNCERTAINTY_ASSIGNED_CONTEXT ( ( #2335 ) ) GLOBAL_UNIT_ASSIGNED_CONTEXT ( ( #1873, #4487, #2215 ) ) REPRESENTATION_CONTEXT ( 'NONE', 'WORKASPACE' ) );
#2995 = ADVANCED_FACE ( 'NONE', ( #802 ), #4448, .F. ) ;
#2996 =( LENGTH_UNIT ( ) NAMED_UNIT ( * ) SI_UNIT ( .MILLI., .METRE. ) );
#2997 = PRESENTATION_STYLE_ASSIGNMENT (( #2565 ) ) ;
#2998 = LINE ( 'NONE', #4105, #1125 ) ;
#2999 = CARTESIAN_POINT ( 'NONE',  ( 1.600000000000000089, 0.000000000000000000, -0.6300000000000000044 ) ) ;
#3000 = STYLED_ITEM ( 'NONE', ( #3075 ), #2995 ) ;
#3001 = UNCERTAINTY_MEASURE_WITH_UNIT (LENGTH_MEASURE( 1.000000000000000082E-05 ), #4718, 'distance_accuracy_value', 'NONE');
#3002 = DIRECTION ( 'NONE',  ( -1.000000000000000000, 0.000000000000000000, 0.000000000000000000 ) ) ;
#3003 = CARTESIAN_POINT ( 'NONE',  ( -1.600000000000000089, 0.2700000000000000178, -0.6500000000000000222 ) ) ;
#3004 = LINE ( 'NONE', #393, #2762 ) ;
#3005 = DIRECTION ( 'NONE',  ( 0.000000000000000000, 0.000000000000000000, 1.000000000000000000 ) ) ;
#3006 =( NAMED_UNIT ( * ) SI_UNIT ( $, .STERADIAN. ) SOLID_ANGLE_UNIT ( ) );
#3007 =( GEOMETRIC_REPRESENTATION_CONTEXT ( 3 ) GLOBAL_UNCERTAINTY_ASSIGNED_CONTEXT ( ( #4746 ) ) GLOBAL_UNIT_ASSIGNED_CONTEXT ( ( #2693, #813, #780 ) ) REPRESENTATION_CONTEXT ( 'NONE', 'WORKASPACE' ) );
#3008 = EDGE_CURVE ( 'NONE', #2058, #2785, #1273, .T. ) ;
#3009 = CYLINDRICAL_SURFACE ( 'NONE', #120, 0.1000000000000000472 ) ;
#3010 = PLANE ( 'NONE',  #2063 ) ;
#3011 = STYLED_ITEM ( 'NONE', ( #59 ), #1775 ) ;
#3012 = EDGE_CURVE ( 'NONE', #2654, #2053, #4585, .T. ) ;
#3013 = STYLED_ITEM ( 'NONE', ( #1720 ), #4330 ) ;
#3014 = SURFACE_STYLE_USAGE ( .BOTH. , #2231 ) ;
#3015 = ORIENTED_EDGE ( 'NONE', *, *, #1858, .F. ) ;
#3016 = ORIENTED_EDGE ( 'NONE', *, *, #359, .T. ) ;
#3017 =( LENGTH_UNIT ( ) NAMED_UNIT ( * ) SI_UNIT ( .MILLI., .METRE. ) );
#3018 = PRESENTATION_LAYER_ASSIGNMENT (  '', '', ( #2025 ) ) ;
#3019 = ORIENTED_EDGE ( 'NONE', *, *, #3372, .F. ) ;
#3020 = VERTEX_POINT ( 'NONE', #3705 ) ;
#3021 =( NAMED_UNIT ( * ) SI_UNIT ( $, .STERADIAN. ) SOLID_ANGLE_UNIT ( ) );
#3022 = STYLED_ITEM ( 'NONE', ( #2191 ), #2571 ) ;
#3023 = COLOUR_RGB ( '',0.9686274509803921573, 0.8784313725490195957, 0.5999999999999999778 ) ;
#3024 = VERTEX_POINT ( 'NONE', #1118 ) ;
#3025 = DIRECTION ( 'NONE',  ( 0.000000000000000000, -1.000000000000000000, 0.000000000000000000 ) ) ;
#3026 = ORIENTED_EDGE ( 'NONE', *, *, #4222, .T. ) ;
#3027 = CARTESIAN_POINT ( 'NONE',  ( -1.524582898450000057, 0.02000000000000000042, -0.6261335730022999924 ) ) ;
#3028 = VECTOR ( 'NONE', #571, 1000.000000000000000 ) ;
#3029 = VERTEX_POINT ( 'NONE', #3727 ) ;
#3030 = EDGE_LOOP ( 'NONE', ( #3329, #4363, #639, #3845 ) ) ;
#3031 = DIRECTION ( 'NONE',  ( 0.4758059194425905414, 0.000000000000000000, 0.8795502981770804141 ) ) ;
#3032 = CARTESIAN_POINT ( 'NONE',  ( 1.550000000000000044, 0.02000000000000000042, -0.5500000000000000444 ) ) ;
#3033 = EDGE_LOOP ( 'NONE', ( #3658, #3791, #2229, #1760 ) ) ;
#3034 =( NAMED_UNIT ( * ) SI_UNIT ( $, .STERADIAN. ) SOLID_ANGLE_UNIT ( ) );
#3035 = UNCERTAINTY_MEASURE_WITH_UNIT (LENGTH_MEASURE( 1.000000000000000082E-05 ), #1580, 'distance_accuracy_value', 'NONE');
#3036 = DIRECTION ( 'NONE',  ( 0.7071067811865474617, 0.000000000000000000, 0.7071067811865474617 ) ) ;
#3037 = EDGE_CURVE ( 'NONE', #1763, #4744, #2536, .T. ) ;
#3038 = SURFACE_STYLE_USAGE ( .BOTH. , #3829 ) ;
#3039 = LINE ( 'NONE', #4072, #3442 ) ;
#3040 = DIRECTION ( 'NONE',  ( -0.000000000000000000, 1.000000000000000000, -0.000000000000000000 ) ) ;
#3041 = SURFACE_STYLE_USAGE ( .BOTH. , #439 ) ;
#3042 = EDGE_LOOP ( 'NONE', ( #105, #4673, #3421, #4310 ) ) ;
#3043 = EDGE_CURVE ( 'NONE', #3957, #8, #582, .T. ) ;
#3044 = DIRECTION ( 'NONE',  ( 0.000000000000000000, 1.000000000000000000, 0.000000000000000000 ) ) ;
#3045 = VECTOR ( 'NONE', #3709, 1000.000000000000000 ) ;
#3046 = LINE ( 'NONE', #2546, #721 ) ;
#3047 = PRESENTATION_STYLE_ASSIGNMENT (( #3223 ) ) ;
#3048 = VECTOR ( 'NONE', #164, 1000.000000000000114 ) ;
#3049 = CARTESIAN_POINT ( 'NONE',  ( 1.500000000000000000, 0.000000000000000000, -0.7500000000000000000 ) ) ;
#3050 = FILL_AREA_STYLE ('',( #833 ) ) ;
#3051 =( GEOMETRIC_REPRESENTATION_CONTEXT ( 3 ) GLOBAL_UNCERTAINTY_ASSIGNED_CONTEXT ( ( #3060 ) ) GLOBAL_UNIT_ASSIGNED_CONTEXT ( ( #3247, #4341, #4724 ) ) REPRESENTATION_CONTEXT ( 'NONE', 'WORKASPACE' ) );
#3052 = AXIS2_PLACEMENT_3D ( 'NONE', #2850, #976, #3589 ) ;
#3053 =( NAMED_UNIT ( * ) SI_UNIT ( $, .STERADIAN. ) SOLID_ANGLE_UNIT ( ) );
#3054 = CARTESIAN_POINT ( 'NONE',  ( -1.524582898450000057, 0.000000000000000000, -0.6261335730022999924 ) ) ;
#3055 =( GEOMETRIC_REPRESENTATION_CONTEXT ( 3 ) GLOBAL_UNCERTAINTY_ASSIGNED_CONTEXT ( ( #4040 ) ) GLOBAL_UNIT_ASSIGNED_CONTEXT ( ( #1236, #3122, #3477 ) ) REPRESENTATION_CONTEXT ( 'NONE', 'WORKASPACE' ) );
#3056 = DIRECTION ( 'NONE',  ( -0.000000000000000000, 1.000000000000000000, -0.000000000000000000 ) ) ;
#3057 =( NAMED_UNIT ( * ) SI_UNIT ( $, .STERADIAN. ) SOLID_ANGLE_UNIT ( ) );
#3058 = LINE ( 'NONE', #2203, #2457 ) ;
#3059 = ORIENTED_EDGE ( 'NONE', *, *, #1984, .T. ) ;
#3060 = UNCERTAINTY_MEASURE_WITH_UNIT (LENGTH_MEASURE( 1.000000000000000082E-05 ), #3247, 'distance_accuracy_value', 'NONE');
#3061 = DIRECTION ( 'NONE',  ( -0.000000000000000000, 1.000000000000000000, -0.000000000000000000 ) ) ;
#3062 = SURFACE_STYLE_USAGE ( .BOTH. , #850 ) ;
#3063 = ORIENTED_EDGE ( 'NONE', *, *, #3615, .F. ) ;
#3064 = FILL_AREA_STYLE ('',( #434 ) ) ;
#3065 = SURFACE_STYLE_FILL_AREA ( #2566 ) ;
#3066 = DIRECTION ( 'NONE',  ( 0.000000000000000000, 0.000000000000000000, 1.000000000000000000 ) ) ;
#3067 = CARTESIAN_POINT ( 'NONE',  ( 1.350000000000000089, 0.6999999999999999556, 0.2999999999999999889 ) ) ;
#3068 = SURFACE_SIDE_STYLE ('',( #4567 ) ) ;
#3069 = EDGE_CURVE ( 'NONE', #3659, #1658, #747, .T. ) ;
#3070 = CARTESIAN_POINT ( 'NONE',  ( 1.600000000000000089, 0.000000000000000000, -0.7500000000000000000 ) ) ;
#3071 = ORIENTED_EDGE ( 'NONE', *, *, #3215, .F. ) ;
#3072 = ORIENTED_EDGE ( 'NONE', *, *, #2407, .T. ) ;
#3073 = ORIENTED_EDGE ( 'NONE', *, *, #4664, .F. ) ;
#3074 = FILL_AREA_STYLE ('',( #3393 ) ) ;
#3075 = PRESENTATION_STYLE_ASSIGNMENT (( #1099 ) ) ;
#3076 = FILL_AREA_STYLE_COLOUR ( '', #4496 ) ;
#3077 = DIRECTION ( 'NONE',  ( -0.000000000000000000, 1.000000000000000000, -0.000000000000000000 ) ) ;
#3078 = ORIENTED_EDGE ( 'NONE', *, *, #522, .F. ) ;
#3079 = DIRECTION ( 'NONE',  ( -1.000000000000000000, 0.000000000000000000, 0.000000000000000000 ) ) ;
#3080 = ORIENTED_EDGE ( 'NONE', *, *, #253, .T. ) ;
#3081 =( NAMED_UNIT ( * ) PLANE_ANGLE_UNIT ( ) SI_UNIT ( $, .RADIAN. ) );
#3082 = ORIENTED_EDGE ( 'NONE', *, *, #3653, .F. ) ;
#3083 = VECTOR ( 'NONE', #4191, 1000.000000000000000 ) ;
#3084 = EDGE_LOOP ( 'NONE', ( #3310, #2374, #3948, #4667 ) ) ;
#3085 =( NAMED_UNIT ( * ) SI_UNIT ( $, .STERADIAN. ) SOLID_ANGLE_UNIT ( ) );
#3086 = CARTESIAN_POINT ( 'NONE',  ( 1.550000000000000044, 0.000000000000000000, -0.5500000000000000444 ) ) ;
#3087 = VERTEX_POINT ( 'NONE', #1960 ) ;
#3088 = CARTESIAN_POINT ( 'NONE',  ( -0.8499999999999999778, 0.000000000000000000, -0.6500000000000000222 ) ) ;
#3089 =( GEOMETRIC_REPRESENTATION_CONTEXT ( 3 ) GLOBAL_UNCERTAINTY_ASSIGNED_CONTEXT ( ( #248 ) ) GLOBAL_UNIT_ASSIGNED_CONTEXT ( ( #4127, #4428, #2620 ) ) REPRESENTATION_CONTEXT ( 'NONE', 'WORKASPACE' ) );
#3090 = CARTESIAN_POINT ( 'NONE',  ( 1.350000000000000089, 0.8000000000000000444, 0.2999999999999999889 ) ) ;
#3091 = ORIENTED_EDGE ( 'NONE', *, *, #3439, .F. ) ;
#3092 = FILL_AREA_STYLE_COLOUR ( '', #3275 ) ;
#3093 = DIRECTION ( 'NONE',  ( 0.000000000000000000, 1.000000000000000000, 0.000000000000000000 ) ) ;
#3094 =( GEOMETRIC_REPRESENTATION_CONTEXT ( 3 ) GLOBAL_UNCERTAINTY_ASSIGNED_CONTEXT ( ( #3324 ) ) GLOBAL_UNIT_ASSIGNED_CONTEXT ( ( #3664, #3678, #4415 ) ) REPRESENTATION_CONTEXT ( 'NONE', 'WORKASPACE' ) );
#3095 = EDGE_CURVE ( 'NONE', #4613, #1281, #1398, .T. ) ;
#3096 = FACE_OUTER_BOUND ( 'NONE', #2268, .T. ) ;
#3097 = VERTEX_POINT ( 'NONE', #1204 ) ;
#3098 = CARTESIAN_POINT ( 'NONE',  ( -0.8499999999999999778, 0.000000000000000000, 0.6500000000000000222 ) ) ;
#3099 = SURFACE_STYLE_USAGE ( .BOTH. , #1981 ) ;
#3100 = ORIENTED_EDGE ( 'NONE', *, *, #1465, .T. ) ;
#3101 = LINE ( 'NONE', #3734, #1169 ) ;
#3102 = VECTOR ( 'NONE', #2450, 1000.000000000000000 ) ;
#3103 = CARTESIAN_POINT ( 'NONE',  ( -1.449999999999999956, 0.000000000000000000, 0.7500000000000000000 ) ) ;
#3104 = CIRCLE ( 'NONE', #4691, 0.1200000000000000927 ) ;
#3105 = STYLED_ITEM ( 'NONE', ( #4742 ), #1802 ) ;
#3106 = PRESENTATION_LAYER_ASSIGNMENT (  '', '', ( #2846 ) ) ;
#3107 =( GEOMETRIC_REPRESENTATION_CONTEXT ( 3 ) GLOBAL_UNCERTAINTY_ASSIGNED_CONTEXT ( ( #537 ) ) GLOBAL_UNIT_ASSIGNED_CONTEXT ( ( #404, #3307, #1064 ) ) REPRESENTATION_CONTEXT ( 'NONE', 'WORKASPACE' ) );
#3108 = FACE_OUTER_BOUND ( 'NONE', #926, .T. ) ;
#3109 =( NAMED_UNIT ( * ) PLANE_ANGLE_UNIT ( ) SI_UNIT ( $, .RADIAN. ) );
#3110 = FACE_OUTER_BOUND ( 'NONE', #2833, .T. ) ;
#3111 = FILL_AREA_STYLE ('',( #3092 ) ) ;
#3112 = DIRECTION ( 'NONE',  ( -0.7071067811865474617, 0.000000000000000000, -0.7071067811865474617 ) ) ;
#3113 = PRESENTATION_STYLE_ASSIGNMENT (( #4014 ) ) ;
#3114 = FILL_AREA_STYLE ('',( #835 ) ) ;
#3115 = DIRECTION ( 'NONE',  ( 0.000000000000000000, 1.000000000000000000, 0.000000000000000000 ) ) ;
#3116 = DIRECTION ( 'NONE',  ( 1.000000000000000000, 0.000000000000000000, 0.000000000000000000 ) ) ;
#3117 = VERTEX_POINT ( 'NONE', #1934 ) ;
#3118 = FILL_AREA_STYLE ('',( #147 ) ) ;
#3119 = ADVANCED_BREP_SHAPE_REPRESENTATION ( 'NX3215SA-32.768KHZ-EXS00A-MU00525', ( #2974, #1243, #3748, #4170 ), #2994 ) ;
#3120 = DIRECTION ( 'NONE',  ( -1.000000000000000000, 0.000000000000000000, 0.000000000000000000 ) ) ;
#3121 = VECTOR ( 'NONE', #1821, 1000.000000000000114 ) ;
#3122 =( NAMED_UNIT ( * ) PLANE_ANGLE_UNIT ( ) SI_UNIT ( $, .RADIAN. ) );
#3123 = EDGE_CURVE ( 'NONE', #4197, #3024, #4696, .T. ) ;
#3124 = ORIENTED_EDGE ( 'NONE', *, *, #874, .F. ) ;
#3125 = DIRECTION ( 'NONE',  ( 0.000000000000000000, 1.000000000000000000, 0.000000000000000000 ) ) ;
#3126 = LINE ( 'NONE', #3629, #2823 ) ;
#3127 = DIRECTION ( 'NONE',  ( -0.000000000000000000, 1.000000000000000000, -0.000000000000000000 ) ) ;
#3128 = CARTESIAN_POINT ( 'NONE',  ( 1.500000000000000000, 0.000000000000000000, 0.7500000000000000000 ) ) ;
#3129 = ORIENTED_EDGE ( 'NONE', *, *, #4736, .T. ) ;
#3130 = CARTESIAN_POINT ( 'NONE',  ( 1.600000000000000089, 0.2700000000000000178, -0.6500000000000000222 ) ) ;
#3131 = EDGE_CURVE ( 'NONE', #277, #3097, #403, .T. ) ;
#3132 = FACE_OUTER_BOUND ( 'NONE', #1941, .T. ) ;
#3133 = VECTOR ( 'NONE', #3436, 1000.000000000000000 ) ;
#3134 = DIRECTION ( 'NONE',  ( 0.000000000000000000, -0.000000000000000000, -1.000000000000000000 ) ) ;
#3135 = VERTEX_POINT ( 'NONE', #1619 ) ;
#3136 = CARTESIAN_POINT ( 'NONE',  ( 1.399999999999999911, 0.6999999999999999556, -0.3499999999999999778 ) ) ;
#3137 = VERTEX_POINT ( 'NONE', #2707 ) ;
#3138 =( GEOMETRIC_REPRESENTATION_CONTEXT ( 3 ) GLOBAL_UNCERTAINTY_ASSIGNED_CONTEXT ( ( #3977 ) ) GLOBAL_UNIT_ASSIGNED_CONTEXT ( ( #1040, #318, #3670 ) ) REPRESENTATION_CONTEXT ( 'NONE', 'WORKASPACE' ) );
#3139 = ADVANCED_FACE ( 'NONE', ( #1643 ), #4159, .F. ) ;
#3140 = ORIENTED_EDGE ( 'NONE', *, *, #1361, .F. ) ;
#3141 = PRESENTATION_LAYER_ASSIGNMENT (  '', '', ( #4226 ) ) ;
#3142 = SURFACE_SIDE_STYLE ('',( #2802 ) ) ;
#3143 = LINE ( 'NONE', #1626, #2148 ) ;
#3144 =( NAMED_UNIT ( * ) PLANE_ANGLE_UNIT ( ) SI_UNIT ( $, .RADIAN. ) );
#3145 = ORIENTED_EDGE ( 'NONE', *, *, #951, .F. ) ;
#3146 = PLANE ( 'NONE',  #2679 ) ;
#3147 = ORIENTED_EDGE ( 'NONE', *, *, #354, .F. ) ;
#3148 =( LENGTH_UNIT ( ) NAMED_UNIT ( * ) SI_UNIT ( .MILLI., .METRE. ) );
#3149 = DIRECTION ( 'NONE',  ( 0.000000000000000000, 0.000000000000000000, -1.000000000000000000 ) ) ;
#3150 = EDGE_LOOP ( 'NONE', ( #2259, #4351, #13, #2321, #1649, #1072, #1491, #353 ) ) ;
#3151 = SURFACE_SIDE_STYLE ('',( #1721 ) ) ;
#3152 = EDGE_CURVE ( 'NONE', #115, #3979, #3426, .T. ) ;
#3153 = ORIENTED_EDGE ( 'NONE', *, *, #3372, .T. ) ;
#3154 = DIRECTION ( 'NONE',  ( -0.000000000000000000, 0.000000000000000000, 1.000000000000000000 ) ) ;
#3155 = COLOUR_RGB ( '',0.9686274509803921573, 0.8784313725490195957, 0.5999999999999999778 ) ;
#3156 = AXIS2_PLACEMENT_3D ( 'NONE', #797, #4546, #3398 ) ;
#3157 = LINE ( 'NONE', #1776, #4327 ) ;
#3158 = EDGE_CURVE ( 'NONE', #3950, #819, #1079, .T. ) ;
#3159 = AXIS2_PLACEMENT_3D ( 'NONE', #1070, #2175, #3344 ) ;
#3160 = CIRCLE ( 'NONE', #4807, 0.2000000000000000389 ) ;
#3161 = DIRECTION ( 'NONE',  ( 0.000000000000000000, 1.000000000000000000, 0.000000000000000000 ) ) ;
#3162 = ADVANCED_FACE ( 'NONE', ( #1529 ), #1326, .F. ) ;
#3163 = CARTESIAN_POINT ( 'NONE',  ( -0.8499999999999999778, 0.02000000000000000042, 0.6500000000000000222 ) ) ;
#3164 =( LENGTH_UNIT ( ) NAMED_UNIT ( * ) SI_UNIT ( .MILLI., .METRE. ) );
#3165 = VECTOR ( 'NONE', #3264, 1000.000000000000000 ) ;
#3166 = DIRECTION ( 'NONE',  ( 1.000000000000000000, 0.000000000000000000, 0.000000000000000000 ) ) ;
#3167 = VECTOR ( 'NONE', #3336, 1000.000000000000000 ) ;
#3168 = LINE ( 'NONE', #1314, #3287 ) ;
#3169 = CARTESIAN_POINT ( 'NONE',  ( 1.486243180097000183, 0.02000000000000000042, -0.6500000000000000222 ) ) ;
#3170 = AXIS2_PLACEMENT_3D ( 'NONE', #4352, #628, #4001 ) ;
#3171 = FILL_AREA_STYLE ('',( #2929 ) ) ;
#3172 = COLOUR_RGB ( '',0.2980392156862745057, 0.2980392156862745057, 0.2980392156862745057 ) ;
#3173 = UNCERTAINTY_MEASURE_WITH_UNIT (LENGTH_MEASURE( 1.000000000000000082E-05 ), #1180, 'distance_accuracy_value', 'NONE');
#3174 = CIRCLE ( 'NONE', #197, 0.2000000000000000944 ) ;
#3175 = SURFACE_SIDE_STYLE ('',( #4028 ) ) ;
#3176 = FILL_AREA_STYLE_COLOUR ( '', #3621 ) ;
#3177 = PRESENTATION_STYLE_ASSIGNMENT (( #2078 ) ) ;
#3178 = COLOUR_RGB ( '',1.000000000000000000, 1.000000000000000000, 1.000000000000000000 ) ;
#3179 = CARTESIAN_POINT ( 'NONE',  ( 1.350000000000000089, 0.8000000000000000444, -0.2999999999999999889 ) ) ;
#3180 = LINE ( 'NONE', #1347, #2422 ) ;
#3181 = AXIS2_PLACEMENT_3D ( 'NONE', #1443, #643, #735 ) ;
#3182 = EDGE_CURVE ( 'NONE', #2263, #2905, #3539, .T. ) ;
#3183 = PRESENTATION_LAYER_ASSIGNMENT (  '', '', ( #2434 ) ) ;
#3184 = VERTEX_POINT ( 'NONE', #4544 ) ;
#3185 = ORIENTED_EDGE ( 'NONE', *, *, #429, .F. ) ;
#3186 = LINE ( 'NONE', #1393, #3362 ) ;
#3187 = SURFACE_STYLE_FILL_AREA ( #3519 ) ;
#3188 = ORIENTED_EDGE ( 'NONE', *, *, #1622, .F. ) ;
#3189 = PRESENTATION_LAYER_ASSIGNMENT (  '', '', ( #2684 ) ) ;
#3190 = ORIENTED_EDGE ( 'NONE', *, *, #3682, .T. ) ;
#3191 =( LENGTH_UNIT ( ) NAMED_UNIT ( * ) SI_UNIT ( .MILLI., .METRE. ) );
#3192 = EDGE_CURVE ( 'NONE', #3244, #1415, #4809, .T. ) ;
#3193 = STYLED_ITEM ( 'NONE', ( #2179 ), #4117 ) ;
#3194 = COLOUR_RGB ( '',1.000000000000000000, 1.000000000000000000, 1.000000000000000000 ) ;
#3195 = VERTEX_POINT ( 'NONE', #536 ) ;
#3196 = CARTESIAN_POINT ( 'NONE',  ( -1.500000000000000000, 0.5000000000000000000, -0.3499999999999999778 ) ) ;
#3197 = CARTESIAN_POINT ( 'NONE',  ( -1.500000000000000000, 0.2700000000000000178, -0.7500000000000000000 ) ) ;
#3198 = CARTESIAN_POINT ( 'NONE',  ( 1.450016545858999972, 0.02000000000000000042, -0.7500000000000000000 ) ) ;
#3199 = PLANE ( 'NONE',  #2768 ) ;
#3200 = ORIENTED_EDGE ( 'NONE', *, *, #2788, .F. ) ;
#3201 = DIRECTION ( 'NONE',  ( 0.000000000000000000, -1.000000000000000000, 0.000000000000000000 ) ) ;
#3202 = ORIENTED_EDGE ( 'NONE', *, *, #3259, .F. ) ;
#3203 = PRESENTATION_STYLE_ASSIGNMENT (( #1449 ) ) ;
#3204 = MECHANICAL_DESIGN_GEOMETRIC_PRESENTATION_REPRESENTATION (  '', ( #1552 ), #3358 ) ;
#3205 = EDGE_LOOP ( 'NONE', ( #3432, #4018, #239, #478 ) ) ;
#3206 = UNCERTAINTY_MEASURE_WITH_UNIT (LENGTH_MEASURE( 1.000000000000000082E-05 ), #2288, 'distance_accuracy_value', 'NONE');
#3207 = ORIENTED_EDGE ( 'NONE', *, *, #4632, .F. ) ;
#3208 =( GEOMETRIC_REPRESENTATION_CONTEXT ( 3 ) GLOBAL_UNCERTAINTY_ASSIGNED_CONTEXT ( ( #85 ) ) GLOBAL_UNIT_ASSIGNED_CONTEXT ( ( #113, #529, #2701 ) ) REPRESENTATION_CONTEXT ( 'NONE', 'WORKASPACE' ) );
#3209 = ORIENTED_EDGE ( 'NONE', *, *, #4163, .F. ) ;
#3210 = ADVANCED_FACE ( 'NONE', ( #4580 ), #1074, .F. ) ;
#3211 = PRESENTATION_STYLE_ASSIGNMENT (( #1433 ) ) ;
#3212 = ORIENTED_EDGE ( 'NONE', *, *, #2287, .T. ) ;
#3213 = SURFACE_STYLE_USAGE ( .BOTH. , #1316 ) ;
#3214 = CARTESIAN_POINT ( 'NONE',  ( -1.449999999999999956, 0.02000000000000000042, 0.7500000000000000000 ) ) ;
#3215 = EDGE_CURVE ( 'NONE', #1929, #2733, #4692, .T. ) ;
#3216 = LINE ( 'NONE', #1359, #3102 ) ;
#3217 = VECTOR ( 'NONE', #2886, 1000.000000000000000 ) ;
#3218 = FACE_OUTER_BOUND ( 'NONE', #1938, .T. ) ;
#3219 = VECTOR ( 'NONE', #1251, 1000.000000000000000 ) ;
#3220 = EDGE_CURVE ( 'NONE', #1699, #1457, #1969, .T. ) ;
#3221 = CARTESIAN_POINT ( 'NONE',  ( -0.8499999999999999778, 0.02000000000000000042, -0.6500000000000000222 ) ) ;
#3222 = CIRCLE ( 'NONE', #47, 0.1000000000000000472 ) ;
#3223 = SURFACE_STYLE_USAGE ( .BOTH. , #1752 ) ;
#3224 =( NAMED_UNIT ( * ) SI_UNIT ( $, .STERADIAN. ) SOLID_ANGLE_UNIT ( ) );
#3225 = FILL_AREA_STYLE ('',( #1421 ) ) ;
#3226 = CARTESIAN_POINT ( 'NONE',  ( -1.500000000000000000, 0.2700000000000000178, 0.7500000000000000000 ) ) ;
#3227 = AXIS2_PLACEMENT_3D ( 'NONE', #1930, #4144, #3811 ) ;
#3228 = MECHANICAL_DESIGN_GEOMETRIC_PRESENTATION_REPRESENTATION (  '', ( #1037 ), #1670 ) ;
#3229 = CARTESIAN_POINT ( 'NONE',  ( 1.600000000000000089, 0.000000000000000000, -0.6300000000000000044 ) ) ;
#3230 = ADVANCED_FACE ( 'NONE', ( #2580 ), #3146, .T. ) ;
#3231 = CARTESIAN_POINT ( 'NONE',  ( -1.199999999999999956, 0.5999999999999999778, -0.6500000000000000222 ) ) ;
#3232 =( NAMED_UNIT ( * ) SI_UNIT ( $, .STERADIAN. ) SOLID_ANGLE_UNIT ( ) );
#3233 = UNCERTAINTY_MEASURE_WITH_UNIT (LENGTH_MEASURE( 1.000000000000000082E-05 ), #2854, 'distance_accuracy_value', 'NONE');
#3234 = ORIENTED_EDGE ( 'NONE', *, *, #2970, .F. ) ;
#3235 = CARTESIAN_POINT ( 'NONE',  ( -1.350000000000000089, 0.8000000000000000444, -0.2999999999999999889 ) ) ;
#3236 = DIRECTION ( 'NONE',  ( 0.000000000000000000, 1.000000000000000000, 0.000000000000000000 ) ) ;
#3237 = CARTESIAN_POINT ( 'NONE',  ( 1.550000000000000044, 0.02000000000000000042, -0.5500000000000000444 ) ) ;
#3238 = DIRECTION ( 'NONE',  ( 0.000000000000000000, 0.000000000000000000, -1.000000000000000000 ) ) ;
#3239 = DIRECTION ( 'NONE',  ( 0.000000000000000000, 0.000000000000000000, 1.000000000000000000 ) ) ;
#3240 = EDGE_LOOP ( 'NONE', ( #4493, #2208, #2745, #2167 ) ) ;
#3241 = CARTESIAN_POINT ( 'NONE',  ( -1.600000000000000089, 0.000000000000000000, 0.6299999999999998934 ) ) ;
#3242 = DIRECTION ( 'NONE',  ( -0.000000000000000000, 0.000000000000000000, -1.000000000000000000 ) ) ;
#3243 = CYLINDRICAL_SURFACE ( 'NONE', #4687, 0.1000000000000000472 ) ;
#3244 = VERTEX_POINT ( 'NONE', #2353 ) ;
#3245 = SURFACE_STYLE_USAGE ( .BOTH. , #2710 ) ;
#3246 = CARTESIAN_POINT ( 'NONE',  ( 1.500000000000000000, 0.2700000000000000178, -0.7500000000000000000 ) ) ;
#3247 =( LENGTH_UNIT ( ) NAMED_UNIT ( * ) SI_UNIT ( .MILLI., .METRE. ) );
#3248 = LINE ( 'NONE', #806, #4532 ) ;
#3249 = STYLED_ITEM ( 'NONE', ( #2637 ), #1312 ) ;
#3250 = EDGE_CURVE ( 'NONE', #4190, #2535, #4645, .T. ) ;
#3251 = EDGE_LOOP ( 'NONE', ( #3951, #3384, #4185, #3999, #2316, #4629, #1547, #3147, #2000, #642 ) ) ;
#3252 = ORIENTED_EDGE ( 'NONE', *, *, #2459, .T. ) ;
#3253 = VERTEX_POINT ( 'NONE', #4587 ) ;
#3254 = CARTESIAN_POINT ( 'NONE',  ( -1.600000000000000089, 0.5000000000000000000, -0.7500000000000000000 ) ) ;
#3255 = ADVANCED_FACE ( 'NONE', ( #1794 ), #2371, .F. ) ;
#3256 = DIRECTION ( 'NONE',  ( 0.7071067811865470176, 0.000000000000000000, 0.7071067811865479058 ) ) ;
#3257 = CARTESIAN_POINT ( 'NONE',  ( 1.600000000000000089, 0.02000000000000000042, -0.6300000000000000044 ) ) ;
#3258 = PRESENTATION_LAYER_ASSIGNMENT (  '', '', ( #3011 ) ) ;
#3259 = EDGE_CURVE ( 'NONE', #1979, #286, #520, .T. ) ;
#3260 = ORIENTED_EDGE ( 'NONE', *, *, #4342, .T. ) ;
#3261 = DIRECTION ( 'NONE',  ( 0.000000000000000000, 0.000000000000000000, 1.000000000000000000 ) ) ;
#3262 = VERTEX_POINT ( 'NONE', #1018 ) ;
#3263 = CARTESIAN_POINT ( 'NONE',  ( -1.600000000000000089, 0.2700000000000000178, -0.7500000000000000000 ) ) ;
#3264 = DIRECTION ( 'NONE',  ( 0.000000000000000000, 0.000000000000000000, 1.000000000000000000 ) ) ;
#3265 = MECHANICAL_DESIGN_GEOMETRIC_PRESENTATION_REPRESENTATION (  '', ( #2295 ), #770 ) ;
#3266 = UNCERTAINTY_MEASURE_WITH_UNIT (LENGTH_MEASURE( 1.000000000000000082E-05 ), #420, 'distance_accuracy_value', 'NONE');
#3267 = DIRECTION ( 'NONE',  ( 0.000000000000000000, -1.000000000000000000, 0.000000000000000000 ) ) ;
#3268 = MECHANICAL_DESIGN_GEOMETRIC_PRESENTATION_REPRESENTATION (  '', ( #852 ), #539 ) ;
#3269 = CARTESIAN_POINT ( 'NONE',  ( 1.500000000000000000, 0.2700000000000000178, -0.7500000000000000000 ) ) ;
#3270 = ORIENTED_EDGE ( 'NONE', *, *, #1731, .T. ) ;
#3271 = ORIENTED_EDGE ( 'NONE', *, *, #3500, .T. ) ;
#3272 = DIRECTION ( 'NONE',  ( 0.000000000000000000, 1.000000000000000000, 0.000000000000000000 ) ) ;
#3273 = DIRECTION ( 'NONE',  ( -0.000000000000000000, 0.000000000000000000, 1.000000000000000000 ) ) ;
#3274 = PLANE ( 'NONE',  #3052 ) ;
#3275 = COLOUR_RGB ( '',0.7921568627450980005, 0.8196078431372548767, 0.9333333333333333481 ) ;
#3276 = DIRECTION ( 'NONE',  ( 0.000000000000000000, 0.000000000000000000, -1.000000000000000000 ) ) ;
#3277 =( NAMED_UNIT ( * ) PLANE_ANGLE_UNIT ( ) SI_UNIT ( $, .RADIAN. ) );
#3278 =( NAMED_UNIT ( * ) SI_UNIT ( $, .STERADIAN. ) SOLID_ANGLE_UNIT ( ) );
#3279 = EDGE_CURVE ( 'NONE', #3963, #4360, #3773, .T. ) ;
#3280 = ADVANCED_FACE ( 'NONE', ( #2644 ), #2934, .F. ) ;
#3281 = VECTOR ( 'NONE', #4551, 1000.000000000000000 ) ;
#3282 = SURFACE_SIDE_STYLE ('',( #532 ) ) ;
#3283 = LINE ( 'NONE', #3724, #1897 ) ;
#3284 = SURFACE_STYLE_FILL_AREA ( #1787 ) ;
#3285 = EDGE_CURVE ( 'NONE', #1590, #2036, #52, .T. ) ;
#3286 = SURFACE_STYLE_FILL_AREA ( #129 ) ;
#3287 = VECTOR ( 'NONE', #4294, 1000.000000000000000 ) ;
#3288 =( NAMED_UNIT ( * ) SI_UNIT ( $, .STERADIAN. ) SOLID_ANGLE_UNIT ( ) );
#3289 = SURFACE_SIDE_STYLE ('',( #661 ) ) ;
#3290 =( NAMED_UNIT ( * ) PLANE_ANGLE_UNIT ( ) SI_UNIT ( $, .RADIAN. ) );
#3291 = SURFACE_SIDE_STYLE ('',( #3827 ) ) ;
#3292 = DIRECTION ( 'NONE',  ( 0.000000000000000000, -1.000000000000000000, 0.000000000000000000 ) ) ;
#3293 = FILL_AREA_STYLE ('',( #4037 ) ) ;
#3294 = PLANE ( 'NONE',  #38 ) ;
#3295 = DIRECTION ( 'NONE',  ( -0.000000000000000000, 1.000000000000000000, -0.000000000000000000 ) ) ;
#3296 = AXIS2_PLACEMENT_3D ( 'NONE', #1875, #331, #1514 ) ;
#3297 = DIRECTION ( 'NONE',  ( 0.000000000000000000, 1.000000000000000000, 0.000000000000000000 ) ) ;
#3298 = FACE_OUTER_BOUND ( 'NONE', #4749, .T. ) ;
#3299 = FILL_AREA_STYLE ('',( #2516 ) ) ;
#3300 =( NAMED_UNIT ( * ) PLANE_ANGLE_UNIT ( ) SI_UNIT ( $, .RADIAN. ) );
#3301 = ADVANCED_FACE ( 'NONE', ( #4348 ), #513, .T. ) ;
#3302 = ORIENTED_EDGE ( 'NONE', *, *, #2685, .T. ) ;
#3303 = DIRECTION ( 'NONE',  ( -0.7071067811865480168, 0.000000000000000000, 0.7071067811865471286 ) ) ;
#3304 = ORIENTED_EDGE ( 'NONE', *, *, #3623, .T. ) ;
#3305 = VERTEX_POINT ( 'NONE', #2218 ) ;
#3306 = CARTESIAN_POINT ( 'NONE',  ( 1.486243180097000183, 0.02000000000000000042, -0.6500000000000000222 ) ) ;
#3307 =( NAMED_UNIT ( * ) PLANE_ANGLE_UNIT ( ) SI_UNIT ( $, .RADIAN. ) );
#3308 = DIRECTION ( 'NONE',  ( -1.000000000000000000, 0.000000000000000000, 0.000000000000000000 ) ) ;
#3309 = FILL_AREA_STYLE ('',( #2528 ) ) ;
#3310 = ORIENTED_EDGE ( 'NONE', *, *, #1397, .T. ) ;
#3311 = PLANE ( 'NONE',  #4149 ) ;
#3312 =( NAMED_UNIT ( * ) SI_UNIT ( $, .STERADIAN. ) SOLID_ANGLE_UNIT ( ) );
#3313 = ORIENTED_EDGE ( 'NONE', *, *, #789, .F. ) ;
#3314 = EDGE_CURVE ( 'NONE', #3504, #3244, #900, .T. ) ;
#3315 =( GEOMETRIC_REPRESENTATION_CONTEXT ( 3 ) GLOBAL_UNCERTAINTY_ASSIGNED_CONTEXT ( ( #2532 ) ) GLOBAL_UNIT_ASSIGNED_CONTEXT ( ( #382, #2656, #3701 ) ) REPRESENTATION_CONTEXT ( 'NONE', 'WORKASPACE' ) );
#3316 = ORIENTED_EDGE ( 'NONE', *, *, #3997, .F. ) ;
#3317 = FACE_OUTER_BOUND ( 'NONE', #656, .T. ) ;
#3318 = DIRECTION ( 'NONE',  ( -1.000000000000000000, 0.000000000000000000, 0.000000000000000000 ) ) ;
#3319 = DIRECTION ( 'NONE',  ( 0.000000000000000000, -1.000000000000000000, 0.000000000000000000 ) ) ;
#3320 = CARTESIAN_POINT ( 'NONE',  ( 1.149999999999999911, 0.8000000000000000444, -0.5000000000000000000 ) ) ;
#3321 = VERTEX_POINT ( 'NONE', #1497 ) ;
#3322 = DIRECTION ( 'NONE',  ( 0.000000000000000000, 0.000000000000000000, 1.000000000000000000 ) ) ;
#3323 = FILL_AREA_STYLE_COLOUR ( '', #1469 ) ;
#3324 = UNCERTAINTY_MEASURE_WITH_UNIT (LENGTH_MEASURE( 1.000000000000000082E-05 ), #3664, 'distance_accuracy_value', 'NONE');
#3325 = SURFACE_STYLE_FILL_AREA ( #3597 ) ;
#3326 = ORIENTED_EDGE ( 'NONE', *, *, #21, .T. ) ;
#3327 = DIRECTION ( 'NONE',  ( 0.000000000000000000, 1.000000000000000000, 0.000000000000000000 ) ) ;
#3328 = ADVANCED_FACE ( 'NONE', ( #1730 ), #351, .F. ) ;
#3329 = ORIENTED_EDGE ( 'NONE', *, *, #145, .T. ) ;
#3330 =( NAMED_UNIT ( * ) SI_UNIT ( $, .STERADIAN. ) SOLID_ANGLE_UNIT ( ) );
#3331 = EDGE_LOOP ( 'NONE', ( #1598, #1021, #1977, #2446 ) ) ;
#3332 = LINE ( 'NONE', #4271, #1431 ) ;
#3333 = AXIS2_PLACEMENT_3D ( 'NONE', #4524, #98, #2691 ) ;
#3334 = CARTESIAN_POINT ( 'NONE',  ( -1.600000000000000089, 0.000000000000000000, 0.5688664269976999588 ) ) ;
#3335 =( NAMED_UNIT ( * ) PLANE_ANGLE_UNIT ( ) SI_UNIT ( $, .RADIAN. ) );
#3336 = DIRECTION ( 'NONE',  ( -0.000000000000000000, 1.000000000000000000, -0.000000000000000000 ) ) ;
#3337 = CARTESIAN_POINT ( 'NONE',  ( -1.600000000000000089, 0.2700000000000000178, -0.6500000000000000222 ) ) ;
#3338 = LINE ( 'NONE', #1625, #3753 ) ;
#3339 = EDGE_CURVE ( 'NONE', #1542, #3262, #2638, .T. ) ;
#3340 =( GEOMETRIC_REPRESENTATION_CONTEXT ( 3 ) GLOBAL_UNCERTAINTY_ASSIGNED_CONTEXT ( ( #411 ) ) GLOBAL_UNIT_ASSIGNED_CONTEXT ( ( #3347, #2963, #1899 ) ) REPRESENTATION_CONTEXT ( 'NONE', 'WORKASPACE' ) );
#3341 = CIRCLE ( 'NONE', #1275, 0.1000000000000000472 ) ;
#3342 = LINE ( 'NONE', #1989, #4220 ) ;
#3343 =( NAMED_UNIT ( * ) PLANE_ANGLE_UNIT ( ) SI_UNIT ( $, .RADIAN. ) );
#3344 = DIRECTION ( 'NONE',  ( 0.000000000000000000, 0.000000000000000000, 1.000000000000000000 ) ) ;
#3345 = EDGE_CURVE ( 'NONE', #2842, #2378, #3523, .T. ) ;
#3346 = STYLED_ITEM ( 'NONE', ( #1352 ), #3982 ) ;
#3347 =( LENGTH_UNIT ( ) NAMED_UNIT ( * ) SI_UNIT ( .MILLI., .METRE. ) );
#3348 = ADVANCED_FACE ( 'NONE', ( #2412 ), #2015, .F. ) ;
#3349 =( NAMED_UNIT ( * ) SI_UNIT ( $, .STERADIAN. ) SOLID_ANGLE_UNIT ( ) );
#3350 = COLOUR_RGB ( '',0.9686274509803921573, 0.8784313725490195957, 0.5999999999999999778 ) ;
#3351 = DIRECTION ( 'NONE',  ( 0.000000000000000000, 0.000000000000000000, 1.000000000000000000 ) ) ;
#3352 = ORIENTED_EDGE ( 'NONE', *, *, #28, .T. ) ;
#3353 = PLANE ( 'NONE',  #2272 ) ;
#3354 = VERTEX_POINT ( 'NONE', #3903 ) ;
#3355 = SURFACE_STYLE_USAGE ( .BOTH. , #3068 ) ;
#3356 = DIRECTION ( 'NONE',  ( 0.000000000000000000, 0.000000000000000000, -1.000000000000000000 ) ) ;
#3357 = LINE ( 'NONE', #1700, #1524 ) ;
#3358 =( GEOMETRIC_REPRESENTATION_CONTEXT ( 3 ) GLOBAL_UNCERTAINTY_ASSIGNED_CONTEXT ( ( #2588 ) ) GLOBAL_UNIT_ASSIGNED_CONTEXT ( ( #1739, #4298, #2396 ) ) REPRESENTATION_CONTEXT ( 'NONE', 'WORKASPACE' ) );
#3359 = ORIENTED_EDGE ( 'NONE', *, *, #3345, .F. ) ;
#3360 = VERTEX_POINT ( 'NONE', #2049 ) ;
#3361 = CARTESIAN_POINT ( 'NONE',  ( 1.199999999999999956, 0.5000000000000000000, -0.5500000000000000444 ) ) ;
#3362 = VECTOR ( 'NONE', #861, 1000.000000000000114 ) ;
#3363 =( NAMED_UNIT ( * ) SI_UNIT ( $, .STERADIAN. ) SOLID_ANGLE_UNIT ( ) );
#3364 = COLOUR_RGB ( '',0.2980392156862745057, 0.2980392156862745057, 0.2980392156862745057 ) ;
#3365 = ORIENTED_EDGE ( 'NONE', *, *, #701, .T. ) ;
#3366 = ORIENTED_EDGE ( 'NONE', *, *, #2100, .T. ) ;
#3367 = DIRECTION ( 'NONE',  ( 0.000000000000000000, 0.000000000000000000, -1.000000000000000000 ) ) ;
#3368 = FILL_AREA_STYLE ('',( #14 ) ) ;
#3369 = ORIENTED_EDGE ( 'NONE', *, *, #3756, .F. ) ;
#3370 = VERTEX_POINT ( 'NONE', #2389 ) ;
#3371 = AXIS2_PLACEMENT_3D ( 'NONE', #3389, #36, #4171 ) ;
#3372 = EDGE_CURVE ( 'NONE', #24, #3137, #3887, .T. ) ;
#3373 = DIRECTION ( 'NONE',  ( 0.000000000000000000, 1.000000000000000000, 0.000000000000000000 ) ) ;
#3374 = ORIENTED_EDGE ( 'NONE', *, *, #3182, .F. ) ;
#3375 =( GEOMETRIC_REPRESENTATION_CONTEXT ( 3 ) GLOBAL_UNCERTAINTY_ASSIGNED_CONTEXT ( ( #3703 ) ) GLOBAL_UNIT_ASSIGNED_CONTEXT ( ( #503, #3785, #3034 ) ) REPRESENTATION_CONTEXT ( 'NONE', 'WORKASPACE' ) );
#3376 = ORIENTED_EDGE ( 'NONE', *, *, #1296, .T. ) ;
#3377 = FILL_AREA_STYLE_COLOUR ( '', #1498 ) ;
#3378 = CARTESIAN_POINT ( 'NONE',  ( -1.199999999999999956, 0.6999999999999999556, 0.3499999999999999778 ) ) ;
#3379 = DIRECTION ( 'NONE',  ( -0.000000000000000000, 1.000000000000000000, -0.000000000000000000 ) ) ;
#3380 = EDGE_CURVE ( 'NONE', #3370, #3020, #2302, .T. ) ;
#3381 = CYLINDRICAL_SURFACE ( 'NONE', #2750, 0.1000000000000000472 ) ;
#3382 =( NAMED_UNIT ( * ) PLANE_ANGLE_UNIT ( ) SI_UNIT ( $, .RADIAN. ) );
#3383 = PRESENTATION_LAYER_ASSIGNMENT (  '', '', ( #2059 ) ) ;
#3384 = ORIENTED_EDGE ( 'NONE', *, *, #2051, .T. ) ;
#3385 = UNCERTAINTY_MEASURE_WITH_UNIT (LENGTH_MEASURE( 1.000000000000000082E-05 ), #4606, 'distance_accuracy_value', 'NONE');
#3386 = SURFACE_SIDE_STYLE ('',( #1293 ) ) ;
#3387 = SURFACE_SIDE_STYLE ('',( #4568 ) ) ;
#3388 = CARTESIAN_POINT ( 'NONE',  ( -1.600000000000000089, 0.000000000000000000, 0.7500000000000000000 ) ) ;
#3389 = CARTESIAN_POINT ( 'NONE',  ( -1.449999999999999956, 0.000000000000000000, 0.6500000000000000222 ) ) ;
#3390 = CARTESIAN_POINT ( 'NONE',  ( 1.600000000000000089, 0.2700000000000000178, -0.6500000000000000222 ) ) ;
#3391 = FACE_OUTER_BOUND ( 'NONE', #3205, .T. ) ;
#3392 = DIRECTION ( 'NONE',  ( -0.000000000000000000, 1.000000000000000000, -0.000000000000000000 ) ) ;
#3393 = FILL_AREA_STYLE_COLOUR ( '', #1750 ) ;
#3394 = DIRECTION ( 'NONE',  ( -0.000000000000000000, 1.000000000000000000, -0.000000000000000000 ) ) ;
#3395 = CARTESIAN_POINT ( 'NONE',  ( -1.600000000000000089, -0.2300000000000000100, -0.7500000000000000000 ) ) ;
#3396 = COLOUR_RGB ( '',0.2980392156862745057, 0.2980392156862745057, 0.2980392156862745057 ) ;
#3397 = COLOUR_RGB ( '',0.9686274509803921573, 0.8784313725490195957, 0.5999999999999999778 ) ;
#3398 = DIRECTION ( 'NONE',  ( 0.000000000000000000, 0.000000000000000000, -1.000000000000000000 ) ) ;
#3399 = LINE ( 'NONE', #15, #1191 ) ;
#3400 = FILL_AREA_STYLE ('',( #4151 ) ) ;
#3401 =( GEOMETRIC_REPRESENTATION_CONTEXT ( 3 ) GLOBAL_UNCERTAINTY_ASSIGNED_CONTEXT ( ( #1962 ) ) GLOBAL_UNIT_ASSIGNED_CONTEXT ( ( #706, #3300, #3639 ) ) REPRESENTATION_CONTEXT ( 'NONE', 'WORKASPACE' ) );
#3402 = EDGE_CURVE ( 'NONE', #4679, #2383, #4293, .T. ) ;
#3403 = STYLED_ITEM ( 'NONE', ( #3685 ), #3669 ) ;
#3404 = FILL_AREA_STYLE ('',( #1940 ) ) ;
#3405 = CARTESIAN_POINT ( 'NONE',  ( -1.600000000000000089, 0.5000000000000000000, -0.6500000000000000222 ) ) ;
#3406 = ORIENTED_EDGE ( 'NONE', *, *, #1866, .F. ) ;
#3407 = PRESENTATION_STYLE_ASSIGNMENT (( #1708 ) ) ;
#3408 = UNCERTAINTY_MEASURE_WITH_UNIT (LENGTH_MEASURE( 1.000000000000000082E-05 ), #254, 'distance_accuracy_value', 'NONE');
#3409 = PRESENTATION_STYLE_ASSIGNMENT (( #3099 ) ) ;
#3410 = CARTESIAN_POINT ( 'NONE',  ( 1.199999999981999910, 0.5000000000000000000, 0.6499999999972000397 ) ) ;
#3411 = SURFACE_SIDE_STYLE ('',( #990 ) ) ;
#3412 = VERTEX_POINT ( 'NONE', #2822 ) ;
#3413 =( NAMED_UNIT ( * ) PLANE_ANGLE_UNIT ( ) SI_UNIT ( $, .RADIAN. ) );
#3414 = FILL_AREA_STYLE ('',( #1119 ) ) ;
#3415 = ORIENTED_EDGE ( 'NONE', *, *, #2901, .T. ) ;
#3416 = COLOUR_RGB ( '',0.2980392156862745057, 0.2980392156862745057, 0.2980392156862745057 ) ;
#3417 = VECTOR ( 'NONE', #3828, 1000.000000000000000 ) ;
#3418 =( NAMED_UNIT ( * ) PLANE_ANGLE_UNIT ( ) SI_UNIT ( $, .RADIAN. ) );
#3419 =( NAMED_UNIT ( * ) SI_UNIT ( $, .STERADIAN. ) SOLID_ANGLE_UNIT ( ) );
#3420 = AXIS2_PLACEMENT_3D ( 'NONE', #2201, #4798, #2948 ) ;
#3421 = ORIENTED_EDGE ( 'NONE', *, *, #2159, .F. ) ;
#3422 = ORIENTED_EDGE ( 'NONE', *, *, #988, .F. ) ;
#3423 = PRESENTATION_LAYER_ASSIGNMENT (  '', '', ( #3022 ) ) ;
#3424 = CIRCLE ( 'NONE', #3156, 0.1000000000000000472 ) ;
#3425 = VERTEX_POINT ( 'NONE', #215 ) ;
#3426 = LINE ( 'NONE', #2279, #2084 ) ;
#3427 = DIRECTION ( 'NONE',  ( -1.000000000000000000, 0.000000000000000000, 0.000000000000000000 ) ) ;
#3428 = EDGE_LOOP ( 'NONE', ( #3919, #2210, #1695, #1400 ) ) ;
#3429 = EDGE_LOOP ( 'NONE', ( #1613, #843, #183, #1656, #1653, #399, #2098, #4597, #2377, #3605, #578, #2611 ) ) ;
#3430 = AXIS2_PLACEMENT_3D ( 'NONE', #2069, #1317, #3924 ) ;
#3431 = CARTESIAN_POINT ( 'NONE',  ( 1.500000000000000000, 0.5999999999999999778, 0.5037679999999999936 ) ) ;
#3432 = ORIENTED_EDGE ( 'NONE', *, *, #4062, .T. ) ;
#3433 = CARTESIAN_POINT ( 'NONE',  ( 1.600000000000000089, 0.2700000000000000178, -0.7500000000000000000 ) ) ;
#3434 =( NAMED_UNIT ( * ) SI_UNIT ( $, .STERADIAN. ) SOLID_ANGLE_UNIT ( ) );
#3435 = ORIENTED_EDGE ( 'NONE', *, *, #3856, .F. ) ;
#3436 = DIRECTION ( 'NONE',  ( 1.000000000000000000, 0.000000000000000000, 0.000000000000000000 ) ) ;
#3437 = TOROIDAL_SURFACE ( 'NONE', #557, 0.2999999999999999889, 0.1000000000000000056 ) ;
#3438 = AXIS2_PLACEMENT_3D ( 'NONE', #2703, #3154, #4213 ) ;
#3439 = EDGE_CURVE ( 'NONE', #3354, #744, #3696, .T. ) ;
#3440 = DIRECTION ( 'NONE',  ( 0.000000000000000000, 0.000000000000000000, 1.000000000000000000 ) ) ;
#3441 = STYLED_ITEM ( 'NONE', ( #959 ), #3162 ) ;
#3442 = VECTOR ( 'NONE', #3730, 1000.000000000000000 ) ;
#3443 = ORIENTED_EDGE ( 'NONE', *, *, #4805, .F. ) ;
#3444 = FILL_AREA_STYLE ('',( #2628 ) ) ;
#3445 = FILL_AREA_STYLE ('',( #1193 ) ) ;
#3446 = EDGE_CURVE ( 'NONE', #3907, #3723, #1964, .T. ) ;
#3447 = PRESENTATION_LAYER_ASSIGNMENT (  '', '', ( #3193 ) ) ;
#3448 = VERTEX_POINT ( 'NONE', #3691 ) ;
#3449 = FACE_OUTER_BOUND ( 'NONE', #856, .T. ) ;
#3450 = FILL_AREA_STYLE_COLOUR ( '', #2074 ) ;
#3451 = VERTEX_POINT ( 'NONE', #3626 ) ;
#3452 = PRESENTATION_STYLE_ASSIGNMENT (( #4019 ) ) ;
#3453 = VECTOR ( 'NONE', #3166, 1000.000000000000000 ) ;
#3454 = DIRECTION ( 'NONE',  ( 0.3088066671594976720, 0.000000000000000000, -0.9511248300395922506 ) ) ;
#3455 = STYLED_ITEM ( 'NONE', ( #2817 ), #2771 ) ;
#3456 = VECTOR ( 'NONE', #4229, 1000.000000000000000 ) ;
#3457 = SURFACE_STYLE_USAGE ( .BOTH. , #1413 ) ;
#3458 = DIRECTION ( 'NONE',  ( -0.000000000000000000, 0.000000000000000000, 1.000000000000000000 ) ) ;
#3459 = STYLED_ITEM ( 'NONE', ( #722 ), #234 ) ;
#3460 = PRESENTATION_STYLE_ASSIGNMENT (( #1151 ) ) ;
#3461 =( NAMED_UNIT ( * ) SI_UNIT ( $, .STERADIAN. ) SOLID_ANGLE_UNIT ( ) );
#3462 = PRESENTATION_LAYER_ASSIGNMENT (  '', '', ( #1378 ) ) ;
#3463 = CIRCLE ( 'NONE', #2673, 0.1199999999999287609 ) ;
#3464 = CARTESIAN_POINT ( 'NONE',  ( -1.600000000000000089, 0.000000000000000000, 0.5688664269976999588 ) ) ;
#3465 = SURFACE_STYLE_USAGE ( .BOTH. , #844 ) ;
#3466 =( LENGTH_UNIT ( ) NAMED_UNIT ( * ) SI_UNIT ( .MILLI., .METRE. ) );
#3467 = CARTESIAN_POINT ( 'NONE',  ( -1.399999999999999911, 0.000000000000000000, -0.6500000000000000222 ) ) ;
#3468 = ORIENTED_EDGE ( 'NONE', *, *, #4681, .F. ) ;
#3469 = DIRECTION ( 'NONE',  ( -1.000000000000000000, 0.000000000000000000, 0.000000000000000000 ) ) ;
#3470 =( NAMED_UNIT ( * ) SI_UNIT ( $, .STERADIAN. ) SOLID_ANGLE_UNIT ( ) );
#3471 = CARTESIAN_POINT ( 'NONE',  ( -1.524582898450000057, 0.02000000000000000042, -0.6261335730022999924 ) ) ;
#3472 = STYLED_ITEM ( 'NONE', ( #1335 ), #1419 ) ;
#3473 = EDGE_CURVE ( 'NONE', #4002, #1091, #3174, .T. ) ;
#3474 = LINE ( 'NONE', #2753, #1137 ) ;
#3475 = VERTEX_POINT ( 'NONE', #2947 ) ;
#3476 = UNCERTAINTY_MEASURE_WITH_UNIT (LENGTH_MEASURE( 1.000000000000000082E-05 ), #4140, 'distance_accuracy_value', 'NONE');
#3477 =( NAMED_UNIT ( * ) SI_UNIT ( $, .STERADIAN. ) SOLID_ANGLE_UNIT ( ) );
#3478 = EDGE_LOOP ( 'NONE', ( #2329, #3313, #240, #212 ) ) ;
#3479 = ORIENTED_EDGE ( 'NONE', *, *, #575, .F. ) ;
#3480 = PRESENTATION_LAYER_ASSIGNMENT (  '', '', ( #237 ) ) ;
#3481 = PRESENTATION_LAYER_ASSIGNMENT (  '', '', ( #939 ) ) ;
#3482 =( NAMED_UNIT ( * ) SI_UNIT ( $, .STERADIAN. ) SOLID_ANGLE_UNIT ( ) );
#3483 = FILL_AREA_STYLE_COLOUR ( '', #4726 ) ;
#3484 =( NAMED_UNIT ( * ) PLANE_ANGLE_UNIT ( ) SI_UNIT ( $, .RADIAN. ) );
#3485 = ORIENTED_EDGE ( 'NONE', *, *, #81, .T. ) ;
#3486 = APPLICATION_PROTOCOL_DEFINITION ( 'draft international standard', 'automotive_design', 1998, #3513 ) ;
#3487 = VERTEX_POINT ( 'NONE', #1045 ) ;
#3488 = CARTESIAN_POINT ( 'NONE',  ( -1.542903289667000077, 0.000000000000000000, -0.6444539642186999373 ) ) ;
#3489 = EDGE_LOOP ( 'NONE', ( #2336, #4372, #76, #748 ) ) ;
#3490 = ORIENTED_EDGE ( 'NONE', *, *, #4215, .F. ) ;
#3491 = CARTESIAN_POINT ( 'NONE',  ( 1.600000000000000089, 0.000000000000000000, -0.5500000000000000444 ) ) ;
#3492 =( NAMED_UNIT ( * ) PLANE_ANGLE_UNIT ( ) SI_UNIT ( $, .RADIAN. ) );
#3493 = ORIENTED_EDGE ( 'NONE', *, *, #2225, .F. ) ;
#3494 = VERTEX_POINT ( 'NONE', #1010 ) ;
#3495 = PRESENTATION_STYLE_ASSIGNMENT (( #3752 ) ) ;
#3496 = CARTESIAN_POINT ( 'NONE',  ( 1.600000000000000089, 0.000000000000000000, -0.5500000000000000444 ) ) ;
#3497 = EDGE_LOOP ( 'NONE', ( #417, #581, #3316, #1646, #4143, #4793 ) ) ;
#3498 = ORIENTED_EDGE ( 'NONE', *, *, #3716, .T. ) ;
#3499 = AXIS2_PLACEMENT_3D ( 'NONE', #567, #4250, #3888 ) ;
#3500 = EDGE_CURVE ( 'NONE', #4744, #1141, #3570, .T. ) ;
#3501 = ORIENTED_EDGE ( 'NONE', *, *, #4466, .T. ) ;
#3502 =( NAMED_UNIT ( * ) PLANE_ANGLE_UNIT ( ) SI_UNIT ( $, .RADIAN. ) );
#3503 = UNCERTAINTY_MEASURE_WITH_UNIT (LENGTH_MEASURE( 1.000000000000000082E-05 ), #4626, 'distance_accuracy_value', 'NONE');
#3504 = VERTEX_POINT ( 'NONE', #2214 ) ;
#3505 = VECTOR ( 'NONE', #3061, 1000.000000000000000 ) ;
#3506 = DIRECTION ( 'NONE',  ( 0.000000000000000000, 0.000000000000000000, -1.000000000000000000 ) ) ;
#3507 = MECHANICAL_DESIGN_GEOMETRIC_PRESENTATION_REPRESENTATION (  '', ( #3105 ), #3996 ) ;
#3508 = EDGE_CURVE ( 'NONE', #3195, #2740, #949, .T. ) ;
#3509 = PRESENTATION_LAYER_ASSIGNMENT (  '', '', ( #3013 ) ) ;
#3510 = FACE_OUTER_BOUND ( 'NONE', #2034, .T. ) ;
#3511 = DIRECTION ( 'NONE',  ( -1.000000000000000000, 0.000000000000000000, 1.120400069027000079E-12 ) ) ;
#3512 = SURFACE_STYLE_FILL_AREA ( #4376 ) ;
#3513 = APPLICATION_CONTEXT ( 'automotive_design' ) ;
#3514 = CARTESIAN_POINT ( 'NONE',  ( 1.500000000000000000, 0.5000000000000000000, -0.7500000000000000000 ) ) ;
#3515 = LINE ( 'NONE', #1909, #1059 ) ;
#3516 = LINE ( 'NONE', #1220, #3884 ) ;
#3517 = SURFACE_STYLE_FILL_AREA ( #3933 ) ;
#3518 = CARTESIAN_POINT ( 'NONE',  ( -1.500000000000000000, 0.000000000000000000, -0.7500000000000000000 ) ) ;
#3519 = FILL_AREA_STYLE ('',( #558 ) ) ;
#3520 =( NAMED_UNIT ( * ) SI_UNIT ( $, .STERADIAN. ) SOLID_ANGLE_UNIT ( ) );
#3521 =( NAMED_UNIT ( * ) SI_UNIT ( $, .STERADIAN. ) SOLID_ANGLE_UNIT ( ) );
#3522 = ADVANCED_FACE ( 'NONE', ( #4802 ), #4794, .F. ) ;
#3523 = LINE ( 'NONE', #1517, #1577 ) ;
#3524 = PLANE ( 'NONE',  #3652 ) ;
#3525 = STYLED_ITEM ( 'NONE', ( #2122 ), #676 ) ;
#3526 = EDGE_CURVE ( 'NONE', #954, #1596, #4517, .T. ) ;
#3527 = CARTESIAN_POINT ( 'NONE',  ( -1.199999999999999956, 0.5999999999999999778, -0.3499999999999999778 ) ) ;
#3528 = PRESENTATION_LAYER_ASSIGNMENT (  '', '', ( #1456 ) ) ;
#3529 = CARTESIAN_POINT ( 'NONE',  ( -1.600000000000000089, 0.5000000000000000000, 0.7500000000000000000 ) ) ;
#3530 = PRESENTATION_STYLE_ASSIGNMENT (( #2747 ) ) ;
#3531 = PRESENTATION_STYLE_ASSIGNMENT (( #2127 ) ) ;
#3532 = PRESENTATION_STYLE_ASSIGNMENT (( #265 ) ) ;
#3533 = PRESENTATION_STYLE_ASSIGNMENT (( #3902 ) ) ;
#3534 = EDGE_LOOP ( 'NONE', ( #1284, #3200, #3082, #3190 ) ) ;
#3535 = LINE ( 'NONE', #3898, #334 ) ;
#3536 = UNCERTAINTY_MEASURE_WITH_UNIT (LENGTH_MEASURE( 1.000000000000000082E-05 ), #1047, 'distance_accuracy_value', 'NONE');
#3537 = EDGE_CURVE ( 'NONE', #2908, #1411, #206, .T. ) ;
#3538 = PRESENTATION_LAYER_ASSIGNMENT (  '', '', ( #3624 ) ) ;
#3539 = LINE ( 'NONE', #3846, #2196 ) ;
#3540 = ORIENTED_EDGE ( 'NONE', *, *, #3958, .F. ) ;
#3541 = ORIENTED_EDGE ( 'NONE', *, *, #1947, .T. ) ;
#3542 = DIRECTION ( 'NONE',  ( 0.000000000000000000, 1.000000000000000000, 0.000000000000000000 ) ) ;
#3543 = FILL_AREA_STYLE ('',( #1680 ) ) ;
#3544 = EDGE_LOOP ( 'NONE', ( #4497, #3610, #2906, #2474 ) ) ;
#3545 = AXIS2_PLACEMENT_3D ( 'NONE', #3765, #4181, #1911 ) ;
#3546 = VERTEX_POINT ( 'NONE', #4424 ) ;
#3547 =( GEOMETRIC_REPRESENTATION_CONTEXT ( 3 ) GLOBAL_UNCERTAINTY_ASSIGNED_CONTEXT ( ( #1541 ) ) GLOBAL_UNIT_ASSIGNED_CONTEXT ( ( #3164, #928, #4669 ) ) REPRESENTATION_CONTEXT ( 'NONE', 'WORKASPACE' ) );
#3548 = DIRECTION ( 'NONE',  ( 0.000000000000000000, 0.000000000000000000, 1.000000000000000000 ) ) ;
#3549 = VERTEX_POINT ( 'NONE', #1836 ) ;
#3550 = ORIENTED_EDGE ( 'NONE', *, *, #3152, .T. ) ;
#3551 = AXIS2_PLACEMENT_3D ( 'NONE', #2411, #890, #3878 ) ;
#3552 = DIRECTION ( 'NONE',  ( 0.000000000000000000, 1.000000000000000000, 0.000000000000000000 ) ) ;
#3553 = ADVANCED_FACE ( 'NONE', ( #4458 ), #4047, .F. ) ;
#3554 = CARTESIAN_POINT ( 'NONE',  ( -1.524582898450000057, 0.000000000000000000, -0.6261335730022999924 ) ) ;
#3555 = CARTESIAN_POINT ( 'NONE',  ( -1.199999999999999956, 0.6999999999999999556, 0.5500000000000000444 ) ) ;
#3556 = MECHANICAL_DESIGN_GEOMETRIC_PRESENTATION_REPRESENTATION (  '', ( #2180 ), #3375 ) ;
#3557 = CARTESIAN_POINT ( 'NONE',  ( -1.399999999999999911, 0.6999999999999999556, -0.3499999999999999778 ) ) ;
#3558 = LINE ( 'NONE', #3235, #4085 ) ;
#3559 = UNCERTAINTY_MEASURE_WITH_UNIT (LENGTH_MEASURE( 1.000000000000000082E-05 ), #1513, 'distance_accuracy_value', 'NONE');
#3560 = EDGE_CURVE ( 'NONE', #1745, #332, #438, .T. ) ;
#3561 = PRESENTATION_LAYER_ASSIGNMENT (  '', '', ( #1664 ) ) ;
#3562 = LINE ( 'NONE', #832, #3453 ) ;
#3563 = VECTOR ( 'NONE', #469, 1000.000000000000000 ) ;
#3564 = DIRECTION ( 'NONE',  ( 0.000000000000000000, 0.000000000000000000, -1.000000000000000000 ) ) ;
#3565 = ADVANCED_FACE ( 'NONE', ( #1375 ), #1546, .F. ) ;
#3566 = FILL_AREA_STYLE_COLOUR ( '', #2062 ) ;
#3567 = FILL_AREA_STYLE_COLOUR ( '', #4644 ) ;
#3568 = PRESENTATION_STYLE_ASSIGNMENT (( #4747 ) ) ;
#3569 = CARTESIAN_POINT ( 'NONE',  ( -1.600000000000000089, 0.2700000000000000178, -0.7500000000000000000 ) ) ;
#3570 = LINE ( 'NONE', #4447, #834 ) ;
#3571 = CARTESIAN_POINT ( 'NONE',  ( -1.199999999999999956, 0.6999999999999999556, -0.3499999999999999778 ) ) ;
#3572 = MECHANICAL_DESIGN_GEOMETRIC_PRESENTATION_REPRESENTATION (  '', ( #4015 ), #2305 ) ;
#3573 = SURFACE_SIDE_STYLE ('',( #3895 ) ) ;
#3574 = LINE ( 'NONE', #1638, #683 ) ;
#3575 = ORIENTED_EDGE ( 'NONE', *, *, #48, .T. ) ;
#3576 = FACE_OUTER_BOUND ( 'NONE', #2424, .T. ) ;
#3577 = MECHANICAL_DESIGN_GEOMETRIC_PRESENTATION_REPRESENTATION (  '', ( #1429 ), #2256 ) ;
#3578 = COLOUR_RGB ( '',0.2980392156862745057, 0.2980392156862745057, 0.2980392156862745057 ) ;
#3579 = EDGE_CURVE ( 'NONE', #555, #349, #4391, .T. ) ;
#3580 = ORIENTED_EDGE ( 'NONE', *, *, #1057, .F. ) ;
#3581 = EDGE_LOOP ( 'NONE', ( #3016, #591, #4230, #4322 ) ) ;
#3582 = UNCERTAINTY_MEASURE_WITH_UNIT (LENGTH_MEASURE( 1.000000000000000082E-05 ), #574, 'distance_accuracy_value', 'NONE');
#3583 = LINE ( 'NONE', #4482, #4355 ) ;
#3584 = AXIS2_PLACEMENT_3D ( 'NONE', #2923, #3267, #3636 ) ;
#3585 = ORIENTED_EDGE ( 'NONE', *, *, #551, .F. ) ;
#3586 = EDGE_CURVE ( 'NONE', #407, #3901, #3283, .T. ) ;
#3587 = VERTEX_POINT ( 'NONE', #2292 ) ;
#3588 = VECTOR ( 'NONE', #4770, 1000.000000000000000 ) ;
#3589 = DIRECTION ( 'NONE',  ( 1.000000000000000000, 0.000000000000000000, 0.000000000000000000 ) ) ;
#3590 = CARTESIAN_POINT ( 'NONE',  ( -1.600000000000000089, 0.000000000000000000, -0.6300000000000000044 ) ) ;
#3591 = PLANE ( 'NONE',  #3698 ) ;
#3592 = VERTEX_POINT ( 'NONE', #3032 ) ;
#3593 = CARTESIAN_POINT ( 'NONE',  ( 1.515373213950411024, 0.02000000000000000042, 0.6648693859984400323 ) ) ;
#3594 = ORIENTED_EDGE ( 'NONE', *, *, #2076, .F. ) ;
#3595 = FACE_OUTER_BOUND ( 'NONE', #4161, .T. ) ;
#3596 = ORIENTED_EDGE ( 'NONE', *, *, #179, .T. ) ;
#3597 = FILL_AREA_STYLE ('',( #1716 ) ) ;
#3598 = SURFACE_STYLE_USAGE ( .BOTH. , #2384 ) ;
#3599 = ORIENTED_EDGE ( 'NONE', *, *, #3764, .F. ) ;
#3600 = MECHANICAL_DESIGN_GEOMETRIC_PRESENTATION_REPRESENTATION (  '', ( #2924 ), #2417 ) ;
#3601 = CARTESIAN_POINT ( 'NONE',  ( -1.600000000000000089, 0.2700000000000000178, 0.6500000000000000222 ) ) ;
#3602 = VERTEX_POINT ( 'NONE', #1468 ) ;
#3603 = PRESENTATION_LAYER_ASSIGNMENT (  '', '', ( #1219 ) ) ;
#3604 = DIRECTION ( 'NONE',  ( -0.000000000000000000, 1.000000000000000000, -0.000000000000000000 ) ) ;
#3605 = ORIENTED_EDGE ( 'NONE', *, *, #575, .T. ) ;
#3606 =( NAMED_UNIT ( * ) SI_UNIT ( $, .STERADIAN. ) SOLID_ANGLE_UNIT ( ) );
#3607 = SURFACE_STYLE_USAGE ( .BOTH. , #3291 ) ;
#3608 = CARTESIAN_POINT ( 'NONE',  ( 1.600000000000000089, 0.2700000000000000178, -0.7500000000000000000 ) ) ;
#3609 = CARTESIAN_POINT ( 'NONE',  ( -1.449999999999999956, 0.000000000000000000, 0.6500000000000000222 ) ) ;
#3610 = ORIENTED_EDGE ( 'NONE', *, *, #957, .F. ) ;
#3611 = DIRECTION ( 'NONE',  ( 2.719313663134999901E-10, 1.000000000000000000, 0.000000000000000000 ) ) ;
#3612 = CIRCLE ( 'NONE', #3227, 0.1500000000000000222 ) ;
#3613 = LINE ( 'NONE', #4417, #2617 ) ;
#3614 = CYLINDRICAL_SURFACE ( 'NONE', #1027, 0.1000000000000000472 ) ;
#3615 = EDGE_CURVE ( 'NONE', #2669, #3425, #2998, .T. ) ;
#3616 = PRESENTATION_STYLE_ASSIGNMENT (( #3213 ) ) ;
#3617 = UNCERTAINTY_MEASURE_WITH_UNIT (LENGTH_MEASURE( 1.000000000000000082E-05 ), #586, 'distance_accuracy_value', 'NONE');
#3618 = ORIENTED_EDGE ( 'NONE', *, *, #3579, .T. ) ;
#3619 = PLANE ( 'NONE',  #1767 ) ;
#3620 = DIRECTION ( 'NONE',  ( 0.000000000000000000, 0.000000000000000000, -1.000000000000000000 ) ) ;
#3621 = COLOUR_RGB ( '',0.2980392156862745057, 0.2980392156862745057, 0.2980392156862745057 ) ;
#3622 = ORIENTED_EDGE ( 'NONE', *, *, #3008, .F. ) ;
#3623 = EDGE_CURVE ( 'NONE', #332, #3957, #146, .T. ) ;
#3624 = STYLED_ITEM ( 'NONE', ( #1192 ), #4059 ) ;
#3625 = LINE ( 'NONE', #2202, #3976 ) ;
#3626 = CARTESIAN_POINT ( 'NONE',  ( 1.481443453995999970, 0.000000000000000000, 0.7314434539959999704 ) ) ;
#3627 = VECTOR ( 'NONE', #674, 1000.000000000000000 ) ;
#3628 =( NAMED_UNIT ( * ) PLANE_ANGLE_UNIT ( ) SI_UNIT ( $, .RADIAN. ) );
#3629 = CARTESIAN_POINT ( 'NONE',  ( 1.500000000000000000, 0.000000000000000000, -0.7500000000000000000 ) ) ;
#3630 = ORIENTED_EDGE ( 'NONE', *, *, #836, .F. ) ;
#3631 = DIRECTION ( 'NONE',  ( 1.000000000000000000, 0.000000000000000000, 0.000000000000000000 ) ) ;
#3632 = PRESENTATION_STYLE_ASSIGNMENT (( #680 ) ) ;
#3633 = DIRECTION ( 'NONE',  ( 1.000000000000000000, 0.000000000000000000, 0.000000000000000000 ) ) ;
#3634 = AXIS2_PLACEMENT_3D ( 'NONE', #116, #184, #533 ) ;
#3635 = AXIS2_PLACEMENT_3D ( 'NONE', #1808, #1033, #2153 ) ;
#3636 = DIRECTION ( 'NONE',  ( 0.000000000000000000, 0.000000000000000000, -1.000000000000000000 ) ) ;
#3637 = FILL_AREA_STYLE ('',( #3566 ) ) ;
#3638 = LINE ( 'NONE', #4318, #1006 ) ;
#3639 =( NAMED_UNIT ( * ) SI_UNIT ( $, .STERADIAN. ) SOLID_ANGLE_UNIT ( ) );
#3640 = CIRCLE ( 'NONE', #2694, 0.2000000000000000944 ) ;
#3641 = COLOUR_RGB ( '',0.2980392156862745057, 0.2980392156862745057, 0.2980392156862745057 ) ;
#3642 = FILL_AREA_STYLE_COLOUR ( '', #2240 ) ;
#3643 = ADVANCED_FACE ( 'NONE', ( #2754 ), #30, .F. ) ;
#3644 = CARTESIAN_POINT ( 'NONE',  ( -1.481443453995999970, 0.000000000000000000, -0.7314434539959999704 ) ) ;
#3645 = CIRCLE ( 'NONE', #1360, 0.1200000000000000927 ) ;
#3646 = EDGE_CURVE ( 'NONE', #4657, #3549, #311, .T. ) ;
#3647 = PLANE ( 'NONE',  #1206 ) ;
#3648 = DIRECTION ( 'NONE',  ( -0.000000000000000000, 1.000000000000000000, 0.000000000000000000 ) ) ;
#3649 = PLANE ( 'NONE',  #3170 ) ;
#3650 = DIRECTION ( 'NONE',  ( 1.000000000000000000, 0.000000000000000000, 0.000000000000000000 ) ) ;
#3651 = ORIENTED_EDGE ( 'NONE', *, *, #3037, .F. ) ;
#3652 = AXIS2_PLACEMENT_3D ( 'NONE', #4640, #2765, #4270 ) ;
#3653 = EDGE_CURVE ( 'NONE', #426, #3855, #2624, .T. ) ;
#3654 = AXIS2_PLACEMENT_3D ( 'NONE', #3990, #1058, #4806 ) ;
#3655 = ORIENTED_EDGE ( 'NONE', *, *, #2835, .F. ) ;
#3656 =( LENGTH_UNIT ( ) NAMED_UNIT ( * ) SI_UNIT ( .MILLI., .METRE. ) );
#3657 = DIRECTION ( 'NONE',  ( 0.000000000000000000, 1.000000000000000000, 0.000000000000000000 ) ) ;
#3658 = ORIENTED_EDGE ( 'NONE', *, *, #395, .F. ) ;
#3659 = VERTEX_POINT ( 'NONE', #1256 ) ;
#3660 = PRESENTATION_STYLE_ASSIGNMENT (( #4541 ) ) ;
#3661 = SURFACE_STYLE_FILL_AREA ( #3293 ) ;
#3662 = DIRECTION ( 'NONE',  ( 0.000000000000000000, 1.000000000000000000, 0.000000000000000000 ) ) ;
#3663 = ORIENTED_EDGE ( 'NONE', *, *, #202, .F. ) ;
#3664 =( LENGTH_UNIT ( ) NAMED_UNIT ( * ) SI_UNIT ( .MILLI., .METRE. ) );
#3665 = LINE ( 'NONE', #4519, #4011 ) ;
#3666 = ORIENTED_EDGE ( 'NONE', *, *, #4774, .F. ) ;
#3667 = DIRECTION ( 'NONE',  ( -1.000000000000000000, 0.000000000000000000, 0.000000000000000000 ) ) ;
#3668 = AXIS2_PLACEMENT_3D ( 'NONE', #1063, #1448, #4130 ) ;
#3669 = ADVANCED_FACE ( 'NONE', ( #380 ), #1993, .F. ) ;
#3670 =( NAMED_UNIT ( * ) SI_UNIT ( $, .STERADIAN. ) SOLID_ANGLE_UNIT ( ) );
#3671 = VERTEX_POINT ( 'NONE', #3783 ) ;
#3672 = VECTOR ( 'NONE', #3842, 1000.000000000000000 ) ;
#3673 = CIRCLE ( 'NONE', #209, 0.2999999999999999889 ) ;
#3674 = CIRCLE ( 'NONE', #2946, 0.1000000000000000472 ) ;
#3675 = VECTOR ( 'NONE', #1262, 1000.000000000000000 ) ;
#3676 = DIRECTION ( 'NONE',  ( 0.000000000000000000, 0.000000000000000000, 1.000000000000000000 ) ) ;
#3677 = VERTEX_POINT ( 'NONE', #2009 ) ;
#3678 =( NAMED_UNIT ( * ) PLANE_ANGLE_UNIT ( ) SI_UNIT ( $, .RADIAN. ) );
#3679 = UNCERTAINTY_MEASURE_WITH_UNIT (LENGTH_MEASURE( 1.000000000000000082E-05 ), #1553, 'distance_accuracy_value', 'NONE');
#3680 = CARTESIAN_POINT ( 'NONE',  ( 0.000000000000000000, 0.2700000000000000178, 0.000000000000000000 ) ) ;
#3681 = AXIS2_PLACEMENT_3D ( 'NONE', #1214, #3458, #4596 ) ;
#3682 = EDGE_CURVE ( 'NONE', #426, #4197, #4446, .T. ) ;
#3683 = PRESENTATION_LAYER_ASSIGNMENT (  '', '', ( #1189 ) ) ;
#3684 =( GEOMETRIC_REPRESENTATION_CONTEXT ( 3 ) GLOBAL_UNCERTAINTY_ASSIGNED_CONTEXT ( ( #1566 ) ) GLOBAL_UNIT_ASSIGNED_CONTEXT ( ( #1673, #3484, #1995 ) ) REPRESENTATION_CONTEXT ( 'NONE', 'WORKASPACE' ) );
#3685 = PRESENTATION_STYLE_ASSIGNMENT (( #3864 ) ) ;
#3686 = FACE_OUTER_BOUND ( 'NONE', #956, .T. ) ;
#3687 = STYLED_ITEM ( 'NONE', ( #1855 ), #1499 ) ;
#3688 = EDGE_CURVE ( 'NONE', #3723, #524, #2005, .T. ) ;
#3689 = MECHANICAL_DESIGN_GEOMETRIC_PRESENTATION_REPRESENTATION (  '', ( #3193 ), #2052 ) ;
#3690 = VERTEX_POINT ( 'NONE', #3467 ) ;
#3691 = CARTESIAN_POINT ( 'NONE',  ( 1.550239110992975178, 0.000000000000000000, 0.6408035993028458055 ) ) ;
#3692 = ADVANCED_FACE ( 'NONE', ( #3218 ), #516, .F. ) ;
#3693 = CARTESIAN_POINT ( 'NONE',  ( 1.149999999999999911, 0.8000000000000000444, -0.5000000000000000000 ) ) ;
#3694 = COLOUR_RGB ( '',0.9686274509803921573, 0.8784313725490195957, 0.5999999999999999778 ) ;
#3695 = CARTESIAN_POINT ( 'NONE',  ( 1.149999999999999911, 0.6999999999999999556, -0.5000000000000000000 ) ) ;
#3696 = LINE ( 'NONE', #3939, #95 ) ;
#3697 =( NAMED_UNIT ( * ) PLANE_ANGLE_UNIT ( ) SI_UNIT ( $, .RADIAN. ) );
#3698 = AXIS2_PLACEMENT_3D ( 'NONE', #4801, #4057, #4784 ) ;
#3699 =( NAMED_UNIT ( * ) PLANE_ANGLE_UNIT ( ) SI_UNIT ( $, .RADIAN. ) );
#3700 = AXIS2_PLACEMENT_3D ( 'NONE', #4460, #72, #1114 ) ;
#3701 =( NAMED_UNIT ( * ) SI_UNIT ( $, .STERADIAN. ) SOLID_ANGLE_UNIT ( ) );
#3702 = ORIENTED_EDGE ( 'NONE', *, *, #2482, .T. ) ;
#3703 = UNCERTAINTY_MEASURE_WITH_UNIT (LENGTH_MEASURE( 1.000000000000000082E-05 ), #503, 'distance_accuracy_value', 'NONE');
#3704 = ORIENTED_EDGE ( 'NONE', *, *, #4163, .T. ) ;
#3705 = CARTESIAN_POINT ( 'NONE',  ( -1.479999999999999982, 0.2700000000000000178, -0.7500000000000000000 ) ) ;
#3706 = FILL_AREA_STYLE_COLOUR ( '', #4714 ) ;
#3707 = SURFACE_STYLE_USAGE ( .BOTH. , #2969 ) ;
#3708 = PLANE ( 'NONE',  #4639 ) ;
#3709 = DIRECTION ( 'NONE',  ( 0.000000000000000000, 1.000000000000000000, 0.000000000000000000 ) ) ;
#3710 = ORIENTED_EDGE ( 'NONE', *, *, #678, .F. ) ;
#3711 = PRESENTATION_STYLE_ASSIGNMENT (( #4206 ) ) ;
#3712 = FILL_AREA_STYLE ('',( #3377 ) ) ;
#3713 = ADVANCED_FACE ( 'NONE', ( #374 ), #1176, .T. ) ;
#3714 = PRODUCT ( 'NX3215SA-32.768KHZ-EXS00A-MU00525', 'NX3215SA-32.768KHZ-EXS00A-MU00525', '', ( #4275 ) ) ;
#3715 = MECHANICAL_DESIGN_GEOMETRIC_PRESENTATION_REPRESENTATION (  '', ( #3472 ), #4535 ) ;
#3716 = EDGE_CURVE ( 'NONE', #1532, #2953, #193, .T. ) ;
#3717 = AXIS2_PLACEMENT_3D ( 'NONE', #1607, #1242, #4182 ) ;
#3718 =( NAMED_UNIT ( * ) PLANE_ANGLE_UNIT ( ) SI_UNIT ( $, .RADIAN. ) );
#3719 = VECTOR ( 'NONE', #2346, 1000.000000000000000 ) ;
#3720 = ORIENTED_EDGE ( 'NONE', *, *, #2489, .T. ) ;
#3721 =( NAMED_UNIT ( * ) SI_UNIT ( $, .STERADIAN. ) SOLID_ANGLE_UNIT ( ) );
#3722 = EDGE_LOOP ( 'NONE', ( #2744, #410, #1235, #845 ) ) ;
#3723 = VERTEX_POINT ( 'NONE', #482 ) ;
#3724 = CARTESIAN_POINT ( 'NONE',  ( -1.449999999999999956, 0.02000000000000000042, 0.6500000000000000222 ) ) ;
#3725 = VERTEX_POINT ( 'NONE', #4216 ) ;
#3726 = SURFACE_STYLE_USAGE ( .BOTH. , #4148 ) ;
#3727 = CARTESIAN_POINT ( 'NONE',  ( -1.500000000000000000, 0.2700000000000000178, 0.7500000000000000000 ) ) ;
#3728 = LINE ( 'NONE', #810, #1602 ) ;
#3729 = STYLED_ITEM ( 'NONE', ( #3530 ), #4656 ) ;
#3730 = DIRECTION ( 'NONE',  ( 1.000000000000000000, 0.000000000000000000, 0.000000000000000000 ) ) ;
#3731 = MECHANICAL_DESIGN_GEOMETRIC_PRESENTATION_REPRESENTATION (  '', ( #1991 ), #1811 ) ;
#3732 = VERTEX_POINT ( 'NONE', #1959 ) ;
#3733 = DIRECTION ( 'NONE',  ( 1.000000000000000000, 0.000000000000000000, 0.000000000000000000 ) ) ;
#3734 = CARTESIAN_POINT ( 'NONE',  ( -1.600000000000000089, 0.000000000000000000, -0.6500000000000000222 ) ) ;
#3735 = ORIENTED_EDGE ( 'NONE', *, *, #2970, .T. ) ;
#3736 =( NAMED_UNIT ( * ) PLANE_ANGLE_UNIT ( ) SI_UNIT ( $, .RADIAN. ) );
#3737 = FILL_AREA_STYLE ('',( #2171 ) ) ;
#3738 = SURFACE_STYLE_FILL_AREA ( #346 ) ;
#3739 = ORIENTED_EDGE ( 'NONE', *, *, #4319, .F. ) ;
#3740 = DIRECTION ( 'NONE',  ( 0.000000000000000000, -1.000000000000000000, 0.000000000000000000 ) ) ;
#3741 = DIRECTION ( 'NONE',  ( 0.000000000000000000, 0.000000000000000000, 1.000000000000000000 ) ) ;
#3742 =( NAMED_UNIT ( * ) PLANE_ANGLE_UNIT ( ) SI_UNIT ( $, .RADIAN. ) );
#3743 = COLOUR_RGB ( '',0.2980392156862745057, 0.2980392156862745057, 0.2980392156862745057 ) ;
#3744 = ORIENTED_EDGE ( 'NONE', *, *, #640, .T. ) ;
#3745 = ORIENTED_EDGE ( 'NONE', *, *, #1019, .F. ) ;
#3746 = EDGE_CURVE ( 'NONE', #3602, #4067, #83, .T. ) ;
#3747 = SURFACE_SIDE_STYLE ('',( #1164 ) ) ;
#3748 = MANIFOLD_SOLID_BREP ( 'Boss-Extrude2[2]', #2484 ) ;
#3749 = DIRECTION ( 'NONE',  ( -1.000000000000000000, 0.000000000000000000, 0.000000000000000000 ) ) ;
#3750 =( NAMED_UNIT ( * ) PLANE_ANGLE_UNIT ( ) SI_UNIT ( $, .RADIAN. ) );
#3751 = CARTESIAN_POINT ( 'NONE',  ( 1.550000000000000044, 0.02000000000000000042, 0.6413669481589000521 ) ) ;
#3752 = SURFACE_STYLE_USAGE ( .BOTH. , #1668 ) ;
#3753 = VECTOR ( 'NONE', #3116, 1000.000000000000000 ) ;
#3754 = DIRECTION ( 'NONE',  ( 0.000000000000000000, 1.000000000000000000, 0.000000000000000000 ) ) ;
#3755 = STYLED_ITEM ( 'NONE', ( #3531 ), #1288 ) ;
#3756 = EDGE_CURVE ( 'NONE', #3029, #4190, #3562, .T. ) ;
#3757 = ORIENTED_EDGE ( 'NONE', *, *, #3508, .F. ) ;
#3758 = SURFACE_STYLE_FILL_AREA ( #1123 ) ;
#3759 = DIRECTION ( 'NONE',  ( -1.000000000000000000, 0.000000000000000000, 0.000000000000000000 ) ) ;
#3760 = LINE ( 'NONE', #2123, #3165 ) ;
#3761 = ORIENTED_EDGE ( 'NONE', *, *, #4774, .T. ) ;
#3762 = CARTESIAN_POINT ( 'NONE',  ( 1.550239110992975178, 0.02000000000000000042, 0.6408035993028458055 ) ) ;
#3763 = MECHANICAL_DESIGN_GEOMETRIC_PRESENTATION_REPRESENTATION (  '', ( #2684 ), #1266 ) ;
#3764 = EDGE_CURVE ( 'NONE', #3893, #873, #553, .T. ) ;
#3765 = CARTESIAN_POINT ( 'NONE',  ( 1.600000000000000089, 0.2700000000000000178, -0.7500000000000000000 ) ) ;
#3766 = CARTESIAN_POINT ( 'NONE',  ( -1.524582898450000057, 0.000000000000000000, 0.5688664269976999588 ) ) ;
#3767 = FACE_OUTER_BOUND ( 'NONE', #4421, .T. ) ;
#3768 = PRESENTATION_STYLE_ASSIGNMENT (( #53 ) ) ;
#3769 = VECTOR ( 'NONE', #4560, 1000.000000000000000 ) ;
#3770 = CARTESIAN_POINT ( 'NONE',  ( 1.600000000000000089, 0.000000000000000000, -0.7477721122078000437 ) ) ;
#3771 = CARTESIAN_POINT ( 'NONE',  ( -1.149999999999999911, 0.6999999999999999556, 0.5000000000000000000 ) ) ;
#3772 = PRESENTATION_LAYER_ASSIGNMENT (  '', '', ( #1372 ) ) ;
#3773 = CIRCLE ( 'NONE', #453, 0.1199999999999999956 ) ;
#3774 = ORIENTED_EDGE ( 'NONE', *, *, #2439, .T. ) ;
#3775 = CARTESIAN_POINT ( 'NONE',  ( 1.600000000000000089, 0.000000000000000000, -0.6300000000000000044 ) ) ;
#3776 = CARTESIAN_POINT ( 'NONE',  ( 1.600000000000000089, 0.000000000000000000, -0.5500000000000000444 ) ) ;
#3777 = CARTESIAN_POINT ( 'NONE',  ( -0.8499999999999999778, 0.000000000000000000, -0.6500000000000000222 ) ) ;
#3778 = UNCERTAINTY_MEASURE_WITH_UNIT (LENGTH_MEASURE( 1.000000000000000082E-05 ), #1015, 'distance_accuracy_value', 'NONE');
#3779 = ORIENTED_EDGE ( 'NONE', *, *, #836, .T. ) ;
#3780 = EDGE_LOOP ( 'NONE', ( #3304, #1933, #1526, #3799 ) ) ;
#3781 = ORIENTED_EDGE ( 'NONE', *, *, #1430, .T. ) ;
#3782 = CARTESIAN_POINT ( 'NONE',  ( -1.542903289667000077, 0.02000000000000000042, -0.6444539642186999373 ) ) ;
#3783 = CARTESIAN_POINT ( 'NONE',  ( 1.479999999999999982, 0.000000000000000000, 0.7500000000000000000 ) ) ;
#3784 = LINE ( 'NONE', #648, #3993 ) ;
#3785 =( NAMED_UNIT ( * ) PLANE_ANGLE_UNIT ( ) SI_UNIT ( $, .RADIAN. ) );
#3786 = STYLED_ITEM ( 'NONE', ( #1608 ), #948 ) ;
#3787 = EDGE_CURVE ( 'NONE', #3659, #426, #3160, .T. ) ;
#3788 = CARTESIAN_POINT ( 'NONE',  ( -1.481443453995999970, 0.000000000000000000, -0.7314434539959999704 ) ) ;
#3789 = EDGE_LOOP ( 'NONE', ( #4082, #795, #232, #3834 ) ) ;
#3790 = LINE ( 'NONE', #1112, #182 ) ;
#3791 = ORIENTED_EDGE ( 'NONE', *, *, #1663, .F. ) ;
#3792 = SURFACE_STYLE_USAGE ( .BOTH. , #2650 ) ;
#3793 = EDGE_CURVE ( 'NONE', #2263, #4301, #3332, .T. ) ;
#3794 =( GEOMETRIC_REPRESENTATION_CONTEXT ( 3 ) GLOBAL_UNCERTAINTY_ASSIGNED_CONTEXT ( ( #3617 ) ) GLOBAL_UNIT_ASSIGNED_CONTEXT ( ( #586, #1691, #940 ) ) REPRESENTATION_CONTEXT ( 'NONE', 'WORKASPACE' ) );
#3795 = DIRECTION ( 'NONE',  ( 1.000000000000000000, 0.000000000000000000, 0.000000000000000000 ) ) ;
#3796 = LINE ( 'NONE', #4052, #1482 ) ;
#3797 = CARTESIAN_POINT ( 'NONE',  ( -1.199999999999999956, 0.5000000000000000000, -0.3499999999999999778 ) ) ;
#3798 = CARTESIAN_POINT ( 'NONE',  ( -0.8499999999999999778, 0.02000000000000000042, -0.6500000000000000222 ) ) ;
#3799 = ORIENTED_EDGE ( 'NONE', *, *, #3560, .T. ) ;
#3800 = DIRECTION ( 'NONE',  ( -1.000000000000000000, 0.000000000000000000, 0.000000000000000000 ) ) ;
#3801 = AXIS2_PLACEMENT_3D ( 'NONE', #3433, #1202, #1957 ) ;
#3802 = STYLED_ITEM ( 'NONE', ( #2708 ), #1882 ) ;
#3803 = COLOUR_RGB ( '',0.9686274509803921573, 0.8784313725490195957, 0.5999999999999999778 ) ;
#3804 = PRESENTATION_STYLE_ASSIGNMENT (( #3726 ) ) ;
#3805 = CARTESIAN_POINT ( 'NONE',  ( 1.500000000000000000, 0.000000000000000000, 0.7500000000000000000 ) ) ;
#3806 = DIRECTION ( 'NONE',  ( -0.000000000000000000, 1.000000000000000000, -0.000000000000000000 ) ) ;
#3807 = AXIS2_PLACEMENT_3D ( 'NONE', #3088, #830, #459 ) ;
#3808 = CARTESIAN_POINT ( 'NONE',  ( 0.8499999999999999778, 0.000000000000000000, 0.6999999999999999556 ) ) ;
#3809 = ORIENTED_EDGE ( 'NONE', *, *, #2283, .T. ) ;
#3810 = FILL_AREA_STYLE ('',( #4602 ) ) ;
#3811 = DIRECTION ( 'NONE',  ( -0.7583787993528163796, 0.000000000000000000, 0.6518140813853137150 ) ) ;
#3812 = STYLED_ITEM ( 'NONE', ( #3568 ), #623 ) ;
#3813 = FILL_AREA_STYLE ('',( #3483 ) ) ;
#3814 = DIRECTION ( 'NONE',  ( 0.000000000000000000, 1.000000000000000000, 0.000000000000000000 ) ) ;
#3815 = PRESENTATION_STYLE_ASSIGNMENT (( #44 ) ) ;
#3816 = DIRECTION ( 'NONE',  ( 0.000000000000000000, 0.000000000000000000, 1.000000000000000000 ) ) ;
#3817 = DIRECTION ( 'NONE',  ( -1.000000000000000000, 0.000000000000000000, 0.000000000000000000 ) ) ;
#3818 = LINE ( 'NONE', #2145, #506 ) ;
#3819 = DIRECTION ( 'NONE',  ( -0.7071067811865475727, 0.000000000000000000, 0.7071067811865475727 ) ) ;
#3820 = EDGE_CURVE ( 'NONE', #2595, #2857, #1356, .T. ) ;
#3821 = AXIS2_PLACEMENT_3D ( 'NONE', #2999, #2278, #418 ) ;
#3822 =( LENGTH_UNIT ( ) NAMED_UNIT ( * ) SI_UNIT ( .MILLI., .METRE. ) );
#3823 = CARTESIAN_POINT ( 'NONE',  ( 1.600000000000000089, 0.2700000000000000178, -0.7500000000000000000 ) ) ;
#3824 = CIRCLE ( 'NONE', #4516, 0.2000000000000000944 ) ;
#3825 = FILL_AREA_STYLE ('',( #3450 ) ) ;
#3826 = DIRECTION ( 'NONE',  ( 0.000000000000000000, 0.000000000000000000, -1.000000000000000000 ) ) ;
#3827 = SURFACE_STYLE_FILL_AREA ( #3225 ) ;
#3828 = DIRECTION ( 'NONE',  ( -1.000000000000000000, 0.000000000000000000, 0.000000000000000000 ) ) ;
#3829 = SURFACE_SIDE_STYLE ('',( #2993 ) ) ;
#3830 = CARTESIAN_POINT ( 'NONE',  ( -1.600000000000000089, 0.000000000000000000, 0.7500000000000000000 ) ) ;
#3831 =( NAMED_UNIT ( * ) SI_UNIT ( $, .STERADIAN. ) SOLID_ANGLE_UNIT ( ) );
#3832 = ORIENTED_EDGE ( 'NONE', *, *, #2129, .F. ) ;
#3833 = ORIENTED_EDGE ( 'NONE', *, *, #3158, .F. ) ;
#3834 = ORIENTED_EDGE ( 'NONE', *, *, #556, .F. ) ;
#3835 =( NAMED_UNIT ( * ) SI_UNIT ( $, .STERADIAN. ) SOLID_ANGLE_UNIT ( ) );
#3836 = LINE ( 'NONE', #121, #631 ) ;
#3837 =( NAMED_UNIT ( * ) PLANE_ANGLE_UNIT ( ) SI_UNIT ( $, .RADIAN. ) );
#3838 = UNCERTAINTY_MEASURE_WITH_UNIT (LENGTH_MEASURE( 1.000000000000000082E-05 ), #694, 'distance_accuracy_value', 'NONE');
#3839 = ORIENTED_EDGE ( 'NONE', *, *, #634, .F. ) ;
#3840 = DIRECTION ( 'NONE',  ( 0.000000000000000000, 0.000000000000000000, 1.000000000000000000 ) ) ;
#3841 = MECHANICAL_DESIGN_GEOMETRIC_PRESENTATION_REPRESENTATION (  '', ( #929 ), #2667 ) ;
#3842 = DIRECTION ( 'NONE',  ( 0.000000000000000000, 0.000000000000000000, -1.000000000000000000 ) ) ;
#3843 = FACE_OUTER_BOUND ( 'NONE', #1024, .T. ) ;
#3844 = DIRECTION ( 'NONE',  ( 0.000000000000000000, -1.000000000000000000, 0.000000000000000000 ) ) ;
#3845 = ORIENTED_EDGE ( 'NONE', *, *, #1663, .T. ) ;
#3846 = CARTESIAN_POINT ( 'NONE',  ( -1.524582898450000057, 0.000000000000000000, 0.5688664269976999588 ) ) ;
#3847 = LINE ( 'NONE', #431, #2843 ) ;
#3848 = ORIENTED_EDGE ( 'NONE', *, *, #424, .T. ) ;
#3849 = MECHANICAL_DESIGN_GEOMETRIC_PRESENTATION_REPRESENTATION (  '', ( #3755 ), #3401 ) ;
#3850 = EDGE_CURVE ( 'NONE', #3137, #819, #824, .T. ) ;
#3851 = SURFACE_SIDE_STYLE ('',( #4097 ) ) ;
#3852 = DIRECTION ( 'NONE',  ( 0.000000000000000000, 1.000000000000000000, 0.000000000000000000 ) ) ;
#3853 = SURFACE_SIDE_STYLE ('',( #1733 ) ) ;
#3854 = ORIENTED_EDGE ( 'NONE', *, *, #3152, .F. ) ;
#3855 = VERTEX_POINT ( 'NONE', #3557 ) ;
#3856 = EDGE_CURVE ( 'NONE', #2428, #4043, #493, .T. ) ;
#3857 = CIRCLE ( 'NONE', #1550, 0.2000000000000000389 ) ;
#3858 = STYLED_ITEM ( 'NONE', ( #608 ), #4317 ) ;
#3859 = CARTESIAN_POINT ( 'NONE',  ( -1.399999999999999911, 0.5999999999999999778, -0.3499999999999999778 ) ) ;
#3860 = EDGE_LOOP ( 'NONE', ( #3072, #3359, #4754, #2962 ) ) ;
#3861 = CARTESIAN_POINT ( 'NONE',  ( 1.550000000000000044, 0.006668927640848104459, 0.6409234238385652649 ) ) ;
#3862 = PRESENTATION_STYLE_ASSIGNMENT (( #4139 ) ) ;
#3863 = LINE ( 'NONE', #4218, #2494 ) ;
#3864 = SURFACE_STYLE_USAGE ( .BOTH. , #1184 ) ;
#3865 = SURFACE_STYLE_USAGE ( .BOTH. , #2403 ) ;
#3866 = SURFACE_STYLE_FILL_AREA ( #4651 ) ;
#3867 = PRESENTATION_STYLE_ASSIGNMENT (( #1245 ) ) ;
#3868 = PRESENTATION_STYLE_ASSIGNMENT (( #3062 ) ) ;
#3869 =( LENGTH_UNIT ( ) NAMED_UNIT ( * ) SI_UNIT ( .MILLI., .METRE. ) );
#3870 = CARTESIAN_POINT ( 'NONE',  ( -1.600000000000000089, 0.000000000000000000, -0.6300000000000000044 ) ) ;
#3871 = LINE ( 'NONE', #4240, #4035 ) ;
#3872 = UNCERTAINTY_MEASURE_WITH_UNIT (LENGTH_MEASURE( 1.000000000000000082E-05 ), #3191, 'distance_accuracy_value', 'NONE');
#3873 = ORIENTED_EDGE ( 'NONE', *, *, #110, .T. ) ;
#3874 = CARTESIAN_POINT ( 'NONE',  ( 1.450016545858999972, 0.000000000000000000, -0.7500000000000000000 ) ) ;
#3875 = STYLED_ITEM ( 'NONE', ( #3 ), #306 ) ;
#3876 =( NAMED_UNIT ( * ) SI_UNIT ( $, .STERADIAN. ) SOLID_ANGLE_UNIT ( ) );
#3877 = CARTESIAN_POINT ( 'NONE',  ( 1.486243180097000183, 0.000000000000000000, -0.6500000000000000222 ) ) ;
#3878 = DIRECTION ( 'NONE',  ( 0.000000000000000000, 0.000000000000000000, 1.000000000000000000 ) ) ;
#3879 = LINE ( 'NONE', #4051, #2242 ) ;
#3880 = CARTESIAN_POINT ( 'NONE',  ( -0.8499999999999999778, 0.000000000000000000, -0.6500000000000000222 ) ) ;
#3881 = COLOUR_RGB ( '',0.9686274509803921573, 0.8784313725490195957, 0.5999999999999999778 ) ;
#3882 = VECTOR ( 'NONE', #3611, 1000.000000000000000 ) ;
#3883 = EDGE_CURVE ( 'NONE', #286, #3117, #2683, .T. ) ;
#3884 = VECTOR ( 'NONE', #4239, 1000.000000000000000 ) ;
#3885 = AXIS2_PLACEMENT_3D ( 'NONE', #2307, #63, #447 ) ;
#3886 = FILL_AREA_STYLE_COLOUR ( '', #2709 ) ;
#3887 = LINE ( 'NONE', #2031, #1130 ) ;
#3888 = DIRECTION ( 'NONE',  ( 0.9879712167000802570, 0.000000000000000000, 0.1546378833667968189 ) ) ;
#3889 = DIRECTION ( 'NONE',  ( -1.000000000000000000, 0.000000000000000000, 0.000000000000000000 ) ) ;
#3890 = SURFACE_STYLE_FILL_AREA ( #2274 ) ;
#3891 = EDGE_CURVE ( 'NONE', #2211, #1473, #4027, .T. ) ;
#3892 = SURFACE_SIDE_STYLE ('',( #4659 ) ) ;
#3893 = VERTEX_POINT ( 'NONE', #2433 ) ;
#3894 = STYLED_ITEM ( 'NONE', ( #2885 ), #4677 ) ;
#3895 = SURFACE_STYLE_FILL_AREA ( #1785 ) ;
#3896 = LINE ( 'NONE', #91, #2894 ) ;
#3897 = MECHANICAL_DESIGN_GEOMETRIC_PRESENTATION_REPRESENTATION (  '', ( #4226 ), #1578 ) ;
#3898 = CARTESIAN_POINT ( 'NONE',  ( -1.524582898450000057, 0.000000000000000000, -0.6261335730022999924 ) ) ;
#3899 = ORIENTED_EDGE ( 'NONE', *, *, #1761, .T. ) ;
#3900 = DIRECTION ( 'NONE',  ( -3.141931159688999785E-11, 1.000000000000000000, 0.000000000000000000 ) ) ;
#3901 = VERTEX_POINT ( 'NONE', #2890 ) ;
#3902 = SURFACE_STYLE_USAGE ( .BOTH. , #568 ) ;
#3903 = CARTESIAN_POINT ( 'NONE',  ( 1.449999999999999956, 0.02000000000000000042, 0.6999999999999999556 ) ) ;
#3904 = ADVANCED_FACE ( 'NONE', ( #1303 ), #3978, .T. ) ;
#3905 = UNCERTAINTY_MEASURE_WITH_UNIT (LENGTH_MEASURE( 1.000000000000000082E-05 ), #1365, 'distance_accuracy_value', 'NONE');
#3906 = SURFACE_STYLE_USAGE ( .BOTH. , #4257 ) ;
#3907 = VERTEX_POINT ( 'NONE', #4359 ) ;
#3908 = FILL_AREA_STYLE ('',( #2443 ) ) ;
#3909 = SURFACE_SIDE_STYLE ('',( #3187 ) ) ;
#3910 = EDGE_CURVE ( 'NONE', #223, #2660, #665, .T. ) ;
#3911 = ORIENTED_EDGE ( 'NONE', *, *, #4062, .F. ) ;
#3912 =( NAMED_UNIT ( * ) SI_UNIT ( $, .STERADIAN. ) SOLID_ANGLE_UNIT ( ) );
#3913 = ORIENTED_EDGE ( 'NONE', *, *, #902, .F. ) ;
#3914 = DIRECTION ( 'NONE',  ( 0.000000000000000000, 0.000000000000000000, -1.000000000000000000 ) ) ;
#3915 = LINE ( 'NONE', #768, #4549 ) ;
#3916 = CARTESIAN_POINT ( 'NONE',  ( 1.481443453995999970, 0.000000000000000000, 0.7314434539959999704 ) ) ;
#3917 =( GEOMETRIC_REPRESENTATION_CONTEXT ( 3 ) GLOBAL_UNCERTAINTY_ASSIGNED_CONTEXT ( ( #734 ) ) GLOBAL_UNIT_ASSIGNED_CONTEXT ( ( #3869, #2250, #4771 ) ) REPRESENTATION_CONTEXT ( 'NONE', 'WORKASPACE' ) );
#3918 = EDGE_CURVE ( 'NONE', #1467, #3957, #78, .T. ) ;
#3919 = ORIENTED_EDGE ( 'NONE', *, *, #4295, .F. ) ;
#3920 = CARTESIAN_POINT ( 'NONE',  ( 1.449999999999999956, 0.000000000000000000, 0.6999999999999999556 ) ) ;
#3921 = CARTESIAN_POINT ( 'NONE',  ( 1.199999999999999956, 0.5999999999999999778, -0.3499999999999999778 ) ) ;
#3922 =( NAMED_UNIT ( * ) SI_UNIT ( $, .STERADIAN. ) SOLID_ANGLE_UNIT ( ) );
#3923 = AXIS2_PLACEMENT_3D ( 'NONE', #783, #3817, #1948 ) ;
#3924 = DIRECTION ( 'NONE',  ( 1.000000000000000000, 0.000000000000000000, 0.000000000000000000 ) ) ;
#3925 = SURFACE_STYLE_FILL_AREA ( #2957 ) ;
#3926 = ADVANCED_FACE ( 'NONE', ( #26 ), #3614, .F. ) ;
#3927 = PLANE ( 'NONE',  #1003 ) ;
#3928 = MECHANICAL_DESIGN_GEOMETRIC_PRESENTATION_REPRESENTATION (  '', ( #1140 ), #741 ) ;
#3929 = LINE ( 'NONE', #1616, #2452 ) ;
#3930 = UNCERTAINTY_MEASURE_WITH_UNIT (LENGTH_MEASURE( 1.000000000000000082E-05 ), #2401, 'distance_accuracy_value', 'NONE');
#3931 = FILL_AREA_STYLE ('',( #938 ) ) ;
#3932 = PRESENTATION_STYLE_ASSIGNMENT (( #4491 ) ) ;
#3933 = FILL_AREA_STYLE ('',( #2064 ) ) ;
#3934 =( NAMED_UNIT ( * ) PLANE_ANGLE_UNIT ( ) SI_UNIT ( $, .RADIAN. ) );
#3935 = DIRECTION ( 'NONE',  ( -0.000000000000000000, 1.000000000000000000, -0.000000000000000000 ) ) ;
#3936 = EDGE_CURVE ( 'NONE', #2378, #3087, #2493, .T. ) ;
#3937 = PRESENTATION_LAYER_ASSIGNMENT (  '', '', ( #2436 ) ) ;
#3938 = VECTOR ( 'NONE', #185, 1000.000000000000000 ) ;
#3939 = CARTESIAN_POINT ( 'NONE',  ( 1.449999999999999956, 0.02000000000000000042, 0.6999999999999999556 ) ) ;
#3940 = PRESENTATION_LAYER_ASSIGNMENT (  '', '', ( #501 ) ) ;
#3941 = EDGE_CURVE ( 'NONE', #3690, #1912, #3046, .T. ) ;
#3942 = SURFACE_STYLE_USAGE ( .BOTH. , #3573 ) ;
#3943 = ORIENTED_EDGE ( 'NONE', *, *, #3123, .T. ) ;
#3944 =( LENGTH_UNIT ( ) NAMED_UNIT ( * ) SI_UNIT ( .MILLI., .METRE. ) );
#3945 = SURFACE_SIDE_STYLE ('',( #4166 ) ) ;
#3946 = SURFACE_STYLE_FILL_AREA ( #3368 ) ;
#3947 = STYLED_ITEM ( 'NONE', ( #2634 ), #4716 ) ;
#3948 = ORIENTED_EDGE ( 'NONE', *, *, #3941, .F. ) ;
#3949 = PRESENTATION_LAYER_ASSIGNMENT (  '', '', ( #2591 ) ) ;
#3950 = VERTEX_POINT ( 'NONE', #3269 ) ;
#3951 = ORIENTED_EDGE ( 'NONE', *, *, #1599, .F. ) ;
#3952 = ORIENTED_EDGE ( 'NONE', *, *, #195, .F. ) ;
#3953 = ORIENTED_EDGE ( 'NONE', *, *, #2186, .T. ) ;
#3954 = VECTOR ( 'NONE', #61, 1000.000000000000000 ) ;
#3955 = CARTESIAN_POINT ( 'NONE',  ( -1.600000000000000089, 0.000000000000000000, -0.7500000000000000000 ) ) ;
#3956 =( NAMED_UNIT ( * ) PLANE_ANGLE_UNIT ( ) SI_UNIT ( $, .RADIAN. ) );
#3957 = VERTEX_POINT ( 'NONE', #1915 ) ;
#3958 = EDGE_CURVE ( 'NONE', #1473, #4247, #3674, .T. ) ;
#3959 = VECTOR ( 'NONE', #1931, 1000.000000000000000 ) ;
#3960 = ADVANCED_FACE ( 'NONE', ( #1298 ), #484, .F. ) ;
#3961 = FILL_AREA_STYLE ('',( #2775 ) ) ;
#3962 = VERTEX_POINT ( 'NONE', #3874 ) ;
#3963 = VERTEX_POINT ( 'NONE', #1614 ) ;
#3964 = EDGE_CURVE ( 'NONE', #1658, #3855, #2743, .T. ) ;
#3965 = LINE ( 'NONE', #4594, #1764 ) ;
#3966 = DIRECTION ( 'NONE',  ( 0.000000000000000000, 0.000000000000000000, -1.000000000000000000 ) ) ;
#3967 = DIRECTION ( 'NONE',  ( -0.000000000000000000, 1.000000000000000000, 0.000000000000000000 ) ) ;
#3968 = LINE ( 'NONE', #3788, #4211 ) ;
#3969 = FILL_AREA_STYLE ('',( #389 ) ) ;
#3970 = CARTESIAN_POINT ( 'NONE',  ( 1.600000000000000089, 0.2700000000000000178, -0.6300000000000000044 ) ) ;
#3971 = CARTESIAN_POINT ( 'NONE',  ( -1.149999999999999911, 0.6999999999999999556, 0.2999999999999999889 ) ) ;
#3972 = STYLED_ITEM ( 'NONE', ( #2119 ), #4402 ) ;
#3973 = DIRECTION ( 'NONE',  ( -1.000000000000000000, 0.000000000000000000, 0.000000000000000000 ) ) ;
#3974 = CARTESIAN_POINT ( 'NONE',  ( -1.600000000000000089, 0.000000000000000000, -0.7500000000000000000 ) ) ;
#3975 = PRESENTATION_LAYER_ASSIGNMENT (  '', '', ( #4386 ) ) ;
#3976 = VECTOR ( 'NONE', #4799, 1000.000000000000000 ) ;
#3977 = UNCERTAINTY_MEASURE_WITH_UNIT (LENGTH_MEASURE( 1.000000000000000082E-05 ), #1040, 'distance_accuracy_value', 'NONE');
#3978 = PLANE ( 'NONE',  #3654 ) ;
#3979 = VERTEX_POINT ( 'NONE', #614 ) ;
#3980 = VECTOR ( 'NONE', #18, 1000.000000000000114 ) ;
#3981 = ORIENTED_EDGE ( 'NONE', *, *, #3285, .T. ) ;
#3982 = ADVANCED_FACE ( 'NONE', ( #548 ), #3437, .F. ) ;
#3983 = CARTESIAN_POINT ( 'NONE',  ( 1.479999999999999982, 0.02000000000000000042, -0.7500000000000000000 ) ) ;
#3984 = PRESENTATION_STYLE_ASSIGNMENT (( #675 ) ) ;
#3985 = CARTESIAN_POINT ( 'NONE',  ( -1.600000000000000089, 0.2700000000000000178, 0.6500000000000000222 ) ) ;
#3986 = CIRCLE ( 'NONE', #1011, 0.2000000000000000389 ) ;
#3987 = ORIENTED_EDGE ( 'NONE', *, *, #902, .T. ) ;
#3988 = FILL_AREA_STYLE ('',( #671 ) ) ;
#3989 = EDGE_CURVE ( 'NONE', #3587, #524, #4152, .T. ) ;
#3990 = CARTESIAN_POINT ( 'NONE',  ( -1.199999999999999956, 0.5000000000000000000, 0.5500000000000000444 ) ) ;
#3991 = ORIENTED_EDGE ( 'NONE', *, *, #4252, .T. ) ;
#3992 = ORIENTED_EDGE ( 'NONE', *, *, #4193, .F. ) ;
#3993 = VECTOR ( 'NONE', #999, 1000.000000000000000 ) ;
#3994 = CARTESIAN_POINT ( 'NONE',  ( 1.149999999999999911, 0.8000000000000000444, -0.2999999999999999889 ) ) ;
#3995 = PLANE ( 'NONE',  #857 ) ;
#3996 =( GEOMETRIC_REPRESENTATION_CONTEXT ( 3 ) GLOBAL_UNCERTAINTY_ASSIGNED_CONTEXT ( ( #226 ) ) GLOBAL_UNIT_ASSIGNED_CONTEXT ( ( #1666, #4648, #3876 ) ) REPRESENTATION_CONTEXT ( 'NONE', 'WORKASPACE' ) );
#3997 = EDGE_CURVE ( 'NONE', #2857, #982, #1234, .T. ) ;
#3998 = MECHANICAL_DESIGN_GEOMETRIC_PRESENTATION_REPRESENTATION (  '', ( #3013 ), #4671 ) ;
#3999 = ORIENTED_EDGE ( 'NONE', *, *, #491, .F. ) ;
#4000 = DIRECTION ( 'NONE',  ( -0.000000000000000000, 1.000000000000000000, -0.000000000000000000 ) ) ;
#4001 = DIRECTION ( 'NONE',  ( 0.000000000000000000, 0.000000000000000000, -1.000000000000000000 ) ) ;
#4002 = VERTEX_POINT ( 'NONE', #3179 ) ;
#4003 = DIRECTION ( 'NONE',  ( 0.000000000000000000, 0.000000000000000000, 1.000000000000000000 ) ) ;
#4004 = LINE ( 'NONE', #4297, #3028 ) ;
#4005 = ORIENTED_EDGE ( 'NONE', *, *, #3989, .T. ) ;
#4006 = DIRECTION ( 'NONE',  ( -1.000000000000000000, 0.000000000000000000, 0.000000000000000000 ) ) ;
#4007 = DIRECTION ( 'NONE',  ( 0.000000000000000000, 0.000000000000000000, -1.000000000000000000 ) ) ;
#4008 = PRESENTATION_LAYER_ASSIGNMENT (  '', '', ( #1552 ) ) ;
#4009 = EDGE_LOOP ( 'NONE', ( #3953, #70, #626, #3443 ) ) ;
#4010 = SURFACE_SIDE_STYLE ('',( #4276 ) ) ;
#4011 = VECTOR ( 'NONE', #1861, 1000.000000000000000 ) ;
#4012 = VERTEX_POINT ( 'NONE', #1718 ) ;
#4013 = COLOUR_RGB ( '',1.000000000000000000, 1.000000000000000000, 1.000000000000000000 ) ;
#4014 = SURFACE_STYLE_USAGE ( .BOTH. , #4409 ) ;
#4015 = STYLED_ITEM ( 'NONE', ( #4561 ), #604 ) ;
#4016 =( LENGTH_UNIT ( ) NAMED_UNIT ( * ) SI_UNIT ( .MILLI., .METRE. ) );
#4017 = PRESENTATION_STYLE_ASSIGNMENT (( #2674 ) ) ;
#4018 = ORIENTED_EDGE ( 'NONE', *, *, #4686, .F. ) ;
#4019 = SURFACE_STYLE_USAGE ( .BOTH. , #2825 ) ;
#4020 = CARTESIAN_POINT ( 'NONE',  ( 1.600000000000000089, 0.000000000000000000, 0.6300000000000000044 ) ) ;
#4021 = DIRECTION ( 'NONE',  ( 0.7071067811865474617, 0.000000000000000000, 0.7071067811865474617 ) ) ;
#4022 = VECTOR ( 'NONE', #2304, 1000.000000000000000 ) ;
#4023 = PRESENTATION_LAYER_ASSIGNMENT (  '', '', ( #2041 ) ) ;
#4024 = EDGE_CURVE ( 'NONE', #1699, #3725, #4321, .T. ) ;
#4025 = STYLED_ITEM ( 'NONE', ( #3984 ), #3522 ) ;
#4026 = AXIS2_PLACEMENT_3D ( 'NONE', #4354, #3295, #1825 ) ;
#4027 = LINE ( 'NONE', #673, #308 ) ;
#4028 = SURFACE_STYLE_FILL_AREA ( #1717 ) ;
#4029 = AXIS2_PLACEMENT_3D ( 'NONE', #3491, #2382, #4308 ) ;
#4030 = EDGE_CURVE ( 'NONE', #4197, #1401, #655, .T. ) ;
#4031 = AXIS2_PLACEMENT_3D ( 'NONE', #2607, #4467, #3322 ) ;
#4032 = COLOUR_RGB ( '',0.2980392156862745057, 0.2980392156862745057, 0.2980392156862745057 ) ;
#4033 = DIRECTION ( 'NONE',  ( 0.000000000000000000, 0.000000000000000000, 1.000000000000000000 ) ) ;
#4034 = ADVANCED_FACE ( 'NONE', ( #543 ), #3243, .F. ) ;
#4035 = VECTOR ( 'NONE', #2019, 1000.000000000000000 ) ;
#4036 = CARTESIAN_POINT ( 'NONE',  ( 1.600000000000000089, 0.000000000000000000, -0.7477721122078000437 ) ) ;
#4037 = FILL_AREA_STYLE_COLOUR ( '', #1927 ) ;
#4038 = CARTESIAN_POINT ( 'NONE',  ( 1.450016545858999972, 0.000000000000000000, -0.7500000000000000000 ) ) ;
#4039 = PRESENTATION_LAYER_ASSIGNMENT (  '', '', ( #3972 ) ) ;
#4040 = UNCERTAINTY_MEASURE_WITH_UNIT (LENGTH_MEASURE( 1.000000000000000082E-05 ), #1236, 'distance_accuracy_value', 'NONE');
#4041 = PRESENTATION_LAYER_ASSIGNMENT (  '', '', ( #4723 ) ) ;
#4042 = CARTESIAN_POINT ( 'NONE',  ( 1.600000000000000089, 0.2700000000000000178, -0.6300000000000000044 ) ) ;
#4043 = VERTEX_POINT ( 'NONE', #3003 ) ;
#4044 = STYLED_ITEM ( 'NONE', ( #1950 ), #585 ) ;
#4045 = SURFACE_STYLE_FILL_AREA ( #1231 ) ;
#4046 = SURFACE_STYLE_USAGE ( .BOTH. , #687 ) ;
#4047 = PLANE ( 'NONE',  #4099 ) ;
#4048 = COLOUR_RGB ( '',0.2980392156862745057, 0.2980392156862745057, 0.2980392156862745057 ) ;
#4049 = DIRECTION ( 'NONE',  ( 0.000000000000000000, 0.000000000000000000, 1.000000000000000000 ) ) ;
#4050 = DIRECTION ( 'NONE',  ( -0.000000000000000000, 1.000000000000000000, -0.000000000000000000 ) ) ;
#4051 = CARTESIAN_POINT ( 'NONE',  ( 1.479999999999999982, 0.000000000000000000, -0.7500000000000000000 ) ) ;
#4052 = CARTESIAN_POINT ( 'NONE',  ( 1.600000000000000089, 0.000000000000000000, -0.5500000000000000444 ) ) ;
#4053 = LINE ( 'NONE', #3870, #1322 ) ;
#4054 = EDGE_CURVE ( 'NONE', #1542, #1745, #560, .T. ) ;
#4055 = CARTESIAN_POINT ( 'NONE',  ( -1.524582898450000057, 0.000000000000000000, -0.6261335730022999924 ) ) ;
#4056 = ORIENTED_EDGE ( 'NONE', *, *, #708, .T. ) ;
#4057 = DIRECTION ( 'NONE',  ( 0.7071067811865475727, 0.000000000000000000, -0.7071067811865475727 ) ) ;
#4058 = VECTOR ( 'NONE', #1640, 1000.000000000000000 ) ;
#4059 = ADVANCED_FACE ( 'NONE', ( #3317 ), #4108, .T. ) ;
#4060 = ORIENTED_EDGE ( 'NONE', *, *, #3746, .T. ) ;
#4061 = ORIENTED_EDGE ( 'NONE', *, *, #4131, .T. ) ;
#4062 = EDGE_CURVE ( 'NONE', #103, #4757, #4168, .T. ) ;
#4063 =( GEOMETRIC_REPRESENTATION_CONTEXT ( 3 ) GLOBAL_UNCERTAINTY_ASSIGNED_CONTEXT ( ( #1848 ) ) GLOBAL_UNIT_ASSIGNED_CONTEXT ( ( #2705, #1594, #135 ) ) REPRESENTATION_CONTEXT ( 'NONE', 'WORKASPACE' ) );
#4064 = VERTEX_POINT ( 'NONE', #94 ) ;
#4065 = DIRECTION ( 'NONE',  ( 0.000000000000000000, -0.000000000000000000, -1.000000000000000000 ) ) ;
#4066 = CYLINDRICAL_SURFACE ( 'NONE', #2529, 0.2000000000000000944 ) ;
#4067 = VERTEX_POINT ( 'NONE', #473 ) ;
#4068 = UNCERTAINTY_MEASURE_WITH_UNIT (LENGTH_MEASURE( 1.000000000000000082E-05 ), #138, 'distance_accuracy_value', 'NONE');
#4069 = SURFACE_SIDE_STYLE ('',( #3946 ) ) ;
#4070 = ORIENTED_EDGE ( 'NONE', *, *, #3215, .T. ) ;
#4071 = ORIENTED_EDGE ( 'NONE', *, *, #231, .F. ) ;
#4072 = CARTESIAN_POINT ( 'NONE',  ( -1.479999999999999982, 0.02000000000000000042, 0.7500000000000000000 ) ) ;
#4073 = FILL_AREA_STYLE ('',( #727 ) ) ;
#4074 =( LENGTH_UNIT ( ) NAMED_UNIT ( * ) SI_UNIT ( .MILLI., .METRE. ) );
#4075 = EDGE_LOOP ( 'NONE', ( #3207, #2083, #2587, #4610, #4699 ) ) ;
#4076 = CARTESIAN_POINT ( 'NONE',  ( -1.500000000000000000, 0.2700000000000000178, -0.7500000000000000000 ) ) ;
#4077 = SURFACE_SIDE_STYLE ('',( #1779 ) ) ;
#4078 = DIRECTION ( 'NONE',  ( 1.000000000000000000, 0.000000000000000000, 0.000000000000000000 ) ) ;
#4079 = ORIENTED_EDGE ( 'NONE', *, *, #2751, .F. ) ;
#4080 = ORIENTED_EDGE ( 'NONE', *, *, #3918, .T. ) ;
#4081 = PRODUCT_DEFINITION_FORMATION_WITH_SPECIFIED_SOURCE ( 'ANY', '', #3714, .NOT_KNOWN. ) ;
#4082 = ORIENTED_EDGE ( 'NONE', *, *, #3012, .F. ) ;
#4083 = EDGE_LOOP ( 'NONE', ( #1217, #1213, #3832, #1846, #3873, #2659, #1089, #2221 ) ) ;
#4084 = CYLINDRICAL_SURFACE ( 'NONE', #159, 0.1200000000000000927 ) ;
#4085 = VECTOR ( 'NONE', #4049, 1000.000000000000000 ) ;
#4086 = ORIENTED_EDGE ( 'NONE', *, *, #4766, .T. ) ;
#4087 = DIRECTION ( 'NONE',  ( -1.000000000000000000, 0.000000000000000000, 0.000000000000000000 ) ) ;
#4088 = ADVANCED_FACE ( 'NONE', ( #4223 ), #4552, .F. ) ;
#4089 = PLANE ( 'NONE',  #1815 ) ;
#4090 =( LENGTH_UNIT ( ) NAMED_UNIT ( * ) SI_UNIT ( .MILLI., .METRE. ) );
#4091 = FACE_OUTER_BOUND ( 'NONE', #4083, .T. ) ;
#4092 = CARTESIAN_POINT ( 'NONE',  ( -1.600000000000000089, 0.000000000000000000, -0.7500000000000000000 ) ) ;
#4093 = VECTOR ( 'NONE', #4323, 1000.000000000000000 ) ;
#4094 = SURFACE_STYLE_USAGE ( .BOTH. , #4114 ) ;
#4095 = FACE_OUTER_BOUND ( 'NONE', #3331, .T. ) ;
#4096 = FILL_AREA_STYLE_COLOUR ( '', #2819 ) ;
#4097 = SURFACE_STYLE_FILL_AREA ( #1996 ) ;
#4098 = EDGE_CURVE ( 'NONE', #4314, #1332, #3168, .T. ) ;
#4099 = AXIS2_PLACEMENT_3D ( 'NONE', #2581, #2633, #3367 ) ;
#4100 = PRESENTATION_LAYER_ASSIGNMENT (  '', '', ( #2569 ) ) ;
#4101 = LINE ( 'NONE', #592, #4329 ) ;
#4102 = PLANE ( 'NONE',  #2106 ) ;
#4103 = DIRECTION ( 'NONE',  ( 0.000000000000000000, 0.000000000000000000, 1.000000000000000000 ) ) ;
#4104 = EDGE_CURVE ( 'NONE', #162, #846, #3399, .T. ) ;
#4105 = CARTESIAN_POINT ( 'NONE',  ( -1.600000000000000089, 0.02000000000000000042, 0.5688664269976999588 ) ) ;
#4106 = PRESENTATION_STYLE_ASSIGNMENT (( #3465 ) ) ;
#4107 =( NAMED_UNIT ( * ) SI_UNIT ( $, .STERADIAN. ) SOLID_ANGLE_UNIT ( ) );
#4108 = PLANE ( 'NONE',  #790 ) ;
#4109 = UNCERTAINTY_MEASURE_WITH_UNIT (LENGTH_MEASURE( 1.000000000000000082E-05 ), #1678, 'distance_accuracy_value', 'NONE');
#4110 = DIRECTION ( 'NONE',  ( -0.7071067811865474617, 0.000000000000000000, -0.7071067811865474617 ) ) ;
#4111 = CARTESIAN_POINT ( 'NONE',  ( 1.149999999999999911, 0.8000000000000000444, 0.2999999999999999889 ) ) ;
#4112 = FILL_AREA_STYLE ('',( #4800 ) ) ;
#4113 = LINE ( 'NONE', #2017, #2876 ) ;
#4114 = SURFACE_SIDE_STYLE ('',( #2883 ) ) ;
#4115 = CARTESIAN_POINT ( 'NONE',  ( -1.600000000000000089, 0.2700000000000000178, 0.6500000000000000222 ) ) ;
#4116 = LINE ( 'NONE', #1381, #893 ) ;
#4117 = ADVANCED_FACE ( 'NONE', ( #4733 ), #2811, .F. ) ;
#4118 = SURFACE_STYLE_FILL_AREA ( #3931 ) ;
#4119 = FACE_OUTER_BOUND ( 'NONE', #2197, .T. ) ;
#4120 = CARTESIAN_POINT ( 'NONE',  ( 1.350000000000000089, 0.6999999999999999556, -0.2999999999999999889 ) ) ;
#4121 = ORIENTED_EDGE ( 'NONE', *, *, #202, .T. ) ;
#4122 = FACE_OUTER_BOUND ( 'NONE', #742, .T. ) ;
#4123 = COLOUR_RGB ( '',0.9686274509803921573, 0.8784313725490195957, 0.5999999999999999778 ) ;
#4124 = SURFACE_SIDE_STYLE ('',( #883 ) ) ;
#4125 = ORIENTED_EDGE ( 'NONE', *, *, #3037, .T. ) ;
#4126 = FILL_AREA_STYLE_COLOUR ( '', #1937 ) ;
#4127 =( LENGTH_UNIT ( ) NAMED_UNIT ( * ) SI_UNIT ( .MILLI., .METRE. ) );
#4128 = FILL_AREA_STYLE_COLOUR ( '', #2441 ) ;
#4129 = STYLED_ITEM ( 'NONE', ( #3932 ), #704 ) ;
#4130 = DIRECTION ( 'NONE',  ( 1.000000000000000000, 0.000000000000000000, 0.000000000000000000 ) ) ;
#4131 = EDGE_CURVE ( 'NONE', #3725, #3659, #4334, .T. ) ;
#4132 = PRESENTATION_LAYER_ASSIGNMENT (  '', '', ( #3441 ) ) ;
#4133 = ORIENTED_EDGE ( 'NONE', *, *, #2283, .F. ) ;
#4134 = ORIENTED_EDGE ( 'NONE', *, *, #941, .F. ) ;
#4135 = FACE_BOUND ( 'NONE', #1324, .T. ) ;
#4136 = CARTESIAN_POINT ( 'NONE',  ( 0.000000000000000000, 0.02000000000000000042, 0.000000000000000000 ) ) ;
#4137 = ORIENTED_EDGE ( 'NONE', *, *, #2715, .F. ) ;
#4138 = EDGE_CURVE ( 'NONE', #3725, #1885, #3818, .T. ) ;
#4139 = SURFACE_STYLE_USAGE ( .BOTH. , #1521 ) ;
#4140 =( LENGTH_UNIT ( ) NAMED_UNIT ( * ) SI_UNIT ( .MILLI., .METRE. ) );
#4141 = VERTEX_POINT ( 'NONE', #297 ) ;
#4142 = UNCERTAINTY_MEASURE_WITH_UNIT (LENGTH_MEASURE( 1.000000000000000082E-05 ), #1671, 'distance_accuracy_value', 'NONE');
#4143 = ORIENTED_EDGE ( 'NONE', *, *, #758, .T. ) ;
#4144 = DIRECTION ( 'NONE',  ( 0.000000000000000000, -1.000000000000000000, 0.000000000000000000 ) ) ;
#4145 = CARTESIAN_POINT ( 'NONE',  ( -1.399999999999999911, 0.000000000000000000, -0.6500000000000000222 ) ) ;
#4146 = DIRECTION ( 'NONE',  ( 0.000000000000000000, 1.000000000000000000, -3.141653603932999885E-11 ) ) ;
#4147 = ORIENTED_EDGE ( 'NONE', *, *, #2159, .T. ) ;
#4148 = SURFACE_SIDE_STYLE ('',( #4776 ) ) ;
#4149 = AXIS2_PLACEMENT_3D ( 'NONE', #4578, #2717, #2080 ) ;
#4150 =( GEOMETRIC_REPRESENTATION_CONTEXT ( 3 ) GLOBAL_UNCERTAINTY_ASSIGNED_CONTEXT ( ( #3905 ) ) GLOBAL_UNIT_ASSIGNED_CONTEXT ( ( #1365, #1755, #280 ) ) REPRESENTATION_CONTEXT ( 'NONE', 'WORKASPACE' ) );
#4151 = FILL_AREA_STYLE_COLOUR ( '', #1318 ) ;
#4152 = LINE ( 'NONE', #1728, #818 ) ;
#4153 = PRODUCT_DEFINITION ( 'UNKNOWN', '', #4081, #1757 ) ;
#4154 = CARTESIAN_POINT ( 'NONE',  ( -1.350000000000000089, 0.8000000000000000444, -0.2999999999999999889 ) ) ;
#4155 = EDGE_LOOP ( 'NONE', ( #2594, #2790, #1451, #165 ) ) ;
#4156 = LINE ( 'NONE', #3695, #3045 ) ;
#4157 = SURFACE_SIDE_STYLE ('',( #921 ) ) ;
#4158 = EDGE_CURVE ( 'NONE', #2115, #4368, #2070, .T. ) ;
#4159 = PLANE ( 'NONE',  #3885 ) ;
#4160 =( NAMED_UNIT ( * ) SI_UNIT ( $, .STERADIAN. ) SOLID_ANGLE_UNIT ( ) );
#4161 = EDGE_LOOP ( 'NONE', ( #4265, #187, #3019, #2652 ) ) ;
#4162 = AXIS2_PLACEMENT_3D ( 'NONE', #2872, #288, #3657 ) ;
#4163 = EDGE_CURVE ( 'NONE', #2306, #2211, #3879, .T. ) ;
#4164 = AXIS2_PLACEMENT_3D ( 'NONE', #1203, #2339, #2369 ) ;
#4165 = CYLINDRICAL_SURFACE ( 'NONE', #4183, 0.2000000000000000944 ) ;
#4166 = SURFACE_STYLE_FILL_AREA ( #1349 ) ;
#4167 = FILL_AREA_STYLE_COLOUR ( '', #2455 ) ;
#4168 = LINE ( 'NONE', #1583, #208 ) ;
#4169 = SURFACE_STYLE_USAGE ( .BOTH. , #3387 ) ;
#4170 = AXIS2_PLACEMENT_3D ( 'NONE', #1121, #3066, #32 ) ;
#4171 = DIRECTION ( 'NONE',  ( 0.000000000000000000, 0.000000000000000000, 1.000000000000000000 ) ) ;
#4172 = VECTOR ( 'NONE', #3754, 1000.000000000000000 ) ;
#4173 = CARTESIAN_POINT ( 'NONE',  ( 1.479999999999999982, 0.000000000000000000, -0.7500000000000000000 ) ) ;
#4174 = COLOUR_RGB ( '',0.2980392156862745057, 0.2980392156862745057, 0.2980392156862745057 ) ;
#4175 = FACE_OUTER_BOUND ( 'NONE', #2496, .T. ) ;
#4176 = LINE ( 'NONE', #4382, #4808 ) ;
#4177 = DIRECTION ( 'NONE',  ( -0.000000000000000000, 1.000000000000000000, -0.000000000000000000 ) ) ;
#4178 = ORIENTED_EDGE ( 'NONE', *, *, #3936, .F. ) ;
#4179 = EDGE_LOOP ( 'NONE', ( #1238, #4133, #1738, #4061 ) ) ;
#4180 = ORIENTED_EDGE ( 'NONE', *, *, #4664, .T. ) ;
#4181 = DIRECTION ( 'NONE',  ( 0.000000000000000000, 1.000000000000000000, 0.000000000000000000 ) ) ;
#4182 = DIRECTION ( 'NONE',  ( -1.000000000000000000, 0.000000000000000000, 0.000000000000000000 ) ) ;
#4183 = AXIS2_PLACEMENT_3D ( 'NONE', #2427, #669, #3973 ) ;
#4184 = EDGE_CURVE ( 'NONE', #4593, #906, #1252, .T. ) ;
#4185 = ORIENTED_EDGE ( 'NONE', *, *, #4374, .T. ) ;
#4186 =( GEOMETRIC_REPRESENTATION_CONTEXT ( 3 ) GLOBAL_UNCERTAINTY_ASSIGNED_CONTEXT ( ( #4068 ) ) GLOBAL_UNIT_ASSIGNED_CONTEXT ( ( #138, #1308, #1274 ) ) REPRESENTATION_CONTEXT ( 'NONE', 'WORKASPACE' ) );
#4187 = CARTESIAN_POINT ( 'NONE',  ( -1.399999999999999911, 0.6999999999999999556, -0.3499999999999999778 ) ) ;
#4188 = ORIENTED_EDGE ( 'NONE', *, *, #4138, .T. ) ;
#4189 = VERTEX_POINT ( 'NONE', #330 ) ;
#4190 = VERTEX_POINT ( 'NONE', #4783 ) ;
#4191 = DIRECTION ( 'NONE',  ( -1.000000000000000000, 0.000000000000000000, 0.000000000000000000 ) ) ;
#4192 = UNCERTAINTY_MEASURE_WITH_UNIT (LENGTH_MEASURE( 1.000000000000000082E-05 ), #495, 'distance_accuracy_value', 'NONE');
#4193 = EDGE_CURVE ( 'NONE', #3451, #2280, #1374, .T. ) ;
#4194 = CARTESIAN_POINT ( 'NONE',  ( 1.449999999999999956, 0.02000000000000000042, 0.6999999999999999556 ) ) ;
#4195 =( GEOMETRIC_REPRESENTATION_CONTEXT ( 3 ) GLOBAL_UNCERTAINTY_ASSIGNED_CONTEXT ( ( #3206 ) ) GLOBAL_UNIT_ASSIGNED_CONTEXT ( ( #2288, #3742, #3057 ) ) REPRESENTATION_CONTEXT ( 'NONE', 'WORKASPACE' ) );
#4196 = DIRECTION ( 'NONE',  ( 0.000000000000000000, 0.000000000000000000, -1.000000000000000000 ) ) ;
#4197 = VERTEX_POINT ( 'NONE', #2989 ) ;
#4198 = DIRECTION ( 'NONE',  ( -0.7071067811981286422, 0.000000000000000000, -0.7071067811749665033 ) ) ;
#4199 = DIRECTION ( 'NONE',  ( 0.000000000000000000, -1.000000000000000000, 0.000000000000000000 ) ) ;
#4200 = ORIENTED_EDGE ( 'NONE', *, *, #867, .T. ) ;
#4201 = FILL_AREA_STYLE ('',( #4167 ) ) ;
#4202 = PRESENTATION_STYLE_ASSIGNMENT (( #3457 ) ) ;
#4203 = ORIENTED_EDGE ( 'NONE', *, *, #678, .T. ) ;
#4204 = MECHANICAL_DESIGN_GEOMETRIC_PRESENTATION_REPRESENTATION (  '', ( #3022 ), #372 ) ;
#4205 = LINE ( 'NONE', #3488, #3675 ) ;
#4206 = SURFACE_STYLE_USAGE ( .BOTH. , #4550 ) ;
#4207 = EDGE_LOOP ( 'NONE', ( #4005, #1919, #3809, #1085, #267, #4707, #3365, #1107 ) ) ;
#4208 = CIRCLE ( 'NONE', #499, 0.2000000000000000944 ) ;
#4209 = CARTESIAN_POINT ( 'NONE',  ( -1.542903289667000077, 0.000000000000000000, -0.6444539642186999373 ) ) ;
#4210 = CARTESIAN_POINT ( 'NONE',  ( -1.524582898450000057, 0.000000000000000000, -0.6261335730022999924 ) ) ;
#4211 = VECTOR ( 'NONE', #4548, 1000.000000000000114 ) ;
#4212 = VECTOR ( 'NONE', #2057, 1000.000000000000000 ) ;
#4213 = DIRECTION ( 'NONE',  ( 1.000000000000000000, 0.000000000000000000, 0.000000000000000000 ) ) ;
#4214 = COLOUR_RGB ( '',0.2980392156862745057, 0.2980392156862745057, 0.2980392156862745057 ) ;
#4215 = EDGE_CURVE ( 'NONE', #4772, #4189, #885, .T. ) ;
#4216 = CARTESIAN_POINT ( 'NONE',  ( 1.199999999999999956, 0.5999999999999999778, -0.5500000000000000444 ) ) ;
#4217 = VERTEX_POINT ( 'NONE', #3751 ) ;
#4218 = CARTESIAN_POINT ( 'NONE',  ( -1.149999999999999911, 0.6999999999999999556, 0.5000000000000000000 ) ) ;
#4219 = FILL_AREA_STYLE ('',( #785 ) ) ;
#4220 = VECTOR ( 'NONE', #4198, 1000.000000000000000 ) ;
#4221 = LINE ( 'NONE', #4311, #4796 ) ;
#4222 = EDGE_CURVE ( 'NONE', #555, #4197, #1568, .T. ) ;
#4223 = FACE_OUTER_BOUND ( 'NONE', #1294, .T. ) ;
#4224 = LINE ( 'NONE', #4676, #3121 ) ;
#4225 = AXIS2_PLACEMENT_3D ( 'NONE', #278, #4761, #664 ) ;
#4226 = STYLED_ITEM ( 'NONE', ( #456 ), #2181 ) ;
#4227 =( NAMED_UNIT ( * ) PLANE_ANGLE_UNIT ( ) SI_UNIT ( $, .RADIAN. ) );
#4228 = CARTESIAN_POINT ( 'NONE',  ( -1.600000000000000089, 0.000000000000000000, 0.5688664269976999588 ) ) ;
#4229 = DIRECTION ( 'NONE',  ( 0.000000000000000000, 1.000000000000000000, -2.719258151983999736E-10 ) ) ;
#4230 = ORIENTED_EDGE ( 'NONE', *, *, #3402, .F. ) ;
#4231 = FILL_AREA_STYLE_COLOUR ( '', #3578 ) ;
#4232 = SURFACE_STYLE_USAGE ( .BOTH. , #3853 ) ;
#4233 =( GEOMETRIC_REPRESENTATION_CONTEXT ( 3 ) GLOBAL_UNCERTAINTY_ASSIGNED_CONTEXT ( ( #3559 ) ) GLOBAL_UNIT_ASSIGNED_CONTEXT ( ( #1513, #695, #4763 ) ) REPRESENTATION_CONTEXT ( 'NONE', 'WORKASPACE' ) );
#4234 = ORIENTED_EDGE ( 'NONE', *, *, #3131, .T. ) ;
#4235 = PRESENTATION_STYLE_ASSIGNMENT (( #3598 ) ) ;
#4236 = VECTOR ( 'NONE', #3469, 1000.000000000000000 ) ;
#4237 = PLANE ( 'NONE',  #2416 ) ;
#4238 = FILL_AREA_STYLE ('',( #1315 ) ) ;
#4239 = DIRECTION ( 'NONE',  ( 0.000000000000000000, 0.000000000000000000, -1.000000000000000000 ) ) ;
#4240 = CARTESIAN_POINT ( 'NONE',  ( -1.600000000000000089, 0.02000000000000000042, 0.6300000000000000044 ) ) ;
#4241 = VERTEX_POINT ( 'NONE', #2586 ) ;
#4242 = PRESENTATION_STYLE_ASSIGNMENT (( #705 ) ) ;
#4243 = LINE ( 'NONE', #316, #4539 ) ;
#4244 = ORIENTED_EDGE ( 'NONE', *, *, #3989, .F. ) ;
#4245 = EDGE_LOOP ( 'NONE', ( #341, #415, #1641, #2653 ) ) ;
#4246 =( LENGTH_UNIT ( ) NAMED_UNIT ( * ) SI_UNIT ( .MILLI., .METRE. ) );
#4247 = VERTEX_POINT ( 'NONE', #1495 ) ;
#4248 =( NAMED_UNIT ( * ) SI_UNIT ( $, .STERADIAN. ) SOLID_ANGLE_UNIT ( ) );
#4249 = VECTOR ( 'NONE', #4021, 1000.000000000000114 ) ;
#4250 = DIRECTION ( 'NONE',  ( 0.000000000000000000, 1.000000000000000000, 0.000000000000000000 ) ) ;
#4251 = PRODUCT_CONTEXT ( 'NONE', #521, 'mechanical' ) ;
#4252 = EDGE_CURVE ( 'NONE', #3412, #302, #256, .T. ) ;
#4253 =( GEOMETRIC_REPRESENTATION_CONTEXT ( 3 ) GLOBAL_UNCERTAINTY_ASSIGNED_CONTEXT ( ( #170 ) ) GLOBAL_UNIT_ASSIGNED_CONTEXT ( ( #408, #422, #3021 ) ) REPRESENTATION_CONTEXT ( 'NONE', 'WORKASPACE' ) );
#4254 = DIRECTION ( 'NONE',  ( -0.000000000000000000, 0.000000000000000000, -1.000000000000000000 ) ) ;
#4255 = ORIENTED_EDGE ( 'NONE', *, *, #4590, .F. ) ;
#4256 = UNCERTAINTY_MEASURE_WITH_UNIT (LENGTH_MEASURE( 1.000000000000000082E-05 ), #405, 'distance_accuracy_value', 'NONE');
#4257 = SURFACE_SIDE_STYLE ('',( #4045 ) ) ;
#4258 = VECTOR ( 'NONE', #4110, 1000.000000000000114 ) ;
#4259 = DIRECTION ( 'NONE',  ( 1.000000000000000000, 0.000000000000000000, 0.000000000000000000 ) ) ;
#4260 = CARTESIAN_POINT ( 'NONE',  ( -1.600000000000000089, 0.2700000000000000178, -0.7500000000000000000 ) ) ;
#4261 =( GEOMETRIC_REPRESENTATION_CONTEXT ( 3 ) GLOBAL_UNCERTAINTY_ASSIGNED_CONTEXT ( ( #3679 ) ) GLOBAL_UNIT_ASSIGNED_CONTEXT ( ( #1553, #3699, #3330 ) ) REPRESENTATION_CONTEXT ( 'NONE', 'WORKASPACE' ) );
#4262 = EDGE_CURVE ( 'NONE', #1712, #703, #1898, .T. ) ;
#4263 = DIRECTION ( 'NONE',  ( -0.000000000000000000, 0.000000000000000000, -1.000000000000000000 ) ) ;
#4264 = PLANE ( 'NONE',  #3430 ) ;
#4265 = ORIENTED_EDGE ( 'NONE', *, *, #3158, .T. ) ;
#4266 = DIRECTION ( 'NONE',  ( -0.000000000000000000, 1.000000000000000000, -0.000000000000000000 ) ) ;
#4267 = SURFACE_STYLE_FILL_AREA ( #4584 ) ;
#4268 = ADVANCED_FACE ( 'NONE', ( #1681 ), #1856, .F. ) ;
#4269 = DIRECTION ( 'NONE',  ( -0.7071067811865474617, 0.000000000000000000, -0.7071067811865474617 ) ) ;
#4270 = DIRECTION ( 'NONE',  ( 0.000000000000000000, -0.000000000000000000, -1.000000000000000000 ) ) ;
#4271 = CARTESIAN_POINT ( 'NONE',  ( -1.524582898450000057, 0.000000000000000000, 0.5688664269976999588 ) ) ;
#4272 = LINE ( 'NONE', #644, #1488 ) ;
#4273 = AXIS2_PLACEMENT_3D ( 'NONE', #1634, #2337, #4199 ) ;
#4274 = MECHANICAL_DESIGN_GEOMETRIC_PRESENTATION_REPRESENTATION (  '', ( #1372 ), #4518 ) ;
#4275 = PRODUCT_CONTEXT ( 'NONE', #901, 'mechanical' ) ;
#4276 = SURFACE_STYLE_FILL_AREA ( #3637 ) ;
#4277 =( NAMED_UNIT ( * ) SI_UNIT ( $, .STERADIAN. ) SOLID_ANGLE_UNIT ( ) );
#4278 = PRESENTATION_STYLE_ASSIGNMENT (( #3355 ) ) ;
#4279 = CARTESIAN_POINT ( 'NONE',  ( 1.500000000000000000, 0.000000000000000000, 0.7500000000000000000 ) ) ;
#4280 = COLOUR_RGB ( '',0.2980392156862745057, 0.2980392156862745057, 0.2980392156862745057 ) ;
#4281 = COLOUR_RGB ( '',1.000000000000000000, 1.000000000000000000, 1.000000000000000000 ) ;
#4282 = CARTESIAN_POINT ( 'NONE',  ( 1.550000000000000044, 0.01333446382042405461, 0.6411451859987306046 ) ) ;
#4283 = SURFACE_SIDE_STYLE ('',( #4267 ) ) ;
#4284 = PRESENTATION_LAYER_ASSIGNMENT (  '', '', ( #3786 ) ) ;
#4285 = EDGE_CURVE ( 'NONE', #2548, #1929, #3625, .T. ) ;
#4286 = CIRCLE ( 'NONE', #2386, 0.1200000000000000927 ) ;
#4287 = AXIS2_PLACEMENT_3D ( 'NONE', #3395, #898, #2045 ) ;
#4288 = CARTESIAN_POINT ( 'NONE',  ( 0.000000000000000000, 0.8000000000000000444, 0.000000000000000000 ) ) ;
#4289 = UNCERTAINTY_MEASURE_WITH_UNIT (LENGTH_MEASURE( 1.000000000000000082E-05 ), #3148, 'distance_accuracy_value', 'NONE');
#4290 = VECTOR ( 'NONE', #710, 1000.000000000000000 ) ;
#4291 = ORIENTED_EDGE ( 'NONE', *, *, #4507, .T. ) ;
#4292 = ADVANCED_FACE ( 'NONE', ( #4390 ), #4564, .F. ) ;
#4293 = LINE ( 'NONE', #2808, #155 ) ;
#4294 = DIRECTION ( 'NONE',  ( 1.000000000000000000, 0.000000000000000000, 0.000000000000000000 ) ) ;
#4295 = EDGE_CURVE ( 'NONE', #3950, #3305, #773, .T. ) ;
#4296 = STYLED_ITEM ( 'NONE', ( #2291 ), #4268 ) ;
#4297 = CARTESIAN_POINT ( 'NONE',  ( -1.449999999999999956, 0.000000000000000000, 0.6500000000000000222 ) ) ;
#4298 =( NAMED_UNIT ( * ) PLANE_ANGLE_UNIT ( ) SI_UNIT ( $, .RADIAN. ) );
#4299 = LINE ( 'NONE', #2784, #336 ) ;
#4300 =( NAMED_UNIT ( * ) SI_UNIT ( $, .STERADIAN. ) SOLID_ANGLE_UNIT ( ) );
#4301 = VERTEX_POINT ( 'NONE', #3054 ) ;
#4302 = ORIENTED_EDGE ( 'NONE', *, *, #81, .F. ) ;
#4303 = CIRCLE ( 'NONE', #3700, 0.1000000000000000472 ) ;
#4304 = SURFACE_SIDE_STYLE ('',( #1968 ) ) ;
#4305 = ORIENTED_EDGE ( 'NONE', *, *, #667, .T. ) ;
#4306 = SURFACE_SIDE_STYLE ('',( #4118 ) ) ;
#4307 = EDGE_LOOP ( 'NONE', ( #58, #4530, #3080, #2839, #10, #3352, #1523, #4472 ) ) ;
#4308 = DIRECTION ( 'NONE',  ( 1.000000000000000000, 0.000000000000000000, 0.000000000000000000 ) ) ;
#4309 =( NAMED_UNIT ( * ) PLANE_ANGLE_UNIT ( ) SI_UNIT ( $, .RADIAN. ) );
#4310 = ORIENTED_EDGE ( 'NONE', *, *, #2715, .T. ) ;
#4311 = CARTESIAN_POINT ( 'NONE',  ( 1.479999999999999982, 0.000000000000000000, 0.7500000000000000000 ) ) ;
#4312 = VECTOR ( 'NONE', #23, 1000.000000000000000 ) ;
#4313 = EDGE_CURVE ( 'NONE', #2058, #4582, #378, .T. ) ;
#4314 = VERTEX_POINT ( 'NONE', #347 ) ;
#4315 = LINE ( 'NONE', #3590, #1479 ) ;
#4316 = DIRECTION ( 'NONE',  ( 0.000000000000000000, 0.000000000000000000, -1.000000000000000000 ) ) ;
#4317 = ADVANCED_FACE ( 'NONE', ( #3510 ), #798, .T. ) ;
#4318 = CARTESIAN_POINT ( 'NONE',  ( 1.350000000000000089, 0.6999999999999999556, 0.2999999999999999889 ) ) ;
#4319 = EDGE_CURVE ( 'NONE', #1270, #4314, #3968, .T. ) ;
#4320 = PRESENTATION_LAYER_ASSIGNMENT (  '', '', ( #2547 ) ) ;
#4321 = CIRCLE ( 'NONE', #709, 0.1000000000000000472 ) ;
#4322 = ORIENTED_EDGE ( 'NONE', *, *, #1799, .T. ) ;
#4323 = DIRECTION ( 'NONE',  ( 0.000000000000000000, 0.000000000000000000, 1.000000000000000000 ) ) ;
#4324 = CARTESIAN_POINT ( 'NONE',  ( 1.479999999999999982, 0.02000000000000000042, -0.7500000000000000000 ) ) ;
#4325 = EDGE_LOOP ( 'NONE', ( #3666, #1705, #281, #4611 ) ) ;
#4326 = CARTESIAN_POINT ( 'NONE',  ( 1.500000000000000000, 0.5000000000000000000, 0.3499999999974000020 ) ) ;
#4327 = VECTOR ( 'NONE', #4006, 1000.000000000000000 ) ;
#4328 = COLOUR_RGB ( '',0.9686274509803921573, 0.8784313725490195957, 0.5999999999999999778 ) ;
#4329 = VECTOR ( 'NONE', #4680, 1000.000000000000000 ) ;
#4330 = ADVANCED_FACE ( 'NONE', ( #3108 ), #4786, .T. ) ;
#4331 = LINE ( 'NONE', #2473, #3627 ) ;
#4332 = DIRECTION ( 'NONE',  ( 0.000000000000000000, 0.000000000000000000, -1.000000000000000000 ) ) ;
#4334 = LINE ( 'NONE', #296, #2813 ) ;
#4333 = CARTESIAN_POINT ( 'NONE',  ( 1.199999999999999956, 0.5999999999999999778, 0.3499999999999999778 ) ) ;
#4335 = DIRECTION ( 'NONE',  ( 0.000000000000000000, 0.000000000000000000, 1.000000000000000000 ) ) ;
#4336 = DIRECTION ( 'NONE',  ( 0.000000000000000000, -1.000000000000000000, 0.000000000000000000 ) ) ;
#4337 =( NAMED_UNIT ( * ) PLANE_ANGLE_UNIT ( ) SI_UNIT ( $, .RADIAN. ) );
#4338 = UNCERTAINTY_MEASURE_WITH_UNIT (LENGTH_MEASURE( 1.000000000000000082E-05 ), #1364, 'distance_accuracy_value', 'NONE');
#4339 = DIRECTION ( 'NONE',  ( 0.000000000000000000, 1.000000000000000000, 0.000000000000000000 ) ) ;
#4340 = VECTOR ( 'NONE', #2786, 1000.000000000000000 ) ;
#4341 =( NAMED_UNIT ( * ) PLANE_ANGLE_UNIT ( ) SI_UNIT ( $, .RADIAN. ) );
#4342 = EDGE_CURVE ( 'NONE', #2543, #3370, #1363, .T. ) ;
#4343 = SURFACE_STYLE_USAGE ( .BOTH. , #4010 ) ;
#4344 = SURFACE_STYLE_FILL_AREA ( #2916 ) ;
#4345 = DIRECTION ( 'NONE',  ( -0.000000000000000000, 1.000000000000000000, -0.000000000000000000 ) ) ;
#4346 = PRESENTATION_LAYER_ASSIGNMENT (  '', '', ( #1953 ) ) ;
#4347 = EDGE_CURVE ( 'NONE', #2660, #3893, #86, .T. ) ;
#4348 = FACE_OUTER_BOUND ( 'NONE', #1216, .T. ) ;
#4349 =( NAMED_UNIT ( * ) PLANE_ANGLE_UNIT ( ) SI_UNIT ( $, .RADIAN. ) );
#4350 = DIRECTION ( 'NONE',  ( 1.000000000000000000, 0.000000000000000000, 0.000000000000000000 ) ) ;
#4351 = ORIENTED_EDGE ( 'NONE', *, *, #4184, .F. ) ;
#4352 = CARTESIAN_POINT ( 'NONE',  ( 0.000000000000000000, 0.2700000000000000178, 0.000000000000000000 ) ) ;
#4353 =( LENGTH_UNIT ( ) NAMED_UNIT ( * ) SI_UNIT ( .MILLI., .METRE. ) );
#4354 = CARTESIAN_POINT ( 'NONE',  ( -1.600000000000000089, 0.2700000000000000178, 0.7500000000000000000 ) ) ;
#4355 = VECTOR ( 'NONE', #4050, 1000.000000000000000 ) ;
#4356 = PRESENTATION_LAYER_ASSIGNMENT (  '', '', ( #618 ) ) ;
#4357 = ADVANCED_FACE ( 'NONE', ( #2557 ), #373, .T. ) ;
#4358 = AXIS2_PLACEMENT_3D ( 'NONE', #510, #879, #573 ) ;
#4359 = CARTESIAN_POINT ( 'NONE',  ( 1.399999999999999911, 0.5999999999999999778, 0.3499999999999999778 ) ) ;
#4360 = VERTEX_POINT ( 'NONE', #4591 ) ;
#4361 = FACE_OUTER_BOUND ( 'NONE', #1585, .T. ) ;
#4362 = SURFACE_STYLE_FILL_AREA ( #299 ) ;
#4363 = ORIENTED_EDGE ( 'NONE', *, *, #4405, .F. ) ;
#4364 = FACE_OUTER_BOUND ( 'NONE', #3489, .T. ) ;
#4365 = ORIENTED_EDGE ( 'NONE', *, *, #941, .T. ) ;
#4366 =( GEOMETRIC_REPRESENTATION_CONTEXT ( 3 ) GLOBAL_UNCERTAINTY_ASSIGNED_CONTEXT ( ( #983 ) ) GLOBAL_UNIT_ASSIGNED_CONTEXT ( ( #2996, #3718, #746 ) ) REPRESENTATION_CONTEXT ( 'NONE', 'WORKASPACE' ) );
#4367 = DIRECTION ( 'NONE',  ( 0.000000000000000000, 0.000000000000000000, -1.000000000000000000 ) ) ;
#4368 = VERTEX_POINT ( 'NONE', #2922 ) ;
#4369 = UNCERTAINTY_MEASURE_WITH_UNIT (LENGTH_MEASURE( 1.000000000000000082E-05 ), #435, 'distance_accuracy_value', 'NONE');
#4370 = FILL_AREA_STYLE_COLOUR ( '', #3396 ) ;
#4371 = STYLED_ITEM ( 'NONE', ( #4278 ), #743 ) ;
#4372 = ORIENTED_EDGE ( 'NONE', *, *, #3473, .F. ) ;
#4373 = EDGE_CURVE ( 'NONE', #2842, #2109, #1834, .T. ) ;
#4374 = EDGE_CURVE ( 'NONE', #416, #3253, #2341, .T. ) ;
#4375 = VECTOR ( 'NONE', #3002, 1000.000000000000000 ) ;
#4376 = FILL_AREA_STYLE ('',( #3642 ) ) ;
#4377 = DIRECTION ( 'NONE',  ( -1.000000000000000000, 0.000000000000000000, 0.000000000000000000 ) ) ;
#4378 = FILL_AREA_STYLE_COLOUR ( '', #79 ) ;
#4379 = VECTOR ( 'NONE', #696, 1000.000000000000000 ) ;
#4380 = CARTESIAN_POINT ( 'NONE',  ( 1.481443453995999970, 0.02000000000000000042, 0.7314434539959999704 ) ) ;
#4381 = COLOUR_RGB ( '',0.2980392156862745057, 0.2980392156862745057, 0.2980392156862745057 ) ;
#4382 = CARTESIAN_POINT ( 'NONE',  ( 1.479999999999999982, 0.02000000000000000042, -0.7500000000000000000 ) ) ;
#4383 =( LENGTH_UNIT ( ) NAMED_UNIT ( * ) SI_UNIT ( .MILLI., .METRE. ) );
#4384 = AXIS2_PLACEMENT_3D ( 'NONE', #1422, #647, #3238 ) ;
#4385 = CARTESIAN_POINT ( 'NONE',  ( 1.199999999972999776, 0.5999999999999999778, 0.5500000000000000444 ) ) ;
#4386 = STYLED_ITEM ( 'NONE', ( #1651 ), #2085 ) ;
#4387 = SURFACE_STYLE_USAGE ( .BOTH. , #1370 ) ;
#4388 = LINE ( 'NONE', #1376, #2507 ) ;
#4389 = SURFACE_SIDE_STYLE ('',( #637 ) ) ;
#4390 = FACE_OUTER_BOUND ( 'NONE', #4155, .T. ) ;
#4391 = CIRCLE ( 'NONE', #1233, 0.2999999999999999334 ) ;
#4392 = VECTOR ( 'NONE', #4730, 1000.000000000000000 ) ;
#4393 = FILL_AREA_STYLE ('',( #1461 ) ) ;
#4394 = FACE_OUTER_BOUND ( 'NONE', #2323, .T. ) ;
#4395 = CIRCLE ( 'NONE', #2495, 0.1199999999999999956 ) ;
#4396 = FILL_AREA_STYLE_COLOUR ( '', #2984 ) ;
#4397 = EDGE_CURVE ( 'NONE', #3602, #1590, #1244, .T. ) ;
#4398 = UNCERTAINTY_MEASURE_WITH_UNIT (LENGTH_MEASURE( 1.000000000000000082E-05 ), #273, 'distance_accuracy_value', 'NONE');
#4399 = VECTOR ( 'NONE', #1877, 1000.000000000000000 ) ;
#4400 = CARTESIAN_POINT ( 'NONE',  ( 1.199999999999999956, 0.5999999999999999778, 0.3499999999999999778 ) ) ;
#4401 = FACE_OUTER_BOUND ( 'NONE', #4179, .T. ) ;
#4402 = ADVANCED_FACE ( 'NONE', ( #1892 ), #2468, .T. ) ;
#4403 = STYLED_ITEM ( 'NONE', ( #4106 ), #1333 ) ;
#4404 = COLOUR_RGB ( '',0.9686274509803921573, 0.8784313725490195957, 0.5999999999999999778 ) ;
#4405 = EDGE_CURVE ( 'NONE', #3321, #3592, #3157, .T. ) ;
#4406 =( GEOMETRIC_REPRESENTATION_CONTEXT ( 3 ) GLOBAL_UNCERTAINTY_ASSIGNED_CONTEXT ( ( #4142 ) ) GLOBAL_UNIT_ASSIGNED_CONTEXT ( ( #1671, #3144, #897 ) ) REPRESENTATION_CONTEXT ( 'NONE', 'WORKASPACE' ) );
#4407 = CARTESIAN_POINT ( 'NONE',  ( -1.600000000000000089, 0.2700000000000000178, 0.6500000000000000222 ) ) ;
#4408 = EDGE_LOOP ( 'NONE', ( #1870, #3212, #800, #4484, #1986, #2470, #2736, #396 ) ) ;
#4409 = SURFACE_SIDE_STYLE ('',( #3512 ) ) ;
#4410 = DIRECTION ( 'NONE',  ( 0.000000000000000000, 0.000000000000000000, -1.000000000000000000 ) ) ;
#4411 = COLOUR_RGB ( '',0.2980392156862745057, 0.2980392156862745057, 0.2980392156862745057 ) ;
#4412 =( LENGTH_UNIT ( ) NAMED_UNIT ( * ) SI_UNIT ( .MILLI., .METRE. ) );
#4413 = LINE ( 'NONE', #2281, #2138 ) ;
#4414 = EDGE_LOOP ( 'NONE', ( #550, #3252, #860, #2177, #2143, #2087, #1224, #4752, #4365, #4147, #4305, #1567, #3059, #1803, #1278, #3485 ) ) ;
#4415 =( NAMED_UNIT ( * ) SI_UNIT ( $, .STERADIAN. ) SOLID_ANGLE_UNIT ( ) );
#4416 = SURFACE_SIDE_STYLE ('',( #4362 ) ) ;
#4417 = CARTESIAN_POINT ( 'NONE',  ( -1.524582898450000057, 0.000000000000000000, -0.6261335730022999924 ) ) ;
#4418 = EDGE_LOOP ( 'NONE', ( #2828, #3270, #171, #4655, #920, #2647, #271, #918, #3129, #1276, #3501, #541, #487, #3899, #4650 ) ) ;
#4419 = DIRECTION ( 'NONE',  ( -1.000000000000000000, 0.000000000000000000, 0.000000000000000000 ) ) ;
#4420 = AXIS2_PLACEMENT_3D ( 'NONE', #554, #3161, #872 ) ;
#4421 = EDGE_LOOP ( 'NONE', ( #1147, #4121, #2576, #3260, #2827, #1153, #2093, #2551, #3833, #1758 ) ) ;
#4422 = CIRCLE ( 'NONE', #4685, 0.2000000000000000389 ) ;
#4423 = ORIENTED_EDGE ( 'NONE', *, *, #3380, .F. ) ;
#4424 = CARTESIAN_POINT ( 'NONE',  ( -1.500000000000000000, 0.000000000000000000, -0.7500000000000000000 ) ) ;
#4425 = PRESENTATION_LAYER_ASSIGNMENT (  '', '', ( #192 ) ) ;
#4426 = ADVANCED_FACE ( 'NONE', ( #430, #2500 ), #3311, .T. ) ;
#4427 = UNCERTAINTY_MEASURE_WITH_UNIT (LENGTH_MEASURE( 1.000000000000000082E-05 ), #366, 'distance_accuracy_value', 'NONE');
#4428 =( NAMED_UNIT ( * ) PLANE_ANGLE_UNIT ( ) SI_UNIT ( $, .RADIAN. ) );
#4429 = CARTESIAN_POINT ( 'NONE',  ( 1.481443453995999970, 0.000000000000000000, 0.7314434539959999704 ) ) ;
#4430 = CARTESIAN_POINT ( 'NONE',  ( -1.449999999999999956, 0.000000000000000000, 0.7500000000000000000 ) ) ;
#4431 = LINE ( 'NONE', #3090, #3672 ) ;
#4432 = DIRECTION ( 'NONE',  ( 0.000000000000000000, 1.000000000000000000, 0.000000000000000000 ) ) ;
#4433 =( NAMED_UNIT ( * ) SI_UNIT ( $, .STERADIAN. ) SOLID_ANGLE_UNIT ( ) );
#4434 = PRESENTATION_LAYER_ASSIGNMENT (  '', '', ( #1709 ) ) ;
#4435 = EDGE_CURVE ( 'NONE', #1337, #3195, #4557, .T. ) ;
#4436 = MECHANICAL_DESIGN_GEOMETRIC_PRESENTATION_REPRESENTATION (  '', ( #2101 ), #989 ) ;
#4437 = ORIENTED_EDGE ( 'NONE', *, *, #3910, .F. ) ;
#4438 = CARTESIAN_POINT ( 'NONE',  ( 1.600000000000000089, 0.2700000000000000178, 0.7500000000000000000 ) ) ;
#4439 = CARTESIAN_POINT ( 'NONE',  ( 1.600000000000000089, 0.5000000000000000000, 0.7500000000000000000 ) ) ;
#4440 = FACE_OUTER_BOUND ( 'NONE', #174, .T. ) ;
#4441 = FILL_AREA_STYLE_COLOUR ( '', #3803 ) ;
#4442 = VECTOR ( 'NONE', #751, 1000.000000000000000 ) ;
#4443 = AXIS2_PLACEMENT_3D ( 'NONE', #2978, #3025, #745 ) ;
#4444 = EDGE_CURVE ( 'NONE', #3546, #1706, #1492, .T. ) ;
#4445 = STYLED_ITEM ( 'NONE', ( #3495 ), #4034 ) ;
#4446 = LINE ( 'NONE', #1946, #2344 ) ;
#4447 = CARTESIAN_POINT ( 'NONE',  ( 1.479999999999999982, 0.000000000000000000, 0.7500000000000000000 ) ) ;
#4448 = PLANE ( 'NONE',  #1181 ) ;
#4449 = FILL_AREA_STYLE ('',( #3706 ) ) ;
#4450 = DIRECTION ( 'NONE',  ( -0.9999999798400802664, 0.000000000000000000, 0.0002007980059175446636 ) ) ;
#4451 =( NAMED_UNIT ( * ) SI_UNIT ( $, .STERADIAN. ) SOLID_ANGLE_UNIT ( ) );
#4452 =( LENGTH_UNIT ( ) NAMED_UNIT ( * ) SI_UNIT ( .MILLI., .METRE. ) );
#4453 = MECHANICAL_DESIGN_GEOMETRIC_PRESENTATION_REPRESENTATION (  '', ( #3947 ), #436 ) ;
#4454 = LINE ( 'NONE', #2419, #884 ) ;
#4455 =( NAMED_UNIT ( * ) SI_UNIT ( $, .STERADIAN. ) SOLID_ANGLE_UNIT ( ) );
#4456 =( GEOMETRIC_REPRESENTATION_CONTEXT ( 3 ) GLOBAL_UNCERTAINTY_ASSIGNED_CONTEXT ( ( #1751 ) ) GLOBAL_UNIT_ASSIGNED_CONTEXT ( ( #1406, #3277, #1034 ) ) REPRESENTATION_CONTEXT ( 'NONE', 'WORKASPACE' ) );
#4457 = LINE ( 'NONE', #4055, #3167 ) ;
#4458 = FACE_OUTER_BOUND ( 'NONE', #526, .T. ) ;
#4459 = CIRCLE ( 'NONE', #2356, 0.1500000000001640021 ) ;
#4460 = CARTESIAN_POINT ( 'NONE',  ( 1.500000000000000000, 0.5999999999999999778, -0.3499999999999999778 ) ) ;
#4461 = AXIS2_PLACEMENT_3D ( 'NONE', #3128, #4254, #4576 ) ;
#4462 = SURFACE_STYLE_USAGE ( .BOTH. , #2619 ) ;
#4463 = CARTESIAN_POINT ( 'NONE',  ( 1.600000000000000089, 0.000000000000000000, 0.7500000000000000000 ) ) ;
#4464 = UNCERTAINTY_MEASURE_WITH_UNIT (LENGTH_MEASURE( 1.000000000000000082E-05 ), #1426, 'distance_accuracy_value', 'NONE');
#4465 = PRESENTATION_LAYER_ASSIGNMENT (  '', '', ( #2513 ) ) ;
#4466 = EDGE_CURVE ( 'NONE', #3671, #4241, #2398, .T. ) ;
#4467 = DIRECTION ( 'NONE',  ( 0.000000000000000000, 1.000000000000000000, 0.000000000000000000 ) ) ;
#4468 = CARTESIAN_POINT ( 'NONE',  ( 1.600000000000000089, 0.000000000000000000, 0.6500000000000000222 ) ) ;
#4469 = VERTEX_POINT ( 'NONE', #4719 ) ;
#4470 = PRESENTATION_STYLE_ASSIGNMENT (( #2862 ) ) ;
#4471 = LINE ( 'NONE', #2767, #3417 ) ;
#4472 = ORIENTED_EDGE ( 'NONE', *, *, #4215, .T. ) ;
#4473 = ORIENTED_EDGE ( 'NONE', *, *, #2432, .T. ) ;
#4474 = CARTESIAN_POINT ( 'NONE',  ( 1.500000000000000000, 0.2700000000000000178, 0.7500000000000000000 ) ) ;
#4475 = EDGE_CURVE ( 'NONE', #3504, #162, #363, .T. ) ;
#4476 = AXIS2_PLACEMENT_3D ( 'NONE', #4641, #2402, #2781 ) ;
#4477 = FILL_AREA_STYLE ('',( #1884 ) ) ;
#4478 = FACE_OUTER_BOUND ( 'NONE', #2334, .T. ) ;
#4479 = ORIENTED_EDGE ( 'NONE', *, *, #1599, .T. ) ;
#4480 = PRESENTATION_STYLE_ASSIGNMENT (( #2869 ) ) ;
#4481 = ADVANCED_FACE ( 'NONE', ( #1175 ), #3647, .F. ) ;
#4482 = CARTESIAN_POINT ( 'NONE',  ( -1.479999999999999982, 0.000000000000000000, -0.7500000000000000000 ) ) ;
#4483 = MECHANICAL_DESIGN_GEOMETRIC_PRESENTATION_REPRESENTATION (  '', ( #1669 ), #3051 ) ;
#4484 = ORIENTED_EDGE ( 'NONE', *, *, #1163, .F. ) ;
#4485 = SURFACE_STYLE_USAGE ( .BOTH. , #329 ) ;
#4486 = AXIS2_PLACEMENT_3D ( 'NONE', #2525, #2877, #4367 ) ;
#4487 =( NAMED_UNIT ( * ) PLANE_ANGLE_UNIT ( ) SI_UNIT ( $, .RADIAN. ) );
#4488 = SURFACE_STYLE_USAGE ( .BOTH. , #1530 ) ;
#4489 = ORIENTED_EDGE ( 'NONE', *, *, #458, .T. ) ;
#4490 = SURFACE_STYLE_USAGE ( .BOTH. , #2239 ) ;
#4491 = SURFACE_STYLE_USAGE ( .BOTH. , #4077 ) ;
#4492 = ORIENTED_EDGE ( 'NONE', *, *, #429, .T. ) ;
#4493 = ORIENTED_EDGE ( 'NONE', *, *, #3537, .F. ) ;
#4494 = ORIENTED_EDGE ( 'NONE', *, *, #1430, .F. ) ;
#4495 = PRESENTATION_LAYER_ASSIGNMENT (  '', '', ( #2244 ) ) ;
#4496 = COLOUR_RGB ( '',0.2980392156862745057, 0.2980392156862745057, 0.2980392156862745057 ) ;
#4497 = ORIENTED_EDGE ( 'NONE', *, *, #321, .T. ) ;
#4498 = UNCERTAINTY_MEASURE_WITH_UNIT (LENGTH_MEASURE( 1.000000000000000082E-05 ), #1773, 'distance_accuracy_value', 'NONE');
#4499 = ORIENTED_EDGE ( 'NONE', *, *, #2287, .F. ) ;
#4500 =( NAMED_UNIT ( * ) PLANE_ANGLE_UNIT ( ) SI_UNIT ( $, .RADIAN. ) );
#4501 = DIRECTION ( 'NONE',  ( -1.110223024625000030E-14, 1.000000000000000000, 0.000000000000000000 ) ) ;
#4502 =( LENGTH_UNIT ( ) NAMED_UNIT ( * ) SI_UNIT ( .MILLI., .METRE. ) );
#4503 =( LENGTH_UNIT ( ) NAMED_UNIT ( * ) SI_UNIT ( .MILLI., .METRE. ) );
#4504 = VECTOR ( 'NONE', #2861, 1000.000000000000000 ) ;
#4505 = SURFACE_SIDE_STYLE ('',( #1788 ) ) ;
#4506 = PRESENTATION_LAYER_ASSIGNMENT (  '', '', ( #2567 ) ) ;
#4507 = EDGE_CURVE ( 'NONE', #1281, #4469, #3612, .T. ) ;
#4508 = PRESENTATION_STYLE_ASSIGNMENT (( #196 ) ) ;
#4509 = DIRECTION ( 'NONE',  ( -1.000000000000000000, 0.000000000000000000, 0.000000000000000000 ) ) ;
#4510 = DIRECTION ( 'NONE',  ( 1.000000000000000000, 0.000000000000000000, 0.000000000000000000 ) ) ;
#4511 = EDGE_CURVE ( 'NONE', #1457, #4756, #3673, .T. ) ;
#4512 = MECHANICAL_DESIGN_GEOMETRIC_PRESENTATION_REPRESENTATION (  '', ( #3858 ), #528 ) ;
#4513 = VECTOR ( 'NONE', #1707, 1000.000000000000000 ) ;
#4514 = DIRECTION ( 'NONE',  ( 0.000000000000000000, -0.000000000000000000, -1.000000000000000000 ) ) ;
#4515 = FILL_AREA_STYLE_COLOUR ( '', #2420 ) ;
#4516 = AXIS2_PLACEMENT_3D ( 'NONE', #3378, #1143, #3759 ) ;
#4517 = CIRCLE ( 'NONE', #934, 0.2000000000000000389 ) ;
#4518 =( GEOMETRIC_REPRESENTATION_CONTEXT ( 3 ) GLOBAL_UNCERTAINTY_ASSIGNED_CONTEXT ( ( #870 ) ) GLOBAL_UNIT_ASSIGNED_CONTEXT ( ( #2376, #4612, #4595 ) ) REPRESENTATION_CONTEXT ( 'NONE', 'WORKASPACE' ) );
#4519 = CARTESIAN_POINT ( 'NONE',  ( -1.600000000000000089, 0.000000000000000000, 0.6299999999999998934 ) ) ;
#4520 = SURFACE_STYLE_USAGE ( .BOTH. , #1863 ) ;
#4521 = VECTOR ( 'NONE', #3548, 1000.000000000000000 ) ;
#4522 =( LENGTH_UNIT ( ) NAMED_UNIT ( * ) SI_UNIT ( .MILLI., .METRE. ) );
#4523 = ORIENTED_EDGE ( 'NONE', *, *, #3259, .T. ) ;
#4524 = CARTESIAN_POINT ( 'NONE',  ( -1.199999999999999956, 0.5999999999999999778, 0.3499999999999999778 ) ) ;
#4525 =( NAMED_UNIT ( * ) SI_UNIT ( $, .STERADIAN. ) SOLID_ANGLE_UNIT ( ) );
#4526 = CARTESIAN_POINT ( 'NONE',  ( -0.8499999999999999778, 0.000000000000000000, 0.6500000000000000222 ) ) ;
#4527 = MECHANICAL_DESIGN_GEOMETRIC_PRESENTATION_REPRESENTATION (  '', ( #3786 ), #4765 ) ;
#4528 = SURFACE_STYLE_FILL_AREA ( #2732 ) ;
#4529 = EDGE_CURVE ( 'NONE', #4657, #286, #4615, .T. ) ;
#4530 = ORIENTED_EDGE ( 'NONE', *, *, #3473, .T. ) ;
#4531 = CARTESIAN_POINT ( 'NONE',  ( -1.524582898450000057, 0.000000000000000000, -0.6261335730022999924 ) ) ;
#4532 = VECTOR ( 'NONE', #84, 1000.000000000000000 ) ;
#4533 =( LENGTH_UNIT ( ) NAMED_UNIT ( * ) SI_UNIT ( .MILLI., .METRE. ) );
#4534 = DIRECTION ( 'NONE',  ( -0.000000000000000000, 1.000000000000000000, -0.000000000000000000 ) ) ;
#4535 =( GEOMETRIC_REPRESENTATION_CONTEXT ( 3 ) GLOBAL_UNCERTAINTY_ASSIGNED_CONTEXT ( ( #2309 ) ) GLOBAL_UNIT_ASSIGNED_CONTEXT ( ( #2118, #3109, #1022 ) ) REPRESENTATION_CONTEXT ( 'NONE', 'WORKASPACE' ) );
#4536 = EDGE_CURVE ( 'NONE', #3950, #24, #2492, .T. ) ;
#4537 = AXIS2_PLACEMENT_3D ( 'NONE', #3571, #1735, #4332 ) ;
#4538 = ORIENTED_EDGE ( 'NONE', *, *, #2606, .F. ) ;
#4539 = VECTOR ( 'NONE', #1052, 1000.000000000000000 ) ;
#4540 = ORIENTED_EDGE ( 'NONE', *, *, #359, .F. ) ;
#4541 = SURFACE_STYLE_USAGE ( .BOTH. , #4157 ) ;
#4542 = DIRECTION ( 'NONE',  ( -1.000000000000000000, 0.000000000000000000, 0.000000000000000000 ) ) ;
#4543 = FILL_AREA_STYLE_COLOUR ( '', #4328 ) ;
#4544 = CARTESIAN_POINT ( 'NONE',  ( 1.600000000000000089, 0.5000000000000000000, 0.6500000000000000222 ) ) ;
#4545 = MECHANICAL_DESIGN_GEOMETRIC_PRESENTATION_REPRESENTATION (  '', ( #237 ), #4722 ) ;
#4546 = DIRECTION ( 'NONE',  ( -0.000000000000000000, 1.000000000000000000, -0.000000000000000000 ) ) ;
#4547 = AXIS2_PLACEMENT_3D ( 'NONE', #2741, #4263, #111 ) ;
#4548 = DIRECTION ( 'NONE',  ( 0.7071067811865470176, 0.000000000000000000, 0.7071067811865479058 ) ) ;
#4549 = VECTOR ( 'NONE', #2967, 1000.000000000000000 ) ;
#4550 = SURFACE_SIDE_STYLE ('',( #1747 ) ) ;
#4551 = DIRECTION ( 'NONE',  ( 0.000000000000000000, 1.000000000000000000, 0.000000000000000000 ) ) ;
#4552 = PLANE ( 'NONE',  #360 ) ;
#4553 = VECTOR ( 'NONE', #1509, 1000.000000000000000 ) ;
#4554 = AXIS2_PLACEMENT_3D ( 'NONE', #1302, #3935, #2804 ) ;
#4555 = UNCERTAINTY_MEASURE_WITH_UNIT (LENGTH_MEASURE( 1.000000000000000082E-05 ), #2559, 'distance_accuracy_value', 'NONE');
#4556 = CARTESIAN_POINT ( 'NONE',  ( -1.449999999999999956, 0.02000000000000000042, 0.6500000000000000222 ) ) ;
#4557 = LINE ( 'NONE', #3197, #822 ) ;
#4558 = DIRECTION ( 'NONE',  ( -1.000000000000000000, 0.000000000000000000, -1.110223024625000030E-14 ) ) ;
#4559 = EDGE_CURVE ( 'NONE', #2109, #3087, #132, .T. ) ;
#4560 = DIRECTION ( 'NONE',  ( -0.000000000000000000, 1.000000000000000000, -0.000000000000000000 ) ) ;
#4561 = PRESENTATION_STYLE_ASSIGNMENT (( #1704 ) ) ;
#4562 = EDGE_CURVE ( 'NONE', #3487, #752, #2737, .T. ) ;
#4563 = PRESENTATION_LAYER_ASSIGNMENT (  '', '', ( #3403 ) ) ;
#4564 = CYLINDRICAL_SURFACE ( 'NONE', #996, 0.1499999999999999667 ) ;
#4565 = SURFACE_STYLE_FILL_AREA ( #4201 ) ;
#4566 = SURFACE_STYLE_USAGE ( .BOTH. , #2319 ) ;
#4567 = SURFACE_STYLE_FILL_AREA ( #1935 ) ;
#4568 = SURFACE_STYLE_FILL_AREA ( #4112 ) ;
#4569 = ORIENTED_EDGE ( 'NONE', *, *, #1388, .F. ) ;
#4570 = PRESENTATION_LAYER_ASSIGNMENT (  '', '', ( #1362 ) ) ;
#4571 = DIRECTION ( 'NONE',  ( -1.000000000000000000, 0.000000000000000000, 0.000000000000000000 ) ) ;
#4572 = ORIENTED_EDGE ( 'NONE', *, *, #1353, .F. ) ;
#4573 = CARTESIAN_POINT ( 'NONE',  ( 1.486243180097000183, 0.000000000000000000, -0.6500000000000000222 ) ) ;
#4574 = COLOUR_RGB ( '',0.2980392156862745057, 0.2980392156862745057, 0.2980392156862745057 ) ;
#4575 =( NAMED_UNIT ( * ) PLANE_ANGLE_UNIT ( ) SI_UNIT ( $, .RADIAN. ) );
#4576 = DIRECTION ( 'NONE',  ( -1.000000000000000000, 0.000000000000000000, 0.000000000000000000 ) ) ;
#4577 = AXIS2_PLACEMENT_3D ( 'NONE', #3388, #123, #142 ) ;
#4578 = CARTESIAN_POINT ( 'NONE',  ( 0.000000000000000000, 0.5000000000000000000, 0.000000000000000000 ) ) ;
#4579 = CARTESIAN_POINT ( 'NONE',  ( -1.600000000000000089, 0.02000000000000000042, 0.7500000000000000000 ) ) ;
#4580 = FACE_OUTER_BOUND ( 'NONE', #2533, .T. ) ;
#4581 = ORIENTED_EDGE ( 'NONE', *, *, #1894, .T. ) ;
#4582 = VERTEX_POINT ( 'NONE', #2632 ) ;
#4583 = FACE_OUTER_BOUND ( 'NONE', #821, .T. ) ;
#4584 = FILL_AREA_STYLE ('',( #1958 ) ) ;
#4585 = LINE ( 'NONE', #2987, #2317 ) ;
#4586 = CARTESIAN_POINT ( 'NONE',  ( 1.399999999999999911, 0.5999999999999999778, -0.3499999999728000133 ) ) ;
#4587 = CARTESIAN_POINT ( 'NONE',  ( -1.600000000000000089, 0.02000000000000000042, 0.5688664269976999588 ) ) ;
#4588 = ORIENTED_EDGE ( 'NONE', *, *, #4632, .T. ) ;
#4589 = PRESENTATION_LAYER_ASSIGNMENT (  '', '', ( #3249 ) ) ;
#4590 = EDGE_CURVE ( 'NONE', #285, #3412, #3728, .T. ) ;
#4591 = CARTESIAN_POINT ( 'NONE',  ( -1.542903289667000077, 0.000000000000000000, -0.6444539642186999373 ) ) ;
#4592 = AXIS2_PLACEMENT_3D ( 'NONE', #323, #2926, #3319 ) ;
#4593 = VERTEX_POINT ( 'NONE', #3410 ) ;
#4594 = CARTESIAN_POINT ( 'NONE',  ( -1.524582898450000057, 0.000000000000000000, 0.5688664269976999588 ) ) ;
#4595 =( NAMED_UNIT ( * ) SI_UNIT ( $, .STERADIAN. ) SOLID_ANGLE_UNIT ( ) );
#4596 = DIRECTION ( 'NONE',  ( 1.000000000000000000, 0.000000000000000000, 0.000000000000000000 ) ) ;
#4597 = ORIENTED_EDGE ( 'NONE', *, *, #491, .T. ) ;
#4598 = PRESENTATION_LAYER_ASSIGNMENT (  '', '', ( #4740 ) ) ;
#4599 = EDGE_CURVE ( 'NONE', #1532, #3305, #4768, .T. ) ;
#4600 =( NAMED_UNIT ( * ) PLANE_ANGLE_UNIT ( ) SI_UNIT ( $, .RADIAN. ) );
#4601 = EDGE_LOOP ( 'NONE', ( #3735, #3091, #1173, #1286 ) ) ;
#4602 = FILL_AREA_STYLE_COLOUR ( '', #4381 ) ;
#4603 = ORIENTED_EDGE ( 'NONE', *, *, #4098, .F. ) ;
#4604 = ORIENTED_EDGE ( 'NONE', *, *, #100, .F. ) ;
#4605 = DIRECTION ( 'NONE',  ( 0.000000000000000000, 0.000000000000000000, 1.000000000000000000 ) ) ;
#4606 =( LENGTH_UNIT ( ) NAMED_UNIT ( * ) SI_UNIT ( .MILLI., .METRE. ) );
#4607 = FILL_AREA_STYLE ('',( #4231 ) ) ;
#4608 = AXIS2_PLACEMENT_3D ( 'NONE', #1384, #4764, #3633 ) ;
#4609 = SURFACE_STYLE_USAGE ( .BOTH. , #1230 ) ;
#4610 = ORIENTED_EDGE ( 'NONE', *, *, #2051, .F. ) ;
#4611 = ORIENTED_EDGE ( 'NONE', *, *, #4681, .T. ) ;
#4612 =( NAMED_UNIT ( * ) PLANE_ANGLE_UNIT ( ) SI_UNIT ( $, .RADIAN. ) );
#4613 = VERTEX_POINT ( 'NONE', #1183 ) ;
#4614 = UNCERTAINTY_MEASURE_WITH_UNIT (LENGTH_MEASURE( 1.000000000000000082E-05 ), #3944, 'distance_accuracy_value', 'NONE');
#4615 = LINE ( 'NONE', #1605, #3505 ) ;
#4616 = DIRECTION ( 'NONE',  ( 0.000000000000000000, -1.000000000000000000, 0.000000000000000000 ) ) ;
#4617 = PRESENTATION_STYLE_ASSIGNMENT (( #2878 ) ) ;
#4618 = CYLINDRICAL_SURFACE ( 'NONE', #4721, 0.1200000000000000927 ) ;
#4619 = STYLED_ITEM ( 'NONE', ( #1835 ), #356 ) ;
#4620 = SURFACE_SIDE_STYLE ('',( #1392 ) ) ;
#4621 =( LENGTH_UNIT ( ) NAMED_UNIT ( * ) SI_UNIT ( .MILLI., .METRE. ) );
#4622 = LINE ( 'NONE', #2320, #991 ) ;
#4623 =( NAMED_UNIT ( * ) PLANE_ANGLE_UNIT ( ) SI_UNIT ( $, .RADIAN. ) );
#4624 = MECHANICAL_DESIGN_GEOMETRIC_PRESENTATION_REPRESENTATION (  '', ( #4371 ), #700 ) ;
#4625 = EDGE_CURVE ( 'NONE', #1590, #1141, #3847, .T. ) ;
#4626 =( LENGTH_UNIT ( ) NAMED_UNIT ( * ) SI_UNIT ( .MILLI., .METRE. ) );
#4627 = VECTOR ( 'NONE', #2503, 1000.000000000000000 ) ;
#4628 = DIRECTION ( 'NONE',  ( 0.000000000000000000, 1.000000000000000000, 2.719297009790000170E-10 ) ) ;
#4629 = ORIENTED_EDGE ( 'NONE', *, *, #4475, .F. ) ;
#4630 = APPLICATION_PROTOCOL_DEFINITION ( 'draft international standard', 'automotive_design', 1998, #901 ) ;
#4631 = ADVANCED_FACE ( 'NONE', ( #4709 ), #2689, .T. ) ;
#4632 = EDGE_CURVE ( 'NONE', #4301, #4360, #3535, .T. ) ;
#4633 = DIRECTION ( 'NONE',  ( -1.000000000000000000, 0.000000000000000000, 0.000000000000000000 ) ) ;
#4634 = PRESENTATION_STYLE_ASSIGNMENT (( #3014 ) ) ;
#4635 =( NAMED_UNIT ( * ) SI_UNIT ( $, .STERADIAN. ) SOLID_ANGLE_UNIT ( ) );
#4636 = CARTESIAN_POINT ( 'NONE',  ( 1.500000000000000000, 0.5999999999999999778, 0.3499999999999999778 ) ) ;
#4637 = MECHANICAL_DESIGN_GEOMETRIC_PRESENTATION_REPRESENTATION (  '', ( #2059 ), #64 ) ;
#4638 = PRESENTATION_STYLE_ASSIGNMENT (( #1917 ) ) ;
#4639 = AXIS2_PLACEMENT_3D ( 'NONE', #4468, #1155, #753 ) ;
#4640 = CARTESIAN_POINT ( 'NONE',  ( -1.600000000000000089, 0.2700000000000000178, 0.7500000000000000000 ) ) ;
#4641 = CARTESIAN_POINT ( 'NONE',  ( 1.149999999999999911, 0.6999999999999999556, -0.2999999999999999889 ) ) ;
#4642 = CARTESIAN_POINT ( 'NONE',  ( -1.479999999999999982, 0.2700000000000000178, 0.7500000000000000000 ) ) ;
#4643 = SURFACE_STYLE_FILL_AREA ( #1240 ) ;
#4644 = COLOUR_RGB ( '',0.2980392156862745057, 0.2980392156862745057, 0.2980392156862745057 ) ;
#4645 = LINE ( 'NONE', #4642, #3938 ) ;
#4646 =( NAMED_UNIT ( * ) SI_UNIT ( $, .STERADIAN. ) SOLID_ANGLE_UNIT ( ) );
#4647 = ORIENTED_EDGE ( 'NONE', *, *, #1710, .T. ) ;
#4648 =( NAMED_UNIT ( * ) PLANE_ANGLE_UNIT ( ) SI_UNIT ( $, .RADIAN. ) );
#4649 = ORIENTED_EDGE ( 'NONE', *, *, #3345, .T. ) ;
#4650 = ORIENTED_EDGE ( 'NONE', *, *, #3402, .T. ) ;
#4651 = FILL_AREA_STYLE ('',( #590 ) ) ;
#4652 = SURFACE_STYLE_USAGE ( .BOTH. , #2397 ) ;
#4653 = CYLINDRICAL_SURFACE ( 'NONE', #994, 0.1200000000000000927 ) ;
#4654 = EDGE_LOOP ( 'NONE', ( #3651, #2746, #1606, #68, #2726, #1972, #535, #4695, #3952, #1109, #638, #2795, #2026, #1334 ) ) ;
#4655 = ORIENTED_EDGE ( 'NONE', *, *, #3997, .T. ) ;
#4656 = ADVANCED_FACE ( 'NONE', ( #4175 ), #163, .F. ) ;
#4657 = VERTEX_POINT ( 'NONE', #2655 ) ;
#4658 = CARTESIAN_POINT ( 'NONE',  ( 1.550000000000000044, 0.02000000000000000042, 0.6413669481589000521 ) ) ;
#4659 = SURFACE_STYLE_FILL_AREA ( #4238 ) ;
#4660 = ORIENTED_EDGE ( 'NONE', *, *, #3891, .T. ) ;
#4661 = SURFACE_SIDE_STYLE ('',( #328 ) ) ;
#4662 = AXIS2_PLACEMENT_3D ( 'NONE', #3049, #87, #831 ) ;
#4663 = ORIENTED_EDGE ( 'NONE', *, *, #4374, .F. ) ;
#4664 = EDGE_CURVE ( 'NONE', #3907, #3587, #1793, .T. ) ;
#4665 = MECHANICAL_DESIGN_GEOMETRIC_PRESENTATION_REPRESENTATION (  '', ( #3403 ), #2077 ) ;
#4666 = VECTOR ( 'NONE', #3379, 1000.000000000000000 ) ;
#4667 = ORIENTED_EDGE ( 'NONE', *, *, #932, .T. ) ;
#4668 = FACE_OUTER_BOUND ( 'NONE', #3478, .T. ) ;
#4669 =( NAMED_UNIT ( * ) SI_UNIT ( $, .STERADIAN. ) SOLID_ANGLE_UNIT ( ) );
#4670 = DIRECTION ( 'NONE',  ( 0.000000000000000000, 0.000000000000000000, -1.000000000000000000 ) ) ;
#4671 =( GEOMETRIC_REPRESENTATION_CONTEXT ( 3 ) GLOBAL_UNCERTAINTY_ASSIGNED_CONTEXT ( ( #4779 ) ) GLOBAL_UNIT_ASSIGNED_CONTEXT ( ( #4503, #1579, #4160 ) ) REPRESENTATION_CONTEXT ( 'NONE', 'WORKASPACE' ) );
#4672 = SURFACE_STYLE_FILL_AREA ( #2563 ) ;
#4673 = ORIENTED_EDGE ( 'NONE', *, *, #2901, .F. ) ;
#4674 = PRODUCT_DEFINITION_FORMATION_WITH_SPECIFIED_SOURCE ( 'ANY', '', #2939, .NOT_KNOWN. ) ;
#4675 = ORIENTED_EDGE ( 'NONE', *, *, #253, .F. ) ;
#4676 = CARTESIAN_POINT ( 'NONE',  ( 1.481443453995999970, 0.000000000000000000, 0.7314434539959999704 ) ) ;
#4677 = ADVANCED_FACE ( 'NONE', ( #2188 ), #572, .F. ) ;
#4678 = CARTESIAN_POINT ( 'NONE',  ( 1.199999999999999956, 0.6999999999999999556, -0.5500000000000000444 ) ) ;
#4679 = VERTEX_POINT ( 'NONE', #2702 ) ;
#4680 = DIRECTION ( 'NONE',  ( 1.000000000000000000, 0.000000000000000000, 0.000000000000000000 ) ) ;
#4681 = EDGE_CURVE ( 'NONE', #2785, #4217, #1427, .T. ) ;
#4682 = CARTESIAN_POINT ( 'NONE',  ( 1.600000000000000089, 0.000000000000000000, -0.7500000000000000000 ) ) ;
#4683 = STYLED_ITEM ( 'NONE', ( #3532 ), #3280 ) ;
#4684 = CARTESIAN_POINT ( 'NONE',  ( 1.600000000000000089, 0.02000000000000000042, -0.6300000000000000044 ) ) ;
#4685 = AXIS2_PLACEMENT_3D ( 'NONE', #2593, #729, #394 ) ;
#4686 = EDGE_CURVE ( 'NONE', #937, #4757, #682, .T. ) ;
#4687 = AXIS2_PLACEMENT_3D ( 'NONE', #124, #2662, #3800 ) ;
#4688 = CARTESIAN_POINT ( 'NONE',  ( -1.600000000000000089, 0.2700000000000000178, -0.7500000000000000000 ) ) ;
#4689 = ADVANCED_FACE ( 'NONE', ( #4401 ), #3927, .T. ) ;
#4690 = UNCERTAINTY_MEASURE_WITH_UNIT (LENGTH_MEASURE( 1.000000000000000082E-05 ), #421, 'distance_accuracy_value', 'NONE');
#4691 = AXIS2_PLACEMENT_3D ( 'NONE', #3955, #4336, #4670 ) ;
#4692 = LINE ( 'NONE', #154, #688 ) ;
#4693 = DIRECTION ( 'NONE',  ( -0.000000000000000000, 1.000000000000000000, -0.000000000000000000 ) ) ;
#4694 = ORIENTED_EDGE ( 'NONE', *, *, #2979, .F. ) ;
#4695 = ORIENTED_EDGE ( 'NONE', *, *, #4342, .F. ) ;
#4696 = CIRCLE ( 'NONE', #3333, 0.2000000000000000944 ) ;
#4697 = ORIENTED_EDGE ( 'NONE', *, *, #2675, .T. ) ;
#4698 = SURFACE_STYLE_FILL_AREA ( #3445 ) ;
#4699 = ORIENTED_EDGE ( 'NONE', *, *, #3279, .T. ) ;
#4700 = DIRECTION ( 'NONE',  ( 0.000000000000000000, -1.000000000000000000, 0.000000000000000000 ) ) ;
#4701 = CARTESIAN_POINT ( 'NONE',  ( 1.531065713231759551, 0.02000000000000000389, 0.6514329690838864817 ) ) ;
#4702 = LINE ( 'NONE', #509, #2663 ) ;
#4703 = MECHANICAL_DESIGN_GEOMETRIC_PRESENTATION_REPRESENTATION (  '', ( #2513 ), #2779 ) ;
#4704 = ORIENTED_EDGE ( 'NONE', *, *, #765, .F. ) ;
#4705 = MECHANICAL_DESIGN_GEOMETRIC_PRESENTATION_REPRESENTATION (  '', ( #1456 ), #2937 ) ;
#4706 = PLANE ( 'NONE',  #2845 ) ;
#4707 = ORIENTED_EDGE ( 'NONE', *, *, #4711, .T. ) ;
#4708 = ORIENTED_EDGE ( 'NONE', *, *, #449, .T. ) ;
#4709 = FACE_OUTER_BOUND ( 'NONE', #4418, .T. ) ;
#4710 = PLANE ( 'NONE',  #4162 ) ;
#4711 = EDGE_CURVE ( 'NONE', #1401, #2477, #3824, .T. ) ;
#4712 = ORIENTED_EDGE ( 'NONE', *, *, #1682, .T. ) ;
#4713 = STYLED_ITEM ( 'NONE', ( #3211 ), #190 ) ;
#4714 = COLOUR_RGB ( '',0.2980392156862745057, 0.2980392156862745057, 0.2980392156862745057 ) ;
#4715 = ORIENTED_EDGE ( 'NONE', *, *, #2866, .F. ) ;
#4716 = ADVANCED_FACE ( 'NONE', ( #787 ), #3009, .F. ) ;
#4717 = DIRECTION ( 'NONE',  ( 1.000000000000000000, 0.000000000000000000, 0.000000000000000000 ) ) ;
#4718 =( LENGTH_UNIT ( ) NAMED_UNIT ( * ) SI_UNIT ( .MILLI., .METRE. ) );
#4719 = CARTESIAN_POINT ( 'NONE',  ( 1.450016545858999972, 0.02000000000000000042, -0.7500000000000000000 ) ) ;
#4720 = CARTESIAN_POINT ( 'NONE',  ( -1.600000000000000089, 0.000000000000000000, 0.7500000000000000000 ) ) ;
#4721 = AXIS2_PLACEMENT_3D ( 'NONE', #1723, #3127, #2844 ) ;
#4722 =( GEOMETRIC_REPRESENTATION_CONTEXT ( 3 ) GLOBAL_UNCERTAINTY_ASSIGNED_CONTEXT ( ( #2395 ) ) GLOBAL_UNIT_ASSIGNED_CONTEXT ( ( #4522, #2324, #2289 ) ) REPRESENTATION_CONTEXT ( 'NONE', 'WORKASPACE' ) );
#4723 = STYLED_ITEM ( 'NONE', ( #4792 ), #2158 ) ;
#4724 =( NAMED_UNIT ( * ) SI_UNIT ( $, .STERADIAN. ) SOLID_ANGLE_UNIT ( ) );
#4725 = FACE_OUTER_BOUND ( 'NONE', #452, .T. ) ;
#4726 = COLOUR_RGB ( '',1.000000000000000000, 1.000000000000000000, 1.000000000000000000 ) ;
#4727 = FILL_AREA_STYLE ('',( #2539 ) ) ;
#4728 = DIRECTION ( 'NONE',  ( -1.000000000000000000, 0.000000000000000000, 0.000000000000000000 ) ) ;
#4729 = VECTOR ( 'NONE', #715, 1000.000000000000000 ) ;
#4730 = DIRECTION ( 'NONE',  ( 0.000000000000000000, 1.000000000000000000, 0.000000000000000000 ) ) ;
#4731 = FACE_OUTER_BOUND ( 'NONE', #2706, .T. ) ;
#4732 = CARTESIAN_POINT ( 'NONE',  ( 1.479999999999999982, 0.000000000000000000, -0.7500000000000000000 ) ) ;
#4733 = FACE_OUTER_BOUND ( 'NONE', #3789, .T. ) ;
#4734 = ADVANCED_FACE ( 'NONE', ( #2769 ), #4237, .F. ) ;
#4735 = FILL_AREA_STYLE ('',( #2008 ) ) ;
#4736 = EDGE_CURVE ( 'NONE', #1745, #1467, #3341, .T. ) ;
#4737 = CARTESIAN_POINT ( 'NONE',  ( -1.600000000000000089, 0.2700000000000000178, -0.6300000000000000044 ) ) ;
#4738 = FILL_AREA_STYLE_COLOUR ( '', #4574 ) ;
#4739 = FILL_AREA_STYLE ('',( #1766 ) ) ;
#4740 = STYLED_ITEM ( 'NONE', ( #2040 ), #1714 ) ;
#4741 = EDGE_CURVE ( 'NONE', #162, #4190, #4395, .T. ) ;
#4742 = PRESENTATION_STYLE_ASSIGNMENT (( #877 ) ) ;
#4743 =( NAMED_UNIT ( * ) SI_UNIT ( $, .STERADIAN. ) SOLID_ANGLE_UNIT ( ) );
#4744 = VERTEX_POINT ( 'NONE', #2791 ) ;
#4745 = COLOUR_RGB ( '',0.2980392156862745057, 0.2980392156862745057, 0.2980392156862745057 ) ;
#4746 = UNCERTAINTY_MEASURE_WITH_UNIT (LENGTH_MEASURE( 1.000000000000000082E-05 ), #2693, 'distance_accuracy_value', 'NONE');
#4747 = SURFACE_STYLE_USAGE ( .BOTH. , #3945 ) ;
#4748 = MECHANICAL_DESIGN_GEOMETRIC_PRESENTATION_REPRESENTATION (  '', ( #1371 ), #2855 ) ;
#4749 = EDGE_LOOP ( 'NONE', ( #1343, #4244, #3073, #2265 ) ) ;
#4750 = DIRECTION ( 'NONE',  ( 0.000000000000000000, -1.000000000000000000, 0.000000000000000000 ) ) ;
#4751 = STYLED_ITEM ( 'NONE', ( #3632 ), #2553 ) ;
#4752 = ORIENTED_EDGE ( 'NONE', *, *, #4098, .T. ) ;
#4753 = VECTOR ( 'NONE', #3631, 1000.000000000000000 ) ;
#4754 = ORIENTED_EDGE ( 'NONE', *, *, #2910, .F. ) ;
#4755 = DIRECTION ( 'NONE',  ( 1.000000000000000000, 0.000000000000000000, 0.000000000000000000 ) ) ;
#4756 = VERTEX_POINT ( 'NONE', #3196 ) ;
#4757 = VERTEX_POINT ( 'NONE', #3163 ) ;
#4758 = PLANE ( 'NONE',  #3181 ) ;
#4759 = ADVANCED_FACE ( 'NONE', ( #4440 ), #2672, .F. ) ;
#4760 =( LENGTH_UNIT ( ) NAMED_UNIT ( * ) SI_UNIT ( .MILLI., .METRE. ) );
#4761 = DIRECTION ( 'NONE',  ( 1.000000000000000000, 0.000000000000000000, 0.000000000000000000 ) ) ;
#4762 = FILL_AREA_STYLE ('',( #1806 ) ) ;
#4763 =( NAMED_UNIT ( * ) SI_UNIT ( $, .STERADIAN. ) SOLID_ANGLE_UNIT ( ) );
#4764 = DIRECTION ( 'NONE',  ( 0.000000000000000000, 1.000000000000000000, 0.000000000000000000 ) ) ;
#4765 =( GEOMETRIC_REPRESENTATION_CONTEXT ( 3 ) GLOBAL_UNCERTAINTY_ASSIGNED_CONTEXT ( ( #2657 ) ) GLOBAL_UNIT_ASSIGNED_CONTEXT ( ( #2778, #919, #2023 ) ) REPRESENTATION_CONTEXT ( 'NONE', 'WORKASPACE' ) );
#4766 = EDGE_CURVE ( 'NONE', #1280, #3907, #3857, .T. ) ;
#4767 = FACE_OUTER_BOUND ( 'NONE', #3251, .T. ) ;
#4768 = CIRCLE ( 'NONE', #3801, 0.1199999999999999956 ) ;
#4769 = SURFACE_STYLE_USAGE ( .BOTH. , #375 ) ;
#4770 = DIRECTION ( 'NONE',  ( 1.000000000000000000, 0.000000000000000000, -1.120446328319999890E-12 ) ) ;
#4771 =( NAMED_UNIT ( * ) SI_UNIT ( $, .STERADIAN. ) SOLID_ANGLE_UNIT ( ) );
#4772 = VERTEX_POINT ( 'NONE', #2133 ) ;
#4773 = PRESENTATION_LAYER_ASSIGNMENT (  '', '', ( #3687 ) ) ;
#4774 = EDGE_CURVE ( 'NONE', #3592, #4217, #1826, .T. ) ;
#4775 = STYLED_ITEM ( 'NONE', ( #2247 ), #4088 ) ;
#4776 = SURFACE_STYLE_FILL_AREA ( #1445 ) ;
#4777 = DIRECTION ( 'NONE',  ( 0.000000000000000000, 0.000000000000000000, -1.000000000000000000 ) ) ;
#4778 = LINE ( 'NONE', #2815, #2992 ) ;
#4779 = UNCERTAINTY_MEASURE_WITH_UNIT (LENGTH_MEASURE( 1.000000000000000082E-05 ), #4503, 'distance_accuracy_value', 'NONE');
#4780 = DIRECTION ( 'NONE',  ( 0.000000000000000000, 1.000000000000000000, 0.000000000000000000 ) ) ;
#4781 = FILL_AREA_STYLE ('',( #4 ) ) ;
#4782 = VECTOR ( 'NONE', #2690, 1000.000000000000000 ) ;
#4783 = CARTESIAN_POINT ( 'NONE',  ( -1.479999999999999982, 0.2700000000000000178, 0.7500000000000000000 ) ) ;
#4784 = DIRECTION ( 'NONE',  ( 0.000000000000000000, -1.000000000000000000, 0.000000000000000000 ) ) ;
#4785 = PRESENTATION_LAYER_ASSIGNMENT (  '', '', ( #3894 ) ) ;
#4786 = CYLINDRICAL_SURFACE ( 'NONE', #651, 0.2000000000000000944 ) ;
#4787 = ADVANCED_FACE ( 'NONE', ( #871 ), #4084, .F. ) ;
#4788 = CARTESIAN_POINT ( 'NONE',  ( -1.524582898450000057, 0.000000000000000000, 0.5688664269976999588 ) ) ;
#4789 = DIRECTION ( 'NONE',  ( -0.000000000000000000, 1.000000000000000000, -0.000000000000000000 ) ) ;
#4790 = PRESENTATION_LAYER_ASSIGNMENT (  '', '', ( #4044 ) ) ;
#4791 = DIRECTION ( 'NONE',  ( 0.000000000000000000, 1.000000000000000000, 0.000000000000000000 ) ) ;
#4792 = PRESENTATION_STYLE_ASSIGNMENT (( #4169 ) ) ;
#4793 = ORIENTED_EDGE ( 'NONE', *, *, #1536, .F. ) ;
#4794 = PLANE ( 'NONE',  #4592 ) ;
#4795 = DIRECTION ( 'NONE',  ( 0.000000000000000000, -0.000000000000000000, -1.000000000000000000 ) ) ;
#4796 = VECTOR ( 'NONE', #263, 1000.000000000000000 ) ;
#4797 = CARTESIAN_POINT ( 'NONE',  ( 1.199999999999999956, 0.5999999999999999778, 0.6500000000000000222 ) ) ;
#4798 = DIRECTION ( 'NONE',  ( 0.000000000000000000, 1.000000000000000000, 0.000000000000000000 ) ) ;
#4799 = DIRECTION ( 'NONE',  ( 0.000000000000000000, 0.000000000000000000, -1.000000000000000000 ) ) ;
#4800 = FILL_AREA_STYLE_COLOUR ( '', #1956 ) ;
#4801 = CARTESIAN_POINT ( 'NONE',  ( -1.500000000000000000, 0.000000000000000000, -0.7500000000000000000 ) ) ;
#4802 = FACE_OUTER_BOUND ( 'NONE', #3084, .T. ) ;
#4803 = VERTEX_POINT ( 'NONE', #714 ) ;
#4804 = SURFACE_STYLE_USAGE ( .BOTH. , #2190 ) ;
#4805 = EDGE_CURVE ( 'NONE', #3029, #3504, #1297, .T. ) ;
#4806 = DIRECTION ( 'NONE',  ( 1.000000000000000000, 0.000000000000000000, 0.000000000000000000 ) ) ;
#4807 = AXIS2_PLACEMENT_3D ( 'NONE', #3527, #1307, #3914 ) ;
#4808 = VECTOR ( 'NONE', #1736, 1000.000000000000000 ) ;
#4809 = CIRCLE ( 'NONE', #935, 0.1000000000000000472 ) ;
ENDSEC;
END-ISO-10303-21;
