ISO-10303-21;
HEADER;
FILE_DESCRIPTION (( 'STEP AP214' ),
    '1' );
FILE_NAME ('PI3USB221AZUAEX.STEP',
    '2024-08-31T04:17:42',
    ( '' ),
    ( '' ),
    'SwSTEP 2.0',
    'SolidWorks 2023',
    '' );
FILE_SCHEMA (( 'AUTOMOTIVE_DESIGN' ));
ENDSEC;

DATA;
#1 = DIRECTION ( 'NONE',  ( -1.000000000000000000, 0.000000000000000000, -0.000000000000000000 ) ) ;
#2 = ADVANCED_FACE ( 'NONE', ( #2197 ), #3617, .F. ) ;
#3 = CARTESIAN_POINT ( 'NONE',  ( 0.4000000000000000222, -0.6250000000000000000, 0.1300000001265289029 ) ) ;
#4 = DIRECTION ( 'NONE',  ( 0.000000000000000000, 0.000000000000000000, -1.000000000000000000 ) ) ;
#5 = CARTESIAN_POINT ( 'NONE',  ( 0.000000000000000000, 0.000000000000000000, 0.1300000000000000044 ) ) ;
#6 = EDGE_CURVE ( 'NONE', #2418, #2318, #2332, .T. ) ;
#7 = DIRECTION ( 'NONE',  ( 1.000000000000000000, 3.097720492815727166E-16, 0.000000000000000000 ) ) ;
#8 = LINE ( 'NONE', #1444, #1551 ) ;
#9 = CARTESIAN_POINT ( 'NONE',  ( -0.7500000000000001110, 0.3750000000000000000, 0.1300000000000000044 ) ) ;
#10 = LINE ( 'NONE', #3565, #2154 ) ;
#11 = ORIENTED_EDGE ( 'NONE', *, *, #1125, .F. ) ;
#12 = FILL_AREA_STYLE ('',( #4324 ) ) ;
#13 =( NAMED_UNIT ( * ) PLANE_ANGLE_UNIT ( ) SI_UNIT ( $, .RADIAN. ) );
#14 = ORIENTED_EDGE ( 'NONE', *, *, #4496, .T. ) ;
#15 = CARTESIAN_POINT ( 'NONE',  ( -0.7500000000000001110, -1.000000000000000000, 0.6000000000000000888 ) ) ;
#16 = PRESENTATION_STYLE_ASSIGNMENT (( #1829 ) ) ;
#17 = PLANE ( 'NONE',  #1921 ) ;
#18 = ORIENTED_EDGE ( 'NONE', *, *, #3768, .F. ) ;
#19 = LINE ( 'NONE', #3251, #1190 ) ;
#20 = ORIENTED_EDGE ( 'NONE', *, *, #1192, .F. ) ;
#21 = FACE_OUTER_BOUND ( 'NONE', #1484, .T. ) ;
#22 = DIRECTION ( 'NONE',  ( 0.000000000000000000, 0.000000000000000000, -1.000000000000000000 ) ) ;
#23 = PRESENTATION_STYLE_ASSIGNMENT (( #3605 ) ) ;
#24 = EDGE_CURVE ( 'NONE', #2531, #1219, #564, .T. ) ;
#25 =( LENGTH_UNIT ( ) NAMED_UNIT ( * ) SI_UNIT ( .MILLI., .METRE. ) );
#26 = STYLED_ITEM ( 'NONE', ( #3140 ), #1693 ) ;
#27 = CARTESIAN_POINT ( 'NONE',  ( 0.1249999999999999167, 1.000000000000000222, -0.02000000000000000042 ) ) ;
#28 = ADVANCED_FACE ( 'NONE', ( #3749 ), #2732, .T. ) ;
#29 =( NAMED_UNIT ( * ) SI_UNIT ( $, .STERADIAN. ) SOLID_ANGLE_UNIT ( ) );
#30 = CARTESIAN_POINT ( 'NONE',  ( -0.7500000000000001110, 0.8750000000000000000, -0.02000000000000000042 ) ) ;
#31 = PLANE ( 'NONE',  #1476 ) ;
#32 = LINE ( 'NONE', #735, #870 ) ;
#33 = EDGE_LOOP ( 'NONE', ( #1856, #2744, #448, #4034 ) ) ;
#34 = DIRECTION ( 'NONE',  ( 1.000000000000000000, 0.000000000000000000, -0.000000000000000000 ) ) ;
#35 = CARTESIAN_POINT ( 'NONE',  ( 0.000000000000000000, 0.000000000000000000, -0.02000000000000000042 ) ) ;
#36 = ORIENTED_EDGE ( 'NONE', *, *, #2013, .F. ) ;
#37 =( LENGTH_UNIT ( ) NAMED_UNIT ( * ) SI_UNIT ( .MILLI., .METRE. ) );
#38 = CARTESIAN_POINT ( 'NONE',  ( 0.4000000000000000222, 0.3750000000000000000, 0.1300000001265289029 ) ) ;
#39 = CARTESIAN_POINT ( 'NONE',  ( -0.7500000000000001110, -1.000000000000000000, 0.6000000000000000888 ) ) ;
#40 = ORIENTED_EDGE ( 'NONE', *, *, #2020, .F. ) ;
#41 = DIRECTION ( 'NONE',  ( 0.000000000000000000, 1.000000000000000000, -0.000000000000000000 ) ) ;
#42 = VERTEX_POINT ( 'NONE', #1644 ) ;
#43 = PRESENTATION_STYLE_ASSIGNMENT (( #826 ) ) ;
#44 = SURFACE_SIDE_STYLE ('',( #98 ) ) ;
#45 = VECTOR ( 'NONE', #2475, 1000.000000000000000 ) ;
#46 =( NAMED_UNIT ( * ) SI_UNIT ( $, .STERADIAN. ) SOLID_ANGLE_UNIT ( ) );
#47 = DIRECTION ( 'NONE',  ( 1.000000000000000000, -8.673617379884042375E-16, 0.000000000000000000 ) ) ;
#48 = DIRECTION ( 'NONE',  ( -6.195440985631457289E-16, -1.000000000000000000, 0.000000000000000000 ) ) ;
#49 = MECHANICAL_DESIGN_GEOMETRIC_PRESENTATION_REPRESENTATION (  '', ( #4228 ), #2000 ) ;
#50 =( GEOMETRIC_REPRESENTATION_CONTEXT ( 3 ) GLOBAL_UNCERTAINTY_ASSIGNED_CONTEXT ( ( #2827 ) ) GLOBAL_UNIT_ASSIGNED_CONTEXT ( ( #2281, #151, #4136 ) ) REPRESENTATION_CONTEXT ( 'NONE', 'WORKASPACE' ) );
#51 = ADVANCED_FACE ( 'NONE', ( #4467 ), #3434, .F. ) ;
#52 = VECTOR ( 'NONE', #691, 1000.000000000000000 ) ;
#53 = PRESENTATION_LAYER_ASSIGNMENT (  '', '', ( #4154 ) ) ;
#54 = LINE ( 'NONE', #2613, #1495 ) ;
#55 = VECTOR ( 'NONE', #1959, 1000.000000000000000 ) ;
#56 = FILL_AREA_STYLE ('',( #2190 ) ) ;
#57 = CARTESIAN_POINT ( 'NONE',  ( 0.4000000000000000222, -0.1250000000000000000, 0.1300000000000000044 ) ) ;
#58 = SURFACE_STYLE_USAGE ( .BOTH. , #433 ) ;
#59 = SURFACE_STYLE_FILL_AREA ( #1133 ) ;
#60 = VECTOR ( 'NONE', #703, 1000.000000000000000 ) ;
#61 = FACE_OUTER_BOUND ( 'NONE', #2482, .T. ) ;
#62 = ADVANCED_FACE ( 'NONE', ( #1302 ), #2385, .T. ) ;
#63 = ORIENTED_EDGE ( 'NONE', *, *, #290, .F. ) ;
#64 = DIRECTION ( 'NONE',  ( 0.000000000000000000, 1.000000000000000000, 0.000000000000000000 ) ) ;
#65 =( GEOMETRIC_REPRESENTATION_CONTEXT ( 3 ) GLOBAL_UNCERTAINTY_ASSIGNED_CONTEXT ( ( #908 ) ) GLOBAL_UNIT_ASSIGNED_CONTEXT ( ( #470, #589, #1376 ) ) REPRESENTATION_CONTEXT ( 'NONE', 'WORKASPACE' ) );
#66 = DIRECTION ( 'NONE',  ( -6.195440985631457289E-16, 1.000000000000000000, 0.000000000000000000 ) ) ;
#67 = ORIENTED_EDGE ( 'NONE', *, *, #4178, .T. ) ;
#68 = FILL_AREA_STYLE_COLOUR ( '', #2456 ) ;
#69 = CARTESIAN_POINT ( 'NONE',  ( -0.7500000000000001110, 0.8750000000000001110, 0.000000000000000000 ) ) ;
#70 = EDGE_CURVE ( 'NONE', #2007, #3514, #2741, .T. ) ;
#71 = AXIS2_PLACEMENT_3D ( 'NONE', #3901, #2751, #678 ) ;
#72 = EDGE_LOOP ( 'NONE', ( #1436, #687, #1218, #1843 ) ) ;
#73 = DIRECTION ( 'NONE',  ( 1.000000000000000000, 6.195440985631456303E-16, 0.000000000000000000 ) ) ;
#74 = VERTEX_POINT ( 'NONE', #1233 ) ;
#75 = CARTESIAN_POINT ( 'NONE',  ( -0.7500000000000001110, 0.8750000000000000000, 0.1300000000000000044 ) ) ;
#76 = SURFACE_STYLE_USAGE ( .BOTH. , #842 ) ;
#77 = CARTESIAN_POINT ( 'NONE',  ( 0.000000000000000000, 0.000000000000000000, 0.1300000000000000044 ) ) ;
#78 =( NAMED_UNIT ( * ) PLANE_ANGLE_UNIT ( ) SI_UNIT ( $, .RADIAN. ) );
#79 = ORIENTED_EDGE ( 'NONE', *, *, #169, .T. ) ;
#80 = CARTESIAN_POINT ( 'NONE',  ( -0.4000000000000001332, -0.8750000000000001110, 0.000000000000000000 ) ) ;
#81 = ORIENTED_EDGE ( 'NONE', *, *, #2552, .F. ) ;
#82 = DIRECTION ( 'NONE',  ( 1.000000000000000000, 0.000000000000000000, 0.000000000000000000 ) ) ;
#83 = FACE_OUTER_BOUND ( 'NONE', #2030, .T. ) ;
#84 = CARTESIAN_POINT ( 'NONE',  ( -0.7500000000000001110, 0.8750000000000000000, 0.1300000000000000044 ) ) ;
#85 = ORIENTED_EDGE ( 'NONE', *, *, #600, .F. ) ;
#86 = SURFACE_STYLE_USAGE ( .BOTH. , #2941 ) ;
#87 = ADVANCED_FACE ( 'NONE', ( #2663 ), #4073, .F. ) ;
#88 = CARTESIAN_POINT ( 'NONE',  ( 0.4000000000000000222, -0.3750000000000001110, 0.1300000000000000044 ) ) ;
#89 = ORIENTED_EDGE ( 'NONE', *, *, #461, .F. ) ;
#90 = CARTESIAN_POINT ( 'NONE',  ( -0.7500000000000001110, -0.3750000000000000000, -0.02000000000000000042 ) ) ;
#91 = CARTESIAN_POINT ( 'NONE',  ( 0.1249999999999999167, 0.6500000000000000222, 0.1300000000000002265 ) ) ;
#92 = DIRECTION ( 'NONE',  ( 0.000000000000000000, 0.000000000000000000, 1.000000000000000000 ) ) ;
#93 = ORIENTED_EDGE ( 'NONE', *, *, #259, .T. ) ;
#94 = LINE ( 'NONE', #3391, #442 ) ;
#95 = EDGE_CURVE ( 'NONE', #3830, #3050, #1261, .T. ) ;
#96 = ORIENTED_EDGE ( 'NONE', *, *, #4194, .T. ) ;
#97 = CARTESIAN_POINT ( 'NONE',  ( -0.4000000000000001332, -0.6249999999999998890, 0.1300000000000000044 ) ) ;
#98 = SURFACE_STYLE_FILL_AREA ( #3988 ) ;
#99 = FACE_OUTER_BOUND ( 'NONE', #2044, .T. ) ;
#100 = DIRECTION ( 'NONE',  ( -3.872150616019658341E-16, -1.000000000000000000, 0.000000000000000000 ) ) ;
#101 = UNCERTAINTY_MEASURE_WITH_UNIT (LENGTH_MEASURE( 1.000000000000000082E-05 ), #4239, 'distance_accuracy_value', 'NONE');
#102 =( LENGTH_UNIT ( ) NAMED_UNIT ( * ) SI_UNIT ( .MILLI., .METRE. ) );
#103 = PLANE ( 'NONE',  #790 ) ;
#104 = LINE ( 'NONE', #2510, #3115 ) ;
#105 = CARTESIAN_POINT ( 'NONE',  ( 0.4000000000000000222, -0.8750000000000001110, 0.000000000000000000 ) ) ;
#106 = PLANE ( 'NONE',  #1930 ) ;
#107 = ORIENTED_EDGE ( 'NONE', *, *, #2861, .T. ) ;
#108 = SURFACE_STYLE_USAGE ( .BOTH. , #484 ) ;
#109 = PLANE ( 'NONE',  #1483 ) ;
#110 = PRESENTATION_STYLE_ASSIGNMENT (( #3311 ) ) ;
#111 = CARTESIAN_POINT ( 'NONE',  ( -0.7200000000000001954, 1.000000000000000000, 0.000000000000000000 ) ) ;
#112 = CARTESIAN_POINT ( 'NONE',  ( 0.7499999999999998890, -0.8749999999999998890, 0.1300000000000000044 ) ) ;
#113 = LINE ( 'NONE', #2926, #3705 ) ;
#114 = ADVANCED_FACE ( 'NONE', ( #4097 ), #900, .F. ) ;
#115 = ORIENTED_EDGE ( 'NONE', *, *, #4451, .T. ) ;
#116 = ORIENTED_EDGE ( 'NONE', *, *, #174, .T. ) ;
#117 =( GEOMETRIC_REPRESENTATION_CONTEXT ( 3 ) GLOBAL_UNCERTAINTY_ASSIGNED_CONTEXT ( ( #426 ) ) GLOBAL_UNIT_ASSIGNED_CONTEXT ( ( #2549, #4615, #713 ) ) REPRESENTATION_CONTEXT ( 'NONE', 'WORKASPACE' ) );
#118 = DIRECTION ( 'NONE',  ( 0.000000000000000000, 0.000000000000000000, 1.000000000000000000 ) ) ;
#119 = ADVANCED_FACE ( 'NONE', ( #3890 ), #3842, .F. ) ;
#120 = COLOUR_RGB ( '',0.2862745098039215508, 0.2862745098039215508, 0.2862745098039215508 ) ;
#121 = FACE_OUTER_BOUND ( 'NONE', #4131, .T. ) ;
#122 = AXIS2_PLACEMENT_3D ( 'NONE', #480, #3700, #2003 ) ;
#123 =( GEOMETRIC_REPRESENTATION_CONTEXT ( 3 ) GLOBAL_UNCERTAINTY_ASSIGNED_CONTEXT ( ( #2730 ) ) GLOBAL_UNIT_ASSIGNED_CONTEXT ( ( #4163, #260, #4134 ) ) REPRESENTATION_CONTEXT ( 'NONE', 'WORKASPACE' ) );
#124 = ADVANCED_FACE ( 'NONE', ( #2081 ), #3905, .F. ) ;
#125 = STYLED_ITEM ( 'NONE', ( #220 ), #1894 ) ;
#126 = AXIS2_PLACEMENT_3D ( 'NONE', #3072, #3785, #4177 ) ;
#127 = FACE_OUTER_BOUND ( 'NONE', #2173, .T. ) ;
#128 = SURFACE_SIDE_STYLE ('',( #3588 ) ) ;
#129 = PRESENTATION_LAYER_ASSIGNMENT (  '', '', ( #1996 ) ) ;
#130 = LINE ( 'NONE', #4436, #507 ) ;
#131 = VECTOR ( 'NONE', #2193, 1000.000000000000000 ) ;
#132 = EDGE_LOOP ( 'NONE', ( #612, #3156, #2022, #2051 ) ) ;
#133 = FACE_OUTER_BOUND ( 'NONE', #3499, .T. ) ;
#134 = AXIS2_PLACEMENT_3D ( 'NONE', #3612, #2214, #847 ) ;
#135 =( NAMED_UNIT ( * ) PLANE_ANGLE_UNIT ( ) SI_UNIT ( $, .RADIAN. ) );
#136 = VECTOR ( 'NONE', #41, 1000.000000000000000 ) ;
#137 = DIRECTION ( 'NONE',  ( 1.000000000000000000, 3.097720492815727166E-16, 0.000000000000000000 ) ) ;
#138 = ORIENTED_EDGE ( 'NONE', *, *, #748, .T. ) ;
#139 =( NAMED_UNIT ( * ) PLANE_ANGLE_UNIT ( ) SI_UNIT ( $, .RADIAN. ) );
#140 =( NAMED_UNIT ( * ) PLANE_ANGLE_UNIT ( ) SI_UNIT ( $, .RADIAN. ) );
#141 = FACE_OUTER_BOUND ( 'NONE', #2980, .T. ) ;
#142 = MECHANICAL_DESIGN_GEOMETRIC_PRESENTATION_REPRESENTATION (  '', ( #4169 ), #2397 ) ;
#143 = EDGE_CURVE ( 'NONE', #1048, #1685, #4372, .T. ) ;
#144 = DIRECTION ( 'NONE',  ( 0.000000000000000000, 1.000000000000000000, 0.000000000000000000 ) ) ;
#145 = VECTOR ( 'NONE', #3952, 1000.000000000000000 ) ;
#146 = SURFACE_STYLE_USAGE ( .BOTH. , #2636 ) ;
#147 = EDGE_CURVE ( 'NONE', #1790, #2058, #2170, .T. ) ;
#148 =( LENGTH_UNIT ( ) NAMED_UNIT ( * ) SI_UNIT ( .MILLI., .METRE. ) );
#149 = CARTESIAN_POINT ( 'NONE',  ( -0.7500000000000001110, 0.1250000000000000000, -0.02000000000000000042 ) ) ;
#150 = FILL_AREA_STYLE_COLOUR ( '', #4010 ) ;
#151 =( NAMED_UNIT ( * ) PLANE_ANGLE_UNIT ( ) SI_UNIT ( $, .RADIAN. ) );
#152 = ORIENTED_EDGE ( 'NONE', *, *, #368, .T. ) ;
#153 = EDGE_CURVE ( 'NONE', #3898, #2717, #1841, .T. ) ;
#154 = CARTESIAN_POINT ( 'NONE',  ( 0.7499999999999998890, 0.1250000000000001110, 0.1300000000000000044 ) ) ;
#155 =( NAMED_UNIT ( * ) PLANE_ANGLE_UNIT ( ) SI_UNIT ( $, .RADIAN. ) );
#156 = CYLINDRICAL_SURFACE ( 'NONE', #212, 0.07499999999999998335 ) ;
#157 = LINE ( 'NONE', #1961, #1386 ) ;
#158 = SURFACE_SIDE_STYLE ('',( #2272 ) ) ;
#159 = ORIENTED_EDGE ( 'NONE', *, *, #4391, .F. ) ;
#160 = ORIENTED_EDGE ( 'NONE', *, *, #571, .F. ) ;
#161 = SURFACE_STYLE_USAGE ( .BOTH. , #523 ) ;
#162 = SURFACE_STYLE_USAGE ( .BOTH. , #907 ) ;
#163 =( LENGTH_UNIT ( ) NAMED_UNIT ( * ) SI_UNIT ( .MILLI., .METRE. ) );
#164 = FILL_AREA_STYLE_COLOUR ( '', #1080 ) ;
#165 = ORIENTED_EDGE ( 'NONE', *, *, #393, .T. ) ;
#166 = ORIENTED_EDGE ( 'NONE', *, *, #2465, .F. ) ;
#167 = CARTESIAN_POINT ( 'NONE',  ( -0.7500000000000001110, 0.1250000000000000000, 0.1300000001265289029 ) ) ;
#168 = VECTOR ( 'NONE', #3882, 1000.000000000000000 ) ;
#169 = EDGE_CURVE ( 'NONE', #2968, #837, #104, .T. ) ;
#170 = CARTESIAN_POINT ( 'NONE',  ( -0.7200000000000001954, 0.000000000000000000, 0.6000000000000000888 ) ) ;
#171 = LINE ( 'NONE', #3357, #2443 ) ;
#172 = LINE ( 'NONE', #1611, #1933 ) ;
#173 = FACE_OUTER_BOUND ( 'NONE', #4460, .T. ) ;
#174 = EDGE_CURVE ( 'NONE', #3657, #3521, #1800, .T. ) ;
#175 = ORIENTED_EDGE ( 'NONE', *, *, #1270, .T. ) ;
#176 = UNCERTAINTY_MEASURE_WITH_UNIT (LENGTH_MEASURE( 1.000000000000000082E-05 ), #148, 'distance_accuracy_value', 'NONE');
#177 = DIRECTION ( 'NONE',  ( -1.000000000000000000, -6.195440985631456303E-16, 0.000000000000000000 ) ) ;
#178 = CARTESIAN_POINT ( 'NONE',  ( 0.000000000000000000, 1.500000000000000000, 0.1300000000000000044 ) ) ;
#179 =( NAMED_UNIT ( * ) SI_UNIT ( $, .STERADIAN. ) SOLID_ANGLE_UNIT ( ) );
#180 = LINE ( 'NONE', #1962, #272 ) ;
#181 = ORIENTED_EDGE ( 'NONE', *, *, #2693, .T. ) ;
#182 = LINE ( 'NONE', #3090, #3654 ) ;
#183 = FILL_AREA_STYLE ('',( #3656 ) ) ;
#184 = PLANE ( 'NONE',  #1096 ) ;
#185 = LINE ( 'NONE', #4473, #3477 ) ;
#186 = AXIS2_PLACEMENT_3D ( 'NONE', #902, #1582, #1942 ) ;
#187 = EDGE_LOOP ( 'NONE', ( #1167, #3076, #1585, #910 ) ) ;
#188 = FILL_AREA_STYLE_COLOUR ( '', #3693 ) ;
#189 = CLOSED_SHELL ( 'NONE', ( #2848, #3440, #917, #1530, #2421, #2039 ) ) ;
#190 = DIRECTION ( 'NONE',  ( 0.000000000000000000, 0.000000000000000000, -1.000000000000000000 ) ) ;
#191 = DIRECTION ( 'NONE',  ( 0.000000000000000000, -1.000000000000000000, 0.000000000000000000 ) ) ;
#192 = DIRECTION ( 'NONE',  ( 0.000000000000000000, 0.000000000000000000, 1.000000000000000000 ) ) ;
#193 =( GEOMETRIC_REPRESENTATION_CONTEXT ( 3 ) GLOBAL_UNCERTAINTY_ASSIGNED_CONTEXT ( ( #2821 ) ) GLOBAL_UNIT_ASSIGNED_CONTEXT ( ( #4170, #1682, #2054 ) ) REPRESENTATION_CONTEXT ( 'NONE', 'WORKASPACE' ) );
#194 =( NAMED_UNIT ( * ) PLANE_ANGLE_UNIT ( ) SI_UNIT ( $, .RADIAN. ) );
#195 = VECTOR ( 'NONE', #4072, 1000.000000000000000 ) ;
#196 = EDGE_CURVE ( 'NONE', #3521, #1525, #3998, .T. ) ;
#197 = VECTOR ( 'NONE', #4060, 1000.000000000000000 ) ;
#198 = DIRECTION ( 'NONE',  ( 1.000000000000000000, 3.097720492815727166E-16, 0.000000000000000000 ) ) ;
#199 = VECTOR ( 'NONE', #4067, 1000.000000000000000 ) ;
#200 = ORIENTED_EDGE ( 'NONE', *, *, #2649, .F. ) ;
#201 = VECTOR ( 'NONE', #4480, 1000.000000000000000 ) ;
#202 = DIRECTION ( 'NONE',  ( -1.000000000000000000, 0.000000000000000000, -0.000000000000000000 ) ) ;
#203 =( NAMED_UNIT ( * ) PLANE_ANGLE_UNIT ( ) SI_UNIT ( $, .RADIAN. ) );
#204 = DIRECTION ( 'NONE',  ( -1.000000000000000000, 0.000000000000000000, -0.000000000000000000 ) ) ;
#205 = DIRECTION ( 'NONE',  ( -0.000000000000000000, -0.000000000000000000, 1.000000000000000000 ) ) ;
#206 = ADVANCED_FACE ( 'NONE', ( #1188 ), #31, .T. ) ;
#207 = MECHANICAL_DESIGN_GEOMETRIC_PRESENTATION_REPRESENTATION (  '', ( #3715 ), #1255 ) ;
#208 = CARTESIAN_POINT ( 'NONE',  ( -0.4000000000000001332, -0.1249999999999998890, -0.02000000000000000042 ) ) ;
#209 = VECTOR ( 'NONE', #3245, 1000.000000000000000 ) ;
#210 = VECTOR ( 'NONE', #1425, 1000.000000000000000 ) ;
#211 = ORIENTED_EDGE ( 'NONE', *, *, #4496, .F. ) ;
#212 = AXIS2_PLACEMENT_3D ( 'NONE', #4119, #580, #3404 ) ;
#213 = CARTESIAN_POINT ( 'NONE',  ( -0.1249999999999999167, 1.000000000000000444, -0.02000000000000000042 ) ) ;
#214 = VECTOR ( 'NONE', #2581, 1000.000000000000000 ) ;
#215 = SURFACE_STYLE_FILL_AREA ( #183 ) ;
#216 = AXIS2_PLACEMENT_3D ( 'NONE', #1193, #4402, #4047 ) ;
#217 = DIRECTION ( 'NONE',  ( 1.000000000000000000, 0.000000000000000000, 0.000000000000000000 ) ) ;
#218 = ADVANCED_FACE ( 'NONE', ( #3976 ), #3217, .T. ) ;
#219 = UNCERTAINTY_MEASURE_WITH_UNIT (LENGTH_MEASURE( 1.000000000000000082E-05 ), #3439, 'distance_accuracy_value', 'NONE');
#220 = PRESENTATION_STYLE_ASSIGNMENT (( #3718 ) ) ;
#221 = VERTEX_POINT ( 'NONE', #2142 ) ;
#222 = EDGE_CURVE ( 'NONE', #943, #2719, #8, .T. ) ;
#223 = EDGE_LOOP ( 'NONE', ( #3338, #676, #3203, #905 ) ) ;
#224 = CARTESIAN_POINT ( 'NONE',  ( -0.7500000000000001110, -0.9700000000000000844, 0.6000000000000000888 ) ) ;
#225 = AXIS2_PLACEMENT_3D ( 'NONE', #170, #2372, #3181 ) ;
#226 = PLANE ( 'NONE',  #2168 ) ;
#227 = SURFACE_STYLE_USAGE ( .BOTH. , #1346 ) ;
#228 =( NAMED_UNIT ( * ) PLANE_ANGLE_UNIT ( ) SI_UNIT ( $, .RADIAN. ) );
#229 =( GEOMETRIC_REPRESENTATION_CONTEXT ( 3 ) GLOBAL_UNCERTAINTY_ASSIGNED_CONTEXT ( ( #3757 ) ) GLOBAL_UNIT_ASSIGNED_CONTEXT ( ( #3989, #3281, #454 ) ) REPRESENTATION_CONTEXT ( 'NONE', 'WORKASPACE' ) );
#230 = DIRECTION ( 'NONE',  ( 0.000000000000000000, -1.000000000000000000, 0.000000000000000000 ) ) ;
#231 = ORIENTED_EDGE ( 'NONE', *, *, #1316, .F. ) ;
#232 = FILL_AREA_STYLE ('',( #579 ) ) ;
#233 =( NAMED_UNIT ( * ) SI_UNIT ( $, .STERADIAN. ) SOLID_ANGLE_UNIT ( ) );
#234 = SURFACE_SIDE_STYLE ('',( #4275 ) ) ;
#235 = LINE ( 'NONE', #835, #577 ) ;
#236 = ORIENTED_EDGE ( 'NONE', *, *, #174, .F. ) ;
#237 = ADVANCED_FACE ( 'NONE', ( #3589 ), #1823, .F. ) ;
#238 = SURFACE_SIDE_STYLE ('',( #3110 ) ) ;
#239 = DIRECTION ( 'NONE',  ( 0.000000000000000000, 0.000000000000000000, 1.000000000000000000 ) ) ;
#240 = FILL_AREA_STYLE ('',( #164 ) ) ;
#241 = ORIENTED_EDGE ( 'NONE', *, *, #2614, .F. ) ;
#242 = ADVANCED_FACE ( 'NONE', ( #1206 ), #2995, .F. ) ;
#243 = ORIENTED_EDGE ( 'NONE', *, *, #1923, .F. ) ;
#244 = SURFACE_STYLE_USAGE ( .BOTH. , #329 ) ;
#245 = LINE ( 'NONE', #4528, #1995 ) ;
#246 = ORIENTED_EDGE ( 'NONE', *, *, #427, .T. ) ;
#247 = UNCERTAINTY_MEASURE_WITH_UNIT (LENGTH_MEASURE( 1.000000000000000082E-05 ), #3254, 'distance_accuracy_value', 'NONE');
#248 = CARTESIAN_POINT ( 'NONE',  ( -0.7500000000000001110, 0.3750000000000000000, 0.000000000000000000 ) ) ;
#249 = PRESENTATION_STYLE_ASSIGNMENT (( #3386 ) ) ;
#250 =( LENGTH_UNIT ( ) NAMED_UNIT ( * ) SI_UNIT ( .MILLI., .METRE. ) );
#251 = DIRECTION ( 'NONE',  ( -3.614007241618351532E-15, 0.000000000000000000, -1.000000000000000000 ) ) ;
#252 = EDGE_LOOP ( 'NONE', ( #766, #740, #18, #1111 ) ) ;
#253 = LINE ( 'NONE', #1650, #3571 ) ;
#254 = PRESENTATION_STYLE_ASSIGNMENT (( #979 ) ) ;
#255 = SURFACE_STYLE_FILL_AREA ( #2321 ) ;
#256 = ADVANCED_FACE ( 'NONE', ( #1662 ), #3680, .T. ) ;
#257 = ORIENTED_EDGE ( 'NONE', *, *, #2378, .T. ) ;
#258 = ORIENTED_EDGE ( 'NONE', *, *, #2126, .F. ) ;
#259 = EDGE_CURVE ( 'NONE', #3375, #1119, #508, .T. ) ;
#260 =( NAMED_UNIT ( * ) PLANE_ANGLE_UNIT ( ) SI_UNIT ( $, .RADIAN. ) );
#261 = EDGE_CURVE ( 'NONE', #4411, #4482, #1956, .T. ) ;
#262 = COLOUR_RGB ( '',0.2862745098039215508, 0.2862745098039215508, 0.2862745098039215508 ) ;
#263 = ORIENTED_EDGE ( 'NONE', *, *, #551, .F. ) ;
#264 = CLOSED_SHELL ( 'NONE', ( #4079, #3122, #4166, #3720, #836, #3230 ) ) ;
#265 = CIRCLE ( 'NONE', #2287, 0.02999999999999997113 ) ;
#266 = CARTESIAN_POINT ( 'NONE',  ( -0.7500000000000001110, -1.000000000000000000, 0.6300000000000000044 ) ) ;
#267 = CARTESIAN_POINT ( 'NONE',  ( -0.1250000000000000555, 0.6500000000000000222, 0.1300000000000000044 ) ) ;
#268 =( NAMED_UNIT ( * ) PLANE_ANGLE_UNIT ( ) SI_UNIT ( $, .RADIAN. ) );
#269 = FACE_OUTER_BOUND ( 'NONE', #1983, .T. ) ;
#270 = STYLED_ITEM ( 'NONE', ( #2781 ), #119 ) ;
#271 = AXIS2_PLACEMENT_3D ( 'NONE', #632, #3100, #614 ) ;
#272 = VECTOR ( 'NONE', #3037, 1000.000000000000000 ) ;
#273 = VERTEX_POINT ( 'NONE', #569 ) ;
#274 = DIRECTION ( 'NONE',  ( 1.000000000000000000, 3.097720492815727166E-16, 0.000000000000000000 ) ) ;
#275 = LINE ( 'NONE', #3541, #3711 ) ;
#276 = PRESENTATION_LAYER_ASSIGNMENT (  '', '', ( #572 ) ) ;
#277 = VERTEX_POINT ( 'NONE', #3359 ) ;
#278 =( NAMED_UNIT ( * ) SI_UNIT ( $, .STERADIAN. ) SOLID_ANGLE_UNIT ( ) );
#279 = DIRECTION ( 'NONE',  ( -1.000000000000000000, 3.097720492815727166E-16, 0.000000000000000000 ) ) ;
#280 = VECTOR ( 'NONE', #4492, 1000.000000000000000 ) ;
#281 = ORIENTED_EDGE ( 'NONE', *, *, #607, .F. ) ;
#282 = VECTOR ( 'NONE', #3216, 1000.000000000000000 ) ;
#283 = MECHANICAL_DESIGN_GEOMETRIC_PRESENTATION_REPRESENTATION (  '', ( #3992 ), #512 ) ;
#284 = ORIENTED_EDGE ( 'NONE', *, *, #2020, .T. ) ;
#285 =( GEOMETRIC_REPRESENTATION_CONTEXT ( 3 ) GLOBAL_UNCERTAINTY_ASSIGNED_CONTEXT ( ( #3512 ) ) GLOBAL_UNIT_ASSIGNED_CONTEXT ( ( #3064, #538, #3453 ) ) REPRESENTATION_CONTEXT ( 'NONE', 'WORKASPACE' ) );
#286 = CARTESIAN_POINT ( 'NONE',  ( -0.4000000000000001332, -0.8750000000000001110, 0.1300000001265289029 ) ) ;
#287 =( GEOMETRIC_REPRESENTATION_CONTEXT ( 3 ) GLOBAL_UNCERTAINTY_ASSIGNED_CONTEXT ( ( #1209 ) ) GLOBAL_UNIT_ASSIGNED_CONTEXT ( ( #2001, #938, #3080 ) ) REPRESENTATION_CONTEXT ( 'NONE', 'WORKASPACE' ) );
#288 = MECHANICAL_DESIGN_GEOMETRIC_PRESENTATION_REPRESENTATION (  '', ( #2462 ), #1194 ) ;
#289 = PLANE ( 'NONE',  #4534 ) ;
#290 = EDGE_CURVE ( 'NONE', #3967, #3201, #3426, .T. ) ;
#291 = FILL_AREA_STYLE ('',( #3511 ) ) ;
#292 =( NAMED_UNIT ( * ) PLANE_ANGLE_UNIT ( ) SI_UNIT ( $, .RADIAN. ) );
#293 = ORIENTED_EDGE ( 'NONE', *, *, #2343, .T. ) ;
#294 = ORIENTED_EDGE ( 'NONE', *, *, #1146, .F. ) ;
#295 = EDGE_CURVE ( 'NONE', #1740, #3789, #919, .T. ) ;
#296 =( NAMED_UNIT ( * ) PLANE_ANGLE_UNIT ( ) SI_UNIT ( $, .RADIAN. ) );
#297 = PLANE ( 'NONE',  #3271 ) ;
#298 = SURFACE_STYLE_FILL_AREA ( #2124 ) ;
#299 = FACE_OUTER_BOUND ( 'NONE', #3017, .T. ) ;
#300 = CARTESIAN_POINT ( 'NONE',  ( -0.7200000000000001954, 1.000000000000000000, 0.6300000000000000044 ) ) ;
#301 = DIRECTION ( 'NONE',  ( -1.000000000000000000, 0.000000000000000000, -0.000000000000000000 ) ) ;
#302 = VERTEX_POINT ( 'NONE', #2709 ) ;
#303 = CARTESIAN_POINT ( 'NONE',  ( 0.7499999999999998890, 0.3749999999999997780, 0.1300000000000000044 ) ) ;
#304 = CARTESIAN_POINT ( 'NONE',  ( -0.7500000000000001110, 0.6250000000000000000, 0.1300000000000000044 ) ) ;
#305 = ORIENTED_EDGE ( 'NONE', *, *, #1469, .F. ) ;
#306 = CARTESIAN_POINT ( 'NONE',  ( 0.4000000000000000222, -0.8750000000000001110, 0.1300000000000000044 ) ) ;
#307 = DIRECTION ( 'NONE',  ( 0.000000000000000000, 0.000000000000000000, 1.000000000000000000 ) ) ;
#308 = ORIENTED_EDGE ( 'NONE', *, *, #1676, .F. ) ;
#309 = VERTEX_POINT ( 'NONE', #4112 ) ;
#310 = LINE ( 'NONE', #1762, #4567 ) ;
#311 = FACE_OUTER_BOUND ( 'NONE', #1656, .T. ) ;
#312 = SURFACE_STYLE_FILL_AREA ( #3763 ) ;
#313 = ADVANCED_FACE ( 'NONE', ( #2308 ), #3728, .F. ) ;
#314 = ORIENTED_EDGE ( 'NONE', *, *, #1502, .F. ) ;
#315 = FILL_AREA_STYLE ('',( #1011 ) ) ;
#316 = SURFACE_SIDE_STYLE ('',( #3517 ) ) ;
#317 = CARTESIAN_POINT ( 'NONE',  ( 0.4000000000000000222, 0.3750000000000000000, -0.02000000000000000042 ) ) ;
#318 = ADVANCED_FACE ( 'NONE', ( #21 ), #3582, .T. ) ;
#319 = ORIENTED_EDGE ( 'NONE', *, *, #4020, .F. ) ;
#320 = CARTESIAN_POINT ( 'NONE',  ( -0.5700000000000001732, 0.8200000000000000622, 0.6199999999999999956 ) ) ;
#321 = VERTEX_POINT ( 'NONE', #1457 ) ;
#322 = CARTESIAN_POINT ( 'NONE',  ( 0.4000000000000000222, 0.6249999999999998890, 0.000000000000000000 ) ) ;
#323 =( LENGTH_UNIT ( ) NAMED_UNIT ( * ) SI_UNIT ( .MILLI., .METRE. ) );
#324 = ADVANCED_FACE ( 'NONE', ( #2184 ), #1813, .F. ) ;
#325 = ORIENTED_EDGE ( 'NONE', *, *, #2750, .T. ) ;
#326 = CARTESIAN_POINT ( 'NONE',  ( 0.4000000000000000222, -0.8750000000000001110, 0.1300000000128420652 ) ) ;
#327 = ORIENTED_EDGE ( 'NONE', *, *, #1022, .T. ) ;
#328 = DIRECTION ( 'NONE',  ( 0.000000000000000000, 0.000000000000000000, -1.000000000000000000 ) ) ;
#329 = SURFACE_SIDE_STYLE ('',( #4549 ) ) ;
#330 = UNCERTAINTY_MEASURE_WITH_UNIT (LENGTH_MEASURE( 1.000000000000000082E-05 ), #2645, 'distance_accuracy_value', 'NONE');
#331 = ORIENTED_EDGE ( 'NONE', *, *, #2704, .T. ) ;
#332 = CARTESIAN_POINT ( 'NONE',  ( 0.7499999999999998890, 0.8749999999999997780, 0.000000000000000000 ) ) ;
#333 = UNCERTAINTY_MEASURE_WITH_UNIT (LENGTH_MEASURE( 1.000000000000000082E-05 ), #4418, 'distance_accuracy_value', 'NONE');
#334 = CARTESIAN_POINT ( 'NONE',  ( 0.7499999999999998890, -0.8749999999999998890, 0.1300000000000000044 ) ) ;
#335 = CARTESIAN_POINT ( 'NONE',  ( 0.7499999999999998890, 0.1250000000000001110, 0.1300000000000000044 ) ) ;
#336 = DIRECTION ( 'NONE',  ( -0.000000000000000000, -1.000000000000000000, -0.000000000000000000 ) ) ;
#337 = VECTOR ( 'NONE', #3000, 1000.000000000000000 ) ;
#338 = ORIENTED_EDGE ( 'NONE', *, *, #1050, .T. ) ;
#339 = ADVANCED_FACE ( 'NONE', ( #3143 ), #2161, .F. ) ;
#340 = EDGE_LOOP ( 'NONE', ( #1364, #1450, #3133, #1781 ) ) ;
#341 = CARTESIAN_POINT ( 'NONE',  ( -0.7500000000000001110, 0.1250000000000000000, 0.000000000000000000 ) ) ;
#342 = VECTOR ( 'NONE', #1858, 1000.000000000000000 ) ;
#343 = EDGE_LOOP ( 'NONE', ( #2391, #231, #63, #1134 ) ) ;
#344 = CARTESIAN_POINT ( 'NONE',  ( 0.7499999999999998890, -0.8749999999999998890, 0.1300000000000000044 ) ) ;
#345 = COLOUR_RGB ( '',0.2862745098039215508, 0.2862745098039215508, 0.2862745098039215508 ) ;
#346 = EDGE_CURVE ( 'NONE', #809, #4173, #472, .T. ) ;
#347 = VECTOR ( 'NONE', #3226, 1000.000000000000000 ) ;
#348 = EDGE_LOOP ( 'NONE', ( #79, #652, #3474, #4237 ) ) ;
#349 = PLANE ( 'NONE',  #2069 ) ;
#350 = COLOUR_RGB ( '',0.2862745098039215508, 0.2862745098039215508, 0.2862745098039215508 ) ;
#351 = STYLED_ITEM ( 'NONE', ( #2640 ), #2622 ) ;
#352 = CARTESIAN_POINT ( 'NONE',  ( -0.1250000000000000555, 0.6500000000000000222, 0.000000000000000000 ) ) ;
#353 = AXIS2_PLACEMENT_3D ( 'NONE', #1890, #1132, #773 ) ;
#354 = AXIS2_PLACEMENT_3D ( 'NONE', #2307, #3727, #4023 ) ;
#355 = PRESENTATION_STYLE_ASSIGNMENT (( #2470 ) ) ;
#356 = CARTESIAN_POINT ( 'NONE',  ( 0.1249999999999999167, 0.6500000000000000222, -0.02000000000000000042 ) ) ;
#357 = COLOUR_RGB ( '',0.8039215686274510109, 0.8039215686274510109, 0.8039215686274510109 ) ;
#358 = DIRECTION ( 'NONE',  ( 1.000000000000000000, -6.195440985631456303E-16, -0.000000000000000000 ) ) ;
#359 = FILL_AREA_STYLE_COLOUR ( '', #4001 ) ;
#360 = ORIENTED_EDGE ( 'NONE', *, *, #3986, .T. ) ;
#361 = CIRCLE ( 'NONE', #2768, 0.02999999999999997113 ) ;
#362 = DIRECTION ( 'NONE',  ( -1.000000000000000000, 0.000000000000000000, -0.000000000000000000 ) ) ;
#363 = ORIENTED_EDGE ( 'NONE', *, *, #1931, .F. ) ;
#364 = FILL_AREA_STYLE_COLOUR ( '', #4152 ) ;
#365 = CARTESIAN_POINT ( 'NONE',  ( 0.7499999999999998890, -0.8749999999999998890, -0.02000000000000000042 ) ) ;
#366 = CARTESIAN_POINT ( 'NONE',  ( 0.4000000000000000222, 0.8750000000000000000, -0.02000000000000000042 ) ) ;
#367 = MECHANICAL_DESIGN_GEOMETRIC_PRESENTATION_REPRESENTATION (  '', ( #2400 ), #3284 ) ;
#368 = EDGE_CURVE ( 'NONE', #4173, #2156, #2930, .T. ) ;
#369 = ORIENTED_EDGE ( 'NONE', *, *, #2700, .T. ) ;
#370 = CARTESIAN_POINT ( 'NONE',  ( 0.7499999999999998890, -0.3749999999999998890, 0.1300000001265289029 ) ) ;
#371 = ORIENTED_EDGE ( 'NONE', *, *, #2063, .F. ) ;
#372 = FILL_AREA_STYLE ('',( #3602 ) ) ;
#373 = DIRECTION ( 'NONE',  ( 1.000000000000000000, 0.000000000000000000, -0.000000000000000000 ) ) ;
#374 = EDGE_CURVE ( 'NONE', #2365, #2998, #852, .T. ) ;
#375 = LINE ( 'NONE', #1886, #4094 ) ;
#376 = CARTESIAN_POINT ( 'NONE',  ( -0.7500000000000001110, -0.1250000000000000000, -0.02000000000000000042 ) ) ;
#377 = UNCERTAINTY_MEASURE_WITH_UNIT (LENGTH_MEASURE( 1.000000000000000082E-05 ), #3460, 'distance_accuracy_value', 'NONE');
#378 = ADVANCED_FACE ( 'NONE', ( #3300 ), #2631, .F. ) ;
#379 = CARTESIAN_POINT ( 'NONE',  ( 0.1250000000000000278, -0.9999999999999997780, 0.1300000000000000044 ) ) ;
#380 = CARTESIAN_POINT ( 'NONE',  ( 0.7499999999999998890, -0.1250000000000002220, 0.1300000000000000044 ) ) ;
#381 = DIRECTION ( 'NONE',  ( -0.000000000000000000, -1.000000000000000000, -0.000000000000000000 ) ) ;
#382 =( LENGTH_UNIT ( ) NAMED_UNIT ( * ) SI_UNIT ( .MILLI., .METRE. ) );
#383 = FILL_AREA_STYLE_COLOUR ( '', #585 ) ;
#384 = VERTEX_POINT ( 'NONE', #4036 ) ;
#385 = DIRECTION ( 'NONE',  ( 0.000000000000000000, 0.000000000000000000, -1.000000000000000000 ) ) ;
#386 = EDGE_LOOP ( 'NONE', ( #522, #4246, #519, #2919 ) ) ;
#387 = CARTESIAN_POINT ( 'NONE',  ( 0.4000000000000000222, 0.3750000000000000000, -0.02000000000000000042 ) ) ;
#388 = LINE ( 'NONE', #1065, #3795 ) ;
#389 = PLANE ( 'NONE',  #2749 ) ;
#390 = ORIENTED_EDGE ( 'NONE', *, *, #2959, .T. ) ;
#391 = LINE ( 'NONE', #4332, #2681 ) ;
#392 = ORIENTED_EDGE ( 'NONE', *, *, #2723, .F. ) ;
#393 = EDGE_CURVE ( 'NONE', #1790, #4400, #4014, .T. ) ;
#394 = CARTESIAN_POINT ( 'NONE',  ( 0.4000000000000000222, -0.3750000000000001110, -0.02000000000000000042 ) ) ;
#395 = CARTESIAN_POINT ( 'NONE',  ( -0.7500000000000001110, 0.1250000000000000000, 0.1300000000000000044 ) ) ;
#396 = EDGE_CURVE ( 'NONE', #273, #489, #1884, .T. ) ;
#397 = CARTESIAN_POINT ( 'NONE',  ( 0.4000000000000000222, -0.1250000000000000000, -0.02000000000000000042 ) ) ;
#398 = CARTESIAN_POINT ( 'NONE',  ( -0.4000000000000001332, 0.1249999999999998890, 0.1300000000000000044 ) ) ;
#399 =( NAMED_UNIT ( * ) PLANE_ANGLE_UNIT ( ) SI_UNIT ( $, .RADIAN. ) );
#400 = ADVANCED_FACE ( 'NONE', ( #3717 ), #2952, .T. ) ;
#401 = DIRECTION ( 'NONE',  ( 0.000000000000000000, 0.000000000000000000, 1.000000000000000000 ) ) ;
#402 = SURFACE_STYLE_USAGE ( .BOTH. , #1108 ) ;
#403 =( NAMED_UNIT ( * ) SI_UNIT ( $, .STERADIAN. ) SOLID_ANGLE_UNIT ( ) );
#404 = EDGE_LOOP ( 'NONE', ( #4039, #152, #623, #764 ) ) ;
#405 = DIRECTION ( 'NONE',  ( 1.000000000000000000, 0.000000000000000000, 0.000000000000000000 ) ) ;
#406 = FILL_AREA_STYLE_COLOUR ( '', #935 ) ;
#407 = CARTESIAN_POINT ( 'NONE',  ( -0.7500000000000001110, 0.1250000000000000000, 0.1300000000000000044 ) ) ;
#408 = CARTESIAN_POINT ( 'NONE',  ( -0.7500000000000001110, -0.1250000000000000000, 0.1300000000000000044 ) ) ;
#409 = CARTESIAN_POINT ( 'NONE',  ( 0.000000000000000000, 1.500000000000000000, 0.1300000000000000044 ) ) ;
#410 = PRESENTATION_LAYER_ASSIGNMENT (  '', '', ( #1078 ) ) ;
#411 = ORIENTED_EDGE ( 'NONE', *, *, #841, .F. ) ;
#412 = PLANE ( 'NONE',  #4458 ) ;
#413 = PRESENTATION_LAYER_ASSIGNMENT (  '', '', ( #3038 ) ) ;
#414 = EDGE_LOOP ( 'NONE', ( #690, #2148, #4568 ) ) ;
#415 = CARTESIAN_POINT ( 'NONE',  ( -0.5700000000000001732, 0.8200000000000000622, 0.6199999999999999956 ) ) ;
#416 = VECTOR ( 'NONE', #930, 1000.000000000000000 ) ;
#417 = LINE ( 'NONE', #4038, #3778 ) ;
#418 = VECTOR ( 'NONE', #871, 1000.000000000000000 ) ;
#419 = STYLED_ITEM ( 'NONE', ( #4368 ), #2864 ) ;
#420 = STYLED_ITEM ( 'NONE', ( #1617 ), #2240 ) ;
#421 = DIRECTION ( 'NONE',  ( 1.000000000000000000, 3.097720492815727166E-16, 0.000000000000000000 ) ) ;
#422 = VECTOR ( 'NONE', #4007, 1000.000000000000000 ) ;
#423 = FACE_OUTER_BOUND ( 'NONE', #223, .T. ) ;
#424 = VECTOR ( 'NONE', #646, 1000.000000000000000 ) ;
#425 = VECTOR ( 'NONE', #198, 1000.000000000000000 ) ;
#426 = UNCERTAINTY_MEASURE_WITH_UNIT (LENGTH_MEASURE( 1.000000000000000082E-05 ), #2549, 'distance_accuracy_value', 'NONE');
#427 = EDGE_CURVE ( 'NONE', #4046, #1968, #2360, .T. ) ;
#428 = PRESENTATION_LAYER_ASSIGNMENT (  '', '', ( #1638 ) ) ;
#429 = COLOUR_RGB ( '',0.2862745098039215508, 0.2862745098039215508, 0.2862745098039215508 ) ;
#430 = LINE ( 'NONE', #823, #2392 ) ;
#431 = VECTOR ( 'NONE', #4206, 1000.000000000000000 ) ;
#432 = FACE_OUTER_BOUND ( 'NONE', #757, .T. ) ;
#433 = SURFACE_SIDE_STYLE ('',( #806 ) ) ;
#434 = PRESENTATION_STYLE_ASSIGNMENT (( #2245 ) ) ;
#435 = STYLED_ITEM ( 'NONE', ( #2252 ), #1140 ) ;
#436 = ORIENTED_EDGE ( 'NONE', *, *, #4172, .F. ) ;
#437 = FILL_AREA_STYLE ('',( #383 ) ) ;
#438 = MECHANICAL_DESIGN_GEOMETRIC_PRESENTATION_REPRESENTATION (  '', ( #4154 ), #1416 ) ;
#439 = EDGE_CURVE ( 'NONE', #1023, #3315, #2062, .T. ) ;
#440 = ORIENTED_EDGE ( 'NONE', *, *, #6, .F. ) ;
#441 =( NAMED_UNIT ( * ) PLANE_ANGLE_UNIT ( ) SI_UNIT ( $, .RADIAN. ) );
#442 = VECTOR ( 'NONE', #4356, 1000.000000000000000 ) ;
#443 = FACE_OUTER_BOUND ( 'NONE', #4495, .T. ) ;
#444 = EDGE_LOOP ( 'NONE', ( #166, #2108, #2446, #1944 ) ) ;
#445 = DIRECTION ( 'NONE',  ( 0.000000000000000000, 0.000000000000000000, -1.000000000000000000 ) ) ;
#446 = DIRECTION ( 'NONE',  ( 0.000000000000000000, 0.000000000000000000, -1.000000000000000000 ) ) ;
#447 = STYLED_ITEM ( 'NONE', ( #3660 ), #4282 ) ;
#448 = ORIENTED_EDGE ( 'NONE', *, *, #2993, .F. ) ;
#449 = ORIENTED_EDGE ( 'NONE', *, *, #1834, .F. ) ;
#450 = LINE ( 'NONE', #1882, #2909 ) ;
#451 = ORIENTED_EDGE ( 'NONE', *, *, #3986, .F. ) ;
#452 =( NAMED_UNIT ( * ) SI_UNIT ( $, .STERADIAN. ) SOLID_ANGLE_UNIT ( ) );
#453 = SURFACE_STYLE_USAGE ( .BOTH. , #44 ) ;
#454 =( NAMED_UNIT ( * ) SI_UNIT ( $, .STERADIAN. ) SOLID_ANGLE_UNIT ( ) );
#455 = ORIENTED_EDGE ( 'NONE', *, *, #2389, .F. ) ;
#456 = CARTESIAN_POINT ( 'NONE',  ( -0.1250000000000004441, -1.000000000000000000, 0.000000000000000000 ) ) ;
#457 = LINE ( 'NONE', #1592, #3633 ) ;
#458 = DIRECTION ( 'NONE',  ( -1.000000000000000000, -0.000000000000000000, -0.000000000000000000 ) ) ;
#459 = FILL_AREA_STYLE ('',( #4344 ) ) ;
#460 = FILL_AREA_STYLE ('',( #3936 ) ) ;
#461 = EDGE_CURVE ( 'NONE', #1596, #1219, #4587, .T. ) ;
#462 = VERTEX_POINT ( 'NONE', #2697 ) ;
#463 = SURFACE_SIDE_STYLE ('',( #3061 ) ) ;
#464 = SURFACE_STYLE_FILL_AREA ( #3595 ) ;
#465 = DIRECTION ( 'NONE',  ( 1.000000000000000000, 0.000000000000000000, 0.000000000000000000 ) ) ;
#466 = ADVANCED_FACE ( 'NONE', ( #929 ), #593, .F. ) ;
#467 = LINE ( 'NONE', #834, #1619 ) ;
#468 = LINE ( 'NONE', #2903, #347 ) ;
#469 = ORIENTED_EDGE ( 'NONE', *, *, #2493, .T. ) ;
#470 =( LENGTH_UNIT ( ) NAMED_UNIT ( * ) SI_UNIT ( .MILLI., .METRE. ) );
#471 = ORIENTED_EDGE ( 'NONE', *, *, #3378, .T. ) ;
#472 = LINE ( 'NONE', #3968, #2075 ) ;
#473 = EDGE_CURVE ( 'NONE', #2061, #956, #1240, .T. ) ;
#474 = PRESENTATION_STYLE_ASSIGNMENT (( #453 ) ) ;
#475 = AXIS2_PLACEMENT_3D ( 'NONE', #2300, #2678, #4413 ) ;
#476 = LINE ( 'NONE', #1178, #1543 ) ;
#477 =( NAMED_UNIT ( * ) SI_UNIT ( $, .STERADIAN. ) SOLID_ANGLE_UNIT ( ) );
#478 = DIRECTION ( 'NONE',  ( 1.000000000000000000, -6.195440985631457289E-16, 0.000000000000000000 ) ) ;
#479 = FILL_AREA_STYLE ('',( #4043 ) ) ;
#480 = CARTESIAN_POINT ( 'NONE',  ( 0.4000000000000000222, 0.8750000000000000000, 0.1300000000000000044 ) ) ;
#481 = DIRECTION ( 'NONE',  ( 1.000000000000000000, 3.097720492815727166E-16, 0.000000000000000000 ) ) ;
#482 = CARTESIAN_POINT ( 'NONE',  ( -0.7500000000000001110, -0.3750000000000000000, -0.02000000000000000042 ) ) ;
#483 = VERTEX_POINT ( 'NONE', #3113 ) ;
#484 = SURFACE_SIDE_STYLE ('',( #2266 ) ) ;
#485 = DIRECTION ( 'NONE',  ( 0.000000000000000000, 0.000000000000000000, 1.000000000000000000 ) ) ;
#486 = ORIENTED_EDGE ( 'NONE', *, *, #2608, .F. ) ;
#487 = LINE ( 'NONE', #2626, #510 ) ;
#488 = DIRECTION ( 'NONE',  ( 0.000000000000000000, -1.000000000000000000, 0.000000000000000000 ) ) ;
#489 = VERTEX_POINT ( 'NONE', #1290 ) ;
#490 = CARTESIAN_POINT ( 'NONE',  ( -0.7500000000000001110, 0.3750000000000000000, 0.1300000000000000044 ) ) ;
#491 = ORIENTED_EDGE ( 'NONE', *, *, #143, .F. ) ;
#492 = EDGE_CURVE ( 'NONE', #4519, #1003, #1307, .T. ) ;
#493 = DIRECTION ( 'NONE',  ( 0.000000000000000000, -1.000000000000000000, 0.000000000000000000 ) ) ;
#494 = DIRECTION ( 'NONE',  ( -0.000000000000000000, -0.000000000000000000, -1.000000000000000000 ) ) ;
#495 = ADVANCED_FACE ( 'NONE', ( #3025 ), #184, .F. ) ;
#496 = MECHANICAL_DESIGN_GEOMETRIC_PRESENTATION_REPRESENTATION (  '', ( #1078 ), #1007 ) ;
#497 = VECTOR ( 'NONE', #1223, 1000.000000000000000 ) ;
#498 = CARTESIAN_POINT ( 'NONE',  ( -0.7200000000000001954, 0.9700000000000000844, 0.6000000000000000888 ) ) ;
#499 = AXIS2_PLACEMENT_3D ( 'NONE', #1521, #3957, #1153 ) ;
#500 = VECTOR ( 'NONE', #3040, 1000.000000000000000 ) ;
#501 = VECTOR ( 'NONE', #4009, 1000.000000000000000 ) ;
#502 = EDGE_CURVE ( 'NONE', #2111, #3127, #3204, .T. ) ;
#503 = AXIS2_PLACEMENT_3D ( 'NONE', #2329, #548, #1936 ) ;
#504 = DIRECTION ( 'NONE',  ( -0.000000000000000000, -0.000000000000000000, 1.000000000000000000 ) ) ;
#505 = AXIS2_PLACEMENT_3D ( 'NONE', #35, #759, #362 ) ;
#506 = LINE ( 'NONE', #1593, #2610 ) ;
#507 = VECTOR ( 'NONE', #3059, 1000.000000000000000 ) ;
#508 = LINE ( 'NONE', #4481, #2295 ) ;
#509 = CARTESIAN_POINT ( 'NONE',  ( -0.7500000000000001110, -0.6250000000000000000, -0.02000000000000000042 ) ) ;
#510 = VECTOR ( 'NONE', #4381, 1000.000000000000000 ) ;
#511 = CIRCLE ( 'NONE', #2375, 0.07499999999999998335 ) ;
#512 =( GEOMETRIC_REPRESENTATION_CONTEXT ( 3 ) GLOBAL_UNCERTAINTY_ASSIGNED_CONTEXT ( ( #2031 ) ) GLOBAL_UNIT_ASSIGNED_CONTEXT ( ( #4320, #2506, #29 ) ) REPRESENTATION_CONTEXT ( 'NONE', 'WORKASPACE' ) );
#513 = ORIENTED_EDGE ( 'NONE', *, *, #4256, .T. ) ;
#514 = FILL_AREA_STYLE_COLOUR ( '', #1406 ) ;
#515 = PRESENTATION_STYLE_ASSIGNMENT (( #1232 ) ) ;
#516 = VECTOR ( 'NONE', #358, 1000.000000000000000 ) ;
#517 = CARTESIAN_POINT ( 'NONE',  ( 0.000000000000000000, 1.000000000000000000, 0.1300000000000000044 ) ) ;
#518 = FACE_OUTER_BOUND ( 'NONE', #3138, .T. ) ;
#519 = ORIENTED_EDGE ( 'NONE', *, *, #3886, .F. ) ;
#520 = LINE ( 'NONE', #1943, #1926 ) ;
#521 = ORIENTED_EDGE ( 'NONE', *, *, #1872, .T. ) ;
#522 = ORIENTED_EDGE ( 'NONE', *, *, #4200, .T. ) ;
#523 = SURFACE_SIDE_STYLE ('',( #3346 ) ) ;
#524 = SURFACE_SIDE_STYLE ('',( #1553 ) ) ;
#525 = DIRECTION ( 'NONE',  ( -0.000000000000000000, -0.000000000000000000, -1.000000000000000000 ) ) ;
#526 = PRESENTATION_LAYER_ASSIGNMENT (  '', '', ( #733 ) ) ;
#527 = EDGE_CURVE ( 'NONE', #1939, #3139, #2480, .T. ) ;
#528 = PLANE ( 'NONE',  #1138 ) ;
#529 = EDGE_CURVE ( 'NONE', #4470, #743, #3543, .T. ) ;
#530 = FILL_AREA_STYLE_COLOUR ( '', #3500 ) ;
#531 = CARTESIAN_POINT ( 'NONE',  ( -0.4950000000000002176, 0.8200000000000000622, 0.6199999999999999956 ) ) ;
#532 = ORIENTED_EDGE ( 'NONE', *, *, #2904, .F. ) ;
#533 = CARTESIAN_POINT ( 'NONE',  ( 0.7499999999999998890, 0.8749999999999997780, -0.02000000000000000042 ) ) ;
#534 = DIRECTION ( 'NONE',  ( -0.000000000000000000, -0.000000000000000000, -1.000000000000000000 ) ) ;
#535 = ORIENTED_EDGE ( 'NONE', *, *, #2120, .T. ) ;
#536 = DIRECTION ( 'NONE',  ( -1.000000000000000000, 0.000000000000000000, 0.000000000000000000 ) ) ;
#537 = DIRECTION ( 'NONE',  ( 1.000000000000000000, -4.336808689942009847E-16, 0.000000000000000000 ) ) ;
#538 =( NAMED_UNIT ( * ) PLANE_ANGLE_UNIT ( ) SI_UNIT ( $, .RADIAN. ) );
#539 = DIRECTION ( 'NONE',  ( 1.000000000000000000, -6.195440985631456303E-16, 0.000000000000000000 ) ) ;
#540 = ORIENTED_EDGE ( 'NONE', *, *, #4249, .F. ) ;
#541 = ORIENTED_EDGE ( 'NONE', *, *, #3513, .F. ) ;
#542 =( NAMED_UNIT ( * ) SI_UNIT ( $, .STERADIAN. ) SOLID_ANGLE_UNIT ( ) );
#543 = DIRECTION ( 'NONE',  ( -0.000000000000000000, 1.000000000000000000, -0.000000000000000000 ) ) ;
#544 = EDGE_CURVE ( 'NONE', #2227, #3858, #2093, .T. ) ;
#545 = CARTESIAN_POINT ( 'NONE',  ( 0.7499999999999998890, -0.1250000000000002220, -0.02000000000000000042 ) ) ;
#546 = EDGE_CURVE ( 'NONE', #2290, #483, #1360, .T. ) ;
#547 = CARTESIAN_POINT ( 'NONE',  ( 0.1250000000000000833, 1.000000000000000000, 0.1300000000000000044 ) ) ;
#548 = DIRECTION ( 'NONE',  ( -1.000000000000000000, 0.000000000000000000, 0.000000000000000000 ) ) ;
#549 = DIRECTION ( 'NONE',  ( 1.000000000000000000, 0.000000000000000000, 0.000000000000000000 ) ) ;
#550 = ORIENTED_EDGE ( 'NONE', *, *, #4249, .T. ) ;
#551 = EDGE_CURVE ( 'NONE', #4411, #1023, #1044, .T. ) ;
#552 = FILL_AREA_STYLE_COLOUR ( '', #2815 ) ;
#553 = CARTESIAN_POINT ( 'NONE',  ( 0.7499999999999998890, -0.6250000000000002220, 0.1300000000000000044 ) ) ;
#554 = FACE_OUTER_BOUND ( 'NONE', #3224, .T. ) ;
#555 = CARTESIAN_POINT ( 'NONE',  ( -0.7200000000000001954, 0.9699999999999999734, 0.6300000000000000044 ) ) ;
#556 = LINE ( 'NONE', #1980, #2147 ) ;
#557 = ORIENTED_EDGE ( 'NONE', *, *, #374, .T. ) ;
#558 = ORIENTED_EDGE ( 'NONE', *, *, #1241, .F. ) ;
#559 = CARTESIAN_POINT ( 'NONE',  ( 0.7499999999999998890, 0.1250000000000001110, 0.1300000000000000044 ) ) ;
#560 = PRESENTATION_STYLE_ASSIGNMENT (( #3043 ) ) ;
#561 = CARTESIAN_POINT ( 'NONE',  ( -0.1250000000000003608, -0.9999999999999997780, -0.02000000000000000042 ) ) ;
#562 = VECTOR ( 'NONE', #3454, 1000.000000000000000 ) ;
#563 = EDGE_LOOP ( 'NONE', ( #2543, #2878, #1024, #2628 ) ) ;
#564 = CIRCLE ( 'NONE', #3175, 0.02999999999999997113 ) ;
#565 = SURFACE_SIDE_STYLE ('',( #915 ) ) ;
#566 = LINE ( 'NONE', #2101, #201 ) ;
#567 = FACE_OUTER_BOUND ( 'NONE', #2358, .T. ) ;
#568 = MECHANICAL_DESIGN_GEOMETRIC_PRESENTATION_REPRESENTATION (  '', ( #3038 ), #1166 ) ;
#569 = CARTESIAN_POINT ( 'NONE',  ( -0.4000000000000001332, -0.6249999999999998890, 0.1300000000000000044 ) ) ;
#570 = DIRECTION ( 'NONE',  ( 0.000000000000000000, 0.000000000000000000, 1.000000000000000000 ) ) ;
#571 = EDGE_CURVE ( 'NONE', #321, #1294, #3225, .T. ) ;
#572 = STYLED_ITEM ( 'NONE', ( #43 ), #313 ) ;
#573 = ORIENTED_EDGE ( 'NONE', *, *, #3374, .F. ) ;
#574 = VECTOR ( 'NONE', #3011, 1000.000000000000000 ) ;
#575 = UNCERTAINTY_MEASURE_WITH_UNIT (LENGTH_MEASURE( 1.000000000000000082E-05 ), #25, 'distance_accuracy_value', 'NONE');
#576 = AXIS2_PLACEMENT_3D ( 'NONE', #1764, #1033, #47 ) ;
#577 = VECTOR ( 'NONE', #539, 1000.000000000000000 ) ;
#578 =( LENGTH_UNIT ( ) NAMED_UNIT ( * ) SI_UNIT ( .MILLI., .METRE. ) );
#579 = FILL_AREA_STYLE_COLOUR ( '', #1929 ) ;
#580 = DIRECTION ( 'NONE',  ( -0.000000000000000000, -0.000000000000000000, 1.000000000000000000 ) ) ;
#581 = PLANE ( 'NONE',  #3987 ) ;
#582 = AXIS2_PLACEMENT_3D ( 'NONE', #2222, #445, #1877 ) ;
#583 =( NAMED_UNIT ( * ) SI_UNIT ( $, .STERADIAN. ) SOLID_ANGLE_UNIT ( ) );
#584 = EDGE_CURVE ( 'NONE', #1596, #3514, #650, .T. ) ;
#585 = COLOUR_RGB ( '',0.8039215686274510109, 0.8039215686274510109, 0.8039215686274510109 ) ;
#586 = EDGE_LOOP ( 'NONE', ( #4386, #3402, #1991, #3573 ) ) ;
#587 = AXIS2_PLACEMENT_3D ( 'NONE', #1352, #2782, #4189 ) ;
#588 = VERTEX_POINT ( 'NONE', #1807 ) ;
#589 =( NAMED_UNIT ( * ) PLANE_ANGLE_UNIT ( ) SI_UNIT ( $, .RADIAN. ) );
#590 = MECHANICAL_DESIGN_GEOMETRIC_PRESENTATION_REPRESENTATION (  '', ( #2606 ), #2233 ) ;
#591 = CARTESIAN_POINT ( 'NONE',  ( -0.4000000000000001332, -0.6249999999999998890, 0.1300000001265289029 ) ) ;
#592 =( GEOMETRIC_REPRESENTATION_CONTEXT ( 3 ) GLOBAL_UNCERTAINTY_ASSIGNED_CONTEXT ( ( #4168 ) ) GLOBAL_UNIT_ASSIGNED_CONTEXT ( ( #1733, #3868, #2760 ) ) REPRESENTATION_CONTEXT ( 'NONE', 'WORKASPACE' ) );
#593 = CYLINDRICAL_SURFACE ( 'NONE', #1998, 0.07499999999999998335 ) ;
#594 =( NAMED_UNIT ( * ) PLANE_ANGLE_UNIT ( ) SI_UNIT ( $, .RADIAN. ) );
#595 = ORIENTED_EDGE ( 'NONE', *, *, #2270, .T. ) ;
#596 = ORIENTED_EDGE ( 'NONE', *, *, #3237, .F. ) ;
#597 = VECTOR ( 'NONE', #2209, 1000.000000000000000 ) ;
#598 = FACE_OUTER_BOUND ( 'NONE', #1454, .T. ) ;
#599 = ORIENTED_EDGE ( 'NONE', *, *, #2727, .F. ) ;
#600 = EDGE_CURVE ( 'NONE', #2858, #2418, #1432, .T. ) ;
#601 = DIRECTION ( 'NONE',  ( -0.000000000000000000, -0.000000000000000000, 1.000000000000000000 ) ) ;
#602 = DIRECTION ( 'NONE',  ( 0.000000000000000000, 0.000000000000000000, 1.000000000000000000 ) ) ;
#603 = DIRECTION ( 'NONE',  ( 1.000000000000000000, -6.195440985631456303E-16, -0.000000000000000000 ) ) ;
#604 = CARTESIAN_POINT ( 'NONE',  ( -0.7500000000000001110, -1.000000000000000000, 0.000000000000000000 ) ) ;
#605 = VERTEX_POINT ( 'NONE', #4285 ) ;
#606 = DIRECTION ( 'NONE',  ( -0.000000000000000000, -0.000000000000000000, 1.000000000000000000 ) ) ;
#607 = EDGE_CURVE ( 'NONE', #483, #980, #1020, .T. ) ;
#608 = DIRECTION ( 'NONE',  ( -0.000000000000000000, -0.000000000000000000, 1.000000000000000000 ) ) ;
#609 = VERTEX_POINT ( 'NONE', #1721 ) ;
#610 = ORIENTED_EDGE ( 'NONE', *, *, #4253, .F. ) ;
#611 = EDGE_CURVE ( 'NONE', #4290, #4470, #2836, .T. ) ;
#612 = ORIENTED_EDGE ( 'NONE', *, *, #1417, .T. ) ;
#613 = DIRECTION ( 'NONE',  ( -0.000000000000000000, 1.000000000000000000, -0.000000000000000000 ) ) ;
#614 = DIRECTION ( 'NONE',  ( -1.000000000000000000, -6.195440985631457289E-16, 0.000000000000000000 ) ) ;
#615 = SURFACE_STYLE_FILL_AREA ( #1368 ) ;
#616 = ORIENTED_EDGE ( 'NONE', *, *, #793, .F. ) ;
#617 = DIRECTION ( 'NONE',  ( 0.000000000000000000, 1.000000000000000000, 0.000000000000000000 ) ) ;
#618 = CARTESIAN_POINT ( 'NONE',  ( -0.4000000000000001332, -0.8750000000000001110, -0.02000000000000000042 ) ) ;
#619 = CARTESIAN_POINT ( 'NONE',  ( -0.7500000000000001110, -0.1250000000000000000, -0.02000000000000000042 ) ) ;
#620 = ORIENTED_EDGE ( 'NONE', *, *, #2641, .T. ) ;
#621 = CARTESIAN_POINT ( 'NONE',  ( -0.1250000000000003608, -0.9999999999999997780, -0.02000000000000000042 ) ) ;
#622 = CARTESIAN_POINT ( 'NONE',  ( 0.7499999999999998890, 0.1250000000000001110, -0.02000000000000000042 ) ) ;
#623 = ORIENTED_EDGE ( 'NONE', *, *, #2861, .F. ) ;
#624 = SURFACE_SIDE_STYLE ('',( #255 ) ) ;
#625 = FACE_OUTER_BOUND ( 'NONE', #343, .T. ) ;
#626 = ADVANCED_FACE ( 'NONE', ( #3154 ), #3913, .F. ) ;
#627 = ORIENTED_EDGE ( 'NONE', *, *, #850, .T. ) ;
#628 = ORIENTED_EDGE ( 'NONE', *, *, #439, .F. ) ;
#629 = VERTEX_POINT ( 'NONE', #322 ) ;
#630 = DIRECTION ( 'NONE',  ( -0.000000000000000000, -0.000000000000000000, -1.000000000000000000 ) ) ;
#631 = EDGE_CURVE ( 'NONE', #1766, #3815, #1083, .T. ) ;
#632 = CARTESIAN_POINT ( 'NONE',  ( 0.7499999999999998890, 0.6250000000000001110, -0.02000000000000000042 ) ) ;
#633 = ORIENTED_EDGE ( 'NONE', *, *, #2289, .F. ) ;
#634 = DIRECTION ( 'NONE',  ( -0.000000000000000000, 0.000000000000000000, -1.000000000000000000 ) ) ;
#635 = VECTOR ( 'NONE', #3831, 1000.000000000000000 ) ;
#636 = FILL_AREA_STYLE_COLOUR ( '', #3919 ) ;
#637 = FILL_AREA_STYLE ('',( #3843 ) ) ;
#638 = LINE ( 'NONE', #3147, #2579 ) ;
#639 = ORIENTED_EDGE ( 'NONE', *, *, #1417, .F. ) ;
#640 = PLANE ( 'NONE',  #2073 ) ;
#641 = MECHANICAL_DESIGN_GEOMETRIC_PRESENTATION_REPRESENTATION (  '', ( #1016 ), #3928 ) ;
#642 = AXIS2_PLACEMENT_3D ( 'NONE', #3326, #1205, #4042 ) ;
#643 = STYLED_ITEM ( 'NONE', ( #4142 ), #2444 ) ;
#644 = EDGE_LOOP ( 'NONE', ( #2570, #2255, #3961, #1549 ) ) ;
#645 = CARTESIAN_POINT ( 'NONE',  ( -0.7500000000000001110, 0.6250000000000000000, 0.1300000001265289029 ) ) ;
#646 = DIRECTION ( 'NONE',  ( -0.000000000000000000, -0.000000000000000000, -1.000000000000000000 ) ) ;
#647 =( GEOMETRIC_REPRESENTATION_CONTEXT ( 3 ) GLOBAL_UNCERTAINTY_ASSIGNED_CONTEXT ( ( #3555 ) ) GLOBAL_UNIT_ASSIGNED_CONTEXT ( ( #4334, #2231, #452 ) ) REPRESENTATION_CONTEXT ( 'NONE', 'WORKASPACE' ) );
#648 = ORIENTED_EDGE ( 'NONE', *, *, #3671, .F. ) ;
#649 = AXIS2_PLACEMENT_3D ( 'NONE', #4612, #2458, #3848 ) ;
#650 = LINE ( 'NONE', #15, #3788 ) ;
#651 = COLOUR_RGB ( '',0.8039215686274510109, 0.8039215686274510109, 0.8039215686274510109 ) ;
#652 = ORIENTED_EDGE ( 'NONE', *, *, #3316, .F. ) ;
#653 = DIRECTION ( 'NONE',  ( -0.000000000000000000, -1.000000000000000000, -0.000000000000000000 ) ) ;
#654 = ORIENTED_EDGE ( 'NONE', *, *, #2211, .F. ) ;
#655 = AXIS2_PLACEMENT_3D ( 'NONE', #178, #485, #2008 ) ;
#656 = AXIS2_PLACEMENT_3D ( 'NONE', #3258, #2561, #1106 ) ;
#657 = ORIENTED_EDGE ( 'NONE', *, *, #1612, .T. ) ;
#658 = ADVANCED_FACE ( 'NONE', ( #3878 ), #1380, .F. ) ;
#659 = DIRECTION ( 'NONE',  ( 0.000000000000000000, 0.000000000000000000, -1.000000000000000000 ) ) ;
#660 = STYLED_ITEM ( 'NONE', ( #777 ), #3870 ) ;
#661 = VECTOR ( 'NONE', #606, 1000.000000000000000 ) ;
#662 = CYLINDRICAL_SURFACE ( 'NONE', #665, 0.02999999999999997113 ) ;
#663 = EDGE_CURVE ( 'NONE', #1409, #3789, #487, .T. ) ;
#664 = UNCERTAINTY_MEASURE_WITH_UNIT (LENGTH_MEASURE( 1.000000000000000082E-05 ), #37, 'distance_accuracy_value', 'NONE');
#665 = AXIS2_PLACEMENT_3D ( 'NONE', #3837, #2049, #1315 ) ;
#666 = ORIENTED_EDGE ( 'NONE', *, *, #222, .T. ) ;
#667 =( NAMED_UNIT ( * ) PLANE_ANGLE_UNIT ( ) SI_UNIT ( $, .RADIAN. ) );
#668 = CARTESIAN_POINT ( 'NONE',  ( -0.4000000000000001332, 0.6249999999999998890, -0.02000000000000000042 ) ) ;
#669 = LINE ( 'NONE', #1684, #3480 ) ;
#670 = ORIENTED_EDGE ( 'NONE', *, *, #1642, .T. ) ;
#671 = LINE ( 'NONE', #1338, #720 ) ;
#672 = EDGE_LOOP ( 'NONE', ( #3909, #3568, #2221, #2794 ) ) ;
#673 =( NAMED_UNIT ( * ) PLANE_ANGLE_UNIT ( ) SI_UNIT ( $, .RADIAN. ) );
#674 = CARTESIAN_POINT ( 'NONE',  ( 0.000000000000000000, 0.5000000000000000000, 0.1300000000000000044 ) ) ;
#675 = EDGE_LOOP ( 'NONE', ( #2721, #786, #4146, #540 ) ) ;
#676 = ORIENTED_EDGE ( 'NONE', *, *, #2465, .T. ) ;
#677 = CARTESIAN_POINT ( 'NONE',  ( 0.7499999999999998890, 0.6250000000000001110, 0.1300000000000000044 ) ) ;
#678 = DIRECTION ( 'NONE',  ( 1.000000000000000000, -6.195440985631457289E-16, 0.000000000000000000 ) ) ;
#679 = DIRECTION ( 'NONE',  ( -1.000000000000000000, 0.000000000000000000, -0.000000000000000000 ) ) ;
#680 = EDGE_CURVE ( 'NONE', #2311, #743, #1897, .T. ) ;
#681 = VERTEX_POINT ( 'NONE', #1215 ) ;
#682 = DIRECTION ( 'NONE',  ( 1.000000000000000000, 0.000000000000000000, -0.000000000000000000 ) ) ;
#683 = SURFACE_STYLE_FILL_AREA ( #973 ) ;
#684 =( NAMED_UNIT ( * ) PLANE_ANGLE_UNIT ( ) SI_UNIT ( $, .RADIAN. ) );
#685 = CIRCLE ( 'NONE', #475, 0.07499999999999998335 ) ;
#686 = EDGE_CURVE ( 'NONE', #2398, #1191, #1116, .T. ) ;
#687 = ORIENTED_EDGE ( 'NONE', *, *, #3760, .T. ) ;
#688 = VERTEX_POINT ( 'NONE', #111 ) ;
#689 = FILL_AREA_STYLE ('',( #2805 ) ) ;
#690 = ORIENTED_EDGE ( 'NONE', *, *, #982, .T. ) ;
#691 = DIRECTION ( 'NONE',  ( -0.000000000000000000, -0.000000000000000000, -1.000000000000000000 ) ) ;
#692 = ORIENTED_EDGE ( 'NONE', *, *, #2389, .T. ) ;
#693 =( NAMED_UNIT ( * ) PLANE_ANGLE_UNIT ( ) SI_UNIT ( $, .RADIAN. ) );
#694 = VERTEX_POINT ( 'NONE', #3980 ) ;
#695 = ORIENTED_EDGE ( 'NONE', *, *, #2211, .T. ) ;
#696 = DIRECTION ( 'NONE',  ( 0.000000000000000000, 0.000000000000000000, 1.000000000000000000 ) ) ;
#697 = CARTESIAN_POINT ( 'NONE',  ( 0.4000000000000000222, -0.6250000000000000000, -0.02000000000000000042 ) ) ;
#698 = PLANE ( 'NONE',  #576 ) ;
#699 = ADVANCED_BREP_SHAPE_REPRESENTATION ( 'PI3USB221AZUAEX', ( #1141, #4157, #4088, #2656, #4225, #1147, #2713, #4282, #2489, #1005, #4026, #2705, #3213 ), #2774 ) ;
#700 = DIRECTION ( 'NONE',  ( -0.000000000000000000, 1.000000000000000000, -0.000000000000000000 ) ) ;
#701 = COLOUR_RGB ( '',0.9607843137254902244, 0.9607843137254902244, 0.9607843137254902244 ) ;
#702 = FILL_AREA_STYLE ('',( #4573 ) ) ;
#703 = DIRECTION ( 'NONE',  ( 1.000000000000000000, 3.097720492815727166E-16, 0.000000000000000000 ) ) ;
#704 = EDGE_CURVE ( 'NONE', #2268, #762, #1159, .T. ) ;
#705 = DIRECTION ( 'NONE',  ( -0.000000000000000000, -1.000000000000000000, -0.000000000000000000 ) ) ;
#706 = VECTOR ( 'NONE', #2688, 1000.000000000000000 ) ;
#707 = EDGE_LOOP ( 'NONE', ( #3419, #2712, #3895, #3546 ) ) ;
#708 = PLANE ( 'NONE',  #1645 ) ;
#709 =( NAMED_UNIT ( * ) SI_UNIT ( $, .STERADIAN. ) SOLID_ANGLE_UNIT ( ) );
#710 = EDGE_LOOP ( 'NONE', ( #2369, #3468, #1751, #4357 ) ) ;
#711 = DIRECTION ( 'NONE',  ( 1.000000000000000000, 3.097720492815727166E-16, 0.000000000000000000 ) ) ;
#712 = ADVANCED_FACE ( 'NONE', ( #2591 ), #3001, .F. ) ;
#713 =( NAMED_UNIT ( * ) SI_UNIT ( $, .STERADIAN. ) SOLID_ANGLE_UNIT ( ) );
#714 =( GEOMETRIC_REPRESENTATION_CONTEXT ( 3 ) GLOBAL_UNCERTAINTY_ASSIGNED_CONTEXT ( ( #4566 ) ) GLOBAL_UNIT_ASSIGNED_CONTEXT ( ( #2451, #2409, #2849 ) ) REPRESENTATION_CONTEXT ( 'NONE', 'WORKASPACE' ) );
#715 = FACE_OUTER_BOUND ( 'NONE', #3221, .T. ) ;
#716 = MECHANICAL_DESIGN_GEOMETRIC_PRESENTATION_REPRESENTATION (  '', ( #2226 ), #123 ) ;
#717 = VECTOR ( 'NONE', #4315, 1000.000000000000000 ) ;
#718 = ORIENTED_EDGE ( 'NONE', *, *, #663, .T. ) ;
#719 = LINE ( 'NONE', #4618, #3352 ) ;
#720 = VECTOR ( 'NONE', #4264, 1000.000000000000000 ) ;
#721 = VECTOR ( 'NONE', #4287, 1000.000000000000000 ) ;
#722 = ORIENTED_EDGE ( 'NONE', *, *, #3031, .F. ) ;
#723 = DIRECTION ( 'NONE',  ( 1.000000000000000000, 0.000000000000000000, -0.000000000000000000 ) ) ;
#724 = VECTOR ( 'NONE', #3525, 1000.000000000000000 ) ;
#725 = MECHANICAL_DESIGN_GEOMETRIC_PRESENTATION_REPRESENTATION (  '', ( #4520 ), #4380 ) ;
#726 = AXIS2_PLACEMENT_3D ( 'NONE', #4346, #2585, #2939 ) ;
#727 = SURFACE_STYLE_FILL_AREA ( #1816 ) ;
#728 = SURFACE_STYLE_USAGE ( .BOTH. , #4274 ) ;
#729 = STYLED_ITEM ( 'NONE', ( #765 ), #3908 ) ;
#730 = VECTOR ( 'NONE', #274, 1000.000000000000000 ) ;
#731 = LINE ( 'NONE', #1867, #1099 ) ;
#732 = PLANE ( 'NONE',  #354 ) ;
#733 = STYLED_ITEM ( 'NONE', ( #3424 ), #4363 ) ;
#734 = SURFACE_SIDE_STYLE ('',( #3518 ) ) ;
#735 = CARTESIAN_POINT ( 'NONE',  ( -0.7500000000000001110, 0.3750000000000000000, 0.1300000000000000044 ) ) ;
#736 = ORIENTED_EDGE ( 'NONE', *, *, #4202, .F. ) ;
#737 = EDGE_CURVE ( 'NONE', #2227, #3830, #1526, .T. ) ;
#738 = FACE_OUTER_BOUND ( 'NONE', #2401, .T. ) ;
#739 = CARTESIAN_POINT ( 'NONE',  ( 0.1250000000000001110, 0.6500000000000000222, 0.1300000000000000044 ) ) ;
#740 = ORIENTED_EDGE ( 'NONE', *, *, #2948, .T. ) ;
#741 = DIRECTION ( 'NONE',  ( -0.000000000000000000, -0.000000000000000000, 1.000000000000000000 ) ) ;
#742 = CARTESIAN_POINT ( 'NONE',  ( 0.4000000000000000222, -0.1250000000000000000, 0.000000000000000000 ) ) ;
#743 = VERTEX_POINT ( 'NONE', #2646 ) ;
#744 = EDGE_CURVE ( 'NONE', #3807, #2500, #3312, .T. ) ;
#745 = DIRECTION ( 'NONE',  ( 1.000000000000000000, 3.097720492815727166E-16, 0.000000000000000000 ) ) ;
#746 = ORIENTED_EDGE ( 'NONE', *, *, #3389, .T. ) ;
#747 = CARTESIAN_POINT ( 'NONE',  ( -0.4000000000000001332, -0.3750000000000001110, 0.1300000000000000044 ) ) ;
#748 = EDGE_CURVE ( 'NONE', #989, #2227, #1547, .T. ) ;
#749 = FACE_OUTER_BOUND ( 'NONE', #1546, .T. ) ;
#750 = PLANE ( 'NONE',  #2134 ) ;
#751 =( LENGTH_UNIT ( ) NAMED_UNIT ( * ) SI_UNIT ( .MILLI., .METRE. ) );
#752 = ORIENTED_EDGE ( 'NONE', *, *, #4331, .T. ) ;
#753 = PRESENTATION_STYLE_ASSIGNMENT (( #402 ) ) ;
#754 = PLANE ( 'NONE',  #134 ) ;
#755 = EDGE_LOOP ( 'NONE', ( #1511, #558, #1674, #599 ) ) ;
#756 = CARTESIAN_POINT ( 'NONE',  ( -0.7500000000000001110, -0.3750000000000000000, -0.02000000000000000042 ) ) ;
#757 = EDGE_LOOP ( 'NONE', ( #93, #3667, #2722, #1286 ) ) ;
#758 = PRESENTATION_STYLE_ASSIGNMENT (( #1156 ) ) ;
#759 = DIRECTION ( 'NONE',  ( 0.000000000000000000, 0.000000000000000000, -1.000000000000000000 ) ) ;
#760 = ORIENTED_EDGE ( 'NONE', *, *, #3432, .F. ) ;
#761 = SURFACE_SIDE_STYLE ('',( #2925 ) ) ;
#762 = VERTEX_POINT ( 'NONE', #2548 ) ;
#763 = DIRECTION ( 'NONE',  ( 0.000000000000000000, 1.000000000000000000, 0.000000000000000000 ) ) ;
#764 = ORIENTED_EDGE ( 'NONE', *, *, #4359, .F. ) ;
#765 = PRESENTATION_STYLE_ASSIGNMENT (( #1811 ) ) ;
#766 = ORIENTED_EDGE ( 'NONE', *, *, #3234, .T. ) ;
#767 =( NAMED_UNIT ( * ) SI_UNIT ( $, .STERADIAN. ) SOLID_ANGLE_UNIT ( ) );
#768 = EDGE_CURVE ( 'NONE', #4428, #3240, #853, .T. ) ;
#769 = SURFACE_SIDE_STYLE ('',( #727 ) ) ;
#770 = CARTESIAN_POINT ( 'NONE',  ( -0.4000000000000001332, 0.1249999999999998890, 0.1300000001265289029 ) ) ;
#771 = ADVANCED_FACE ( 'NONE', ( #4351 ), #780, .T. ) ;
#772 = LINE ( 'NONE', #1130, #4526 ) ;
#773 = DIRECTION ( 'NONE',  ( 1.000000000000000000, 0.000000000000000000, -0.000000000000000000 ) ) ;
#774 = DIRECTION ( 'NONE',  ( 1.000000000000000000, 0.000000000000000000, -0.000000000000000000 ) ) ;
#775 = ORIENTED_EDGE ( 'NONE', *, *, #3401, .T. ) ;
#776 =( GEOMETRIC_REPRESENTATION_CONTEXT ( 3 ) GLOBAL_UNCERTAINTY_ASSIGNED_CONTEXT ( ( #2259 ) ) GLOBAL_UNIT_ASSIGNED_CONTEXT ( ( #4423, #2690, #1216 ) ) REPRESENTATION_CONTEXT ( 'NONE', 'WORKASPACE' ) );
#777 = PRESENTATION_STYLE_ASSIGNMENT (( #86 ) ) ;
#778 = CARTESIAN_POINT ( 'NONE',  ( 0.1250000000000001665, -0.6499999999999999112, -0.02000000000000000042 ) ) ;
#779 = ORIENTED_EDGE ( 'NONE', *, *, #686, .F. ) ;
#780 = PLANE ( 'NONE',  #582 ) ;
#781 = CARTESIAN_POINT ( 'NONE',  ( -0.1249999999999999167, 0.6500000000000000222, -0.02000000000000000042 ) ) ;
#782 = CARTESIAN_POINT ( 'NONE',  ( -0.4000000000000001332, 0.8750000000000001110, -0.02000000000000000042 ) ) ;
#783 = ORIENTED_EDGE ( 'NONE', *, *, #4525, .F. ) ;
#784 =( LENGTH_UNIT ( ) NAMED_UNIT ( * ) SI_UNIT ( .MILLI., .METRE. ) );
#785 = COLOUR_RGB ( '',0.2862745098039215508, 0.2862745098039215508, 0.2862745098039215508 ) ;
#786 = ORIENTED_EDGE ( 'NONE', *, *, #2407, .T. ) ;
#787 = COLOUR_RGB ( '',0.2862745098039215508, 0.2862745098039215508, 0.2862745098039215508 ) ;
#788 = FILL_AREA_STYLE ('',( #2931 ) ) ;
#789 = STYLED_ITEM ( 'NONE', ( #2275 ), #378 ) ;
#790 = AXIS2_PLACEMENT_3D ( 'NONE', #3305, #4397, #1934 ) ;
#791 = VECTOR ( 'NONE', #2286, 1000.000000000000000 ) ;
#792 = DIRECTION ( 'NONE',  ( -1.000000000000000000, 6.195440985631456303E-16, 0.000000000000000000 ) ) ;
#793 = EDGE_CURVE ( 'NONE', #2477, #2318, #3293, .T. ) ;
#794 = LINE ( 'NONE', #1652, #2507 ) ;
#795 = VECTOR ( 'NONE', #711, 1000.000000000000000 ) ;
#796 = CARTESIAN_POINT ( 'NONE',  ( -0.7500000000000001110, 0.8750000000000000000, 0.1300000000000000044 ) ) ;
#797 = PRESENTATION_LAYER_ASSIGNMENT (  '', '', ( #3638 ) ) ;
#798 =( GEOMETRIC_REPRESENTATION_CONTEXT ( 3 ) GLOBAL_UNCERTAINTY_ASSIGNED_CONTEXT ( ( #333 ) ) GLOBAL_UNIT_ASSIGNED_CONTEXT ( ( #4418, #2619, #828 ) ) REPRESENTATION_CONTEXT ( 'NONE', 'WORKASPACE' ) );
#799 = UNCERTAINTY_MEASURE_WITH_UNIT (LENGTH_MEASURE( 1.000000000000000082E-05 ), #323, 'distance_accuracy_value', 'NONE');
#800 = AXIS2_PLACEMENT_3D ( 'NONE', #4298, #3610, #401 ) ;
#801 = LINE ( 'NONE', #4319, #3495 ) ;
#802 = ADVANCED_FACE ( 'NONE', ( #2689 ), #2733, .F. ) ;
#803 = STYLED_ITEM ( 'NONE', ( #1349 ), #2705 ) ;
#804 = LINE ( 'NONE', #3661, #1174 ) ;
#805 = DIRECTION ( 'NONE',  ( -1.000000000000000000, -6.195440985631457289E-16, 0.000000000000000000 ) ) ;
#806 = SURFACE_STYLE_FILL_AREA ( #459 ) ;
#807 = SURFACE_SIDE_STYLE ('',( #3999 ) ) ;
#808 = LINE ( 'NONE', #3664, #131 ) ;
#809 = VERTEX_POINT ( 'NONE', #2333 ) ;
#810 = EDGE_CURVE ( 'NONE', #2398, #1095, #2664, .T. ) ;
#811 = CARTESIAN_POINT ( 'NONE',  ( -0.7500000000000001110, -0.8750000000000000000, -0.02000000000000000042 ) ) ;
#812 = ORIENTED_EDGE ( 'NONE', *, *, #546, .T. ) ;
#813 = FILL_AREA_STYLE ('',( #1474 ) ) ;
#814 = SURFACE_STYLE_FILL_AREA ( #2945 ) ;
#815 = CARTESIAN_POINT ( 'NONE',  ( -0.1250000000000003331, -0.6499999999999998002, 0.1300000000000002265 ) ) ;
#816 = CIRCLE ( 'NONE', #4165, 0.02999999999999997113 ) ;
#817 = ORIENTED_EDGE ( 'NONE', *, *, #3161, .F. ) ;
#818 = VERTEX_POINT ( 'NONE', #3750 ) ;
#819 = SURFACE_STYLE_USAGE ( .BOTH. , #1514 ) ;
#820 = LINE ( 'NONE', #3278, #4504 ) ;
#821 = CARTESIAN_POINT ( 'NONE',  ( 0.7499999999999998890, 0.3749999999999997780, 0.1300000000000000044 ) ) ;
#822 = PLANE ( 'NONE',  #4288 ) ;
#823 = CARTESIAN_POINT ( 'NONE',  ( 0.1250000000000001110, 0.6500000000000000222, 0.1300000000000000044 ) ) ;
#824 = LINE ( 'NONE', #3678, #4222 ) ;
#825 = DIRECTION ( 'NONE',  ( 0.000000000000000000, 0.000000000000000000, 1.000000000000000000 ) ) ;
#826 = SURFACE_STYLE_USAGE ( .BOTH. , #4464 ) ;
#827 = SURFACE_STYLE_USAGE ( .BOTH. , #4373 ) ;
#828 =( NAMED_UNIT ( * ) SI_UNIT ( $, .STERADIAN. ) SOLID_ANGLE_UNIT ( ) );
#829 = EDGE_CURVE ( 'NONE', #1529, #2418, #3708, .T. ) ;
#830 = ORIENTED_EDGE ( 'NONE', *, *, #663, .F. ) ;
#831 = SURFACE_SIDE_STYLE ('',( #1578 ) ) ;
#832 = ORIENTED_EDGE ( 'NONE', *, *, #3016, .T. ) ;
#833 = DIRECTION ( 'NONE',  ( -0.000000000000000000, -0.000000000000000000, -1.000000000000000000 ) ) ;
#834 = CARTESIAN_POINT ( 'NONE',  ( -0.7500000000000001110, -0.6250000000000000000, 0.000000000000000000 ) ) ;
#835 = CARTESIAN_POINT ( 'NONE',  ( 0.4000000000000000222, -0.1250000000000000000, -0.02000000000000000042 ) ) ;
#836 = ADVANCED_FACE ( 'NONE', ( #554 ), #1683, .T. ) ;
#837 = VERTEX_POINT ( 'NONE', #4506 ) ;
#838 = ORIENTED_EDGE ( 'NONE', *, *, #4108, .T. ) ;
#839 = FILL_AREA_STYLE ('',( #3317 ) ) ;
#840 = CARTESIAN_POINT ( 'NONE',  ( -0.1250000000000003331, -0.6499999999999998002, -0.02000000000000000042 ) ) ;
#841 = EDGE_CURVE ( 'NONE', #4542, #1409, #1978, .T. ) ;
#842 = SURFACE_SIDE_STYLE ('',( #2555 ) ) ;
#843 = ORIENTED_EDGE ( 'NONE', *, *, #2206, .F. ) ;
#844 = DIRECTION ( 'NONE',  ( -2.323290369611795991E-16, -1.000000000000000000, 0.000000000000000000 ) ) ;
#845 =( LENGTH_UNIT ( ) NAMED_UNIT ( * ) SI_UNIT ( .MILLI., .METRE. ) );
#846 = PRESENTATION_STYLE_ASSIGNMENT (( #1573 ) ) ;
#847 = DIRECTION ( 'NONE',  ( 1.000000000000000000, -3.097720492815727166E-16, 0.000000000000000000 ) ) ;
#848 = VERTEX_POINT ( 'NONE', #1329 ) ;
#849 = LINE ( 'NONE', #876, #55 ) ;
#850 = EDGE_CURVE ( 'NONE', #3983, #2517, #2353, .T. ) ;
#851 = PRESENTATION_STYLE_ASSIGNMENT (( #3748 ) ) ;
#852 = LINE ( 'NONE', #2257, #1246 ) ;
#853 = LINE ( 'NONE', #3596, #2228 ) ;
#854 = FILL_AREA_STYLE ('',( #881 ) ) ;
#855 = ORIENTED_EDGE ( 'NONE', *, *, #4401, .F. ) ;
#856 = LINE ( 'NONE', #2665, #791 ) ;
#857 = ORIENTED_EDGE ( 'NONE', *, *, #2700, .F. ) ;
#858 = FACE_OUTER_BOUND ( 'NONE', #710, .T. ) ;
#859 = ADVANCED_FACE ( 'NONE', ( #2035 ), #156, .F. ) ;
#860 = FILL_AREA_STYLE ('',( #4388 ) ) ;
#861 = LINE ( 'NONE', #3045, #940 ) ;
#862 = CLOSED_SHELL ( 'NONE', ( #2989, #3724, #1266, #802, #3446, #206 ) ) ;
#863 = AXIS2_PLACEMENT_3D ( 'NONE', #3319, #118, #2185 ) ;
#864 =( NAMED_UNIT ( * ) SI_UNIT ( $, .STERADIAN. ) SOLID_ANGLE_UNIT ( ) );
#865 = COLOUR_RGB ( '',0.2862745098039215508, 0.2862745098039215508, 0.2862745098039215508 ) ;
#866 = VECTOR ( 'NONE', #3575, 1000.000000000000000 ) ;
#867 =( GEOMETRIC_REPRESENTATION_CONTEXT ( 3 ) GLOBAL_UNCERTAINTY_ASSIGNED_CONTEXT ( ( #1071 ) ) GLOBAL_UNIT_ASSIGNED_CONTEXT ( ( #4203, #3819, #2755 ) ) REPRESENTATION_CONTEXT ( 'NONE', 'WORKASPACE' ) );
#868 = PLANE ( 'NONE',  #2071 ) ;
#869 = AXIS2_PLACEMENT_3D ( 'NONE', #811, #2942, #385 ) ;
#870 = VECTOR ( 'NONE', #4000, 1000.000000000000000 ) ;
#871 = DIRECTION ( 'NONE',  ( -0.000000000000000000, -0.000000000000000000, -1.000000000000000000 ) ) ;
#872 = FILL_AREA_STYLE ('',( #3767 ) ) ;
#873 = PRESENTATION_LAYER_ASSIGNMENT (  '', '', ( #1331 ) ) ;
#874 = VECTOR ( 'NONE', #700, 1000.000000000000000 ) ;
#875 = EDGE_LOOP ( 'NONE', ( #1776, #2835, #3673 ) ) ;
#876 = CARTESIAN_POINT ( 'NONE',  ( 0.7499999999999998890, 0.6250000000000001110, -0.02000000000000000042 ) ) ;
#877 = LINE ( 'NONE', #922, #3190 ) ;
#878 = DIRECTION ( 'NONE',  ( 1.000000000000000000, 0.000000000000000000, -0.000000000000000000 ) ) ;
#879 = VECTOR ( 'NONE', #825, 1000.000000000000000 ) ;
#880 = FILL_AREA_STYLE_COLOUR ( '', #2089 ) ;
#881 = FILL_AREA_STYLE_COLOUR ( '', #701 ) ;
#882 = DIRECTION ( 'NONE',  ( 0.000000000000000000, -1.000000000000000000, 0.000000000000000000 ) ) ;
#883 = ADVANCED_FACE ( 'NONE', ( #518 ), #924, .F. ) ;
#884 = EDGE_LOOP ( 'NONE', ( #1759, #1340, #4107, #1522 ) ) ;
#885 = VECTOR ( 'NONE', #3411, 1000.000000000000000 ) ;
#886 = CARTESIAN_POINT ( 'NONE',  ( 0.1249999999999999167, 1.000000000000000222, 0.1300000000000002265 ) ) ;
#887 = CARTESIAN_POINT ( 'NONE',  ( -0.4000000000000001332, 0.3750000000000001110, 0.1300000000000000044 ) ) ;
#888 = DIRECTION ( 'NONE',  ( -0.000000000000000000, -0.000000000000000000, -1.000000000000000000 ) ) ;
#889 = COLOUR_RGB ( '',0.2862745098039215508, 0.2862745098039215508, 0.2862745098039215508 ) ;
#890 = EDGE_CURVE ( 'NONE', #3315, #3730, #2411, .T. ) ;
#891 = AXIS2_PLACEMENT_3D ( 'NONE', #561, #3321, #4433 ) ;
#892 = SURFACE_SIDE_STYLE ('',( #3394 ) ) ;
#893 = EDGE_CURVE ( 'NONE', #2399, #1766, #4238, .T. ) ;
#894 = DIRECTION ( 'NONE',  ( 0.000000000000000000, 1.000000000000000000, 0.000000000000000000 ) ) ;
#895 = LINE ( 'NONE', #2327, #3259 ) ;
#896 = CARTESIAN_POINT ( 'NONE',  ( -0.1250000000000003886, -0.6499999999999998002, 0.000000000000000000 ) ) ;
#897 =( LENGTH_UNIT ( ) NAMED_UNIT ( * ) SI_UNIT ( .MILLI., .METRE. ) );
#898 = VERTEX_POINT ( 'NONE', #335 ) ;
#899 = FILL_AREA_STYLE_COLOUR ( '', #3422 ) ;
#900 = PLANE ( 'NONE',  #4143 ) ;
#901 = DIRECTION ( 'NONE',  ( -1.000000000000000000, 0.000000000000000000, -0.000000000000000000 ) ) ;
#902 = CARTESIAN_POINT ( 'NONE',  ( -0.4000000000000001332, 0.1249999999999998890, -0.02000000000000000042 ) ) ;
#903 = DIRECTION ( 'NONE',  ( 1.000000000000000000, 0.000000000000000000, -0.000000000000000000 ) ) ;
#904 = VERTEX_POINT ( 'NONE', #3218 ) ;
#905 = ORIENTED_EDGE ( 'NONE', *, *, #4300, .F. ) ;
#906 = DIRECTION ( 'NONE',  ( -0.000000000000000000, -0.000000000000000000, 1.000000000000000000 ) ) ;
#907 = SURFACE_SIDE_STYLE ('',( #3441 ) ) ;
#908 = UNCERTAINTY_MEASURE_WITH_UNIT (LENGTH_MEASURE( 1.000000000000000082E-05 ), #470, 'distance_accuracy_value', 'NONE');
#909 =( NAMED_UNIT ( * ) SI_UNIT ( $, .STERADIAN. ) SOLID_ANGLE_UNIT ( ) );
#910 = ORIENTED_EDGE ( 'NONE', *, *, #768, .F. ) ;
#911 = ORIENTED_EDGE ( 'NONE', *, *, #631, .F. ) ;
#912 = EDGE_CURVE ( 'NONE', #4167, #4290, #4574, .T. ) ;
#913 = SURFACE_STYLE_USAGE ( .BOTH. , #4159 ) ;
#914 = EDGE_LOOP ( 'NONE', ( #2771, #1001, #1732, #2554 ) ) ;
#915 = SURFACE_STYLE_FILL_AREA ( #4109 ) ;
#916 = FACE_OUTER_BOUND ( 'NONE', #1704, .T. ) ;
#917 = ADVANCED_FACE ( 'NONE', ( #299 ), #2850, .F. ) ;
#918 = DIRECTION ( 'NONE',  ( -1.000000000000000000, 0.000000000000000000, 0.000000000000000000 ) ) ;
#919 = LINE ( 'NONE', #3745, #418 ) ;
#920 = FACE_OUTER_BOUND ( 'NONE', #3614, .T. ) ;
#921 = VERTEX_POINT ( 'NONE', #2491 ) ;
#922 = CARTESIAN_POINT ( 'NONE',  ( -0.4000000000000001332, 0.3750000000000001110, -0.02000000000000000042 ) ) ;
#923 = SURFACE_STYLE_USAGE ( .BOTH. , #1282 ) ;
#924 = PLANE ( 'NONE',  #2005 ) ;
#925 = CARTESIAN_POINT ( 'NONE',  ( -0.4000000000000001332, -0.1249999999999998890, 0.000000000000000000 ) ) ;
#926 = ORIENTED_EDGE ( 'NONE', *, *, #2276, .T. ) ;
#927 = DIRECTION ( 'NONE',  ( -0.000000000000000000, 0.000000000000000000, 1.000000000000000000 ) ) ;
#928 = VERTEX_POINT ( 'NONE', #2125 ) ;
#929 = FACE_OUTER_BOUND ( 'NONE', #1831, .T. ) ;
#930 = DIRECTION ( 'NONE',  ( 0.000000000000000000, -1.000000000000000000, 0.000000000000000000 ) ) ;
#931 = VERTEX_POINT ( 'NONE', #3537 ) ;
#932 = AXIS2_PLACEMENT_3D ( 'NONE', #2056, #3471, #1710 ) ;
#933 = EDGE_LOOP ( 'NONE', ( #4449, #2250, #3478, #236 ) ) ;
#934 = DIRECTION ( 'NONE',  ( -0.000000000000000000, 0.000000000000000000, 1.000000000000000000 ) ) ;
#935 = COLOUR_RGB ( '',0.2862745098039215508, 0.2862745098039215508, 0.2862745098039215508 ) ;
#936 = ADVANCED_FACE ( 'NONE', ( #1771 ), #1373, .F. ) ;
#937 = FACE_OUTER_BOUND ( 'NONE', #2694, .T. ) ;
#938 =( NAMED_UNIT ( * ) PLANE_ANGLE_UNIT ( ) SI_UNIT ( $, .RADIAN. ) );
#939 = CARTESIAN_POINT ( 'NONE',  ( -0.7500000000000001110, 0.6250000000000000000, 0.1300000000000000044 ) ) ;
#940 = VECTOR ( 'NONE', #3008, 1000.000000000000000 ) ;
#941 = CARTESIAN_POINT ( 'NONE',  ( -0.5700000000000001732, 0.8200000000000000622, 0.6199999999999999956 ) ) ;
#942 = EDGE_CURVE ( 'NONE', #2547, #2870, #4535, .T. ) ;
#943 = VERTEX_POINT ( 'NONE', #4209 ) ;
#944 = PRESENTATION_LAYER_ASSIGNMENT (  '', '', ( #3412 ) ) ;
#945 = STYLED_ITEM ( 'NONE', ( #851 ), #3465 ) ;
#946 = AXIS2_PLACEMENT_3D ( 'NONE', #3598, #92, #1086 ) ;
#947 =( NAMED_UNIT ( * ) SI_UNIT ( $, .STERADIAN. ) SOLID_ANGLE_UNIT ( ) );
#948 = SURFACE_STYLE_USAGE ( .BOTH. , #1328 ) ;
#949 = CARTESIAN_POINT ( 'NONE',  ( 0.000000000000000000, 0.000000000000000000, -0.02000000000000000042 ) ) ;
#950 = CARTESIAN_POINT ( 'NONE',  ( -0.5700000000000001732, 0.8200000000000000622, 0.6199999999999999956 ) ) ;
#951 = VECTOR ( 'NONE', #4614, 1000.000000000000000 ) ;
#952 = CARTESIAN_POINT ( 'NONE',  ( -0.7500000000000001110, -0.3750000000000000000, 0.000000000000000000 ) ) ;
#953 = COLOUR_RGB ( '',0.2862745098039215508, 0.2862745098039215508, 0.2862745098039215508 ) ;
#954 = COLOUR_RGB ( '',0.2862745098039215508, 0.2862745098039215508, 0.2862745098039215508 ) ;
#955 = ADVANCED_FACE ( 'NONE', ( #2829 ), #3496, .F. ) ;
#956 = VERTEX_POINT ( 'NONE', #668 ) ;
#957 = COLOUR_RGB ( '',0.2862745098039215508, 0.2862745098039215508, 0.2862745098039215508 ) ;
#958 = DIRECTION ( 'NONE',  ( -1.000000000000000000, 3.097720492815727166E-16, -0.000000000000000000 ) ) ;
#959 = AXIS2_PLACEMENT_3D ( 'NONE', #2545, #2853, #405 ) ;
#960 = SURFACE_SIDE_STYLE ('',( #4084 ) ) ;
#961 = PLANE ( 'NONE',  #2219 ) ;
#962 = VECTOR ( 'NONE', #192, 1000.000000000000000 ) ;
#963 = ORIENTED_EDGE ( 'NONE', *, *, #4108, .F. ) ;
#964 = EDGE_LOOP ( 'NONE', ( #3534, #67, #722, #491 ) ) ;
#965 = PRESENTATION_LAYER_ASSIGNMENT (  '', '', ( #2991 ) ) ;
#966 = DIRECTION ( 'NONE',  ( -1.000000000000000000, 0.000000000000000000, -0.000000000000000000 ) ) ;
#967 = VECTOR ( 'NONE', #3510, 1000.000000000000000 ) ;
#968 = CARTESIAN_POINT ( 'NONE',  ( -0.4000000000000001332, 0.1249999999999998890, 0.000000000000000000 ) ) ;
#969 = DIRECTION ( 'NONE',  ( 1.000000000000000000, -0.000000000000000000, 0.000000000000000000 ) ) ;
#970 = PRESENTATION_STYLE_ASSIGNMENT (( #1319 ) ) ;
#971 = PRODUCT_DEFINITION_FORMATION_WITH_SPECIFIED_SOURCE ( 'ANY', '', #3583, .NOT_KNOWN. ) ;
#972 = ORIENTED_EDGE ( 'NONE', *, *, #3180, .F. ) ;
#973 = FILL_AREA_STYLE ('',( #636 ) ) ;
#974 = DIRECTION ( 'NONE',  ( 1.000000000000000000, 0.000000000000000000, 0.000000000000000000 ) ) ;
#975 = EDGE_CURVE ( 'NONE', #1008, #4167, #3906, .T. ) ;
#976 = FACE_OUTER_BOUND ( 'NONE', #3672, .T. ) ;
#977 = FILL_AREA_STYLE_COLOUR ( '', #2674 ) ;
#978 = ORIENTED_EDGE ( 'NONE', *, *, #2904, .T. ) ;
#979 = SURFACE_STYLE_USAGE ( .BOTH. , #1358 ) ;
#980 = VERTEX_POINT ( 'NONE', #1445 ) ;
#981 = CARTESIAN_POINT ( 'NONE',  ( -0.5700000000000001732, 0.8200000000000000622, 0.6199999999999999956 ) ) ;
#982 = EDGE_CURVE ( 'NONE', #681, #1868, #1260, .T. ) ;
#983 = ORIENTED_EDGE ( 'NONE', *, *, #3544, .F. ) ;
#984 = EDGE_CURVE ( 'NONE', #2812, #4542, #2106, .T. ) ;
#985 = ORIENTED_EDGE ( 'NONE', *, *, #2750, .F. ) ;
#986 = CARTESIAN_POINT ( 'NONE',  ( -0.5700000000000001732, 0.8200000000000000622, 0.6199999999999999956 ) ) ;
#987 = DIRECTION ( 'NONE',  ( 1.000000000000000000, 0.000000000000000000, 0.000000000000000000 ) ) ;
#988 = LINE ( 'NONE', #3818, #3042 ) ;
#989 = VERTEX_POINT ( 'NONE', #267 ) ;
#990 = PRESENTATION_STYLE_ASSIGNMENT (( #2449 ) ) ;
#991 = CARTESIAN_POINT ( 'NONE',  ( -0.5700000000000001732, 0.8200000000000000622, 0.6300000000000000044 ) ) ;
#992 = FACE_OUTER_BOUND ( 'NONE', #2642, .T. ) ;
#993 = DIRECTION ( 'NONE',  ( 1.000000000000000000, 0.000000000000000000, -0.000000000000000000 ) ) ;
#994 = CARTESIAN_POINT ( 'NONE',  ( 0.7499999999999998890, -0.6250000000000002220, -0.02000000000000000042 ) ) ;
#995 = ORIENTED_EDGE ( 'NONE', *, *, #631, .T. ) ;
#996 = ADVANCED_FACE ( 'NONE', ( #1709 ), #1014, .T. ) ;
#997 = DIRECTION ( 'NONE',  ( -0.000000000000000000, -0.000000000000000000, -1.000000000000000000 ) ) ;
#998 = ORIENTED_EDGE ( 'NONE', *, *, #2810, .T. ) ;
#999 = FILL_AREA_STYLE ('',( #364 ) ) ;
#1000 =( NAMED_UNIT ( * ) SI_UNIT ( $, .STERADIAN. ) SOLID_ANGLE_UNIT ( ) );
#1001 = ORIENTED_EDGE ( 'NONE', *, *, #396, .F. ) ;
#1002 = ADVANCED_FACE ( 'NONE', ( #992 ), #2430, .F. ) ;
#1003 = VERTEX_POINT ( 'NONE', #1842 ) ;
#1004 = LINE ( 'NONE', #1748, #967 ) ;
#1005 = MANIFOLD_SOLID_BREP ( 'Cut-Extrude6', #1695 ) ;
#1006 = CARTESIAN_POINT ( 'NONE',  ( -0.7500000000000001110, 0.6250000000000000000, -0.02000000000000000042 ) ) ;
#1007 =( GEOMETRIC_REPRESENTATION_CONTEXT ( 3 ) GLOBAL_UNCERTAINTY_ASSIGNED_CONTEXT ( ( #330 ) ) GLOBAL_UNIT_ASSIGNED_CONTEXT ( ( #2645, #135, #233 ) ) REPRESENTATION_CONTEXT ( 'NONE', 'WORKASPACE' ) );
#1008 = VERTEX_POINT ( 'NONE', #2618 ) ;
#1009 = MECHANICAL_DESIGN_GEOMETRIC_PRESENTATION_REPRESENTATION (  '', ( #270 ), #193 ) ;
#1010 = DIRECTION ( 'NONE',  ( 0.000000000000000000, 0.000000000000000000, 1.000000000000000000 ) ) ;
#1011 = FILL_AREA_STYLE_COLOUR ( '', #429 ) ;
#1012 = MECHANICAL_DESIGN_GEOMETRIC_PRESENTATION_REPRESENTATION (  '', ( #1628 ), #4584 ) ;
#1013 = SURFACE_SIDE_STYLE ('',( #683 ) ) ;
#1014 = PLANE ( 'NONE',  #587 ) ;
#1015 = DIRECTION ( 'NONE',  ( -0.000000000000000000, 1.000000000000000000, -0.000000000000000000 ) ) ;
#1016 = STYLED_ITEM ( 'NONE', ( #3674 ), #400 ) ;
#1017 = EDGE_LOOP ( 'NONE', ( #4488, #96, #4551, #2729 ) ) ;
#1018 = SURFACE_STYLE_FILL_AREA ( #689 ) ;
#1019 = EDGE_LOOP ( 'NONE', ( #175, #1725, #2128, #1648 ) ) ;
#1020 = LINE ( 'NONE', #4558, #3859 ) ;
#1021 = DIRECTION ( 'NONE',  ( 0.000000000000000000, 1.000000000000000000, 0.000000000000000000 ) ) ;
#1022 = EDGE_CURVE ( 'NONE', #588, #694, #2966, .T. ) ;
#1023 = VERTEX_POINT ( 'NONE', #105 ) ;
#1024 = ORIENTED_EDGE ( 'NONE', *, *, #4336, .F. ) ;
#1025 = MECHANICAL_DESIGN_GEOMETRIC_PRESENTATION_REPRESENTATION (  '', ( #2900 ), #1639 ) ;
#1026 =( GEOMETRIC_REPRESENTATION_CONTEXT ( 3 ) GLOBAL_UNCERTAINTY_ASSIGNED_CONTEXT ( ( #2349 ) ) GLOBAL_UNIT_ASSIGNED_CONTEXT ( ( #751, #399, #2915 ) ) REPRESENTATION_CONTEXT ( 'NONE', 'WORKASPACE' ) );
#1027 = ORIENTED_EDGE ( 'NONE', *, *, #3585, .T. ) ;
#1028 = MECHANICAL_DESIGN_GEOMETRIC_PRESENTATION_REPRESENTATION (  '', ( #435 ), #117 ) ;
#1029 =( NAMED_UNIT ( * ) SI_UNIT ( $, .STERADIAN. ) SOLID_ANGLE_UNIT ( ) );
#1030 = VECTOR ( 'NONE', #3030, 1000.000000000000000 ) ;
#1031 = ADVANCED_FACE ( 'NONE', ( #3590 ), #754, .F. ) ;
#1032 = DIRECTION ( 'NONE',  ( 7.744301232039317914E-17, 1.000000000000000000, -0.000000000000000000 ) ) ;
#1033 = DIRECTION ( 'NONE',  ( -8.673617379884042375E-16, -1.000000000000000000, 0.000000000000000000 ) ) ;
#1034 = UNCERTAINTY_MEASURE_WITH_UNIT (LENGTH_MEASURE( 1.000000000000000082E-05 ), #3162, 'distance_accuracy_value', 'NONE');
#1035 = EDGE_CURVE ( 'NONE', #989, #3527, #2639, .T. ) ;
#1036 = MECHANICAL_DESIGN_GEOMETRIC_PRESENTATION_REPRESENTATION (  '', ( #733 ), #1109 ) ;
#1037 = ORIENTED_EDGE ( 'NONE', *, *, #1469, .T. ) ;
#1038 = UNCERTAINTY_MEASURE_WITH_UNIT (LENGTH_MEASURE( 1.000000000000000082E-05 ), #1598, 'distance_accuracy_value', 'NONE');
#1039 = PRESENTATION_STYLE_ASSIGNMENT (( #1423 ) ) ;
#1040 = CARTESIAN_POINT ( 'NONE',  ( 0.7499999999999998890, 0.8749999999999997780, 0.000000000000000000 ) ) ;
#1041 = EDGE_LOOP ( 'NONE', ( #2876, #3060, #2947, #1063 ) ) ;
#1042 = DIRECTION ( 'NONE',  ( -1.000000000000000000, 0.000000000000000000, -0.000000000000000000 ) ) ;
#1043 = ORIENTED_EDGE ( 'NONE', *, *, #3903, .F. ) ;
#1044 = LINE ( 'NONE', #306, #724 ) ;
#1045 = ORIENTED_EDGE ( 'NONE', *, *, #2522, .T. ) ;
#1046 = PRESENTATION_STYLE_ASSIGNMENT (( #4247 ) ) ;
#1047 = ORIENTED_EDGE ( 'NONE', *, *, #527, .T. ) ;
#1048 = VERTEX_POINT ( 'NONE', #509 ) ;
#1049 = DIRECTION ( 'NONE',  ( -0.000000000000000000, -0.000000000000000000, -1.000000000000000000 ) ) ;
#1050 = EDGE_CURVE ( 'NONE', #605, #1766, #3642, .T. ) ;
#1051 = DIRECTION ( 'NONE',  ( -1.000000000000000000, 3.097720492815727166E-16, -0.000000000000000000 ) ) ;
#1052 = ORIENTED_EDGE ( 'NONE', *, *, #1437, .F. ) ;
#1053 = ADVANCED_FACE ( 'NONE', ( #1207 ), #4352, .F. ) ;
#1054 = SURFACE_STYLE_FILL_AREA ( #56 ) ;
#1055 = DIRECTION ( 'NONE',  ( -6.195440985631457289E-16, 1.000000000000000000, 0.000000000000000000 ) ) ;
#1056 = SURFACE_STYLE_USAGE ( .BOTH. , #316 ) ;
#1057 = DIRECTION ( 'NONE',  ( -3.097720492815727166E-16, 1.000000000000000000, 0.000000000000000000 ) ) ;
#1058 = VERTEX_POINT ( 'NONE', #3619 ) ;
#1059 =( NAMED_UNIT ( * ) PLANE_ANGLE_UNIT ( ) SI_UNIT ( $, .RADIAN. ) );
#1060 = EDGE_LOOP ( 'NONE', ( #3228, #4156, #1480, #2940 ) ) ;
#1061 = DIRECTION ( 'NONE',  ( -0.000000000000000000, 0.000000000000000000, 1.000000000000000000 ) ) ;
#1062 = PLANE ( 'NONE',  #1324 ) ;
#1063 = ORIENTED_EDGE ( 'NONE', *, *, #3604, .T. ) ;
#1064 = SURFACE_STYLE_FILL_AREA ( #999 ) ;
#1065 = CARTESIAN_POINT ( 'NONE',  ( 0.4000000000000000222, -0.1250000000000000000, 0.1300000000128420652 ) ) ;
#1066 = EDGE_LOOP ( 'NONE', ( #3643, #736, #1852, #595 ) ) ;
#1067 = ORIENTED_EDGE ( 'NONE', *, *, #2948, .F. ) ;
#1068 = DIRECTION ( 'NONE',  ( 1.000000000000000000, -3.097720492815727166E-16, 0.000000000000000000 ) ) ;
#1069 = CARTESIAN_POINT ( 'NONE',  ( 0.7199999999999999734, -0.9700000000000000844, 0.6000000000000000888 ) ) ;
#1070 =( NAMED_UNIT ( * ) PLANE_ANGLE_UNIT ( ) SI_UNIT ( $, .RADIAN. ) );
#1071 = UNCERTAINTY_MEASURE_WITH_UNIT (LENGTH_MEASURE( 1.000000000000000082E-05 ), #4203, 'distance_accuracy_value', 'NONE');
#1072 = PLANE ( 'NONE',  #932 ) ;
#1073 = ADVANCED_FACE ( 'NONE', ( #2568 ), #1527, .F. ) ;
#1074 = CARTESIAN_POINT ( 'NONE',  ( 0.7499999999999998890, 0.1250000000000001110, -0.02000000000000000042 ) ) ;
#1075 = VECTOR ( 'NONE', #3773, 1000.000000000000000 ) ;
#1076 = CARTESIAN_POINT ( 'NONE',  ( -0.7500000000000001110, 0.3750000000000000000, -0.02000000000000000042 ) ) ;
#1077 = EDGE_CURVE ( 'NONE', #1369, #1264, #1784, .T. ) ;
#1078 = STYLED_ITEM ( 'NONE', ( #2285 ), #51 ) ;
#1079 = ORIENTED_EDGE ( 'NONE', *, *, #2186, .F. ) ;
#1080 = COLOUR_RGB ( '',0.2862745098039215508, 0.2862745098039215508, 0.2862745098039215508 ) ;
#1081 = LINE ( 'NONE', #778, #2826 ) ;
#1082 = ORIENTED_EDGE ( 'NONE', *, *, #2499, .T. ) ;
#1083 = LINE ( 'NONE', #4266, #3557 ) ;
#1084 = DIRECTION ( 'NONE',  ( 1.000000000000000000, 3.097720492815727166E-16, 0.000000000000000000 ) ) ;
#1085 = AXIS2_PLACEMENT_3D ( 'NONE', #149, #1594, #3765 ) ;
#1086 = DIRECTION ( 'NONE',  ( 1.000000000000000000, 0.000000000000000000, 0.000000000000000000 ) ) ;
#1087 = MECHANICAL_DESIGN_GEOMETRIC_PRESENTATION_REPRESENTATION (  '', ( #1478 ), #3776 ) ;
#1088 = EDGE_CURVE ( 'NONE', #2701, #2365, #3981, .T. ) ;
#1089 = VECTOR ( 'NONE', #1305, 1000.000000000000000 ) ;
#1090 = ORIENTED_EDGE ( 'NONE', *, *, #2955, .F. ) ;
#1091 =( GEOMETRIC_REPRESENTATION_CONTEXT ( 3 ) GLOBAL_UNCERTAINTY_ASSIGNED_CONTEXT ( ( #1461 ) ) GLOBAL_UNIT_ASSIGNED_CONTEXT ( ( #2638, #228, #1973 ) ) REPRESENTATION_CONTEXT ( 'NONE', 'WORKASPACE' ) );
#1092 = CARTESIAN_POINT ( 'NONE',  ( 0.4000000000000000222, -0.8750000000000001110, -0.02000000000000000042 ) ) ;
#1093 = MECHANICAL_DESIGN_GEOMETRIC_PRESENTATION_REPRESENTATION (  '', ( #2748 ), #3860 ) ;
#1094 = STYLED_ITEM ( 'NONE', ( #2683 ), #2556 ) ;
#1095 = VERTEX_POINT ( 'NONE', #38 ) ;
#1096 = AXIS2_PLACEMENT_3D ( 'NONE', #4150, #4454, #4543 ) ;
#1097 = EDGE_LOOP ( 'NONE', ( #2265, #1663 ) ) ;
#1098 = VECTOR ( 'NONE', #2243, 1000.000000000000000 ) ;
#1099 = VECTOR ( 'NONE', #1497, 1000.000000000000000 ) ;
#1100 = DIRECTION ( 'NONE',  ( -1.000000000000000000, -0.000000000000000000, -0.000000000000000000 ) ) ;
#1101 = PRESENTATION_LAYER_ASSIGNMENT (  '', '', ( #1181 ) ) ;
#1102 = CARTESIAN_POINT ( 'NONE',  ( -0.1250000000000003608, -0.9999999999999997780, 0.1300000000000002265 ) ) ;
#1103 = DIRECTION ( 'NONE',  ( -0.000000000000000000, 1.000000000000000000, -0.000000000000000000 ) ) ;
#1104 = AXIS2_PLACEMENT_3D ( 'NONE', #2319, #3298, #4408 ) ;
#1105 = LINE ( 'NONE', #4090, #2841 ) ;
#1106 = DIRECTION ( 'NONE',  ( 1.000000000000000000, 0.000000000000000000, -0.000000000000000000 ) ) ;
#1107 = VERTEX_POINT ( 'NONE', #781 ) ;
#1108 = SURFACE_SIDE_STYLE ('',( #2889 ) ) ;
#1109 =( GEOMETRIC_REPRESENTATION_CONTEXT ( 3 ) GLOBAL_UNCERTAINTY_ASSIGNED_CONTEXT ( ( #4455 ) ) GLOBAL_UNIT_ASSIGNED_CONTEXT ( ( #845, #4395, #2278 ) ) REPRESENTATION_CONTEXT ( 'NONE', 'WORKASPACE' ) );
#1110 = ORIENTED_EDGE ( 'NONE', *, *, #4178, .F. ) ;
#1111 = ORIENTED_EDGE ( 'NONE', *, *, #3016, .F. ) ;
#1112 = DIRECTION ( 'NONE',  ( -1.000000000000000000, 0.000000000000000000, -0.000000000000000000 ) ) ;
#1113 = EDGE_CURVE ( 'NONE', #931, #3885, #388, .T. ) ;
#1114 = FILL_AREA_STYLE_COLOUR ( '', #345 ) ;
#1115 = ORIENTED_EDGE ( 'NONE', *, *, #4086, .T. ) ;
#1116 = LINE ( 'NONE', #387, #4296 ) ;
#1117 = LINE ( 'NONE', #365, #2384 ) ;
#1118 = PLANE ( 'NONE',  #1702 ) ;
#1119 = VERTEX_POINT ( 'NONE', #91 ) ;
#1120 = LINE ( 'NONE', #2877, #3796 ) ;
#1121 = EDGE_CURVE ( 'NONE', #921, #3514, #4385, .T. ) ;
#1122 = ORIENTED_EDGE ( 'NONE', *, *, #4059, .F. ) ;
#1123 =( NAMED_UNIT ( * ) SI_UNIT ( $, .STERADIAN. ) SOLID_ANGLE_UNIT ( ) );
#1124 = DIRECTION ( 'NONE',  ( -0.000000000000000000, -0.000000000000000000, -1.000000000000000000 ) ) ;
#1125 = EDGE_CURVE ( 'NONE', #74, #928, #1117, .T. ) ;
#1126 = LINE ( 'NONE', #2881, #2537 ) ;
#1127 = CARTESIAN_POINT ( 'NONE',  ( 0.7499999999999998890, 0.6250000000000001110, 0.000000000000000000 ) ) ;
#1128 = CARTESIAN_POINT ( 'NONE',  ( -0.7500000000000001110, 0.8750000000000000000, 0.1300000000000000044 ) ) ;
#1129 = UNCERTAINTY_MEASURE_WITH_UNIT (LENGTH_MEASURE( 1.000000000000000082E-05 ), #1671, 'distance_accuracy_value', 'NONE');
#1130 = CARTESIAN_POINT ( 'NONE',  ( 0.7499999999999998890, 0.1250000000000001110, -0.02000000000000000042 ) ) ;
#1131 = SURFACE_SIDE_STYLE ('',( #1054 ) ) ;
#1132 = DIRECTION ( 'NONE',  ( 0.000000000000000000, 0.000000000000000000, 1.000000000000000000 ) ) ;
#1133 = FILL_AREA_STYLE ('',( #3681 ) ) ;
#1134 = ORIENTED_EDGE ( 'NONE', *, *, #3685, .F. ) ;
#1135 = DIRECTION ( 'NONE',  ( -1.000000000000000000, -6.195440985631457289E-16, 0.000000000000000000 ) ) ;
#1136 = ORIENTED_EDGE ( 'NONE', *, *, #2063, .T. ) ;
#1137 = DIRECTION ( 'NONE',  ( 1.000000000000000000, -6.195440985631456303E-16, 0.000000000000000000 ) ) ;
#1138 = AXIS2_PLACEMENT_3D ( 'NONE', #4062, #966, #934 ) ;
#1139 = FACE_OUTER_BOUND ( 'NONE', #3666, .T. ) ;
#1140 = ADVANCED_FACE ( 'NONE', ( #2874 ), #4286, .T. ) ;
#1141 = MANIFOLD_SOLID_BREP ( 'Boss-Extrude3', #4360 ) ;
#1142 = EDGE_LOOP ( 'NONE', ( #2905, #3067, #4240, #2565 ) ) ;
#1143 = DIRECTION ( 'NONE',  ( 1.000000000000000000, 0.000000000000000000, 0.000000000000000000 ) ) ;
#1144 = ORIENTED_EDGE ( 'NONE', *, *, #1274, .F. ) ;
#1145 = CARTESIAN_POINT ( 'NONE',  ( -0.7500000000000001110, 0.6250000000000000000, 0.1300000000000000044 ) ) ;
#1146 = EDGE_CURVE ( 'NONE', #928, #1881, #3065, .T. ) ;
#1147 = MANIFOLD_SOLID_BREP ( 'LPattern2[3]', #4066 ) ;
#1148 = LINE ( 'NONE', #2633, #2808 ) ;
#1149 = PRODUCT_DEFINITION ( 'UNKNOWN', '', #971, #4037 ) ;
#1150 = EDGE_CURVE ( 'NONE', #3022, #1692, #2627, .T. ) ;
#1151 = SURFACE_STYLE_USAGE ( .BOTH. , #2538 ) ;
#1152 = CARTESIAN_POINT ( 'NONE',  ( -0.4000000000000001332, 0.8750000000000001110, -0.02000000000000000042 ) ) ;
#1153 = DIRECTION ( 'NONE',  ( 1.000000000000000000, 0.000000000000000000, 0.000000000000000000 ) ) ;
#1154 = EDGE_LOOP ( 'NONE', ( #633, #392, #89, #2872 ) ) ;
#1155 = VECTOR ( 'NONE', #4318, 1000.000000000000000 ) ;
#1156 = SURFACE_STYLE_USAGE ( .BOTH. , #1505 ) ;
#1157 = DIRECTION ( 'NONE',  ( 0.000000000000000000, 0.000000000000000000, 1.000000000000000000 ) ) ;
#1158 = ORIENTED_EDGE ( 'NONE', *, *, #3777, .T. ) ;
#1159 = LINE ( 'NONE', #3247, #1487 ) ;
#1160 = DIRECTION ( 'NONE',  ( -0.000000000000000000, -0.000000000000000000, 1.000000000000000000 ) ) ;
#1161 = ORIENTED_EDGE ( 'NONE', *, *, #1296, .T. ) ;
#1162 = LINE ( 'NONE', #2594, #866 ) ;
#1163 = MECHANICAL_DESIGN_GEOMETRIC_PRESENTATION_REPRESENTATION (  '', ( #3548 ), #1625 ) ;
#1164 = ORIENTED_EDGE ( 'NONE', *, *, #4138, .F. ) ;
#1165 = SURFACE_STYLE_FILL_AREA ( #839 ) ;
#1166 =( GEOMETRIC_REPRESENTATION_CONTEXT ( 3 ) GLOBAL_UNCERTAINTY_ASSIGNED_CONTEXT ( ( #1034 ) ) GLOBAL_UNIT_ASSIGNED_CONTEXT ( ( #3162, #1351, #3195 ) ) REPRESENTATION_CONTEXT ( 'NONE', 'WORKASPACE' ) );
#1167 = ORIENTED_EDGE ( 'NONE', *, *, #2512, .T. ) ;
#1168 = COLOUR_RGB ( '',0.2862745098039215508, 0.2862745098039215508, 0.2862745098039215508 ) ;
#1169 = DIRECTION ( 'NONE',  ( -0.000000000000000000, -0.000000000000000000, -1.000000000000000000 ) ) ;
#1170 = MECHANICAL_DESIGN_GEOMETRIC_PRESENTATION_REPRESENTATION (  '', ( #125 ), #3630 ) ;
#1171 = CARTESIAN_POINT ( 'NONE',  ( -0.7500000000000001110, -0.6250000000000000000, 0.1300000000000000044 ) ) ;
#1172 = VECTOR ( 'NONE', #2292, 1000.000000000000000 ) ;
#1173 = MECHANICAL_DESIGN_GEOMETRIC_PRESENTATION_REPRESENTATION (  '', ( #3412 ), #3696 ) ;
#1174 = VECTOR ( 'NONE', #1889, 1000.000000000000000 ) ;
#1175 = MECHANICAL_DESIGN_GEOMETRIC_PRESENTATION_REPRESENTATION (  '', ( #1996 ), #4223 ) ;
#1176 = EDGE_CURVE ( 'NONE', #1685, #3880, #157, .T. ) ;
#1177 = VECTOR ( 'NONE', #1646, 1000.000000000000000 ) ;
#1178 = CARTESIAN_POINT ( 'NONE',  ( 0.7499999999999998890, 0.6250000000000001110, 0.000000000000000000 ) ) ;
#1179 = VECTOR ( 'NONE', #997, 1000.000000000000000 ) ;
#1180 = UNCERTAINTY_MEASURE_WITH_UNIT (LENGTH_MEASURE( 1.000000000000000082E-05 ), #250, 'distance_accuracy_value', 'NONE');
#1181 = STYLED_ITEM ( 'NONE', ( #434 ), #1005 ) ;
#1182 = PRESENTATION_LAYER_ASSIGNMENT (  '', '', ( #4520 ) ) ;
#1183 = FILL_AREA_STYLE ('',( #3257 ) ) ;
#1184 = AXIS2_PLACEMENT_3D ( 'NONE', #4569, #1010, #2406 ) ;
#1185 = FACE_OUTER_BOUND ( 'NONE', #2016, .T. ) ;
#1186 = ADVANCED_FACE ( 'NONE', ( #1601 ), #4099, .F. ) ;
#1187 = LINE ( 'NONE', #3764, #1262 ) ;
#1188 = FACE_OUTER_BOUND ( 'NONE', #4115, .T. ) ;
#1189 = SURFACE_STYLE_USAGE ( .BOTH. , #2309 ) ;
#1190 = VECTOR ( 'NONE', #3547, 1000.000000000000000 ) ;
#1191 = VERTEX_POINT ( 'NONE', #2334 ) ;
#1192 = EDGE_CURVE ( 'NONE', #2719, #489, #467, .T. ) ;
#1193 = CARTESIAN_POINT ( 'NONE',  ( 0.7199999999999999734, -0.9700000000000000844, 0.000000000000000000 ) ) ;
#1194 =( GEOMETRIC_REPRESENTATION_CONTEXT ( 3 ) GLOBAL_UNCERTAINTY_ASSIGNED_CONTEXT ( ( #2652 ) ) GLOBAL_UNIT_ASSIGNED_CONTEXT ( ( #2696, #3023, #1920 ) ) REPRESENTATION_CONTEXT ( 'NONE', 'WORKASPACE' ) );
#1195 = SURFACE_STYLE_USAGE ( .BOTH. , #2971 ) ;
#1196 =( LENGTH_UNIT ( ) NAMED_UNIT ( * ) SI_UNIT ( .MILLI., .METRE. ) );
#1197 = CARTESIAN_POINT ( 'NONE',  ( 0.7499999999999998890, 0.6250000000000001110, 0.1300000000000000044 ) ) ;
#1198 = ORIENTED_EDGE ( 'NONE', *, *, #1113, .T. ) ;
#1199 = ORIENTED_EDGE ( 'NONE', *, *, #3301, .T. ) ;
#1200 = LINE ( 'NONE', #2670, #1579 ) ;
#1201 = DIRECTION ( 'NONE',  ( 0.000000000000000000, -1.000000000000000000, 0.000000000000000000 ) ) ;
#1202 = ORIENTED_EDGE ( 'NONE', *, *, #2843, .T. ) ;
#1203 = LINE ( 'NONE', #4338, #574 ) ;
#1204 = EDGE_CURVE ( 'NONE', #2156, #1473, #3687, .T. ) ;
#1205 = DIRECTION ( 'NONE',  ( -1.000000000000000000, -0.000000000000000000, 0.000000000000000000 ) ) ;
#1206 = FACE_OUTER_BOUND ( 'NONE', #252, .T. ) ;
#1207 = FACE_OUTER_BOUND ( 'NONE', #1757, .T. ) ;
#1208 = SURFACE_SIDE_STYLE ('',( #1891 ) ) ;
#1209 = UNCERTAINTY_MEASURE_WITH_UNIT (LENGTH_MEASURE( 1.000000000000000082E-05 ), #2001, 'distance_accuracy_value', 'NONE');
#1210 = EDGE_CURVE ( 'NONE', #1191, #3979, #3368, .T. ) ;
#1211 = EDGE_LOOP ( 'NONE', ( #3268, #4562, #4070, #2417 ) ) ;
#1212 = CARTESIAN_POINT ( 'NONE',  ( 0.1250000000000000833, 1.000000000000000000, 0.000000000000000000 ) ) ;
#1213 = SURFACE_STYLE_FILL_AREA ( #3707 ) ;
#1214 = CARTESIAN_POINT ( 'NONE',  ( -0.7200000000000001954, -0.9700000000000000844, 0.6000000000000000888 ) ) ;
#1215 = CARTESIAN_POINT ( 'NONE',  ( 0.7199999999999999734, -1.000000000000000000, 0.6000000000000000888 ) ) ;
#1216 =( NAMED_UNIT ( * ) SI_UNIT ( $, .STERADIAN. ) SOLID_ANGLE_UNIT ( ) );
#1217 = CARTESIAN_POINT ( 'NONE',  ( -0.7500000000000001110, 0.1250000000000000000, 0.1300000000000000044 ) ) ;
#1218 = ORIENTED_EDGE ( 'NONE', *, *, #259, .F. ) ;
#1219 = VERTEX_POINT ( 'NONE', #3709 ) ;
#1220 = CARTESIAN_POINT ( 'NONE',  ( -0.7500000000000001110, 0.8750000000000000000, -0.02000000000000000042 ) ) ;
#1221 = DIRECTION ( 'NONE',  ( -3.097720492815727166E-16, 1.000000000000000000, 0.000000000000000000 ) ) ;
#1222 = CARTESIAN_POINT ( 'NONE',  ( 0.7499999999999998890, -0.9700000000000000844, 0.6000000000000000888 ) ) ;
#1223 = DIRECTION ( 'NONE',  ( 0.000000000000000000, -1.000000000000000000, 0.000000000000000000 ) ) ;
#1224 = UNCERTAINTY_MEASURE_WITH_UNIT (LENGTH_MEASURE( 1.000000000000000082E-05 ), #3963, 'distance_accuracy_value', 'NONE');
#1225 = FILL_AREA_STYLE_COLOUR ( '', #1247 ) ;
#1226 = DIRECTION ( 'NONE',  ( -0.000000000000000000, -0.000000000000000000, 1.000000000000000000 ) ) ;
#1227 = SURFACE_STYLE_USAGE ( .BOTH. , #1298 ) ;
#1228 = EDGE_CURVE ( 'NONE', #762, #3153, #1667, .T. ) ;
#1229 = FACE_OUTER_BOUND ( 'NONE', #1659, .T. ) ;
#1230 = VERTEX_POINT ( 'NONE', #27 ) ;
#1231 = CARTESIAN_POINT ( 'NONE',  ( 0.000000000000000000, 0.000000000000000000, 0.6300000000000000044 ) ) ;
#1232 = SURFACE_STYLE_USAGE ( .BOTH. , #2687 ) ;
#1233 = CARTESIAN_POINT ( 'NONE',  ( 0.7499999999999998890, -0.8749999999999998890, -0.02000000000000000042 ) ) ;
#1234 =( NAMED_UNIT ( * ) PLANE_ANGLE_UNIT ( ) SI_UNIT ( $, .RADIAN. ) );
#1235 = ADVANCED_FACE ( 'NONE', ( #1353 ), #581, .T. ) ;
#1236 = CARTESIAN_POINT ( 'NONE',  ( 0.7499999999999998890, -0.6250000000000002220, 0.1300000000000000044 ) ) ;
#1237 = ORIENTED_EDGE ( 'NONE', *, *, #4586, .F. ) ;
#1238 = CYLINDRICAL_SURFACE ( 'NONE', #3576, 0.02999999999999997113 ) ;
#1239 = DIRECTION ( 'NONE',  ( -1.000000000000000000, 0.000000000000000000, 0.000000000000000000 ) ) ;
#1240 = LINE ( 'NONE', #2042, #280 ) ;
#1241 = EDGE_CURVE ( 'NONE', #3849, #2528, #1462, .T. ) ;
#1242 = PRESENTATION_LAYER_ASSIGNMENT (  '', '', ( #3548 ) ) ;
#1243 = DIRECTION ( 'NONE',  ( 0.000000000000000000, -1.000000000000000000, 0.000000000000000000 ) ) ;
#1244 = VECTOR ( 'NONE', #543, 1000.000000000000000 ) ;
#1245 = PLANE ( 'NONE',  #2046 ) ;
#1246 = VECTOR ( 'NONE', #2573, 1000.000000000000000 ) ;
#1247 = COLOUR_RGB ( '',0.2862745098039215508, 0.2862745098039215508, 0.2862745098039215508 ) ;
#1248 = MECHANICAL_DESIGN_GEOMETRIC_PRESENTATION_REPRESENTATION (  '', ( #643 ), #1633 ) ;
#1249 =( NAMED_UNIT ( * ) PLANE_ANGLE_UNIT ( ) SI_UNIT ( $, .RADIAN. ) );
#1250 = CARTESIAN_POINT ( 'NONE',  ( 0.7499999999999998890, 0.8749999999999997780, 0.1300000000000000044 ) ) ;
#1251 = VECTOR ( 'NONE', #1742, 1000.000000000000000 ) ;
#1252 = DIRECTION ( 'NONE',  ( -1.000000000000000000, 3.097720492815727166E-16, -0.000000000000000000 ) ) ;
#1253 = DIRECTION ( 'NONE',  ( -0.000000000000000000, -0.000000000000000000, 1.000000000000000000 ) ) ;
#1254 = CARTESIAN_POINT ( 'NONE',  ( 0.4000000000000000222, 0.3750000000000000000, 0.1300000000000000044 ) ) ;
#1255 =( GEOMETRIC_REPRESENTATION_CONTEXT ( 3 ) GLOBAL_UNCERTAINTY_ASSIGNED_CONTEXT ( ( #377 ) ) GLOBAL_UNIT_ASSIGNED_CONTEXT ( ( #3460, #4430, #542 ) ) REPRESENTATION_CONTEXT ( 'NONE', 'WORKASPACE' ) );
#1256 = VECTOR ( 'NONE', #3869, 1000.000000000000000 ) ;
#1257 = ORIENTED_EDGE ( 'NONE', *, *, #544, .T. ) ;
#1258 = DIRECTION ( 'NONE',  ( 7.744301232039316681E-17, -1.000000000000000000, 0.000000000000000000 ) ) ;
#1259 = FACE_OUTER_BOUND ( 'NONE', #3481, .T. ) ;
#1260 = CIRCLE ( 'NONE', #2605, 0.02999999999999997113 ) ;
#1261 = LINE ( 'NONE', #1960, #706 ) ;
#1262 = VECTOR ( 'NONE', #2963, 1000.000000000000000 ) ;
#1263 =( NAMED_UNIT ( * ) PLANE_ANGLE_UNIT ( ) SI_UNIT ( $, .RADIAN. ) );
#1264 = VERTEX_POINT ( 'NONE', #4190 ) ;
#1265 = STYLED_ITEM ( 'NONE', ( #2018 ), #4157 ) ;
#1266 = ADVANCED_FACE ( 'NONE', ( #1818 ), #1072, .F. ) ;
#1267 = DIRECTION ( 'NONE',  ( 0.000000000000000000, 0.000000000000000000, -1.000000000000000000 ) ) ;
#1268 =( LENGTH_UNIT ( ) NAMED_UNIT ( * ) SI_UNIT ( .MILLI., .METRE. ) );
#1269 = LINE ( 'NONE', #1608, #197 ) ;
#1270 = EDGE_CURVE ( 'NONE', #2855, #2702, #1309, .T. ) ;
#1271 = ORIENTED_EDGE ( 'NONE', *, *, #3903, .T. ) ;
#1272 = PLANE ( 'NONE',  #891 ) ;
#1273 =( NAMED_UNIT ( * ) PLANE_ANGLE_UNIT ( ) SI_UNIT ( $, .RADIAN. ) );
#1274 = EDGE_CURVE ( 'NONE', #3139, #3689, #4141, .T. ) ;
#1275 = CARTESIAN_POINT ( 'NONE',  ( -0.7500000000000001110, 0.9699999999999999734, 0.000000000000000000 ) ) ;
#1276 = CARTESIAN_POINT ( 'NONE',  ( 0.4000000000000000222, 0.1249999999999998890, 0.1300000001265289029 ) ) ;
#1277 =( NAMED_UNIT ( * ) SI_UNIT ( $, .STERADIAN. ) SOLID_ANGLE_UNIT ( ) );
#1278 = DIRECTION ( 'NONE',  ( 0.000000000000000000, 1.000000000000000000, 0.000000000000000000 ) ) ;
#1279 = ORIENTED_EDGE ( 'NONE', *, *, #3301, .F. ) ;
#1280 = FILL_AREA_STYLE ('',( #514 ) ) ;
#1281 = CARTESIAN_POINT ( 'NONE',  ( -0.1250000000000003886, -0.9999999999999997780, 0.1300000000000000044 ) ) ;
#1282 = SURFACE_SIDE_STYLE ('',( #2034 ) ) ;
#1283 = SURFACE_STYLE_FILL_AREA ( #2763 ) ;
#1284 = SURFACE_STYLE_FILL_AREA ( #854 ) ;
#1285 = FILL_AREA_STYLE ('',( #3003 ) ) ;
#1286 = ORIENTED_EDGE ( 'NONE', *, *, #3833, .F. ) ;
#1287 = LINE ( 'NONE', #1686, #3722 ) ;
#1288 = SURFACE_SIDE_STYLE ('',( #215 ) ) ;
#1289 = ORIENTED_EDGE ( 'NONE', *, *, #2955, .T. ) ;
#1290 = CARTESIAN_POINT ( 'NONE',  ( -0.4000000000000001332, -0.6249999999999998890, 0.000000000000000000 ) ) ;
#1291 = UNCERTAINTY_MEASURE_WITH_UNIT (LENGTH_MEASURE( 1.000000000000000082E-05 ), #1560, 'distance_accuracy_value', 'NONE');
#1292 = CARTESIAN_POINT ( 'NONE',  ( 0.4000000000000000222, 0.1249999999999998890, 0.1300000000000000044 ) ) ;
#1293 = EDGE_CURVE ( 'NONE', #3150, #1596, #2431, .T. ) ;
#1294 = VERTEX_POINT ( 'NONE', #1304 ) ;
#1295 = ORIENTED_EDGE ( 'NONE', *, *, #1777, .T. ) ;
#1296 = EDGE_CURVE ( 'NONE', #1868, #4546, #638, .T. ) ;
#1297 = LINE ( 'NONE', #2725, #4611 ) ;
#1298 = SURFACE_SIDE_STYLE ('',( #3081 ) ) ;
#1299 = ADVANCED_FACE ( 'NONE', ( #2083 ), #1330, .F. ) ;
#1300 = ORIENTED_EDGE ( 'NONE', *, *, #2544, .F. ) ;
#1301 = SURFACE_STYLE_USAGE ( .BOTH. , #3889 ) ;
#1302 = FACE_OUTER_BOUND ( 'NONE', #1434, .T. ) ;
#1303 = SURFACE_SIDE_STYLE ('',( #4486 ) ) ;
#1304 = CARTESIAN_POINT ( 'NONE',  ( 0.7499999999999998890, 0.8749999999999997780, 0.1300000001265289029 ) ) ;
#1305 = DIRECTION ( 'NONE',  ( -0.000000000000000000, -0.000000000000000000, 1.000000000000000000 ) ) ;
#1306 = ORIENTED_EDGE ( 'NONE', *, *, #1377, .F. ) ;
#1307 = LINE ( 'NONE', #3476, #4227 ) ;
#1308 = ORIENTED_EDGE ( 'NONE', *, *, #4340, .F. ) ;
#1309 = CIRCLE ( 'NONE', #4572, 0.07499999999999998335 ) ;
#1310 = ORIENTED_EDGE ( 'NONE', *, *, #1950, .F. ) ;
#1311 = SURFACE_STYLE_USAGE ( .BOTH. , #892 ) ;
#1312 = VERTEX_POINT ( 'NONE', #2412 ) ;
#1313 = PRESENTATION_LAYER_ASSIGNMENT (  '', '', ( #2361 ) ) ;
#1314 = AXIS2_PLACEMENT_3D ( 'NONE', #674, #307, #2807 ) ;
#1315 = DIRECTION ( 'NONE',  ( -1.000000000000000000, 0.000000000000000000, 0.000000000000000000 ) ) ;
#1316 = EDGE_CURVE ( 'NONE', #3201, #931, #3436, .T. ) ;
#1317 = DIRECTION ( 'NONE',  ( -0.000000000000000000, 1.000000000000000000, -0.000000000000000000 ) ) ;
#1318 = COLOUR_RGB ( '',0.2862745098039215508, 0.2862745098039215508, 0.2862745098039215508 ) ;
#1319 = SURFACE_STYLE_USAGE ( .BOTH. , #2426 ) ;
#1320 =( GEOMETRIC_REPRESENTATION_CONTEXT ( 3 ) GLOBAL_UNCERTAINTY_ASSIGNED_CONTEXT ( ( #575 ) ) GLOBAL_UNIT_ASSIGNED_CONTEXT ( ( #25, #3533, #3902 ) ) REPRESENTATION_CONTEXT ( 'NONE', 'WORKASPACE' ) );
#1321 =( GEOMETRIC_REPRESENTATION_CONTEXT ( 3 ) GLOBAL_UNCERTAINTY_ASSIGNED_CONTEXT ( ( #799 ) ) GLOBAL_UNIT_ASSIGNED_CONTEXT ( ( #323, #693, #1000 ) ) REPRESENTATION_CONTEXT ( 'NONE', 'WORKASPACE' ) );
#1322 = PRESENTATION_LAYER_ASSIGNMENT (  '', '', ( #789 ) ) ;
#1323 = ORIENTED_EDGE ( 'NONE', *, *, #3149, .T. ) ;
#1324 = AXIS2_PLACEMENT_3D ( 'NONE', #4213, #4512, #3829 ) ;
#1325 = EDGE_CURVE ( 'NONE', #688, #921, #2764, .T. ) ;
#1326 = VECTOR ( 'NONE', #3388, 1000.000000000000000 ) ;
#1327 = PRESENTATION_STYLE_ASSIGNMENT (( #3469 ) ) ;
#1328 = SURFACE_SIDE_STYLE ('',( #4503 ) ) ;
#1329 = CARTESIAN_POINT ( 'NONE',  ( -0.1249999999999999167, 1.000000000000000444, 0.1300000000000002265 ) ) ;
#1330 = PLANE ( 'NONE',  #3916 ) ;
#1331 = STYLED_ITEM ( 'NONE', ( #2436 ), #658 ) ;
#1332 = CARTESIAN_POINT ( 'NONE',  ( 0.7199999999999998623, 0.9700000000000000844, 0.6000000000000000888 ) ) ;
#1333 =( GEOMETRIC_REPRESENTATION_CONTEXT ( 3 ) GLOBAL_UNCERTAINTY_ASSIGNED_CONTEXT ( ( #3820 ) ) GLOBAL_UNIT_ASSIGNED_CONTEXT ( ( #3337, #155, #4421 ) ) REPRESENTATION_CONTEXT ( 'NONE', 'WORKASPACE' ) );
#1334 = ORIENTED_EDGE ( 'NONE', *, *, #4187, .F. ) ;
#1335 = STYLED_ITEM ( 'NONE', ( #1908 ), #1031 ) ;
#1336 = LINE ( 'NONE', #3808, #661 ) ;
#1337 =( GEOMETRIC_REPRESENTATION_CONTEXT ( 3 ) GLOBAL_UNCERTAINTY_ASSIGNED_CONTEXT ( ( #4126 ) ) GLOBAL_UNIT_ASSIGNED_CONTEXT ( ( #1832, #2839, #3579 ) ) REPRESENTATION_CONTEXT ( 'NONE', 'WORKASPACE' ) );
#1338 = CARTESIAN_POINT ( 'NONE',  ( 0.7499999999999998890, -0.3749999999999998890, 0.1300000000000000044 ) ) ;
#1339 = ORIENTED_EDGE ( 'NONE', *, *, #1872, .F. ) ;
#1340 = ORIENTED_EDGE ( 'NONE', *, *, #1950, .T. ) ;
#1341 = ORIENTED_EDGE ( 'NONE', *, *, #1408, .F. ) ;
#1342 = AXIS2_PLACEMENT_3D ( 'NONE', #1756, #1905, #2935 ) ;
#1343 = CARTESIAN_POINT ( 'NONE',  ( 0.000000000000000000, 0.000000000000000000, 0.1300000000000000044 ) ) ;
#1344 = PRESENTATION_LAYER_ASSIGNMENT (  '', '', ( #2400 ) ) ;
#1345 = SURFACE_STYLE_FILL_AREA ( #3141 ) ;
#1346 = SURFACE_SIDE_STYLE ('',( #312 ) ) ;
#1347 = ADVANCED_FACE ( 'NONE', ( #976 ), #3235, .F. ) ;
#1348 = EDGE_LOOP ( 'NONE', ( #1957, #449, #972, #3160 ) ) ;
#1349 = PRESENTATION_STYLE_ASSIGNMENT (( #4533 ) ) ;
#1350 = CARTESIAN_POINT ( 'NONE',  ( -0.4000000000000001332, 0.3750000000000001110, -0.02000000000000000042 ) ) ;
#1351 =( NAMED_UNIT ( * ) PLANE_ANGLE_UNIT ( ) SI_UNIT ( $, .RADIAN. ) );
#1352 = CARTESIAN_POINT ( 'NONE',  ( 0.000000000000000000, 1.000000000000000000, -0.02000000000000000042 ) ) ;
#1353 = FACE_OUTER_BOUND ( 'NONE', #4314, .T. ) ;
#1354 = LINE ( 'NONE', #2785, #4155 ) ;
#1355 = EDGE_CURVE ( 'NONE', #462, #2398, #2207, .T. ) ;
#1356 = ORIENTED_EDGE ( 'NONE', *, *, #2186, .T. ) ;
#1357 = LINE ( 'NONE', #2787, #2612 ) ;
#1358 = SURFACE_SIDE_STYLE ('',( #1018 ) ) ;
#1359 = ORIENTED_EDGE ( 'NONE', *, *, #1917, .F. ) ;
#1360 = LINE ( 'NONE', #2497, #2898 ) ;
#1361 = ORIENTED_EDGE ( 'NONE', *, *, #2080, .T. ) ;
#1362 = FACE_OUTER_BOUND ( 'NONE', #4387, .T. ) ;
#1363 = EDGE_LOOP ( 'NONE', ( #2778, #284, #2331, #3542 ) ) ;
#1364 = ORIENTED_EDGE ( 'NONE', *, *, #4538, .T. ) ;
#1365 = SURFACE_SIDE_STYLE ('',( #3923 ) ) ;
#1366 = PRESENTATION_STYLE_ASSIGNMENT (( #244 ) ) ;
#1367 = DIRECTION ( 'NONE',  ( -1.000000000000000000, 0.000000000000000000, 0.000000000000000000 ) ) ;
#1368 = FILL_AREA_STYLE ('',( #1679 ) ) ;
#1369 = VERTEX_POINT ( 'NONE', #3353 ) ;
#1370 = SURFACE_STYLE_FILL_AREA ( #3430 ) ;
#1371 = EDGE_CURVE ( 'NONE', #1390, #1421, #2957, .T. ) ;
#1372 = DIRECTION ( 'NONE',  ( 1.000000000000000000, 0.000000000000000000, 0.000000000000000000 ) ) ;
#1373 = PLANE ( 'NONE',  #4232 ) ;
#1374 = LINE ( 'NONE', #604, #1479 ) ;
#1375 = ORIENTED_EDGE ( 'NONE', *, *, #1121, .F. ) ;
#1376 =( NAMED_UNIT ( * ) SI_UNIT ( $, .STERADIAN. ) SOLID_ANGLE_UNIT ( ) );
#1377 = EDGE_CURVE ( 'NONE', #1825, #588, #2913, .T. ) ;
#1378 = LINE ( 'NONE', #4541, #424 ) ;
#1379 = EDGE_LOOP ( 'NONE', ( #14, #4205, #1542, #4557 ) ) ;
#1380 = PLANE ( 'NONE',  #4518 ) ;
#1381 = FILL_AREA_STYLE ('',( #1407 ) ) ;
#1382 = ORIENTED_EDGE ( 'NONE', *, *, #1371, .T. ) ;
#1383 = EDGE_CURVE ( 'NONE', #1810, #2097, #3282, .T. ) ;
#1384 = ORIENTED_EDGE ( 'NONE', *, *, #704, .T. ) ;
#1385 = PLANE ( 'NONE',  #1696 ) ;
#1386 = VECTOR ( 'NONE', #488, 1000.000000000000000 ) ;
#1387 =( LENGTH_UNIT ( ) NAMED_UNIT ( * ) SI_UNIT ( .MILLI., .METRE. ) );
#1388 = AXIS2_PLACEMENT_3D ( 'NONE', #3802, #602, #3063 ) ;
#1389 = ORIENTED_EDGE ( 'NONE', *, *, #893, .F. ) ;
#1390 = VERTEX_POINT ( 'NONE', #2559 ) ;
#1391 = FILL_AREA_STYLE ('',( #3840 ) ) ;
#1392 =( GEOMETRIC_REPRESENTATION_CONTEXT ( 3 ) GLOBAL_UNCERTAINTY_ASSIGNED_CONTEXT ( ( #3193 ) ) GLOBAL_UNIT_ASSIGNED_CONTEXT ( ( #578, #3822, #4502 ) ) REPRESENTATION_CONTEXT ( 'NONE', 'WORKASPACE' ) );
#1393 = PRESENTATION_LAYER_ASSIGNMENT (  '', '', ( #1628 ) ) ;
#1394 = DIRECTION ( 'NONE',  ( 0.000000000000000000, -1.000000000000000000, 0.000000000000000000 ) ) ;
#1395 = SURFACE_STYLE_FILL_AREA ( #3455 ) ;
#1396 = COLOUR_RGB ( '',0.2862745098039215508, 0.2862745098039215508, 0.2862745098039215508 ) ;
#1397 = AXIS2_PLACEMENT_3D ( 'NONE', #4487, #1563, #100 ) ;
#1398 = AXIS2_PLACEMENT_3D ( 'NONE', #1006, #3863, #2796 ) ;
#1399 = AXIS2_PLACEMENT_3D ( 'NONE', #3914, #2550, #2569 ) ;
#1400 = ORIENTED_EDGE ( 'NONE', *, *, #3608, .F. ) ;
#1401 = LINE ( 'NONE', #4212, #1655 ) ;
#1402 = CARTESIAN_POINT ( 'NONE',  ( -0.7500000000000001110, 0.1250000000000000000, -0.02000000000000000042 ) ) ;
#1403 = ORIENTED_EDGE ( 'NONE', *, *, #3462, .T. ) ;
#1404 = VECTOR ( 'NONE', #2196, 1000.000000000000000 ) ;
#1405 = DIRECTION ( 'NONE',  ( -0.000000000000000000, 1.000000000000000000, -0.000000000000000000 ) ) ;
#1406 = COLOUR_RGB ( '',0.2862745098039215508, 0.2862745098039215508, 0.2862745098039215508 ) ;
#1407 = FILL_AREA_STYLE_COLOUR ( '', #3552 ) ;
#1408 = EDGE_CURVE ( 'NONE', #3136, #629, #476, .T. ) ;
#1409 = VERTEX_POINT ( 'NONE', #456 ) ;
#1410 = COLOUR_RGB ( '',0.2862745098039215508, 0.2862745098039215508, 0.2862745098039215508 ) ;
#1411 = VECTOR ( 'NONE', #177, 1000.000000000000000 ) ;
#1412 = SURFACE_SIDE_STYLE ('',( #2483 ) ) ;
#1413 = VERTEX_POINT ( 'NONE', #770 ) ;
#1414 = AXIS2_PLACEMENT_3D ( 'NONE', #2523, #1847, #2199 ) ;
#1415 = LINE ( 'NONE', #677, #168 ) ;
#1416 =( GEOMETRIC_REPRESENTATION_CONTEXT ( 3 ) GLOBAL_UNCERTAINTY_ASSIGNED_CONTEXT ( ( #176 ) ) GLOBAL_UNIT_ASSIGNED_CONTEXT ( ( #148, #4065, #3699 ) ) REPRESENTATION_CONTEXT ( 'NONE', 'WORKASPACE' ) );
#1417 = EDGE_CURVE ( 'NONE', #4312, #1413, #3628, .T. ) ;
#1418 = LINE ( 'NONE', #4564, #1870 ) ;
#1419 = UNCERTAINTY_MEASURE_WITH_UNIT (LENGTH_MEASURE( 1.000000000000000082E-05 ), #897, 'distance_accuracy_value', 'NONE');
#1420 = COLOUR_RGB ( '',0.8039215686274510109, 0.8039215686274510109, 0.8039215686274510109 ) ;
#1421 = VERTEX_POINT ( 'NONE', #1904 ) ;
#1422 = LINE ( 'NONE', #3997, #2981 ) ;
#1423 = SURFACE_STYLE_USAGE ( .BOTH. , #1013 ) ;
#1424 = DIRECTION ( 'NONE',  ( 3.097720492815727166E-16, 1.000000000000000000, 0.000000000000000000 ) ) ;
#1425 = DIRECTION ( 'NONE',  ( 0.000000000000000000, -1.000000000000000000, 0.000000000000000000 ) ) ;
#1426 = UNCERTAINTY_MEASURE_WITH_UNIT (LENGTH_MEASURE( 1.000000000000000082E-05 ), #4124, 'distance_accuracy_value', 'NONE');
#1427 = ORIENTED_EDGE ( 'NONE', *, *, #584, .T. ) ;
#1428 = VERTEX_POINT ( 'NONE', #2258 ) ;
#1429 = CARTESIAN_POINT ( 'NONE',  ( 0.7499999999999998890, 0.6250000000000001110, -0.02000000000000000042 ) ) ;
#1430 = CARTESIAN_POINT ( 'NONE',  ( 0.7499999999999998890, -0.3749999999999998890, 0.1300000000000000044 ) ) ;
#1431 = ORIENTED_EDGE ( 'NONE', *, *, #4172, .T. ) ;
#1432 = LINE ( 'NONE', #2790, #1562 ) ;
#1433 = SURFACE_STYLE_FILL_AREA ( #1722 ) ;
#1434 = EDGE_LOOP ( 'NONE', ( #3907, #4350, #2833, #1334 ) ) ;
#1435 = DIRECTION ( 'NONE',  ( -1.000000000000000000, -0.000000000000000000, -0.000000000000000000 ) ) ;
#1436 = ORIENTED_EDGE ( 'NONE', *, *, #3886, .T. ) ;
#1437 = EDGE_CURVE ( 'NONE', #1058, #2268, #1536, .T. ) ;
#1438 = DIRECTION ( 'NONE',  ( 1.000000000000000000, -0.000000000000000000, 0.000000000000000000 ) ) ;
#1439 = PLANE ( 'NONE',  #3924 ) ;
#1440 = ADVANCED_FACE ( 'NONE', ( #423 ), #822, .F. ) ;
#1441 = DIRECTION ( 'NONE',  ( -1.000000000000000000, 0.000000000000000000, -0.000000000000000000 ) ) ;
#1442 = EDGE_CURVE ( 'NONE', #2362, #2893, #1863, .T. ) ;
#1443 = CARTESIAN_POINT ( 'NONE',  ( 0.7499999999999998890, -0.6250000000000002220, 0.000000000000000000 ) ) ;
#1444 = CARTESIAN_POINT ( 'NONE',  ( -0.7500000000000001110, -1.000000000000000000, 0.000000000000000000 ) ) ;
#1445 = CARTESIAN_POINT ( 'NONE',  ( 0.7499999999999998890, -0.8749999999999998890, 0.000000000000000000 ) ) ;
#1446 = PLANE ( 'NONE',  #726 ) ;
#1447 = ORIENTED_EDGE ( 'NONE', *, *, #2378, .F. ) ;
#1448 = FILL_AREA_STYLE ('',( #3594 ) ) ;
#1449 = DIRECTION ( 'NONE',  ( -0.000000000000000000, -0.000000000000000000, 1.000000000000000000 ) ) ;
#1450 = ORIENTED_EDGE ( 'NONE', *, *, #1035, .F. ) ;
#1451 = DIRECTION ( 'NONE',  ( -1.000000000000000000, -6.195440985631457289E-16, 0.000000000000000000 ) ) ;
#1452 = DIRECTION ( 'NONE',  ( 1.000000000000000000, -6.195440985631457289E-16, 0.000000000000000000 ) ) ;
#1453 = DIRECTION ( 'NONE',  ( -0.000000000000000000, -0.000000000000000000, 1.000000000000000000 ) ) ;
#1454 = EDGE_LOOP ( 'NONE', ( #3652, #812, #2479, #4407 ) ) ;
#1455 = DIRECTION ( 'NONE',  ( 0.000000000000000000, 1.000000000000000000, 0.000000000000000000 ) ) ;
#1456 = VERTEX_POINT ( 'NONE', #80 ) ;
#1457 = CARTESIAN_POINT ( 'NONE',  ( 0.4000000000000000222, 0.8750000000000000000, 0.1300000001265289029 ) ) ;
#1458 =( LENGTH_UNIT ( ) NAMED_UNIT ( * ) SI_UNIT ( .MILLI., .METRE. ) );
#1459 =( LENGTH_UNIT ( ) NAMED_UNIT ( * ) SI_UNIT ( .MILLI., .METRE. ) );
#1460 = CARTESIAN_POINT ( 'NONE',  ( 0.1250000000000001110, 1.000000000000000000, 0.000000000000000000 ) ) ;
#1461 = UNCERTAINTY_MEASURE_WITH_UNIT (LENGTH_MEASURE( 1.000000000000000082E-05 ), #2638, 'distance_accuracy_value', 'NONE');
#1462 = LINE ( 'NONE', #2883, #3108 ) ;
#1463 = ADVANCED_FACE ( 'NONE', ( #121 ), #1518, .F. ) ;
#1464 = CARTESIAN_POINT ( 'NONE',  ( -0.7500000000000001110, 0.3750000000000000000, -0.02000000000000000042 ) ) ;
#1465 = VECTOR ( 'NONE', #2014, 1000.000000000000000 ) ;
#1466 = FILL_AREA_STYLE ('',( #3239 ) ) ;
#1467 =( LENGTH_UNIT ( ) NAMED_UNIT ( * ) SI_UNIT ( .MILLI., .METRE. ) );
#1468 = DIRECTION ( 'NONE',  ( -0.000000000000000000, -0.000000000000000000, 1.000000000000000000 ) ) ;
#1469 = EDGE_CURVE ( 'NONE', #2268, #3136, #1203, .T. ) ;
#1470 = EDGE_LOOP ( 'NONE', ( #752, #513 ) ) ;
#1471 = STYLED_ITEM ( 'NONE', ( #4517 ), #1969 ) ;
#1472 = FACE_OUTER_BOUND ( 'NONE', #1041, .T. ) ;
#1473 = VERTEX_POINT ( 'NONE', #3954 ) ;
#1474 = FILL_AREA_STYLE_COLOUR ( '', #2598 ) ;
#1475 = DIRECTION ( 'NONE',  ( -0.000000000000000000, -0.000000000000000000, 1.000000000000000000 ) ) ;
#1476 = AXIS2_PLACEMENT_3D ( 'NONE', #3611, #2917, #2965 ) ;
#1477 = LINE ( 'NONE', #366, #2823 ) ;
#1478 = STYLED_ITEM ( 'NONE', ( #4462 ), #3044 ) ;
#1479 = VECTOR ( 'NONE', #336, 1000.000000000000000 ) ;
#1480 = ORIENTED_EDGE ( 'NONE', *, *, #829, .F. ) ;
#1481 =( GEOMETRIC_REPRESENTATION_CONTEXT ( 3 ) GLOBAL_UNCERTAINTY_ASSIGNED_CONTEXT ( ( #2487 ) ) GLOBAL_UNIT_ASSIGNED_CONTEXT ( ( #2377, #292, #3253 ) ) REPRESENTATION_CONTEXT ( 'NONE', 'WORKASPACE' ) );
#1482 = FILL_AREA_STYLE_COLOUR ( '', #2163 ) ;
#1483 = AXIS2_PLACEMENT_3D ( 'NONE', #4283, #3960, #2897 ) ;
#1484 = EDGE_LOOP ( 'NONE', ( #3877, #451, #294, #1122 ) ) ;
#1485 =( NAMED_UNIT ( * ) PLANE_ANGLE_UNIT ( ) SI_UNIT ( $, .RADIAN. ) );
#1486 = CARTESIAN_POINT ( 'NONE',  ( 0.7499999999999998890, 0.9699999999999999734, 0.000000000000000000 ) ) ;
#1487 = VECTOR ( 'NONE', #3962, 1000.000000000000000 ) ;
#1488 = AXIS2_PLACEMENT_3D ( 'NONE', #1074, #1055, #805 ) ;
#1489 = PRESENTATION_LAYER_ASSIGNMENT (  '', '', ( #1988 ) ) ;
#1490 = PLANE ( 'NONE',  #3806 ) ;
#1491 = VECTOR ( 'NONE', #481, 1000.000000000000000 ) ;
#1492 = CARTESIAN_POINT ( 'NONE',  ( 0.4000000000000000222, 0.1249999999999998890, -0.02000000000000000042 ) ) ;
#1493 = CIRCLE ( 'NONE', #4603, 0.07499999999999998335 ) ;
#1494 = DIRECTION ( 'NONE',  ( 1.000000000000000000, -6.195440985631457289E-16, 0.000000000000000000 ) ) ;
#1495 = VECTOR ( 'NONE', #1496, 1000.000000000000000 ) ;
#1496 = DIRECTION ( 'NONE',  ( 1.000000000000000000, -0.000000000000000000, -0.000000000000000000 ) ) ;
#1497 = DIRECTION ( 'NONE',  ( -0.000000000000000000, -0.000000000000000000, 1.000000000000000000 ) ) ;
#1498 = EDGE_LOOP ( 'NONE', ( #293, #1359, #4056, #1561 ) ) ;
#1499 = LINE ( 'NONE', #1869, #1098 ) ;
#1500 = DIRECTION ( 'NONE',  ( -0.000000000000000000, -0.000000000000000000, 1.000000000000000000 ) ) ;
#1501 =( LENGTH_UNIT ( ) NAMED_UNIT ( * ) SI_UNIT ( .MILLI., .METRE. ) );
#1502 = EDGE_CURVE ( 'NONE', #3445, #2551, #1148, .T. ) ;
#1503 = PRESENTATION_STYLE_ASSIGNMENT (( #3592 ) ) ;
#1504 = VERTEX_POINT ( 'NONE', #4040 ) ;
#1505 = SURFACE_SIDE_STYLE ('',( #3640 ) ) ;
#1506 = CARTESIAN_POINT ( 'NONE',  ( 0.7499999999999998890, -0.8749999999999998890, -0.02000000000000000042 ) ) ;
#1507 = ORIENTED_EDGE ( 'NONE', *, *, #4309, .F. ) ;
#1508 = DIRECTION ( 'NONE',  ( 1.000000000000000000, 6.195440985631456303E-16, 0.000000000000000000 ) ) ;
#1509 = EDGE_CURVE ( 'NONE', #588, #2111, #2277, .T. ) ;
#1510 = LINE ( 'NONE', #2200, #721 ) ;
#1511 = ORIENTED_EDGE ( 'NONE', *, *, #3665, .T. ) ;
#1512 = DIRECTION ( 'NONE',  ( 0.000000000000000000, 0.000000000000000000, 1.000000000000000000 ) ) ;
#1513 = ORIENTED_EDGE ( 'NONE', *, *, #1954, .T. ) ;
#1514 = SURFACE_SIDE_STYLE ('',( #1903 ) ) ;
#1515 =( LENGTH_UNIT ( ) NAMED_UNIT ( * ) SI_UNIT ( .MILLI., .METRE. ) );
#1516 = DIRECTION ( 'NONE',  ( 0.000000000000000000, -1.000000000000000000, 0.000000000000000000 ) ) ;
#1517 = CARTESIAN_POINT ( 'NONE',  ( 0.4000000000000000222, 0.8750000000000000000, 0.1300000000000000044 ) ) ;
#1518 = PLANE ( 'NONE',  #2368 ) ;
#1519 = UNCERTAINTY_MEASURE_WITH_UNIT (LENGTH_MEASURE( 1.000000000000000082E-05 ), #382, 'distance_accuracy_value', 'NONE');
#1520 = PLANE ( 'NONE',  #1342 ) ;
#1521 = CARTESIAN_POINT ( 'NONE',  ( -0.7200000000000001954, 0.9700000000000000844, 0.6000000000000000888 ) ) ;
#1522 = ORIENTED_EDGE ( 'NONE', *, *, #1502, .T. ) ;
#1523 = EDGE_CURVE ( 'NONE', #2007, #921, #1763, .T. ) ;
#1524 = CARTESIAN_POINT ( 'NONE',  ( 0.7499999999999998890, -0.1250000000000002220, 0.1300000001265289029 ) ) ;
#1525 = VERTEX_POINT ( 'NONE', #3607 ) ;
#1526 = LINE ( 'NONE', #4404, #2445 ) ;
#1527 = PLANE ( 'NONE',  #3648 ) ;
#1528 = CARTESIAN_POINT ( 'NONE',  ( 0.4000000000000000222, -0.1250000000000000000, -0.02000000000000000042 ) ) ;
#1529 = VERTEX_POINT ( 'NONE', #3658 ) ;
#1530 = ADVANCED_FACE ( 'NONE', ( #2536 ), #750, .F. ) ;
#1531 = ORIENTED_EDGE ( 'NONE', *, *, #1981, .F. ) ;
#1532 = DIRECTION ( 'NONE',  ( -0.000000000000000000, -0.000000000000000000, 1.000000000000000000 ) ) ;
#1533 = DIRECTION ( 'NONE',  ( 1.000000000000000000, 3.097720492815727166E-16, 0.000000000000000000 ) ) ;
#1534 = EDGE_CURVE ( 'NONE', #1107, #4106, #1630, .T. ) ;
#1535 = PLANE ( 'NONE',  #2999 ) ;
#1536 = LINE ( 'NONE', #1887, #4369 ) ;
#1537 = ADVANCED_FACE ( 'NONE', ( #2747 ), #3816, .F. ) ;
#1538 =( LENGTH_UNIT ( ) NAMED_UNIT ( * ) SI_UNIT ( .MILLI., .METRE. ) );
#1539 = CARTESIAN_POINT ( 'NONE',  ( 0.1249999999999999167, 1.000000000000000222, 0.1300000000000000044 ) ) ;
#1540 = DIRECTION ( 'NONE',  ( -0.000000000000000000, -0.000000000000000000, 1.000000000000000000 ) ) ;
#1541 = LINE ( 'NONE', #1575, #4596 ) ;
#1542 = ORIENTED_EDGE ( 'NONE', *, *, #2325, .F. ) ;
#1543 = VECTOR ( 'NONE', #2577, 1000.000000000000000 ) ;
#1544 =( LENGTH_UNIT ( ) NAMED_UNIT ( * ) SI_UNIT ( .MILLI., .METRE. ) );
#1545 = LINE ( 'NONE', #1506, #1404 ) ;
#1546 = EDGE_LOOP ( 'NONE', ( #775, #3792, #11, #455 ) ) ;
#1547 = LINE ( 'NONE', #4050, #3046 ) ;
#1548 = DIRECTION ( 'NONE',  ( 1.000000000000000000, 0.000000000000000000, -0.000000000000000000 ) ) ;
#1549 = ORIENTED_EDGE ( 'NONE', *, *, #2578, .F. ) ;
#1550 = PRESENTATION_STYLE_ASSIGNMENT (( #3005 ) ) ;
#1551 = VECTOR ( 'NONE', #381, 1000.000000000000000 ) ;
#1552 = AXIS2_PLACEMENT_3D ( 'NONE', #1250, #2615, #3056 ) ;
#1553 = SURFACE_STYLE_FILL_AREA ( #3372 ) ;
#1554 = PRESENTATION_LAYER_ASSIGNMENT (  '', '', ( #1471 ) ) ;
#1555 = FACE_OUTER_BOUND ( 'NONE', #3754, .T. ) ;
#1556 = EDGE_CURVE ( 'NONE', #4095, #4466, #3723, .T. ) ;
#1557 =( GEOMETRIC_REPRESENTATION_CONTEXT ( 3 ) GLOBAL_UNCERTAINTY_ASSIGNED_CONTEXT ( ( #4254 ) ) GLOBAL_UNIT_ASSIGNED_CONTEXT ( ( #3101, #1485, #3450 ) ) REPRESENTATION_CONTEXT ( 'NONE', 'WORKASPACE' ) );
#1558 = PRESENTATION_LAYER_ASSIGNMENT (  '', '', ( #945 ) ) ;
#1559 =( GEOMETRIC_REPRESENTATION_CONTEXT ( 3 ) GLOBAL_UNCERTAINTY_ASSIGNED_CONTEXT ( ( #1888 ) ) GLOBAL_UNIT_ASSIGNED_CONTEXT ( ( #1602, #3021, #583 ) ) REPRESENTATION_CONTEXT ( 'NONE', 'WORKASPACE' ) );
#1560 =( LENGTH_UNIT ( ) NAMED_UNIT ( * ) SI_UNIT ( .MILLI., .METRE. ) );
#1561 = ORIENTED_EDGE ( 'NONE', *, *, #1834, .T. ) ;
#1562 = VECTOR ( 'NONE', #3504, 1000.000000000000000 ) ;
#1563 = DIRECTION ( 'NONE',  ( -1.000000000000000000, 3.872150616019658341E-16, 0.000000000000000000 ) ) ;
#1564 = AXIS2_PLACEMENT_3D ( 'NONE', #30, #4321, #7 ) ;
#1565 = EDGE_CURVE ( 'NONE', #2290, #3730, #4132, .T. ) ;
#1566 = AXIS2_PLACEMENT_3D ( 'NONE', #2413, #3825, #2057 ) ;
#1567 = UNCERTAINTY_MEASURE_WITH_UNIT (LENGTH_MEASURE( 1.000000000000000082E-05 ), #4279, 'distance_accuracy_value', 'NONE');
#1568 = MECHANICAL_DESIGN_GEOMETRIC_PRESENTATION_REPRESENTATION (  '', ( #1860 ), #4448 ) ;
#1569 = MECHANICAL_DESIGN_GEOMETRIC_PRESENTATION_REPRESENTATION (  '', ( #729 ), #1337 ) ;
#1570 = DIRECTION ( 'NONE',  ( 1.000000000000000000, 0.000000000000000000, 0.000000000000000000 ) ) ;
#1571 = VECTOR ( 'NONE', #3956, 1000.000000000000000 ) ;
#1572 = FACE_OUTER_BOUND ( 'NONE', #2859, .T. ) ;
#1573 = SURFACE_STYLE_USAGE ( .BOTH. , #3327 ) ;
#1574 = DIRECTION ( 'NONE',  ( 1.000000000000000000, 7.744301232039316681E-17, -0.000000000000000000 ) ) ;
#1575 = CARTESIAN_POINT ( 'NONE',  ( -0.4000000000000001332, 0.8750000000000001110, 0.1300000000128420652 ) ) ;
#1576 = COLOUR_RGB ( '',0.8039215686274510109, 0.8039215686274510109, 0.8039215686274510109 ) ;
#1577 = EDGE_LOOP ( 'NONE', ( #1919, #3874, #1144, #2602 ) ) ;
#1578 = SURFACE_STYLE_FILL_AREA ( #1280 ) ;
#1579 = VECTOR ( 'NONE', #2630, 1000.000000000000000 ) ;
#1580 = DIRECTION ( 'NONE',  ( 0.000000000000000000, 0.000000000000000000, 1.000000000000000000 ) ) ;
#1581 =( NAMED_UNIT ( * ) SI_UNIT ( $, .STERADIAN. ) SOLID_ANGLE_UNIT ( ) );
#1582 = DIRECTION ( 'NONE',  ( 3.097720492815727166E-16, 1.000000000000000000, 0.000000000000000000 ) ) ;
#1583 = PLANE ( 'NONE',  #4151 ) ;
#1584 = VECTOR ( 'NONE', #2027, 1000.000000000000000 ) ;
#1585 = ORIENTED_EDGE ( 'NONE', *, *, #3401, .F. ) ;
#1586 = DIRECTION ( 'NONE',  ( -1.000000000000000000, 3.097720492815727659E-16, 0.000000000000000000 ) ) ;
#1587 = DIRECTION ( 'NONE',  ( 0.000000000000000000, -0.000000000000000000, -1.000000000000000000 ) ) ;
#1588 = ADVANCED_FACE ( 'NONE', ( #3448 ), #528, .F. ) ;
#1589 = DIRECTION ( 'NONE',  ( -2.323290369611795497E-16, -1.000000000000000000, 0.000000000000000000 ) ) ;
#1590 =( NAMED_UNIT ( * ) SI_UNIT ( $, .STERADIAN. ) SOLID_ANGLE_UNIT ( ) );
#1591 = EDGE_CURVE ( 'NONE', #1529, #2477, #2366, .T. ) ;
#1592 = CARTESIAN_POINT ( 'NONE',  ( 0.7499999999999998890, -1.000000000000000000, 0.000000000000000000 ) ) ;
#1593 = CARTESIAN_POINT ( 'NONE',  ( -0.7500000000000001110, 0.3750000000000000000, -0.02000000000000000042 ) ) ;
#1594 = DIRECTION ( 'NONE',  ( 1.000000000000000000, -0.000000000000000000, 0.000000000000000000 ) ) ;
#1595 = CARTESIAN_POINT ( 'NONE',  ( 0.7499999999999998890, -0.1250000000000002220, 0.000000000000000000 ) ) ;
#1596 = VERTEX_POINT ( 'NONE', #224 ) ;
#1597 = EDGE_CURVE ( 'NONE', #309, #277, #685, .T. ) ;
#1598 =( LENGTH_UNIT ( ) NAMED_UNIT ( * ) SI_UNIT ( .MILLI., .METRE. ) );
#1599 = PRESENTATION_LAYER_ASSIGNMENT (  '', '', ( #26 ) ) ;
#1600 = DIRECTION ( 'NONE',  ( 0.000000000000000000, 0.000000000000000000, 1.000000000000000000 ) ) ;
#1601 = FACE_OUTER_BOUND ( 'NONE', #132, .T. ) ;
#1602 =( LENGTH_UNIT ( ) NAMED_UNIT ( * ) SI_UNIT ( .MILLI., .METRE. ) );
#1603 = VERTEX_POINT ( 'NONE', #167 ) ;
#1604 = ORIENTED_EDGE ( 'NONE', *, *, #3378, .F. ) ;
#1605 = CARTESIAN_POINT ( 'NONE',  ( -0.4000000000000001332, 0.6249999999999998890, 0.1300000000128420652 ) ) ;
#1606 = CARTESIAN_POINT ( 'NONE',  ( 0.4000000000000000222, -0.1250000000000000000, 0.1300000000000000044 ) ) ;
#1607 = FILL_AREA_STYLE_COLOUR ( '', #350 ) ;
#1608 = CARTESIAN_POINT ( 'NONE',  ( -0.7500000000000001110, 1.000000000000000000, 0.000000000000000000 ) ) ;
#1609 = APPLICATION_PROTOCOL_DEFINITION ( 'draft international standard', 'automotive_design', 1998, #3006 ) ;
#1610 = SURFACE_STYLE_FILL_AREA ( #3741 ) ;
#1611 = CARTESIAN_POINT ( 'NONE',  ( -0.7500000000000001110, -0.8750000000000000000, 0.000000000000000000 ) ) ;
#1612 = EDGE_CURVE ( 'NONE', #2433, #321, #3028, .T. ) ;
#1613 = ORIENTED_EDGE ( 'NONE', *, *, #222, .F. ) ;
#1614 = PRESENTATION_STYLE_ASSIGNMENT (( #108 ) ) ;
#1615 = DIRECTION ( 'NONE',  ( 0.000000000000000000, 0.000000000000000000, -1.000000000000000000 ) ) ;
#1616 = SURFACE_STYLE_USAGE ( .BOTH. , #4382 ) ;
#1617 = PRESENTATION_STYLE_ASSIGNMENT (( #3752 ) ) ;
#1618 = ADVANCED_FACE ( 'NONE', ( #598 ), #1245, .F. ) ;
#1619 = VECTOR ( 'NONE', #2271, 1000.000000000000000 ) ;
#1620 = ORIENTED_EDGE ( 'NONE', *, *, #2024, .T. ) ;
#1621 = EDGE_LOOP ( 'NONE', ( #138, #1892, #2127, #2096 ) ) ;
#1622 = SURFACE_SIDE_STYLE ('',( #1165 ) ) ;
#1623 = LINE ( 'NONE', #1669, #3265 ) ;
#1624 = CARTESIAN_POINT ( 'NONE',  ( -0.7500000000000001110, -1.000000000000000000, 0.000000000000000000 ) ) ;
#1625 =( GEOMETRIC_REPRESENTATION_CONTEXT ( 3 ) GLOBAL_UNCERTAINTY_ASSIGNED_CONTEXT ( ( #2119 ) ) GLOBAL_UNIT_ASSIGNED_CONTEXT ( ( #1196, #3945, #1581 ) ) REPRESENTATION_CONTEXT ( 'NONE', 'WORKASPACE' ) );
#1626 = UNCERTAINTY_MEASURE_WITH_UNIT (LENGTH_MEASURE( 1.000000000000000082E-05 ), #2109, 'distance_accuracy_value', 'NONE');
#1627 = CARTESIAN_POINT ( 'NONE',  ( 0.7499999999999998890, -0.1250000000000002220, 0.1300000000000000044 ) ) ;
#1628 = STYLED_ITEM ( 'NONE', ( #3969 ), #1794 ) ;
#1629 = ORIENTED_EDGE ( 'NONE', *, *, #810, .F. ) ;
#1630 = LINE ( 'NONE', #1951, #3184 ) ;
#1631 = AXIS2_PLACEMENT_3D ( 'NONE', #415, #1857, #3443 ) ;
#1632 = AXIS2_PLACEMENT_3D ( 'NONE', #2580, #3396, #4022 ) ;
#1633 =( GEOMETRIC_REPRESENTATION_CONTEXT ( 3 ) GLOBAL_UNCERTAINTY_ASSIGNED_CONTEXT ( ( #101 ) ) GLOBAL_UNIT_ASSIGNED_CONTEXT ( ( #4239, #684, #4507 ) ) REPRESENTATION_CONTEXT ( 'NONE', 'WORKASPACE' ) );
#1634 = DIRECTION ( 'NONE',  ( 0.000000000000000000, 0.000000000000000000, -1.000000000000000000 ) ) ;
#1635 = DIRECTION ( 'NONE',  ( 0.000000000000000000, 1.000000000000000000, 0.000000000000000000 ) ) ;
#1636 = CARTESIAN_POINT ( 'NONE',  ( -0.6450000000000001288, 0.8200000000000000622, 0.6199999999999999956 ) ) ;
#1637 = FILL_AREA_STYLE ('',( #3381 ) ) ;
#1638 = STYLED_ITEM ( 'NONE', ( #3035 ), #859 ) ;
#1639 =( GEOMETRIC_REPRESENTATION_CONTEXT ( 3 ) GLOBAL_UNCERTAINTY_ASSIGNED_CONTEXT ( ( #1958 ) ) GLOBAL_UNIT_ASSIGNED_CONTEXT ( ( #4606, #2937, #3975 ) ) REPRESENTATION_CONTEXT ( 'NONE', 'WORKASPACE' ) );
#1640 = ORIENTED_EDGE ( 'NONE', *, *, #2341, .F. ) ;
#1641 = FILL_AREA_STYLE ('',( #552 ) ) ;
#1642 = EDGE_CURVE ( 'NONE', #2717, #2433, #1415, .T. ) ;
#1643 = PLANE ( 'NONE',  #2152 ) ;
#1644 = CARTESIAN_POINT ( 'NONE',  ( 0.7499999999999998890, 0.3749999999999997780, 0.000000000000000000 ) ) ;
#1645 = AXIS2_PLACEMENT_3D ( 'NONE', #3910, #1112, #1061 ) ;
#1646 = DIRECTION ( 'NONE',  ( -0.000000000000000000, -0.000000000000000000, 1.000000000000000000 ) ) ;
#1647 = CARTESIAN_POINT ( 'NONE',  ( 0.7499999999999998890, 0.1250000000000001110, 0.000000000000000000 ) ) ;
#1648 = ORIENTED_EDGE ( 'NONE', *, *, #3777, .F. ) ;
#1649 = MECHANICAL_DESIGN_GEOMETRIC_PRESENTATION_REPRESENTATION (  '', ( #1265 ), #2017 ) ;
#1650 = CARTESIAN_POINT ( 'NONE',  ( 0.1250000000000000833, -0.9999999999999997780, -0.02000000000000000042 ) ) ;
#1651 = ADVANCED_FACE ( 'NONE', ( #2133 ), #2423, .F. ) ;
#1652 = CARTESIAN_POINT ( 'NONE',  ( 0.4000000000000000222, 0.1249999999999998890, 0.1300000000128420652 ) ) ;
#1653 =( NAMED_UNIT ( * ) SI_UNIT ( $, .STERADIAN. ) SOLID_ANGLE_UNIT ( ) );
#1654 = CARTESIAN_POINT ( 'NONE',  ( 0.4000000000000000222, 0.3750000000000000000, 0.000000000000000000 ) ) ;
#1655 = VECTOR ( 'NONE', #4241, 1000.000000000000000 ) ;
#1656 = EDGE_LOOP ( 'NONE', ( #2767, #2684, #3363, #911 ) ) ;
#1657 = FACE_OUTER_BOUND ( 'NONE', #3769, .T. ) ;
#1658 = ADVANCED_FACE ( 'NONE', ( #3531 ), #3549, .F. ) ;
#1659 = EDGE_LOOP ( 'NONE', ( #3639, #3493, #2342 ) ) ;
#1660 = EDGE_LOOP ( 'NONE', ( #2064, #2746, #616, #4347 ) ) ;
#1661 = PRESENTATION_STYLE_ASSIGNMENT (( #227 ) ) ;
#1662 = FACE_OUTER_BOUND ( 'NONE', #4555, .T. ) ;
#1663 = ORIENTED_EDGE ( 'NONE', *, *, #3538, .F. ) ;
#1664 = CARTESIAN_POINT ( 'NONE',  ( -0.7500000000000001110, -0.6249999999999998890, 0.000000000000000000 ) ) ;
#1665 = FILL_AREA_STYLE_COLOUR ( '', #120 ) ;
#1666 = FILL_AREA_STYLE_COLOUR ( '', #957 ) ;
#1667 = LINE ( 'NONE', #3106, #1075 ) ;
#1668 = ORIENTED_EDGE ( 'NONE', *, *, #2791, .F. ) ;
#1669 = CARTESIAN_POINT ( 'NONE',  ( -0.4000000000000001332, -0.1249999999999998890, 0.1300000000000000044 ) ) ;
#1670 =( LENGTH_UNIT ( ) NAMED_UNIT ( * ) SI_UNIT ( .MILLI., .METRE. ) );
#1671 =( LENGTH_UNIT ( ) NAMED_UNIT ( * ) SI_UNIT ( .MILLI., .METRE. ) );
#1672 = EDGE_CURVE ( 'NONE', #3276, #3022, #310, .T. ) ;
#1673 = ORIENTED_EDGE ( 'NONE', *, *, #1316, .T. ) ;
#1674 = ORIENTED_EDGE ( 'NONE', *, *, #1739, .F. ) ;
#1675 =( LENGTH_UNIT ( ) NAMED_UNIT ( * ) SI_UNIT ( .MILLI., .METRE. ) );
#1676 = EDGE_CURVE ( 'NONE', #2702, #2855, #3761, .T. ) ;
#1677 = CARTESIAN_POINT ( 'NONE',  ( 0.7499999999999998890, -0.3749999999999998890, -0.02000000000000000042 ) ) ;
#1678 = FACE_OUTER_BOUND ( 'NONE', #2113, .T. ) ;
#1679 = FILL_AREA_STYLE_COLOUR ( '', #2224 ) ;
#1680 = UNCERTAINTY_MEASURE_WITH_UNIT (LENGTH_MEASURE( 1.000000000000000082E-05 ), #3104, 'distance_accuracy_value', 'NONE');
#1681 = ORIENTED_EDGE ( 'NONE', *, *, #942, .T. ) ;
#1682 =( NAMED_UNIT ( * ) PLANE_ANGLE_UNIT ( ) SI_UNIT ( $, .RADIAN. ) );
#1683 = PLANE ( 'NONE',  #2232 ) ;
#1684 = CARTESIAN_POINT ( 'NONE',  ( 0.4000000000000000222, -0.1250000000000000000, 0.000000000000000000 ) ) ;
#1685 = VERTEX_POINT ( 'NONE', #4547 ) ;
#1686 = CARTESIAN_POINT ( 'NONE',  ( 0.7499999999999998890, -1.000000000000000000, 0.000000000000000000 ) ) ;
#1687 = LINE ( 'NONE', #3458, #1179 ) ;
#1688 =( NAMED_UNIT ( * ) SI_UNIT ( $, .STERADIAN. ) SOLID_ANGLE_UNIT ( ) );
#1689 = STYLED_ITEM ( 'NONE', ( #2724 ), #1537 ) ;
#1690 = VERTEX_POINT ( 'NONE', #286 ) ;
#1691 = VECTOR ( 'NONE', #2189, 1000.000000000000000 ) ;
#1692 = VERTEX_POINT ( 'NONE', #3119 ) ;
#1693 = ADVANCED_FACE ( 'NONE', ( #2066 ), #349, .T. ) ;
#1694 = DIRECTION ( 'NONE',  ( -1.000000000000000000, 3.097720492815727166E-16, 0.000000000000000000 ) ) ;
#1695 = CLOSED_SHELL ( 'NONE', ( #466, #495, #1894, #114, #1969, #2662, #1693, #51, #2488, #3908, #1618, #1031, #124, #658, #3578, #313, #3520, #339, #3465, #119, #3167, #883, #378, #2045, #2240, #3044, #1053, #2864, #237, #712, #1794, #4553, #4323, #3144, #2783, #1838, #3174, #3256, #2, #1140, #256, #4396, #218, #3853, #2444, #4363, #3350, #3036, #2556, #3870, #4027, #859, #400, #3738, #3509, #3488, #4478, #1347, #324, #1002, #1537 ) ) ;
#1696 = AXIS2_PLACEMENT_3D ( 'NONE', #2860, #2813, #4226 ) ;
#1697 = PRESENTATION_STYLE_ASSIGNMENT (( #4231 ) ) ;
#1698 = DIRECTION ( 'NONE',  ( 0.000000000000000000, 1.000000000000000000, 0.000000000000000000 ) ) ;
#1699 = EDGE_CURVE ( 'NONE', #1902, #4470, #4250, .T. ) ;
#1700 = DIRECTION ( 'NONE',  ( -3.097720492815727166E-16, -1.000000000000000000, 0.000000000000000000 ) ) ;
#1701 = MECHANICAL_DESIGN_GEOMETRIC_PRESENTATION_REPRESENTATION (  '', ( #419 ), #3551 ) ;
#1702 = AXIS2_PLACEMENT_3D ( 'NONE', #4384, #3249, #2498 ) ;
#1703 = PRESENTATION_LAYER_ASSIGNMENT (  '', '', ( #2367 ) ) ;
#1704 = EDGE_LOOP ( 'NONE', ( #3591, #670, #541, #857 ) ) ;
#1705 = AXIS2_PLACEMENT_3D ( 'NONE', #2854, #1719, #2478 ) ;
#1706 = PRESENTATION_LAYER_ASSIGNMENT (  '', '', ( #351 ) ) ;
#1707 = CARTESIAN_POINT ( 'NONE',  ( -0.7500000000000001110, 0.9699999999999999734, 0.6000000000000000888 ) ) ;
#1708 = PRESENTATION_STYLE_ASSIGNMENT (( #1056 ) ) ;
#1709 = FACE_OUTER_BOUND ( 'NONE', #3390, .T. ) ;
#1710 = DIRECTION ( 'NONE',  ( -0.000000000000000000, 0.000000000000000000, 1.000000000000000000 ) ) ;
#1711 = MECHANICAL_DESIGN_GEOMETRIC_PRESENTATION_REPRESENTATION (  '', ( #1331 ), #2824 ) ;
#1712 = SURFACE_SIDE_STYLE ('',( #1395 ) ) ;
#1713 = VECTOR ( 'NONE', #3433, 1000.000000000000000 ) ;
#1714 = MECHANICAL_DESIGN_GEOMETRIC_PRESENTATION_REPRESENTATION (  '', ( #3052 ), #1026 ) ;
#1715 = ORIENTED_EDGE ( 'NONE', *, *, #3075, .T. ) ;
#1716 = STYLED_ITEM ( 'NONE', ( #249 ), #883 ) ;
#1717 = LINE ( 'NONE', #303, #3797 ) ;
#1718 = MECHANICAL_DESIGN_GEOMETRIC_PRESENTATION_REPRESENTATION (  '', ( #660 ), #4160 ) ;
#1719 = DIRECTION ( 'NONE',  ( -6.195440985631457289E-16, -1.000000000000000000, 0.000000000000000000 ) ) ;
#1720 = ORIENTED_EDGE ( 'NONE', *, *, #1204, .T. ) ;
#1721 = CARTESIAN_POINT ( 'NONE',  ( -0.4000000000000001332, -0.8750000000000001110, 0.1300000000000000044 ) ) ;
#1722 = FILL_AREA_STYLE ('',( #2460 ) ) ;
#1723 = MECHANICAL_DESIGN_GEOMETRIC_PRESENTATION_REPRESENTATION (  '', ( #1865 ), #3427 ) ;
#1724 = ORIENTED_EDGE ( 'NONE', *, *, #1125, .T. ) ;
#1725 = ORIENTED_EDGE ( 'NONE', *, *, #3743, .T. ) ;
#1726 = VECTOR ( 'NONE', #613, 1000.000000000000000 ) ;
#1727 = SURFACE_STYLE_USAGE ( .BOTH. , #1365 ) ;
#1728 = ADVANCED_FACE ( 'NONE', ( #4523 ), #1385, .F. ) ;
#1729 = CARTESIAN_POINT ( 'NONE',  ( 0.7499999999999998890, 0.3749999999999997780, 0.1300000000000000044 ) ) ;
#1730 = SURFACE_STYLE_USAGE ( .BOTH. , #2753 ) ;
#1731 = EDGE_CURVE ( 'NONE', #4466, #4491, #3900, .T. ) ;
#1732 = ORIENTED_EDGE ( 'NONE', *, *, #1815, .F. ) ;
#1733 =( LENGTH_UNIT ( ) NAMED_UNIT ( * ) SI_UNIT ( .MILLI., .METRE. ) );
#1734 = CARTESIAN_POINT ( 'NONE',  ( -0.1250000000000000555, 0.6500000000000000222, 0.000000000000000000 ) ) ;
#1735 = DIRECTION ( 'NONE',  ( 0.000000000000000000, 0.000000000000000000, -1.000000000000000000 ) ) ;
#1736 = DIRECTION ( 'NONE',  ( -1.000000000000000000, -3.097720492815727166E-16, 0.000000000000000000 ) ) ;
#1737 = DIRECTION ( 'NONE',  ( 0.000000000000000000, 0.000000000000000000, -1.000000000000000000 ) ) ;
#1738 = CYLINDRICAL_SURFACE ( 'NONE', #1566, 0.02999999999999997113 ) ;
#1739 = EDGE_CURVE ( 'NONE', #1868, #3849, #265, .T. ) ;
#1740 = VERTEX_POINT ( 'NONE', #4015 ) ;
#1741 = LINE ( 'NONE', #4556, #1795 ) ;
#1742 = DIRECTION ( 'NONE',  ( -0.000000000000000000, -0.000000000000000000, -1.000000000000000000 ) ) ;
#1743 = VERTEX_POINT ( 'NONE', #1885 ) ;
#1744 = CARTESIAN_POINT ( 'NONE',  ( -0.7500000000000001110, 0.8750000000000000000, 0.000000000000000000 ) ) ;
#1745 = SURFACE_SIDE_STYLE ('',( #1433 ) ) ;
#1746 = ORIENTED_EDGE ( 'NONE', *, *, #1923, .T. ) ;
#1747 = ORIENTED_EDGE ( 'NONE', *, *, #1035, .T. ) ;
#1748 = CARTESIAN_POINT ( 'NONE',  ( -0.4000000000000001332, -0.8750000000000001110, 0.1300000000000000044 ) ) ;
#1749 = VECTOR ( 'NONE', #3793, 1000.000000000000000 ) ;
#1750 = UNCERTAINTY_MEASURE_WITH_UNIT (LENGTH_MEASURE( 1.000000000000000082E-05 ), #3020, 'distance_accuracy_value', 'NONE');
#1751 = ORIENTED_EDGE ( 'NONE', *, *, #4200, .F. ) ;
#1752 = SURFACE_STYLE_FILL_AREA ( #315 ) ;
#1753 = EDGE_CURVE ( 'NONE', #2336, #3807, #2604, .T. ) ;
#1754 = CARTESIAN_POINT ( 'NONE',  ( -0.7500000000000001110, -0.1249999999999998890, 0.000000000000000000 ) ) ;
#1755 = ORIENTED_EDGE ( 'NONE', *, *, #3180, .T. ) ;
#1756 = CARTESIAN_POINT ( 'NONE',  ( 0.000000000000000000, 1.000000000000000000, -0.02000000000000000042 ) ) ;
#1757 = EDGE_LOOP ( 'NONE', ( #4585, #1295, #1755, #1681 ) ) ;
#1758 = EDGE_CURVE ( 'NONE', #1058, #2399, #820, .T. ) ;
#1759 = ORIENTED_EDGE ( 'NONE', *, *, #4229, .T. ) ;
#1760 = DIRECTION ( 'NONE',  ( 1.000000000000000000, 0.000000000000000000, 0.000000000000000000 ) ) ;
#1761 = ORIENTED_EDGE ( 'NONE', *, *, #1150, .T. ) ;
#1762 = CARTESIAN_POINT ( 'NONE',  ( 0.7499999999999998890, -0.3749999999999998890, 0.1300000000000000044 ) ) ;
#1763 = CIRCLE ( 'NONE', #4135, 0.02999999999999997113 ) ;
#1764 = CARTESIAN_POINT ( 'NONE',  ( -0.1249999999999999167, 1.000000000000000444, -0.02000000000000000042 ) ) ;
#1765 = AXIS2_PLACEMENT_3D ( 'NONE', #2315, #3731, #537 ) ;
#1766 = VERTEX_POINT ( 'NONE', #1486 ) ;
#1767 = STYLED_ITEM ( 'NONE', ( #2244 ), #218 ) ;
#1768 = SURFACE_STYLE_USAGE ( .BOTH. , #2210 ) ;
#1769 = PRESENTATION_LAYER_ASSIGNMENT (  '', '', ( #3334 ) ) ;
#1770 = STYLED_ITEM ( 'NONE', ( #474 ), #1838 ) ;
#1771 = FACE_OUTER_BOUND ( 'NONE', #1017, .T. ) ;
#1772 = LINE ( 'NONE', #4575, #45 ) ;
#1773 = VECTOR ( 'NONE', #2990, 1000.000000000000000 ) ;
#1774 = AXIS2_PLACEMENT_3D ( 'NONE', #887, #4490, #2933 ) ;
#1775 = AXIS2_PLACEMENT_3D ( 'NONE', #2253, #4329, #2946 ) ;
#1776 = ORIENTED_EDGE ( 'NONE', *, *, #1523, .T. ) ;
#1777 = EDGE_CURVE ( 'NONE', #2701, #2464, #417, .T. ) ;
#1778 = DIRECTION ( 'NONE',  ( -0.000000000000000000, -0.000000000000000000, 1.000000000000000000 ) ) ;
#1779 =( NAMED_UNIT ( * ) PLANE_ANGLE_UNIT ( ) SI_UNIT ( $, .RADIAN. ) );
#1780 = AXIS2_PLACEMENT_3D ( 'NONE', #4140, #3367, #3105 ) ;
#1781 = ORIENTED_EDGE ( 'NONE', *, *, #4220, .T. ) ;
#1782 = COLOUR_RGB ( '',0.2862745098039215508, 0.2862745098039215508, 0.2862745098039215508 ) ;
#1783 = DIRECTION ( 'NONE',  ( -0.000000000000000000, 1.000000000000000000, -0.000000000000000000 ) ) ;
#1784 = LINE ( 'NONE', #2178, #3202 ) ;
#1785 = CARTESIAN_POINT ( 'NONE',  ( -0.7500000000000001110, -1.000000000000000000, 0.6300000000000000044 ) ) ;
#1786 = PRESENTATION_LAYER_ASSIGNMENT (  '', '', ( #1860 ) ) ;
#1787 = ORIENTED_EDGE ( 'NONE', *, *, #2843, .F. ) ;
#1788 = MECHANICAL_DESIGN_GEOMETRIC_PRESENTATION_REPRESENTATION (  '', ( #3199 ), #2379 ) ;
#1789 = CARTESIAN_POINT ( 'NONE',  ( 0.7499999999999998890, -0.6250000000000002220, 0.1300000000000000044 ) ) ;
#1790 = VERTEX_POINT ( 'NONE', #2632 ) ;
#1791 =( GEOMETRIC_REPRESENTATION_CONTEXT ( 3 ) GLOBAL_UNCERTAINTY_ASSIGNED_CONTEXT ( ( #1224 ) ) GLOBAL_UNIT_ASSIGNED_CONTEXT ( ( #3963, #4328, #3597 ) ) REPRESENTATION_CONTEXT ( 'NONE', 'WORKASPACE' ) );
#1792 = CARTESIAN_POINT ( 'NONE',  ( -0.4000000000000001332, 0.3750000000000001110, 0.000000000000000000 ) ) ;
#1793 = VECTOR ( 'NONE', #4416, 1000.000000000000000 ) ;
#1794 = ADVANCED_FACE ( 'NONE', ( #3231 ), #4358, .F. ) ;
#1795 = VECTOR ( 'NONE', #906, 1000.000000000000000 ) ;
#1796 = DIRECTION ( 'NONE',  ( -0.000000000000000000, -0.000000000000000000, 1.000000000000000000 ) ) ;
#1797 = DIRECTION ( 'NONE',  ( -0.000000000000000000, 0.000000000000000000, 1.000000000000000000 ) ) ;
#1798 = MECHANICAL_DESIGN_GEOMETRIC_PRESENTATION_REPRESENTATION (  '', ( #447 ), #3581 ) ;
#1799 = LINE ( 'NONE', #2191, #282 ) ;
#1800 = LINE ( 'NONE', #1076, #3629 ) ;
#1801 = DIRECTION ( 'NONE',  ( -1.000000000000000000, 3.097720492815727166E-16, 0.000000000000000000 ) ) ;
#1802 = CARTESIAN_POINT ( 'NONE',  ( 0.4000000000000000222, -0.6250000000000000000, -0.02000000000000000042 ) ) ;
#1803 = ORIENTED_EDGE ( 'NONE', *, *, #3836, .F. ) ;
#1804 = PLANE ( 'NONE',  #3566 ) ;
#1805 = CARTESIAN_POINT ( 'NONE',  ( 0.7199999999999999734, 0.9700000000000000844, 0.6000000000000000888 ) ) ;
#1806 = ORIENTED_EDGE ( 'NONE', *, *, #3836, .T. ) ;
#1807 = CARTESIAN_POINT ( 'NONE',  ( -0.7500000000000001110, 0.8750000000000000000, 0.1300000000000000044 ) ) ;
#1808 = DIRECTION ( 'NONE',  ( 1.000000000000000000, -0.000000000000000000, 0.000000000000000000 ) ) ;
#1809 = ORIENTED_EDGE ( 'NONE', *, *, #3482, .T. ) ;
#1810 = VERTEX_POINT ( 'NONE', #2879 ) ;
#1811 = SURFACE_STYLE_USAGE ( .BOTH. , #4270 ) ;
#1812 = EDGE_LOOP ( 'NONE', ( #390, #3810, #1384, #3308 ) ) ;
#1813 = PLANE ( 'NONE',  #4513 ) ;
#1814 = PLANE ( 'NONE',  #4366 ) ;
#1815 = EDGE_CURVE ( 'NONE', #3096, #273, #2908, .T. ) ;
#1816 = FILL_AREA_STYLE ('',( #2557 ) ) ;
#1817 = DIRECTION ( 'NONE',  ( -1.000000000000000000, -3.097720492815727166E-16, 0.000000000000000000 ) ) ;
#1818 = FACE_OUTER_BOUND ( 'NONE', #2972, .T. ) ;
#1819 = EDGE_CURVE ( 'NONE', #1048, #2500, #4335, .T. ) ;
#1820 = SURFACE_STYLE_FILL_AREA ( #1839 ) ;
#1821 =( GEOMETRIC_REPRESENTATION_CONTEXT ( 3 ) GLOBAL_UNCERTAINTY_ASSIGNED_CONTEXT ( ( #3324 ) ) GLOBAL_UNIT_ASSIGNED_CONTEXT ( ( #1675, #3098, #2777 ) ) REPRESENTATION_CONTEXT ( 'NONE', 'WORKASPACE' ) );
#1822 = LINE ( 'NONE', #3662, #2301 ) ;
#1823 = PLANE ( 'NONE',  #122 ) ;
#1824 = DIRECTION ( 'NONE',  ( 0.000000000000000000, -1.000000000000000000, 0.000000000000000000 ) ) ;
#1825 = VERTEX_POINT ( 'NONE', #1145 ) ;
#1826 = CARTESIAN_POINT ( 'NONE',  ( -0.5700000000000001732, 0.8200000000000000622, 0.6199999999999999956 ) ) ;
#1827 = FACE_OUTER_BOUND ( 'NONE', #755, .T. ) ;
#1828 = ORIENTED_EDGE ( 'NONE', *, *, #2766, .F. ) ;
#1829 = SURFACE_STYLE_USAGE ( .BOTH. , #761 ) ;
#1830 = DIRECTION ( 'NONE',  ( -0.000000000000000000, 1.000000000000000000, -0.000000000000000000 ) ) ;
#1831 = EDGE_LOOP ( 'NONE', ( #3456, #4201, #4613, #3938 ) ) ;
#1832 =( LENGTH_UNIT ( ) NAMED_UNIT ( * ) SI_UNIT ( .MILLI., .METRE. ) );
#1833 = EDGE_LOOP ( 'NONE', ( #2427, #2203, #1427, #535, #4196, #3418, #1306, #4153, #3580, #2459, #1079, #4475, #2736, #3813, #241, #3318, #666, #2789, #1883, #2846 ) ) ;
#1834 = EDGE_CURVE ( 'NONE', #2547, #2927, #3675, .T. ) ;
#1835 = LINE ( 'NONE', #3606, #2745 ) ;
#1836 = CARTESIAN_POINT ( 'NONE',  ( 0.1250000000000000833, -0.9999999999999997780, -0.02000000000000000042 ) ) ;
#1837 = SURFACE_STYLE_USAGE ( .BOTH. , #2804 ) ;
#1838 = ADVANCED_FACE ( 'NONE', ( #1555 ), #1814, .F. ) ;
#1839 = FILL_AREA_STYLE ('',( #4605 ) ) ;
#1840 = LINE ( 'NONE', #3260, #874 ) ;
#1841 = LINE ( 'NONE', #2583, #4364 ) ;
#1842 = CARTESIAN_POINT ( 'NONE',  ( 0.7499999999999998890, -0.6250000000000002220, 0.1300000001265289029 ) ) ;
#1843 = ORIENTED_EDGE ( 'NONE', *, *, #2080, .F. ) ;
#1844 = MECHANICAL_DESIGN_GEOMETRIC_PRESENTATION_REPRESENTATION (  '', ( #1471 ), #1321 ) ;
#1845 = CARTESIAN_POINT ( 'NONE',  ( 0.7499999999999998890, -0.3749999999999998890, -0.02000000000000000042 ) ) ;
#1846 = SURFACE_STYLE_FILL_AREA ( #813 ) ;
#1847 = DIRECTION ( 'NONE',  ( 0.000000000000000000, 0.000000000000000000, 1.000000000000000000 ) ) ;
#1848 = PRESENTATION_LAYER_ASSIGNMENT (  '', '', ( #1016 ) ) ;
#1849 = DIRECTION ( 'NONE',  ( -0.000000000000000000, -0.000000000000000000, 1.000000000000000000 ) ) ;
#1850 = AXIS2_PLACEMENT_3D ( 'NONE', #4252, #3953, #1817 ) ;
#1851 = VECTOR ( 'NONE', #2648, 1000.000000000000000 ) ;
#1852 = ORIENTED_EDGE ( 'NONE', *, *, #2704, .F. ) ;
#1853 =( GEOMETRIC_REPRESENTATION_CONTEXT ( 3 ) GLOBAL_UNCERTAINTY_ASSIGNED_CONTEXT ( ( #664 ) ) GLOBAL_UNIT_ASSIGNED_CONTEXT ( ( #37, #2944, #2251 ) ) REPRESENTATION_CONTEXT ( 'NONE', 'WORKASPACE' ) );
#1854 = COLOUR_RGB ( '',0.2862745098039215508, 0.2862745098039215508, 0.2862745098039215508 ) ;
#1855 = PRESENTATION_LAYER_ASSIGNMENT (  '', '', ( #3267 ) ) ;
#1856 = ORIENTED_EDGE ( 'NONE', *, *, #3827, .T. ) ;
#1857 = DIRECTION ( 'NONE',  ( 0.000000000000000000, 0.000000000000000000, 1.000000000000000000 ) ) ;
#1858 = DIRECTION ( 'NONE',  ( 1.000000000000000000, 3.097720492815727166E-16, 0.000000000000000000 ) ) ;
#1859 = PRESENTATION_LAYER_ASSIGNMENT (  '', '', ( #2601 ) ) ;
#1860 = STYLED_ITEM ( 'NONE', ( #4345 ), #1002 ) ;
#1861 = FILL_AREA_STYLE_COLOUR ( '', #2296 ) ;
#1862 = MECHANICAL_DESIGN_GEOMETRIC_PRESENTATION_REPRESENTATION (  '', ( #2985 ), #287 ) ;
#1863 = LINE ( 'NONE', #3676, #2593 ) ;
#1864 = EDGE_CURVE ( 'NONE', #1191, #2776, #3444, .T. ) ;
#1865 = STYLED_ITEM ( 'NONE', ( #1046 ), #4026 ) ;
#1866 = DIRECTION ( 'NONE',  ( 1.000000000000000000, 0.000000000000000000, 0.000000000000000000 ) ) ;
#1867 = CARTESIAN_POINT ( 'NONE',  ( 0.7499999999999998890, 0.8749999999999997780, -0.02000000000000000042 ) ) ;
#1868 = VERTEX_POINT ( 'NONE', #1222 ) ;
#1869 = CARTESIAN_POINT ( 'NONE',  ( -0.4000000000000001332, 0.6249999999999998890, -0.02000000000000000042 ) ) ;
#1870 = VECTOR ( 'NONE', #987, 1000.000000000000000 ) ;
#1871 =( NAMED_UNIT ( * ) PLANE_ANGLE_UNIT ( ) SI_UNIT ( $, .RADIAN. ) );
#1872 = EDGE_CURVE ( 'NONE', #384, #3292, #2653, .T. ) ;
#1873 = ORIENTED_EDGE ( 'NONE', *, *, #4202, .T. ) ;
#1874 = CARTESIAN_POINT ( 'NONE',  ( 0.7199999999999999734, -0.9700000000000000844, 0.6000000000000000888 ) ) ;
#1875 = DIRECTION ( 'NONE',  ( 1.000000000000000000, 0.000000000000000000, 0.000000000000000000 ) ) ;
#1876 = VERTEX_POINT ( 'NONE', #2339 ) ;
#1877 = DIRECTION ( 'NONE',  ( -1.000000000000000000, 0.000000000000000000, -0.000000000000000000 ) ) ;
#1878 = DIRECTION ( 'NONE',  ( 3.097720492815727166E-16, -1.000000000000000000, 0.000000000000000000 ) ) ;
#1879 = CARTESIAN_POINT ( 'NONE',  ( -0.7500000000000001110, 0.3750000000000000000, 0.1300000000000000044 ) ) ;
#1880 = EDGE_CURVE ( 'NONE', #762, #629, #4456, .T. ) ;
#1881 = VERTEX_POINT ( 'NONE', #2294 ) ;
#1882 = CARTESIAN_POINT ( 'NONE',  ( 0.7499999999999998890, -0.6250000000000002220, 0.1300000000000000044 ) ) ;
#1883 = ORIENTED_EDGE ( 'NONE', *, *, #1975, .F. ) ;
#1884 = LINE ( 'NONE', #97, #4148 ) ;
#1885 = CARTESIAN_POINT ( 'NONE',  ( -0.1250000000000003608, -0.9999999999999997780, -0.02000000000000000042 ) ) ;
#1886 = CARTESIAN_POINT ( 'NONE',  ( -0.4000000000000001332, -0.8750000000000001110, -0.02000000000000000042 ) ) ;
#1887 = CARTESIAN_POINT ( 'NONE',  ( 0.7499999999999998890, 0.8749999999999997780, 0.1300000000000000044 ) ) ;
#1888 = UNCERTAINTY_MEASURE_WITH_UNIT (LENGTH_MEASURE( 1.000000000000000082E-05 ), #1602, 'distance_accuracy_value', 'NONE');
#1889 = DIRECTION ( 'NONE',  ( -0.000000000000000000, -0.000000000000000000, -1.000000000000000000 ) ) ;
#1890 = CARTESIAN_POINT ( 'NONE',  ( 0.000000000000000000, 0.000000000000000000, 0.1300000000000000044 ) ) ;
#1891 = SURFACE_STYLE_FILL_AREA ( #872 ) ;
#1892 = ORIENTED_EDGE ( 'NONE', *, *, #737, .T. ) ;
#1893 =( NAMED_UNIT ( * ) PLANE_ANGLE_UNIT ( ) SI_UNIT ( $, .RADIAN. ) );
#1894 = ADVANCED_FACE ( 'NONE', ( #141 ), #961, .F. ) ;
#1895 = PLANE ( 'NONE',  #505 ) ;
#1896 = SURFACE_SIDE_STYLE ('',( #464 ) ) ;
#1897 = LINE ( 'NONE', #407, #3415 ) ;
#1898 = DIRECTION ( 'NONE',  ( -1.000000000000000000, 0.000000000000000000, 0.000000000000000000 ) ) ;
#1899 = CARTESIAN_POINT ( 'NONE',  ( 0.7499999999999998890, 0.1250000000000001110, 0.000000000000000000 ) ) ;
#1900 = ORIENTED_EDGE ( 'NONE', *, *, #368, .F. ) ;
#1901 = EDGE_CURVE ( 'NONE', #221, #2968, #3349, .T. ) ;
#1902 = VERTEX_POINT ( 'NONE', #3414 ) ;
#1903 = SURFACE_STYLE_FILL_AREA ( #860 ) ;
#1904 = CARTESIAN_POINT ( 'NONE',  ( 0.1250000000000000833, -0.9999999999999997780, 0.1300000000000002265 ) ) ;
#1905 = DIRECTION ( 'NONE',  ( 0.000000000000000000, 0.000000000000000000, -1.000000000000000000 ) ) ;
#1906 = CARTESIAN_POINT ( 'NONE',  ( -0.4000000000000001332, -0.3750000000000001110, 0.000000000000000000 ) ) ;
#1907 = SURFACE_STYLE_FILL_AREA ( #479 ) ;
#1908 = PRESENTATION_STYLE_ASSIGNMENT (( #827 ) ) ;
#1909 = DIRECTION ( 'NONE',  ( 0.000000000000000000, 0.000000000000000000, -1.000000000000000000 ) ) ;
#1910 = ORIENTED_EDGE ( 'NONE', *, *, #4538, .F. ) ;
#1911 = VECTOR ( 'NONE', #4031, 1000.000000000000000 ) ;
#1912 = FACE_OUTER_BOUND ( 'NONE', #1211, .T. ) ;
#1913 = ORIENTED_EDGE ( 'NONE', *, *, #3665, .F. ) ;
#1914 = CARTESIAN_POINT ( 'NONE',  ( 0.7499999999999998890, 0.3749999999999997780, -0.02000000000000000042 ) ) ;
#1915 = LINE ( 'NONE', #2355, #1326 ) ;
#1916 = MECHANICAL_DESIGN_GEOMETRIC_PRESENTATION_REPRESENTATION (  '', ( #2361 ), #714 ) ;
#1917 = EDGE_CURVE ( 'NONE', #2870, #943, #185, .T. ) ;
#1918 = VECTOR ( 'NONE', #2720, 1000.000000000000000 ) ;
#1919 = ORIENTED_EDGE ( 'NONE', *, *, #2758, .T. ) ;
#1920 =( NAMED_UNIT ( * ) SI_UNIT ( $, .STERADIAN. ) SOLID_ANGLE_UNIT ( ) );
#1921 = AXIS2_PLACEMENT_3D ( 'NONE', #2975, #1808, #446 ) ;
#1922 = SURFACE_STYLE_FILL_AREA ( #240 ) ;
#1923 = EDGE_CURVE ( 'NONE', #605, #3050, #1269, .T. ) ;
#1924 = PRESENTATION_LAYER_ASSIGNMENT (  '', '', ( #3856 ) ) ;
#1925 = AXIS2_PLACEMENT_3D ( 'NONE', #2546, #4349, #1157 ) ;
#1926 = VECTOR ( 'NONE', #3498, 1000.000000000000000 ) ;
#1927 = ORIENTED_EDGE ( 'NONE', *, *, #1325, .T. ) ;
#1928 = CARTESIAN_POINT ( 'NONE',  ( 0.7499999999999998890, -1.000000000000000000, 0.000000000000000000 ) ) ;
#1929 = COLOUR_RGB ( '',0.2862745098039215508, 0.2862745098039215508, 0.2862745098039215508 ) ;
#1930 = AXIS2_PLACEMENT_3D ( 'NONE', #482, #2347, #1909 ) ;
#1931 = EDGE_CURVE ( 'NONE', #904, #1810, #2699, .T. ) ;
#1932 = MECHANICAL_DESIGN_GEOMETRIC_PRESENTATION_REPRESENTATION (  '', ( #1335 ), #2680 ) ;
#1933 = VECTOR ( 'NONE', #1252, 1000.000000000000000 ) ;
#1934 = DIRECTION ( 'NONE',  ( -0.000000000000000000, 0.000000000000000000, 1.000000000000000000 ) ) ;
#1935 = DIRECTION ( 'NONE',  ( -0.000000000000000000, -0.000000000000000000, 1.000000000000000000 ) ) ;
#1936 = DIRECTION ( 'NONE',  ( 0.000000000000000000, 0.000000000000000000, 1.000000000000000000 ) ) ;
#1937 = LINE ( 'NONE', #1212, #3791 ) ;
#1938 =( GEOMETRIC_REPRESENTATION_CONTEXT ( 3 ) GLOBAL_UNCERTAINTY_ASSIGNED_CONTEXT ( ( #1626 ) ) GLOBAL_UNIT_ASSIGNED_CONTEXT ( ( #2109, #3304, #477 ) ) REPRESENTATION_CONTEXT ( 'NONE', 'WORKASPACE' ) );
#1939 = VERTEX_POINT ( 'NONE', #1292 ) ;
#1940 = VECTOR ( 'NONE', #2070, 1000.000000000000000 ) ;
#1941 =( LENGTH_UNIT ( ) NAMED_UNIT ( * ) SI_UNIT ( .MILLI., .METRE. ) );
#1942 = DIRECTION ( 'NONE',  ( -1.000000000000000000, 3.097720492815727166E-16, 0.000000000000000000 ) ) ;
#1943 = CARTESIAN_POINT ( 'NONE',  ( -0.4000000000000001332, 0.8750000000000001110, 0.1300000000000000044 ) ) ;
#1944 = ORIENTED_EDGE ( 'NONE', *, *, #4419, .F. ) ;
#1945 = DIRECTION ( 'NONE',  ( 0.000000000000000000, 0.000000000000000000, 1.000000000000000000 ) ) ;
#1946 = UNCERTAINTY_MEASURE_WITH_UNIT (LENGTH_MEASURE( 1.000000000000000082E-05 ), #1459, 'distance_accuracy_value', 'NONE');
#1947 = CARTESIAN_POINT ( 'NONE',  ( 0.7499999999999998890, -0.1250000000000002220, -0.02000000000000000042 ) ) ;
#1948 = ORIENTED_EDGE ( 'NONE', *, *, #1672, .F. ) ;
#1949 =( NAMED_UNIT ( * ) PLANE_ANGLE_UNIT ( ) SI_UNIT ( $, .RADIAN. ) );
#1950 = EDGE_CURVE ( 'NONE', #904, #3276, #861, .T. ) ;
#1951 = CARTESIAN_POINT ( 'NONE',  ( -0.1249999999999999167, 0.6500000000000000222, -0.02000000000000000042 ) ) ;
#1952 = SURFACE_STYLE_USAGE ( .BOTH. , #565 ) ;
#1953 = CARTESIAN_POINT ( 'NONE',  ( 0.000000000000000000, 0.000000000000000000, 0.1300000000000000044 ) ) ;
#1954 = EDGE_CURVE ( 'NONE', #4095, #3885, #4127, .T. ) ;
#1955 = SURFACE_STYLE_USAGE ( .BOTH. , #128 ) ;
#1956 = LINE ( 'NONE', #3398, #3782 ) ;
#1957 = ORIENTED_EDGE ( 'NONE', *, *, #2264, .T. ) ;
#1958 = UNCERTAINTY_MEASURE_WITH_UNIT (LENGTH_MEASURE( 1.000000000000000082E-05 ), #4606, 'distance_accuracy_value', 'NONE');
#1959 = DIRECTION ( 'NONE',  ( -1.000000000000000000, -6.195440985631456303E-16, 0.000000000000000000 ) ) ;
#1960 = CARTESIAN_POINT ( 'NONE',  ( 0.1250000000000000833, 1.000000000000000000, 0.1300000000000000044 ) ) ;
#1961 = CARTESIAN_POINT ( 'NONE',  ( -0.4000000000000001332, -0.6249999999999998890, -0.02000000000000000042 ) ) ;
#1962 = CARTESIAN_POINT ( 'NONE',  ( 0.1249999999999999167, 0.6500000000000000222, 0.1300000000000000044 ) ) ;
#1963 = EDGE_LOOP ( 'NONE', ( #4224, #3601, #3753, #4447 ) ) ;
#1964 = ORIENTED_EDGE ( 'NONE', *, *, #890, .T. ) ;
#1965 =( NAMED_UNIT ( * ) SI_UNIT ( $, .STERADIAN. ) SOLID_ANGLE_UNIT ( ) );
#1966 = MECHANICAL_DESIGN_GEOMETRIC_PRESENTATION_REPRESENTATION (  '', ( #3971 ), #1821 ) ;
#1967 = DIRECTION ( 'NONE',  ( -0.000000000000000000, 0.000000000000000000, 1.000000000000000000 ) ) ;
#1968 = VERTEX_POINT ( 'NONE', #3027 ) ;
#1969 = ADVANCED_FACE ( 'NONE', ( #1362 ), #3170, .F. ) ;
#1970 = DIRECTION ( 'NONE',  ( 0.000000000000000000, 0.000000000000000000, 1.000000000000000000 ) ) ;
#1971 = PLANE ( 'NONE',  #1632 ) ;
#1972 = LINE ( 'NONE', #2345, #879 ) ;
#1973 =( NAMED_UNIT ( * ) SI_UNIT ( $, .STERADIAN. ) SOLID_ANGLE_UNIT ( ) );
#1974 = DIRECTION ( 'NONE',  ( 1.000000000000000000, -6.195440985631456303E-16, -0.000000000000000000 ) ) ;
#1975 = EDGE_CURVE ( 'NONE', #2419, #3096, #2773, .T. ) ;
#1976 = ORIENTED_EDGE ( 'NONE', *, *, #2468, .F. ) ;
#1977 = PRESENTATION_STYLE_ASSIGNMENT (( #3684 ) ) ;
#1978 = LINE ( 'NONE', #3803, #4005 ) ;
#1979 = PRESENTATION_STYLE_ASSIGNMENT (( #4052 ) ) ;
#1980 = CARTESIAN_POINT ( 'NONE',  ( 0.7499999999999998890, 0.1250000000000001110, 0.1300000000000000044 ) ) ;
#1981 = EDGE_CURVE ( 'NONE', #956, #809, #2094, .T. ) ;
#1982 = PRESENTATION_LAYER_ASSIGNMENT (  '', '', ( #3399 ) ) ;
#1983 = EDGE_LOOP ( 'NONE', ( #4281, #2160, #695, #3948 ) ) ;
#1984 = ORIENTED_EDGE ( 'NONE', *, *, #841, .T. ) ;
#1985 = DIRECTION ( 'NONE',  ( -1.000000000000000000, 0.000000000000000000, -0.000000000000000000 ) ) ;
#1986 = DIRECTION ( 'NONE',  ( -0.000000000000000000, 1.000000000000000000, -0.000000000000000000 ) ) ;
#1987 = AXIS2_PLACEMENT_3D ( 'NONE', #517, #1600, #878 ) ;
#1988 = STYLED_ITEM ( 'NONE', ( #1327 ), #2713 ) ;
#1989 = PRODUCT_CONTEXT ( 'NONE', #2765, 'mechanical' ) ;
#1990 = VECTOR ( 'NONE', #3211, 1000.000000000000000 ) ;
#1991 = ORIENTED_EDGE ( 'NONE', *, *, #912, .F. ) ;
#1992 = CARTESIAN_POINT ( 'NONE',  ( 0.7499999999999998890, -0.6250000000000002220, 0.1300000000000000044 ) ) ;
#1993 = VECTOR ( 'NONE', #1986, 1000.000000000000000 ) ;
#1994 = VECTOR ( 'NONE', #1589, 1000.000000000000000 ) ;
#1995 = VECTOR ( 'NONE', #2404, 1000.000000000000000 ) ;
#1996 = STYLED_ITEM ( 'NONE', ( #3526 ), #2045 ) ;
#1997 = CARTESIAN_POINT ( 'NONE',  ( -0.7200000000000001954, 0.9699999999999999734, 0.000000000000000000 ) ) ;
#1998 = AXIS2_PLACEMENT_3D ( 'NONE', #981, #3756, #3093 ) ;
#1999 = FILL_AREA_STYLE_COLOUR ( '', #3479 ) ;
#2000 =( GEOMETRIC_REPRESENTATION_CONTEXT ( 3 ) GLOBAL_UNCERTAINTY_ASSIGNED_CONTEXT ( ( #4261 ) ) GLOBAL_UNIT_ASSIGNED_CONTEXT ( ( #1268, #78, #1965 ) ) REPRESENTATION_CONTEXT ( 'NONE', 'WORKASPACE' ) );
#2001 =( LENGTH_UNIT ( ) NAMED_UNIT ( * ) SI_UNIT ( .MILLI., .METRE. ) );
#2002 = STYLED_ITEM ( 'NONE', ( #1503 ), #2489 ) ;
#2003 = DIRECTION ( 'NONE',  ( 0.000000000000000000, 0.000000000000000000, 1.000000000000000000 ) ) ;
#2004 = LINE ( 'NONE', #3082, #2676 ) ;
#2005 = AXIS2_PLACEMENT_3D ( 'NONE', #9, #1057, #1736 ) ;
#2006 = COLOUR_RGB ( '',0.2862745098039215508, 0.2862745098039215508, 0.2862745098039215508 ) ;
#2007 = VERTEX_POINT ( 'NONE', #3879 ) ;
#2008 = DIRECTION ( 'NONE',  ( 1.000000000000000000, 0.000000000000000000, -0.000000000000000000 ) ) ;
#2009 = VECTOR ( 'NONE', #3248, 1000.000000000000000 ) ;
#2010 = DIRECTION ( 'NONE',  ( 0.000000000000000000, 0.000000000000000000, 1.000000000000000000 ) ) ;
#2011 = COLOUR_RGB ( '',0.2862745098039215508, 0.2862745098039215508, 0.2862745098039215508 ) ;
#2012 = DIRECTION ( 'NONE',  ( -0.000000000000000000, -0.000000000000000000, 1.000000000000000000 ) ) ;
#2013 = EDGE_CURVE ( 'NONE', #1428, #3150, #4245, .T. ) ;
#2014 = DIRECTION ( 'NONE',  ( -0.000000000000000000, -0.000000000000000000, 1.000000000000000000 ) ) ;
#2015 = DIRECTION ( 'NONE',  ( -1.000000000000000000, 0.000000000000000000, 0.000000000000000000 ) ) ;
#2016 = EDGE_LOOP ( 'NONE', ( #998, #3172, #3155, #3118 ) ) ;
#2017 =( GEOMETRIC_REPRESENTATION_CONTEXT ( 3 ) GLOBAL_UNCERTAINTY_ASSIGNED_CONTEXT ( ( #219 ) ) GLOBAL_UNIT_ASSIGNED_CONTEXT ( ( #3439, #2434, #4511 ) ) REPRESENTATION_CONTEXT ( 'NONE', 'WORKASPACE' ) );
#2018 = PRESENTATION_STYLE_ASSIGNMENT (( #3780 ) ) ;
#2019 =( NAMED_UNIT ( * ) PLANE_ANGLE_UNIT ( ) SI_UNIT ( $, .RADIAN. ) );
#2020 = EDGE_CURVE ( 'NONE', #1294, #2717, #4583, .T. ) ;
#2021 = PRESENTATION_LAYER_ASSIGNMENT (  '', '', ( #3431 ) ) ;
#2022 = ORIENTED_EDGE ( 'NONE', *, *, #3234, .F. ) ;
#2023 = COLOUR_RGB ( '',0.2862745098039215508, 0.2862745098039215508, 0.2862745098039215508 ) ;
#2024 = EDGE_CURVE ( 'NONE', #4312, #3834, #2792, .T. ) ;
#2025 = ORIENTED_EDGE ( 'NONE', *, *, #261, .F. ) ;
#2026 = FILL_AREA_STYLE ('',( #4089 ) ) ;
#2027 = DIRECTION ( 'NONE',  ( 0.000000000000000000, 1.000000000000000000, 0.000000000000000000 ) ) ;
#2028 = CARTESIAN_POINT ( 'NONE',  ( 0.7199999999999999734, -0.9700000000000000844, 0.6300000000000000044 ) ) ;
#2029 = DIRECTION ( 'NONE',  ( 0.000000000000000000, -1.000000000000000000, 0.000000000000000000 ) ) ;
#2030 = EDGE_LOOP ( 'NONE', ( #2695, #532, #2438, #926 ) ) ;
#2031 = UNCERTAINTY_MEASURE_WITH_UNIT (LENGTH_MEASURE( 1.000000000000000082E-05 ), #4320, 'distance_accuracy_value', 'NONE');
#2032 = LINE ( 'NONE', #3452, #431 ) ;
#2033 = PRESENTATION_STYLE_ASSIGNMENT (( #1301 ) ) ;
#2034 = SURFACE_STYLE_FILL_AREA ( #2352 ) ;
#2035 = FACE_OUTER_BOUND ( 'NONE', #4006, .T. ) ;
#2036 = CARTESIAN_POINT ( 'NONE',  ( -0.4000000000000001332, 0.3750000000000001110, -0.02000000000000000042 ) ) ;
#2037 = FACE_OUTER_BOUND ( 'NONE', #1154, .T. ) ;
#2038 = ORIENTED_EDGE ( 'NONE', *, *, #396, .T. ) ;
#2039 = ADVANCED_FACE ( 'NONE', ( #625 ), #4198, .T. ) ;
#2040 = DIRECTION ( 'NONE',  ( 7.744301232039316681E-17, 1.000000000000000000, 0.000000000000000000 ) ) ;
#2041 = ORIENTED_EDGE ( 'NONE', *, *, #982, .F. ) ;
#2042 = CARTESIAN_POINT ( 'NONE',  ( -0.4000000000000001332, 0.8750000000000001110, -0.02000000000000000042 ) ) ;
#2043 = PLANE ( 'NONE',  #1399 ) ;
#2044 = EDGE_LOOP ( 'NONE', ( #4185, #2439, #2806, #3092 ) ) ;
#2045 = ADVANCED_FACE ( 'NONE', ( #4268 ), #2043, .F. ) ;
#2046 = AXIS2_PLACEMENT_3D ( 'NONE', #1343, #696, #373 ) ;
#2047 = VERTEX_POINT ( 'NONE', #3647 ) ;
#2048 =( LENGTH_UNIT ( ) NAMED_UNIT ( * ) SI_UNIT ( .MILLI., .METRE. ) );
#2049 = DIRECTION ( 'NONE',  ( 0.000000000000000000, 0.000000000000000000, -1.000000000000000000 ) ) ;
#2050 = LINE ( 'NONE', #2707, #4508 ) ;
#2051 = ORIENTED_EDGE ( 'NONE', *, *, #2024, .F. ) ;
#2052 = SURFACE_STYLE_FILL_AREA ( #1391 ) ;
#2053 = PRESENTATION_STYLE_ASSIGNMENT (( #2624 ) ) ;
#2054 =( NAMED_UNIT ( * ) SI_UNIT ( $, .STERADIAN. ) SOLID_ANGLE_UNIT ( ) );
#2055 = DIRECTION ( 'NONE',  ( 0.000000000000000000, 0.000000000000000000, -1.000000000000000000 ) ) ;
#2056 = CARTESIAN_POINT ( 'NONE',  ( -0.4000000000000001332, 0.8750000000000001110, -0.02000000000000000042 ) ) ;
#2057 = DIRECTION ( 'NONE',  ( -1.000000000000000000, 0.000000000000000000, 0.000000000000000000 ) ) ;
#2058 = VERTEX_POINT ( 'NONE', #815 ) ;
#2059 = CARTESIAN_POINT ( 'NONE',  ( -0.7500000000000001110, -0.6250000000000000000, 0.1300000000000000044 ) ) ;
#2060 = LINE ( 'NONE', #622, #3556 ) ;
#2061 = VERTEX_POINT ( 'NONE', #782 ) ;
#2062 = LINE ( 'NONE', #3811, #1993 ) ;
#2063 = EDGE_CURVE ( 'NONE', #4482, #3315, #3946, .T. ) ;
#2064 = ORIENTED_EDGE ( 'NONE', *, *, #829, .T. ) ;
#2065 = EDGE_LOOP ( 'NONE', ( #2503, #4214, #3083, #3299 ) ) ;
#2066 = FACE_OUTER_BOUND ( 'NONE', #2597, .T. ) ;
#2067 = EDGE_CURVE ( 'NONE', #4542, #1740, #3296, .T. ) ;
#2068 = CLOSED_SHELL ( 'NONE', ( #3068, #626, #2100, #4441, #3383, #318 ) ) ;
#2069 = AXIS2_PLACEMENT_3D ( 'NONE', #3584, #659, #1 ) ;
#2070 = DIRECTION ( 'NONE',  ( 0.000000000000000000, -1.000000000000000000, 0.000000000000000000 ) ) ;
#2071 = AXIS2_PLACEMENT_3D ( 'NONE', #1953, #2682, #3698 ) ;
#2072 = EDGE_CURVE ( 'NONE', #277, #309, #2509, .T. ) ;
#2073 = AXIS2_PLACEMENT_3D ( 'NONE', #2085, #3873, #301 ) ;
#2074 = AXIS2_PLACEMENT_3D ( 'NONE', #2655, #3739, #3420 ) ;
#2075 = VECTOR ( 'NONE', #1532, 1000.000000000000000 ) ;
#2076 = EDGE_LOOP ( 'NONE', ( #2088, #855, #3219, #2038 ) ) ;
#2077 = AXIS2_PLACEMENT_3D ( 'NONE', #1606, #1239, #239 ) ;
#2078 = LINE ( 'NONE', #248, #2218 ) ;
#2079 = LINE ( 'NONE', #2408, #2679 ) ;
#2080 = EDGE_CURVE ( 'NONE', #1230, #3375, #2225, .T. ) ;
#2081 = FACE_OUTER_BOUND ( 'NONE', #2076, .T. ) ;
#2082 = DIRECTION ( 'NONE',  ( 3.097720492815727166E-16, 1.000000000000000000, 0.000000000000000000 ) ) ;
#2083 = FACE_OUTER_BOUND ( 'NONE', #3109, .T. ) ;
#2084 = PRESENTATION_LAYER_ASSIGNMENT (  '', '', ( #4080 ) ) ;
#2085 = CARTESIAN_POINT ( 'NONE',  ( 0.000000000000000000, 0.5000000000000000000, -0.02000000000000000042 ) ) ;
#2086 = VECTOR ( 'NONE', #2212, 1000.000000000000000 ) ;
#2087 = MECHANICAL_DESIGN_GEOMETRIC_PRESENTATION_REPRESENTATION (  '', ( #2601 ), #2986 ) ;
#2088 = ORIENTED_EDGE ( 'NONE', *, *, #2471, .T. ) ;
#2089 = COLOUR_RGB ( '',0.2862745098039215508, 0.2862745098039215508, 0.2862745098039215508 ) ;
#2090 = PRESENTATION_LAYER_ASSIGNMENT (  '', '', ( #2985 ) ) ;
#2091 = CARTESIAN_POINT ( 'NONE',  ( 0.4000000000000000222, -0.6250000000000000000, 0.000000000000000000 ) ) ;
#2092 = ORIENTED_EDGE ( 'NONE', *, *, #1325, .F. ) ;
#2093 = LINE ( 'NONE', #3896, #52 ) ;
#2094 = LINE ( 'NONE', #4616, #4145 ) ;
#2095 = MECHANICAL_DESIGN_GEOMETRIC_PRESENTATION_REPRESENTATION (  '', ( #4607 ), #65 ) ;
#2096 = ORIENTED_EDGE ( 'NONE', *, *, #3631, .T. ) ;
#2097 = VERTEX_POINT ( 'NONE', #1899 ) ;
#2098 = DIRECTION ( 'NONE',  ( 0.000000000000000000, -1.000000000000000000, 0.000000000000000000 ) ) ;
#2099 = CARTESIAN_POINT ( 'NONE',  ( -0.7500000000000001110, -0.1250000000000000000, 0.1300000000000000044 ) ) ;
#2100 = ADVANCED_FACE ( 'NONE', ( #715 ), #17, .F. ) ;
#2101 = CARTESIAN_POINT ( 'NONE',  ( -0.7500000000000001110, -0.8750000000000000000, 0.1300000000000000044 ) ) ;
#2102 = VERTEX_POINT ( 'NONE', #1528 ) ;
#2103 = ADVANCED_FACE ( 'NONE', ( #3620 ), #2155, .F. ) ;
#2104 = FACE_OUTER_BOUND ( 'NONE', #3779, .T. ) ;
#2105 = FACE_OUTER_BOUND ( 'NONE', #1379, .T. ) ;
#2106 = LINE ( 'NONE', #3823, #3865 ) ;
#2107 = CARTESIAN_POINT ( 'NONE',  ( -0.7500000000000001110, -0.8750000000000000000, -0.02000000000000000042 ) ) ;
#2108 = ORIENTED_EDGE ( 'NONE', *, *, #1371, .F. ) ;
#2109 =( LENGTH_UNIT ( ) NAMED_UNIT ( * ) SI_UNIT ( .MILLI., .METRE. ) );
#2110 = PLANE ( 'NONE',  #3930 ) ;
#2111 = VERTEX_POINT ( 'NONE', #69 ) ;
#2112 = SURFACE_STYLE_USAGE ( .BOTH. , #1745 ) ;
#2113 = EDGE_LOOP ( 'NONE', ( #557, #3176, #4221, #2825 ) ) ;
#2114 = FILL_AREA_STYLE ('',( #3529 ) ) ;
#2115 = VERTEX_POINT ( 'NONE', #3964 ) ;
#2116 = DIRECTION ( 'NONE',  ( 0.000000000000000000, 0.000000000000000000, 1.000000000000000000 ) ) ;
#2117 = FACE_OUTER_BOUND ( 'NONE', #3089, .T. ) ;
#2118 = CARTESIAN_POINT ( 'NONE',  ( 0.7499999999999998890, -0.6250000000000002220, -0.02000000000000000042 ) ) ;
#2119 = UNCERTAINTY_MEASURE_WITH_UNIT (LENGTH_MEASURE( 1.000000000000000082E-05 ), #1196, 'distance_accuracy_value', 'NONE');
#2120 = EDGE_CURVE ( 'NONE', #3514, #2951, #1162, .T. ) ;
#2121 = ORIENTED_EDGE ( 'NONE', *, *, #4133, .T. ) ;
#2122 = DIRECTION ( 'NONE',  ( 0.000000000000000000, 0.000000000000000000, 1.000000000000000000 ) ) ;
#2123 = UNCERTAINTY_MEASURE_WITH_UNIT (LENGTH_MEASURE( 1.000000000000000082E-05 ), #3146, 'distance_accuracy_value', 'NONE');
#2124 = FILL_AREA_STYLE ('',( #4258 ) ) ;
#2125 = CARTESIAN_POINT ( 'NONE',  ( 0.7499999999999998890, -0.8749999999999998890, 0.1300000001265289029 ) ) ;
#2126 = EDGE_CURVE ( 'NONE', #3855, #4046, #1510, .T. ) ;
#2127 = ORIENTED_EDGE ( 'NONE', *, *, #3161, .T. ) ;
#2128 = ORIENTED_EDGE ( 'NONE', *, *, #1597, .F. ) ;
#2129 = DIRECTION ( 'NONE',  ( 0.000000000000000000, -1.000000000000000000, 0.000000000000000000 ) ) ;
#2130 = EDGE_CURVE ( 'NONE', #3983, #321, #1477, .T. ) ;
#2131 = EDGE_LOOP ( 'NONE', ( #2703, #4514, #4476, #1090 ) ) ;
#2132 = ORIENTED_EDGE ( 'NONE', *, *, #2921, .T. ) ;
#2133 = FACE_OUTER_BOUND ( 'NONE', #2616, .T. ) ;
#2134 = AXIS2_PLACEMENT_3D ( 'NONE', #397, #48, #1494 ) ;
#2135 = LINE ( 'NONE', #1729, #1940 ) ;
#2136 = AXIS2_PLACEMENT_3D ( 'NONE', #3366, #4118, #204 ) ;
#2137 = MECHANICAL_DESIGN_GEOMETRIC_PRESENTATION_REPRESENTATION (  '', ( #3851 ), #2885 ) ;
#2138 = ORIENTED_EDGE ( 'NONE', *, *, #2575, .F. ) ;
#2139 = AXIS2_PLACEMENT_3D ( 'NONE', #2028, #2425, #1367 ) ;
#2140 = CARTESIAN_POINT ( 'NONE',  ( 0.7499999999999998890, 0.3749999999999997780, 0.1300000000000000044 ) ) ;
#2141 = COLOUR_RGB ( '',0.2862745098039215508, 0.2862745098039215508, 0.2862745098039215508 ) ;
#2142 = CARTESIAN_POINT ( 'NONE',  ( -0.4000000000000001332, 0.6249999999999998890, 0.1300000000000000044 ) ) ;
#2143 = CARTESIAN_POINT ( 'NONE',  ( 0.7199999999999999734, -0.9700000000000000844, 0.6000000000000000888 ) ) ;
#2144 = CARTESIAN_POINT ( 'NONE',  ( -0.7500000000000001110, -0.6250000000000000000, 0.1300000001265289029 ) ) ;
#2145 = VECTOR ( 'NONE', #217, 1000.000000000000000 ) ;
#2146 = CIRCLE ( 'NONE', #2370, 0.02999999999999997113 ) ;
#2147 = VECTOR ( 'NONE', #4406, 1000.000000000000000 ) ;
#2148 = ORIENTED_EDGE ( 'NONE', *, *, #1739, .T. ) ;
#2149 = EDGE_CURVE ( 'NONE', #3096, #2719, #468, .T. ) ;
#2150 = CARTESIAN_POINT ( 'NONE',  ( 0.1250000000000001665, -0.6499999999999999112, -0.02000000000000000042 ) ) ;
#2151 = ORIENTED_EDGE ( 'NONE', *, *, #1954, .F. ) ;
#2152 = AXIS2_PLACEMENT_3D ( 'NONE', #1281, #536, #1580 ) ;
#2153 = DIRECTION ( 'NONE',  ( 1.000000000000000000, -6.195440985631457289E-16, 0.000000000000000000 ) ) ;
#2154 = VECTOR ( 'NONE', #705, 1000.000000000000000 ) ;
#2155 = PLANE ( 'NONE',  #1775 ) ;
#2156 = VERTEX_POINT ( 'NONE', #3314 ) ;
#2157 = VECTOR ( 'NONE', #1760, 1000.000000000000000 ) ;
#2158 = DIRECTION ( 'NONE',  ( -0.000000000000000000, -0.000000000000000000, 1.000000000000000000 ) ) ;
#2159 = EDGE_CURVE ( 'NONE', #1968, #681, #113, .T. ) ;
#2160 = ORIENTED_EDGE ( 'NONE', *, *, #1731, .T. ) ;
#2161 = PLANE ( 'NONE',  #2820 ) ;
#2162 = DIRECTION ( 'NONE',  ( 1.000000000000000000, 3.097720492815727166E-16, 0.000000000000000000 ) ) ;
#2163 = COLOUR_RGB ( '',0.2862745098039215508, 0.2862745098039215508, 0.2862745098039215508 ) ;
#2164 = ADVANCED_FACE ( 'NONE', ( #2875 ), #389, .T. ) ;
#2165 = SURFACE_STYLE_FILL_AREA ( #2862 ) ;
#2166 = UNCERTAINTY_MEASURE_WITH_UNIT (LENGTH_MEASURE( 1.000000000000000082E-05 ), #1670, 'distance_accuracy_value', 'NONE');
#2167 =( NAMED_UNIT ( * ) SI_UNIT ( $, .STERADIAN. ) SOLID_ANGLE_UNIT ( ) );
#2168 = AXIS2_PLACEMENT_3D ( 'NONE', #4064, #3697, #1970 ) ;
#2169 = FILL_AREA_STYLE ('',( #3934 ) ) ;
#2170 = LINE ( 'NONE', #3935, #3178 ) ;
#2171 =( NAMED_UNIT ( * ) PLANE_ANGLE_UNIT ( ) SI_UNIT ( $, .RADIAN. ) );
#2172 = CARTESIAN_POINT ( 'NONE',  ( -0.7200000000000001954, 0.000000000000000000, 0.6300000000000000044 ) ) ;
#2173 = EDGE_LOOP ( 'NONE', ( #159, #440, #85, #1300 ) ) ;
#2174 =( NAMED_UNIT ( * ) SI_UNIT ( $, .STERADIAN. ) SOLID_ANGLE_UNIT ( ) );
#2175 = CARTESIAN_POINT ( 'NONE',  ( -0.1250000000000003331, -0.6499999999999998002, 0.1300000000000000044 ) ) ;
#2176 = ORIENTED_EDGE ( 'NONE', *, *, #2758, .F. ) ;
#2177 = CARTESIAN_POINT ( 'NONE',  ( 0.7499999999999998890, -0.8749999999999998890, -0.02000000000000000042 ) ) ;
#2178 = CARTESIAN_POINT ( 'NONE',  ( -0.4950000000000002176, 0.8200000000000000622, 0.6199999999999999956 ) ) ;
#2179 = LINE ( 'NONE', #39, #4509 ) ;
#2180 = ADVANCED_FACE ( 'NONE', ( #1139 ), #1118, .F. ) ;
#2181 = ORIENTED_EDGE ( 'NONE', *, *, #4559, .F. ) ;
#2182 = CARTESIAN_POINT ( 'NONE',  ( -0.5700000000000001732, 0.8200000000000000622, 0.6300000000000000044 ) ) ;
#2183 = EDGE_LOOP ( 'NONE', ( #3475, #4179, #1668, #3714 ) ) ;
#2184 = FACE_OUTER_BOUND ( 'NONE', #340, .T. ) ;
#2185 = DIRECTION ( 'NONE',  ( 1.000000000000000000, 0.000000000000000000, -0.000000000000000000 ) ) ;
#2186 = EDGE_CURVE ( 'NONE', #2311, #1008, #2526, .T. ) ;
#2187 = CARTESIAN_POINT ( 'NONE',  ( 0.4000000000000000222, -0.6250000000000000000, 0.1300000000000000044 ) ) ;
#2188 = LINE ( 'NONE', #3586, #4590 ) ;
#2189 = DIRECTION ( 'NONE',  ( 0.000000000000000000, 1.000000000000000000, 0.000000000000000000 ) ) ;
#2190 = FILL_AREA_STYLE_COLOUR ( '', #2902 ) ;
#2191 = CARTESIAN_POINT ( 'NONE',  ( 0.7499999999999998890, -0.8749999999999998890, 0.000000000000000000 ) ) ;
#2192 =( NAMED_UNIT ( * ) SI_UNIT ( $, .STERADIAN. ) SOLID_ANGLE_UNIT ( ) );
#2193 = DIRECTION ( 'NONE',  ( 0.000000000000000000, -1.000000000000000000, 0.000000000000000000 ) ) ;
#2194 = VERTEX_POINT ( 'NONE', #742 ) ;
#2195 =( NAMED_UNIT ( * ) SI_UNIT ( $, .STERADIAN. ) SOLID_ANGLE_UNIT ( ) );
#2196 = DIRECTION ( 'NONE',  ( -1.000000000000000000, -6.195440985631456303E-16, 0.000000000000000000 ) ) ;
#2197 = FACE_OUTER_BOUND ( 'NONE', #884, .T. ) ;
#2198 = DIRECTION ( 'NONE',  ( -3.097720492815727166E-16, 1.000000000000000000, 0.000000000000000000 ) ) ;
#2199 = DIRECTION ( 'NONE',  ( 1.000000000000000000, 0.000000000000000000, -0.000000000000000000 ) ) ;
#2200 = CARTESIAN_POINT ( 'NONE',  ( 0.1250000000000000278, -0.9999999999999997780, 0.000000000000000000 ) ) ;
#2201 = ORIENTED_EDGE ( 'NONE', *, *, #4253, .T. ) ;
#2202 = LINE ( 'NONE', #2906, #2157 ) ;
#2203 = ORIENTED_EDGE ( 'NONE', *, *, #1293, .T. ) ;
#2204 = EDGE_CURVE ( 'NONE', #681, #1219, #2179, .T. ) ;
#2205 = FILL_AREA_STYLE_COLOUR ( '', #1168 ) ;
#2206 = EDGE_CURVE ( 'NONE', #2097, #384, #4076, .T. ) ;
#2207 = LINE ( 'NONE', #3255, #1155 ) ;
#2208 =( GEOMETRIC_REPRESENTATION_CONTEXT ( 3 ) GLOBAL_UNCERTAINTY_ASSIGNED_CONTEXT ( ( #4339 ) ) GLOBAL_UNIT_ASSIGNED_CONTEXT ( ( #3751, #1263, #179 ) ) REPRESENTATION_CONTEXT ( 'NONE', 'WORKASPACE' ) );
#2209 = DIRECTION ( 'NONE',  ( -0.000000000000000000, -0.000000000000000000, -1.000000000000000000 ) ) ;
#2210 = SURFACE_SIDE_STYLE ('',( #1820 ) ) ;
#2211 = EDGE_CURVE ( 'NONE', #4491, #2102, #1915, .T. ) ;
#2212 = DIRECTION ( 'NONE',  ( -0.000000000000000000, -0.000000000000000000, -1.000000000000000000 ) ) ;
#2213 = DIRECTION ( 'NONE',  ( -0.000000000000000000, -0.000000000000000000, 1.000000000000000000 ) ) ;
#2214 = DIRECTION ( 'NONE',  ( -3.097720492815727166E-16, -1.000000000000000000, 0.000000000000000000 ) ) ;
#2215 = DIRECTION ( 'NONE',  ( -1.000000000000000000, -0.000000000000000000, -0.000000000000000000 ) ) ;
#2216 = PRESENTATION_LAYER_ASSIGNMENT (  '', '', ( #3851 ) ) ;
#2217 = ORIENTED_EDGE ( 'NONE', *, *, #1270, .F. ) ;
#2218 = VECTOR ( 'NONE', #3560, 1000.000000000000000 ) ;
#2219 = AXIS2_PLACEMENT_3D ( 'NONE', #2396, #1243, #1587 ) ;
#2220 = CYLINDRICAL_SURFACE ( 'NONE', #1925, 0.02999999999999997113 ) ;
#2221 = ORIENTED_EDGE ( 'NONE', *, *, #1022, .F. ) ;
#2222 = CARTESIAN_POINT ( 'NONE',  ( 0.000000000000000000, 0.000000000000000000, -0.02000000000000000042 ) ) ;
#2223 = CARTESIAN_POINT ( 'NONE',  ( -0.7200000000000001954, 0.9700000000000000844, 0.6000000000000000888 ) ) ;
#2224 = COLOUR_RGB ( '',0.2862745098039215508, 0.2862745098039215508, 0.2862745098039215508 ) ;
#2225 = LINE ( 'NONE', #4353, #501 ) ;
#2226 = STYLED_ITEM ( 'NONE', ( #1661 ), #3036 ) ;
#2227 = VERTEX_POINT ( 'NONE', #3066 ) ;
#2228 = VECTOR ( 'NONE', #1137, 1000.000000000000000 ) ;
#2229 =( GEOMETRIC_REPRESENTATION_CONTEXT ( 3 ) GLOBAL_UNCERTAINTY_ASSIGNED_CONTEXT ( ( #4570 ) ) GLOBAL_UNIT_ASSIGNED_CONTEXT ( ( #4260, #1059, #2564 ) ) REPRESENTATION_CONTEXT ( 'NONE', 'WORKASPACE' ) );
#2230 = ORIENTED_EDGE ( 'NONE', *, *, #3099, .T. ) ;
#2231 =( NAMED_UNIT ( * ) PLANE_ANGLE_UNIT ( ) SI_UNIT ( $, .RADIAN. ) );
#2232 = AXIS2_PLACEMENT_3D ( 'NONE', #949, #4098, #901 ) ;
#2233 =( GEOMETRIC_REPRESENTATION_CONTEXT ( 3 ) GLOBAL_UNCERTAINTY_ASSIGNED_CONTEXT ( ( #3491 ) ) GLOBAL_UNIT_ASSIGNED_CONTEXT ( ( #1941, #203, #2314 ) ) REPRESENTATION_CONTEXT ( 'NONE', 'WORKASPACE' ) );
#2234 = STYLED_ITEM ( 'NONE', ( #990 ), #2710 ) ;
#2235 = LINE ( 'NONE', #2607, #2692 ) ;
#2236 = AXIS2_PLACEMENT_3D ( 'NONE', #2223, #3295, #3272 ) ;
#2237 = VECTOR ( 'NONE', #1778, 1000.000000000000000 ) ;
#2238 = DIRECTION ( 'NONE',  ( 0.000000000000000000, 0.000000000000000000, 1.000000000000000000 ) ) ;
#2239 = COLOUR_RGB ( '',0.8039215686274510109, 0.8039215686274510109, 0.8039215686274510109 ) ;
#2240 = ADVANCED_FACE ( 'NONE', ( #4445 ), #1583, .F. ) ;
#2241 = FILL_AREA_STYLE ('',( #3974 ) ) ;
#2242 = DIRECTION ( 'NONE',  ( 1.000000000000000000, 0.000000000000000000, -0.000000000000000000 ) ) ;
#2243 = DIRECTION ( 'NONE',  ( -0.000000000000000000, -0.000000000000000000, 1.000000000000000000 ) ) ;
#2244 = PRESENTATION_STYLE_ASSIGNMENT (( #58 ) ) ;
#2245 = SURFACE_STYLE_USAGE ( .BOTH. , #807 ) ;
#2246 = PRESENTATION_STYLE_ASSIGNMENT (( #3613 ) ) ;
#2247 = EDGE_CURVE ( 'NONE', #3985, #2858, #2716, .T. ) ;
#2248 = ORIENTED_EDGE ( 'NONE', *, *, #295, .F. ) ;
#2249 = LINE ( 'NONE', #2896, #2237 ) ;
#2250 = ORIENTED_EDGE ( 'NONE', *, *, #2303, .T. ) ;
#2251 =( NAMED_UNIT ( * ) SI_UNIT ( $, .STERADIAN. ) SOLID_ANGLE_UNIT ( ) );
#2252 = PRESENTATION_STYLE_ASSIGNMENT (( #3645 ) ) ;
#2253 = CARTESIAN_POINT ( 'NONE',  ( -0.7500000000000001110, -0.1250000000000000000, -0.02000000000000000042 ) ) ;
#2254 = EDGE_CURVE ( 'NONE', #1119, #4248, #180, .T. ) ;
#2255 = ORIENTED_EDGE ( 'NONE', *, *, #744, .T. ) ;
#2256 = ORIENTED_EDGE ( 'NONE', *, *, #2204, .T. ) ;
#2257 = CARTESIAN_POINT ( 'NONE',  ( -0.7500000000000001110, -0.1250000000000000000, 0.000000000000000000 ) ) ;
#2258 = CARTESIAN_POINT ( 'NONE',  ( -0.7500000000000001110, -0.8750000000000000000, 0.000000000000000000 ) ) ;
#2259 = UNCERTAINTY_MEASURE_WITH_UNIT (LENGTH_MEASURE( 1.000000000000000082E-05 ), #4423, 'distance_accuracy_value', 'NONE');
#2260 = DIRECTION ( 'NONE',  ( -0.000000000000000000, -0.000000000000000000, -1.000000000000000000 ) ) ;
#2261 = PLANE ( 'NONE',  #1552 ) ;
#2262 = CARTESIAN_POINT ( 'NONE',  ( -0.7500000000000001110, -0.8750000000000000000, 0.1300000001265289029 ) ) ;
#2263 =( NAMED_UNIT ( * ) PLANE_ANGLE_UNIT ( ) SI_UNIT ( $, .RADIAN. ) );
#2264 = EDGE_CURVE ( 'NONE', #2998, #2927, #3405, .T. ) ;
#2265 = ORIENTED_EDGE ( 'NONE', *, *, #3943, .F. ) ;
#2266 = SURFACE_STYLE_FILL_AREA ( #2685 ) ;
#2267 = SURFACE_SIDE_STYLE ('',( #4048 ) ) ;
#2268 = VERTEX_POINT ( 'NONE', #1197 ) ;
#2269 = SURFACE_STYLE_USAGE ( .BOTH. , #2924 ) ;
#2270 = EDGE_CURVE ( 'NONE', #898, #2097, #556, .T. ) ;
#2271 = DIRECTION ( 'NONE',  ( 1.000000000000000000, 3.097720492815727166E-16, 0.000000000000000000 ) ) ;
#2272 = SURFACE_STYLE_FILL_AREA ( #1285 ) ;
#2273 = ORIENTED_EDGE ( 'NONE', *, *, #346, .F. ) ;
#2274 = PRESENTATION_STYLE_ASSIGNMENT (( #161 ) ) ;
#2275 = PRESENTATION_STYLE_ASSIGNMENT (( #819 ) ) ;
#2276 = EDGE_CURVE ( 'NONE', #2047, #3855, #3733, .T. ) ;
#2277 = LINE ( 'NONE', #796, #3766 ) ;
#2278 =( NAMED_UNIT ( * ) SI_UNIT ( $, .STERADIAN. ) SOLID_ANGLE_UNIT ( ) );
#2279 = CARTESIAN_POINT ( 'NONE',  ( -0.7500000000000001110, -0.3750000000000000000, 0.1300000000000000044 ) ) ;
#2280 = CARTESIAN_POINT ( 'NONE',  ( -0.1250000000000000555, 0.6500000000000000222, 0.1300000000000000044 ) ) ;
#2281 =( LENGTH_UNIT ( ) NAMED_UNIT ( * ) SI_UNIT ( .MILLI., .METRE. ) );
#2282 = PRESENTATION_LAYER_ASSIGNMENT (  '', '', ( #1689 ) ) ;
#2283 = ORIENTED_EDGE ( 'NONE', *, *, #527, .F. ) ;
#2284 = LINE ( 'NONE', #154, #1411 ) ;
#2285 = PRESENTATION_STYLE_ASSIGNMENT (( #923 ) ) ;
#2286 = DIRECTION ( 'NONE',  ( 0.000000000000000000, 0.000000000000000000, -1.000000000000000000 ) ) ;
#2287 = AXIS2_PLACEMENT_3D ( 'NONE', #1069, #1201, #22 ) ;
#2288 = ORIENTED_EDGE ( 'NONE', *, *, #2289, .T. ) ;
#2289 = EDGE_CURVE ( 'NONE', #302, #3150, #4293, .T. ) ;
#2290 = VERTEX_POINT ( 'NONE', #1236 ) ;
#2291 = AXIS2_PLACEMENT_3D ( 'NONE', #3306, #774, #3262 ) ;
#2292 = DIRECTION ( 'NONE',  ( -0.000000000000000000, 1.000000000000000000, -0.000000000000000000 ) ) ;
#2293 = CIRCLE ( 'NONE', #3786, 0.02999999999999997113 ) ;
#2294 = CARTESIAN_POINT ( 'NONE',  ( 0.4000000000000000222, -0.8750000000000001110, 0.1300000001265289029 ) ) ;
#2295 = VECTOR ( 'NONE', #1253, 1000.000000000000000 ) ;
#2296 = COLOUR_RGB ( '',0.2862745098039215508, 0.2862745098039215508, 0.2862745098039215508 ) ;
#2297 = EDGE_CURVE ( 'NONE', #2102, #4095, #235, .T. ) ;
#2298 =( GEOMETRIC_REPRESENTATION_CONTEXT ( 3 ) GLOBAL_UNCERTAINTY_ASSIGNED_CONTEXT ( ( #1567 ) ) GLOBAL_UNIT_ASSIGNED_CONTEXT ( ( #4279, #1871, #403 ) ) REPRESENTATION_CONTEXT ( 'NONE', 'WORKASPACE' ) );
#2299 = PRESENTATION_LAYER_ASSIGNMENT (  '', '', ( #3637 ) ) ;
#2300 = CARTESIAN_POINT ( 'NONE',  ( -0.5700000000000001732, 0.8200000000000000622, 0.6300000000000000044 ) ) ;
#2301 = VECTOR ( 'NONE', #4343, 1000.000000000000000 ) ;
#2302 = VECTOR ( 'NONE', #3192, 1000.000000000000000 ) ;
#2303 = EDGE_CURVE ( 'NONE', #1312, #1525, #3688, .T. ) ;
#2304 = COLOUR_RGB ( '',0.2862745098039215508, 0.2862745098039215508, 0.2862745098039215508 ) ;
#2305 = MECHANICAL_DESIGN_GEOMETRIC_PRESENTATION_REPRESENTATION (  '', ( #2757 ), #4236 ) ;
#2306 = CARTESIAN_POINT ( 'NONE',  ( -0.4000000000000001332, -0.1249999999999998890, 0.1300000001265289029 ) ) ;
#2307 = CARTESIAN_POINT ( 'NONE',  ( 0.1250000000000000278, -0.9999999999999997780, 0.1300000000000000044 ) ) ;
#2308 = FACE_OUTER_BOUND ( 'NONE', #348, .T. ) ;
#2309 = SURFACE_SIDE_STYLE ('',( #3032 ) ) ;
#2310 = PRESENTATION_LAYER_ASSIGNMENT (  '', '', ( #2462 ) ) ;
#2311 = VERTEX_POINT ( 'NONE', #1217 ) ;
#2312 = FACE_BOUND ( 'NONE', #1097, .T. ) ;
#2313 = AXIS2_PLACEMENT_3D ( 'NONE', #320, #2914, #1866 ) ;
#2314 =( NAMED_UNIT ( * ) SI_UNIT ( $, .STERADIAN. ) SOLID_ANGLE_UNIT ( ) );
#2315 = CARTESIAN_POINT ( 'NONE',  ( -0.1250000000000003331, -0.6499999999999998002, -0.02000000000000000042 ) ) ;
#2316 = FILL_AREA_STYLE ('',( #3669 ) ) ;
#2317 = DIRECTION ( 'NONE',  ( -0.000000000000000000, 0.000000000000000000, -1.000000000000000000 ) ) ;
#2318 = VERTEX_POINT ( 'NONE', #4055 ) ;
#2319 = CARTESIAN_POINT ( 'NONE',  ( -0.1249999999999999167, 0.6500000000000000222, -0.02000000000000000042 ) ) ;
#2320 = FILL_AREA_STYLE ('',( #1861 ) ) ;
#2321 = FILL_AREA_STYLE ('',( #2395 ) ) ;
#2322 = EDGE_CURVE ( 'NONE', #4581, #605, #856, .T. ) ;
#2323 = CARTESIAN_POINT ( 'NONE',  ( 0.000000000000000000, 0.000000000000000000, 0.000000000000000000 ) ) ;
#2324 = PRESENTATION_STYLE_ASSIGNMENT (( #1311 ) ) ;
#2325 = EDGE_CURVE ( 'NONE', #694, #221, #520, .T. ) ;
#2326 = CARTESIAN_POINT ( 'NONE',  ( -0.7500000000000001110, -0.3750000000000000000, -0.02000000000000000042 ) ) ;
#2327 = CARTESIAN_POINT ( 'NONE',  ( -0.4000000000000001332, -0.6249999999999998890, 0.1300000000128420652 ) ) ;
#2328 = CARTESIAN_POINT ( 'NONE',  ( -0.1249999999999999167, 0.6500000000000000222, -0.02000000000000000042 ) ) ;
#2329 = CARTESIAN_POINT ( 'NONE',  ( 0.000000000000000000, 0.9700000000000000844, 0.6000000000000000888 ) ) ;
#2330 = DIRECTION ( 'NONE',  ( 0.000000000000000000, -1.000000000000000000, 0.000000000000000000 ) ) ;
#2331 = ORIENTED_EDGE ( 'NONE', *, *, #153, .F. ) ;
#2332 = LINE ( 'NONE', #3385, #337 ) ;
#2333 = CARTESIAN_POINT ( 'NONE',  ( -0.7500000000000001110, 0.6250000000000000000, -0.02000000000000000042 ) ) ;
#2334 = CARTESIAN_POINT ( 'NONE',  ( 0.7499999999999998890, 0.3749999999999997780, -0.02000000000000000042 ) ) ;
#2335 = ORIENTED_EDGE ( 'NONE', *, *, #4331, .F. ) ;
#2336 = VERTEX_POINT ( 'NONE', #2107 ) ;
#2337 = FILL_AREA_STYLE_COLOUR ( '', #1576 ) ;
#2338 =( NAMED_UNIT ( * ) PLANE_ANGLE_UNIT ( ) SI_UNIT ( $, .RADIAN. ) );
#2339 = CARTESIAN_POINT ( 'NONE',  ( 0.1250000000000000833, -0.9999999999999997780, -0.02000000000000000042 ) ) ;
#2340 = DIRECTION ( 'NONE',  ( -1.000000000000000000, 0.000000000000000000, 0.000000000000000000 ) ) ;
#2341 = EDGE_CURVE ( 'NONE', #4326, #1504, #3805, .T. ) ;
#2342 = ORIENTED_EDGE ( 'NONE', *, *, #24, .F. ) ;
#2343 = EDGE_CURVE ( 'NONE', #2927, #943, #3472, .T. ) ;
#2344 = CARTESIAN_POINT ( 'NONE',  ( -0.7500000000000001110, 0.1250000000000000000, -0.02000000000000000042 ) ) ;
#2345 = CARTESIAN_POINT ( 'NONE',  ( -0.4950000000000002176, 0.8200000000000000622, 0.6199999999999999956 ) ) ;
#2346 = PRESENTATION_STYLE_ASSIGNMENT (( #1227 ) ) ;
#2347 = DIRECTION ( 'NONE',  ( 1.000000000000000000, -0.000000000000000000, 0.000000000000000000 ) ) ;
#2348 = ORIENTED_EDGE ( 'NONE', *, *, #1565, .T. ) ;
#2349 = UNCERTAINTY_MEASURE_WITH_UNIT (LENGTH_MEASURE( 1.000000000000000082E-05 ), #751, 'distance_accuracy_value', 'NONE');
#2350 = EDGE_CURVE ( 'NONE', #4581, #2528, #2293, .T. ) ;
#2351 = CARTESIAN_POINT ( 'NONE',  ( -0.1250000000000003886, -0.6499999999999998002, 0.000000000000000000 ) ) ;
#2352 = FILL_AREA_STYLE ('',( #1665 ) ) ;
#2353 = LINE ( 'NONE', #4074, #2984 ) ;
#2354 = DIRECTION ( 'NONE',  ( 0.000000000000000000, 0.000000000000000000, 1.000000000000000000 ) ) ;
#2355 = CARTESIAN_POINT ( 'NONE',  ( 0.4000000000000000222, -0.3750000000000001110, -0.02000000000000000042 ) ) ;
#2356 = STYLED_ITEM ( 'NONE', ( #1979 ), #1141 ) ;
#2357 = ORIENTED_EDGE ( 'NONE', *, *, #3513, .T. ) ;
#2358 = EDGE_LOOP ( 'NONE', ( #746, #4539, #1913 ) ) ;
#2359 =( NAMED_UNIT ( * ) SI_UNIT ( $, .STERADIAN. ) SOLID_ANGLE_UNIT ( ) );
#2360 = LINE ( 'NONE', #1624, #2145 ) ;
#2361 = STYLED_ITEM ( 'NONE', ( #1039 ), #114 ) ;
#2362 = VERTEX_POINT ( 'NONE', #3539 ) ;
#2363 = PRESENTATION_LAYER_ASSIGNMENT (  '', '', ( #1767 ) ) ;
#2364 = PRESENTATION_LAYER_ASSIGNMENT (  '', '', ( #1478 ) ) ;
#2365 = VERTEX_POINT ( 'NONE', #1754 ) ;
#2366 = LINE ( 'NONE', #3376, #3528 ) ;
#2367 = STYLED_ITEM ( 'NONE', ( #4529 ), #339 ) ;
#2368 = AXIS2_PLACEMENT_3D ( 'NONE', #4393, #2611, #844 ) ;
#2369 = ORIENTED_EDGE ( 'NONE', *, *, #3812, .T. ) ;
#2370 = AXIS2_PLACEMENT_3D ( 'NONE', #1805, #3223, #1875 ) ;
#2371 = VECTOR ( 'NONE', #3982, 1000.000000000000000 ) ;
#2372 = DIRECTION ( 'NONE',  ( 0.000000000000000000, -1.000000000000000000, 0.000000000000000000 ) ) ;
#2373 = MECHANICAL_DESIGN_GEOMETRIC_PRESENTATION_REPRESENTATION (  '', ( #3637 ), #2520 ) ;
#2374 = CARTESIAN_POINT ( 'NONE',  ( -0.4000000000000001332, -0.1249999999999998890, 0.000000000000000000 ) ) ;
#2375 = AXIS2_PLACEMENT_3D ( 'NONE', #991, #2472, #1372 ) ;
#2376 = PRESENTATION_LAYER_ASSIGNMENT (  '', '', ( #1094 ) ) ;
#2377 =( LENGTH_UNIT ( ) NAMED_UNIT ( * ) SI_UNIT ( .MILLI., .METRE. ) );
#2378 = EDGE_CURVE ( 'NONE', #1692, #2194, #669, .T. ) ;
#2379 =( GEOMETRIC_REPRESENTATION_CONTEXT ( 3 ) GLOBAL_UNCERTAINTY_ASSIGNED_CONTEXT ( ( #1680 ) ) GLOBAL_UNIT_ASSIGNED_CONTEXT ( ( #3104, #667, #3536 ) ) REPRESENTATION_CONTEXT ( 'NONE', 'WORKASPACE' ) );
#2380 = AXIS2_PLACEMENT_3D ( 'NONE', #1231, #4378, #202 ) ;
#2381 = ORIENTED_EDGE ( 'NONE', *, *, #2575, .T. ) ;
#2382 = PLANE ( 'NONE',  #1184 ) ;
#2383 = CARTESIAN_POINT ( 'NONE',  ( -0.4000000000000001332, 0.8750000000000001110, 0.1300000000000000044 ) ) ;
#2384 = VECTOR ( 'NONE', #1475, 1000.000000000000000 ) ;
#2385 = PLANE ( 'NONE',  #1987 ) ;
#2386 = PRESENTATION_LAYER_ASSIGNMENT (  '', '', ( #2757 ) ) ;
#2387 = SURFACE_SIDE_STYLE ('',( #1283 ) ) ;
#2388 = CARTESIAN_POINT ( 'NONE',  ( 0.7499999999999998890, 0.3749999999999997780, 0.1300000000000000044 ) ) ;
#2389 = EDGE_CURVE ( 'NONE', #3240, #74, #4191, .T. ) ;
#2390 = ORIENTED_EDGE ( 'NONE', *, *, #4474, .F. ) ;
#2391 = ORIENTED_EDGE ( 'NONE', *, *, #1113, .F. ) ;
#2392 = VECTOR ( 'NONE', #2260, 1000.000000000000000 ) ;
#2393 = LINE ( 'NONE', #621, #3130 ) ;
#2394 = ORIENTED_EDGE ( 'NONE', *, *, #810, .T. ) ;
#2395 = FILL_AREA_STYLE_COLOUR ( '', #2752 ) ;
#2396 = CARTESIAN_POINT ( 'NONE',  ( -0.7500000000000001110, 1.000000000000000000, 0.6300000000000000044 ) ) ;
#2397 =( GEOMETRIC_REPRESENTATION_CONTEXT ( 3 ) GLOBAL_UNCERTAINTY_ASSIGNED_CONTEXT ( ( #3073 ) ) GLOBAL_UNIT_ASSIGNED_CONTEXT ( ( #4435, #1249, #1590 ) ) REPRESENTATION_CONTEXT ( 'NONE', 'WORKASPACE' ) );
#2398 = VERTEX_POINT ( 'NONE', #317 ) ;
#2399 = VERTEX_POINT ( 'NONE', #1040 ) ;
#2400 = STYLED_ITEM ( 'NONE', ( #23 ), #4553 ) ;
#2401 = EDGE_LOOP ( 'NONE', ( #2217, #308 ) ) ;
#2402 = DIRECTION ( 'NONE',  ( 0.000000000000000000, 1.000000000000000000, 0.000000000000000000 ) ) ;
#2403 = LINE ( 'NONE', #1677, #4530 ) ;
#2404 = DIRECTION ( 'NONE',  ( -0.000000000000000000, -0.000000000000000000, 1.000000000000000000 ) ) ;
#2405 = ORIENTED_EDGE ( 'NONE', *, *, #2276, .F. ) ;
#2406 = DIRECTION ( 'NONE',  ( 1.000000000000000000, 0.000000000000000000, -0.000000000000000000 ) ) ;
#2407 = EDGE_CURVE ( 'NONE', #2759, #3798, #3148, .T. ) ;
#2408 = CARTESIAN_POINT ( 'NONE',  ( 0.4000000000000000222, 0.6249999999999998890, -0.02000000000000000042 ) ) ;
#2409 =( NAMED_UNIT ( * ) PLANE_ANGLE_UNIT ( ) SI_UNIT ( $, .RADIAN. ) );
#2410 =( GEOMETRIC_REPRESENTATION_CONTEXT ( 3 ) GLOBAL_UNCERTAINTY_ASSIGNED_CONTEXT ( ( #3695 ) ) GLOBAL_UNIT_ASSIGNED_CONTEXT ( ( #3177, #4563, #1029 ) ) REPRESENTATION_CONTEXT ( 'NONE', 'WORKASPACE' ) );
#2411 = LINE ( 'NONE', #4552, #516 ) ;
#2412 = CARTESIAN_POINT ( 'NONE',  ( -0.7500000000000001110, 0.3750000000000000000, 0.1300000001265289029 ) ) ;
#2413 = CARTESIAN_POINT ( 'NONE',  ( -0.7200000000000001954, -0.9700000000000000844, 0.6300000000000000044 ) ) ;
#2414 = ORIENTED_EDGE ( 'NONE', *, *, #439, .T. ) ;
#2415 = EDGE_CURVE ( 'NONE', #837, #2115, #1374, .T. ) ;
#2416 = DIRECTION ( 'NONE',  ( -0.000000000000000000, -0.000000000000000000, -1.000000000000000000 ) ) ;
#2417 = ORIENTED_EDGE ( 'NONE', *, *, #1981, .T. ) ;
#2418 = VERTEX_POINT ( 'NONE', #4210 ) ;
#2419 = VERTEX_POINT ( 'NONE', #2454 ) ;
#2420 = AXIS2_PLACEMENT_3D ( 'NONE', #4181, #1438, #328 ) ;
#2421 = ADVANCED_FACE ( 'NONE', ( #269 ), #640, .T. ) ;
#2422 = ORIENTED_EDGE ( 'NONE', *, *, #1612, .F. ) ;
#2423 = PLANE ( 'NONE',  #2420 ) ;
#2424 = LINE ( 'NONE', #2099, #1726 ) ;
#2425 = DIRECTION ( 'NONE',  ( 0.000000000000000000, 0.000000000000000000, -1.000000000000000000 ) ) ;
#2426 = SURFACE_SIDE_STYLE ('',( #3126 ) ) ;
#2427 = ORIENTED_EDGE ( 'NONE', *, *, #2013, .T. ) ;
#2428 = AXIS2_PLACEMENT_3D ( 'NONE', #986, #2116, #4593 ) ;
#2429 =( LENGTH_UNIT ( ) NAMED_UNIT ( * ) SI_UNIT ( .MILLI., .METRE. ) );
#2430 = PLANE ( 'NONE',  #3197 ) ;
#2431 = LINE ( 'NONE', #3844, #1465 ) ;
#2432 = DIRECTION ( 'NONE',  ( 0.000000000000000000, -1.000000000000000000, 0.000000000000000000 ) ) ;
#2433 = VERTEX_POINT ( 'NONE', #3164 ) ;
#2434 =( NAMED_UNIT ( * ) PLANE_ANGLE_UNIT ( ) SI_UNIT ( $, .RADIAN. ) );
#2435 = ORIENTED_EDGE ( 'NONE', *, *, #4194, .F. ) ;
#2436 = PRESENTATION_STYLE_ASSIGNMENT (( #2521 ) ) ;
#2437 = DIRECTION ( 'NONE',  ( 0.000000000000000000, -0.000000000000000000, 1.000000000000000000 ) ) ;
#2438 = ORIENTED_EDGE ( 'NONE', *, *, #3095, .F. ) ;
#2439 = ORIENTED_EDGE ( 'NONE', *, *, #4187, .T. ) ;
#2440 = EDGE_CURVE ( 'NONE', #3153, #3832, #1772, .T. ) ;
#2441 = VECTOR ( 'NONE', #279, 1000.000000000000000 ) ;
#2442 = CARTESIAN_POINT ( 'NONE',  ( 0.7499999999999998890, -0.3749999999999998890, 0.000000000000000000 ) ) ;
#2443 = VECTOR ( 'NONE', #504, 1000.000000000000000 ) ;
#2444 = ADVANCED_FACE ( 'NONE', ( #2037 ), #1738, .T. ) ;
#2445 = VECTOR ( 'NONE', #465, 1000.000000000000000 ) ;
#2446 = ORIENTED_EDGE ( 'NONE', *, *, #3354, .F. ) ;
#2447 =( GEOMETRIC_REPRESENTATION_CONTEXT ( 3 ) GLOBAL_UNCERTAINTY_ASSIGNED_CONTEXT ( ( #3242 ) ) GLOBAL_UNIT_ASSIGNED_CONTEXT ( ( #3310, #13, #709 ) ) REPRESENTATION_CONTEXT ( 'NONE', 'WORKASPACE' ) );
#2448 = MECHANICAL_DESIGN_GEOMETRIC_PRESENTATION_REPRESENTATION (  '', ( #2002 ), #2229 ) ;
#2449 = SURFACE_STYLE_USAGE ( .BOTH. , #3515 ) ;
#2450 = PRESENTATION_STYLE_ASSIGNMENT (( #948 ) ) ;
#2451 =( LENGTH_UNIT ( ) NAMED_UNIT ( * ) SI_UNIT ( .MILLI., .METRE. ) );
#2452 = DIRECTION ( 'NONE',  ( 1.000000000000000000, -0.000000000000000000, 0.000000000000000000 ) ) ;
#2453 = VECTOR ( 'NONE', #3701, 1000.000000000000000 ) ;
#2454 = CARTESIAN_POINT ( 'NONE',  ( -0.7500000000000001110, -0.8750000000000000000, 0.1300000000000000044 ) ) ;
#2455 = ORIENTED_EDGE ( 'NONE', *, *, #4051, .F. ) ;
#2456 = COLOUR_RGB ( '',0.2862745098039215508, 0.2862745098039215508, 0.2862745098039215508 ) ;
#2457 = VECTOR ( 'NONE', #3208, 1000.000000000000000 ) ;
#2458 = DIRECTION ( 'NONE',  ( 6.195440985631456303E-16, -1.000000000000000000, 0.000000000000000000 ) ) ;
#2459 = ORIENTED_EDGE ( 'NONE', *, *, #2499, .F. ) ;
#2460 = FILL_AREA_STYLE_COLOUR ( '', #3922 ) ;
#2461 = EDGE_LOOP ( 'NONE', ( #3503, #263, #983, #2620 ) ) ;
#2462 = STYLED_ITEM ( 'NONE', ( #2274 ), #4027 ) ;
#2463 = EDGE_LOOP ( 'NONE', ( #3227, #3243, #469, #3451 ) ) ;
#2464 = VERTEX_POINT ( 'NONE', #4537 ) ;
#2465 = EDGE_CURVE ( 'NONE', #1421, #3048, #1354, .T. ) ;
#2466 = CARTESIAN_POINT ( 'NONE',  ( -0.7500000000000001110, -0.8750000000000000000, 0.1300000000000000044 ) ) ;
#2467 = LINE ( 'NONE', #376, #2595 ) ;
#2468 = EDGE_CURVE ( 'NONE', #2951, #2111, #10, .T. ) ;
#2469 = ORIENTED_EDGE ( 'NONE', *, *, #473, .F. ) ;
#2470 = SURFACE_STYLE_USAGE ( .BOTH. , #1131 ) ;
#2471 = EDGE_CURVE ( 'NONE', #489, #1456, #808, .T. ) ;
#2472 = DIRECTION ( 'NONE',  ( 0.000000000000000000, 0.000000000000000000, 1.000000000000000000 ) ) ;
#2473 = DIRECTION ( 'NONE',  ( 1.000000000000000000, 0.000000000000000000, 0.000000000000000000 ) ) ;
#2474 =( NAMED_UNIT ( * ) SI_UNIT ( $, .STERADIAN. ) SOLID_ANGLE_UNIT ( ) );
#2475 = DIRECTION ( 'NONE',  ( -0.000000000000000000, -0.000000000000000000, -1.000000000000000000 ) ) ;
#2476 = ORIENTED_EDGE ( 'NONE', *, *, #611, .T. ) ;
#2477 = VERTEX_POINT ( 'NONE', #756 ) ;
#2478 = DIRECTION ( 'NONE',  ( 1.000000000000000000, -6.195440985631457289E-16, 0.000000000000000000 ) ) ;
#2479 = ORIENTED_EDGE ( 'NONE', *, *, #3544, .T. ) ;
#2480 = LINE ( 'NONE', #3137, #4594 ) ;
#2481 = CARTESIAN_POINT ( 'NONE',  ( 0.7499999999999998890, 0.8749999999999997780, 0.1300000000000000044 ) ) ;
#2482 = EDGE_LOOP ( 'NONE', ( #2414, #371, #2025, #3577 ) ) ;
#2483 = SURFACE_STYLE_FILL_AREA ( #4588 ) ;
#2484 = ORIENTED_EDGE ( 'NONE', *, *, #2845, .T. ) ;
#2485 = CARTESIAN_POINT ( 'NONE',  ( -0.1250000000000003608, -0.9999999999999997780, 0.1300000000000000044 ) ) ;
#2486 = COLOUR_RGB ( '',0.2862745098039215508, 0.2862745098039215508, 0.2862745098039215508 ) ;
#2487 = UNCERTAINTY_MEASURE_WITH_UNIT (LENGTH_MEASURE( 1.000000000000000082E-05 ), #2377, 'distance_accuracy_value', 'NONE');
#2488 = ADVANCED_FACE ( 'NONE', ( #61 ), #1446, .F. ) ;
#2489 = MANIFOLD_SOLID_BREP ( 'LPattern2[6]', #862 ) ;
#2490 = PLANE ( 'NONE',  #3421 ) ;
#2491 = CARTESIAN_POINT ( 'NONE',  ( -0.7200000000000001954, 1.000000000000000000, 0.6000000000000000888 ) ) ;
#2492 = SURFACE_STYLE_FILL_AREA ( #2513 ) ;
#2493 = EDGE_CURVE ( 'NONE', #273, #609, #2851, .T. ) ;
#2494 = ORIENTED_EDGE ( 'NONE', *, *, #1442, .F. ) ;
#2495 = PLANE ( 'NONE',  #1705 ) ;
#2496 = ORIENTED_EDGE ( 'NONE', *, *, #2415, .F. ) ;
#2497 = CARTESIAN_POINT ( 'NONE',  ( 0.7499999999999998890, -0.6250000000000002220, 0.1300000000000000044 ) ) ;
#2498 = DIRECTION ( 'NONE',  ( -0.000000000000000000, 0.000000000000000000, 1.000000000000000000 ) ) ;
#2499 = EDGE_CURVE ( 'NONE', #1008, #2115, #32, .T. ) ;
#2500 = VERTEX_POINT ( 'NONE', #2144 ) ;
#2501 = ORIENTED_EDGE ( 'NONE', *, *, #2343, .F. ) ;
#2502 = LINE ( 'NONE', #1789, #2457 ) ;
#2503 = ORIENTED_EDGE ( 'NONE', *, *, #3671, .T. ) ;
#2504 = VECTOR ( 'NONE', #2863, 1000.000000000000000 ) ;
#2505 = CARTESIAN_POINT ( 'NONE',  ( 0.4000000000000000222, -0.8750000000000001110, -0.02000000000000000042 ) ) ;
#2506 =( NAMED_UNIT ( * ) PLANE_ANGLE_UNIT ( ) SI_UNIT ( $, .RADIAN. ) );
#2507 = VECTOR ( 'NONE', #4452, 1000.000000000000000 ) ;
#2508 = DIRECTION ( 'NONE',  ( 0.000000000000000000, -0.000000000000000000, 1.000000000000000000 ) ) ;
#2509 = CIRCLE ( 'NONE', #946, 0.07499999999999998335 ) ;
#2510 = CARTESIAN_POINT ( 'NONE',  ( -0.7500000000000001110, 0.6250000000000000000, 0.000000000000000000 ) ) ;
#2511 = SURFACE_STYLE_USAGE ( .BOTH. , #734 ) ;
#2512 = EDGE_CURVE ( 'NONE', #4428, #4519, #2869, .T. ) ;
#2513 = FILL_AREA_STYLE ('',( #359 ) ) ;
#2514 = MECHANICAL_DESIGN_GEOMETRIC_PRESENTATION_REPRESENTATION (  '', ( #789 ), #647 ) ;
#2515 = PRESENTATION_LAYER_ASSIGNMENT (  '', '', ( #4228 ) ) ;
#2516 = VECTOR ( 'NONE', #1974, 1000.000000000000000 ) ;
#2517 = VERTEX_POINT ( 'NONE', #3220 ) ;
#2518 =( LENGTH_UNIT ( ) NAMED_UNIT ( * ) SI_UNIT ( .MILLI., .METRE. ) );
#2519 = FILL_AREA_STYLE ('',( #1114 ) ) ;
#2520 =( GEOMETRIC_REPRESENTATION_CONTEXT ( 3 ) GLOBAL_UNCERTAINTY_ASSIGNED_CONTEXT ( ( #2166 ) ) GLOBAL_UNIT_ASSIGNED_CONTEXT ( ( #1670, #2338, #1653 ) ) REPRESENTATION_CONTEXT ( 'NONE', 'WORKASPACE' ) );
#2521 = SURFACE_STYLE_USAGE ( .BOTH. , #2873 ) ;
#2522 = EDGE_CURVE ( 'NONE', #2007, #2531, #3939, .T. ) ;
#2523 = CARTESIAN_POINT ( 'NONE',  ( 0.000000000000000000, 0.5000000000000000000, 0.1300000000000000044 ) ) ;
#2524 = VECTOR ( 'NONE', #1468, 1000.000000000000000 ) ;
#2525 = ORIENTED_EDGE ( 'NONE', *, *, #3585, .F. ) ;
#2526 = LINE ( 'NONE', #1879, #4591 ) ;
#2527 = VECTOR ( 'NONE', #2012, 1000.000000000000000 ) ;
#2528 = VERTEX_POINT ( 'NONE', #3241 ) ;
#2529 = PRESENTATION_LAYER_ASSIGNMENT (  '', '', ( #729 ) ) ;
#2530 = LINE ( 'NONE', #3949, #3940 ) ;
#2531 = VERTEX_POINT ( 'NONE', #3400 ) ;
#2532 = CARTESIAN_POINT ( 'NONE',  ( -0.7500000000000001110, -0.8750000000000000000, -0.02000000000000000042 ) ) ;
#2533 = COLOUR_RGB ( '',0.8039215686274510109, 0.8039215686274510109, 0.8039215686274510109 ) ;
#2534 = COLOUR_RGB ( '',0.2862745098039215508, 0.2862745098039215508, 0.2862745098039215508 ) ;
#2535 = CARTESIAN_POINT ( 'NONE',  ( -0.1250000000000003886, -0.9999999999999997780, 0.1300000000000000044 ) ) ;
#2536 = FACE_OUTER_BOUND ( 'NONE', #4437, .T. ) ;
#2537 = VECTOR ( 'NONE', #1516, 1000.000000000000000 ) ;
#2538 = SURFACE_SIDE_STYLE ('',( #4341 ) ) ;
#2539 = PLANE ( 'NONE',  #4233 ) ;
#2540 = LINE ( 'NONE', #1152, #214 ) ;
#2541 = CARTESIAN_POINT ( 'NONE',  ( -0.7500000000000001110, -0.6250000000000000000, -0.02000000000000000042 ) ) ;
#2542 =( NAMED_UNIT ( * ) SI_UNIT ( $, .STERADIAN. ) SOLID_ANGLE_UNIT ( ) );
#2543 = ORIENTED_EDGE ( 'NONE', *, *, #70, .T. ) ;
#2544 = EDGE_CURVE ( 'NONE', #1504, #2858, #3703, .T. ) ;
#2545 = CARTESIAN_POINT ( 'NONE',  ( 0.7199999999999999734, 0.9700000000000000844, 0.6000000000000000888 ) ) ;
#2546 = CARTESIAN_POINT ( 'NONE',  ( 0.7199999999999999734, 0.000000000000000000, 0.6000000000000000888 ) ) ;
#2547 = VERTEX_POINT ( 'NONE', #4025 ) ;
#2548 = CARTESIAN_POINT ( 'NONE',  ( 0.4000000000000000222, 0.6249999999999998890, 0.1300000000000000044 ) ) ;
#2549 =( LENGTH_UNIT ( ) NAMED_UNIT ( * ) SI_UNIT ( .MILLI., .METRE. ) );
#2550 = DIRECTION ( 'NONE',  ( -3.097720492815727166E-16, -1.000000000000000000, 0.000000000000000000 ) ) ;
#2551 = VERTEX_POINT ( 'NONE', #4068 ) ;
#2552 = EDGE_CURVE ( 'NONE', #3139, #3292, #3361, .T. ) ;
#2553 = CARTESIAN_POINT ( 'NONE',  ( 0.7499999999999998890, 0.3749999999999997780, 0.1300000001265289029 ) ) ;
#2554 = ORIENTED_EDGE ( 'NONE', *, *, #2149, .T. ) ;
#2555 = SURFACE_STYLE_FILL_AREA ( #788 ) ;
#2556 = ADVANCED_FACE ( 'NONE', ( #1229 ), #3307, .T. ) ;
#2557 = FILL_AREA_STYLE_COLOUR ( '', #2023 ) ;
#2558 = CARTESIAN_POINT ( 'NONE',  ( 0.4000000000000000222, 0.3750000000000000000, 0.1300000000000000044 ) ) ;
#2559 = CARTESIAN_POINT ( 'NONE',  ( 0.1250000000000001665, -0.6499999999999999112, 0.1300000000000002265 ) ) ;
#2560 = ADVANCED_FACE ( 'NONE', ( #173 ), #106, .F. ) ;
#2561 = DIRECTION ( 'NONE',  ( 0.000000000000000000, 0.000000000000000000, 1.000000000000000000 ) ) ;
#2562 = LINE ( 'NONE', #57, #2086 ) ;
#2563 =( NAMED_UNIT ( * ) SI_UNIT ( $, .STERADIAN. ) SOLID_ANGLE_UNIT ( ) );
#2564 =( NAMED_UNIT ( * ) SI_UNIT ( $, .STERADIAN. ) SOLID_ANGLE_UNIT ( ) );
#2565 = ORIENTED_EDGE ( 'NONE', *, *, #1731, .F. ) ;
#2566 = ORIENTED_EDGE ( 'NONE', *, *, #1565, .F. ) ;
#2567 = PRESENTATION_STYLE_ASSIGNMENT (( #2269 ) ) ;
#2568 = FACE_OUTER_BOUND ( 'NONE', #933, .T. ) ;
#2569 = DIRECTION ( 'NONE',  ( 1.000000000000000000, -3.097720492815727166E-16, 0.000000000000000000 ) ) ;
#2570 = ORIENTED_EDGE ( 'NONE', *, *, #1753, .T. ) ;
#2571 = CARTESIAN_POINT ( 'NONE',  ( 0.4000000000000000222, 0.8750000000000000000, -0.02000000000000000042 ) ) ;
#2572 = ORIENTED_EDGE ( 'NONE', *, *, #3626, .T. ) ;
#2573 = DIRECTION ( 'NONE',  ( 1.000000000000000000, 3.097720492815727166E-16, 0.000000000000000000 ) ) ;
#2574 = DIRECTION ( 'NONE',  ( -0.000000000000000000, -0.000000000000000000, -1.000000000000000000 ) ) ;
#2575 = EDGE_CURVE ( 'NONE', #2194, #1810, #3331, .T. ) ;
#2576 = SURFACE_STYLE_USAGE ( .BOTH. , #1288 ) ;
#2577 = DIRECTION ( 'NONE',  ( -1.000000000000000000, -6.195440985631456303E-16, 0.000000000000000000 ) ) ;
#2578 = EDGE_CURVE ( 'NONE', #2336, #1048, #130, .T. ) ;
#2579 = VECTOR ( 'NONE', #1737, 1000.000000000000000 ) ;
#2580 = CARTESIAN_POINT ( 'NONE',  ( 0.000000000000000000, 0.5000000000000000000, 0.1300000000000000044 ) ) ;
#2581 = DIRECTION ( 'NONE',  ( -0.000000000000000000, -0.000000000000000000, 1.000000000000000000 ) ) ;
#2582 = CLOSED_SHELL ( 'NONE', ( #1440, #4597, #87, #1463, #771, #2884 ) ) ;
#2583 = CARTESIAN_POINT ( 'NONE',  ( 0.7499999999999998890, 0.6250000000000001110, -0.02000000000000000042 ) ) ;
#2584 = CARTESIAN_POINT ( 'NONE',  ( 0.1250000000000000833, 1.000000000000000000, 0.1300000000000000044 ) ) ;
#2585 = DIRECTION ( 'NONE',  ( -1.000000000000000000, 0.000000000000000000, 0.000000000000000000 ) ) ;
#2586 = ORIENTED_EDGE ( 'NONE', *, *, #4419, .T. ) ;
#2587 = CIRCLE ( 'NONE', #216, 0.02999999999999997113 ) ;
#2588 = PRESENTATION_LAYER_ASSIGNMENT (  '', '', ( #1770 ) ) ;
#2589 = CARTESIAN_POINT ( 'NONE',  ( 0.1249999999999999167, 0.6500000000000000222, -0.02000000000000000042 ) ) ;
#2590 = EDGE_LOOP ( 'NONE', ( #1356, #2809, #3097, #2230 ) ) ;
#2591 = FACE_OUTER_BOUND ( 'NONE', #3169, .T. ) ;
#2592 = AXIS2_PLACEMENT_3D ( 'NONE', #4184, #4164, #723 ) ;
#2593 = VECTOR ( 'NONE', #3323, 1000.000000000000000 ) ;
#2594 = CARTESIAN_POINT ( 'NONE',  ( -0.7500000000000001110, 0.9699999999999999734, 0.6300000000000000044 ) ) ;
#2595 = VECTOR ( 'NONE', #421, 1000.000000000000000 ) ;
#2596 = VECTOR ( 'NONE', #882, 1000.000000000000000 ) ;
#2597 = EDGE_LOOP ( 'NONE', ( #2181, #1910, #200, #243, #338, #1389, #3821, #648, #1341, #2739, #2176, #1339, #843, #4033, #2138, #1447, #3867, #1787, #3524, #628, #1400, #963, #3209, #3103, #258, #3438, #830, #3593, #2288, #36, #2899, #3252, #20, #1613, #2501, #4122, #4548, #3794, #2949, #4577, #985, #2496, #3892, #211, #3344, #1976, #4545, #3069 ) ) ;
#2598 = COLOUR_RGB ( '',0.2862745098039215508, 0.2862745098039215508, 0.2862745098039215508 ) ;
#2599 = FACE_OUTER_BOUND ( 'NONE', #2131, .T. ) ;
#2600 = AXIS2_PLACEMENT_3D ( 'NONE', #3365, #1615, #2644 ) ;
#2601 = STYLED_ITEM ( 'NONE', ( #1977 ), #2662 ) ;
#2602 = ORIENTED_EDGE ( 'NONE', *, *, #2552, .T. ) ;
#2603 = FILL_AREA_STYLE_COLOUR ( '', #3264 ) ;
#2604 = LINE ( 'NONE', #2532, #717 ) ;
#2605 = AXIS2_PLACEMENT_3D ( 'NONE', #2143, #2800, #974 ) ;
#2606 = STYLED_ITEM ( 'NONE', ( #515 ), #3488 ) ;
#2607 = CARTESIAN_POINT ( 'NONE',  ( -0.4000000000000001332, 0.8750000000000001110, 0.1300000000000000044 ) ) ;
#2608 = EDGE_CURVE ( 'NONE', #1473, #2661, #1541, .T. ) ;
#2609 = STYLED_ITEM ( 'NONE', ( #16 ), #1053 ) ;
#2610 = VECTOR ( 'NONE', #1935, 1000.000000000000000 ) ;
#2611 = DIRECTION ( 'NONE',  ( -1.000000000000000000, 2.323290369611795991E-16, 0.000000000000000000 ) ) ;
#2612 = VECTOR ( 'NONE', #4193, 1000.000000000000000 ) ;
#2613 = CARTESIAN_POINT ( 'NONE',  ( -0.7500000000000001110, 1.000000000000000000, 0.6000000000000000888 ) ) ;
#2614 = EDGE_CURVE ( 'NONE', #2870, #2701, #4465, .T. ) ;
#2615 = DIRECTION ( 'NONE',  ( 6.195440985631456303E-16, 1.000000000000000000, -0.000000000000000000 ) ) ;
#2616 = EDGE_LOOP ( 'NONE', ( #2357, #657, #3912, #2895 ) ) ;
#2617 = DIRECTION ( 'NONE',  ( -1.000000000000000000, 3.097720492815727166E-16, -0.000000000000000000 ) ) ;
#2618 = CARTESIAN_POINT ( 'NONE',  ( -0.7500000000000001110, 0.3750000000000000000, 0.1300000000000000044 ) ) ;
#2619 =( NAMED_UNIT ( * ) PLANE_ANGLE_UNIT ( ) SI_UNIT ( $, .RADIAN. ) );
#2620 = ORIENTED_EDGE ( 'NONE', *, *, #607, .T. ) ;
#2621 = VECTOR ( 'NONE', #3553, 1000.000000000000000 ) ;
#2622 = ADVANCED_FACE ( 'NONE', ( #920 ), #2967, .T. ) ;
#2623 = PLANE ( 'NONE',  #2380 ) ;
#2624 = SURFACE_STYLE_USAGE ( .BOTH. , #4484 ) ;
#2625 = ORIENTED_EDGE ( 'NONE', *, *, #3102, .T. ) ;
#2626 = CARTESIAN_POINT ( 'NONE',  ( -0.1250000000000003886, -0.9999999999999997780, 0.000000000000000000 ) ) ;
#2627 = LINE ( 'NONE', #3339, #1911 ) ;
#2628 = ORIENTED_EDGE ( 'NONE', *, *, #2522, .F. ) ;
#2629 = ORIENTED_EDGE ( 'NONE', *, *, #1355, .T. ) ;
#2630 = DIRECTION ( 'NONE',  ( 0.000000000000000000, 1.000000000000000000, 0.000000000000000000 ) ) ;
#2631 = PLANE ( 'NONE',  #3041 ) ;
#2632 = CARTESIAN_POINT ( 'NONE',  ( -0.1250000000000003331, -0.6499999999999998002, -0.02000000000000000042 ) ) ;
#2633 = CARTESIAN_POINT ( 'NONE',  ( 0.4000000000000000222, -0.1250000000000000000, 0.1300000000000000044 ) ) ;
#2634 = UNCERTAINTY_MEASURE_WITH_UNIT (LENGTH_MEASURE( 1.000000000000000082E-05 ), #1501, 'distance_accuracy_value', 'NONE');
#2635 = PRESENTATION_STYLE_ASSIGNMENT (( #3078 ) ) ;
#2636 = SURFACE_SIDE_STYLE ('',( #4415 ) ) ;
#2637 = CARTESIAN_POINT ( 'NONE',  ( 0.7199999999999999734, -0.9700000000000000844, 0.6300000000000000044 ) ) ;
#2638 =( LENGTH_UNIT ( ) NAMED_UNIT ( * ) SI_UNIT ( .MILLI., .METRE. ) );
#2639 = LINE ( 'NONE', #2280, #2453 ) ;
#2640 = PRESENTATION_STYLE_ASSIGNMENT (( #4374 ) ) ;
#2641 = EDGE_CURVE ( 'NONE', #1525, #1413, #2004, .T. ) ;
#2642 = EDGE_LOOP ( 'NONE', ( #4561, #3845, #817, #4029 ) ) ;
#2643 =( NAMED_UNIT ( * ) PLANE_ANGLE_UNIT ( ) SI_UNIT ( $, .RADIAN. ) );
#2644 = DIRECTION ( 'NONE',  ( -1.000000000000000000, 0.000000000000000000, -0.000000000000000000 ) ) ;
#2645 =( LENGTH_UNIT ( ) NAMED_UNIT ( * ) SI_UNIT ( .MILLI., .METRE. ) );
#2646 = CARTESIAN_POINT ( 'NONE',  ( -0.7500000000000001110, 0.1250000000000000000, 0.000000000000000000 ) ) ;
#2647 = DIRECTION ( 'NONE',  ( -0.000000000000000000, -0.000000000000000000, 1.000000000000000000 ) ) ;
#2648 = DIRECTION ( 'NONE',  ( -0.000000000000000000, -0.000000000000000000, -1.000000000000000000 ) ) ;
#2649 = EDGE_CURVE ( 'NONE', #3050, #3623, #1937, .T. ) ;
#2650 = ORIENTED_EDGE ( 'NONE', *, *, #1210, .F. ) ;
#2651 =( NAMED_UNIT ( * ) SI_UNIT ( $, .STERADIAN. ) SOLID_ANGLE_UNIT ( ) );
#2652 = UNCERTAINTY_MEASURE_WITH_UNIT (LENGTH_MEASURE( 1.000000000000000082E-05 ), #2696, 'distance_accuracy_value', 'NONE');
#2653 = LINE ( 'NONE', #1654, #1244 ) ;
#2654 = ORIENTED_EDGE ( 'NONE', *, *, #1377, .T. ) ;
#2655 = CARTESIAN_POINT ( 'NONE',  ( 0.000000000000000000, 0.000000000000000000, 0.1300000000000000044 ) ) ;
#2656 = MANIFOLD_SOLID_BREP ( 'LPattern2[1]', #189 ) ;
#2657 = CARTESIAN_POINT ( 'NONE',  ( -0.7500000000000001110, -0.1250000000000000000, -0.02000000000000000042 ) ) ;
#2658 = LINE ( 'NONE', #1539, #1793 ) ;
#2659 = FILL_AREA_STYLE ('',( #4093 ) ) ;
#2660 = FILL_AREA_STYLE_COLOUR ( '', #954 ) ;
#2661 = VERTEX_POINT ( 'NONE', #3706 ) ;
#2662 = ADVANCED_FACE ( 'NONE', ( #2312, #3336 ), #2623, .F. ) ;
#2663 = FACE_OUTER_BOUND ( 'NONE', #2838, .T. ) ;
#2664 = LINE ( 'NONE', #3772, #4375 ) ;
#2665 = CARTESIAN_POINT ( 'NONE',  ( 0.7199999999999998623, 1.000000000000000000, 0.6300000000000000044 ) ) ;
#2666 = COLOUR_RGB ( '',0.2862745098039215508, 0.2862745098039215508, 0.2862745098039215508 ) ;
#2667 = VECTOR ( 'NONE', #3852, 1000.000000000000000 ) ;
#2668 = EDGE_LOOP ( 'NONE', ( #2775, #1323, #1629, #3246 ) ) ;
#2669 = EDGE_LOOP ( 'NONE', ( #2978, #369, #3735, #627 ) ) ;
#2670 = CARTESIAN_POINT ( 'NONE',  ( -0.1249999999999999167, 0.6500000000000000222, 0.1300000000000000044 ) ) ;
#2671 = EDGE_CURVE ( 'NONE', #4546, #1968, #2587, .T. ) ;
#2672 = FACE_OUTER_BOUND ( 'NONE', #586, .T. ) ;
#2673 = MECHANICAL_DESIGN_GEOMETRIC_PRESENTATION_REPRESENTATION (  '', ( #2743 ), #1091 ) ;
#2674 = COLOUR_RGB ( '',0.2862745098039215508, 0.2862745098039215508, 0.2862745098039215508 ) ;
#2675 = SURFACE_SIDE_STYLE ('',( #1922 ) ) ;
#2676 = VECTOR ( 'NONE', #230, 1000.000000000000000 ) ;
#2677 = MECHANICAL_DESIGN_GEOMETRIC_PRESENTATION_REPRESENTATION (  '', ( #4080 ), #1853 ) ;
#2678 = DIRECTION ( 'NONE',  ( 0.000000000000000000, 0.000000000000000000, 1.000000000000000000 ) ) ;
#2679 = VECTOR ( 'NONE', #601, 1000.000000000000000 ) ;
#2680 =( GEOMETRIC_REPRESENTATION_CONTEXT ( 3 ) GLOBAL_UNCERTAINTY_ASSIGNED_CONTEXT ( ( #3659 ) ) GLOBAL_UNIT_ASSIGNED_CONTEXT ( ( #1467, #2171, #3977 ) ) REPRESENTATION_CONTEXT ( 'NONE', 'WORKASPACE' ) );
#2681 = VECTOR ( 'NONE', #2158, 1000.000000000000000 ) ;
#2682 = DIRECTION ( 'NONE',  ( 0.000000000000000000, 0.000000000000000000, 1.000000000000000000 ) ) ;
#2683 = PRESENTATION_STYLE_ASSIGNMENT (( #1189 ) ) ;
#2684 = ORIENTED_EDGE ( 'NONE', *, *, #2322, .F. ) ;
#2685 = FILL_AREA_STYLE ('',( #3747 ) ) ;
#2686 = STYLED_ITEM ( 'NONE', ( #1366 ), #4478 ) ;
#2687 = SURFACE_SIDE_STYLE ('',( #1213 ) ) ;
#2688 = DIRECTION ( 'NONE',  ( -0.000000000000000000, -0.000000000000000000, -1.000000000000000000 ) ) ;
#2689 = FACE_OUTER_BOUND ( 'NONE', #2923, .T. ) ;
#2690 =( NAMED_UNIT ( * ) PLANE_ANGLE_UNIT ( ) SI_UNIT ( $, .RADIAN. ) );
#2691 = DIRECTION ( 'NONE',  ( -1.000000000000000000, 0.000000000000000000, -0.000000000000000000 ) ) ;
#2692 = VECTOR ( 'NONE', #3926, 1000.000000000000000 ) ;
#2693 = EDGE_CURVE ( 'NONE', #3789, #3855, #4116, .T. ) ;
#2694 = EDGE_LOOP ( 'NONE', ( #521, #81, #2283, #1873 ) ) ;
#2695 = ORIENTED_EDGE ( 'NONE', *, *, #2126, .T. ) ;
#2696 =( LENGTH_UNIT ( ) NAMED_UNIT ( * ) SI_UNIT ( .MILLI., .METRE. ) );
#2697 = CARTESIAN_POINT ( 'NONE',  ( 0.4000000000000000222, 0.1249999999999998890, -0.02000000000000000042 ) ) ;
#2698 = UNCERTAINTY_MEASURE_WITH_UNIT (LENGTH_MEASURE( 1.000000000000000082E-05 ), #102, 'distance_accuracy_value', 'NONE');
#2699 = LINE ( 'NONE', #1627, #2817 ) ;
#2700 = EDGE_CURVE ( 'NONE', #3898, #818, #849, .T. ) ;
#2701 = VERTEX_POINT ( 'NONE', #4096 ) ;
#2702 = VERTEX_POINT ( 'NONE', #2970 ) ;
#2703 = ORIENTED_EDGE ( 'NONE', *, *, #24, .T. ) ;
#2704 = EDGE_CURVE ( 'NONE', #898, #1939, #2284, .T. ) ;
#2705 = MANIFOLD_SOLID_BREP ( 'Boss-Extrude7[2]', #2582 ) ;
#2706 = FACE_OUTER_BOUND ( 'NONE', #563, .T. ) ;
#2707 = CARTESIAN_POINT ( 'NONE',  ( 0.000000000000000000, -0.9700000000000000844, 0.6300000000000000044 ) ) ;
#2708 = LINE ( 'NONE', #4111, #4524 ) ;
#2709 = CARTESIAN_POINT ( 'NONE',  ( -0.7200000000000001954, -1.000000000000000000, 0.000000000000000000 ) ) ;
#2710 = ADVANCED_FACE ( 'NONE', ( #2104 ), #2382, .T. ) ;
#2711 = CARTESIAN_POINT ( 'NONE',  ( -0.7500000000000001110, -0.1250000000000000000, 0.1300000000000000044 ) ) ;
#2712 = ORIENTED_EDGE ( 'NONE', *, *, #2254, .F. ) ;
#2713 = MANIFOLD_SOLID_BREP ( 'LPattern2[4]', #2964 ) ;
#2714 = FACE_OUTER_BOUND ( 'NONE', #3114, .T. ) ;
#2715 = SURFACE_STYLE_USAGE ( .BOTH. , #2387 ) ;
#2716 = LINE ( 'NONE', #208, #3117 ) ;
#2717 = VERTEX_POINT ( 'NONE', #3129 ) ;
#2718 = DIRECTION ( 'NONE',  ( 0.000000000000000000, 1.000000000000000000, 0.000000000000000000 ) ) ;
#2719 = VERTEX_POINT ( 'NONE', #1664 ) ;
#2720 = DIRECTION ( 'NONE',  ( -0.000000000000000000, -0.000000000000000000, -1.000000000000000000 ) ) ;
#2721 = ORIENTED_EDGE ( 'NONE', *, *, #3294, .T. ) ;
#2722 = ORIENTED_EDGE ( 'NONE', *, *, #3812, .F. ) ;
#2723 = EDGE_CURVE ( 'NONE', #1219, #302, #3084, .T. ) ;
#2724 = PRESENTATION_STYLE_ASSIGNMENT (( #913 ) ) ;
#2725 = CARTESIAN_POINT ( 'NONE',  ( -0.7500000000000001110, 0.6250000000000000000, -0.02000000000000000042 ) ) ;
#2726 = PLANE ( 'NONE',  #1398 ) ;
#2727 = EDGE_CURVE ( 'NONE', #3815, #1868, #2032, .T. ) ;
#2728 = DIRECTION ( 'NONE',  ( 1.000000000000000000, 0.000000000000000000, 0.000000000000000000 ) ) ;
#2729 = ORIENTED_EDGE ( 'NONE', *, *, #3604, .F. ) ;
#2730 = UNCERTAINTY_MEASURE_WITH_UNIT (LENGTH_MEASURE( 1.000000000000000082E-05 ), #4163, 'distance_accuracy_value', 'NONE');
#2731 =( NAMED_UNIT ( * ) PLANE_ANGLE_UNIT ( ) SI_UNIT ( $, .RADIAN. ) );
#2732 = PLANE ( 'NONE',  #2136 ) ;
#2733 = PLANE ( 'NONE',  #1780 ) ;
#2734 = FILL_AREA_STYLE ('',( #3088 ) ) ;
#2735 = VECTOR ( 'NONE', #4075, 1000.000000000000000 ) ;
#2736 = ORIENTED_EDGE ( 'NONE', *, *, #3950, .T. ) ;
#2737 = CARTESIAN_POINT ( 'NONE',  ( 0.1249999999999999167, 1.000000000000000222, -0.02000000000000000042 ) ) ;
#2738 = PRESENTATION_STYLE_ASSIGNMENT (( #2576 ) ) ;
#2739 = ORIENTED_EDGE ( 'NONE', *, *, #3569, .F. ) ;
#2740 = DIRECTION ( 'NONE',  ( 1.000000000000000000, -6.195440985631457289E-16, 0.000000000000000000 ) ) ;
#2741 = CIRCLE ( 'NONE', #4576, 0.02999999999999997113 ) ;
#2742 = ORIENTED_EDGE ( 'NONE', *, *, #4498, .F. ) ;
#2743 = STYLED_ITEM ( 'NONE', ( #2346 ), #256 ) ;
#2744 = ORIENTED_EDGE ( 'NONE', *, *, #4431, .F. ) ;
#2745 = VECTOR ( 'NONE', #2819, 1000.000000000000000 ) ;
#2746 = ORIENTED_EDGE ( 'NONE', *, *, #6, .T. ) ;
#2747 = FACE_OUTER_BOUND ( 'NONE', #1621, .T. ) ;
#2748 = STYLED_ITEM ( 'NONE', ( #2738 ), #3174 ) ;
#2749 = AXIS2_PLACEMENT_3D ( 'NONE', #409, #3273, #1548 ) ;
#2750 = EDGE_CURVE ( 'NONE', #2115, #1902, #2078, .T. ) ;
#2751 = DIRECTION ( 'NONE',  ( -6.195440985631457289E-16, -1.000000000000000000, 0.000000000000000000 ) ) ;
#2752 = COLOUR_RGB ( '',0.2862745098039215508, 0.2862745098039215508, 0.2862745098039215508 ) ;
#2753 = SURFACE_SIDE_STYLE ('',( #4550 ) ) ;
#2754 = STYLED_ITEM ( 'NONE', ( #2246 ), #2488 ) ;
#2755 =( NAMED_UNIT ( * ) SI_UNIT ( $, .STERADIAN. ) SOLID_ANGLE_UNIT ( ) );
#2756 = AXIS2_PLACEMENT_3D ( 'NONE', #3563, #2452, #2055 ) ;
#2757 = STYLED_ITEM ( 'NONE', ( #758 ), #3884 ) ;
#2758 = EDGE_CURVE ( 'NONE', #3292, #42, #3904, .T. ) ;
#2759 = VERTEX_POINT ( 'NONE', #2936 ) ;
#2760 =( NAMED_UNIT ( * ) SI_UNIT ( $, .STERADIAN. ) SOLID_ANGLE_UNIT ( ) );
#2761 = DIRECTION ( 'NONE',  ( -1.000000000000000000, 4.336808689942008861E-16, 0.000000000000000000 ) ) ;
#2762 = DIRECTION ( 'NONE',  ( 1.000000000000000000, -3.097720492815727166E-16, 0.000000000000000000 ) ) ;
#2763 = FILL_AREA_STYLE ('',( #880 ) ) ;
#2764 = LINE ( 'NONE', #300, #562 ) ;
#2765 = APPLICATION_CONTEXT ( 'automotive_design' ) ;
#2766 = EDGE_CURVE ( 'NONE', #2102, #931, #3887, .T. ) ;
#2767 = ORIENTED_EDGE ( 'NONE', *, *, #1050, .F. ) ;
#2768 = AXIS2_PLACEMENT_3D ( 'NONE', #1997, #1634, #3055 ) ;
#2769 = CARTESIAN_POINT ( 'NONE',  ( 0.7499999999999998890, -0.1250000000000002220, -0.02000000000000000042 ) ) ;
#2770 = FACE_OUTER_BOUND ( 'NONE', #2868, .T. ) ;
#2771 = ORIENTED_EDGE ( 'NONE', *, *, #1192, .T. ) ;
#2772 = FILL_AREA_STYLE ('',( #1607 ) ) ;
#2773 = LINE ( 'NONE', #3205, #2667 ) ;
#2774 =( GEOMETRIC_REPRESENTATION_CONTEXT ( 3 ) GLOBAL_UNCERTAINTY_ASSIGNED_CONTEXT ( ( #1291 ) ) GLOBAL_UNIT_ASSIGNED_CONTEXT ( ( #1560, #1949, #4130 ) ) REPRESENTATION_CONTEXT ( 'NONE', 'WORKASPACE' ) );
#2775 = ORIENTED_EDGE ( 'NONE', *, *, #4113, .T. ) ;
#2776 = VERTEX_POINT ( 'NONE', #4297 ) ;
#2777 =( NAMED_UNIT ( * ) SI_UNIT ( $, .STERADIAN. ) SOLID_ANGLE_UNIT ( ) );
#2778 = ORIENTED_EDGE ( 'NONE', *, *, #2791, .T. ) ;
#2779 =( NAMED_UNIT ( * ) SI_UNIT ( $, .STERADIAN. ) SOLID_ANGLE_UNIT ( ) );
#2780 = ORIENTED_EDGE ( 'NONE', *, *, #4300, .T. ) ;
#2781 = PRESENTATION_STYLE_ASSIGNMENT (( #4505 ) ) ;
#2782 = DIRECTION ( 'NONE',  ( 0.000000000000000000, 0.000000000000000000, -1.000000000000000000 ) ) ;
#2783 = ADVANCED_FACE ( 'NONE', ( #3632 ), #3933, .F. ) ;
#2784 = DIRECTION ( 'NONE',  ( 0.000000000000000000, 1.000000000000000000, 0.000000000000000000 ) ) ;
#2785 = CARTESIAN_POINT ( 'NONE',  ( -0.1250000000000003886, -0.9999999999999997780, 0.1300000000000000044 ) ) ;
#2786 = ORIENTED_EDGE ( 'NONE', *, *, #768, .T. ) ;
#2787 = CARTESIAN_POINT ( 'NONE',  ( -0.4000000000000001332, -0.8750000000000001110, 0.1300000000128420652 ) ) ;
#2788 = FACE_OUTER_BOUND ( 'NONE', #2183, .T. ) ;
#2789 = ORIENTED_EDGE ( 'NONE', *, *, #2149, .F. ) ;
#2790 = CARTESIAN_POINT ( 'NONE',  ( -0.4000000000000001332, -0.1249999999999998890, 0.1300000000128420652 ) ) ;
#2791 = EDGE_CURVE ( 'NONE', #2517, #1294, #731, .T. ) ;
#2792 = LINE ( 'NONE', #2837, #2441 ) ;
#2793 = ORIENTED_EDGE ( 'NONE', *, *, #748, .F. ) ;
#2794 = ORIENTED_EDGE ( 'NONE', *, *, #1509, .T. ) ;
#2795 = SURFACE_SIDE_STYLE ('',( #1345 ) ) ;
#2796 = DIRECTION ( 'NONE',  ( 0.000000000000000000, 0.000000000000000000, -1.000000000000000000 ) ) ;
#2797 = ORIENTED_EDGE ( 'NONE', *, *, #2297, .F. ) ;
#2798 = CARTESIAN_POINT ( 'NONE',  ( 0.7499999999999998890, -1.000000000000000000, 0.000000000000000000 ) ) ;
#2799 = CARTESIAN_POINT ( 'NONE',  ( -0.7500000000000001110, 0.1250000000000000000, 0.1300000000000000044 ) ) ;
#2800 = DIRECTION ( 'NONE',  ( -0.000000000000000000, 0.000000000000000000, 1.000000000000000000 ) ) ;
#2801 = DIRECTION ( 'NONE',  ( -1.000000000000000000, -6.195440985631456303E-16, 0.000000000000000000 ) ) ;
#2802 = ORIENTED_EDGE ( 'NONE', *, *, #737, .F. ) ;
#2803 = ADVANCED_FACE ( 'NONE', ( #3609 ), #3286, .T. ) ;
#2804 = SURFACE_SIDE_STYLE ('',( #3955 ) ) ;
#2805 = FILL_AREA_STYLE_COLOUR ( '', #1854 ) ;
#2806 = ORIENTED_EDGE ( 'NONE', *, *, #3294, .F. ) ;
#2807 = DIRECTION ( 'NONE',  ( 1.000000000000000000, 0.000000000000000000, -0.000000000000000000 ) ) ;
#2808 = VECTOR ( 'NONE', #1103, 1000.000000000000000 ) ;
#2809 = ORIENTED_EDGE ( 'NONE', *, *, #975, .T. ) ;
#2810 = EDGE_CURVE ( 'NONE', #3832, #2399, #3535, .T. ) ;
#2811 = CLOSED_SHELL ( 'NONE', ( #4578, #3691, #3128, #1728, #4276, #62 ) ) ;
#2812 = VERTEX_POINT ( 'NONE', #379 ) ;
#2813 = DIRECTION ( 'NONE',  ( -6.195440985631457289E-16, -1.000000000000000000, 0.000000000000000000 ) ) ;
#2814 = MECHANICAL_DESIGN_GEOMETRIC_PRESENTATION_REPRESENTATION (  '', ( #1767 ), #4216 ) ;
#2815 = COLOUR_RGB ( '',0.8039215686274510109, 0.8039215686274510109, 0.8039215686274510109 ) ;
#2816 = ADVANCED_FACE ( 'NONE', ( #3236 ), #2539, .T. ) ;
#2817 = VECTOR ( 'NONE', #888, 1000.000000000000000 ) ;
#2818 = CARTESIAN_POINT ( 'NONE',  ( 0.4000000000000000222, -0.8750000000000001110, 0.1300000000000000044 ) ) ;
#2819 = DIRECTION ( 'NONE',  ( -2.323290369611795497E-16, -1.000000000000000000, -0.000000000000000000 ) ) ;
#2820 = AXIS2_PLACEMENT_3D ( 'NONE', #4409, #1221, #3277 ) ;
#2821 = UNCERTAINTY_MEASURE_WITH_UNIT (LENGTH_MEASURE( 1.000000000000000082E-05 ), #4170, 'distance_accuracy_value', 'NONE');
#2822 = COLOUR_RGB ( '',0.2862745098039215508, 0.2862745098039215508, 0.2862745098039215508 ) ;
#2823 = VECTOR ( 'NONE', #1849, 1000.000000000000000 ) ;
#2824 =( GEOMETRIC_REPRESENTATION_CONTEXT ( 3 ) GLOBAL_UNCERTAINTY_ASSIGNED_CONTEXT ( ( #4204 ) ) GLOBAL_UNIT_ASSIGNED_CONTEXT ( ( #3850, #673, #278 ) ) REPRESENTATION_CONTEXT ( 'NONE', 'WORKASPACE' ) );
#2825 = ORIENTED_EDGE ( 'NONE', *, *, #1088, .T. ) ;
#2826 = VECTOR ( 'NONE', #3944, 1000.000000000000000 ) ;
#2827 = UNCERTAINTY_MEASURE_WITH_UNIT (LENGTH_MEASURE( 1.000000000000000082E-05 ), #2281, 'distance_accuracy_value', 'NONE');
#2828 = FACE_OUTER_BOUND ( 'NONE', #2463, .T. ) ;
#2829 = FACE_OUTER_BOUND ( 'NONE', #1660, .T. ) ;
#2830 = MECHANICAL_DESIGN_GEOMETRIC_PRESENTATION_REPRESENTATION (  '', ( #1716 ), #3564 ) ;
#2831 = VECTOR ( 'NONE', #4278, 1000.000000000000000 ) ;
#2832 = MECHANICAL_DESIGN_GEOMETRIC_PRESENTATION_REPRESENTATION (  '', ( #803 ), #1392 ) ;
#2833 = ORIENTED_EDGE ( 'NONE', *, *, #2407, .F. ) ;
#2834 = DIRECTION ( 'NONE',  ( 0.000000000000000000, 0.000000000000000000, -1.000000000000000000 ) ) ;
#2835 = ORIENTED_EDGE ( 'NONE', *, *, #1121, .T. ) ;
#2836 = LINE ( 'NONE', #4244, #3862 ) ;
#2837 = CARTESIAN_POINT ( 'NONE',  ( -0.4000000000000001332, 0.1249999999999998890, -0.02000000000000000042 ) ) ;
#2838 = EDGE_LOOP ( 'NONE', ( #3958, #4243, #1604, #3826 ) ) ;
#2839 =( NAMED_UNIT ( * ) PLANE_ANGLE_UNIT ( ) SI_UNIT ( $, .RADIAN. ) );
#2840 = ORIENTED_EDGE ( 'NONE', *, *, #3743, .F. ) ;
#2841 = VECTOR ( 'NONE', #3029, 1000.000000000000000 ) ;
#2842 = CARTESIAN_POINT ( 'NONE',  ( -0.7500000000000001110, -0.6250000000000000000, -0.02000000000000000042 ) ) ;
#2843 = EDGE_CURVE ( 'NONE', #3730, #3022, #457, .T. ) ;
#2844 =( NAMED_UNIT ( * ) PLANE_ANGLE_UNIT ( ) SI_UNIT ( $, .RADIAN. ) );
#2845 = EDGE_CURVE ( 'NONE', #3165, #1690, #895, .T. ) ;
#2846 = ORIENTED_EDGE ( 'NONE', *, *, #4431, .T. ) ;
#2847 = LINE ( 'NONE', #380, #2831 ) ;
#2848 = ADVANCED_FACE ( 'NONE', ( #1572 ), #103, .F. ) ;
#2849 =( NAMED_UNIT ( * ) SI_UNIT ( $, .STERADIAN. ) SOLID_ANGLE_UNIT ( ) );
#2850 = PLANE ( 'NONE',  #2756 ) ;
#2851 = LINE ( 'NONE', #4609, #210 ) ;
#2852 = ORIENTED_EDGE ( 'NONE', *, *, #3432, .T. ) ;
#2853 = DIRECTION ( 'NONE',  ( 0.000000000000000000, 1.000000000000000000, 0.000000000000000000 ) ) ;
#2854 = CARTESIAN_POINT ( 'NONE',  ( 0.4000000000000000222, 0.8750000000000000000, -0.02000000000000000042 ) ) ;
#2855 = VERTEX_POINT ( 'NONE', #531 ) ;
#2856 = DIRECTION ( 'NONE',  ( -6.195440985631457289E-16, 1.000000000000000000, 0.000000000000000000 ) ) ;
#2857 =( LENGTH_UNIT ( ) NAMED_UNIT ( * ) SI_UNIT ( .MILLI., .METRE. ) );
#2858 = VERTEX_POINT ( 'NONE', #2306 ) ;
#2859 = EDGE_LOOP ( 'NONE', ( #1513, #4494, #2390, #3704 ) ) ;
#2860 = CARTESIAN_POINT ( 'NONE',  ( 0.4000000000000000222, 0.3750000000000000000, -0.02000000000000000042 ) ) ;
#2861 = EDGE_CURVE ( 'NONE', #4028, #2156, #171, .T. ) ;
#2862 = FILL_AREA_STYLE ('',( #2205 ) ) ;
#2863 = DIRECTION ( 'NONE',  ( 0.000000000000000000, 1.000000000000000000, -0.000000000000000000 ) ) ;
#2864 = ADVANCED_FACE ( 'NONE', ( #1185 ), #2261, .F. ) ;
#2865 = CARTESIAN_POINT ( 'NONE',  ( -0.5700000000000001732, 0.8200000000000000622, 0.6199999999999999956 ) ) ;
#2866 =( NAMED_UNIT ( * ) PLANE_ANGLE_UNIT ( ) SI_UNIT ( $, .RADIAN. ) );
#2867 = CARTESIAN_POINT ( 'NONE',  ( 0.7499999999999998890, -1.000000000000000000, 0.000000000000000000 ) ) ;
#2868 = EDGE_LOOP ( 'NONE', ( #1761, #1279, #596, #4322 ) ) ;
#2869 = LINE ( 'NONE', #1802, #2524 ) ;
#2870 = VERTEX_POINT ( 'NONE', #2279 ) ;
#2871 = DIRECTION ( 'NONE',  ( -0.000000000000000000, -0.000000000000000000, 1.000000000000000000 ) ) ;
#2872 = ORIENTED_EDGE ( 'NONE', *, *, #1293, .F. ) ;
#2873 = SURFACE_SIDE_STYLE ('',( #1064 ) ) ;
#2874 = FACE_OUTER_BOUND ( 'NONE', #4262, .T. ) ;
#2875 = FACE_OUTER_BOUND ( 'NONE', #3270, .T. ) ;
#2876 = ORIENTED_EDGE ( 'NONE', *, *, #2578, .T. ) ;
#2877 = CARTESIAN_POINT ( 'NONE',  ( 0.4000000000000000222, 0.6249999999999998890, -0.02000000000000000042 ) ) ;
#2878 = ORIENTED_EDGE ( 'NONE', *, *, #584, .F. ) ;
#2879 = CARTESIAN_POINT ( 'NONE',  ( 0.7499999999999998890, -0.1250000000000002220, 0.000000000000000000 ) ) ;
#2880 = AXIS2_PLACEMENT_3D ( 'NONE', #555, #3387, #1898 ) ;
#2881 = CARTESIAN_POINT ( 'NONE',  ( -0.4000000000000001332, 0.8750000000000001110, 0.000000000000000000 ) ) ;
#2882 = DIRECTION ( 'NONE',  ( -0.000000000000000000, -0.000000000000000000, 1.000000000000000000 ) ) ;
#2883 = CARTESIAN_POINT ( 'NONE',  ( 0.7199999999999999734, 0.000000000000000000, 0.6300000000000000044 ) ) ;
#2884 = ADVANCED_FACE ( 'NONE', ( #2992 ), #868, .T. ) ;
#2885 =( GEOMETRIC_REPRESENTATION_CONTEXT ( 3 ) GLOBAL_UNCERTAINTY_ASSIGNED_CONTEXT ( ( #1419 ) ) GLOBAL_UNIT_ASSIGNED_CONTEXT ( ( #897, #194, #1277 ) ) REPRESENTATION_CONTEXT ( 'NONE', 'WORKASPACE' ) );
#2886 = PRESENTATION_STYLE_ASSIGNMENT (( #1768 ) ) ;
#2887 = VECTOR ( 'NONE', #1698, 1000.000000000000000 ) ;
#2888 = VECTOR ( 'NONE', #3369, 1000.000000000000000 ) ;
#2889 = SURFACE_STYLE_FILL_AREA ( #1466 ) ;
#2890 = SURFACE_SIDE_STYLE ('',( #2492 ) ) ;
#2891 = ADVANCED_FACE ( 'NONE', ( #127 ), #1971, .T. ) ;
#2892 = MECHANICAL_DESIGN_GEOMETRIC_PRESENTATION_REPRESENTATION (  '', ( #3856 ), #867 ) ;
#2893 = VERTEX_POINT ( 'NONE', #3994 ) ;
#2894 = VECTOR ( 'NONE', #1449, 1000.000000000000000 ) ;
#2895 = ORIENTED_EDGE ( 'NONE', *, *, #3965, .F. ) ;
#2896 = CARTESIAN_POINT ( 'NONE',  ( 0.1249999999999999167, 1.000000000000000222, -0.02000000000000000042 ) ) ;
#2897 = DIRECTION ( 'NONE',  ( -1.000000000000000000, 0.000000000000000000, -0.000000000000000000 ) ) ;
#2898 = VECTOR ( 'NONE', #2129, 1000.000000000000000 ) ;
#2899 = ORIENTED_EDGE ( 'NONE', *, *, #3827, .F. ) ;
#2900 = STYLED_ITEM ( 'NONE', ( #2033 ), #3578 ) ;
#2901 = DIRECTION ( 'NONE',  ( 1.000000000000000000, -6.195440985631456303E-16, 0.000000000000000000 ) ) ;
#2902 = COLOUR_RGB ( '',0.9607843137254902244, 0.9607843137254902244, 0.9607843137254902244 ) ;
#2903 = CARTESIAN_POINT ( 'NONE',  ( -0.7500000000000001110, -0.6250000000000000000, 0.1300000000000000044 ) ) ;
#2904 = EDGE_CURVE ( 'NONE', #2812, #4046, #804, .T. ) ;
#2905 = ORIENTED_EDGE ( 'NONE', *, *, #4474, .T. ) ;
#2906 = CARTESIAN_POINT ( 'NONE',  ( -0.7500000000000001110, -1.000000000000000000, 0.000000000000000000 ) ) ;
#2907 = EDGE_LOOP ( 'NONE', ( #2780, #1431, #165, #4446 ) ) ;
#2908 = LINE ( 'NONE', #1171, #342 ) ;
#2909 = VECTOR ( 'NONE', #493, 1000.000000000000000 ) ;
#2910 = VECTOR ( 'NONE', #1032, 1000.000000000000000 ) ;
#2911 = DIRECTION ( 'NONE',  ( 6.195440985631456303E-16, 1.000000000000000000, -0.000000000000000000 ) ) ;
#2912 = CARTESIAN_POINT ( 'NONE',  ( -0.7500000000000001110, -0.6250000000000000000, 0.1300000000000000044 ) ) ;
#2913 = LINE ( 'NONE', #1128, #4499 ) ;
#2914 = DIRECTION ( 'NONE',  ( 0.000000000000000000, 0.000000000000000000, 1.000000000000000000 ) ) ;
#2915 =( NAMED_UNIT ( * ) SI_UNIT ( $, .STERADIAN. ) SOLID_ANGLE_UNIT ( ) );
#2916 = PLANE ( 'NONE',  #1564 ) ;
#2917 = DIRECTION ( 'NONE',  ( 0.000000000000000000, 0.000000000000000000, 1.000000000000000000 ) ) ;
#2918 = ORIENTED_EDGE ( 'NONE', *, *, #3212, .F. ) ;
#2919 = ORIENTED_EDGE ( 'NONE', *, *, #4133, .F. ) ;
#2920 = SPHERICAL_SURFACE ( 'NONE', #959, 0.02999999999999999889 ) ;
#2921 = EDGE_CURVE ( 'NONE', #1095, #3979, #824, .T. ) ;
#2922 = FACE_OUTER_BOUND ( 'NONE', #644, .T. ) ;
#2923 = EDGE_LOOP ( 'NONE', ( #1027, #3145, #2273, #1531 ) ) ;
#2924 = SURFACE_SIDE_STYLE ('',( #1846 ) ) ;
#2925 = SURFACE_STYLE_FILL_AREA ( #3360 ) ;
#2926 = CARTESIAN_POINT ( 'NONE',  ( 0.7199999999999998623, -1.000000000000000000, 0.6300000000000000044 ) ) ;
#2927 = VERTEX_POINT ( 'NONE', #1906 ) ;
#2928 = EDGE_CURVE ( 'NONE', #681, #3849, #4292, .T. ) ;
#2929 = ORIENTED_EDGE ( 'NONE', *, *, #95, .F. ) ;
#2930 = LINE ( 'NONE', #75, #1172 ) ;
#2931 = FILL_AREA_STYLE_COLOUR ( '', #2141 ) ;
#2932 = LINE ( 'NONE', #3655, #2621 ) ;
#2933 = DIRECTION ( 'NONE',  ( -0.000000000000000000, 0.000000000000000000, -1.000000000000000000 ) ) ;
#2934 = DIRECTION ( 'NONE',  ( 0.000000000000000000, -0.000000000000000000, 1.000000000000000000 ) ) ;
#2935 = DIRECTION ( 'NONE',  ( -1.000000000000000000, 0.000000000000000000, -0.000000000000000000 ) ) ;
#2936 = CARTESIAN_POINT ( 'NONE',  ( 0.7499999999999998890, 0.1250000000000001110, 0.1300000001265289029 ) ) ;
#2937 =( NAMED_UNIT ( * ) PLANE_ANGLE_UNIT ( ) SI_UNIT ( $, .RADIAN. ) );
#2938 =( NAMED_UNIT ( * ) PLANE_ANGLE_UNIT ( ) SI_UNIT ( $, .RADIAN. ) );
#2939 = DIRECTION ( 'NONE',  ( 0.000000000000000000, 0.000000000000000000, 1.000000000000000000 ) ) ;
#2940 = ORIENTED_EDGE ( 'NONE', *, *, #3482, .F. ) ;
#2941 = SURFACE_SIDE_STYLE ('',( #3290 ) ) ;
#2942 = DIRECTION ( 'NONE',  ( 1.000000000000000000, -0.000000000000000000, 0.000000000000000000 ) ) ;
#2943 = EDGE_LOOP ( 'NONE', ( #3428, #4392, #4420, #2476 ) ) ;
#2944 =( NAMED_UNIT ( * ) PLANE_ANGLE_UNIT ( ) SI_UNIT ( $, .RADIAN. ) );
#2945 = FILL_AREA_STYLE ('',( #68 ) ) ;
#2946 = DIRECTION ( 'NONE',  ( 1.000000000000000000, 3.097720492815727166E-16, 0.000000000000000000 ) ) ;
#2947 = ORIENTED_EDGE ( 'NONE', *, *, #1176, .T. ) ;
#2948 = EDGE_CURVE ( 'NONE', #1603, #1312, #3142, .T. ) ;
#2949 = ORIENTED_EDGE ( 'NONE', *, *, #529, .F. ) ;
#2950 = DIRECTION ( 'NONE',  ( 1.000000000000000000, -0.000000000000000000, 0.000000000000000000 ) ) ;
#2951 = VERTEX_POINT ( 'NONE', #1275 ) ;
#2952 = PLANE ( 'NONE',  #1631 ) ;
#2953 = PRODUCT_DEFINITION_SHAPE ( 'NONE', 'NONE',  #1149 ) ;
#2954 =( NAMED_UNIT ( * ) PLANE_ANGLE_UNIT ( ) SI_UNIT ( $, .RADIAN. ) );
#2955 = EDGE_CURVE ( 'NONE', #2531, #3849, #2050, .T. ) ;
#2956 = CARTESIAN_POINT ( 'NONE',  ( 0.7499999999999998890, 0.3749999999999997780, -0.02000000000000000042 ) ) ;
#2957 = LINE ( 'NONE', #4362, #1994 ) ;
#2958 = UNCERTAINTY_MEASURE_WITH_UNIT (LENGTH_MEASURE( 1.000000000000000082E-05 ), #2048, 'distance_accuracy_value', 'NONE');
#2959 = EDGE_CURVE ( 'NONE', #3153, #1058, #988, .T. ) ;
#2960 = VECTOR ( 'NONE', #4405, 1000.000000000000000 ) ;
#2961 =( NAMED_UNIT ( * ) PLANE_ANGLE_UNIT ( ) SI_UNIT ( $, .RADIAN. ) );
#2962 = FILL_AREA_STYLE ('',( #1225 ) ) ;
#2963 = DIRECTION ( 'NONE',  ( 1.000000000000000000, -4.336808689942009354E-16, 0.000000000000000000 ) ) ;
#2964 = CLOSED_SHELL ( 'NONE', ( #2560, #2103, #1588, #955, #28, #2891 ) ) ;
#2965 = DIRECTION ( 'NONE',  ( 1.000000000000000000, 0.000000000000000000, -0.000000000000000000 ) ) ;
#2966 = LINE ( 'NONE', #84, #1491 ) ;
#2967 = CYLINDRICAL_SURFACE ( 'NONE', #4077, 0.07499999999999998335 ) ;
#2968 = VERTEX_POINT ( 'NONE', #3838 ) ;
#2969 = MECHANICAL_DESIGN_GEOMETRIC_PRESENTATION_REPRESENTATION (  '', ( #1770 ), #4219 ) ;
#2970 = CARTESIAN_POINT ( 'NONE',  ( -0.6450000000000001288, 0.8200000000000000622, 0.6199999999999999956 ) ) ;
#2971 = SURFACE_SIDE_STYLE ('',( #3572 ) ) ;
#2972 = EDGE_LOOP ( 'NONE', ( #2572, #3322, #2525, #2469 ) ) ;
#2973 = SURFACE_STYLE_FILL_AREA ( #2316 ) ;
#2974 = VECTOR ( 'NONE', #3653, 1000.000000000000000 ) ;
#2975 = CARTESIAN_POINT ( 'NONE',  ( 0.4000000000000000222, -0.8750000000000001110, -0.02000000000000000042 ) ) ;
#2976 = MECHANICAL_DESIGN_GEOMETRIC_PRESENTATION_REPRESENTATION (  '', ( #3638 ), #2447 ) ;
#2977 = VECTOR ( 'NONE', #2432, 1000.000000000000000 ) ;
#2978 = ORIENTED_EDGE ( 'NONE', *, *, #3804, .T. ) ;
#2979 = VECTOR ( 'NONE', #2153, 1000.000000000000000 ) ;
#2980 = EDGE_LOOP ( 'NONE', ( #2802, #1257, #4424, #1927, #2201, #2987, #1746, #2929 ) ) ;
#2981 = VECTOR ( 'NONE', #458, 1000.000000000000000 ) ;
#2982 = PRESENTATION_LAYER_ASSIGNMENT (  '', '', ( #2754 ) ) ;
#2983 = FILL_AREA_STYLE_COLOUR ( '', #787 ) ;
#2984 = VECTOR ( 'NONE', #4468, 1000.000000000000000 ) ;
#2985 = STYLED_ITEM ( 'NONE', ( #846 ), #3853 ) ;
#2986 =( GEOMETRIC_REPRESENTATION_CONTEXT ( 3 ) GLOBAL_UNCERTAINTY_ASSIGNED_CONTEXT ( ( #3888 ) ) GLOBAL_UNIT_ASSIGNED_CONTEXT ( ( #1544, #2643, #4440 ) ) REPRESENTATION_CONTEXT ( 'NONE', 'WORKASPACE' ) );
#2987 = ORIENTED_EDGE ( 'NONE', *, *, #2322, .T. ) ;
#2988 = VECTOR ( 'NONE', #1226, 1000.000000000000000 ) ;
#2989 = ADVANCED_FACE ( 'NONE', ( #3425 ), #2726, .F. ) ;
#2990 = DIRECTION ( 'NONE',  ( -0.000000000000000000, -0.000000000000000000, 1.000000000000000000 ) ) ;
#2991 = STYLED_ITEM ( 'NONE', ( #3522 ), #4225 ) ;
#2992 = FACE_OUTER_BOUND ( 'NONE', #444, .T. ) ;
#2993 = EDGE_CURVE ( 'NONE', #609, #2419, #566, .T. ) ;
#2994 = LINE ( 'NONE', #1636, #962 ) ;
#2995 = PLANE ( 'NONE',  #1085 ) ;
#2996 = DIRECTION ( 'NONE',  ( -1.000000000000000000, 0.000000000000000000, 0.000000000000000000 ) ) ;
#2997 = FILL_AREA_STYLE ('',( #2660 ) ) ;
#2998 = VERTEX_POINT ( 'NONE', #2374 ) ;
#2999 = AXIS2_PLACEMENT_3D ( 'NONE', #2956, #4361, #1967 ) ;
#3000 = DIRECTION ( 'NONE',  ( -1.000000000000000000, 3.097720492815727659E-16, 0.000000000000000000 ) ) ;
#3001 = PLANE ( 'NONE',  #4444 ) ;
#3002 = CARTESIAN_POINT ( 'NONE',  ( -0.7500000000000001110, 0.8750000000000000000, 0.1300000000000000044 ) ) ;
#3003 = FILL_AREA_STYLE_COLOUR ( '', #3857 ) ;
#3004 = ORIENTED_EDGE ( 'NONE', *, *, #2072, .T. ) ;
#3005 = SURFACE_STYLE_USAGE ( .BOTH. , #1622 ) ;
#3006 = APPLICATION_CONTEXT ( 'automotive_design' ) ;
#3007 = DIRECTION ( 'NONE',  ( 1.000000000000000000, 0.000000000000000000, -0.000000000000000000 ) ) ;
#3008 = DIRECTION ( 'NONE',  ( 0.000000000000000000, -1.000000000000000000, 0.000000000000000000 ) ) ;
#3009 = DIRECTION ( 'NONE',  ( 1.000000000000000000, 0.000000000000000000, 0.000000000000000000 ) ) ;
#3010 = ORIENTED_EDGE ( 'NONE', *, *, #2072, .F. ) ;
#3011 = DIRECTION ( 'NONE',  ( -0.000000000000000000, -0.000000000000000000, -1.000000000000000000 ) ) ;
#3012 = ADVANCED_FACE ( 'NONE', ( #916 ), #3449, .F. ) ;
#3013 = CARTESIAN_POINT ( 'NONE',  ( -0.5700000000000001732, 0.8200000000000000622, 0.6199999999999999956 ) ) ;
#3014 =( NAMED_UNIT ( * ) SI_UNIT ( $, .STERADIAN. ) SOLID_ANGLE_UNIT ( ) );
#3015 = DIRECTION ( 'NONE',  ( 0.000000000000000000, -1.000000000000000000, 0.000000000000000000 ) ) ;
#3016 = EDGE_CURVE ( 'NONE', #3834, #3657, #3123, .T. ) ;
#3017 = EDGE_LOOP ( 'NONE', ( #4604, #1673, #1828, #654 ) ) ;
#3018 = LINE ( 'NONE', #3034, #1713 ) ;
#3019 = CARTESIAN_POINT ( 'NONE',  ( -0.7200000000000001954, 0.9699999999999999734, 0.6000000000000000888 ) ) ;
#3020 =( LENGTH_UNIT ( ) NAMED_UNIT ( * ) SI_UNIT ( .MILLI., .METRE. ) );
#3021 =( NAMED_UNIT ( * ) PLANE_ANGLE_UNIT ( ) SI_UNIT ( $, .RADIAN. ) );
#3022 = VERTEX_POINT ( 'NONE', #2442 ) ;
#3023 =( NAMED_UNIT ( * ) PLANE_ANGLE_UNIT ( ) SI_UNIT ( $, .RADIAN. ) );
#3024 = PLANE ( 'NONE',  #1774 ) ;
#3025 = FACE_OUTER_BOUND ( 'NONE', #3332, .T. ) ;
#3026 = UNCERTAINTY_MEASURE_WITH_UNIT (LENGTH_MEASURE( 1.000000000000000082E-05 ), #1387, 'distance_accuracy_value', 'NONE');
#3027 = CARTESIAN_POINT ( 'NONE',  ( 0.7199999999999998623, -1.000000000000000000, 0.000000000000000000 ) ) ;
#3028 = LINE ( 'NONE', #4434, #1749 ) ;
#3029 = DIRECTION ( 'NONE',  ( -1.000000000000000000, 0.000000000000000000, 0.000000000000000000 ) ) ;
#3030 = DIRECTION ( 'NONE',  ( -0.000000000000000000, -0.000000000000000000, 1.000000000000000000 ) ) ;
#3031 = EDGE_CURVE ( 'NONE', #1685, #3165, #245, .T. ) ;
#3032 = SURFACE_STYLE_FILL_AREA ( #2997 ) ;
#3033 = ORIENTED_EDGE ( 'NONE', *, *, #1597, .T. ) ;
#3034 = CARTESIAN_POINT ( 'NONE',  ( -0.4000000000000001332, -0.1249999999999998890, -0.02000000000000000042 ) ) ;
#3035 = PRESENTATION_STYLE_ASSIGNMENT (( #2715 ) ) ;
#3036 = ADVANCED_FACE ( 'NONE', ( #4497 ), #3486, .T. ) ;
#3037 = DIRECTION ( 'NONE',  ( -1.000000000000000000, 0.000000000000000000, 0.000000000000000000 ) ) ;
#3038 = STYLED_ITEM ( 'NONE', ( #1708 ), #124 ) ;
#3039 = EDGE_LOOP ( 'NONE', ( #257, #4013, #314, #1199 ) ) ;
#3040 = DIRECTION ( 'NONE',  ( 7.744301232039316681E-17, -1.000000000000000000, 0.000000000000000000 ) ) ;
#3041 = AXIS2_PLACEMENT_3D ( 'NONE', #4058, #1945, #3007 ) ;
#3042 = VECTOR ( 'NONE', #4110, 1000.000000000000000 ) ;
#3043 = SURFACE_STYLE_USAGE ( .BOTH. , #960 ) ;
#3044 = ADVANCED_FACE ( 'NONE', ( #1678 ), #4183, .F. ) ;
#3045 = CARTESIAN_POINT ( 'NONE',  ( 0.7499999999999998890, -0.1250000000000002220, 0.1300000000000000044 ) ) ;
#3046 = VECTOR ( 'NONE', #3644, 1000.000000000000000 ) ;
#3047 = MECHANICAL_DESIGN_GEOMETRIC_PRESENTATION_REPRESENTATION (  '', ( #3267 ), #3417 ) ;
#3048 = VERTEX_POINT ( 'NONE', #1102 ) ;
#3049 = DIRECTION ( 'NONE',  ( 0.000000000000000000, 0.000000000000000000, 1.000000000000000000 ) ) ;
#3050 = VERTEX_POINT ( 'NONE', #1460 ) ;
#3051 = COLOUR_RGB ( '',0.2862745098039215508, 0.2862745098039215508, 0.2862745098039215508 ) ;
#3052 = STYLED_ITEM ( 'NONE', ( #355 ), #2803 ) ;
#3053 = PRESENTATION_LAYER_ASSIGNMENT (  '', '', ( #435 ) ) ;
#3054 = COLOUR_RGB ( '',0.9607843137254902244, 0.9607843137254902244, 0.9607843137254902244 ) ;
#3055 = DIRECTION ( 'NONE',  ( -1.000000000000000000, 0.000000000000000000, 0.000000000000000000 ) ) ;
#3056 = DIRECTION ( 'NONE',  ( -1.000000000000000000, 6.195440985631456303E-16, 0.000000000000000000 ) ) ;
#3057 = LINE ( 'NONE', #2328, #1030 ) ;
#3058 = SURFACE_STYLE_FILL_AREA ( #1637 ) ;
#3059 = DIRECTION ( 'NONE',  ( 0.000000000000000000, 1.000000000000000000, 0.000000000000000000 ) ) ;
#3060 = ORIENTED_EDGE ( 'NONE', *, *, #143, .T. ) ;
#3061 = SURFACE_STYLE_FILL_AREA ( #1641 ) ;
#3062 =( GEOMETRIC_REPRESENTATION_CONTEXT ( 3 ) GLOBAL_UNCERTAINTY_ASSIGNED_CONTEXT ( ( #3026 ) ) GLOBAL_UNIT_ASSIGNED_CONTEXT ( ( #1387, #2844, #2779 ) ) REPRESENTATION_CONTEXT ( 'NONE', 'WORKASPACE' ) );
#3063 = DIRECTION ( 'NONE',  ( 1.000000000000000000, 0.000000000000000000, -0.000000000000000000 ) ) ;
#3064 =( LENGTH_UNIT ( ) NAMED_UNIT ( * ) SI_UNIT ( .MILLI., .METRE. ) );
#3065 = LINE ( 'NONE', #112, #2735 ) ;
#3066 = CARTESIAN_POINT ( 'NONE',  ( -0.1249999999999999167, 1.000000000000000000, 0.1300000000000000044 ) ) ;
#3067 = ORIENTED_EDGE ( 'NONE', *, *, #290, .T. ) ;
#3068 = ADVANCED_FACE ( 'NONE', ( #749 ), #4599, .F. ) ;
#3069 = ORIENTED_EDGE ( 'NONE', *, *, #3996, .F. ) ;
#3070 = FACE_OUTER_BOUND ( 'NONE', #72, .T. ) ;
#3071 = DIRECTION ( 'NONE',  ( 1.000000000000000000, 6.195440985631456303E-16, 0.000000000000000000 ) ) ;
#3072 = CARTESIAN_POINT ( 'NONE',  ( -0.7200000000000001954, -0.9700000000000000844, 0.6000000000000000888 ) ) ;
#3073 = UNCERTAINTY_MEASURE_WITH_UNIT (LENGTH_MEASURE( 1.000000000000000082E-05 ), #4435, 'distance_accuracy_value', 'NONE');
#3074 = ORIENTED_EDGE ( 'NONE', *, *, #2727, .T. ) ;
#3075 = EDGE_CURVE ( 'NONE', #1743, #3048, #2188, .T. ) ;
#3076 = ORIENTED_EDGE ( 'NONE', *, *, #492, .T. ) ;
#3077 = FILL_AREA_STYLE ('',( #188 ) ) ;
#3078 = SURFACE_STYLE_USAGE ( .BOTH. , #4414 ) ;
#3079 = CARTESIAN_POINT ( 'NONE',  ( -0.7500000000000001110, 0.3750000000000000000, 0.1300000000000000044 ) ) ;
#3080 =( NAMED_UNIT ( * ) SI_UNIT ( $, .STERADIAN. ) SOLID_ANGLE_UNIT ( ) );
#3081 = SURFACE_STYLE_FILL_AREA ( #2659 ) ;
#3082 = CARTESIAN_POINT ( 'NONE',  ( -0.4000000000000001332, 0.3750000000000001110, 0.1300000000128420652 ) ) ;
#3083 = ORIENTED_EDGE ( 'NONE', *, *, #1228, .F. ) ;
#3084 = LINE ( 'NONE', #4483, #3489 ) ;
#3085 = SURFACE_STYLE_FILL_AREA ( #232 ) ;
#3086 = DIRECTION ( 'NONE',  ( 6.195440985631456303E-16, 1.000000000000000000, -0.000000000000000000 ) ) ;
#3087 = CARTESIAN_POINT ( 'NONE',  ( -0.4000000000000001332, -0.3750000000000001110, -0.02000000000000000042 ) ) ;
#3088 = FILL_AREA_STYLE_COLOUR ( '', #262 ) ;
#3089 = EDGE_LOOP ( 'NONE', ( #3437, #4137, #1806, #3920 ) ) ;
#3090 = CARTESIAN_POINT ( 'NONE',  ( -0.7500000000000001110, 0.6250000000000000000, 0.1300000000000000044 ) ) ;
#3091 = LINE ( 'NONE', #3736, #500 ) ;
#3092 = ORIENTED_EDGE ( 'NONE', *, *, #1864, .F. ) ;
#3093 = DIRECTION ( 'NONE',  ( 1.000000000000000000, 0.000000000000000000, 0.000000000000000000 ) ) ;
#3094 =( NAMED_UNIT ( * ) SI_UNIT ( $, .STERADIAN. ) SOLID_ANGLE_UNIT ( ) );
#3095 = EDGE_CURVE ( 'NONE', #2047, #2812, #1835, .T. ) ;
#3096 = VERTEX_POINT ( 'NONE', #2912 ) ;
#3097 = ORIENTED_EDGE ( 'NONE', *, *, #912, .T. ) ;
#3098 =( NAMED_UNIT ( * ) PLANE_ANGLE_UNIT ( ) SI_UNIT ( $, .RADIAN. ) );
#3099 = EDGE_CURVE ( 'NONE', #4290, #2311, #3554, .T. ) ;
#3100 = DIRECTION ( 'NONE',  ( -6.195440985631457289E-16, 1.000000000000000000, 0.000000000000000000 ) ) ;
#3101 =( LENGTH_UNIT ( ) NAMED_UNIT ( * ) SI_UNIT ( .MILLI., .METRE. ) );
#3102 = EDGE_CURVE ( 'NONE', #4326, #3985, #2467, .T. ) ;
#3103 = ORIENTED_EDGE ( 'NONE', *, *, #427, .F. ) ;
#3104 =( LENGTH_UNIT ( ) NAMED_UNIT ( * ) SI_UNIT ( .MILLI., .METRE. ) );
#3105 = DIRECTION ( 'NONE',  ( -1.000000000000000000, 3.097720492815727166E-16, 0.000000000000000000 ) ) ;
#3106 = CARTESIAN_POINT ( 'NONE',  ( 0.4000000000000000222, 0.8750000000000000000, 0.1300000000000000044 ) ) ;
#3107 = SURFACE_STYLE_USAGE ( .BOTH. , #1712 ) ;
#3108 = VECTOR ( 'NONE', #2784, 1000.000000000000000 ) ;
#3109 = EDGE_LOOP ( 'NONE', ( #4100, #620, #639, #3463 ) ) ;
#3110 = SURFACE_STYLE_FILL_AREA ( #4123 ) ;
#3111 = FACE_OUTER_BOUND ( 'NONE', #2669, .T. ) ;
#3112 = ORIENTED_EDGE ( 'NONE', *, *, #2766, .T. ) ;
#3113 = CARTESIAN_POINT ( 'NONE',  ( 0.7499999999999998890, -0.8749999999999998890, 0.1300000000000000044 ) ) ;
#3114 = EDGE_LOOP ( 'NONE', ( #181, #2405, #1803, #4180 ) ) ;
#3115 = VECTOR ( 'NONE', #2617, 1000.000000000000000 ) ;
#3116 = PRESENTATION_LAYER_ASSIGNMENT (  '', '', ( #419 ) ) ;
#3117 = VECTOR ( 'NONE', #4032, 1000.000000000000000 ) ;
#3118 = ORIENTED_EDGE ( 'NONE', *, *, #2440, .T. ) ;
#3119 = CARTESIAN_POINT ( 'NONE',  ( 0.4000000000000000222, -0.3750000000000001110, 0.000000000000000000 ) ) ;
#3120 = MECHANICAL_DESIGN_GEOMETRIC_PRESENTATION_REPRESENTATION (  '', ( #572 ), #1557 ) ;
#3121 = COLOUR_RGB ( '',0.2862745098039215508, 0.2862745098039215508, 0.2862745098039215508 ) ;
#3122 = ADVANCED_FACE ( 'NONE', ( #4317 ), #698, .F. ) ;
#3123 = LINE ( 'NONE', #2344, #2887 ) ;
#3124 = PRESENTATION_LAYER_ASSIGNMENT (  '', '', ( #2900 ) ) ;
#3125 = PRESENTATION_LAYER_ASSIGNMENT (  '', '', ( #803 ) ) ;
#3126 = SURFACE_STYLE_FILL_AREA ( #372 ) ;
#3127 = VERTEX_POINT ( 'NONE', #3215 ) ;
#3128 = ADVANCED_FACE ( 'NONE', ( #3927 ), #3159, .F. ) ;
#3129 = CARTESIAN_POINT ( 'NONE',  ( 0.7499999999999998890, 0.6250000000000001110, 0.1300000001265289029 ) ) ;
#3130 = VECTOR ( 'NONE', #2040, 1000.000000000000000 ) ;
#3131 = DIRECTION ( 'NONE',  ( -1.000000000000000000, -0.000000000000000000, -0.000000000000000000 ) ) ;
#3132 = DIRECTION ( 'NONE',  ( 1.000000000000000000, 0.000000000000000000, 0.000000000000000000 ) ) ;
#3133 = ORIENTED_EDGE ( 'NONE', *, *, #3631, .F. ) ;
#3134 = PRESENTATION_LAYER_ASSIGNMENT (  '', '', ( #447 ) ) ;
#3135 = DIRECTION ( 'NONE',  ( -0.000000000000000000, -0.000000000000000000, 1.000000000000000000 ) ) ;
#3136 = VERTEX_POINT ( 'NONE', #1127 ) ;
#3137 = CARTESIAN_POINT ( 'NONE',  ( 0.4000000000000000222, 0.3750000000000000000, 0.1300000000000000044 ) ) ;
#3138 = EDGE_LOOP ( 'NONE', ( #325, #2918, #3599, #1082 ) ) ;
#3139 = VERTEX_POINT ( 'NONE', #2558 ) ;
#3140 = PRESENTATION_STYLE_ASSIGNMENT (( #1727 ) ) ;
#3141 = FILL_AREA_STYLE ('',( #3466 ) ) ;
#3142 = LINE ( 'NONE', #3079, #3995 ) ;
#3143 = FACE_OUTER_BOUND ( 'NONE', #672, .T. ) ;
#3144 = ADVANCED_FACE ( 'NONE', ( #3972 ), #1439, .F. ) ;
#3145 = ORIENTED_EDGE ( 'NONE', *, *, #4051, .T. ) ;
#3146 =( LENGTH_UNIT ( ) NAMED_UNIT ( * ) SI_UNIT ( .MILLI., .METRE. ) );
#3147 = CARTESIAN_POINT ( 'NONE',  ( 0.7499999999999998890, -0.9700000000000000844, 0.6300000000000000044 ) ) ;
#3148 = LINE ( 'NONE', #4554, #3635 ) ;
#3149 = EDGE_CURVE ( 'NONE', #3798, #1095, #794, .T. ) ;
#3150 = VERTEX_POINT ( 'NONE', #3809 ) ;
#3151 = MECHANICAL_DESIGN_GEOMETRIC_PRESENTATION_REPRESENTATION (  '', ( #26 ), #2410 ) ;
#3152 = FACE_OUTER_BOUND ( 'NONE', #707, .T. ) ;
#3153 = VERTEX_POINT ( 'NONE', #1517 ) ;
#3154 = FACE_OUTER_BOUND ( 'NONE', #3410, .T. ) ;
#3155 = ORIENTED_EDGE ( 'NONE', *, *, #2959, .F. ) ;
#3156 = ORIENTED_EDGE ( 'NONE', *, *, #4280, .T. ) ;
#3157 = FILL_AREA_STYLE ('',( #3508 ) ) ;
#3158 = LINE ( 'NONE', #2485, #2910 ) ;
#3159 = PLANE ( 'NONE',  #3784 ) ;
#3160 = ORIENTED_EDGE ( 'NONE', *, *, #3206, .T. ) ;
#3161 = EDGE_CURVE ( 'NONE', #3830, #3382, #3091, .T. ) ;
#3162 =( LENGTH_UNIT ( ) NAMED_UNIT ( * ) SI_UNIT ( .MILLI., .METRE. ) );
#3163 = CARTESIAN_POINT ( 'NONE',  ( -0.4000000000000001332, 0.3750000000000001110, 0.1300000000000000044 ) ) ;
#3164 = CARTESIAN_POINT ( 'NONE',  ( 0.4000000000000000222, 0.6249999999999998890, 0.1300000001265289029 ) ) ;
#3165 = VERTEX_POINT ( 'NONE', #591 ) ;
#3166 = DIRECTION ( 'NONE',  ( 1.000000000000000000, -6.195440985631456303E-16, -0.000000000000000000 ) ) ;
#3167 = ADVANCED_FACE ( 'NONE', ( #2672 ), #3024, .F. ) ;
#3168 = CARTESIAN_POINT ( 'NONE',  ( 0.000000000000000000, 1.500000000000000000, -0.02000000000000000042 ) ) ;
#3169 = EDGE_LOOP ( 'NONE', ( #3464, #3893, #4125, #1037 ) ) ;
#3170 = PLANE ( 'NONE',  #3179 ) ;
#3171 = MECHANICAL_DESIGN_GEOMETRIC_PRESENTATION_REPRESENTATION (  '', ( #1689 ), #4294 ) ;
#3172 = ORIENTED_EDGE ( 'NONE', *, *, #1758, .F. ) ;
#3173 = FILL_AREA_STYLE_COLOUR ( '', #2533 ) ;
#3174 = ADVANCED_FACE ( 'NONE', ( #3755 ), #3781, .F. ) ;
#3175 = AXIS2_PLACEMENT_3D ( 'NONE', #1214, #4485, #2010 ) ;
#3176 = ORIENTED_EDGE ( 'NONE', *, *, #3206, .F. ) ;
#3177 =( LENGTH_UNIT ( ) NAMED_UNIT ( * ) SI_UNIT ( .MILLI., .METRE. ) );
#3178 = VECTOR ( 'NONE', #1540, 1000.000000000000000 ) ;
#3179 = AXIS2_PLACEMENT_3D ( 'NONE', #1785, #1021, #2437 ) ;
#3180 = EDGE_CURVE ( 'NONE', #2464, #2547, #1623, .T. ) ;
#3181 = DIRECTION ( 'NONE',  ( 0.000000000000000000, 0.000000000000000000, -1.000000000000000000 ) ) ;
#3182 = DIRECTION ( 'NONE',  ( 1.000000000000000000, -0.000000000000000000, 0.000000000000000000 ) ) ;
#3183 = COLOUR_RGB ( '',0.2862745098039215508, 0.2862745098039215508, 0.2862745098039215508 ) ;
#3184 = VECTOR ( 'NONE', #2402, 1000.000000000000000 ) ;
#3185 = UNCERTAINTY_MEASURE_WITH_UNIT (LENGTH_MEASURE( 1.000000000000000082E-05 ), #4024, 'distance_accuracy_value', 'NONE');
#3186 = PRESENTATION_LAYER_ASSIGNMENT (  '', '', ( #2226 ) ) ;
#3187 = VECTOR ( 'NONE', #3846, 1000.000000000000000 ) ;
#3188 = PRESENTATION_LAYER_ASSIGNMENT (  '', '', ( #3715 ) ) ;
#3189 = ORIENTED_EDGE ( 'NONE', *, *, #3970, .T. ) ;
#3190 = VECTOR ( 'NONE', #3384, 1000.000000000000000 ) ;
#3191 = VECTOR ( 'NONE', #4399, 1000.000000000000000 ) ;
#3192 = DIRECTION ( 'NONE',  ( -0.000000000000000000, -0.000000000000000000, 1.000000000000000000 ) ) ;
#3193 = UNCERTAINTY_MEASURE_WITH_UNIT (LENGTH_MEASURE( 1.000000000000000082E-05 ), #578, 'distance_accuracy_value', 'NONE');
#3194 = LINE ( 'NONE', #2798, #4450 ) ;
#3195 =( NAMED_UNIT ( * ) SI_UNIT ( $, .STERADIAN. ) SOLID_ANGLE_UNIT ( ) );
#3196 = DIRECTION ( 'NONE',  ( -1.000000000000000000, 3.097720492815727166E-16, 0.000000000000000000 ) ) ;
#3197 = AXIS2_PLACEMENT_3D ( 'NONE', #2584, #1574, #3663 ) ;
#3198 = SURFACE_SIDE_STYLE ('',( #3263 ) ) ;
#3199 = STYLED_ITEM ( 'NONE', ( #2053 ), #3509 ) ;
#3200 = COLOUR_RGB ( '',0.2862745098039215508, 0.2862745098039215508, 0.2862745098039215508 ) ;
#3201 = VERTEX_POINT ( 'NONE', #3523 ) ;
#3202 = VECTOR ( 'NONE', #1160, 1000.000000000000000 ) ;
#3203 = ORIENTED_EDGE ( 'NONE', *, *, #3075, .F. ) ;
#3204 = LINE ( 'NONE', #1744, #795 ) ;
#3205 = CARTESIAN_POINT ( 'NONE',  ( -0.7500000000000001110, -0.6250000000000000000, 0.1300000000000000044 ) ) ;
#3206 = EDGE_CURVE ( 'NONE', #2464, #2998, #1687, .T. ) ;
#3207 = ORIENTED_EDGE ( 'NONE', *, *, #4559, .T. ) ;
#3208 = DIRECTION ( 'NONE',  ( 1.000000000000000000, -6.195440985631456303E-16, -0.000000000000000000 ) ) ;
#3209 = ORIENTED_EDGE ( 'NONE', *, *, #2671, .T. ) ;
#3210 = CIRCLE ( 'NONE', #3947, 0.07499999999999998335 ) ;
#3211 = DIRECTION ( 'NONE',  ( -1.000000000000000000, -6.195440985631456303E-16, 0.000000000000000000 ) ) ;
#3212 = EDGE_CURVE ( 'NONE', #4167, #1902, #275, .T. ) ;
#3213 = AXIS2_PLACEMENT_3D ( 'NONE', #2323, #3049, #3009 ) ;
#3214 = FACE_OUTER_BOUND ( 'NONE', #1577, .T. ) ;
#3215 = CARTESIAN_POINT ( 'NONE',  ( -0.4000000000000001332, 0.8750000000000001110, 0.000000000000000000 ) ) ;
#3216 = DIRECTION ( 'NONE',  ( -1.000000000000000000, -6.195440985631456303E-16, 0.000000000000000000 ) ) ;
#3217 = SPHERICAL_SURFACE ( 'NONE', #499, 0.02999999999999999889 ) ;
#3218 = CARTESIAN_POINT ( 'NONE',  ( 0.7499999999999998890, -0.1250000000000002220, 0.1300000000000000044 ) ) ;
#3219 = ORIENTED_EDGE ( 'NONE', *, *, #2493, .F. ) ;
#3220 = CARTESIAN_POINT ( 'NONE',  ( 0.7499999999999998890, 0.8749999999999997780, -0.02000000000000000042 ) ) ;
#3221 = EDGE_LOOP ( 'NONE', ( #1271, #360, #4192, #2742 ) ) ;
#3222 = FACE_OUTER_BOUND ( 'NONE', #1363, .T. ) ;
#3223 = DIRECTION ( 'NONE',  ( 0.000000000000000000, -0.000000000000000000, 1.000000000000000000 ) ) ;
#3224 = EDGE_LOOP ( 'NONE', ( #3250, #2121, #1361, #4199 ) ) ;
#3225 = LINE ( 'NONE', #3574, #2979 ) ;
#3226 = DIRECTION ( 'NONE',  ( -0.000000000000000000, -0.000000000000000000, -1.000000000000000000 ) ) ;
#3227 = ORIENTED_EDGE ( 'NONE', *, *, #1975, .T. ) ;
#3228 = ORIENTED_EDGE ( 'NONE', *, *, #2247, .T. ) ;
#3229 = SURFACE_STYLE_USAGE ( .BOTH. , #3467 ) ;
#3230 = ADVANCED_FACE ( 'NONE', ( #3152 ), #1062, .T. ) ;
#3231 = FACE_OUTER_BOUND ( 'NONE', #1812, .T. ) ;
#3232 = PRESENTATION_LAYER_ASSIGNMENT (  '', '', ( #3971 ) ) ;
#3233 = DIRECTION ( 'NONE',  ( 1.000000000000000000, 0.000000000000000000, -0.000000000000000000 ) ) ;
#3234 = EDGE_CURVE ( 'NONE', #3834, #1603, #4195, .T. ) ;
#3235 = PLANE ( 'NONE',  #1397 ) ;
#3236 = FACE_OUTER_BOUND ( 'NONE', #4510, .T. ) ;
#3237 = EDGE_CURVE ( 'NONE', #3276, #3445, #671, .T. ) ;
#3238 = DIRECTION ( 'NONE',  ( 0.000000000000000000, 1.000000000000000000, 0.000000000000000000 ) ) ;
#3239 = FILL_AREA_STYLE_COLOUR ( '', #4582 ) ;
#3240 = VERTEX_POINT ( 'NONE', #4242 ) ;
#3241 = CARTESIAN_POINT ( 'NONE',  ( 0.7199999999999999734, 0.9700000000000000844, 0.6300000000000000044 ) ) ;
#3242 = UNCERTAINTY_MEASURE_WITH_UNIT (LENGTH_MEASURE( 1.000000000000000082E-05 ), #3310, 'distance_accuracy_value', 'NONE');
#3243 = ORIENTED_EDGE ( 'NONE', *, *, #1815, .T. ) ;
#3244 = DIRECTION ( 'NONE',  ( 0.000000000000000000, 0.000000000000000000, 1.000000000000000000 ) ) ;
#3245 = DIRECTION ( 'NONE',  ( 1.000000000000000000, -4.336808689942010340E-16, 0.000000000000000000 ) ) ;
#3246 = ORIENTED_EDGE ( 'NONE', *, *, #1355, .F. ) ;
#3247 = CARTESIAN_POINT ( 'NONE',  ( 0.7499999999999998890, 0.6250000000000001110, 0.1300000000000000044 ) ) ;
#3248 = DIRECTION ( 'NONE',  ( -0.000000000000000000, -0.000000000000000000, -1.000000000000000000 ) ) ;
#3249 = DIRECTION ( 'NONE',  ( -1.000000000000000000, 0.000000000000000000, -0.000000000000000000 ) ) ;
#3250 = ORIENTED_EDGE ( 'NONE', *, *, #1534, .T. ) ;
#3251 = CARTESIAN_POINT ( 'NONE',  ( -0.7500000000000001110, -1.000000000000000000, 0.000000000000000000 ) ) ;
#3252 = ORIENTED_EDGE ( 'NONE', *, *, #2471, .F. ) ;
#3253 =( NAMED_UNIT ( * ) SI_UNIT ( $, .STERADIAN. ) SOLID_ANGLE_UNIT ( ) );
#3254 =( LENGTH_UNIT ( ) NAMED_UNIT ( * ) SI_UNIT ( .MILLI., .METRE. ) );
#3255 = CARTESIAN_POINT ( 'NONE',  ( 0.4000000000000000222, 0.1249999999999998890, -0.02000000000000000042 ) ) ;
#3256 = ADVANCED_FACE ( 'NONE', ( #2770 ), #4580, .F. ) ;
#3257 = FILL_AREA_STYLE_COLOUR ( '', #357 ) ;
#3258 = CARTESIAN_POINT ( 'NONE',  ( 0.000000000000000000, 1.000000000000000000, 0.1300000000000000044 ) ) ;
#3259 = VECTOR ( 'NONE', #191, 1000.000000000000000 ) ;
#3260 = CARTESIAN_POINT ( 'NONE',  ( 0.4000000000000000222, 0.8750000000000000000, 0.000000000000000000 ) ) ;
#3261 = PRESENTATION_LAYER_ASSIGNMENT (  '', '', ( #643 ) ) ;
#3262 = DIRECTION ( 'NONE',  ( -0.000000000000000000, 0.000000000000000000, -1.000000000000000000 ) ) ;
#3263 = SURFACE_STYLE_FILL_AREA ( #437 ) ;
#3264 = COLOUR_RGB ( '',0.2862745098039215508, 0.2862745098039215508, 0.2862745098039215508 ) ;
#3265 = VECTOR ( 'NONE', #4147, 1000.000000000000000 ) ;
#3266 = ADVANCED_FACE ( 'NONE', ( #3111 ), #2110, .T. ) ;
#3267 = STYLED_ITEM ( 'NONE', ( #1614 ), #2656 ) ;
#3268 = ORIENTED_EDGE ( 'NONE', *, *, #4359, .T. ) ;
#3269 = PRESENTATION_STYLE_ASSIGNMENT (( #1195 ) ) ;
#3270 = EDGE_LOOP ( 'NONE', ( #160, #2422, #3683, #40 ) ) ;
#3271 = AXIS2_PLACEMENT_3D ( 'NONE', #2383, #682, #634 ) ;
#3272 = DIRECTION ( 'NONE',  ( 1.000000000000000000, 0.000000000000000000, 0.000000000000000000 ) ) ;
#3273 = DIRECTION ( 'NONE',  ( 0.000000000000000000, 0.000000000000000000, 1.000000000000000000 ) ) ;
#3274 = AXIS2_PLACEMENT_3D ( 'NONE', #3872, #1424, #1801 ) ;
#3275 = ORIENTED_EDGE ( 'NONE', *, *, #1931, .T. ) ;
#3276 = VERTEX_POINT ( 'NONE', #1430 ) ;
#3277 = DIRECTION ( 'NONE',  ( -1.000000000000000000, -3.097720492815727166E-16, 0.000000000000000000 ) ) ;
#3278 = CARTESIAN_POINT ( 'NONE',  ( 0.7499999999999998890, 0.8749999999999997780, 0.1300000000000000044 ) ) ;
#3279 = VECTOR ( 'NONE', #1586, 1000.000000000000000 ) ;
#3280 = MECHANICAL_DESIGN_GEOMETRIC_PRESENTATION_REPRESENTATION (  '', ( #2686 ), #229 ) ;
#3281 =( NAMED_UNIT ( * ) PLANE_ANGLE_UNIT ( ) SI_UNIT ( $, .RADIAN. ) );
#3282 = LINE ( 'NONE', #1928, #1691 ) ;
#3283 = UNCERTAINTY_MEASURE_WITH_UNIT (LENGTH_MEASURE( 1.000000000000000082E-05 ), #2857, 'distance_accuracy_value', 'NONE');
#3284 =( GEOMETRIC_REPRESENTATION_CONTEXT ( 3 ) GLOBAL_UNCERTAINTY_ASSIGNED_CONTEXT ( ( #1946 ) ) GLOBAL_UNIT_ASSIGNED_CONTEXT ( ( #1459, #4337, #46 ) ) REPRESENTATION_CONTEXT ( 'NONE', 'WORKASPACE' ) );
#3285 = FACE_OUTER_BOUND ( 'NONE', #3289, .T. ) ;
#3286 = CYLINDRICAL_SURFACE ( 'NONE', #3646, 0.07499999999999998335 ) ;
#3287 = FACE_OUTER_BOUND ( 'NONE', #3459, .T. ) ;
#3288 = ADVANCED_FACE ( 'NONE', ( #2788 ), #2495, .F. ) ;
#3289 = EDGE_LOOP ( 'NONE', ( #3942, #550, #2629, #4057 ) ) ;
#3290 = SURFACE_STYLE_FILL_AREA ( #12 ) ;
#3291 = FACE_OUTER_BOUND ( 'NONE', #1142, .T. ) ;
#3292 = VERTEX_POINT ( 'NONE', #4175 ) ;
#3293 = LINE ( 'NONE', #90, #1177 ) ;
#3294 = EDGE_CURVE ( 'NONE', #2776, #2759, #2060, .T. ) ;
#3295 = DIRECTION ( 'NONE',  ( 0.000000000000000000, -0.000000000000000000, 1.000000000000000000 ) ) ;
#3296 = LINE ( 'NONE', #3670, #3925 ) ;
#3297 = ORIENTED_EDGE ( 'NONE', *, *, #4280, .F. ) ;
#3298 = DIRECTION ( 'NONE',  ( 1.000000000000000000, -0.000000000000000000, 0.000000000000000000 ) ) ;
#3299 = ORIENTED_EDGE ( 'NONE', *, *, #1880, .T. ) ;
#3300 = FACE_OUTER_BOUND ( 'NONE', #2590, .T. ) ;
#3301 = EDGE_CURVE ( 'NONE', #3445, #1692, #1378, .T. ) ;
#3302 = LINE ( 'NONE', #352, #4394 ) ;
#3303 = DIRECTION ( 'NONE',  ( 0.000000000000000000, -1.000000000000000000, 0.000000000000000000 ) ) ;
#3304 =( NAMED_UNIT ( * ) PLANE_ANGLE_UNIT ( ) SI_UNIT ( $, .RADIAN. ) );
#3305 = CARTESIAN_POINT ( 'NONE',  ( 0.7499999999999998890, -0.1250000000000002220, -0.02000000000000000042 ) ) ;
#3306 = CARTESIAN_POINT ( 'NONE',  ( -0.4000000000000001332, -0.6249999999999998890, 0.1300000000000000044 ) ) ;
#3307 = SPHERICAL_SURFACE ( 'NONE', #3861, 0.02999999999999999889 ) ;
#3308 = ORIENTED_EDGE ( 'NONE', *, *, #1228, .T. ) ;
#3309 =( NAMED_UNIT ( * ) SI_UNIT ( $, .STERADIAN. ) SOLID_ANGLE_UNIT ( ) );
#3310 =( LENGTH_UNIT ( ) NAMED_UNIT ( * ) SI_UNIT ( .MILLI., .METRE. ) );
#3311 = SURFACE_STYLE_USAGE ( .BOTH. , #1896 ) ;
#3312 = LINE ( 'NONE', #4327, #422 ) ;
#3313 = PRESENTATION_STYLE_ASSIGNMENT (( #1616 ) ) ;
#3314 = CARTESIAN_POINT ( 'NONE',  ( -0.7500000000000001110, 0.8750000000000000000, 0.1300000001265289029 ) ) ;
#3315 = VERTEX_POINT ( 'NONE', #2091 ) ;
#3316 = EDGE_CURVE ( 'NONE', #1825, #837, #3502, .T. ) ;
#3317 = FILL_AREA_STYLE_COLOUR ( '', #2239 ) ;
#3318 = ORIENTED_EDGE ( 'NONE', *, *, #1917, .T. ) ;
#3319 = CARTESIAN_POINT ( 'NONE',  ( 0.000000000000000000, 1.500000000000000000, 0.1300000000000000044 ) ) ;
#3320 = ADVANCED_FACE ( 'NONE', ( #2922 ), #3911, .F. ) ;
#3321 = DIRECTION ( 'NONE',  ( 1.000000000000000000, -7.744301232039316681E-17, 0.000000000000000000 ) ) ;
#3322 = ORIENTED_EDGE ( 'NONE', *, *, #2608, .T. ) ;
#3323 = DIRECTION ( 'NONE',  ( -0.000000000000000000, -0.000000000000000000, 1.000000000000000000 ) ) ;
#3324 = UNCERTAINTY_MEASURE_WITH_UNIT (LENGTH_MEASURE( 1.000000000000000082E-05 ), #1675, 'distance_accuracy_value', 'NONE');
#3325 = VECTOR ( 'NONE', #603, 1000.000000000000000 ) ;
#3326 = CARTESIAN_POINT ( 'NONE',  ( 0.7199999999999999734, -0.9700000000000000844, 0.6000000000000000888 ) ) ;
#3327 = SURFACE_SIDE_STYLE ('',( #1907 ) ) ;
#3328 = CLOSED_SHELL ( 'NONE', ( #3320, #1658, #2180, #936, #3406, #1235 ) ) ;
#3329 = DIRECTION ( 'NONE',  ( -0.000000000000000000, 1.000000000000000000, -0.000000000000000000 ) ) ;
#3330 = VECTOR ( 'NONE', #653, 1000.000000000000000 ) ;
#3331 = LINE ( 'NONE', #1595, #2516 ) ;
#3332 = EDGE_LOOP ( 'NONE', ( #3746, #995, #3074, #1161, #838, #281, #3530, #2348, #1202, #1948, #1310, #3275, #4011, #4211, #4330, #1115, #4053, #305, #1052, #3506 ) ) ;
#3333 = AXIS2_PLACEMENT_3D ( 'NONE', #2842, #3835, #2162 ) ;
#3334 = STYLED_ITEM ( 'NONE', ( #4565 ), #3144 ) ;
#3335 = VECTOR ( 'NONE', #2574, 1000.000000000000000 ) ;
#3336 = FACE_OUTER_BOUND ( 'NONE', #3839, .T. ) ;
#3337 =( LENGTH_UNIT ( ) NAMED_UNIT ( * ) SI_UNIT ( .MILLI., .METRE. ) );
#3338 = ORIENTED_EDGE ( 'NONE', *, *, #4138, .T. ) ;
#3339 = CARTESIAN_POINT ( 'NONE',  ( 0.7499999999999998890, -0.3749999999999998890, 0.000000000000000000 ) ) ;
#3340 = MECHANICAL_DESIGN_GEOMETRIC_PRESENTATION_REPRESENTATION (  '', ( #2367 ), #1481 ) ;
#3341 = CARTESIAN_POINT ( 'NONE',  ( -0.7200000000000001954, -0.9700000000000000844, 0.000000000000000000 ) ) ;
#3342 = MECHANICAL_DESIGN_GEOMETRIC_PRESENTATION_REPRESENTATION (  '', ( #3416 ), #4370 ) ;
#3343 = AXIS2_PLACEMENT_3D ( 'NONE', #3341, #4425, #2015 ) ;
#3344 = ORIENTED_EDGE ( 'NONE', *, *, #502, .F. ) ;
#3345 = AXIS2_PLACEMENT_3D ( 'NONE', #2177, #2856, #1451 ) ;
#3346 = SURFACE_STYLE_FILL_AREA ( #4429 ) ;
#3347 = PRESENTATION_LAYER_ASSIGNMENT (  '', '', ( #2002 ) ) ;
#3348 = UNCERTAINTY_MEASURE_WITH_UNIT (LENGTH_MEASURE( 1.000000000000000082E-05 ), #4003, 'distance_accuracy_value', 'NONE');
#3349 = LINE ( 'NONE', #3392, #3409 ) ;
#3350 = ADVANCED_FACE ( 'NONE', ( #1827 ), #2220, .T. ) ;
#3351 = MECHANICAL_DESIGN_GEOMETRIC_PRESENTATION_REPRESENTATION (  '', ( #1181 ), #3719 ) ;
#3352 = VECTOR ( 'NONE', #1435, 1000.000000000000000 ) ;
#3353 = CARTESIAN_POINT ( 'NONE',  ( -0.4950000000000002176, 0.8200000000000000622, 0.6199999999999999956 ) ) ;
#3354 = EDGE_CURVE ( 'NONE', #2058, #1390, #4325, .T. ) ;
#3355 = COLOUR_RGB ( '',0.2862745098039215508, 0.2862745098039215508, 0.2862745098039215508 ) ;
#3356 = FILL_AREA_STYLE_COLOUR ( '', #889 ) ;
#3357 = CARTESIAN_POINT ( 'NONE',  ( -0.7500000000000001110, 0.8750000000000000000, -0.02000000000000000042 ) ) ;
#3358 = CARTESIAN_POINT ( 'NONE',  ( 0.4000000000000000222, -0.3750000000000001110, -0.02000000000000000042 ) ) ;
#3359 = CARTESIAN_POINT ( 'NONE',  ( -0.6450000000000001288, 0.8200000000000000622, 0.6300000000000000044 ) ) ;
#3360 = FILL_AREA_STYLE ('',( #150 ) ) ;
#3361 = LINE ( 'NONE', #1254, #3484 ) ;
#3362 = UNCERTAINTY_MEASURE_WITH_UNIT (LENGTH_MEASURE( 1.000000000000000082E-05 ), #2518, 'distance_accuracy_value', 'NONE');
#3363 = ORIENTED_EDGE ( 'NONE', *, *, #3389, .F. ) ;
#3364 = UNCERTAINTY_MEASURE_WITH_UNIT (LENGTH_MEASURE( 1.000000000000000082E-05 ), #2429, 'distance_accuracy_value', 'NONE');
#3365 = CARTESIAN_POINT ( 'NONE',  ( 0.000000000000000000, 1.500000000000000000, -0.02000000000000000042 ) ) ;
#3366 = CARTESIAN_POINT ( 'NONE',  ( 0.000000000000000000, 0.5000000000000000000, -0.02000000000000000042 ) ) ;
#3367 = DIRECTION ( 'NONE',  ( 3.097720492815727166E-16, 1.000000000000000000, 0.000000000000000000 ) ) ;
#3368 = LINE ( 'NONE', #1914, #3624 ) ;
#3369 = DIRECTION ( 'NONE',  ( -1.000000000000000000, -6.195440985631456303E-16, 0.000000000000000000 ) ) ;
#3370 = ORIENTED_EDGE ( 'NONE', *, *, #2723, .T. ) ;
#3371 = CARTESIAN_POINT ( 'NONE',  ( 0.000000000000000000, -0.9700000000000000844, 0.6000000000000000888 ) ) ;
#3372 = FILL_AREA_STYLE ('',( #2603 ) ) ;
#3373 = DIRECTION ( 'NONE',  ( -0.000000000000000000, -0.000000000000000000, 1.000000000000000000 ) ) ;
#3374 = EDGE_CURVE ( 'NONE', #4400, #1876, #1081, .T. ) ;
#3375 = VERTEX_POINT ( 'NONE', #2589 ) ;
#3376 = CARTESIAN_POINT ( 'NONE',  ( -0.4000000000000001332, -0.3750000000000001110, -0.02000000000000000042 ) ) ;
#3377 = CYLINDRICAL_SURFACE ( 'NONE', #225, 0.02999999999999997113 ) ;
#3378 = EDGE_CURVE ( 'NONE', #4400, #1390, #4004, .T. ) ;
#3379 = CARTESIAN_POINT ( 'NONE',  ( 0.000000000000000000, 1.000000000000000000, 0.1300000000000000044 ) ) ;
#3380 = LINE ( 'NONE', #3358, #2988 ) ;
#3381 = FILL_AREA_STYLE_COLOUR ( '', #4367 ) ;
#3382 = VERTEX_POINT ( 'NONE', #739 ) ;
#3383 = ADVANCED_FACE ( 'NONE', ( #443 ), #1895, .T. ) ;
#3384 = DIRECTION ( 'NONE',  ( 0.000000000000000000, -1.000000000000000000, 0.000000000000000000 ) ) ;
#3385 = CARTESIAN_POINT ( 'NONE',  ( -0.4000000000000001332, -0.3750000000000001110, 0.1300000000128420652 ) ) ;
#3386 = SURFACE_STYLE_USAGE ( .BOTH. , #1303 ) ;
#3387 = DIRECTION ( 'NONE',  ( 0.000000000000000000, 0.000000000000000000, -1.000000000000000000 ) ) ;
#3388 = DIRECTION ( 'NONE',  ( 0.000000000000000000, 1.000000000000000000, 0.000000000000000000 ) ) ;
#3389 = EDGE_CURVE ( 'NONE', #3815, #4581, #2146, .T. ) ;
#3390 = EDGE_LOOP ( 'NONE', ( #832, #116, #1403, #1620 ) ) ;
#3391 = CARTESIAN_POINT ( 'NONE',  ( 0.7499999999999998890, 0.3749999999999997780, 0.1300000000000000044 ) ) ;
#3392 = CARTESIAN_POINT ( 'NONE',  ( -0.4000000000000001332, 0.6249999999999998890, 0.1300000000000000044 ) ) ;
#3393 = ORIENTED_EDGE ( 'NONE', *, *, #4586, .T. ) ;
#3394 = SURFACE_STYLE_FILL_AREA ( #2026 ) ;
#3395 = CARTESIAN_POINT ( 'NONE',  ( -0.7200000000000001954, -0.9700000000000000844, 0.6000000000000000888 ) ) ;
#3396 = DIRECTION ( 'NONE',  ( 0.000000000000000000, 0.000000000000000000, 1.000000000000000000 ) ) ;
#3397 = LINE ( 'NONE', #533, #4012 ) ;
#3398 = CARTESIAN_POINT ( 'NONE',  ( 0.4000000000000000222, -0.6250000000000000000, 0.1300000000000000044 ) ) ;
#3399 = STYLED_ITEM ( 'NONE', ( #3313 ), #1147 ) ;
#3400 = CARTESIAN_POINT ( 'NONE',  ( -0.7200000000000001954, -0.9700000000000000844, 0.6300000000000000044 ) ) ;
#3401 = EDGE_CURVE ( 'NONE', #3240, #1003, #3641, .T. ) ;
#3402 = ORIENTED_EDGE ( 'NONE', *, *, #611, .F. ) ;
#3403 = FILL_AREA_STYLE_COLOUR ( '', #1782 ) ;
#3404 = DIRECTION ( 'NONE',  ( 1.000000000000000000, 0.000000000000000000, 0.000000000000000000 ) ) ;
#3405 = LINE ( 'NONE', #925, #2596 ) ;
#3406 = ADVANCED_FACE ( 'NONE', ( #1472 ), #109, .T. ) ;
#3407 = PRESENTATION_LAYER_ASSIGNMENT (  '', '', ( #270 ) ) ;
#3408 = COLOUR_RGB ( '',0.8039215686274510109, 0.8039215686274510109, 0.8039215686274510109 ) ;
#3409 = VECTOR ( 'NONE', #494, 1000.000000000000000 ) ;
#3410 = EDGE_LOOP ( 'NONE', ( #1724, #3899, #1043, #760 ) ) ;
#3411 = DIRECTION ( 'NONE',  ( 1.000000000000000000, -8.673617379884041389E-16, 0.000000000000000000 ) ) ;
#3412 = STYLED_ITEM ( 'NONE', ( #3824 ), #1347 ) ;
#3413 = PRESENTATION_STYLE_ASSIGNMENT (( #4103 ) ) ;
#3414 = CARTESIAN_POINT ( 'NONE',  ( -0.4000000000000001332, 0.3750000000000001110, 0.000000000000000000 ) ) ;
#3415 = VECTOR ( 'NONE', #833, 1000.000000000000000 ) ;
#3416 = STYLED_ITEM ( 'NONE', ( #254 ), #3256 ) ;
#3417 =( GEOMETRIC_REPRESENTATION_CONTEXT ( 3 ) GLOBAL_UNCERTAINTY_ASSIGNED_CONTEXT ( ( #1038 ) ) GLOBAL_UNIT_ASSIGNED_CONTEXT ( ( #1598, #1893, #3309 ) ) REPRESENTATION_CONTEXT ( 'NONE', 'WORKASPACE' ) );
#3418 = ORIENTED_EDGE ( 'NONE', *, *, #1509, .F. ) ;
#3419 = ORIENTED_EDGE ( 'NONE', *, *, #4045, .F. ) ;
#3420 = DIRECTION ( 'NONE',  ( 1.000000000000000000, 0.000000000000000000, 0.000000000000000000 ) ) ;
#3421 = AXIS2_PLACEMENT_3D ( 'NONE', #356, #3238, #2508 ) ;
#3422 = COLOUR_RGB ( '',0.9607843137254902244, 0.9607843137254902244, 0.9607843137254902244 ) ;
#3423 = PRESENTATION_LAYER_ASSIGNMENT (  '', '', ( #2609 ) ) ;
#3424 = PRESENTATION_STYLE_ASSIGNMENT (( #1952 ) ) ;
#3425 = FACE_OUTER_BOUND ( 'NONE', #404, .T. ) ;
#3426 = LINE ( 'NONE', #4417, #199 ) ;
#3427 =( GEOMETRIC_REPRESENTATION_CONTEXT ( 3 ) GLOBAL_UNCERTAINTY_ASSIGNED_CONTEXT ( ( #4085 ) ) GLOBAL_UNIT_ASSIGNED_CONTEXT ( ( #784, #139, #2651 ) ) REPRESENTATION_CONTEXT ( 'NONE', 'WORKASPACE' ) );
#3428 = ORIENTED_EDGE ( 'NONE', *, *, #529, .T. ) ;
#3429 = UNCERTAINTY_MEASURE_WITH_UNIT (LENGTH_MEASURE( 1.000000000000000082E-05 ), #1538, 'distance_accuracy_value', 'NONE');
#3430 = FILL_AREA_STYLE ('',( #899 ) ) ;
#3431 = STYLED_ITEM ( 'NONE', ( #1697 ), #4396 ) ;
#3432 = EDGE_CURVE ( 'NONE', #74, #3966, #1545, .T. ) ;
#3433 = DIRECTION ( 'NONE',  ( 0.000000000000000000, -1.000000000000000000, 0.000000000000000000 ) ) ;
#3434 = PLANE ( 'NONE',  #3770 ) ;
#3435 = DIRECTION ( 'NONE',  ( -0.000000000000000000, -0.000000000000000000, -1.000000000000000000 ) ) ;
#3436 = LINE ( 'NONE', #4536, #2504 ) ;
#3437 = ORIENTED_EDGE ( 'NONE', *, *, #984, .T. ) ;
#3438 = ORIENTED_EDGE ( 'NONE', *, *, #2693, .F. ) ;
#3439 =( LENGTH_UNIT ( ) NAMED_UNIT ( * ) SI_UNIT ( .MILLI., .METRE. ) );
#3440 = ADVANCED_FACE ( 'NONE', ( #3291 ), #3616, .F. ) ;
#3441 = SURFACE_STYLE_FILL_AREA ( #2320 ) ;
#3442 = ORIENTED_EDGE ( 'NONE', *, *, #1296, .F. ) ;
#3443 = DIRECTION ( 'NONE',  ( 1.000000000000000000, 0.000000000000000000, -0.000000000000000000 ) ) ;
#3444 = LINE ( 'NONE', #3787, #416 ) ;
#3445 = VERTEX_POINT ( 'NONE', #88 ) ;
#3446 = ADVANCED_FACE ( 'NONE', ( #1912 ), #4117, .T. ) ;
#3447 = ORIENTED_EDGE ( 'NONE', *, *, #744, .F. ) ;
#3448 = FACE_OUTER_BOUND ( 'NONE', #1060, .T. ) ;
#3449 = PLANE ( 'NONE',  #271 ) ;
#3450 =( NAMED_UNIT ( * ) SI_UNIT ( $, .STERADIAN. ) SOLID_ANGLE_UNIT ( ) );
#3451 = ORIENTED_EDGE ( 'NONE', *, *, #2993, .T. ) ;
#3452 = CARTESIAN_POINT ( 'NONE',  ( 0.7499999999999998890, -1.000000000000000000, 0.6000000000000000888 ) ) ;
#3453 =( NAMED_UNIT ( * ) SI_UNIT ( $, .STERADIAN. ) SOLID_ANGLE_UNIT ( ) );
#3454 = DIRECTION ( 'NONE',  ( -0.000000000000000000, -0.000000000000000000, 1.000000000000000000 ) ) ;
#3455 = FILL_AREA_STYLE ('',( #977 ) ) ;
#3456 = ORIENTED_EDGE ( 'NONE', *, *, #4256, .F. ) ;
#3457 = LINE ( 'NONE', #2059, #730 ) ;
#3458 = CARTESIAN_POINT ( 'NONE',  ( -0.4000000000000001332, -0.1249999999999998890, 0.1300000000000000044 ) ) ;
#3459 = EDGE_LOOP ( 'NONE', ( #107, #1720, #4303, #319 ) ) ;
#3460 =( LENGTH_UNIT ( ) NAMED_UNIT ( * ) SI_UNIT ( .MILLI., .METRE. ) );
#3461 =( NAMED_UNIT ( * ) PLANE_ANGLE_UNIT ( ) SI_UNIT ( $, .RADIAN. ) );
#3462 = EDGE_CURVE ( 'NONE', #3521, #4312, #877, .T. ) ;
#3463 = ORIENTED_EDGE ( 'NONE', *, *, #3462, .F. ) ;
#3464 = ORIENTED_EDGE ( 'NONE', *, *, #1408, .T. ) ;
#3465 = ADVANCED_FACE ( 'NONE', ( #1259 ), #3686, .F. ) ;
#3466 = FILL_AREA_STYLE_COLOUR ( '', #3355 ) ;
#3467 = SURFACE_SIDE_STYLE ('',( #615 ) ) ;
#3468 = ORIENTED_EDGE ( 'NONE', *, *, #4045, .T. ) ;
#3469 = SURFACE_STYLE_USAGE ( .BOTH. , #4186 ) ;
#3470 = CARTESIAN_POINT ( 'NONE',  ( -0.7500000000000001110, 0.3750000000000000000, 0.1300000000000000044 ) ) ;
#3471 = DIRECTION ( 'NONE',  ( -1.000000000000000000, 0.000000000000000000, -0.000000000000000000 ) ) ;
#3472 = LINE ( 'NONE', #952, #3187 ) ;
#3473 = COLOUR_RGB ( '',0.8039215686274510109, 0.8039215686274510109, 0.8039215686274510109 ) ;
#3474 = ORIENTED_EDGE ( 'NONE', *, *, #4105, .F. ) ;
#3475 = ORIENTED_EDGE ( 'NONE', *, *, #2130, .T. ) ;
#3476 = CARTESIAN_POINT ( 'NONE',  ( 0.4000000000000000222, -0.6250000000000000000, 0.1300000000128420652 ) ) ;
#3477 = VECTOR ( 'NONE', #525, 1000.000000000000000 ) ;
#3478 = ORIENTED_EDGE ( 'NONE', *, *, #196, .F. ) ;
#3479 = COLOUR_RGB ( '',0.2862745098039215508, 0.2862745098039215508, 0.2862745098039215508 ) ;
#3480 = VECTOR ( 'NONE', #1015, 1000.000000000000000 ) ;
#3481 = EDGE_LOOP ( 'NONE', ( #2654, #327, #3978, #3917 ) ) ;
#3482 = EDGE_CURVE ( 'NONE', #3985, #1529, #3018, .T. ) ;
#3483 = VECTOR ( 'NONE', #2871, 1000.000000000000000 ) ;
#3484 = VECTOR ( 'NONE', #534, 1000.000000000000000 ) ;
#3485 = CARTESIAN_POINT ( 'NONE',  ( 0.7499999999999998890, -0.3749999999999998890, -0.02000000000000000042 ) ) ;
#3486 = CYLINDRICAL_SURFACE ( 'NONE', #2139, 0.02999999999999997113 ) ;
#3487 = PRESENTATION_LAYER_ASSIGNMENT (  '', '', ( #3199 ) ) ;
#3488 = ADVANCED_FACE ( 'NONE', ( #133 ), #1643, .F. ) ;
#3489 = VECTOR ( 'NONE', #3799, 1000.000000000000000 ) ;
#3490 = DIRECTION ( 'NONE',  ( 0.000000000000000000, -0.000000000000000000, -1.000000000000000000 ) ) ;
#3491 = UNCERTAINTY_MEASURE_WITH_UNIT (LENGTH_MEASURE( 1.000000000000000082E-05 ), #1941, 'distance_accuracy_value', 'NONE');
#3492 = COLOUR_RGB ( '',0.2862745098039215508, 0.2862745098039215508, 0.2862745098039215508 ) ;
#3493 = ORIENTED_EDGE ( 'NONE', *, *, #461, .T. ) ;
#3494 = SURFACE_SIDE_STYLE ('',( #298 ) ) ;
#3495 = VECTOR ( 'NONE', #3166, 1000.000000000000000 ) ;
#3496 = PLANE ( 'NONE',  #3274 ) ;
#3497 = DIRECTION ( 'NONE',  ( -0.000000000000000000, 0.000000000000000000, 1.000000000000000000 ) ) ;
#3498 = DIRECTION ( 'NONE',  ( 0.000000000000000000, -1.000000000000000000, 0.000000000000000000 ) ) ;
#3499 = EDGE_LOOP ( 'NONE', ( #718, #2248, #4333, #1984 ) ) ;
#3500 = COLOUR_RGB ( '',0.2862745098039215508, 0.2862745098039215508, 0.2862745098039215508 ) ;
#3501 = CARTESIAN_POINT ( 'NONE',  ( -0.4000000000000001332, 0.3750000000000001110, 0.1300000000000000044 ) ) ;
#3502 = LINE ( 'NONE', #304, #1251 ) ;
#3503 = ORIENTED_EDGE ( 'NONE', *, *, #3608, .T. ) ;
#3504 = DIRECTION ( 'NONE',  ( 0.000000000000000000, -1.000000000000000000, 0.000000000000000000 ) ) ;
#3505 = CARTESIAN_POINT ( 'NONE',  ( -0.7500000000000001110, -1.000000000000000000, 0.000000000000000000 ) ) ;
#3506 = ORIENTED_EDGE ( 'NONE', *, *, #1758, .T. ) ;
#3507 = EDGE_LOOP ( 'NONE', ( #2394, #2132, #2650, #779 ) ) ;
#3508 = FILL_AREA_STYLE_COLOUR ( '', #4054 ) ;
#3509 = ADVANCED_FACE ( 'NONE', ( #2714 ), #3771, .F. ) ;
#3510 = DIRECTION ( 'NONE',  ( -0.000000000000000000, -0.000000000000000000, -1.000000000000000000 ) ) ;
#3511 = FILL_AREA_STYLE_COLOUR ( '', #2822 ) ;
#3512 = UNCERTAINTY_MEASURE_WITH_UNIT (LENGTH_MEASURE( 1.000000000000000082E-05 ), #3064, 'distance_accuracy_value', 'NONE');
#3513 = EDGE_CURVE ( 'NONE', #818, #2433, #2079, .T. ) ;
#3514 = VERTEX_POINT ( 'NONE', #1707 ) ;
#3515 = SURFACE_SIDE_STYLE ('',( #1370 ) ) ;
#3516 = FILL_AREA_STYLE ('',( #4571 ) ) ;
#3517 = SURFACE_STYLE_FILL_AREA ( #702 ) ;
#3518 = SURFACE_STYLE_FILL_AREA ( #637 ) ;
#3519 = DIRECTION ( 'NONE',  ( 1.000000000000000000, 0.000000000000000000, -3.614007241618351532E-15 ) ) ;
#3520 = ADVANCED_FACE ( 'NONE', ( #2105 ), #297, .F. ) ;
#3521 = VERTEX_POINT ( 'NONE', #1350 ) ;
#3522 = PRESENTATION_STYLE_ASSIGNMENT (( #1837 ) ) ;
#3523 = CARTESIAN_POINT ( 'NONE',  ( 0.4000000000000000222, -0.3750000000000001110, 0.1300000001265289029 ) ) ;
#3524 = ORIENTED_EDGE ( 'NONE', *, *, #890, .F. ) ;
#3525 = DIRECTION ( 'NONE',  ( -0.000000000000000000, -0.000000000000000000, -1.000000000000000000 ) ) ;
#3526 = PRESENTATION_STYLE_ASSIGNMENT (( #2112 ) ) ;
#3527 = VERTEX_POINT ( 'NONE', #1734 ) ;
#3528 = VECTOR ( 'NONE', #1694, 1000.000000000000000 ) ;
#3529 = FILL_AREA_STYLE_COLOUR ( '', #3492 ) ;
#3530 = ORIENTED_EDGE ( 'NONE', *, *, #546, .F. ) ;
#3531 = FACE_OUTER_BOUND ( 'NONE', #964, .T. ) ;
#3532 = FILL_AREA_STYLE ('',( #3817 ) ) ;
#3533 =( NAMED_UNIT ( * ) PLANE_ANGLE_UNIT ( ) SI_UNIT ( $, .RADIAN. ) );
#3534 = ORIENTED_EDGE ( 'NONE', *, *, #1819, .T. ) ;
#3535 = LINE ( 'NONE', #332, #4453 ) ;
#3536 =( NAMED_UNIT ( * ) SI_UNIT ( $, .STERADIAN. ) SOLID_ANGLE_UNIT ( ) );
#3537 = CARTESIAN_POINT ( 'NONE',  ( 0.4000000000000000222, -0.1250000000000000000, 0.1300000001265289029 ) ) ;
#3538 = EDGE_CURVE ( 'NONE', #2893, #1264, #511, .T. ) ;
#3539 = CARTESIAN_POINT ( 'NONE',  ( -0.6450000000000001288, 0.8200000000000000622, 0.6199999999999999956 ) ) ;
#3540 = ORIENTED_EDGE ( 'NONE', *, *, #3713, .T. ) ;
#3541 = CARTESIAN_POINT ( 'NONE',  ( -0.4000000000000001332, 0.3750000000000001110, 0.1300000000000000044 ) ) ;
#3542 = ORIENTED_EDGE ( 'NONE', *, *, #3804, .F. ) ;
#3543 = LINE ( 'NONE', #341, #951 ) ;
#3544 = EDGE_CURVE ( 'NONE', #483, #4411, #3801, .T. ) ;
#3545 = MECHANICAL_DESIGN_GEOMETRIC_PRESENTATION_REPRESENTATION (  '', ( #2356 ), #2208 ) ;
#3546 = ORIENTED_EDGE ( 'NONE', *, *, #4426, .F. ) ;
#3547 = DIRECTION ( 'NONE',  ( -0.000000000000000000, -1.000000000000000000, -0.000000000000000000 ) ) ;
#3548 = STYLED_ITEM ( 'NONE', ( #110 ), #2 ) ;
#3549 = PLANE ( 'NONE',  #3333 ) ;
#3550 = AXIS2_PLACEMENT_3D ( 'NONE', #2799, #4208, #2762 ) ;
#3551 =( GEOMETRIC_REPRESENTATION_CONTEXT ( 3 ) GLOBAL_UNCERTAINTY_ASSIGNED_CONTEXT ( ( #3429 ) ) GLOBAL_UNIT_ASSIGNED_CONTEXT ( ( #1538, #3742, #3014 ) ) REPRESENTATION_CONTEXT ( 'NONE', 'WORKASPACE' ) );
#3552 = COLOUR_RGB ( '',0.2862745098039215508, 0.2862745098039215508, 0.2862745098039215508 ) ;
#3553 = DIRECTION ( 'NONE',  ( 3.872150616019658341E-16, 1.000000000000000000, -0.000000000000000000 ) ) ;
#3554 = LINE ( 'NONE', #395, #4438 ) ;
#3555 = UNCERTAINTY_MEASURE_WITH_UNIT (LENGTH_MEASURE( 1.000000000000000082E-05 ), #4334, 'distance_accuracy_value', 'NONE');
#3556 = VECTOR ( 'NONE', #3135, 1000.000000000000000 ) ;
#3557 = VECTOR ( 'NONE', #741, 1000.000000000000000 ) ;
#3558 = PRESENTATION_LAYER_ASSIGNMENT (  '', '', ( #2606 ) ) ;
#3559 = MECHANICAL_DESIGN_GEOMETRIC_PRESENTATION_REPRESENTATION (  '', ( #351 ), #50 ) ;
#3560 = DIRECTION ( 'NONE',  ( 1.000000000000000000, 3.097720492815727166E-16, 0.000000000000000000 ) ) ;
#3561 = PLANE ( 'NONE',  #1488 ) ;
#3562 = CARTESIAN_POINT ( 'NONE',  ( -0.4000000000000001332, 0.3750000000000001110, -0.02000000000000000042 ) ) ;
#3563 = CARTESIAN_POINT ( 'NONE',  ( 0.4000000000000000222, -0.3750000000000001110, -0.02000000000000000042 ) ) ;
#3564 =( GEOMETRIC_REPRESENTATION_CONTEXT ( 3 ) GLOBAL_UNCERTAINTY_ASSIGNED_CONTEXT ( ( #1750 ) ) GLOBAL_UNIT_ASSIGNED_CONTEXT ( ( #3020, #1234, #2474 ) ) REPRESENTATION_CONTEXT ( 'NONE', 'WORKASPACE' ) );
#3565 = CARTESIAN_POINT ( 'NONE',  ( -0.7500000000000001110, -1.000000000000000000, 0.000000000000000000 ) ) ;
#3566 = AXIS2_PLACEMENT_3D ( 'NONE', #1826, #3244, #34 ) ;
#3567 = PRESENTATION_LAYER_ASSIGNMENT (  '', '', ( #2234 ) ) ;
#3568 = ORIENTED_EDGE ( 'NONE', *, *, #4531, .F. ) ;
#3569 = EDGE_CURVE ( 'NONE', #42, #3136, #3194, .T. ) ;
#3570 = DIRECTION ( 'NONE',  ( 1.000000000000000000, 0.000000000000000000, 0.000000000000000000 ) ) ;
#3571 = VECTOR ( 'NONE', #4489, 1000.000000000000000 ) ;
#3572 = SURFACE_STYLE_FILL_AREA ( #2519 ) ;
#3573 = ORIENTED_EDGE ( 'NONE', *, *, #3212, .T. ) ;
#3574 = CARTESIAN_POINT ( 'NONE',  ( 0.4000000000000000222, 0.8750000000000000000, 0.1300000000128420652 ) ) ;
#3575 = DIRECTION ( 'NONE',  ( 0.000000000000000000, 0.000000000000000000, -1.000000000000000000 ) ) ;
#3576 = AXIS2_PLACEMENT_3D ( 'NONE', #3371, #2950, #1267 ) ;
#3577 = ORIENTED_EDGE ( 'NONE', *, *, #551, .T. ) ;
#3578 = ADVANCED_FACE ( 'NONE', ( #2828 ), #4207, .F. ) ;
#3579 =( NAMED_UNIT ( * ) SI_UNIT ( $, .STERADIAN. ) SOLID_ANGLE_UNIT ( ) );
#3580 = ORIENTED_EDGE ( 'NONE', *, *, #2415, .T. ) ;
#3581 =( GEOMETRIC_REPRESENTATION_CONTEXT ( 3 ) GLOBAL_UNCERTAINTY_ASSIGNED_CONTEXT ( ( #2698 ) ) GLOBAL_UNIT_ASSIGNED_CONTEXT ( ( #102, #2961, #4021 ) ) REPRESENTATION_CONTEXT ( 'NONE', 'WORKASPACE' ) );
#3582 = PLANE ( 'NONE',  #2592 ) ;
#3583 = PRODUCT ( 'PI3USB221AZUAEX', 'PI3USB221AZUAEX', '', ( #1989 ) ) ;
#3584 = CARTESIAN_POINT ( 'NONE',  ( 0.000000000000000000, 0.000000000000000000, 0.000000000000000000 ) ) ;
#3585 = EDGE_CURVE ( 'NONE', #956, #2661, #1499, .T. ) ;
#3586 = CARTESIAN_POINT ( 'NONE',  ( -0.1250000000000003608, -0.9999999999999997780, -0.02000000000000000042 ) ) ;
#3587 = DIRECTION ( 'NONE',  ( 1.000000000000000000, -6.195440985631456303E-16, -0.000000000000000000 ) ) ;
#3588 = SURFACE_STYLE_FILL_AREA ( #2169 ) ;
#3589 = FACE_OUTER_BOUND ( 'NONE', #2065, .T. ) ;
#3590 = FACE_OUTER_BOUND ( 'NONE', #33, .T. ) ;
#3591 = ORIENTED_EDGE ( 'NONE', *, *, #153, .T. ) ;
#3592 = SURFACE_STYLE_USAGE ( .BOTH. , #3198 ) ;
#3593 = ORIENTED_EDGE ( 'NONE', *, *, #3970, .F. ) ;
#3594 = FILL_AREA_STYLE_COLOUR ( '', #3054 ) ;
#3595 = FILL_AREA_STYLE ('',( #406 ) ) ;
#3596 = CARTESIAN_POINT ( 'NONE',  ( 0.4000000000000000222, -0.6250000000000000000, -0.02000000000000000042 ) ) ;
#3597 =( NAMED_UNIT ( * ) SI_UNIT ( $, .STERADIAN. ) SOLID_ANGLE_UNIT ( ) );
#3598 = CARTESIAN_POINT ( 'NONE',  ( -0.5700000000000001732, 0.8200000000000000622, 0.6300000000000000044 ) ) ;
#3599 = ORIENTED_EDGE ( 'NONE', *, *, #975, .F. ) ;
#3600 = CARTESIAN_POINT ( 'NONE',  ( -0.4000000000000001332, -0.1249999999999998890, -0.02000000000000000042 ) ) ;
#3601 = ORIENTED_EDGE ( 'NONE', *, *, #2544, .T. ) ;
#3602 = FILL_AREA_STYLE_COLOUR ( '', #3183 ) ;
#3603 =( NAMED_UNIT ( * ) PLANE_ANGLE_UNIT ( ) SI_UNIT ( $, .RADIAN. ) );
#3604 = EDGE_CURVE ( 'NONE', #3880, #2336, #1822, .T. ) ;
#3605 = SURFACE_STYLE_USAGE ( .BOTH. , #769 ) ;
#3606 = CARTESIAN_POINT ( 'NONE',  ( 0.1250000000000000278, -0.9999999999999997780, 0.1300000000000000044 ) ) ;
#3607 = CARTESIAN_POINT ( 'NONE',  ( -0.4000000000000001332, 0.3750000000000001110, 0.1300000001265289029 ) ) ;
#3608 = EDGE_CURVE ( 'NONE', #980, #1023, #1799, .T. ) ;
#3609 = FACE_OUTER_BOUND ( 'NONE', #1019, .T. ) ;
#3610 = DIRECTION ( 'NONE',  ( -0.000000000000000000, -1.000000000000000000, -0.000000000000000000 ) ) ;
#3611 = CARTESIAN_POINT ( 'NONE',  ( 0.000000000000000000, 1.500000000000000000, 0.1300000000000000044 ) ) ;
#3612 = CARTESIAN_POINT ( 'NONE',  ( -0.7500000000000001110, -0.8750000000000000000, 0.1300000000000000044 ) ) ;
#3613 = SURFACE_STYLE_USAGE ( .BOTH. , #2890 ) ;
#3614 = EDGE_LOOP ( 'NONE', ( #2840, #4500, #1158, #3010 ) ) ;
#3615 = FACE_OUTER_BOUND ( 'NONE', #414, .T. ) ;
#3616 = PLANE ( 'NONE',  #4595 ) ;
#3617 = PLANE ( 'NONE',  #1388 ) ;
#3618 = CARTESIAN_POINT ( 'NONE',  ( 0.7499999999999998890, 0.6250000000000001110, 0.1300000000000000044 ) ) ;
#3619 = CARTESIAN_POINT ( 'NONE',  ( 0.7499999999999998890, 0.8749999999999997780, 0.1300000000000000044 ) ) ;
#3620 = FACE_OUTER_BOUND ( 'NONE', #1963, .T. ) ;
#3621 = ORIENTED_EDGE ( 'NONE', *, *, #544, .F. ) ;
#3622 = SURFACE_STYLE_FILL_AREA ( #2114 ) ;
#3623 = VERTEX_POINT ( 'NONE', #3634 ) ;
#3624 = VECTOR ( 'NONE', #2647, 1000.000000000000000 ) ;
#3625 = CARTESIAN_POINT ( 'NONE',  ( -0.7500000000000001110, -0.6250000000000000000, -0.02000000000000000042 ) ) ;
#3626 = EDGE_CURVE ( 'NONE', #2061, #1473, #2540, .T. ) ;
#3627 =( NAMED_UNIT ( * ) SI_UNIT ( $, .STERADIAN. ) SOLID_ANGLE_UNIT ( ) );
#3628 = LINE ( 'NONE', #4018, #1773 ) ;
#3629 = VECTOR ( 'NONE', #3636, 1000.000000000000000 ) ;
#3630 =( GEOMETRIC_REPRESENTATION_CONTEXT ( 3 ) GLOBAL_UNCERTAINTY_ASSIGNED_CONTEXT ( ( #1129 ) ) GLOBAL_UNIT_ASSIGNED_CONTEXT ( ( #1671, #594, #3094 ) ) REPRESENTATION_CONTEXT ( 'NONE', 'WORKASPACE' ) );
#3631 = EDGE_CURVE ( 'NONE', #3382, #989, #1422, .T. ) ;
#3632 = FACE_OUTER_BOUND ( 'NONE', #3649, .T. ) ;
#3633 = VECTOR ( 'NONE', #1635, 1000.000000000000000 ) ;
#3634 = CARTESIAN_POINT ( 'NONE',  ( 0.1250000000000001110, 0.6500000000000000222, 0.000000000000000000 ) ) ;
#3635 = VECTOR ( 'NONE', #2801, 1000.000000000000000 ) ;
#3636 = DIRECTION ( 'NONE',  ( 1.000000000000000000, 3.097720492815727166E-16, 0.000000000000000000 ) ) ;
#3637 = STYLED_ITEM ( 'NONE', ( #3413 ), #466 ) ;
#3638 = STYLED_ITEM ( 'NONE', ( #3269 ), #3350 ) ;
#3639 = ORIENTED_EDGE ( 'NONE', *, *, #4336, .T. ) ;
#3640 = SURFACE_STYLE_FILL_AREA ( #1448 ) ;
#3641 = LINE ( 'NONE', #4306, #3483 ) ;
#3642 = CIRCLE ( 'NONE', #4235, 0.02999999999999997113 ) ;
#3643 = ORIENTED_EDGE ( 'NONE', *, *, #2206, .T. ) ;
#3644 = DIRECTION ( 'NONE',  ( 3.872150616019658341E-16, 1.000000000000000000, -0.000000000000000000 ) ) ;
#3645 = SURFACE_STYLE_USAGE ( .BOTH. , #4267 ) ;
#3646 = AXIS2_PLACEMENT_3D ( 'NONE', #2865, #2122, #82 ) ;
#3647 = CARTESIAN_POINT ( 'NONE',  ( 0.1250000000000001110, -0.6499999999999999112, 0.1300000000000000044 ) ) ;
#3648 = AXIS2_PLACEMENT_3D ( 'NONE', #4008, #1878, #1084 ) ;
#3649 = EDGE_LOOP ( 'NONE', ( #3847, #115, #331, #1047 ) ) ;
#3650 = PRESENTATION_LAYER_ASSIGNMENT (  '', '', ( #660 ) ) ;
#3651 = LINE ( 'NONE', #1605, #3279 ) ;
#3652 = ORIENTED_EDGE ( 'NONE', *, *, #3915, .T. ) ;
#3653 = DIRECTION ( 'NONE',  ( 1.000000000000000000, -4.336808689942009354E-16, 0.000000000000000000 ) ) ;
#3654 = VECTOR ( 'NONE', #958, 1000.000000000000000 ) ;
#3655 = CARTESIAN_POINT ( 'NONE',  ( -0.1249999999999999167, 1.000000000000000000, 0.000000000000000000 ) ) ;
#3656 = FILL_AREA_STYLE_COLOUR ( '', #3121 ) ;
#3657 = VERTEX_POINT ( 'NONE', #1464 ) ;
#3658 = CARTESIAN_POINT ( 'NONE',  ( -0.4000000000000001332, -0.3750000000000001110, -0.02000000000000000042 ) ) ;
#3659 = UNCERTAINTY_MEASURE_WITH_UNIT (LENGTH_MEASURE( 1.000000000000000082E-05 ), #1467, 'distance_accuracy_value', 'NONE');
#3660 = PRESENTATION_STYLE_ASSIGNMENT (( #1151 ) ) ;
#3661 = CARTESIAN_POINT ( 'NONE',  ( 0.1250000000000000278, -0.9999999999999997780, 0.1300000000000000044 ) ) ;
#3662 = CARTESIAN_POINT ( 'NONE',  ( -0.4000000000000001332, -0.8750000000000001110, -0.02000000000000000042 ) ) ;
#3663 = DIRECTION ( 'NONE',  ( -7.744301232039316681E-17, 1.000000000000000000, 0.000000000000000000 ) ) ;
#3664 = CARTESIAN_POINT ( 'NONE',  ( -0.4000000000000001332, -0.6249999999999998890, 0.000000000000000000 ) ) ;
#3665 = EDGE_CURVE ( 'NONE', #3815, #2528, #4082, .T. ) ;
#3666 = EDGE_LOOP ( 'NONE', ( #4532, #2484, #783, #4355 ) ) ;
#3667 = ORIENTED_EDGE ( 'NONE', *, *, #2254, .T. ) ;
#3668 = DIRECTION ( 'NONE',  ( -1.000000000000000000, -3.097720492815727166E-16, 0.000000000000000000 ) ) ;
#3669 = FILL_AREA_STYLE_COLOUR ( '', #3473 ) ;
#3670 = CARTESIAN_POINT ( 'NONE',  ( -0.1250000000000003886, -0.9999999999999997780, 0.1300000000000000044 ) ) ;
#3671 = EDGE_CURVE ( 'NONE', #629, #3832, #1840, .T. ) ;
#3672 = EDGE_LOOP ( 'NONE', ( #3207, #3621, #2793, #1747 ) ) ;
#3673 = ORIENTED_EDGE ( 'NONE', *, *, #70, .F. ) ;
#3674 = PRESENTATION_STYLE_ASSIGNMENT (( #3692 ) ) ;
#3675 = LINE ( 'NONE', #747, #3335 ) ;
#3676 = CARTESIAN_POINT ( 'NONE',  ( -0.6450000000000001288, 0.8200000000000000622, 0.6199999999999999956 ) ) ;
#3677 = DIRECTION ( 'NONE',  ( -1.000000000000000000, -6.195440985631456303E-16, 0.000000000000000000 ) ) ;
#3678 = CARTESIAN_POINT ( 'NONE',  ( 0.4000000000000000222, 0.3750000000000000000, 0.1300000000128420652 ) ) ;
#3679 = CARTESIAN_POINT ( 'NONE',  ( 0.1250000000000001110, -0.6499999999999999112, 0.000000000000000000 ) ) ;
#3680 = CYLINDRICAL_SURFACE ( 'NONE', #503, 0.02999999999999997113 ) ;
#3681 = FILL_AREA_STYLE_COLOUR ( '', #2304 ) ;
#3682 = CARTESIAN_POINT ( 'NONE',  ( -0.7200000000000001954, -0.9700000000000000844, 0.6000000000000000888 ) ) ;
#3683 = ORIENTED_EDGE ( 'NONE', *, *, #1642, .F. ) ;
#3684 = SURFACE_STYLE_USAGE ( .BOTH. , #831 ) ;
#3685 = EDGE_CURVE ( 'NONE', #3885, #3967, #2847, .T. ) ;
#3686 = PLANE ( 'NONE',  #655 ) ;
#3687 = LINE ( 'NONE', #3002, #2960 ) ;
#3688 = LINE ( 'NONE', #490, #3931 ) ;
#3689 = VERTEX_POINT ( 'NONE', #2140 ) ;
#3690 = CARTESIAN_POINT ( 'NONE',  ( 0.1250000000000000278, -0.9999999999999997780, 0.000000000000000000 ) ) ;
#3691 = ADVANCED_FACE ( 'NONE', ( #4257 ), #3561, .F. ) ;
#3692 = SURFACE_STYLE_USAGE ( .BOTH. , #524 ) ;
#3693 = COLOUR_RGB ( '',0.2862745098039215508, 0.2862745098039215508, 0.2862745098039215508 ) ;
#3694 = DIRECTION ( 'NONE',  ( -1.000000000000000000, 0.000000000000000000, 0.000000000000000000 ) ) ;
#3695 = UNCERTAINTY_MEASURE_WITH_UNIT (LENGTH_MEASURE( 1.000000000000000082E-05 ), #3177, 'distance_accuracy_value', 'NONE');
#3696 =( GEOMETRIC_REPRESENTATION_CONTEXT ( 3 ) GLOBAL_UNCERTAINTY_ASSIGNED_CONTEXT ( ( #1180 ) ) GLOBAL_UNIT_ASSIGNED_CONTEXT ( ( #250, #268, #2167 ) ) REPRESENTATION_CONTEXT ( 'NONE', 'WORKASPACE' ) );
#3697 = DIRECTION ( 'NONE',  ( -1.000000000000000000, 0.000000000000000000, 0.000000000000000000 ) ) ;
#3698 = DIRECTION ( 'NONE',  ( 1.000000000000000000, 0.000000000000000000, -0.000000000000000000 ) ) ;
#3699 =( NAMED_UNIT ( * ) SI_UNIT ( $, .STERADIAN. ) SOLID_ANGLE_UNIT ( ) );
#3700 = DIRECTION ( 'NONE',  ( -1.000000000000000000, 0.000000000000000000, 0.000000000000000000 ) ) ;
#3701 = DIRECTION ( 'NONE',  ( -0.000000000000000000, -0.000000000000000000, -1.000000000000000000 ) ) ;
#3702 = PRESENTATION_LAYER_ASSIGNMENT (  '', '', ( #125 ) ) ;
#3703 = LINE ( 'NONE', #4114, #425 ) ;
#3704 = ORIENTED_EDGE ( 'NONE', *, *, #1556, .F. ) ;
#3705 = VECTOR ( 'NONE', #1453, 1000.000000000000000 ) ;
#3706 = CARTESIAN_POINT ( 'NONE',  ( -0.4000000000000001332, 0.6249999999999998890, 0.1300000001265289029 ) ) ;
#3707 = FILL_AREA_STYLE ('',( #4442 ) ) ;
#3708 = LINE ( 'NONE', #3087, #2527 ) ;
#3709 = CARTESIAN_POINT ( 'NONE',  ( -0.7200000000000001954, -1.000000000000000000, 0.6000000000000000888 ) ) ;
#3710 = AXIS2_PLACEMENT_3D ( 'NONE', #939, #1700, #1068 ) ;
#3711 = VECTOR ( 'NONE', #2416, 1000.000000000000000 ) ;
#3712 = COLOUR_RGB ( '',0.9607843137254902244, 0.9607843137254902244, 0.9607843137254902244 ) ;
#3713 = EDGE_CURVE ( 'NONE', #2551, #2194, #2562, .T. ) ;
#3714 = ORIENTED_EDGE ( 'NONE', *, *, #850, .F. ) ;
#3715 = STYLED_ITEM ( 'NONE', ( #560 ), #495 ) ;
#3716 =( GEOMETRIC_REPRESENTATION_CONTEXT ( 3 ) GLOBAL_UNCERTAINTY_ASSIGNED_CONTEXT ( ( #2123 ) ) GLOBAL_UNIT_ASSIGNED_CONTEXT ( ( #3146, #296, #947 ) ) REPRESENTATION_CONTEXT ( 'NONE', 'WORKASPACE' ) );
#3717 = FACE_OUTER_BOUND ( 'NONE', #1470, .T. ) ;
#3718 = SURFACE_STYLE_USAGE ( .BOTH. , #2675 ) ;
#3719 =( GEOMETRIC_REPRESENTATION_CONTEXT ( 3 ) GLOBAL_UNCERTAINTY_ASSIGNED_CONTEXT ( ( #1519 ) ) GLOBAL_UNIT_ASSIGNED_CONTEXT ( ( #382, #2263, #2192 ) ) REPRESENTATION_CONTEXT ( 'NONE', 'WORKASPACE' ) );
#3720 = ADVANCED_FACE ( 'NONE', ( #432 ), #2490, .F. ) ;
#3721 = LINE ( 'NONE', #4412, #3729 ) ;
#3722 = VECTOR ( 'NONE', #2718, 1000.000000000000000 ) ;
#3723 = LINE ( 'NONE', #545, #497 ) ;
#3724 = ADVANCED_FACE ( 'NONE', ( #3287 ), #2916, .F. ) ;
#3725 = PRESENTATION_LAYER_ASSIGNMENT (  '', '', ( #4169 ) ) ;
#3726 = LINE ( 'NONE', #2326, #1584 ) ;
#3727 = DIRECTION ( 'NONE',  ( 1.000000000000000000, -2.323290369611795497E-16, 0.000000000000000000 ) ) ;
#3728 = PLANE ( 'NONE',  #3710 ) ;
#3729 = VECTOR ( 'NONE', #2340, 1000.000000000000000 ) ;
#3730 = VERTEX_POINT ( 'NONE', #1443 ) ;
#3731 = DIRECTION ( 'NONE',  ( -4.336808689942009847E-16, -1.000000000000000000, 0.000000000000000000 ) ) ;
#3732 = FILL_AREA_STYLE ('',( #1666 ) ) ;
#3733 = LINE ( 'NONE', #4469, #1851 ) ;
#3734 = ORIENTED_EDGE ( 'NONE', *, *, #1523, .F. ) ;
#3735 = ORIENTED_EDGE ( 'NONE', *, *, #3965, .T. ) ;
#3736 = CARTESIAN_POINT ( 'NONE',  ( 0.1250000000000000833, 1.000000000000000000, 0.1300000000000000044 ) ) ;
#3737 = SHAPE_DEFINITION_REPRESENTATION ( #2953, #699 ) ;
#3738 = ADVANCED_FACE ( 'NONE', ( #83 ), #732, .F. ) ;
#3739 = DIRECTION ( 'NONE',  ( -0.000000000000000000, 0.000000000000000000, 1.000000000000000000 ) ) ;
#3740 = VECTOR ( 'NONE', #3759, 1000.000000000000000 ) ;
#3741 = FILL_AREA_STYLE ('',( #3356 ) ) ;
#3742 =( NAMED_UNIT ( * ) PLANE_ANGLE_UNIT ( ) SI_UNIT ( $, .RADIAN. ) );
#3743 = EDGE_CURVE ( 'NONE', #2702, #277, #2994, .T. ) ;
#3744 = CARTESIAN_POINT ( 'NONE',  ( 0.7499999999999998890, 0.9700000000000000844, 0.6000000000000000888 ) ) ;
#3745 = CARTESIAN_POINT ( 'NONE',  ( -0.1250000000000003886, -0.6499999999999998002, 0.1300000000000000044 ) ) ;
#3746 = ORIENTED_EDGE ( 'NONE', *, *, #893, .T. ) ;
#3747 = FILL_AREA_STYLE_COLOUR ( '', #651 ) ;
#3748 = SURFACE_STYLE_USAGE ( .BOTH. , #2267 ) ;
#3749 = FACE_OUTER_BOUND ( 'NONE', #4354, .T. ) ;
#3750 = CARTESIAN_POINT ( 'NONE',  ( 0.4000000000000000222, 0.6249999999999998890, -0.02000000000000000042 ) ) ;
#3751 =( LENGTH_UNIT ( ) NAMED_UNIT ( * ) SI_UNIT ( .MILLI., .METRE. ) );
#3752 = SURFACE_STYLE_USAGE ( .BOTH. , #158 ) ;
#3753 = ORIENTED_EDGE ( 'NONE', *, *, #2247, .F. ) ;
#3754 = EDGE_LOOP ( 'NONE', ( #2381, #363, #4129, #3540 ) ) ;
#3755 = FACE_OUTER_BOUND ( 'NONE', #3039, .T. ) ;
#3756 = DIRECTION ( 'NONE',  ( -0.000000000000000000, -0.000000000000000000, 1.000000000000000000 ) ) ;
#3757 = UNCERTAINTY_MEASURE_WITH_UNIT (LENGTH_MEASURE( 1.000000000000000082E-05 ), #3989, 'distance_accuracy_value', 'NONE');
#3758 = ORIENTED_EDGE ( 'NONE', *, *, #4391, .T. ) ;
#3759 = DIRECTION ( 'NONE',  ( -0.000000000000000000, -0.000000000000000000, -1.000000000000000000 ) ) ;
#3760 = EDGE_CURVE ( 'NONE', #4081, #1119, #2658, .T. ) ;
#3761 = CIRCLE ( 'NONE', #2428, 0.07499999999999998335 ) ;
#3762 = DIRECTION ( 'NONE',  ( 0.000000000000000000, 0.000000000000000000, 1.000000000000000000 ) ) ;
#3763 = FILL_AREA_STYLE ('',( #1999 ) ) ;
#3764 = CARTESIAN_POINT ( 'NONE',  ( -0.1250000000000003886, -0.6499999999999998002, 0.1300000000000000044 ) ) ;
#3765 = DIRECTION ( 'NONE',  ( 0.000000000000000000, 0.000000000000000000, -1.000000000000000000 ) ) ;
#3766 = VECTOR ( 'NONE', #3990, 1000.000000000000000 ) ;
#3767 = FILL_AREA_STYLE_COLOUR ( '', #3712 ) ;
#3768 = EDGE_CURVE ( 'NONE', #3657, #1312, #506, .T. ) ;
#3769 = EDGE_LOOP ( 'NONE', ( #1715, #2586, #4307, #436 ) ) ;
#3770 = AXIS2_PLACEMENT_3D ( 'NONE', #553, #3086, #4049 ) ;
#3771 = PLANE ( 'NONE',  #3932 ) ;
#3772 = CARTESIAN_POINT ( 'NONE',  ( 0.4000000000000000222, 0.3750000000000000000, -0.02000000000000000042 ) ) ;
#3773 = DIRECTION ( 'NONE',  ( -0.000000000000000000, 1.000000000000000000, -0.000000000000000000 ) ) ;
#3774 = CARTESIAN_POINT ( 'NONE',  ( -0.4000000000000001332, -0.1249999999999998890, 0.1300000000000000044 ) ) ;
#3775 = VECTOR ( 'NONE', #4299, 1000.000000000000000 ) ;
#3776 =( GEOMETRIC_REPRESENTATION_CONTEXT ( 3 ) GLOBAL_UNCERTAINTY_ASSIGNED_CONTEXT ( ( #247 ) ) GLOBAL_UNIT_ASSIGNED_CONTEXT ( ( #3254, #1070, #3627 ) ) REPRESENTATION_CONTEXT ( 'NONE', 'WORKASPACE' ) );
#3777 = EDGE_CURVE ( 'NONE', #2855, #309, #1972, .T. ) ;
#3778 = VECTOR ( 'NONE', #1533, 1000.000000000000000 ) ;
#3779 = EDGE_LOOP ( 'NONE', ( #3033, #3004 ) ) ;
#3780 = SURFACE_STYLE_USAGE ( .BOTH. , #238 ) ;
#3781 = PLANE ( 'NONE',  #2077 ) ;
#3782 = VECTOR ( 'NONE', #3329, 1000.000000000000000 ) ;
#3783 = MECHANICAL_DESIGN_GEOMETRIC_PRESENTATION_REPRESENTATION (  '', ( #3399 ), #776 ) ;
#3784 = AXIS2_PLACEMENT_3D ( 'NONE', #1492, #3182, #4 ) ;
#3785 = DIRECTION ( 'NONE',  ( 0.000000000000000000, 0.000000000000000000, 1.000000000000000000 ) ) ;
#3786 = AXIS2_PLACEMENT_3D ( 'NONE', #1332, #3519, #251 ) ;
#3787 = CARTESIAN_POINT ( 'NONE',  ( 0.7499999999999998890, 0.3749999999999997780, -0.02000000000000000042 ) ) ;
#3788 = VECTOR ( 'NONE', #1783, 1000.000000000000000 ) ;
#3789 = VERTEX_POINT ( 'NONE', #896 ) ;
#3790 = PRESENTATION_LAYER_ASSIGNMENT (  '', '', ( #2748 ) ) ;
#3791 = VECTOR ( 'NONE', #1258, 1000.000000000000000 ) ;
#3792 = ORIENTED_EDGE ( 'NONE', *, *, #4059, .T. ) ;
#3793 = DIRECTION ( 'NONE',  ( 0.000000000000000000, 1.000000000000000000, -0.000000000000000000 ) ) ;
#3794 = ORIENTED_EDGE ( 'NONE', *, *, #3950, .F. ) ;
#3795 = VECTOR ( 'NONE', #1452, 1000.000000000000000 ) ;
#3796 = VECTOR ( 'NONE', #1455, 1000.000000000000000 ) ;
#3797 = VECTOR ( 'NONE', #4540, 1000.000000000000000 ) ;
#3798 = VERTEX_POINT ( 'NONE', #1276 ) ;
#3799 = DIRECTION ( 'NONE',  ( 0.000000000000000000, 0.000000000000000000, -1.000000000000000000 ) ) ;
#3800 = MECHANICAL_DESIGN_GEOMETRIC_PRESENTATION_REPRESENTATION (  '', ( #3431 ), #3062 ) ;
#3801 = LINE ( 'NONE', #334, #1256 ) ;
#3802 = CARTESIAN_POINT ( 'NONE',  ( 0.000000000000000000, 0.5000000000000000000, 0.1300000000000000044 ) ) ;
#3803 = CARTESIAN_POINT ( 'NONE',  ( -0.1250000000000003886, -0.9999999999999997780, 0.1300000000000000044 ) ) ;
#3804 = EDGE_CURVE ( 'NONE', #2517, #3898, #3397, .T. ) ;
#3805 = LINE ( 'NONE', #619, #1089 ) ;
#3806 = AXIS2_PLACEMENT_3D ( 'NONE', #821, #2911, #792 ) ;
#3807 = VERTEX_POINT ( 'NONE', #2262 ) ;
#3808 = CARTESIAN_POINT ( 'NONE',  ( 0.4000000000000000222, 0.1249999999999998890, -0.02000000000000000042 ) ) ;
#3809 = CARTESIAN_POINT ( 'NONE',  ( -0.7500000000000001110, -0.9700000000000000844, 0.000000000000000000 ) ) ;
#3810 = ORIENTED_EDGE ( 'NONE', *, *, #1437, .T. ) ;
#3811 = CARTESIAN_POINT ( 'NONE',  ( 0.4000000000000000222, -0.6250000000000000000, 0.000000000000000000 ) ) ;
#3812 = EDGE_CURVE ( 'NONE', #1107, #4248, #3057, .T. ) ;
#3813 = ORIENTED_EDGE ( 'NONE', *, *, #1088, .F. ) ;
#3814 = EDGE_CURVE ( 'NONE', #4491, #3201, #3380, .T. ) ;
#3815 = VERTEX_POINT ( 'NONE', #3744 ) ;
#3816 = PLANE ( 'NONE',  #2074 ) ;
#3817 = FILL_AREA_STYLE_COLOUR ( '', #2534 ) ;
#3818 = CARTESIAN_POINT ( 'NONE',  ( 0.7499999999999998890, 0.8749999999999997780, 0.1300000000000000044 ) ) ;
#3819 =( NAMED_UNIT ( * ) PLANE_ANGLE_UNIT ( ) SI_UNIT ( $, .RADIAN. ) );
#3820 = UNCERTAINTY_MEASURE_WITH_UNIT (LENGTH_MEASURE( 1.000000000000000082E-05 ), #3337, 'distance_accuracy_value', 'NONE');
#3821 = ORIENTED_EDGE ( 'NONE', *, *, #2810, .F. ) ;
#3822 =( NAMED_UNIT ( * ) PLANE_ANGLE_UNIT ( ) SI_UNIT ( $, .RADIAN. ) );
#3823 = CARTESIAN_POINT ( 'NONE',  ( -0.1250000000000003886, -0.9999999999999997780, 0.1300000000000000044 ) ) ;
#3824 = PRESENTATION_STYLE_ASSIGNMENT (( #4171 ) ) ;
#3825 = DIRECTION ( 'NONE',  ( 0.000000000000000000, 0.000000000000000000, -1.000000000000000000 ) ) ;
#3826 = ORIENTED_EDGE ( 'NONE', *, *, #393, .F. ) ;
#3827 = EDGE_CURVE ( 'NONE', #1456, #1428, #172, .T. ) ;
#3828 = PLANE ( 'NONE',  #3871 ) ;
#3829 = DIRECTION ( 'NONE',  ( 1.000000000000000000, 0.000000000000000000, 0.000000000000000000 ) ) ;
#3830 = VERTEX_POINT ( 'NONE', #547 ) ;
#3831 = DIRECTION ( 'NONE',  ( 0.000000000000000000, -1.000000000000000000, 0.000000000000000000 ) ) ;
#3832 = VERTEX_POINT ( 'NONE', #4463 ) ;
#3833 = EDGE_CURVE ( 'NONE', #3375, #1107, #2708, .T. ) ;
#3834 = VERTEX_POINT ( 'NONE', #4371 ) ;
#3835 = DIRECTION ( 'NONE',  ( 3.097720492815727166E-16, -1.000000000000000000, 0.000000000000000000 ) ) ;
#3836 = EDGE_CURVE ( 'NONE', #1740, #2047, #1187, .T. ) ;
#3837 = CARTESIAN_POINT ( 'NONE',  ( 0.7199999999999998623, 0.9700000000000000844, 0.6300000000000000044 ) ) ;
#3838 = CARTESIAN_POINT ( 'NONE',  ( -0.4000000000000001332, 0.6249999999999998890, 0.000000000000000000 ) ) ;
#3839 = EDGE_LOOP ( 'NONE', ( #1045, #1289, #4521, #3393 ) ) ;
#3840 = FILL_AREA_STYLE_COLOUR ( '', #3408 ) ;
#3841 = DIRECTION ( 'NONE',  ( 4.336808689942008861E-16, 1.000000000000000000, -0.000000000000000000 ) ) ;
#3842 = PLANE ( 'NONE',  #3550 ) ;
#3843 = FILL_AREA_STYLE_COLOUR ( '', #3051 ) ;
#3844 = CARTESIAN_POINT ( 'NONE',  ( -0.7500000000000001110, -0.9700000000000000844, 0.6300000000000000044 ) ) ;
#3845 = ORIENTED_EDGE ( 'NONE', *, *, #4220, .F. ) ;
#3846 = DIRECTION ( 'NONE',  ( -1.000000000000000000, 3.097720492815727166E-16, -0.000000000000000000 ) ) ;
#3847 = ORIENTED_EDGE ( 'NONE', *, *, #1274, .T. ) ;
#3848 = DIRECTION ( 'NONE',  ( 1.000000000000000000, 6.195440985631456303E-16, 0.000000000000000000 ) ) ;
#3849 = VERTEX_POINT ( 'NONE', #2637 ) ;
#3850 =( LENGTH_UNIT ( ) NAMED_UNIT ( * ) SI_UNIT ( .MILLI., .METRE. ) );
#3851 = STYLED_ITEM ( 'NONE', ( #753 ), #237 ) ;
#3852 = DIRECTION ( 'NONE',  ( -0.000000000000000000, 1.000000000000000000, -0.000000000000000000 ) ) ;
#3853 = ADVANCED_FACE ( 'NONE', ( #567 ), #2920, .T. ) ;
#3854 = VECTOR ( 'NONE', #3373, 1000.000000000000000 ) ;
#3855 = VERTEX_POINT ( 'NONE', #3679 ) ;
#3856 = STYLED_ITEM ( 'NONE', ( #970 ), #324 ) ;
#3857 = COLOUR_RGB ( '',0.2862745098039215508, 0.2862745098039215508, 0.2862745098039215508 ) ;
#3858 = VERTEX_POINT ( 'NONE', #4304 ) ;
#3859 = VECTOR ( 'NONE', #4215, 1000.000000000000000 ) ;
#3860 =( GEOMETRIC_REPRESENTATION_CONTEXT ( 3 ) GLOBAL_UNCERTAINTY_ASSIGNED_CONTEXT ( ( #1426 ) ) GLOBAL_UNIT_ASSIGNED_CONTEXT ( ( #4124, #2019, #2359 ) ) REPRESENTATION_CONTEXT ( 'NONE', 'WORKASPACE' ) );
#3861 = AXIS2_PLACEMENT_3D ( 'NONE', #3682, #1278, #549 ) ;
#3862 = VECTOR ( 'NONE', #4197, 1000.000000000000000 ) ;
#3863 = DIRECTION ( 'NONE',  ( 1.000000000000000000, -0.000000000000000000, 0.000000000000000000 ) ) ;
#3864 = ADVANCED_FACE ( 'NONE', ( #3222 ), #708, .F. ) ;
#3865 = VECTOR ( 'NONE', #3131, 1000.000000000000000 ) ;
#3866 = COLOUR_RGB ( '',0.2862745098039215508, 0.2862745098039215508, 0.2862745098039215508 ) ;
#3867 = ORIENTED_EDGE ( 'NONE', *, *, #1150, .F. ) ;
#3868 =( NAMED_UNIT ( * ) PLANE_ANGLE_UNIT ( ) SI_UNIT ( $, .RADIAN. ) );
#3869 = DIRECTION ( 'NONE',  ( -1.000000000000000000, -6.195440985631456303E-16, 0.000000000000000000 ) ) ;
#3870 = ADVANCED_FACE ( 'NONE', ( #3615 ), #3959, .T. ) ;
#3871 = AXIS2_PLACEMENT_3D ( 'NONE', #2737, #1985, #927 ) ;
#3872 = CARTESIAN_POINT ( 'NONE',  ( -0.4000000000000001332, -0.3750000000000001110, -0.02000000000000000042 ) ) ;
#3873 = DIRECTION ( 'NONE',  ( 0.000000000000000000, 0.000000000000000000, -1.000000000000000000 ) ) ;
#3874 = ORIENTED_EDGE ( 'NONE', *, *, #4086, .F. ) ;
#3875 = CARTESIAN_POINT ( 'NONE',  ( 0.4000000000000000222, 0.1249999999999998890, 0.1300000000000000044 ) ) ;
#3876 =( NAMED_UNIT ( * ) SI_UNIT ( $, .STERADIAN. ) SOLID_ANGLE_UNIT ( ) );
#3877 = ORIENTED_EDGE ( 'NONE', *, *, #492, .F. ) ;
#3878 = FACE_OUTER_BOUND ( 'NONE', #914, .T. ) ;
#3879 = CARTESIAN_POINT ( 'NONE',  ( -0.7200000000000001954, 0.9700000000000000844, 0.6300000000000000044 ) ) ;
#3880 = VERTEX_POINT ( 'NONE', #4348 ) ;
#3881 = ORIENTED_EDGE ( 'NONE', *, *, #3943, .T. ) ;
#3882 = DIRECTION ( 'NONE',  ( -1.000000000000000000, -6.195440985631456303E-16, 0.000000000000000000 ) ) ;
#3883 = PLANE ( 'NONE',  #71 ) ;
#3884 = ADVANCED_FACE ( 'NONE', ( #738 ), #1804, .F. ) ;
#3885 = VERTEX_POINT ( 'NONE', #1524 ) ;
#3886 = EDGE_CURVE ( 'NONE', #1230, #4081, #2249, .T. ) ;
#3887 = LINE ( 'NONE', #4342, #2302 ) ;
#3888 = UNCERTAINTY_MEASURE_WITH_UNIT (LENGTH_MEASURE( 1.000000000000000082E-05 ), #1544, 'distance_accuracy_value', 'NONE');
#3889 = SURFACE_SIDE_STYLE ('',( #1752 ) ) ;
#3890 = FACE_OUTER_BOUND ( 'NONE', #2943, .T. ) ;
#3891 = DIRECTION ( 'NONE',  ( 0.000000000000000000, 1.000000000000000000, 0.000000000000000000 ) ) ;
#3892 = ORIENTED_EDGE ( 'NONE', *, *, #169, .F. ) ;
#3893 = ORIENTED_EDGE ( 'NONE', *, *, #1880, .F. ) ;
#3894 =( LENGTH_UNIT ( ) NAMED_UNIT ( * ) SI_UNIT ( .MILLI., .METRE. ) );
#3895 = ORIENTED_EDGE ( 'NONE', *, *, #3760, .F. ) ;
#3896 = CARTESIAN_POINT ( 'NONE',  ( -0.1249999999999999167, 1.000000000000000000, 0.1300000000000000044 ) ) ;
#3897 = SURFACE_STYLE_FILL_AREA ( #1381 ) ;
#3898 = VERTEX_POINT ( 'NONE', #1429 ) ;
#3899 = ORIENTED_EDGE ( 'NONE', *, *, #1146, .T. ) ;
#3900 = LINE ( 'NONE', #4272, #1990 ) ;
#3901 = CARTESIAN_POINT ( 'NONE',  ( 0.4000000000000000222, -0.6250000000000000000, -0.02000000000000000042 ) ) ;
#3902 =( NAMED_UNIT ( * ) SI_UNIT ( $, .STERADIAN. ) SOLID_ANGLE_UNIT ( ) );
#3903 = EDGE_CURVE ( 'NONE', #3966, #1881, #391, .T. ) ;
#3904 = LINE ( 'NONE', #4277, #1571 ) ;
#3905 = PLANE ( 'NONE',  #2291 ) ;
#3906 = LINE ( 'NONE', #3470, #60 ) ;
#3907 = ORIENTED_EDGE ( 'NONE', *, *, #2921, .F. ) ;
#3908 = ADVANCED_FACE ( 'NONE', ( #3984 ), #412, .F. ) ;
#3909 = ORIENTED_EDGE ( 'NONE', *, *, #502, .T. ) ;
#3910 = CARTESIAN_POINT ( 'NONE',  ( 0.7499999999999998890, 0.8749999999999997780, -0.02000000000000000042 ) ) ;
#3911 = PLANE ( 'NONE',  #869 ) ;
#3912 = ORIENTED_EDGE ( 'NONE', *, *, #2130, .F. ) ;
#3913 = PLANE ( 'NONE',  #3345 ) ;
#3914 = CARTESIAN_POINT ( 'NONE',  ( -0.7500000000000001110, -0.3750000000000000000, 0.1300000000000000044 ) ) ;
#3915 = EDGE_CURVE ( 'NONE', #4482, #2290, #2502, .T. ) ;
#3916 = AXIS2_PLACEMENT_3D ( 'NONE', #2036, #1441, #3497 ) ;
#3917 = ORIENTED_EDGE ( 'NONE', *, *, #4105, .T. ) ;
#3918 = LINE ( 'NONE', #326, #136 ) ;
#3919 = COLOUR_RGB ( '',0.2862745098039215508, 0.2862745098039215508, 0.2862745098039215508 ) ;
#3920 = ORIENTED_EDGE ( 'NONE', *, *, #3095, .T. ) ;
#3921 = CARTESIAN_POINT ( 'NONE',  ( -0.1250000000000000555, 0.6500000000000000222, 0.1300000000000000044 ) ) ;
#3922 = COLOUR_RGB ( '',0.2862745098039215508, 0.2862745098039215508, 0.2862745098039215508 ) ;
#3923 = SURFACE_STYLE_FILL_AREA ( #3157 ) ;
#3924 = AXIS2_PLACEMENT_3D ( 'NONE', #559, #4102, #3071 ) ;
#3925 = VECTOR ( 'NONE', #763, 1000.000000000000000 ) ;
#3926 = DIRECTION ( 'NONE',  ( -0.000000000000000000, -0.000000000000000000, -1.000000000000000000 ) ) ;
#3927 = FACE_OUTER_BOUND ( 'NONE', #2668, .T. ) ;
#3928 =( GEOMETRIC_REPRESENTATION_CONTEXT ( 3 ) GLOBAL_UNCERTAINTY_ASSIGNED_CONTEXT ( ( #3929 ) ) GLOBAL_UNIT_ASSIGNED_CONTEXT ( ( #163, #140, #1123 ) ) REPRESENTATION_CONTEXT ( 'NONE', 'WORKASPACE' ) );
#3929 = UNCERTAINTY_MEASURE_WITH_UNIT (LENGTH_MEASURE( 1.000000000000000082E-05 ), #163, 'distance_accuracy_value', 'NONE');
#3930 = AXIS2_PLACEMENT_3D ( 'NONE', #3168, #2834, #1042 ) ;
#3931 = VECTOR ( 'NONE', #137, 1000.000000000000000 ) ;
#3932 = AXIS2_PLACEMENT_3D ( 'NONE', #4188, #3841, #2761 ) ;
#3933 = PLANE ( 'NONE',  #656 ) ;
#3934 = FILL_AREA_STYLE_COLOUR ( '', #1410 ) ;
#3935 = CARTESIAN_POINT ( 'NONE',  ( -0.1250000000000003331, -0.6499999999999998002, -0.02000000000000000042 ) ) ;
#3936 = FILL_AREA_STYLE_COLOUR ( '', #4522 ) ;
#3937 = VECTOR ( 'NONE', #3891, 1000.000000000000000 ) ;
#3938 = ORIENTED_EDGE ( 'NONE', *, *, #1077, .F. ) ;
#3939 = LINE ( 'NONE', #2172, #4376 ) ;
#3940 = VECTOR ( 'NONE', #745, 1000.000000000000000 ) ;
#3941 = UNCERTAINTY_MEASURE_WITH_UNIT (LENGTH_MEASURE( 1.000000000000000082E-05 ), #3894, 'distance_accuracy_value', 'NONE');
#3942 = ORIENTED_EDGE ( 'NONE', *, *, #1864, .T. ) ;
#3943 = EDGE_CURVE ( 'NONE', #1264, #2893, #1493, .T. ) ;
#3944 = DIRECTION ( 'NONE',  ( -2.323290369611795497E-16, -1.000000000000000000, 0.000000000000000000 ) ) ;
#3945 =( NAMED_UNIT ( * ) PLANE_ANGLE_UNIT ( ) SI_UNIT ( $, .RADIAN. ) );
#3946 = LINE ( 'NONE', #4310, #2371 ) ;
#3947 = AXIS2_PLACEMENT_3D ( 'NONE', #3013, #3762, #1570 ) ;
#3948 = ORIENTED_EDGE ( 'NONE', *, *, #2297, .T. ) ;
#3949 = CARTESIAN_POINT ( 'NONE',  ( -0.7500000000000001110, 0.8750000000000000000, -0.02000000000000000042 ) ) ;
#3950 = EDGE_CURVE ( 'NONE', #743, #2365, #19, .T. ) ;
#3951 = ORIENTED_EDGE ( 'NONE', *, *, #4309, .T. ) ;
#3952 = DIRECTION ( 'NONE',  ( 0.000000000000000000, 1.000000000000000000, 0.000000000000000000 ) ) ;
#3953 = DIRECTION ( 'NONE',  ( -3.097720492815727166E-16, 1.000000000000000000, 0.000000000000000000 ) ) ;
#3954 = CARTESIAN_POINT ( 'NONE',  ( -0.4000000000000001332, 0.8750000000000001110, 0.1300000001265289029 ) ) ;
#3955 = SURFACE_STYLE_FILL_AREA ( #1183 ) ;
#3956 = DIRECTION ( 'NONE',  ( 1.000000000000000000, -6.195440985631456303E-16, -0.000000000000000000 ) ) ;
#3957 = DIRECTION ( 'NONE',  ( 0.000000000000000000, 1.000000000000000000, 0.000000000000000000 ) ) ;
#3958 = ORIENTED_EDGE ( 'NONE', *, *, #147, .T. ) ;
#3959 = SPHERICAL_SURFACE ( 'NONE', #4302, 0.02999999999999999889 ) ;
#3960 = DIRECTION ( 'NONE',  ( 0.000000000000000000, 0.000000000000000000, -1.000000000000000000 ) ) ;
#3961 = ORIENTED_EDGE ( 'NONE', *, *, #1819, .F. ) ;
#3962 = DIRECTION ( 'NONE',  ( -1.000000000000000000, -6.195440985631456303E-16, 0.000000000000000000 ) ) ;
#3963 =( LENGTH_UNIT ( ) NAMED_UNIT ( * ) SI_UNIT ( .MILLI., .METRE. ) );
#3964 = CARTESIAN_POINT ( 'NONE',  ( -0.7500000000000001110, 0.3750000000000001110, 0.000000000000000000 ) ) ;
#3965 = EDGE_CURVE ( 'NONE', #818, #3983, #1120, .T. ) ;
#3966 = VERTEX_POINT ( 'NONE', #1092 ) ;
#3967 = VERTEX_POINT ( 'NONE', #370 ) ;
#3968 = CARTESIAN_POINT ( 'NONE',  ( -0.7500000000000001110, 0.6250000000000000000, -0.02000000000000000042 ) ) ;
#3969 = PRESENTATION_STYLE_ASSIGNMENT (( #76 ) ) ;
#3970 = EDGE_CURVE ( 'NONE', #302, #1409, #2202, .T. ) ;
#3971 = STYLED_ITEM ( 'NONE', ( #2324 ), #1618 ) ;
#3972 = FACE_OUTER_BOUND ( 'NONE', #1066, .T. ) ;
#3973 = DIRECTION ( 'NONE',  ( -0.000000000000000000, 1.000000000000000000, -0.000000000000000000 ) ) ;
#3974 = FILL_AREA_STYLE_COLOUR ( '', #1420 ) ;
#3975 =( NAMED_UNIT ( * ) SI_UNIT ( $, .STERADIAN. ) SOLID_ANGLE_UNIT ( ) );
#3976 = FACE_OUTER_BOUND ( 'NONE', #875, .T. ) ;
#3977 =( NAMED_UNIT ( * ) SI_UNIT ( $, .STERADIAN. ) SOLID_ANGLE_UNIT ( ) );
#3978 = ORIENTED_EDGE ( 'NONE', *, *, #2325, .T. ) ;
#3979 = VERTEX_POINT ( 'NONE', #2553 ) ;
#3980 = CARTESIAN_POINT ( 'NONE',  ( -0.4000000000000001332, 0.8750000000000001110, 0.1300000000000000044 ) ) ;
#3981 = LINE ( 'NONE', #408, #2009 ) ;
#3982 = DIRECTION ( 'NONE',  ( -0.000000000000000000, -0.000000000000000000, -1.000000000000000000 ) ) ;
#3983 = VERTEX_POINT ( 'NONE', #2571 ) ;
#3984 = FACE_OUTER_BOUND ( 'NONE', #2461, .T. ) ;
#3985 = VERTEX_POINT ( 'NONE', #3600 ) ;
#3986 = EDGE_CURVE ( 'NONE', #1881, #4519, #3918, .T. ) ;
#3987 = AXIS2_PLACEMENT_3D ( 'NONE', #5, #4295, #993 ) ;
#3988 = FILL_AREA_STYLE ('',( #2983 ) ) ;
#3989 =( LENGTH_UNIT ( ) NAMED_UNIT ( * ) SI_UNIT ( .MILLI., .METRE. ) );
#3990 = DIRECTION ( 'NONE',  ( -0.000000000000000000, -0.000000000000000000, -1.000000000000000000 ) ) ;
#3991 = VECTOR ( 'NONE', #2213, 1000.000000000000000 ) ;
#3992 = STYLED_ITEM ( 'NONE', ( #2886 ), #2783 ) ;
#3993 = VECTOR ( 'NONE', #4389, 1000.000000000000000 ) ;
#3994 = CARTESIAN_POINT ( 'NONE',  ( -0.6450000000000001288, 0.8200000000000000622, 0.6300000000000000044 ) ) ;
#3995 = VECTOR ( 'NONE', #1317, 1000.000000000000000 ) ;
#3996 = EDGE_CURVE ( 'NONE', #3858, #688, #719, .T. ) ;
#3997 = CARTESIAN_POINT ( 'NONE',  ( -0.1250000000000000555, 0.6500000000000000222, 0.1300000000000000044 ) ) ;
#3998 = LINE ( 'NONE', #3562, #3991 ) ;
#3999 = SURFACE_STYLE_FILL_AREA ( #460 ) ;
#4000 = DIRECTION ( 'NONE',  ( -0.000000000000000000, -0.000000000000000000, -1.000000000000000000 ) ) ;
#4001 = COLOUR_RGB ( '',0.2862745098039215508, 0.2862745098039215508, 0.2862745098039215508 ) ;
#4002 = ORIENTED_EDGE ( 'NONE', *, *, #1204, .F. ) ;
#4003 =( LENGTH_UNIT ( ) NAMED_UNIT ( * ) SI_UNIT ( .MILLI., .METRE. ) );
#4004 = LINE ( 'NONE', #2150, #2894 ) ;
#4005 = VECTOR ( 'NONE', #3435, 1000.000000000000000 ) ;
#4006 = EDGE_LOOP ( 'NONE', ( #2494, #2335, #4265, #3881 ) ) ;
#4007 = DIRECTION ( 'NONE',  ( -0.000000000000000000, 1.000000000000000000, -0.000000000000000000 ) ) ;
#4008 = CARTESIAN_POINT ( 'NONE',  ( -0.7500000000000001110, 0.3750000000000000000, -0.02000000000000000042 ) ) ;
#4009 = DIRECTION ( 'NONE',  ( 0.000000000000000000, -1.000000000000000000, 0.000000000000000000 ) ) ;
#4010 = COLOUR_RGB ( '',0.2862745098039215508, 0.2862745098039215508, 0.2862745098039215508 ) ;
#4011 = ORIENTED_EDGE ( 'NONE', *, *, #1383, .T. ) ;
#4012 = VECTOR ( 'NONE', #3015, 1000.000000000000000 ) ;
#4013 = ORIENTED_EDGE ( 'NONE', *, *, #3713, .F. ) ;
#4014 = LINE ( 'NONE', #840, #2974 ) ;
#4015 = CARTESIAN_POINT ( 'NONE',  ( -0.1250000000000003886, -0.6499999999999998002, 0.1300000000000000044 ) ) ;
#4016 = PRESENTATION_LAYER_ASSIGNMENT (  '', '', ( #4607 ) ) ;
#4017 = CARTESIAN_POINT ( 'NONE',  ( 0.7499999999999998890, -0.9700000000000000844, 0.000000000000000000 ) ) ;
#4018 = CARTESIAN_POINT ( 'NONE',  ( -0.4000000000000001332, 0.1249999999999998890, -0.02000000000000000042 ) ) ;
#4019 = UNCERTAINTY_MEASURE_WITH_UNIT (LENGTH_MEASURE( 1.000000000000000082E-05 ), #1458, 'distance_accuracy_value', 'NONE');
#4020 = EDGE_CURVE ( 'NONE', #4028, #2061, #2530, .T. ) ;
#4021 =( NAMED_UNIT ( * ) SI_UNIT ( $, .STERADIAN. ) SOLID_ANGLE_UNIT ( ) );
#4022 = DIRECTION ( 'NONE',  ( 1.000000000000000000, 0.000000000000000000, -0.000000000000000000 ) ) ;
#4023 = DIRECTION ( 'NONE',  ( 2.323290369611795497E-16, 1.000000000000000000, 0.000000000000000000 ) ) ;
#4024 =( LENGTH_UNIT ( ) NAMED_UNIT ( * ) SI_UNIT ( .MILLI., .METRE. ) );
#4025 = CARTESIAN_POINT ( 'NONE',  ( -0.4000000000000001332, -0.3750000000000001110, 0.1300000000000000044 ) ) ;
#4026 = MANIFOLD_SOLID_BREP ( 'Boss-Extrude7[1]', #264 ) ;
#4027 = ADVANCED_FACE ( 'NONE', ( #2599 ), #1238, .T. ) ;
#4028 = VERTEX_POINT ( 'NONE', #1220 ) ;
#4029 = ORIENTED_EDGE ( 'NONE', *, *, #95, .T. ) ;
#4030 = CARTESIAN_POINT ( 'NONE',  ( -0.7500000000000001110, -0.6250000000000000000, 0.1300000000000000044 ) ) ;
#4031 = DIRECTION ( 'NONE',  ( -1.000000000000000000, -6.195440985631456303E-16, 0.000000000000000000 ) ) ;
#4032 = DIRECTION ( 'NONE',  ( -0.000000000000000000, -0.000000000000000000, 1.000000000000000000 ) ) ;
#4033 = ORIENTED_EDGE ( 'NONE', *, *, #1383, .F. ) ;
#4034 = ORIENTED_EDGE ( 'NONE', *, *, #4401, .T. ) ;
#4035 = PLANE ( 'NONE',  #1104 ) ;
#4036 = CARTESIAN_POINT ( 'NONE',  ( 0.4000000000000000222, 0.1249999999999998890, 0.000000000000000000 ) ) ;
#4037 = PRODUCT_DEFINITION_CONTEXT ( 'detailed design', #3006, 'design' ) ;
#4038 = CARTESIAN_POINT ( 'NONE',  ( -0.7500000000000001110, -0.1250000000000000000, 0.1300000000000000044 ) ) ;
#4039 = ORIENTED_EDGE ( 'NONE', *, *, #346, .T. ) ;
#4040 = CARTESIAN_POINT ( 'NONE',  ( -0.7500000000000001110, -0.1250000000000000000, 0.1300000001265289029 ) ) ;
#4041 = DIRECTION ( 'NONE',  ( 0.000000000000000000, -1.000000000000000000, 0.000000000000000000 ) ) ;
#4042 = DIRECTION ( 'NONE',  ( 0.000000000000000000, 0.000000000000000000, -1.000000000000000000 ) ) ;
#4043 = FILL_AREA_STYLE_COLOUR ( '', #3866 ) ;
#4044 = DIRECTION ( 'NONE',  ( 0.000000000000000000, 0.000000000000000000, -1.000000000000000000 ) ) ;
#4045 = EDGE_CURVE ( 'NONE', #4248, #848, #1200, .T. ) ;
#4046 = VERTEX_POINT ( 'NONE', #3690 ) ;
#4047 = DIRECTION ( 'NONE',  ( -1.000000000000000000, 0.000000000000000000, 0.000000000000000000 ) ) ;
#4048 = SURFACE_STYLE_FILL_AREA ( #4403 ) ;
#4049 = DIRECTION ( 'NONE',  ( -1.000000000000000000, 6.195440985631456303E-16, 0.000000000000000000 ) ) ;
#4050 = CARTESIAN_POINT ( 'NONE',  ( -0.1249999999999999167, 1.000000000000000000, 0.1300000000000000044 ) ) ;
#4051 = EDGE_CURVE ( 'NONE', #2661, #4173, #3651, .T. ) ;
#4052 = SURFACE_STYLE_USAGE ( .BOTH. , #4120 ) ;
#4053 = ORIENTED_EDGE ( 'NONE', *, *, #3569, .T. ) ;
#4054 = COLOUR_RGB ( '',0.2862745098039215508, 0.2862745098039215508, 0.2862745098039215508 ) ;
#4055 = CARTESIAN_POINT ( 'NONE',  ( -0.7500000000000001110, -0.3750000000000000000, 0.1300000001265289029 ) ) ;
#4056 = ORIENTED_EDGE ( 'NONE', *, *, #942, .F. ) ;
#4057 = ORIENTED_EDGE ( 'NONE', *, *, #686, .T. ) ;
#4058 = CARTESIAN_POINT ( 'NONE',  ( 0.000000000000000000, 1.000000000000000000, 0.1300000000000000044 ) ) ;
#4059 = EDGE_CURVE ( 'NONE', #1003, #928, #450, .T. ) ;
#4060 = DIRECTION ( 'NONE',  ( -1.000000000000000000, -0.000000000000000000, -0.000000000000000000 ) ) ;
#4061 = APPLICATION_PROTOCOL_DEFINITION ( 'draft international standard', 'automotive_design', 1998, #2765 ) ;
#4062 = CARTESIAN_POINT ( 'NONE',  ( -0.4000000000000001332, -0.1249999999999998890, -0.02000000000000000042 ) ) ;
#4063 = UNCERTAINTY_MEASURE_WITH_UNIT (LENGTH_MEASURE( 1.000000000000000082E-05 ), #1515, 'distance_accuracy_value', 'NONE');
#4064 = CARTESIAN_POINT ( 'NONE',  ( 0.4000000000000000222, 0.3750000000000000000, 0.1300000000000000044 ) ) ;
#4065 =( NAMED_UNIT ( * ) PLANE_ANGLE_UNIT ( ) SI_UNIT ( $, .RADIAN. ) );
#4066 = CLOSED_SHELL ( 'NONE', ( #3864, #3012, #1651, #3288, #3266, #2164 ) ) ;
#4067 = DIRECTION ( 'NONE',  ( -1.000000000000000000, -6.195440985631456303E-16, 0.000000000000000000 ) ) ;
#4068 = CARTESIAN_POINT ( 'NONE',  ( 0.4000000000000000222, -0.1250000000000000000, 0.1300000000000000044 ) ) ;
#4069 = PRESENTATION_LAYER_ASSIGNMENT (  '', '', ( #2743 ) ) ;
#4070 = ORIENTED_EDGE ( 'NONE', *, *, #473, .T. ) ;
#4071 = PRESENTATION_LAYER_ASSIGNMENT (  '', '', ( #420 ) ) ;
#4072 = DIRECTION ( 'NONE',  ( 1.000000000000000000, -4.336808689942009354E-16, 0.000000000000000000 ) ) ;
#4073 = PLANE ( 'NONE',  #1765 ) ;
#4074 = CARTESIAN_POINT ( 'NONE',  ( 0.4000000000000000222, 0.8750000000000000000, -0.02000000000000000042 ) ) ;
#4075 = DIRECTION ( 'NONE',  ( -1.000000000000000000, -6.195440985631456303E-16, 0.000000000000000000 ) ) ;
#4076 = LINE ( 'NONE', #1647, #2888 ) ;
#4077 = AXIS2_PLACEMENT_3D ( 'NONE', #941, #570, #2728 ) ;
#4078 = ORIENTED_EDGE ( 'NONE', *, *, #984, .F. ) ;
#4079 = ADVANCED_FACE ( 'NONE', ( #858 ), #4035, .F. ) ;
#4080 = STYLED_ITEM ( 'NONE', ( #2567 ), #712 ) ;
#4081 = VERTEX_POINT ( 'NONE', #886 ) ;
#4082 = CIRCLE ( 'NONE', #800, 0.02999999999999997113 ) ;
#4083 = PRESENTATION_LAYER_ASSIGNMENT (  '', '', ( #3052 ) ) ;
#4084 = SURFACE_STYLE_FILL_AREA ( #2772 ) ;
#4085 = UNCERTAINTY_MEASURE_WITH_UNIT (LENGTH_MEASURE( 1.000000000000000082E-05 ), #784, 'distance_accuracy_value', 'NONE');
#4086 = EDGE_CURVE ( 'NONE', #3689, #42, #94, .T. ) ;
#4087 = CIRCLE ( 'NONE', #2313, 0.07499999999999998335 ) ;
#4088 = MANIFOLD_SOLID_BREP ( 'Boss-Extrude2[2]', #2068 ) ;
#4089 = FILL_AREA_STYLE_COLOUR ( '', #2486 ) ;
#4090 = CARTESIAN_POINT ( 'NONE',  ( 0.1250000000000000833, -0.9999999999999997780, -0.02000000000000000042 ) ) ;
#4091 = DIRECTION ( 'NONE',  ( 0.000000000000000000, 0.000000000000000000, 1.000000000000000000 ) ) ;
#4092 = PRESENTATION_STYLE_ASSIGNMENT (( #1955 ) ) ;
#4093 = FILL_AREA_STYLE_COLOUR ( '', #865 ) ;
#4094 = VECTOR ( 'NONE', #1796, 1000.000000000000000 ) ;
#4095 = VERTEX_POINT ( 'NONE', #2769 ) ;
#4096 = CARTESIAN_POINT ( 'NONE',  ( -0.7500000000000001110, -0.1250000000000000000, 0.1300000000000000044 ) ) ;
#4097 = FACE_OUTER_BOUND ( 'NONE', #1833, .T. ) ;
#4098 = DIRECTION ( 'NONE',  ( 0.000000000000000000, 0.000000000000000000, -1.000000000000000000 ) ) ;
#4099 = PLANE ( 'NONE',  #186 ) ;
#4100 = ORIENTED_EDGE ( 'NONE', *, *, #196, .T. ) ;
#4101 = LINE ( 'NONE', #3875, #597 ) ;
#4102 = DIRECTION ( 'NONE',  ( 6.195440985631456303E-16, -1.000000000000000000, 0.000000000000000000 ) ) ;
#4103 = SURFACE_STYLE_USAGE ( .BOTH. , #624 ) ;
#4104 = DIRECTION ( 'NONE',  ( 6.195440985631456303E-16, 1.000000000000000000, -0.000000000000000000 ) ) ;
#4105 = EDGE_CURVE ( 'NONE', #221, #1825, #182, .T. ) ;
#4106 = VERTEX_POINT ( 'NONE', #4174 ) ;
#4107 = ORIENTED_EDGE ( 'NONE', *, *, #3237, .T. ) ;
#4108 = EDGE_CURVE ( 'NONE', #4546, #980, #1287, .T. ) ;
#4109 = FILL_AREA_STYLE ('',( #530 ) ) ;
#4110 = DIRECTION ( 'NONE',  ( 1.000000000000000000, -6.195440985631456303E-16, -0.000000000000000000 ) ) ;
#4111 = CARTESIAN_POINT ( 'NONE',  ( 0.1249999999999999167, 0.6500000000000000222, -0.02000000000000000042 ) ) ;
#4112 = CARTESIAN_POINT ( 'NONE',  ( -0.4950000000000002176, 0.8200000000000000622, 0.6300000000000000044 ) ) ;
#4113 = EDGE_CURVE ( 'NONE', #462, #3798, #1336, .T. ) ;
#4114 = CARTESIAN_POINT ( 'NONE',  ( -0.7500000000000001110, -0.1250000000000000000, 0.1300000000000000044 ) ) ;
#4115 = EDGE_LOOP ( 'NONE', ( #1900, #2455, #486, #4002 ) ) ;
#4116 = LINE ( 'NONE', #2351, #195 ) ;
#4117 = PLANE ( 'NONE',  #2600 ) ;
#4118 = DIRECTION ( 'NONE',  ( 0.000000000000000000, 0.000000000000000000, -1.000000000000000000 ) ) ;
#4119 = CARTESIAN_POINT ( 'NONE',  ( -0.5700000000000001732, 0.8200000000000000622, 0.6199999999999999956 ) ) ;
#4120 = SURFACE_SIDE_STYLE ('',( #1284 ) ) ;
#4121 = ORIENTED_EDGE ( 'NONE', *, *, #793, .T. ) ;
#4122 = ORIENTED_EDGE ( 'NONE', *, *, #2264, .F. ) ;
#4123 = FILL_AREA_STYLE ('',( #2337 ) ) ;
#4124 =( LENGTH_UNIT ( ) NAMED_UNIT ( * ) SI_UNIT ( .MILLI., .METRE. ) );
#4125 = ORIENTED_EDGE ( 'NONE', *, *, #704, .F. ) ;
#4126 = UNCERTAINTY_MEASURE_WITH_UNIT (LENGTH_MEASURE( 1.000000000000000082E-05 ), #1832, 'distance_accuracy_value', 'NONE');
#4127 = LINE ( 'NONE', #1947, #3854 ) ;
#4128 = ORIENTED_EDGE ( 'NONE', *, *, #4498, .T. ) ;
#4129 = ORIENTED_EDGE ( 'NONE', *, *, #4229, .F. ) ;
#4130 =( NAMED_UNIT ( * ) SI_UNIT ( $, .STERADIAN. ) SOLID_ANGLE_UNIT ( ) );
#4131 = EDGE_LOOP ( 'NONE', ( #471, #1382, #1164, #573 ) ) ;
#4132 = LINE ( 'NONE', #1992, #3740 ) ;
#4133 = EDGE_CURVE ( 'NONE', #4106, #1230, #4471, .T. ) ;
#4134 =( NAMED_UNIT ( * ) SI_UNIT ( $, .STERADIAN. ) SOLID_ANGLE_UNIT ( ) );
#4135 = AXIS2_PLACEMENT_3D ( 'NONE', #498, #3694, #2238 ) ;
#4136 =( NAMED_UNIT ( * ) SI_UNIT ( $, .STERADIAN. ) SOLID_ANGLE_UNIT ( ) );
#4137 = ORIENTED_EDGE ( 'NONE', *, *, #2067, .T. ) ;
#4138 = EDGE_CURVE ( 'NONE', #1876, #1421, #253, .T. ) ;
#4139 =( NAMED_UNIT ( * ) SI_UNIT ( $, .STERADIAN. ) SOLID_ANGLE_UNIT ( ) );
#4140 = CARTESIAN_POINT ( 'NONE',  ( -0.4000000000000001332, 0.6249999999999998890, -0.02000000000000000042 ) ) ;
#4141 = LINE ( 'NONE', #2388, #3325 ) ;
#4142 = PRESENTATION_STYLE_ASSIGNMENT (( #3107 ) ) ;
#4143 = AXIS2_PLACEMENT_3D ( 'NONE', #266, #2473, #1735 ) ;
#4144 = AXIS2_PLACEMENT_3D ( 'NONE', #2118, #679, #1797 ) ;
#4145 = VECTOR ( 'NONE', #4560, 1000.000000000000000 ) ;
#4146 = ORIENTED_EDGE ( 'NONE', *, *, #4113, .F. ) ;
#4147 = DIRECTION ( 'NONE',  ( 0.000000000000000000, -1.000000000000000000, 0.000000000000000000 ) ) ;
#4148 = VECTOR ( 'NONE', #1169, 1000.000000000000000 ) ;
#4149 = VECTOR ( 'NONE', #608, 1000.000000000000000 ) ;
#4150 = CARTESIAN_POINT ( 'NONE',  ( 0.7499999999999998890, -1.000000000000000000, 0.6300000000000000044 ) ) ;
#4151 = AXIS2_PLACEMENT_3D ( 'NONE', #3774, #903, #2317 ) ;
#4152 = COLOUR_RGB ( '',0.2862745098039215508, 0.2862745098039215508, 0.2862745098039215508 ) ;
#4153 = ORIENTED_EDGE ( 'NONE', *, *, #3316, .T. ) ;
#4154 = STYLED_ITEM ( 'NONE', ( #4092 ), #3738 ) ;
#4155 = VECTOR ( 'NONE', #2215, 1000.000000000000000 ) ;
#4156 = ORIENTED_EDGE ( 'NONE', *, *, #600, .T. ) ;
#4157 = MANIFOLD_SOLID_BREP ( 'Boss-Extrude2[1]', #3328 ) ;
#4158 = PRESENTATION_LAYER_ASSIGNMENT (  '', '', ( #1335 ) ) ;
#4159 = SURFACE_SIDE_STYLE ('',( #4477 ) ) ;
#4160 =( GEOMETRIC_REPRESENTATION_CONTEXT ( 3 ) GLOBAL_UNCERTAINTY_ASSIGNED_CONTEXT ( ( #3362 ) ) GLOBAL_UNIT_ASSIGNED_CONTEXT ( ( #2518, #441, #2174 ) ) REPRESENTATION_CONTEXT ( 'NONE', 'WORKASPACE' ) );
#4161 = MECHANICAL_DESIGN_GEOMETRIC_PRESENTATION_REPRESENTATION (  '', ( #2991 ), #1938 ) ;
#4162 = DIRECTION ( 'NONE',  ( -0.000000000000000000, -0.000000000000000000, 1.000000000000000000 ) ) ;
#4163 =( LENGTH_UNIT ( ) NAMED_UNIT ( * ) SI_UNIT ( .MILLI., .METRE. ) );
#4164 = DIRECTION ( 'NONE',  ( 0.000000000000000000, 0.000000000000000000, 1.000000000000000000 ) ) ;
#4165 = AXIS2_PLACEMENT_3D ( 'NONE', #3395, #4041, #190 ) ;
#4166 = ADVANCED_FACE ( 'NONE', ( #3070 ), #3828, .F. ) ;
#4167 = VERTEX_POINT ( 'NONE', #3501 ) ;
#4168 = UNCERTAINTY_MEASURE_WITH_UNIT (LENGTH_MEASURE( 1.000000000000000082E-05 ), #1733, 'distance_accuracy_value', 'NONE');
#4169 = STYLED_ITEM ( 'NONE', ( #2635 ), #4323 ) ;
#4170 =( LENGTH_UNIT ( ) NAMED_UNIT ( * ) SI_UNIT ( .MILLI., .METRE. ) );
#4171 = SURFACE_STYLE_USAGE ( .BOTH. , #234 ) ;
#4172 = EDGE_CURVE ( 'NONE', #1743, #1790, #2393, .T. ) ;
#4173 = VERTEX_POINT ( 'NONE', #645 ) ;
#4174 = CARTESIAN_POINT ( 'NONE',  ( -0.1249999999999999167, 1.000000000000000444, -0.02000000000000000042 ) ) ;
#4175 = CARTESIAN_POINT ( 'NONE',  ( 0.4000000000000000222, 0.3750000000000000000, 0.000000000000000000 ) ) ;
#4176 = EDGE_LOOP ( 'NONE', ( #1964, #2566, #4271, #1136 ) ) ;
#4177 = DIRECTION ( 'NONE',  ( 1.000000000000000000, 0.000000000000000000, 0.000000000000000000 ) ) ;
#4178 = EDGE_CURVE ( 'NONE', #2500, #3165, #3457, .T. ) ;
#4179 = ORIENTED_EDGE ( 'NONE', *, *, #571, .T. ) ;
#4180 = ORIENTED_EDGE ( 'NONE', *, *, #295, .T. ) ;
#4181 = CARTESIAN_POINT ( 'NONE',  ( 0.4000000000000000222, 0.6249999999999998890, -0.02000000000000000042 ) ) ;
#4182 = CARTESIAN_POINT ( 'NONE',  ( 0.1250000000000001665, -0.6499999999999999112, -0.02000000000000000042 ) ) ;
#4183 = PLANE ( 'NONE',  #1850 ) ;
#4184 = CARTESIAN_POINT ( 'NONE',  ( 0.000000000000000000, 0.000000000000000000, 0.1300000000000000044 ) ) ;
#4185 = ORIENTED_EDGE ( 'NONE', *, *, #1210, .T. ) ;
#4186 = SURFACE_SIDE_STYLE ('',( #2052 ) ) ;
#4187 = EDGE_CURVE ( 'NONE', #3979, #2759, #1717, .T. ) ;
#4188 = CARTESIAN_POINT ( 'NONE',  ( -0.1250000000000003886, -0.6499999999999998002, 0.1300000000000000044 ) ) ;
#4189 = DIRECTION ( 'NONE',  ( -1.000000000000000000, 0.000000000000000000, -0.000000000000000000 ) ) ;
#4190 = CARTESIAN_POINT ( 'NONE',  ( -0.4950000000000002176, 0.8200000000000000622, 0.6300000000000000044 ) ) ;
#4191 = LINE ( 'NONE', #994, #2977 ) ;
#4192 = ORIENTED_EDGE ( 'NONE', *, *, #2512, .F. ) ;
#4193 = DIRECTION ( 'NONE',  ( -1.000000000000000000, 3.097720492815727659E-16, 0.000000000000000000 ) ) ;
#4194 = EDGE_CURVE ( 'NONE', #1690, #3807, #1357, .T. ) ;
#4195 = LINE ( 'NONE', #1402, #4149 ) ;
#4196 = ORIENTED_EDGE ( 'NONE', *, *, #2468, .T. ) ;
#4197 = DIRECTION ( 'NONE',  ( -0.000000000000000000, -0.000000000000000000, -1.000000000000000000 ) ) ;
#4198 = PLANE ( 'NONE',  #1314 ) ;
#4199 = ORIENTED_EDGE ( 'NONE', *, *, #3833, .T. ) ;
#4200 = EDGE_CURVE ( 'NONE', #4106, #848, #1741, .T. ) ;
#4201 = ORIENTED_EDGE ( 'NONE', *, *, #1442, .T. ) ;
#4202 = EDGE_CURVE ( 'NONE', #1939, #384, #4101, .T. ) ;
#4203 =( LENGTH_UNIT ( ) NAMED_UNIT ( * ) SI_UNIT ( .MILLI., .METRE. ) );
#4204 = UNCERTAINTY_MEASURE_WITH_UNIT (LENGTH_MEASURE( 1.000000000000000082E-05 ), #3850, 'distance_accuracy_value', 'NONE');
#4205 = ORIENTED_EDGE ( 'NONE', *, *, #1901, .F. ) ;
#4206 = DIRECTION ( 'NONE',  ( -0.000000000000000000, -1.000000000000000000, -0.000000000000000000 ) ) ;
#4207 = PLANE ( 'NONE',  #353 ) ;
#4208 = DIRECTION ( 'NONE',  ( -3.097720492815727166E-16, -1.000000000000000000, 0.000000000000000000 ) ) ;
#4209 = CARTESIAN_POINT ( 'NONE',  ( -0.7500000000000001110, -0.3750000000000000000, 0.000000000000000000 ) ) ;
#4210 = CARTESIAN_POINT ( 'NONE',  ( -0.4000000000000001332, -0.3750000000000001110, 0.1300000001265289029 ) ) ;
#4211 = ORIENTED_EDGE ( 'NONE', *, *, #2270, .F. ) ;
#4212 = CARTESIAN_POINT ( 'NONE',  ( -0.4000000000000001332, 0.1249999999999998890, 0.1300000000128420652 ) ) ;
#4213 = CARTESIAN_POINT ( 'NONE',  ( 0.000000000000000000, 0.000000000000000000, 0.1300000000000000044 ) ) ;
#4214 = ORIENTED_EDGE ( 'NONE', *, *, #2440, .F. ) ;
#4215 = DIRECTION ( 'NONE',  ( -0.000000000000000000, -0.000000000000000000, -1.000000000000000000 ) ) ;
#4216 =( GEOMETRIC_REPRESENTATION_CONTEXT ( 3 ) GLOBAL_UNCERTAINTY_ASSIGNED_CONTEXT ( ( #3185 ) ) GLOBAL_UNIT_ASSIGNED_CONTEXT ( ( #4024, #2866, #2563 ) ) REPRESENTATION_CONTEXT ( 'NONE', 'WORKASPACE' ) );
#4217 = SURFACE_SIDE_STYLE ('',( #3897 ) ) ;
#4218 = PRESENTATION_LAYER_ASSIGNMENT (  '', '', ( #3992 ) ) ;
#4219 =( GEOMETRIC_REPRESENTATION_CONTEXT ( 3 ) GLOBAL_UNCERTAINTY_ASSIGNED_CONTEXT ( ( #4019 ) ) GLOBAL_UNIT_ASSIGNED_CONTEXT ( ( #1458, #3603, #909 ) ) REPRESENTATION_CONTEXT ( 'NONE', 'WORKASPACE' ) );
#4220 = EDGE_CURVE ( 'NONE', #3382, #3623, #430, .T. ) ;
#4221 = ORIENTED_EDGE ( 'NONE', *, *, #1777, .F. ) ;
#4222 = VECTOR ( 'NONE', #478, 1000.000000000000000 ) ;
#4223 =( GEOMETRIC_REPRESENTATION_CONTEXT ( 3 ) GLOBAL_UNCERTAINTY_ASSIGNED_CONTEXT ( ( #3283 ) ) GLOBAL_UNIT_ASSIGNED_CONTEXT ( ( #2857, #3461, #1688 ) ) REPRESENTATION_CONTEXT ( 'NONE', 'WORKASPACE' ) );
#4224 = ORIENTED_EDGE ( 'NONE', *, *, #2341, .T. ) ;
#4225 = MANIFOLD_SOLID_BREP ( 'LPattern2[2]', #2811 ) ;
#4226 = DIRECTION ( 'NONE',  ( 1.000000000000000000, -6.195440985631457289E-16, 0.000000000000000000 ) ) ;
#4227 = VECTOR ( 'NONE', #2740, 1000.000000000000000 ) ;
#4228 = STYLED_ITEM ( 'NONE', ( #4472 ), #3167 ) ;
#4229 = EDGE_CURVE ( 'NONE', #2551, #904, #801, .T. ) ;
#4230 = MECHANICAL_DESIGN_GEOMETRIC_PRESENTATION_REPRESENTATION (  '', ( #1094 ), #798 ) ;
#4231 = SURFACE_STYLE_USAGE ( .BOTH. , #2795 ) ;
#4232 = AXIS2_PLACEMENT_3D ( 'NONE', #618, #2082, #3196 ) ;
#4233 = AXIS2_PLACEMENT_3D ( 'NONE', #3379, #4091, #2242 ) ;
#4234 = PRODUCT_RELATED_PRODUCT_CATEGORY ( 'part', '', ( #3583 ) ) ;
#4235 = AXIS2_PLACEMENT_3D ( 'NONE', #4398, #4044, #2996 ) ;
#4236 =( GEOMETRIC_REPRESENTATION_CONTEXT ( 3 ) GLOBAL_UNCERTAINTY_ASSIGNED_CONTEXT ( ( #3348 ) ) GLOBAL_UNIT_ASSIGNED_CONTEXT ( ( #4003, #4263, #2195 ) ) REPRESENTATION_CONTEXT ( 'NONE', 'WORKASPACE' ) );
#4237 = ORIENTED_EDGE ( 'NONE', *, *, #1901, .T. ) ;
#4238 = LINE ( 'NONE', #2867, #3937 ) ;
#4239 =( LENGTH_UNIT ( ) NAMED_UNIT ( * ) SI_UNIT ( .MILLI., .METRE. ) );
#4240 = ORIENTED_EDGE ( 'NONE', *, *, #3814, .F. ) ;
#4241 = DIRECTION ( 'NONE',  ( -1.000000000000000000, 3.097720492815727659E-16, 0.000000000000000000 ) ) ;
#4242 = CARTESIAN_POINT ( 'NONE',  ( 0.7499999999999998890, -0.6250000000000002220, -0.02000000000000000042 ) ) ;
#4243 = ORIENTED_EDGE ( 'NONE', *, *, #3354, .T. ) ;
#4244 = CARTESIAN_POINT ( 'NONE',  ( -0.4000000000000001332, 0.1249999999999998890, 0.1300000000000000044 ) ) ;
#4245 = LINE ( 'NONE', #3505, #3330 ) ;
#4246 = ORIENTED_EDGE ( 'NONE', *, *, #4426, .T. ) ;
#4247 = SURFACE_STYLE_USAGE ( .BOTH. , #1412 ) ;
#4248 = VERTEX_POINT ( 'NONE', #4579 ) ;
#4249 = EDGE_CURVE ( 'NONE', #2776, #462, #772, .T. ) ;
#4250 = LINE ( 'NONE', #1792, #4291 ) ;
#4251 = LINE ( 'NONE', #2466, #4461 ) ;
#4252 = CARTESIAN_POINT ( 'NONE',  ( -0.7500000000000001110, -0.1250000000000000000, 0.1300000000000000044 ) ) ;
#4253 = EDGE_CURVE ( 'NONE', #921, #4581, #54, .T. ) ;
#4254 = UNCERTAINTY_MEASURE_WITH_UNIT (LENGTH_MEASURE( 1.000000000000000082E-05 ), #3101, 'distance_accuracy_value', 'NONE');
#4255 = ORIENTED_EDGE ( 'NONE', *, *, #2303, .F. ) ;
#4256 = EDGE_CURVE ( 'NONE', #2362, #1369, #4087, .T. ) ;
#4257 = FACE_OUTER_BOUND ( 'NONE', #675, .T. ) ;
#4258 = FILL_AREA_STYLE_COLOUR ( '', #785 ) ;
#4259 = CARTESIAN_POINT ( 'NONE',  ( -0.7500000000000001110, -0.3750000000000000000, 0.1300000000000000044 ) ) ;
#4260 =( LENGTH_UNIT ( ) NAMED_UNIT ( * ) SI_UNIT ( .MILLI., .METRE. ) );
#4261 = UNCERTAINTY_MEASURE_WITH_UNIT (LENGTH_MEASURE( 1.000000000000000082E-05 ), #1268, 'distance_accuracy_value', 'NONE');
#4262 = EDGE_LOOP ( 'NONE', ( #1308, #4427, #1375, #2092 ) ) ;
#4263 =( NAMED_UNIT ( * ) PLANE_ANGLE_UNIT ( ) SI_UNIT ( $, .RADIAN. ) );
#4264 = DIRECTION ( 'NONE',  ( -1.000000000000000000, -6.195440985631456303E-16, 0.000000000000000000 ) ) ;
#4265 = ORIENTED_EDGE ( 'NONE', *, *, #1077, .T. ) ;
#4266 = CARTESIAN_POINT ( 'NONE',  ( 0.7499999999999998890, 0.9699999999999999734, 0.6300000000000000044 ) ) ;
#4267 = SURFACE_SIDE_STYLE ('',( #814 ) ) ;
#4268 = FACE_OUTER_BOUND ( 'NONE', #1498, .T. ) ;
#4269 = ORIENTED_EDGE ( 'NONE', *, *, #2671, .F. ) ;
#4270 = SURFACE_SIDE_STYLE ('',( #3622 ) ) ;
#4271 = ORIENTED_EDGE ( 'NONE', *, *, #3915, .F. ) ;
#4272 = CARTESIAN_POINT ( 'NONE',  ( 0.7499999999999998890, -0.3749999999999998890, -0.02000000000000000042 ) ) ;
#4273 = DIRECTION ( 'NONE',  ( 0.000000000000000000, 0.000000000000000000, 1.000000000000000000 ) ) ;
#4274 = SURFACE_SIDE_STYLE ('',( #2165 ) ) ;
#4275 = SURFACE_STYLE_FILL_AREA ( #2734 ) ;
#4276 = ADVANCED_FACE ( 'NONE', ( #3285 ), #1520, .T. ) ;
#4277 = CARTESIAN_POINT ( 'NONE',  ( 0.7499999999999998890, 0.3749999999999997780, 0.000000000000000000 ) ) ;
#4278 = DIRECTION ( 'NONE',  ( 0.000000000000000000, -1.000000000000000000, 0.000000000000000000 ) ) ;
#4279 =( LENGTH_UNIT ( ) NAMED_UNIT ( * ) SI_UNIT ( .MILLI., .METRE. ) );
#4280 = EDGE_CURVE ( 'NONE', #1413, #1603, #1401, .T. ) ;
#4281 = ORIENTED_EDGE ( 'NONE', *, *, #1556, .T. ) ;
#4282 = MANIFOLD_SOLID_BREP ( 'LPattern2[5]', #4501 ) ;
#4283 = CARTESIAN_POINT ( 'NONE',  ( 0.000000000000000000, 0.000000000000000000, -0.02000000000000000042 ) ) ;
#4284 = ORIENTED_EDGE ( 'NONE', *, *, #2159, .F. ) ;
#4285 = CARTESIAN_POINT ( 'NONE',  ( 0.7199999999999998623, 1.000000000000000000, 0.000000000000000000 ) ) ;
#4286 = CYLINDRICAL_SURFACE ( 'NONE', #2880, 0.02999999999999997113 ) ;
#4287 = DIRECTION ( 'NONE',  ( -2.323290369611795497E-16, -1.000000000000000000, -0.000000000000000000 ) ) ;
#4288 = AXIS2_PLACEMENT_3D ( 'NONE', #1836, #144, #2934 ) ;
#4289 = ORIENTED_EDGE ( 'NONE', *, *, #1591, .T. ) ;
#4290 = VERTEX_POINT ( 'NONE', #398 ) ;
#4291 = VECTOR ( 'NONE', #2098, 1000.000000000000000 ) ;
#4292 = CIRCLE ( 'NONE', #642, 0.02999999999999997113 ) ;
#4293 = CIRCLE ( 'NONE', #3343, 0.02999999999999997113 ) ;
#4294 =( GEOMETRIC_REPRESENTATION_CONTEXT ( 3 ) GLOBAL_UNCERTAINTY_ASSIGNED_CONTEXT ( ( #2958 ) ) GLOBAL_UNIT_ASSIGNED_CONTEXT ( ( #2048, #1273, #864 ) ) REPRESENTATION_CONTEXT ( 'NONE', 'WORKASPACE' ) );
#4295 = DIRECTION ( 'NONE',  ( 0.000000000000000000, 0.000000000000000000, 1.000000000000000000 ) ) ;
#4296 = VECTOR ( 'NONE', #2901, 1000.000000000000000 ) ;
#4297 = CARTESIAN_POINT ( 'NONE',  ( 0.7499999999999998890, 0.1250000000000001110, -0.02000000000000000042 ) ) ;
#4298 = CARTESIAN_POINT ( 'NONE',  ( 0.7199999999999999734, 0.9700000000000000844, 0.6000000000000000888 ) ) ;
#4299 = DIRECTION ( 'NONE',  ( 1.000000000000000000, 3.097720492815727166E-16, 0.000000000000000000 ) ) ;
#4300 = EDGE_CURVE ( 'NONE', #1876, #1743, #1105, .T. ) ;
#4301 = MECHANICAL_DESIGN_GEOMETRIC_PRESENTATION_REPRESENTATION (  '', ( #1638 ), #285 ) ;
#4302 = AXIS2_PLACEMENT_3D ( 'NONE', #1874, #64, #3570 ) ;
#4303 = ORIENTED_EDGE ( 'NONE', *, *, #3626, .F. ) ;
#4304 = CARTESIAN_POINT ( 'NONE',  ( -0.1249999999999999167, 1.000000000000000000, 0.000000000000000000 ) ) ;
#4305 = PRESENTATION_LAYER_ASSIGNMENT (  '', '', ( #1265 ) ) ;
#4306 = CARTESIAN_POINT ( 'NONE',  ( 0.7499999999999998890, -0.6250000000000002220, -0.02000000000000000042 ) ) ;
#4307 = ORIENTED_EDGE ( 'NONE', *, *, #147, .F. ) ;
#4308 = DIRECTION ( 'NONE',  ( 6.195440985631456303E-16, -1.000000000000000000, 0.000000000000000000 ) ) ;
#4309 = EDGE_CURVE ( 'NONE', #2477, #4326, #3726, .T. ) ;
#4310 = CARTESIAN_POINT ( 'NONE',  ( 0.4000000000000000222, -0.6250000000000000000, 0.1300000000000000044 ) ) ;
#4311 = PRESENTATION_LAYER_ASSIGNMENT (  '', '', ( #2686 ) ) ;
#4312 = VERTEX_POINT ( 'NONE', #4479 ) ;
#4313 = DIRECTION ( 'NONE',  ( 6.195440985631456303E-16, -1.000000000000000000, 0.000000000000000000 ) ) ;
#4314 = EDGE_LOOP ( 'NONE', ( #3447, #2435, #4610, #1110 ) ) ;
#4315 = DIRECTION ( 'NONE',  ( -0.000000000000000000, -0.000000000000000000, 1.000000000000000000 ) ) ;
#4316 = LINE ( 'NONE', #2505, #145 ) ;
#4317 = FACE_OUTER_BOUND ( 'NONE', #386, .T. ) ;
#4318 = DIRECTION ( 'NONE',  ( 0.000000000000000000, 1.000000000000000000, 0.000000000000000000 ) ) ;
#4319 = CARTESIAN_POINT ( 'NONE',  ( 0.7499999999999998890, -0.1250000000000002220, 0.1300000000000000044 ) ) ;
#4320 =( LENGTH_UNIT ( ) NAMED_UNIT ( * ) SI_UNIT ( .MILLI., .METRE. ) );
#4321 = DIRECTION ( 'NONE',  ( 3.097720492815727166E-16, -1.000000000000000000, 0.000000000000000000 ) ) ;
#4322 = ORIENTED_EDGE ( 'NONE', *, *, #1672, .T. ) ;
#4323 = ADVANCED_FACE ( 'NONE', ( #937 ), #226, .F. ) ;
#4324 = FILL_AREA_STYLE_COLOUR ( '', #2011 ) ;
#4325 = LINE ( 'NONE', #2175, #209 ) ;
#4326 = VERTEX_POINT ( 'NONE', #2657 ) ;
#4327 = CARTESIAN_POINT ( 'NONE',  ( -0.7500000000000001110, -0.6250000000000000000, 0.1300000000000000044 ) ) ;
#4328 =( NAMED_UNIT ( * ) PLANE_ANGLE_UNIT ( ) SI_UNIT ( $, .RADIAN. ) );
#4329 = DIRECTION ( 'NONE',  ( 3.097720492815727166E-16, -1.000000000000000000, 0.000000000000000000 ) ) ;
#4330 = ORIENTED_EDGE ( 'NONE', *, *, #4451, .F. ) ;
#4331 = EDGE_CURVE ( 'NONE', #1369, #2362, #3210, .T. ) ;
#4332 = CARTESIAN_POINT ( 'NONE',  ( 0.4000000000000000222, -0.8750000000000001110, -0.02000000000000000042 ) ) ;
#4333 = ORIENTED_EDGE ( 'NONE', *, *, #2067, .F. ) ;
#4334 =( LENGTH_UNIT ( ) NAMED_UNIT ( * ) SI_UNIT ( .MILLI., .METRE. ) );
#4335 = LINE ( 'NONE', #3625, #3993 ) ;
#4336 = EDGE_CURVE ( 'NONE', #2531, #1596, #816, .T. ) ;
#4337 =( NAMED_UNIT ( * ) PLANE_ANGLE_UNIT ( ) SI_UNIT ( $, .RADIAN. ) );
#4338 = CARTESIAN_POINT ( 'NONE',  ( 0.7499999999999998890, 0.6250000000000001110, 0.1300000000000000044 ) ) ;
#4339 = UNCERTAINTY_MEASURE_WITH_UNIT (LENGTH_MEASURE( 1.000000000000000082E-05 ), #3751, 'distance_accuracy_value', 'NONE');
#4340 = EDGE_CURVE ( 'NONE', #2951, #688, #361, .T. ) ;
#4341 = SURFACE_STYLE_FILL_AREA ( #2241 ) ;
#4342 = CARTESIAN_POINT ( 'NONE',  ( 0.4000000000000000222, -0.1250000000000000000, -0.02000000000000000042 ) ) ;
#4343 = DIRECTION ( 'NONE',  ( -1.000000000000000000, 3.097720492815727166E-16, 0.000000000000000000 ) ) ;
#4344 = FILL_AREA_STYLE_COLOUR ( '', #1318 ) ;
#4345 = PRESENTATION_STYLE_ASSIGNMENT (( #2511 ) ) ;
#4346 = CARTESIAN_POINT ( 'NONE',  ( 0.4000000000000000222, -0.6250000000000000000, 0.1300000000000000044 ) ) ;
#4347 = ORIENTED_EDGE ( 'NONE', *, *, #1591, .F. ) ;
#4348 = CARTESIAN_POINT ( 'NONE',  ( -0.4000000000000001332, -0.8750000000000001110, -0.02000000000000000042 ) ) ;
#4349 = DIRECTION ( 'NONE',  ( 0.000000000000000000, 1.000000000000000000, 0.000000000000000000 ) ) ;
#4350 = ORIENTED_EDGE ( 'NONE', *, *, #3149, .F. ) ;
#4351 = FACE_OUTER_BOUND ( 'NONE', #2907, .T. ) ;
#4352 = PLANE ( 'NONE',  #1414 ) ;
#4353 = CARTESIAN_POINT ( 'NONE',  ( 0.1249999999999999167, 1.000000000000000222, -0.02000000000000000042 ) ) ;
#4354 = EDGE_LOOP ( 'NONE', ( #3951, #2625, #1809, #4289 ) ) ;
#4355 = ORIENTED_EDGE ( 'NONE', *, *, #1176, .F. ) ;
#4356 = DIRECTION ( 'NONE',  ( -0.000000000000000000, -0.000000000000000000, -1.000000000000000000 ) ) ;
#4357 = ORIENTED_EDGE ( 'NONE', *, *, #1534, .F. ) ;
#4358 = PLANE ( 'NONE',  #863 ) ;
#4359 = EDGE_CURVE ( 'NONE', #809, #4028, #1297, .T. ) ;
#4360 = CLOSED_SHELL ( 'NONE', ( #2803, #2622, #3884, #2710 ) ) ;
#4361 = DIRECTION ( 'NONE',  ( -1.000000000000000000, 0.000000000000000000, -0.000000000000000000 ) ) ;
#4362 = CARTESIAN_POINT ( 'NONE',  ( 0.1250000000000001665, -0.6499999999999999112, 0.1300000000000000044 ) ) ;
#4363 = ADVANCED_FACE ( 'NONE', ( #2706 ), #3377, .T. ) ;
#4364 = VECTOR ( 'NONE', #1500, 1000.000000000000000 ) ;
#4365 = MECHANICAL_DESIGN_GEOMETRIC_PRESENTATION_REPRESENTATION (  '', ( #3334 ), #1320 ) ;
#4366 = AXIS2_PLACEMENT_3D ( 'NONE', #4432, #4104, #4493 ) ;
#4367 = COLOUR_RGB ( '',0.2862745098039215508, 0.2862745098039215508, 0.2862745098039215508 ) ;
#4368 = PRESENTATION_STYLE_ASSIGNMENT (( #146 ) ) ;
#4369 = VECTOR ( 'NONE', #3303, 1000.000000000000000 ) ;
#4370 =( GEOMETRIC_REPRESENTATION_CONTEXT ( 3 ) GLOBAL_UNCERTAINTY_ASSIGNED_CONTEXT ( ( #3941 ) ) GLOBAL_UNIT_ASSIGNED_CONTEXT ( ( #3894, #1779, #3876 ) ) REPRESENTATION_CONTEXT ( 'NONE', 'WORKASPACE' ) );
#4371 = CARTESIAN_POINT ( 'NONE',  ( -0.7500000000000001110, 0.1250000000000000000, -0.02000000000000000042 ) ) ;
#4372 = LINE ( 'NONE', #2541, #3775 ) ;
#4373 = SURFACE_SIDE_STYLE ('',( #59 ) ) ;
#4374 = SURFACE_STYLE_USAGE ( .BOTH. , #1208 ) ;
#4375 = VECTOR ( 'NONE', #205, 1000.000000000000000 ) ;
#4376 = VECTOR ( 'NONE', #1824, 1000.000000000000000 ) ;
#4377 = ORIENTED_EDGE ( 'NONE', *, *, #2159, .T. ) ;
#4378 = DIRECTION ( 'NONE',  ( 0.000000000000000000, 0.000000000000000000, -1.000000000000000000 ) ) ;
#4379 = VECTOR ( 'NONE', #4608, 1000.000000000000000 ) ;
#4380 =( GEOMETRIC_REPRESENTATION_CONTEXT ( 3 ) GLOBAL_UNCERTAINTY_ASSIGNED_CONTEXT ( ( #3364 ) ) GLOBAL_UNIT_ASSIGNED_CONTEXT ( ( #2429, #2731, #4139 ) ) REPRESENTATION_CONTEXT ( 'NONE', 'WORKASPACE' ) );
#4381 = DIRECTION ( 'NONE',  ( 0.000000000000000000, 1.000000000000000000, 0.000000000000000000 ) ) ;
#4382 = SURFACE_SIDE_STYLE ('',( #2973 ) ) ;
#4383 = MECHANICAL_DESIGN_GEOMETRIC_PRESENTATION_REPRESENTATION (  '', ( #1988 ), #592 ) ;
#4384 = CARTESIAN_POINT ( 'NONE',  ( -0.4000000000000001332, -0.6249999999999998890, -0.02000000000000000042 ) ) ;
#4385 = CIRCLE ( 'NONE', #2236, 0.02999999999999997113 ) ;
#4386 = ORIENTED_EDGE ( 'NONE', *, *, #1699, .T. ) ;
#4387 = EDGE_LOOP ( 'NONE', ( #4078, #978, #246, #4377, #2256, #3370, #3189, #411 ) ) ;
#4388 = FILL_AREA_STYLE_COLOUR ( '', #1396 ) ;
#4389 = DIRECTION ( 'NONE',  ( -0.000000000000000000, -0.000000000000000000, 1.000000000000000000 ) ) ;
#4390 = PRESENTATION_LAYER_ASSIGNMENT (  '', '', ( #1865 ) ) ;
#4391 = EDGE_CURVE ( 'NONE', #2318, #1504, #2424, .T. ) ;
#4392 = ORIENTED_EDGE ( 'NONE', *, *, #680, .F. ) ;
#4393 = CARTESIAN_POINT ( 'NONE',  ( 0.1250000000000001665, -0.6499999999999999112, -0.02000000000000000042 ) ) ;
#4394 = VECTOR ( 'NONE', #1100, 1000.000000000000000 ) ;
#4395 =( NAMED_UNIT ( * ) PLANE_ANGLE_UNIT ( ) SI_UNIT ( $, .RADIAN. ) );
#4396 = ADVANCED_FACE ( 'NONE', ( #311 ), #662, .T. ) ;
#4397 = DIRECTION ( 'NONE',  ( -1.000000000000000000, 0.000000000000000000, -0.000000000000000000 ) ) ;
#4398 = CARTESIAN_POINT ( 'NONE',  ( 0.7199999999999998623, 0.9700000000000000844, 0.000000000000000000 ) ) ;
#4399 = DIRECTION ( 'NONE',  ( -0.000000000000000000, 1.000000000000000000, -0.000000000000000000 ) ) ;
#4400 = VERTEX_POINT ( 'NONE', #4182 ) ;
#4401 = EDGE_CURVE ( 'NONE', #609, #1456, #1004, .T. ) ;
#4402 = DIRECTION ( 'NONE',  ( 0.000000000000000000, 0.000000000000000000, -1.000000000000000000 ) ) ;
#4403 = FILL_AREA_STYLE ('',( #3403 ) ) ;
#4404 = CARTESIAN_POINT ( 'NONE',  ( -0.1249999999999999167, 1.000000000000000000, 0.1300000000000000044 ) ) ;
#4405 = DIRECTION ( 'NONE',  ( 1.000000000000000000, 3.097720492815727166E-16, 0.000000000000000000 ) ) ;
#4406 = DIRECTION ( 'NONE',  ( -0.000000000000000000, -0.000000000000000000, -1.000000000000000000 ) ) ;
#4407 = ORIENTED_EDGE ( 'NONE', *, *, #261, .T. ) ;
#4408 = DIRECTION ( 'NONE',  ( 0.000000000000000000, 0.000000000000000000, -1.000000000000000000 ) ) ;
#4409 = CARTESIAN_POINT ( 'NONE',  ( -0.7500000000000001110, 0.8750000000000000000, 0.1300000000000000044 ) ) ;
#4410 = CARTESIAN_POINT ( 'NONE',  ( 0.4000000000000000222, 0.6249999999999998890, 0.1300000000000000044 ) ) ;
#4411 = VERTEX_POINT ( 'NONE', #2818 ) ;
#4412 = CARTESIAN_POINT ( 'NONE',  ( 0.000000000000000000, 0.9700000000000000844, 0.6300000000000000044 ) ) ;
#4413 = DIRECTION ( 'NONE',  ( 1.000000000000000000, 0.000000000000000000, 0.000000000000000000 ) ) ;
#4414 = SURFACE_SIDE_STYLE ('',( #1610 ) ) ;
#4415 = SURFACE_STYLE_FILL_AREA ( #2962 ) ;
#4416 = DIRECTION ( 'NONE',  ( 0.000000000000000000, -1.000000000000000000, 0.000000000000000000 ) ) ;
#4417 = CARTESIAN_POINT ( 'NONE',  ( 0.7499999999999998890, -0.3749999999999998890, 0.1300000000000000044 ) ) ;
#4418 =( LENGTH_UNIT ( ) NAMED_UNIT ( * ) SI_UNIT ( .MILLI., .METRE. ) );
#4419 = EDGE_CURVE ( 'NONE', #3048, #2058, #3158, .T. ) ;
#4420 = ORIENTED_EDGE ( 'NONE', *, *, #3099, .F. ) ;
#4421 =( NAMED_UNIT ( * ) SI_UNIT ( $, .STERADIAN. ) SOLID_ANGLE_UNIT ( ) );
#4422 = DIRECTION ( 'NONE',  ( 0.000000000000000000, 3.614007241618351532E-15, 1.000000000000000000 ) ) ;
#4423 =( LENGTH_UNIT ( ) NAMED_UNIT ( * ) SI_UNIT ( .MILLI., .METRE. ) );
#4424 = ORIENTED_EDGE ( 'NONE', *, *, #3996, .T. ) ;
#4425 = DIRECTION ( 'NONE',  ( 0.000000000000000000, 0.000000000000000000, -1.000000000000000000 ) ) ;
#4426 = EDGE_CURVE ( 'NONE', #848, #4081, #1418, .T. ) ;
#4427 = ORIENTED_EDGE ( 'NONE', *, *, #2120, .F. ) ;
#4428 = VERTEX_POINT ( 'NONE', #697 ) ;
#4429 = FILL_AREA_STYLE ('',( #1482 ) ) ;
#4430 =( NAMED_UNIT ( * ) PLANE_ANGLE_UNIT ( ) SI_UNIT ( $, .RADIAN. ) );
#4431 = EDGE_CURVE ( 'NONE', #2419, #1428, #4251, .T. ) ;
#4432 = CARTESIAN_POINT ( 'NONE',  ( 0.7499999999999998890, -0.1250000000000002220, 0.1300000000000000044 ) ) ;
#4433 = DIRECTION ( 'NONE',  ( 7.744301232039316681E-17, 1.000000000000000000, 0.000000000000000000 ) ) ;
#4434 = CARTESIAN_POINT ( 'NONE',  ( 0.4000000000000000222, 0.6249999999999998890, 0.1300000000128420652 ) ) ;
#4435 =( LENGTH_UNIT ( ) NAMED_UNIT ( * ) SI_UNIT ( .MILLI., .METRE. ) );
#4436 = CARTESIAN_POINT ( 'NONE',  ( -0.7500000000000001110, -0.8750000000000000000, -0.02000000000000000042 ) ) ;
#4437 = EDGE_LOOP ( 'NONE', ( #3112, #1198, #2151, #2797 ) ) ;
#4438 = VECTOR ( 'NONE', #1051, 1000.000000000000000 ) ;
#4439 = MECHANICAL_DESIGN_GEOMETRIC_PRESENTATION_REPRESENTATION (  '', ( #420 ), #1559 ) ;
#4440 =( NAMED_UNIT ( * ) SI_UNIT ( $, .STERADIAN. ) SOLID_ANGLE_UNIT ( ) );
#4441 = ADVANCED_FACE ( 'NONE', ( #4527 ), #3883, .F. ) ;
#4442 = FILL_AREA_STYLE_COLOUR ( '', #2006 ) ;
#4443 = DIRECTION ( 'NONE',  ( -0.000000000000000000, -1.000000000000000000, 3.614007241618351532E-15 ) ) ;
#4444 = AXIS2_PLACEMENT_3D ( 'NONE', #3618, #4308, #1508 ) ;
#4445 = FACE_OUTER_BOUND ( 'NONE', #1348, .T. ) ;
#4446 = ORIENTED_EDGE ( 'NONE', *, *, #3374, .T. ) ;
#4447 = ORIENTED_EDGE ( 'NONE', *, *, #3102, .F. ) ;
#4448 =( GEOMETRIC_REPRESENTATION_CONTEXT ( 3 ) GLOBAL_UNCERTAINTY_ASSIGNED_CONTEXT ( ( #2634 ) ) GLOBAL_UNIT_ASSIGNED_CONTEXT ( ( #1501, #2938, #2542 ) ) REPRESENTATION_CONTEXT ( 'NONE', 'WORKASPACE' ) );
#4449 = ORIENTED_EDGE ( 'NONE', *, *, #3768, .T. ) ;
#4450 = VECTOR ( 'NONE', #617, 1000.000000000000000 ) ;
#4451 = EDGE_CURVE ( 'NONE', #3689, #898, #2135, .T. ) ;
#4452 = DIRECTION ( 'NONE',  ( 0.000000000000000000, 1.000000000000000000, -0.000000000000000000 ) ) ;
#4453 = VECTOR ( 'NONE', #3587, 1000.000000000000000 ) ;
#4454 = DIRECTION ( 'NONE',  ( -1.000000000000000000, 0.000000000000000000, 0.000000000000000000 ) ) ;
#4455 = UNCERTAINTY_MEASURE_WITH_UNIT (LENGTH_MEASURE( 1.000000000000000082E-05 ), #845, 'distance_accuracy_value', 'NONE');
#4456 = LINE ( 'NONE', #4410, #1918 ) ;
#4457 = PRESENTATION_LAYER_ASSIGNMENT (  '', '', ( #1716 ) ) ;
#4458 = AXIS2_PLACEMENT_3D ( 'NONE', #344, #4313, #73 ) ;
#4459 = CARTESIAN_POINT ( 'NONE',  ( 0.7199999999999998623, 1.000000000000000000, 0.6000000000000000888 ) ) ;
#4460 = EDGE_LOOP ( 'NONE', ( #4121, #3758, #1640, #1507 ) ) ;
#4461 = VECTOR ( 'NONE', #1049, 1000.000000000000000 ) ;
#4462 = PRESENTATION_STYLE_ASSIGNMENT (( #1730 ) ) ;
#4463 = CARTESIAN_POINT ( 'NONE',  ( 0.4000000000000000222, 0.8750000000000000000, 0.000000000000000000 ) ) ;
#4464 = SURFACE_SIDE_STYLE ('',( #3058 ) ) ;
#4465 = LINE ( 'NONE', #2711, #3191 ) ;
#4466 = VERTEX_POINT ( 'NONE', #3485 ) ;
#4467 = FACE_OUTER_BOUND ( 'NONE', #4176, .T. ) ;
#4468 = DIRECTION ( 'NONE',  ( 1.000000000000000000, -6.195440985631456303E-16, 0.000000000000000000 ) ) ;
#4469 = CARTESIAN_POINT ( 'NONE',  ( 0.1250000000000001110, -0.6499999999999999112, 0.1300000000000000044 ) ) ;
#4470 = VERTEX_POINT ( 'NONE', #968 ) ;
#4471 = LINE ( 'NONE', #213, #885 ) ;
#4472 = PRESENTATION_STYLE_ASSIGNMENT (( #162 ) ) ;
#4473 = CARTESIAN_POINT ( 'NONE',  ( -0.7500000000000001110, -0.3750000000000000000, 0.1300000000000000044 ) ) ;
#4474 = EDGE_CURVE ( 'NONE', #4466, #3967, #2403, .T. ) ;
#4475 = ORIENTED_EDGE ( 'NONE', *, *, #680, .T. ) ;
#4476 = ORIENTED_EDGE ( 'NONE', *, *, #2928, .T. ) ;
#4477 = SURFACE_STYLE_FILL_AREA ( #3077 ) ;
#4478 = ADVANCED_FACE ( 'NONE', ( #2117 ), #289, .F. ) ;
#4479 = CARTESIAN_POINT ( 'NONE',  ( -0.4000000000000001332, 0.1249999999999998890, -0.02000000000000000042 ) ) ;
#4480 = DIRECTION ( 'NONE',  ( -1.000000000000000000, 3.097720492815727166E-16, -0.000000000000000000 ) ) ;
#4481 = CARTESIAN_POINT ( 'NONE',  ( 0.1249999999999999167, 0.6500000000000000222, -0.02000000000000000042 ) ) ;
#4482 = VERTEX_POINT ( 'NONE', #2187 ) ;
#4483 = CARTESIAN_POINT ( 'NONE',  ( -0.7200000000000001954, -1.000000000000000000, 0.6300000000000000044 ) ) ;
#4484 = SURFACE_SIDE_STYLE ('',( #3085 ) ) ;
#4485 = DIRECTION ( 'NONE',  ( 1.000000000000000000, -0.000000000000000000, -0.000000000000000000 ) ) ;
#4486 = SURFACE_STYLE_FILL_AREA ( #3732 ) ;
#4487 = CARTESIAN_POINT ( 'NONE',  ( -0.1249999999999999167, 1.000000000000000000, 0.1300000000000000044 ) ) ;
#4488 = ORIENTED_EDGE ( 'NONE', *, *, #4525, .T. ) ;
#4489 = DIRECTION ( 'NONE',  ( -0.000000000000000000, -0.000000000000000000, 1.000000000000000000 ) ) ;
#4490 = DIRECTION ( 'NONE',  ( 1.000000000000000000, 0.000000000000000000, -0.000000000000000000 ) ) ;
#4491 = VERTEX_POINT ( 'NONE', #394 ) ;
#4492 = DIRECTION ( 'NONE',  ( 0.000000000000000000, -1.000000000000000000, 0.000000000000000000 ) ) ;
#4493 = DIRECTION ( 'NONE',  ( -1.000000000000000000, 6.195440985631456303E-16, 0.000000000000000000 ) ) ;
#4494 = ORIENTED_EDGE ( 'NONE', *, *, #3685, .T. ) ;
#4495 = EDGE_LOOP ( 'NONE', ( #692, #2852, #4128, #2786 ) ) ;
#4496 = EDGE_CURVE ( 'NONE', #3127, #2968, #1126, .T. ) ;
#4497 = FACE_OUTER_BOUND ( 'NONE', #4619, .T. ) ;
#4498 = EDGE_CURVE ( 'NONE', #3966, #4428, #4316, .T. ) ;
#4499 = VECTOR ( 'NONE', #3973, 1000.000000000000000 ) ;
#4500 = ORIENTED_EDGE ( 'NONE', *, *, #1676, .T. ) ;
#4501 = CLOSED_SHELL ( 'NONE', ( #242, #1073, #1299, #1186, #996, #2816 ) ) ;
#4502 =( NAMED_UNIT ( * ) SI_UNIT ( $, .STERADIAN. ) SOLID_ANGLE_UNIT ( ) );
#4503 = SURFACE_STYLE_FILL_AREA ( #3516 ) ;
#4504 = VECTOR ( 'NONE', #1124, 1000.000000000000000 ) ;
#4505 = SURFACE_STYLE_USAGE ( .BOTH. , #3494 ) ;
#4506 = CARTESIAN_POINT ( 'NONE',  ( -0.7500000000000001110, 0.6250000000000000000, 0.000000000000000000 ) ) ;
#4507 =( NAMED_UNIT ( * ) SI_UNIT ( $, .STERADIAN. ) SOLID_ANGLE_UNIT ( ) );
#4508 = VECTOR ( 'NONE', #969, 1000.000000000000000 ) ;
#4509 = VECTOR ( 'NONE', #2691, 1000.000000000000000 ) ;
#4510 = EDGE_LOOP ( 'NONE', ( #1067, #3297, #4617, #4255 ) ) ;
#4511 =( NAMED_UNIT ( * ) SI_UNIT ( $, .STERADIAN. ) SOLID_ANGLE_UNIT ( ) );
#4512 = DIRECTION ( 'NONE',  ( -0.000000000000000000, 0.000000000000000000, 1.000000000000000000 ) ) ;
#4513 = AXIS2_PLACEMENT_3D ( 'NONE', #3921, #2029, #3490 ) ;
#4514 = ORIENTED_EDGE ( 'NONE', *, *, #2204, .F. ) ;
#4515 = PRESENTATION_LAYER_ASSIGNMENT (  '', '', ( #3416 ) ) ;
#4516 = MECHANICAL_DESIGN_GEOMETRIC_PRESENTATION_REPRESENTATION (  '', ( #2754 ), #2298 ) ;
#4517 = PRESENTATION_STYLE_ASSIGNMENT (( #4544 ) ) ;
#4518 = AXIS2_PLACEMENT_3D ( 'NONE', #4030, #2198, #3668 ) ;
#4519 = VERTEX_POINT ( 'NONE', #3 ) ;
#4520 = STYLED_ITEM ( 'NONE', ( #2450 ), #3520 ) ;
#4521 = ORIENTED_EDGE ( 'NONE', *, *, #1241, .T. ) ;
#4522 = COLOUR_RGB ( '',0.2862745098039215508, 0.2862745098039215508, 0.2862745098039215508 ) ;
#4523 = FACE_OUTER_BOUND ( 'NONE', #3507, .T. ) ;
#4524 = VECTOR ( 'NONE', #918, 1000.000000000000000 ) ;
#4525 = EDGE_CURVE ( 'NONE', #3880, #1690, #375, .T. ) ;
#4526 = VECTOR ( 'NONE', #3677, 1000.000000000000000 ) ;
#4527 = FACE_OUTER_BOUND ( 'NONE', #187, .T. ) ;
#4528 = CARTESIAN_POINT ( 'NONE',  ( -0.4000000000000001332, -0.6249999999999998890, -0.02000000000000000042 ) ) ;
#4529 = PRESENTATION_STYLE_ASSIGNMENT (( #3229 ) ) ;
#4530 = VECTOR ( 'NONE', #4162, 1000.000000000000000 ) ;
#4531 = EDGE_CURVE ( 'NONE', #694, #3127, #2235, .T. ) ;
#4532 = ORIENTED_EDGE ( 'NONE', *, *, #3031, .T. ) ;
#4533 = SURFACE_STYLE_USAGE ( .BOTH. , #463 ) ;
#4534 = AXIS2_PLACEMENT_3D ( 'NONE', #77, #4273, #3233 ) ;
#4535 = LINE ( 'NONE', #4259, #4379 ) ;
#4536 = CARTESIAN_POINT ( 'NONE',  ( 0.4000000000000000222, -0.3750000000000001110, 0.1300000000128420652 ) ) ;
#4537 = CARTESIAN_POINT ( 'NONE',  ( -0.4000000000000001332, -0.1249999999999998890, 0.1300000000000000044 ) ) ;
#4538 = EDGE_CURVE ( 'NONE', #3623, #3527, #3302, .T. ) ;
#4539 = ORIENTED_EDGE ( 'NONE', *, *, #2350, .T. ) ;
#4540 = DIRECTION ( 'NONE',  ( 0.000000000000000000, -1.000000000000000000, 0.000000000000000000 ) ) ;
#4541 = CARTESIAN_POINT ( 'NONE',  ( 0.4000000000000000222, -0.3750000000000001110, 0.1300000000000000044 ) ) ;
#4542 = VERTEX_POINT ( 'NONE', #2535 ) ;
#4543 = DIRECTION ( 'NONE',  ( 0.000000000000000000, 0.000000000000000000, 1.000000000000000000 ) ) ;
#4544 = SURFACE_STYLE_USAGE ( .BOTH. , #4217 ) ;
#4545 = ORIENTED_EDGE ( 'NONE', *, *, #4340, .T. ) ;
#4546 = VERTEX_POINT ( 'NONE', #4017 ) ;
#4547 = CARTESIAN_POINT ( 'NONE',  ( -0.4000000000000001332, -0.6249999999999998890, -0.02000000000000000042 ) ) ;
#4548 = ORIENTED_EDGE ( 'NONE', *, *, #374, .F. ) ;
#4549 = SURFACE_STYLE_FILL_AREA ( #3532 ) ;
#4550 = SURFACE_STYLE_FILL_AREA ( #291 ) ;
#4551 = ORIENTED_EDGE ( 'NONE', *, *, #1753, .F. ) ;
#4552 = CARTESIAN_POINT ( 'NONE',  ( 0.7499999999999998890, -0.6250000000000002220, 0.000000000000000000 ) ) ;
#4553 = ADVANCED_FACE ( 'NONE', ( #3214 ), #1490, .F. ) ;
#4554 = CARTESIAN_POINT ( 'NONE',  ( 0.7499999999999998890, 0.1250000000000001110, 0.1300000000000000044 ) ) ;
#4555 = EDGE_LOOP ( 'NONE', ( #4592, #610, #3734, #1237 ) ) ;
#4556 = CARTESIAN_POINT ( 'NONE',  ( -0.1249999999999999167, 1.000000000000000444, -0.02000000000000000042 ) ) ;
#4557 = ORIENTED_EDGE ( 'NONE', *, *, #4531, .T. ) ;
#4558 = CARTESIAN_POINT ( 'NONE',  ( 0.7499999999999998890, -0.8749999999999998890, 0.1300000000000000044 ) ) ;
#4559 = EDGE_CURVE ( 'NONE', #3527, #3858, #2932, .T. ) ;
#4560 = DIRECTION ( 'NONE',  ( -1.000000000000000000, 3.097720492815727166E-16, 0.000000000000000000 ) ) ;
#4561 = ORIENTED_EDGE ( 'NONE', *, *, #2649, .T. ) ;
#4562 = ORIENTED_EDGE ( 'NONE', *, *, #4020, .T. ) ;
#4563 =( NAMED_UNIT ( * ) PLANE_ANGLE_UNIT ( ) SI_UNIT ( $, .RADIAN. ) );
#4564 = CARTESIAN_POINT ( 'NONE',  ( -0.1249999999999999167, 1.000000000000000000, 0.1300000000000000044 ) ) ;
#4565 = PRESENTATION_STYLE_ASSIGNMENT (( #728 ) ) ;
#4566 = UNCERTAINTY_MEASURE_WITH_UNIT (LENGTH_MEASURE( 1.000000000000000082E-05 ), #2451, 'distance_accuracy_value', 'NONE');
#4567 = VECTOR ( 'NONE', #630, 1000.000000000000000 ) ;
#4568 = ORIENTED_EDGE ( 'NONE', *, *, #2928, .F. ) ;
#4569 = CARTESIAN_POINT ( 'NONE',  ( -0.5700000000000001732, 0.8200000000000000622, 0.6300000000000000044 ) ) ;
#4570 = UNCERTAINTY_MEASURE_WITH_UNIT (LENGTH_MEASURE( 1.000000000000000082E-05 ), #4260, 'distance_accuracy_value', 'NONE');
#4571 = FILL_AREA_STYLE_COLOUR ( '', #953 ) ;
#4572 = AXIS2_PLACEMENT_3D ( 'NONE', #950, #2354, #3132 ) ;
#4573 = FILL_AREA_STYLE_COLOUR ( '', #2666 ) ;
#4574 = LINE ( 'NONE', #3163, #4598 ) ;
#4575 = CARTESIAN_POINT ( 'NONE',  ( 0.4000000000000000222, 0.8750000000000000000, 0.1300000000000000044 ) ) ;
#4576 = AXIS2_PLACEMENT_3D ( 'NONE', #3019, #4443, #4422 ) ;
#4577 = ORIENTED_EDGE ( 'NONE', *, *, #1699, .F. ) ;
#4578 = ADVANCED_FACE ( 'NONE', ( #99 ), #1535, .F. ) ;
#4579 = CARTESIAN_POINT ( 'NONE',  ( -0.1249999999999999167, 0.6500000000000000222, 0.1300000000000002265 ) ) ;
#4580 = PLANE ( 'NONE',  #649 ) ;
#4581 = VERTEX_POINT ( 'NONE', #4459 ) ;
#4582 = COLOUR_RGB ( '',0.2862745098039215508, 0.2862745098039215508, 0.2862745098039215508 ) ;
#4583 = LINE ( 'NONE', #2481, #635 ) ;
#4584 =( GEOMETRIC_REPRESENTATION_CONTEXT ( 3 ) GLOBAL_UNCERTAINTY_ASSIGNED_CONTEXT ( ( #4063 ) ) GLOBAL_UNIT_ASSIGNED_CONTEXT ( ( #1515, #2954, #767 ) ) REPRESENTATION_CONTEXT ( 'NONE', 'WORKASPACE' ) );
#4585 = ORIENTED_EDGE ( 'NONE', *, *, #2614, .T. ) ;
#4586 = EDGE_CURVE ( 'NONE', #2528, #2007, #3721, .T. ) ;
#4587 = CIRCLE ( 'NONE', #126, 0.02999999999999997113 ) ;
#4588 = FILL_AREA_STYLE ('',( #3173 ) ) ;
#4589 = PRESENTATION_LAYER_ASSIGNMENT (  '', '', ( #2356 ) ) ;
#4590 = VECTOR ( 'NONE', #2882, 1000.000000000000000 ) ;
#4591 = VECTOR ( 'NONE', #1830, 1000.000000000000000 ) ;
#4592 = ORIENTED_EDGE ( 'NONE', *, *, #2350, .F. ) ;
#4593 = DIRECTION ( 'NONE',  ( 1.000000000000000000, 0.000000000000000000, 0.000000000000000000 ) ) ;
#4594 = VECTOR ( 'NONE', #1405, 1000.000000000000000 ) ;
#4595 = AXIS2_PLACEMENT_3D ( 'NONE', #1845, #66, #1135 ) ;
#4596 = VECTOR ( 'NONE', #2330, 1000.000000000000000 ) ;
#4597 = ADVANCED_FACE ( 'NONE', ( #1657 ), #1272, .F. ) ;
#4598 = VECTOR ( 'NONE', #1394, 1000.000000000000000 ) ;
#4599 = PLANE ( 'NONE',  #4144 ) ;
#4600 = MECHANICAL_DESIGN_GEOMETRIC_PRESENTATION_REPRESENTATION (  '', ( #945 ), #1333 ) ;
#4601 = MECHANICAL_DESIGN_GEOMETRIC_PRESENTATION_REPRESENTATION (  '', ( #2234 ), #3716 ) ;
#4602 = MECHANICAL_DESIGN_GEOMETRIC_PRESENTATION_REPRESENTATION (  '', ( #2609 ), #1791 ) ;
#4603 = AXIS2_PLACEMENT_3D ( 'NONE', #2182, #1512, #1143 ) ;
#4604 = ORIENTED_EDGE ( 'NONE', *, *, #3814, .T. ) ;
#4605 = FILL_AREA_STYLE_COLOUR ( '', #3200 ) ;
#4606 =( LENGTH_UNIT ( ) NAMED_UNIT ( * ) SI_UNIT ( .MILLI., .METRE. ) );
#4607 = STYLED_ITEM ( 'NONE', ( #1550 ), #4088 ) ;
#4608 = DIRECTION ( 'NONE',  ( -1.000000000000000000, 3.097720492815727166E-16, -0.000000000000000000 ) ) ;
#4609 = CARTESIAN_POINT ( 'NONE',  ( -0.4000000000000001332, -0.6249999999999998890, 0.1300000000000000044 ) ) ;
#4610 = ORIENTED_EDGE ( 'NONE', *, *, #2845, .F. ) ;
#4611 = VECTOR ( 'NONE', #894, 1000.000000000000000 ) ;
#4612 = CARTESIAN_POINT ( 'NONE',  ( 0.7499999999999998890, -0.3749999999999998890, 0.1300000000000000044 ) ) ;
#4613 = ORIENTED_EDGE ( 'NONE', *, *, #3538, .T. ) ;
#4614 = DIRECTION ( 'NONE',  ( -1.000000000000000000, 3.097720492815727166E-16, -0.000000000000000000 ) ) ;
#4615 =( NAMED_UNIT ( * ) PLANE_ANGLE_UNIT ( ) SI_UNIT ( $, .RADIAN. ) );
#4616 = CARTESIAN_POINT ( 'NONE',  ( -0.4000000000000001332, 0.6249999999999998890, -0.02000000000000000042 ) ) ;
#4617 = ORIENTED_EDGE ( 'NONE', *, *, #2641, .F. ) ;
#4618 = CARTESIAN_POINT ( 'NONE',  ( -0.7500000000000001110, 1.000000000000000000, 0.000000000000000000 ) ) ;
#4619 = EDGE_LOOP ( 'NONE', ( #4269, #3442, #2041, #4284 ) ) ;
ENDSEC;
END-ISO-10303-21;
