ISO-10303-21;
HEADER;
FILE_DESCRIPTION (( 'STEP AP214' ),
    '1' );
FILE_NAME ('AD1582BRTZ-REEL7.STEP',
    '2022-07-15T10:52:28',
    ( '' ),
    ( '' ),
    'SwSTEP 2.0',
    'SolidWorks 2018',
    '' );
FILE_SCHEMA (( 'AUTOMOTIVE_DESIGN' ));
ENDSEC;

DATA;
#1 = LINE ( 'NONE', #119, #1694 ) ;
#2 = COLOUR_RGB ( '',1.000000000000000000, 1.000000000000000000, 1.000000000000000000 ) ;
#3 = ORIENTED_EDGE ( 'NONE', *, *, #2306, .T. ) ;
#4 = LINE ( 'NONE', #1296, #2227 ) ;
#5 = COLOUR_RGB ( '',1.000000000000000000, 1.000000000000000000, 1.000000000000000000 ) ;
#6 = AXIS2_PLACEMENT_3D ( 'NONE', #1234, #666, #1423 ) ;
#7 = EDGE_LOOP ( 'NONE', ( #859, #727, #2225, #1279 ) ) ;
#8 = ORIENTED_EDGE ( 'NONE', *, *, #74, .F. ) ;
#9 = MECHANICAL_DESIGN_GEOMETRIC_PRESENTATION_REPRESENTATION (  '', ( #1327 ), #131 ) ;
#10 = ORIENTED_EDGE ( 'NONE', *, *, #227, .F. ) ;
#11 = SURFACE_STYLE_FILL_AREA ( #2318 ) ;
#12 = SURFACE_STYLE_FILL_AREA ( #1767 ) ;
#13 = CARTESIAN_POINT ( 'NONE',  ( 1.279999999999999805, 0.1168716640099770471, 0.8092196137378875331 ) ) ;
#14 = STYLED_ITEM ( 'NONE', ( #573 ), #454 ) ;
#15 = DIRECTION ( 'NONE',  ( 1.000000000000000000, 0.000000000000000000, -0.000000000000000000 ) ) ;
#16 =( GEOMETRIC_REPRESENTATION_CONTEXT ( 3 ) GLOBAL_UNCERTAINTY_ASSIGNED_CONTEXT ( ( #516 ) ) GLOBAL_UNIT_ASSIGNED_CONTEXT ( ( #1153, #248, #1536 ) ) REPRESENTATION_CONTEXT ( 'NONE', 'WORKASPACE' ) );
#17 = UNCERTAINTY_MEASURE_WITH_UNIT (LENGTH_MEASURE( 1.000000000000000082E-05 ), #1897, 'distance_accuracy_value', 'NONE');
#18 = DIRECTION ( 'NONE',  ( 0.000000000000000000, 0.9945054529214056860, -0.1046847845180453873 ) ) ;
#19 = FILL_AREA_STYLE ('',( #1292 ) ) ;
#20 = FILL_AREA_STYLE ('',( #1854 ) ) ;
#21 = VECTOR ( 'NONE', #1248, 1000.000000000000000 ) ;
#22 = EDGE_CURVE ( 'NONE', #553, #828, #547, .T. ) ;
#23 = PRESENTATION_STYLE_ASSIGNMENT (( #1707 ) ) ;
#24 = CARTESIAN_POINT ( 'NONE',  ( 0.7699999999999997957, -1.566672139241553907E-14, 0.6500000000000000222 ) ) ;
#25 = ORIENTED_EDGE ( 'NONE', *, *, #1604, .F. ) ;
#26 = ORIENTED_EDGE ( 'NONE', *, *, #1747, .F. ) ;
#27 = VERTEX_POINT ( 'NONE', #1046 ) ;
#28 = MECHANICAL_DESIGN_GEOMETRIC_PRESENTATION_REPRESENTATION (  '', ( #735 ), #1727 ) ;
#29 = CARTESIAN_POINT ( 'NONE',  ( 0.2550000000000000044, 0.4899999999999999911, -1.190000000000000169 ) ) ;
#30 = ORIENTED_EDGE ( 'NONE', *, *, #1214, .F. ) ;
#31 = CARTESIAN_POINT ( 'NONE',  ( -1.279999999999999805, -0.04250000000000003081, 0.7163914178109013209 ) ) ;
#32 = FACE_OUTER_BOUND ( 'NONE', #1361, .T. ) ;
#33 =( NAMED_UNIT ( * ) SI_UNIT ( $, .STERADIAN. ) SOLID_ANGLE_UNIT ( ) );
#34 =( LENGTH_UNIT ( ) NAMED_UNIT ( * ) SI_UNIT ( .MILLI., .METRE. ) );
#35 = LINE ( 'NONE', #1368, #2335 ) ;
#36 =( NAMED_UNIT ( * ) SI_UNIT ( $, .STERADIAN. ) SOLID_ANGLE_UNIT ( ) );
#37 = VECTOR ( 'NONE', #1918, 1000.000000000000000 ) ;
#38 = DIRECTION ( 'NONE',  ( -0.9945054529214064631, 0.1046847845180391284, 0.000000000000000000 ) ) ;
#39 = AXIS2_PLACEMENT_3D ( 'NONE', #540, #786, #1158 ) ;
#40 = CARTESIAN_POINT ( 'NONE',  ( 0.7699999999999997957, 0.4262566719800459092, 0.8637725380697132138 ) ) ;
#41 = DIRECTION ( 'NONE',  ( 1.000000000000000000, 0.000000000000000000, -1.495451272393799296E-16 ) ) ;
#42 = DIRECTION ( 'NONE',  ( -1.000000000000000000, -0.000000000000000000, -0.000000000000000000 ) ) ;
#43 =( GEOMETRIC_REPRESENTATION_CONTEXT ( 3 ) GLOBAL_UNCERTAINTY_ASSIGNED_CONTEXT ( ( #1725 ) ) GLOBAL_UNIT_ASSIGNED_CONTEXT ( ( #1961, #1418, #879 ) ) REPRESENTATION_CONTEXT ( 'NONE', 'WORKASPACE' ) );
#44 = DIRECTION ( 'NONE',  ( -1.000000000000000000, -0.000000000000000000, -0.000000000000000000 ) ) ;
#45 = DIRECTION ( 'NONE',  ( -1.000000000000000000, -0.000000000000000000, -0.000000000000000000 ) ) ;
#46 = SURFACE_STYLE_USAGE ( .BOTH. , #1112 ) ;
#47 = DIRECTION ( 'NONE',  ( 0.000000000000000000, -0.000000000000000000, -1.000000000000000000 ) ) ;
#48 = SURFACE_STYLE_FILL_AREA ( #1262 ) ;
#49 = COLOUR_RGB ( '',0.2509803921568627416, 0.2509803921568627416, 0.2509803921568627416 ) ;
#50 = CARTESIAN_POINT ( 'NONE',  ( 1.279999999999999805, 0.1062433280199540919, 0.8936568133531000990 ) ) ;
#51 = ORIENTED_EDGE ( 'NONE', *, *, #197, .T. ) ;
#52 = DIRECTION ( 'NONE',  ( 0.000000000000000000, -9.027723681967363653E-17, 1.000000000000000000 ) ) ;
#53 = CIRCLE ( 'NONE', #1093, 0.08999999999999991340 ) ;
#54 = ORIENTED_EDGE ( 'NONE', *, *, #470, .F. ) ;
#55 = PRESENTATION_STYLE_ASSIGNMENT (( #964 ) ) ;
#56 = EDGE_CURVE ( 'NONE', #1282, #1215, #481, .T. ) ;
#57 = ORIENTED_EDGE ( 'NONE', *, *, #531, .F. ) ;
#58 = AXIS2_PLACEMENT_3D ( 'NONE', #134, #1958, #643 ) ;
#59 = CARTESIAN_POINT ( 'NONE',  ( -0.7699999999999997957, 0.4000000000000000222, 1.036842435456024836 ) ) ;
#60 = AXIS2_PLACEMENT_3D ( 'NONE', #2219, #802, #967 ) ;
#61 = CIRCLE ( 'NONE', #1425, 0.1799999999999999378 ) ;
#62 = DIRECTION ( 'NONE',  ( 1.487234444973888850E-16, 0.1046847845180391284, 0.9945054529214064631 ) ) ;
#63 = VERTEX_POINT ( 'NONE', #674 ) ;
#64 = ORIENTED_EDGE ( 'NONE', *, *, #1083, .T. ) ;
#65 = DIRECTION ( 'NONE',  ( 0.1041158412590671434, -0.9891004919611724455, 0.1041158412590671295 ) ) ;
#66 = COLOUR_RGB ( '',0.2509803921568627416, 0.2509803921568627416, 0.2509803921568627416 ) ;
#67 = ORIENTED_EDGE ( 'NONE', *, *, #1180, .F. ) ;
#68 =( GEOMETRIC_REPRESENTATION_CONTEXT ( 3 ) GLOBAL_UNCERTAINTY_ASSIGNED_CONTEXT ( ( #194 ) ) GLOBAL_UNIT_ASSIGNED_CONTEXT ( ( #1658, #698, #2142 ) ) REPRESENTATION_CONTEXT ( 'NONE', 'WORKASPACE' ) );
#69 = LINE ( 'NONE', #2032, #1223 ) ;
#70 = SURFACE_STYLE_FILL_AREA ( #1074 ) ;
#71 = CARTESIAN_POINT ( 'NONE',  ( -1.435907859078591864, -0.1338753387533672401, -0.6359078590785915974 ) ) ;
#72 = FILL_AREA_STYLE_COLOUR ( '', #324 ) ;
#73 = PLANE ( 'NONE',  #1662 ) ;
#74 = EDGE_CURVE ( 'NONE', #317, #1155, #275, .T. ) ;
#75 =( NAMED_UNIT ( * ) SI_UNIT ( $, .STERADIAN. ) SOLID_ANGLE_UNIT ( ) );
#76 = DIRECTION ( 'NONE',  ( 0.000000000000000000, 0.000000000000000000, 1.000000000000000000 ) ) ;
#77 = PRESENTATION_LAYER_ASSIGNMENT (  '', '', ( #2153 ) ) ;
#78 = CARTESIAN_POINT ( 'NONE',  ( -0.2550000000000000044, 0.1062433280199540919, -0.8936568133531002101 ) ) ;
#79 = EDGE_CURVE ( 'NONE', #2320, #1788, #1645, .T. ) ;
#80 =( NAMED_UNIT ( * ) PLANE_ANGLE_UNIT ( ) SI_UNIT ( $, .RADIAN. ) );
#81 = CYLINDRICAL_SURFACE ( 'NONE', #738, 0.08999999999999991340 ) ;
#82 = APPLICATION_CONTEXT ( 'automotive_design' ) ;
#83 = VECTOR ( 'NONE', #1029, 1000.000000000000000 ) ;
#84 = ORIENTED_EDGE ( 'NONE', *, *, #1377, .F. ) ;
#85 = PRESENTATION_STYLE_ASSIGNMENT (( #1490 ) ) ;
#86 = ADVANCED_FACE ( 'NONE', ( #1469 ), #692, .T. ) ;
#87 = EDGE_LOOP ( 'NONE', ( #954, #2259, #54, #147 ) ) ;
#88 = UNCERTAINTY_MEASURE_WITH_UNIT (LENGTH_MEASURE( 1.000000000000000082E-05 ), #1231, 'distance_accuracy_value', 'NONE');
#89 =( NAMED_UNIT ( * ) PLANE_ANGLE_UNIT ( ) SI_UNIT ( $, .RADIAN. ) );
#90 = VERTEX_POINT ( 'NONE', #31 ) ;
#91 = ORIENTED_EDGE ( 'NONE', *, *, #1309, .T. ) ;
#92 = ORIENTED_EDGE ( 'NONE', *, *, #2164, .T. ) ;
#93 = CARTESIAN_POINT ( 'NONE',  ( 0.2550000000000000044, -1.566672139241553907E-14, -0.6500000000000001332 ) ) ;
#94 =( GEOMETRIC_REPRESENTATION_CONTEXT ( 3 ) GLOBAL_UNCERTAINTY_ASSIGNED_CONTEXT ( ( #1997 ) ) GLOBAL_UNIT_ASSIGNED_CONTEXT ( ( #1692, #592, #1543 ) ) REPRESENTATION_CONTEXT ( 'NONE', 'WORKASPACE' ) );
#95 = CARTESIAN_POINT ( 'NONE',  ( -0.7699999999999997957, 0.1168716640099770471, 0.8092196137378877552 ) ) ;
#96 = PRESENTATION_STYLE_ASSIGNMENT (( #2302 ) ) ;
#97 = AXIS2_PLACEMENT_3D ( 'NONE', #1414, #1435, #326 ) ;
#98 = CARTESIAN_POINT ( 'NONE',  ( -1.400000000000000133, 0.4749999999999999778, 0.6500000000000001332 ) ) ;
#99 = ADVANCED_FACE ( 'NONE', ( #606 ), #222, .F. ) ;
#100 = VECTOR ( 'NONE', #537, 1000.000000000000000 ) ;
#101 = CARTESIAN_POINT ( 'NONE',  ( -1.400000000000000133, 0.4749999999999999778, -0.5999999999999999778 ) ) ;
#102 = DIRECTION ( 'NONE',  ( -1.000000000000000000, -0.000000000000000000, -0.000000000000000000 ) ) ;
#103 = MECHANICAL_DESIGN_GEOMETRIC_PRESENTATION_REPRESENTATION (  '', ( #1141 ), #1130 ) ;
#104 =( NAMED_UNIT ( * ) PLANE_ANGLE_UNIT ( ) SI_UNIT ( $, .RADIAN. ) );
#105 = EDGE_CURVE ( 'NONE', #2012, #463, #1528, .T. ) ;
#107 = EDGE_CURVE ( 'NONE', #1501, #1451, #1729, .T. ) ;
#106 = PLANE ( 'NONE',  #560 ) ;
#108 = CARTESIAN_POINT ( 'NONE',  ( -0.2550000000000000044, 0.3950000000000000733, -1.041037933611910882 ) ) ;
#109 = SURFACE_SIDE_STYLE ('',( #911 ) ) ;
#110 = STYLED_ITEM ( 'NONE', ( #2125 ), #1770 ) ;
#111 = DIRECTION ( 'NONE',  ( 0.000000000000000000, 0.9848077530122086864, 0.1736481776669273058 ) ) ;
#112 = ADVANCED_FACE ( 'NONE', ( #1411 ), #583, .F. ) ;
#113 = DIRECTION ( 'NONE',  ( 0.000000000000000000, -0.000000000000000000, -1.000000000000000000 ) ) ;
#114 = LINE ( 'NONE', #1659, #1114 ) ;
#115 = CARTESIAN_POINT ( 'NONE',  ( 1.279999999999999805, 0.4000000000000000222, 1.036842435456024392 ) ) ;
#116 = VECTOR ( 'NONE', #500, 1000.000000000000000 ) ;
#117 = VERTEX_POINT ( 'NONE', #1138 ) ;
#118 =( NAMED_UNIT ( * ) PLANE_ANGLE_UNIT ( ) SI_UNIT ( $, .RADIAN. ) );
#119 = CARTESIAN_POINT ( 'NONE',  ( 0.2550000000000000044, 0.5749999999999999556, -1.041037933611911992 ) ) ;
#120 = VECTOR ( 'NONE', #1688, 1000.000000000000114 ) ;
#121 = ORIENTED_EDGE ( 'NONE', *, *, #937, .F. ) ;
#122 = VERTEX_POINT ( 'NONE', #1670 ) ;
#123 = FILL_AREA_STYLE_COLOUR ( '', #2212 ) ;
#124 = EDGE_LOOP ( 'NONE', ( #1790, #231, #258, #92 ) ) ;
#125 = ADVANCED_FACE ( 'NONE', ( #256 ), #1684, .F. ) ;
#126 = VERTEX_POINT ( 'NONE', #939 ) ;
#127 = STYLED_ITEM ( 'NONE', ( #1787 ), #1388 ) ;
#128 = CIRCLE ( 'NONE', #1457, 0.1799999999999999378 ) ;
#129 = STYLED_ITEM ( 'NONE', ( #644 ), #636 ) ;
#130 = CARTESIAN_POINT ( 'NONE',  ( -0.7699999999999997957, -0.04250000000000003081, 0.7163914178109013209 ) ) ;
#131 =( GEOMETRIC_REPRESENTATION_CONTEXT ( 3 ) GLOBAL_UNCERTAINTY_ASSIGNED_CONTEXT ( ( #561 ) ) GLOBAL_UNIT_ASSIGNED_CONTEXT ( ( #1661, #2022, #1844 ) ) REPRESENTATION_CONTEXT ( 'NONE', 'WORKASPACE' ) );
#132 = SURFACE_SIDE_STYLE ('',( #12 ) ) ;
#133 = CARTESIAN_POINT ( 'NONE',  ( 1.279999999999999805, 0.5749999999999999556, 1.041037933611911770 ) ) ;
#134 = CARTESIAN_POINT ( 'NONE',  ( -1.279999999999999805, 0.1374999999999999556, 0.7163914178109025421 ) ) ;
#135 = UNCERTAINTY_MEASURE_WITH_UNIT (LENGTH_MEASURE( 1.000000000000000082E-05 ), #2341, 'distance_accuracy_value', 'NONE');
#136 = ADVANCED_FACE ( 'NONE', ( #1992 ), #603, .F. ) ;
#137 = EDGE_CURVE ( 'NONE', #1444, #722, #1646, .T. ) ;
#138 = LINE ( 'NONE', #220, #2312 ) ;
#139 = CARTESIAN_POINT ( 'NONE',  ( -0.2550000000000000044, 0.1168716640099770748, -0.8092196137378876442 ) ) ;
#140 = LINE ( 'NONE', #2216, #1345 ) ;
#141 = CARTESIAN_POINT ( 'NONE',  ( 0.2550000000000000044, 0.5749999999999999556, -1.041037933611911992 ) ) ;
#142 = COLOUR_RGB ( '',1.000000000000000000, 1.000000000000000000, 1.000000000000000000 ) ;
#143 =( GEOMETRIC_REPRESENTATION_CONTEXT ( 3 ) GLOBAL_UNCERTAINTY_ASSIGNED_CONTEXT ( ( #1550 ) ) GLOBAL_UNIT_ASSIGNED_CONTEXT ( ( #244, #1346, #247 ) ) REPRESENTATION_CONTEXT ( 'NONE', 'WORKASPACE' ) );
#144 = SURFACE_STYLE_USAGE ( .BOTH. , #533 ) ;
#145 = FACE_OUTER_BOUND ( 'NONE', #7, .T. ) ;
#146 = SURFACE_STYLE_FILL_AREA ( #181 ) ;
#147 = ORIENTED_EDGE ( 'NONE', *, *, #531, .T. ) ;
#148 = DIRECTION ( 'NONE',  ( 0.000000000000000000, 0.000000000000000000, -1.000000000000000000 ) ) ;
#149 = DIRECTION ( 'NONE',  ( 0.000000000000000000, 0.9945054529214063521, -0.1046847845180393088 ) ) ;
#150 = ORIENTED_EDGE ( 'NONE', *, *, #2295, .T. ) ;
#151 = EDGE_LOOP ( 'NONE', ( #774, #1149, #1859, #1219 ) ) ;
#152 = FILL_AREA_STYLE ('',( #1257 ) ) ;
#153 = CARTESIAN_POINT ( 'NONE',  ( 0.7699999999999997957, 0.5749999999999999556, 1.189999999999999947 ) ) ;
#154 = SURFACE_STYLE_FILL_AREA ( #19 ) ;
#155 = ORIENTED_EDGE ( 'NONE', *, *, #397, .F. ) ;
#156 = EDGE_CURVE ( 'NONE', #804, #157, #1275, .T. ) ;
#157 = VERTEX_POINT ( 'NONE', #182 ) ;
#158 =( NAMED_UNIT ( * ) SI_UNIT ( $, .STERADIAN. ) SOLID_ANGLE_UNIT ( ) );
#159 = DIRECTION ( 'NONE',  ( 0.000000000000000000, -9.027723681967363653E-17, 1.000000000000000000 ) ) ;
#160 = SURFACE_STYLE_FILL_AREA ( #1269 ) ;
#161 = LINE ( 'NONE', #1930, #1224 ) ;
#162 = PRESENTATION_LAYER_ASSIGNMENT (  '', '', ( #699 ) ) ;
#163 =( NAMED_UNIT ( * ) SI_UNIT ( $, .STERADIAN. ) SOLID_ANGLE_UNIT ( ) );
#164 = PLANE ( 'NONE',  #1312 ) ;
#165 =( GEOMETRIC_REPRESENTATION_CONTEXT ( 3 ) GLOBAL_UNCERTAINTY_ASSIGNED_CONTEXT ( ( #2185 ) ) GLOBAL_UNIT_ASSIGNED_CONTEXT ( ( #685, #118, #504 ) ) REPRESENTATION_CONTEXT ( 'NONE', 'WORKASPACE' ) );
#166 = CARTESIAN_POINT ( 'NONE',  ( -0.7699999999999997957, -0.04250000000000000305, 0.6455263157894753911 ) ) ;
#167 = UNCERTAINTY_MEASURE_WITH_UNIT (LENGTH_MEASURE( 1.000000000000000082E-05 ), #1202, 'distance_accuracy_value', 'NONE');
#168 = DIRECTION ( 'NONE',  ( 0.000000000000000000, 0.000000000000000000, -1.000000000000000000 ) ) ;
#169 = FILL_AREA_STYLE ('',( #2333 ) ) ;
#170 = CARTESIAN_POINT ( 'NONE',  ( 1.279999999999999805, 0.1062433280199540919, 0.8936568133531000990 ) ) ;
#171 = COLOUR_RGB ( '',1.000000000000000000, 1.000000000000000000, 1.000000000000000000 ) ;
#172 = DIRECTION ( 'NONE',  ( -1.000000000000000000, -0.000000000000000000, 1.495451272393799296E-16 ) ) ;
#173 = FILL_AREA_STYLE ('',( #1465 ) ) ;
#174 = AXIS2_PLACEMENT_3D ( 'NONE', #1905, #642, #795 ) ;
#175 = VECTOR ( 'NONE', #327, 1000.000000000000000 ) ;
#176 = PRESENTATION_LAYER_ASSIGNMENT (  '', '', ( #2062 ) ) ;
#177 = AXIS2_PLACEMENT_3D ( 'NONE', #1099, #1993, #1268 ) ;
#178 =( NAMED_UNIT ( * ) PLANE_ANGLE_UNIT ( ) SI_UNIT ( $, .RADIAN. ) );
#179 = ORIENTED_EDGE ( 'NONE', *, *, #1664, .F. ) ;
#180 = ORIENTED_EDGE ( 'NONE', *, *, #442, .T. ) ;
#181 = FILL_AREA_STYLE ('',( #1647 ) ) ;
#182 = CARTESIAN_POINT ( 'NONE',  ( 0.2550000000000000044, -0.04250000000000000305, -0.6455263157894722825 ) ) ;
#183 = ORIENTED_EDGE ( 'NONE', *, *, #1061, .T. ) ;
#184 = VERTEX_POINT ( 'NONE', #1666 ) ;
#185 = ORIENTED_EDGE ( 'NONE', *, *, #1827, .T. ) ;
#186 = VECTOR ( 'NONE', #1795, 1000.000000000000000 ) ;
#187 = EDGE_CURVE ( 'NONE', #499, #1444, #4, .T. ) ;
#188 = LINE ( 'NONE', #2094, #217 ) ;
#189 =( GEOMETRIC_REPRESENTATION_CONTEXT ( 3 ) GLOBAL_UNCERTAINTY_ASSIGNED_CONTEXT ( ( #1960 ) ) GLOBAL_UNIT_ASSIGNED_CONTEXT ( ( #1805, #511, #1642 ) ) REPRESENTATION_CONTEXT ( 'NONE', 'WORKASPACE' ) );
#190 = DIRECTION ( 'NONE',  ( 0.000000000000000000, 0.000000000000000000, 1.000000000000000000 ) ) ;
#191 = CARTESIAN_POINT ( 'NONE',  ( -0.7699999999999997957, 0.4899999999999999911, 1.190000000000000391 ) ) ;
#192 =( NAMED_UNIT ( * ) SI_UNIT ( $, .STERADIAN. ) SOLID_ANGLE_UNIT ( ) );
#193 = CARTESIAN_POINT ( 'NONE',  ( 1.279999999999999805, 0.04249999999999999611, 0.7205869159667882551 ) ) ;
#194 = UNCERTAINTY_MEASURE_WITH_UNIT (LENGTH_MEASURE( 1.000000000000000082E-05 ), #1658, 'distance_accuracy_value', 'NONE');
#195 = DIRECTION ( 'NONE',  ( 0.000000000000000000, 0.000000000000000000, 1.000000000000000000 ) ) ;
#196 = CARTESIAN_POINT ( 'NONE',  ( 1.279999999999999805, -1.566672139241553907E-14, 0.6500000000000000222 ) ) ;
#197 = EDGE_CURVE ( 'NONE', #2017, #1057, #917, .T. ) ;
#198 = PRESENTATION_STYLE_ASSIGNMENT (( #1399 ) ) ;
#199 = LINE ( 'NONE', #1683, #796 ) ;
#200 = LINE ( 'NONE', #78, #1523 ) ;
#201 = DIRECTION ( 'NONE',  ( 0.000000000000000000, 0.000000000000000000, -1.000000000000000000 ) ) ;
#202 = DIRECTION ( 'NONE',  ( -1.000000000000000000, -0.000000000000000000, -0.000000000000000000 ) ) ;
#203 = VECTOR ( 'NONE', #2119, 1000.000000000000000 ) ;
#204 = PRESENTATION_LAYER_ASSIGNMENT (  '', '', ( #1879 ) ) ;
#205 = ORIENTED_EDGE ( 'NONE', *, *, #815, .T. ) ;
#206 = SURFACE_SIDE_STYLE ('',( #1350 ) ) ;
#207 = ORIENTED_EDGE ( 'NONE', *, *, #1929, .T. ) ;
#208 =( NAMED_UNIT ( * ) SI_UNIT ( $, .STERADIAN. ) SOLID_ANGLE_UNIT ( ) );
#209 = CIRCLE ( 'NONE', #1511, 0.08999999999999991340 ) ;
#210 = ORIENTED_EDGE ( 'NONE', *, *, #838, .F. ) ;
#211 = VERTEX_POINT ( 'NONE', #931 ) ;
#212 = ORIENTED_EDGE ( 'NONE', *, *, #79, .T. ) ;
#213 = VECTOR ( 'NONE', #633, 1000.000000000000000 ) ;
#214 = CARTESIAN_POINT ( 'NONE',  ( -0.7699999999999997957, 0.5749999999999999556, 1.190000000000000391 ) ) ;
#215 = PRESENTATION_STYLE_ASSIGNMENT (( #988 ) ) ;
#216 =( LENGTH_UNIT ( ) NAMED_UNIT ( * ) SI_UNIT ( .MILLI., .METRE. ) );
#217 = VECTOR ( 'NONE', #1205, 1000.000000000000000 ) ;
#218 = SURFACE_SIDE_STYLE ('',( #457 ) ) ;
#219 = SURFACE_SIDE_STYLE ('',( #1693 ) ) ;
#220 = CARTESIAN_POINT ( 'NONE',  ( 0.2550000000000000044, 0.4262566719800459092, -0.8637725380697133248 ) ) ;
#221 = STYLED_ITEM ( 'NONE', ( #600 ), #1934 ) ;
#222 = PLANE ( 'NONE',  #803 ) ;
#223 = DIRECTION ( 'NONE',  ( -1.000000000000000000, -0.000000000000000000, -0.000000000000000000 ) ) ;
#224 = FILL_AREA_STYLE ('',( #961 ) ) ;
#225 =( LENGTH_UNIT ( ) NAMED_UNIT ( * ) SI_UNIT ( .MILLI., .METRE. ) );
#226 = CARTESIAN_POINT ( 'NONE',  ( 8.972707634362795528E-17, -0.4749999999999999778, 0.5999999999999999778 ) ) ;
#227 = EDGE_CURVE ( 'NONE', #312, #1502, #1932, .T. ) ;
#228 = SURFACE_SIDE_STYLE ('',( #340 ) ) ;
#229 = EDGE_CURVE ( 'NONE', #632, #1379, #2173, .T. ) ;
#230 = MECHANICAL_DESIGN_GEOMETRIC_PRESENTATION_REPRESENTATION (  '', ( #1519 ), #189 ) ;
#231 = ORIENTED_EDGE ( 'NONE', *, *, #1951, .F. ) ;
#232 = SURFACE_STYLE_USAGE ( .BOTH. , #1522 ) ;
#233 = CARTESIAN_POINT ( 'NONE',  ( 1.279999999999999805, 0.5749999999999999556, 1.041037933611911770 ) ) ;
#234 = FACE_OUTER_BOUND ( 'NONE', #2296, .T. ) ;
#235 = SURFACE_SIDE_STYLE ('',( #764 ) ) ;
#236 = ORIENTED_EDGE ( 'NONE', *, *, #1491, .F. ) ;
#237 = STYLED_ITEM ( 'NONE', ( #1753 ), #1617 ) ;
#238 = SURFACE_SIDE_STYLE ('',( #1178 ) ) ;
#239 = LINE ( 'NONE', #398, #120 ) ;
#240 = ORIENTED_EDGE ( 'NONE', *, *, #378, .T. ) ;
#241 = VERTEX_POINT ( 'NONE', #1476 ) ;
#242 = UNCERTAINTY_MEASURE_WITH_UNIT (LENGTH_MEASURE( 1.000000000000000082E-05 ), #1222, 'distance_accuracy_value', 'NONE');
#243 = VERTEX_POINT ( 'NONE', #361 ) ;
#244 =( LENGTH_UNIT ( ) NAMED_UNIT ( * ) SI_UNIT ( .MILLI., .METRE. ) );
#245 = DIRECTION ( 'NONE',  ( -1.000000000000000000, -0.000000000000000000, -0.000000000000000000 ) ) ;
#246 = CARTESIAN_POINT ( 'NONE',  ( -0.2550000000000000044, 0.4262566719800459092, -0.8637725380697133248 ) ) ;
#247 =( NAMED_UNIT ( * ) SI_UNIT ( $, .STERADIAN. ) SOLID_ANGLE_UNIT ( ) );
#248 =( NAMED_UNIT ( * ) PLANE_ANGLE_UNIT ( ) SI_UNIT ( $, .RADIAN. ) );
#249 = STYLED_ITEM ( 'NONE', ( #434 ), #1397 ) ;
#250 = AXIS2_PLACEMENT_3D ( 'NONE', #383, #1315, #1677 ) ;
#251 = CARTESIAN_POINT ( 'NONE',  ( -1.279999999999999805, 0.5749999999999999556, 1.190000000000000391 ) ) ;
#252 = FILL_AREA_STYLE ('',( #72 ) ) ;
#253 = CARTESIAN_POINT ( 'NONE',  ( -0.2550000000000000044, -0.04250000000000003081, -0.7163914178109012099 ) ) ;
#254 = FACE_OUTER_BOUND ( 'NONE', #1251, .T. ) ;
#255 = ORIENTED_EDGE ( 'NONE', *, *, #2203, .T. ) ;
#256 = FACE_OUTER_BOUND ( 'NONE', #925, .T. ) ;
#257 = EDGE_CURVE ( 'NONE', #650, #1730, #2199, .T. ) ;
#258 = ORIENTED_EDGE ( 'NONE', *, *, #352, .F. ) ;
#259 = ORIENTED_EDGE ( 'NONE', *, *, #1967, .F. ) ;
#260 = VERTEX_POINT ( 'NONE', #355 ) ;
#261 =( GEOMETRIC_REPRESENTATION_CONTEXT ( 3 ) GLOBAL_UNCERTAINTY_ASSIGNED_CONTEXT ( ( #1244 ) ) GLOBAL_UNIT_ASSIGNED_CONTEXT ( ( #1092, #2081, #1378 ) ) REPRESENTATION_CONTEXT ( 'NONE', 'WORKASPACE' ) );
#262 = ORIENTED_EDGE ( 'NONE', *, *, #2200, .T. ) ;
#263 = UNCERTAINTY_MEASURE_WITH_UNIT (LENGTH_MEASURE( 1.000000000000000082E-05 ), #2004, 'distance_accuracy_value', 'NONE');
#264 = SURFACE_STYLE_FILL_AREA ( #2243 ) ;
#265 = SURFACE_SIDE_STYLE ('',( #1314 ) ) ;
#266 = LINE ( 'NONE', #1428, #1458 ) ;
#267 = EDGE_CURVE ( 'NONE', #429, #1353, #1882, .T. ) ;
#268 = SURFACE_STYLE_USAGE ( .BOTH. , #1218 ) ;
#269 = PLANE ( 'NONE',  #2033 ) ;
#270 =( NAMED_UNIT ( * ) SI_UNIT ( $, .STERADIAN. ) SOLID_ANGLE_UNIT ( ) );
#271 = PRESENTATION_LAYER_ASSIGNMENT (  '', '', ( #2220 ) ) ;
#272 =( NAMED_UNIT ( * ) SI_UNIT ( $, .STERADIAN. ) SOLID_ANGLE_UNIT ( ) );
#273 = VECTOR ( 'NONE', #1463, 1000.000000000000000 ) ;
#274 = PRESENTATION_LAYER_ASSIGNMENT (  '', '', ( #2145 ) ) ;
#275 = LINE ( 'NONE', #1614, #175 ) ;
#276 = CARTESIAN_POINT ( 'NONE',  ( 1.279999999999999805, -0.04250000000000000305, 0.6455263157894751691 ) ) ;
#277 = VECTOR ( 'NONE', #2344, 1000.000000000000000 ) ;
#278 = STYLED_ITEM ( 'NONE', ( #1583 ), #306 ) ;
#279 = SURFACE_STYLE_FILL_AREA ( #1700 ) ;
#280 = DIRECTION ( 'NONE',  ( 0.000000000000000000, 0.9848077530122086864, 0.1736481776669273058 ) ) ;
#281 = ORIENTED_EDGE ( 'NONE', *, *, #56, .T. ) ;
#282 = VECTOR ( 'NONE', #1124, 1000.000000000000000 ) ;
#283 = ORIENTED_EDGE ( 'NONE', *, *, #352, .T. ) ;
#284 = ORIENTED_EDGE ( 'NONE', *, *, #397, .T. ) ;
#285 =( NAMED_UNIT ( * ) PLANE_ANGLE_UNIT ( ) SI_UNIT ( $, .RADIAN. ) );
#286 = MECHANICAL_DESIGN_GEOMETRIC_PRESENTATION_REPRESENTATION (  '', ( #1682 ), #784 ) ;
#287 = CARTESIAN_POINT ( 'NONE',  ( 1.279999999999999805, 0.1374999999999999556, 0.7163914178109023201 ) ) ;
#288 = VERTEX_POINT ( 'NONE', #1660 ) ;
#289 = FILL_AREA_STYLE ('',( #2329 ) ) ;
#290 = MECHANICAL_DESIGN_GEOMETRIC_PRESENTATION_REPRESENTATION (  '', ( #1203 ), #909 ) ;
#291 =( NAMED_UNIT ( * ) SI_UNIT ( $, .STERADIAN. ) SOLID_ANGLE_UNIT ( ) );
#292 = CARTESIAN_POINT ( 'NONE',  ( 0.2550000000000000044, 0.04250000000000000305, -0.6455263157894722825 ) ) ;
#293 = FACE_OUTER_BOUND ( 'NONE', #1063, .T. ) ;
#294 = CARTESIAN_POINT ( 'NONE',  ( 0.2550000000000000044, 0.4899999999999999911, -1.190000000000000169 ) ) ;
#295 = ADVANCED_FACE ( 'NONE', ( #425 ), #901, .F. ) ;
#296 = EDGE_CURVE ( 'NONE', #1302, #1816, #200, .T. ) ;
#297 = DIRECTION ( 'NONE',  ( -1.000000000000000000, -0.000000000000000000, 0.000000000000000000 ) ) ;
#298 = AXIS2_PLACEMENT_3D ( 'NONE', #597, #1724, #1320 ) ;
#299 = FILL_AREA_STYLE_COLOUR ( '', #1849 ) ;
#300 = UNCERTAINTY_MEASURE_WITH_UNIT (LENGTH_MEASURE( 1.000000000000000082E-05 ), #2249, 'distance_accuracy_value', 'NONE');
#301 = MECHANICAL_DESIGN_GEOMETRIC_PRESENTATION_REPRESENTATION (  '', ( #628 ), #1939 ) ;
#302 = DIRECTION ( 'NONE',  ( -0.000000000000000000, -0.9848077530122086864, -0.1736481776669273058 ) ) ;
#303 = CARTESIAN_POINT ( 'NONE',  ( -0.7699999999999997957, 0.5749999999999999556, 1.190000000000000391 ) ) ;
#304 = PLANE ( 'NONE',  #1056 ) ;
#305 = LINE ( 'NONE', #364, #945 ) ;
#306 = ADVANCED_FACE ( 'NONE', ( #855 ), #73, .F. ) ;
#307 = DIRECTION ( 'NONE',  ( -1.000000000000000000, -0.000000000000000000, -0.000000000000000000 ) ) ;
#308 = VERTEX_POINT ( 'NONE', #2196 ) ;
#309 = CARTESIAN_POINT ( 'NONE',  ( -0.7699999999999997957, 0.4899999999999999911, 1.190000000000000391 ) ) ;
#310 = PLANE ( 'NONE',  #1065 ) ;
#311 = EDGE_CURVE ( 'NONE', #1971, #184, #1319, .T. ) ;
#312 = VERTEX_POINT ( 'NONE', #2060 ) ;
#313 = ORIENTED_EDGE ( 'NONE', *, *, #1892, .T. ) ;
#314 = DIRECTION ( 'NONE',  ( 0.000000000000000000, 1.000000000000000000, 0.000000000000000000 ) ) ;
#315 = CARTESIAN_POINT ( 'NONE',  ( 0.7699999999999997957, 0.3950000000000000733, 1.041037933611910660 ) ) ;
#316 = ORIENTED_EDGE ( 'NONE', *, *, #1827, .F. ) ;
#317 = VERTEX_POINT ( 'NONE', #1348 ) ;
#318 = COLOUR_RGB ( '',1.000000000000000000, 1.000000000000000000, 1.000000000000000000 ) ;
#319 = DIRECTION ( 'NONE',  ( 0.1041158412590671434, 0.9891004919611724455, 0.1041158412590671295 ) ) ;
#320 = AXIS2_PLACEMENT_3D ( 'NONE', #115, #307, #1247 ) ;
#321 = CARTESIAN_POINT ( 'NONE',  ( 1.279999999999999805, -0.04250000000000003081, 0.7163914178109010988 ) ) ;
#322 = CARTESIAN_POINT ( 'NONE',  ( 1.279999999999999805, 0.4899999999999999911, 1.036842435456025058 ) ) ;
#323 = EDGE_CURVE ( 'NONE', #1379, #312, #624, .T. ) ;
#324 = COLOUR_RGB ( '',1.000000000000000000, 1.000000000000000000, 1.000000000000000000 ) ;
#325 = LINE ( 'NONE', #1985, #465 ) ;
#326 = DIRECTION ( 'NONE',  ( 0.000000000000000000, -0.9848077530122085754, -0.1736481776669273058 ) ) ;
#327 = DIRECTION ( 'NONE',  ( 0.000000000000000000, -9.027723681967363653E-17, 1.000000000000000000 ) ) ;
#328 = CARTESIAN_POINT ( 'NONE',  ( 0.2550000000000000044, 0.1374999999999999556, -0.7163914178109024311 ) ) ;
#329 = CARTESIAN_POINT ( 'NONE',  ( 0.2550000000000000044, -0.04250000000000003081, -0.7163914178109012099 ) ) ;
#330 = CARTESIAN_POINT ( 'NONE',  ( 1.279999999999999805, -0.04250000000000003081, 0.7163914178109010988 ) ) ;
#331 =( NAMED_UNIT ( * ) PLANE_ANGLE_UNIT ( ) SI_UNIT ( $, .RADIAN. ) );
#332 = FILL_AREA_STYLE_COLOUR ( '', #902 ) ;
#333 = AXIS2_PLACEMENT_3D ( 'NONE', #2051, #76, #467 ) ;
#334 = COLOUR_RGB ( '',0.2509803921568627416, 0.2509803921568627416, 0.2509803921568627416 ) ;
#335 = VECTOR ( 'NONE', #1544, 999.9999999999998863 ) ;
#336 = DIRECTION ( 'NONE',  ( 0.000000000000000000, 0.000000000000000000, -1.000000000000000000 ) ) ;
#337 = DIRECTION ( 'NONE',  ( 0.000000000000000000, 0.9945054529214063521, 0.1046847845180393088 ) ) ;
#338 = STYLED_ITEM ( 'NONE', ( #23 ), #1962 ) ;
#339 = FACE_OUTER_BOUND ( 'NONE', #2154, .T. ) ;
#340 = SURFACE_STYLE_FILL_AREA ( #594 ) ;
#341 = CARTESIAN_POINT ( 'NONE',  ( 1.399999999999999689, 0.4749999999999999778, -0.6500000000000002442 ) ) ;
#342 = SURFACE_SIDE_STYLE ('',( #160 ) ) ;
#343 = ORIENTED_EDGE ( 'NONE', *, *, #1266, .F. ) ;
#344 = COLOUR_RGB ( '',1.000000000000000000, 1.000000000000000000, 1.000000000000000000 ) ;
#345 = ORIENTED_EDGE ( 'NONE', *, *, #719, .T. ) ;
#346 = VERTEX_POINT ( 'NONE', #1572 ) ;
#347 = FILL_AREA_STYLE_COLOUR ( '', #66 ) ;
#348 = PLANE ( 'NONE',  #1200 ) ;
#349 = DIRECTION ( 'NONE',  ( -0.000000000000000000, -0.9848077530122086864, -0.1736481776669273058 ) ) ;
#350 = EDGE_CURVE ( 'NONE', #90, #519, #798, .T. ) ;
#351 = EDGE_LOOP ( 'NONE', ( #1855, #1324, #1385, #581 ) ) ;
#352 = EDGE_CURVE ( 'NONE', #369, #1553, #1752, .T. ) ;
#353 = FACE_OUTER_BOUND ( 'NONE', #725, .T. ) ;
#354 =( LENGTH_UNIT ( ) NAMED_UNIT ( * ) SI_UNIT ( .MILLI., .METRE. ) );
#355 = CARTESIAN_POINT ( 'NONE',  ( 0.7699999999999997957, -0.04250000000000003081, 0.7163914178109010988 ) ) ;
#356 = EDGE_CURVE ( 'NONE', #366, #1451, #1239, .T. ) ;
#357 = FILL_AREA_STYLE_COLOUR ( '', #1235 ) ;
#358 =( LENGTH_UNIT ( ) NAMED_UNIT ( * ) SI_UNIT ( .MILLI., .METRE. ) );
#359 = SURFACE_STYLE_USAGE ( .BOTH. , #551 ) ;
#360 = SURFACE_SIDE_STYLE ('',( #1406 ) ) ;
#361 = CARTESIAN_POINT ( 'NONE',  ( 1.399999999999999689, 0.4749999999999999778, -0.6000000000000004219 ) ) ;
#362 = FACE_OUTER_BOUND ( 'NONE', #351, .T. ) ;
#363 = MECHANICAL_DESIGN_GEOMETRIC_PRESENTATION_REPRESENTATION (  '', ( #249 ), #68 ) ;
#364 = CARTESIAN_POINT ( 'NONE',  ( 0.2550000000000000044, -1.566672139241553907E-14, -0.6500000000000001332 ) ) ;
#365 = VECTOR ( 'NONE', #195, 1000.000000000000000 ) ;
#366 = VERTEX_POINT ( 'NONE', #1900 ) ;
#367 = MECHANICAL_DESIGN_GEOMETRIC_PRESENTATION_REPRESENTATION (  '', ( #1190 ), #1109 ) ;
#368 =( GEOMETRIC_REPRESENTATION_CONTEXT ( 3 ) GLOBAL_UNCERTAINTY_ASSIGNED_CONTEXT ( ( #654 ) ) GLOBAL_UNIT_ASSIGNED_CONTEXT ( ( #1764, #1942, #866 ) ) REPRESENTATION_CONTEXT ( 'NONE', 'WORKASPACE' ) );
#369 = VERTEX_POINT ( 'NONE', #130 ) ;
#370 = DIRECTION ( 'NONE',  ( -0.000000000000000000, -1.000000000000000000, -0.000000000000000000 ) ) ;
#371 = ORIENTED_EDGE ( 'NONE', *, *, #442, .F. ) ;
#372 = EDGE_LOOP ( 'NONE', ( #2327, #57, #1354, #807 ) ) ;
#373 = DIRECTION ( 'NONE',  ( 1.000000000000000000, -0.000000000000000000, 0.000000000000000000 ) ) ;
#374 = MECHANICAL_DESIGN_GEOMETRIC_PRESENTATION_REPRESENTATION (  '', ( #14 ), #1735 ) ;
#375 = ORIENTED_EDGE ( 'NONE', *, *, #1337, .F. ) ;
#376 = VERTEX_POINT ( 'NONE', #679 ) ;
#377 = ORIENTED_EDGE ( 'NONE', *, *, #1039, .T. ) ;
#378 = EDGE_CURVE ( 'NONE', #610, #308, #1440, .T. ) ;
#379 = FACE_OUTER_BOUND ( 'NONE', #1494, .T. ) ;
#380 = FACE_OUTER_BOUND ( 'NONE', #1001, .T. ) ;
#381 = MECHANICAL_DESIGN_GEOMETRIC_PRESENTATION_REPRESENTATION (  '', ( #555 ), #955 ) ;
#382 = CARTESIAN_POINT ( 'NONE',  ( 0.2550000000000000044, 0.4899999999999999911, -1.036842435456025280 ) ) ;
#383 = CARTESIAN_POINT ( 'NONE',  ( 0.2550000000000000044, 0.1062433280199540919, -0.8936568133531002101 ) ) ;
#384 = STYLED_ITEM ( 'NONE', ( #825 ), #1737 ) ;
#385 =( LENGTH_UNIT ( ) NAMED_UNIT ( * ) SI_UNIT ( .MILLI., .METRE. ) );
#386 = FILL_AREA_STYLE_COLOUR ( '', #1351 ) ;
#387 = SURFACE_STYLE_USAGE ( .BOTH. , #1111 ) ;
#388 = EDGE_CURVE ( 'NONE', #1477, #553, #1, .T. ) ;
#389 = FACE_OUTER_BOUND ( 'NONE', #916, .T. ) ;
#390 = SURFACE_STYLE_FILL_AREA ( #169 ) ;
#391 = DIRECTION ( 'NONE',  ( -1.000000000000000000, 0.000000000000000000, -0.000000000000000000 ) ) ;
#392 = SURFACE_STYLE_FILL_AREA ( #1763 ) ;
#393 = SURFACE_STYLE_USAGE ( .BOTH. , #219 ) ;
#394 = PRESENTATION_LAYER_ASSIGNMENT (  '', '', ( #384 ) ) ;
#395 = COLOUR_RGB ( '',1.000000000000000000, 1.000000000000000000, 1.000000000000000000 ) ;
#396 = VECTOR ( 'NONE', #1305, 1000.000000000000000 ) ;
#397 = EDGE_CURVE ( 'NONE', #1788, #317, #1467, .T. ) ;
#398 = CARTESIAN_POINT ( 'NONE',  ( 1.393495934959349869, 0.5367886178861768220, -0.5934959349593503797 ) ) ;
#399 =( NAMED_UNIT ( * ) SI_UNIT ( $, .STERADIAN. ) SOLID_ANGLE_UNIT ( ) );
#400 = PRESENTATION_STYLE_ASSIGNMENT (( #1535 ) ) ;
#401 = ORIENTED_EDGE ( 'NONE', *, *, #847, .T. ) ;
#402 = FILL_AREA_STYLE_COLOUR ( '', #862 ) ;
#403 = SURFACE_STYLE_FILL_AREA ( #152 ) ;
#404 = ORIENTED_EDGE ( 'NONE', *, *, #1736, .T. ) ;
#405 = ORIENTED_EDGE ( 'NONE', *, *, #323, .F. ) ;
#406 = CARTESIAN_POINT ( 'NONE',  ( 1.279999999999999805, 0.4899999999999999911, 1.036842435456025058 ) ) ;
#407 =( NAMED_UNIT ( * ) PLANE_ANGLE_UNIT ( ) SI_UNIT ( $, .RADIAN. ) );
#408 = CARTESIAN_POINT ( 'NONE',  ( 1.279999999999999805, 0.3950000000000000733, 1.041037933611910660 ) ) ;
#409 = UNCERTAINTY_MEASURE_WITH_UNIT (LENGTH_MEASURE( 1.000000000000000082E-05 ), #915, 'distance_accuracy_value', 'NONE');
#410 = VECTOR ( 'NONE', #2315, 1000.000000000000000 ) ;
#411 = PLANE ( 'NONE',  #298 ) ;
#412 = PRESENTATION_LAYER_ASSIGNMENT (  '', '', ( #735 ) ) ;
#413 =( LENGTH_UNIT ( ) NAMED_UNIT ( * ) SI_UNIT ( .MILLI., .METRE. ) );
#414 =( GEOMETRIC_REPRESENTATION_CONTEXT ( 3 ) GLOBAL_UNCERTAINTY_ASSIGNED_CONTEXT ( ( #1696 ) ) GLOBAL_UNIT_ASSIGNED_CONTEXT ( ( #1261, #178, #538 ) ) REPRESENTATION_CONTEXT ( 'NONE', 'WORKASPACE' ) );
#415 = PRESENTATION_LAYER_ASSIGNMENT (  '', '', ( #338 ) ) ;
#416 = LINE ( 'NONE', #1460, #1104 ) ;
#417 = FILL_AREA_STYLE_COLOUR ( '', #701 ) ;
#418 = DIRECTION ( 'NONE',  ( -1.000000000000000000, 0.000000000000000000, 1.495451272393799296E-16 ) ) ;
#419 = VECTOR ( 'NONE', #2305, 1000.000000000000227 ) ;
#420 = MECHANICAL_DESIGN_GEOMETRIC_PRESENTATION_REPRESENTATION (  '', ( #1826 ), #983 ) ;
#421 = SURFACE_STYLE_FILL_AREA ( #2260 ) ;
#422 = EDGE_CURVE ( 'NONE', #1632, #2012, #1643, .T. ) ;
#423 = EDGE_LOOP ( 'NONE', ( #1186, #947, #1887, #1328 ) ) ;
#424 = DIRECTION ( 'NONE',  ( -1.000000000000000000, -0.000000000000000000, 0.000000000000000000 ) ) ;
#425 = FACE_OUTER_BOUND ( 'NONE', #1097, .T. ) ;
#426 =( GEOMETRIC_REPRESENTATION_CONTEXT ( 3 ) GLOBAL_UNCERTAINTY_ASSIGNED_CONTEXT ( ( #1602 ) ) GLOBAL_UNIT_ASSIGNED_CONTEXT ( ( #34, #2041, #1876 ) ) REPRESENTATION_CONTEXT ( 'NONE', 'WORKASPACE' ) );
#427 = DIRECTION ( 'NONE',  ( -1.000000000000000000, -0.000000000000000000, -0.000000000000000000 ) ) ;
#428 = FACE_OUTER_BOUND ( 'NONE', #423, .T. ) ;
#429 = VERTEX_POINT ( 'NONE', #1012 ) ;
#430 =( NAMED_UNIT ( * ) SI_UNIT ( $, .STERADIAN. ) SOLID_ANGLE_UNIT ( ) );
#431 = MECHANICAL_DESIGN_GEOMETRIC_PRESENTATION_REPRESENTATION (  '', ( #1546 ), #1042 ) ;
#432 = EDGE_LOOP ( 'NONE', ( #1210, #609, #458, #1998 ) ) ;
#433 = ORIENTED_EDGE ( 'NONE', *, *, #22, .T. ) ;
#434 = PRESENTATION_STYLE_ASSIGNMENT (( #359 ) ) ;
#435 = EDGE_LOOP ( 'NONE', ( #2181, #1822, #1037, #602 ) ) ;
#436 = DIRECTION ( 'NONE',  ( -1.000000000000000000, -0.000000000000000000, -0.000000000000000000 ) ) ;
#437 = PLANE ( 'NONE',  #1473 ) ;
#438 = PRESENTATION_LAYER_ASSIGNMENT (  '', '', ( #536 ) ) ;
#439 = LINE ( 'NONE', #490, #1947 ) ;
#440 = DIRECTION ( 'NONE',  ( -0.000000000000000000, 9.562201118380665332E-17, -1.000000000000000000 ) ) ;
#441 = CIRCLE ( 'NONE', #60, 0.08999999999999991340 ) ;
#442 = EDGE_CURVE ( 'NONE', #1353, #1179, #1085, .T. ) ;
#443 = UNCERTAINTY_MEASURE_WITH_UNIT (LENGTH_MEASURE( 1.000000000000000082E-05 ), #1774, 'distance_accuracy_value', 'NONE');
#444 = CARTESIAN_POINT ( 'NONE',  ( 0.7699999999999997957, -0.04250000000000000305, 0.6455263157894751691 ) ) ;
#445 = AXIS2_PLACEMENT_3D ( 'NONE', #517, #1811, #1070 ) ;
#446 = SURFACE_SIDE_STYLE ('',( #1146 ) ) ;
#447 = CARTESIAN_POINT ( 'NONE',  ( -1.279999999999999805, 0.5749999999999999556, 1.041037933611912214 ) ) ;
#448 = COLOUR_RGB ( '',1.000000000000000000, 1.000000000000000000, 1.000000000000000000 ) ;
#449 = LINE ( 'NONE', #1187, #1904 ) ;
#450 = FACE_OUTER_BOUND ( 'NONE', #151, .T. ) ;
#451 = FILL_AREA_STYLE ('',( #1740 ) ) ;
#452 = LINE ( 'NONE', #341, #518 ) ;
#453 = ORIENTED_EDGE ( 'NONE', *, *, #1778, .F. ) ;
#454 = ADVANCED_FACE ( 'NONE', ( #339 ), #1616, .F. ) ;
#455 = DIRECTION ( 'NONE',  ( 0.000000000000000000, -9.562201118380665332E-17, 1.000000000000000000 ) ) ;
#456 = PRODUCT_RELATED_PRODUCT_CATEGORY ( 'part', '', ( #1889 ) ) ;
#457 = SURFACE_STYLE_FILL_AREA ( #1313 ) ;
#458 = ORIENTED_EDGE ( 'NONE', *, *, #2188, .F. ) ;
#459 = ORIENTED_EDGE ( 'NONE', *, *, #2015, .T. ) ;
#460 = FACE_OUTER_BOUND ( 'NONE', #2097, .T. ) ;
#461 = ORIENTED_EDGE ( 'NONE', *, *, #686, .F. ) ;
#462 = STYLED_ITEM ( 'NONE', ( #626 ), #1924 ) ;
#463 = VERTEX_POINT ( 'NONE', #656 ) ;
#464 = CARTESIAN_POINT ( 'NONE',  ( 1.449999999999999734, 1.577514160966408951E-14, 0.6499999999999996891 ) ) ;
#465 = VECTOR ( 'NONE', #1622, 1000.000000000000000 ) ;
#466 = CARTESIAN_POINT ( 'NONE',  ( 0.7699999999999997957, 0.5749999999999999556, 1.041037933611911770 ) ) ;
#467 = DIRECTION ( 'NONE',  ( 1.000000000000000000, 0.000000000000000000, 0.000000000000000000 ) ) ;
#468 = PRESENTATION_STYLE_ASSIGNMENT (( #268 ) ) ;
#469 = EDGE_CURVE ( 'NONE', #1445, #2070, #2279, .T. ) ;
#470 = EDGE_CURVE ( 'NONE', #2236, #1728, #479, .T. ) ;
#471 = CARTESIAN_POINT ( 'NONE',  ( -1.393495934959350091, 0.5367886178861767110, -0.5934959349593499356 ) ) ;
#472 = AXIS2_PLACEMENT_3D ( 'NONE', #775, #1204, #1577 ) ;
#473 = DIRECTION ( 'NONE',  ( 0.000000000000000000, 0.000000000000000000, 1.000000000000000000 ) ) ;
#474 = FILL_AREA_STYLE_COLOUR ( '', #2092 ) ;
#475 = FILL_AREA_STYLE ('',( #123 ) ) ;
#476 = LINE ( 'NONE', #1786, #1400 ) ;
#477 = ADVANCED_FACE ( 'NONE', ( #715 ), #81, .F. ) ;
#478 = DIRECTION ( 'NONE',  ( -1.000000000000000000, -0.000000000000000000, -0.000000000000000000 ) ) ;
#479 = LINE ( 'NONE', #276, #1878 ) ;
#480 = UNCERTAINTY_MEASURE_WITH_UNIT (LENGTH_MEASURE( 1.000000000000000082E-05 ), #1593, 'distance_accuracy_value', 'NONE');
#481 = LINE ( 'NONE', #1421, #972 ) ;
#482 = VECTOR ( 'NONE', #1994, 1000.000000000000000 ) ;
#483 = ORIENTED_EDGE ( 'NONE', *, *, #388, .T. ) ;
#484 = CARTESIAN_POINT ( 'NONE',  ( 0.7699999999999997957, 0.1062433280199540919, 0.8936568133531000990 ) ) ;
#485 = ORIENTED_EDGE ( 'NONE', *, *, #2245, .T. ) ;
#486 = CIRCLE ( 'NONE', #2009, 0.1799999999999999378 ) ;
#487 = DIRECTION ( 'NONE',  ( 0.1041158412590671434, -0.9891004919611724455, -0.1041158412590671573 ) ) ;
#488 = ORIENTED_EDGE ( 'NONE', *, *, #861, .F. ) ;
#489 = ORIENTED_EDGE ( 'NONE', *, *, #1462, .F. ) ;
#490 = CARTESIAN_POINT ( 'NONE',  ( 1.279999999999999805, -0.04250000000000000305, 0.6455263157894751691 ) ) ;
#491 = AXIS2_PLACEMENT_3D ( 'NONE', #1981, #711, #168 ) ;
#492 =( NAMED_UNIT ( * ) PLANE_ANGLE_UNIT ( ) SI_UNIT ( $, .RADIAN. ) );
#493 = DIRECTION ( 'NONE',  ( -1.000000000000000000, -0.000000000000000000, 0.000000000000000000 ) ) ;
#494 = AXIS2_PLACEMENT_3D ( 'NONE', #1052, #2324, #1799 ) ;
#495 = SURFACE_STYLE_USAGE ( .BOTH. , #1226 ) ;
#496 = LINE ( 'NONE', #471, #2235 ) ;
#497 = ADVANCED_FACE ( 'NONE', ( #145 ), #1139, .F. ) ;
#498 = AXIS2_PLACEMENT_3D ( 'NONE', #1290, #708, #190 ) ;
#499 = VERTEX_POINT ( 'NONE', #1267 ) ;
#500 = DIRECTION ( 'NONE',  ( -1.000000000000000000, -0.000000000000000000, -0.000000000000000000 ) ) ;
#501 =( NAMED_UNIT ( * ) PLANE_ANGLE_UNIT ( ) SI_UNIT ( $, .RADIAN. ) );
#502 = SURFACE_STYLE_FILL_AREA ( #1722 ) ;
#503 = DIRECTION ( 'NONE',  ( 0.1041158412590671434, -0.9891004919611724455, 0.1041158412590671295 ) ) ;
#504 =( NAMED_UNIT ( * ) SI_UNIT ( $, .STERADIAN. ) SOLID_ANGLE_UNIT ( ) );
#506 = EDGE_CURVE ( 'NONE', #2150, #1091, #942, .T. ) ;
#505 = SURFACE_SIDE_STYLE ('',( #2202 ) ) ;
#507 = DIRECTION ( 'NONE',  ( 0.000000000000000000, -1.000000000000000000, -9.027723681967364885E-17 ) ) ;
#508 = ADVANCED_FACE ( 'NONE', ( #2149 ), #2250, .F. ) ;
#509 = CARTESIAN_POINT ( 'NONE',  ( -1.450000000000000178, -1.566672139241553907E-14, 0.6500000000000001332 ) ) ;
#510 = DIRECTION ( 'NONE',  ( 0.000000000000000000, 0.000000000000000000, 1.000000000000000000 ) ) ;
#511 =( NAMED_UNIT ( * ) PLANE_ANGLE_UNIT ( ) SI_UNIT ( $, .RADIAN. ) );
#512 = PRESENTATION_LAYER_ASSIGNMENT (  '', '', ( #237 ) ) ;
#513 = LINE ( 'NONE', #684, #1806 ) ;
#514 = VECTOR ( 'NONE', #634, 1000.000000000000000 ) ;
#515 = FILL_AREA_STYLE ('',( #1628 ) ) ;
#516 = UNCERTAINTY_MEASURE_WITH_UNIT (LENGTH_MEASURE( 1.000000000000000082E-05 ), #1153, 'distance_accuracy_value', 'NONE');
#517 = CARTESIAN_POINT ( 'NONE',  ( -1.279999999999999805, 0.1374999999999999556, 0.7163914178109025421 ) ) ;
#518 = VECTOR ( 'NONE', #2152, 1000.000000000000000 ) ;
#519 = VERTEX_POINT ( 'NONE', #2140 ) ;
#520 = ORIENTED_EDGE ( 'NONE', *, *, #1541, .T. ) ;
#521 = FILL_AREA_STYLE ('',( #1084 ) ) ;
#522 = ORIENTED_EDGE ( 'NONE', *, *, #156, .T. ) ;
#523 = ORIENTED_EDGE ( 'NONE', *, *, #1736, .F. ) ;
#524 = DIRECTION ( 'NONE',  ( 0.000000000000000000, 0.000000000000000000, 1.000000000000000000 ) ) ;
#525 = DIRECTION ( 'NONE',  ( 0.000000000000000000, 9.027723681967364885E-17, -1.000000000000000000 ) ) ;
#526 = ORIENTED_EDGE ( 'NONE', *, *, #1848, .T. ) ;
#527 = ORIENTED_EDGE ( 'NONE', *, *, #1360, .T. ) ;
#528 = MECHANICAL_DESIGN_GEOMETRIC_PRESENTATION_REPRESENTATION (  '', ( #843 ), #1344 ) ;
#529 =( LENGTH_UNIT ( ) NAMED_UNIT ( * ) SI_UNIT ( .MILLI., .METRE. ) );
#530 = CARTESIAN_POINT ( 'NONE',  ( 1.279999999999999805, 0.1062433280199540919, 0.8936568133531000990 ) ) ;
#531 = EDGE_CURVE ( 'NONE', #2236, #260, #1807, .T. ) ;
#532 = PRESENTATION_STYLE_ASSIGNMENT (( #1436 ) ) ;
#533 = SURFACE_SIDE_STYLE ('',( #1690 ) ) ;
#534 = FILL_AREA_STYLE ('',( #734 ) ) ;
#535 = SURFACE_STYLE_USAGE ( .BOTH. , #342 ) ;
#536 = STYLED_ITEM ( 'NONE', ( #1116 ), #99 ) ;
#537 = DIRECTION ( 'NONE',  ( -0.000000000000000000, -1.000000000000000000, -0.000000000000000000 ) ) ;
#538 =( NAMED_UNIT ( * ) SI_UNIT ( $, .STERADIAN. ) SOLID_ANGLE_UNIT ( ) );
#539 = SURFACE_SIDE_STYLE ('',( #146 ) ) ;
#540 = CARTESIAN_POINT ( 'NONE',  ( -0.7699999999999997957, 0.1374999999999999556, 0.7163914178109025421 ) ) ;
#541 = MECHANICAL_DESIGN_GEOMETRIC_PRESENTATION_REPRESENTATION (  '', ( #1956 ), #936 ) ;
#542 = PLANE ( 'NONE',  #2241 ) ;
#543 = PRESENTATION_LAYER_ASSIGNMENT (  '', '', ( #1190 ) ) ;
#544 = AXIS2_PLACEMENT_3D ( 'NONE', #1454, #723, #524 ) ;
#545 = SURFACE_STYLE_USAGE ( .BOTH. , #687 ) ;
#546 = VECTOR ( 'NONE', #2338, 1000.000000000000000 ) ;
#547 = LINE ( 'NONE', #1633, #1812 ) ;
#548 =( NAMED_UNIT ( * ) PLANE_ANGLE_UNIT ( ) SI_UNIT ( $, .RADIAN. ) );
#549 =( NAMED_UNIT ( * ) SI_UNIT ( $, .STERADIAN. ) SOLID_ANGLE_UNIT ( ) );
#550 = ORIENTED_EDGE ( 'NONE', *, *, #963, .T. ) ;
#551 = SURFACE_SIDE_STYLE ('',( #957 ) ) ;
#552 = ORIENTED_EDGE ( 'NONE', *, *, #2164, .F. ) ;
#553 = VERTEX_POINT ( 'NONE', #1194 ) ;
#554 = EDGE_CURVE ( 'NONE', #2264, #1282, #449, .T. ) ;
#555 = STYLED_ITEM ( 'NONE', ( #1101 ), #1668 ) ;
#556 =( LENGTH_UNIT ( ) NAMED_UNIT ( * ) SI_UNIT ( .MILLI., .METRE. ) );
#557 = LINE ( 'NONE', #139, #1422 ) ;
#558 = FILL_AREA_STYLE_COLOUR ( '', #1618 ) ;
#559 = CARTESIAN_POINT ( 'NONE',  ( -0.2550000000000000044, -1.566672139241553907E-14, -0.6500000000000001332 ) ) ;
#560 = AXIS2_PLACEMENT_3D ( 'NONE', #1512, #2046, #640 ) ;
#561 = UNCERTAINTY_MEASURE_WITH_UNIT (LENGTH_MEASURE( 1.000000000000000082E-05 ), #1661, 'distance_accuracy_value', 'NONE');
#562 = DIRECTION ( 'NONE',  ( 0.000000000000000000, 0.000000000000000000, -1.000000000000000000 ) ) ;
#563 = AXIS2_PLACEMENT_3D ( 'NONE', #2187, #949, #1507 ) ;
#564 = FILL_AREA_STYLE_COLOUR ( '', #142 ) ;
#565 = DIRECTION ( 'NONE',  ( -0.000000000000000000, 0.9945054529214056860, 0.1046847845180453873 ) ) ;
#566 = EDGE_CURVE ( 'NONE', #1861, #2047, #1551, .T. ) ;
#567 =( NAMED_UNIT ( * ) PLANE_ANGLE_UNIT ( ) SI_UNIT ( $, .RADIAN. ) );
#568 = CARTESIAN_POINT ( 'NONE',  ( 0.2550000000000000044, 0.1325000000000000067, -0.7205869159667889212 ) ) ;
#569 =( GEOMETRIC_REPRESENTATION_CONTEXT ( 3 ) GLOBAL_UNCERTAINTY_ASSIGNED_CONTEXT ( ( #2223 ) ) GLOBAL_UNIT_ASSIGNED_CONTEXT ( ( #2276, #1020, #1191 ) ) REPRESENTATION_CONTEXT ( 'NONE', 'WORKASPACE' ) );
#570 = CARTESIAN_POINT ( 'NONE',  ( -0.7699999999999997957, 0.5749999999999999556, 1.041037933611912214 ) ) ;
#571 = EDGE_CURVE ( 'NONE', #122, #1302, #2084, .T. ) ;
#572 =( NAMED_UNIT ( * ) PLANE_ANGLE_UNIT ( ) SI_UNIT ( $, .RADIAN. ) );
#573 = PRESENTATION_STYLE_ASSIGNMENT (( #495 ) ) ;
#574 = CIRCLE ( 'NONE', #498, 0.1799999999999999378 ) ;
#575 = ORIENTED_EDGE ( 'NONE', *, *, #963, .F. ) ;
#576 =( GEOMETRIC_REPRESENTATION_CONTEXT ( 3 ) GLOBAL_UNCERTAINTY_ASSIGNED_CONTEXT ( ( #242 ) ) GLOBAL_UNIT_ASSIGNED_CONTEXT ( ( #1222, #2100, #1015 ) ) REPRESENTATION_CONTEXT ( 'NONE', 'WORKASPACE' ) );
#577 = COLOUR_RGB ( '',1.000000000000000000, 1.000000000000000000, 1.000000000000000000 ) ;
#578 = VERTEX_POINT ( 'NONE', #1899 ) ;
#579 = ORIENTED_EDGE ( 'NONE', *, *, #1664, .T. ) ;
#580 = DIRECTION ( 'NONE',  ( -1.000000000000000000, -0.000000000000000000, -0.000000000000000000 ) ) ;
#581 = ORIENTED_EDGE ( 'NONE', *, *, #1002, .T. ) ;
#582 = ORIENTED_EDGE ( 'NONE', *, *, #1485, .F. ) ;
#583 = PLANE ( 'NONE',  #1443 ) ;
#584 = LINE ( 'NONE', #638, #750 ) ;
#585 = LINE ( 'NONE', #233, #1978 ) ;
#586 = VECTOR ( 'NONE', #884, 1000.000000000000000 ) ;
#587 = FILL_AREA_STYLE ('',( #558 ) ) ;
#588 = STYLED_ITEM ( 'NONE', ( #2168 ), #2246 ) ;
#589 = FILL_AREA_STYLE_COLOUR ( '', #395 ) ;
#590 = UNCERTAINTY_MEASURE_WITH_UNIT (LENGTH_MEASURE( 1.000000000000000082E-05 ), #2291, 'distance_accuracy_value', 'NONE');
#591 = DIRECTION ( 'NONE',  ( 0.000000000000000000, 0.000000000000000000, -1.000000000000000000 ) ) ;
#592 =( NAMED_UNIT ( * ) PLANE_ANGLE_UNIT ( ) SI_UNIT ( $, .RADIAN. ) );
#593 = DIRECTION ( 'NONE',  ( -1.000000000000000000, 0.000000000000000000, 1.495451272393799296E-16 ) ) ;
#594 = FILL_AREA_STYLE ('',( #589 ) ) ;
#595 = EDGE_CURVE ( 'NONE', #830, #1759, #1620, .T. ) ;
#596 = VECTOR ( 'NONE', #102, 1000.000000000000000 ) ;
#597 = CARTESIAN_POINT ( 'NONE',  ( 1.279999999999999805, 0.1168716640099770748, 0.8092196137378875331 ) ) ;
#598 = LINE ( 'NONE', #1058, #1347 ) ;
#599 =( NAMED_UNIT ( * ) SI_UNIT ( $, .STERADIAN. ) SOLID_ANGLE_UNIT ( ) );
#600 = PRESENTATION_STYLE_ASSIGNMENT (( #2003 ) ) ;
#601 = MECHANICAL_DESIGN_GEOMETRIC_PRESENTATION_REPRESENTATION (  '', ( #384 ), #994 ) ;
#602 = ORIENTED_EDGE ( 'NONE', *, *, #847, .F. ) ;
#603 = CYLINDRICAL_SURFACE ( 'NONE', #1291, 0.08999999999999991340 ) ;
#604 = CYLINDRICAL_SURFACE ( 'NONE', #2210, 0.09000000000000002442 ) ;
#605 = ORIENTED_EDGE ( 'NONE', *, *, #617, .F. ) ;
#606 = FACE_OUTER_BOUND ( 'NONE', #1650, .T. ) ;
#607 = EDGE_LOOP ( 'NONE', ( #2045, #453, #1840, #51 ) ) ;
#608 = DIRECTION ( 'NONE',  ( 1.000000000000000000, 0.000000000000000000, 0.000000000000000000 ) ) ;
#609 = ORIENTED_EDGE ( 'NONE', *, *, #617, .T. ) ;
#610 = VERTEX_POINT ( 'NONE', #813 ) ;
#611 = CARTESIAN_POINT ( 'NONE',  ( 0.7699999999999997957, 0.4000000000000000222, 1.036842435456024392 ) ) ;
#612 = ORIENTED_EDGE ( 'NONE', *, *, #1951, .T. ) ;
#613 = SURFACE_SIDE_STYLE ('',( #1321 ) ) ;
#614 = SURFACE_STYLE_USAGE ( .BOTH. , #265 ) ;
#615 = VECTOR ( 'NONE', #337, 1000.000000000000227 ) ;
#616 =( GEOMETRIC_REPRESENTATION_CONTEXT ( 3 ) GLOBAL_UNCERTAINTY_ASSIGNED_CONTEXT ( ( #981 ) ) GLOBAL_UNIT_ASSIGNED_CONTEXT ( ( #1944, #89, #2269 ) ) REPRESENTATION_CONTEXT ( 'NONE', 'WORKASPACE' ) );
#617 = EDGE_CURVE ( 'NONE', #308, #184, #1640, .T. ) ;
#618 = UNCERTAINTY_MEASURE_WITH_UNIT (LENGTH_MEASURE( 1.000000000000000082E-05 ), #1318, 'distance_accuracy_value', 'NONE');
#619 =( GEOMETRIC_REPRESENTATION_CONTEXT ( 3 ) GLOBAL_UNCERTAINTY_ASSIGNED_CONTEXT ( ( #910 ) ) GLOBAL_UNIT_ASSIGNED_CONTEXT ( ( #413, #2208, #599 ) ) REPRESENTATION_CONTEXT ( 'NONE', 'WORKASPACE' ) );
#620 = DIRECTION ( 'NONE',  ( 0.000000000000000000, 0.000000000000000000, 1.000000000000000000 ) ) ;
#621 = PRESENTATION_STYLE_ASSIGNMENT (( #144 ) ) ;
#622 = EDGE_CURVE ( 'NONE', #1207, #2150, #761, .T. ) ;
#623 = CARTESIAN_POINT ( 'NONE',  ( -0.2550000000000000044, 0.1374999999999999556, -0.7163914178109024311 ) ) ;
#624 = CIRCLE ( 'NONE', #732, 0.08999999999999991340 ) ;
#625 = SURFACE_STYLE_USAGE ( .BOTH. , #1570 ) ;
#626 = PRESENTATION_STYLE_ASSIGNMENT (( #900 ) ) ;
#627 = VERTEX_POINT ( 'NONE', #253 ) ;
#628 = STYLED_ITEM ( 'NONE', ( #996 ), #1605 ) ;
#629 = EDGE_LOOP ( 'NONE', ( #180, #2174, #1839, #1250 ) ) ;
#630 = ORIENTED_EDGE ( 'NONE', *, *, #836, .F. ) ;
#631 = ORIENTED_EDGE ( 'NONE', *, *, #2295, .F. ) ;
#632 = VERTEX_POINT ( 'NONE', #1176 ) ;
#633 = DIRECTION ( 'NONE',  ( -0.000000000000000000, -0.000000000000000000, 1.000000000000000000 ) ) ;
#634 = DIRECTION ( 'NONE',  ( -1.000000000000000000, -0.000000000000000000, -0.000000000000000000 ) ) ;
#635 = LINE ( 'NONE', #2058, #870 ) ;
#636 = ADVANCED_FACE ( 'NONE', ( #1850 ), #437, .T. ) ;
#637 = CARTESIAN_POINT ( 'NONE',  ( -1.279999999999999805, -1.566672139241553907E-14, 0.6500000000000001332 ) ) ;
#638 = CARTESIAN_POINT ( 'NONE',  ( 0.2550000000000000044, 0.1062433280199540919, -0.8936568133531002101 ) ) ;
#639 = PRESENTATION_LAYER_ASSIGNMENT (  '', '', ( #843 ) ) ;
#640 = DIRECTION ( 'NONE',  ( 0.000000000000000000, 0.000000000000000000, 1.000000000000000000 ) ) ;
#641 = STYLED_ITEM ( 'NONE', ( #1051 ), #675 ) ;
#642 = DIRECTION ( 'NONE',  ( 1.000000000000000000, 0.000000000000000000, 0.000000000000000000 ) ) ;
#643 = DIRECTION ( 'NONE',  ( 0.000000000000000000, 0.000000000000000000, 1.000000000000000000 ) ) ;
#644 = PRESENTATION_STYLE_ASSIGNMENT (( #614 ) ) ;
#645 = DIRECTION ( 'NONE',  ( 1.000000000000000000, 0.000000000000000000, -1.495451272393799296E-16 ) ) ;
#646 = LINE ( 'NONE', #1505, #1830 ) ;
#647 = CARTESIAN_POINT ( 'NONE',  ( 0.7699999999999997957, 0.1374999999999999556, 0.7163914178109023201 ) ) ;
#648 = DIRECTION ( 'NONE',  ( 1.000000000000000000, 0.000000000000000000, -1.495451272393799296E-16 ) ) ;
#649 = COLOUR_RGB ( '',1.000000000000000000, 1.000000000000000000, 1.000000000000000000 ) ;
#650 = VERTEX_POINT ( 'NONE', #2055 ) ;
#651 = SURFACE_SIDE_STYLE ('',( #1504 ) ) ;
#652 = AXIS2_PLACEMENT_3D ( 'NONE', #315, #1455, #2288 ) ;
#653 = EDGE_LOOP ( 'NONE', ( #1891, #2134, #2176, #1527 ) ) ;
#654 = UNCERTAINTY_MEASURE_WITH_UNIT (LENGTH_MEASURE( 1.000000000000000082E-05 ), #1764, 'distance_accuracy_value', 'NONE');
#655 = EDGE_LOOP ( 'NONE', ( #1705, #345, #918, #1590, #1624, #1995, #2197, #1126, #1245, #2262, #1064, #3, #741 ) ) ;
#656 = CARTESIAN_POINT ( 'NONE',  ( 0.7699999999999997957, 0.04249999999999815731, 0.6455263157894721715 ) ) ;
#657 = VECTOR ( 'NONE', #593, 1000.000000000000000 ) ;
#658 = ORIENTED_EDGE ( 'NONE', *, *, #506, .T. ) ;
#659 = ADVANCED_FACE ( 'NONE', ( #1745 ), #1024, .T. ) ;
#660 = MECHANICAL_DESIGN_GEOMETRIC_PRESENTATION_REPRESENTATION (  '', ( #338 ), #619 ) ;
#661 = ORIENTED_EDGE ( 'NONE', *, *, #105, .T. ) ;
#662 = LINE ( 'NONE', #2332, #2101 ) ;
#663 = DIRECTION ( 'NONE',  ( 0.000000000000000000, 0.000000000000000000, -1.000000000000000000 ) ) ;
#664 = VERTEX_POINT ( 'NONE', #1230 ) ;
#665 = VECTOR ( 'NONE', #503, 1000.000000000000114 ) ;
#666 = DIRECTION ( 'NONE',  ( 0.000000000000000000, 1.000000000000000000, 0.000000000000000000 ) ) ;
#667 = ORIENTED_EDGE ( 'NONE', *, *, #1266, .T. ) ;
#668 = CARTESIAN_POINT ( 'NONE',  ( -0.2550000000000000044, 0.04250000000000021816, -0.6455263157894722825 ) ) ;
#669 = VECTOR ( 'NONE', #700, 1000.000000000000000 ) ;
#670 = DIRECTION ( 'NONE',  ( -1.000000000000000000, -0.000000000000000000, -0.000000000000000000 ) ) ;
#672 = EDGE_CURVE ( 'NONE', #117, #927, #2277, .T. ) ;
#671 = CARTESIAN_POINT ( 'NONE',  ( 0.2550000000000000044, 0.4899999999999999911, -1.036842435456025280 ) ) ;
#673 = DIRECTION ( 'NONE',  ( -0.000000000000000000, 0.9945054529214056860, 0.1046847845180453873 ) ) ;
#674 = CARTESIAN_POINT ( 'NONE',  ( 0.7699999999999997957, 0.5749999999999999556, 1.041037933611911770 ) ) ;
#675 = ADVANCED_FACE ( 'NONE', ( #681 ), #310, .F. ) ;
#676 = SURFACE_STYLE_USAGE ( .BOTH. , #132 ) ;
#677 = CARTESIAN_POINT ( 'NONE',  ( 1.449999999999999734, 1.577514160966408951E-14, 0.6499999999999996891 ) ) ;
#678 = MECHANICAL_DESIGN_GEOMETRIC_PRESENTATION_REPRESENTATION (  '', ( #1468 ), #2165 ) ;
#679 = CARTESIAN_POINT ( 'NONE',  ( -0.7699999999999997957, 0.4899999999999999911, 1.190000000000000391 ) ) ;
#680 = PLANE ( 'NONE',  #1532 ) ;
#681 = FACE_OUTER_BOUND ( 'NONE', #655, .T. ) ;
#682 = FACE_OUTER_BOUND ( 'NONE', #1773, .T. ) ;
#683 = PRESENTATION_STYLE_ASSIGNMENT (( #832 ) ) ;
#684 = CARTESIAN_POINT ( 'NONE',  ( -1.400000000000000133, -0.4749999999999999778, 0.000000000000000000 ) ) ;
#685 =( LENGTH_UNIT ( ) NAMED_UNIT ( * ) SI_UNIT ( .MILLI., .METRE. ) );
#686 = EDGE_CURVE ( 'NONE', #801, #578, #476, .T. ) ;
#687 = SURFACE_SIDE_STYLE ('',( #1927 ) ) ;
#688 = COLOUR_RGB ( '',1.000000000000000000, 1.000000000000000000, 1.000000000000000000 ) ;
#689 = ADVANCED_FACE ( 'NONE', ( #389 ), #2293, .T. ) ;
#690 = SURFACE_STYLE_FILL_AREA ( #515 ) ;
#691 = ORIENTED_EDGE ( 'NONE', *, *, #554, .T. ) ;
#692 = CYLINDRICAL_SURFACE ( 'NONE', #563, 0.1799999999999999378 ) ;
#693 =( NAMED_UNIT ( * ) PLANE_ANGLE_UNIT ( ) SI_UNIT ( $, .RADIAN. ) );
#694 = DIRECTION ( 'NONE',  ( 0.9945054529214064631, 0.1046847845180391284, 0.000000000000000000 ) ) ;
#695 = ORIENTED_EDGE ( 'NONE', *, *, #1132, .T. ) ;
#696 = UNCERTAINTY_MEASURE_WITH_UNIT (LENGTH_MEASURE( 1.000000000000000082E-05 ), #2258, 'distance_accuracy_value', 'NONE');
#697 = ORIENTED_EDGE ( 'NONE', *, *, #571, .T. ) ;
#698 =( NAMED_UNIT ( * ) PLANE_ANGLE_UNIT ( ) SI_UNIT ( $, .RADIAN. ) );
#699 = STYLED_ITEM ( 'NONE', ( #1456 ), #1006 ) ;
#700 = DIRECTION ( 'NONE',  ( -0.000000000000000000, -0.000000000000000000, 1.000000000000000000 ) ) ;
#701 = COLOUR_RGB ( '',1.000000000000000000, 1.000000000000000000, 1.000000000000000000 ) ;
#702 = ORIENTED_EDGE ( 'NONE', *, *, #2048, .T. ) ;
#703 = AXIS2_PLACEMENT_3D ( 'NONE', #1762, #1769, #1594 ) ;
#704 = CARTESIAN_POINT ( 'NONE',  ( -0.7699999999999997957, 0.4262566719800459092, 0.8637725380697134359 ) ) ;
#705 =( NAMED_UNIT ( * ) PLANE_ANGLE_UNIT ( ) SI_UNIT ( $, .RADIAN. ) );
#706 = DIRECTION ( 'NONE',  ( -0.000000000000000000, 0.9945054529214056860, 0.1046847845180453873 ) ) ;
#707 = DIRECTION ( 'NONE',  ( -1.000000000000000000, -0.000000000000000000, 0.000000000000000000 ) ) ;
#708 = DIRECTION ( 'NONE',  ( 1.000000000000000000, 0.000000000000000000, -0.000000000000000000 ) ) ;
#709 = CARTESIAN_POINT ( 'NONE',  ( -8.972707634362799226E-17, -0.4749999999999999778, -0.6000000000000001998 ) ) ;
#710 = AXIS2_PLACEMENT_3D ( 'NONE', #1871, #2205, #47 ) ;
#711 = DIRECTION ( 'NONE',  ( -1.000000000000000000, -0.000000000000000000, 0.000000000000000000 ) ) ;
#712 = LINE ( 'NONE', #141, #1019 ) ;
#713 = STYLED_ITEM ( 'NONE', ( #1144 ), #1921 ) ;
#714 = SURFACE_SIDE_STYLE ('',( #1520 ) ) ;
#715 = FACE_OUTER_BOUND ( 'NONE', #1600, .T. ) ;
#716 = DIRECTION ( 'NONE',  ( 0.000000000000000000, -9.027723681967363653E-17, -1.000000000000000000 ) ) ;
#717 = ORIENTED_EDGE ( 'NONE', *, *, #672, .F. ) ;
#718 = VECTOR ( 'NONE', #2239, 1000.000000000000000 ) ;
#719 = EDGE_CURVE ( 'NONE', #211, #1857, #1198, .T. ) ;
#720 = LINE ( 'NONE', #704, #116 ) ;
#721 = EDGE_CURVE ( 'NONE', #1477, #664, #712, .T. ) ;
#722 = VERTEX_POINT ( 'NONE', #322 ) ;
#723 = DIRECTION ( 'NONE',  ( 1.000000000000000000, 0.000000000000000000, -0.000000000000000000 ) ) ;
#724 = SURFACE_SIDE_STYLE ('',( #1776 ) ) ;
#725 = EDGE_LOOP ( 'NONE', ( #809, #2331, #612, #1450, #691, #281, #2290, #1888, #1586, #1148, #1159, #749 ) ) ;
#726 = EDGE_LOOP ( 'NONE', ( #1991, #1277, #84, #1671, #316, #1182, #2204, #1003, #2294, #1028, #834, #1304, #799 ) ) ;
#727 = ORIENTED_EDGE ( 'NONE', *, *, #622, .F. ) ;
#728 =( GEOMETRIC_REPRESENTATION_CONTEXT ( 3 ) GLOBAL_UNCERTAINTY_ASSIGNED_CONTEXT ( ( #2340 ) ) GLOBAL_UNIT_ASSIGNED_CONTEXT ( ( #1777, #852, #1612 ) ) REPRESENTATION_CONTEXT ( 'NONE', 'WORKASPACE' ) );
#729 = FACE_OUTER_BOUND ( 'NONE', #1989, .T. ) ;
#730 =( NAMED_UNIT ( * ) SI_UNIT ( $, .STERADIAN. ) SOLID_ANGLE_UNIT ( ) );
#731 = CARTESIAN_POINT ( 'NONE',  ( 0.2550000000000000044, 0.5749999999999999556, -1.041037933611911992 ) ) ;
#732 = AXIS2_PLACEMENT_3D ( 'NONE', #1170, #1359, #1545 ) ;
#733 = UNCERTAINTY_MEASURE_WITH_UNIT (LENGTH_MEASURE( 1.000000000000000082E-05 ), #1928, 'distance_accuracy_value', 'NONE');
#734 = FILL_AREA_STYLE_COLOUR ( '', #2 ) ;
#735 = STYLED_ITEM ( 'NONE', ( #2076 ), #871 ) ;
#736 = DIRECTION ( 'NONE',  ( 0.000000000000000000, 0.000000000000000000, -1.000000000000000000 ) ) ;
#737 = EDGE_CURVE ( 'NONE', #429, #126, #1875, .T. ) ;
#738 = AXIS2_PLACEMENT_3D ( 'NONE', #2273, #670, #473 ) ;
#739 = PRESENTATION_LAYER_ASSIGNMENT (  '', '', ( #1823 ) ) ;
#740 = VECTOR ( 'NONE', #1574, 1000.000000000000000 ) ;
#741 = ORIENTED_EDGE ( 'NONE', *, *, #470, .T. ) ;
#742 = CARTESIAN_POINT ( 'NONE',  ( -1.279999999999999805, 0.5749999999999999556, 1.041037933611912214 ) ) ;
#743 = COLOUR_RGB ( '',1.000000000000000000, 1.000000000000000000, 1.000000000000000000 ) ;
#744 = FILL_AREA_STYLE_COLOUR ( '', #1672 ) ;
#745 = FACE_OUTER_BOUND ( 'NONE', #999, .T. ) ;
#746 = ORIENTED_EDGE ( 'NONE', *, *, #1360, .F. ) ;
#747 = ORIENTED_EDGE ( 'NONE', *, *, #838, .T. ) ;
#748 = ORIENTED_EDGE ( 'NONE', *, *, #719, .F. ) ;
#749 = ORIENTED_EDGE ( 'NONE', *, *, #422, .T. ) ;
#750 = VECTOR ( 'NONE', #1548, 1000.000000000000000 ) ;
#751 = DIRECTION ( 'NONE',  ( 0.000000000000000000, 0.000000000000000000, -1.000000000000000000 ) ) ;
#752 =( NAMED_UNIT ( * ) PLANE_ANGLE_UNIT ( ) SI_UNIT ( $, .RADIAN. ) );
#753 = AXIS2_PLACEMENT_3D ( 'NONE', #647, #2222, #788 ) ;
#754 =( NAMED_UNIT ( * ) SI_UNIT ( $, .STERADIAN. ) SOLID_ANGLE_UNIT ( ) );
#755 = LINE ( 'NONE', #1630, #2184 ) ;
#756 = DIRECTION ( 'NONE',  ( 0.000000000000000000, 0.000000000000000000, 1.000000000000000000 ) ) ;
#757 = DIRECTION ( 'NONE',  ( 1.000000000000000000, 0.000000000000000000, -1.495451272393799296E-16 ) ) ;
#758 = EDGE_CURVE ( 'NONE', #117, #830, #1264, .T. ) ;
#759 = CARTESIAN_POINT ( 'NONE',  ( -0.7699999999999997957, 0.04250000000000000305, 0.6455263157894723935 ) ) ;
#760 =( NAMED_UNIT ( * ) PLANE_ANGLE_UNIT ( ) SI_UNIT ( $, .RADIAN. ) );
#761 = LINE ( 'NONE', #95, #596 ) ;
#762 = FILL_AREA_STYLE ('',( #564 ) ) ;
#763 = DIRECTION ( 'NONE',  ( 0.1041158412590671434, 0.9891004919611724455, -0.1041158412590671573 ) ) ;
#764 = SURFACE_STYLE_FILL_AREA ( #1516 ) ;
#765 = DIRECTION ( 'NONE',  ( -0.000000000000000000, 0.000000000000000000, 1.000000000000000000 ) ) ;
#766 = CIRCLE ( 'NONE', #177, 0.08999999999999991340 ) ;
#767 = ORIENTED_EDGE ( 'NONE', *, *, #1862, .T. ) ;
#768 = CARTESIAN_POINT ( 'NONE',  ( 0.2550000000000000044, 0.1374999999999999556, -0.7163914178109024311 ) ) ;
#769 = VECTOR ( 'NONE', #202, 1000.000000000000000 ) ;
#770 = PLANE ( 'NONE',  #710 ) ;
#771 = MECHANICAL_DESIGN_GEOMETRIC_PRESENTATION_REPRESENTATION (  '', ( #536 ), #1047 ) ;
#772 = CARTESIAN_POINT ( 'NONE',  ( -0.7699999999999997957, 0.04249999999999999611, 0.7205869159667884771 ) ) ;
#773 = ORIENTED_EDGE ( 'NONE', *, *, #1798, .T. ) ;
#774 = ORIENTED_EDGE ( 'NONE', *, *, #296, .F. ) ;
#775 = CARTESIAN_POINT ( 'NONE',  ( 0.2550000000000000044, 0.3950000000000000733, -1.041037933611910882 ) ) ;
#776 = FACE_OUTER_BOUND ( 'NONE', #2132, .T. ) ;
#777 = DIRECTION ( 'NONE',  ( 0.000000000000000000, 0.000000000000000000, -1.000000000000000000 ) ) ;
#778 = ORIENTED_EDGE ( 'NONE', *, *, #622, .T. ) ;
#779 = ORIENTED_EDGE ( 'NONE', *, *, #311, .F. ) ;
#780 = FILL_AREA_STYLE ('',( #744 ) ) ;
#781 = VERTEX_POINT ( 'NONE', #668 ) ;
#782 =( NAMED_UNIT ( * ) PLANE_ANGLE_UNIT ( ) SI_UNIT ( $, .RADIAN. ) );
#783 = CARTESIAN_POINT ( 'NONE',  ( -0.7699999999999997957, 0.4899999999999999911, 1.036842435456025502 ) ) ;
#784 =( GEOMETRIC_REPRESENTATION_CONTEXT ( 3 ) GLOBAL_UNCERTAINTY_ASSIGNED_CONTEXT ( ( #1800 ) ) GLOBAL_UNIT_ASSIGNED_CONTEXT ( ( #1761, #285, #1229 ) ) REPRESENTATION_CONTEXT ( 'NONE', 'WORKASPACE' ) );
#785 = PLANE ( 'NONE',  #1402 ) ;
#786 = DIRECTION ( 'NONE',  ( -1.000000000000000000, -0.000000000000000000, 0.000000000000000000 ) ) ;
#787 = SURFACE_STYLE_FILL_AREA ( #252 ) ;
#788 = DIRECTION ( 'NONE',  ( 0.000000000000000000, 0.000000000000000000, 1.000000000000000000 ) ) ;
#789 = AXIS2_PLACEMENT_3D ( 'NONE', #2005, #373, #751 ) ;
#790 = PLANE ( 'NONE',  #1986 ) ;
#791 = CARTESIAN_POINT ( 'NONE',  ( 1.279999999999999805, 0.1374999999999999556, 0.7163914178109023201 ) ) ;
#792 = DIRECTION ( 'NONE',  ( -1.000000000000000000, -0.000000000000000000, -0.000000000000000000 ) ) ;
#793 = DIRECTION ( 'NONE',  ( 0.000000000000000000, -1.000000000000000000, -9.027723681967364885E-17 ) ) ;
#794 = EDGE_CURVE ( 'NONE', #553, #899, #2217, .T. ) ;
#795 = DIRECTION ( 'NONE',  ( 0.000000000000000000, 0.000000000000000000, -1.000000000000000000 ) ) ;
#796 = VECTOR ( 'NONE', #580, 1000.000000000000000 ) ;
#797 = AXIS2_PLACEMENT_3D ( 'NONE', #464, #38, #1917 ) ;
#798 = LINE ( 'NONE', #1195, #1723 ) ;
#799 = ORIENTED_EDGE ( 'NONE', *, *, #1083, .F. ) ;
#800 = VECTOR ( 'NONE', #41, 1000.000000000000000 ) ;
#801 = VERTEX_POINT ( 'NONE', #153 ) ;
#802 = DIRECTION ( 'NONE',  ( -1.000000000000000000, -0.000000000000000000, -0.000000000000000000 ) ) ;
#803 = AXIS2_PLACEMENT_3D ( 'NONE', #1689, #1847, #1864 ) ;
#804 = VERTEX_POINT ( 'NONE', #329 ) ;
#805 = EDGE_LOOP ( 'NONE', ( #658, #26, #1731, #778 ) ) ;
#806 = FILL_AREA_STYLE ('',( #386 ) ) ;
#807 = ORIENTED_EDGE ( 'NONE', *, *, #595, .T. ) ;
#808 = EDGE_CURVE ( 'NONE', #1445, #308, #416, .T. ) ;
#809 = ORIENTED_EDGE ( 'NONE', *, *, #1214, .T. ) ;
#810 = PRESENTATION_STYLE_ASSIGNMENT (( #1813 ) ) ;
#811 = CIRCLE ( 'NONE', #652, 0.1799999999999999378 ) ;
#812 = CARTESIAN_POINT ( 'NONE',  ( -1.450000000000000178, -1.576258002016811872E-14, 0.6500000000000001332 ) ) ;
#813 = CARTESIAN_POINT ( 'NONE',  ( 0.2550000000000000044, -1.576258002016811872E-14, -0.6500000000000001332 ) ) ;
#814 = STYLED_ITEM ( 'NONE', ( #468 ), #850 ) ;
#815 = EDGE_CURVE ( 'NONE', #1451, #781, #962, .T. ) ;
#816 =( GEOMETRIC_REPRESENTATION_CONTEXT ( 3 ) GLOBAL_UNCERTAINTY_ASSIGNED_CONTEXT ( ( #940 ) ) GLOBAL_UNIT_ASSIGNED_CONTEXT ( ( #1133, #1147, #1338 ) ) REPRESENTATION_CONTEXT ( 'NONE', 'WORKASPACE' ) );
#817 = ADVANCED_FACE ( 'NONE', ( #1540 ), #164, .F. ) ;
#818 = DIRECTION ( 'NONE',  ( 0.000000000000000000, -0.000000000000000000, 1.000000000000000000 ) ) ;
#819 =( LENGTH_UNIT ( ) NAMED_UNIT ( * ) SI_UNIT ( .MILLI., .METRE. ) );
#820 = FACE_OUTER_BOUND ( 'NONE', #1751, .T. ) ;
#821 = DIRECTION ( 'NONE',  ( -0.000000000000000000, -1.000000000000000000, 0.000000000000000000 ) ) ;
#822 = COLOUR_RGB ( '',1.000000000000000000, 1.000000000000000000, 1.000000000000000000 ) ;
#823 = AXIS2_PLACEMENT_3D ( 'NONE', #2310, #2280, #1258 ) ;
#824 = VECTOR ( 'NONE', #172, 1000.000000000000000 ) ;
#825 = PRESENTATION_STYLE_ASSIGNMENT (( #1325 ) ) ;
#826 = PRESENTATION_LAYER_ASSIGNMENT (  '', '', ( #588 ) ) ;
#827 = VECTOR ( 'NONE', #223, 1000.000000000000000 ) ;
#828 = VERTEX_POINT ( 'NONE', #294 ) ;
#829 = ORIENTED_EDGE ( 'NONE', *, *, #2336, .F. ) ;
#830 = VERTEX_POINT ( 'NONE', #170 ) ;
#831 = ORIENTED_EDGE ( 'NONE', *, *, #2234, .T. ) ;
#832 = SURFACE_STYLE_USAGE ( .BOTH. , #2281 ) ;
#833 = UNCERTAINTY_MEASURE_WITH_UNIT (LENGTH_MEASURE( 1.000000000000000082E-05 ), #358, 'distance_accuracy_value', 'NONE');
#834 = ORIENTED_EDGE ( 'NONE', *, *, #2015, .F. ) ;
#835 = DIRECTION ( 'NONE',  ( -1.000000000000000000, -0.000000000000000000, -0.000000000000000000 ) ) ;
#836 = EDGE_CURVE ( 'NONE', #2021, #376, #1484, .T. ) ;
#838 = EDGE_CURVE ( 'NONE', #346, #1730, #984, .T. ) ;
#837 = FILL_AREA_STYLE ('',( #1923 ) ) ;
#839 = CARTESIAN_POINT ( 'NONE',  ( -8.972707634362799226E-17, 0.4749999999999999778, -0.6000000000000001998 ) ) ;
#840 = ADVANCED_FACE ( 'NONE', ( #1571 ), #1274, .T. ) ;
#841 = DIRECTION ( 'NONE',  ( 0.000000000000000000, 0.000000000000000000, 1.000000000000000000 ) ) ;
#842 = DIRECTION ( 'NONE',  ( -0.000000000000000000, -1.000000000000000000, -0.000000000000000000 ) ) ;
#843 = STYLED_ITEM ( 'NONE', ( #1449 ), #1413 ) ;
#844 = CARTESIAN_POINT ( 'NONE',  ( -0.7699999999999997957, 0.04250000000000000305, 0.6455263157894721715 ) ) ;
#845 = CARTESIAN_POINT ( 'NONE',  ( 0.2550000000000000044, -0.04250000000000000305, -0.6455263157894752801 ) ) ;
#846 = VECTOR ( 'NONE', #349, 999.9999999999998863 ) ;
#847 = EDGE_CURVE ( 'NONE', #1282, #1501, #188, .T. ) ;
#848 =( NAMED_UNIT ( * ) SI_UNIT ( $, .STERADIAN. ) SOLID_ANGLE_UNIT ( ) );
#849 = CARTESIAN_POINT ( 'NONE',  ( -0.2550000000000000044, -1.566672139241553907E-14, -0.6500000000000001332 ) ) ;
#850 = ADVANCED_FACE ( 'NONE', ( #729 ), #1396, .F. ) ;
#851 = VECTOR ( 'NONE', #875, 1000.000000000000000 ) ;
#852 =( NAMED_UNIT ( * ) PLANE_ANGLE_UNIT ( ) SI_UNIT ( $, .RADIAN. ) );
#853 = CARTESIAN_POINT ( 'NONE',  ( -0.2550000000000000044, 0.5749999999999999556, -1.190000000000000169 ) ) ;
#854 = LINE ( 'NONE', #1342, #1316 ) ;
#855 = FACE_OUTER_BOUND ( 'NONE', #923, .T. ) ;
#856 = DIRECTION ( 'NONE',  ( 0.000000000000000000, 0.1736481776669273058, -0.9848077530122085754 ) ) ;
#857 = PRESENTATION_STYLE_ASSIGNMENT (( #2274 ) ) ;
#858 =( GEOMETRIC_REPRESENTATION_CONTEXT ( 3 ) GLOBAL_UNCERTAINTY_ASSIGNED_CONTEXT ( ( #1087 ) ) GLOBAL_UNIT_ASSIGNED_CONTEXT ( ( #1613, #501, #1779 ) ) REPRESENTATION_CONTEXT ( 'NONE', 'WORKASPACE' ) );
#859 = ORIENTED_EDGE ( 'NONE', *, *, #2082, .T. ) ;
#860 = FILL_AREA_STYLE ('',( #1209 ) ) ;
#861 = EDGE_CURVE ( 'NONE', #1788, #1419, #161, .T. ) ;
#862 = COLOUR_RGB ( '',1.000000000000000000, 1.000000000000000000, 1.000000000000000000 ) ;
#863 = ORIENTED_EDGE ( 'NONE', *, *, #1721, .T. ) ;
#864 = MECHANICAL_DESIGN_GEOMETRIC_PRESENTATION_REPRESENTATION (  '', ( #1823 ), #1739 ) ;
#865 = ORIENTED_EDGE ( 'NONE', *, *, #1050, .F. ) ;
#866 =( NAMED_UNIT ( * ) SI_UNIT ( $, .STERADIAN. ) SOLID_ANGLE_UNIT ( ) );
#867 = FACE_OUTER_BOUND ( 'NONE', #435, .T. ) ;
#868 = ORIENTED_EDGE ( 'NONE', *, *, #227, .T. ) ;
#869 = CARTESIAN_POINT ( 'NONE',  ( -0.7699999999999997957, -1.566672139241553907E-14, 0.6500000000000001332 ) ) ;
#870 = VECTOR ( 'NONE', #620, 1000.000000000000000 ) ;
#871 = ADVANCED_FACE ( 'NONE', ( #293 ), #2266, .F. ) ;
#872 = UNCERTAINTY_MEASURE_WITH_UNIT (LENGTH_MEASURE( 1.000000000000000082E-05 ), #1982, 'distance_accuracy_value', 'NONE');
#873 = PLANE ( 'NONE',  #907 ) ;
#874 = ORIENTED_EDGE ( 'NONE', *, *, #1747, .T. ) ;
#875 = DIRECTION ( 'NONE',  ( -1.000000000000000000, -0.000000000000000000, -0.000000000000000000 ) ) ;
#876 = SURFACE_SIDE_STYLE ('',( #1902 ) ) ;
#878 = EDGE_CURVE ( 'NONE', #1775, #1375, #1256, .T. ) ;
#877 = CARTESIAN_POINT ( 'NONE',  ( 1.279999999999999805, 0.5749999999999999556, 1.189999999999999947 ) ) ;
#879 =( NAMED_UNIT ( * ) SI_UNIT ( $, .STERADIAN. ) SOLID_ANGLE_UNIT ( ) );
#880 = CARTESIAN_POINT ( 'NONE',  ( -1.400000000000000133, 0.4749999999999999778, 0.000000000000000000 ) ) ;
#881 = SURFACE_STYLE_USAGE ( .BOTH. , #2334 ) ;
#882 = MECHANICAL_DESIGN_GEOMETRIC_PRESENTATION_REPRESENTATION (  '', ( #893 ), #143 ) ;
#883 =( NAMED_UNIT ( * ) SI_UNIT ( $, .STERADIAN. ) SOLID_ANGLE_UNIT ( ) );
#884 = DIRECTION ( 'NONE',  ( -1.000000000000000000, -0.000000000000000000, 0.000000000000000000 ) ) ;
#885 = VECTOR ( 'NONE', #510, 1000.000000000000000 ) ;
#886 = CARTESIAN_POINT ( 'NONE',  ( -0.2550000000000000044, 0.04250000000000000305, -0.6455263157894722825 ) ) ;
#887 = SURFACE_SIDE_STYLE ('',( #959 ) ) ;
#888 = ORIENTED_EDGE ( 'NONE', *, *, #469, .T. ) ;
#889 = SURFACE_STYLE_FILL_AREA ( #837 ) ;
#890 = SURFACE_STYLE_USAGE ( .BOTH. , #539 ) ;
#891 = FILL_AREA_STYLE_COLOUR ( '', #1072 ) ;
#892 = EDGE_LOOP ( 'NONE', ( #523, #746, #459, #1424 ) ) ;
#893 = STYLED_ITEM ( 'NONE', ( #2096 ), #1564 ) ;
#894 =( NAMED_UNIT ( * ) PLANE_ANGLE_UNIT ( ) SI_UNIT ( $, .RADIAN. ) );
#895 = CARTESIAN_POINT ( 'NONE',  ( 0.2550000000000000044, 0.1168716640099770748, -0.8092196137378876442 ) ) ;
#896 = FACE_OUTER_BOUND ( 'NONE', #726, .T. ) ;
#897 = ORIENTED_EDGE ( 'NONE', *, *, #965, .T. ) ;
#898 = ORIENTED_EDGE ( 'NONE', *, *, #2203, .F. ) ;
#899 = VERTEX_POINT ( 'NONE', #853 ) ;
#900 = SURFACE_STYLE_USAGE ( .BOTH. , #714 ) ;
#901 = PLANE ( 'NONE',  #39 ) ;
#902 = COLOUR_RGB ( '',1.000000000000000000, 1.000000000000000000, 1.000000000000000000 ) ;
#903 = LINE ( 'NONE', #845, #586 ) ;
#904 = DIRECTION ( 'NONE',  ( 0.000000000000000000, 0.000000000000000000, -1.000000000000000000 ) ) ;
#905 = DIRECTION ( 'NONE',  ( -0.000000000000000000, -0.9848077530122086864, 0.1736481776669273058 ) ) ;
#906 = DIRECTION ( 'NONE',  ( -1.000000000000000000, -0.000000000000000000, 0.000000000000000000 ) ) ;
#907 = AXIS2_PLACEMENT_3D ( 'NONE', #1623, #856, #2114 ) ;
#908 = LINE ( 'NONE', #1518, #1048 ) ;
#909 =( GEOMETRIC_REPRESENTATION_CONTEXT ( 3 ) GLOBAL_UNCERTAINTY_ASSIGNED_CONTEXT ( ( #1009 ) ) GLOBAL_UNIT_ASSIGNED_CONTEXT ( ( #1686, #760, #36 ) ) REPRESENTATION_CONTEXT ( 'NONE', 'WORKASPACE' ) );
#910 = UNCERTAINTY_MEASURE_WITH_UNIT (LENGTH_MEASURE( 1.000000000000000082E-05 ), #413, 'distance_accuracy_value', 'NONE');
#911 = SURFACE_STYLE_FILL_AREA ( #860 ) ;
#912 = PRESENTATION_STYLE_ASSIGNMENT (( #1860 ) ) ;
#913 = VECTOR ( 'NONE', #302, 999.9999999999998863 ) ;
#914 = PRESENTATION_LAYER_ASSIGNMENT (  '', '', ( #2000 ) ) ;
#915 =( LENGTH_UNIT ( ) NAMED_UNIT ( * ) SI_UNIT ( .MILLI., .METRE. ) );
#916 = EDGE_LOOP ( 'NONE', ( #2063, #1907, #1914, #371, #1068, #1283, #2001, #2130, #2102, #2233, #1115, #8, #631 ) ) ;
#917 = LINE ( 'NONE', #2007, #769 ) ;
#918 = ORIENTED_EDGE ( 'NONE', *, *, #1865, .T. ) ;
#919 = EDGE_CURVE ( 'NONE', #519, #2264, #1980, .T. ) ;
#920 = STYLED_ITEM ( 'NONE', ( #2183 ), #2301 ) ;
#921 =( NAMED_UNIT ( * ) SI_UNIT ( $, .STERADIAN. ) SOLID_ANGLE_UNIT ( ) );
#922 = CARTESIAN_POINT ( 'NONE',  ( 1.384823848238483146, 0.6191734417344124664, 0.5848238482384832126 ) ) ;
#923 = EDGE_LOOP ( 'NONE', ( #485, #829, #2206, #255 ) ) ;
#924 = DIRECTION ( 'NONE',  ( -1.000000000000000000, 0.000000000000000000, -0.000000000000000000 ) ) ;
#925 = EDGE_LOOP ( 'NONE', ( #1755, #1480, #488, #284 ) ) ;
#926 = AXIS2_PLACEMENT_3D ( 'NONE', #59, #1703, #966 ) ;
#927 = VERTEX_POINT ( 'NONE', #1750 ) ;
#928 = CYLINDRICAL_SURFACE ( 'NONE', #2303, 0.1800000000000000488 ) ;
#929 = ORIENTED_EDGE ( 'NONE', *, *, #1678, .T. ) ;
#930 = CARTESIAN_POINT ( 'NONE',  ( -0.2550000000000000044, 0.1374999999999999556, -0.7163914178109024311 ) ) ;
#931 = CARTESIAN_POINT ( 'NONE',  ( 1.279999999999999583, -1.576258002016811872E-14, 0.6499999999999996891 ) ) ;
#932 = EDGE_CURVE ( 'NONE', #1103, #2095, #1010, .T. ) ;
#933 = PRESENTATION_STYLE_ASSIGNMENT (( #881 ) ) ;
#934 =( LENGTH_UNIT ( ) NAMED_UNIT ( * ) SI_UNIT ( .MILLI., .METRE. ) );
#935 = EDGE_CURVE ( 'NONE', #157, #366, #903, .T. ) ;
#936 =( GEOMETRIC_REPRESENTATION_CONTEXT ( 3 ) GLOBAL_UNCERTAINTY_ASSIGNED_CONTEXT ( ( #1834 ) ) GLOBAL_UNIT_ASSIGNED_CONTEXT ( ( #2242, #1741, #75 ) ) REPRESENTATION_CONTEXT ( 'NONE', 'WORKASPACE' ) );
#937 = EDGE_CURVE ( 'NONE', #927, #1759, #266, .T. ) ;
#938 = CARTESIAN_POINT ( 'NONE',  ( 1.399999999999999689, -0.4749999999999999778, -0.6000000000000004219 ) ) ;
#939 = CARTESIAN_POINT ( 'NONE',  ( -0.7699999999999997957, 0.1062433280199540919, 0.8936568133531003211 ) ) ;
#940 = UNCERTAINTY_MEASURE_WITH_UNIT (LENGTH_MEASURE( 1.000000000000000082E-05 ), #1133, 'distance_accuracy_value', 'NONE');
#941 = VECTOR ( 'NONE', #1637, 1000.000000000000000 ) ;
#942 = LINE ( 'NONE', #2267, #2010 ) ;
#943 = FILL_AREA_STYLE ('',( #417 ) ) ;
#944 = STYLED_ITEM ( 'NONE', ( #198 ), #689 ) ;
#945 = VECTOR ( 'NONE', #18, 1000.000000000000227 ) ;
#946 = CIRCLE ( 'NONE', #544, 0.08999999999999991340 ) ;
#947 = ORIENTED_EDGE ( 'NONE', *, *, #267, .F. ) ;
#948 = DIRECTION ( 'NONE',  ( 0.000000000000000000, 0.000000000000000000, 1.000000000000000000 ) ) ;
#949 = DIRECTION ( 'NONE',  ( -1.000000000000000000, -0.000000000000000000, -0.000000000000000000 ) ) ;
#950 = LINE ( 'NONE', #1340, #1969 ) ;
#951 = ORIENTED_EDGE ( 'NONE', *, *, #2080, .T. ) ;
#952 = VECTOR ( 'NONE', #1308, 1000.000000000000000 ) ;
#953 = ORIENTED_EDGE ( 'NONE', *, *, #566, .T. ) ;
#954 = ORIENTED_EDGE ( 'NONE', *, *, #1050, .T. ) ;
#955 =( GEOMETRIC_REPRESENTATION_CONTEXT ( 3 ) GLOBAL_UNCERTAINTY_ASSIGNED_CONTEXT ( ( #696 ) ) GLOBAL_UNIT_ASSIGNED_CONTEXT ( ( #2258, #2099, #1549 ) ) REPRESENTATION_CONTEXT ( 'NONE', 'WORKASPACE' ) );
#956 = CARTESIAN_POINT ( 'NONE',  ( -0.7699999999999997957, -0.04250000000000000305, 0.6455263157894753911 ) ) ;
#957 = SURFACE_STYLE_FILL_AREA ( #1288 ) ;
#958 =( NAMED_UNIT ( * ) PLANE_ANGLE_UNIT ( ) SI_UNIT ( $, .RADIAN. ) );
#959 = SURFACE_STYLE_FILL_AREA ( #2137 ) ;
#960 = CARTESIAN_POINT ( 'NONE',  ( -0.7699999999999997957, 0.3950000000000000733, 1.041037933611911104 ) ) ;
#961 = FILL_AREA_STYLE_COLOUR ( '', #2240 ) ;
#962 = LINE ( 'NONE', #2148, #615 ) ;
#963 = EDGE_CURVE ( 'NONE', #2095, #1971, #755, .T. ) ;
#964 = SURFACE_STYLE_USAGE ( .BOTH. , #2038 ) ;
#965 = EDGE_CURVE ( 'NONE', #1502, #63, #811, .T. ) ;
#966 = DIRECTION ( 'NONE',  ( 0.000000000000000000, 0.000000000000000000, -1.000000000000000000 ) ) ;
#967 = DIRECTION ( 'NONE',  ( 0.000000000000000000, 0.000000000000000000, -1.000000000000000000 ) ) ;
#968 = PRESENTATION_LAYER_ASSIGNMENT (  '', '', ( #2053 ) ) ;
#969 = DIRECTION ( 'NONE',  ( 0.000000000000000000, 0.000000000000000000, 1.000000000000000000 ) ) ;
#970 = VECTOR ( 'NONE', #2103, 1000.000000000000227 ) ;
#971 = LINE ( 'NONE', #1808, #824 ) ;
#972 = VECTOR ( 'NONE', #487, 1000.000000000000114 ) ;
#973 = DIRECTION ( 'NONE',  ( -1.000000000000000000, -0.000000000000000000, -0.000000000000000000 ) ) ;
#974 = VECTOR ( 'NONE', #1845, 1000.000000000000000 ) ;
#975 = VERTEX_POINT ( 'NONE', #1802 ) ;
#976 = DIRECTION ( 'NONE',  ( 0.000000000000000000, 0.000000000000000000, -1.000000000000000000 ) ) ;
#977 = LINE ( 'NONE', #1221, #2179 ) ;
#978 = VERTEX_POINT ( 'NONE', #1232 ) ;
#979 = CARTESIAN_POINT ( 'NONE',  ( 8.972707634362795528E-17, 0.4749999999999999778, 0.5999999999999999778 ) ) ;
#980 = ORIENTED_EDGE ( 'NONE', *, *, #1862, .F. ) ;
#981 = UNCERTAINTY_MEASURE_WITH_UNIT (LENGTH_MEASURE( 1.000000000000000082E-05 ), #1944, 'distance_accuracy_value', 'NONE');
#982 = SURFACE_STYLE_FILL_AREA ( #224 ) ;
#983 =( GEOMETRIC_REPRESENTATION_CONTEXT ( 3 ) GLOBAL_UNCERTAINTY_ASSIGNED_CONTEXT ( ( #167 ) ) GLOBAL_UNIT_ASSIGNED_CONTEXT ( ( #1202, #1598, #1920 ) ) REPRESENTATION_CONTEXT ( 'NONE', 'WORKASPACE' ) );
#984 = LINE ( 'NONE', #1797, #669 ) ;
#985 = CARTESIAN_POINT ( 'NONE',  ( -0.7699999999999997957, -0.04250000000000000305, 0.6455263157894753911 ) ) ;
#986 = VECTOR ( 'NONE', #707, 1000.000000000000000 ) ;
#987 = EDGE_CURVE ( 'NONE', #1781, #1445, #1868, .T. ) ;
#988 = SURFACE_STYLE_USAGE ( .BOTH. , #2065 ) ;
#989 = PRESENTATION_LAYER_ASSIGNMENT (  '', '', ( #555 ) ) ;
#990 = DIRECTION ( 'NONE',  ( 0.000000000000000000, 1.000000000000000000, 0.000000000000000000 ) ) ;
#991 = LINE ( 'NONE', #133, #885 ) ;
#992 = ADVANCED_FACE ( 'NONE', ( #2023 ), #1968, .F. ) ;
#993 = PRESENTATION_STYLE_ASSIGNMENT (( #393 ) ) ;
#994 =( GEOMETRIC_REPRESENTATION_CONTEXT ( 3 ) GLOBAL_UNCERTAINTY_ASSIGNED_CONTEXT ( ( #2161 ) ) GLOBAL_UNIT_ASSIGNED_CONTEXT ( ( #225, #407, #1698 ) ) REPRESENTATION_CONTEXT ( 'NONE', 'WORKASPACE' ) );
#995 = EDGE_LOOP ( 'NONE', ( #1783, #30, #661, #259, #748, #2254, #779, #575, #1478, #1534, #150, #155 ) ) ;
#996 = PRESENTATION_STYLE_ASSIGNMENT (( #2213 ) ) ;
#997 = APPLICATION_PROTOCOL_DEFINITION ( 'draft international standard', 'automotive_design', 1998, #82 ) ;
#998 = FILL_AREA_STYLE ('',( #2075 ) ) ;
#999 = EDGE_LOOP ( 'NONE', ( #236, #1565, #483, #1121 ) ) ;
#1000 = ORIENTED_EDGE ( 'NONE', *, *, #1464, .T. ) ;
#1001 = EDGE_LOOP ( 'NONE', ( #1094, #605, #489, #1033 ) ) ;
#1002 = EDGE_CURVE ( 'NONE', #804, #627, #325, .T. ) ;
#1003 = ORIENTED_EDGE ( 'NONE', *, *, #388, .F. ) ;
#1004 = VECTOR ( 'NONE', #1555, 1000.000000000000000 ) ;
#1005 = CARTESIAN_POINT ( 'NONE',  ( 0.2550000000000000044, 0.4000000000000000222, -1.036842435456024614 ) ) ;
#1006 = ADVANCED_FACE ( 'NONE', ( #380 ), #304, .T. ) ;
#1007 = DIRECTION ( 'NONE',  ( 0.000000000000000000, 0.9945054529214063521, 0.1046847845180393088 ) ) ;
#1008 = PRODUCT_CONTEXT ( 'NONE', #1742, 'mechanical' ) ;
#1009 = UNCERTAINTY_MEASURE_WITH_UNIT (LENGTH_MEASURE( 1.000000000000000082E-05 ), #1686, 'distance_accuracy_value', 'NONE');
#1010 = LINE ( 'NONE', #98, #37 ) ;
#1011 = PRESENTATION_LAYER_ASSIGNMENT (  '', '', ( #1546 ) ) ;
#1012 = CARTESIAN_POINT ( 'NONE',  ( -0.7699999999999997957, 0.4156283359900229124, 0.9482097376849258907 ) ) ;
#1013 = SURFACE_STYLE_USAGE ( .BOTH. , #1588 ) ;
#1014 = FILL_AREA_STYLE_COLOUR ( '', #1284 ) ;
#1015 =( NAMED_UNIT ( * ) SI_UNIT ( $, .STERADIAN. ) SOLID_ANGLE_UNIT ( ) );
#1016 = VECTOR ( 'NONE', #2311, 999.9999999999998863 ) ;
#1017 = CARTESIAN_POINT ( 'NONE',  ( 1.399999999999999689, -0.4749999999999999778, 0.000000000000000000 ) ) ;
#1018 = ADVANCED_FACE ( 'NONE', ( #1893 ), #269, .F. ) ;
#1019 = VECTOR ( 'NONE', #1431, 1000.000000000000000 ) ;
#1020 =( NAMED_UNIT ( * ) PLANE_ANGLE_UNIT ( ) SI_UNIT ( $, .RADIAN. ) );
#1021 = CYLINDRICAL_SURFACE ( 'NONE', #823, 0.1800000000000000488 ) ;
#1022 = AXIS2_PLACEMENT_3D ( 'NONE', #108, #1391, #841 ) ;
#1023 = CARTESIAN_POINT ( 'NONE',  ( -1.279999999999999805, 0.4899999999999999911, 1.036842435456025502 ) ) ;
#1024 = PLANE ( 'NONE',  #703 ) ;
#1025 = ORIENTED_EDGE ( 'NONE', *, *, #861, .T. ) ;
#1026 = CARTESIAN_POINT ( 'NONE',  ( -1.279999999999999805, 0.1062433280199540919, 0.8936568133531003211 ) ) ;
#1027 = AXIS2_PLACEMENT_3D ( 'NONE', #1307, #1851, #756 ) ;
#1028 = ORIENTED_EDGE ( 'NONE', *, *, #566, .F. ) ;
#1029 = DIRECTION ( 'NONE',  ( -1.000000000000000000, -0.000000000000000000, -0.000000000000000000 ) ) ;
#1030 = SURFACE_STYLE_USAGE ( .BOTH. , #887 ) ;
#1031 = SURFACE_STYLE_FILL_AREA ( #943 ) ;
#1032 = EDGE_LOOP ( 'NONE', ( #1679, #865, #1300, #121, #1819, #375, #461, #1915, #1818, #10, #405, #179, #1652 ) ) ;
#1033 = ORIENTED_EDGE ( 'NONE', *, *, #1848, .F. ) ;
#1034 =( LENGTH_UNIT ( ) NAMED_UNIT ( * ) SI_UNIT ( .MILLI., .METRE. ) );
#1035 = DIRECTION ( 'NONE',  ( 0.000000000000000000, 0.000000000000000000, 1.000000000000000000 ) ) ;
#1036 = CIRCLE ( 'NONE', #320, 0.08999999999999991340 ) ;
#1037 = ORIENTED_EDGE ( 'NONE', *, *, #1294, .F. ) ;
#1039 = EDGE_CURVE ( 'NONE', #899, #346, #35, .T. ) ;
#1038 = CARTESIAN_POINT ( 'NONE',  ( 1.279999999999999805, 0.04250000000000000305, 0.6455263157894718384 ) ) ;
#1040 = FACE_OUTER_BOUND ( 'NONE', #607, .T. ) ;
#1041 = FILL_AREA_STYLE_COLOUR ( '', #1537 ) ;
#1042 =( GEOMETRIC_REPRESENTATION_CONTEXT ( 3 ) GLOBAL_UNCERTAINTY_ASSIGNED_CONTEXT ( ( #733 ) ) GLOBAL_UNIT_ASSIGNED_CONTEXT ( ( #1928, #2299, #291 ) ) REPRESENTATION_CONTEXT ( 'NONE', 'WORKASPACE' ) );
#1043 = DIRECTION ( 'NONE',  ( -0.000000000000000000, 9.562201118380665332E-17, -1.000000000000000000 ) ) ;
#1044 = ADVANCED_FACE ( 'NONE', ( #1867 ), #928, .T. ) ;
#1045 = FILL_AREA_STYLE_COLOUR ( '', #1726 ) ;
#1046 = CARTESIAN_POINT ( 'NONE',  ( -1.279999999999999805, 0.4899999999999999911, 1.190000000000000391 ) ) ;
#1047 =( GEOMETRIC_REPRESENTATION_CONTEXT ( 3 ) GLOBAL_UNCERTAINTY_ASSIGNED_CONTEXT ( ( #2117 ) ) GLOBAL_UNIT_ASSIGNED_CONTEXT ( ( #216, #567, #1496 ) ) REPRESENTATION_CONTEXT ( 'NONE', 'WORKASPACE' ) );
#1048 = VECTOR ( 'NONE', #52, 1000.000000000000000 ) ;
#1049 = CARTESIAN_POINT ( 'NONE',  ( 1.279999999999999805, -1.566672139241553907E-14, 0.6500000000000000222 ) ) ;
#1050 = EDGE_CURVE ( 'NONE', #260, #1632, #1161, .T. ) ;
#1051 = PRESENTATION_STYLE_ASSIGNMENT (( #1609 ) ) ;
#1052 = CARTESIAN_POINT ( 'NONE',  ( 1.279999999999999805, 0.4000000000000000222, 1.036842435456024392 ) ) ;
#1053 = CARTESIAN_POINT ( 'NONE',  ( 0.2550000000000000044, 0.04250000000000000305, -0.6455263157894722825 ) ) ;
#1054 = COLOUR_RGB ( '',1.000000000000000000, 1.000000000000000000, 1.000000000000000000 ) ;
#1055 = DIRECTION ( 'NONE',  ( -0.9945054529214064631, 0.1046847845180391284, 0.000000000000000000 ) ) ;
#1056 = AXIS2_PLACEMENT_3D ( 'NONE', #1793, #694, #2121 ) ;
#1057 = VERTEX_POINT ( 'NONE', #447 ) ;
#1058 = CARTESIAN_POINT ( 'NONE',  ( -0.7699999999999997957, -1.566672139241553907E-14, 0.6500000000000001332 ) ) ;
#1059 = CARTESIAN_POINT ( 'NONE',  ( -0.7699999999999997957, 0.4899999999999999911, 1.190000000000000391 ) ) ;
#1060 = SURFACE_STYLE_FILL_AREA ( #780 ) ;
#1061 = EDGE_CURVE ( 'NONE', #828, #650, #1252, .T. ) ;
#1062 = CYLINDRICAL_SURFACE ( 'NONE', #2283, 0.1799999999999999378 ) ;
#1063 = EDGE_LOOP ( 'NONE', ( #1533, #1940, #185, #697 ) ) ;
#1064 = ORIENTED_EDGE ( 'NONE', *, *, #758, .T. ) ;
#1065 = AXIS2_PLACEMENT_3D ( 'NONE', #287, #493, #1949 ) ;
#1066 = CARTESIAN_POINT ( 'NONE',  ( 1.279999999999999805, 0.5749999999999999556, 1.041037933611911770 ) ) ;
#1067 = ORIENTED_EDGE ( 'NONE', *, *, #296, .T. ) ;
#1068 = ORIENTED_EDGE ( 'NONE', *, *, #2275, .F. ) ;
#1069 = VECTOR ( 'NONE', #2271, 1000.000000000000000 ) ;
#1070 = DIRECTION ( 'NONE',  ( 0.000000000000000000, 0.000000000000000000, 1.000000000000000000 ) ) ;
#1071 = FILL_AREA_STYLE ('',( #1076 ) ) ;
#1072 = COLOUR_RGB ( '',0.2509803921568627416, 0.2509803921568627416, 0.2509803921568627416 ) ;
#1073 =( NAMED_UNIT ( * ) PLANE_ANGLE_UNIT ( ) SI_UNIT ( $, .RADIAN. ) );
#1074 = FILL_AREA_STYLE ('',( #332 ) ) ;
#1075 = CARTESIAN_POINT ( 'NONE',  ( 0.2550000000000000044, 0.04249999999999999611, -0.7205869159667883661 ) ) ;
#1076 = FILL_AREA_STYLE_COLOUR ( '', #334 ) ;
#1077 = DIRECTION ( 'NONE',  ( 0.000000000000000000, -0.9848077530122085754, 0.1736481776669273058 ) ) ;
#1078 =( GEOMETRIC_REPRESENTATION_CONTEXT ( 3 ) GLOBAL_UNCERTAINTY_ASSIGNED_CONTEXT ( ( #1765 ) ) GLOBAL_UNIT_ASSIGNED_CONTEXT ( ( #354, #1073, #1824 ) ) REPRESENTATION_CONTEXT ( 'NONE', 'WORKASPACE' ) );
#1079 = DIRECTION ( 'NONE',  ( -1.000000000000000000, -0.000000000000000000, -0.000000000000000000 ) ) ;
#1080 = CARTESIAN_POINT ( 'NONE',  ( 0.2550000000000000044, 0.1168716640099770471, -0.8092196137378876442 ) ) ;
#1081 = DIRECTION ( 'NONE',  ( -1.000000000000000000, -0.000000000000000000, 0.000000000000000000 ) ) ;
#1082 = FILL_AREA_STYLE_COLOUR ( '', #1916 ) ;
#1083 = EDGE_CURVE ( 'NONE', #610, #1775, #1102, .T. ) ;
#1084 = FILL_AREA_STYLE_COLOUR ( '', #822 ) ;
#1085 = LINE ( 'NONE', #1026, #913 ) ;
#1086 = EDGE_CURVE ( 'NONE', #2126, #1816, #584, .T. ) ;
#1087 = UNCERTAINTY_MEASURE_WITH_UNIT (LENGTH_MEASURE( 1.000000000000000082E-05 ), #1613, 'distance_accuracy_value', 'NONE');
#1088 = ORIENTED_EDGE ( 'NONE', *, *, #2337, .T. ) ;
#1089 = CARTESIAN_POINT ( 'NONE',  ( -1.279999999999999805, 0.4899999999999999911, 1.036842435456025502 ) ) ;
#1090 =( NAMED_UNIT ( * ) PLANE_ANGLE_UNIT ( ) SI_UNIT ( $, .RADIAN. ) );
#1091 = VERTEX_POINT ( 'NONE', #2256 ) ;
#1092 =( LENGTH_UNIT ( ) NAMED_UNIT ( * ) SI_UNIT ( .MILLI., .METRE. ) );
#1093 = AXIS2_PLACEMENT_3D ( 'NONE', #1160, #2054, #969 ) ;
#1094 = ORIENTED_EDGE ( 'NONE', *, *, #311, .T. ) ;
#1095 = ORIENTED_EDGE ( 'NONE', *, *, #686, .T. ) ;
#1096 = LINE ( 'NONE', #1988, #1452 ) ;
#1097 = EDGE_LOOP ( 'NONE', ( #831, #212, #1025, #207, #1183, #520, #1631, #1409, #1521, #1945, #1941, #767, #283 ) ) ;
#1098 =( GEOMETRIC_REPRESENTATION_CONTEXT ( 3 ) GLOBAL_UNCERTAINTY_ASSIGNED_CONTEXT ( ( #1517 ) ) GLOBAL_UNIT_ASSIGNED_CONTEXT ( ( #1034, #1581, #1925 ) ) REPRESENTATION_CONTEXT ( 'NONE', 'WORKASPACE' ) );
#1099 = CARTESIAN_POINT ( 'NONE',  ( -0.7699999999999997957, 0.1325000000000000067, 0.7205869159667890322 ) ) ;
#1100 = DIRECTION ( 'NONE',  ( 0.000000000000000000, 0.9848077530122086864, 0.1736481776669273058 ) ) ;
#1101 = PRESENTATION_STYLE_ASSIGNMENT (( #625 ) ) ;
#1102 = LINE ( 'NONE', #93, #1734 ) ;
#1103 = VERTEX_POINT ( 'NONE', #101 ) ;
#1104 = VECTOR ( 'NONE', #1259, 1000.000000000000114 ) ;
#1105 = AXIS2_PLACEMENT_3D ( 'NONE', #623, #2124, #1948 ) ;
#1106 = FILL_AREA_STYLE_COLOUR ( '', #1829 ) ;
#1107 = EDGE_CURVE ( 'NONE', #63, #801, #1306, .T. ) ;
#1108 =( NAMED_UNIT ( * ) PLANE_ANGLE_UNIT ( ) SI_UNIT ( $, .RADIAN. ) );
#1109 =( GEOMETRIC_REPRESENTATION_CONTEXT ( 3 ) GLOBAL_UNCERTAINTY_ASSIGNED_CONTEXT ( ( #2083 ) ) GLOBAL_UNIT_ASSIGNED_CONTEXT ( ( #1433, #1625, #158 ) ) REPRESENTATION_CONTEXT ( 'NONE', 'WORKASPACE' ) );
#1110 = PRESENTATION_LAYER_ASSIGNMENT (  '', '', ( #713 ) ) ;
#1111 = SURFACE_SIDE_STYLE ('',( #403 ) ) ;
#1112 = SURFACE_SIDE_STYLE ('',( #279 ) ) ;
#1113 = UNCERTAINTY_MEASURE_WITH_UNIT (LENGTH_MEASURE( 1.000000000000000082E-05 ), #1561, 'distance_accuracy_value', 'NONE');
#1114 = VECTOR ( 'NONE', #159, 1000.000000000000000 ) ;
#1115 = ORIENTED_EDGE ( 'NONE', *, *, #2082, .F. ) ;
#1116 = PRESENTATION_STYLE_ASSIGNMENT (( #2025 ) ) ;
#1117 = EDGE_CURVE ( 'NONE', #2017, #2021, #635, .T. ) ;
#1118 = MECHANICAL_DESIGN_GEOMETRIC_PRESENTATION_REPRESENTATION (  '', ( #2000 ), #569 ) ;
#1119 = VERTEX_POINT ( 'NONE', #1569 ) ;
#1120 = LINE ( 'NONE', #1140, #1908 ) ;
#1121 = ORIENTED_EDGE ( 'NONE', *, *, #794, .T. ) ;
#1122 = ORIENTED_EDGE ( 'NONE', *, *, #935, .F. ) ;
#1123 = SURFACE_STYLE_USAGE ( .BOTH. , #206 ) ;
#1124 = DIRECTION ( 'NONE',  ( -1.000000000000000000, -0.000000000000000000, 0.000000000000000000 ) ) ;
#1125 = MECHANICAL_DESIGN_GEOMETRIC_PRESENTATION_REPRESENTATION (  '', ( #1240 ), #1974 ) ;
#1126 = ORIENTED_EDGE ( 'NONE', *, *, #187, .T. ) ;
#1127 = DIRECTION ( 'NONE',  ( 0.9945054529214064631, 0.1046847845180391284, 0.000000000000000000 ) ) ;
#1128 =( LENGTH_UNIT ( ) NAMED_UNIT ( * ) SI_UNIT ( .MILLI., .METRE. ) );
#1129 = SURFACE_STYLE_FILL_AREA ( #289 ) ;
#1130 =( GEOMETRIC_REPRESENTATION_CONTEXT ( 3 ) GLOBAL_UNCERTAINTY_ASSIGNED_CONTEXT ( ( #833 ) ) GLOBAL_UNIT_ASSIGNED_CONTEXT ( ( #358, #1090, #2339 ) ) REPRESENTATION_CONTEXT ( 'NONE', 'WORKASPACE' ) );
#1131 = CARTESIAN_POINT ( 'NONE',  ( 1.279999999999999805, 0.4899999999999999911, 1.189999999999999947 ) ) ;
#1132 = EDGE_CURVE ( 'NONE', #1091, #1057, #2135, .T. ) ;
#1133 =( LENGTH_UNIT ( ) NAMED_UNIT ( * ) SI_UNIT ( .MILLI., .METRE. ) );
#1134 = FILL_AREA_STYLE ('',( #1717 ) ) ;
#1135 = SURFACE_STYLE_USAGE ( .BOTH. , #1704 ) ;
#1136 = DIRECTION ( 'NONE',  ( 0.000000000000000000, -0.000000000000000000, 1.000000000000000000 ) ) ;
#1137 = CARTESIAN_POINT ( 'NONE',  ( -1.450000000000000178, -1.566672139241553907E-14, -0.6499999999999999112 ) ) ;
#1138 = CARTESIAN_POINT ( 'NONE',  ( 1.279999999999999805, 0.4156283359900229124, 0.9482097376849256687 ) ) ;
#1139 = CYLINDRICAL_SURFACE ( 'NONE', #1486, 0.08999999999999991340 ) ;
#1140 = CARTESIAN_POINT ( 'NONE',  ( -0.7699999999999997957, 0.1168716640099770748, 0.8092196137378877552 ) ) ;
#1141 = STYLED_ITEM ( 'NONE', ( #2322 ), #136 ) ;
#1142 = CIRCLE ( 'NONE', #1027, 0.08999999999999991340 ) ;
#1143 = CARTESIAN_POINT ( 'NONE',  ( 1.399999999999999689, 0.4749999999999999778, 0.5999999999999997558 ) ) ;
#1144 = PRESENTATION_STYLE_ASSIGNMENT (( #890 ) ) ;
#1145 = VERTEX_POINT ( 'NONE', #251 ) ;
#1146 = SURFACE_STYLE_FILL_AREA ( #806 ) ;
#1147 =( NAMED_UNIT ( * ) PLANE_ANGLE_UNIT ( ) SI_UNIT ( $, .RADIAN. ) );
#1148 = ORIENTED_EDGE ( 'NONE', *, *, #1415, .F. ) ;
#1149 = ORIENTED_EDGE ( 'NONE', *, *, #571, .F. ) ;
#1150 = ORIENTED_EDGE ( 'NONE', *, *, #1339, .T. ) ;
#1151 = FILL_AREA_STYLE ('',( #402 ) ) ;
#1152 = VECTOR ( 'NONE', #763, 1000.000000000000114 ) ;
#1153 =( LENGTH_UNIT ( ) NAMED_UNIT ( * ) SI_UNIT ( .MILLI., .METRE. ) );
#1154 = VERTEX_POINT ( 'NONE', #1373 ) ;
#1155 = VERTEX_POINT ( 'NONE', #1573 ) ;
#1156 = AXIS2_PLACEMENT_3D ( 'NONE', #839, #1758, #648 ) ;
#1157 = CARTESIAN_POINT ( 'NONE',  ( 0.7699999999999996847, -1.576258002016811872E-14, 0.6499999999999998002 ) ) ;
#1158 = DIRECTION ( 'NONE',  ( 0.000000000000000000, 0.000000000000000000, 1.000000000000000000 ) ) ;
#1159 = ORIENTED_EDGE ( 'NONE', *, *, #1217, .T. ) ;
#1160 = CARTESIAN_POINT ( 'NONE',  ( 1.279999999999999805, 0.1325000000000000067, 0.7205869159667888102 ) ) ;
#1161 = LINE ( 'NONE', #444, #1004 ) ;
#1162 = PRESENTATION_LAYER_ASSIGNMENT (  '', '', ( #462 ) ) ;
#1163 = FILL_AREA_STYLE_COLOUR ( '', #2231 ) ;
#1164 = CARTESIAN_POINT ( 'NONE',  ( -0.7699999999999997957, 0.4899999999999999911, 1.036842435456025502 ) ) ;
#1165 = UNCERTAINTY_MEASURE_WITH_UNIT (LENGTH_MEASURE( 1.000000000000000082E-05 ), #934, 'distance_accuracy_value', 'NONE');
#1166 = CARTESIAN_POINT ( 'NONE',  ( 0.7699999999999997957, -0.04250000000000000305, 0.6455263157894751691 ) ) ;
#1167 = EDGE_CURVE ( 'NONE', #1816, #627, #1976, .T. ) ;
#1168 = CARTESIAN_POINT ( 'NONE',  ( 0.2550000000000000044, 0.4899999999999999911, -1.036842435456025280 ) ) ;
#1169 = MECHANICAL_DESIGN_GEOMETRIC_PRESENTATION_REPRESENTATION (  '', ( #2317 ), #2189 ) ;
#1170 = CARTESIAN_POINT ( 'NONE',  ( 0.7699999999999997957, 0.1325000000000000067, 0.7205869159667888102 ) ) ;
#1171 = STYLED_ITEM ( 'NONE', ( #857 ), #1760 ) ;
#1172 = VECTOR ( 'NONE', #1738, 1000.000000000000000 ) ;
#1173 = LINE ( 'NONE', #772, #2085 ) ;
#1174 = CARTESIAN_POINT ( 'NONE',  ( -0.7699999999999997957, 0.1168716640099770471, 0.8092196137378877552 ) ) ;
#1175 = SURFACE_STYLE_FILL_AREA ( #173 ) ;
#1176 = CARTESIAN_POINT ( 'NONE',  ( 1.279999999999999805, 0.04249999999999999611, 0.7205869159667882551 ) ) ;
#1177 = STYLED_ITEM ( 'NONE', ( #55 ), #112 ) ;
#1178 = SURFACE_STYLE_FILL_AREA ( #1336 ) ;
#1179 = VERTEX_POINT ( 'NONE', #1894 ) ;
#1180 = EDGE_CURVE ( 'NONE', #1501, #1781, #2298, .T. ) ;
#1181 = LINE ( 'NONE', #2192, #1673 ) ;
#1182 = ORIENTED_EDGE ( 'NONE', *, *, #1061, .F. ) ;
#1183 = ORIENTED_EDGE ( 'NONE', *, *, #1585, .T. ) ;
#1184 = LINE ( 'NONE', #29, #282 ) ;
#1185 = ORIENTED_EDGE ( 'NONE', *, *, #107, .T. ) ;
#1186 = ORIENTED_EDGE ( 'NONE', *, *, #2275, .T. ) ;
#1187 = CARTESIAN_POINT ( 'NONE',  ( -1.450000000000000178, -1.576258002016811872E-14, 0.6500000000000001332 ) ) ;
#1188 = PRESENTATION_STYLE_ASSIGNMENT (( #676 ) ) ;
#1189 = AXIS2_PLACEMENT_3D ( 'NONE', #328, #2163, #904 ) ;
#1190 = STYLED_ITEM ( 'NONE', ( #621 ), #508 ) ;
#1191 =( NAMED_UNIT ( * ) SI_UNIT ( $, .STERADIAN. ) SOLID_ANGLE_UNIT ( ) );
#1192 = PRESENTATION_LAYER_ASSIGNMENT (  '', '', ( #944 ) ) ;
#1193 = MECHANICAL_DESIGN_GEOMETRIC_PRESENTATION_REPRESENTATION (  '', ( #1177 ), #816 ) ;
#1194 = CARTESIAN_POINT ( 'NONE',  ( 0.2550000000000000044, 0.5749999999999999556, -1.190000000000000169 ) ) ;
#1195 = CARTESIAN_POINT ( 'NONE',  ( -1.279999999999999805, -0.04250000000000000305, 0.6455263157894753911 ) ) ;
#1196 = ADVANCED_FACE ( 'NONE', ( #2071 ), #873, .F. ) ;
#1197 = DIRECTION ( 'NONE',  ( 0.000000000000000000, 9.027723681967364885E-17, -1.000000000000000000 ) ) ;
#1198 = LINE ( 'NONE', #1049, #419 ) ;
#1199 = DIRECTION ( 'NONE',  ( 0.000000000000000000, 0.000000000000000000, 1.000000000000000000 ) ) ;
#1200 = AXIS2_PLACEMENT_3D ( 'NONE', #979, #62, #418 ) ;
#1201 = CARTESIAN_POINT ( 'NONE',  ( 1.449999999999999734, -1.576258002016811872E-14, 0.6499999999999996891 ) ) ;
#1202 =( LENGTH_UNIT ( ) NAMED_UNIT ( * ) SI_UNIT ( .MILLI., .METRE. ) );
#1203 = STYLED_ITEM ( 'NONE', ( #993 ), #1953 ) ;
#1204 = DIRECTION ( 'NONE',  ( -1.000000000000000000, -0.000000000000000000, -0.000000000000000000 ) ) ;
#1205 = DIRECTION ( 'NONE',  ( 0.000000000000000000, 0.000000000000000000, -1.000000000000000000 ) ) ;
#1206 = LINE ( 'NONE', #2343, #546 ) ;
#1207 = VERTEX_POINT ( 'NONE', #1174 ) ;
#1208 = SURFACE_STYLE_USAGE ( .BOTH. , #218 ) ;
#1209 = FILL_AREA_STYLE_COLOUR ( '', #2247 ) ;
#1210 = ORIENTED_EDGE ( 'NONE', *, *, #808, .T. ) ;
#1211 = EDGE_LOOP ( 'NONE', ( #1213, #1272, #863, #1559 ) ) ;
#1212 = SURFACE_SIDE_STYLE ('',( #421 ) ) ;
#1213 = ORIENTED_EDGE ( 'NONE', *, *, #1309, .F. ) ;
#1214 = EDGE_CURVE ( 'NONE', #2012, #2320, #1566, .T. ) ;
#1215 = VERTEX_POINT ( 'NONE', #1579 ) ;
#1217 = EDGE_CURVE ( 'NONE', #1728, #1632, #439, .T. ) ;
#1216 = DIRECTION ( 'NONE',  ( 0.000000000000000000, -1.000000000000000000, 0.000000000000000000 ) ) ;
#1218 = SURFACE_SIDE_STYLE ('',( #1389 ) ) ;
#1219 = ORIENTED_EDGE ( 'NONE', *, *, #1086, .T. ) ;
#1220 = VECTOR ( 'NONE', #1199, 1000.000000000000000 ) ;
#1221 = CARTESIAN_POINT ( 'NONE',  ( 0.7699999999999997957, 0.4899999999999999911, 1.036842435456025058 ) ) ;
#1222 =( LENGTH_UNIT ( ) NAMED_UNIT ( * ) SI_UNIT ( .MILLI., .METRE. ) );
#1223 = VECTOR ( 'NONE', #1332, 1000.000000000000000 ) ;
#1224 = VECTOR ( 'NONE', #1567, 1000.000000000000000 ) ;
#1225 = AXIS2_PLACEMENT_3D ( 'NONE', #611, #792, #976 ) ;
#1226 = SURFACE_SIDE_STYLE ('',( #392 ) ) ;
#1227 = ADVANCED_FACE ( 'NONE', ( #32 ), #2106, .F. ) ;
#1228 =( NAMED_UNIT ( * ) PLANE_ANGLE_UNIT ( ) SI_UNIT ( $, .RADIAN. ) );
#1229 =( NAMED_UNIT ( * ) SI_UNIT ( $, .STERADIAN. ) SOLID_ANGLE_UNIT ( ) );
#1230 = CARTESIAN_POINT ( 'NONE',  ( -0.2550000000000000044, 0.5749999999999999556, -1.041037933611911992 ) ) ;
#1231 =( LENGTH_UNIT ( ) NAMED_UNIT ( * ) SI_UNIT ( .MILLI., .METRE. ) );
#1232 = CARTESIAN_POINT ( 'NONE',  ( -0.2550000000000000044, 0.1168716640099770471, -0.8092196137378876442 ) ) ;
#1233 = LINE ( 'NONE', #1023, #941 ) ;
#1234 = CARTESIAN_POINT ( 'NONE',  ( 0.000000000000000000, -0.4749999999999999778, 0.000000000000000000 ) ) ;
#1235 = COLOUR_RGB ( '',1.000000000000000000, 1.000000000000000000, 1.000000000000000000 ) ;
#1236 = EDGE_CURVE ( 'NONE', #722, #1119, #1656, .T. ) ;
#1237 = VECTOR ( 'NONE', #1503, 1000.000000000000000 ) ;
#1238 = PRESENTATION_LAYER_ASSIGNMENT (  '', '', ( #129 ) ) ;
#1239 = LINE ( 'NONE', #849, #2090 ) ;
#1240 = STYLED_ITEM ( 'NONE', ( #1372 ), #2131 ) ;
#1241 = PRESENTATION_STYLE_ASSIGNMENT (( #1395 ) ) ;
#1242 = ORIENTED_EDGE ( 'NONE', *, *, #987, .F. ) ;
#1243 = SURFACE_SIDE_STYLE ('',( #690 ) ) ;
#1244 = UNCERTAINTY_MEASURE_WITH_UNIT (LENGTH_MEASURE( 1.000000000000000082E-05 ), #1092, 'distance_accuracy_value', 'NONE');
#1245 = ORIENTED_EDGE ( 'NONE', *, *, #137, .T. ) ;
#1246 = ORIENTED_EDGE ( 'NONE', *, *, #2091, .T. ) ;
#1247 = DIRECTION ( 'NONE',  ( 0.000000000000000000, 0.000000000000000000, -1.000000000000000000 ) ) ;
#1248 = DIRECTION ( 'NONE',  ( 0.000000000000000000, 9.562201118380665332E-17, 1.000000000000000000 ) ) ;
#1249 = CIRCLE ( 'NONE', #1189, 0.1800000000000000488 ) ;
#1250 = ORIENTED_EDGE ( 'NONE', *, *, #267, .T. ) ;
#1251 = EDGE_LOOP ( 'NONE', ( #1890, #1554, #1754, #1297 ) ) ;
#1252 = LINE ( 'NONE', #1168, #213 ) ;
#1254 = EDGE_CURVE ( 'NONE', #722, #117, #1036, .T. ) ;
#1253 = SURFACE_STYLE_USAGE ( .BOTH. , #1792 ) ;
#1255 = PRODUCT_DEFINITION ( 'UNKNOWN', '', #2050, #2061 ) ;
#1256 = LINE ( 'NONE', #1405, #1335 ) ;
#1257 = FILL_AREA_STYLE_COLOUR ( '', #1973 ) ;
#1258 = DIRECTION ( 'NONE',  ( 0.000000000000000000, 0.000000000000000000, 1.000000000000000000 ) ) ;
#1259 = DIRECTION ( 'NONE',  ( 0.1041158412590671434, 0.9891004919611724455, -0.1041158412590671573 ) ) ;
#1260 = MECHANICAL_DESIGN_GEOMETRIC_PRESENTATION_REPRESENTATION (  '', ( #221 ), #1289 ) ;
#1261 =( LENGTH_UNIT ( ) NAMED_UNIT ( * ) SI_UNIT ( .MILLI., .METRE. ) );
#1262 = FILL_AREA_STYLE ('',( #1106 ) ) ;
#1263 = STYLED_ITEM ( 'NONE', ( #1814 ), #295 ) ;
#1264 = LINE ( 'NONE', #530, #846 ) ;
#1265 = SURFACE_SIDE_STYLE ('',( #390 ) ) ;
#1266 = EDGE_CURVE ( 'NONE', #978, #1702, #557, .T. ) ;
#1267 = CARTESIAN_POINT ( 'NONE',  ( 1.279999999999999805, 0.5749999999999999556, 1.189999999999999947 ) ) ;
#1268 = DIRECTION ( 'NONE',  ( 0.000000000000000000, 0.000000000000000000, 1.000000000000000000 ) ) ;
#1269 = FILL_AREA_STYLE ('',( #891 ) ) ;
#1270 = LINE ( 'NONE', #742, #365 ) ;
#1271 = PRESENTATION_LAYER_ASSIGNMENT (  '', '', ( #1171 ) ) ;
#1272 = ORIENTED_EDGE ( 'NONE', *, *, #2120, .F. ) ;
#1273 = CARTESIAN_POINT ( 'NONE',  ( -1.279999999999999805, -1.566672139241553907E-14, 0.6500000000000001332 ) ) ;
#1274 = PLANE ( 'NONE',  #1156 ) ;
#1275 = LINE ( 'NONE', #1280, #482 ) ;
#1276 = DIRECTION ( 'NONE',  ( 0.000000000000000000, 0.000000000000000000, 1.000000000000000000 ) ) ;
#1277 = ORIENTED_EDGE ( 'NONE', *, *, #156, .F. ) ;
#1278 = UNCERTAINTY_MEASURE_WITH_UNIT (LENGTH_MEASURE( 1.000000000000000082E-05 ), #819, 'distance_accuracy_value', 'NONE');
#1279 = ORIENTED_EDGE ( 'NONE', *, *, #1984, .T. ) ;
#1280 = CARTESIAN_POINT ( 'NONE',  ( 0.2550000000000000044, -0.04250000000000000305, -0.6455263157894752801 ) ) ;
#1281 = ORIENTED_EDGE ( 'NONE', *, *, #1167, .T. ) ;
#1282 = VERTEX_POINT ( 'NONE', #509 ) ;
#1283 = ORIENTED_EDGE ( 'NONE', *, *, #2245, .F. ) ;
#1284 = COLOUR_RGB ( '',0.7921568627450980005, 0.8196078431372548767, 0.9333333333333333481 ) ;
#1285 = COLOUR_RGB ( '',0.2509803921568627416, 0.2509803921568627416, 0.2509803921568627416 ) ;
#1286 = FILL_AREA_STYLE_COLOUR ( '', #2319 ) ;
#1287 =( NAMED_UNIT ( * ) PLANE_ANGLE_UNIT ( ) SI_UNIT ( $, .RADIAN. ) );
#1288 = FILL_AREA_STYLE ('',( #347 ) ) ;
#1289 =( GEOMETRIC_REPRESENTATION_CONTEXT ( 3 ) GLOBAL_UNCERTAINTY_ASSIGNED_CONTEXT ( ( #2252 ) ) GLOBAL_UNIT_ASSIGNED_CONTEXT ( ( #556, #331, #921 ) ) REPRESENTATION_CONTEXT ( 'NONE', 'WORKASPACE' ) );
#1290 = CARTESIAN_POINT ( 'NONE',  ( -0.7699999999999997957, 0.1374999999999999556, 0.7163914178109025421 ) ) ;
#1291 = AXIS2_PLACEMENT_3D ( 'NONE', #568, #1081, #562 ) ;
#1292 = FILL_AREA_STYLE_COLOUR ( '', #1912 ) ;
#1293 = SURFACE_STYLE_FILL_AREA ( #587 ) ;
#1294 = EDGE_CURVE ( 'NONE', #1501, #1103, #496, .T. ) ;
#1295 = FILL_AREA_STYLE_COLOUR ( '', #1748 ) ;
#1296 = CARTESIAN_POINT ( 'NONE',  ( 1.279999999999999805, 0.4899999999999999911, 1.189999999999999947 ) ) ;
#1297 = ORIENTED_EDGE ( 'NONE', *, *, #2314, .T. ) ;
#1298 = CARTESIAN_POINT ( 'NONE',  ( 0.2550000000000000044, 0.1062433280199540919, -0.8936568133531002101 ) ) ;
#1299 = MECHANICAL_DESIGN_GEOMETRIC_PRESENTATION_REPRESENTATION (  '', ( #2053 ), #2128 ) ;
#1300 = ORIENTED_EDGE ( 'NONE', *, *, #1710, .F. ) ;
#1301 = UNCERTAINTY_MEASURE_WITH_UNIT (LENGTH_MEASURE( 1.000000000000000082E-05 ), #2029, 'distance_accuracy_value', 'NONE');
#1302 = VERTEX_POINT ( 'NONE', #1919 ) ;
#1303 = EDGE_LOOP ( 'NONE', ( #951, #898, #630, #1330 ) ) ;
#1304 = ORIENTED_EDGE ( 'NONE', *, *, #878, .F. ) ;
#1305 = DIRECTION ( 'NONE',  ( -1.000000000000000000, -0.000000000000000000, -0.000000000000000000 ) ) ;
#1306 = LINE ( 'NONE', #466, #1220 ) ;
#1307 = CARTESIAN_POINT ( 'NONE',  ( -1.279999999999999805, 0.1325000000000000067, 0.7205869159667890322 ) ) ;
#1308 = DIRECTION ( 'NONE',  ( 0.000000000000000000, 0.000000000000000000, -1.000000000000000000 ) ) ;
#1309 = EDGE_CURVE ( 'NONE', #1702, #664, #1599, .T. ) ;
#1310 = SURFACE_SIDE_STYLE ('',( #2064 ) ) ;
#1311 = MECHANICAL_DESIGN_GEOMETRIC_PRESENTATION_REPRESENTATION (  '', ( #127 ), #1768 ) ;
#1312 = AXIS2_PLACEMENT_3D ( 'NONE', #895, #1448, #1077 ) ;
#1313 = FILL_AREA_STYLE ('',( #1163 ) ) ;
#1314 = SURFACE_STYLE_FILL_AREA ( #998 ) ;
#1315 = DIRECTION ( 'NONE',  ( 0.000000000000000000, 0.1736481776669273058, 0.9848077530122085754 ) ) ;
#1316 = VECTOR ( 'NONE', #44, 1000.000000000000000 ) ;
#1317 = ORIENTED_EDGE ( 'NONE', *, *, #878, .T. ) ;
#1318 =( LENGTH_UNIT ( ) NAMED_UNIT ( * ) SI_UNIT ( .MILLI., .METRE. ) );
#1319 = LINE ( 'NONE', #922, #2122 ) ;
#1320 = DIRECTION ( 'NONE',  ( 0.000000000000000000, -0.9848077530122085754, -0.1736481776669273058 ) ) ;
#1321 = SURFACE_STYLE_FILL_AREA ( #1134 ) ;
#1322 = EDGE_LOOP ( 'NONE', ( #1150, #552, #980, #1246 ) ) ;
#1323 = PRODUCT_DEFINITION_SHAPE ( 'NONE', 'NONE',  #1255 ) ;
#1324 = ORIENTED_EDGE ( 'NONE', *, *, #1086, .F. ) ;
#1325 = SURFACE_STYLE_USAGE ( .BOTH. , #1869 ) ;
#1326 = CARTESIAN_POINT ( 'NONE',  ( -1.393495934959350091, 0.5367886178861768220, 0.5934959349593501576 ) ) ;
#1327 = STYLED_ITEM ( 'NONE', ( #2172 ), #2104 ) ;
#1328 = ORIENTED_EDGE ( 'NONE', *, *, #2336, .T. ) ;
#1329 =( LENGTH_UNIT ( ) NAMED_UNIT ( * ) SI_UNIT ( .MILLI., .METRE. ) );
#1330 = ORIENTED_EDGE ( 'NONE', *, *, #1778, .T. ) ;
#1331 =( NAMED_UNIT ( * ) PLANE_ANGLE_UNIT ( ) SI_UNIT ( $, .RADIAN. ) );
#1332 = DIRECTION ( 'NONE',  ( -1.000000000000000000, -0.000000000000000000, 0.000000000000000000 ) ) ;
#1333 = PRESENTATION_LAYER_ASSIGNMENT (  '', '', ( #14 ) ) ;
#1334 = AXIS2_PLACEMENT_3D ( 'NONE', #759, #793, #1197 ) ;
#1335 = VECTOR ( 'NONE', #1603, 1000.000000000000000 ) ;
#1336 = FILL_AREA_STYLE ('',( #1529 ) ) ;
#1337 = EDGE_CURVE ( 'NONE', #578, #1119, #977, .T. ) ;
#1338 =( NAMED_UNIT ( * ) SI_UNIT ( $, .STERADIAN. ) SOLID_ANGLE_UNIT ( ) );
#1339 = EDGE_CURVE ( 'NONE', #1179, #90, #1943, .T. ) ;
#1340 = CARTESIAN_POINT ( 'NONE',  ( 1.279999999999999805, 0.4899999999999999911, 1.189999999999999947 ) ) ;
#1341 = CARTESIAN_POINT ( 'NONE',  ( -1.279999999999999805, -1.566672139241553907E-14, 0.6500000000000001332 ) ) ;
#1342 = CARTESIAN_POINT ( 'NONE',  ( 1.279999999999999805, 0.04250000000000000305, 0.6455263157894721715 ) ) ;
#1343 = UNCERTAINTY_MEASURE_WITH_UNIT (LENGTH_MEASURE( 1.000000000000000082E-05 ), #2328, 'distance_accuracy_value', 'NONE');
#1344 =( GEOMETRIC_REPRESENTATION_CONTEXT ( 3 ) GLOBAL_UNCERTAINTY_ASSIGNED_CONTEXT ( ( #1165 ) ) GLOBAL_UNIT_ASSIGNED_CONTEXT ( ( #934, #752, #192 ) ) REPRESENTATION_CONTEXT ( 'NONE', 'WORKASPACE' ) );
#1345 = VECTOR ( 'NONE', #280, 999.9999999999998863 ) ;
#1346 =( NAMED_UNIT ( * ) PLANE_ANGLE_UNIT ( ) SI_UNIT ( $, .RADIAN. ) );
#1347 = VECTOR ( 'NONE', #706, 1000.000000000000227 ) ;
#1348 = CARTESIAN_POINT ( 'NONE',  ( -1.279999999999999805, 0.04249999999999919120, 0.6455263157894723935 ) ) ;
#1349 = EDGE_CURVE ( 'NONE', #376, #975, #1096, .T. ) ;
#1350 = SURFACE_STYLE_FILL_AREA ( #762 ) ;
#1351 = COLOUR_RGB ( '',1.000000000000000000, 1.000000000000000000, 1.000000000000000000 ) ;
#1352 = FACE_OUTER_BOUND ( 'NONE', #805, .T. ) ;
#1353 = VERTEX_POINT ( 'NONE', #1592 ) ;
#1354 = ORIENTED_EDGE ( 'NONE', *, *, #2306, .F. ) ;
#1355 =( NAMED_UNIT ( * ) SI_UNIT ( $, .STERADIAN. ) SOLID_ANGLE_UNIT ( ) );
#1356 = SURFACE_SIDE_STYLE ('',( #1129 ) ) ;
#1357 = ORIENTED_EDGE ( 'NONE', *, *, #229, .F. ) ;
#1358 = ORIENTED_EDGE ( 'NONE', *, *, #1865, .F. ) ;
#1359 = DIRECTION ( 'NONE',  ( -1.000000000000000000, -0.000000000000000000, 0.000000000000000000 ) ) ;
#1360 = EDGE_CURVE ( 'NONE', #1375, #1154, #662, .T. ) ;
#1361 = EDGE_LOOP ( 'NONE', ( #888, #1362, #1589, #2175 ) ) ;
#1362 = ORIENTED_EDGE ( 'NONE', *, *, #1506, .T. ) ;
#1363 = MECHANICAL_DESIGN_GEOMETRIC_PRESENTATION_REPRESENTATION (  '', ( #129 ), #1959 ) ;
#1364 = AXIS2_PLACEMENT_3D ( 'NONE', #191, #736, #924 ) ;
#1365 = LINE ( 'NONE', #1341, #2073 ) ;
#1366 = DIRECTION ( 'NONE',  ( -0.000000000000000000, -0.9848077530122086864, 0.1736481776669273058 ) ) ;
#1367 = EDGE_CURVE ( 'NONE', #781, #1154, #1416, .T. ) ;
#1368 = CARTESIAN_POINT ( 'NONE',  ( -0.2550000000000000044, 0.4899999999999999911, -1.190000000000000169 ) ) ;
#1369 =( GEOMETRIC_REPRESENTATION_CONTEXT ( 3 ) GLOBAL_UNCERTAINTY_ASSIGNED_CONTEXT ( ( #2057 ) ) GLOBAL_UNIT_ASSIGNED_CONTEXT ( ( #529, #894, #163 ) ) REPRESENTATION_CONTEXT ( 'NONE', 'WORKASPACE' ) );
#1370 = CIRCLE ( 'NONE', #1225, 0.08999999999999991340 ) ;
#1371 = STYLED_ITEM ( 'NONE', ( #1856 ), #1782 ) ;
#1372 = PRESENTATION_STYLE_ASSIGNMENT (( #1608 ) ) ;
#1373 = CARTESIAN_POINT ( 'NONE',  ( -0.2550000000000000044, 0.04249999999999999611, -0.7205869159667883661 ) ) ;
#1374 = FACE_OUTER_BOUND ( 'NONE', #653, .T. ) ;
#1375 = VERTEX_POINT ( 'NONE', #1075 ) ;
#1376 = VECTOR ( 'NONE', #2030, 1000.000000000000227 ) ;
#1377 = EDGE_CURVE ( 'NONE', #2126, #804, #1249, .T. ) ;
#1378 =( NAMED_UNIT ( * ) SI_UNIT ( $, .STERADIAN. ) SOLID_ANGLE_UNIT ( ) );
#1379 = VERTEX_POINT ( 'NONE', #1821 ) ;
#1380 = ORIENTED_EDGE ( 'NONE', *, *, #1367, .F. ) ;
#1381 = ORIENTED_EDGE ( 'NONE', *, *, #2337, .F. ) ;
#1382 = CARTESIAN_POINT ( 'NONE',  ( 1.279999999999999805, -0.04250000000000000305, 0.6455263157894751691 ) ) ;
#1383 = DIRECTION ( 'NONE',  ( -1.000000000000000000, -0.000000000000000000, 1.495451272393799296E-16 ) ) ;
#1384 = CYLINDRICAL_SURFACE ( 'NONE', #491, 0.1799999999999998268 ) ;
#1385 = ORIENTED_EDGE ( 'NONE', *, *, #1377, .T. ) ;
#1386 = MECHANICAL_DESIGN_GEOMETRIC_PRESENTATION_REPRESENTATION (  '', ( #1171 ), #728 ) ;
#1387 = DIRECTION ( 'NONE',  ( 1.487234444973888850E-16, 0.1046847845180391284, 0.9945054529214064631 ) ) ;
#1388 = ADVANCED_FACE ( 'NONE', ( #1595 ), #1384, .T. ) ;
#1389 = SURFACE_STYLE_FILL_AREA ( #475 ) ;
#1390 = PRESENTATION_LAYER_ASSIGNMENT (  '', '', ( #1177 ) ) ;
#1391 = DIRECTION ( 'NONE',  ( -1.000000000000000000, -0.000000000000000000, -0.000000000000000000 ) ) ;
#1392 = FILL_AREA_STYLE ('',( #299 ) ) ;
#1393 = DIRECTION ( 'NONE',  ( 0.000000000000000000, 0.000000000000000000, -1.000000000000000000 ) ) ;
#1394 = PRESENTATION_LAYER_ASSIGNMENT (  '', '', ( #278 ) ) ;
#1395 = SURFACE_STYLE_USAGE ( .BOTH. , #238 ) ;
#1396 = PLANE ( 'NONE',  #2059 ) ;
#1397 = ADVANCED_FACE ( 'NONE', ( #867 ), #542, .T. ) ;
#1398 = PRESENTATION_LAYER_ASSIGNMENT (  '', '', ( #127 ) ) ;
#1399 = SURFACE_STYLE_USAGE ( .BOTH. , #109 ) ;
#1400 = VECTOR ( 'NONE', #842, 1000.000000000000000 ) ;
#1401 = VECTOR ( 'NONE', #2127, 1000.000000000000114 ) ;
#1402 = AXIS2_PLACEMENT_3D ( 'NONE', #50, #1526, #2042 ) ;
#1403 = VECTOR ( 'NONE', #645, 1000.000000000000000 ) ;
#1404 = PLANE ( 'NONE',  #97 ) ;
#1405 = CARTESIAN_POINT ( 'NONE',  ( 0.2550000000000000044, 0.04250000000000000305, -0.6455263157894722825 ) ) ;
#1406 = SURFACE_STYLE_FILL_AREA ( #534 ) ;
#1407 = ORIENTED_EDGE ( 'NONE', *, *, #107, .F. ) ;
#1408 = FILL_AREA_STYLE_COLOUR ( '', #318 ) ;
#1409 = ORIENTED_EDGE ( 'NONE', *, *, #836, .T. ) ;
#1410 = DIRECTION ( 'NONE',  ( -1.000000000000000000, -0.000000000000000000, -0.000000000000000000 ) ) ;
#1411 = FACE_OUTER_BOUND ( 'NONE', #1909, .T. ) ;
#1412 = CARTESIAN_POINT ( 'NONE',  ( 1.449999999999999734, -1.576258002016811872E-14, -0.6500000000000002442 ) ) ;
#1413 = ADVANCED_FACE ( 'NONE', ( #353 ), #1852, .F. ) ;
#1415 = EDGE_CURVE ( 'NONE', #1728, #211, #2261, .T. ) ;
#1414 = CARTESIAN_POINT ( 'NONE',  ( -0.7699999999999997957, 0.1168716640099770748, 0.8092196137378877552 ) ) ;
#1416 = LINE ( 'NONE', #886, #1733 ) ;
#1417 = UNCERTAINTY_MEASURE_WITH_UNIT (LENGTH_MEASURE( 1.000000000000000082E-05 ), #1329, 'distance_accuracy_value', 'NONE');
#1418 =( NAMED_UNIT ( * ) PLANE_ANGLE_UNIT ( ) SI_UNIT ( $, .RADIAN. ) );
#1419 = VERTEX_POINT ( 'NONE', #2024 ) ;
#1420 = ORIENTED_EDGE ( 'NONE', *, *, #1587, .F. ) ;
#1421 = CARTESIAN_POINT ( 'NONE',  ( -1.450000000000000178, 1.577514160966408951E-14, 0.6500000000000001332 ) ) ;
#1422 = VECTOR ( 'NONE', #1430, 999.9999999999998863 ) ;
#1423 = DIRECTION ( 'NONE',  ( 0.000000000000000000, -0.000000000000000000, 1.000000000000000000 ) ) ;
#1424 = ORIENTED_EDGE ( 'NONE', *, *, #1604, .T. ) ;
#1425 = AXIS2_PLACEMENT_3D ( 'NONE', #408, #2035, #777 ) ;
#1426 = FILL_AREA_STYLE_COLOUR ( '', #1580 ) ;
#1427 = SURFACE_STYLE_FILL_AREA ( #2144 ) ;
#1428 = CARTESIAN_POINT ( 'NONE',  ( 0.7699999999999997957, 0.1062433280199540919, 0.8936568133531000990 ) ) ;
#1429 = ADVANCED_FACE ( 'NONE', ( #776 ), #2006, .F. ) ;
#1430 = DIRECTION ( 'NONE',  ( 0.000000000000000000, 0.9848077530122086864, -0.1736481776669273058 ) ) ;
#1431 = DIRECTION ( 'NONE',  ( -1.000000000000000000, -0.000000000000000000, 0.000000000000000000 ) ) ;
#1432 = EDGE_CURVE ( 'NONE', #828, #346, #1184, .T. ) ;
#1433 =( LENGTH_UNIT ( ) NAMED_UNIT ( * ) SI_UNIT ( .MILLI., .METRE. ) );
#1434 = CIRCLE ( 'NONE', #753, 0.1799999999999999378 ) ;
#1435 = DIRECTION ( 'NONE',  ( 0.000000000000000000, -0.1736481776669273058, 0.9848077530122085754 ) ) ;
#1436 = SURFACE_STYLE_USAGE ( .BOTH. , #1977 ) ;
#1437 = LINE ( 'NONE', #309, #851 ) ;
#1438 = MECHANICAL_DESIGN_GEOMETRIC_PRESENTATION_REPRESENTATION (  '', ( #814 ), #616 ) ;
#1439 = CARTESIAN_POINT ( 'NONE',  ( 0.2550000000000000044, 0.5749999999999999556, -1.190000000000000169 ) ) ;
#1440 = LINE ( 'NONE', #1412, #1403 ) ;
#1441 = EDGE_LOOP ( 'NONE', ( #695, #1531, #2069, #874 ) ) ;
#1442 = PLANE ( 'NONE',  #1699 ) ;
#1443 = AXIS2_PLACEMENT_3D ( 'NONE', #2182, #1127, #765 ) ;
#1444 = VERTEX_POINT ( 'NONE', #1131 ) ;
#1445 = VERTEX_POINT ( 'NONE', #938 ) ;
#1446 = DIRECTION ( 'NONE',  ( -0.000000000000000000, -0.000000000000000000, -1.000000000000000000 ) ) ;
#1447 = DIRECTION ( 'NONE',  ( -1.000000000000000000, -0.000000000000000000, 0.000000000000000000 ) ) ;
#1448 = DIRECTION ( 'NONE',  ( 0.000000000000000000, -0.1736481776669273058, -0.9848077530122085754 ) ) ;
#1449 = PRESENTATION_STYLE_ASSIGNMENT (( #387 ) ) ;
#1450 = ORIENTED_EDGE ( 'NONE', *, *, #919, .T. ) ;
#1451 = VERTEX_POINT ( 'NONE', #559 ) ;
#1452 = VECTOR ( 'NONE', #1446, 1000.000000000000000 ) ;
#1453 = UNCERTAINTY_MEASURE_WITH_UNIT (LENGTH_MEASURE( 1.000000000000000082E-05 ), #1128, 'distance_accuracy_value', 'NONE');
#1454 = CARTESIAN_POINT ( 'NONE',  ( 0.2550000000000000044, 0.4000000000000000222, -1.036842435456024614 ) ) ;
#1455 = DIRECTION ( 'NONE',  ( 1.000000000000000000, 0.000000000000000000, 0.000000000000000000 ) ) ;
#1456 = PRESENTATION_STYLE_ASSIGNMENT (( #535 ) ) ;
#1457 = AXIS2_PLACEMENT_3D ( 'NONE', #791, #1524, #1885 ) ;
#1458 = VECTOR ( 'NONE', #2141, 999.9999999999998863 ) ;
#1459 =( NAMED_UNIT ( * ) SI_UNIT ( $, .STERADIAN. ) SOLID_ANGLE_UNIT ( ) );
#1460 = CARTESIAN_POINT ( 'NONE',  ( 1.449999999999999734, 1.577514160966408951E-14, -0.6500000000000002442 ) ) ;
#1461 = PRESENTATION_LAYER_ASSIGNMENT (  '', '', ( #1327 ) ) ;
#1462 = EDGE_CURVE ( 'NONE', #243, #308, #239, .T. ) ;
#1463 = DIRECTION ( 'NONE',  ( -1.000000000000000000, -0.000000000000000000, -0.000000000000000000 ) ) ;
#1464 = EDGE_CURVE ( 'NONE', #1730, #1302, #1651, .T. ) ;
#1465 = FILL_AREA_STYLE_COLOUR ( '', #688 ) ;
#1466 = FACE_OUTER_BOUND ( 'NONE', #1303, .T. ) ;
#1467 = LINE ( 'NONE', #2079, #1987 ) ;
#1468 = STYLED_ITEM ( 'NONE', ( #400 ), #1584 ) ;
#1469 = FACE_OUTER_BOUND ( 'NONE', #1322, .T. ) ;
#1470 = VECTOR ( 'NONE', #1100, 999.9999999999998863 ) ;
#1471 = EDGE_LOOP ( 'NONE', ( #343, #25, #953, #1863 ) ) ;
#1472 = ORIENTED_EDGE ( 'NONE', *, *, #1432, .F. ) ;
#1473 = AXIS2_PLACEMENT_3D ( 'NONE', #2067, #990, #2272 ) ;
#1474 = DIRECTION ( 'NONE',  ( 0.000000000000000000, -9.562201118380665332E-17, 1.000000000000000000 ) ) ;
#1475 = PRESENTATION_STYLE_ASSIGNMENT (( #2170 ) ) ;
#1476 = CARTESIAN_POINT ( 'NONE',  ( 1.279999999999999805, 0.5749999999999999556, 1.041037933611911770 ) ) ;
#1477 = VERTEX_POINT ( 'NONE', #731 ) ;
#1478 = ORIENTED_EDGE ( 'NONE', *, *, #1481, .F. ) ;
#1479 = CARTESIAN_POINT ( 'NONE',  ( 1.399999999999999689, -0.4749999999999999778, 0.5999999999999997558 ) ) ;
#1480 = ORIENTED_EDGE ( 'NONE', *, *, #1984, .F. ) ;
#1481 = EDGE_CURVE ( 'NONE', #1282, #2095, #1530, .T. ) ;
#1482 = FACE_OUTER_BOUND ( 'NONE', #432, .T. ) ;
#1483 = FILL_AREA_STYLE ('',( #1842 ) ) ;
#1484 = LINE ( 'NONE', #1059, #100 ) ;
#1485 = EDGE_CURVE ( 'NONE', #1676, #241, #61, .T. ) ;
#1486 = AXIS2_PLACEMENT_3D ( 'NONE', #2129, #1079, #1276 ) ;
#1487 = AXIS2_PLACEMENT_3D ( 'NONE', #1066, #1216, #113 ) ;
#1488 = FILL_AREA_STYLE_COLOUR ( '', #1054 ) ;
#1489 = PLANE ( 'NONE',  #250 ) ;
#1490 = SURFACE_STYLE_USAGE ( .BOTH. , #1310 ) ;
#1491 = EDGE_CURVE ( 'NONE', #664, #899, #1562, .T. ) ;
#1492 = PRESENTATION_LAYER_ASSIGNMENT (  '', '', ( #1820 ) ) ;
#1493 = DIRECTION ( 'NONE',  ( 0.000000000000000000, 1.000000000000000000, 0.000000000000000000 ) ) ;
#1494 = EDGE_LOOP ( 'NONE', ( #868, #2018, #1832, #1538 ) ) ;
#1495 = CARTESIAN_POINT ( 'NONE',  ( 0.2550000000000000044, 0.4262566719800459092, -0.8637725380697133248 ) ) ;
#1496 =( NAMED_UNIT ( * ) SI_UNIT ( $, .STERADIAN. ) SOLID_ANGLE_UNIT ( ) );
#1497 = EDGE_LOOP ( 'NONE', ( #526, #313, #2209, #550 ) ) ;
#1498 = ORIENTED_EDGE ( 'NONE', *, *, #1180, .T. ) ;
#1499 = CARTESIAN_POINT ( 'NONE',  ( 1.279999999999999805, 0.4262566719800459092, 0.8637725380697132138 ) ) ;
#1500 = CIRCLE ( 'NONE', #926, 0.08999999999999991340 ) ;
#1501 = VERTEX_POINT ( 'NONE', #1137 ) ;
#1502 = VERTEX_POINT ( 'NONE', #40 ) ;
#1503 = DIRECTION ( 'NONE',  ( -1.000000000000000000, -0.000000000000000000, -0.000000000000000000 ) ) ;
#1504 = SURFACE_STYLE_FILL_AREA ( #1607 ) ;
#1505 = CARTESIAN_POINT ( 'NONE',  ( -1.279999999999999805, 0.4899999999999999911, 1.190000000000000391 ) ) ;
#1506 = EDGE_CURVE ( 'NONE', #2070, #1215, #1884, .T. ) ;
#1507 = DIRECTION ( 'NONE',  ( 0.000000000000000000, 0.000000000000000000, 1.000000000000000000 ) ) ;
#1508 = VECTOR ( 'NONE', #673, 1000.000000000000227 ) ;
#1509 = DIRECTION ( 'NONE',  ( 0.000000000000000000, -9.562201118380665332E-17, -1.000000000000000000 ) ) ;
#1510 = CARTESIAN_POINT ( 'NONE',  ( -0.7699999999999997957, -1.576258002016811872E-14, 0.6500000000000000222 ) ) ;
#1511 = AXIS2_PLACEMENT_3D ( 'NONE', #2093, #2268, #1716 ) ;
#1512 = CARTESIAN_POINT ( 'NONE',  ( 0.2550000000000000044, 0.5749999999999999556, -1.041037933611911992 ) ) ;
#1513 = DIRECTION ( 'NONE',  ( 0.000000000000000000, 0.000000000000000000, 1.000000000000000000 ) ) ;
#1514 =( NAMED_UNIT ( * ) PLANE_ANGLE_UNIT ( ) SI_UNIT ( $, .RADIAN. ) );
#1515 = SURFACE_STYLE_USAGE ( .BOTH. , #2214 ) ;
#1516 = FILL_AREA_STYLE ('',( #1295 ) ) ;
#1517 = UNCERTAINTY_MEASURE_WITH_UNIT (LENGTH_MEASURE( 1.000000000000000082E-05 ), #1034, 'distance_accuracy_value', 'NONE');
#1518 = CARTESIAN_POINT ( 'NONE',  ( 0.7699999999999997957, 0.04250000000000000305, 0.6455263157894721715 ) ) ;
#1519 = STYLED_ITEM ( 'NONE', ( #933 ), #817 ) ;
#1520 = SURFACE_STYLE_FILL_AREA ( #1654 ) ;
#1521 = ORIENTED_EDGE ( 'NONE', *, *, #1349, .T. ) ;
#1522 = SURFACE_SIDE_STYLE ('',( #1031 ) ) ;
#1523 = VECTOR ( 'NONE', #1366, 999.9999999999998863 ) ;
#1524 = DIRECTION ( 'NONE',  ( 1.000000000000000000, 0.000000000000000000, -0.000000000000000000 ) ) ;
#1525 = PRESENTATION_LAYER_ASSIGNMENT (  '', '', ( #1682 ) ) ;
#1526 = DIRECTION ( 'NONE',  ( 0.000000000000000000, 0.1736481776669273058, -0.9848077530122085754 ) ) ;
#1527 = ORIENTED_EDGE ( 'NONE', *, *, #1587, .T. ) ;
#1528 = LINE ( 'NONE', #24, #1376 ) ;
#1529 = FILL_AREA_STYLE_COLOUR ( '', #5 ) ;
#1530 = LINE ( 'NONE', #1326, #1152 ) ;
#1531 = ORIENTED_EDGE ( 'NONE', *, *, #197, .F. ) ;
#1532 = AXIS2_PLACEMENT_3D ( 'NONE', #671, #314, #148 ) ;
#1533 = ORIENTED_EDGE ( 'NONE', *, *, #1464, .F. ) ;
#1534 = ORIENTED_EDGE ( 'NONE', *, *, #554, .F. ) ;
#1535 = SURFACE_STYLE_USAGE ( .BOTH. , #1866 ) ;
#1536 =( NAMED_UNIT ( * ) SI_UNIT ( $, .STERADIAN. ) SOLID_ANGLE_UNIT ( ) );
#1537 = COLOUR_RGB ( '',0.2509803921568627416, 0.2509803921568627416, 0.2509803921568627416 ) ;
#1538 = ORIENTED_EDGE ( 'NONE', *, *, #2072, .T. ) ;
#1539 = CYLINDRICAL_SURFACE ( 'NONE', #1695, 0.1800000000000000488 ) ;
#1540 = FACE_OUTER_BOUND ( 'NONE', #1471, .T. ) ;
#1541 = EDGE_CURVE ( 'NONE', #288, #2017, #486, .T. ) ;
#1542 = DIRECTION ( 'NONE',  ( -0.000000000000000000, 1.000000000000000000, 9.562201118380665332E-17 ) ) ;
#1543 =( NAMED_UNIT ( * ) SI_UNIT ( $, .STERADIAN. ) SOLID_ANGLE_UNIT ( ) );
#1544 = DIRECTION ( 'NONE',  ( 0.000000000000000000, 0.9848077530122086864, -0.1736481776669273058 ) ) ;
#1545 = DIRECTION ( 'NONE',  ( 0.000000000000000000, 0.000000000000000000, 1.000000000000000000 ) ) ;
#1546 = STYLED_ITEM ( 'NONE', ( #1241 ), #1746 ) ;
#1547 = VECTOR ( 'NONE', #1410, 1000.000000000000000 ) ;
#1548 = DIRECTION ( 'NONE',  ( -1.000000000000000000, -0.000000000000000000, 0.000000000000000000 ) ) ;
#1549 =( NAMED_UNIT ( * ) SI_UNIT ( $, .STERADIAN. ) SOLID_ANGLE_UNIT ( ) );
#1550 = UNCERTAINTY_MEASURE_WITH_UNIT (LENGTH_MEASURE( 1.000000000000000082E-05 ), #244, 'distance_accuracy_value', 'NONE');
#1551 = LINE ( 'NONE', #1557, #335 ) ;
#1552 = EDGE_CURVE ( 'NONE', #975, #429, #1500, .T. ) ;
#1553 = VERTEX_POINT ( 'NONE', #1870 ) ;
#1554 = ORIENTED_EDGE ( 'NONE', *, *, #1798, .F. ) ;
#1555 = DIRECTION ( 'NONE',  ( -0.000000000000000000, 9.562201118380665332E-17, -1.000000000000000000 ) ) ;
#1556 = SURFACE_STYLE_FILL_AREA ( #1151 ) ;
#1557 = CARTESIAN_POINT ( 'NONE',  ( 0.2550000000000000044, 0.1168716640099770748, -0.8092196137378876442 ) ) ;
#1558 = ORIENTED_EDGE ( 'NONE', *, *, #356, .T. ) ;
#1559 = ORIENTED_EDGE ( 'NONE', *, *, #721, .T. ) ;
#1560 = MECHANICAL_DESIGN_GEOMETRIC_PRESENTATION_REPRESENTATION (  '', ( #2220 ), #2265 ) ;
#1561 =( LENGTH_UNIT ( ) NAMED_UNIT ( * ) SI_UNIT ( .MILLI., .METRE. ) );
#1562 = LINE ( 'NONE', #1828, #952 ) ;
#1563 = EDGE_LOOP ( 'NONE', ( #1558, #205, #1837, #404, #667, #91, #2098, #377, #747, #1000, #1067, #1281, #262 ) ) ;
#1564 = ADVANCED_FACE ( 'NONE', ( #460 ), #1685, .F. ) ;
#1565 = ORIENTED_EDGE ( 'NONE', *, *, #721, .F. ) ;
#1566 = LINE ( 'NONE', #812, #1069 ) ;
#1567 = DIRECTION ( 'NONE',  ( 0.000000000000000000, -9.027723681967363653E-17, 1.000000000000000000 ) ) ;
#1568 = MECHANICAL_DESIGN_GEOMETRIC_PRESENTATION_REPRESENTATION (  '', ( #944 ), #165 ) ;
#1569 = CARTESIAN_POINT ( 'NONE',  ( 0.7699999999999997957, 0.4899999999999999911, 1.036842435456025058 ) ) ;
#1570 = SURFACE_SIDE_STYLE ('',( #264 ) ) ;
#1571 = FACE_OUTER_BOUND ( 'NONE', #2043, .T. ) ;
#1572 = CARTESIAN_POINT ( 'NONE',  ( -0.2550000000000000044, 0.4899999999999999911, -1.190000000000000169 ) ) ;
#1573 = CARTESIAN_POINT ( 'NONE',  ( -1.279999999999999805, 0.04249999999999999611, 0.7205869159667884771 ) ) ;
#1574 = DIRECTION ( 'NONE',  ( 0.000000000000000000, -0.000000000000000000, 1.000000000000000000 ) ) ;
#1575 = SURFACE_STYLE_USAGE ( .BOTH. , #1212 ) ;
#1576 = PRESENTATION_LAYER_ASSIGNMENT (  '', '', ( #110 ) ) ;
#1577 = DIRECTION ( 'NONE',  ( 0.000000000000000000, 0.000000000000000000, 1.000000000000000000 ) ) ;
#1578 = SURFACE_STYLE_FILL_AREA ( #2109 ) ;
#1579 = CARTESIAN_POINT ( 'NONE',  ( -1.400000000000000133, -0.4749999999999999778, 0.6000000000000001998 ) ) ;
#1580 = COLOUR_RGB ( '',1.000000000000000000, 1.000000000000000000, 1.000000000000000000 ) ;
#1581 =( NAMED_UNIT ( * ) PLANE_ANGLE_UNIT ( ) SI_UNIT ( $, .RADIAN. ) );
#1582 = PRESENTATION_LAYER_ASSIGNMENT (  '', '', ( #1263 ) ) ;
#1583 = PRESENTATION_STYLE_ASSIGNMENT (( #2229 ) ) ;
#1584 = ADVANCED_FACE ( 'NONE', ( #896 ), #790, .F. ) ;
#1585 = EDGE_CURVE ( 'NONE', #1207, #288, #1120, .T. ) ;
#1586 = ORIENTED_EDGE ( 'NONE', *, *, #1901, .T. ) ;
#1587 = EDGE_CURVE ( 'NONE', #1444, #578, #950, .T. ) ;
#1588 = SURFACE_SIDE_STYLE ('',( #2002 ) ) ;
#1589 = ORIENTED_EDGE ( 'NONE', *, *, #2139, .T. ) ;
#1590 = ORIENTED_EDGE ( 'NONE', *, *, #1629, .T. ) ;
#1591 = ORIENTED_EDGE ( 'NONE', *, *, #937, .T. ) ;
#1592 = CARTESIAN_POINT ( 'NONE',  ( -1.279999999999999805, 0.4156283359900229124, 0.9482097376849258907 ) ) ;
#1593 =( LENGTH_UNIT ( ) NAMED_UNIT ( * ) SI_UNIT ( .MILLI., .METRE. ) );
#1594 = DIRECTION ( 'NONE',  ( 0.000000000000000000, 0.000000000000000000, 1.000000000000000000 ) ) ;
#1595 = FACE_OUTER_BOUND ( 'NONE', #1211, .T. ) ;
#1596 = ORIENTED_EDGE ( 'NONE', *, *, #356, .F. ) ;
#1597 = AXIS2_PLACEMENT_3D ( 'NONE', #1663, #1846, #757 ) ;
#1598 =( NAMED_UNIT ( * ) PLANE_ANGLE_UNIT ( ) SI_UNIT ( $, .RADIAN. ) );
#1599 = CIRCLE ( 'NONE', #1022, 0.1799999999999999378 ) ;
#1600 = EDGE_LOOP ( 'NONE', ( #1931, #1843, #1626, #1649 ) ) ;
#1601 = SURFACE_STYLE_USAGE ( .BOTH. , #505 ) ;
#1602 = UNCERTAINTY_MEASURE_WITH_UNIT (LENGTH_MEASURE( 1.000000000000000082E-05 ), #34, 'distance_accuracy_value', 'NONE');
#1603 = DIRECTION ( 'NONE',  ( 0.000000000000000000, -9.027723681967363653E-17, -1.000000000000000000 ) ) ;
#1604 = EDGE_CURVE ( 'NONE', #1861, #978, #1181, .T. ) ;
#1605 = ADVANCED_FACE ( 'NONE', ( #1815 ), #1062, .T. ) ;
#1606 = COLOUR_RGB ( '',1.000000000000000000, 1.000000000000000000, 1.000000000000000000 ) ;
#1607 = FILL_AREA_STYLE ('',( #1041 ) ) ;
#1608 = SURFACE_STYLE_USAGE ( .BOTH. , #1872 ) ;
#1609 = SURFACE_STYLE_USAGE ( .BOTH. , #876 ) ;
#1610 = EDGE_CURVE ( 'NONE', #1676, #1502, #2016, .T. ) ;
#1611 = DIRECTION ( 'NONE',  ( 0.000000000000000000, 0.9945054529214056860, -0.1046847845180453873 ) ) ;
#1612 =( NAMED_UNIT ( * ) SI_UNIT ( $, .STERADIAN. ) SOLID_ANGLE_UNIT ( ) );
#1613 =( LENGTH_UNIT ( ) NAMED_UNIT ( * ) SI_UNIT ( .MILLI., .METRE. ) );
#1614 = CARTESIAN_POINT ( 'NONE',  ( -1.279999999999999805, 0.04250000000000000305, 0.6455263157894723935 ) ) ;
#1615 = PRESENTATION_LAYER_ASSIGNMENT (  '', '', ( #814 ) ) ;
#1616 = PLANE ( 'NONE',  #1926 ) ;
#1617 = ADVANCED_FACE ( 'NONE', ( #745 ), #106, .F. ) ;
#1618 = COLOUR_RGB ( '',1.000000000000000000, 1.000000000000000000, 1.000000000000000000 ) ;
#1619 = PRESENTATION_LAYER_ASSIGNMENT (  '', '', ( #1240 ) ) ;
#1620 = LINE ( 'NONE', #1743, #514 ) ;
#1621 = FILL_AREA_STYLE ('',( #1045 ) ) ;
#1622 = DIRECTION ( 'NONE',  ( -1.000000000000000000, -0.000000000000000000, 0.000000000000000000 ) ) ;
#1623 = CARTESIAN_POINT ( 'NONE',  ( -0.7699999999999997957, 0.1062433280199540919, 0.8936568133531003211 ) ) ;
#1624 = ORIENTED_EDGE ( 'NONE', *, *, #1638, .T. ) ;
#1625 =( NAMED_UNIT ( * ) PLANE_ANGLE_UNIT ( ) SI_UNIT ( $, .RADIAN. ) );
#1626 = ORIENTED_EDGE ( 'NONE', *, *, #1629, .F. ) ;
#1627 = ORIENTED_EDGE ( 'NONE', *, *, #378, .F. ) ;
#1629 = EDGE_CURVE ( 'NONE', #632, #2158, #53, .T. ) ;
#1628 = FILL_AREA_STYLE_COLOUR ( '', #1936 ) ;
#1630 = CARTESIAN_POINT ( 'NONE',  ( 1.449999999999999734, 0.4749999999999999778, 0.5999999999999997558 ) ) ;
#1631 = ORIENTED_EDGE ( 'NONE', *, *, #1117, .T. ) ;
#1632 = VERTEX_POINT ( 'NONE', #1166 ) ;
#1633 = CARTESIAN_POINT ( 'NONE',  ( 0.2550000000000000044, 0.4899999999999999911, -1.190000000000000169 ) ) ;
#1634 = PRESENTATION_STYLE_ASSIGNMENT (( #1135 ) ) ;
#1635 = CARTESIAN_POINT ( 'NONE',  ( 1.279999999999999805, 0.04250000000000000305, 0.6455263157894721715 ) ) ;
#1636 = DIRECTION ( 'NONE',  ( -1.000000000000000000, -0.000000000000000000, 0.000000000000000000 ) ) ;
#1637 = DIRECTION ( 'NONE',  ( -0.000000000000000000, -0.000000000000000000, -1.000000000000000000 ) ) ;
#1638 = EDGE_CURVE ( 'NONE', #2158, #1676, #140, .T. ) ;
#1639 = PLANE ( 'NONE',  #1853 ) ;
#1640 = LINE ( 'NONE', #1201, #740 ) ;
#1641 = AXIS2_PLACEMENT_3D ( 'NONE', #1835, #15, #1513 ) ;
#1642 =( NAMED_UNIT ( * ) SI_UNIT ( $, .STERADIAN. ) SOLID_ANGLE_UNIT ( ) );
#1643 = LINE ( 'NONE', #2110, #970 ) ;
#1644 = LINE ( 'NONE', #2313, #2253 ) ;
#1645 = LINE ( 'NONE', #869, #1880 ) ;
#1646 = LINE ( 'NONE', #2166, #974 ) ;
#1647 = FILL_AREA_STYLE_COLOUR ( '', #649 ) ;
#1648 = SURFACE_SIDE_STYLE ('',( #1175 ) ) ;
#1649 = ORIENTED_EDGE ( 'NONE', *, *, #229, .T. ) ;
#1650 = EDGE_LOOP ( 'NONE', ( #1095, #1420, #2068, #773 ) ) ;
#1651 = CIRCLE ( 'NONE', #1641, 0.08999999999999991340 ) ;
#1652 = ORIENTED_EDGE ( 'NONE', *, *, #105, .F. ) ;
#1653 = ORIENTED_EDGE ( 'NONE', *, *, #257, .T. ) ;
#1654 = FILL_AREA_STYLE ('',( #1286 ) ) ;
#1655 = CARTESIAN_POINT ( 'NONE',  ( 0.7699999999999997957, 0.1168716640099770748, 0.8092196137378875331 ) ) ;
#1656 = LINE ( 'NONE', #1935, #186 ) ;
#1657 = PRESENTATION_LAYER_ASSIGNMENT (  '', '', ( #1956 ) ) ;
#1658 =( LENGTH_UNIT ( ) NAMED_UNIT ( * ) SI_UNIT ( .MILLI., .METRE. ) );
#1659 = CARTESIAN_POINT ( 'NONE',  ( 1.279999999999999805, 0.04250000000000000305, 0.6455263157894721715 ) ) ;
#1660 = CARTESIAN_POINT ( 'NONE',  ( -0.7699999999999997957, 0.4262566719800459092, 0.8637725380697134359 ) ) ;
#1661 =( LENGTH_UNIT ( ) NAMED_UNIT ( * ) SI_UNIT ( .MILLI., .METRE. ) );
#1662 = AXIS2_PLACEMENT_3D ( 'NONE', #1164, #1720, #818 ) ;
#1663 = CARTESIAN_POINT ( 'NONE',  ( 1.449999999999999734, 1.577514160966408951E-14, 0.6499999999999996891 ) ) ;
#1664 = EDGE_CURVE ( 'NONE', #463, #1379, #908, .T. ) ;
#1665 = PRESENTATION_LAYER_ASSIGNMENT (  '', '', ( #920 ) ) ;
#1666 = CARTESIAN_POINT ( 'NONE',  ( 1.449999999999999734, -1.566672139241553907E-14, 0.6499999999999996891 ) ) ;
#1667 = LINE ( 'NONE', #1957, #21 ) ;
#1668 = ADVANCED_BREP_SHAPE_REPRESENTATION ( 'AD1582BRTZ-REEL7', ( #1924, #333 ), #426 ) ;
#1669 = AXIS2_PLACEMENT_3D ( 'NONE', #2218, #2040, #1509 ) ;
#1670 = CARTESIAN_POINT ( 'NONE',  ( 0.2550000000000000044, 0.4156283359900229124, -0.9482097376849257797 ) ) ;
#1671 = ORIENTED_EDGE ( 'NONE', *, *, #1836, .F. ) ;
#1672 = COLOUR_RGB ( '',0.2509803921568627416, 0.2509803921568627416, 0.2509803921568627416 ) ;
#1673 = VECTOR ( 'NONE', #424, 1000.000000000000000 ) ;
#1674 = CARTESIAN_POINT ( 'NONE',  ( -0.7699999999999997957, 0.4156283359900229124, 0.9482097376849258907 ) ) ;
#1675 = ORIENTED_EDGE ( 'NONE', *, *, #1254, .F. ) ;
#1676 = VERTEX_POINT ( 'NONE', #1881 ) ;
#1677 = DIRECTION ( 'NONE',  ( 0.000000000000000000, 0.9848077530122085754, -0.1736481776669273058 ) ) ;
#1678 = EDGE_CURVE ( 'NONE', #1119, #927, #1370, .T. ) ;
#1679 = ORIENTED_EDGE ( 'NONE', *, *, #422, .F. ) ;
#1680 = SURFACE_STYLE_FILL_AREA ( #1071 ) ;
#1681 = PRESENTATION_STYLE_ASSIGNMENT (( #1030 ) ) ;
#1682 = STYLED_ITEM ( 'NONE', ( #1188 ), #1196 ) ;
#1683 = CARTESIAN_POINT ( 'NONE',  ( -0.7699999999999997957, 0.1062433280199540919, 0.8936568133531003211 ) ) ;
#1684 = PLANE ( 'NONE',  #1334 ) ;
#1685 = PLANE ( 'NONE',  #1669 ) ;
#1686 =( LENGTH_UNIT ( ) NAMED_UNIT ( * ) SI_UNIT ( .MILLI., .METRE. ) );
#1687 = DIRECTION ( 'NONE',  ( -1.000000000000000000, -0.000000000000000000, -0.000000000000000000 ) ) ;
#1688 = DIRECTION ( 'NONE',  ( 0.1041158412590671434, -0.9891004919611724455, -0.1041158412590671573 ) ) ;
#1689 = CARTESIAN_POINT ( 'NONE',  ( 1.279999999999999805, 0.4899999999999999911, 1.189999999999999947 ) ) ;
#1690 = SURFACE_STYLE_FILL_AREA ( #2307 ) ;
#1691 = CARTESIAN_POINT ( 'NONE',  ( 1.279999999999999805, 0.1374999999999999556, 0.7163914178109023201 ) ) ;
#1692 =( LENGTH_UNIT ( ) NAMED_UNIT ( * ) SI_UNIT ( .MILLI., .METRE. ) );
#1693 = SURFACE_STYLE_FILL_AREA ( #2195 ) ;
#1694 = VECTOR ( 'NONE', #1393, 1000.000000000000000 ) ;
#1695 = AXIS2_PLACEMENT_3D ( 'NONE', #1796, #1447, #336 ) ;
#1696 = UNCERTAINTY_MEASURE_WITH_UNIT (LENGTH_MEASURE( 1.000000000000000082E-05 ), #1261, 'distance_accuracy_value', 'NONE');
#1697 = ORIENTED_EDGE ( 'NONE', *, *, #808, .F. ) ;
#1698 =( NAMED_UNIT ( * ) SI_UNIT ( $, .STERADIAN. ) SOLID_ANGLE_UNIT ( ) );
#1699 = AXIS2_PLACEMENT_3D ( 'NONE', #406, #1493, #1136 ) ;
#1700 = FILL_AREA_STYLE ('',( #2123 ) ) ;
#1701 = PRESENTATION_STYLE_ASSIGNMENT (( #46 ) ) ;
#1702 = VERTEX_POINT ( 'NONE', #246 ) ;
#1703 = DIRECTION ( 'NONE',  ( -1.000000000000000000, -0.000000000000000000, -0.000000000000000000 ) ) ;
#1704 = SURFACE_SIDE_STYLE ('',( #787 ) ) ;
#1705 = ORIENTED_EDGE ( 'NONE', *, *, #1415, .T. ) ;
#1706 = EDGE_LOOP ( 'NONE', ( #579, #1357, #1358, #1709 ) ) ;
#1707 = SURFACE_STYLE_USAGE ( .BOTH. , #235 ) ;
#1708 =( GEOMETRIC_REPRESENTATION_CONTEXT ( 3 ) GLOBAL_UNCERTAINTY_ASSIGNED_CONTEXT ( ( #263 ) ) GLOBAL_UNIT_ASSIGNED_CONTEXT ( ( #2004, #1287, #549 ) ) REPRESENTATION_CONTEXT ( 'NONE', 'WORKASPACE' ) );
#1709 = ORIENTED_EDGE ( 'NONE', *, *, #1967, .T. ) ;
#1710 = EDGE_CURVE ( 'NONE', #1759, #260, #1434, .T. ) ;
#1711 = VECTOR ( 'NONE', #245, 1000.000000000000000 ) ;
#1712 = DIRECTION ( 'NONE',  ( 0.000000000000000000, 0.9848077530122086864, 0.1736481776669273058 ) ) ;
#1713 = MECHANICAL_DESIGN_GEOMETRIC_PRESENTATION_REPRESENTATION (  '', ( #1820 ), #94 ) ;
#1714 = DIRECTION ( 'NONE',  ( 0.000000000000000000, 0.9945054529214063521, -0.1046847845180393088 ) ) ;
#1715 = PRESENTATION_LAYER_ASSIGNMENT (  '', '', ( #893 ) ) ;
#1716 = DIRECTION ( 'NONE',  ( 0.000000000000000000, 0.000000000000000000, -1.000000000000000000 ) ) ;
#1717 = FILL_AREA_STYLE_COLOUR ( '', #344 ) ;
#1718 =( NAMED_UNIT ( * ) SI_UNIT ( $, .STERADIAN. ) SOLID_ANGLE_UNIT ( ) );
#1719 = STYLED_ITEM ( 'NONE', ( #1701 ), #86 ) ;
#1720 = DIRECTION ( 'NONE',  ( 0.000000000000000000, 1.000000000000000000, 0.000000000000000000 ) ) ;
#1721 = EDGE_CURVE ( 'NONE', #2047, #1477, #2052, .T. ) ;
#1722 = FILL_AREA_STYLE ('',( #2248 ) ) ;
#1723 = VECTOR ( 'NONE', #440, 1000.000000000000000 ) ;
#1724 = DIRECTION ( 'NONE',  ( 0.000000000000000000, -0.1736481776669273058, 0.9848077530122085754 ) ) ;
#1725 = UNCERTAINTY_MEASURE_WITH_UNIT (LENGTH_MEASURE( 1.000000000000000082E-05 ), #1961, 'distance_accuracy_value', 'NONE');
#1726 = COLOUR_RGB ( '',1.000000000000000000, 1.000000000000000000, 1.000000000000000000 ) ;
#1727 =( GEOMETRIC_REPRESENTATION_CONTEXT ( 3 ) GLOBAL_UNCERTAINTY_ASSIGNED_CONTEXT ( ( #1278 ) ) GLOBAL_UNIT_ASSIGNED_CONTEXT ( ( #819, #1228, #272 ) ) REPRESENTATION_CONTEXT ( 'NONE', 'WORKASPACE' ) );
#1728 = VERTEX_POINT ( 'NONE', #1749 ) ;
#1729 = LINE ( 'NONE', #2201, #800 ) ;
#1730 = VERTEX_POINT ( 'NONE', #2263 ) ;
#1731 = ORIENTED_EDGE ( 'NONE', *, *, #1585, .F. ) ;
#1732 = MECHANICAL_DESIGN_GEOMETRIC_PRESENTATION_REPRESENTATION (  '', ( #641 ), #576 ) ;
#1733 = VECTOR ( 'NONE', #716, 1000.000000000000000 ) ;
#1734 = VECTOR ( 'NONE', #1007, 1000.000000000000227 ) ;
#1735 =( GEOMETRIC_REPRESENTATION_CONTEXT ( 3 ) GLOBAL_UNCERTAINTY_ASSIGNED_CONTEXT ( ( #443 ) ) GLOBAL_UNIT_ASSIGNED_CONTEXT ( ( #1774, #104, #2116 ) ) REPRESENTATION_CONTEXT ( 'NONE', 'WORKASPACE' ) );
#1736 = EDGE_CURVE ( 'NONE', #1154, #978, #209, .T. ) ;
#1737 = ADVANCED_FACE ( 'NONE', ( #1482 ), #1873, .F. ) ;
#1738 = DIRECTION ( 'NONE',  ( -1.000000000000000000, -0.000000000000000000, 0.000000000000000000 ) ) ;
#1739 =( GEOMETRIC_REPRESENTATION_CONTEXT ( 3 ) GLOBAL_UNCERTAINTY_ASSIGNED_CONTEXT ( ( #1301 ) ) GLOBAL_UNIT_ASSIGNED_CONTEXT ( ( #2029, #958, #2198 ) ) REPRESENTATION_CONTEXT ( 'NONE', 'WORKASPACE' ) );
#1740 = FILL_AREA_STYLE_COLOUR ( '', #2105 ) ;
#1741 =( NAMED_UNIT ( * ) PLANE_ANGLE_UNIT ( ) SI_UNIT ( $, .RADIAN. ) );
#1742 = APPLICATION_CONTEXT ( 'automotive_design' ) ;
#1743 = CARTESIAN_POINT ( 'NONE',  ( 1.279999999999999805, 0.1062433280199540919, 0.8936568133531000990 ) ) ;
#1744 = FACE_OUTER_BOUND ( 'NONE', #995, .T. ) ;
#1745 = FACE_OUTER_BOUND ( 'NONE', #1032, .T. ) ;
#1746 = ADVANCED_FACE ( 'NONE', ( #428 ), #604, .F. ) ;
#1747 = EDGE_CURVE ( 'NONE', #288, #1091, #720, .T. ) ;
#1748 = COLOUR_RGB ( '',1.000000000000000000, 1.000000000000000000, 1.000000000000000000 ) ;
#1749 = CARTESIAN_POINT ( 'NONE',  ( 1.279999999999999805, -0.04250000000000000305, 0.6455263157894718384 ) ) ;
#1750 = CARTESIAN_POINT ( 'NONE',  ( 0.7699999999999997957, 0.4156283359900229124, 0.9482097376849256687 ) ) ;
#1751 = EDGE_LOOP ( 'NONE', ( #1591, #2284, #1966, #1970 ) ) ;
#1752 = LINE ( 'NONE', #985, #718 ) ;
#1753 = PRESENTATION_STYLE_ASSIGNMENT (( #1208 ) ) ;
#1754 = ORIENTED_EDGE ( 'NONE', *, *, #2171, .F. ) ;
#1755 = ORIENTED_EDGE ( 'NONE', *, *, #74, .T. ) ;
#1756 = AXIS2_PLACEMENT_3D ( 'NONE', #2180, #948, #2190 ) ;
#1757 = DIRECTION ( 'NONE',  ( -1.000000000000000000, 0.000000000000000000, 1.495451272393799296E-16 ) ) ;
#1758 = DIRECTION ( 'NONE',  ( -1.487234444973888850E-16, 0.1046847845180391284, -0.9945054529214064631 ) ) ;
#1759 = VERTEX_POINT ( 'NONE', #484 ) ;
#1760 = ADVANCED_FACE ( 'NONE', ( #234 ), #680, .F. ) ;
#1761 =( LENGTH_UNIT ( ) NAMED_UNIT ( * ) SI_UNIT ( .MILLI., .METRE. ) );
#1762 = CARTESIAN_POINT ( 'NONE',  ( 0.7699999999999997957, 0.1374999999999999556, 0.7163914178109023201 ) ) ;
#1763 = FILL_AREA_STYLE ('',( #2285 ) ) ;
#1764 =( LENGTH_UNIT ( ) NAMED_UNIT ( * ) SI_UNIT ( .MILLI., .METRE. ) );
#1765 = UNCERTAINTY_MEASURE_WITH_UNIT (LENGTH_MEASURE( 1.000000000000000082E-05 ), #354, 'distance_accuracy_value', 'NONE');
#1766 = DIRECTION ( 'NONE',  ( 0.000000000000000000, 9.027723681967364885E-17, 1.000000000000000000 ) ) ;
#1767 = FILL_AREA_STYLE ('',( #1408 ) ) ;
#1768 =( GEOMETRIC_REPRESENTATION_CONTEXT ( 3 ) GLOBAL_UNCERTAINTY_ASSIGNED_CONTEXT ( ( #135 ) ) GLOBAL_UNIT_ASSIGNED_CONTEXT ( ( #2341, #705, #1459 ) ) REPRESENTATION_CONTEXT ( 'NONE', 'WORKASPACE' ) );
#1769 = DIRECTION ( 'NONE',  ( -1.000000000000000000, -0.000000000000000000, 0.000000000000000000 ) ) ;
#1770 = ADVANCED_FACE ( 'NONE', ( #1352 ), #1404, .F. ) ;
#1771 = MECHANICAL_DESIGN_GEOMETRIC_PRESENTATION_REPRESENTATION (  '', ( #713 ), #1078 ) ;
#1772 = DIRECTION ( 'NONE',  ( 0.000000000000000000, 0.000000000000000000, 1.000000000000000000 ) ) ;
#1773 = EDGE_LOOP ( 'NONE', ( #897, #2207, #582, #2133 ) ) ;
#1774 =( LENGTH_UNIT ( ) NAMED_UNIT ( * ) SI_UNIT ( .MILLI., .METRE. ) );
#1775 = VERTEX_POINT ( 'NONE', #1053 ) ;
#1776 = SURFACE_STYLE_FILL_AREA ( #1483 ) ;
#1778 = EDGE_CURVE ( 'NONE', #2021, #1145, #2257, .T. ) ;
#1777 =( LENGTH_UNIT ( ) NAMED_UNIT ( * ) SI_UNIT ( .MILLI., .METRE. ) );
#1779 =( NAMED_UNIT ( * ) SI_UNIT ( $, .STERADIAN. ) SOLID_ANGLE_UNIT ( ) );
#1780 = PRESENTATION_LAYER_ASSIGNMENT (  '', '', ( #1519 ) ) ;
#1781 = VERTEX_POINT ( 'NONE', #1801 ) ;
#1782 = ADVANCED_FACE ( 'NONE', ( #254 ), #2308, .F. ) ;
#1783 = ORIENTED_EDGE ( 'NONE', *, *, #79, .F. ) ;
#1784 = DIRECTION ( 'NONE',  ( -0.000000000000000000, -0.000000000000000000, -1.000000000000000000 ) ) ;
#1785 =( NAMED_UNIT ( * ) SI_UNIT ( $, .STERADIAN. ) SOLID_ANGLE_UNIT ( ) );
#1786 = CARTESIAN_POINT ( 'NONE',  ( 0.7699999999999997957, 0.4899999999999999911, 1.189999999999999947 ) ) ;
#1787 = PRESENTATION_STYLE_ASSIGNMENT (( #1803 ) ) ;
#1788 = VERTEX_POINT ( 'NONE', #844 ) ;
#1789 = PRESENTATION_LAYER_ASSIGNMENT (  '', '', ( #1468 ) ) ;
#1790 = ORIENTED_EDGE ( 'NONE', *, *, #350, .T. ) ;
#1791 = ORIENTED_EDGE ( 'NONE', *, *, #1462, .T. ) ;
#1792 = SURFACE_SIDE_STYLE ('',( #2325 ) ) ;
#1793 = CARTESIAN_POINT ( 'NONE',  ( 1.399999999999999689, 0.4749999999999999778, 0.000000000000000000 ) ) ;
#1794 = COLOUR_RGB ( '',1.000000000000000000, 1.000000000000000000, 1.000000000000000000 ) ;
#1795 = DIRECTION ( 'NONE',  ( -1.000000000000000000, -0.000000000000000000, -0.000000000000000000 ) ) ;
#1796 = CARTESIAN_POINT ( 'NONE',  ( 0.2550000000000000044, 0.1374999999999999556, -0.7163914178109024311 ) ) ;
#1797 = CARTESIAN_POINT ( 'NONE',  ( -0.2550000000000000044, 0.4899999999999999911, -1.036842435456025280 ) ) ;
#1798 = EDGE_CURVE ( 'NONE', #499, #801, #2087, .T. ) ;
#1799 = DIRECTION ( 'NONE',  ( 0.000000000000000000, 0.000000000000000000, 1.000000000000000000 ) ) ;
#1800 = UNCERTAINTY_MEASURE_WITH_UNIT (LENGTH_MEASURE( 1.000000000000000082E-05 ), #1761, 'distance_accuracy_value', 'NONE');
#1801 = CARTESIAN_POINT ( 'NONE',  ( -1.400000000000000133, -0.4749999999999999778, -0.5999999999999999778 ) ) ;
#1802 = CARTESIAN_POINT ( 'NONE',  ( -0.7699999999999997957, 0.4899999999999999911, 1.036842435456025502 ) ) ;
#1803 = SURFACE_STYLE_USAGE ( .BOTH. , #2156 ) ;
#1804 = MECHANICAL_DESIGN_GEOMETRIC_PRESENTATION_REPRESENTATION (  '', ( #2153 ), #1906 ) ;
#1805 =( LENGTH_UNIT ( ) NAMED_UNIT ( * ) SI_UNIT ( .MILLI., .METRE. ) );
#1806 = VECTOR ( 'NONE', #1963, 1000.000000000000000 ) ;
#1807 = LINE ( 'NONE', #330, #273 ) ;
#1808 = CARTESIAN_POINT ( 'NONE',  ( -1.450000000000000178, -1.576258002016811872E-14, 0.6500000000000001332 ) ) ;
#1809 = STYLED_ITEM ( 'NONE', ( #85 ), #125 ) ;
#1810 = PRESENTATION_STYLE_ASSIGNMENT (( #1575 ) ) ;
#1811 = DIRECTION ( 'NONE',  ( 1.000000000000000000, 0.000000000000000000, -0.000000000000000000 ) ) ;
#1812 = VECTOR ( 'NONE', #2289, 1000.000000000000000 ) ;
#1813 = SURFACE_STYLE_USAGE ( .BOTH. , #2321 ) ;
#1814 = PRESENTATION_STYLE_ASSIGNMENT (( #1825 ) ) ;
#1815 = FACE_OUTER_BOUND ( 'NONE', #372, .T. ) ;
#1816 = VERTEX_POINT ( 'NONE', #2112 ) ;
#1817 = VECTOR ( 'NONE', #565, 1000.000000000000227 ) ;
#1818 = ORIENTED_EDGE ( 'NONE', *, *, #965, .F. ) ;
#1819 = ORIENTED_EDGE ( 'NONE', *, *, #1678, .F. ) ;
#1820 = STYLED_ITEM ( 'NONE', ( #1634 ), #2286 ) ;
#1821 = CARTESIAN_POINT ( 'NONE',  ( 0.7699999999999997957, 0.04249999999999999611, 0.7205869159667882551 ) ) ;
#1822 = ORIENTED_EDGE ( 'NONE', *, *, #932, .F. ) ;
#1823 = STYLED_ITEM ( 'NONE', ( #912 ), #2113 ) ;
#1824 =( NAMED_UNIT ( * ) SI_UNIT ( $, .STERADIAN. ) SOLID_ANGLE_UNIT ( ) );
#1825 = SURFACE_STYLE_USAGE ( .BOTH. , #1648 ) ;
#1826 = STYLED_ITEM ( 'NONE', ( #1810 ), #477 ) ;
#1827 = EDGE_CURVE ( 'NONE', #650, #122, #946, .T. ) ;
#1828 = CARTESIAN_POINT ( 'NONE',  ( -0.2550000000000000044, 0.5749999999999999556, -1.041037933611911992 ) ) ;
#1829 = COLOUR_RGB ( '',1.000000000000000000, 1.000000000000000000, 1.000000000000000000 ) ;
#1830 = VECTOR ( 'NONE', #2013, 1000.000000000000000 ) ;
#1831 = SURFACE_STYLE_USAGE ( .BOTH. , #724 ) ;
#1832 = ORIENTED_EDGE ( 'NONE', *, *, #1638, .F. ) ;
#1833 = DIRECTION ( 'NONE',  ( -1.000000000000000000, -0.000000000000000000, -0.000000000000000000 ) ) ;
#1834 = UNCERTAINTY_MEASURE_WITH_UNIT (LENGTH_MEASURE( 1.000000000000000082E-05 ), #2242, 'distance_accuracy_value', 'NONE');
#1835 = CARTESIAN_POINT ( 'NONE',  ( -0.2550000000000000044, 0.4000000000000000222, -1.036842435456024614 ) ) ;
#1836 = EDGE_CURVE ( 'NONE', #122, #2126, #1644, .T. ) ;
#1837 = ORIENTED_EDGE ( 'NONE', *, *, #1367, .T. ) ;
#1838 = EDGE_LOOP ( 'NONE', ( #929, #717, #1675, #2020 ) ) ;
#1839 = ORIENTED_EDGE ( 'NONE', *, *, #737, .F. ) ;
#1840 = ORIENTED_EDGE ( 'NONE', *, *, #1117, .F. ) ;
#1841 = PLANE ( 'NONE',  #2323 ) ;
#1842 = FILL_AREA_STYLE_COLOUR ( '', #577 ) ;
#1843 = ORIENTED_EDGE ( 'NONE', *, *, #2072, .F. ) ;
#1844 =( NAMED_UNIT ( * ) SI_UNIT ( $, .STERADIAN. ) SOLID_ANGLE_UNIT ( ) );
#1845 = DIRECTION ( 'NONE',  ( -0.000000000000000000, -0.000000000000000000, -1.000000000000000000 ) ) ;
#1846 = DIRECTION ( 'NONE',  ( -1.487234444973888850E-16, 0.1046847845180391284, -0.9945054529214064631 ) ) ;
#1847 = DIRECTION ( 'NONE',  ( 0.000000000000000000, 0.000000000000000000, -1.000000000000000000 ) ) ;
#1848 = EDGE_CURVE ( 'NONE', #1971, #243, #452, .T. ) ;
#1849 = COLOUR_RGB ( '',1.000000000000000000, 1.000000000000000000, 1.000000000000000000 ) ;
#1850 = FACE_OUTER_BOUND ( 'NONE', #1497, .T. ) ;
#1851 = DIRECTION ( 'NONE',  ( -1.000000000000000000, -0.000000000000000000, 0.000000000000000000 ) ) ;
#1852 = PLANE ( 'NONE',  #1597 ) ;
#1853 = AXIS2_PLACEMENT_3D ( 'NONE', #166, #2160, #1474 ) ;
#1854 = FILL_AREA_STYLE_COLOUR ( '', #743 ) ;
#1855 = ORIENTED_EDGE ( 'NONE', *, *, #1167, .F. ) ;
#1856 = PRESENTATION_STYLE_ASSIGNMENT (( #1253 ) ) ;
#1857 = VERTEX_POINT ( 'NONE', #1038 ) ;
#1858 = UNCERTAINTY_MEASURE_WITH_UNIT (LENGTH_MEASURE( 1.000000000000000082E-05 ), #385, 'distance_accuracy_value', 'NONE');
#1859 = ORIENTED_EDGE ( 'NONE', *, *, #1836, .T. ) ;
#1860 = SURFACE_STYLE_USAGE ( .BOTH. , #2008 ) ;
#1861 = VERTEX_POINT ( 'NONE', #1080 ) ;
#1862 = EDGE_CURVE ( 'NONE', #126, #369, #574, .T. ) ;
#1863 = ORIENTED_EDGE ( 'NONE', *, *, #2120, .T. ) ;
#1864 = DIRECTION ( 'NONE',  ( -1.000000000000000000, 0.000000000000000000, -0.000000000000000000 ) ) ;
#1865 = EDGE_CURVE ( 'NONE', #1857, #632, #114, .T. ) ;
#1866 = SURFACE_SIDE_STYLE ('',( #1556 ) ) ;
#1867 = FACE_OUTER_BOUND ( 'NONE', #1441, .T. ) ;
#1868 = LINE ( 'NONE', #709, #410 ) ;
#1869 = SURFACE_SIDE_STYLE ('',( #889 ) ) ;
#1870 = CARTESIAN_POINT ( 'NONE',  ( -0.7700000000000000178, -0.04250000000000000305, 0.6455263157894721715 ) ) ;
#1871 = CARTESIAN_POINT ( 'NONE',  ( -0.7699999999999997957, 0.5749999999999999556, 1.041037933611912214 ) ) ;
#1872 = SURFACE_SIDE_STYLE ('',( #48 ) ) ;
#1873 = PLANE ( 'NONE',  #797 ) ;
#1874 = MECHANICAL_DESIGN_GEOMETRIC_PRESENTATION_REPRESENTATION (  '', ( #278 ), #1990 ) ;
#1875 = LINE ( 'NONE', #2086, #1016 ) ;
#1876 =( NAMED_UNIT ( * ) SI_UNIT ( $, .STERADIAN. ) SOLID_ANGLE_UNIT ( ) );
#1877 = LINE ( 'NONE', #2136, #2118 ) ;
#1878 = VECTOR ( 'NONE', #1043, 1000.000000000000000 ) ;
#1879 = STYLED_ITEM ( 'NONE', ( #532 ), #992 ) ;
#1880 = VECTOR ( 'NONE', #149, 1000.000000000000227 ) ;
#1881 = CARTESIAN_POINT ( 'NONE',  ( 1.279999999999999805, 0.4262566719800459092, 0.8637725380697132138 ) ) ;
#1882 = LINE ( 'NONE', #1674, #277 ) ;
#1883 = MECHANICAL_DESIGN_GEOMETRIC_PRESENTATION_REPRESENTATION (  '', ( #110 ), #368 ) ;
#1884 = LINE ( 'NONE', #226, #657 ) ;
#1885 = DIRECTION ( 'NONE',  ( 0.000000000000000000, 0.000000000000000000, 1.000000000000000000 ) ) ;
#1886 =( NAMED_UNIT ( * ) PLANE_ANGLE_UNIT ( ) SI_UNIT ( $, .RADIAN. ) );
#1887 = ORIENTED_EDGE ( 'NONE', *, *, #1552, .F. ) ;
#1888 = ORIENTED_EDGE ( 'NONE', *, *, #2188, .T. ) ;
#1889 = PRODUCT ( 'AD1582BRTZ-REEL7', 'AD1582BRTZ-REEL7', '', ( #1008 ) ) ;
#1890 = ORIENTED_EDGE ( 'NONE', *, *, #1107, .T. ) ;
#1891 = ORIENTED_EDGE ( 'NONE', *, *, #1337, .T. ) ;
#1892 = EDGE_CURVE ( 'NONE', #243, #1103, #1206, .T. ) ;
#1893 = FACE_OUTER_BOUND ( 'NONE', #87, .T. ) ;
#1894 = CARTESIAN_POINT ( 'NONE',  ( -1.279999999999999805, 0.1062433280199540919, 0.8936568133531003211 ) ) ;
#1895 =( NAMED_UNIT ( * ) PLANE_ANGLE_UNIT ( ) SI_UNIT ( $, .RADIAN. ) );
#1896 = MECHANICAL_DESIGN_GEOMETRIC_PRESENTATION_REPRESENTATION (  '', ( #237 ), #261 ) ;
#1897 =( LENGTH_UNIT ( ) NAMED_UNIT ( * ) SI_UNIT ( .MILLI., .METRE. ) );
#1898 = APPLICATION_PROTOCOL_DEFINITION ( 'draft international standard', 'automotive_design', 1998, #1742 ) ;
#1899 = CARTESIAN_POINT ( 'NONE',  ( 0.7699999999999997957, 0.4899999999999999911, 1.189999999999999947 ) ) ;
#1900 = CARTESIAN_POINT ( 'NONE',  ( -0.2550000000000000044, -0.04250000000000003081, -0.6455263157894722825 ) ) ;
#1901 = EDGE_CURVE ( 'NONE', #184, #211, #971, .T. ) ;
#1902 = SURFACE_STYLE_FILL_AREA ( #1392 ) ;
#1903 = LINE ( 'NONE', #677, #1401 ) ;
#1904 = VECTOR ( 'NONE', #1383, 1000.000000000000000 ) ;
#1905 = CARTESIAN_POINT ( 'NONE',  ( -1.279999999999999805, 0.3950000000000000733, 1.041037933611911104 ) ) ;
#1906 =( GEOMETRIC_REPRESENTATION_CONTEXT ( 3 ) GLOBAL_UNCERTAINTY_ASSIGNED_CONTEXT ( ( #590 ) ) GLOBAL_UNIT_ASSIGNED_CONTEXT ( ( #2291, #1955, #848 ) ) REPRESENTATION_CONTEXT ( 'NONE', 'WORKASPACE' ) );
#1907 = ORIENTED_EDGE ( 'NONE', *, *, #350, .F. ) ;
#1908 = VECTOR ( 'NONE', #1712, 999.9999999999998863 ) ;
#1909 = EDGE_LOOP ( 'NONE', ( #1498, #1975, #2232, #401 ) ) ;
#1910 = DIRECTION ( 'NONE',  ( 0.000000000000000000, -1.000000000000000000, 9.027723681967364885E-17 ) ) ;
#1911 = VERTEX_POINT ( 'NONE', #1089 ) ;
#1912 = COLOUR_RGB ( '',1.000000000000000000, 1.000000000000000000, 1.000000000000000000 ) ;
#1913 = PRESENTATION_LAYER_ASSIGNMENT (  '', '', ( #1809 ) ) ;
#1914 = ORIENTED_EDGE ( 'NONE', *, *, #1339, .F. ) ;
#1915 = ORIENTED_EDGE ( 'NONE', *, *, #1107, .F. ) ;
#1916 = COLOUR_RGB ( '',1.000000000000000000, 1.000000000000000000, 1.000000000000000000 ) ;
#1917 = DIRECTION ( 'NONE',  ( 0.000000000000000000, 0.000000000000000000, -1.000000000000000000 ) ) ;
#1918 = DIRECTION ( 'NONE',  ( 0.000000000000000000, 0.000000000000000000, 1.000000000000000000 ) ) ;
#1919 = CARTESIAN_POINT ( 'NONE',  ( -0.2550000000000000044, 0.4156283359900229124, -0.9482097376849257797 ) ) ;
#1920 =( NAMED_UNIT ( * ) SI_UNIT ( $, .STERADIAN. ) SOLID_ANGLE_UNIT ( ) );
#1921 = ADVANCED_FACE ( 'NONE', ( #2282 ), #1639, .F. ) ;
#1922 = MECHANICAL_DESIGN_GEOMETRIC_PRESENTATION_REPRESENTATION (  '', ( #1371 ), #2037 ) ;
#1923 = FILL_AREA_STYLE_COLOUR ( '', #2066 ) ;
#1924 = MANIFOLD_SOLID_BREP ( 'Combine1', #2287 ) ;
#1925 =( NAMED_UNIT ( * ) SI_UNIT ( $, .STERADIAN. ) SOLID_ANGLE_UNIT ( ) );
#1926 = AXIS2_PLACEMENT_3D ( 'NONE', #1952, #1387, #1757 ) ;
#1927 = SURFACE_STYLE_FILL_AREA ( #521 ) ;
#1929 = EDGE_CURVE ( 'NONE', #1419, #1207, #766, .T. ) ;
#1928 =( LENGTH_UNIT ( ) NAMED_UNIT ( * ) SI_UNIT ( .MILLI., .METRE. ) );
#1930 = CARTESIAN_POINT ( 'NONE',  ( -0.7699999999999997957, 0.04250000000000000305, 0.6455263157894723935 ) ) ;
#1931 = ORIENTED_EDGE ( 'NONE', *, *, #323, .T. ) ;
#1932 = LINE ( 'NONE', #1655, #1470 ) ;
#1933 = MECHANICAL_DESIGN_GEOMETRIC_PRESENTATION_REPRESENTATION (  '', ( #920 ), #16 ) ;
#1934 = ADVANCED_FACE ( 'NONE', ( #1374 ), #1442, .F. ) ;
#1935 = CARTESIAN_POINT ( 'NONE',  ( 1.279999999999999805, 0.4899999999999999911, 1.036842435456025058 ) ) ;
#1936 = COLOUR_RGB ( '',1.000000000000000000, 1.000000000000000000, 1.000000000000000000 ) ;
#1937 = ORIENTED_EDGE ( 'NONE', *, *, #1294, .T. ) ;
#1938 = FILL_AREA_STYLE_COLOUR ( '', #171 ) ;
#1939 =( GEOMETRIC_REPRESENTATION_CONTEXT ( 3 ) GLOBAL_UNCERTAINTY_ASSIGNED_CONTEXT ( ( #1453 ) ) GLOBAL_UNIT_ASSIGNED_CONTEXT ( ( #1128, #1331, #33 ) ) REPRESENTATION_CONTEXT ( 'NONE', 'WORKASPACE' ) );
#1940 = ORIENTED_EDGE ( 'NONE', *, *, #257, .F. ) ;
#1941 = ORIENTED_EDGE ( 'NONE', *, *, #737, .T. ) ;
#1942 =( NAMED_UNIT ( * ) PLANE_ANGLE_UNIT ( ) SI_UNIT ( $, .RADIAN. ) );
#1943 = CIRCLE ( 'NONE', #445, 0.1799999999999999378 ) ;
#1944 =( LENGTH_UNIT ( ) NAMED_UNIT ( * ) SI_UNIT ( .MILLI., .METRE. ) );
#1945 = ORIENTED_EDGE ( 'NONE', *, *, #1552, .T. ) ;
#1946 = MECHANICAL_DESIGN_GEOMETRIC_PRESENTATION_REPRESENTATION (  '', ( #1719 ), #2167 ) ;
#1947 = VECTOR ( 'NONE', #478, 1000.000000000000000 ) ;
#1948 = DIRECTION ( 'NONE',  ( 0.000000000000000000, 0.000000000000000000, -1.000000000000000000 ) ) ;
#1949 = DIRECTION ( 'NONE',  ( 0.000000000000000000, 0.000000000000000000, 1.000000000000000000 ) ) ;
#1950 = PRESENTATION_STYLE_ASSIGNMENT (( #1972 ) ) ;
#1951 = EDGE_CURVE ( 'NONE', #1553, #519, #2193, .T. ) ;
#1952 = CARTESIAN_POINT ( 'NONE',  ( 1.449999999999999734, 1.577514160966408951E-14, -0.6500000000000002442 ) ) ;
#1953 = ADVANCED_FACE ( 'NONE', ( #2316 ), #1841, .T. ) ;
#1954 = FILL_AREA_STYLE ('',( #474 ) ) ;
#1955 =( NAMED_UNIT ( * ) PLANE_ANGLE_UNIT ( ) SI_UNIT ( $, .RADIAN. ) );
#1956 = STYLED_ITEM ( 'NONE', ( #215 ), #1044 ) ;
#1957 = CARTESIAN_POINT ( 'NONE',  ( -0.2550000000000000044, -0.04250000000000000305, -0.6455263157894752801 ) ) ;
#1958 = DIRECTION ( 'NONE',  ( -1.000000000000000000, -0.000000000000000000, 0.000000000000000000 ) ) ;
#1959 =( GEOMETRIC_REPRESENTATION_CONTEXT ( 3 ) GLOBAL_UNCERTAINTY_ASSIGNED_CONTEXT ( ( #300 ) ) GLOBAL_UNIT_ASSIGNED_CONTEXT ( ( #2249, #1886, #270 ) ) REPRESENTATION_CONTEXT ( 'NONE', 'WORKASPACE' ) );
#1960 = UNCERTAINTY_MEASURE_WITH_UNIT (LENGTH_MEASURE( 1.000000000000000082E-05 ), #1805, 'distance_accuracy_value', 'NONE');
#1961 =( LENGTH_UNIT ( ) NAMED_UNIT ( * ) SI_UNIT ( .MILLI., .METRE. ) );
#1962 = ADVANCED_FACE ( 'NONE', ( #820 ), #785, .F. ) ;
#1963 = DIRECTION ( 'NONE',  ( 0.000000000000000000, 0.000000000000000000, -1.000000000000000000 ) ) ;
#1964 = FILL_AREA_STYLE_COLOUR ( '', #1285 ) ;
#1965 = VECTOR ( 'NONE', #1687, 1000.000000000000000 ) ;
#1966 = ORIENTED_EDGE ( 'NONE', *, *, #758, .F. ) ;
#1967 = EDGE_CURVE ( 'NONE', #1857, #463, #854, .T. ) ;
#1968 = PLANE ( 'NONE',  #2177 ) ;
#1969 = VECTOR ( 'NONE', #973, 1000.000000000000000 ) ;
#1970 = ORIENTED_EDGE ( 'NONE', *, *, #672, .T. ) ;
#1971 = VERTEX_POINT ( 'NONE', #1143 ) ;
#1972 = SURFACE_STYLE_USAGE ( .BOTH. , #1356 ) ;
#1973 = COLOUR_RGB ( '',0.2509803921568627416, 0.2509803921568627416, 0.2509803921568627416 ) ;
#1974 =( GEOMETRIC_REPRESENTATION_CONTEXT ( 3 ) GLOBAL_UNCERTAINTY_ASSIGNED_CONTEXT ( ( #480 ) ) GLOBAL_UNIT_ASSIGNED_CONTEXT ( ( #1593, #492, #1785 ) ) REPRESENTATION_CONTEXT ( 'NONE', 'WORKASPACE' ) );
#1975 = ORIENTED_EDGE ( 'NONE', *, *, #2139, .F. ) ;
#1976 = CIRCLE ( 'NONE', #1105, 0.1800000000000000488 ) ;
#1977 = SURFACE_SIDE_STYLE ('',( #70 ) ) ;
#1978 = VECTOR ( 'NONE', #427, 1000.000000000000000 ) ;
#1979 = MECHANICAL_DESIGN_GEOMETRIC_PRESENTATION_REPRESENTATION (  '', ( #1263 ), #1708 ) ;
#1980 = LINE ( 'NONE', #637, #1508 ) ;
#1981 = CARTESIAN_POINT ( 'NONE',  ( 0.2550000000000000044, 0.3950000000000000733, -1.041037933611910882 ) ) ;
#1982 =( LENGTH_UNIT ( ) NAMED_UNIT ( * ) SI_UNIT ( .MILLI., .METRE. ) );
#1983 = FILL_AREA_STYLE_COLOUR ( '', #1606 ) ;
#1984 = EDGE_CURVE ( 'NONE', #1419, #1155, #1173, .T. ) ;
#1985 = CARTESIAN_POINT ( 'NONE',  ( 0.2550000000000000044, -0.04250000000000003081, -0.7163914178109012099 ) ) ;
#1986 = AXIS2_PLACEMENT_3D ( 'NONE', #768, #391, #2027 ) ;
#1987 = VECTOR ( 'NONE', #835, 1000.000000000000000 ) ;
#1988 = CARTESIAN_POINT ( 'NONE',  ( -0.7699999999999997957, 0.4899999999999999911, 1.036842435456025502 ) ) ;
#1989 = EDGE_LOOP ( 'NONE', ( #1380, #1381, #1317, #527 ) ) ;
#1990 =( GEOMETRIC_REPRESENTATION_CONTEXT ( 3 ) GLOBAL_UNCERTAINTY_ASSIGNED_CONTEXT ( ( #1113 ) ) GLOBAL_UNIT_ASSIGNED_CONTEXT ( ( #1561, #2221, #430 ) ) REPRESENTATION_CONTEXT ( 'NONE', 'WORKASPACE' ) );
#1991 = ORIENTED_EDGE ( 'NONE', *, *, #2048, .F. ) ;
#1992 = FACE_OUTER_BOUND ( 'NONE', #892, .T. ) ;
#1993 = DIRECTION ( 'NONE',  ( -1.000000000000000000, -0.000000000000000000, 0.000000000000000000 ) ) ;
#1994 = DIRECTION ( 'NONE',  ( 0.000000000000000000, 9.562201118380665332E-17, 1.000000000000000000 ) ) ;
#1995 = ORIENTED_EDGE ( 'NONE', *, *, #1485, .T. ) ;
#1996 = MECHANICAL_DESIGN_GEOMETRIC_PRESENTATION_REPRESENTATION (  '', ( #1879 ), #43 ) ;
#1997 = UNCERTAINTY_MEASURE_WITH_UNIT (LENGTH_MEASURE( 1.000000000000000082E-05 ), #1692, 'distance_accuracy_value', 'NONE');
#1998 = ORIENTED_EDGE ( 'NONE', *, *, #469, .F. ) ;
#1999 = PRESENTATION_LAYER_ASSIGNMENT (  '', '', ( #221 ) ) ;
#2000 = STYLED_ITEM ( 'NONE', ( #1681 ), #840 ) ;
#2001 = ORIENTED_EDGE ( 'NONE', *, *, #2080, .F. ) ;
#2002 = SURFACE_STYLE_FILL_AREA ( #451 ) ;
#2003 = SURFACE_STYLE_USAGE ( .BOTH. , #360 ) ;
#2004 =( LENGTH_UNIT ( ) NAMED_UNIT ( * ) SI_UNIT ( .MILLI., .METRE. ) );
#2005 = CARTESIAN_POINT ( 'NONE',  ( 0.2550000000000000044, 0.1325000000000000067, -0.7205869159667889212 ) ) ;
#2006 = PLANE ( 'NONE',  #1756 ) ;
#2007 = CARTESIAN_POINT ( 'NONE',  ( -0.7699999999999997957, 0.5749999999999999556, 1.041037933611912214 ) ) ;
#2008 = SURFACE_SIDE_STYLE ('',( #1293 ) ) ;
#2009 = AXIS2_PLACEMENT_3D ( 'NONE', #960, #608, #591 ) ;
#2010 = VECTOR ( 'NONE', #111, 999.9999999999998863 ) ;
#2011 = DIRECTION ( 'NONE',  ( -1.000000000000000000, 0.000000000000000000, -0.000000000000000000 ) ) ;
#2012 = VERTEX_POINT ( 'NONE', #1157 ) ;
#2013 = DIRECTION ( 'NONE',  ( -0.000000000000000000, -1.000000000000000000, -0.000000000000000000 ) ) ;
#2014 = SURFACE_SIDE_STYLE ('',( #154 ) ) ;
#2015 = EDGE_CURVE ( 'NONE', #1375, #1861, #2224, .T. ) ;
#2016 = LINE ( 'NONE', #1499, #827 ) ;
#2017 = VERTEX_POINT ( 'NONE', #570 ) ;
#2018 = ORIENTED_EDGE ( 'NONE', *, *, #1610, .F. ) ;
#2019 = DIRECTION ( 'NONE',  ( 0.000000000000000000, 0.000000000000000000, 1.000000000000000000 ) ) ;
#2020 = ORIENTED_EDGE ( 'NONE', *, *, #1236, .T. ) ;
#2021 = VERTEX_POINT ( 'NONE', #214 ) ;
#2022 =( NAMED_UNIT ( * ) PLANE_ANGLE_UNIT ( ) SI_UNIT ( $, .RADIAN. ) );
#2023 = FACE_OUTER_BOUND ( 'NONE', #1706, .T. ) ;
#2024 = CARTESIAN_POINT ( 'NONE',  ( -0.7699999999999997957, 0.04249999999999999611, 0.7205869159667884771 ) ) ;
#2025 = SURFACE_STYLE_USAGE ( .BOTH. , #228 ) ;
#2026 = MECHANICAL_DESIGN_GEOMETRIC_PRESENTATION_REPRESENTATION (  '', ( #2062 ), #414 ) ;
#2027 = DIRECTION ( 'NONE',  ( 0.000000000000000000, 0.000000000000000000, -1.000000000000000000 ) ) ;
#2028 = MECHANICAL_DESIGN_GEOMETRIC_PRESENTATION_REPRESENTATION (  '', ( #1809 ), #2146 ) ;
#2029 =( LENGTH_UNIT ( ) NAMED_UNIT ( * ) SI_UNIT ( .MILLI., .METRE. ) );
#2030 = DIRECTION ( 'NONE',  ( 0.000000000000000000, 0.9945054529214063521, -0.1046847845180393088 ) ) ;
#2031 =( NAMED_UNIT ( * ) SI_UNIT ( $, .STERADIAN. ) SOLID_ANGLE_UNIT ( ) );
#2032 = CARTESIAN_POINT ( 'NONE',  ( 0.2550000000000000044, 0.04250000000000000305, -0.6455263157894722825 ) ) ;
#2033 = AXIS2_PLACEMENT_3D ( 'NONE', #1382, #1542, #455 ) ;
#2034 = COLOUR_RGB ( '',0.2509803921568627416, 0.2509803921568627416, 0.2509803921568627416 ) ;
#2035 = DIRECTION ( 'NONE',  ( 1.000000000000000000, 0.000000000000000000, 0.000000000000000000 ) ) ;
#2036 = LINE ( 'NONE', #13, #1965 ) ;
#2037 =( GEOMETRIC_REPRESENTATION_CONTEXT ( 3 ) GLOBAL_UNCERTAINTY_ASSIGNED_CONTEXT ( ( #88 ) ) GLOBAL_UNIT_ASSIGNED_CONTEXT ( ( #1231, #693, #883 ) ) REPRESENTATION_CONTEXT ( 'NONE', 'WORKASPACE' ) );
#2038 = SURFACE_SIDE_STYLE ('',( #1060 ) ) ;
#2039 = VECTOR ( 'NONE', #1035, 1000.000000000000000 ) ;
#2040 = DIRECTION ( 'NONE',  ( 0.000000000000000000, 1.000000000000000000, -9.562201118380665332E-17 ) ) ;
#2041 =( NAMED_UNIT ( * ) PLANE_ANGLE_UNIT ( ) SI_UNIT ( $, .RADIAN. ) );
#2042 = DIRECTION ( 'NONE',  ( 0.000000000000000000, 0.9848077530122085754, 0.1736481776669273058 ) ) ;
#2043 = EDGE_LOOP ( 'NONE', ( #1627, #64, #1088, #2237, #1407, #1937, #2155, #1791 ) ) ;
#2044 = PRESENTATION_LAYER_ASSIGNMENT (  '', '', ( #1826 ) ) ;
#2045 = ORIENTED_EDGE ( 'NONE', *, *, #2056, .T. ) ;
#2046 = DIRECTION ( 'NONE',  ( 0.000000000000000000, -1.000000000000000000, 0.000000000000000000 ) ) ;
#2047 = VERTEX_POINT ( 'NONE', #1495 ) ;
#2048 = EDGE_CURVE ( 'NONE', #157, #610, #305, .T. ) ;
#2049 = ORIENTED_EDGE ( 'NONE', *, *, #935, .T. ) ;
#2050 = PRODUCT_DEFINITION_FORMATION_WITH_SPECIFIED_SOURCE ( 'ANY', '', #1889, .NOT_KNOWN. ) ;
#2051 = CARTESIAN_POINT ( 'NONE',  ( 0.000000000000000000, 0.000000000000000000, 0.000000000000000000 ) ) ;
#2052 = CIRCLE ( 'NONE', #472, 0.1799999999999999378 ) ;
#2053 = STYLED_ITEM ( 'NONE', ( #1475 ), #1429 ) ;
#2054 = DIRECTION ( 'NONE',  ( -1.000000000000000000, -0.000000000000000000, 0.000000000000000000 ) ) ;
#2055 = CARTESIAN_POINT ( 'NONE',  ( 0.2550000000000000044, 0.4899999999999999911, -1.036842435456025280 ) ) ;
#2056 = EDGE_CURVE ( 'NONE', #1057, #1145, #1270, .T. ) ;
#2057 = UNCERTAINTY_MEASURE_WITH_UNIT (LENGTH_MEASURE( 1.000000000000000082E-05 ), #529, 'distance_accuracy_value', 'NONE');
#2058 = CARTESIAN_POINT ( 'NONE',  ( -0.7699999999999997957, 0.5749999999999999556, 1.041037933611912214 ) ) ;
#2059 = AXIS2_PLACEMENT_3D ( 'NONE', #292, #1910, #1766 ) ;
#2060 = CARTESIAN_POINT ( 'NONE',  ( 0.7699999999999997957, 0.1168716640099770471, 0.8092196137378875331 ) ) ;
#2061 = PRODUCT_DEFINITION_CONTEXT ( 'detailed design', #82, 'design' ) ;
#2062 = STYLED_ITEM ( 'NONE', ( #2194 ), #497 ) ;
#2063 = ORIENTED_EDGE ( 'NONE', *, *, #919, .F. ) ;
#2064 = SURFACE_STYLE_FILL_AREA ( #20 ) ;
#2065 = SURFACE_SIDE_STYLE ('',( #502 ) ) ;
#2066 = COLOUR_RGB ( '',0.2509803921568627416, 0.2509803921568627416, 0.2509803921568627416 ) ;
#2067 = CARTESIAN_POINT ( 'NONE',  ( 0.000000000000000000, 0.4749999999999999778, 0.000000000000000000 ) ) ;
#2068 = ORIENTED_EDGE ( 'NONE', *, *, #187, .F. ) ;
#2069 = ORIENTED_EDGE ( 'NONE', *, *, #1541, .F. ) ;
#2070 = VERTEX_POINT ( 'NONE', #1479 ) ;
#2071 = FACE_OUTER_BOUND ( 'NONE', #629, .T. ) ;
#2072 = EDGE_CURVE ( 'NONE', #2158, #312, #2036, .T. ) ;
#2073 = VECTOR ( 'NONE', #1714, 1000.000000000000227 ) ;
#2074 = PRESENTATION_LAYER_ASSIGNMENT (  '', '', ( #2317 ) ) ;
#2075 = FILL_AREA_STYLE_COLOUR ( '', #2034 ) ;
#2076 = PRESENTATION_STYLE_ASSIGNMENT (( #1013 ) ) ;
#2077 = PRESENTATION_LAYER_ASSIGNMENT (  '', '', ( #1371 ) ) ;
#2078 = DIRECTION ( 'NONE',  ( 0.000000000000000000, 0.000000000000000000, 1.000000000000000000 ) ) ;
#2079 = CARTESIAN_POINT ( 'NONE',  ( -0.7699999999999997957, 0.04250000000000000305, 0.6455263157894723935 ) ) ;
#2080 = EDGE_CURVE ( 'NONE', #1145, #27, #646, .T. ) ;
#2082 = EDGE_CURVE ( 'NONE', #1155, #2150, #1142, .T. ) ;
#2081 =( NAMED_UNIT ( * ) PLANE_ANGLE_UNIT ( ) SI_UNIT ( $, .RADIAN. ) );
#2083 = UNCERTAINTY_MEASURE_WITH_UNIT (LENGTH_MEASURE( 1.000000000000000082E-05 ), #1433, 'distance_accuracy_value', 'NONE');
#2084 = LINE ( 'NONE', #2238, #1172 ) ;
#2085 = VECTOR ( 'NONE', #1833, 1000.000000000000000 ) ;
#2086 = CARTESIAN_POINT ( 'NONE',  ( -0.7699999999999997957, 0.1062433280199540919, 0.8936568133531003211 ) ) ;
#2087 = LINE ( 'NONE', #877, #83 ) ;
#2088 = PRESENTATION_LAYER_ASSIGNMENT (  '', '', ( #628 ) ) ;
#2089 = COLOUR_RGB ( '',1.000000000000000000, 1.000000000000000000, 1.000000000000000000 ) ;
#2090 = VECTOR ( 'NONE', #1611, 1000.000000000000227 ) ;
#2091 = EDGE_CURVE ( 'NONE', #126, #1179, #199, .T. ) ;
#2092 = COLOUR_RGB ( '',1.000000000000000000, 1.000000000000000000, 1.000000000000000000 ) ;
#2093 = CARTESIAN_POINT ( 'NONE',  ( -0.2550000000000000044, 0.1325000000000000067, -0.7205869159667889212 ) ) ;
#2094 = CARTESIAN_POINT ( 'NONE',  ( -1.450000000000000178, -1.576258002016811872E-14, -0.6499999999999999112 ) ) ;
#2095 = VERTEX_POINT ( 'NONE', #2186 ) ;
#2096 = PRESENTATION_STYLE_ASSIGNMENT (( #232 ) ) ;
#2097 = EDGE_LOOP ( 'NONE', ( #2230, #2159, #522, #2049 ) ) ;
#2098 = ORIENTED_EDGE ( 'NONE', *, *, #1491, .T. ) ;
#2099 =( NAMED_UNIT ( * ) PLANE_ANGLE_UNIT ( ) SI_UNIT ( $, .RADIAN. ) );
#2100 =( NAMED_UNIT ( * ) PLANE_ANGLE_UNIT ( ) SI_UNIT ( $, .RADIAN. ) );
#2101 = VECTOR ( 'NONE', #1636, 1000.000000000000000 ) ;
#2102 = ORIENTED_EDGE ( 'NONE', *, *, #1132, .F. ) ;
#2103 = DIRECTION ( 'NONE',  ( -0.000000000000000000, 0.9945054529214056860, 0.1046847845180453873 ) ) ;
#2104 = ADVANCED_FACE ( 'NONE', ( #450 ), #1489, .F. ) ;
#2105 = COLOUR_RGB ( '',1.000000000000000000, 1.000000000000000000, 1.000000000000000000 ) ;
#2106 = PLANE ( 'NONE',  #6 ) ;
#2107 = MECHANICAL_DESIGN_GEOMETRIC_PRESENTATION_REPRESENTATION (  '', ( #699 ), #858 ) ;
#2108 = CARTESIAN_POINT ( 'NONE',  ( -1.279999999999999805, 0.1168716640099770471, 0.8092196137378877552 ) ) ;
#2109 = FILL_AREA_STYLE ('',( #1938 ) ) ;
#2110 = CARTESIAN_POINT ( 'NONE',  ( 0.7699999999999997957, -1.566672139241553907E-14, 0.6500000000000000222 ) ) ;
#2111 = MECHANICAL_DESIGN_GEOMETRIC_PRESENTATION_REPRESENTATION (  '', ( #462 ), #2157 ) ;
#2112 = CARTESIAN_POINT ( 'NONE',  ( -0.2550000000000000044, 0.1062433280199540919, -0.8936568133531002101 ) ) ;
#2113 = ADVANCED_FACE ( 'NONE', ( #1466 ), #2169, .F. ) ;
#2114 = DIRECTION ( 'NONE',  ( 0.000000000000000000, 0.9848077530122085754, 0.1736481776669273058 ) ) ;
#2115 = CARTESIAN_POINT ( 'NONE',  ( 1.279999999999999805, 0.4156283359900229124, 0.9482097376849256687 ) ) ;
#2116 =( NAMED_UNIT ( * ) SI_UNIT ( $, .STERADIAN. ) SOLID_ANGLE_UNIT ( ) );
#2117 = UNCERTAINTY_MEASURE_WITH_UNIT (LENGTH_MEASURE( 1.000000000000000082E-05 ), #216, 'distance_accuracy_value', 'NONE');
#2118 = VECTOR ( 'NONE', #2304, 1000.000000000000000 ) ;
#2120 = EDGE_CURVE ( 'NONE', #2047, #1702, #138, .T. ) ;
#2119 = DIRECTION ( 'NONE',  ( -1.000000000000000000, -0.000000000000000000, -0.000000000000000000 ) ) ;
#2121 = DIRECTION ( 'NONE',  ( 0.000000000000000000, -0.000000000000000000, 1.000000000000000000 ) ) ;
#2122 = VECTOR ( 'NONE', #65, 1000.000000000000114 ) ;
#2123 = FILL_AREA_STYLE_COLOUR ( '', #2089 ) ;
#2124 = DIRECTION ( 'NONE',  ( -1.000000000000000000, -0.000000000000000000, -0.000000000000000000 ) ) ;
#2125 = PRESENTATION_STYLE_ASSIGNMENT (( #1601 ) ) ;
#2126 = VERTEX_POINT ( 'NONE', #1298 ) ;
#2127 = DIRECTION ( 'NONE',  ( 0.1041158412590671434, 0.9891004919611724455, 0.1041158412590671295 ) ) ;
#2128 =( GEOMETRIC_REPRESENTATION_CONTEXT ( 3 ) GLOBAL_UNCERTAINTY_ASSIGNED_CONTEXT ( ( #409 ) ) GLOBAL_UNIT_ASSIGNED_CONTEXT ( ( #915, #1108, #208 ) ) REPRESENTATION_CONTEXT ( 'NONE', 'WORKASPACE' ) );
#2129 = CARTESIAN_POINT ( 'NONE',  ( -0.7699999999999997957, 0.1325000000000000067, 0.7205869159667890322 ) ) ;
#2130 = ORIENTED_EDGE ( 'NONE', *, *, #2056, .F. ) ;
#2131 = ADVANCED_FACE ( 'NONE', ( #682 ), #1021, .T. ) ;
#2132 = EDGE_LOOP ( 'NONE', ( #2228, #2326, #433, #2330 ) ) ;
#2133 = ORIENTED_EDGE ( 'NONE', *, *, #1610, .T. ) ;
#2134 = ORIENTED_EDGE ( 'NONE', *, *, #1236, .F. ) ;
#2135 = CIRCLE ( 'NONE', #174, 0.1799999999999999378 ) ;
#2136 = CARTESIAN_POINT ( 'NONE',  ( -0.7699999999999997957, -0.04250000000000003081, 0.7163914178109013209 ) ) ;
#2137 = FILL_AREA_STYLE ('',( #1964 ) ) ;
#2138 = COLOUR_RGB ( '',1.000000000000000000, 1.000000000000000000, 1.000000000000000000 ) ;
#2139 = EDGE_CURVE ( 'NONE', #1215, #1781, #513, .T. ) ;
#2140 = CARTESIAN_POINT ( 'NONE',  ( -1.280000000000000027, -0.04250000000000003081, 0.6455263157894722825 ) ) ;
#2141 = DIRECTION ( 'NONE',  ( -0.000000000000000000, -0.9848077530122086864, -0.1736481776669273058 ) ) ;
#2142 =( NAMED_UNIT ( * ) SI_UNIT ( $, .STERADIAN. ) SOLID_ANGLE_UNIT ( ) );
#2143 = PRESENTATION_LAYER_ASSIGNMENT (  '', '', ( #249 ) ) ;
#2144 = FILL_AREA_STYLE ('',( #1983 ) ) ;
#2145 = STYLED_ITEM ( 'NONE', ( #683 ), #659 ) ;
#2146 =( GEOMETRIC_REPRESENTATION_CONTEXT ( 3 ) GLOBAL_UNCERTAINTY_ASSIGNED_CONTEXT ( ( #1858 ) ) GLOBAL_UNIT_ASSIGNED_CONTEXT ( ( #385, #572, #754 ) ) REPRESENTATION_CONTEXT ( 'NONE', 'WORKASPACE' ) );
#2147 = SURFACE_STYLE_USAGE ( .BOTH. , #1265 ) ;
#2148 = CARTESIAN_POINT ( 'NONE',  ( -0.2550000000000000044, -1.566672139241553907E-14, -0.6500000000000001332 ) ) ;
#2149 = FACE_OUTER_BOUND ( 'NONE', #1838, .T. ) ;
#2150 = VERTEX_POINT ( 'NONE', #2108 ) ;
#2151 = VECTOR ( 'NONE', #906, 1000.000000000000000 ) ;
#2152 = DIRECTION ( 'NONE',  ( 0.000000000000000000, 0.000000000000000000, -1.000000000000000000 ) ) ;
#2153 = STYLED_ITEM ( 'NONE', ( #96 ), #1227 ) ;
#2154 = EDGE_LOOP ( 'NONE', ( #1122, #702, #240, #1697, #1242, #67, #1185, #1596 ) ) ;
#2155 = ORIENTED_EDGE ( 'NONE', *, *, #1892, .F. ) ;
#2156 = SURFACE_SIDE_STYLE ('',( #11 ) ) ;
#2157 =( GEOMETRIC_REPRESENTATION_CONTEXT ( 3 ) GLOBAL_UNCERTAINTY_ASSIGNED_CONTEXT ( ( #1343 ) ) GLOBAL_UNIT_ASSIGNED_CONTEXT ( ( #2328, #548, #730 ) ) REPRESENTATION_CONTEXT ( 'NONE', 'WORKASPACE' ) );
#2158 = VERTEX_POINT ( 'NONE', #2292 ) ;
#2159 = ORIENTED_EDGE ( 'NONE', *, *, #1002, .F. ) ;
#2160 = DIRECTION ( 'NONE',  ( -0.000000000000000000, 1.000000000000000000, 9.562201118380665332E-17 ) ) ;
#2161 = UNCERTAINTY_MEASURE_WITH_UNIT (LENGTH_MEASURE( 1.000000000000000082E-05 ), #225, 'distance_accuracy_value', 'NONE');
#2162 = LINE ( 'NONE', #783, #1711 ) ;
#2163 = DIRECTION ( 'NONE',  ( -1.000000000000000000, -0.000000000000000000, -0.000000000000000000 ) ) ;
#2164 = EDGE_CURVE ( 'NONE', #369, #90, #1877, .T. ) ;
#2165 =( GEOMETRIC_REPRESENTATION_CONTEXT ( 3 ) GLOBAL_UNCERTAINTY_ASSIGNED_CONTEXT ( ( #618 ) ) GLOBAL_UNIT_ASSIGNED_CONTEXT ( ( #1318, #782, #2031 ) ) REPRESENTATION_CONTEXT ( 'NONE', 'WORKASPACE' ) );
#2166 = CARTESIAN_POINT ( 'NONE',  ( 1.279999999999999805, 0.4899999999999999911, 1.036842435456025058 ) ) ;
#2167 =( GEOMETRIC_REPRESENTATION_CONTEXT ( 3 ) GLOBAL_UNCERTAINTY_ASSIGNED_CONTEXT ( ( #1417 ) ) GLOBAL_UNIT_ASSIGNED_CONTEXT ( ( #1329, #1514, #399 ) ) REPRESENTATION_CONTEXT ( 'NONE', 'WORKASPACE' ) );
#2168 = PRESENTATION_STYLE_ASSIGNMENT (( #2147 ) ) ;
#2169 = PLANE ( 'NONE',  #1364 ) ;
#2170 = SURFACE_STYLE_USAGE ( .BOTH. , #2014 ) ;
#2171 = EDGE_CURVE ( 'NONE', #241, #499, #991, .T. ) ;
#2172 = PRESENTATION_STYLE_ASSIGNMENT (( #1123 ) ) ;
#2173 = LINE ( 'NONE', #193, #396 ) ;
#2174 = ORIENTED_EDGE ( 'NONE', *, *, #2091, .F. ) ;
#2175 = ORIENTED_EDGE ( 'NONE', *, *, #987, .T. ) ;
#2176 = ORIENTED_EDGE ( 'NONE', *, *, #137, .F. ) ;
#2177 = AXIS2_PLACEMENT_3D ( 'NONE', #1635, #507, #525 ) ;
#2178 = DIRECTION ( 'NONE',  ( -1.000000000000000000, -0.000000000000000000, 0.000000000000000000 ) ) ;
#2179 = VECTOR ( 'NONE', #1784, 1000.000000000000000 ) ;
#2180 = CARTESIAN_POINT ( 'NONE',  ( 0.2550000000000000044, 0.4899999999999999911, -1.190000000000000169 ) ) ;
#2181 = ORIENTED_EDGE ( 'NONE', *, *, #1481, .T. ) ;
#2182 = CARTESIAN_POINT ( 'NONE',  ( -1.450000000000000178, 1.577514160966408951E-14, 0.6500000000000001332 ) ) ;
#2183 = PRESENTATION_STYLE_ASSIGNMENT (( #1515 ) ) ;
#2184 = VECTOR ( 'NONE', #2300, 1000.000000000000000 ) ;
#2185 = UNCERTAINTY_MEASURE_WITH_UNIT (LENGTH_MEASURE( 1.000000000000000082E-05 ), #685, 'distance_accuracy_value', 'NONE');
#2186 = CARTESIAN_POINT ( 'NONE',  ( -1.400000000000000133, 0.4749999999999999778, 0.6000000000000001998 ) ) ;
#2187 = CARTESIAN_POINT ( 'NONE',  ( -0.7699999999999997957, 0.1374999999999999556, 0.7163914178109025421 ) ) ;
#2188 = EDGE_CURVE ( 'NONE', #2070, #184, #1903, .T. ) ;
#2189 =( GEOMETRIC_REPRESENTATION_CONTEXT ( 3 ) GLOBAL_UNCERTAINTY_ASSIGNED_CONTEXT ( ( #872 ) ) GLOBAL_UNIT_ASSIGNED_CONTEXT ( ( #1982, #1895, #1718 ) ) REPRESENTATION_CONTEXT ( 'NONE', 'WORKASPACE' ) );
#2190 = DIRECTION ( 'NONE',  ( -1.000000000000000000, 0.000000000000000000, 0.000000000000000000 ) ) ;
#2191 = PRESENTATION_LAYER_ASSIGNMENT (  '', '', ( #1203 ) ) ;
#2192 = CARTESIAN_POINT ( 'NONE',  ( 0.2550000000000000044, 0.1168716640099770471, -0.8092196137378876442 ) ) ;
#2193 = LINE ( 'NONE', #956, #1237 ) ;
#2194 = PRESENTATION_STYLE_ASSIGNMENT (( #545 ) ) ;
#2195 = FILL_AREA_STYLE ('',( #1488 ) ) ;
#2196 = CARTESIAN_POINT ( 'NONE',  ( 1.449999999999999734, -1.566672139241553907E-14, -0.6500000000000002442 ) ) ;
#2197 = ORIENTED_EDGE ( 'NONE', *, *, #2171, .T. ) ;
#2198 =( NAMED_UNIT ( * ) SI_UNIT ( $, .STERADIAN. ) SOLID_ANGLE_UNIT ( ) );
#2199 = LINE ( 'NONE', #382, #2151 ) ;
#2200 = EDGE_CURVE ( 'NONE', #627, #366, #1667, .T. ) ;
#2201 = CARTESIAN_POINT ( 'NONE',  ( 1.449999999999999734, -1.576258002016811872E-14, -0.6500000000000002442 ) ) ;
#2202 = SURFACE_STYLE_FILL_AREA ( #1954 ) ;
#2203 = EDGE_CURVE ( 'NONE', #376, #27, #1437, .T. ) ;
#2204 = ORIENTED_EDGE ( 'NONE', *, *, #22, .F. ) ;
#2205 = DIRECTION ( 'NONE',  ( 0.000000000000000000, -1.000000000000000000, 0.000000000000000000 ) ) ;
#2206 = ORIENTED_EDGE ( 'NONE', *, *, #1349, .F. ) ;
#2207 = ORIENTED_EDGE ( 'NONE', *, *, #2314, .F. ) ;
#2208 =( NAMED_UNIT ( * ) PLANE_ANGLE_UNIT ( ) SI_UNIT ( $, .RADIAN. ) );
#2209 = ORIENTED_EDGE ( 'NONE', *, *, #932, .T. ) ;
#2210 = AXIS2_PLACEMENT_3D ( 'NONE', #2211, #45, #1772 ) ;
#2211 = CARTESIAN_POINT ( 'NONE',  ( -0.7699999999999997957, 0.4000000000000000222, 1.036842435456024836 ) ) ;
#2212 = COLOUR_RGB ( '',1.000000000000000000, 1.000000000000000000, 1.000000000000000000 ) ;
#2213 = SURFACE_STYLE_USAGE ( .BOTH. , #613 ) ;
#2214 = SURFACE_SIDE_STYLE ('',( #982 ) ) ;
#2215 = PRESENTATION_LAYER_ASSIGNMENT (  '', '', ( #1719 ) ) ;
#2216 = CARTESIAN_POINT ( 'NONE',  ( 1.279999999999999805, 0.1168716640099770748, 0.8092196137378875331 ) ) ;
#2217 = LINE ( 'NONE', #1439, #986 ) ;
#2218 = CARTESIAN_POINT ( 'NONE',  ( 0.2550000000000000044, -0.04250000000000000305, -0.6455263157894752801 ) ) ;
#2219 = CARTESIAN_POINT ( 'NONE',  ( -1.279999999999999805, 0.4000000000000000222, 1.036842435456024836 ) ) ;
#2220 = STYLED_ITEM ( 'NONE', ( #1950 ), #1018 ) ;
#2221 =( NAMED_UNIT ( * ) PLANE_ANGLE_UNIT ( ) SI_UNIT ( $, .RADIAN. ) );
#2222 = DIRECTION ( 'NONE',  ( 1.000000000000000000, 0.000000000000000000, -0.000000000000000000 ) ) ;
#2223 = UNCERTAINTY_MEASURE_WITH_UNIT (LENGTH_MEASURE( 1.000000000000000082E-05 ), #2276, 'distance_accuracy_value', 'NONE');
#2224 = CIRCLE ( 'NONE', #789, 0.08999999999999991340 ) ;
#2225 = ORIENTED_EDGE ( 'NONE', *, *, #1929, .F. ) ;
#2226 = CARTESIAN_POINT ( 'NONE',  ( -0.7699999999999997957, 0.3950000000000000733, 1.041037933611911104 ) ) ;
#2227 = VECTOR ( 'NONE', #370, 1000.000000000000000 ) ;
#2228 = ORIENTED_EDGE ( 'NONE', *, *, #1039, .F. ) ;
#2229 = SURFACE_STYLE_USAGE ( .BOTH. , #446 ) ;
#2230 = ORIENTED_EDGE ( 'NONE', *, *, #2200, .F. ) ;
#2231 = COLOUR_RGB ( '',1.000000000000000000, 1.000000000000000000, 1.000000000000000000 ) ;
#2232 = ORIENTED_EDGE ( 'NONE', *, *, #56, .F. ) ;
#2233 = ORIENTED_EDGE ( 'NONE', *, *, #506, .F. ) ;
#2234 = EDGE_CURVE ( 'NONE', #1553, #2320, #598, .T. ) ;
#2235 = VECTOR ( 'NONE', #319, 1000.000000000000114 ) ;
#2236 = VERTEX_POINT ( 'NONE', #321 ) ;
#2237 = ORIENTED_EDGE ( 'NONE', *, *, #815, .F. ) ;
#2238 = CARTESIAN_POINT ( 'NONE',  ( 0.2550000000000000044, 0.4156283359900229124, -0.9482097376849257797 ) ) ;
#2239 = DIRECTION ( 'NONE',  ( -0.000000000000000000, 9.562201118380665332E-17, -1.000000000000000000 ) ) ;
#2240 = COLOUR_RGB ( '',1.000000000000000000, 1.000000000000000000, 1.000000000000000000 ) ;
#2241 = AXIS2_PLACEMENT_3D ( 'NONE', #880, #1055, #2309 ) ;
#2242 =( LENGTH_UNIT ( ) NAMED_UNIT ( * ) SI_UNIT ( .MILLI., .METRE. ) );
#2243 = FILL_AREA_STYLE ('',( #1014 ) ) ;
#2244 = PRESENTATION_LAYER_ASSIGNMENT (  '', '', ( #1141 ) ) ;
#2245 = EDGE_CURVE ( 'NONE', #27, #1911, #1233, .T. ) ;
#2246 = ADVANCED_FACE ( 'NONE', ( #362 ), #1539, .T. ) ;
#2247 = COLOUR_RGB ( '',1.000000000000000000, 1.000000000000000000, 1.000000000000000000 ) ;
#2248 = FILL_AREA_STYLE_COLOUR ( '', #2138 ) ;
#2249 =( LENGTH_UNIT ( ) NAMED_UNIT ( * ) SI_UNIT ( .MILLI., .METRE. ) );
#2250 = CYLINDRICAL_SURFACE ( 'NONE', #494, 0.09000000000000002442 ) ;
#2251 = AXIS2_PLACEMENT_3D ( 'NONE', #1005, #297, #663 ) ;
#2252 = UNCERTAINTY_MEASURE_WITH_UNIT (LENGTH_MEASURE( 1.000000000000000082E-05 ), #556, 'distance_accuracy_value', 'NONE');
#2253 = VECTOR ( 'NONE', #905, 999.9999999999998863 ) ;
#2254 = ORIENTED_EDGE ( 'NONE', *, *, #1901, .F. ) ;
#2255 = PRESENTATION_LAYER_ASSIGNMENT (  '', '', ( #641 ) ) ;
#2256 = CARTESIAN_POINT ( 'NONE',  ( -1.279999999999999805, 0.4262566719800459092, 0.8637725380697134359 ) ) ;
#2257 = LINE ( 'NONE', #303, #203 ) ;
#2258 =( LENGTH_UNIT ( ) NAMED_UNIT ( * ) SI_UNIT ( .MILLI., .METRE. ) );
#2259 = ORIENTED_EDGE ( 'NONE', *, *, #1217, .F. ) ;
#2260 = FILL_AREA_STYLE ('',( #1426 ) ) ;
#2261 = LINE ( 'NONE', #196, #1817 ) ;
#2262 = ORIENTED_EDGE ( 'NONE', *, *, #1254, .T. ) ;
#2263 = CARTESIAN_POINT ( 'NONE',  ( -0.2550000000000000044, 0.4899999999999999911, -1.036842435456025280 ) ) ;
#2264 = VERTEX_POINT ( 'NONE', #1273 ) ;
#2265 =( GEOMETRIC_REPRESENTATION_CONTEXT ( 3 ) GLOBAL_UNCERTAINTY_ASSIGNED_CONTEXT ( ( #17 ) ) GLOBAL_UNIT_ASSIGNED_CONTEXT ( ( #1897, #80, #1355 ) ) REPRESENTATION_CONTEXT ( 'NONE', 'WORKASPACE' ) );
#2266 = CYLINDRICAL_SURFACE ( 'NONE', #2251, 0.09000000000000002442 ) ;
#2267 = CARTESIAN_POINT ( 'NONE',  ( -1.279999999999999805, 0.1168716640099770748, 0.8092196137378877552 ) ) ;
#2268 = DIRECTION ( 'NONE',  ( 1.000000000000000000, -0.000000000000000000, 0.000000000000000000 ) ) ;
#2269 =( NAMED_UNIT ( * ) SI_UNIT ( $, .STERADIAN. ) SOLID_ANGLE_UNIT ( ) );
#2270 = ADVANCED_FACE ( 'NONE', ( #1744 ), #348, .T. ) ;
#2271 = DIRECTION ( 'NONE',  ( -1.000000000000000000, -0.000000000000000000, 1.495451272393799296E-16 ) ) ;
#2272 = DIRECTION ( 'NONE',  ( 0.000000000000000000, -0.000000000000000000, 1.000000000000000000 ) ) ;
#2273 = CARTESIAN_POINT ( 'NONE',  ( 1.279999999999999805, 0.1325000000000000067, 0.7205869159667888102 ) ) ;
#2275 = EDGE_CURVE ( 'NONE', #1911, #1353, #441, .T. ) ;
#2274 = SURFACE_STYLE_USAGE ( .BOTH. , #1243 ) ;
#2276 =( LENGTH_UNIT ( ) NAMED_UNIT ( * ) SI_UNIT ( .MILLI., .METRE. ) );
#2277 = LINE ( 'NONE', #2115, #1547 ) ;
#2278 = MECHANICAL_DESIGN_GEOMETRIC_PRESENTATION_REPRESENTATION (  '', ( #588 ), #1369 ) ;
#2279 = LINE ( 'NONE', #1017, #2039 ) ;
#2280 = DIRECTION ( 'NONE',  ( -1.000000000000000000, -0.000000000000000000, -0.000000000000000000 ) ) ;
#2281 = SURFACE_SIDE_STYLE ('',( #1578 ) ) ;
#2282 = FACE_OUTER_BOUND ( 'NONE', #124, .T. ) ;
#2283 = AXIS2_PLACEMENT_3D ( 'NONE', #1691, #42, #2019 ) ;
#2284 = ORIENTED_EDGE ( 'NONE', *, *, #595, .F. ) ;
#2285 = FILL_AREA_STYLE_COLOUR ( '', #49 ) ;
#2286 = ADVANCED_FACE ( 'NONE', ( #379 ), #411, .F. ) ;
#2287 = CLOSED_SHELL ( 'NONE', ( #840, #454, #1413, #636, #1227, #2270, #1006, #1397, #112, #1737, #992, #477, #2286, #2131, #1782, #99, #1934, #508, #1962, #1605, #1018, #675, #659, #125, #497, #1770, #1044, #2301, #2113, #306, #1746, #1196, #86, #1921, #295, #689, #850, #136, #817, #1388, #1617, #1429, #1760, #871, #2104, #2246, #1564, #1584, #1953 ) ) ;
#2288 = DIRECTION ( 'NONE',  ( 0.000000000000000000, 0.000000000000000000, -1.000000000000000000 ) ) ;
#2289 = DIRECTION ( 'NONE',  ( -0.000000000000000000, -1.000000000000000000, 0.000000000000000000 ) ) ;
#2290 = ORIENTED_EDGE ( 'NONE', *, *, #1506, .F. ) ;
#2291 =( LENGTH_UNIT ( ) NAMED_UNIT ( * ) SI_UNIT ( .MILLI., .METRE. ) );
#2292 = CARTESIAN_POINT ( 'NONE',  ( 1.279999999999999805, 0.1168716640099770471, 0.8092196137378875331 ) ) ;
#2293 = PLANE ( 'NONE',  #58 ) ;
#2294 = ORIENTED_EDGE ( 'NONE', *, *, #1721, .F. ) ;
#2295 = EDGE_CURVE ( 'NONE', #2264, #317, #1365, .T. ) ;
#2296 = EDGE_LOOP ( 'NONE', ( #210, #1472, #183, #1653 ) ) ;
#2297 = SHAPE_DEFINITION_REPRESENTATION ( #1323, #1668 ) ;
#2298 = LINE ( 'NONE', #71, #665 ) ;
#2299 =( NAMED_UNIT ( * ) PLANE_ANGLE_UNIT ( ) SI_UNIT ( $, .RADIAN. ) );
#2300 = DIRECTION ( 'NONE',  ( 1.000000000000000000, 0.000000000000000000, -1.495451272393799296E-16 ) ) ;
#2301 = ADVANCED_FACE ( 'NONE', ( #1040 ), #770, .F. ) ;
#2302 = SURFACE_STYLE_USAGE ( .BOTH. , #651 ) ;
#2303 = AXIS2_PLACEMENT_3D ( 'NONE', #2226, #436, #2078 ) ;
#2304 = DIRECTION ( 'NONE',  ( -1.000000000000000000, -0.000000000000000000, -0.000000000000000000 ) ) ;
#2305 = DIRECTION ( 'NONE',  ( 0.000000000000000000, 0.9945054529214063521, -0.1046847845180393088 ) ) ;
#2306 = EDGE_CURVE ( 'NONE', #830, #2236, #128, .T. ) ;
#2307 = FILL_AREA_STYLE ('',( #357 ) ) ;
#2308 = PLANE ( 'NONE',  #1487 ) ;
#2309 = DIRECTION ( 'NONE',  ( 0.000000000000000000, 0.000000000000000000, -1.000000000000000000 ) ) ;
#2310 = CARTESIAN_POINT ( 'NONE',  ( 1.279999999999999805, 0.3950000000000000733, 1.041037933611910660 ) ) ;
#2311 = DIRECTION ( 'NONE',  ( -0.000000000000000000, -0.9848077530122086864, -0.1736481776669273058 ) ) ;
#2312 = VECTOR ( 'NONE', #2178, 1000.000000000000000 ) ;
#2314 = EDGE_CURVE ( 'NONE', #241, #63, #585, .T. ) ;
#2313 = CARTESIAN_POINT ( 'NONE',  ( 0.2550000000000000044, 0.1062433280199540919, -0.8936568133531002101 ) ) ;
#2315 = DIRECTION ( 'NONE',  ( 1.000000000000000000, 0.000000000000000000, -1.495451272393799296E-16 ) ) ;
#2316 = FACE_OUTER_BOUND ( 'NONE', #1563, .T. ) ;
#2317 = STYLED_ITEM ( 'NONE', ( #810 ), #2270 ) ;
#2318 = FILL_AREA_STYLE ('',( #1082 ) ) ;
#2319 = COLOUR_RGB ( '',0.7921568627450980005, 0.8196078431372548767, 0.9333333333333333481 ) ;
#2320 = VERTEX_POINT ( 'NONE', #1510 ) ;
#2321 = SURFACE_SIDE_STYLE ('',( #1680 ) ) ;
#2322 = PRESENTATION_STYLE_ASSIGNMENT (( #1831 ) ) ;
#2323 = AXIS2_PLACEMENT_3D ( 'NONE', #930, #2011, #201 ) ;
#2324 = DIRECTION ( 'NONE',  ( -1.000000000000000000, -0.000000000000000000, -0.000000000000000000 ) ) ;
#2325 = SURFACE_STYLE_FILL_AREA ( #1621 ) ;
#2326 = ORIENTED_EDGE ( 'NONE', *, *, #794, .F. ) ;
#2327 = ORIENTED_EDGE ( 'NONE', *, *, #1710, .T. ) ;
#2328 =( LENGTH_UNIT ( ) NAMED_UNIT ( * ) SI_UNIT ( .MILLI., .METRE. ) );
#2329 = FILL_AREA_STYLE_COLOUR ( '', #1794 ) ;
#2330 = ORIENTED_EDGE ( 'NONE', *, *, #1432, .T. ) ;
#2331 = ORIENTED_EDGE ( 'NONE', *, *, #2234, .F. ) ;
#2332 = CARTESIAN_POINT ( 'NONE',  ( 0.2550000000000000044, 0.04249999999999999611, -0.7205869159667883661 ) ) ;
#2333 = FILL_AREA_STYLE_COLOUR ( '', #448 ) ;
#2334 = SURFACE_SIDE_STYLE ('',( #1427 ) ) ;
#2335 = VECTOR ( 'NONE', #821, 1000.000000000000000 ) ;
#2336 = EDGE_CURVE ( 'NONE', #975, #1911, #2162, .T. ) ;
#2337 = EDGE_CURVE ( 'NONE', #1775, #781, #69, .T. ) ;
#2338 = DIRECTION ( 'NONE',  ( -1.000000000000000000, 0.000000000000000000, 1.495451272393799296E-16 ) ) ;
#2339 =( NAMED_UNIT ( * ) SI_UNIT ( $, .STERADIAN. ) SOLID_ANGLE_UNIT ( ) );
#2340 = UNCERTAINTY_MEASURE_WITH_UNIT (LENGTH_MEASURE( 1.000000000000000082E-05 ), #1777, 'distance_accuracy_value', 'NONE');
#2341 =( LENGTH_UNIT ( ) NAMED_UNIT ( * ) SI_UNIT ( .MILLI., .METRE. ) );
#2342 = MECHANICAL_DESIGN_GEOMETRIC_PRESENTATION_REPRESENTATION (  '', ( #2145 ), #1098 ) ;
#2343 = CARTESIAN_POINT ( 'NONE',  ( -1.450000000000000178, 0.4749999999999999778, -0.5999999999999999778 ) ) ;
#2344 = DIRECTION ( 'NONE',  ( -1.000000000000000000, -0.000000000000000000, -0.000000000000000000 ) ) ;
ENDSEC;
END-ISO-10303-21;
