ISO-10303-21;
HEADER;
FILE_DESCRIPTION (( 'STEP AP214' ),
    '1' );
FILE_NAME ('CT3151-2.STEP',
    '2025-04-21T10:06:15',
    ( '' ),
    ( '' ),
    'SwSTEP 2.0',
    'SolidWorks 2020',
    '' );
FILE_SCHEMA (( 'AUTOMOTIVE_DESIGN' ));
ENDSEC;

DATA;
#1 = VERTEX_POINT ( 'NONE', #906 ) ;
#2 = CARTESIAN_POINT ( 'NONE',  ( 8.000000000000000000, -15.65000000000000036, 2.100000000000000089 ) ) ;
#3 = LINE ( 'NONE', #1116, #86 ) ;
#4 = CARTESIAN_POINT ( 'NONE',  ( -10.65000000000000036, 0.000000000000000000, 5.750000000000000000 ) ) ;
#5 = DIRECTION ( 'NONE',  ( -0.000000000000000000, -0.000000000000000000, 1.000000000000000000 ) ) ;
#6 = FACE_OUTER_BOUND ( 'NONE', #474, .T. ) ;
#7 = DIRECTION ( 'NONE',  ( -0.000000000000000000, -0.000000000000000000, 1.000000000000000000 ) ) ;
#8 = UNCERTAINTY_MEASURE_WITH_UNIT (LENGTH_MEASURE( 1.000000000000000082E-05 ), #611, 'distance_accuracy_value', 'NONE');
#9 = VERTEX_POINT ( 'NONE', #95 ) ;
#10 = PRESENTATION_STYLE_ASSIGNMENT (( #1323 ) ) ;
#11 = VERTEX_POINT ( 'NONE', #1873 ) ;
#12 = DIRECTION ( 'NONE',  ( -1.000000000000000000, 0.000000000000000000, 0.000000000000000000 ) ) ;
#13 = ORIENTED_EDGE ( 'NONE', *, *, #411, .F. ) ;
#14 = VECTOR ( 'NONE', #990, 1000.000000000000000 ) ;
#15 = PRESENTATION_STYLE_ASSIGNMENT (( #1007 ) ) ;
#16 =( GEOMETRIC_REPRESENTATION_CONTEXT ( 3 ) GLOBAL_UNCERTAINTY_ASSIGNED_CONTEXT ( ( #613 ) ) GLOBAL_UNIT_ASSIGNED_CONTEXT ( ( #1335, #38, #844 ) ) REPRESENTATION_CONTEXT ( 'NONE', 'WORKASPACE' ) );
#17 = VECTOR ( 'NONE', #311, 1000.000000000000000 ) ;
#18 = ADVANCED_FACE ( 'NONE', ( #1843 ), #742, .F. ) ;
#19 = ORIENTED_EDGE ( 'NONE', *, *, #1578, .F. ) ;
#20 = CARTESIAN_POINT ( 'NONE',  ( -13.84999999999999964, 0.000000000000000000, 0.000000000000000000 ) ) ;
#21 = PRESENTATION_STYLE_ASSIGNMENT (( #1155 ) ) ;
#22 = DIRECTION ( 'NONE',  ( 0.000000000000000000, 0.000000000000000000, -1.000000000000000000 ) ) ;
#23 = PRESENTATION_LAYER_ASSIGNMENT (  '', '', ( #715 ) ) ;
#24 = VERTEX_POINT ( 'NONE', #386 ) ;
#25 = MECHANICAL_DESIGN_GEOMETRIC_PRESENTATION_REPRESENTATION (  '', ( #1711 ), #1899 ) ;
#26 = ORIENTED_EDGE ( 'NONE', *, *, #1956, .F. ) ;
#27 = EDGE_CURVE ( 'NONE', #1884, #1488, #1057, .T. ) ;
#28 = LINE ( 'NONE', #686, #590 ) ;
#29 =( GEOMETRIC_REPRESENTATION_CONTEXT ( 3 ) GLOBAL_UNCERTAINTY_ASSIGNED_CONTEXT ( ( #1651 ) ) GLOBAL_UNIT_ASSIGNED_CONTEXT ( ( #180, #513, #765 ) ) REPRESENTATION_CONTEXT ( 'NONE', 'WORKASPACE' ) );
#30 = EDGE_LOOP ( 'NONE', ( #1415, #1274, #1881, #1108 ) ) ;
#31 = DIRECTION ( 'NONE',  ( 0.000000000000000000, 0.000000000000000000, 1.000000000000000000 ) ) ;
#32 = LINE ( 'NONE', #1291, #771 ) ;
#33 = DIRECTION ( 'NONE',  ( 0.000000000000000000, 0.000000000000000000, -1.000000000000000000 ) ) ;
#34 = EDGE_CURVE ( 'NONE', #363, #71, #267, .T. ) ;
#35 = CARTESIAN_POINT ( 'NONE',  ( 13.07999999999999297, -15.65000000000000036, -13.84999999999999964 ) ) ;
#36 = UNCERTAINTY_MEASURE_WITH_UNIT (LENGTH_MEASURE( 1.000000000000000082E-05 ), #1779, 'distance_accuracy_value', 'NONE');
#37 = ORIENTED_EDGE ( 'NONE', *, *, #907, .T. ) ;
#38 =( NAMED_UNIT ( * ) PLANE_ANGLE_UNIT ( ) SI_UNIT ( $, .RADIAN. ) );
#39 = SURFACE_STYLE_FILL_AREA ( #1028 ) ;
#40 = ORIENTED_EDGE ( 'NONE', *, *, #1082, .F. ) ;
#41 = LINE ( 'NONE', #1303, #587 ) ;
#42 = ADVANCED_FACE ( 'NONE', ( #926 ), #1379, .F. ) ;
#43 = SURFACE_SIDE_STYLE ('',( #1145 ) ) ;
#44 = CARTESIAN_POINT ( 'NONE',  ( 8.269999999999999574, -15.65000000000000036, -2.099999999999997868 ) ) ;
#45 = DIRECTION ( 'NONE',  ( 0.000000000000000000, 0.000000000000000000, 1.000000000000000000 ) ) ;
#46 = LINE ( 'NONE', #707, #1540 ) ;
#47 = AXIS2_PLACEMENT_3D ( 'NONE', #1626, #819, #839 ) ;
#48 = AXIS2_PLACEMENT_3D ( 'NONE', #610, #1524, #571 ) ;
#49 = DIRECTION ( 'NONE',  ( -0.7071067811865489050, 0.7071067811865462405, 0.000000000000000000 ) ) ;
#50 = FACE_OUTER_BOUND ( 'NONE', #1096, .T. ) ;
#51 = VECTOR ( 'NONE', #1679, 1000.000000000000000 ) ;
#52 = EDGE_CURVE ( 'NONE', #1494, #136, #105, .T. ) ;
#53 = ORIENTED_EDGE ( 'NONE', *, *, #58, .T. ) ;
#54 = MECHANICAL_DESIGN_GEOMETRIC_PRESENTATION_REPRESENTATION (  '', ( #1685 ), #1996 ) ;
#55 = PRESENTATION_STYLE_ASSIGNMENT (( #733 ) ) ;
#56 = PRESENTATION_STYLE_ASSIGNMENT (( #921 ) ) ;
#57 = VECTOR ( 'NONE', #1515, 1000.000000000000000 ) ;
#58 = EDGE_CURVE ( 'NONE', #1614, #1735, #772, .T. ) ;
#59 =( NAMED_UNIT ( * ) PLANE_ANGLE_UNIT ( ) SI_UNIT ( $, .RADIAN. ) );
#60 =( GEOMETRIC_REPRESENTATION_CONTEXT ( 3 ) GLOBAL_UNCERTAINTY_ASSIGNED_CONTEXT ( ( #478 ) ) GLOBAL_UNIT_ASSIGNED_CONTEXT ( ( #1656, #1845, #385 ) ) REPRESENTATION_CONTEXT ( 'NONE', 'WORKASPACE' ) );
#61 = FILL_AREA_STYLE_COLOUR ( '', #672 ) ;
#62 = VECTOR ( 'NONE', #434, 1000.000000000000000 ) ;
#63 = LINE ( 'NONE', #1506, #1383 ) ;
#64 = VECTOR ( 'NONE', #239, 999.9999999999998863 ) ;
#65 = EDGE_CURVE ( 'NONE', #286, #858, #703, .T. ) ;
#66 = CARTESIAN_POINT ( 'NONE',  ( -22.94151035258104798, 0.000000000000000000, 0.000000000000000000 ) ) ;
#67 = LINE ( 'NONE', #1684, #1245 ) ;
#68 = DIRECTION ( 'NONE',  ( -0.000000000000000000, -1.000000000000000000, -2.494011387187102877E-16 ) ) ;
#69 = DIRECTION ( 'NONE',  ( -0.000000000000000000, 0.000000000000000000, 1.000000000000000000 ) ) ;
#70 = FACE_OUTER_BOUND ( 'NONE', #171, .T. ) ;
#71 = VERTEX_POINT ( 'NONE', #606 ) ;
#72 = CARTESIAN_POINT ( 'NONE',  ( 12.57999999999999297, 0.000000000000000000, -2.979999999999998206 ) ) ;
#73 = CARTESIAN_POINT ( 'NONE',  ( 8.769999999999997797, -12.50000000000000000, -47.22000000000000597 ) ) ;
#74 =( NAMED_UNIT ( * ) SI_UNIT ( $, .STERADIAN. ) SOLID_ANGLE_UNIT ( ) );
#75 = CARTESIAN_POINT ( 'NONE',  ( 7.500000000000000000, 6.258828166205380366E-16, -5.110721042641049650 ) ) ;
#76 = LINE ( 'NONE', #736, #1178 ) ;
#77 = VECTOR ( 'NONE', #412, 999.9999999999998863 ) ;
#78 = FILL_AREA_STYLE_COLOUR ( '', #1099 ) ;
#79 = VERTEX_POINT ( 'NONE', #80 ) ;
#80 = CARTESIAN_POINT ( 'NONE',  ( 11.57499999999999574, -12.50000000000000000, 2.980000000000004423 ) ) ;
#81 = ADVANCED_FACE ( 'NONE', ( #2002 ), #754, .T. ) ;
#82 = ORIENTED_EDGE ( 'NONE', *, *, #1666, .F. ) ;
#83 = VECTOR ( 'NONE', #1707, 1000.000000000000000 ) ;
#84 = LINE ( 'NONE', #1820, #1864 ) ;
#85 = CARTESIAN_POINT ( 'NONE',  ( 13.84999999999999964, -15.15000000000000213, 2.980000000000000426 ) ) ;
#86 = VECTOR ( 'NONE', #1591, 999.9999999999998863 ) ;
#87 = LINE ( 'NONE', #1988, #1510 ) ;
#88 = STYLED_ITEM ( 'NONE', ( #1140 ), #238 ) ;
#89 = LINE ( 'NONE', #75, #1796 ) ;
#90 = EDGE_CURVE ( 'NONE', #1884, #79, #288, .T. ) ;
#91 = DIRECTION ( 'NONE',  ( 0.000000000000000000, 0.000000000000000000, 1.000000000000000000 ) ) ;
#92 = DIRECTION ( 'NONE',  ( -1.000000000000000000, 0.000000000000000000, 0.000000000000000000 ) ) ;
#93 = PRESENTATION_LAYER_ASSIGNMENT (  '', '', ( #1762 ) ) ;
#94 = EDGE_LOOP ( 'NONE', ( #2000, #333, #673, #608, #824, #577 ) ) ;
#95 = CARTESIAN_POINT ( 'NONE',  ( 7.499999999999998224, 0.000000000000000000, -2.979999999999998206 ) ) ;
#96 = PRESENTATION_STYLE_ASSIGNMENT (( #1364 ) ) ;
#97 = PRESENTATION_LAYER_ASSIGNMENT (  '', '', ( #1016 ) ) ;
#98 = VERTEX_POINT ( 'NONE', #1905 ) ;
#99 = EDGE_LOOP ( 'NONE', ( #1294, #1117, #1574, #663, #53, #1246, #1641, #1961, #1212, #133, #285, #962, #957, #689, #378, #1340, #1769 ) ) ;
#100 = SURFACE_STYLE_FILL_AREA ( #1196 ) ;
#101 = DIRECTION ( 'NONE',  ( 0.000000000000000000, 0.000000000000000000, 1.000000000000000000 ) ) ;
#102 = LINE ( 'NONE', #232, #873 ) ;
#103 = DIRECTION ( 'NONE',  ( -1.000000000000000000, 0.000000000000000000, 0.000000000000000000 ) ) ;
#104 = ORIENTED_EDGE ( 'NONE', *, *, #1941, .F. ) ;
#105 = LINE ( 'NONE', #210, #1994 ) ;
#106 = LINE ( 'NONE', #450, #1042 ) ;
#107 = EDGE_CURVE ( 'NONE', #858, #211, #3, .T. ) ;
#108 = CARTESIAN_POINT ( 'NONE',  ( 7.999999999999998224, -15.65000000000000036, -2.099999999999997868 ) ) ;
#109 = UNCERTAINTY_MEASURE_WITH_UNIT (LENGTH_MEASURE( 1.000000000000000082E-05 ), #919, 'distance_accuracy_value', 'NONE');
#110 = EDGE_LOOP ( 'NONE', ( #1744, #1354 ) ) ;
#111 = CARTESIAN_POINT ( 'NONE',  ( -22.94151035258104798, 0.000000000000000000, 0.000000000000000000 ) ) ;
#112 = VERTEX_POINT ( 'NONE', #1743 ) ;
#113 = VECTOR ( 'NONE', #403, 1000.000000000000000 ) ;
#114 = ORIENTED_EDGE ( 'NONE', *, *, #217, .F. ) ;
#115 = DIRECTION ( 'NONE',  ( -0.000000000000000000, -0.000000000000000000, 1.000000000000000000 ) ) ;
#116 = EDGE_CURVE ( 'NONE', #658, #71, #1562, .T. ) ;
#117 = COLOUR_RGB ( '',1.000000000000000000, 0.000000000000000000, 0.000000000000000000 ) ;
#118 =( NAMED_UNIT ( * ) SI_UNIT ( $, .STERADIAN. ) SOLID_ANGLE_UNIT ( ) );
#119 = UNCERTAINTY_MEASURE_WITH_UNIT (LENGTH_MEASURE( 1.000000000000000082E-05 ), #1026, 'distance_accuracy_value', 'NONE');
#120 = CIRCLE ( 'NONE', #1409, 5.110721042641049650 ) ;
#121 = DIRECTION ( 'NONE',  ( -1.000000000000000000, 0.000000000000000000, 0.000000000000000000 ) ) ;
#122 = EDGE_CURVE ( 'NONE', #1860, #1, #1424, .T. ) ;
#123 = FACE_BOUND ( 'NONE', #652, .T. ) ;
#124 = VERTEX_POINT ( 'NONE', #158 ) ;
#125 = EDGE_LOOP ( 'NONE', ( #1531, #334, #621, #422 ) ) ;
#126 = AXIS2_PLACEMENT_3D ( 'NONE', #1780, #344, #1802 ) ;
#127 = CARTESIAN_POINT ( 'NONE',  ( -22.94151035258104798, 0.000000000000000000, 5.750000000000000000 ) ) ;
#128 = VECTOR ( 'NONE', #155, 1000.000000000000000 ) ;
#129 = ORIENTED_EDGE ( 'NONE', *, *, #994, .F. ) ;
#130 = AXIS2_PLACEMENT_3D ( 'NONE', #1412, #1120, #2045 ) ;
#131 = UNCERTAINTY_MEASURE_WITH_UNIT (LENGTH_MEASURE( 1.000000000000000082E-05 ), #875, 'distance_accuracy_value', 'NONE');
#132 = PLANE ( 'NONE',  #490 ) ;
#133 = ORIENTED_EDGE ( 'NONE', *, *, #1902, .T. ) ;
#134 = ORIENTED_EDGE ( 'NONE', *, *, #1880, .T. ) ;
#135 = LINE ( 'NONE', #1127, #1269 ) ;
#136 = VERTEX_POINT ( 'NONE', #2043 ) ;
#137 = DIRECTION ( 'NONE',  ( 1.000000000000000000, 0.000000000000000000, 0.000000000000000000 ) ) ;
#138 = UNCERTAINTY_MEASURE_WITH_UNIT (LENGTH_MEASURE( 1.000000000000000082E-05 ), #1555, 'distance_accuracy_value', 'NONE');
#139 = DIRECTION ( 'NONE',  ( -1.000000000000000000, 0.000000000000000000, 0.000000000000000000 ) ) ;
#140 = EDGE_LOOP ( 'NONE', ( #781, #1003 ) ) ;
#141 =( NAMED_UNIT ( * ) SI_UNIT ( $, .STERADIAN. ) SOLID_ANGLE_UNIT ( ) );
#142 = ORIENTED_EDGE ( 'NONE', *, *, #122, .F. ) ;
#143 = VERTEX_POINT ( 'NONE', #800 ) ;
#144 = PLANE ( 'NONE',  #776 ) ;
#145 = EDGE_CURVE ( 'NONE', #600, #363, #135, .T. ) ;
#146 =( NAMED_UNIT ( * ) PLANE_ANGLE_UNIT ( ) SI_UNIT ( $, .RADIAN. ) );
#147 = CARTESIAN_POINT ( 'NONE',  ( 7.500000000000000000, 0.000000000000000000, 0.000000000000000000 ) ) ;
#148 = VECTOR ( 'NONE', #1778, 1000.000000000000000 ) ;
#149 = FILL_AREA_STYLE_COLOUR ( '', #1508 ) ;
#150 = MECHANICAL_DESIGN_GEOMETRIC_PRESENTATION_REPRESENTATION (  '', ( #1066 ), #1341 ) ;
#151 = CIRCLE ( 'NONE', #903, 4.649999999999999467 ) ;
#152 = LINE ( 'NONE', #479, #1372 ) ;
#153 = LINE ( 'NONE', #1450, #83 ) ;
#154 = ORIENTED_EDGE ( 'NONE', *, *, #940, .F. ) ;
#155 = DIRECTION ( 'NONE',  ( -0.7071067811865512365, -0.7071067811865439090, -1.371636283295024096E-16 ) ) ;
#156 = PRESENTATION_LAYER_ASSIGNMENT (  '', '', ( #1133 ) ) ;
#157 = EDGE_CURVE ( 'NONE', #1488, #1076, #464, .T. ) ;
#158 = CARTESIAN_POINT ( 'NONE',  ( 7.499999999999998224, -15.15000000000000036, -2.980000000000001315 ) ) ;
#159 = CARTESIAN_POINT ( 'NONE',  ( 9.774999999999996803, -12.50000000000000000, 2.980000000000001315 ) ) ;
#160 = SURFACE_STYLE_FILL_AREA ( #2068 ) ;
#161 = AXIS2_PLACEMENT_3D ( 'NONE', #544, #1993, #1838 ) ;
#162 =( GEOMETRIC_REPRESENTATION_CONTEXT ( 3 ) GLOBAL_UNCERTAINTY_ASSIGNED_CONTEXT ( ( #1944 ) ) GLOBAL_UNIT_ASSIGNED_CONTEXT ( ( #899, #894, #74 ) ) REPRESENTATION_CONTEXT ( 'NONE', 'WORKASPACE' ) );
#163 = CARTESIAN_POINT ( 'NONE',  ( -0.8500000000000000888, 0.000000000000000000, 6.700000000000000178 ) ) ;
#164 = ORIENTED_EDGE ( 'NONE', *, *, #460, .T. ) ;
#165 = CARTESIAN_POINT ( 'NONE',  ( 11.57499999999999751, -7.000000000000000000, -47.22000000000000597 ) ) ;
#166 = CARTESIAN_POINT ( 'NONE',  ( 65.02764894532670326, -15.65000000000000036, 2.100000000000000089 ) ) ;
#167 = CARTESIAN_POINT ( 'NONE',  ( 7.500000000000000000, -15.15000000000000036, 0.000000000000000000 ) ) ;
#168 = LINE ( 'NONE', #1454, #1835 ) ;
#169 = SURFACE_STYLE_FILL_AREA ( #833 ) ;
#170 = ORIENTED_EDGE ( 'NONE', *, *, #1182, .F. ) ;
#171 = EDGE_LOOP ( 'NONE', ( #882, #2050, #134, #1092 ) ) ;
#172 = CARTESIAN_POINT ( 'NONE',  ( 65.02764894532670326, -12.50000000000000000, 2.099999999999998312 ) ) ;
#173 = ORIENTED_EDGE ( 'NONE', *, *, #1399, .F. ) ;
#174 = PRESENTATION_STYLE_ASSIGNMENT (( #690 ) ) ;
#175 = SURFACE_SIDE_STYLE ('',( #498 ) ) ;
#176 = PLANE ( 'NONE',  #1277 ) ;
#177 = VERTEX_POINT ( 'NONE', #2078 ) ;
#178 = CARTESIAN_POINT ( 'NONE',  ( -12.06012525522267609, 0.000000000000000000, 0.000000000000000000 ) ) ;
#179 = EDGE_CURVE ( 'NONE', #1599, #1757, #1882, .T. ) ;
#180 =( LENGTH_UNIT ( ) NAMED_UNIT ( * ) SI_UNIT ( .MILLI., .METRE. ) );
#181 = FILL_AREA_STYLE_COLOUR ( '', #1350 ) ;
#182 = PLANE ( 'NONE',  #640 ) ;
#183 = VERTEX_POINT ( 'NONE', #1289 ) ;
#184 = ORIENTED_EDGE ( 'NONE', *, *, #1169, .F. ) ;
#185 = CARTESIAN_POINT ( 'NONE',  ( 11.57499999999999751, -7.000000000000000000, 2.980000000000004423 ) ) ;
#186 = ORIENTED_EDGE ( 'NONE', *, *, #1462, .F. ) ;
#187 =( GEOMETRIC_REPRESENTATION_CONTEXT ( 3 ) GLOBAL_UNCERTAINTY_ASSIGNED_CONTEXT ( ( #119 ) ) GLOBAL_UNIT_ASSIGNED_CONTEXT ( ( #1026, #359, #872 ) ) REPRESENTATION_CONTEXT ( 'NONE', 'WORKASPACE' ) );
#188 = LINE ( 'NONE', #978, #1442 ) ;
#189 = ORIENTED_EDGE ( 'NONE', *, *, #1619, .F. ) ;
#190 = EDGE_CURVE ( 'NONE', #934, #761, #1756, .T. ) ;
#191 = CARTESIAN_POINT ( 'NONE',  ( 9.774999999999996803, -12.50000000000000000, -47.22000000000000597 ) ) ;
#192 = AXIS2_PLACEMENT_3D ( 'NONE', #1326, #1159, #31 ) ;
#193 = FILL_AREA_STYLE ('',( #352 ) ) ;
#194 =( NAMED_UNIT ( * ) SI_UNIT ( $, .STERADIAN. ) SOLID_ANGLE_UNIT ( ) );
#195 = VERTEX_POINT ( 'NONE', #955 ) ;
#196 = DIRECTION ( 'NONE',  ( -1.000000000000000000, 0.000000000000000000, 0.000000000000000000 ) ) ;
#197 = FACE_OUTER_BOUND ( 'NONE', #1321, .T. ) ;
#198 = STYLED_ITEM ( 'NONE', ( #55 ), #1516 ) ;
#199 = ORIENTED_EDGE ( 'NONE', *, *, #433, .T. ) ;
#200 = DIRECTION ( 'NONE',  ( -1.000000000000000000, -0.000000000000000000, -0.000000000000000000 ) ) ;
#201 = AXIS2_PLACEMENT_3D ( 'NONE', #1061, #1401, #1739 ) ;
#202 = CYLINDRICAL_SURFACE ( 'NONE', #1131, 2.029999999999999805 ) ;
#203 = SURFACE_STYLE_USAGE ( .BOTH. , #175 ) ;
#204 = EDGE_CURVE ( 'NONE', #783, #1874, #1581, .T. ) ;
#205 = DIRECTION ( 'NONE',  ( 0.000000000000000000, 0.000000000000000000, 1.000000000000000000 ) ) ;
#206 = ORIENTED_EDGE ( 'NONE', *, *, #671, .F. ) ;
#207 = CARTESIAN_POINT ( 'NONE',  ( -22.94151035258104798, 0.000000000000000000, 0.000000000000000000 ) ) ;
#208 = ADVANCED_FACE ( 'NONE', ( #667 ), #300, .F. ) ;
#209 =( LENGTH_UNIT ( ) NAMED_UNIT ( * ) SI_UNIT ( .MILLI., .METRE. ) );
#210 = CARTESIAN_POINT ( 'NONE',  ( 9.774999999999996803, -7.000000000000000000, -47.22000000000000597 ) ) ;
#211 = VERTEX_POINT ( 'NONE', #991 ) ;
#212 = APPLICATION_PROTOCOL_DEFINITION ( 'draft international standard', 'automotive_design', 1998, #1214 ) ;
#213 = ORIENTED_EDGE ( 'NONE', *, *, #233, .T. ) ;
#214 = DIRECTION ( 'NONE',  ( 0.7071067811865512365, 0.7071067811865439090, 1.763532364236459657E-16 ) ) ;
#215 = EDGE_CURVE ( 'NONE', #1301, #836, #509, .T. ) ;
#216 = DIRECTION ( 'NONE',  ( 0.000000000000000000, 1.000000000000000000, -1.301042606982603842E-16 ) ) ;
#217 = EDGE_CURVE ( 'NONE', #904, #1125, #691, .T. ) ;
#218 = FACE_OUTER_BOUND ( 'NONE', #94, .T. ) ;
#219 = DIRECTION ( 'NONE',  ( -0.000000000000000000, 1.000000000000000000, 0.000000000000000000 ) ) ;
#220 = DIRECTION ( 'NONE',  ( 0.000000000000000000, 0.000000000000000000, 1.000000000000000000 ) ) ;
#221 = STYLED_ITEM ( 'NONE', ( #1259 ), #1554 ) ;
#222 = EDGE_CURVE ( 'NONE', #1256, #1844, #1631, .T. ) ;
#223 = DIRECTION ( 'NONE',  ( -1.000000000000000000, 0.000000000000000000, 0.000000000000000000 ) ) ;
#224 = MECHANICAL_DESIGN_GEOMETRIC_PRESENTATION_REPRESENTATION (  '', ( #1133 ), #428 ) ;
#225 = FILL_AREA_STYLE_COLOUR ( '', #326 ) ;
#226 = CARTESIAN_POINT ( 'NONE',  ( 65.02764894532670326, 0.000000000000000000, -2.100000000000000089 ) ) ;
#227 = CARTESIAN_POINT ( 'NONE',  ( -13.84999999999999964, 0.000000000000000000, 0.000000000000000000 ) ) ;
#228 =( GEOMETRIC_REPRESENTATION_CONTEXT ( 3 ) GLOBAL_UNCERTAINTY_ASSIGNED_CONTEXT ( ( #1358 ) ) GLOBAL_UNIT_ASSIGNED_CONTEXT ( ( #557, #654, #982 ) ) REPRESENTATION_CONTEXT ( 'NONE', 'WORKASPACE' ) );
#229 = PRESENTATION_LAYER_ASSIGNMENT (  '', '', ( #1569 ) ) ;
#230 = MECHANICAL_DESIGN_GEOMETRIC_PRESENTATION_REPRESENTATION (  '', ( #2037 ), #815 ) ;
#231 = CARTESIAN_POINT ( 'NONE',  ( 7.500000000000000000, -4.151995854489021198, -2.979999999999999094 ) ) ;
#232 = CARTESIAN_POINT ( 'NONE',  ( 65.02764894532670326, 2.571758278209439985E-16, 2.100000000000000089 ) ) ;
#233 = EDGE_CURVE ( 'NONE', #124, #1416, #1008, .T. ) ;
#234 = FACE_OUTER_BOUND ( 'NONE', #1167, .T. ) ;
#235 = SURFACE_SIDE_STYLE ('',( #724 ) ) ;
#236 = EDGE_LOOP ( 'NONE', ( #1537, #1267, #665, #1946 ) ) ;
#237 =( NAMED_UNIT ( * ) PLANE_ANGLE_UNIT ( ) SI_UNIT ( $, .RADIAN. ) );
#238 = ADVANCED_FACE ( 'NONE', ( #1314 ), #1775, .F. ) ;
#239 = DIRECTION ( 'NONE',  ( -0.7071067811865462405, -0.7071067811865489050, -1.371636283295033710E-16 ) ) ;
#240 = SURFACE_STYLE_USAGE ( .BOTH. , #2017 ) ;
#241 =( NAMED_UNIT ( * ) PLANE_ANGLE_UNIT ( ) SI_UNIT ( $, .RADIAN. ) );
#242 = EDGE_LOOP ( 'NONE', ( #1560, #949, #1883, #1407 ) ) ;
#243 = EDGE_CURVE ( 'NONE', #1844, #1123, #120, .T. ) ;
#244 = AXIS2_PLACEMENT_3D ( 'NONE', #915, #1221, #389 ) ;
#245 = DIRECTION ( 'NONE',  ( 0.7071067811865462405, 0.7071067811865489050, -9.199760500100250992E-17 ) ) ;
#246 = PRESENTATION_LAYER_ASSIGNMENT (  '', '', ( #1558 ) ) ;
#247 = ORIENTED_EDGE ( 'NONE', *, *, #107, .T. ) ;
#248 = ORIENTED_EDGE ( 'NONE', *, *, #266, .F. ) ;
#249 = PRESENTATION_LAYER_ASSIGNMENT (  '', '', ( #1829 ) ) ;
#250 = DIRECTION ( 'NONE',  ( 0.000000000000000000, 0.000000000000000000, 1.000000000000000000 ) ) ;
#251 = VECTOR ( 'NONE', #1689, 1000.000000000000000 ) ;
#252 = CARTESIAN_POINT ( 'NONE',  ( 5.929937372388697447, -17.99006262761130870, -2.980000000000001759 ) ) ;
#253 = PRODUCT_CONTEXT ( 'NONE', #1214, 'mechanical' ) ;
#254 = VECTOR ( 'NONE', #1617, 1000.000000000000000 ) ;
#255 = PLANE ( 'NONE',  #1853 ) ;
#256 = CARTESIAN_POINT ( 'NONE',  ( -2.534312424266209174, 0.000000000000000000, 0.000000000000000000 ) ) ;
#257 = EDGE_LOOP ( 'NONE', ( #1113, #828, #409, #1615 ) ) ;
#258 = VECTOR ( 'NONE', #827, 1000.000000000000000 ) ;
#259 = CARTESIAN_POINT ( 'NONE',  ( 47.01382447266361453, 18.01382447266327347, 2.100000000000001865 ) ) ;
#260 = MECHANICAL_DESIGN_GEOMETRIC_PRESENTATION_REPRESENTATION (  '', ( #1569 ), #567 ) ;
#261 = ORIENTED_EDGE ( 'NONE', *, *, #215, .T. ) ;
#262 = CARTESIAN_POINT ( 'NONE',  ( 7.500000000000000000, 2.100000000000000089, 0.000000000000000000 ) ) ;
#263 = FILL_AREA_STYLE ('',( #1697 ) ) ;
#264 = LINE ( 'NONE', #1230, #1866 ) ;
#265 = ORIENTED_EDGE ( 'NONE', *, *, #190, .F. ) ;
#266 = EDGE_CURVE ( 'NONE', #770, #337, #1306, .T. ) ;
#267 = LINE ( 'NONE', #259, #559 ) ;
#268 =( NAMED_UNIT ( * ) PLANE_ANGLE_UNIT ( ) SI_UNIT ( $, .RADIAN. ) );
#269 = ADVANCED_FACE ( 'NONE', ( #197 ), #182, .F. ) ;
#270 = DIRECTION ( 'NONE',  ( 0.000000000000000000, 1.000000000000000000, 0.000000000000000000 ) ) ;
#271 = FILL_AREA_STYLE_COLOUR ( '', #2004 ) ;
#272 = UNCERTAINTY_MEASURE_WITH_UNIT (LENGTH_MEASURE( 1.000000000000000082E-05 ), #1285, 'distance_accuracy_value', 'NONE');
#273 = CARTESIAN_POINT ( 'NONE',  ( 8.769999999999999574, -15.15000000000000036, -2.099999999999997868 ) ) ;
#274 = VERTEX_POINT ( 'NONE', #1332 ) ;
#275 = DIRECTION ( 'NONE',  ( -1.000000000000000000, 0.000000000000000000, 0.000000000000000000 ) ) ;
#276 = EDGE_CURVE ( 'NONE', #1757, #1215, #908, .T. ) ;
#277 = ORIENTED_EDGE ( 'NONE', *, *, #1060, .T. ) ;
#278 = VECTOR ( 'NONE', #1483, 1000.000000000000000 ) ;
#279 = AXIS2_PLACEMENT_3D ( 'NONE', #1068, #1049, #560 ) ;
#280 = PRESENTATION_STYLE_ASSIGNMENT (( #959 ) ) ;
#281 = VECTOR ( 'NONE', #393, 1000.000000000000000 ) ;
#282 = PRODUCT_DEFINITION ( 'UNKNOWN', '', #1962, #954 ) ;
#283 = VECTOR ( 'NONE', #1397, 1000.000000000000000 ) ;
#284 = LINE ( 'NONE', #660, #1925 ) ;
#285 = ORIENTED_EDGE ( 'NONE', *, *, #1209, .T. ) ;
#286 = VERTEX_POINT ( 'NONE', #1320 ) ;
#287 = COLOUR_RGB ( '',1.000000000000000000, 0.000000000000000000, 0.000000000000000000 ) ;
#288 = LINE ( 'NONE', #1280, #592 ) ;
#289 = CIRCLE ( 'NONE', #1104, 2.029999999999999805 ) ;
#290 = ORIENTED_EDGE ( 'NONE', *, *, #90, .T. ) ;
#291 = ORIENTED_EDGE ( 'NONE', *, *, #1606, .T. ) ;
#292 = DIRECTION ( 'NONE',  ( 1.000000000000000000, 0.000000000000000000, 0.000000000000000000 ) ) ;
#293 =( GEOMETRIC_REPRESENTATION_CONTEXT ( 3 ) GLOBAL_UNCERTAINTY_ASSIGNED_CONTEXT ( ( #1782 ) ) GLOBAL_UNIT_ASSIGNED_CONTEXT ( ( #1514, #564, #1511 ) ) REPRESENTATION_CONTEXT ( 'NONE', 'WORKASPACE' ) );
#294 = CARTESIAN_POINT ( 'NONE',  ( 12.57999999999999474, -15.15000000000000213, 2.099999999999997868 ) ) ;
#295 = FILL_AREA_STYLE_COLOUR ( '', #1900 ) ;
#296 = ORIENTED_EDGE ( 'NONE', *, *, #793, .F. ) ;
#297 = CARTESIAN_POINT ( 'NONE',  ( 12.57999999999999297, -15.15000000000000213, -47.22000000000000597 ) ) ;
#298 = ORIENTED_EDGE ( 'NONE', *, *, #1427, .T. ) ;
#299 = EDGE_CURVE ( 'NONE', #98, #1690, #477, .T. ) ;
#300 = PLANE ( 'NONE',  #1038 ) ;
#301 = ORIENTED_EDGE ( 'NONE', *, *, #832, .F. ) ;
#302 = ORIENTED_EDGE ( 'NONE', *, *, #1950, .F. ) ;
#303 = DIRECTION ( 'NONE',  ( 0.000000000000000000, 0.000000000000000000, 1.000000000000000000 ) ) ;
#304 = DIRECTION ( 'NONE',  ( -1.000000000000000000, 0.000000000000000000, 0.000000000000000000 ) ) ;
#305 = CARTESIAN_POINT ( 'NONE',  ( 7.500000000000000000, -15.15000000000000036, 2.099999999999997868 ) ) ;
#306 = EDGE_CURVE ( 'NONE', #351, #183, #1480, .T. ) ;
#307 = UNCERTAINTY_MEASURE_WITH_UNIT (LENGTH_MEASURE( 1.000000000000000082E-05 ), #1815, 'distance_accuracy_value', 'NONE');
#308 = ORIENTED_EDGE ( 'NONE', *, *, #243, .T. ) ;
#309 = DIRECTION ( 'NONE',  ( 0.000000000000000000, 0.000000000000000000, 1.000000000000000000 ) ) ;
#310 = ORIENTED_EDGE ( 'NONE', *, *, #480, .F. ) ;
#311 = DIRECTION ( 'NONE',  ( 1.000000000000000000, 0.000000000000000000, 0.000000000000000000 ) ) ;
#312 = ORIENTED_EDGE ( 'NONE', *, *, #306, .T. ) ;
#313 = LINE ( 'NONE', #968, #556 ) ;
#314 = LINE ( 'NONE', #1712, #1507 ) ;
#315 =( NAMED_UNIT ( * ) SI_UNIT ( $, .STERADIAN. ) SOLID_ANGLE_UNIT ( ) );
#316 =( GEOMETRIC_REPRESENTATION_CONTEXT ( 3 ) GLOBAL_UNCERTAINTY_ASSIGNED_CONTEXT ( ( #810 ) ) GLOBAL_UNIT_ASSIGNED_CONTEXT ( ( #804, #268, #1426 ) ) REPRESENTATION_CONTEXT ( 'NONE', 'WORKASPACE' ) );
#317 = AXIS2_PLACEMENT_3D ( 'NONE', #1776, #341, #1327 ) ;
#318 = ORIENTED_EDGE ( 'NONE', *, *, #1356, .F. ) ;
#319 = AXIS2_PLACEMENT_3D ( 'NONE', #961, #121, #1766 ) ;
#320 = LINE ( 'NONE', #641, #457 ) ;
#321 = COLOUR_RGB ( '',1.000000000000000000, 0.000000000000000000, 0.000000000000000000 ) ;
#322 = VERTEX_POINT ( 'NONE', #515 ) ;
#323 = CARTESIAN_POINT ( 'NONE',  ( 9.774999999999996803, -12.50000000000000000, 2.980000000000004423 ) ) ;
#324 = SURFACE_SIDE_STYLE ('',( #619 ) ) ;
#325 = EDGE_CURVE ( 'NONE', #1860, #658, #331, .T. ) ;
#326 = COLOUR_RGB ( '',1.000000000000000000, 0.000000000000000000, 0.000000000000000000 ) ;
#327 = DIRECTION ( 'NONE',  ( -1.000000000000000000, 0.000000000000000000, 0.000000000000000000 ) ) ;
#328 = AXIS2_PLACEMENT_3D ( 'NONE', #1609, #1270, #634 ) ;
#329 = ADVANCED_FACE ( 'NONE', ( #1955 ), #657, .T. ) ;
#330 = MECHANICAL_DESIGN_GEOMETRIC_PRESENTATION_REPRESENTATION (  '', ( #2036 ), #228 ) ;
#331 = LINE ( 'NONE', #35, #1171 ) ;
#332 = CIRCLE ( 'NONE', #1180, 3.250000000000000000 ) ;
#333 = ORIENTED_EDGE ( 'NONE', *, *, #1654, .F. ) ;
#334 = ORIENTED_EDGE ( 'NONE', *, *, #233, .F. ) ;
#335 = DIRECTION ( 'NONE',  ( 0.000000000000000000, -0.000000000000000000, 1.000000000000000000 ) ) ;
#336 = DIRECTION ( 'NONE',  ( 1.000000000000000000, 0.000000000000000000, 0.000000000000000000 ) ) ;
#337 = VERTEX_POINT ( 'NONE', #1991 ) ;
#338 = LINE ( 'NONE', #989, #128 ) ;
#339 = DIRECTION ( 'NONE',  ( 0.000000000000000000, 0.000000000000000000, 1.000000000000000000 ) ) ;
#340 = FILL_AREA_STYLE ('',( #1625 ) ) ;
#341 = DIRECTION ( 'NONE',  ( -1.000000000000000000, 0.000000000000000000, 0.000000000000000000 ) ) ;
#342 = EDGE_CURVE ( 'NONE', #143, #1614, #437, .T. ) ;
#343 = LINE ( 'NONE', #167, #1467 ) ;
#344 = DIRECTION ( 'NONE',  ( 1.000000000000000000, 0.000000000000000000, 0.000000000000000000 ) ) ;
#345 = DIRECTION ( 'NONE',  ( 0.000000000000000000, 0.000000000000000000, 1.000000000000000000 ) ) ;
#346 = EDGE_LOOP ( 'NONE', ( #104, #826, #2044, #1716 ) ) ;
#347 = ORIENTED_EDGE ( 'NONE', *, *, #387, .F. ) ;
#348 = DIRECTION ( 'NONE',  ( 3.154042683594194627E-16, 1.000000000000000000, 0.000000000000000000 ) ) ;
#349 = CARTESIAN_POINT ( 'NONE',  ( 13.43969696196700170, 0.000000000000000000, 0.000000000000000000 ) ) ;
#350 =( NAMED_UNIT ( * ) PLANE_ANGLE_UNIT ( ) SI_UNIT ( $, .RADIAN. ) );
#351 = VERTEX_POINT ( 'NONE', #750 ) ;
#352 = FILL_AREA_STYLE_COLOUR ( '', #1064 ) ;
#353 = CARTESIAN_POINT ( 'NONE',  ( 8.769999999999997797, -15.15000000000000036, -47.22000000000000597 ) ) ;
#354 = EDGE_LOOP ( 'NONE', ( #795, #1105, #706, #1580 ) ) ;
#355 =( LENGTH_UNIT ( ) NAMED_UNIT ( * ) SI_UNIT ( .MILLI., .METRE. ) );
#356 = DIRECTION ( 'NONE',  ( -0.000000000000000000, -0.000000000000000000, 1.000000000000000000 ) ) ;
#357 = ORIENTED_EDGE ( 'NONE', *, *, #1399, .T. ) ;
#358 = AXIS2_PLACEMENT_3D ( 'NONE', #712, #49, #1647 ) ;
#359 =( NAMED_UNIT ( * ) PLANE_ANGLE_UNIT ( ) SI_UNIT ( $, .RADIAN. ) );
#360 = ORIENTED_EDGE ( 'NONE', *, *, #1250, .F. ) ;
#361 = PRESENTATION_LAYER_ASSIGNMENT (  '', '', ( #1265 ) ) ;
#362 = DIRECTION ( 'NONE',  ( 0.000000000000000000, 1.000000000000000000, 1.301042606982603842E-16 ) ) ;
#363 = VERTEX_POINT ( 'NONE', #1075 ) ;
#364 = STYLED_ITEM ( 'NONE', ( #1465 ), #535 ) ;
#365 = DIRECTION ( 'NONE',  ( -1.000000000000000000, 0.000000000000000000, 0.000000000000000000 ) ) ;
#366 = CARTESIAN_POINT ( 'NONE',  ( 7.499999999999998224, 0.000000000000000000, -2.979999999999998206 ) ) ;
#367 = CARTESIAN_POINT ( 'NONE',  ( 11.57499999999999751, -7.000000000000000000, -47.22000000000000597 ) ) ;
#368 =( GEOMETRIC_REPRESENTATION_CONTEXT ( 3 ) GLOBAL_UNCERTAINTY_ASSIGNED_CONTEXT ( ( #1080 ) ) GLOBAL_UNIT_ASSIGNED_CONTEXT ( ( #1464, #350, #1781 ) ) REPRESENTATION_CONTEXT ( 'NONE', 'WORKASPACE' ) );
#369 = LINE ( 'NONE', #861, #487 ) ;
#370 = CARTESIAN_POINT ( 'NONE',  ( 13.84999999999999964, -15.15000000000000213, -2.980000000000001315 ) ) ;
#371 = SURFACE_SIDE_STYLE ('',( #2040 ) ) ;
#372 = ORIENTED_EDGE ( 'NONE', *, *, #222, .T. ) ;
#373 = PRESENTATION_STYLE_ASSIGNMENT (( #993 ) ) ;
#374 = PLANE ( 'NONE',  #126 ) ;
#375 = PRESENTATION_STYLE_ASSIGNMENT (( #1803 ) ) ;
#376 = ADVANCED_FACE ( 'NONE', ( #234 ), #420, .F. ) ;
#377 = MECHANICAL_DESIGN_GEOMETRIC_PRESENTATION_REPRESENTATION (  '', ( #1764 ), #883 ) ;
#378 = ORIENTED_EDGE ( 'NONE', *, *, #1823, .T. ) ;
#379 =( GEOMETRIC_REPRESENTATION_CONTEXT ( 3 ) GLOBAL_UNCERTAINTY_ASSIGNED_CONTEXT ( ( #36 ) ) GLOBAL_UNIT_ASSIGNED_CONTEXT ( ( #1779, #146, #1610 ) ) REPRESENTATION_CONTEXT ( 'NONE', 'WORKASPACE' ) );
#380 = FACE_OUTER_BOUND ( 'NONE', #1632, .T. ) ;
#381 = EDGE_CURVE ( 'NONE', #836, #1125, #1388, .T. ) ;
#382 = LINE ( 'NONE', #1859, #1163 ) ;
#383 = CARTESIAN_POINT ( 'NONE',  ( 13.34999999999999432, -15.65000000000000036, -2.100000000000000089 ) ) ;
#384 = ORIENTED_EDGE ( 'NONE', *, *, #1654, .T. ) ;
#385 =( NAMED_UNIT ( * ) SI_UNIT ( $, .STERADIAN. ) SOLID_ANGLE_UNIT ( ) );
#386 = CARTESIAN_POINT ( 'NONE',  ( 7.499999999999998224, 0.000000000000000000, 2.980000000000001315 ) ) ;
#387 = EDGE_CURVE ( 'NONE', #1247, #858, #888, .T. ) ;
#388 = DIRECTION ( 'NONE',  ( 1.000000000000000000, 0.000000000000000000, 0.000000000000000000 ) ) ;
#389 = DIRECTION ( 'NONE',  ( 0.000000000000000000, 0.000000000000000000, 1.000000000000000000 ) ) ;
#390 = DIRECTION ( 'NONE',  ( 1.000000000000000000, -0.000000000000000000, 0.000000000000000000 ) ) ;
#391 = SURFACE_STYLE_USAGE ( .BOTH. , #1216 ) ;
#392 = DIRECTION ( 'NONE',  ( -0.000000000000000000, -0.000000000000000000, 1.000000000000000000 ) ) ;
#393 = DIRECTION ( 'NONE',  ( 1.000000000000000000, -0.000000000000000000, 0.000000000000000000 ) ) ;
#394 = MECHANICAL_DESIGN_GEOMETRIC_PRESENTATION_REPRESENTATION (  '', ( #221 ), #1525 ) ;
#395 = CARTESIAN_POINT ( 'NONE',  ( 9.774999999999996803, -7.000000000000000000, -47.22000000000000597 ) ) ;
#396 = DIRECTION ( 'NONE',  ( 0.000000000000000000, 0.000000000000000000, -1.000000000000000000 ) ) ;
#397 = VERTEX_POINT ( 'NONE', #1368 ) ;
#398 = PRESENTATION_LAYER_ASSIGNMENT (  '', '', ( #88 ) ) ;
#399 = PRESENTATION_STYLE_ASSIGNMENT (( #391 ) ) ;
#400 = EDGE_CURVE ( 'NONE', #449, #274, #1204, .T. ) ;
#401 = AXIS2_PLACEMENT_3D ( 'NONE', #1885, #1438, #1865 ) ;
#402 = CARTESIAN_POINT ( 'NONE',  ( -10.65000000000000036, 0.000000000000000000, 0.000000000000000000 ) ) ;
#403 = DIRECTION ( 'NONE',  ( -1.000000000000000000, 0.000000000000000000, 0.000000000000000000 ) ) ;
#404 = VECTOR ( 'NONE', #1048, 1000.000000000000000 ) ;
#405 = CARTESIAN_POINT ( 'NONE',  ( 8.000000000000000000, -15.65000000000000036, -2.100000000000000089 ) ) ;
#406 = VECTOR ( 'NONE', #745, 999.9999999999998863 ) ;
#407 = FILL_AREA_STYLE_COLOUR ( '', #440 ) ;
#408 = EDGE_CURVE ( 'NONE', #933, #351, #722, .T. ) ;
#409 = ORIENTED_EDGE ( 'NONE', *, *, #58, .F. ) ;
#410 = DIRECTION ( 'NONE',  ( -1.000000000000000000, 0.000000000000000000, 0.000000000000000000 ) ) ;
#411 = EDGE_CURVE ( 'NONE', #1301, #904, #1513, .T. ) ;
#412 = DIRECTION ( 'NONE',  ( -0.7071067811865489050, 0.7071067811865462405, 1.371636283295029026E-16 ) ) ;
#413 = SURFACE_STYLE_USAGE ( .BOTH. , #738 ) ;
#414 = EDGE_LOOP ( 'NONE', ( #813, #1572, #1423, #803 ) ) ;
#415 = ORIENTED_EDGE ( 'NONE', *, *, #1169, .T. ) ;
#416 = CARTESIAN_POINT ( 'NONE',  ( -13.84999999999999964, 7.041719095097280880E-16, -5.750000000000000000 ) ) ;
#417 = LINE ( 'NONE', #565, #77 ) ;
#418 = ADVANCED_FACE ( 'NONE', ( #1544 ), #729, .T. ) ;
#419 = CARTESIAN_POINT ( 'NONE',  ( 11.57499999999999751, -7.000000000000000000, 2.099999999999997868 ) ) ;
#420 = PLANE ( 'NONE',  #942 ) ;
#421 = FACE_OUTER_BOUND ( 'NONE', #1805, .T. ) ;
#422 = ORIENTED_EDGE ( 'NONE', *, *, #1637, .F. ) ;
#423 = DIRECTION ( 'NONE',  ( 3.154042683594194627E-16, 1.000000000000000000, 0.000000000000000000 ) ) ;
#424 = AXIS2_PLACEMENT_3D ( 'NONE', #1963, #1021, #91 ) ;
#425 = SURFACE_SIDE_STYLE ('',( #1225 ) ) ;
#426 = MECHANICAL_DESIGN_GEOMETRIC_PRESENTATION_REPRESENTATION (  '', ( #1304 ), #1374 ) ;
#427 =( GEOMETRIC_REPRESENTATION_CONTEXT ( 3 ) GLOBAL_UNCERTAINTY_ASSIGNED_CONTEXT ( ( #307 ) ) GLOBAL_UNIT_ASSIGNED_CONTEXT ( ( #1815, #1947, #1981 ) ) REPRESENTATION_CONTEXT ( 'NONE', 'WORKASPACE' ) );
#428 =( GEOMETRIC_REPRESENTATION_CONTEXT ( 3 ) GLOBAL_UNCERTAINTY_ASSIGNED_CONTEXT ( ( #272 ) ) GLOBAL_UNIT_ASSIGNED_CONTEXT ( ( #1285, #984, #1598 ) ) REPRESENTATION_CONTEXT ( 'NONE', 'WORKASPACE' ) );
#429 = FILL_AREA_STYLE ('',( #1856 ) ) ;
#430 = DIRECTION ( 'NONE',  ( 1.000000000000000000, 0.000000000000000000, 0.000000000000000000 ) ) ;
#431 = AXIS2_PLACEMENT_3D ( 'NONE', #1940, #1329, #543 ) ;
#432 = LINE ( 'NONE', #1375, #2023 ) ;
#433 = EDGE_CURVE ( 'NONE', #719, #1147, #1986, .T. ) ;
#434 = DIRECTION ( 'NONE',  ( 0.000000000000000000, -1.000000000000000000, -2.494011387187102877E-16 ) ) ;
#435 = UNCERTAINTY_MEASURE_WITH_UNIT (LENGTH_MEASURE( 1.000000000000000082E-05 ), #2019, 'distance_accuracy_value', 'NONE');
#436 = CARTESIAN_POINT ( 'NONE',  ( 12.57999999999999297, -12.50000000000000000, 2.980000000000004423 ) ) ;
#437 = LINE ( 'NONE', #1362, #744 ) ;
#438 = AXIS2_PLACEMENT_3D ( 'NONE', #1479, #1447, #1319 ) ;
#439 = ORIENTED_EDGE ( 'NONE', *, *, #849, .F. ) ;
#440 = COLOUR_RGB ( '',0.7921568627450980005, 0.8196078431372548767, 0.9333333333333333481 ) ;
#441 = VERTEX_POINT ( 'NONE', #1825 ) ;
#442 = EDGE_CURVE ( 'NONE', #909, #363, #1337, .T. ) ;
#443 = DIRECTION ( 'NONE',  ( -1.000000000000000000, -0.000000000000000000, -0.000000000000000000 ) ) ;
#444 = DIRECTION ( 'NONE',  ( 0.000000000000000000, -0.000000000000000000, 1.000000000000000000 ) ) ;
#445 = ADVANCED_FACE ( 'NONE', ( #50 ), #1484, .T. ) ;
#446 = DIRECTION ( 'NONE',  ( 0.000000000000000000, 0.000000000000000000, 1.000000000000000000 ) ) ;
#447 = ORIENTED_EDGE ( 'NONE', *, *, #1054, .T. ) ;
#448 = ORIENTED_EDGE ( 'NONE', *, *, #1168, .F. ) ;
#449 = VERTEX_POINT ( 'NONE', #1786 ) ;
#450 = CARTESIAN_POINT ( 'NONE',  ( -22.94151035258104798, 7.041719095097280880E-16, -5.750000000000000000 ) ) ;
#451 = SURFACE_STYLE_FILL_AREA ( #1903 ) ;
#452 = EDGE_LOOP ( 'NONE', ( #830, #1552, #1751, #1023 ) ) ;
#453 = SURFACE_STYLE_USAGE ( .BOTH. , #324 ) ;
#454 = ORIENTED_EDGE ( 'NONE', *, *, #400, .F. ) ;
#455 = COLOUR_RGB ( '',1.000000000000000000, 0.000000000000000000, 0.000000000000000000 ) ;
#456 = CARTESIAN_POINT ( 'NONE',  ( 12.57999999999999297, -12.50000000000000000, -47.22000000000000597 ) ) ;
#457 = VECTOR ( 'NONE', #945, 1000.000000000000000 ) ;
#458 = MECHANICAL_DESIGN_GEOMETRIC_PRESENTATION_REPRESENTATION (  '', ( #936 ), #1800 ) ;
#459 = CARTESIAN_POINT ( 'NONE',  ( 8.769999999999997797, -12.50000000000000000, 2.099999999999997868 ) ) ;
#460 = EDGE_CURVE ( 'NONE', #1735, #798, #1154, .T. ) ;
#461 = CARTESIAN_POINT ( 'NONE',  ( -9.855062627611303583, 2.205062627611363624, -2.979999999999997762 ) ) ;
#462 = VERTEX_POINT ( 'NONE', #383 ) ;
#463 = CIRCLE ( 'NONE', #563, 6.700000000000000178 ) ;
#464 = LINE ( 'NONE', #1266, #2062 ) ;
#465 = VECTOR ( 'NONE', #1746, 1000.000000000000000 ) ;
#466 = ORIENTED_EDGE ( 'NONE', *, *, #1296, .T. ) ;
#467 = CARTESIAN_POINT ( 'NONE',  ( -12.06012525522267609, -15.65000000000000036, -2.980000000000001315 ) ) ;
#468 = EDGE_CURVE ( 'NONE', #1735, #1258, #1648, .T. ) ;
#469 = EDGE_LOOP ( 'NONE', ( #1872, #630, #1932, #1708 ) ) ;
#470 = SURFACE_SIDE_STYLE ('',( #451 ) ) ;
#471 = ORIENTED_EDGE ( 'NONE', *, *, #1772, .T. ) ;
#472 = DIRECTION ( 'NONE',  ( 0.000000000000000000, 0.000000000000000000, 1.000000000000000000 ) ) ;
#473 = FILL_AREA_STYLE ('',( #644 ) ) ;
#474 = EDGE_LOOP ( 'NONE', ( #1324, #1419, #1553, #1255 ) ) ;
#475 = DIRECTION ( 'NONE',  ( 0.000000000000000000, 0.000000000000000000, 1.000000000000000000 ) ) ;
#476 = FILL_AREA_STYLE ('',( #648 ) ) ;
#477 = LINE ( 'NONE', #1448, #847 ) ;
#478 = UNCERTAINTY_MEASURE_WITH_UNIT (LENGTH_MEASURE( 1.000000000000000082E-05 ), #1656, 'distance_accuracy_value', 'NONE');
#479 = CARTESIAN_POINT ( 'NONE',  ( 8.769999999999997797, 0.000000000000000000, -2.979999999999998206 ) ) ;
#480 = EDGE_CURVE ( 'NONE', #863, #1077, #1352, .T. ) ;
#481 = EDGE_LOOP ( 'NONE', ( #1286, #1841, #1322, #1851 ) ) ;
#482 = ORIENTED_EDGE ( 'NONE', *, *, #817, .F. ) ;
#483 = CARTESIAN_POINT ( 'NONE',  ( 12.57999999999999297, -12.50000000000000000, 2.980000000000004423 ) ) ;
#484 = EDGE_LOOP ( 'NONE', ( #1378, #925, #1849, #384, #499, #794, #372, #308 ) ) ;
#485 = DIRECTION ( 'NONE',  ( 0.000000000000000000, 0.000000000000000000, 1.000000000000000000 ) ) ;
#486 = CARTESIAN_POINT ( 'NONE',  ( 65.02764894532670326, -12.50000000000000000, -2.099999999999998312 ) ) ;
#487 = VECTOR ( 'NONE', #1639, 999.9999999999998863 ) ;
#488 = AXIS2_PLACEMENT_3D ( 'NONE', #1667, #890, #1680 ) ;
#489 = ORIENTED_EDGE ( 'NONE', *, *, #930, .F. ) ;
#490 = AXIS2_PLACEMENT_3D ( 'NONE', #1449, #1102, #335 ) ;
#491 = EDGE_LOOP ( 'NONE', ( #1114, #1018, #1945, #1742 ) ) ;
#492 = DIRECTION ( 'NONE',  ( -3.154042683594194627E-16, -1.000000000000000000, 1.301042606982603842E-16 ) ) ;
#493 = ADVANCED_FACE ( 'NONE', ( #70 ), #1665, .F. ) ;
#494 = ORIENTED_EDGE ( 'NONE', *, *, #1606, .F. ) ;
#495 = CARTESIAN_POINT ( 'NONE',  ( -22.94151035258104798, 0.000000000000000000, 3.250000000000000000 ) ) ;
#496 = ORIENTED_EDGE ( 'NONE', *, *, #1377, .F. ) ;
#497 = CARTESIAN_POINT ( 'NONE',  ( 65.02764894532670326, -15.65000000000000036, -2.100000000000000089 ) ) ;
#498 = SURFACE_STYLE_FILL_AREA ( #340 ) ;
#499 = ORIENTED_EDGE ( 'NONE', *, *, #637, .T. ) ;
#500 = CARTESIAN_POINT ( 'NONE',  ( 7.999999999999998224, -15.65000000000000036, -13.84999999999999964 ) ) ;
#501 = ADVANCED_FACE ( 'NONE', ( #732 ), #1977, .F. ) ;
#502 = VECTOR ( 'NONE', #2006, 1000.000000000000000 ) ;
#503 = UNCERTAINTY_MEASURE_WITH_UNIT (LENGTH_MEASURE( 1.000000000000000082E-05 ), #1713, 'distance_accuracy_value', 'NONE');
#504 = ORIENTED_EDGE ( 'NONE', *, *, #753, .F. ) ;
#505 = ORIENTED_EDGE ( 'NONE', *, *, #1760, .F. ) ;
#506 = CARTESIAN_POINT ( 'NONE',  ( 13.84999999999999964, -15.15000000000000213, -2.099999999999997868 ) ) ;
#507 = EDGE_CURVE ( 'NONE', #1389, #1301, #1627, .T. ) ;
#508 = CARTESIAN_POINT ( 'NONE',  ( -9.049999999999998934, 0.000000000000000000, 0.000000000000000000 ) ) ;
#509 = LINE ( 'NONE', #191, #254 ) ;
#510 = VERTEX_POINT ( 'NONE', #1952 ) ;
#511 = FACE_OUTER_BOUND ( 'NONE', #1490, .T. ) ;
#512 = CARTESIAN_POINT ( 'NONE',  ( 13.84999999999999964, 0.000000000000000000, 2.100000000000000089 ) ) ;
#513 =( NAMED_UNIT ( * ) PLANE_ANGLE_UNIT ( ) SI_UNIT ( $, .RADIAN. ) );
#514 =( NAMED_UNIT ( * ) SI_UNIT ( $, .STERADIAN. ) SOLID_ANGLE_UNIT ( ) );
#515 = CARTESIAN_POINT ( 'NONE',  ( 12.57999999999999297, -12.50000000000000000, -2.099999999999997868 ) ) ;
#516 = MANIFOLD_SOLID_BREP ( 'Boss-Extrude3', #1964 ) ;
#517 = SURFACE_STYLE_FILL_AREA ( #1309 ) ;
#518 = ORIENTED_EDGE ( 'NONE', *, *, #1242, .F. ) ;
#519 = DIRECTION ( 'NONE',  ( -0.000000000000000000, -0.000000000000000000, 1.000000000000000000 ) ) ;
#520 = DIRECTION ( 'NONE',  ( -1.000000000000000000, 0.000000000000000000, 0.000000000000000000 ) ) ;
#521 = LINE ( 'NONE', #743, #1596 ) ;
#522 = EDGE_LOOP ( 'NONE', ( #585, #1638 ) ) ;
#523 = FACE_OUTER_BOUND ( 'NONE', #1471, .T. ) ;
#524 = FILL_AREA_STYLE ('',( #697 ) ) ;
#525 = ORIENTED_EDGE ( 'NONE', *, *, #801, .T. ) ;
#526 = VECTOR ( 'NONE', #702, 1000.000000000000000 ) ;
#527 = EDGE_CURVE ( 'NONE', #1125, #1816, #521, .T. ) ;
#528 = DIRECTION ( 'NONE',  ( -1.000000000000000000, 0.000000000000000000, 0.000000000000000000 ) ) ;
#529 = VECTOR ( 'NONE', #1093, 999.9999999999998863 ) ;
#530 = AXIS2_PLACEMENT_3D ( 'NONE', #256, #1662, #924 ) ;
#531 = COLOUR_RGB ( '',0.7921568627450980005, 0.8196078431372548767, 0.9333333333333333481 ) ;
#532 = DIRECTION ( 'NONE',  ( 0.000000000000000000, 0.000000000000000000, 1.000000000000000000 ) ) ;
#533 = CARTESIAN_POINT ( 'NONE',  ( -22.94151035258104798, 3.980102097228895273E-16, -3.250000000000000000 ) ) ;
#534 = EDGE_LOOP ( 'NONE', ( #471, #790 ) ) ;
#535 = ADVANCED_FACE ( 'NONE', ( #1128, #1582 ), #2079, .F. ) ;
#536 = AXIS2_PLACEMENT_3D ( 'NONE', #1629, #196, #1000 ) ;
#537 = CIRCLE ( 'NONE', #645, 3.250000000000000000 ) ;
#538 = DIRECTION ( 'NONE',  ( 0.000000000000000000, 1.000000000000000000, 1.939786634478857902E-16 ) ) ;
#539 = CARTESIAN_POINT ( 'NONE',  ( -13.84999999999999964, 0.000000000000000000, 2.029999999999999805 ) ) ;
#540 = CARTESIAN_POINT ( 'NONE',  ( 9.774999999999998579, 0.000000000000000000, 2.100000000000000089 ) ) ;
#541 = DIRECTION ( 'NONE',  ( 0.7071067811865462405, 0.7071067811865489050, -0.000000000000000000 ) ) ;
#542 = LINE ( 'NONE', #902, #526 ) ;
#543 = DIRECTION ( 'NONE',  ( 0.000000000000000000, 0.000000000000000000, -1.000000000000000000 ) ) ;
#544 = CARTESIAN_POINT ( 'NONE',  ( 7.499999999999998224, 0.000000000000000000, 0.000000000000000000 ) ) ;
#545 = LINE ( 'NONE', #1675, #113 ) ;
#546 = EDGE_CURVE ( 'NONE', #136, #1690, #153, .T. ) ;
#547 = ADVANCED_FACE ( 'NONE', ( #661 ), #1262, .F. ) ;
#548 = DIRECTION ( 'NONE',  ( -1.000000000000000000, 0.000000000000000000, 0.000000000000000000 ) ) ;
#549 = ADVANCED_FACE ( 'NONE', ( #1103, #123 ), #778, .T. ) ;
#550 = CARTESIAN_POINT ( 'NONE',  ( 13.43969696196700170, 0.000000000000000000, 2.029999999999999805 ) ) ;
#551 = FACE_OUTER_BOUND ( 'NONE', #985, .T. ) ;
#552 = DIRECTION ( 'NONE',  ( 0.000000000000000000, 1.000000000000000000, 0.000000000000000000 ) ) ;
#553 = STYLED_ITEM ( 'NONE', ( #1699 ), #1733 ) ;
#554 = ADVANCED_FACE ( 'NONE', ( #1150 ), #202, .F. ) ;
#555 =( NAMED_UNIT ( * ) PLANE_ANGLE_UNIT ( ) SI_UNIT ( $, .RADIAN. ) );
#556 = VECTOR ( 'NONE', #2080, 999.9999999999998863 ) ;
#557 =( LENGTH_UNIT ( ) NAMED_UNIT ( * ) SI_UNIT ( .MILLI., .METRE. ) );
#558 = AXIS2_PLACEMENT_3D ( 'NONE', #769, #976, #2075 ) ;
#559 = VECTOR ( 'NONE', #869, 1000.000000000000000 ) ;
#560 = DIRECTION ( 'NONE',  ( 0.000000000000000000, 0.000000000000000000, 1.000000000000000000 ) ) ;
#561 = EDGE_CURVE ( 'NONE', #770, #1614, #700, .T. ) ;
#562 = CARTESIAN_POINT ( 'NONE',  ( 0.5099373723886132526, -3.079937372388666272, 2.980000000000003535 ) ) ;
#563 = AXIS2_PLACEMENT_3D ( 'NONE', #1456, #854, #1342 ) ;
#564 =( NAMED_UNIT ( * ) PLANE_ANGLE_UNIT ( ) SI_UNIT ( $, .RADIAN. ) );
#565 = CARTESIAN_POINT ( 'NONE',  ( -7.315062627611387036, 4.745062627611305928, -2.979999999999997318 ) ) ;
#566 = VECTOR ( 'NONE', #1548, 999.9999999999998863 ) ;
#567 =( GEOMETRIC_REPRESENTATION_CONTEXT ( 3 ) GLOBAL_UNCERTAINTY_ASSIGNED_CONTEXT ( ( #870 ) ) GLOBAL_UNIT_ASSIGNED_CONTEXT ( ( #1045, #1729, #118 ) ) REPRESENTATION_CONTEXT ( 'NONE', 'WORKASPACE' ) );
#568 = ORIENTED_EDGE ( 'NONE', *, *, #122, .T. ) ;
#569 = SURFACE_STYLE_USAGE ( .BOTH. , #235 ) ;
#570 = FACE_OUTER_BOUND ( 'NONE', #484, .T. ) ;
#571 = DIRECTION ( 'NONE',  ( 1.000000000000000000, 0.000000000000000000, 0.000000000000000000 ) ) ;
#572 = CARTESIAN_POINT ( 'NONE',  ( 7.500000000000000000, -4.659342182722150838, 2.099999999999999645 ) ) ;
#573 = CARTESIAN_POINT ( 'NONE',  ( 7.500000000000000000, 0.000000000000000000, 5.110721042641049650 ) ) ;
#574 = CARTESIAN_POINT ( 'NONE',  ( 7.500000000000000000, 7.262597030225010801E-16, -5.110721042641049650 ) ) ;
#575 = FILL_AREA_STYLE ('',( #78 ) ) ;
#576 = ORIENTED_EDGE ( 'NONE', *, *, #1687, .T. ) ;
#577 = ORIENTED_EDGE ( 'NONE', *, *, #1432, .F. ) ;
#578 = SURFACE_STYLE_USAGE ( .BOTH. , #1836 ) ;
#579 = ORIENTED_EDGE ( 'NONE', *, *, #880, .T. ) ;
#580 = DIRECTION ( 'NONE',  ( 0.000000000000000000, 0.000000000000000000, 1.000000000000000000 ) ) ;
#581 = ADVANCED_FACE ( 'NONE', ( #380 ), #1041, .T. ) ;
#582 = CARTESIAN_POINT ( 'NONE',  ( 8.769999999999997797, -12.50000000000000000, -2.099999999999997868 ) ) ;
#583 = CARTESIAN_POINT ( 'NONE',  ( -12.06012525522267609, 0.000000000000000000, -2.980000000000001315 ) ) ;
#584 = EDGE_CURVE ( 'NONE', #177, #1765, #1590, .T. ) ;
#585 = ORIENTED_EDGE ( 'NONE', *, *, #1908, .F. ) ;
#586 = ORIENTED_EDGE ( 'NONE', *, *, #1406, .F. ) ;
#587 = VECTOR ( 'NONE', #1281, 1000.000000000000000 ) ;
#588 = ORIENTED_EDGE ( 'NONE', *, *, #1979, .T. ) ;
#589 =( NAMED_UNIT ( * ) SI_UNIT ( $, .STERADIAN. ) SOLID_ANGLE_UNIT ( ) );
#590 = VECTOR ( 'NONE', #1790, 1000.000000000000000 ) ;
#591 = AXIS2_PLACEMENT_3D ( 'NONE', #1344, #1822, #538 ) ;
#592 = VECTOR ( 'NONE', #1445, 1000.000000000000000 ) ;
#593 = FACE_OUTER_BOUND ( 'NONE', #1090, .T. ) ;
#594 = CARTESIAN_POINT ( 'NONE',  ( -13.84999999999999964, 0.000000000000000000, 0.000000000000000000 ) ) ;
#595 = AXIS2_PLACEMENT_3D ( 'NONE', #1496, #223, #713 ) ;
#596 = ADVANCED_FACE ( 'NONE', ( #1391 ), #2035, .F. ) ;
#597 = SHAPE_DEFINITION_REPRESENTATION ( #965, #829 ) ;
#598 = FACE_OUTER_BOUND ( 'NONE', #2067, .T. ) ;
#599 = FILL_AREA_STYLE ('',( #271 ) ) ;
#600 = VERTEX_POINT ( 'NONE', #85 ) ;
#601 = STYLED_ITEM ( 'NONE', ( #670 ), #1346 ) ;
#602 = DIRECTION ( 'NONE',  ( -1.000000000000000000, 0.000000000000000000, 0.000000000000000000 ) ) ;
#603 = STYLED_ITEM ( 'NONE', ( #373 ), #1085 ) ;
#604 = ORIENTED_EDGE ( 'NONE', *, *, #65, .F. ) ;
#605 = STYLED_ITEM ( 'NONE', ( #1119 ), #1151 ) ;
#606 = CARTESIAN_POINT ( 'NONE',  ( 13.34999999999999432, -15.65000000000000036, 2.100000000000000089 ) ) ;
#607 = CIRCLE ( 'NONE', #1934, 2.100000000000000089 ) ;
#608 = ORIENTED_EDGE ( 'NONE', *, *, #243, .F. ) ;
#609 = PRESENTATION_STYLE_ASSIGNMENT (( #2051 ) ) ;
#610 = CARTESIAN_POINT ( 'NONE',  ( 8.003085196570159709, -15.65000000000000036, -13.84999999999999964 ) ) ;
#611 =( LENGTH_UNIT ( ) NAMED_UNIT ( * ) SI_UNIT ( .MILLI., .METRE. ) );
#612 = SURFACE_STYLE_USAGE ( .BOTH. , #2038 ) ;
#613 = UNCERTAINTY_MEASURE_WITH_UNIT (LENGTH_MEASURE( 1.000000000000000082E-05 ), #1335, 'distance_accuracy_value', 'NONE');
#614 = FACE_OUTER_BOUND ( 'NONE', #1195, .T. ) ;
#615 = DIRECTION ( 'NONE',  ( 0.000000000000000000, -0.000000000000000000, 1.000000000000000000 ) ) ;
#616 = VERTEX_POINT ( 'NONE', #1384 ) ;
#617 = ORIENTED_EDGE ( 'NONE', *, *, #442, .T. ) ;
#618 = ORIENTED_EDGE ( 'NONE', *, *, #507, .T. ) ;
#619 = SURFACE_STYLE_FILL_AREA ( #1916 ) ;
#620 = SURFACE_STYLE_FILL_AREA ( #473 ) ;
#621 = ORIENTED_EDGE ( 'NONE', *, *, #1619, .T. ) ;
#622 = ORIENTED_EDGE ( 'NONE', *, *, #2013, .F. ) ;
#623 = EDGE_CURVE ( 'NONE', #112, #195, #1232, .T. ) ;
#624 = UNCERTAINTY_MEASURE_WITH_UNIT (LENGTH_MEASURE( 1.000000000000000082E-05 ), #1380, 'distance_accuracy_value', 'NONE');
#625 = DIRECTION ( 'NONE',  ( 0.000000000000000000, -1.000000000000000000, -1.301042606982603842E-16 ) ) ;
#626 = ORIENTED_EDGE ( 'NONE', *, *, #1411, .F. ) ;
#627 = EDGE_CURVE ( 'NONE', #510, #616, #1059, .T. ) ;
#628 =( NAMED_UNIT ( * ) SI_UNIT ( $, .STERADIAN. ) SOLID_ANGLE_UNIT ( ) );
#629 = ORIENTED_EDGE ( 'NONE', *, *, #701, .T. ) ;
#630 = ORIENTED_EDGE ( 'NONE', *, *, #701, .F. ) ;
#631 = AXIS2_PLACEMENT_3D ( 'NONE', #20, #327, #1594 ) ;
#632 = FILL_AREA_STYLE ('',( #1585 ) ) ;
#633 = AXIS2_PLACEMENT_3D ( 'NONE', #1768, #336, #1459 ) ;
#634 = DIRECTION ( 'NONE',  ( 1.000000000000000000, 0.000000000000000000, 0.000000000000000000 ) ) ;
#635 = VECTOR ( 'NONE', #825, 1000.000000000000000 ) ;
#636 = PRESENTATION_LAYER_ASSIGNMENT (  '', '', ( #1304 ) ) ;
#637 = EDGE_CURVE ( 'NONE', #1416, #1334, #2057, .T. ) ;
#638 = DIRECTION ( 'NONE',  ( 0.000000000000000000, 0.000000000000000000, 1.000000000000000000 ) ) ;
#639 = ORIENTED_EDGE ( 'NONE', *, *, #34, .T. ) ;
#640 = AXIS2_PLACEMENT_3D ( 'NONE', #683, #1787, #856 ) ;
#641 = CARTESIAN_POINT ( 'NONE',  ( 65.02764894532670326, 0.000000000000000000, -2.100000000000000089 ) ) ;
#642 = ORIENTED_EDGE ( 'NONE', *, *, #27, .F. ) ;
#643 =( GEOMETRIC_REPRESENTATION_CONTEXT ( 3 ) GLOBAL_UNCERTAINTY_ASSIGNED_CONTEXT ( ( #1731 ) ) GLOBAL_UNIT_ASSIGNED_CONTEXT ( ( #209, #1954, #1611 ) ) REPRESENTATION_CONTEXT ( 'NONE', 'WORKASPACE' ) );
#644 = FILL_AREA_STYLE_COLOUR ( '', #1683 ) ;
#645 = AXIS2_PLACEMENT_3D ( 'NONE', #1183, #12, #1298 ) ;
#646 = DIRECTION ( 'NONE',  ( -1.000000000000000000, 0.000000000000000000, 0.000000000000000000 ) ) ;
#647 = STYLED_ITEM ( 'NONE', ( #1586 ), #1144 ) ;
#648 = FILL_AREA_STYLE_COLOUR ( '', #887 ) ;
#649 = DIRECTION ( 'NONE',  ( 0.000000000000000000, 0.000000000000000000, 1.000000000000000000 ) ) ;
#650 = EDGE_CURVE ( 'NONE', #1215, #1757, #1433, .T. ) ;
#651 = FACE_OUTER_BOUND ( 'NONE', #469, .T. ) ;
#652 = EDGE_LOOP ( 'NONE', ( #1095, #918 ) ) ;
#653 = CARTESIAN_POINT ( 'NONE',  ( 7.500000000000000000, 0.000000000000000000, -2.100000000000000089 ) ) ;
#654 =( NAMED_UNIT ( * ) PLANE_ANGLE_UNIT ( ) SI_UNIT ( $, .RADIAN. ) );
#655 = EDGE_CURVE ( 'NONE', #71, #1, #1175, .T. ) ;
#656 = CARTESIAN_POINT ( 'NONE',  ( 12.57999999999999297, -12.50000000000000000, 2.980000000000004423 ) ) ;
#657 = CYLINDRICAL_SURFACE ( 'NONE', #1832, 3.250000000000000000 ) ;
#658 = VERTEX_POINT ( 'NONE', #1223 ) ;
#659 = ORIENTED_EDGE ( 'NONE', *, *, #215, .F. ) ;
#660 = CARTESIAN_POINT ( 'NONE',  ( -22.94151035258104798, 0.000000000000000000, 4.649999999999999467 ) ) ;
#661 = FACE_OUTER_BOUND ( 'NONE', #684, .T. ) ;
#662 = PLANE ( 'NONE',  #633 ) ;
#663 = ORIENTED_EDGE ( 'NONE', *, *, #561, .T. ) ;
#664 = CARTESIAN_POINT ( 'NONE',  ( 12.57999999999999297, -15.15000000000000213, -47.22000000000000597 ) ) ;
#665 = ORIENTED_EDGE ( 'NONE', *, *, #1027, .T. ) ;
#666 = ADVANCED_FACE ( 'NONE', ( #421 ), #662, .F. ) ;
#667 = FACE_OUTER_BOUND ( 'NONE', #481, .T. ) ;
#668 = VERTEX_POINT ( 'NONE', #185 ) ;
#669 = DIRECTION ( 'NONE',  ( 0.000000000000000000, 0.000000000000000000, -1.000000000000000000 ) ) ;
#670 = PRESENTATION_STYLE_ASSIGNMENT (( #841 ) ) ;
#671 = EDGE_CURVE ( 'NONE', #351, #956, #28, .T. ) ;
#672 = COLOUR_RGB ( '',0.7921568627450980005, 0.8196078431372548767, 0.9333333333333333481 ) ;
#673 = ORIENTED_EDGE ( 'NONE', *, *, #1801, .F. ) ;
#674 = VECTOR ( 'NONE', #245, 999.9999999999998863 ) ;
#675 = ORIENTED_EDGE ( 'NONE', *, *, #1534, .T. ) ;
#676 = DIRECTION ( 'NONE',  ( 0.000000000000000000, 0.000000000000000000, -1.000000000000000000 ) ) ;
#677 = DIRECTION ( 'NONE',  ( 1.000000000000000000, 0.000000000000000000, 0.000000000000000000 ) ) ;
#678 = ORIENTED_EDGE ( 'NONE', *, *, #2039, .F. ) ;
#679 = LINE ( 'NONE', #1468, #1129 ) ;
#680 = PRESENTATION_LAYER_ASSIGNMENT (  '', '', ( #2036 ) ) ;
#681 = PLANE ( 'NONE',  #536 ) ;
#682 = MECHANICAL_DESIGN_GEOMETRIC_PRESENTATION_REPRESENTATION (  '', ( #605 ), #293 ) ;
#683 = CARTESIAN_POINT ( 'NONE',  ( 7.999999999999998224, -15.65000000000000036, -13.84999999999999964 ) ) ;
#684 = EDGE_LOOP ( 'NONE', ( #2021, #739, #1478, #1701 ) ) ;
#685 = ORIENTED_EDGE ( 'NONE', *, *, #1848, .T. ) ;
#686 = CARTESIAN_POINT ( 'NONE',  ( -12.06012525522267609, -12.50000000000000000, -2.980000000000000870 ) ) ;
#687 = ORIENTED_EDGE ( 'NONE', *, *, #695, .F. ) ;
#688 = CARTESIAN_POINT ( 'NONE',  ( 13.84999999999999964, 2.571758278209439985E-16, 2.100000000000000089 ) ) ;
#689 = ORIENTED_EDGE ( 'NONE', *, *, #1078, .T. ) ;
#690 = SURFACE_STYLE_USAGE ( .BOTH. , #1349 ) ;
#691 = LINE ( 'NONE', #1793, #709 ) ;
#692 = LINE ( 'NONE', #1161, #737 ) ;
#693 = CARTESIAN_POINT ( 'NONE',  ( -12.06012525522267609, -12.50000000000000000, -2.980000000000000870 ) ) ;
#694 = ORIENTED_EDGE ( 'NONE', *, *, #885, .T. ) ;
#695 = EDGE_CURVE ( 'NONE', #909, #1330, #102, .T. ) ;
#696 = FACE_BOUND ( 'NONE', #1571, .T. ) ;
#697 = FILL_AREA_STYLE_COLOUR ( '', #1345 ) ;
#698 = ORIENTED_EDGE ( 'NONE', *, *, #655, .T. ) ;
#699 = SURFACE_STYLE_USAGE ( .BOTH. , #1933 ) ;
#700 = LINE ( 'NONE', #497, #14 ) ;
#701 = EDGE_CURVE ( 'NONE', #1236, #1043, #432, .T. ) ;
#702 = DIRECTION ( 'NONE',  ( -0.000000000000000000, 1.000000000000000000, 1.939786634478857656E-16 ) ) ;
#703 = LINE ( 'NONE', #1408, #874 ) ;
#704 = EDGE_CURVE ( 'NONE', #1863, #449, #89, .T. ) ;
#705 = AXIS2_PLACEMENT_3D ( 'NONE', #508, #365, #339 ) ;
#706 = ORIENTED_EDGE ( 'NONE', *, *, #1168, .T. ) ;
#707 = CARTESIAN_POINT ( 'NONE',  ( 0.6449373723885296616, -28.35506262761133911, 2.979999999999997318 ) ) ;
#708 = VECTOR ( 'NONE', #1107, 1000.000000000000000 ) ;
#709 = VECTOR ( 'NONE', #519, 1000.000000000000000 ) ;
#710 = DIRECTION ( 'NONE',  ( -1.000000000000000000, 0.000000000000000000, -0.000000000000000000 ) ) ;
#711 = ORIENTED_EDGE ( 'NONE', *, *, #1915, .T. ) ;
#712 = CARTESIAN_POINT ( 'NONE',  ( 8.269999999999999574, -15.65000000000000036, -13.84999999999999964 ) ) ;
#713 = DIRECTION ( 'NONE',  ( 0.000000000000000000, 0.000000000000000000, 1.000000000000000000 ) ) ;
#714 = CARTESIAN_POINT ( 'NONE',  ( 7.500000000000000000, 0.000000000000000000, 5.110721042641049650 ) ) ;
#715 = STYLED_ITEM ( 'NONE', ( #399 ), #1455 ) ;
#716 = EDGE_CURVE ( 'NONE', #1311, #2058, #545, .T. ) ;
#717 = CARTESIAN_POINT ( 'NONE',  ( 65.02764894532670326, -7.000000000000000000, 2.099999999999999201 ) ) ;
#718 = CIRCLE ( 'NONE', #751, 6.700000000000000178 ) ;
#719 = VERTEX_POINT ( 'NONE', #758 ) ;
#720 = CARTESIAN_POINT ( 'NONE',  ( 13.34691480342983994, -15.65000000000000036, -13.84999999999999964 ) ) ;
#721 = EDGE_CURVE ( 'NONE', #1043, #510, #417, .T. ) ;
#722 = LINE ( 'NONE', #1983, #283 ) ;
#723 = SURFACE_SIDE_STYLE ('',( #620 ) ) ;
#724 = SURFACE_STYLE_FILL_AREA ( #1369 ) ;
#725 = CARTESIAN_POINT ( 'NONE',  ( 9.774999999999996803, -7.000000000000000000, -47.22000000000000597 ) ) ;
#726 = SURFACE_SIDE_STYLE ('',( #1828 ) ) ;
#727 = ADVANCED_FACE ( 'NONE', ( #1686 ), #1201, .F. ) ;
#728 = DIRECTION ( 'NONE',  ( 0.000000000000000000, 0.000000000000000000, 1.000000000000000000 ) ) ;
#729 = CYLINDRICAL_SURFACE ( 'NONE', #595, 5.750000000000000000 ) ;
#730 = CARTESIAN_POINT ( 'NONE',  ( 11.57499999999999751, -7.000000000000000000, -47.22000000000000597 ) ) ;
#731 = EDGE_CURVE ( 'NONE', #1134, #2058, #289, .T. ) ;
#732 = FACE_OUTER_BOUND ( 'NONE', #1901, .T. ) ;
#733 = SURFACE_STYLE_USAGE ( .BOTH. , #726 ) ;
#734 = LINE ( 'NONE', #717, #502 ) ;
#735 = DIRECTION ( 'NONE',  ( 0.000000000000000000, 0.000000000000000000, 1.000000000000000000 ) ) ;
#736 = CARTESIAN_POINT ( 'NONE',  ( -22.94151035258104798, 5.694607616035189911E-16, -4.649999999999999467 ) ) ;
#737 = VECTOR ( 'NONE', #852, 1000.000000000000000 ) ;
#738 = SURFACE_SIDE_STYLE ('',( #1824 ) ) ;
#739 = ORIENTED_EDGE ( 'NONE', *, *, #671, .T. ) ;
#740 = CARTESIAN_POINT ( 'NONE',  ( 7.500000000000000000, 0.000000000000000000, 0.000000000000000000 ) ) ;
#741 =( GEOMETRIC_REPRESENTATION_CONTEXT ( 3 ) GLOBAL_UNCERTAINTY_ASSIGNED_CONTEXT ( ( #624 ) ) GLOBAL_UNIT_ASSIGNED_CONTEXT ( ( #1380, #763, #589 ) ) REPRESENTATION_CONTEXT ( 'NONE', 'WORKASPACE' ) );
#742 = PLANE ( 'NONE',  #1004 ) ;
#743 = CARTESIAN_POINT ( 'NONE',  ( 65.02764894532670326, -7.000000000000000000, -2.099999999999999201 ) ) ;
#744 = VECTOR ( 'NONE', #1550, 1000.000000000000000 ) ;
#745 = DIRECTION ( 'NONE',  ( 0.7071067811865489050, -0.7071067811865462405, -1.763532364236465574E-16 ) ) ;
#746 = CARTESIAN_POINT ( 'NONE',  ( 65.02764894532670326, 0.000000000000000000, 2.100000000000000089 ) ) ;
#747 = DIRECTION ( 'NONE',  ( -1.000000000000000000, 0.000000000000000000, 0.000000000000000000 ) ) ;
#748 = MECHANICAL_DESIGN_GEOMETRIC_PRESENTATION_REPRESENTATION (  '', ( #603 ), #29 ) ;
#749 = CARTESIAN_POINT ( 'NONE',  ( 13.07999999999999297, -15.65000000000000036, 2.980000000000000426 ) ) ;
#750 = CARTESIAN_POINT ( 'NONE',  ( 11.57499999999999574, -12.50000000000000000, -2.980000000000003535 ) ) ;
#751 = AXIS2_PLACEMENT_3D ( 'NONE', #1197, #410, #893 ) ;
#752 = PLANE ( 'NONE',  #913 ) ;
#753 = EDGE_CURVE ( 'NONE', #1806, #600, #1062, .T. ) ;
#754 = CYLINDRICAL_SURFACE ( 'NONE', #1376, 5.750000000000000000 ) ;
#755 = LINE ( 'NONE', #714, #1275 ) ;
#756 = ADVANCED_FACE ( 'NONE', ( #1367 ), #1512, .F. ) ;
#757 = CARTESIAN_POINT ( 'NONE',  ( 65.02764894532670326, -12.50000000000000000, -2.099999999999998312 ) ) ;
#758 = CARTESIAN_POINT ( 'NONE',  ( -9.049999999999998934, 3.980102097228895273E-16, -3.250000000000000000 ) ) ;
#759 = PLANE ( 'NONE',  #1682 ) ;
#760 = DIRECTION ( 'NONE',  ( 0.000000000000000000, 0.000000000000000000, 1.000000000000000000 ) ) ;
#761 = VERTEX_POINT ( 'NONE', #305 ) ;
#762 = ADVANCED_FACE ( 'NONE', ( #598 ), #1504, .F. ) ;
#763 =( NAMED_UNIT ( * ) PLANE_ANGLE_UNIT ( ) SI_UNIT ( $, .RADIAN. ) );
#764 = SURFACE_STYLE_FILL_AREA ( #958 ) ;
#765 =( NAMED_UNIT ( * ) SI_UNIT ( $, .STERADIAN. ) SOLID_ANGLE_UNIT ( ) );
#766 = LINE ( 'NONE', #108, #566 ) ;
#767 = CARTESIAN_POINT ( 'NONE',  ( -13.84999999999999964, 0.000000000000000000, 5.750000000000000000 ) ) ;
#768 =( NAMED_UNIT ( * ) PLANE_ANGLE_UNIT ( ) SI_UNIT ( $, .RADIAN. ) );
#769 = CARTESIAN_POINT ( 'NONE',  ( 7.500000000000000000, 2.100000000000000089, 0.000000000000000000 ) ) ;
#770 = VERTEX_POINT ( 'NONE', #405 ) ;
#771 = VECTOR ( 'NONE', #669, 1000.000000000000000 ) ;
#772 = LINE ( 'NONE', #44, #674 ) ;
#773 = CYLINDRICAL_SURFACE ( 'NONE', #1826, 6.700000000000000178 ) ;
#774 = VECTOR ( 'NONE', #33, 1000.000000000000000 ) ;
#775 = SURFACE_STYLE_USAGE ( .BOTH. , #1079 ) ;
#776 = AXIS2_PLACEMENT_3D ( 'NONE', #456, #292, #1251 ) ;
#777 = PLANE ( 'NONE',  #1037 ) ;
#778 = PLANE ( 'NONE',  #705 ) ;
#779 = AXIS2_PLACEMENT_3D ( 'NONE', #1184, #388, #1519 ) ;
#780 = VERTEX_POINT ( 'NONE', #1669 ) ;
#781 = ORIENTED_EDGE ( 'NONE', *, *, #1583, .F. ) ;
#782 =( GEOMETRIC_REPRESENTATION_CONTEXT ( 3 ) GLOBAL_UNCERTAINTY_ASSIGNED_CONTEXT ( ( #503 ) ) GLOBAL_UNIT_ASSIGNED_CONTEXT ( ( #1713, #1909, #2025 ) ) REPRESENTATION_CONTEXT ( 'NONE', 'WORKASPACE' ) );
#783 = VERTEX_POINT ( 'NONE', #895 ) ;
#784 = VERTEX_POINT ( 'NONE', #1518 ) ;
#785 =( NAMED_UNIT ( * ) PLANE_ANGLE_UNIT ( ) SI_UNIT ( $, .RADIAN. ) );
#786 = SURFACE_SIDE_STYLE ('',( #1868 ) ) ;
#787 = EDGE_CURVE ( 'NONE', #177, #112, #76, .T. ) ;
#788 = FACE_OUTER_BOUND ( 'NONE', #1227, .T. ) ;
#789 = SURFACE_SIDE_STYLE ('',( #1089 ) ) ;
#790 = ORIENTED_EDGE ( 'NONE', *, *, #1573, .T. ) ;
#791 = ORIENTED_EDGE ( 'NONE', *, *, #1645, .F. ) ;
#792 =( NAMED_UNIT ( * ) PLANE_ANGLE_UNIT ( ) SI_UNIT ( $, .RADIAN. ) );
#793 = EDGE_CURVE ( 'NONE', #1634, #211, #264, .T. ) ;
#794 = ORIENTED_EDGE ( 'NONE', *, *, #999, .T. ) ;
#795 = ORIENTED_EDGE ( 'NONE', *, *, #2005, .F. ) ;
#796 = DIRECTION ( 'NONE',  ( -1.000000000000000000, -0.000000000000000000, -0.000000000000000000 ) ) ;
#797 = DIRECTION ( 'NONE',  ( -1.000000000000000000, -0.000000000000000000, -0.000000000000000000 ) ) ;
#798 = VERTEX_POINT ( 'NONE', #2027 ) ;
#799 = PRESENTATION_LAYER_ASSIGNMENT (  '', '', ( #1711 ) ) ;
#800 = CARTESIAN_POINT ( 'NONE',  ( 8.269999999999997797, -15.65000000000000036, -2.980000000000001315 ) ) ;
#801 = EDGE_CURVE ( 'NONE', #24, #1844, #1858, .T. ) ;
#802 = ORIENTED_EDGE ( 'NONE', *, *, #1219, .T. ) ;
#803 = ORIENTED_EDGE ( 'NONE', *, *, #650, .F. ) ;
#804 =( LENGTH_UNIT ( ) NAMED_UNIT ( * ) SI_UNIT ( .MILLI., .METRE. ) );
#805 = AXIS2_PLACEMENT_3D ( 'NONE', #1489, #45, #1052 ) ;
#806 =( NAMED_UNIT ( * ) PLANE_ANGLE_UNIT ( ) SI_UNIT ( $, .RADIAN. ) );
#807 = DIRECTION ( 'NONE',  ( 0.000000000000000000, 0.000000000000000000, 1.000000000000000000 ) ) ;
#808 = VECTOR ( 'NONE', #1193, 1000.000000000000000 ) ;
#809 = PRESENTATION_STYLE_ASSIGNMENT (( #612 ) ) ;
#810 = UNCERTAINTY_MEASURE_WITH_UNIT (LENGTH_MEASURE( 1.000000000000000082E-05 ), #804, 'distance_accuracy_value', 'NONE');
#811 = MECHANICAL_DESIGN_GEOMETRIC_PRESENTATION_REPRESENTATION (  '', ( #1691 ), #1348 ) ;
#812 = CARTESIAN_POINT ( 'NONE',  ( 7.500000000000000000, 0.000000000000000000, 2.100000000000000089 ) ) ;
#813 = ORIENTED_EDGE ( 'NONE', *, *, #1533, .F. ) ;
#814 = PRODUCT_RELATED_PRODUCT_CATEGORY ( 'part', '', ( #1748 ) ) ;
#815 =( GEOMETRIC_REPRESENTATION_CONTEXT ( 3 ) GLOBAL_UNCERTAINTY_ASSIGNED_CONTEXT ( ( #8 ) ) GLOBAL_UNIT_ASSIGNED_CONTEXT ( ( #611, #806, #315 ) ) REPRESENTATION_CONTEXT ( 'NONE', 'WORKASPACE' ) );
#816 = CARTESIAN_POINT ( 'NONE',  ( -22.94151035258104798, 0.000000000000000000, 0.000000000000000000 ) ) ;
#817 = EDGE_CURVE ( 'NONE', #11, #770, #766, .T. ) ;
#818 = VECTOR ( 'NONE', #1808, 1000.000000000000000 ) ;
#819 = DIRECTION ( 'NONE',  ( -1.000000000000000000, 0.000000000000000000, 0.000000000000000000 ) ) ;
#820 = STYLED_ITEM ( 'NONE', ( #2024 ), #1115 ) ;
#821 = CARTESIAN_POINT ( 'NONE',  ( 13.07999999999999297, -15.65000000000000036, -2.980000000000001315 ) ) ;
#822 = PLANE ( 'NONE',  #438 ) ;
#823 = ADVANCED_FACE ( 'NONE', ( #1315 ), #176, .F. ) ;
#824 = ORIENTED_EDGE ( 'NONE', *, *, #801, .F. ) ;
#825 = DIRECTION ( 'NONE',  ( 3.154042683594194627E-16, 1.000000000000000000, -0.000000000000000000 ) ) ;
#826 = ORIENTED_EDGE ( 'NONE', *, *, #584, .F. ) ;
#827 = DIRECTION ( 'NONE',  ( -0.000000000000000000, -0.000000000000000000, 1.000000000000000000 ) ) ;
#828 = ORIENTED_EDGE ( 'NONE', *, *, #460, .F. ) ;
#829 = ADVANCED_BREP_SHAPE_REPRESENTATION ( 'CT3151-2', ( #516, #805 ), #187 ) ;
#830 = ORIENTED_EDGE ( 'NONE', *, *, #787, .F. ) ;
#831 = DIRECTION ( 'NONE',  ( 0.7071067811865462405, -0.7071067811865489050, -1.763532364236471983E-16 ) ) ;
#832 = EDGE_CURVE ( 'NONE', #1588, #1806, #1568, .T. ) ;
#833 = FILL_AREA_STYLE ('',( #1015 ) ) ;
#834 = CARTESIAN_POINT ( 'NONE',  ( -22.94151035258104798, 0.000000000000000000, 0.000000000000000000 ) ) ;
#835 = VERTEX_POINT ( 'NONE', #867 ) ;
#836 = VERTEX_POINT ( 'NONE', #995 ) ;
#837 = DIRECTION ( 'NONE',  ( 1.000000000000000000, 0.000000000000000000, 0.000000000000000000 ) ) ;
#838 = ORIENTED_EDGE ( 'NONE', *, *, #857, .T. ) ;
#839 = DIRECTION ( 'NONE',  ( 0.000000000000000000, 0.000000000000000000, 1.000000000000000000 ) ) ;
#840 = PRESENTATION_LAYER_ASSIGNMENT (  '', '', ( #553 ) ) ;
#841 = SURFACE_STYLE_USAGE ( .BOTH. , #1331 ) ;
#842 = COLOUR_RGB ( '',0.7921568627450980005, 0.8196078431372548767, 0.9333333333333333481 ) ;
#843 = ORIENTED_EDGE ( 'NONE', *, *, #1880, .F. ) ;
#844 =( NAMED_UNIT ( * ) SI_UNIT ( $, .STERADIAN. ) SOLID_ANGLE_UNIT ( ) );
#845 = CARTESIAN_POINT ( 'NONE',  ( 11.57499999999999751, -7.000000000000000000, -2.980000000000003535 ) ) ;
#846 = EDGE_LOOP ( 'NONE', ( #675, #2061, #897, #1435 ) ) ;
#847 = VECTOR ( 'NONE', #7, 1000.000000000000000 ) ;
#848 =( NAMED_UNIT ( * ) PLANE_ANGLE_UNIT ( ) SI_UNIT ( $, .RADIAN. ) );
#849 = EDGE_CURVE ( 'NONE', #1257, #938, #1616, .T. ) ;
#850 = VERTEX_POINT ( 'NONE', #1924 ) ;
#851 = MECHANICAL_DESIGN_GEOMETRIC_PRESENTATION_REPRESENTATION (  '', ( #715 ), #60 ) ;
#852 = DIRECTION ( 'NONE',  ( -0.000000000000000000, -0.000000000000000000, 1.000000000000000000 ) ) ;
#853 = DIRECTION ( 'NONE',  ( -1.000000000000000000, 0.000000000000000000, 0.000000000000000000 ) ) ;
#854 = DIRECTION ( 'NONE',  ( 1.000000000000000000, -0.000000000000000000, -0.000000000000000000 ) ) ;
#855 = VECTOR ( 'NONE', #443, 1000.000000000000000 ) ;
#856 = DIRECTION ( 'NONE',  ( 0.000000000000000000, 0.000000000000000000, -1.000000000000000000 ) ) ;
#857 = EDGE_CURVE ( 'NONE', #1076, #783, #1172, .T. ) ;
#858 = VERTEX_POINT ( 'NONE', #1157 ) ;
#859 = PRESENTATION_STYLE_ASSIGNMENT (( #1767 ) ) ;
#860 = ORIENTED_EDGE ( 'NONE', *, *, #1789, .F. ) ;
#861 = CARTESIAN_POINT ( 'NONE',  ( 44.47382447266325300, 20.55382447266337564, 2.100000000000002309 ) ) ;
#862 = EDGE_CURVE ( 'NONE', #1, #600, #46, .T. ) ;
#863 = VERTEX_POINT ( 'NONE', #506 ) ;
#864 =( NAMED_UNIT ( * ) PLANE_ANGLE_UNIT ( ) SI_UNIT ( $, .RADIAN. ) );
#865 = ORIENTED_EDGE ( 'NONE', *, *, #408, .F. ) ;
#866 = ORIENTED_EDGE ( 'NONE', *, *, #157, .T. ) ;
#867 = CARTESIAN_POINT ( 'NONE',  ( 7.500000000000000000, 0.000000000000000000, 2.029999999999999805 ) ) ;
#868 = CARTESIAN_POINT ( 'NONE',  ( -12.06012525522267609, -15.65000000000000036, 2.980000000000000426 ) ) ;
#869 = DIRECTION ( 'NONE',  ( -0.7071067811865512365, -0.7071067811865439090, -9.199760500100186897E-17 ) ) ;
#870 = UNCERTAINTY_MEASURE_WITH_UNIT (LENGTH_MEASURE( 1.000000000000000082E-05 ), #1045, 'distance_accuracy_value', 'NONE');
#871 = VECTOR ( 'NONE', #1187, 1000.000000000000000 ) ;
#872 =( NAMED_UNIT ( * ) SI_UNIT ( $, .STERADIAN. ) SOLID_ANGLE_UNIT ( ) );
#873 = VECTOR ( 'NONE', #886, 1000.000000000000000 ) ;
#874 = VECTOR ( 'NONE', #2033, 1000.000000000000000 ) ;
#875 =( LENGTH_UNIT ( ) NAMED_UNIT ( * ) SI_UNIT ( .MILLI., .METRE. ) );
#876 = AXIS2_PLACEMENT_3D ( 'NONE', #868, #1799, #1818 ) ;
#877 = DIRECTION ( 'NONE',  ( 0.000000000000000000, 0.000000000000000000, 1.000000000000000000 ) ) ;
#878 = ORIENTED_EDGE ( 'NONE', *, *, #731, .F. ) ;
#879 = SURFACE_SIDE_STYLE ('',( #1640 ) ) ;
#880 = EDGE_CURVE ( 'NONE', #934, #286, #1791, .T. ) ;
#881 = MECHANICAL_DESIGN_GEOMETRIC_PRESENTATION_REPRESENTATION (  '', ( #198 ), #1663 ) ;
#882 = ORIENTED_EDGE ( 'NONE', *, *, #1250, .T. ) ;
#883 =( GEOMETRIC_REPRESENTATION_CONTEXT ( 3 ) GLOBAL_UNCERTAINTY_ASSIGNED_CONTEXT ( ( #1967 ) ) GLOBAL_UNIT_ASSIGNED_CONTEXT ( ( #1911, #241, #1063 ) ) REPRESENTATION_CONTEXT ( 'NONE', 'WORKASPACE' ) );
#884 = PRESENTATION_LAYER_ASSIGNMENT (  '', '', ( #647 ) ) ;
#885 = EDGE_CURVE ( 'NONE', #1690, #1634, #1461, .T. ) ;
#886 = DIRECTION ( 'NONE',  ( -1.000000000000000000, 0.000000000000000000, 0.000000000000000000 ) ) ;
#887 = COLOUR_RGB ( '',1.000000000000000000, 0.000000000000000000, 0.000000000000000000 ) ;
#888 = LINE ( 'NONE', #1233, #1437 ) ;
#889 = PLANE ( 'NONE',  #1695 ) ;
#890 = DIRECTION ( 'NONE',  ( 1.000000000000000000, 0.000000000000000000, 0.000000000000000000 ) ) ;
#891 = EDGE_CURVE ( 'NONE', #98, #1494, #1971, .T. ) ;
#892 = LINE ( 'NONE', #72, #944 ) ;
#893 = DIRECTION ( 'NONE',  ( 0.000000000000000000, 0.000000000000000000, 1.000000000000000000 ) ) ;
#894 =( NAMED_UNIT ( * ) PLANE_ANGLE_UNIT ( ) SI_UNIT ( $, .RADIAN. ) );
#895 = CARTESIAN_POINT ( 'NONE',  ( 12.57999999999999297, -15.15000000000000213, 2.980000000000004423 ) ) ;
#896 = CARTESIAN_POINT ( 'NONE',  ( 9.774999999999996803, 0.000000000000000000, -2.979999999999998206 ) ) ;
#897 = ORIENTED_EDGE ( 'NONE', *, *, #1989, .T. ) ;
#898 = DIRECTION ( 'NONE',  ( -0.000000000000000000, 0.000000000000000000, 1.000000000000000000 ) ) ;
#899 =( LENGTH_UNIT ( ) NAMED_UNIT ( * ) SI_UNIT ( .MILLI., .METRE. ) );
#900 = DIRECTION ( 'NONE',  ( 0.000000000000000000, 1.000000000000000000, 0.000000000000000000 ) ) ;
#901 = CIRCLE ( 'NONE', #1091, 5.110721042641049650 ) ;
#902 = CARTESIAN_POINT ( 'NONE',  ( 13.84999999999999964, 0.000000000000000000, -2.979999999999998206 ) ) ;
#903 = AXIS2_PLACEMENT_3D ( 'NONE', #1587, #1287, #1579 ) ;
#904 = VERTEX_POINT ( 'NONE', #1452 ) ;
#905 = VECTOR ( 'NONE', #275, 1000.000000000000000 ) ;
#906 = CARTESIAN_POINT ( 'NONE',  ( 13.34999999999999609, -15.65000000000000036, 2.980000000000000426 ) ) ;
#907 = EDGE_CURVE ( 'NONE', #1257, #719, #537, .T. ) ;
#908 = CIRCLE ( 'NONE', #2064, 5.750000000000000000 ) ;
#909 = VERTEX_POINT ( 'NONE', #688 ) ;
#910 = LINE ( 'NONE', #1393, #1072 ) ;
#911 = SURFACE_SIDE_STYLE ('',( #1218 ) ) ;
#912 = AXIS2_PLACEMENT_3D ( 'NONE', #1260, #1087, #270 ) ;
#913 = AXIS2_PLACEMENT_3D ( 'NONE', #730, #1653, #423 ) ;
#914 = EDGE_CURVE ( 'NONE', #780, #863, #188, .T. ) ;
#915 = CARTESIAN_POINT ( 'NONE',  ( 7.500000000000000000, 0.000000000000000000, 0.000000000000000000 ) ) ;
#916 = CARTESIAN_POINT ( 'NONE',  ( 8.269999999999999574, -15.65000000000000036, -13.84999999999999964 ) ) ;
#917 = VECTOR ( 'NONE', #430, 1000.000000000000000 ) ;
#918 = ORIENTED_EDGE ( 'NONE', *, *, #1252, .T. ) ;
#919 =( LENGTH_UNIT ( ) NAMED_UNIT ( * ) SI_UNIT ( .MILLI., .METRE. ) );
#920 = SURFACE_STYLE_USAGE ( .BOTH. , #1086 ) ;
#921 = SURFACE_STYLE_USAGE ( .BOTH. , #911 ) ;
#922 = CARTESIAN_POINT ( 'NONE',  ( 7.499999999999998224, -15.65000000000000036, 2.980000000000000426 ) ) ;
#923 =( NAMED_UNIT ( * ) SI_UNIT ( $, .STERADIAN. ) SOLID_ANGLE_UNIT ( ) );
#924 = DIRECTION ( 'NONE',  ( 0.000000000000000000, 0.000000000000000000, 1.000000000000000000 ) ) ;
#925 = ORIENTED_EDGE ( 'NONE', *, *, #1356, .T. ) ;
#926 = FACE_OUTER_BOUND ( 'NONE', #30, .T. ) ;
#927 =( NAMED_UNIT ( * ) SI_UNIT ( $, .STERADIAN. ) SOLID_ANGLE_UNIT ( ) );
#928 = ORIENTED_EDGE ( 'NONE', *, *, #1534, .F. ) ;
#929 = CARTESIAN_POINT ( 'NONE',  ( -0.8500000000000000888, 8.205133554287266562E-16, -6.700000000000000178 ) ) ;
#930 = EDGE_CURVE ( 'NONE', #933, #1816, #1603, .T. ) ;
#931 = PLANE ( 'NONE',  #358 ) ;
#932 = DIRECTION ( 'NONE',  ( 0.000000000000000000, 1.000000000000000000, 0.000000000000000000 ) ) ;
#933 = VERTEX_POINT ( 'NONE', #845 ) ;
#934 = VERTEX_POINT ( 'NONE', #2 ) ;
#935 = PRESENTATION_LAYER_ASSIGNMENT (  '', '', ( #221 ) ) ;
#936 = STYLED_ITEM ( 'NONE', ( #174 ), #554 ) ;
#937 = ORIENTED_EDGE ( 'NONE', *, *, #721, .T. ) ;
#938 = VERTEX_POINT ( 'NONE', #1770 ) ;
#939 = CYLINDRICAL_SURFACE ( 'NONE', #1714, 4.649999999999999467 ) ;
#940 = EDGE_CURVE ( 'NONE', #1077, #784, #338, .T. ) ;
#941 = FILL_AREA_STYLE_COLOUR ( '', #1931 ) ;
#942 = AXIS2_PLACEMENT_3D ( 'NONE', #916, #1700, #760 ) ;
#943 = UNCERTAINTY_MEASURE_WITH_UNIT (LENGTH_MEASURE( 1.000000000000000082E-05 ), #1029, 'distance_accuracy_value', 'NONE');
#944 = VECTOR ( 'NONE', #1024, 1000.000000000000000 ) ;
#945 = DIRECTION ( 'NONE',  ( -1.000000000000000000, 0.000000000000000000, 0.000000000000000000 ) ) ;
#946 = ADVANCED_FACE ( 'NONE', ( #2077 ), #1126, .F. ) ;
#947 = ORIENTED_EDGE ( 'NONE', *, *, #1597, .F. ) ;
#948 = FILL_AREA_STYLE_COLOUR ( '', #1434 ) ;
#949 = ORIENTED_EDGE ( 'NONE', *, *, #52, .T. ) ;
#950 = LINE ( 'NONE', #970, #1635 ) ;
#951 = PLANE ( 'NONE',  #912 ) ;
#952 = DIRECTION ( 'NONE',  ( 0.7071067811865462405, 0.7071067811865489050, -0.000000000000000000 ) ) ;
#953 = ORIENTED_EDGE ( 'NONE', *, *, #1462, .T. ) ;
#954 = PRODUCT_DEFINITION_CONTEXT ( 'detailed design', #1333, 'design' ) ;
#955 = CARTESIAN_POINT ( 'NONE',  ( -13.84999999999999964, 0.000000000000000000, 4.649999999999999467 ) ) ;
#956 = VERTEX_POINT ( 'NONE', #1842 ) ;
#957 = ORIENTED_EDGE ( 'NONE', *, *, #1726, .T. ) ;
#958 = FILL_AREA_STYLE ('',( #1737 ) ) ;
#959 = SURFACE_STYLE_USAGE ( .BOTH. , #786 ) ;
#960 = ORIENTED_EDGE ( 'NONE', *, *, #1546, .F. ) ;
#961 = CARTESIAN_POINT ( 'NONE',  ( -13.84999999999999964, 0.000000000000000000, 0.000000000000000000 ) ) ;
#962 = ORIENTED_EDGE ( 'NONE', *, *, #1698, .T. ) ;
#963 = ORIENTED_EDGE ( 'NONE', *, *, #276, .T. ) ;
#964 = CARTESIAN_POINT ( 'NONE',  ( -12.06012525522267609, -15.65000000000000036, 2.980000000000000426 ) ) ;
#965 = PRODUCT_DEFINITION_SHAPE ( 'NONE', 'NONE',  #282 ) ;
#966 = EDGE_LOOP ( 'NONE', ( #928, #2083 ) ) ;
#967 = VECTOR ( 'NONE', #1745, 1000.000000000000000 ) ;
#968 = CARTESIAN_POINT ( 'NONE',  ( 12.57999999999998941, -15.14999999999999858, -2.099999999999997868 ) ) ;
#969 = ADVANCED_FACE ( 'NONE', ( #1973 ), #752, .F. ) ;
#970 = CARTESIAN_POINT ( 'NONE',  ( 65.02764894532670326, -15.65000000000000036, -2.100000000000000089 ) ) ;
#971 = AXIS2_PLACEMENT_3D ( 'NONE', #297, #952, #309 ) ;
#972 =( GEOMETRIC_REPRESENTATION_CONTEXT ( 3 ) GLOBAL_UNCERTAINTY_ASSIGNED_CONTEXT ( ( #435 ) ) GLOBAL_UNIT_ASSIGNED_CONTEXT ( ( #2019, #768, #194 ) ) REPRESENTATION_CONTEXT ( 'NONE', 'WORKASPACE' ) );
#973 = UNCERTAINTY_MEASURE_WITH_UNIT (LENGTH_MEASURE( 1.000000000000000082E-05 ), #1207, 'distance_accuracy_value', 'NONE');
#974 = ORIENTED_EDGE ( 'NONE', *, *, #408, .T. ) ;
#975 = LINE ( 'NONE', #1261, #1500 ) ;
#976 = DIRECTION ( 'NONE',  ( -1.000000000000000000, 0.000000000000000000, 0.000000000000000000 ) ) ;
#977 = ORIENTED_EDGE ( 'NONE', *, *, #204, .T. ) ;
#978 = CARTESIAN_POINT ( 'NONE',  ( 13.84999999999999964, 0.000000000000000000, -2.100000000000000089 ) ) ;
#979 = ADVANCED_FACE ( 'NONE', ( #1493 ), #889, .F. ) ;
#980 = VECTOR ( 'NONE', #1347, 1000.000000000000000 ) ;
#981 = DIRECTION ( 'NONE',  ( 0.000000000000000000, -1.000000000000000000, 1.301042606982603842E-16 ) ) ;
#982 =( NAMED_UNIT ( * ) SI_UNIT ( $, .STERADIAN. ) SOLID_ANGLE_UNIT ( ) );
#983 = FILL_AREA_STYLE ('',( #2055 ) ) ;
#984 =( NAMED_UNIT ( * ) PLANE_ANGLE_UNIT ( ) SI_UNIT ( $, .RADIAN. ) );
#985 = EDGE_LOOP ( 'NONE', ( #1721, #1920, #1417, #802 ) ) ;
#986 = ORIENTED_EDGE ( 'NONE', *, *, #204, .F. ) ;
#987 = DIRECTION ( 'NONE',  ( 0.7071067811865439090, -0.7071067811865512365, 0.000000000000000000 ) ) ;
#988 = ORIENTED_EDGE ( 'NONE', *, *, #1252, .F. ) ;
#989 = CARTESIAN_POINT ( 'NONE',  ( 8.469937372388532282, -20.53006262761141798, -2.980000000000002203 ) ) ;
#990 = DIRECTION ( 'NONE',  ( 1.000000000000000000, 0.000000000000000000, 0.000000000000000000 ) ) ;
#991 = CARTESIAN_POINT ( 'NONE',  ( 8.769999999999997797, -15.15000000000000036, 2.980000000000004423 ) ) ;
#992 = FACE_OUTER_BOUND ( 'NONE', #452, .T. ) ;
#993 = SURFACE_STYLE_USAGE ( .BOTH. , #1576 ) ;
#994 = EDGE_CURVE ( 'NONE', #24, #1806, #63, .T. ) ;
#995 = CARTESIAN_POINT ( 'NONE',  ( 9.774999999999996803, -12.50000000000000000, -2.099999999999997868 ) ) ;
#996 = FILL_AREA_STYLE ('',( #61 ) ) ;
#997 = CARTESIAN_POINT ( 'NONE',  ( 12.57999999999999474, 0.000000000000000000, -2.100000000000000089 ) ) ;
#998 = ORIENTED_EDGE ( 'NONE', *, *, #157, .F. ) ;
#999 = EDGE_CURVE ( 'NONE', #1334, #1256, #2001, .T. ) ;
#1000 = DIRECTION ( 'NONE',  ( 0.000000000000000000, 0.000000000000000000, 1.000000000000000000 ) ) ;
#1001 = MECHANICAL_DESIGN_GEOMETRIC_PRESENTATION_REPRESENTATION (  '', ( #1234 ), #427 ) ;
#1002 = COLOUR_RGB ( '',0.7921568627450980005, 0.8196078431372548767, 0.9333333333333333481 ) ;
#1003 = ORIENTED_EDGE ( 'NONE', *, *, #623, .F. ) ;
#1004 = AXIS2_PLACEMENT_3D ( 'NONE', #1814, #219, #1535 ) ;
#1005 = EDGE_LOOP ( 'NONE', ( #659, #1136, #2073, #1297 ) ) ;
#1006 = EDGE_LOOP ( 'NONE', ( #114, #298, #1235, #1186 ) ) ;
#1007 = SURFACE_STYLE_USAGE ( .BOTH. , #1624 ) ;
#1008 = LINE ( 'NONE', #366, #1895 ) ;
#1009 = SURFACE_STYLE_USAGE ( .BOTH. , #723 ) ;
#1010 = VECTOR ( 'NONE', #1292, 1000.000000000000000 ) ;
#1011 = CARTESIAN_POINT ( 'NONE',  ( 7.499999999999998224, -15.15000000000000036, 2.980000000000000426 ) ) ;
#1012 = DIRECTION ( 'NONE',  ( 0.000000000000000000, -0.000000000000000000, 1.000000000000000000 ) ) ;
#1013 = AXIS2_PLACEMENT_3D ( 'NONE', #1982, #1660, #900 ) ;
#1014 = ORIENTED_EDGE ( 'NONE', *, *, #1902, .F. ) ;
#1015 = FILL_AREA_STYLE_COLOUR ( '', #2069 ) ;
#1016 = STYLED_ITEM ( 'NONE', ( #1100 ), #1300 ) ;
#1017 = SURFACE_STYLE_USAGE ( .BOTH. , #425 ) ;
#1018 = ORIENTED_EDGE ( 'NONE', *, *, #1533, .T. ) ;
#1019 =( LENGTH_UNIT ( ) NAMED_UNIT ( * ) SI_UNIT ( .MILLI., .METRE. ) );
#1020 = DIRECTION ( 'NONE',  ( -1.000000000000000000, 0.000000000000000000, 0.000000000000000000 ) ) ;
#1021 = DIRECTION ( 'NONE',  ( -1.000000000000000000, 0.000000000000000000, 0.000000000000000000 ) ) ;
#1022 = DIRECTION ( 'NONE',  ( 0.000000000000000000, -1.000000000000000000, -1.301042606982603842E-16 ) ) ;
#1023 = ORIENTED_EDGE ( 'NONE', *, *, #1583, .T. ) ;
#1024 = DIRECTION ( 'NONE',  ( 0.000000000000000000, -1.000000000000000000, -1.939786634478857902E-16 ) ) ;
#1025 = CARTESIAN_POINT ( 'NONE',  ( 65.02764894532670326, -12.50000000000000000, 2.099999999999998312 ) ) ;
#1026 =( LENGTH_UNIT ( ) NAMED_UNIT ( * ) SI_UNIT ( .MILLI., .METRE. ) );
#1027 = EDGE_CURVE ( 'NONE', #780, #909, #1313, .T. ) ;
#1028 = FILL_AREA_STYLE ('',( #1936 ) ) ;
#1029 =( LENGTH_UNIT ( ) NAMED_UNIT ( * ) SI_UNIT ( .MILLI., .METRE. ) );
#1030 = LINE ( 'NONE', #1205, #404 ) ;
#1031 = FILL_AREA_STYLE ('',( #1162 ) ) ;
#1032 = EDGE_CURVE ( 'NONE', #397, #1325, #1030, .T. ) ;
#1033 = CARTESIAN_POINT ( 'NONE',  ( 7.500000000000000000, 0.000000000000000000, -2.100000000000000089 ) ) ;
#1034 = DIRECTION ( 'NONE',  ( 0.000000000000000000, -1.301042606982603842E-16, -1.000000000000000000 ) ) ;
#1035 = VECTOR ( 'NONE', #981, 1000.000000000000000 ) ;
#1036 = DIRECTION ( 'NONE',  ( 0.000000000000000000, 0.000000000000000000, -1.000000000000000000 ) ) ;
#1037 = AXIS2_PLACEMENT_3D ( 'NONE', #1913, #987, #1124 ) ;
#1038 = AXIS2_PLACEMENT_3D ( 'NONE', #1475, #1937, #677 ) ;
#1039 = ADVANCED_FACE ( 'NONE', ( #1671 ), #2052, .F. ) ;
#1040 = CARTESIAN_POINT ( 'NONE',  ( 8.769999999999999574, 0.000000000000000000, -2.100000000000000089 ) ) ;
#1041 = PLANE ( 'NONE',  #488 ) ;
#1042 = VECTOR ( 'NONE', #646, 1000.000000000000000 ) ;
#1043 = VERTEX_POINT ( 'NONE', #821 ) ;
#1044 = VECTOR ( 'NONE', #392, 1000.000000000000000 ) ;
#1045 =( LENGTH_UNIT ( ) NAMED_UNIT ( * ) SI_UNIT ( .MILLI., .METRE. ) );
#1046 = DIRECTION ( 'NONE',  ( -1.000000000000000000, 0.000000000000000000, 0.000000000000000000 ) ) ;
#1047 = MECHANICAL_DESIGN_GEOMETRIC_PRESENTATION_REPRESENTATION (  '', ( #1016 ), #782 ) ;
#1048 = DIRECTION ( 'NONE',  ( 0.000000000000000000, 1.000000000000000000, 1.301042606982603842E-16 ) ) ;
#1049 = DIRECTION ( 'NONE',  ( -1.000000000000000000, 0.000000000000000000, 0.000000000000000000 ) ) ;
#1050 = EDGE_LOOP ( 'NONE', ( #454, #466, #518, #678 ) ) ;
#1051 = DIRECTION ( 'NONE',  ( 1.000000000000000000, -0.000000000000000000, -0.000000000000000000 ) ) ;
#1052 = DIRECTION ( 'NONE',  ( 1.000000000000000000, 0.000000000000000000, 0.000000000000000000 ) ) ;
#1053 = DIRECTION ( 'NONE',  ( 0.7071067811865512365, 0.7071067811865439090, -9.199760500100186897E-17 ) ) ;
#1054 = EDGE_CURVE ( 'NONE', #1844, #1607, #168, .T. ) ;
#1055 = PRESENTATION_STYLE_ASSIGNMENT (( #413 ) ) ;
#1056 = EDGE_LOOP ( 'NONE', ( #37, #199, #1420, #439 ) ) ;
#1057 = LINE ( 'NONE', #1025, #51 ) ;
#1058 = CARTESIAN_POINT ( 'NONE',  ( 7.500000000000000000, 0.000000000000000000, 0.000000000000000000 ) ) ;
#1059 = LINE ( 'NONE', #1239, #1200 ) ;
#1060 = EDGE_CURVE ( 'NONE', #1416, #9, #1595, .T. ) ;
#1061 = CARTESIAN_POINT ( 'NONE',  ( 7.500000000000000000, 0.000000000000000000, 0.000000000000000000 ) ) ;
#1062 = LINE ( 'NONE', #1517, #1208 ) ;
#1063 =( NAMED_UNIT ( * ) SI_UNIT ( $, .STERADIAN. ) SOLID_ANGLE_UNIT ( ) );
#1064 = COLOUR_RGB ( '',1.000000000000000000, 0.000000000000000000, 0.000000000000000000 ) ;
#1065 = CARTESIAN_POINT ( 'NONE',  ( 11.57499999999999574, -12.50000000000000000, 2.099999999999997868 ) ) ;
#1066 = STYLED_ITEM ( 'NONE', ( #859 ), #549 ) ;
#1067 = MECHANICAL_DESIGN_GEOMETRIC_PRESENTATION_REPRESENTATION (  '', ( #1965 ), #972 ) ;
#1068 = CARTESIAN_POINT ( 'NONE',  ( -9.049999999999998934, 0.000000000000000000, 0.000000000000000000 ) ) ;
#1069 = PRESENTATION_LAYER_ASSIGNMENT (  '', '', ( #1691 ) ) ;
#1070 = CARTESIAN_POINT ( 'NONE',  ( -0.8500000000000000888, 0.000000000000000000, 0.000000000000000000 ) ) ;
#1071 = CARTESIAN_POINT ( 'NONE',  ( 7.999999999999998224, -15.65000000000000036, 2.980000000000000426 ) ) ;
#1072 = VECTOR ( 'NONE', #1681, 1000.000000000000000 ) ;
#1073 = VECTOR ( 'NONE', #837, 1000.000000000000000 ) ;
#1074 = CARTESIAN_POINT ( 'NONE',  ( 11.57499999999999751, -7.000000000000000000, -2.099999999999997868 ) ) ;
#1075 = CARTESIAN_POINT ( 'NONE',  ( 13.84999999999999964, -15.15000000000000213, 2.099999999999997868 ) ) ;
#1076 = VERTEX_POINT ( 'NONE', #294 ) ;
#1077 = VERTEX_POINT ( 'NONE', #1565 ) ;
#1078 = EDGE_CURVE ( 'NONE', #1236, #462, #950, .T. ) ;
#1079 = SURFACE_SIDE_STYLE ('',( #1876 ) ) ;
#1080 = UNCERTAINTY_MEASURE_WITH_UNIT (LENGTH_MEASURE( 1.000000000000000082E-05 ), #1464, 'distance_accuracy_value', 'NONE');
#1081 = CARTESIAN_POINT ( 'NONE',  ( -10.65000000000000036, 0.000000000000000000, 6.700000000000000178 ) ) ;
#1082 = EDGE_CURVE ( 'NONE', #1777, #668, #314, .T. ) ;
#1083 = ORIENTED_EDGE ( 'NONE', *, *, #1687, .F. ) ;
#1084 = SURFACE_SIDE_STYLE ('',( #1238 ) ) ;
#1085 = ADVANCED_FACE ( 'NONE', ( #1439 ), #1728, .F. ) ;
#1086 = SURFACE_SIDE_STYLE ('',( #1400 ) ) ;
#1087 = DIRECTION ( 'NONE',  ( 1.000000000000000000, 0.000000000000000000, 0.000000000000000000 ) ) ;
#1088 = CARTESIAN_POINT ( 'NONE',  ( 8.769999999999997797, -12.50000000000000000, -47.22000000000000597 ) ) ;
#1089 = SURFACE_STYLE_FILL_AREA ( #1878 ) ;
#1090 = EDGE_LOOP ( 'NONE', ( #1948, #1893, #1160, #947 ) ) ;
#1091 = AXIS2_PLACEMENT_3D ( 'NONE', #1318, #520, #475 ) ;
#1092 = ORIENTED_EDGE ( 'NONE', *, *, #52, .F. ) ;
#1093 = DIRECTION ( 'NONE',  ( -0.7071067811865462405, 0.7071067811865489050, 9.199760500100250992E-17 ) ) ;
#1094 = PRESENTATION_LAYER_ASSIGNMENT (  '', '', ( #364 ) ) ;
#1095 = ORIENTED_EDGE ( 'NONE', *, *, #907, .F. ) ;
#1096 = EDGE_LOOP ( 'NONE', ( #525, #447, #2047, #1643, #247, #296, #1819, #1622, #843, #302, #496, #986, #1602, #568, #1308, #504, #129 ) ) ;
#1097 = DIRECTION ( 'NONE',  ( 1.000000000000000000, 0.000000000000000000, 0.000000000000000000 ) ) ;
#1098 = DIRECTION ( 'NONE',  ( 0.000000000000000000, -1.000000000000000000, -2.494011387187102877E-16 ) ) ;
#1099 = COLOUR_RGB ( '',1.000000000000000000, 0.000000000000000000, 0.000000000000000000 ) ;
#1100 = PRESENTATION_STYLE_ASSIGNMENT (( #775 ) ) ;
#1101 = CIRCLE ( 'NONE', #161, 2.980000000000001315 ) ;
#1102 = DIRECTION ( 'NONE',  ( 0.000000000000000000, 1.000000000000000000, 0.000000000000000000 ) ) ;
#1103 = FACE_OUTER_BOUND ( 'NONE', #110, .T. ) ;
#1104 = AXIS2_PLACEMENT_3D ( 'NONE', #227, #747, #728 ) ;
#1105 = ORIENTED_EDGE ( 'NONE', *, *, #1185, .T. ) ;
#1106 = CONICAL_SURFACE ( 'NONE', #201, 5.110721042641049650, 0.1570796326794902387 ) ;
#1107 = DIRECTION ( 'NONE',  ( -0.000000000000000000, 1.000000000000000000, -0.000000000000000000 ) ) ;
#1108 = ORIENTED_EDGE ( 'NONE', *, *, #90, .F. ) ;
#1109 = FACE_OUTER_BOUND ( 'NONE', #1050, .T. ) ;
#1110 = CARTESIAN_POINT ( 'NONE',  ( 9.774999999999996803, -12.50000000000000000, -2.980000000000003535 ) ) ;
#1111 = UNCERTAINTY_MEASURE_WITH_UNIT (LENGTH_MEASURE( 1.000000000000000082E-05 ), #1813, 'distance_accuracy_value', 'NONE');
#1112 = LINE ( 'NONE', #2046, #1404 ) ;
#1113 = ORIENTED_EDGE ( 'NONE', *, *, #1191, .F. ) ;
#1114 = ORIENTED_EDGE ( 'NONE', *, *, #1908, .T. ) ;
#1115 = ADVANCED_FACE ( 'NONE', ( #1738 ), #1969, .T. ) ;
#1116 = CARTESIAN_POINT ( 'NONE',  ( -1.895062627611302730, -25.81506262761133641, 2.979999999999997762 ) ) ;
#1117 = ORIENTED_EDGE ( 'NONE', *, *, #1637, .T. ) ;
#1118 = LINE ( 'NONE', #1446, #967 ) ;
#1119 = PRESENTATION_STYLE_ASSIGNMENT (( #1620 ) ) ;
#1120 = DIRECTION ( 'NONE',  ( 1.000000000000000000, 0.000000000000000000, 0.000000000000000000 ) ) ;
#1121 = DIRECTION ( 'NONE',  ( -1.000000000000000000, 0.000000000000000000, 0.000000000000000000 ) ) ;
#1122 = EDGE_CURVE ( 'NONE', #441, #1599, #1773, .T. ) ;
#1123 = VERTEX_POINT ( 'NONE', #573 ) ;
#1124 = DIRECTION ( 'NONE',  ( 0.000000000000000000, 0.000000000000000000, 1.000000000000000000 ) ) ;
#1125 = VERTEX_POINT ( 'NONE', #1373 ) ;
#1126 = PLANE ( 'NONE',  #1810 ) ;
#1127 = CARTESIAN_POINT ( 'NONE',  ( 13.84999999999999964, -15.15000000000000213, 2.100000000000000089 ) ) ;
#1128 = FACE_OUTER_BOUND ( 'NONE', #354, .T. ) ;
#1129 = VECTOR ( 'NONE', #1907, 1000.000000000000000 ) ;
#1130 = CARTESIAN_POINT ( 'NONE',  ( -2.030062627611304293, -5.619937372388663199, 2.980000000000003091 ) ) ;
#1131 = AXIS2_PLACEMENT_3D ( 'NONE', #349, #1174, #1646 ) ;
#1132 = MECHANICAL_DESIGN_GEOMETRIC_PRESENTATION_REPRESENTATION (  '', ( #1829 ), #2026 ) ;
#1133 = STYLED_ITEM ( 'NONE', ( #375 ), #329 ) ;
#1134 = VERTEX_POINT ( 'NONE', #539 ) ;
#1135 = LINE ( 'NONE', #1088, #1559 ) ;
#1136 = ORIENTED_EDGE ( 'NONE', *, *, #411, .T. ) ;
#1137 = DIRECTION ( 'NONE',  ( 0.000000000000000000, -1.000000000000000000, 1.301042606982603842E-16 ) ) ;
#1138 = ORIENTED_EDGE ( 'NONE', *, *, #1789, .T. ) ;
#1139 = PRESENTATION_LAYER_ASSIGNMENT (  '', '', ( #603 ) ) ;
#1140 = PRESENTATION_STYLE_ASSIGNMENT (( #203 ) ) ;
#1141 = COLOUR_RGB ( '',1.000000000000000000, 0.000000000000000000, 0.000000000000000000 ) ;
#1142 = CARTESIAN_POINT ( 'NONE',  ( 8.269999999999999574, -15.65000000000000036, -2.100000000000000089 ) ) ;
#1143 = PRESENTATION_LAYER_ASSIGNMENT (  '', '', ( #2037 ) ) ;
#1144 = ADVANCED_FACE ( 'NONE', ( #1997 ), #1283, .T. ) ;
#1145 = SURFACE_STYLE_FILL_AREA ( #1165 ) ;
#1146 = DIRECTION ( 'NONE',  ( 0.000000000000000000, 0.000000000000000000, 1.000000000000000000 ) ) ;
#1147 = VERTEX_POINT ( 'NONE', #1359 ) ;
#1148 = DIRECTION ( 'NONE',  ( 1.000000000000000000, -3.154042683594194627E-16, 0.000000000000000000 ) ) ;
#1149 = ORIENTED_EDGE ( 'NONE', *, *, #2081, .F. ) ;
#1150 = FACE_OUTER_BOUND ( 'NONE', #2066, .T. ) ;
#1151 = ADVANCED_FACE ( 'NONE', ( #1189 ), #1821, .F. ) ;
#1152 = ORIENTED_EDGE ( 'NONE', *, *, #891, .F. ) ;
#1153 = DIRECTION ( 'NONE',  ( 0.000000000000000000, 0.000000000000000000, -1.000000000000000000 ) ) ;
#1154 = LINE ( 'NONE', #353, #2029 ) ;
#1155 = SURFACE_STYLE_USAGE ( .BOTH. , #43 ) ;
#1156 = DIRECTION ( 'NONE',  ( -1.000000000000000000, 0.000000000000000000, 0.000000000000000000 ) ) ;
#1157 = CARTESIAN_POINT ( 'NONE',  ( 8.269999999999997797, -15.65000000000000036, 2.980000000000000426 ) ) ;
#1158 = ORIENTED_EDGE ( 'NONE', *, *, #1432, .T. ) ;
#1159 = DIRECTION ( 'NONE',  ( -1.000000000000000000, 0.000000000000000000, 0.000000000000000000 ) ) ;
#1160 = ORIENTED_EDGE ( 'NONE', *, *, #1698, .F. ) ;
#1161 = CARTESIAN_POINT ( 'NONE',  ( 12.57999999999999297, -12.50000000000000000, -47.22000000000000597 ) ) ;
#1162 = FILL_AREA_STYLE_COLOUR ( '', #531 ) ;
#1163 = VECTOR ( 'NONE', #1053, 1000.000000000000000 ) ;
#1164 = AXIS2_PLACEMENT_3D ( 'NONE', #594, #1217, #1846 ) ;
#1165 = FILL_AREA_STYLE ('',( #181 ) ) ;
#1166 = SURFACE_SIDE_STYLE ('',( #1293 ) ) ;
#1167 = EDGE_LOOP ( 'NONE', ( #494, #791, #1521, #604 ) ) ;
#1168 = EDGE_CURVE ( 'NONE', #1330, #1256, #87, .T. ) ;
#1169 = EDGE_CURVE ( 'NONE', #1777, #1884, #67, .T. ) ;
#1170 = CARTESIAN_POINT ( 'NONE',  ( -0.8500000000000000888, 0.000000000000000000, 0.000000000000000000 ) ) ;
#1171 = VECTOR ( 'NONE', #22, 1000.000000000000000 ) ;
#1172 = LINE ( 'NONE', #664, #818 ) ;
#1173 = VECTOR ( 'NONE', #356, 1000.000000000000000 ) ;
#1174 = DIRECTION ( 'NONE',  ( -1.000000000000000000, 0.000000000000000000, 0.000000000000000000 ) ) ;
#1175 = LINE ( 'NONE', #1938, #1528 ) ;
#1176 = VECTOR ( 'NONE', #1305, 1000.000000000000000 ) ;
#1177 = CARTESIAN_POINT ( 'NONE',  ( 13.84999999999999964, 3.673940397442059868E-16, 2.980000000000004423 ) ) ;
#1178 = VECTOR ( 'NONE', #1998, 1000.000000000000000 ) ;
#1179 = FACE_BOUND ( 'NONE', #522, .T. ) ;
#1180 = AXIS2_PLACEMENT_3D ( 'NONE', #1839, #1051, #1360 ) ;
#1181 = ORIENTED_EDGE ( 'NONE', *, *, #1078, .F. ) ;
#1182 = EDGE_CURVE ( 'NONE', #783, #1860, #1526, .T. ) ;
#1183 = CARTESIAN_POINT ( 'NONE',  ( -9.049999999999998934, 0.000000000000000000, 0.000000000000000000 ) ) ;
#1184 = CARTESIAN_POINT ( 'NONE',  ( 13.84999999999999964, 0.000000000000000000, 0.000000000000000000 ) ) ;
#1185 = EDGE_CURVE ( 'NONE', #1430, #1330, #607, .T. ) ;
#1186 = ORIENTED_EDGE ( 'NONE', *, *, #527, .F. ) ;
#1187 = DIRECTION ( 'NONE',  ( 1.000000000000000000, 0.000000000000000000, 0.000000000000000000 ) ) ;
#1188 = DIRECTION ( 'NONE',  ( -0.000000000000000000, 1.000000000000000000, 0.000000000000000000 ) ) ;
#1189 = FACE_OUTER_BOUND ( 'NONE', #99, .T. ) ;
#1190 = PLANE ( 'NONE',  #591 ) ;
#1191 = EDGE_CURVE ( 'NONE', #798, #143, #1371, .T. ) ;
#1192 = FILL_AREA_STYLE ('',( #1220 ) ) ;
#1193 = DIRECTION ( 'NONE',  ( 0.000000000000000000, 1.000000000000000000, 1.939786634478857902E-16 ) ) ;
#1194 = PRESENTATION_STYLE_ASSIGNMENT (( #569 ) ) ;
#1195 = EDGE_LOOP ( 'NONE', ( #1966, #1083, #154, #310 ) ) ;
#1196 = FILL_AREA_STYLE ('',( #1539 ) ) ;
#1197 = CARTESIAN_POINT ( 'NONE',  ( -10.65000000000000036, 0.000000000000000000, 0.000000000000000000 ) ) ;
#1198 = VECTOR ( 'NONE', #831, 999.9999999999998863 ) ;
#1199 = DIRECTION ( 'NONE',  ( 0.000000000000000000, 1.301042606982603842E-16, -1.000000000000000000 ) ) ;
#1200 = VECTOR ( 'NONE', #205, 1000.000000000000000 ) ;
#1201 = PLANE ( 'NONE',  #1013 ) ;
#1202 = COLOUR_RGB ( '',1.000000000000000000, 0.000000000000000000, 0.000000000000000000 ) ;
#1203 = DIRECTION ( 'NONE',  ( 1.000000000000000000, 0.000000000000000000, 0.000000000000000000 ) ) ;
#1204 = CIRCLE ( 'NONE', #530, 6.700000000000000178 ) ;
#1205 = CARTESIAN_POINT ( 'NONE',  ( 8.769999999999999574, 0.000000000000000000, 2.100000000000000089 ) ) ;
#1206 = CONICAL_SURFACE ( 'NONE', #1999, 5.110721042641049650, 0.1570796326794902387 ) ;
#1207 =( LENGTH_UNIT ( ) NAMED_UNIT ( * ) SI_UNIT ( .MILLI., .METRE. ) );
#1208 = VECTOR ( 'NONE', #68, 1000.000000000000000 ) ;
#1209 = EDGE_CURVE ( 'NONE', #183, #322, #1210, .T. ) ;
#1210 = LINE ( 'NONE', #757, #917 ) ;
#1211 = EDGE_LOOP ( 'NONE', ( #1763, #618, #261, #1226 ) ) ;
#1212 = ORIENTED_EDGE ( 'NONE', *, *, #527, .T. ) ;
#1213 = ADVANCED_FACE ( 'NONE', ( #551 ), #1385, .F. ) ;
#1214 = APPLICATION_CONTEXT ( 'automotive_design' ) ;
#1215 = VERTEX_POINT ( 'NONE', #416 ) ;
#1216 = SURFACE_SIDE_STYLE ('',( #100 ) ) ;
#1217 = DIRECTION ( 'NONE',  ( -1.000000000000000000, 0.000000000000000000, 0.000000000000000000 ) ) ;
#1218 = SURFACE_STYLE_FILL_AREA ( #263 ) ;
#1219 = EDGE_CURVE ( 'NONE', #1325, #1634, #1394, .T. ) ;
#1220 = FILL_AREA_STYLE_COLOUR ( '', #1522 ) ;
#1221 = DIRECTION ( 'NONE',  ( 1.000000000000000000, -0.000000000000000000, -0.000000000000000000 ) ) ;
#1222 =( NAMED_UNIT ( * ) SI_UNIT ( $, .STERADIAN. ) SOLID_ANGLE_UNIT ( ) );
#1223 = CARTESIAN_POINT ( 'NONE',  ( 13.07999999999999474, -15.65000000000000036, 2.100000000000000089 ) ) ;
#1224 = ORIENTED_EDGE ( 'NONE', *, *, #1427, .F. ) ;
#1225 = SURFACE_STYLE_FILL_AREA ( #2012 ) ;
#1226 = ORIENTED_EDGE ( 'NONE', *, *, #1395, .F. ) ;
#1227 = EDGE_LOOP ( 'NONE', ( #1545, #1268, #694, #1551 ) ) ;
#1228 = LINE ( 'NONE', #1987, #1241 ) ;
#1229 = FACE_OUTER_BOUND ( 'NONE', #1736, .T. ) ;
#1230 = CARTESIAN_POINT ( 'NONE',  ( 8.769999999999997797, -12.50000000000000000, 2.980000000000004423 ) ) ;
#1231 = DIRECTION ( 'NONE',  ( -0.000000000000000000, 0.000000000000000000, 1.000000000000000000 ) ) ;
#1232 = CIRCLE ( 'NONE', #1164, 4.649999999999999467 ) ;
#1233 = CARTESIAN_POINT ( 'NONE',  ( -12.06012525522267609, -15.65000000000000036, 2.980000000000000426 ) ) ;
#1234 = STYLED_ITEM ( 'NONE', ( #10 ), #2065 ) ;
#1235 = ORIENTED_EDGE ( 'NONE', *, *, #930, .T. ) ;
#1236 = VERTEX_POINT ( 'NONE', #2016 ) ;
#1237 = PRESENTATION_LAYER_ASSIGNMENT (  '', '', ( #1965 ) ) ;
#1238 = SURFACE_STYLE_FILL_AREA ( #632 ) ;
#1239 = CARTESIAN_POINT ( 'NONE',  ( 12.57999999999999297, -15.15000000000000213, -47.22000000000000597 ) ) ;
#1240 = MECHANICAL_DESIGN_GEOMETRIC_PRESENTATION_REPRESENTATION (  '', ( #601 ), #643 ) ;
#1241 = VECTOR ( 'NONE', #1673, 999.9999999999998863 ) ;
#1242 = EDGE_CURVE ( 'NONE', #1734, #850, #718, .T. ) ;
#1243 = VECTOR ( 'NONE', #362, 1000.000000000000000 ) ;
#1244 = SURFACE_STYLE_FILL_AREA ( #193 ) ;
#1245 = VECTOR ( 'NONE', #1980, 1000.000000000000000 ) ;
#1246 = ORIENTED_EDGE ( 'NONE', *, *, #468, .T. ) ;
#1247 = VERTEX_POINT ( 'NONE', #1071 ) ;
#1248 = PRESENTATION_STYLE_ASSIGNMENT (( #1017 ) ) ;
#1249 = FILL_AREA_STYLE_COLOUR ( '', #1002 ) ;
#1250 = EDGE_CURVE ( 'NONE', #1494, #1777, #734, .T. ) ;
#1251 = DIRECTION ( 'NONE',  ( 0.000000000000000000, 0.000000000000000000, -1.000000000000000000 ) ) ;
#1252 = EDGE_CURVE ( 'NONE', #1257, #719, #332, .T. ) ;
#1253 = FACE_OUTER_BOUND ( 'NONE', #2011, .T. ) ;
#1254 = FILL_AREA_STYLE_COLOUR ( '', #1992 ) ;
#1255 = ORIENTED_EDGE ( 'NONE', *, *, #145, .F. ) ;
#1256 = VERTEX_POINT ( 'NONE', #572 ) ;
#1257 = VERTEX_POINT ( 'NONE', #1831 ) ;
#1258 = VERTEX_POINT ( 'NONE', #582 ) ;
#1259 = PRESENTATION_STYLE_ASSIGNMENT (( #1547 ) ) ;
#1260 = CARTESIAN_POINT ( 'NONE',  ( -13.84999999999999964, 5.750000000000000000, 0.000000000000000000 ) ) ;
#1261 = CARTESIAN_POINT ( 'NONE',  ( 7.500000000000000000, 0.000000000000000000, -2.100000000000000089 ) ) ;
#1262 = PLANE ( 'NONE',  #1960 ) ;
#1263 = ORIENTED_EDGE ( 'NONE', *, *, #1989, .F. ) ;
#1264 = AXIS2_PLACEMENT_3D ( 'NONE', #111, #103, #446 ) ;
#1265 = STYLED_ITEM ( 'NONE', ( #1783 ), #829 ) ;
#1266 = CARTESIAN_POINT ( 'NONE',  ( 12.57999999999999474, 0.000000000000000000, 2.100000000000000089 ) ) ;
#1267 = ORIENTED_EDGE ( 'NONE', *, *, #1985, .F. ) ;
#1268 = ORIENTED_EDGE ( 'NONE', *, *, #299, .T. ) ;
#1269 = VECTOR ( 'NONE', #1722, 1000.000000000000000 ) ;
#1270 = DIRECTION ( 'NONE',  ( -0.000000000000000000, 1.000000000000000000, 0.000000000000000000 ) ) ;
#1271 = MECHANICAL_DESIGN_GEOMETRIC_PRESENTATION_REPRESENTATION (  '', ( #88 ), #368 ) ;
#1272 = SURFACE_STYLE_USAGE ( .BOTH. , #1577 ) ;
#1273 = LINE ( 'NONE', #929, #855 ) ;
#1274 = ORIENTED_EDGE ( 'NONE', *, *, #1666, .T. ) ;
#1275 = VECTOR ( 'NONE', #1357, 1000.000000000000114 ) ;
#1276 = LINE ( 'NONE', #163, #1890 ) ;
#1277 = AXIS2_PLACEMENT_3D ( 'NONE', #367, #1148, #348 ) ;
#1278 = ORIENTED_EDGE ( 'NONE', *, *, #1032, .F. ) ;
#1279 = MECHANICAL_DESIGN_GEOMETRIC_PRESENTATION_REPRESENTATION (  '', ( #820 ), #162 ) ;
#1280 = CARTESIAN_POINT ( 'NONE',  ( 11.57499999999999574, -12.50000000000000000, -47.22000000000000597 ) ) ;
#1281 = DIRECTION ( 'NONE',  ( 0.000000000000000000, 0.000000000000000000, 1.000000000000000000 ) ) ;
#1282 = ADVANCED_FACE ( 'NONE', ( #1229 ), #1106, .T. ) ;
#1283 = CYLINDRICAL_SURFACE ( 'NONE', #1604, 3.250000000000000000 ) ;
#1284 = FACE_OUTER_BOUND ( 'NONE', #1443, .T. ) ;
#1285 =( LENGTH_UNIT ( ) NAMED_UNIT ( * ) SI_UNIT ( .MILLI., .METRE. ) );
#1286 = ORIENTED_EDGE ( 'NONE', *, *, #561, .F. ) ;
#1287 = DIRECTION ( 'NONE',  ( -1.000000000000000000, 0.000000000000000000, 0.000000000000000000 ) ) ;
#1288 = ORIENTED_EDGE ( 'NONE', *, *, #145, .T. ) ;
#1289 = CARTESIAN_POINT ( 'NONE',  ( 11.57499999999999574, -12.50000000000000000, -2.099999999999997868 ) ) ;
#1290 = ORIENTED_EDGE ( 'NONE', *, *, #1485, .F. ) ;
#1291 = CARTESIAN_POINT ( 'NONE',  ( 8.769999999999997797, -15.15000000000000036, -47.22000000000000597 ) ) ;
#1292 = DIRECTION ( 'NONE',  ( -1.000000000000000000, 0.000000000000000000, 0.000000000000000000 ) ) ;
#1293 = SURFACE_STYLE_FILL_AREA ( #524 ) ;
#1294 = ORIENTED_EDGE ( 'NONE', *, *, #2005, .T. ) ;
#1295 = CARTESIAN_POINT ( 'NONE',  ( 8.769999999999997797, -12.50000000000000000, -47.22000000000000597 ) ) ;
#1296 = EDGE_CURVE ( 'NONE', #449, #850, #1273, .T. ) ;
#1297 = ORIENTED_EDGE ( 'NONE', *, *, #381, .F. ) ;
#1298 = DIRECTION ( 'NONE',  ( 0.000000000000000000, 0.000000000000000000, 1.000000000000000000 ) ) ;
#1299 = DIRECTION ( 'NONE',  ( -1.000000000000000000, 0.000000000000000000, 0.000000000000000000 ) ) ;
#1300 = ADVANCED_FACE ( 'NONE', ( #1567 ), #1440, .F. ) ;
#1301 = VERTEX_POINT ( 'NONE', #1110 ) ;
#1302 = AXIS2_PLACEMENT_3D ( 'NONE', #178, #1759, #1153 ) ;
#1303 = CARTESIAN_POINT ( 'NONE',  ( 7.500000000000000000, -15.15000000000000036, 0.000000000000000000 ) ) ;
#1304 = STYLED_ITEM ( 'NONE', ( #15 ), #581 ) ;
#1305 = DIRECTION ( 'NONE',  ( 1.000000000000000000, 0.000000000000000000, 0.000000000000000000 ) ) ;
#1306 = LINE ( 'NONE', #1630, #1532 ) ;
#1307 = UNCERTAINTY_MEASURE_WITH_UNIT (LENGTH_MEASURE( 1.000000000000000082E-05 ), #355, 'distance_accuracy_value', 'NONE');
#1308 = ORIENTED_EDGE ( 'NONE', *, *, #862, .T. ) ;
#1309 = FILL_AREA_STYLE ('',( #1458 ) ) ;
#1310 = ADVANCED_FACE ( 'NONE', ( #1284, #2070 ), #951, .F. ) ;
#1311 = VERTEX_POINT ( 'NONE', #1888 ) ;
#1312 = CIRCLE ( 'NONE', #401, 2.029999999999999805 ) ;
#1313 = CIRCLE ( 'NONE', #779, 2.100000000000000089 ) ;
#1314 = FACE_OUTER_BOUND ( 'NONE', #846, .T. ) ;
#1315 = FACE_OUTER_BOUND ( 'NONE', #1563, .T. ) ;
#1316 = AXIS2_PLACEMENT_3D ( 'NONE', #402, #2007, #735 ) ;
#1317 = ORIENTED_EDGE ( 'NONE', *, *, #731, .T. ) ;
#1318 = CARTESIAN_POINT ( 'NONE',  ( 7.500000000000000000, 0.000000000000000000, 0.000000000000000000 ) ) ;
#1319 = DIRECTION ( 'NONE',  ( 0.000000000000000000, 0.000000000000000000, 1.000000000000000000 ) ) ;
#1320 = CARTESIAN_POINT ( 'NONE',  ( 8.269999999999999574, -15.65000000000000036, 2.100000000000000089 ) ) ;
#1321 = EDGE_LOOP ( 'NONE', ( #19, #1457, #265, #2042 ) ) ;
#1322 = ORIENTED_EDGE ( 'NONE', *, *, #1546, .T. ) ;
#1323 = SURFACE_STYLE_USAGE ( .BOTH. , #470 ) ;
#1324 = ORIENTED_EDGE ( 'NONE', *, *, #862, .F. ) ;
#1325 = VERTEX_POINT ( 'NONE', #459 ) ;
#1326 = CARTESIAN_POINT ( 'NONE',  ( 7.500000000000000000, 0.000000000000000000, 0.000000000000000000 ) ) ;
#1327 = DIRECTION ( 'NONE',  ( 0.000000000000000000, 0.000000000000000000, 1.000000000000000000 ) ) ;
#1328 = LINE ( 'NONE', #653, #278 ) ;
#1329 = DIRECTION ( 'NONE',  ( 0.7071067811865489050, 0.7071067811865462405, 0.000000000000000000 ) ) ;
#1330 = VERTEX_POINT ( 'NONE', #1428 ) ;
#1331 = SURFACE_SIDE_STYLE ('',( #169 ) ) ;
#1332 = CARTESIAN_POINT ( 'NONE',  ( -2.534312424266209174, 0.000000000000000000, 6.700000000000000178 ) ) ;
#1333 = APPLICATION_CONTEXT ( 'automotive_design' ) ;
#1334 = VERTEX_POINT ( 'NONE', #2054 ) ;
#1335 =( LENGTH_UNIT ( ) NAMED_UNIT ( * ) SI_UNIT ( .MILLI., .METRE. ) );
#1336 = FACE_OUTER_BOUND ( 'NONE', #257, .T. ) ;
#1337 = LINE ( 'NONE', #512, #1758 ) ;
#1338 = ADVANCED_FACE ( 'NONE', ( #1486, #696 ), #374, .F. ) ;
#1339 = MECHANICAL_DESIGN_GEOMETRIC_PRESENTATION_REPRESENTATION (  '', ( #553 ), #1557 ) ;
#1340 = ORIENTED_EDGE ( 'NONE', *, *, #914, .F. ) ;
#1341 =( GEOMETRIC_REPRESENTATION_CONTEXT ( 3 ) GLOBAL_UNCERTAINTY_ASSIGNED_CONTEXT ( ( #1870 ) ) GLOBAL_UNIT_ASSIGNED_CONTEXT ( ( #1652, #1774, #1482 ) ) REPRESENTATION_CONTEXT ( 'NONE', 'WORKASPACE' ) );
#1342 = DIRECTION ( 'NONE',  ( 0.000000000000000000, 0.000000000000000000, 1.000000000000000000 ) ) ;
#1343 = ORIENTED_EDGE ( 'NONE', *, *, #1242, .T. ) ;
#1344 = CARTESIAN_POINT ( 'NONE',  ( -12.06012525522267609, 0.000000000000000000, -2.979999999999998206 ) ) ;
#1345 = COLOUR_RGB ( '',1.000000000000000000, 0.000000000000000000, 0.000000000000000000 ) ;
#1346 = ADVANCED_FACE ( 'NONE', ( #1179, #523 ), #681, .T. ) ;
#1347 = DIRECTION ( 'NONE',  ( -1.000000000000000000, 0.000000000000000000, 0.000000000000000000 ) ) ;
#1348 =( GEOMETRIC_REPRESENTATION_CONTEXT ( 3 ) GLOBAL_UNCERTAINTY_ASSIGNED_CONTEXT ( ( #1403 ) ) GLOBAL_UNIT_ASSIGNED_CONTEXT ( ( #2034, #1703, #927 ) ) REPRESENTATION_CONTEXT ( 'NONE', 'WORKASPACE' ) );
#1349 = SURFACE_SIDE_STYLE ('',( #39 ) ) ;
#1350 = COLOUR_RGB ( '',1.000000000000000000, 0.000000000000000000, 0.000000000000000000 ) ;
#1351 = CARTESIAN_POINT ( 'NONE',  ( -9.049999999999998934, 0.000000000000000000, 4.649999999999999467 ) ) ;
#1352 = LINE ( 'NONE', #370, #774 ) ;
#1353 = AXIS2_PLACEMENT_3D ( 'NONE', #740, #548, #877 ) ;
#1354 = ORIENTED_EDGE ( 'NONE', *, *, #584, .T. ) ;
#1355 = EDGE_LOOP ( 'NONE', ( #1584, #1642, #1792, #448, #687, #617, #639, #1392, #953, #998, #642, #184, #360, #1152, #1149, #1278, #291 ) ) ;
#1356 = EDGE_CURVE ( 'NONE', #274, #449, #463, .T. ) ;
#1357 = DIRECTION ( 'NONE',  ( -0.9876883405951375483, 0.000000000000000000, 0.1564344650402314241 ) ) ;
#1358 = UNCERTAINTY_MEASURE_WITH_UNIT (LENGTH_MEASURE( 1.000000000000000082E-05 ), #557, 'distance_accuracy_value', 'NONE');
#1359 = CARTESIAN_POINT ( 'NONE',  ( -13.84999999999999964, 3.980102097228895273E-16, -3.250000000000000000 ) ) ;
#1360 = DIRECTION ( 'NONE',  ( 0.000000000000000000, 0.000000000000000000, 1.000000000000000000 ) ) ;
#1361 =( NAMED_UNIT ( * ) SI_UNIT ( $, .STERADIAN. ) SOLID_ANGLE_UNIT ( ) );
#1362 = CARTESIAN_POINT ( 'NONE',  ( 8.269999999999999574, -15.65000000000000036, -13.84999999999999964 ) ) ;
#1363 = CARTESIAN_POINT ( 'NONE',  ( 12.57999999999999297, -15.15000000000000213, -47.22000000000000597 ) ) ;
#1364 = SURFACE_STYLE_USAGE ( .BOTH. , #879 ) ;
#1365 = CARTESIAN_POINT ( 'NONE',  ( 12.57999999999999297, -12.50000000000000000, 2.099999999999997868 ) ) ;
#1366 = DIRECTION ( 'NONE',  ( 0.000000000000000000, -1.000000000000000000, 1.301042606982603842E-16 ) ) ;
#1367 = FACE_OUTER_BOUND ( 'NONE', #1211, .T. ) ;
#1368 = CARTESIAN_POINT ( 'NONE',  ( 8.769999999999999574, -15.15000000000000036, 2.099999999999997868 ) ) ;
#1369 = FILL_AREA_STYLE ('',( #407 ) ) ;
#1370 = ADVANCED_FACE ( 'NONE', ( #6 ), #822, .T. ) ;
#1371 = LINE ( 'NONE', #252, #64 ) ;
#1372 = VECTOR ( 'NONE', #1422, 1000.000000000000000 ) ;
#1373 = CARTESIAN_POINT ( 'NONE',  ( 9.774999999999996803, -7.000000000000000000, -2.099999999999997868 ) ) ;
#1374 =( GEOMETRIC_REPRESENTATION_CONTEXT ( 3 ) GLOBAL_UNCERTAINTY_ASSIGNED_CONTEXT ( ( #1421 ) ) GLOBAL_UNIT_ASSIGNED_CONTEXT ( ( #1019, #1958, #1809 ) ) REPRESENTATION_CONTEXT ( 'NONE', 'WORKASPACE' ) );
#1375 = CARTESIAN_POINT ( 'NONE',  ( 13.07999999999999297, -15.65000000000000036, -13.84999999999999964 ) ) ;
#1376 = AXIS2_PLACEMENT_3D ( 'NONE', #816, #1299, #472 ) ;
#1377 = EDGE_CURVE ( 'NONE', #1874, #79, #2082, .T. ) ;
#1378 = ORIENTED_EDGE ( 'NONE', *, *, #1406, .T. ) ;
#1379 = PLANE ( 'NONE',  #1592 ) ;
#1380 =( LENGTH_UNIT ( ) NAMED_UNIT ( * ) SI_UNIT ( .MILLI., .METRE. ) );
#1381 = STYLED_ITEM ( 'NONE', ( #609 ), #1538 ) ;
#1382 = CARTESIAN_POINT ( 'NONE',  ( 9.774999999999996803, -7.000000000000000000, 2.099999999999997868 ) ) ;
#1383 = VECTOR ( 'NONE', #1984, 1000.000000000000000 ) ;
#1384 = CARTESIAN_POINT ( 'NONE',  ( 12.57999999999999474, -15.15000000000000213, -2.099999999999997868 ) ) ;
#1385 = PLANE ( 'NONE',  #1837 ) ;
#1386 = UNCERTAINTY_MEASURE_WITH_UNIT (LENGTH_MEASURE( 1.000000000000000082E-05 ), #1503, 'distance_accuracy_value', 'NONE');
#1387 = LINE ( 'NONE', #2009, #1497 ) ;
#1388 = LINE ( 'NONE', #1670, #251 ) ;
#1389 = VERTEX_POINT ( 'NONE', #1929 ) ;
#1390 = FILL_AREA_STYLE_COLOUR ( '', #321 ) ;
#1391 = FACE_OUTER_BOUND ( 'NONE', #1536, .T. ) ;
#1392 = ORIENTED_EDGE ( 'NONE', *, *, #116, .F. ) ;
#1393 = CARTESIAN_POINT ( 'NONE',  ( -12.06012525522267609, -7.000000000000000000, -2.979999999999999538 ) ) ;
#1394 = LINE ( 'NONE', #73, #1044 ) ;
#1395 = EDGE_CURVE ( 'NONE', #1258, #836, #1918, .T. ) ;
#1396 = SURFACE_STYLE_FILL_AREA ( #1192 ) ;
#1397 = DIRECTION ( 'NONE',  ( -3.154042683594194627E-16, -1.000000000000000000, -1.939786634478857902E-16 ) ) ;
#1398 = ORIENTED_EDGE ( 'NONE', *, *, #1027, .F. ) ;
#1399 = EDGE_CURVE ( 'NONE', #850, #1734, #1970, .T. ) ;
#1400 = SURFACE_STYLE_FILL_AREA ( #429 ) ;
#1401 = DIRECTION ( 'NONE',  ( -1.000000000000000000, 0.000000000000000000, 0.000000000000000000 ) ) ;
#1402 = DIRECTION ( 'NONE',  ( 0.000000000000000000, -1.000000000000000000, 0.000000000000000000 ) ) ;
#1403 = UNCERTAINTY_MEASURE_WITH_UNIT (LENGTH_MEASURE( 1.000000000000000082E-05 ), #2034, 'distance_accuracy_value', 'NONE');
#1404 = VECTOR ( 'NONE', #492, 1000.000000000000000 ) ;
#1405 = LINE ( 'NONE', #583, #871 ) ;
#1406 = EDGE_CURVE ( 'NONE', #1123, #274, #755, .T. ) ;
#1407 = ORIENTED_EDGE ( 'NONE', *, *, #299, .F. ) ;
#1408 = CARTESIAN_POINT ( 'NONE',  ( 8.269999999999999574, -15.65000000000000036, -13.84999999999999964 ) ) ;
#1409 = AXIS2_PLACEMENT_3D ( 'NONE', #147, #1156, #649 ) ;
#1410 = LINE ( 'NONE', #467, #1752 ) ;
#1411 = EDGE_CURVE ( 'NONE', #1043, #784, #84, .T. ) ;
#1412 = CARTESIAN_POINT ( 'NONE',  ( 7.500000000000000000, 0.000000000000000000, 0.000000000000000000 ) ) ;
#1413 = AXIS2_PLACEMENT_3D ( 'NONE', #1623, #1957, #676 ) ;
#1414 = DIRECTION ( 'NONE',  ( -0.000000000000000000, -0.000000000000000000, 1.000000000000000000 ) ) ;
#1415 = ORIENTED_EDGE ( 'NONE', *, *, #27, .T. ) ;
#1416 = VERTEX_POINT ( 'NONE', #231 ) ;
#1417 = ORIENTED_EDGE ( 'NONE', *, *, #1032, .T. ) ;
#1418 = DIRECTION ( 'NONE',  ( 1.000000000000000000, 0.000000000000000000, 0.000000000000000000 ) ) ;
#1419 = ORIENTED_EDGE ( 'NONE', *, *, #655, .F. ) ;
#1420 = ORIENTED_EDGE ( 'NONE', *, *, #1772, .F. ) ;
#1421 = UNCERTAINTY_MEASURE_WITH_UNIT (LENGTH_MEASURE( 1.000000000000000082E-05 ), #1019, 'distance_accuracy_value', 'NONE');
#1422 = DIRECTION ( 'NONE',  ( 0.000000000000000000, 1.000000000000000000, 1.939786634478857902E-16 ) ) ;
#1423 = ORIENTED_EDGE ( 'NONE', *, *, #179, .T. ) ;
#1424 = LINE ( 'NONE', #964, #1529 ) ;
#1425 = ORIENTED_EDGE ( 'NONE', *, *, #1191, .T. ) ;
#1426 =( NAMED_UNIT ( * ) SI_UNIT ( $, .STERADIAN. ) SOLID_ANGLE_UNIT ( ) );
#1427 = EDGE_CURVE ( 'NONE', #904, #933, #910, .T. ) ;
#1428 = CARTESIAN_POINT ( 'NONE',  ( 7.500000000000000000, 2.571758278209439985E-16, 2.100000000000000089 ) ) ;
#1429 = FILL_AREA_STYLE_COLOUR ( '', #1202 ) ;
#1430 = VERTEX_POINT ( 'NONE', #1033 ) ;
#1431 = CIRCLE ( 'NONE', #244, 2.029999999999999805 ) ;
#1432 = EDGE_CURVE ( 'NONE', #9, #24, #1101, .T. ) ;
#1433 = CIRCLE ( 'NONE', #1498, 5.750000000000000000 ) ;
#1434 = COLOUR_RGB ( '',0.7921568627450980005, 0.8196078431372548767, 0.9333333333333333481 ) ;
#1435 = ORIENTED_EDGE ( 'NONE', *, *, #1492, .F. ) ;
#1436 = ORIENTED_EDGE ( 'NONE', *, *, #116, .T. ) ;
#1437 = VECTOR ( 'NONE', #2010, 1000.000000000000000 ) ;
#1438 = DIRECTION ( 'NONE',  ( 1.000000000000000000, -0.000000000000000000, -0.000000000000000000 ) ) ;
#1439 = FACE_OUTER_BOUND ( 'NONE', #236, .T. ) ;
#1440 = PLANE ( 'NONE',  #130 ) ;
#1441 = CARTESIAN_POINT ( 'NONE',  ( -10.65000000000000036, 0.000000000000000000, 0.000000000000000000 ) ) ;
#1442 = VECTOR ( 'NONE', #1137, 1000.000000000000000 ) ;
#1443 = EDGE_LOOP ( 'NONE', ( #963, #1451 ) ) ;
#1444 = AXIS2_PLACEMENT_3D ( 'NONE', #2053, #304, #638 ) ;
#1445 = DIRECTION ( 'NONE',  ( -0.000000000000000000, -0.000000000000000000, 1.000000000000000000 ) ) ;
#1446 = CARTESIAN_POINT ( 'NONE',  ( 13.34999999999999609, -15.65000000000000036, -2.100000000000000089 ) ) ;
#1447 = DIRECTION ( 'NONE',  ( 0.7071067811865439090, -0.7071067811865512365, 0.000000000000000000 ) ) ;
#1448 = CARTESIAN_POINT ( 'NONE',  ( 9.774999999999996803, -12.50000000000000000, -47.22000000000000597 ) ) ;
#1449 = CARTESIAN_POINT ( 'NONE',  ( 9.774999999999996803, -12.50000000000000000, -47.22000000000000597 ) ) ;
#1450 = CARTESIAN_POINT ( 'NONE',  ( 9.774999999999996803, -7.000000000000000000, 2.980000000000004423 ) ) ;
#1451 = ORIENTED_EDGE ( 'NONE', *, *, #650, .T. ) ;
#1452 = CARTESIAN_POINT ( 'NONE',  ( 9.774999999999996803, -7.000000000000000000, -2.979999999999996430 ) ) ;
#1453 = ORIENTED_EDGE ( 'NONE', *, *, #1054, .F. ) ;
#1454 = CARTESIAN_POINT ( 'NONE',  ( 7.499999999999998224, -15.65000000000000036, 2.980000000000000426 ) ) ;
#1455 = ADVANCED_FACE ( 'NONE', ( #570 ), #1206, .T. ) ;
#1456 = CARTESIAN_POINT ( 'NONE',  ( -2.534312424266209174, 0.000000000000000000, 0.000000000000000000 ) ) ;
#1457 = ORIENTED_EDGE ( 'NONE', *, *, #1612, .F. ) ;
#1458 = FILL_AREA_STYLE_COLOUR ( '', #842 ) ;
#1459 = DIRECTION ( 'NONE',  ( 0.000000000000000000, 0.000000000000000000, -1.000000000000000000 ) ) ;
#1460 = EDGE_LOOP ( 'NONE', ( #415, #290, #1677, #40 ) ) ;
#1461 = LINE ( 'NONE', #323, #980 ) ;
#1462 = EDGE_CURVE ( 'NONE', #658, #1076, #1228, .T. ) ;
#1463 = SURFACE_STYLE_FILL_AREA ( #996 ) ;
#1464 =( LENGTH_UNIT ( ) NAMED_UNIT ( * ) SI_UNIT ( .MILLI., .METRE. ) );
#1465 = PRESENTATION_STYLE_ASSIGNMENT (( #1009 ) ) ;
#1466 = DIRECTION ( 'NONE',  ( 0.000000000000000000, 0.000000000000000000, 1.000000000000000000 ) ) ;
#1467 = VECTOR ( 'NONE', #1477, 1000.000000000000000 ) ;
#1468 = CARTESIAN_POINT ( 'NONE',  ( 12.57999999999999297, -12.50000000000000000, -47.22000000000000597 ) ) ;
#1469 =( GEOMETRIC_REPRESENTATION_CONTEXT ( 3 ) GLOBAL_UNCERTAINTY_ASSIGNED_CONTEXT ( ( #943 ) ) GLOBAL_UNIT_ASSIGNED_CONTEXT ( ( #1029, #555, #1222 ) ) REPRESENTATION_CONTEXT ( 'NONE', 'WORKASPACE' ) );
#1470 = DIRECTION ( 'NONE',  ( -1.000000000000000000, 0.000000000000000000, 0.000000000000000000 ) ) ;
#1471 = EDGE_LOOP ( 'NONE', ( #1343, #357 ) ) ;
#1472 = PRESENTATION_LAYER_ASSIGNMENT (  '', '', ( #1381 ) ) ;
#1473 = ORIENTED_EDGE ( 'NONE', *, *, #325, .T. ) ;
#1474 = PRESENTATION_LAYER_ASSIGNMENT (  '', '', ( #1764 ) ) ;
#1475 = CARTESIAN_POINT ( 'NONE',  ( 13.34691480342983994, -15.65000000000000036, -13.84999999999999964 ) ) ;
#1476 = AXIS2_PLACEMENT_3D ( 'NONE', #746, #1199, #1046 ) ;
#1477 = DIRECTION ( 'NONE',  ( 0.000000000000000000, 0.000000000000000000, 1.000000000000000000 ) ) ;
#1478 = ORIENTED_EDGE ( 'NONE', *, *, #1597, .T. ) ;
#1479 = CARTESIAN_POINT ( 'NONE',  ( 13.84999999999999964, -15.15000000000000213, 0.000000000000000000 ) ) ;
#1480 = LINE ( 'NONE', #1761, #1173 ) ;
#1481 = ORIENTED_EDGE ( 'NONE', *, *, #2039, .T. ) ;
#1482 =( NAMED_UNIT ( * ) SI_UNIT ( $, .STERADIAN. ) SOLID_ANGLE_UNIT ( ) );
#1483 = DIRECTION ( 'NONE',  ( 0.000000000000000000, -1.000000000000000000, 1.301042606982603842E-16 ) ) ;
#1484 = PLANE ( 'NONE',  #876 ) ;
#1485 = EDGE_CURVE ( 'NONE', #956, #510, #892, .T. ) ;
#1486 = FACE_OUTER_BOUND ( 'NONE', #534, .T. ) ;
#1487 = DIRECTION ( 'NONE',  ( 0.000000000000000000, -0.000000000000000000, 1.000000000000000000 ) ) ;
#1488 = VERTEX_POINT ( 'NONE', #1365 ) ;
#1489 = CARTESIAN_POINT ( 'NONE',  ( 0.000000000000000000, 0.000000000000000000, 0.000000000000000000 ) ) ;
#1490 = EDGE_LOOP ( 'NONE', ( #860, #1158, #1926, #301 ) ) ;
#1491 = CARTESIAN_POINT ( 'NONE',  ( 65.02764894532670326, -15.65000000000000036, 2.100000000000000089 ) ) ;
#1492 = EDGE_CURVE ( 'NONE', #835, #1134, #1649, .T. ) ;
#1493 = FACE_OUTER_BOUND ( 'NONE', #1005, .T. ) ;
#1494 = VERTEX_POINT ( 'NONE', #1382 ) ;
#1495 = CARTESIAN_POINT ( 'NONE',  ( 7.500000000000000000, -4.151995854489019422, 2.980000000000003535 ) ) ;
#1496 = CARTESIAN_POINT ( 'NONE',  ( -22.94151035258104798, 0.000000000000000000, 0.000000000000000000 ) ) ;
#1497 = VECTOR ( 'NONE', #1543, 1000.000000000000000 ) ;
#1498 = AXIS2_PLACEMENT_3D ( 'NONE', #1811, #1020, #1466 ) ;
#1499 = PLANE ( 'NONE',  #1566 ) ;
#1500 = VECTOR ( 'NONE', #1601, 1000.000000000000000 ) ;
#1501 = FACE_OUTER_BOUND ( 'NONE', #1771, .T. ) ;
#1502 = VECTOR ( 'NONE', #853, 1000.000000000000000 ) ;
#1503 =( LENGTH_UNIT ( ) NAMED_UNIT ( * ) SI_UNIT ( .MILLI., .METRE. ) );
#1504 = PLANE ( 'NONE',  #2071 ) ;
#1505 = PRESENTATION_LAYER_ASSIGNMENT (  '', '', ( #198 ) ) ;
#1506 = CARTESIAN_POINT ( 'NONE',  ( -12.06012525522267609, 3.673940397442059868E-16, 2.980000000000004423 ) ) ;
#1507 = VECTOR ( 'NONE', #5, 1000.000000000000000 ) ;
#1508 = COLOUR_RGB ( '',0.7921568627450980005, 0.8196078431372548767, 0.9333333333333333481 ) ;
#1509 = FILL_AREA_STYLE ('',( #225 ) ) ;
#1510 = VECTOR ( 'NONE', #1658, 1000.000000000000000 ) ;
#1511 =( NAMED_UNIT ( * ) SI_UNIT ( $, .STERADIAN. ) SOLID_ANGLE_UNIT ( ) );
#1512 = PLANE ( 'NONE',  #1664 ) ;
#1513 = LINE ( 'NONE', #896, #808 ) ;
#1514 =( LENGTH_UNIT ( ) NAMED_UNIT ( * ) SI_UNIT ( .MILLI., .METRE. ) );
#1515 = DIRECTION ( 'NONE',  ( -1.000000000000000000, 0.000000000000000000, 0.000000000000000000 ) ) ;
#1516 = ADVANCED_FACE ( 'NONE', ( #218 ), #1499, .F. ) ;
#1517 = CARTESIAN_POINT ( 'NONE',  ( 13.84999999999999964, -15.65000000000000036, 2.980000000000000426 ) ) ;
#1518 = CARTESIAN_POINT ( 'NONE',  ( 13.34999999999999609, -15.65000000000000036, -2.980000000000001315 ) ) ;
#1519 = DIRECTION ( 'NONE',  ( 0.000000000000000000, 0.000000000000000000, -1.000000000000000000 ) ) ;
#1520 = ADVANCED_FACE ( 'NONE', ( #593 ), #144, .F. ) ;
#1521 = ORIENTED_EDGE ( 'NONE', *, *, #107, .F. ) ;
#1522 = COLOUR_RGB ( '',0.7921568627450980005, 0.8196078431372548767, 0.9333333333333333481 ) ;
#1523 = DIRECTION ( 'NONE',  ( -1.000000000000000000, 0.000000000000000000, 0.000000000000000000 ) ) ;
#1524 = DIRECTION ( 'NONE',  ( -0.000000000000000000, 1.000000000000000000, 0.000000000000000000 ) ) ;
#1525 =( GEOMETRIC_REPRESENTATION_CONTEXT ( 3 ) GLOBAL_UNCERTAINTY_ASSIGNED_CONTEXT ( ( #138 ) ) GLOBAL_UNIT_ASSIGNED_CONTEXT ( ( #1555, #785, #1725 ) ) REPRESENTATION_CONTEXT ( 'NONE', 'WORKASPACE' ) );
#1526 = LINE ( 'NONE', #562, #406 ) ;
#1527 = CIRCLE ( 'NONE', #319, 2.029999999999999805 ) ;
#1528 = VECTOR ( 'NONE', #1794, 1000.000000000000000 ) ;
#1529 = VECTOR ( 'NONE', #1418, 1000.000000000000000 ) ;
#1530 = DIRECTION ( 'NONE',  ( -1.000000000000000000, 0.000000000000000000, -0.000000000000000000 ) ) ;
#1531 = ORIENTED_EDGE ( 'NONE', *, *, #637, .F. ) ;
#1532 = VECTOR ( 'NONE', #1621, 1000.000000000000000 ) ;
#1533 = EDGE_CURVE ( 'NONE', #441, #1215, #106, .T. ) ;
#1534 = EDGE_CURVE ( 'NONE', #835, #1311, #1312, .T. ) ;
#1535 = DIRECTION ( 'NONE',  ( 0.000000000000000000, -0.000000000000000000, 1.000000000000000000 ) ) ;
#1536 = EDGE_LOOP ( 'NONE', ( #347, #1935, #579, #1897 ) ) ;
#1537 = ORIENTED_EDGE ( 'NONE', *, *, #1185, .F. ) ;
#1538 = ADVANCED_FACE ( 'NONE', ( #1109 ), #773, .T. ) ;
#1539 = FILL_AREA_STYLE_COLOUR ( '', #1600 ) ;
#1540 = VECTOR ( 'NONE', #214, 1000.000000000000000 ) ;
#1541 = MECHANICAL_DESIGN_GEOMETRIC_PRESENTATION_REPRESENTATION (  '', ( #647 ), #379 ) ;
#1542 = DIRECTION ( 'NONE',  ( 1.000000000000000000, -0.000000000000000000, -0.000000000000000000 ) ) ;
#1543 = DIRECTION ( 'NONE',  ( -1.000000000000000000, -0.000000000000000000, -0.000000000000000000 ) ) ;
#1544 = FACE_OUTER_BOUND ( 'NONE', #491, .T. ) ;
#1545 = ORIENTED_EDGE ( 'NONE', *, *, #2081, .T. ) ;
#1546 = EDGE_CURVE ( 'NONE', #337, #143, #1410, .T. ) ;
#1547 = SURFACE_STYLE_USAGE ( .BOTH. , #1694 ) ;
#1548 = DIRECTION ( 'NONE',  ( 0.7071067811865462405, -0.7071067811865489050, 9.199760500100250992E-17 ) ) ;
#1549 = SURFACE_STYLE_USAGE ( .BOTH. , #1706 ) ;
#1550 = DIRECTION ( 'NONE',  ( 0.000000000000000000, 0.000000000000000000, 1.000000000000000000 ) ) ;
#1551 = ORIENTED_EDGE ( 'NONE', *, *, #1219, .F. ) ;
#1552 = ORIENTED_EDGE ( 'NONE', *, *, #2028, .F. ) ;
#1553 = ORIENTED_EDGE ( 'NONE', *, *, #34, .F. ) ;
#1554 = ADVANCED_FACE ( 'NONE', ( #1564 ), #939, .F. ) ;
#1555 =( LENGTH_UNIT ( ) NAMED_UNIT ( * ) SI_UNIT ( .MILLI., .METRE. ) );
#1556 = SURFACE_STYLE_FILL_AREA ( #1705 ) ;
#1557 =( GEOMETRIC_REPRESENTATION_CONTEXT ( 3 ) GLOBAL_UNCERTAINTY_ASSIGNED_CONTEXT ( ( #1111 ) ) GLOBAL_UNIT_ASSIGNED_CONTEXT ( ( #1813, #1817, #923 ) ) REPRESENTATION_CONTEXT ( 'NONE', 'WORKASPACE' ) );
#1558 = STYLED_ITEM ( 'NONE', ( #1672 ), #596 ) ;
#1559 = VECTOR ( 'NONE', #1414, 1000.000000000000000 ) ;
#1560 = ORIENTED_EDGE ( 'NONE', *, *, #891, .T. ) ;
#1561 = ORIENTED_EDGE ( 'NONE', *, *, #1801, .T. ) ;
#1562 = LINE ( 'NONE', #166, #17 ) ;
#1563 = EDGE_LOOP ( 'NONE', ( #489, #974, #312, #1014 ) ) ;
#1564 = FACE_OUTER_BOUND ( 'NONE', #346, .T. ) ;
#1565 = CARTESIAN_POINT ( 'NONE',  ( 13.84999999999999964, -15.15000000000000213, -2.980000000000001315 ) ) ;
#1566 = AXIS2_PLACEMENT_3D ( 'NONE', #262, #1852, #1875 ) ;
#1567 = FACE_OUTER_BOUND ( 'NONE', #125, .T. ) ;
#1568 = CIRCLE ( 'NONE', #1413, 2.980000000000001315 ) ;
#1569 = STYLED_ITEM ( 'NONE', ( #56 ), #1282 ) ;
#1570 = DIRECTION ( 'NONE',  ( -0.000000000000000000, 0.000000000000000000, 1.000000000000000000 ) ) ;
#1571 = EDGE_LOOP ( 'NONE', ( #878, #1263 ) ) ;
#1572 = ORIENTED_EDGE ( 'NONE', *, *, #1122, .T. ) ;
#1573 = EDGE_CURVE ( 'NONE', #1147, #938, #1889, .T. ) ;
#1574 = ORIENTED_EDGE ( 'NONE', *, *, #817, .T. ) ;
#1575 = ORIENTED_EDGE ( 'NONE', *, *, #480, .T. ) ;
#1576 = SURFACE_SIDE_STYLE ('',( #160 ) ) ;
#1577 = SURFACE_SIDE_STYLE ('',( #1928 ) ) ;
#1578 = EDGE_CURVE ( 'NONE', #1607, #1247, #1785, .T. ) ;
#1579 = DIRECTION ( 'NONE',  ( 0.000000000000000000, 0.000000000000000000, 1.000000000000000000 ) ) ;
#1580 = ORIENTED_EDGE ( 'NONE', *, *, #999, .F. ) ;
#1581 = LINE ( 'NONE', #483, #708 ) ;
#1582 = FACE_BOUND ( 'NONE', #966, .T. ) ;
#1583 = EDGE_CURVE ( 'NONE', #195, #112, #1959, .T. ) ;
#1584 = ORIENTED_EDGE ( 'NONE', *, *, #880, .F. ) ;
#1585 = FILL_AREA_STYLE_COLOUR ( '', #287 ) ;
#1586 = PRESENTATION_STYLE_ASSIGNMENT (( #1272 ) ) ;
#1587 = CARTESIAN_POINT ( 'NONE',  ( -9.049999999999998934, 0.000000000000000000, 0.000000000000000000 ) ) ;
#1588 = VERTEX_POINT ( 'NONE', #1798 ) ;
#1589 = AXIS2_PLACEMENT_3D ( 'NONE', #2030, #602, #532 ) ;
#1590 = CIRCLE ( 'NONE', #279, 4.649999999999999467 ) ;
#1591 = DIRECTION ( 'NONE',  ( 0.7071067811865462405, 0.7071067811865489050, 1.763532364236471983E-16 ) ) ;
#1592 = AXIS2_PLACEMENT_3D ( 'NONE', #1850, #1650, #1487 ) ;
#1593 = ORIENTED_EDGE ( 'NONE', *, *, #704, .T. ) ;
#1594 = DIRECTION ( 'NONE',  ( 0.000000000000000000, 0.000000000000000000, 1.000000000000000000 ) ) ;
#1595 = LINE ( 'NONE', #1886, #465 ) ;
#1596 = VECTOR ( 'NONE', #2003, 1000.000000000000000 ) ;
#1597 = EDGE_CURVE ( 'NONE', #956, #322, #679, .T. ) ;
#1598 =( NAMED_UNIT ( * ) SI_UNIT ( $, .STERADIAN. ) SOLID_ANGLE_UNIT ( ) );
#1599 = VERTEX_POINT ( 'NONE', #4 ) ;
#1600 = COLOUR_RGB ( '',1.000000000000000000, 0.000000000000000000, 0.000000000000000000 ) ;
#1601 = DIRECTION ( 'NONE',  ( 0.000000000000000000, -1.000000000000000000, 1.301042606982603842E-16 ) ) ;
#1602 = ORIENTED_EDGE ( 'NONE', *, *, #1182, .T. ) ;
#1603 = LINE ( 'NONE', #165, #258 ) ;
#1604 = AXIS2_PLACEMENT_3D ( 'NONE', #66, #1830, #220 ) ;
#1605 = PRESENTATION_STYLE_ASSIGNMENT (( #453 ) ) ;
#1606 = EDGE_CURVE ( 'NONE', #397, #286, #369, .T. ) ;
#1607 = VERTEX_POINT ( 'NONE', #1011 ) ;
#1608 = LINE ( 'NONE', #500, #148 ) ;
#1609 = CARTESIAN_POINT ( 'NONE',  ( 8.003085196570159709, -15.65000000000000036, -13.84999999999999964 ) ) ;
#1610 =( NAMED_UNIT ( * ) SI_UNIT ( $, .STERADIAN. ) SOLID_ANGLE_UNIT ( ) );
#1611 =( NAMED_UNIT ( * ) SI_UNIT ( $, .STERADIAN. ) SOLID_ANGLE_UNIT ( ) );
#1612 = EDGE_CURVE ( 'NONE', #761, #1607, #41, .T. ) ;
#1613 = EDGE_LOOP ( 'NONE', ( #1879, #711, #1709, #1453 ) ) ;
#1614 = VERTEX_POINT ( 'NONE', #1142 ) ;
#1615 = ORIENTED_EDGE ( 'NONE', *, *, #342, .F. ) ;
#1616 = LINE ( 'NONE', #495, #1730 ) ;
#1617 = DIRECTION ( 'NONE',  ( -0.000000000000000000, -0.000000000000000000, 1.000000000000000000 ) ) ;
#1618 = CYLINDRICAL_SURFACE ( 'NONE', #1264, 4.649999999999999467 ) ;
#1619 = EDGE_CURVE ( 'NONE', #124, #11, #343, .T. ) ;
#1620 = SURFACE_STYLE_USAGE ( .BOTH. , #371 ) ;
#1621 = DIRECTION ( 'NONE',  ( 0.000000000000000000, 0.000000000000000000, -1.000000000000000000 ) ) ;
#1622 = ORIENTED_EDGE ( 'NONE', *, *, #546, .F. ) ;
#1623 = CARTESIAN_POINT ( 'NONE',  ( 13.84999999999999964, 0.000000000000000000, 0.000000000000000000 ) ) ;
#1624 = SURFACE_SIDE_STYLE ('',( #1463 ) ) ;
#1625 = FILL_AREA_STYLE_COLOUR ( '', #1804 ) ;
#1626 = CARTESIAN_POINT ( 'NONE',  ( -13.84999999999999964, 0.000000000000000000, 0.000000000000000000 ) ) ;
#1627 = LINE ( 'NONE', #693, #1861 ) ;
#1628 = ORIENTED_EDGE ( 'NONE', *, *, #716, .F. ) ;
#1629 = CARTESIAN_POINT ( 'NONE',  ( -10.65000000000000036, 0.000000000000000000, 0.000000000000000000 ) ) ;
#1630 = CARTESIAN_POINT ( 'NONE',  ( 7.999999999999998224, -15.65000000000000036, -13.84999999999999964 ) ) ;
#1631 = CIRCLE ( 'NONE', #192, 5.110721042641049650 ) ;
#1632 = EDGE_LOOP ( 'NONE', ( #1784, #1288, #1740, #1398, #1922, #1575, #1788, #1953 ) ) ;
#1633 = PRESENTATION_LAYER_ASSIGNMENT (  '', '', ( #601 ) ) ;
#1634 = VERTEX_POINT ( 'NONE', #1951 ) ;
#1635 = VECTOR ( 'NONE', #137, 1000.000000000000000 ) ;
#1636 = DIRECTION ( 'NONE',  ( 0.000000000000000000, 1.000000000000000000, 1.939786634478857902E-16 ) ) ;
#1637 = EDGE_CURVE ( 'NONE', #1334, #11, #1328, .T. ) ;
#1638 = ORIENTED_EDGE ( 'NONE', *, *, #1122, .F. ) ;
#1639 = DIRECTION ( 'NONE',  ( -0.7071067811865462405, -0.7071067811865489050, -9.199760500100250992E-17 ) ) ;
#1640 = SURFACE_STYLE_FILL_AREA ( #1031 ) ;
#1641 = ORIENTED_EDGE ( 'NONE', *, *, #1395, .T. ) ;
#1642 = ORIENTED_EDGE ( 'NONE', *, *, #190, .T. ) ;
#1643 = ORIENTED_EDGE ( 'NONE', *, *, #387, .T. ) ;
#1644 = LINE ( 'NONE', #172, #281 ) ;
#1645 = EDGE_CURVE ( 'NONE', #211, #397, #32, .T. ) ;
#1646 = DIRECTION ( 'NONE',  ( 0.000000000000000000, 0.000000000000000000, 1.000000000000000000 ) ) ;
#1647 = DIRECTION ( 'NONE',  ( 0.000000000000000000, 0.000000000000000000, 1.000000000000000000 ) ) ;
#1648 = LINE ( 'NONE', #1040, #1659 ) ;
#1649 = LINE ( 'NONE', #550, #57 ) ;
#1650 = DIRECTION ( 'NONE',  ( 0.000000000000000000, 1.000000000000000000, 0.000000000000000000 ) ) ;
#1651 = UNCERTAINTY_MEASURE_WITH_UNIT (LENGTH_MEASURE( 1.000000000000000082E-05 ), #180, 'distance_accuracy_value', 'NONE');
#1652 =( LENGTH_UNIT ( ) NAMED_UNIT ( * ) SI_UNIT ( .MILLI., .METRE. ) );
#1653 = DIRECTION ( 'NONE',  ( 1.000000000000000000, -3.154042683594194627E-16, 0.000000000000000000 ) ) ;
#1654 = EDGE_CURVE ( 'NONE', #1863, #1416, #901, .T. ) ;
#1655 = AXIS2_PLACEMENT_3D ( 'NONE', #1441, #139, #2060 ) ;
#1656 =( LENGTH_UNIT ( ) NAMED_UNIT ( * ) SI_UNIT ( .MILLI., .METRE. ) );
#1657 = ADVANCED_FACE ( 'NONE', ( #511 ), #1927, .T. ) ;
#1658 = DIRECTION ( 'NONE',  ( 0.000000000000000000, -1.000000000000000000, -1.301042606982603842E-16 ) ) ;
#1659 = VECTOR ( 'NONE', #216, 1000.000000000000000 ) ;
#1660 = DIRECTION ( 'NONE',  ( 1.000000000000000000, 0.000000000000000000, 0.000000000000000000 ) ) ;
#1661 = DIRECTION ( 'NONE',  ( -0.000000000000000000, 1.000000000000000000, 0.000000000000000000 ) ) ;
#1662 = DIRECTION ( 'NONE',  ( 1.000000000000000000, -0.000000000000000000, -0.000000000000000000 ) ) ;
#1663 =( GEOMETRIC_REPRESENTATION_CONTEXT ( 3 ) GLOBAL_UNCERTAINTY_ASSIGNED_CONTEXT ( ( #973 ) ) GLOBAL_UNIT_ASSIGNED_CONTEXT ( ( #1207, #237, #1704 ) ) REPRESENTATION_CONTEXT ( 'NONE', 'WORKASPACE' ) );
#1664 = AXIS2_PLACEMENT_3D ( 'NONE', #1990, #552, #444 ) ;
#1665 = PLANE ( 'NONE',  #1968 ) ;
#1666 = EDGE_CURVE ( 'NONE', #1488, #1874, #692, .T. ) ;
#1667 = CARTESIAN_POINT ( 'NONE',  ( 13.84999999999999964, 5.750000000000000000, 0.000000000000000000 ) ) ;
#1668 = COLOUR_RGB ( '',0.7921568627450980005, 0.8196078431372548767, 0.9333333333333333481 ) ;
#1669 = CARTESIAN_POINT ( 'NONE',  ( 13.84999999999999964, 0.000000000000000000, -2.100000000000000089 ) ) ;
#1670 = CARTESIAN_POINT ( 'NONE',  ( 9.774999999999998579, 0.000000000000000000, -2.100000000000000089 ) ) ;
#1671 = FACE_OUTER_BOUND ( 'NONE', #1914, .T. ) ;
#1672 = PRESENTATION_STYLE_ASSIGNMENT (( #578 ) ) ;
#1673 = DIRECTION ( 'NONE',  ( -0.7071067811865489050, 0.7071067811865462405, 9.199760500100218944E-17 ) ) ;
#1674 = CARTESIAN_POINT ( 'NONE',  ( 8.769999999999997797, -12.50000000000000000, -47.22000000000000597 ) ) ;
#1675 = CARTESIAN_POINT ( 'NONE',  ( 13.43969696196700170, 2.486033002269126683E-16, -2.029999999999999805 ) ) ;
#1676 = CARTESIAN_POINT ( 'NONE',  ( 9.774999999999996803, -7.000000000000000000, -47.22000000000000597 ) ) ;
#1677 = ORIENTED_EDGE ( 'NONE', *, *, #1950, .T. ) ;
#1678 = DIRECTION ( 'NONE',  ( 0.000000000000000000, 0.000000000000000000, 1.000000000000000000 ) ) ;
#1679 = DIRECTION ( 'NONE',  ( 1.000000000000000000, -0.000000000000000000, 0.000000000000000000 ) ) ;
#1680 = DIRECTION ( 'NONE',  ( 0.000000000000000000, 1.000000000000000000, 0.000000000000000000 ) ) ;
#1681 = DIRECTION ( 'NONE',  ( 1.000000000000000000, 0.000000000000000000, 0.000000000000000000 ) ) ;
#1682 = AXIS2_PLACEMENT_3D ( 'NONE', #1676, #1530, #1231 ) ;
#1683 = COLOUR_RGB ( '',1.000000000000000000, 0.000000000000000000, 0.000000000000000000 ) ;
#1684 = CARTESIAN_POINT ( 'NONE',  ( 11.57499999999999574, 1.685919363247366453E-14, 2.100000000000000089 ) ) ;
#1685 = STYLED_ITEM ( 'NONE', ( #1605 ), #208 ) ;
#1686 = FACE_OUTER_BOUND ( 'NONE', #1613, .T. ) ;
#1687 = EDGE_CURVE ( 'NONE', #784, #462, #1118, .T. ) ;
#1688 = FACE_OUTER_BOUND ( 'NONE', #1896, .T. ) ;
#1689 = DIRECTION ( 'NONE',  ( 0.000000000000000000, 1.000000000000000000, -1.301042606982603842E-16 ) ) ;
#1690 = VERTEX_POINT ( 'NONE', #159 ) ;
#1691 = STYLED_ITEM ( 'NONE', ( #96 ), #516 ) ;
#1692 = ORIENTED_EDGE ( 'NONE', *, *, #400, .T. ) ;
#1693 = FILL_AREA_STYLE ('',( #1249 ) ) ;
#1694 = SURFACE_SIDE_STYLE ('',( #764 ) ) ;
#1695 = AXIS2_PLACEMENT_3D ( 'NONE', #395, #710, #69 ) ;
#1696 = PRESENTATION_LAYER_ASSIGNMENT (  '', '', ( #605 ) ) ;
#1697 = FILL_AREA_STYLE_COLOUR ( '', #1141 ) ;
#1698 = EDGE_CURVE ( 'NONE', #322, #616, #1939, .T. ) ;
#1699 = PRESENTATION_STYLE_ASSIGNMENT (( #1549 ) ) ;
#1700 = DIRECTION ( 'NONE',  ( -0.7071067811865489050, 0.7071067811865462405, 0.000000000000000000 ) ) ;
#1701 = ORIENTED_EDGE ( 'NONE', *, *, #1209, .F. ) ;
#1702 = ORIENTED_EDGE ( 'NONE', *, *, #468, .F. ) ;
#1703 =( NAMED_UNIT ( * ) PLANE_ANGLE_UNIT ( ) SI_UNIT ( $, .RADIAN. ) );
#1704 =( NAMED_UNIT ( * ) SI_UNIT ( $, .STERADIAN. ) SOLID_ANGLE_UNIT ( ) );
#1705 = FILL_AREA_STYLE ('',( #149 ) ) ;
#1706 = SURFACE_SIDE_STYLE ('',( #1244 ) ) ;
#1707 = DIRECTION ( 'NONE',  ( 0.000000000000000000, -1.000000000000000000, 0.000000000000000000 ) ) ;
#1708 = ORIENTED_EDGE ( 'NONE', *, *, #627, .F. ) ;
#1709 = ORIENTED_EDGE ( 'NONE', *, *, #1612, .T. ) ;
#1710 =( LENGTH_UNIT ( ) NAMED_UNIT ( * ) SI_UNIT ( .MILLI., .METRE. ) );
#1711 = STYLED_ITEM ( 'NONE', ( #2008 ), #727 ) ;
#1712 = CARTESIAN_POINT ( 'NONE',  ( 11.57499999999999751, -7.000000000000000000, -47.22000000000000597 ) ) ;
#1713 =( LENGTH_UNIT ( ) NAMED_UNIT ( * ) SI_UNIT ( .MILLI., .METRE. ) );
#1714 = AXIS2_PLACEMENT_3D ( 'NONE', #207, #1917, #485 ) ;
#1715 = EDGE_CURVE ( 'NONE', #1247, #934, #1608, .T. ) ;
#1716 = ORIENTED_EDGE ( 'NONE', *, *, #623, .T. ) ;
#1717 = PRESENTATION_LAYER_ASSIGNMENT (  '', '', ( #1234 ) ) ;
#1718 = LINE ( 'NONE', #1741, #635 ) ;
#1719 = PRESENTATION_LAYER_ASSIGNMENT (  '', '', ( #1066 ) ) ;
#1720 = ORIENTED_EDGE ( 'NONE', *, *, #433, .F. ) ;
#1721 = ORIENTED_EDGE ( 'NONE', *, *, #793, .T. ) ;
#1722 = DIRECTION ( 'NONE',  ( 0.000000000000000000, 0.000000000000000000, -1.000000000000000000 ) ) ;
#1723 = AXIS2_PLACEMENT_3D ( 'NONE', #1943, #1121, #345 ) ;
#1724 = ORIENTED_EDGE ( 'NONE', *, *, #849, .T. ) ;
#1725 =( NAMED_UNIT ( * ) SI_UNIT ( $, .STERADIAN. ) SOLID_ANGLE_UNIT ( ) );
#1726 = EDGE_CURVE ( 'NONE', #616, #1236, #313, .T. ) ;
#1727 = MECHANICAL_DESIGN_GEOMETRIC_PRESENTATION_REPRESENTATION (  '', ( #1381 ), #316 ) ;
#1728 = CYLINDRICAL_SURFACE ( 'NONE', #1444, 2.100000000000000089 ) ;
#1729 =( NAMED_UNIT ( * ) PLANE_ANGLE_UNIT ( ) SI_UNIT ( $, .RADIAN. ) );
#1730 = VECTOR ( 'NONE', #528, 1000.000000000000000 ) ;
#1731 = UNCERTAINTY_MEASURE_WITH_UNIT (LENGTH_MEASURE( 1.000000000000000082E-05 ), #209, 'distance_accuracy_value', 'NONE');
#1732 = DIRECTION ( 'NONE',  ( -0.7071067811865462405, 0.7071067811865489050, 1.371636283295033710E-16 ) ) ;
#1733 = ADVANCED_FACE ( 'NONE', ( #992 ), #1618, .F. ) ;
#1734 = VERTEX_POINT ( 'NONE', #1081 ) ;
#1735 = VERTEX_POINT ( 'NONE', #273 ) ;
#1736 = EDGE_LOOP ( 'NONE', ( #1593, #1692, #586, #1561 ) ) ;
#1737 = FILL_AREA_STYLE_COLOUR ( '', #455 ) ;
#1738 = FACE_OUTER_BOUND ( 'NONE', #1355, .T. ) ;
#1739 = DIRECTION ( 'NONE',  ( 0.000000000000000000, 0.000000000000000000, 1.000000000000000000 ) ) ;
#1740 = ORIENTED_EDGE ( 'NONE', *, *, #442, .F. ) ;
#1741 = CARTESIAN_POINT ( 'NONE',  ( 11.57499999999999751, -7.000000000000000000, 2.980000000000004423 ) ) ;
#1742 = ORIENTED_EDGE ( 'NONE', *, *, #179, .F. ) ;
#1743 = CARTESIAN_POINT ( 'NONE',  ( -13.84999999999999964, 5.694607616035189911E-16, -4.649999999999999467 ) ) ;
#1744 = ORIENTED_EDGE ( 'NONE', *, *, #2028, .T. ) ;
#1745 = DIRECTION ( 'NONE',  ( 0.000000000000000000, 0.000000000000000000, 1.000000000000000000 ) ) ;
#1746 = DIRECTION ( 'NONE',  ( 0.000000000000000000, 1.000000000000000000, 1.939786634478857902E-16 ) ) ;
#1747 = ORIENTED_EDGE ( 'NONE', *, *, #1573, .F. ) ;
#1748 = PRODUCT ( 'CT3151-2', 'CT3151-2', '', ( #253 ) ) ;
#1749 = LINE ( 'NONE', #812, #1923 ) ;
#1750 = ADVANCED_FACE ( 'NONE', ( #1336 ), #931, .F. ) ;
#1751 = ORIENTED_EDGE ( 'NONE', *, *, #1941, .T. ) ;
#1752 = VECTOR ( 'NONE', #1097, 1000.000000000000000 ) ;
#1753 = EDGE_LOOP ( 'NONE', ( #988, #1724, #1747, #1720 ) ) ;
#1754 = MECHANICAL_DESIGN_GEOMETRIC_PRESENTATION_REPRESENTATION (  '', ( #1558 ), #741 ) ;
#1755 = MECHANICAL_DESIGN_GEOMETRIC_PRESENTATION_REPRESENTATION (  '', ( #1265 ), #16 ) ;
#1756 = LINE ( 'NONE', #1894, #529 ) ;
#1757 = VERTEX_POINT ( 'NONE', #767 ) ;
#1758 = VECTOR ( 'NONE', #1022, 1000.000000000000000 ) ;
#1759 = DIRECTION ( 'NONE',  ( 1.000000000000000000, 0.000000000000000000, 0.000000000000000000 ) ) ;
#1760 = EDGE_CURVE ( 'NONE', #1077, #1588, #542, .T. ) ;
#1761 = CARTESIAN_POINT ( 'NONE',  ( 11.57499999999999574, -12.50000000000000000, -47.22000000000000597 ) ) ;
#1762 = STYLED_ITEM ( 'NONE', ( #21 ), #1338 ) ;
#1763 = ORIENTED_EDGE ( 'NONE', *, *, #1979, .F. ) ;
#1764 = STYLED_ITEM ( 'NONE', ( #809 ), #762 ) ;
#1765 = VERTEX_POINT ( 'NONE', #1351 ) ;
#1766 = DIRECTION ( 'NONE',  ( 0.000000000000000000, 0.000000000000000000, 1.000000000000000000 ) ) ;
#1767 = SURFACE_STYLE_USAGE ( .BOTH. , #789 ) ;
#1768 = CARTESIAN_POINT ( 'NONE',  ( 12.57999999999999297, -12.50000000000000000, -47.22000000000000597 ) ) ;
#1769 = ORIENTED_EDGE ( 'NONE', *, *, #1985, .T. ) ;
#1770 = CARTESIAN_POINT ( 'NONE',  ( -13.84999999999999964, 0.000000000000000000, 3.250000000000000000 ) ) ;
#1771 = EDGE_LOOP ( 'NONE', ( #960, #1871, #213, #277, #1138, #505, #1906, #626, #937, #1290, #206, #865, #1224, #13, #1904, #26, #1425 ) ) ;
#1772 = EDGE_CURVE ( 'NONE', #938, #1147, #1795, .T. ) ;
#1773 = CIRCLE ( 'NONE', #1316, 5.750000000000000000 ) ;
#1774 =( NAMED_UNIT ( * ) PLANE_ANGLE_UNIT ( ) SI_UNIT ( $, .RADIAN. ) );
#1775 = CYLINDRICAL_SURFACE ( 'NONE', #1723, 2.029999999999999805 ) ;
#1776 = CARTESIAN_POINT ( 'NONE',  ( 7.500000000000000000, 0.000000000000000000, 0.000000000000000000 ) ) ;
#1777 = VERTEX_POINT ( 'NONE', #419 ) ;
#1778 = DIRECTION ( 'NONE',  ( 0.000000000000000000, 0.000000000000000000, -1.000000000000000000 ) ) ;
#1779 =( LENGTH_UNIT ( ) NAMED_UNIT ( * ) SI_UNIT ( .MILLI., .METRE. ) );
#1780 = CARTESIAN_POINT ( 'NONE',  ( -13.84999999999999964, 3.250000000000000000, 0.000000000000000000 ) ) ;
#1781 =( NAMED_UNIT ( * ) SI_UNIT ( $, .STERADIAN. ) SOLID_ANGLE_UNIT ( ) );
#1782 = UNCERTAINTY_MEASURE_WITH_UNIT (LENGTH_MEASURE( 1.000000000000000082E-05 ), #1514, 'distance_accuracy_value', 'NONE');
#1783 = PRESENTATION_STYLE_ASSIGNMENT (( #699 ) ) ;
#1784 = ORIENTED_EDGE ( 'NONE', *, *, #753, .T. ) ;
#1785 = LINE ( 'NONE', #1130, #1198 ) ;
#1786 = CARTESIAN_POINT ( 'NONE',  ( -2.534312424266209174, 8.205133554287260646E-16, -6.700000000000000178 ) ) ;
#1787 = DIRECTION ( 'NONE',  ( 0.7071067811865489050, 0.7071067811865462405, 0.000000000000000000 ) ) ;
#1788 = ORIENTED_EDGE ( 'NONE', *, *, #1760, .T. ) ;
#1789 = EDGE_CURVE ( 'NONE', #9, #1588, #1405, .T. ) ;
#1790 = DIRECTION ( 'NONE',  ( 1.000000000000000000, -0.000000000000000000, 0.000000000000000000 ) ) ;
#1791 = LINE ( 'NONE', #1491, #1073 ) ;
#1792 = ORIENTED_EDGE ( 'NONE', *, *, #1915, .F. ) ;
#1793 = CARTESIAN_POINT ( 'NONE',  ( 9.774999999999996803, -7.000000000000000000, -47.22000000000000597 ) ) ;
#1794 = DIRECTION ( 'NONE',  ( 0.000000000000000000, 0.000000000000000000, 1.000000000000000000 ) ) ;
#1795 = CIRCLE ( 'NONE', #424, 3.250000000000000000 ) ;
#1796 = VECTOR ( 'NONE', #1840, 1000.000000000000114 ) ;
#1797 = VECTOR ( 'NONE', #1732, 999.9999999999998863 ) ;
#1798 = CARTESIAN_POINT ( 'NONE',  ( 13.84999999999999964, 0.000000000000000000, -2.980000000000001315 ) ) ;
#1799 = DIRECTION ( 'NONE',  ( 0.000000000000000000, -2.494011387187102877E-16, 1.000000000000000000 ) ) ;
#1800 =( GEOMETRIC_REPRESENTATION_CONTEXT ( 3 ) GLOBAL_UNCERTAINTY_ASSIGNED_CONTEXT ( ( #131 ) ) GLOBAL_UNIT_ASSIGNED_CONTEXT ( ( #875, #848, #1949 ) ) REPRESENTATION_CONTEXT ( 'NONE', 'WORKASPACE' ) );
#1801 = EDGE_CURVE ( 'NONE', #1123, #1863, #2056, .T. ) ;
#1802 = DIRECTION ( 'NONE',  ( 0.000000000000000000, 1.000000000000000000, 0.000000000000000000 ) ) ;
#1803 = SURFACE_STYLE_USAGE ( .BOTH. , #1166 ) ;
#1804 = COLOUR_RGB ( '',1.000000000000000000, 0.000000000000000000, 0.000000000000000000 ) ;
#1805 = EDGE_LOOP ( 'NONE', ( #866, #838, #977, #82 ) ) ;
#1806 = VERTEX_POINT ( 'NONE', #1177 ) ;
#1807 = AXIS2_PLACEMENT_3D ( 'NONE', #1942, #1523, #250 ) ;
#1808 = DIRECTION ( 'NONE',  ( 0.000000000000000000, 0.000000000000000000, 1.000000000000000000 ) ) ;
#1809 =( NAMED_UNIT ( * ) SI_UNIT ( $, .STERADIAN. ) SOLID_ANGLE_UNIT ( ) );
#1810 = AXIS2_PLACEMENT_3D ( 'NONE', #1363, #541, #1678 ) ;
#1811 = CARTESIAN_POINT ( 'NONE',  ( -13.84999999999999964, 0.000000000000000000, 0.000000000000000000 ) ) ;
#1812 = AXIS2_PLACEMENT_3D ( 'NONE', #226, #1034, #1366 ) ;
#1813 =( LENGTH_UNIT ( ) NAMED_UNIT ( * ) SI_UNIT ( .MILLI., .METRE. ) );
#1814 = CARTESIAN_POINT ( 'NONE',  ( 9.774999999999996803, -7.000000000000000000, -47.22000000000000597 ) ) ;
#1815 =( LENGTH_UNIT ( ) NAMED_UNIT ( * ) SI_UNIT ( .MILLI., .METRE. ) );
#1816 = VERTEX_POINT ( 'NONE', #1074 ) ;
#1817 =( NAMED_UNIT ( * ) PLANE_ANGLE_UNIT ( ) SI_UNIT ( $, .RADIAN. ) );
#1818 = DIRECTION ( 'NONE',  ( 0.000000000000000000, -1.000000000000000000, -2.494011387187102877E-16 ) ) ;
#1819 = ORIENTED_EDGE ( 'NONE', *, *, #885, .F. ) ;
#1820 = CARTESIAN_POINT ( 'NONE',  ( -12.06012525522267609, -15.65000000000000036, -2.980000000000001315 ) ) ;
#1821 = PLANE ( 'NONE',  #1812 ) ;
#1822 = DIRECTION ( 'NONE',  ( 0.000000000000000000, 1.939786634478857902E-16, -1.000000000000000000 ) ) ;
#1823 = EDGE_CURVE ( 'NONE', #462, #863, #382, .T. ) ;
#1824 = SURFACE_STYLE_FILL_AREA ( #575 ) ;
#1825 = CARTESIAN_POINT ( 'NONE',  ( -10.65000000000000036, 7.041719095097280880E-16, -5.750000000000000000 ) ) ;
#1826 = AXIS2_PLACEMENT_3D ( 'NONE', #1070, #796, #303 ) ;
#1827 = MECHANICAL_DESIGN_GEOMETRIC_PRESENTATION_REPRESENTATION (  '', ( #364 ), #1469 ) ;
#1828 = SURFACE_STYLE_FILL_AREA ( #1509 ) ;
#1829 = STYLED_ITEM ( 'NONE', ( #1248 ), #81 ) ;
#1830 = DIRECTION ( 'NONE',  ( -1.000000000000000000, 0.000000000000000000, 0.000000000000000000 ) ) ;
#1831 = CARTESIAN_POINT ( 'NONE',  ( -9.049999999999998934, 0.000000000000000000, 3.250000000000000000 ) ) ;
#1832 = AXIS2_PLACEMENT_3D ( 'NONE', #834, #92, #1833 ) ;
#1833 = DIRECTION ( 'NONE',  ( 0.000000000000000000, 0.000000000000000000, 1.000000000000000000 ) ) ;
#1834 =( GEOMETRIC_REPRESENTATION_CONTEXT ( 3 ) GLOBAL_UNCERTAINTY_ASSIGNED_CONTEXT ( ( #1307 ) ) GLOBAL_UNIT_ASSIGNED_CONTEXT ( ( #355, #864, #514 ) ) REPRESENTATION_CONTEXT ( 'NONE', 'WORKASPACE' ) );
#1835 = VECTOR ( 'NONE', #1098, 1000.000000000000000 ) ;
#1836 = SURFACE_SIDE_STYLE ('',( #2014 ) ) ;
#1837 = AXIS2_PLACEMENT_3D ( 'NONE', #1674, #1847, #898 ) ;
#1838 = DIRECTION ( 'NONE',  ( 0.000000000000000000, 0.000000000000000000, 1.000000000000000000 ) ) ;
#1839 = CARTESIAN_POINT ( 'NONE',  ( -9.049999999999998934, 0.000000000000000000, 0.000000000000000000 ) ) ;
#1840 = DIRECTION ( 'NONE',  ( -0.9876883405951375483, 1.915769668878479030E-17, -0.1564344650402314241 ) ) ;
#1841 = ORIENTED_EDGE ( 'NONE', *, *, #266, .T. ) ;
#1842 = CARTESIAN_POINT ( 'NONE',  ( 12.57999999999999297, -12.50000000000000000, -2.980000000000003535 ) ) ;
#1843 = FACE_OUTER_BOUND ( 'NONE', #1006, .T. ) ;
#1844 = VERTEX_POINT ( 'NONE', #1495 ) ;
#1845 =( NAMED_UNIT ( * ) PLANE_ANGLE_UNIT ( ) SI_UNIT ( $, .RADIAN. ) );
#1846 = DIRECTION ( 'NONE',  ( 0.000000000000000000, 0.000000000000000000, 1.000000000000000000 ) ) ;
#1847 = DIRECTION ( 'NONE',  ( -1.000000000000000000, 0.000000000000000000, -0.000000000000000000 ) ) ;
#1848 = EDGE_CURVE ( 'NONE', #1311, #835, #1431, .T. ) ;
#1849 = ORIENTED_EDGE ( 'NONE', *, *, #704, .F. ) ;
#1850 = CARTESIAN_POINT ( 'NONE',  ( 12.57999999999999297, -12.50000000000000000, -47.22000000000000597 ) ) ;
#1851 = ORIENTED_EDGE ( 'NONE', *, *, #342, .T. ) ;
#1852 = DIRECTION ( 'NONE',  ( -1.000000000000000000, 0.000000000000000000, 0.000000000000000000 ) ) ;
#1853 = AXIS2_PLACEMENT_3D ( 'NONE', #1295, #1921, #1570 ) ;
#1854 = ADVANCED_FACE ( 'NONE', ( #1976 ), #759, .F. ) ;
#1855 = PRESENTATION_LAYER_ASSIGNMENT (  '', '', ( #936 ) ) ;
#1856 = FILL_AREA_STYLE_COLOUR ( '', #1668 ) ;
#1857 = PRESENTATION_LAYER_ASSIGNMENT (  '', '', ( #1685 ) ) ;
#1858 = LINE ( 'NONE', #922, #62 ) ;
#1859 = CARTESIAN_POINT ( 'NONE',  ( 13.84999999999999964, -15.15000000000000213, -2.099999999999997868 ) ) ;
#1860 = VERTEX_POINT ( 'NONE', #749 ) ;
#1861 = VECTOR ( 'NONE', #390, 1000.000000000000000 ) ;
#1862 = ORIENTED_EDGE ( 'NONE', *, *, #1296, .F. ) ;
#1863 = VERTEX_POINT ( 'NONE', #574 ) ;
#1864 = VECTOR ( 'NONE', #1978, 1000.000000000000000 ) ;
#1865 = DIRECTION ( 'NONE',  ( 0.000000000000000000, 0.000000000000000000, 1.000000000000000000 ) ) ;
#1866 = VECTOR ( 'NONE', #1402, 1000.000000000000000 ) ;
#1867 = COLOUR_RGB ( '',1.000000000000000000, 0.000000000000000000, 0.000000000000000000 ) ;
#1868 = SURFACE_STYLE_FILL_AREA ( #476 ) ;
#1869 = APPLICATION_PROTOCOL_DEFINITION ( 'draft international standard', 'automotive_design', 1998, #1333 ) ;
#1870 = UNCERTAINTY_MEASURE_WITH_UNIT (LENGTH_MEASURE( 1.000000000000000082E-05 ), #1652, 'distance_accuracy_value', 'NONE');
#1871 = ORIENTED_EDGE ( 'NONE', *, *, #2013, .T. ) ;
#1872 = ORIENTED_EDGE ( 'NONE', *, *, #721, .F. ) ;
#1873 = CARTESIAN_POINT ( 'NONE',  ( 7.500000000000000000, -15.15000000000000036, -2.099999999999997868 ) ) ;
#1874 = VERTEX_POINT ( 'NONE', #436 ) ;
#1875 = DIRECTION ( 'NONE',  ( 0.000000000000000000, 0.000000000000000000, 1.000000000000000000 ) ) ;
#1876 = SURFACE_STYLE_FILL_AREA ( #1898 ) ;
#1877 = CYLINDRICAL_SURFACE ( 'NONE', #2059, 6.700000000000000178 ) ;
#1878 = FILL_AREA_STYLE ('',( #1254 ) ) ;
#1879 = ORIENTED_EDGE ( 'NONE', *, *, #222, .F. ) ;
#1880 = EDGE_CURVE ( 'NONE', #668, #136, #1387, .T. ) ;
#1881 = ORIENTED_EDGE ( 'NONE', *, *, #1377, .T. ) ;
#1882 = LINE ( 'NONE', #127, #905 ) ;
#1883 = ORIENTED_EDGE ( 'NONE', *, *, #546, .T. ) ;
#1884 = VERTEX_POINT ( 'NONE', #1065 ) ;
#1885 = CARTESIAN_POINT ( 'NONE',  ( 7.500000000000000000, 0.000000000000000000, 0.000000000000000000 ) ) ;
#1886 = CARTESIAN_POINT ( 'NONE',  ( 7.499999999999998224, 0.000000000000000000, -2.979999999999998206 ) ) ;
#1887 = ADVANCED_FACE ( 'NONE', ( #1688 ), #255, .F. ) ;
#1888 = CARTESIAN_POINT ( 'NONE',  ( 7.500000000000000000, 2.486033002269126683E-16, -2.029999999999999805 ) ) ;
#1889 = CIRCLE ( 'NONE', #47, 3.250000000000000000 ) ;
#1890 = VECTOR ( 'NONE', #797, 1000.000000000000000 ) ;
#1891 = LINE ( 'NONE', #461, #1797 ) ;
#1892 = CARTESIAN_POINT ( 'NONE',  ( 12.57999999999999297, -12.50000000000000000, -47.22000000000000597 ) ) ;
#1893 = ORIENTED_EDGE ( 'NONE', *, *, #627, .T. ) ;
#1894 = CARTESIAN_POINT ( 'NONE',  ( 28.68882447266324931, -36.33882447266332605, 2.099999999999995204 ) ) ;
#1895 = VECTOR ( 'NONE', #1636, 1000.000000000000000 ) ;
#1896 = EDGE_LOOP ( 'NONE', ( #1702, #164, #2020, #588 ) ) ;
#1897 = ORIENTED_EDGE ( 'NONE', *, *, #65, .T. ) ;
#1898 = FILL_AREA_STYLE ('',( #295 ) ) ;
#1899 =( GEOMETRIC_REPRESENTATION_CONTEXT ( 3 ) GLOBAL_UNCERTAINTY_ASSIGNED_CONTEXT ( ( #1386 ) ) GLOBAL_UNIT_ASSIGNED_CONTEXT ( ( #1503, #59, #1361 ) ) REPRESENTATION_CONTEXT ( 'NONE', 'WORKASPACE' ) );
#1900 = COLOUR_RGB ( '',0.7921568627450980005, 0.8196078431372548767, 0.9333333333333333481 ) ;
#1901 = EDGE_LOOP ( 'NONE', ( #482, #189, #622, #248 ) ) ;
#1902 = EDGE_CURVE ( 'NONE', #1816, #183, #1112, .T. ) ;
#1903 = FILL_AREA_STYLE ('',( #1429 ) ) ;
#1904 = ORIENTED_EDGE ( 'NONE', *, *, #507, .F. ) ;
#1905 = CARTESIAN_POINT ( 'NONE',  ( 9.774999999999996803, -12.50000000000000000, 2.099999999999997868 ) ) ;
#1906 = ORIENTED_EDGE ( 'NONE', *, *, #940, .T. ) ;
#1907 = DIRECTION ( 'NONE',  ( -0.000000000000000000, -0.000000000000000000, 1.000000000000000000 ) ) ;
#1908 = EDGE_CURVE ( 'NONE', #1599, #441, #2022, .T. ) ;
#1909 =( NAMED_UNIT ( * ) PLANE_ANGLE_UNIT ( ) SI_UNIT ( $, .RADIAN. ) );
#1910 = CARTESIAN_POINT ( 'NONE',  ( -13.84999999999999964, 0.000000000000000000, 0.000000000000000000 ) ) ;
#1911 =( LENGTH_UNIT ( ) NAMED_UNIT ( * ) SI_UNIT ( .MILLI., .METRE. ) );
#1912 = ORIENTED_EDGE ( 'NONE', *, *, #1492, .T. ) ;
#1913 = CARTESIAN_POINT ( 'NONE',  ( 13.84999999999999964, -15.15000000000000213, 0.000000000000000000 ) ) ;
#1914 = EDGE_LOOP ( 'NONE', ( #142, #1473, #1436, #698 ) ) ;
#1915 = EDGE_CURVE ( 'NONE', #1256, #761, #1749, .T. ) ;
#1916 = FILL_AREA_STYLE ('',( #948 ) ) ;
#1917 = DIRECTION ( 'NONE',  ( -1.000000000000000000, 0.000000000000000000, 0.000000000000000000 ) ) ;
#1918 = LINE ( 'NONE', #486, #1176 ) ;
#1919 = ADVANCED_FACE ( 'NONE', ( #788 ), #132, .F. ) ;
#1920 = ORIENTED_EDGE ( 'NONE', *, *, #1645, .T. ) ;
#1921 = DIRECTION ( 'NONE',  ( -1.000000000000000000, 0.000000000000000000, -0.000000000000000000 ) ) ;
#1922 = ORIENTED_EDGE ( 'NONE', *, *, #914, .T. ) ;
#1923 = VECTOR ( 'NONE', #625, 1000.000000000000000 ) ;
#1924 = CARTESIAN_POINT ( 'NONE',  ( -10.65000000000000036, 8.205133554287266562E-16, -6.700000000000000178 ) ) ;
#1925 = VECTOR ( 'NONE', #2074, 1000.000000000000000 ) ;
#1926 = ORIENTED_EDGE ( 'NONE', *, *, #994, .T. ) ;
#1927 = CYLINDRICAL_SURFACE ( 'NONE', #1302, 2.980000000000001315 ) ;
#1928 = SURFACE_STYLE_FILL_AREA ( #983 ) ;
#1929 = CARTESIAN_POINT ( 'NONE',  ( 8.769999999999997797, -12.50000000000000000, -2.980000000000000870 ) ) ;
#1930 = MECHANICAL_DESIGN_GEOMETRIC_PRESENTATION_REPRESENTATION (  '', ( #1762 ), #1834 ) ;
#1931 = COLOUR_RGB ( '',0.7921568627450980005, 0.8196078431372548767, 0.9333333333333333481 ) ;
#1932 = ORIENTED_EDGE ( 'NONE', *, *, #1726, .F. ) ;
#1933 = SURFACE_SIDE_STYLE ('',( #517 ) ) ;
#1934 = AXIS2_PLACEMENT_3D ( 'NONE', #1995, #1542, #101 ) ;
#1935 = ORIENTED_EDGE ( 'NONE', *, *, #1715, .T. ) ;
#1936 = FILL_AREA_STYLE_COLOUR ( '', #117 ) ;
#1937 = DIRECTION ( 'NONE',  ( -0.000000000000000000, 1.000000000000000000, 0.000000000000000000 ) ) ;
#1938 = CARTESIAN_POINT ( 'NONE',  ( 13.34999999999999609, -15.65000000000000036, 2.980000000000000426 ) ) ;
#1939 = LINE ( 'NONE', #997, #1035 ) ;
#1940 = CARTESIAN_POINT ( 'NONE',  ( 7.999999999999998224, -15.65000000000000036, -13.84999999999999964 ) ) ;
#1941 = EDGE_CURVE ( 'NONE', #1765, #195, #284, .T. ) ;
#1942 = CARTESIAN_POINT ( 'NONE',  ( -10.65000000000000036, 0.000000000000000000, 0.000000000000000000 ) ) ;
#1943 = CARTESIAN_POINT ( 'NONE',  ( 13.43969696196700170, 0.000000000000000000, 0.000000000000000000 ) ) ;
#1944 = UNCERTAINTY_MEASURE_WITH_UNIT (LENGTH_MEASURE( 1.000000000000000082E-05 ), #899, 'distance_accuracy_value', 'NONE');
#1945 = ORIENTED_EDGE ( 'NONE', *, *, #276, .F. ) ;
#1946 = ORIENTED_EDGE ( 'NONE', *, *, #695, .T. ) ;
#1947 =( NAMED_UNIT ( * ) PLANE_ANGLE_UNIT ( ) SI_UNIT ( $, .RADIAN. ) );
#1948 = ORIENTED_EDGE ( 'NONE', *, *, #1485, .T. ) ;
#1949 =( NAMED_UNIT ( * ) SI_UNIT ( $, .STERADIAN. ) SOLID_ANGLE_UNIT ( ) );
#1950 = EDGE_CURVE ( 'NONE', #79, #668, #1718, .T. ) ;
#1951 = CARTESIAN_POINT ( 'NONE',  ( 8.769999999999997797, -12.50000000000000000, 2.980000000000004423 ) ) ;
#1952 = CARTESIAN_POINT ( 'NONE',  ( 12.57999999999999297, -15.15000000000000213, -2.980000000000001315 ) ) ;
#1953 = ORIENTED_EDGE ( 'NONE', *, *, #832, .T. ) ;
#1954 =( NAMED_UNIT ( * ) PLANE_ANGLE_UNIT ( ) SI_UNIT ( $, .RADIAN. ) );
#1955 = FACE_OUTER_BOUND ( 'NONE', #1753, .T. ) ;
#1956 = EDGE_CURVE ( 'NONE', #798, #1389, #152, .T. ) ;
#1957 = DIRECTION ( 'NONE',  ( 1.000000000000000000, 0.000000000000000000, 0.000000000000000000 ) ) ;
#1958 =( NAMED_UNIT ( * ) PLANE_ANGLE_UNIT ( ) SI_UNIT ( $, .RADIAN. ) );
#1959 = CIRCLE ( 'NONE', #631, 4.649999999999999467 ) ;
#1960 = AXIS2_PLACEMENT_3D ( 'NONE', #1892, #932, #615 ) ;
#1961 = ORIENTED_EDGE ( 'NONE', *, *, #381, .T. ) ;
#1962 = PRODUCT_DEFINITION_FORMATION_WITH_SPECIFIED_SOURCE ( 'ANY', '', #1748, .NOT_KNOWN. ) ;
#1963 = CARTESIAN_POINT ( 'NONE',  ( -13.84999999999999964, 0.000000000000000000, 0.000000000000000000 ) ) ;
#1964 = CLOSED_SHELL ( 'NONE', ( #238, #418, #1538, #1085, #1300, #762, #1039, #581, #727, #1115, #1151, #208, #596, #2072, #1657, #445, #666, #42, #969, #493, #1919, #1213, #1854, #979, #18, #823, #547, #1520, #1887, #756, #501, #269, #946, #1972, #1370, #2032, #1750, #376, #535, #1516, #2065, #1282, #1455, #1144, #1554, #81, #1310, #1733, #329, #1338, #1346, #549, #554 ) ) ;
#1965 = STYLED_ITEM ( 'NONE', ( #1055 ), #418 ) ;
#1966 = ORIENTED_EDGE ( 'NONE', *, *, #1823, .F. ) ;
#1967 = UNCERTAINTY_MEASURE_WITH_UNIT (LENGTH_MEASURE( 1.000000000000000082E-05 ), #1911, 'distance_accuracy_value', 'NONE');
#1968 = AXIS2_PLACEMENT_3D ( 'NONE', #725, #1188, #1012 ) ;
#1969 = PLANE ( 'NONE',  #1476 ) ;
#1970 = CIRCLE ( 'NONE', #1807, 6.700000000000000178 ) ;
#1971 = LINE ( 'NONE', #540, #1243 ) ;
#1972 = ADVANCED_FACE ( 'NONE', ( #651 ), #2084, .F. ) ;
#1973 = FACE_OUTER_BOUND ( 'NONE', #1460, .T. ) ;
#1974 = PRESENTATION_LAYER_ASSIGNMENT (  '', '', ( #820 ) ) ;
#1975 = ORIENTED_EDGE ( 'NONE', *, *, #857, .F. ) ;
#1976 = FACE_OUTER_BOUND ( 'NONE', #242, .T. ) ;
#1977 = PLANE ( 'NONE',  #431 ) ;
#1978 = DIRECTION ( 'NONE',  ( 1.000000000000000000, 0.000000000000000000, 0.000000000000000000 ) ) ;
#1979 = EDGE_CURVE ( 'NONE', #1389, #1258, #1135, .T. ) ;
#1980 = DIRECTION ( 'NONE',  ( -3.154042683594194627E-16, -1.000000000000000000, -1.301042606982603842E-16 ) ) ;
#1981 =( NAMED_UNIT ( * ) SI_UNIT ( $, .STERADIAN. ) SOLID_ANGLE_UNIT ( ) );
#1982 = CARTESIAN_POINT ( 'NONE',  ( 7.500000000000000000, 0.000000000000000000, 0.000000000000000000 ) ) ;
#1983 = CARTESIAN_POINT ( 'NONE',  ( 11.57500000000000107, -7.454619388706745122E-15, -2.979999999999998206 ) ) ;
#1984 = DIRECTION ( 'NONE',  ( 1.000000000000000000, 0.000000000000000000, 0.000000000000000000 ) ) ;
#1985 = EDGE_CURVE ( 'NONE', #780, #1430, #320, .T. ) ;
#1986 = LINE ( 'NONE', #533, #1502 ) ;
#1987 = CARTESIAN_POINT ( 'NONE',  ( 31.22882447266344386, -33.79882447266337664, 2.099999999999995648 ) ) ;
#1988 = CARTESIAN_POINT ( 'NONE',  ( 7.500000000000000000, 0.000000000000000000, 2.100000000000000089 ) ) ;
#1989 = EDGE_CURVE ( 'NONE', #2058, #1134, #1527, .T. ) ;
#1990 = CARTESIAN_POINT ( 'NONE',  ( 9.774999999999996803, -12.50000000000000000, -47.22000000000000597 ) ) ;
#1991 = CARTESIAN_POINT ( 'NONE',  ( 7.999999999999998224, -15.65000000000000036, -2.980000000000001315 ) ) ;
#1992 = COLOUR_RGB ( '',1.000000000000000000, 0.000000000000000000, 0.000000000000000000 ) ;
#1993 = DIRECTION ( 'NONE',  ( 1.000000000000000000, -0.000000000000000000, -0.000000000000000000 ) ) ;
#1994 = VECTOR ( 'NONE', #115, 1000.000000000000000 ) ;
#1995 = CARTESIAN_POINT ( 'NONE',  ( 7.500000000000000000, 0.000000000000000000, 0.000000000000000000 ) ) ;
#1996 =( GEOMETRIC_REPRESENTATION_CONTEXT ( 3 ) GLOBAL_UNCERTAINTY_ASSIGNED_CONTEXT ( ( #2018 ) ) GLOBAL_UNIT_ASSIGNED_CONTEXT ( ( #1710, #792, #141 ) ) REPRESENTATION_CONTEXT ( 'NONE', 'WORKASPACE' ) );
#1997 = FACE_OUTER_BOUND ( 'NONE', #1056, .T. ) ;
#1998 = DIRECTION ( 'NONE',  ( -1.000000000000000000, 0.000000000000000000, 0.000000000000000000 ) ) ;
#1999 = AXIS2_PLACEMENT_3D ( 'NONE', #1058, #2015, #580 ) ;
#2000 = ORIENTED_EDGE ( 'NONE', *, *, #1060, .F. ) ;
#2001 = CIRCLE ( 'NONE', #1353, 5.110721042641049650 ) ;
#2002 = FACE_OUTER_BOUND ( 'NONE', #414, .T. ) ;
#2003 = DIRECTION ( 'NONE',  ( 1.000000000000000000, 0.000000000000000000, 0.000000000000000000 ) ) ;
#2004 = COLOUR_RGB ( '',0.7921568627450980005, 0.8196078431372548767, 0.9333333333333333481 ) ;
#2005 = EDGE_CURVE ( 'NONE', #1430, #1334, #975, .T. ) ;
#2006 = DIRECTION ( 'NONE',  ( 1.000000000000000000, 0.000000000000000000, 0.000000000000000000 ) ) ;
#2007 = DIRECTION ( 'NONE',  ( -1.000000000000000000, 0.000000000000000000, 0.000000000000000000 ) ) ;
#2008 = PRESENTATION_STYLE_ASSIGNMENT (( #240 ) ) ;
#2009 = CARTESIAN_POINT ( 'NONE',  ( 9.774999999999996803, -7.000000000000000000, 2.980000000000004423 ) ) ;
#2010 = DIRECTION ( 'NONE',  ( 1.000000000000000000, 0.000000000000000000, 0.000000000000000000 ) ) ;
#2011 = EDGE_LOOP ( 'NONE', ( #1862, #318, #1481, #173 ) ) ;
#2012 = FILL_AREA_STYLE ('',( #1390 ) ) ;
#2013 = EDGE_CURVE ( 'NONE', #337, #124, #1891, .T. ) ;
#2014 = SURFACE_STYLE_FILL_AREA ( #1693 ) ;
#2015 = DIRECTION ( 'NONE',  ( -1.000000000000000000, 0.000000000000000000, 0.000000000000000000 ) ) ;
#2016 = CARTESIAN_POINT ( 'NONE',  ( 13.07999999999999474, -15.65000000000000036, -2.100000000000000089 ) ) ;
#2017 = SURFACE_SIDE_STYLE ('',( #1396 ) ) ;
#2018 = UNCERTAINTY_MEASURE_WITH_UNIT (LENGTH_MEASURE( 1.000000000000000082E-05 ), #1710, 'distance_accuracy_value', 'NONE');
#2019 =( LENGTH_UNIT ( ) NAMED_UNIT ( * ) SI_UNIT ( .MILLI., .METRE. ) );
#2020 = ORIENTED_EDGE ( 'NONE', *, *, #1956, .T. ) ;
#2021 = ORIENTED_EDGE ( 'NONE', *, *, #306, .F. ) ;
#2022 = CIRCLE ( 'NONE', #1655, 5.750000000000000000 ) ;
#2023 = VECTOR ( 'NONE', #1036, 1000.000000000000000 ) ;
#2024 = PRESENTATION_STYLE_ASSIGNMENT (( #920 ) ) ;
#2025 =( NAMED_UNIT ( * ) SI_UNIT ( $, .STERADIAN. ) SOLID_ANGLE_UNIT ( ) );
#2026 =( GEOMETRIC_REPRESENTATION_CONTEXT ( 3 ) GLOBAL_UNCERTAINTY_ASSIGNED_CONTEXT ( ( #109 ) ) GLOBAL_UNIT_ASSIGNED_CONTEXT ( ( #919, #2063, #628 ) ) REPRESENTATION_CONTEXT ( 'NONE', 'WORKASPACE' ) );
#2027 = CARTESIAN_POINT ( 'NONE',  ( 8.769999999999997797, -15.15000000000000036, -2.980000000000001315 ) ) ;
#2028 = EDGE_CURVE ( 'NONE', #1765, #177, #151, .T. ) ;
#2029 = VECTOR ( 'NONE', #396, 1000.000000000000000 ) ;
#2030 = CARTESIAN_POINT ( 'NONE',  ( 7.500000000000000000, 0.000000000000000000, 0.000000000000000000 ) ) ;
#2031 = EDGE_LOOP ( 'NONE', ( #186, #2049, #170, #1975 ) ) ;
#2032 = ADVANCED_FACE ( 'NONE', ( #614 ), #777, .T. ) ;
#2033 = DIRECTION ( 'NONE',  ( 0.000000000000000000, 0.000000000000000000, 1.000000000000000000 ) ) ;
#2034 =( LENGTH_UNIT ( ) NAMED_UNIT ( * ) SI_UNIT ( .MILLI., .METRE. ) );
#2035 = PLANE ( 'NONE',  #48 ) ;
#2036 = STYLED_ITEM ( 'NONE', ( #1194 ), #1039 ) ;
#2037 = STYLED_ITEM ( 'NONE', ( #280 ), #1310 ) ;
#2038 = SURFACE_SIDE_STYLE ('',( #1556 ) ) ;
#2039 = EDGE_CURVE ( 'NONE', #274, #1734, #1276, .T. ) ;
#2040 = SURFACE_STYLE_FILL_AREA ( #599 ) ;
#2041 = CARTESIAN_POINT ( 'NONE',  ( -13.84999999999999964, 2.486033002269126683E-16, -2.029999999999999805 ) ) ;
#2042 = ORIENTED_EDGE ( 'NONE', *, *, #1715, .F. ) ;
#2043 = CARTESIAN_POINT ( 'NONE',  ( 9.774999999999996803, -7.000000000000000000, 2.980000000000004423 ) ) ;
#2044 = ORIENTED_EDGE ( 'NONE', *, *, #787, .T. ) ;
#2045 = DIRECTION ( 'NONE',  ( 0.000000000000000000, 1.000000000000000000, 0.000000000000000000 ) ) ;
#2046 = CARTESIAN_POINT ( 'NONE',  ( 11.57499999999999574, 1.685919363247366453E-14, -2.100000000000000089 ) ) ;
#2047 = ORIENTED_EDGE ( 'NONE', *, *, #1578, .T. ) ;
#2048 = DIRECTION ( 'NONE',  ( 0.000000000000000000, -1.000000000000000000, -1.301042606982603842E-16 ) ) ;
#2049 = ORIENTED_EDGE ( 'NONE', *, *, #325, .F. ) ;
#2050 = ORIENTED_EDGE ( 'NONE', *, *, #1082, .T. ) ;
#2051 = SURFACE_STYLE_USAGE ( .BOTH. , #1084 ) ;
#2052 = PLANE ( 'NONE',  #328 ) ;
#2053 = CARTESIAN_POINT ( 'NONE',  ( 65.02764894532670326, 0.000000000000000000, 0.000000000000000000 ) ) ;
#2054 = CARTESIAN_POINT ( 'NONE',  ( 7.500000000000000000, -4.659342182722150838, -2.099999999999999645 ) ) ;
#2055 = FILL_AREA_STYLE_COLOUR ( '', #1867 ) ;
#2056 = CIRCLE ( 'NONE', #1589, 5.110721042641049650 ) ;
#2057 = CIRCLE ( 'NONE', #317, 5.110721042641049650 ) ;
#2058 = VERTEX_POINT ( 'NONE', #2041 ) ;
#2059 = AXIS2_PLACEMENT_3D ( 'NONE', #1170, #200, #1146 ) ;
#2060 = DIRECTION ( 'NONE',  ( 0.000000000000000000, 0.000000000000000000, 1.000000000000000000 ) ) ;
#2061 = ORIENTED_EDGE ( 'NONE', *, *, #716, .T. ) ;
#2062 = VECTOR ( 'NONE', #2048, 1000.000000000000000 ) ;
#2063 =( NAMED_UNIT ( * ) PLANE_ANGLE_UNIT ( ) SI_UNIT ( $, .RADIAN. ) );
#2064 = AXIS2_PLACEMENT_3D ( 'NONE', #1910, #1470, #807 ) ;
#2065 = ADVANCED_FACE ( 'NONE', ( #1253 ), #1877, .T. ) ;
#2066 = EDGE_LOOP ( 'NONE', ( #1628, #685, #1912, #1317 ) ) ;
#2067 = EDGE_LOOP ( 'NONE', ( #1181, #629, #2076, #576 ) ) ;
#2068 = FILL_AREA_STYLE ('',( #941 ) ) ;
#2069 = COLOUR_RGB ( '',1.000000000000000000, 0.000000000000000000, 0.000000000000000000 ) ;
#2070 = FACE_BOUND ( 'NONE', #140, .T. ) ;
#2071 = AXIS2_PLACEMENT_3D ( 'NONE', #720, #1661, #1203 ) ;
#2072 = ADVANCED_FACE ( 'NONE', ( #1501 ), #1190, .T. ) ;
#2073 = ORIENTED_EDGE ( 'NONE', *, *, #217, .T. ) ;
#2074 = DIRECTION ( 'NONE',  ( -1.000000000000000000, 0.000000000000000000, 0.000000000000000000 ) ) ;
#2075 = DIRECTION ( 'NONE',  ( 0.000000000000000000, 0.000000000000000000, 1.000000000000000000 ) ) ;
#2076 = ORIENTED_EDGE ( 'NONE', *, *, #1411, .T. ) ;
#2077 = FACE_OUTER_BOUND ( 'NONE', #2031, .T. ) ;
#2078 = CARTESIAN_POINT ( 'NONE',  ( -9.049999999999998934, 5.694607616035189911E-16, -4.649999999999999467 ) ) ;
#2079 = PLANE ( 'NONE',  #558 ) ;
#2080 = DIRECTION ( 'NONE',  ( 0.7071067811865489050, -0.7071067811865462405, 9.199760500100218944E-17 ) ) ;
#2081 = EDGE_CURVE ( 'NONE', #1325, #98, #1644, .T. ) ;
#2082 = LINE ( 'NONE', #656, #1010 ) ;
#2083 = ORIENTED_EDGE ( 'NONE', *, *, #1848, .F. ) ;
#2084 = PLANE ( 'NONE',  #971 ) ;
ENDSEC;
END-ISO-10303-21;
