ISO-10303-21;
HEADER;
FILE_DESCRIPTION (( 'STEP AP214' ),
    '1' );
FILE_NAME ('ISZ24DP10LMATMA1.STEP',
    '2024-01-31T10:07:18',
    ( '' ),
    ( '' ),
    'SwSTEP 2.0',
    'SolidWorks 2021',
    '' );
FILE_SCHEMA (( 'AUTOMOTIVE_DESIGN' ));
ENDSEC;

DATA;
#1 =( NAMED_UNIT ( * ) SI_UNIT ( $, .STERADIAN. ) SOLID_ANGLE_UNIT ( ) );
#2 = PRESENTATION_LAYER_ASSIGNMENT (  '', '', ( #1617 ) ) ;
#3 = APPLICATION_CONTEXT ( 'automotive_design' ) ;
#4 = VERTEX_POINT ( 'NONE', #2221 ) ;
#5 = SURFACE_STYLE_FILL_AREA ( #271 ) ;
#6 = CARTESIAN_POINT ( 'NONE',  ( -1.144999999999999130, 1.100000000000000089, 0.5100000000000002309 ) ) ;
#7 = VECTOR ( 'NONE', #1540, 1000.000000000000000 ) ;
#8 = EDGE_CURVE ( 'NONE', #1095, #2953, #815, .T. ) ;
#9 = ORIENTED_EDGE ( 'NONE', *, *, #2241, .T. ) ;
#10 = ADVANCED_FACE ( 'NONE', ( #572 ), #255, .F. ) ;
#11 = LINE ( 'NONE', #1495, #494 ) ;
#12 = AXIS2_PLACEMENT_3D ( 'NONE', #1948, #2667, #1186 ) ;
#13 = CARTESIAN_POINT ( 'NONE',  ( 1.145000000000000240, 0.9000000000000001332, 1.699999999999999512 ) ) ;
#14 = SURFACE_STYLE_USAGE ( .BOTH. , #264 ) ;
#15 = ORIENTED_EDGE ( 'NONE', *, *, #819, .F. ) ;
#16 = ORIENTED_EDGE ( 'NONE', *, *, #1293, .T. ) ;
#17 = SURFACE_STYLE_USAGE ( .BOTH. , #1715 ) ;
#18 = CARTESIAN_POINT ( 'NONE',  ( 0.1549999999999990830, 1.100000000000000089, 1.500000000000000000 ) ) ;
#19 = LINE ( 'NONE', #2530, #1873 ) ;
#20 = ORIENTED_EDGE ( 'NONE', *, *, #2531, .F. ) ;
#21 = MECHANICAL_DESIGN_GEOMETRIC_PRESENTATION_REPRESENTATION (  '', ( #1374 ), #3093 ) ;
#22 =( LENGTH_UNIT ( ) NAMED_UNIT ( * ) SI_UNIT ( .MILLI., .METRE. ) );
#23 = VECTOR ( 'NONE', #3028, 1000.000000000000000 ) ;
#24 = FILL_AREA_STYLE_COLOUR ( '', #2614 ) ;
#25 = DIRECTION ( 'NONE',  ( 1.000000000000000000, 0.000000000000000000, -5.421010862427529073E-16 ) ) ;
#26 = FILL_AREA_STYLE_COLOUR ( '', #2188 ) ;
#27 = UNCERTAINTY_MEASURE_WITH_UNIT (LENGTH_MEASURE( 1.000000000000000082E-05 ), #3009, 'distance_accuracy_value', 'NONE');
#28 = MECHANICAL_DESIGN_GEOMETRIC_PRESENTATION_REPRESENTATION (  '', ( #1433 ), #1119 ) ;
#29 = AXIS2_PLACEMENT_3D ( 'NONE', #183, #616, #1890 ) ;
#30 = EDGE_LOOP ( 'NONE', ( #1864, #1845, #1268, #1945 ) ) ;
#31 = FILL_AREA_STYLE ('',( #752 ) ) ;
#32 = PLANE ( 'NONE',  #383 ) ;
#33 = PRESENTATION_LAYER_ASSIGNMENT (  '', '', ( #552 ) ) ;
#34 = STYLED_ITEM ( 'NONE', ( #686 ), #2746 ) ;
#35 = EDGE_CURVE ( 'NONE', #613, #2547, #301, .T. ) ;
#36 = CARTESIAN_POINT ( 'NONE',  ( -1.144999999999999130, 0.9000000000000001332, 1.300000000000000044 ) ) ;
#37 = FACE_OUTER_BOUND ( 'NONE', #2602, .T. ) ;
#38 = DIRECTION ( 'NONE',  ( 1.000000000000000000, 0.000000000000000000, 0.000000000000000000 ) ) ;
#39 = VECTOR ( 'NONE', #2699, 1000.000000000000000 ) ;
#40 = ORIENTED_EDGE ( 'NONE', *, *, #1883, .T. ) ;
#41 =( LENGTH_UNIT ( ) NAMED_UNIT ( * ) SI_UNIT ( .MILLI., .METRE. ) );
#42 = DIRECTION ( 'NONE',  ( 0.000000000000000000, 0.000000000000000000, -1.000000000000000000 ) ) ;
#43 = PRESENTATION_STYLE_ASSIGNMENT (( #2266 ) ) ;
#44 = LINE ( 'NONE', #807, #2233 ) ;
#45 = CARTESIAN_POINT ( 'NONE',  ( 1.144999999999999796, 0.9000000000000001332, 4.115176201643876809E-16 ) ) ;
#46 =( GEOMETRIC_REPRESENTATION_CONTEXT ( 3 ) GLOBAL_UNCERTAINTY_ASSIGNED_CONTEXT ( ( #2704 ) ) GLOBAL_UNIT_ASSIGNED_CONTEXT ( ( #1031, #1009, #1765 ) ) REPRESENTATION_CONTEXT ( 'NONE', 'WORKASPACE' ) );
#47 = EDGE_CURVE ( 'NONE', #153, #1369, #1782, .T. ) ;
#48 = ORIENTED_EDGE ( 'NONE', *, *, #732, .F. ) ;
#49 = DIRECTION ( 'NONE',  ( -0.000000000000000000, -1.000000000000000000, -0.000000000000000000 ) ) ;
#50 = DIRECTION ( 'NONE',  ( 0.000000000000000000, 0.000000000000000000, 1.000000000000000000 ) ) ;
#51 = EDGE_CURVE ( 'NONE', #3005, #2517, #1520, .T. ) ;
#52 = STYLED_ITEM ( 'NONE', ( #2425 ), #820 ) ;
#53 = VECTOR ( 'NONE', #1047, 1000.000000000000000 ) ;
#54 =( NAMED_UNIT ( * ) SI_UNIT ( $, .STERADIAN. ) SOLID_ANGLE_UNIT ( ) );
#55 = DIRECTION ( 'NONE',  ( 0.000000000000000000, 0.000000000000000000, -1.000000000000000000 ) ) ;
#56 = AXIS2_PLACEMENT_3D ( 'NONE', #1426, #187, #2892 ) ;
#57 = ORIENTED_EDGE ( 'NONE', *, *, #964, .T. ) ;
#58 = SURFACE_STYLE_USAGE ( .BOTH. , #1275 ) ;
#59 = STYLED_ITEM ( 'NONE', ( #1080 ), #952 ) ;
#60 =( NAMED_UNIT ( * ) SI_UNIT ( $, .STERADIAN. ) SOLID_ANGLE_UNIT ( ) );
#61 = LINE ( 'NONE', #2296, #2390 ) ;
#62 =( LENGTH_UNIT ( ) NAMED_UNIT ( * ) SI_UNIT ( .MILLI., .METRE. ) );
#63 = UNCERTAINTY_MEASURE_WITH_UNIT (LENGTH_MEASURE( 1.000000000000000082E-05 ), #816, 'distance_accuracy_value', 'NONE');
#64 = VERTEX_POINT ( 'NONE', #1532 ) ;
#65 = FACE_OUTER_BOUND ( 'NONE', #2505, .T. ) ;
#66 = CARTESIAN_POINT ( 'NONE',  ( 0.000000000000000000, 0.9000000000000001332, 1.100000000000000311 ) ) ;
#67 = FACE_OUTER_BOUND ( 'NONE', #1998, .T. ) ;
#68 = ORIENTED_EDGE ( 'NONE', *, *, #965, .F. ) ;
#69 = CARTESIAN_POINT ( 'NONE',  ( 0.000000000000000000, 0.9000000000000001332, -1.300000000000000044 ) ) ;
#70 = DIRECTION ( 'NONE',  ( -0.000000000000000000, 1.000000000000000000, -0.000000000000000000 ) ) ;
#71 = ORIENTED_EDGE ( 'NONE', *, *, #2024, .T. ) ;
#72 =( NAMED_UNIT ( * ) PLANE_ANGLE_UNIT ( ) SI_UNIT ( $, .RADIAN. ) );
#73 =( LENGTH_UNIT ( ) NAMED_UNIT ( * ) SI_UNIT ( .MILLI., .METRE. ) );
#74 = COLOUR_RGB ( '',0.6666666666666666297, 0.6980392156862744724, 0.7686274509803920907 ) ;
#75 = DIRECTION ( 'NONE',  ( 0.000000000000000000, -0.000000000000000000, -1.000000000000000000 ) ) ;
#76 =( GEOMETRIC_REPRESENTATION_CONTEXT ( 3 ) GLOBAL_UNCERTAINTY_ASSIGNED_CONTEXT ( ( #3217 ) ) GLOBAL_UNIT_ASSIGNED_CONTEXT ( ( #2154, #3128, #2650 ) ) REPRESENTATION_CONTEXT ( 'NONE', 'WORKASPACE' ) );
#77 = STYLED_ITEM ( 'NONE', ( #292 ), #2014 ) ;
#78 = VERTEX_POINT ( 'NONE', #1999 ) ;
#79 = ORIENTED_EDGE ( 'NONE', *, *, #3066, .T. ) ;
#80 = VERTEX_POINT ( 'NONE', #2303 ) ;
#81 = CARTESIAN_POINT ( 'NONE',  ( 1.145000000000003793, 0.9000000000000001332, 2.482822974991816592E-15 ) ) ;
#82 = CARTESIAN_POINT ( 'NONE',  ( -0.8049999999999992717, 1.100000000000000089, 1.300000000000000044 ) ) ;
#83 = VECTOR ( 'NONE', #3140, 1000.000000000000000 ) ;
#84 = ORIENTED_EDGE ( 'NONE', *, *, #251, .T. ) ;
#85 = EDGE_CURVE ( 'NONE', #954, #2797, #19, .T. ) ;
#86 = AXIS2_PLACEMENT_3D ( 'NONE', #233, #2703, #1464 ) ;
#87 = DIRECTION ( 'NONE',  ( 0.000000000000000000, 0.000000000000000000, -1.000000000000000000 ) ) ;
#88 = SURFACE_STYLE_FILL_AREA ( #578 ) ;
#89 = FACE_OUTER_BOUND ( 'NONE', #3183, .T. ) ;
#90 = CARTESIAN_POINT ( 'NONE',  ( -0.8049999999999983835, 0.9000000000000001332, -1.300000000000000044 ) ) ;
#91 = ORIENTED_EDGE ( 'NONE', *, *, #1988, .T. ) ;
#92 = DIRECTION ( 'NONE',  ( -3.594040350780678897E-16, 0.000000000000000000, 1.000000000000000000 ) ) ;
#93 = EDGE_CURVE ( 'NONE', #94, #2625, #2334, .T. ) ;
#94 = VERTEX_POINT ( 'NONE', #2574 ) ;
#95 = ORIENTED_EDGE ( 'NONE', *, *, #953, .F. ) ;
#96 = DIRECTION ( 'NONE',  ( 0.000000000000000000, 0.000000000000000000, 1.000000000000000000 ) ) ;
#97 = LINE ( 'NONE', #346, #1561 ) ;
#98 = SURFACE_STYLE_USAGE ( .BOTH. , #621 ) ;
#99 = CARTESIAN_POINT ( 'NONE',  ( 0.8050000000000004929, 1.100000000000000089, -1.300000000000000044 ) ) ;
#100 = ORIENTED_EDGE ( 'NONE', *, *, #1841, .F. ) ;
#101 = STYLED_ITEM ( 'NONE', ( #2447 ), #630 ) ;
#102 = ORIENTED_EDGE ( 'NONE', *, *, #3025, .T. ) ;
#103 = MECHANICAL_DESIGN_GEOMETRIC_PRESENTATION_REPRESENTATION (  '', ( #1353 ), #890 ) ;
#104 = EDGE_CURVE ( 'NONE', #168, #1826, #2063, .T. ) ;
#105 = ADVANCED_FACE ( 'NONE', ( #2030 ), #3055, .T. ) ;
#106 = CARTESIAN_POINT ( 'NONE',  ( 1.145000000000002016, 1.100000000000000089, 1.100000000000000311 ) ) ;
#107 = SURFACE_STYLE_USAGE ( .BOTH. , #1324 ) ;
#108 = VECTOR ( 'NONE', #1054, 1000.000000000000000 ) ;
#109 = PLANE ( 'NONE',  #1670 ) ;
#110 = SURFACE_STYLE_USAGE ( .BOTH. , #2826 ) ;
#111 = CARTESIAN_POINT ( 'NONE',  ( -1.144999999999999130, 1.100000000000000089, 1.300000000000000044 ) ) ;
#112 = EDGE_LOOP ( 'NONE', ( #2061, #767, #608, #2155 ) ) ;
#113 = VERTEX_POINT ( 'NONE', #770 ) ;
#114 = DIRECTION ( 'NONE',  ( -0.000000000000000000, 1.000000000000000000, -0.000000000000000000 ) ) ;
#115 = ORIENTED_EDGE ( 'NONE', *, *, #2646, .F. ) ;
#116 = FACE_OUTER_BOUND ( 'NONE', #3023, .T. ) ;
#117 = PRESENTATION_STYLE_ASSIGNMENT (( #1605 ) ) ;
#118 = CARTESIAN_POINT ( 'NONE',  ( 1.365560926821136389, 0.000000000000000000, 1.334740975347745273 ) ) ;
#119 = PLANE ( 'NONE',  #872 ) ;
#120 = UNCERTAINTY_MEASURE_WITH_UNIT (LENGTH_MEASURE( 1.000000000000000082E-05 ), #2925, 'distance_accuracy_value', 'NONE');
#121 = LINE ( 'NONE', #2441, #734 ) ;
#122 = CARTESIAN_POINT ( 'NONE',  ( 1.145000000000000240, 1.100000000000000089, -1.699999999999999512 ) ) ;
#123 = DIRECTION ( 'NONE',  ( -1.000000000000000000, 0.000000000000000000, 0.000000000000000000 ) ) ;
#124 = ORIENTED_EDGE ( 'NONE', *, *, #965, .T. ) ;
#125 = EDGE_LOOP ( 'NONE', ( #3113, #2328 ) ) ;
#126 = SURFACE_STYLE_USAGE ( .BOTH. , #2815 ) ;
#127 = DIRECTION ( 'NONE',  ( -0.000000000000000000, 1.000000000000000000, -0.000000000000000000 ) ) ;
#128 = VECTOR ( 'NONE', #2053, 1000.000000000000000 ) ;
#129 = VECTOR ( 'NONE', #420, 1000.000000000000000 ) ;
#130 = ADVANCED_FACE ( 'NONE', ( #2012 ), #1285, .F. ) ;
#131 = CIRCLE ( 'NONE', #2128, 0.1052790733207511764 ) ;
#132 = EDGE_CURVE ( 'NONE', #3067, #613, #2398, .T. ) ;
#133 = VERTEX_POINT ( 'NONE', #1333 ) ;
#134 = AXIS2_PLACEMENT_3D ( 'NONE', #2389, #1128, #1918 ) ;
#135 = VECTOR ( 'NONE', #1241, 1000.000000000000000 ) ;
#136 = DIRECTION ( 'NONE',  ( -0.000000000000000000, -1.000000000000000000, -0.000000000000000000 ) ) ;
#137 = LINE ( 'NONE', #907, #1965 ) ;
#138 = EDGE_LOOP ( 'NONE', ( #2088, #456, #2620, #1355, #593, #2895, #1708, #3082, #1951, #839, #2902, #596 ) ) ;
#139 = VECTOR ( 'NONE', #2327, 1000.000000000000000 ) ;
#140 = EDGE_CURVE ( 'NONE', #871, #1411, #1077, .T. ) ;
#141 = FILL_AREA_STYLE_COLOUR ( '', #1510 ) ;
#142 = DIRECTION ( 'NONE',  ( 1.626303258728258623E-15, 0.000000000000000000, 1.000000000000000000 ) ) ;
#143 = DIRECTION ( 'NONE',  ( 0.000000000000000000, 0.000000000000000000, 1.000000000000000000 ) ) ;
#144 = EDGE_CURVE ( 'NONE', #2653, #2400, #2084, .T. ) ;
#145 = ORIENTED_EDGE ( 'NONE', *, *, #3000, .T. ) ;
#146 = EDGE_CURVE ( 'NONE', #358, #474, #3068, .T. ) ;
#147 = CARTESIAN_POINT ( 'NONE',  ( 1.365560926821136389, 0.01000000000000000021, 1.229461902026994125 ) ) ;
#148 = ORIENTED_EDGE ( 'NONE', *, *, #1638, .F. ) ;
#149 =( GEOMETRIC_REPRESENTATION_CONTEXT ( 3 ) GLOBAL_UNCERTAINTY_ASSIGNED_CONTEXT ( ( #1294 ) ) GLOBAL_UNIT_ASSIGNED_CONTEXT ( ( #345, #1072, #2365 ) ) REPRESENTATION_CONTEXT ( 'NONE', 'WORKASPACE' ) );
#150 = VECTOR ( 'NONE', #1383, 1000.000000000000000 ) ;
#151 = ORIENTED_EDGE ( 'NONE', *, *, #1889, .F. ) ;
#152 = AXIS2_PLACEMENT_3D ( 'NONE', #748, #513, #2730 ) ;
#153 = VERTEX_POINT ( 'NONE', #594 ) ;
#154 =( GEOMETRIC_REPRESENTATION_CONTEXT ( 3 ) GLOBAL_UNCERTAINTY_ASSIGNED_CONTEXT ( ( #2023 ) ) GLOBAL_UNIT_ASSIGNED_CONTEXT ( ( #2616, #1823, #1134 ) ) REPRESENTATION_CONTEXT ( 'NONE', 'WORKASPACE' ) );
#155 = CARTESIAN_POINT ( 'NONE',  ( 0.000000000000000000, 1.100000000000000089, 1.500000000000000000 ) ) ;
#156 = CARTESIAN_POINT ( 'NONE',  ( -0.1550000000000002487, 0.9000000000000001332, -8.402566836762679085E-17 ) ) ;
#157 = UNCERTAINTY_MEASURE_WITH_UNIT (LENGTH_MEASURE( 1.000000000000000082E-05 ), #1214, 'distance_accuracy_value', 'NONE');
#158 = STYLED_ITEM ( 'NONE', ( #3090 ), #479 ) ;
#159 = ORIENTED_EDGE ( 'NONE', *, *, #2980, .T. ) ;
#160 = ORIENTED_EDGE ( 'NONE', *, *, #2434, .T. ) ;
#161 = LINE ( 'NONE', #1876, #1485 ) ;
#162 = LINE ( 'NONE', #431, #1706 ) ;
#163 = DIRECTION ( 'NONE',  ( 1.000000000000000000, -0.000000000000000000, 0.000000000000000000 ) ) ;
#164 = LINE ( 'NONE', #1431, #2961 ) ;
#165 = SURFACE_SIDE_STYLE ('',( #1882 ) ) ;
#166 = MECHANICAL_DESIGN_GEOMETRIC_PRESENTATION_REPRESENTATION (  '', ( #59 ), #1149 ) ;
#167 = EDGE_LOOP ( 'NONE', ( #68, #556, #2459, #2371 ) ) ;
#168 = VERTEX_POINT ( 'NONE', #1653 ) ;
#169 = DIRECTION ( 'NONE',  ( 5.421010862427526114E-16, 0.000000000000000000, -1.000000000000000000 ) ) ;
#170 = DIRECTION ( 'NONE',  ( 1.626303258728258623E-15, 0.000000000000000000, 1.000000000000000000 ) ) ;
#171 = CARTESIAN_POINT ( 'NONE',  ( -0.8049999999999983835, 0.9000000000000001332, -1.300000000000000044 ) ) ;
#172 = EDGE_CURVE ( 'NONE', #672, #3081, #2372, .T. ) ;
#173 = DIRECTION ( 'NONE',  ( -1.355252715606882909E-15, 0.000000000000000000, 1.000000000000000000 ) ) ;
#174 = CARTESIAN_POINT ( 'NONE',  ( 0.000000000000000000, 1.100000000000000089, 1.300000000000000044 ) ) ;
#175 = SURFACE_STYLE_FILL_AREA ( #2429 ) ;
#176 = PRESENTATION_LAYER_ASSIGNMENT (  '', '', ( #2586 ) ) ;
#177 = VECTOR ( 'NONE', #142, 1000.000000000000000 ) ;
#178 = ORIENTED_EDGE ( 'NONE', *, *, #1586, .T. ) ;
#179 = CARTESIAN_POINT ( 'NONE',  ( -0.8049999999999962741, 1.100000000000000089, 1.309174123276242068E-15 ) ) ;
#180 = EDGE_CURVE ( 'NONE', #2900, #2532, #2832, .T. ) ;
#181 = ORIENTED_EDGE ( 'NONE', *, *, #561, .F. ) ;
#182 =( GEOMETRIC_REPRESENTATION_CONTEXT ( 3 ) GLOBAL_UNCERTAINTY_ASSIGNED_CONTEXT ( ( #2613 ) ) GLOBAL_UNIT_ASSIGNED_CONTEXT ( ( #541, #2785, #1568 ) ) REPRESENTATION_CONTEXT ( 'NONE', 'WORKASPACE' ) );
#183 = CARTESIAN_POINT ( 'NONE',  ( 0.000000000000000000, 0.9000000000000001332, 1.500000000000000000 ) ) ;
#184 = CARTESIAN_POINT ( 'NONE',  ( 0.8050000000000011591, 1.100000000000000089, 1.500000000000000000 ) ) ;
#185 = UNCERTAINTY_MEASURE_WITH_UNIT (LENGTH_MEASURE( 1.000000000000000082E-05 ), #2401, 'distance_accuracy_value', 'NONE');
#186 = VECTOR ( 'NONE', #1688, 1000.000000000000000 ) ;
#187 = DIRECTION ( 'NONE',  ( 0.000000000000000000, 0.000000000000000000, -1.000000000000000000 ) ) ;
#188 = CARTESIAN_POINT ( 'NONE',  ( 0.8050000000000003819, 1.100000000000000089, -1.699999999999999512 ) ) ;
#189 = AXIS2_PLACEMENT_3D ( 'NONE', #1253, #3001, #1995 ) ;
#190 = PLANE ( 'NONE',  #2186 ) ;
#191 = VERTEX_POINT ( 'NONE', #868 ) ;
#192 = CARTESIAN_POINT ( 'NONE',  ( -0.1549999999999995270, 1.100000000000000089, -1.300000000000000044 ) ) ;
#193 = PRESENTATION_STYLE_ASSIGNMENT (( #1168 ) ) ;
#194 = DIRECTION ( 'NONE',  ( 0.000000000000000000, -0.000000000000000000, 1.000000000000000000 ) ) ;
#195 = ORIENTED_EDGE ( 'NONE', *, *, #509, .T. ) ;
#196 =( NAMED_UNIT ( * ) PLANE_ANGLE_UNIT ( ) SI_UNIT ( $, .RADIAN. ) );
#197 = DIRECTION ( 'NONE',  ( -1.084202172485505223E-15, 0.000000000000000000, 1.000000000000000000 ) ) ;
#198 = VERTEX_POINT ( 'NONE', #147 ) ;
#199 =( NAMED_UNIT ( * ) SI_UNIT ( $, .STERADIAN. ) SOLID_ANGLE_UNIT ( ) );
#200 = VECTOR ( 'NONE', #2913, 1000.000000000000000 ) ;
#201 = CARTESIAN_POINT ( 'NONE',  ( -0.4949999999999979416, 0.9000000000000001332, 0.000000000000000000 ) ) ;
#202 = VECTOR ( 'NONE', #962, 1000.000000000000000 ) ;
#203 = EDGE_CURVE ( 'NONE', #2225, #1000, #625, .T. ) ;
#204 = COLOUR_RGB ( '',0.6666666666666666297, 0.6980392156862744724, 0.7686274509803920907 ) ;
#205 = PLANE ( 'NONE',  #1038 ) ;
#206 = CARTESIAN_POINT ( 'NONE',  ( 7.243796174248137349E-17, 0.9000000000000001332, 0.5100000000000001199 ) ) ;
#207 = ORIENTED_EDGE ( 'NONE', *, *, #2565, .T. ) ;
#208 = VECTOR ( 'NONE', #1849, 1000.000000000000000 ) ;
#209 = ORIENTED_EDGE ( 'NONE', *, *, #765, .T. ) ;
#210 = DIRECTION ( 'NONE',  ( -5.421010862427529073E-16, 0.000000000000000000, 1.000000000000000000 ) ) ;
#211 = ADVANCED_FACE ( 'NONE', ( #3095 ), #2621, .F. ) ;
#212 = LINE ( 'NONE', #3181, #135 ) ;
#213 = COLOUR_RGB ( '',0.2980392156862745057, 0.2980392156862745057, 0.2980392156862745057 ) ;
#214 = ORIENTED_EDGE ( 'NONE', *, *, #2920, .T. ) ;
#215 = LINE ( 'NONE', #492, #1588 ) ;
#216 = DIRECTION ( 'NONE',  ( -1.420352191029046022E-16, 0.000000000000000000, -1.000000000000000000 ) ) ;
#217 = DIRECTION ( 'NONE',  ( 1.000000000000000000, -0.000000000000000000, 0.000000000000000000 ) ) ;
#218 = FILL_AREA_STYLE_COLOUR ( '', #500 ) ;
#219 = DIRECTION ( 'NONE',  ( -1.000000000000000000, 0.000000000000000000, 2.710505431213764536E-16 ) ) ;
#220 = FACE_OUTER_BOUND ( 'NONE', #2291, .T. ) ;
#221 = ORIENTED_EDGE ( 'NONE', *, *, #336, .F. ) ;
#222 = CARTESIAN_POINT ( 'NONE',  ( 0.8050000000000017142, 1.100000000000000089, 1.699999999999999512 ) ) ;
#223 = EDGE_CURVE ( 'NONE', #672, #1899, #2139, .T. ) ;
#224 = VECTOR ( 'NONE', #2421, 1000.000000000000000 ) ;
#225 = EDGE_CURVE ( 'NONE', #3081, #832, #164, .T. ) ;
#226 = EDGE_LOOP ( 'NONE', ( #3011, #181, #1798, #385 ) ) ;
#227 = LINE ( 'NONE', #1725, #2440 ) ;
#228 = DIRECTION ( 'NONE',  ( 1.000000000000000000, 0.000000000000000000, -0.000000000000000000 ) ) ;
#229 = PRESENTATION_LAYER_ASSIGNMENT (  '', '', ( #1121 ) ) ;
#230 =( NAMED_UNIT ( * ) SI_UNIT ( $, .STERADIAN. ) SOLID_ANGLE_UNIT ( ) );
#231 =( LENGTH_UNIT ( ) NAMED_UNIT ( * ) SI_UNIT ( .MILLI., .METRE. ) );
#232 = LINE ( 'NONE', #1762, #1223 ) ;
#233 = CARTESIAN_POINT ( 'NONE',  ( 0.000000000000000000, 1.100000000000000089, 0.000000000000000000 ) ) ;
#234 = PRESENTATION_LAYER_ASSIGNMENT (  '', '', ( #393 ) ) ;
#235 = ORIENTED_EDGE ( 'NONE', *, *, #1976, .T. ) ;
#236 = VECTOR ( 'NONE', #2209, 1000.000000000000000 ) ;
#237 = PLANE ( 'NONE',  #1343 ) ;
#238 = FACE_OUTER_BOUND ( 'NONE', #1085, .T. ) ;
#239 = CARTESIAN_POINT ( 'NONE',  ( -1.144999999999998908, 0.9000000000000001332, -1.699999999999999734 ) ) ;
#240 = ADVANCED_FACE ( 'NONE', ( #220 ), #3159, .F. ) ;
#241 = EDGE_CURVE ( 'NONE', #1501, #168, #704, .T. ) ;
#242 = VERTEX_POINT ( 'NONE', #1734 ) ;
#243 = ORIENTED_EDGE ( 'NONE', *, *, #1566, .T. ) ;
#244 = DIRECTION ( 'NONE',  ( -5.421010862427526114E-16, 0.000000000000000000, 1.000000000000000000 ) ) ;
#245 = SURFACE_STYLE_USAGE ( .BOTH. , #2249 ) ;
#246 = SURFACE_SIDE_STYLE ('',( #2502 ) ) ;
#247 =( LENGTH_UNIT ( ) NAMED_UNIT ( * ) SI_UNIT ( .MILLI., .METRE. ) );
#248 = DIRECTION ( 'NONE',  ( -0.000000000000000000, 1.000000000000000000, -0.000000000000000000 ) ) ;
#249 = AXIS2_PLACEMENT_3D ( 'NONE', #2779, #2058, #1483 ) ;
#250 = ORIENTED_EDGE ( 'NONE', *, *, #2695, .T. ) ;
#251 = EDGE_CURVE ( 'NONE', #971, #2263, #2722, .T. ) ;
#252 = SURFACE_STYLE_FILL_AREA ( #504 ) ;
#253 = DIRECTION ( 'NONE',  ( -0.000000000000000000, -1.000000000000000000, -0.000000000000000000 ) ) ;
#254 = PRESENTATION_LAYER_ASSIGNMENT (  '', '', ( #158 ) ) ;
#255 = PLANE ( 'NONE',  #1291 ) ;
#256 = SURFACE_STYLE_USAGE ( .BOTH. , #2103 ) ;
#257 = PRESENTATION_LAYER_ASSIGNMENT (  '', '', ( #59 ) ) ;
#258 = ORIENTED_EDGE ( 'NONE', *, *, #2931, .T. ) ;
#259 = FILL_AREA_STYLE_COLOUR ( '', #2882 ) ;
#260 = VECTOR ( 'NONE', #70, 1000.000000000000000 ) ;
#261 =( LENGTH_UNIT ( ) NAMED_UNIT ( * ) SI_UNIT ( .MILLI., .METRE. ) );
#262 = PLANE ( 'NONE',  #674 ) ;
#263 = DIRECTION ( 'NONE',  ( -0.000000000000000000, -1.000000000000000000, -0.000000000000000000 ) ) ;
#264 = SURFACE_SIDE_STYLE ('',( #534 ) ) ;
#265 = EDGE_CURVE ( 'NONE', #1473, #422, #2897, .T. ) ;
#266 = ORIENTED_EDGE ( 'NONE', *, *, #629, .T. ) ;
#267 = CARTESIAN_POINT ( 'NONE',  ( -0.4949999999999979416, 1.100000000000000089, 0.000000000000000000 ) ) ;
#268 = FACE_OUTER_BOUND ( 'NONE', #138, .T. ) ;
#269 = DIRECTION ( 'NONE',  ( -2.710505431213769762E-15, 0.000000000000000000, -1.000000000000000000 ) ) ;
#270 = CARTESIAN_POINT ( 'NONE',  ( 0.000000000000000000, 1.100000000000000089, -1.300000000000000044 ) ) ;
#271 = FILL_AREA_STYLE ('',( #2768 ) ) ;
#272 = DIRECTION ( 'NONE',  ( -5.421010862427529073E-16, 0.000000000000000000, -1.000000000000000000 ) ) ;
#273 = ORIENTED_EDGE ( 'NONE', *, *, #302, .T. ) ;
#274 = FILL_AREA_STYLE ('',( #576 ) ) ;
#275 = ADVANCED_FACE ( 'NONE', ( #3176 ), #2415, .T. ) ;
#276 = EDGE_CURVE ( 'NONE', #2648, #437, #484, .T. ) ;
#277 = VECTOR ( 'NONE', #1776, 1000.000000000000000 ) ;
#278 = DIRECTION ( 'NONE',  ( 1.084202172485506406E-15, 0.000000000000000000, -1.000000000000000000 ) ) ;
#279 = VECTOR ( 'NONE', #1788, 1000.000000000000000 ) ;
#280 = ORIENTED_EDGE ( 'NONE', *, *, #1578, .F. ) ;
#281 = CYLINDRICAL_SURFACE ( 'NONE', #351, 0.1052790733207511764 ) ;
#282 = FILL_AREA_STYLE ('',( #829 ) ) ;
#283 = AXIS2_PLACEMENT_3D ( 'NONE', #836, #1097, #1802 ) ;
#284 = VECTOR ( 'NONE', #1584, 1000.000000000000000 ) ;
#285 = MECHANICAL_DESIGN_GEOMETRIC_PRESENTATION_REPRESENTATION (  '', ( #3007 ), #1970 ) ;
#286 =( LENGTH_UNIT ( ) NAMED_UNIT ( * ) SI_UNIT ( .MILLI., .METRE. ) );
#287 = SURFACE_STYLE_FILL_AREA ( #2495 ) ;
#288 = PRESENTATION_LAYER_ASSIGNMENT (  '', '', ( #1760 ) ) ;
#289 = ORIENTED_EDGE ( 'NONE', *, *, #1926, .F. ) ;
#290 =( LENGTH_UNIT ( ) NAMED_UNIT ( * ) SI_UNIT ( .MILLI., .METRE. ) );
#291 = CARTESIAN_POINT ( 'NONE',  ( -1.144999999999999796, 1.100000000000000089, -6.207057437479518801E-16 ) ) ;
#292 = PRESENTATION_STYLE_ASSIGNMENT (( #2551 ) ) ;
#293 = FACE_OUTER_BOUND ( 'NONE', #902, .T. ) ;
#294 = AXIS2_PLACEMENT_3D ( 'NONE', #1696, #1929, #2478 ) ;
#295 = ORIENTED_EDGE ( 'NONE', *, *, #241, .F. ) ;
#296 = SURFACE_SIDE_STYLE ('',( #2044 ) ) ;
#297 = CARTESIAN_POINT ( 'NONE',  ( 0.1549999999999993328, 0.9000000000000001332, 1.699999999999999734 ) ) ;
#298 = PLANE ( 'NONE',  #2634 ) ;
#299 =( GEOMETRIC_REPRESENTATION_CONTEXT ( 3 ) GLOBAL_UNCERTAINTY_ASSIGNED_CONTEXT ( ( #1731 ) ) GLOBAL_UNIT_ASSIGNED_CONTEXT ( ( #1423, #3122, #1857 ) ) REPRESENTATION_CONTEXT ( 'NONE', 'WORKASPACE' ) );
#300 = STYLED_ITEM ( 'NONE', ( #193 ), #317 ) ;
#301 = LINE ( 'NONE', #270, #3117 ) ;
#302 = EDGE_CURVE ( 'NONE', #3054, #1138, #434, .T. ) ;
#303 = ORIENTED_EDGE ( 'NONE', *, *, #3200, .T. ) ;
#304 = PRESENTATION_LAYER_ASSIGNMENT (  '', '', ( #2319 ) ) ;
#305 = CARTESIAN_POINT ( 'NONE',  ( -1.084202172485504237E-15, 1.100000000000000089, -1.699999999999999734 ) ) ;
#306 = CARTESIAN_POINT ( 'NONE',  ( 1.145000000000000240, 0.9000000000000001332, -1.699999999999999734 ) ) ;
#307 = LINE ( 'NONE', #1043, #279 ) ;
#308 = ORIENTED_EDGE ( 'NONE', *, *, #146, .T. ) ;
#309 =( NAMED_UNIT ( * ) PLANE_ANGLE_UNIT ( ) SI_UNIT ( $, .RADIAN. ) );
#310 = SURFACE_SIDE_STYLE ('',( #1595 ) ) ;
#311 = EDGE_CURVE ( 'NONE', #2670, #474, #1155, .T. ) ;
#312 = VERTEX_POINT ( 'NONE', #2167 ) ;
#313 = VERTEX_POINT ( 'NONE', #3143 ) ;
#314 = ORIENTED_EDGE ( 'NONE', *, *, #2196, .T. ) ;
#315 = CARTESIAN_POINT ( 'NONE',  ( -0.1549999999999982503, 1.100000000000000089, 1.500000000000000000 ) ) ;
#316 = VERTEX_POINT ( 'NONE', #2951 ) ;
#317 = ADVANCED_FACE ( 'NONE', ( #419 ), #1716, .F. ) ;
#318 = SURFACE_STYLE_FILL_AREA ( #1522 ) ;
#319 = ORIENTED_EDGE ( 'NONE', *, *, #1974, .T. ) ;
#320 = ADVANCED_FACE ( 'NONE', ( #268 ), #2795, .F. ) ;
#321 = SURFACE_STYLE_USAGE ( .BOTH. , #1039 ) ;
#322 = LINE ( 'NONE', #1833, #2542 ) ;
#323 = VECTOR ( 'NONE', #2351, 1000.000000000000000 ) ;
#324 = LINE ( 'NONE', #796, #1496 ) ;
#325 = VECTOR ( 'NONE', #2393, 1000.000000000000000 ) ;
#326 = VERTEX_POINT ( 'NONE', #785 ) ;
#327 = CARTESIAN_POINT ( 'NONE',  ( -0.1549999999999995270, 1.100000000000000089, -1.300000000000000044 ) ) ;
#328 = CARTESIAN_POINT ( 'NONE',  ( -1.699999999999999734, 1.100000000000000089, 1.700000000000000178 ) ) ;
#329 =( LENGTH_UNIT ( ) NAMED_UNIT ( * ) SI_UNIT ( .MILLI., .METRE. ) );
#330 = LINE ( 'NONE', #860, #2838 ) ;
#331 =( GEOMETRIC_REPRESENTATION_CONTEXT ( 3 ) GLOBAL_UNCERTAINTY_ASSIGNED_CONTEXT ( ( #157 ) ) GLOBAL_UNIT_ASSIGNED_CONTEXT ( ( #1214, #2728, #199 ) ) REPRESENTATION_CONTEXT ( 'NONE', 'WORKASPACE' ) );
#332 = ORIENTED_EDGE ( 'NONE', *, *, #2092, .F. ) ;
#333 = VECTOR ( 'NONE', #2638, 1000.000000000000000 ) ;
#334 = FILL_AREA_STYLE_COLOUR ( '', #3221 ) ;
#335 = PLANE ( 'NONE',  #2763 ) ;
#336 = EDGE_CURVE ( 'NONE', #422, #2451, #768, .T. ) ;
#337 = EDGE_CURVE ( 'NONE', #422, #2691, #2301, .T. ) ;
#338 = AXIS2_PLACEMENT_3D ( 'NONE', #401, #2200, #1927 ) ;
#339 = ORIENTED_EDGE ( 'NONE', *, *, #3220, .T. ) ;
#340 = VECTOR ( 'NONE', #464, 1000.000000000000000 ) ;
#341 = DIRECTION ( 'NONE',  ( 1.000000000000000000, 0.000000000000000000, 0.000000000000000000 ) ) ;
#342 = CARTESIAN_POINT ( 'NONE',  ( -0.1549999999999993328, 1.100000000000000089, -1.699999999999999734 ) ) ;
#343 = PLANE ( 'NONE',  #966 ) ;
#344 = ORIENTED_EDGE ( 'NONE', *, *, #2091, .T. ) ;
#345 =( LENGTH_UNIT ( ) NAMED_UNIT ( * ) SI_UNIT ( .MILLI., .METRE. ) );
#346 = CARTESIAN_POINT ( 'NONE',  ( -0.8049999999999962741, 0.9000000000000001332, 1.309174123276242068E-15 ) ) ;
#347 = LINE ( 'NONE', #2828, #1859 ) ;
#348 = ORIENTED_EDGE ( 'NONE', *, *, #1566, .F. ) ;
#349 = ORIENTED_EDGE ( 'NONE', *, *, #727, .F. ) ;
#350 = FACE_OUTER_BOUND ( 'NONE', #2526, .T. ) ;
#351 = AXIS2_PLACEMENT_3D ( 'NONE', #3063, #1347, #2349 ) ;
#352 = AXIS2_PLACEMENT_3D ( 'NONE', #812, #2255, #1517 ) ;
#353 = EDGE_LOOP ( 'NONE', ( #20, #1640, #3179, #3166 ) ) ;
#354 = PLANE ( 'NONE',  #1803 ) ;
#355 = MECHANICAL_DESIGN_GEOMETRIC_PRESENTATION_REPRESENTATION (  '', ( #3175 ), #3121 ) ;
#356 = CARTESIAN_POINT ( 'NONE',  ( 1.145000000000003793, 1.100000000000000089, 2.482822974991816592E-15 ) ) ;
#357 = LINE ( 'NONE', #924, #2731 ) ;
#358 = VERTEX_POINT ( 'NONE', #297 ) ;
#359 = CARTESIAN_POINT ( 'NONE',  ( 0.1549999999999997768, 1.100000000000000089, -4.201283418381326600E-17 ) ) ;
#360 = VECTOR ( 'NONE', #2562, 1000.000000000000000 ) ;
#361 = CARTESIAN_POINT ( 'NONE',  ( -0.8049999999999983835, 1.100000000000000089, -1.300000000000000044 ) ) ;
#362 = DIRECTION ( 'NONE',  ( 0.000000000000000000, 0.000000000000000000, -1.000000000000000000 ) ) ;
#363 = LINE ( 'NONE', #188, #1272 ) ;
#364 = CARTESIAN_POINT ( 'NONE',  ( -0.8050000000000000488, 1.100000000000000089, 4.363913744254161263E-16 ) ) ;
#365 = EDGE_CURVE ( 'NONE', #2747, #3087, #2988, .T. ) ;
#366 = EDGE_CURVE ( 'NONE', #3214, #3135, #2754, .T. ) ;
#367 = ORIENTED_EDGE ( 'NONE', *, *, #1425, .F. ) ;
#368 = ORIENTED_EDGE ( 'NONE', *, *, #2755, .F. ) ;
#369 = EDGE_LOOP ( 'NONE', ( #48, #115, #1345, #405 ) ) ;
#370 = DIRECTION ( 'NONE',  ( 1.000000000000000000, 0.000000000000000000, -2.710505431213763057E-16 ) ) ;
#371 = ORIENTED_EDGE ( 'NONE', *, *, #2521, .T. ) ;
#372 = LINE ( 'NONE', #2376, #333 ) ;
#373 = EDGE_CURVE ( 'NONE', #1473, #1874, #1751, .T. ) ;
#374 = LINE ( 'NONE', #2391, #580 ) ;
#375 = DIRECTION ( 'NONE',  ( -0.000000000000000000, -1.000000000000000000, -0.000000000000000000 ) ) ;
#376 = ORIENTED_EDGE ( 'NONE', *, *, #2606, .T. ) ;
#377 = FACE_OUTER_BOUND ( 'NONE', #2724, .T. ) ;
#378 = ADVANCED_FACE ( 'NONE', ( #1779 ), #1792, .F. ) ;
#379 = ADVANCED_FACE ( 'NONE', ( #238 ), #1237, .F. ) ;
#380 = SURFACE_SIDE_STYLE ('',( #1133 ) ) ;
#381 = LINE ( 'NONE', #2395, #177 ) ;
#382 = CARTESIAN_POINT ( 'NONE',  ( 0.000000000000000000, 0.9000000000000001332, 0.000000000000000000 ) ) ;
#383 = AXIS2_PLACEMENT_3D ( 'NONE', #2827, #1315, #2331 ) ;
#384 = VERTEX_POINT ( 'NONE', #828 ) ;
#385 = ORIENTED_EDGE ( 'NONE', *, *, #614, .T. ) ;
#386 =( NAMED_UNIT ( * ) SI_UNIT ( $, .STERADIAN. ) SOLID_ANGLE_UNIT ( ) );
#387 = FILL_AREA_STYLE_COLOUR ( '', #1960 ) ;
#388 = VECTOR ( 'NONE', #2148, 1000.000000000000000 ) ;
#389 = VECTOR ( 'NONE', #2715, 1000.000000000000000 ) ;
#390 = ORIENTED_EDGE ( 'NONE', *, *, #1336, .T. ) ;
#391 = MECHANICAL_DESIGN_GEOMETRIC_PRESENTATION_REPRESENTATION (  '', ( #547 ), #76 ) ;
#392 = SURFACE_STYLE_USAGE ( .BOTH. , #1620 ) ;
#393 = STYLED_ITEM ( 'NONE', ( #2293 ), #2369 ) ;
#394 = AXIS2_PLACEMENT_3D ( 'NONE', #2456, #2630, #2445 ) ;
#395 =( NAMED_UNIT ( * ) SI_UNIT ( $, .STERADIAN. ) SOLID_ANGLE_UNIT ( ) );
#396 = ORIENTED_EDGE ( 'NONE', *, *, #3120, .F. ) ;
#397 = CARTESIAN_POINT ( 'NONE',  ( 0.000000000000000000, 0.9000000000000001332, -1.300000000000000044 ) ) ;
#398 = CARTESIAN_POINT ( 'NONE',  ( 0.1549999999999994438, 0.9000000000000001332, -1.300000000000000044 ) ) ;
#399 = CARTESIAN_POINT ( 'NONE',  ( -0.1549999999999982503, 0.9000000000000001332, 1.500000000000000000 ) ) ;
#400 = CARTESIAN_POINT ( 'NONE',  ( 0.1549999999999993328, 0.9000000000000001332, -1.699999999999999734 ) ) ;
#401 = CARTESIAN_POINT ( 'NONE',  ( -1.700000000000000178, 1.100000000000000089, -1.699999999999999734 ) ) ;
#402 = COLOUR_RGB ( '',0.6666666666666666297, 0.6980392156862744724, 0.7686274509803920907 ) ;
#403 =( NAMED_UNIT ( * ) PLANE_ANGLE_UNIT ( ) SI_UNIT ( $, .RADIAN. ) );
#404 = PRESENTATION_LAYER_ASSIGNMENT (  '', '', ( #101 ) ) ;
#405 = ORIENTED_EDGE ( 'NONE', *, *, #2500, .F. ) ;
#406 = LINE ( 'NONE', #2881, #3150 ) ;
#407 = MECHANICAL_DESIGN_GEOMETRIC_PRESENTATION_REPRESENTATION (  '', ( #52 ), #2361 ) ;
#408 = EDGE_LOOP ( 'NONE', ( #501, #1508, #100, #1304 ) ) ;
#409 = PRESENTATION_LAYER_ASSIGNMENT (  '', '', ( #1353 ) ) ;
#410 = LINE ( 'NONE', #1147, #224 ) ;
#411 =( NAMED_UNIT ( * ) PLANE_ANGLE_UNIT ( ) SI_UNIT ( $, .RADIAN. ) );
#412 = EDGE_LOOP ( 'NONE', ( #2056, #773, #2432, #1966 ) ) ;
#413 = FILL_AREA_STYLE_COLOUR ( '', #1881 ) ;
#414 = CARTESIAN_POINT ( 'NONE',  ( -0.8049999999999990496, 1.100000000000000089, -1.699999999999999512 ) ) ;
#415 = LINE ( 'NONE', #1136, #1028 ) ;
#416 = STYLED_ITEM ( 'NONE', ( #1721 ), #1158 ) ;
#417 = ORIENTED_EDGE ( 'NONE', *, *, #2182, .T. ) ;
#418 = LINE ( 'NONE', #1415, #3017 ) ;
#419 = FACE_OUTER_BOUND ( 'NONE', #903, .T. ) ;
#420 = DIRECTION ( 'NONE',  ( -1.275531967630005245E-16, -0.000000000000000000, -1.000000000000000000 ) ) ;
#421 = ADVANCED_FACE ( 'NONE', ( #2568 ), #2811, .F. ) ;
#422 = VERTEX_POINT ( 'NONE', #2115 ) ;
#423 = ORIENTED_EDGE ( 'NONE', *, *, #1064, .T. ) ;
#424 = DIRECTION ( 'NONE',  ( -1.000000000000000000, 0.000000000000000000, 6.377659838150025734E-16 ) ) ;
#425 = VERTEX_POINT ( 'NONE', #2600 ) ;
#426 = DIRECTION ( 'NONE',  ( -1.626303258728258623E-15, 0.000000000000000000, -1.000000000000000000 ) ) ;
#427 = EDGE_CURVE ( 'NONE', #1160, #3204, #1858, .T. ) ;
#428 = DIRECTION ( 'NONE',  ( -0.000000000000000000, -1.000000000000000000, -0.000000000000000000 ) ) ;
#429 =( NAMED_UNIT ( * ) SI_UNIT ( $, .STERADIAN. ) SOLID_ANGLE_UNIT ( ) );
#430 = CARTESIAN_POINT ( 'NONE',  ( 0.1549999999999990830, 0.9000000000000001332, 1.500000000000000000 ) ) ;
#431 = CARTESIAN_POINT ( 'NONE',  ( -0.1549999999999993328, 1.100000000000000089, -1.699999999999999734 ) ) ;
#432 = ORIENTED_EDGE ( 'NONE', *, *, #251, .F. ) ;
#433 =( LENGTH_UNIT ( ) NAMED_UNIT ( * ) SI_UNIT ( .MILLI., .METRE. ) );
#434 = LINE ( 'NONE', #1947, #778 ) ;
#435 = CARTESIAN_POINT ( 'NONE',  ( -1.700000000000000178, 1.100000000000000089, -1.699999999999999734 ) ) ;
#436 = PRESENTATION_LAYER_ASSIGNMENT (  '', '', ( #2121 ) ) ;
#437 = VERTEX_POINT ( 'NONE', #2860 ) ;
#438 = EDGE_CURVE ( 'NONE', #1580, #441, #842, .T. ) ;
#439 = CARTESIAN_POINT ( 'NONE',  ( -1.144999999999999130, 1.100000000000000089, 1.300000000000000044 ) ) ;
#440 = VECTOR ( 'NONE', #1591, 1000.000000000000000 ) ;
#441 = VERTEX_POINT ( 'NONE', #2350 ) ;
#442 = VECTOR ( 'NONE', #2626, 1000.000000000000000 ) ;
#443 = CARTESIAN_POINT ( 'NONE',  ( -1.699999999999999734, 0.000000000000000000, 1.700000000000000178 ) ) ;
#444 = SURFACE_STYLE_USAGE ( .BOTH. , #2996 ) ;
#445 = FILL_AREA_STYLE_COLOUR ( '', #2413 ) ;
#446 = LINE ( 'NONE', #1217, #1958 ) ;
#447 = MECHANICAL_DESIGN_GEOMETRIC_PRESENTATION_REPRESENTATION (  '', ( #1760 ), #3098 ) ;
#448 = FACE_OUTER_BOUND ( 'NONE', #631, .T. ) ;
#449 = UNCERTAINTY_MEASURE_WITH_UNIT (LENGTH_MEASURE( 1.000000000000000082E-05 ), #543, 'distance_accuracy_value', 'NONE');
#450 =( NAMED_UNIT ( * ) PLANE_ANGLE_UNIT ( ) SI_UNIT ( $, .RADIAN. ) );
#451 = SURFACE_STYLE_FILL_AREA ( #1482 ) ;
#452 = SURFACE_STYLE_FILL_AREA ( #691 ) ;
#453 = ORIENTED_EDGE ( 'NONE', *, *, #2932, .F. ) ;
#454 = DIRECTION ( 'NONE',  ( 1.084202172485505223E-15, 0.000000000000000000, -1.000000000000000000 ) ) ;
#455 = AXIS2_PLACEMENT_3D ( 'NONE', #3189, #219, #2753 ) ;
#456 = ORIENTED_EDGE ( 'NONE', *, *, #1829, .F. ) ;
#457 = DIRECTION ( 'NONE',  ( 1.000000000000000000, 0.000000000000000000, -1.420352191029046022E-16 ) ) ;
#458 = FILL_AREA_STYLE_COLOUR ( '', #2837 ) ;
#459 = VECTOR ( 'NONE', #114, 1000.000000000000000 ) ;
#460 = MECHANICAL_DESIGN_GEOMETRIC_PRESENTATION_REPRESENTATION (  '', ( #2973 ), #154 ) ;
#461 = FACE_OUTER_BOUND ( 'NONE', #725, .T. ) ;
#462 =( LENGTH_UNIT ( ) NAMED_UNIT ( * ) SI_UNIT ( .MILLI., .METRE. ) );
#463 = CARTESIAN_POINT ( 'NONE',  ( 0.000000000000000000, 1.100000000000000089, 0.000000000000000000 ) ) ;
#464 = DIRECTION ( 'NONE',  ( -2.710505431213768974E-15, 0.000000000000000000, -1.000000000000000000 ) ) ;
#465 = STYLED_ITEM ( 'NONE', ( #2998 ), #553 ) ;
#466 = PRESENTATION_STYLE_ASSIGNMENT (( #1946 ) ) ;
#467 = CARTESIAN_POINT ( 'NONE',  ( 1.084202172485504434E-15, 1.100000000000000089, 1.699999999999999734 ) ) ;
#468 = EDGE_CURVE ( 'NONE', #1919, #591, #97, .T. ) ;
#469 = SURFACE_SIDE_STYLE ('',( #175 ) ) ;
#470 = CARTESIAN_POINT ( 'NONE',  ( 0.8049999999999970512, 0.9000000000000001332, -2.181956872127075701E-15 ) ) ;
#471 = ORIENTED_EDGE ( 'NONE', *, *, #629, .F. ) ;
#472 = PLANE ( 'NONE',  #1679 ) ;
#473 = LINE ( 'NONE', #2919, #2397 ) ;
#474 = VERTEX_POINT ( 'NONE', #878 ) ;
#475 = LINE ( 'NONE', #1774, #1281 ) ;
#476 = FILL_AREA_STYLE_COLOUR ( '', #831 ) ;
#477 = FACE_OUTER_BOUND ( 'NONE', #1702, .T. ) ;
#478 = SURFACE_STYLE_USAGE ( .BOTH. , #1977 ) ;
#479 = ADVANCED_FACE ( 'NONE', ( #1104 ), #2101, .F. ) ;
#480 = EDGE_CURVE ( 'NONE', #1546, #2868, #1954, .T. ) ;
#481 = UNCERTAINTY_MEASURE_WITH_UNIT (LENGTH_MEASURE( 1.000000000000000082E-05 ), #2454, 'distance_accuracy_value', 'NONE');
#482 = EDGE_LOOP ( 'NONE', ( #751, #1891, #2938, #1351, #1107, #2778, #1790, #1979, #1821, #2098, #1851, #1672, #1808, #2170, #1614, #40, #797, #2993, #2481, #2083 ) ) ;
#483 = FILL_AREA_STYLE_COLOUR ( '', #514 ) ;
#484 = LINE ( 'NONE', #2689, #2202 ) ;
#485 = CARTESIAN_POINT ( 'NONE',  ( 1.365560926821136389, 0.000000000000000000, 1.229461902026994125 ) ) ;
#486 = EDGE_LOOP ( 'NONE', ( #1420, #931, #1831, #2764 ) ) ;
#487 = DIRECTION ( 'NONE',  ( 1.000000000000000000, 0.000000000000000000, -2.710505431213764536E-16 ) ) ;
#488 = VECTOR ( 'NONE', #1396, 1000.000000000000000 ) ;
#489 = CARTESIAN_POINT ( 'NONE',  ( -0.1549999999999982503, 0.9000000000000001332, 1.500000000000000000 ) ) ;
#490 = VECTOR ( 'NONE', #2523, 1000.000000000000000 ) ;
#491 = ORIENTED_EDGE ( 'NONE', *, *, #1737, .T. ) ;
#492 = CARTESIAN_POINT ( 'NONE',  ( 0.000000000000000000, 0.9000000000000001332, -1.699999999999999512 ) ) ;
#493 = CARTESIAN_POINT ( 'NONE',  ( 0.000000000000000000, 1.100000000000000089, 0.000000000000000000 ) ) ;
#494 = VECTOR ( 'NONE', #760, 1000.000000000000000 ) ;
#495 = PLANE ( 'NONE',  #1247 ) ;
#496 = CARTESIAN_POINT ( 'NONE',  ( 0.8050000000000008260, 1.100000000000000089, -2.181956872127082604E-16 ) ) ;
#497 = PLANE ( 'NONE',  #1695 ) ;
#498 = AXIS2_PLACEMENT_3D ( 'NONE', #1222, #1752, #2529 ) ;
#499 = CARTESIAN_POINT ( 'NONE',  ( -0.4949999999999979416, 1.100000000000000089, 1.100000000000000311 ) ) ;
#500 = COLOUR_RGB ( '',0.6666666666666666297, 0.6980392156862744724, 0.7686274509803920907 ) ;
#501 = ORIENTED_EDGE ( 'NONE', *, *, #2011, .T. ) ;
#502 = VECTOR ( 'NONE', #1608, 1000.000000000000000 ) ;
#503 = FACE_OUTER_BOUND ( 'NONE', #1837, .T. ) ;
#504 = FILL_AREA_STYLE ('',( #2738 ) ) ;
#505 = SURFACE_SIDE_STYLE ('',( #753 ) ) ;
#506 = SURFACE_SIDE_STYLE ('',( #287 ) ) ;
#507 = LINE ( 'NONE', #2744, #3206 ) ;
#508 = ORIENTED_EDGE ( 'NONE', *, *, #1052, .F. ) ;
#509 = EDGE_CURVE ( 'NONE', #2357, #2400, #684, .T. ) ;
#510 = LINE ( 'NONE', #1477, #2066 ) ;
#511 = LINE ( 'NONE', #1460, #2294 ) ;
#512 = ADVANCED_FACE ( 'NONE', ( #1462 ), #1908, .F. ) ;
#513 = DIRECTION ( 'NONE',  ( 0.000000000000000000, 1.000000000000000000, 0.000000000000000000 ) ) ;
#514 = COLOUR_RGB ( '',0.6666666666666666297, 0.6980392156862744724, 0.7686274509803920907 ) ;
#515 = STYLED_ITEM ( 'NONE', ( #800 ), #130 ) ;
#516 = LINE ( 'NONE', #2524, #340 ) ;
#517 = UNCERTAINTY_MEASURE_WITH_UNIT (LENGTH_MEASURE( 1.000000000000000082E-05 ), #2693, 'distance_accuracy_value', 'NONE');
#518 = STYLED_ITEM ( 'NONE', ( #2027 ), #320 ) ;
#519 = ORIENTED_EDGE ( 'NONE', *, *, #2308, .T. ) ;
#520 =( LENGTH_UNIT ( ) NAMED_UNIT ( * ) SI_UNIT ( .MILLI., .METRE. ) );
#521 = DIRECTION ( 'NONE',  ( 1.000000000000000000, -0.000000000000000000, 0.000000000000000000 ) ) ;
#522 = SURFACE_STYLE_USAGE ( .BOTH. , #1518 ) ;
#523 = DIRECTION ( 'NONE',  ( -6.377659838150027707E-16, 0.000000000000000000, -1.000000000000000000 ) ) ;
#524 =( NAMED_UNIT ( * ) SI_UNIT ( $, .STERADIAN. ) SOLID_ANGLE_UNIT ( ) );
#525 = EDGE_CURVE ( 'NONE', #3014, #1919, #669, .T. ) ;
#526 = EDGE_CURVE ( 'NONE', #1308, #587, #1662, .T. ) ;
#527 =( GEOMETRIC_REPRESENTATION_CONTEXT ( 3 ) GLOBAL_UNCERTAINTY_ASSIGNED_CONTEXT ( ( #1267 ) ) GLOBAL_UNIT_ASSIGNED_CONTEXT ( ( #1240, #1769, #1271 ) ) REPRESENTATION_CONTEXT ( 'NONE', 'WORKASPACE' ) );
#528 = ORIENTED_EDGE ( 'NONE', *, *, #1539, .F. ) ;
#529 = FACE_OUTER_BOUND ( 'NONE', #3130, .T. ) ;
#530 =( NAMED_UNIT ( * ) SI_UNIT ( $, .STERADIAN. ) SOLID_ANGLE_UNIT ( ) );
#531 = MANIFOLD_SOLID_BREP ( 'Boss-Extrude2[3]', #2253 ) ;
#532 = CARTESIAN_POINT ( 'NONE',  ( -0.8049999999999990496, 0.9000000000000001332, -1.699999999999999734 ) ) ;
#533 = LINE ( 'NONE', #2345, #1847 ) ;
#534 = SURFACE_STYLE_FILL_AREA ( #1730 ) ;
#535 = ORIENTED_EDGE ( 'NONE', *, *, #276, .F. ) ;
#536 = SURFACE_STYLE_FILL_AREA ( #1010 ) ;
#537 = DIRECTION ( 'NONE',  ( 1.084202172485506406E-15, 0.000000000000000000, -1.000000000000000000 ) ) ;
#538 = CARTESIAN_POINT ( 'NONE',  ( -0.1549999999999961964, 0.9000000000000001332, -2.100641709190617263E-16 ) ) ;
#539 = SURFACE_STYLE_USAGE ( .BOTH. , #2049 ) ;
#540 = ORIENTED_EDGE ( 'NONE', *, *, #2859, .F. ) ;
#541 =( LENGTH_UNIT ( ) NAMED_UNIT ( * ) SI_UNIT ( .MILLI., .METRE. ) );
#542 = VECTOR ( 'NONE', #3153, 1000.000000000000000 ) ;
#543 =( LENGTH_UNIT ( ) NAMED_UNIT ( * ) SI_UNIT ( .MILLI., .METRE. ) );
#544 = SURFACE_STYLE_FILL_AREA ( #3044 ) ;
#545 = CARTESIAN_POINT ( 'NONE',  ( 0.8050000000000004929, 0.9000000000000001332, -1.300000000000000044 ) ) ;
#546 = AXIS2_PLACEMENT_3D ( 'NONE', #1246, #3167, #2518 ) ;
#547 = STYLED_ITEM ( 'NONE', ( #1931 ), #1296 ) ;
#548 = VERTEX_POINT ( 'NONE', #1041 ) ;
#549 =( LENGTH_UNIT ( ) NAMED_UNIT ( * ) SI_UNIT ( .MILLI., .METRE. ) );
#550 =( LENGTH_UNIT ( ) NAMED_UNIT ( * ) SI_UNIT ( .MILLI., .METRE. ) );
#551 = PLANE ( 'NONE',  #1015 ) ;
#552 = STYLED_ITEM ( 'NONE', ( #3116 ), #2370 ) ;
#553 = ADVANCED_FACE ( 'NONE', ( #477 ), #2660, .F. ) ;
#554 = VECTOR ( 'NONE', #2450, 1000.000000000000000 ) ;
#555 =( GEOMETRIC_REPRESENTATION_CONTEXT ( 3 ) GLOBAL_UNCERTAINTY_ASSIGNED_CONTEXT ( ( #1992 ) ) GLOBAL_UNIT_ASSIGNED_CONTEXT ( ( #1266, #2751, #2281 ) ) REPRESENTATION_CONTEXT ( 'NONE', 'WORKASPACE' ) );
#556 = ORIENTED_EDGE ( 'NONE', *, *, #569, .F. ) ;
#557 = DIRECTION ( 'NONE',  ( -1.000000000000000000, 0.000000000000000000, 1.275531967630005245E-16 ) ) ;
#558 = MANIFOLD_SOLID_BREP ( 'Boss-Extrude2[2]', #824 ) ;
#559 = SURFACE_SIDE_STYLE ('',( #1832 ) ) ;
#560 = FACE_OUTER_BOUND ( 'NONE', #2243, .T. ) ;
#561 = EDGE_CURVE ( 'NONE', #2193, #938, #2250, .T. ) ;
#562 = VECTOR ( 'NONE', #49, 1000.000000000000000 ) ;
#563 = VECTOR ( 'NONE', #1317, 1000.000000000000000 ) ;
#564 = EDGE_LOOP ( 'NONE', ( #2853, #1569, #1937, #195 ) ) ;
#565 = CARTESIAN_POINT ( 'NONE',  ( -0.8049999999999983835, 1.100000000000000089, -1.300000000000000044 ) ) ;
#566 = FILL_AREA_STYLE ('',( #3123 ) ) ;
#567 = AXIS2_PLACEMENT_3D ( 'NONE', #988, #3170, #1691 ) ;
#568 = EDGE_LOOP ( 'NONE', ( #1191, #2863, #95, #2637 ) ) ;
#569 = EDGE_CURVE ( 'NONE', #2757, #1573, #3222, .T. ) ;
#570 = VERTEX_POINT ( 'NONE', #532 ) ;
#571 = ORIENTED_EDGE ( 'NONE', *, *, #3218, .T. ) ;
#572 = FACE_OUTER_BOUND ( 'NONE', #601, .T. ) ;
#573 = DIRECTION ( 'NONE',  ( 0.000000000000000000, -0.000000000000000000, 1.000000000000000000 ) ) ;
#574 = ADVANCED_FACE ( 'NONE', ( #2732 ), #262, .F. ) ;
#575 = ORIENTED_EDGE ( 'NONE', *, *, #1747, .T. ) ;
#576 = FILL_AREA_STYLE_COLOUR ( '', #2546 ) ;
#577 = ORIENTED_EDGE ( 'NONE', *, *, #3089, .T. ) ;
#578 = FILL_AREA_STYLE ('',( #3041 ) ) ;
#579 = MECHANICAL_DESIGN_GEOMETRIC_PRESENTATION_REPRESENTATION (  '', ( #790 ), #996 ) ;
#580 = VECTOR ( 'NONE', #1172, 1000.000000000000000 ) ;
#581 = FACE_OUTER_BOUND ( 'NONE', #1619, .T. ) ;
#582 = DIRECTION ( 'NONE',  ( 0.000000000000000000, 0.000000000000000000, 1.000000000000000000 ) ) ;
#583 = ORIENTED_EDGE ( 'NONE', *, *, #1101, .T. ) ;
#584 = CARTESIAN_POINT ( 'NONE',  ( 0.1549999999999990830, 1.100000000000000089, 1.500000000000000000 ) ) ;
#585 = UNCERTAINTY_MEASURE_WITH_UNIT (LENGTH_MEASURE( 1.000000000000000082E-05 ), #1264, 'distance_accuracy_value', 'NONE');
#586 = ADVANCED_FACE ( 'NONE', ( #560 ), #932, .F. ) ;
#587 = VERTEX_POINT ( 'NONE', #690 ) ;
#588 = CARTESIAN_POINT ( 'NONE',  ( -1.700000000000000178, 0.000000000000000000, -1.699999999999999734 ) ) ;
#589 = EDGE_CURVE ( 'NONE', #1899, #832, #723, .T. ) ;
#590 = CARTESIAN_POINT ( 'NONE',  ( -0.8049999999999990496, 0.9000000000000001332, 1.700000000000000178 ) ) ;
#591 = VERTEX_POINT ( 'NONE', #656 ) ;
#592 = ORIENTED_EDGE ( 'NONE', *, *, #2337, .F. ) ;
#593 = ORIENTED_EDGE ( 'NONE', *, *, #1630, .F. ) ;
#594 = CARTESIAN_POINT ( 'NONE',  ( 0.1549999999999990830, 0.9000000000000001332, 1.500000000000000000 ) ) ;
#595 = DIRECTION ( 'NONE',  ( -1.000000000000000000, 0.000000000000000000, -2.168404344971011629E-15 ) ) ;
#596 = ORIENTED_EDGE ( 'NONE', *, *, #366, .T. ) ;
#597 = DIRECTION ( 'NONE',  ( 1.000000000000000000, -0.000000000000000000, 0.000000000000000000 ) ) ;
#598 = PRESENTATION_STYLE_ASSIGNMENT (( #2820 ) ) ;
#599 = LINE ( 'NONE', #2344, #360 ) ;
#600 = DIRECTION ( 'NONE',  ( -0.000000000000000000, 1.000000000000000000, -0.000000000000000000 ) ) ;
#601 = EDGE_LOOP ( 'NONE', ( #339, #1492, #1634, #1575 ) ) ;
#602 = CARTESIAN_POINT ( 'NONE',  ( 0.4949999999999993294, 1.100000000000000089, -1.699999999999999734 ) ) ;
#603 = EDGE_CURVE ( 'NONE', #168, #1885, #3157, .T. ) ;
#604 = CARTESIAN_POINT ( 'NONE',  ( 0.1549999999999997768, 0.9000000000000001332, -4.201283418381326600E-17 ) ) ;
#605 = PRESENTATION_STYLE_ASSIGNMENT (( #1824 ) ) ;
#606 = CARTESIAN_POINT ( 'NONE',  ( 0.000000000000000000, 0.9000000000000001332, -1.699999999999999734 ) ) ;
#607 = ORIENTED_EDGE ( 'NONE', *, *, #2308, .F. ) ;
#608 = ORIENTED_EDGE ( 'NONE', *, *, #3134, .F. ) ;
#609 = DIRECTION ( 'NONE',  ( 2.710505431213764536E-16, 0.000000000000000000, 1.000000000000000000 ) ) ;
#610 = AXIS2_PLACEMENT_3D ( 'NONE', #1016, #3010, #2015 ) ;
#611 = ORIENTED_EDGE ( 'NONE', *, *, #1503, .T. ) ;
#612 = LINE ( 'NONE', #2869, #1325 ) ;
#613 = VERTEX_POINT ( 'NONE', #192 ) ;
#614 = EDGE_CURVE ( 'NONE', #2798, #133, #1449, .T. ) ;
#615 = LINE ( 'NONE', #1437, #2760 ) ;
#616 = DIRECTION ( 'NONE',  ( 0.000000000000000000, 0.000000000000000000, 1.000000000000000000 ) ) ;
#617 = PLANE ( 'NONE',  #1861 ) ;
#618 = ORIENTED_EDGE ( 'NONE', *, *, #265, .F. ) ;
#619 = FILL_AREA_STYLE ('',( #2114 ) ) ;
#620 = PRESENTATION_STYLE_ASSIGNMENT (( #1348 ) ) ;
#621 = SURFACE_SIDE_STYLE ('',( #2081 ) ) ;
#622 = CARTESIAN_POINT ( 'NONE',  ( -0.8049999999999983835, 0.9000000000000001332, -1.300000000000000044 ) ) ;
#623 = ORIENTED_EDGE ( 'NONE', *, *, #1250, .T. ) ;
#624 = ORIENTED_EDGE ( 'NONE', *, *, #2852, .F. ) ;
#625 = LINE ( 'NONE', #834, #1140 ) ;
#626 = DIRECTION ( 'NONE',  ( -0.000000000000000000, -1.000000000000000000, -0.000000000000000000 ) ) ;
#627 =( GEOMETRIC_REPRESENTATION_CONTEXT ( 3 ) GLOBAL_UNCERTAINTY_ASSIGNED_CONTEXT ( ( #722 ) ) GLOBAL_UNIT_ASSIGNED_CONTEXT ( ( #2216, #2236, #916 ) ) REPRESENTATION_CONTEXT ( 'NONE', 'WORKASPACE' ) );
#628 = ORIENTED_EDGE ( 'NONE', *, *, #2172, .F. ) ;
#629 = EDGE_CURVE ( 'NONE', #313, #2670, #1714, .T. ) ;
#630 = ADVANCED_FACE ( 'NONE', ( #1961 ), #205, .F. ) ;
#631 = EDGE_LOOP ( 'NONE', ( #2631, #528, #2157, #71 ) ) ;
#632 = LINE ( 'NONE', #2222, #1939 ) ;
#633 = CARTESIAN_POINT ( 'NONE',  ( 0.000000000000000000, 0.9000000000000001332, 1.500000000000000000 ) ) ;
#634 = ORIENTED_EDGE ( 'NONE', *, *, #2783, .F. ) ;
#635 = CARTESIAN_POINT ( 'NONE',  ( -0.4949999999999979416, 0.9000000000000001332, -0.000000000000000000 ) ) ;
#636 = PRESENTATION_LAYER_ASSIGNMENT (  '', '', ( #790 ) ) ;
#637 = CARTESIAN_POINT ( 'NONE',  ( -1.144999999999999130, 1.100000000000000089, 1.700000000000000178 ) ) ;
#638 = FACE_OUTER_BOUND ( 'NONE', #1418, .T. ) ;
#639 =( GEOMETRIC_REPRESENTATION_CONTEXT ( 3 ) GLOBAL_UNCERTAINTY_ASSIGNED_CONTEXT ( ( #27 ) ) GLOBAL_UNIT_ASSIGNED_CONTEXT ( ( #3009, #2085, #1094 ) ) REPRESENTATION_CONTEXT ( 'NONE', 'WORKASPACE' ) );
#640 = ORIENTED_EDGE ( 'NONE', *, *, #1784, .F. ) ;
#641 = CARTESIAN_POINT ( 'NONE',  ( 0.1549999999999993328, 1.100000000000000089, -1.699999999999999734 ) ) ;
#642 = CARTESIAN_POINT ( 'NONE',  ( 0.000000000000000000, 1.100000000000000089, 1.300000000000000044 ) ) ;
#643 = ORIENTED_EDGE ( 'NONE', *, *, #1387, .T. ) ;
#644 = SURFACE_STYLE_FILL_AREA ( #2419 ) ;
#645 = VERTEX_POINT ( 'NONE', #1668 ) ;
#646 = EDGE_CURVE ( 'NONE', #1580, #191, #418, .T. ) ;
#647 = CARTESIAN_POINT ( 'NONE',  ( 0.000000000000000000, 1.100000000000000089, 0.000000000000000000 ) ) ;
#648 = CARTESIAN_POINT ( 'NONE',  ( 0.8050000000000011591, 0.9000000000000001332, 1.500000000000000000 ) ) ;
#649 = EDGE_LOOP ( 'NONE', ( #2104, #1126, #1057, #3162 ) ) ;
#650 = CARTESIAN_POINT ( 'NONE',  ( 0.000000000000000000, 1.100000000000000089, -1.300000000000000044 ) ) ;
#651 =( NAMED_UNIT ( * ) PLANE_ANGLE_UNIT ( ) SI_UNIT ( $, .RADIAN. ) );
#652 = LINE ( 'NONE', #1413, #1585 ) ;
#653 = CARTESIAN_POINT ( 'NONE',  ( -0.4949999999999979416, 0.9000000000000001332, 0.000000000000000000 ) ) ;
#654 = VECTOR ( 'NONE', #278, 1000.000000000000000 ) ;
#655 = MANIFOLD_SOLID_BREP ( 'Cut-Extrude2', #2796 ) ;
#656 = CARTESIAN_POINT ( 'NONE',  ( -0.8049999999999990496, 0.9000000000000001332, -1.699999999999999512 ) ) ;
#657 = EDGE_CURVE ( 'NONE', #1686, #2388, #993, .T. ) ;
#658 = PRODUCT_DEFINITION_FORMATION_WITH_SPECIFIED_SOURCE ( 'ANY', '', #3052, .NOT_KNOWN. ) ;
#659 = MECHANICAL_DESIGN_GEOMETRIC_PRESENTATION_REPRESENTATION (  '', ( #1023 ), #182 ) ;
#660 = ORIENTED_EDGE ( 'NONE', *, *, #1643, .T. ) ;
#661 = DIRECTION ( 'NONE',  ( -0.000000000000000000, -1.000000000000000000, -0.000000000000000000 ) ) ;
#662 = STYLED_ITEM ( 'NONE', ( #1258 ), #2734 ) ;
#663 = ADVANCED_FACE ( 'NONE', ( #1733 ), #961, .F. ) ;
#664 = AXIS2_PLACEMENT_3D ( 'NONE', #1350, #2368, #1577 ) ;
#665 = ORIENTED_EDGE ( 'NONE', *, *, #1974, .F. ) ;
#666 = CARTESIAN_POINT ( 'NONE',  ( 0.4949999999999974976, 0.9000000000000001332, 5.366800753803224269E-16 ) ) ;
#667 = CARTESIAN_POINT ( 'NONE',  ( -0.1549999999999995270, 0.9000000000000001332, -1.300000000000000044 ) ) ;
#668 = FACE_OUTER_BOUND ( 'NONE', #2818, .T. ) ;
#669 = LINE ( 'NONE', #1198, #1092 ) ;
#670 = CARTESIAN_POINT ( 'NONE',  ( -0.4949999999999984968, 1.100000000000000089, 1.699999999999999956 ) ) ;
#671 = EDGE_CURVE ( 'NONE', #316, #2043, #1206, .T. ) ;
#672 = VERTEX_POINT ( 'NONE', #1962 ) ;
#673 = DIRECTION ( 'NONE',  ( 0.000000000000000000, 0.000000000000000000, 1.000000000000000000 ) ) ;
#674 = AXIS2_PLACEMENT_3D ( 'NONE', #3043, #1805, #2790 ) ;
#675 = EDGE_CURVE ( 'NONE', #1138, #817, #2987, .T. ) ;
#676 = VERTEX_POINT ( 'NONE', #1697 ) ;
#677 =( NAMED_UNIT ( * ) SI_UNIT ( $, .STERADIAN. ) SOLID_ANGLE_UNIT ( ) );
#678 = AXIS2_PLACEMENT_3D ( 'NONE', #650, #1646, #2643 ) ;
#679 = ORIENTED_EDGE ( 'NONE', *, *, #2923, .T. ) ;
#680 =( GEOMETRIC_REPRESENTATION_CONTEXT ( 3 ) GLOBAL_UNCERTAINTY_ASSIGNED_CONTEXT ( ( #3004 ) ) GLOBAL_UNIT_ASSIGNED_CONTEXT ( ( #2198, #651, #1924 ) ) REPRESENTATION_CONTEXT ( 'NONE', 'WORKASPACE' ) );
#681 = LINE ( 'NONE', #155, #3053 ) ;
#682 = CYLINDRICAL_SURFACE ( 'NONE', #2843, 0.1052790733207511764 ) ;
#683 = DIRECTION ( 'NONE',  ( -0.000000000000000000, -1.000000000000000000, -0.000000000000000000 ) ) ;
#684 = LINE ( 'NONE', #399, #1513 ) ;
#685 = DIRECTION ( 'NONE',  ( -0.000000000000000000, -1.000000000000000000, -0.000000000000000000 ) ) ;
#686 = PRESENTATION_STYLE_ASSIGNMENT (( #1694 ) ) ;
#687 = AXIS2_PLACEMENT_3D ( 'NONE', #2761, #1571, #2279 ) ;
#688 = EDGE_CURVE ( 'NONE', #437, #1225, #2688, .T. ) ;
#689 = EDGE_CURVE ( 'NONE', #1546, #2747, #3228, .T. ) ;
#690 = CARTESIAN_POINT ( 'NONE',  ( -1.144999999999998908, 0.9000000000000001332, -1.699999999999999512 ) ) ;
#691 = FILL_AREA_STYLE ('',( #1470 ) ) ;
#692 = CARTESIAN_POINT ( 'NONE',  ( 7.243796174248137349E-17, 0.9000000000000001332, 0.5100000000000001199 ) ) ;
#693 =( GEOMETRIC_REPRESENTATION_CONTEXT ( 3 ) GLOBAL_UNCERTAINTY_ASSIGNED_CONTEXT ( ( #63 ) ) GLOBAL_UNIT_ASSIGNED_CONTEXT ( ( #816, #2622, #3069 ) ) REPRESENTATION_CONTEXT ( 'NONE', 'WORKASPACE' ) );
#694 = ORIENTED_EDGE ( 'NONE', *, *, #1748, .F. ) ;
#695 = PLANE ( 'NONE',  #1203 ) ;
#696 = LINE ( 'NONE', #2223, #236 ) ;
#697 = ORIENTED_EDGE ( 'NONE', *, *, #1527, .F. ) ;
#698 = FACE_OUTER_BOUND ( 'NONE', #2036, .T. ) ;
#699 = DIRECTION ( 'NONE',  ( 2.168404344971011629E-15, 0.000000000000000000, -1.000000000000000000 ) ) ;
#700 = PLANE ( 'NONE',  #1901 ) ;
#701 = FILL_AREA_STYLE_COLOUR ( '', #3058 ) ;
#702 = ORIENTED_EDGE ( 'NONE', *, *, #1504, .F. ) ;
#703 = DIRECTION ( 'NONE',  ( -1.000000000000000000, 0.000000000000000000, 0.000000000000000000 ) ) ;
#704 = LINE ( 'NONE', #3190, #3071 ) ;
#705 = LINE ( 'NONE', #692, #2444 ) ;
#706 = COLOUR_RGB ( '',0.2980392156862745057, 0.2980392156862745057, 0.2980392156862745057 ) ;
#707 = ORIENTED_EDGE ( 'NONE', *, *, #1886, .T. ) ;
#708 = CARTESIAN_POINT ( 'NONE',  ( 0.4949999999999974976, 1.100000000000000089, 5.366800753803224269E-16 ) ) ;
#709 = CARTESIAN_POINT ( 'NONE',  ( 0.8050000000000008260, 0.9000000000000001332, -2.181956872127082604E-16 ) ) ;
#710 = VECTOR ( 'NONE', #2720, 1000.000000000000000 ) ;
#711 = EDGE_LOOP ( 'NONE', ( #2254, #1799, #2465, #2183 ) ) ;
#712 = PRESENTATION_LAYER_ASSIGNMENT (  '', '', ( #1701 ) ) ;
#713 = CARTESIAN_POINT ( 'NONE',  ( 0.000000000000000000, 0.9000000000000001332, 1.100000000000000311 ) ) ;
#714 = LINE ( 'NONE', #2019, #2690 ) ;
#715 = UNCERTAINTY_MEASURE_WITH_UNIT (LENGTH_MEASURE( 1.000000000000000082E-05 ), #247, 'distance_accuracy_value', 'NONE');
#716 = VECTOR ( 'NONE', #1105, 1000.000000000000000 ) ;
#717 = ADVANCED_FACE ( 'NONE', ( #1502 ), #237, .T. ) ;
#718 = ADVANCED_FACE ( 'NONE', ( #503 ), #281, .F. ) ;
#719 = SURFACE_STYLE_USAGE ( .BOTH. , #2944 ) ;
#720 = AXIS2_PLACEMENT_3D ( 'NONE', #2453, #1478, #228 ) ;
#721 = SURFACE_SIDE_STYLE ('',( #2946 ) ) ;
#722 = UNCERTAINTY_MEASURE_WITH_UNIT (LENGTH_MEASURE( 1.000000000000000082E-05 ), #2216, 'distance_accuracy_value', 'NONE');
#723 = LINE ( 'NONE', #1167, #1083 ) ;
#724 = CARTESIAN_POINT ( 'NONE',  ( 1.145000000000002016, 0.9000000000000001332, 1.100000000000000311 ) ) ;
#725 = EDGE_LOOP ( 'NONE', ( #2883, #1757, #744, #1346 ) ) ;
#726 = DIRECTION ( 'NONE',  ( -1.000000000000000000, 0.000000000000000000, -0.000000000000000000 ) ) ;
#727 = EDGE_CURVE ( 'NONE', #817, #1919, #2300, .T. ) ;
#728 = DIRECTION ( 'NONE',  ( -1.000000000000000000, -0.000000000000000000, -0.000000000000000000 ) ) ;
#729 = PRESENTATION_LAYER_ASSIGNMENT (  '', '', ( #1665 ) ) ;
#730 = ADVANCED_FACE ( 'NONE', ( #1327 ), #1822, .F. ) ;
#731 = VERTEX_POINT ( 'NONE', #1298 ) ;
#732 = EDGE_CURVE ( 'NONE', #783, #64, #2026, .T. ) ;
#733 = PLANE ( 'NONE',  #2071 ) ;
#734 = VECTOR ( 'NONE', #1114, 1000.000000000000000 ) ;
#735 = CARTESIAN_POINT ( 'NONE',  ( 1.145000000000002016, 0.9000000000000001332, 1.100000000000000311 ) ) ;
#736 = COLOUR_RGB ( '',0.6666666666666666297, 0.6980392156862744724, 0.7686274509803920907 ) ;
#737 = CARTESIAN_POINT ( 'NONE',  ( 1.145000000000000240, 0.9000000000000001332, 1.700000000000000178 ) ) ;
#738 = DIRECTION ( 'NONE',  ( -0.000000000000000000, -1.000000000000000000, -0.000000000000000000 ) ) ;
#739 = LINE ( 'NONE', #2267, #2834 ) ;
#740 = CARTESIAN_POINT ( 'NONE',  ( 0.4949999999999993294, 0.9000000000000001332, 1.700000000000000178 ) ) ;
#741 = ORIENTED_EDGE ( 'NONE', *, *, #1102, .T. ) ;
#742 =( NAMED_UNIT ( * ) PLANE_ANGLE_UNIT ( ) SI_UNIT ( $, .RADIAN. ) );
#743 = MECHANICAL_DESIGN_GEOMETRIC_PRESENTATION_REPRESENTATION (  '', ( #2319 ), #1997 ) ;
#744 = ORIENTED_EDGE ( 'NONE', *, *, #140, .F. ) ;
#745 = LINE ( 'NONE', #1740, #1231 ) ;
#746 = VERTEX_POINT ( 'NONE', #1778 ) ;
#747 = CARTESIAN_POINT ( 'NONE',  ( 0.4949999999999995515, 0.9000000000000001332, 1.500000000000000000 ) ) ;
#748 = CARTESIAN_POINT ( 'NONE',  ( 0.000000000000000000, 1.100000000000000089, 0.000000000000000000 ) ) ;
#749 = DIRECTION ( 'NONE',  ( -0.000000000000000000, 1.000000000000000000, -0.000000000000000000 ) ) ;
#750 = LINE ( 'NONE', #1994, #2336 ) ;
#751 = ORIENTED_EDGE ( 'NONE', *, *, #2381, .F. ) ;
#752 = FILL_AREA_STYLE_COLOUR ( '', #2358 ) ;
#753 = SURFACE_STYLE_FILL_AREA ( #1768 ) ;
#754 = SURFACE_STYLE_FILL_AREA ( #2991 ) ;
#755 = EDGE_CURVE ( 'NONE', #2692, #645, #1530, .T. ) ;
#756 = CARTESIAN_POINT ( 'NONE',  ( -0.1549999999999985001, 0.9000000000000001332, 1.700000000000000178 ) ) ;
#757 = CIRCLE ( 'NONE', #1017, 0.1052790733207511764 ) ;
#758 = ORIENTED_EDGE ( 'NONE', *, *, #2461, .T. ) ;
#759 = CARTESIAN_POINT ( 'NONE',  ( 1.144999999999999574, 1.100000000000000089, 0.5099999999999998979 ) ) ;
#760 = DIRECTION ( 'NONE',  ( 1.000000000000000000, -0.000000000000000000, 0.000000000000000000 ) ) ;
#761 = PRESENTATION_LAYER_ASSIGNMENT (  '', '', ( #2181 ) ) ;
#762 = FACE_OUTER_BOUND ( 'NONE', #2320, .T. ) ;
#763 =( NAMED_UNIT ( * ) PLANE_ANGLE_UNIT ( ) SI_UNIT ( $, .RADIAN. ) );
#764 = CARTESIAN_POINT ( 'NONE',  ( 0.8050000000000004929, 0.9000000000000001332, -1.300000000000000044 ) ) ;
#765 = EDGE_CURVE ( 'NONE', #1516, #2418, #2539, .T. ) ;
#766 = VERTEX_POINT ( 'NONE', #327 ) ;
#767 = ORIENTED_EDGE ( 'NONE', *, *, #1644, .F. ) ;
#768 = LINE ( 'NONE', #2540, #2856 ) ;
#769 = FACE_OUTER_BOUND ( 'NONE', #408, .T. ) ;
#770 = CARTESIAN_POINT ( 'NONE',  ( 0.4949999999999988853, 1.100000000000000089, -1.300000000000000044 ) ) ;
#771 = LINE ( 'NONE', #2545, #1409 ) ;
#772 =( NAMED_UNIT ( * ) PLANE_ANGLE_UNIT ( ) SI_UNIT ( $, .RADIAN. ) );
#773 = ORIENTED_EDGE ( 'NONE', *, *, #526, .F. ) ;
#774 = CARTESIAN_POINT ( 'NONE',  ( -0.1549999999999982503, 0.9000000000000001332, 1.500000000000000000 ) ) ;
#775 = DIRECTION ( 'NONE',  ( -1.000000000000000000, 0.000000000000000000, 0.000000000000000000 ) ) ;
#776 =( NAMED_UNIT ( * ) SI_UNIT ( $, .STERADIAN. ) SOLID_ANGLE_UNIT ( ) );
#777 = COLOUR_RGB ( '',0.6666666666666666297, 0.6980392156862744724, 0.7686274509803920907 ) ;
#778 = VECTOR ( 'NONE', #1450, 1000.000000000000000 ) ;
#779 = SURFACE_SIDE_STYLE ('',( #1251 ) ) ;
#780 = CARTESIAN_POINT ( 'NONE',  ( -0.1550000000000002487, 1.100000000000000089, -8.402566836762679085E-17 ) ) ;
#781 = STYLED_ITEM ( 'NONE', ( #2265 ), #905 ) ;
#782 = AXIS2_PLACEMENT_3D ( 'NONE', #1627, #1875, #2330 ) ;
#783 = VERTEX_POINT ( 'NONE', #1594 ) ;
#784 = DIRECTION ( 'NONE',  ( 1.000000000000000000, 0.000000000000000000, -0.000000000000000000 ) ) ;
#785 = CARTESIAN_POINT ( 'NONE',  ( 0.1549999999999992217, 1.100000000000000089, 1.700000000000000178 ) ) ;
#786 = CARTESIAN_POINT ( 'NONE',  ( -0.8049999999999992717, 1.100000000000000089, 1.300000000000000044 ) ) ;
#787 = ADVANCED_FACE ( 'NONE', ( #65 ), #1058, .T. ) ;
#788 = ADVANCED_FACE ( 'NONE', ( #2329 ), #109, .T. ) ;
#789 = FILL_AREA_STYLE_COLOUR ( '', #2669 ) ;
#790 = STYLED_ITEM ( 'NONE', ( #998 ), #1130 ) ;
#791 = ORIENTED_EDGE ( 'NONE', *, *, #1674, .F. ) ;
#792 = LINE ( 'NONE', #1801, #2493 ) ;
#793 =( GEOMETRIC_REPRESENTATION_CONTEXT ( 3 ) GLOBAL_UNCERTAINTY_ASSIGNED_CONTEXT ( ( #2055 ) ) GLOBAL_UNIT_ASSIGNED_CONTEXT ( ( #3083, #846, #1124 ) ) REPRESENTATION_CONTEXT ( 'NONE', 'WORKASPACE' ) );
#794 = LINE ( 'NONE', #2772, #7 ) ;
#795 = CARTESIAN_POINT ( 'NONE',  ( 0.000000000000000000, 1.100000000000000089, -1.300000000000000044 ) ) ;
#796 = CARTESIAN_POINT ( 'NONE',  ( -1.084202172485504237E-15, 1.100000000000000089, -1.699999999999999734 ) ) ;
#797 = ORIENTED_EDGE ( 'NONE', *, *, #1358, .F. ) ;
#798 = DIRECTION ( 'NONE',  ( 0.000000000000000000, 0.000000000000000000, 1.000000000000000000 ) ) ;
#799 = CARTESIAN_POINT ( 'NONE',  ( 0.8050000000000008260, 0.9000000000000001332, -2.181956872127082604E-16 ) ) ;
#800 = PRESENTATION_STYLE_ASSIGNMENT (( #3021 ) ) ;
#801 = SURFACE_SIDE_STYLE ('',( #1844 ) ) ;
#802 = ORIENTED_EDGE ( 'NONE', *, *, #1287, .T. ) ;
#803 = DIRECTION ( 'NONE',  ( -1.000000000000000000, 0.000000000000000000, -0.000000000000000000 ) ) ;
#804 = VECTOR ( 'NONE', #3151, 1000.000000000000000 ) ;
#805 = LINE ( 'NONE', #1804, #945 ) ;
#806 = VECTOR ( 'NONE', #1955, 1000.000000000000000 ) ;
#807 = CARTESIAN_POINT ( 'NONE',  ( -1.144999999999999130, 0.9000000000000001332, 0.000000000000000000 ) ) ;
#808 = UNCERTAINTY_MEASURE_WITH_UNIT (LENGTH_MEASURE( 1.000000000000000082E-05 ), #261, 'distance_accuracy_value', 'NONE');
#809 = ADVANCED_FACE ( 'NONE', ( #2178, #2409 ), #1412, .F. ) ;
#810 = EDGE_LOOP ( 'NONE', ( #1667, #1689, #1224, #2035 ) ) ;
#811 = SURFACE_STYLE_USAGE ( .BOTH. , #2100 ) ;
#812 = CARTESIAN_POINT ( 'NONE',  ( 0.4949999999999974976, 1.100000000000000089, 5.366800753803224269E-16 ) ) ;
#813 = VERTEX_POINT ( 'NONE', #171 ) ;
#814 = PRESENTATION_LAYER_ASSIGNMENT (  '', '', ( #34 ) ) ;
#815 = LINE ( 'NONE', #36, #825 ) ;
#816 =( LENGTH_UNIT ( ) NAMED_UNIT ( * ) SI_UNIT ( .MILLI., .METRE. ) );
#817 = VERTEX_POINT ( 'NONE', #361 ) ;
#818 = SURFACE_SIDE_STYLE ('',( #88 ) ) ;
#819 = EDGE_CURVE ( 'NONE', #80, #1120, #121, .T. ) ;
#820 = ADVANCED_FACE ( 'NONE', ( #668 ), #2131, .F. ) ;
#821 = LINE ( 'NONE', #2520, #894 ) ;
#822 = CARTESIAN_POINT ( 'NONE',  ( -1.144999999999999130, 0.9000000000000001332, 0.000000000000000000 ) ) ;
#823 = CARTESIAN_POINT ( 'NONE',  ( 0.1549999999999992217, 0.9000000000000001332, 1.700000000000000178 ) ) ;
#824 = CLOSED_SHELL ( 'NONE', ( #1159, #1158, #717, #10, #479, #2298, #2369, #2370, #1440, #586, #2788, #512, #275, #320 ) ) ;
#825 = VECTOR ( 'NONE', #1505, 1000.000000000000000 ) ;
#826 = ORIENTED_EDGE ( 'NONE', *, *, #1145, .T. ) ;
#827 = DIRECTION ( 'NONE',  ( -1.275531967630005245E-16, -0.000000000000000000, -1.000000000000000000 ) ) ;
#828 = CARTESIAN_POINT ( 'NONE',  ( -0.4949999999999979416, 0.9000000000000001332, 1.100000000000000311 ) ) ;
#829 = FILL_AREA_STYLE_COLOUR ( '', #74 ) ;
#830 = CARTESIAN_POINT ( 'NONE',  ( -0.8049999999999983835, 1.100000000000000089, -1.300000000000000044 ) ) ;
#831 = COLOUR_RGB ( '',0.6666666666666666297, 0.6980392156862744724, 0.7686274509803920907 ) ;
#832 = VERTEX_POINT ( 'NONE', #398 ) ;
#833 = ORIENTED_EDGE ( 'NONE', *, *, #1052, .T. ) ;
#834 = CARTESIAN_POINT ( 'NONE',  ( 0.4949999999999974976, 0.9000000000000001332, 5.366800753803224269E-16 ) ) ;
#835 = ORIENTED_EDGE ( 'NONE', *, *, #35, .T. ) ;
#836 = CARTESIAN_POINT ( 'NONE',  ( 0.000000000000000000, 0.000000000000000000, 0.000000000000000000 ) ) ;
#837 = MECHANICAL_DESIGN_GEOMETRIC_PRESENTATION_REPRESENTATION (  '', ( #416 ), #527 ) ;
#838 = SURFACE_SIDE_STYLE ('',( #544 ) ) ;
#839 = ORIENTED_EDGE ( 'NONE', *, *, #3220, .F. ) ;
#840 = CARTESIAN_POINT ( 'NONE',  ( -0.1549999999999985001, 0.9000000000000001332, 1.699999999999999734 ) ) ;
#841 = ORIENTED_EDGE ( 'NONE', *, *, #847, .F. ) ;
#842 = LINE ( 'NONE', #604, #1404 ) ;
#843 = FILL_AREA_STYLE_COLOUR ( '', #3045 ) ;
#844 = FILL_AREA_STYLE ('',( #1364 ) ) ;
#845 = EDGE_LOOP ( 'NONE', ( #1862, #2433, #368, #1567 ) ) ;
#846 =( NAMED_UNIT ( * ) PLANE_ANGLE_UNIT ( ) SI_UNIT ( $, .RADIAN. ) );
#847 = EDGE_CURVE ( 'NONE', #1138, #3014, #1394, .T. ) ;
#848 = ADVANCED_FACE ( 'NONE', ( #1680 ), #2982, .T. ) ;
#849 = ORIENTED_EDGE ( 'NONE', *, *, #1148, .F. ) ;
#850 = LINE ( 'NONE', #1673, #442 ) ;
#851 =( NAMED_UNIT ( * ) PLANE_ANGLE_UNIT ( ) SI_UNIT ( $, .RADIAN. ) );
#852 = CARTESIAN_POINT ( 'NONE',  ( 0.4949999999999988853, 0.9000000000000001332, -1.300000000000000044 ) ) ;
#853 = DIRECTION ( 'NONE',  ( 0.000000000000000000, -0.000000000000000000, 1.000000000000000000 ) ) ;
#854 = EDGE_LOOP ( 'NONE', ( #221, #618, #1732, #423, #2810, #1061, #3126, #1811, #2813, #2814, #2082, #1866, #2016, #289, #280, #611, #624, #1830, #1467, #1400 ) ) ;
#855 = VECTOR ( 'NONE', #685, 1000.000000000000000 ) ;
#856 = CARTESIAN_POINT ( 'NONE',  ( 0.4949999999999988853, 0.9000000000000001332, -1.300000000000000044 ) ) ;
#857 = VECTOR ( 'NONE', #263, 1000.000000000000000 ) ;
#858 = DIRECTION ( 'NONE',  ( 0.000000000000000000, 0.000000000000000000, 1.000000000000000000 ) ) ;
#859 = SURFACE_STYLE_FILL_AREA ( #282 ) ;
#860 = CARTESIAN_POINT ( 'NONE',  ( -0.4949999999999979416, 1.100000000000000089, -0.000000000000000000 ) ) ;
#861 = AXIS2_PLACEMENT_3D ( 'NONE', #3184, #2452, #955 ) ;
#862 = ADVANCED_FACE ( 'NONE', ( #762 ), #1003, .T. ) ;
#863 = ORIENTED_EDGE ( 'NONE', *, *, #373, .F. ) ;
#864 = ORIENTED_EDGE ( 'NONE', *, *, #3218, .F. ) ;
#866 = ADVANCED_FACE ( 'NONE', ( #461 ), #2700, .F. ) ;
#865 = MECHANICAL_DESIGN_GEOMETRIC_PRESENTATION_REPRESENTATION (  '', ( #1121 ), #1022 ) ;
#867 = VECTOR ( 'NONE', #1656, 1000.000000000000000 ) ;
#868 = CARTESIAN_POINT ( 'NONE',  ( 0.1549999999999993328, 1.100000000000000089, -1.699999999999999734 ) ) ;
#869 = CARTESIAN_POINT ( 'NONE',  ( -1.700000000000000178, 0.000000000000000000, -1.699999999999999734 ) ) ;
#870 = VECTOR ( 'NONE', #424, 1000.000000000000000 ) ;
#871 = VERTEX_POINT ( 'NONE', #737 ) ;
#872 = AXIS2_PLACEMENT_3D ( 'NONE', #397, #2195, #1921 ) ;
#873 = LINE ( 'NONE', #439, #1357 ) ;
#874 = LINE ( 'NONE', #1850, #804 ) ;
#875 = ORIENTED_EDGE ( 'NONE', *, *, #2241, .F. ) ;
#876 = FILL_AREA_STYLE ('',( #1112 ) ) ;
#877 = UNCERTAINTY_MEASURE_WITH_UNIT (LENGTH_MEASURE( 1.000000000000000082E-05 ), #290, 'distance_accuracy_value', 'NONE');
#878 = CARTESIAN_POINT ( 'NONE',  ( 0.4949999999999993294, 0.9000000000000001332, 1.699999999999999734 ) ) ;
#879 = DIRECTION ( 'NONE',  ( -2.710505431213768974E-15, 0.000000000000000000, -1.000000000000000000 ) ) ;
#880 = STYLED_ITEM ( 'NONE', ( #977 ), #655 ) ;
#881 = ORIENTED_EDGE ( 'NONE', *, *, #104, .T. ) ;
#882 = ORIENTED_EDGE ( 'NONE', *, *, #1674, .T. ) ;
#883 = DIRECTION ( 'NONE',  ( -1.000000000000000000, 0.000000000000000000, -3.594040350780679390E-16 ) ) ;
#884 = LINE ( 'NONE', #1654, #1536 ) ;
#885 = PRESENTATION_LAYER_ASSIGNMENT (  '', '', ( #52 ) ) ;
#886 =( GEOMETRIC_REPRESENTATION_CONTEXT ( 3 ) GLOBAL_UNCERTAINTY_ASSIGNED_CONTEXT ( ( #1819 ) ) GLOBAL_UNIT_ASSIGNED_CONTEXT ( ( #1827, #403, #386 ) ) REPRESENTATION_CONTEXT ( 'NONE', 'WORKASPACE' ) );
#887 = VECTOR ( 'NONE', #521, 1000.000000000000000 ) ;
#888 = ORIENTED_EDGE ( 'NONE', *, *, #1737, .F. ) ;
#889 = DIRECTION ( 'NONE',  ( 1.000000000000000000, -0.000000000000000000, 0.000000000000000000 ) ) ;
#890 =( GEOMETRIC_REPRESENTATION_CONTEXT ( 3 ) GLOBAL_UNCERTAINTY_ASSIGNED_CONTEXT ( ( #1428 ) ) GLOBAL_UNIT_ASSIGNED_CONTEXT ( ( #462, #1446, #2983 ) ) REPRESENTATION_CONTEXT ( 'NONE', 'WORKASPACE' ) );
#891 = CARTESIAN_POINT ( 'NONE',  ( 0.4949999999999974976, 0.9000000000000001332, 5.366800753803224269E-16 ) ) ;
#892 = EDGE_LOOP ( 'NONE', ( #1066, #1235, #1219, #1129 ) ) ;
#893 = SURFACE_STYLE_FILL_AREA ( #876 ) ;
#894 = VECTOR ( 'NONE', #1263, 1000.000000000000000 ) ;
#895 = CARTESIAN_POINT ( 'NONE',  ( 0.000000000000000000, 1.100000000000000089, 0.000000000000000000 ) ) ;
#896 = ADVANCED_FACE ( 'NONE', ( #1461 ), #495, .F. ) ;
#897 = LINE ( 'NONE', #1164, #2282 ) ;
#898 = PLANE ( 'NONE',  #1913 ) ;
#899 = ORIENTED_EDGE ( 'NONE', *, *, #688, .T. ) ;
#900 = MECHANICAL_DESIGN_GEOMETRIC_PRESENTATION_REPRESENTATION (  '', ( #2047 ), #1570 ) ;
#901 = CARTESIAN_POINT ( 'NONE',  ( 0.1549999999999997768, 1.100000000000000089, -4.201283418381326600E-17 ) ) ;
#902 = EDGE_LOOP ( 'NONE', ( #2299, #540, #2067, #1720 ) ) ;
#903 = EDGE_LOOP ( 'NONE', ( #2654, #2364, #508, #741 ) ) ;
#904 = DIRECTION ( 'NONE',  ( -1.000000000000000000, 0.000000000000000000, -0.000000000000000000 ) ) ;
#905 = ADVANCED_FACE ( 'NONE', ( #1727 ), #2943, .F. ) ;
#906 = EDGE_LOOP ( 'NONE', ( #1616, #1176, #9, #3146 ) ) ;
#907 = CARTESIAN_POINT ( 'NONE',  ( 0.000000000000000000, 1.100000000000000089, -1.300000000000000044 ) ) ;
#908 = DIRECTION ( 'NONE',  ( -0.000000000000000000, 1.000000000000000000, -0.000000000000000000 ) ) ;
#909 = UNCERTAINTY_MEASURE_WITH_UNIT (LENGTH_MEASURE( 1.000000000000000082E-05 ), #3209, 'distance_accuracy_value', 'NONE');
#910 = AXIS2_PLACEMENT_3D ( 'NONE', #1793, #2847, #1840 ) ;
#911 = LINE ( 'NONE', #174, #2060 ) ;
#912 = SURFACE_STYLE_USAGE ( .BOTH. , #1182 ) ;
#913 = ADVANCED_FACE ( 'NONE', ( #2230 ), #2718, .F. ) ;
#914 = VECTOR ( 'NONE', #169, 1000.000000000000000 ) ;
#915 = EDGE_CURVE ( 'NONE', #1411, #1535, #599, .T. ) ;
#916 =( NAMED_UNIT ( * ) SI_UNIT ( $, .STERADIAN. ) SOLID_ANGLE_UNIT ( ) );
#917 = DIRECTION ( 'NONE',  ( 1.000000000000000000, -0.000000000000000000, 0.000000000000000000 ) ) ;
#918 = FILL_AREA_STYLE ('',( #2416 ) ) ;
#919 = ORIENTED_EDGE ( 'NONE', *, *, #1425, .T. ) ;
#920 = CARTESIAN_POINT ( 'NONE',  ( -0.1550000000000002487, 1.100000000000000089, -8.402566836762679085E-17 ) ) ;
#921 = VECTOR ( 'NONE', #272, 1000.000000000000000 ) ;
#922 = VECTOR ( 'NONE', #2964, 1000.000000000000000 ) ;
#923 = ORIENTED_EDGE ( 'NONE', *, *, #1117, .F. ) ;
#924 = CARTESIAN_POINT ( 'NONE',  ( -0.4949999999999993294, 1.100000000000000089, -1.699999999999999512 ) ) ;
#925 = SURFACE_STYLE_USAGE ( .BOTH. , #1659 ) ;
#926 = EDGE_CURVE ( 'NONE', #1590, #2692, #821, .T. ) ;
#927 = ADVANCED_FACE ( 'NONE', ( #581 ), #2806, .T. ) ;
#928 =( NAMED_UNIT ( * ) SI_UNIT ( $, .STERADIAN. ) SOLID_ANGLE_UNIT ( ) );
#929 = SURFACE_STYLE_FILL_AREA ( #2179 ) ;
#930 = LINE ( 'NONE', #1181, #2590 ) ;
#931 = ORIENTED_EDGE ( 'NONE', *, *, #132, .F. ) ;
#932 = PLANE ( 'NONE',  #294 ) ;
#933 = DIRECTION ( 'NONE',  ( 2.710505431213763057E-16, 0.000000000000000000, 1.000000000000000000 ) ) ;
#934 = PLANE ( 'NONE',  #498 ) ;
#935 = STYLED_ITEM ( 'NONE', ( #2218 ), #275 ) ;
#936 = ORIENTED_EDGE ( 'NONE', *, *, #1401, .T. ) ;
#937 = DIRECTION ( 'NONE',  ( -0.000000000000000000, -1.000000000000000000, -0.000000000000000000 ) ) ;
#938 = VERTEX_POINT ( 'NONE', #1320 ) ;
#939 = AXIS2_PLACEMENT_3D ( 'NONE', #1151, #2909, #173 ) ;
#940 = LINE ( 'NONE', #1758, #1169 ) ;
#941 = CARTESIAN_POINT ( 'NONE',  ( 0.1549999999999993328, 0.9000000000000001332, -1.699999999999999734 ) ) ;
#942 =( LENGTH_UNIT ( ) NAMED_UNIT ( * ) SI_UNIT ( .MILLI., .METRE. ) );
#943 = SURFACE_STYLE_USAGE ( .BOTH. , #3171 ) ;
#944 = LINE ( 'NONE', #1909, #488 ) ;
#945 = VECTOR ( 'NONE', #2594, 1000.000000000000000 ) ;
#946 = SURFACE_SIDE_STYLE ('',( #1205 ) ) ;
#947 = DIRECTION ( 'NONE',  ( 0.000000000000000000, 1.000000000000000000, -0.000000000000000000 ) ) ;
#948 = DIRECTION ( 'NONE',  ( 1.000000000000000000, -0.000000000000000000, 0.000000000000000000 ) ) ;
#949 = ORIENTED_EDGE ( 'NONE', *, *, #3036, .F. ) ;
#950 = CARTESIAN_POINT ( 'NONE',  ( -1.144999999999999130, 1.100000000000000089, -0.000000000000000000 ) ) ;
#951 = DIRECTION ( 'NONE',  ( 1.000000000000000000, 0.000000000000000000, 0.000000000000000000 ) ) ;
#952 = ADVANCED_FACE ( 'NONE', ( #89 ), #2295, .F. ) ;
#953 = EDGE_CURVE ( 'NONE', #645, #1382, #794, .T. ) ;
#954 = VERTEX_POINT ( 'NONE', #2549 ) ;
#955 = DIRECTION ( 'NONE',  ( -1.000000000000000000, 0.000000000000000000, -0.000000000000000000 ) ) ;
#956 = CARTESIAN_POINT ( 'NONE',  ( 1.144999999999999796, 1.100000000000000089, 4.115176201643876809E-16 ) ) ;
#957 = LINE ( 'NONE', #1004, #806 ) ;
#958 =( LENGTH_UNIT ( ) NAMED_UNIT ( * ) SI_UNIT ( .MILLI., .METRE. ) );
#959 = EDGE_CURVE ( 'NONE', #2671, #2494, #3042, .T. ) ;
#960 = DIRECTION ( 'NONE',  ( -0.000000000000000000, -1.000000000000000000, -0.000000000000000000 ) ) ;
#961 = PLANE ( 'NONE',  #455 ) ;
#962 = DIRECTION ( 'NONE',  ( -0.000000000000000000, -1.000000000000000000, -0.000000000000000000 ) ) ;
#963 = SURFACE_STYLE_FILL_AREA ( #2972 ) ;
#964 = EDGE_CURVE ( 'NONE', #2794, #1810, #805, .T. ) ;
#965 = EDGE_CURVE ( 'NONE', #1573, #2953, #1703, .T. ) ;
#966 = AXIS2_PLACEMENT_3D ( 'NONE', #2821, #1557, #2807 ) ;
#967 = ORIENTED_EDGE ( 'NONE', *, *, #468, .F. ) ;
#968 = DIRECTION ( 'NONE',  ( 0.000000000000000000, 0.000000000000000000, -1.000000000000000000 ) ) ;
#969 = DIRECTION ( 'NONE',  ( 2.710505431213764536E-16, 0.000000000000000000, 1.000000000000000000 ) ) ;
#970 = VECTOR ( 'NONE', #1742, 1000.000000000000000 ) ;
#971 = VERTEX_POINT ( 'NONE', #2449 ) ;
#972 = DIRECTION ( 'NONE',  ( -0.000000000000000000, 1.000000000000000000, -0.000000000000000000 ) ) ;
#973 = DIRECTION ( 'NONE',  ( -0.000000000000000000, -1.000000000000000000, -0.000000000000000000 ) ) ;
#974 = FILL_AREA_STYLE ('',( #26 ) ) ;
#975 = UNCERTAINTY_MEASURE_WITH_UNIT (LENGTH_MEASURE( 1.000000000000000082E-05 ), #2146, 'distance_accuracy_value', 'NONE');
#976 = ORIENTED_EDGE ( 'NONE', *, *, #2521, .F. ) ;
#977 = PRESENTATION_STYLE_ASSIGNMENT (( #17 ) ) ;
#978 = VERTEX_POINT ( 'NONE', #342 ) ;
#979 = CARTESIAN_POINT ( 'NONE',  ( 0.8050000000000004929, 1.100000000000000089, -1.300000000000000044 ) ) ;
#980 = AXIS2_PLACEMENT_3D ( 'NONE', #3078, #96, #1282 ) ;
#981 = VECTOR ( 'NONE', #997, 1000.000000000000000 ) ;
#982 = EDGE_LOOP ( 'NONE', ( #2933, #1322, #2431, #2062 ) ) ;
#983 = FACE_OUTER_BOUND ( 'NONE', #2414, .T. ) ;
#984 = PRESENTATION_LAYER_ASSIGNMENT (  '', '', ( #2907 ) ) ;
#985 = PRESENTATION_STYLE_ASSIGNMENT (( #1196 ) ) ;
#986 = VECTOR ( 'NONE', #2147, 1000.000000000000000 ) ;
#987 = PRESENTATION_LAYER_ASSIGNMENT (  '', '', ( #465 ) ) ;
#988 = CARTESIAN_POINT ( 'NONE',  ( 0.000000000000000000, 0.9000000000000001332, 0.000000000000000000 ) ) ;
#989 = DIRECTION ( 'NONE',  ( -0.000000000000000000, -1.000000000000000000, -0.000000000000000000 ) ) ;
#990 = LINE ( 'NONE', #1526, #2347 ) ;
#991 = EDGE_CURVE ( 'NONE', #2692, #242, #873, .T. ) ;
#992 = ORIENTED_EDGE ( 'NONE', *, *, #311, .F. ) ;
#993 = LINE ( 'NONE', #206, #1870 ) ;
#994 = FILL_AREA_STYLE_COLOUR ( '', #2512 ) ;
#995 = FACE_OUTER_BOUND ( 'NONE', #2668, .T. ) ;
#996 =( GEOMETRIC_REPRESENTATION_CONTEXT ( 3 ) GLOBAL_UNCERTAINTY_ASSIGNED_CONTEXT ( ( #3225 ) ) GLOBAL_UNIT_ASSIGNED_CONTEXT ( ( #1533, #1739, #1049 ) ) REPRESENTATION_CONTEXT ( 'NONE', 'WORKASPACE' ) );
#997 = DIRECTION ( 'NONE',  ( -0.000000000000000000, -1.000000000000000000, -0.000000000000000000 ) ) ;
#998 = PRESENTATION_STYLE_ASSIGNMENT (( #539 ) ) ;
#999 =( NAMED_UNIT ( * ) SI_UNIT ( $, .STERADIAN. ) SOLID_ANGLE_UNIT ( ) );
#1000 = VERTEX_POINT ( 'NONE', #1339 ) ;
#1001 = PLANE ( 'NONE',  #861 ) ;
#1002 = EDGE_CURVE ( 'NONE', #2977, #2572, #2360, .T. ) ;
#1003 = PLANE ( 'NONE',  #567 ) ;
#1004 = CARTESIAN_POINT ( 'NONE',  ( 0.000000000000000000, 0.9000000000000001332, -1.699999999999999734 ) ) ;
#1005 = PRESENTATION_STYLE_ASSIGNMENT (( #14 ) ) ;
#1006 = UNCERTAINTY_MEASURE_WITH_UNIT (LENGTH_MEASURE( 1.000000000000000082E-05 ), #1581, 'distance_accuracy_value', 'NONE');
#1007 = ORIENTED_EDGE ( 'NONE', *, *, #2068, .T. ) ;
#1008 = ORIENTED_EDGE ( 'NONE', *, *, #2663, .T. ) ;
#1009 =( NAMED_UNIT ( * ) PLANE_ANGLE_UNIT ( ) SI_UNIT ( $, .RADIAN. ) );
#1010 = FILL_AREA_STYLE ('',( #994 ) ) ;
#1011 = DIRECTION ( 'NONE',  ( -0.000000000000000000, -1.000000000000000000, -0.000000000000000000 ) ) ;
#1012 = EDGE_CURVE ( 'NONE', #2625, #2322, #615, .T. ) ;
#1013 = CARTESIAN_POINT ( 'NONE',  ( 0.000000000000000000, 0.9000000000000001332, 1.700000000000000178 ) ) ;
#1014 = DIRECTION ( 'NONE',  ( -1.219727444046194658E-15, 0.000000000000000000, -1.000000000000000000 ) ) ;
#1015 = AXIS2_PLACEMENT_3D ( 'NONE', #1089, #2367, #1560 ) ;
#1016 = CARTESIAN_POINT ( 'NONE',  ( 1.365560926821136389, 0.01000000000000000021, 1.334740975347745273 ) ) ;
#1017 = AXIS2_PLACEMENT_3D ( 'NONE', #2231, #3202, #2963 ) ;
#1018 = ORIENTED_EDGE ( 'NONE', *, *, #2570, .T. ) ;
#1019 = PLANE ( 'NONE',  #1652 ) ;
#1020 = VECTOR ( 'NONE', #92, 1000.000000000000000 ) ;
#1021 = DIRECTION ( 'NONE',  ( -0.000000000000000000, -1.000000000000000000, -0.000000000000000000 ) ) ;
#1022 =( GEOMETRIC_REPRESENTATION_CONTEXT ( 3 ) GLOBAL_UNCERTAINTY_ASSIGNED_CONTEXT ( ( #1592 ) ) GLOBAL_UNIT_ASSIGNED_CONTEXT ( ( #3185, #2979, #1710 ) ) REPRESENTATION_CONTEXT ( 'NONE', 'WORKASPACE' ) );
#1023 = STYLED_ITEM ( 'NONE', ( #2069 ), #2356 ) ;
#1024 = SURFACE_STYLE_FILL_AREA ( #2535 ) ;
#1025 = DIRECTION ( 'NONE',  ( 1.000000000000000000, -0.000000000000000000, 0.000000000000000000 ) ) ;
#1026 = ADVANCED_FACE ( 'NONE', ( #1867 ), #2377, .F. ) ;
#1027 = PRESENTATION_STYLE_ASSIGNMENT (( #2252 ) ) ;
#1028 = VECTOR ( 'NONE', #2149, 1000.000000000000000 ) ;
#1029 = ORIENTED_EDGE ( 'NONE', *, *, #1287, .F. ) ;
#1030 = VECTOR ( 'NONE', #1021, 1000.000000000000000 ) ;
#1031 =( LENGTH_UNIT ( ) NAMED_UNIT ( * ) SI_UNIT ( .MILLI., .METRE. ) );
#1032 = CARTESIAN_POINT ( 'NONE',  ( 0.000000000000000000, 0.9000000000000001332, 0.000000000000000000 ) ) ;
#1033 = CARTESIAN_POINT ( 'NONE',  ( -1.144999999999998908, 1.100000000000000089, -1.699999999999999512 ) ) ;
#1034 = FACE_OUTER_BOUND ( 'NONE', #1771, .T. ) ;
#1035 = CARTESIAN_POINT ( 'NONE',  ( -1.699999999999999734, 0.000000000000000000, 1.700000000000000178 ) ) ;
#1036 = ORIENTED_EDGE ( 'NONE', *, *, #1926, .T. ) ;
#1037 =( NAMED_UNIT ( * ) PLANE_ANGLE_UNIT ( ) SI_UNIT ( $, .RADIAN. ) );
#1038 = AXIS2_PLACEMENT_3D ( 'NONE', #1912, #2896, #673 ) ;
#1039 = SURFACE_SIDE_STYLE ('',( #2534 ) ) ;
#1040 = VECTOR ( 'NONE', #2166, 1000.000000000000000 ) ;
#1041 = CARTESIAN_POINT ( 'NONE',  ( 1.145000000000000240, 1.100000000000000089, -1.699999999999999512 ) ) ;
#1042 = LINE ( 'NONE', #1525, #277 ) ;
#1043 = CARTESIAN_POINT ( 'NONE',  ( 0.000000000000000000, 1.100000000000000089, -1.699999999999999512 ) ) ;
#1044 = AXIS2_PLACEMENT_3D ( 'NONE', #1032, #3015, #50 ) ;
#1045 = ORIENTED_EDGE ( 'NONE', *, *, #2029, .F. ) ;
#1046 = FILL_AREA_STYLE_COLOUR ( '', #2509 ) ;
#1047 = DIRECTION ( 'NONE',  ( 2.710505431213764536E-16, 0.000000000000000000, 1.000000000000000000 ) ) ;
#1048 = PRESENTATION_STYLE_ASSIGNMENT (( #98 ) ) ;
#1049 =( NAMED_UNIT ( * ) SI_UNIT ( $, .STERADIAN. ) SOLID_ANGLE_UNIT ( ) );
#1050 = VECTOR ( 'NONE', #2466, 1000.000000000000000 ) ;
#1051 = EDGE_LOOP ( 'NONE', ( #1657, #1632, #535, #826 ) ) ;
#1052 = EDGE_CURVE ( 'NONE', #1884, #1516, #2934, .T. ) ;
#1053 = EDGE_CURVE ( 'NONE', #1000, #113, #3103, .T. ) ;
#1054 = DIRECTION ( 'NONE',  ( -5.421010862427529073E-16, 0.000000000000000000, 1.000000000000000000 ) ) ;
#1055 = PLANE ( 'NONE',  #2940 ) ;
#1056 =( NAMED_UNIT ( * ) PLANE_ANGLE_UNIT ( ) SI_UNIT ( $, .RADIAN. ) );
#1057 = ORIENTED_EDGE ( 'NONE', *, *, #2338, .F. ) ;
#1058 = PLANE ( 'NONE',  #980 ) ;
#1059 = DIRECTION ( 'NONE',  ( 2.710505431213764536E-16, 0.000000000000000000, 1.000000000000000000 ) ) ;
#1060 = DIRECTION ( 'NONE',  ( 1.000000000000000000, 0.000000000000000000, -0.000000000000000000 ) ) ;
#1061 = ORIENTED_EDGE ( 'NONE', *, *, #1836, .T. ) ;
#1062 = PRESENTATION_STYLE_ASSIGNMENT (( #3008 ) ) ;
#1063 = SURFACE_STYLE_USAGE ( .BOTH. , #801 ) ;
#1064 = EDGE_CURVE ( 'NONE', #1968, #2572, #1371, .T. ) ;
#1065 = EDGE_CURVE ( 'NONE', #2794, #1535, #2608, .T. ) ;
#1066 = ORIENTED_EDGE ( 'NONE', *, *, #1747, .F. ) ;
#1067 = SURFACE_STYLE_USAGE ( .BOTH. , #2087 ) ;
#1068 = PRESENTATION_LAYER_ASSIGNMENT (  '', '', ( #2010 ) ) ;
#1069 = VECTOR ( 'NONE', #244, 1000.000000000000000 ) ;
#1070 = CARTESIAN_POINT ( 'NONE',  ( -0.4949999999999993294, 1.100000000000000089, -1.699999999999999734 ) ) ;
#1071 = ORIENTED_EDGE ( 'NONE', *, *, #671, .F. ) ;
#1072 =( NAMED_UNIT ( * ) PLANE_ANGLE_UNIT ( ) SI_UNIT ( $, .RADIAN. ) );
#1073 = FILL_AREA_STYLE ('',( #843 ) ) ;
#1074 = CIRCLE ( 'NONE', #610, 0.1052790733207511764 ) ;
#1075 = ORIENTED_EDGE ( 'NONE', *, *, #1323, .F. ) ;
#1076 = VECTOR ( 'NONE', #248, 1000.000000000000000 ) ;
#1077 = LINE ( 'NONE', #81, #2307 ) ;
#1078 = ORIENTED_EDGE ( 'NONE', *, *, #3158, .T. ) ;
#1079 = FILL_AREA_STYLE_COLOUR ( '', #2342 ) ;
#1080 = PRESENTATION_STYLE_ASSIGNMENT (( #321 ) ) ;
#1081 = DIRECTION ( 'NONE',  ( -0.000000000000000000, 1.000000000000000000, -0.000000000000000000 ) ) ;
#1082 = LINE ( 'NONE', #45, #1020 ) ;
#1083 = VECTOR ( 'NONE', #960, 1000.000000000000000 ) ;
#1084 = COLOUR_RGB ( '',0.6666666666666666297, 0.6980392156862744724, 0.7686274509803920907 ) ;
#1085 = EDGE_LOOP ( 'NONE', ( #583, #1903, #1106, #3210 ) ) ;
#1086 = ORIENTED_EDGE ( 'NONE', *, *, #2990, .F. ) ;
#1087 = SURFACE_STYLE_FILL_AREA ( #2765 ) ;
#1088 = PRESENTATION_STYLE_ASSIGNMENT (( #2366 ) ) ;
#1089 = CARTESIAN_POINT ( 'NONE',  ( -0.8050000000000000488, 1.100000000000000089, 4.363913744254161263E-16 ) ) ;
#1090 = FILL_AREA_STYLE_COLOUR ( '', #2072 ) ;
#1091 = ORIENTED_EDGE ( 'NONE', *, *, #2402, .T. ) ;
#1092 = VECTOR ( 'NONE', #2214, 1000.000000000000000 ) ;
#1093 =( NAMED_UNIT ( * ) PLANE_ANGLE_UNIT ( ) SI_UNIT ( $, .RADIAN. ) );
#1094 =( NAMED_UNIT ( * ) SI_UNIT ( $, .STERADIAN. ) SOLID_ANGLE_UNIT ( ) );
#1095 = VERTEX_POINT ( 'NONE', #3164 ) ;
#1096 = CARTESIAN_POINT ( 'NONE',  ( 0.000000000000000000, 1.100000000000000089, 1.699999999999999734 ) ) ;
#1097 = DIRECTION ( 'NONE',  ( 0.000000000000000000, 0.000000000000000000, 1.000000000000000000 ) ) ;
#1098 = SURFACE_STYLE_FILL_AREA ( #1456 ) ;
#1099 = DIRECTION ( 'NONE',  ( 1.000000000000000000, 0.000000000000000000, 0.000000000000000000 ) ) ;
#1100 = PRESENTATION_STYLE_ASSIGNMENT (( #107 ) ) ;
#1101 = EDGE_CURVE ( 'NONE', #587, #133, #632, .T. ) ;
#1102 = EDGE_CURVE ( 'NONE', #1884, #2954, #1623, .T. ) ;
#1103 = EDGE_LOOP ( 'NONE', ( #949, #592, #2598, #2554 ) ) ;
#1104 = FACE_OUTER_BOUND ( 'NONE', #2769, .T. ) ;
#1105 = DIRECTION ( 'NONE',  ( -1.000000000000000000, 0.000000000000000000, 0.000000000000000000 ) ) ;
#1106 = ORIENTED_EDGE ( 'NONE', *, *, #1988, .F. ) ;
#1107 = ORIENTED_EDGE ( 'NONE', *, *, #1387, .F. ) ;
#1108 = ORIENTED_EDGE ( 'NONE', *, *, #646, .T. ) ;
#1109 = PLANE ( 'NONE',  #1544 ) ;
#1110 = DIRECTION ( 'NONE',  ( 1.000000000000000000, 0.000000000000000000, -0.000000000000000000 ) ) ;
#1111 = DIRECTION ( 'NONE',  ( 0.000000000000000000, -1.000000000000000000, 0.000000000000000000 ) ) ;
#1112 = FILL_AREA_STYLE_COLOUR ( '', #1276 ) ;
#1113 = MECHANICAL_DESIGN_GEOMETRIC_PRESENTATION_REPRESENTATION (  '', ( #77 ), #3198 ) ;
#1114 = DIRECTION ( 'NONE',  ( 2.710505431213764536E-16, 0.000000000000000000, 1.000000000000000000 ) ) ;
#1115 = DIRECTION ( 'NONE',  ( -1.000000000000000000, 0.000000000000000000, -0.000000000000000000 ) ) ;
#1116 = DIRECTION ( 'NONE',  ( 1.000000000000000000, -0.000000000000000000, 0.000000000000000000 ) ) ;
#1117 = EDGE_CURVE ( 'NONE', #2532, #1884, #374, .T. ) ;
#1118 = SURFACE_STYLE_FILL_AREA ( #1842 ) ;
#1119 =( GEOMETRIC_REPRESENTATION_CONTEXT ( 3 ) GLOBAL_UNCERTAINTY_ASSIGNED_CONTEXT ( ( #2161 ) ) GLOBAL_UNIT_ASSIGNED_CONTEXT ( ( #62, #1056, #3046 ) ) REPRESENTATION_CONTEXT ( 'NONE', 'WORKASPACE' ) );
#1120 = VERTEX_POINT ( 'NONE', #1211 ) ;
#1121 = STYLED_ITEM ( 'NONE', ( #985 ), #3213 ) ;
#1122 = MECHANICAL_DESIGN_GEOMETRIC_PRESENTATION_REPRESENTATION (  '', ( #1701 ), #2130 ) ;
#1123 = PRESENTATION_STYLE_ASSIGNMENT (( #126 ) ) ;
#1124 =( NAMED_UNIT ( * ) SI_UNIT ( $, .STERADIAN. ) SOLID_ANGLE_UNIT ( ) );
#1125 = AXIS2_PLACEMENT_3D ( 'NONE', #2352, #3065, #2514 ) ;
#1126 = ORIENTED_EDGE ( 'NONE', *, *, #2817, .T. ) ;
#1127 = VECTOR ( 'NONE', #2248, 1000.000000000000000 ) ;
#1128 = DIRECTION ( 'NONE',  ( -1.000000000000000000, 0.000000000000000000, 1.219727444046194658E-15 ) ) ;
#1129 = ORIENTED_EDGE ( 'NONE', *, *, #276, .T. ) ;
#1130 = ADVANCED_FACE ( 'NONE', ( #1935 ), #695, .F. ) ;
#1131 = LINE ( 'NONE', #2141, #389 ) ;
#1132 = UNCERTAINTY_MEASURE_WITH_UNIT (LENGTH_MEASURE( 1.000000000000000082E-05 ), #2584, 'distance_accuracy_value', 'NONE');
#1133 = SURFACE_STYLE_FILL_AREA ( #2659 ) ;
#1134 =( NAMED_UNIT ( * ) SI_UNIT ( $, .STERADIAN. ) SOLID_ANGLE_UNIT ( ) );
#1135 = CARTESIAN_POINT ( 'NONE',  ( -0.8050000000000000488, 1.100000000000000089, 4.363913744254161263E-16 ) ) ;
#1136 = CARTESIAN_POINT ( 'NONE',  ( 1.144999999999999796, 1.100000000000000089, 4.115176201643876809E-16 ) ) ;
#1137 = MECHANICAL_DESIGN_GEOMETRIC_PRESENTATION_REPRESENTATION (  '', ( #1665 ), #149 ) ;
#1138 = VERTEX_POINT ( 'NONE', #2712 ) ;
#1139 = CARTESIAN_POINT ( 'NONE',  ( 1.144999999999999796, 1.100000000000000089, 4.115176201643876809E-16 ) ) ;
#1140 = VECTOR ( 'NONE', #2153, 1000.000000000000000 ) ;
#1141 = VERTEX_POINT ( 'NONE', #1488 ) ;
#1142 = VECTOR ( 'NONE', #2507, 1000.000000000000000 ) ;
#1143 = EDGE_LOOP ( 'NONE', ( #2078, #1239, #295, #2446 ) ) ;
#1144 = VECTOR ( 'NONE', #749, 1000.000000000000000 ) ;
#1145 = EDGE_CURVE ( 'NONE', #2648, #2315, #2013, .T. ) ;
#1146 = ORIENTED_EDGE ( 'NONE', *, *, #2888, .T. ) ;
#1147 = CARTESIAN_POINT ( 'NONE',  ( 0.000000000000000000, 0.9000000000000001332, -1.300000000000000044 ) ) ;
#1148 = EDGE_CURVE ( 'NONE', #313, #2235, #771, .T. ) ;
#1149 =( GEOMETRIC_REPRESENTATION_CONTEXT ( 3 ) GLOBAL_UNCERTAINTY_ASSIGNED_CONTEXT ( ( #1763 ) ) GLOBAL_UNIT_ASSIGNED_CONTEXT ( ( #22, #2311, #776 ) ) REPRESENTATION_CONTEXT ( 'NONE', 'WORKASPACE' ) );
#1150 = ORIENTED_EDGE ( 'NONE', *, *, #1399, .T. ) ;
#1151 = CARTESIAN_POINT ( 'NONE',  ( -0.1549999999999961964, 1.100000000000000089, -2.100641709190617263E-16 ) ) ;
#1152 = CARTESIAN_POINT ( 'NONE',  ( 0.000000000000000000, 0.9000000000000001332, -1.699999999999999734 ) ) ;
#1153 = SURFACE_STYLE_FILL_AREA ( #2928 ) ;
#1154 = PRESENTATION_LAYER_ASSIGNMENT (  '', '', ( #1472 ) ) ;
#1155 = LINE ( 'NONE', #1669, #1983 ) ;
#1156 = ORIENTED_EDGE ( 'NONE', *, *, #1886, .F. ) ;
#1157 = ORIENTED_EDGE ( 'NONE', *, *, #2122, .F. ) ;
#1158 = ADVANCED_FACE ( 'NONE', ( #37 ), #1286, .T. ) ;
#1159 = ADVANCED_FACE ( 'NONE', ( #1034 ), #472, .F. ) ;
#1160 = VERTEX_POINT ( 'NONE', #869 ) ;
#1161 = DIRECTION ( 'NONE',  ( -0.000000000000000000, 1.000000000000000000, -0.000000000000000000 ) ) ;
#1162 =( NAMED_UNIT ( * ) PLANE_ANGLE_UNIT ( ) SI_UNIT ( $, .RADIAN. ) );
#1163 =( NAMED_UNIT ( * ) PLANE_ANGLE_UNIT ( ) SI_UNIT ( $, .RADIAN. ) );
#1164 = CARTESIAN_POINT ( 'NONE',  ( 0.000000000000000000, 0.9000000000000001332, -1.300000000000000044 ) ) ;
#1165 = VECTOR ( 'NONE', #1681, 1000.000000000000000 ) ;
#1166 = EDGE_LOOP ( 'NONE', ( #3085, #3205 ) ) ;
#1167 = CARTESIAN_POINT ( 'NONE',  ( 0.1549999999999994438, 1.100000000000000089, -1.300000000000000044 ) ) ;
#1168 = SURFACE_STYLE_USAGE ( .BOTH. , #469 ) ;
#1169 = VECTOR ( 'NONE', #2226, 1000.000000000000000 ) ;
#1170 = ORIENTED_EDGE ( 'NONE', *, *, #223, .T. ) ;
#1171 = ORIENTED_EDGE ( 'NONE', *, *, #2076, .T. ) ;
#1172 = DIRECTION ( 'NONE',  ( -1.000000000000000000, 0.000000000000000000, 0.000000000000000000 ) ) ;
#1173 = LINE ( 'NONE', #2467, #1439 ) ;
#1174 = VECTOR ( 'NONE', #937, 1000.000000000000000 ) ;
#1175 = VECTOR ( 'NONE', #170, 1000.000000000000000 ) ;
#1176 = ORIENTED_EDGE ( 'NONE', *, *, #3076, .F. ) ;
#1177 = DIRECTION ( 'NONE',  ( -1.084202172485505223E-15, 0.000000000000000000, 1.000000000000000000 ) ) ;
#1178 = LINE ( 'NONE', #2379, #2020 ) ;
#1179 = DIRECTION ( 'NONE',  ( 1.355252715606882909E-15, 0.000000000000000000, -1.000000000000000000 ) ) ;
#1180 = DIRECTION ( 'NONE',  ( -0.000000000000000000, -1.000000000000000000, -0.000000000000000000 ) ) ;
#1181 = CARTESIAN_POINT ( 'NONE',  ( -0.8049999999999990496, 1.100000000000000089, -1.699999999999999512 ) ) ;
#1182 = SURFACE_SIDE_STYLE ('',( #2601 ) ) ;
#1183 = ORIENTED_EDGE ( 'NONE', *, *, #1578, .T. ) ;
#1184 = SURFACE_STYLE_FILL_AREA ( #2948 ) ;
#1185 = EDGE_CURVE ( 'NONE', #1195, #1607, #1551, .T. ) ;
#1186 = DIRECTION ( 'NONE',  ( 0.000000000000000000, -0.000000000000000000, 1.000000000000000000 ) ) ;
#1187 = EDGE_CURVE ( 'NONE', #676, #2099, #1863, .T. ) ;
#1188 = ORIENTED_EDGE ( 'NONE', *, *, #2381, .T. ) ;
#1189 = STYLED_ITEM ( 'NONE', ( #466 ), #586 ) ;
#1190 =( GEOMETRIC_REPRESENTATION_CONTEXT ( 3 ) GLOBAL_UNCERTAINTY_ASSIGNED_CONTEXT ( ( #3030 ) ) GLOBAL_UNIT_ASSIGNED_CONTEXT ( ( #286, #2513, #54 ) ) REPRESENTATION_CONTEXT ( 'NONE', 'WORKASPACE' ) );
#1191 = ORIENTED_EDGE ( 'NONE', *, *, #93, .T. ) ;
#1192 = DIRECTION ( 'NONE',  ( -0.000000000000000000, -1.000000000000000000, -0.000000000000000000 ) ) ;
#1193 = LINE ( 'NONE', #1986, #554 ) ;
#1194 = PRESENTATION_LAYER_ASSIGNMENT (  '', '', ( #1814 ) ) ;
#1195 = VERTEX_POINT ( 'NONE', #3056 ) ;
#1196 = SURFACE_STYLE_USAGE ( .BOTH. , #2004 ) ;
#1197 =( NAMED_UNIT ( * ) SI_UNIT ( $, .STERADIAN. ) SOLID_ANGLE_UNIT ( ) );
#1198 = CARTESIAN_POINT ( 'NONE',  ( 0.000000000000000000, 0.9000000000000001332, -1.300000000000000044 ) ) ;
#1199 = CARTESIAN_POINT ( 'NONE',  ( 0.000000000000000000, 0.9000000000000001332, 1.300000000000000044 ) ) ;
#1200 = EDGE_CURVE ( 'NONE', #3087, #2517, #2589, .T. ) ;
#1201 = ADVANCED_FACE ( 'NONE', ( #1618 ), #335, .F. ) ;
#1202 = UNCERTAINTY_MEASURE_WITH_UNIT (LENGTH_MEASURE( 1.000000000000000082E-05 ), #1683, 'distance_accuracy_value', 'NONE');
#1203 = AXIS2_PLACEMENT_3D ( 'NONE', #2725, #487, #2743 ) ;
#1204 = ORIENTED_EDGE ( 'NONE', *, *, #265, .T. ) ;
#1205 = SURFACE_STYLE_FILL_AREA ( #1468 ) ;
#1206 = LINE ( 'NONE', #1750, #1609 ) ;
#1207 = DIRECTION ( 'NONE',  ( -0.000000000000000000, -1.000000000000000000, -0.000000000000000000 ) ) ;
#1208 = LINE ( 'NONE', #1780, #3195 ) ;
#1209 = CIRCLE ( 'NONE', #3031, 0.1052790733207511764 ) ;
#1210 = ORIENTED_EDGE ( 'NONE', *, *, #140, .T. ) ;
#1211 = CARTESIAN_POINT ( 'NONE',  ( -0.4949999999999992184, 0.9000000000000001332, -1.300000000000000044 ) ) ;
#1212 = LINE ( 'NONE', #2713, #870 ) ;
#1213 = ORIENTED_EDGE ( 'NONE', *, *, #959, .F. ) ;
#1214 =( LENGTH_UNIT ( ) NAMED_UNIT ( * ) SI_UNIT ( .MILLI., .METRE. ) );
#1215 = FILL_AREA_STYLE ('',( #458 ) ) ;
#1216 = DIRECTION ( 'NONE',  ( -1.000000000000000000, 0.000000000000000000, 1.420352191029046022E-16 ) ) ;
#1217 = CARTESIAN_POINT ( 'NONE',  ( 0.000000000000000000, 0.9000000000000001332, 1.500000000000000000 ) ) ;
#1218 = VECTOR ( 'NONE', #1942, 1000.000000000000000 ) ;
#1219 = ORIENTED_EDGE ( 'NONE', *, *, #1871, .T. ) ;
#1220 = SURFACE_SIDE_STYLE ('',( #1184 ) ) ;
#1221 = CARTESIAN_POINT ( 'NONE',  ( 0.8050000000000003819, 0.9000000000000001332, -1.699999999999999734 ) ) ;
#1222 = CARTESIAN_POINT ( 'NONE',  ( 0.000000000000000000, 1.100000000000000089, 0.000000000000000000 ) ) ;
#1223 = VECTOR ( 'NONE', #2251, 1000.000000000000000 ) ;
#1224 = ORIENTED_EDGE ( 'NONE', *, *, #2920, .F. ) ;
#1225 = VERTEX_POINT ( 'NONE', #82 ) ;
#1226 = PLANE ( 'NONE',  #2889 ) ;
#1227 = ORIENTED_EDGE ( 'NONE', *, *, #525, .F. ) ;
#1228 = CARTESIAN_POINT ( 'NONE',  ( -0.8049999999999990496, 1.100000000000000089, 1.700000000000000178 ) ) ;
#1229 = LINE ( 'NONE', #201, #1127 ) ;
#1230 = ADVANCED_FACE ( 'NONE', ( #350 ), #1795, .F. ) ;
#1231 = VECTOR ( 'NONE', #951, 1000.000000000000000 ) ;
#1232 = FILL_AREA_STYLE ('',( #1761 ) ) ;
#1233 = FACE_OUTER_BOUND ( 'NONE', #2116, .T. ) ;
#1234 = LINE ( 'NONE', #2504, #1076 ) ;
#1235 = ORIENTED_EDGE ( 'NONE', *, *, #1888, .F. ) ;
#1236 = DIRECTION ( 'NONE',  ( 0.000000000000000000, 0.000000000000000000, 1.000000000000000000 ) ) ;
#1237 = PLANE ( 'NONE',  #782 ) ;
#1238 = CARTESIAN_POINT ( 'NONE',  ( -1.699999999999999734, 1.100000000000000089, 1.700000000000000178 ) ) ;
#1239 = ORIENTED_EDGE ( 'NONE', *, *, #104, .F. ) ;
#1240 =( LENGTH_UNIT ( ) NAMED_UNIT ( * ) SI_UNIT ( .MILLI., .METRE. ) );
#1241 = DIRECTION ( 'NONE',  ( -1.219727444046194658E-15, 0.000000000000000000, -1.000000000000000000 ) ) ;
#1242 = EDGE_CURVE ( 'NONE', #2043, #1365, #1209, .T. ) ;
#1243 = MECHANICAL_DESIGN_GEOMETRIC_PRESENTATION_REPRESENTATION (  '', ( #1189 ), #2457 ) ;
#1244 = AXIS2_PLACEMENT_3D ( 'NONE', #1914, #2914, #933 ) ;
#1245 = ORIENTED_EDGE ( 'NONE', *, *, #2077, .F. ) ;
#1246 = CARTESIAN_POINT ( 'NONE',  ( 7.243796174248137349E-17, 0.9000000000000001332, 0.5100000000000001199 ) ) ;
#1247 = AXIS2_PLACEMENT_3D ( 'NONE', #2486, #2501, #1179 ) ;
#1248 = DIRECTION ( 'NONE',  ( 0.000000000000000000, 1.000000000000000000, 0.000000000000000000 ) ) ;
#1249 = CARTESIAN_POINT ( 'NONE',  ( 1.145000000000003793, 0.9000000000000001332, 2.482822974991816592E-15 ) ) ;
#1250 = EDGE_CURVE ( 'NONE', #971, #78, #3144, .T. ) ;
#1251 = SURFACE_STYLE_FILL_AREA ( #1728 ) ;
#1252 = CARTESIAN_POINT ( 'NONE',  ( 1.700000000000000178, 1.100000000000000089, 1.700000000000000178 ) ) ;
#1253 = CARTESIAN_POINT ( 'NONE',  ( 0.8049999999999970512, 1.100000000000000089, -2.181956872127075701E-15 ) ) ;
#1254 = ORIENTED_EDGE ( 'NONE', *, *, #2323, .F. ) ;
#1255 = SURFACE_SIDE_STYLE ('',( #536 ) ) ;
#1256 = LINE ( 'NONE', #1471, #1906 ) ;
#1257 = SURFACE_STYLE_FILL_AREA ( #2800 ) ;
#1258 = PRESENTATION_STYLE_ASSIGNMENT (( #256 ) ) ;
#1259 = ADVANCED_FACE ( 'NONE', ( #2168 ), #1403, .T. ) ;
#1260 = ORIENTED_EDGE ( 'NONE', *, *, #93, .F. ) ;
#1261 = EDGE_CURVE ( 'NONE', #4, #2306, #1635, .T. ) ;
#1262 = CARTESIAN_POINT ( 'NONE',  ( 0.000000000000000000, 1.100000000000000089, 1.700000000000000178 ) ) ;
#1263 = DIRECTION ( 'NONE',  ( -1.000000000000000000, 0.000000000000000000, 0.000000000000000000 ) ) ;
#1264 =( LENGTH_UNIT ( ) NAMED_UNIT ( * ) SI_UNIT ( .MILLI., .METRE. ) );
#1265 = CARTESIAN_POINT ( 'NONE',  ( 0.1549999999999972233, 0.9000000000000001332, -1.890577538271568035E-16 ) ) ;
#1266 =( LENGTH_UNIT ( ) NAMED_UNIT ( * ) SI_UNIT ( .MILLI., .METRE. ) );
#1267 = UNCERTAINTY_MEASURE_WITH_UNIT (LENGTH_MEASURE( 1.000000000000000082E-05 ), #1240, 'distance_accuracy_value', 'NONE');
#1268 = ORIENTED_EDGE ( 'NONE', *, *, #2932, .T. ) ;
#1269 = CARTESIAN_POINT ( 'NONE',  ( 0.8050000000000014921, 1.100000000000000089, 1.700000000000000178 ) ) ;
#1270 = ORIENTED_EDGE ( 'NONE', *, *, #2172, .T. ) ;
#1271 =( NAMED_UNIT ( * ) SI_UNIT ( $, .STERADIAN. ) SOLID_ANGLE_UNIT ( ) );
#1272 = VECTOR ( 'NONE', #2645, 1000.000000000000000 ) ;
#1273 = VECTOR ( 'NONE', #2426, 1000.000000000000000 ) ;
#1274 = ORIENTED_EDGE ( 'NONE', *, *, #2169, .T. ) ;
#1275 = SURFACE_SIDE_STYLE ('',( #2310 ) ) ;
#1276 = COLOUR_RGB ( '',0.6666666666666666297, 0.6980392156862744724, 0.7686274509803920907 ) ;
#1277 = FILL_AREA_STYLE_COLOUR ( '', #2974 ) ;
#1278 = LINE ( 'NONE', #1312, #1534 ) ;
#1279 = VECTOR ( 'NONE', #197, 1000.000000000000000 ) ;
#1280 = EDGE_LOOP ( 'NONE', ( #1825, #2581, #303, #3080 ) ) ;
#1281 = VECTOR ( 'NONE', #2485, 1000.000000000000000 ) ;
#1282 = DIRECTION ( 'NONE',  ( 1.000000000000000000, 0.000000000000000000, -0.000000000000000000 ) ) ;
#1283 = DIRECTION ( 'NONE',  ( -1.000000000000000000, -0.000000000000000000, -0.000000000000000000 ) ) ;
#1284 = EDGE_CURVE ( 'NONE', #133, #938, #705, .T. ) ;
#1285 = PLANE ( 'NONE',  #3018 ) ;
#1286 = PLANE ( 'NONE',  #3178 ) ;
#1287 = EDGE_CURVE ( 'NONE', #813, #1120, #884, .T. ) ;
#1288 = ORIENTED_EDGE ( 'NONE', *, *, #2029, .T. ) ;
#1289 = PRESENTATION_LAYER_ASSIGNMENT (  '', '', ( #1812 ) ) ;
#1290 =( GEOMETRIC_REPRESENTATION_CONTEXT ( 3 ) GLOBAL_UNCERTAINTY_ASSIGNED_CONTEXT ( ( #481 ) ) GLOBAL_UNIT_ASSIGNED_CONTEXT ( ( #2454, #2926, #1197 ) ) REPRESENTATION_CONTEXT ( 'NONE', 'WORKASPACE' ) );
#1291 = AXIS2_PLACEMENT_3D ( 'NONE', #1564, #523, #1305 ) ;
#1292 = LINE ( 'NONE', #3060, #2125 ) ;
#1293 = EDGE_CURVE ( 'NONE', #1810, #2977, #2187, .T. ) ;
#1294 = UNCERTAINTY_MEASURE_WITH_UNIT (LENGTH_MEASURE( 1.000000000000000082E-05 ), #345, 'distance_accuracy_value', 'NONE');
#1295 = COLOUR_RGB ( '',0.6666666666666666297, 0.6980392156862744724, 0.7686274509803920907 ) ;
#1296 = ADVANCED_FACE ( 'NONE', ( #1417 ), #934, .T. ) ;
#1297 = VERTEX_POINT ( 'NONE', #239 ) ;
#1298 = CARTESIAN_POINT ( 'NONE',  ( -0.4949999999999992184, 1.100000000000000089, -1.300000000000000044 ) ) ;
#1299 = CARTESIAN_POINT ( 'NONE',  ( -0.1549999999999961964, 1.100000000000000089, -2.100641709190617263E-16 ) ) ;
#1300 = CARTESIAN_POINT ( 'NONE',  ( 0.000000000000000000, 1.100000000000000089, -1.300000000000000044 ) ) ;
#1301 = ADVANCED_FACE ( 'NONE', ( #2766 ), #2492, .T. ) ;
#1302 = MECHANICAL_DESIGN_GEOMETRIC_PRESENTATION_REPRESENTATION (  '', ( #1617 ), #2152 ) ;
#1303 = ORIENTED_EDGE ( 'NONE', *, *, #2980, .F. ) ;
#1304 = ORIENTED_EDGE ( 'NONE', *, *, #2876, .T. ) ;
#1305 = DIRECTION ( 'NONE',  ( -1.000000000000000000, 0.000000000000000000, 6.377659838150027707E-16 ) ) ;
#1306 = CARTESIAN_POINT ( 'NONE',  ( -0.4949999999999988853, 0.9000000000000001332, 1.700000000000000178 ) ) ;
#1307 = VECTOR ( 'NONE', #1360, 1000.000000000000000 ) ;
#1308 = VERTEX_POINT ( 'NONE', #1033 ) ;
#1309 = SURFACE_STYLE_FILL_AREA ( #2770 ) ;
#1310 = APPLICATION_PROTOCOL_DEFINITION ( 'draft international standard', 'automotive_design', 1998, #2890 ) ;
#1311 =( NAMED_UNIT ( * ) SI_UNIT ( $, .STERADIAN. ) SOLID_ANGLE_UNIT ( ) );
#1312 = CARTESIAN_POINT ( 'NONE',  ( -0.4949999999999993294, 0.9000000000000001332, -1.699999999999999734 ) ) ;
#1313 = DIRECTION ( 'NONE',  ( 1.000000000000000000, -0.000000000000000000, 0.000000000000000000 ) ) ;
#1314 = ORIENTED_EDGE ( 'NONE', *, *, #225, .F. ) ;
#1315 = DIRECTION ( 'NONE',  ( -1.000000000000000000, 0.000000000000000000, -1.084202172485506406E-15 ) ) ;
#1316 = ORIENTED_EDGE ( 'NONE', *, *, #2077, .T. ) ;
#1317 = DIRECTION ( 'NONE',  ( 1.355252715606882909E-15, 0.000000000000000000, -1.000000000000000000 ) ) ;
#1318 = ORIENTED_EDGE ( 'NONE', *, *, #727, .T. ) ;
#1319 = VECTOR ( 'NONE', #1161, 1000.000000000000000 ) ;
#1320 = CARTESIAN_POINT ( 'NONE',  ( 1.144999999999999574, 0.9000000000000001332, 0.5099999999999998979 ) ) ;
#1321 = FACE_OUTER_BOUND ( 'NONE', #892, .T. ) ;
#1322 = ORIENTED_EDGE ( 'NONE', *, *, #1503, .F. ) ;
#1323 = EDGE_CURVE ( 'NONE', #358, #1563, #2508, .T. ) ;
#1324 = SURFACE_SIDE_STYLE ('',( #2822 ) ) ;
#1325 = VECTOR ( 'NONE', #889, 1000.000000000000000 ) ;
#1326 = ORIENTED_EDGE ( 'NONE', *, *, #3132, .F. ) ;
#1327 = FACE_OUTER_BOUND ( 'NONE', #412, .T. ) ;
#1328 = DIRECTION ( 'NONE',  ( 2.710505431213763057E-16, 0.000000000000000000, 1.000000000000000000 ) ) ;
#1329 = SURFACE_SIDE_STYLE ('',( #859 ) ) ;
#1330 = PRESENTATION_LAYER_ASSIGNMENT (  '', '', ( #2548 ) ) ;
#1331 = PLANE ( 'NONE',  #1125 ) ;
#1332 = ORIENTED_EDGE ( 'NONE', *, *, #1538, .F. ) ;
#1333 = CARTESIAN_POINT ( 'NONE',  ( -1.144999999999999130, 0.9000000000000001332, 0.5100000000000002309 ) ) ;
#1334 = PRESENTATION_STYLE_ASSIGNMENT (( #2387 ) ) ;
#1335 = ORIENTED_EDGE ( 'NONE', *, *, #1065, .F. ) ;
#1336 = EDGE_CURVE ( 'NONE', #2670, #971, #3016, .T. ) ;
#1337 =( NAMED_UNIT ( * ) SI_UNIT ( $, .STERADIAN. ) SOLID_ANGLE_UNIT ( ) );
#1338 =( NAMED_UNIT ( * ) SI_UNIT ( $, .STERADIAN. ) SOLID_ANGLE_UNIT ( ) );
#1339 = CARTESIAN_POINT ( 'NONE',  ( 0.4949999999999988853, 0.9000000000000001332, -1.300000000000000044 ) ) ;
#1340 = FACE_OUTER_BOUND ( 'NONE', #167, .T. ) ;
#1341 = ORIENTED_EDGE ( 'NONE', *, *, #1490, .T. ) ;
#1342 = CARTESIAN_POINT ( 'NONE',  ( 1.365560926821136389, 0.01000000000000000021, 1.334740975347745273 ) ) ;
#1343 = AXIS2_PLACEMENT_3D ( 'NONE', #267, #2271, #1236 ) ;
#1344 =( GEOMETRIC_REPRESENTATION_CONTEXT ( 3 ) GLOBAL_UNCERTAINTY_ASSIGNED_CONTEXT ( ( #1202 ) ) GLOBAL_UNIT_ASSIGNED_CONTEXT ( ( #1683, #2929, #2709 ) ) REPRESENTATION_CONTEXT ( 'NONE', 'WORKASPACE' ) );
#1345 = ORIENTED_EDGE ( 'NONE', *, *, #427, .F. ) ;
#1346 = ORIENTED_EDGE ( 'NONE', *, *, #3161, .T. ) ;
#1347 = DIRECTION ( 'NONE',  ( -0.000000000000000000, -1.000000000000000000, -0.000000000000000000 ) ) ;
#1348 = SURFACE_STYLE_USAGE ( .BOTH. , #2272 ) ;
#1349 =( NAMED_UNIT ( * ) PLANE_ANGLE_UNIT ( ) SI_UNIT ( $, .RADIAN. ) );
#1350 = CARTESIAN_POINT ( 'NONE',  ( -0.8049999999999962741, 0.9000000000000001332, 1.309174123276242068E-15 ) ) ;
#1351 = ORIENTED_EDGE ( 'NONE', *, *, #1185, .T. ) ;
#1352 = ORIENTED_EDGE ( 'NONE', *, *, #2605, .T. ) ;
#1353 = STYLED_ITEM ( 'NONE', ( #3187 ), #531 ) ;
#1354 = DIRECTION ( 'NONE',  ( 2.168404344971011629E-15, 0.000000000000000000, -1.000000000000000000 ) ) ;
#1355 = ORIENTED_EDGE ( 'NONE', *, *, #2402, .F. ) ;
#1356 = CARTESIAN_POINT ( 'NONE',  ( -0.8049999999999990496, 1.100000000000000089, 1.700000000000000178 ) ) ;
#1357 = VECTOR ( 'NONE', #1192, 1000.000000000000000 ) ;
#1358 = EDGE_CURVE ( 'NONE', #3138, #1366, #3006, .T. ) ;
#1359 = COLOUR_RGB ( '',0.6666666666666666297, 0.6980392156862744724, 0.7686274509803920907 ) ;
#1360 = DIRECTION ( 'NONE',  ( -0.000000000000000000, 1.000000000000000000, -0.000000000000000000 ) ) ;
#1361 = CARTESIAN_POINT ( 'NONE',  ( -0.1550000000000002487, 0.9000000000000001332, -8.402566836762679085E-17 ) ) ;
#1362 = UNCERTAINTY_MEASURE_WITH_UNIT (LENGTH_MEASURE( 1.000000000000000082E-05 ), #1910, 'distance_accuracy_value', 'NONE');
#1363 = LINE ( 'NONE', #1152, #388 ) ;
#1364 = FILL_AREA_STYLE_COLOUR ( '', #1596 ) ;
#1365 = VERTEX_POINT ( 'NONE', #485 ) ;
#1366 = VERTEX_POINT ( 'NONE', #1269 ) ;
#1367 = DIRECTION ( 'NONE',  ( -2.710505431213763057E-16, 0.000000000000000000, -1.000000000000000000 ) ) ;
#1368 = FILL_AREA_STYLE ('',( #3096 ) ) ;
#1369 = VERTEX_POINT ( 'NONE', #18 ) ;
#1370 = ORIENTED_EDGE ( 'NONE', *, *, #689, .T. ) ;
#1371 = LINE ( 'NONE', #2918, #208 ) ;
#1372 = CARTESIAN_POINT ( 'NONE',  ( 0.8050000000000011591, 1.100000000000000089, 1.500000000000000000 ) ) ;
#1373 = ORIENTED_EDGE ( 'NONE', *, *, #2695, .F. ) ;
#1374 = STYLED_ITEM ( 'NONE', ( #2710 ), #1440 ) ;
#1375 = CARTESIAN_POINT ( 'NONE',  ( 0.000000000000000000, 1.100000000000000089, -1.300000000000000044 ) ) ;
#1376 = AXIS2_PLACEMENT_3D ( 'NONE', #2945, #25, #1746 ) ;
#1377 =( NAMED_UNIT ( * ) PLANE_ANGLE_UNIT ( ) SI_UNIT ( $, .RADIAN. ) );
#1378 = CARTESIAN_POINT ( 'NONE',  ( 0.4950000000000012168, 0.9000000000000001332, 5.366800753803269628E-16 ) ) ;
#1379 = PRODUCT_DEFINITION_SHAPE ( 'NONE', 'NONE',  #1800 ) ;
#1380 =( GEOMETRIC_REPRESENTATION_CONTEXT ( 3 ) GLOBAL_UNCERTAINTY_ASSIGNED_CONTEXT ( ( #1660 ) ) GLOBAL_UNIT_ASSIGNED_CONTEXT ( ( #2771, #2759, #530 ) ) REPRESENTATION_CONTEXT ( 'NONE', 'WORKASPACE' ) );
#1381 = ORIENTED_EDGE ( 'NONE', *, *, #302, .F. ) ;
#1382 = VERTEX_POINT ( 'NONE', #2285 ) ;
#1383 = DIRECTION ( 'NONE',  ( -0.000000000000000000, -1.000000000000000000, -0.000000000000000000 ) ) ;
#1384 = SURFACE_STYLE_USAGE ( .BOTH. , #165 ) ;
#1385 = PRESENTATION_LAYER_ASSIGNMENT (  '', '', ( #662 ) ) ;
#1386 = ADVANCED_FACE ( 'NONE', ( #769 ), #2256, .F. ) ;
#1387 = EDGE_CURVE ( 'NONE', #2315, #1607, #1208, .T. ) ;
#1388 = EDGE_LOOP ( 'NONE', ( #2375, #332, #607, #235 ) ) ;
#1389 = PRESENTATION_STYLE_ASSIGNMENT (( #392 ) ) ;
#1390 = EDGE_LOOP ( 'NONE', ( #1071, #2151, #79, #1274 ) ) ;
#1391 = DIRECTION ( 'NONE',  ( -1.000000000000000000, 0.000000000000000000, -1.084202172485505223E-15 ) ) ;
#1392 = VERTEX_POINT ( 'NONE', #2219 ) ;
#1393 = LINE ( 'NONE', #1940, #3154 ) ;
#1394 = LINE ( 'NONE', #2908, #2556 ) ;
#1395 = SURFACE_STYLE_FILL_AREA ( #2473 ) ;
#1396 = DIRECTION ( 'NONE',  ( -2.710505431213768974E-15, 0.000000000000000000, -1.000000000000000000 ) ) ;
#1397 = PLANE ( 'NONE',  #189 ) ;
#1398 = VECTOR ( 'NONE', #609, 1000.000000000000000 ) ;
#1399 = EDGE_CURVE ( 'NONE', #1590, #2322, #2739, .T. ) ;
#1400 = ORIENTED_EDGE ( 'NONE', *, *, #2596, .T. ) ;
#1401 = EDGE_CURVE ( 'NONE', #2747, #3005, #1256, .T. ) ;
#1402 = SURFACE_STYLE_FILL_AREA ( #1600 ) ;
#1403 = PLANE ( 'NONE',  #12 ) ;
#1404 = VECTOR ( 'NONE', #1328, 1000.000000000000000 ) ;
#1405 = COLOUR_RGB ( '',0.7921568627450980005, 0.8196078431372548767, 0.9333333333333333481 ) ;
#1406 = VERTEX_POINT ( 'NONE', #1964 ) ;
#1407 = FACE_OUTER_BOUND ( 'NONE', #2340, .T. ) ;
#1408 = EDGE_LOOP ( 'NONE', ( #3077, #2437, #863, #1204 ) ) ;
#1409 = VECTOR ( 'NONE', #1014, 1000.000000000000000 ) ;
#1410 = DIRECTION ( 'NONE',  ( 0.000000000000000000, 1.000000000000000000, -0.000000000000000000 ) ) ;
#1411 = VERTEX_POINT ( 'NONE', #724 ) ;
#1412 = PLANE ( 'NONE',  #2144 ) ;
#1413 = CARTESIAN_POINT ( 'NONE',  ( 0.000000000000000000, 0.9000000000000001332, 1.700000000000000178 ) ) ;
#1414 = PRESENTATION_LAYER_ASSIGNMENT (  '', '', ( #2047 ) ) ;
#1415 = CARTESIAN_POINT ( 'NONE',  ( 0.1549999999999993328, 0.9000000000000001332, -1.699999999999999734 ) ) ;
#1416 = FILL_AREA_STYLE_COLOUR ( '', #204 ) ;
#1417 = FACE_OUTER_BOUND ( 'NONE', #2824, .T. ) ;
#1418 = EDGE_LOOP ( 'NONE', ( #1210, #875, #1777, #207, #1559, #2573, #694, #178, #1879, #2002, #453, #1018 ) ) ;
#1419 =( NAMED_UNIT ( * ) PLANE_ANGLE_UNIT ( ) SI_UNIT ( $, .RADIAN. ) );
#1420 = ORIENTED_EDGE ( 'NONE', *, *, #35, .F. ) ;
#1421 = LINE ( 'NONE', #1658, #2487 ) ;
#1422 = LINE ( 'NONE', #635, #1848 ) ;
#1423 =( LENGTH_UNIT ( ) NAMED_UNIT ( * ) SI_UNIT ( .MILLI., .METRE. ) );
#1424 =( GEOMETRIC_REPRESENTATION_CONTEXT ( 3 ) GLOBAL_UNCERTAINTY_ASSIGNED_CONTEXT ( ( #2823 ) ) GLOBAL_UNIT_ASSIGNED_CONTEXT ( ( #329, #1349, #3091 ) ) REPRESENTATION_CONTEXT ( 'NONE', 'WORKASPACE' ) );
#1425 = EDGE_CURVE ( 'NONE', #313, #358, #2009, .T. ) ;
#1426 = CARTESIAN_POINT ( 'NONE',  ( 0.000000000000000000, 1.100000000000000089, 1.699999999999999512 ) ) ;
#1427 = CARTESIAN_POINT ( 'NONE',  ( -1.699999999999999734, 1.100000000000000089, 1.700000000000000178 ) ) ;
#1428 = UNCERTAINTY_MEASURE_WITH_UNIT (LENGTH_MEASURE( 1.000000000000000082E-05 ), #462, 'distance_accuracy_value', 'NONE');
#1429 = VECTOR ( 'NONE', #989, 1000.000000000000000 ) ;
#1430 = CARTESIAN_POINT ( 'NONE',  ( 0.000000000000000000, 1.100000000000000089, 1.699999999999999734 ) ) ;
#1431 = CARTESIAN_POINT ( 'NONE',  ( 0.1549999999999997768, 0.9000000000000001332, -4.201283418381326600E-17 ) ) ;
#1432 = PRESENTATION_STYLE_ASSIGNMENT (( #1384 ) ) ;
#1433 = STYLED_ITEM ( 'NONE', ( #1100 ), #3024 ) ;
#1434 = MECHANICAL_DESIGN_GEOMETRIC_PRESENTATION_REPRESENTATION (  '', ( #1854 ), #1380 ) ;
#1435 = EDGE_LOOP ( 'NONE', ( #1188, #758, #1989, #3112 ) ) ;
#1436 = ORIENTED_EDGE ( 'NONE', *, *, #2240, .F. ) ;
#1437 = CARTESIAN_POINT ( 'NONE',  ( -0.8050000000000000488, 0.9000000000000001332, 4.363913744254161263E-16 ) ) ;
#1438 = DIRECTION ( 'NONE',  ( 1.000000000000000000, -0.000000000000000000, 0.000000000000000000 ) ) ;
#1439 = VECTOR ( 'NONE', #1438, 1000.000000000000000 ) ;
#1440 = ADVANCED_FACE ( 'NONE', ( #995 ), #32, .F. ) ;
#1441 = VECTOR ( 'NONE', #775, 1000.000000000000000 ) ;
#1442 = ORIENTED_EDGE ( 'NONE', *, *, #847, .T. ) ;
#1443 = ADVANCED_FACE ( 'NONE', ( #2780 ), #2302, .T. ) ;
#1444 = LINE ( 'NONE', #2749, #1069 ) ;
#1445 = CARTESIAN_POINT ( 'NONE',  ( 0.4949999999999993294, 1.100000000000000089, 1.700000000000000178 ) ) ;
#1446 =( NAMED_UNIT ( * ) PLANE_ANGLE_UNIT ( ) SI_UNIT ( $, .RADIAN. ) );
#1447 = PRESENTATION_STYLE_ASSIGNMENT (( #478 ) ) ;
#1448 =( NAMED_UNIT ( * ) PLANE_ANGLE_UNIT ( ) SI_UNIT ( $, .RADIAN. ) );
#1449 = LINE ( 'NONE', #2460, #1040 ) ;
#1450 = DIRECTION ( 'NONE',  ( 2.710505431213764536E-16, 0.000000000000000000, 1.000000000000000000 ) ) ;
#1451 =( NAMED_UNIT ( * ) PLANE_ANGLE_UNIT ( ) SI_UNIT ( $, .RADIAN. ) );
#1452 = PRESENTATION_LAYER_ASSIGNMENT (  '', '', ( #880 ) ) ;
#1453 = ORIENTED_EDGE ( 'NONE', *, *, #468, .T. ) ;
#1454 = COLOUR_RGB ( '',0.2980392156862745057, 0.2980392156862745057, 0.2980392156862745057 ) ;
#1455 = ORIENTED_EDGE ( 'NONE', *, *, #1200, .F. ) ;
#1456 = FILL_AREA_STYLE ('',( #2191 ) ) ;
#1457 = DIRECTION ( 'NONE',  ( -1.000000000000000000, -0.000000000000000000, -0.000000000000000000 ) ) ;
#1458 = ORIENTED_EDGE ( 'NONE', *, *, #2651, .T. ) ;
#1459 = CARTESIAN_POINT ( 'NONE',  ( -0.8049999999999992717, 0.9000000000000001332, 1.300000000000000044 ) ) ;
#1460 = CARTESIAN_POINT ( 'NONE',  ( 0.000000000000000000, 1.100000000000000089, -1.300000000000000044 ) ) ;
#1461 = FACE_OUTER_BOUND ( 'NONE', #845, .T. ) ;
#1462 = FACE_OUTER_BOUND ( 'NONE', #1143, .T. ) ;
#1463 = DIRECTION ( 'NONE',  ( 0.000000000000000000, 1.000000000000000000, 0.000000000000000000 ) ) ;
#1464 = DIRECTION ( 'NONE',  ( 0.000000000000000000, -0.000000000000000000, 1.000000000000000000 ) ) ;
#1465 = UNCERTAINTY_MEASURE_WITH_UNIT (LENGTH_MEASURE( 1.000000000000000082E-05 ), #549, 'distance_accuracy_value', 'NONE');
#1466 = MECHANICAL_DESIGN_GEOMETRIC_PRESENTATION_REPRESENTATION (  '', ( #1781 ), #639 ) ;
#1467 = ORIENTED_EDGE ( 'NONE', *, *, #2726, .F. ) ;
#1468 = FILL_AREA_STYLE ('',( #2665 ) ) ;
#1469 = SURFACE_STYLE_USAGE ( .BOTH. , #2506 ) ;
#1470 = FILL_AREA_STYLE_COLOUR ( '', #1084 ) ;
#1471 = CARTESIAN_POINT ( 'NONE',  ( -0.1549999999999985001, 1.100000000000000089, 1.699999999999999734 ) ) ;
#1472 = STYLED_ITEM ( 'NONE', ( #1601 ), #1201 ) ;
#1473 = VERTEX_POINT ( 'NONE', #2045 ) ;
#1474 = EDGE_CURVE ( 'NONE', #938, #2007, #3035, .T. ) ;
#1475 = DIRECTION ( 'NONE',  ( 1.000000000000000000, -0.000000000000000000, 0.000000000000000000 ) ) ;
#1476 = ORIENTED_EDGE ( 'NONE', *, *, #3025, .F. ) ;
#1477 = CARTESIAN_POINT ( 'NONE',  ( -0.8049999999999990496, 0.9000000000000001332, -1.699999999999999734 ) ) ;
#1478 = DIRECTION ( 'NONE',  ( 0.000000000000000000, 0.000000000000000000, 1.000000000000000000 ) ) ;
#1479 = VECTOR ( 'NONE', #1612, 1000.000000000000000 ) ;
#1480 = ADVANCED_FACE ( 'NONE', ( #1809 ), #551, .F. ) ;
#1481 = ORIENTED_EDGE ( 'NONE', *, *, #1889, .T. ) ;
#1482 = FILL_AREA_STYLE ('',( #483 ) ) ;
#1483 = DIRECTION ( 'NONE',  ( 1.000000000000000000, 0.000000000000000000, -0.000000000000000000 ) ) ;
#1484 = CARTESIAN_POINT ( 'NONE',  ( 0.1549999999999972233, 0.9000000000000001332, -1.890577538271568035E-16 ) ) ;
#1485 = VECTOR ( 'NONE', #2927, 1000.000000000000000 ) ;
#1486 = STYLED_ITEM ( 'NONE', ( #1938 ), #2298 ) ;
#1487 = ORIENTED_EDGE ( 'NONE', *, *, #2852, .T. ) ;
#1488 = CARTESIAN_POINT ( 'NONE',  ( -0.4949999999999993294, 0.9000000000000001332, -1.699999999999999512 ) ) ;
#1489 = LINE ( 'NONE', #2992, #1174 ) ;
#1490 = EDGE_CURVE ( 'NONE', #2532, #2797, #3064, .T. ) ;
#1491 = ADVANCED_FACE ( 'NONE', ( #67 ), #298, .F. ) ;
#1492 = ORIENTED_EDGE ( 'NONE', *, *, #1401, .F. ) ;
#1493 =( GEOMETRIC_REPRESENTATION_CONTEXT ( 3 ) GLOBAL_UNCERTAINTY_ASSIGNED_CONTEXT ( ( #1362 ) ) GLOBAL_UNIT_ASSIGNED_CONTEXT ( ( #1910, #1448, #1682 ) ) REPRESENTATION_CONTEXT ( 'NONE', 'WORKASPACE' ) );
#1494 = FACE_OUTER_BOUND ( 'NONE', #568, .T. ) ;
#1495 = CARTESIAN_POINT ( 'NONE',  ( 0.000000000000000000, 0.9000000000000001332, -1.300000000000000044 ) ) ;
#1496 = VECTOR ( 'NONE', #1558, 1000.000000000000000 ) ;
#1497 = SURFACE_STYLE_FILL_AREA ( #2005 ) ;
#1498 = FILL_AREA_STYLE ('',( #1277 ) ) ;
#1499 = FILL_AREA_STYLE ('',( #2022 ) ) ;
#1500 = LINE ( 'NONE', #740, #710 ) ;
#1501 = VERTEX_POINT ( 'NONE', #2059 ) ;
#1502 = FACE_OUTER_BOUND ( 'NONE', #1103, .T. ) ;
#1503 = EDGE_CURVE ( 'NONE', #2986, #978, #2102, .T. ) ;
#1504 = EDGE_CURVE ( 'NONE', #2953, #1225, #911, .T. ) ;
#1505 = DIRECTION ( 'NONE',  ( -0.000000000000000000, 1.000000000000000000, -0.000000000000000000 ) ) ;
#1506 = CARTESIAN_POINT ( 'NONE',  ( 0.4949999999999993294, 1.100000000000000089, 1.699999999999999734 ) ) ;
#1507 = MECHANICAL_DESIGN_GEOMETRIC_PRESENTATION_REPRESENTATION (  '', ( #935 ), #1344 ) ;
#1508 = ORIENTED_EDGE ( 'NONE', *, *, #2224, .F. ) ;
#1509 = DIRECTION ( 'NONE',  ( -0.000000000000000000, 1.000000000000000000, -0.000000000000000000 ) ) ;
#1510 = COLOUR_RGB ( '',0.6666666666666666297, 0.6980392156862744724, 0.7686274509803920907 ) ;
#1511 = LINE ( 'NONE', #2499, #2685 ) ;
#1512 = MECHANICAL_DESIGN_GEOMETRIC_PRESENTATION_REPRESENTATION (  '', ( #300 ), #2037 ) ;
#1513 = VECTOR ( 'NONE', #3201, 1000.000000000000000 ) ;
#1514 = LINE ( 'NONE', #1199, #1904 ) ;
#1515 = FACE_OUTER_BOUND ( 'NONE', #1435, .T. ) ;
#1516 = VERTEX_POINT ( 'NONE', #2861 ) ;
#1517 = DIRECTION ( 'NONE',  ( -1.084202172485505223E-15, 0.000000000000000000, 1.000000000000000000 ) ) ;
#1518 = SURFACE_SIDE_STYLE ('',( #963 ) ) ;
#1519 = PRESENTATION_LAYER_ASSIGNMENT (  '', '', ( #416 ) ) ;
#1520 = LINE ( 'NONE', #538, #563 ) ;
#1521 = ORIENTED_EDGE ( 'NONE', *, *, #1200, .T. ) ;
#1522 = FILL_AREA_STYLE ('',( #2484 ) ) ;
#1523 = APPLICATION_PROTOCOL_DEFINITION ( 'draft international standard', 'automotive_design', 1998, #3 ) ;
#1524 = FILL_AREA_STYLE_COLOUR ( '', #1405 ) ;
#1525 = CARTESIAN_POINT ( 'NONE',  ( 0.000000000000000000, 0.9000000000000001332, 1.700000000000000178 ) ) ;
#1526 = CARTESIAN_POINT ( 'NONE',  ( -1.700000000000000178, 1.100000000000000089, -1.699999999999999734 ) ) ;
#1527 = EDGE_CURVE ( 'NONE', #3067, #441, #897, .T. ) ;
#1528 = ADVANCED_FACE ( 'NONE', ( #3172 ), #700, .T. ) ;
#1529 = ORIENTED_EDGE ( 'NONE', *, *, #311, .T. ) ;
#1530 = LINE ( 'NONE', #1838, #1981 ) ;
#1531 = CARTESIAN_POINT ( 'NONE',  ( 0.4950000000000012168, 0.9000000000000001332, 5.366800753803269628E-16 ) ) ;
#1532 = CARTESIAN_POINT ( 'NONE',  ( 1.699999999999999734, 0.000000000000000000, -1.699999999999999734 ) ) ;
#1533 =( LENGTH_UNIT ( ) NAMED_UNIT ( * ) SI_UNIT ( .MILLI., .METRE. ) );
#1534 = VECTOR ( 'NONE', #600, 1000.000000000000000 ) ;
#1535 = VERTEX_POINT ( 'NONE', #2133 ) ;
#1536 = VECTOR ( 'NONE', #948, 1000.000000000000000 ) ;
#1537 = AXIS2_PLACEMENT_3D ( 'NONE', #493, #1248, #2960 ) ;
#1538 = EDGE_CURVE ( 'NONE', #2899, #3062, #944, .T. ) ;
#1539 = EDGE_CURVE ( 'NONE', #2306, #3204, #2443, .T. ) ;
#1540 = DIRECTION ( 'NONE',  ( 1.000000000000000000, 0.000000000000000000, 0.000000000000000000 ) ) ;
#1541 =( NAMED_UNIT ( * ) SI_UNIT ( $, .STERADIAN. ) SOLID_ANGLE_UNIT ( ) );
#1542 = CARTESIAN_POINT ( 'NONE',  ( 0.4949999999999995515, 1.100000000000000089, 1.500000000000000000 ) ) ;
#1543 = PLANE ( 'NONE',  #3107 ) ;
#1544 = AXIS2_PLACEMENT_3D ( 'NONE', #179, #2956, #2496 ) ;
#1545 = EDGE_CURVE ( 'NONE', #2900, #954, #363, .T. ) ;
#1546 = VERTEX_POINT ( 'NONE', #670 ) ;
#1547 = AXIS2_PLACEMENT_3D ( 'NONE', #156, #3152, #2885 ) ;
#1548 =( NAMED_UNIT ( * ) PLANE_ANGLE_UNIT ( ) SI_UNIT ( $, .RADIAN. ) );
#1549 = CARTESIAN_POINT ( 'NONE',  ( 0.8050000000000004929, 1.100000000000000089, -1.300000000000000044 ) ) ;
#1550 = CARTESIAN_POINT ( 'NONE',  ( 0.1549999999999990830, 0.9000000000000001332, 1.500000000000000000 ) ) ;
#1551 = LINE ( 'NONE', #1306, #2867 ) ;
#1552 = ORIENTED_EDGE ( 'NONE', *, *, #1336, .F. ) ;
#1553 = PRESENTATION_LAYER_ASSIGNMENT (  '', '', ( #515 ) ) ;
#1554 = DIRECTION ( 'NONE',  ( 1.000000000000000000, 0.000000000000000000, -6.377659838150026720E-16 ) ) ;
#1555 = STYLED_ITEM ( 'NONE', ( #1975 ), #848 ) ;
#1556 = VECTOR ( 'NONE', #2238, 1000.000000000000000 ) ;
#1557 = DIRECTION ( 'NONE',  ( 0.000000000000000000, 1.000000000000000000, -0.000000000000000000 ) ) ;
#1558 = DIRECTION ( 'NONE',  ( -1.000000000000000000, 0.000000000000000000, 6.377659838150025734E-16 ) ) ;
#1559 = ORIENTED_EDGE ( 'NONE', *, *, #2755, .T. ) ;
#1560 = DIRECTION ( 'NONE',  ( 5.421010862427529073E-16, 0.000000000000000000, 1.000000000000000000 ) ) ;
#1561 = VECTOR ( 'NONE', #3109, 1000.000000000000000 ) ;
#1562 = EDGE_LOOP ( 'NONE', ( #1316, #2497, #151, #2799 ) ) ;
#1563 = VERTEX_POINT ( 'NONE', #430 ) ;
#1564 = CARTESIAN_POINT ( 'NONE',  ( 1.084202172485504434E-15, 1.100000000000000089, 1.699999999999999734 ) ) ;
#1565 = AXIS2_PLACEMENT_3D ( 'NONE', #305, #3059, #1554 ) ;
#1566 = EDGE_CURVE ( 'NONE', #2797, #2954, #1663, .T. ) ;
#1567 = ORIENTED_EDGE ( 'NONE', *, *, #2380, .T. ) ;
#1568 =( NAMED_UNIT ( * ) SI_UNIT ( $, .STERADIAN. ) SOLID_ANGLE_UNIT ( ) );
#1569 = ORIENTED_EDGE ( 'NONE', *, *, #47, .F. ) ;
#1570 =( GEOMETRIC_REPRESENTATION_CONTEXT ( 3 ) GLOBAL_UNCERTAINTY_ASSIGNED_CONTEXT ( ( #1853 ) ) GLOBAL_UNIT_ASSIGNED_CONTEXT ( ( #2898, #1451, #1897 ) ) REPRESENTATION_CONTEXT ( 'NONE', 'WORKASPACE' ) );
#1571 = DIRECTION ( 'NONE',  ( 1.000000000000000000, 0.000000000000000000, -1.219727444046194658E-15 ) ) ;
#1572 = DIRECTION ( 'NONE',  ( 0.000000000000000000, 0.000000000000000000, -1.000000000000000000 ) ) ;
#1573 = VERTEX_POINT ( 'NONE', #637 ) ;
#1574 = CARTESIAN_POINT ( 'NONE',  ( -0.4949999999999992184, 0.9000000000000001332, -1.300000000000000044 ) ) ;
#1575 = ORIENTED_EDGE ( 'NONE', *, *, #2337, .T. ) ;
#1576 = CARTESIAN_POINT ( 'NONE',  ( 1.144999999999999796, 0.9000000000000001332, 4.115176201643876809E-16 ) ) ;
#1577 = DIRECTION ( 'NONE',  ( 1.626303258728258820E-15, 0.000000000000000000, 1.000000000000000000 ) ) ;
#1578 = EDGE_CURVE ( 'NONE', #2986, #80, #1363, .T. ) ;
#1579 = EDGE_LOOP ( 'NONE', ( #2686, #2140, #2576, #2384 ) ) ;
#1580 = VERTEX_POINT ( 'NONE', #400 ) ;
#1581 =( LENGTH_UNIT ( ) NAMED_UNIT ( * ) SI_UNIT ( .MILLI., .METRE. ) );
#1582 = ORIENTED_EDGE ( 'NONE', *, *, #203, .F. ) ;
#1583 = VECTOR ( 'NONE', #3191, 1000.000000000000000 ) ;
#1584 = DIRECTION ( 'NONE',  ( -0.000000000000000000, -1.000000000000000000, -0.000000000000000000 ) ) ;
#1585 = VECTOR ( 'NONE', #2180, 1000.000000000000000 ) ;
#1586 = EDGE_CURVE ( 'NONE', #1406, #3163, #652, .T. ) ;
#1587 = DIRECTION ( 'NONE',  ( -5.421010862427529073E-16, 0.000000000000000000, -1.000000000000000000 ) ) ;
#1588 = VECTOR ( 'NONE', #1972, 1000.000000000000000 ) ;
#1589 = PLANE ( 'NONE',  #2639 ) ;
#1590 = VERTEX_POINT ( 'NONE', #2411 ) ;
#1591 = DIRECTION ( 'NONE',  ( 2.710505431213763057E-16, 0.000000000000000000, 1.000000000000000000 ) ) ;
#1592 = UNCERTAINTY_MEASURE_WITH_UNIT (LENGTH_MEASURE( 1.000000000000000082E-05 ), #3185, 'distance_accuracy_value', 'NONE');
#1593 = ORIENTED_EDGE ( 'NONE', *, *, #1504, .T. ) ;
#1594 = CARTESIAN_POINT ( 'NONE',  ( 1.700000000000000178, 0.000000000000000000, 1.700000000000000178 ) ) ;
#1595 = SURFACE_STYLE_FILL_AREA ( #2846 ) ;
#1596 = COLOUR_RGB ( '',0.6666666666666666297, 0.6980392156862744724, 0.7686274509803920907 ) ;
#1597 = ORIENTED_EDGE ( 'NONE', *, *, #1685, .F. ) ;
#1598 = PRESENTATION_LAYER_ASSIGNMENT (  '', '', ( #1433 ) ) ;
#1599 = ORIENTED_EDGE ( 'NONE', *, *, #1818, .T. ) ;
#1600 = FILL_AREA_STYLE ('',( #334 ) ) ;
#1601 = PRESENTATION_STYLE_ASSIGNMENT (( #1063 ) ) ;
#1602 = EDGE_CURVE ( 'NONE', #2798, #2193, #161, .T. ) ;
#1603 = VERTEX_POINT ( 'NONE', #414 ) ;
#1604 = LINE ( 'NONE', #1356, #1756 ) ;
#1605 = SURFACE_STYLE_USAGE ( .BOTH. , #3180 ) ;
#1606 = LINE ( 'NONE', #1676, #3048 ) ;
#1607 = VERTEX_POINT ( 'NONE', #3110 ) ;
#1608 = DIRECTION ( 'NONE',  ( 1.000000000000000000, -0.000000000000000000, 0.000000000000000000 ) ) ;
#1609 = VECTOR ( 'NONE', #2217, 1000.000000000000000 ) ;
#1610 = MECHANICAL_DESIGN_GEOMETRIC_PRESENTATION_REPRESENTATION (  '', ( #2145 ), #2458 ) ;
#1611 = DIRECTION ( 'NONE',  ( 0.000000000000000000, 1.000000000000000000, 0.000000000000000000 ) ) ;
#1612 = DIRECTION ( 'NONE',  ( -0.000000000000000000, -1.000000000000000000, -0.000000000000000000 ) ) ;
#1613 = DIRECTION ( 'NONE',  ( 0.000000000000000000, 0.000000000000000000, -1.000000000000000000 ) ) ;
#1614 = ORIENTED_EDGE ( 'NONE', *, *, #2570, .F. ) ;
#1615 = ORIENTED_EDGE ( 'NONE', *, *, #1631, .F. ) ;
#1616 = ORIENTED_EDGE ( 'NONE', *, *, #3003, .F. ) ;
#1617 = STYLED_ITEM ( 'NONE', ( #43 ), #574 ) ;
#1618 = FACE_OUTER_BOUND ( 'NONE', #2025, .T. ) ;
#1619 = EDGE_LOOP ( 'NONE', ( #2113, #1086, #2880, #2748 ) ) ;
#1620 = SURFACE_SIDE_STYLE ('',( #1865 ) ) ;
#1621 = COLOUR_RGB ( '',0.6666666666666666297, 0.6980392156862744724, 0.7686274509803920907 ) ;
#1622 = VECTOR ( 'NONE', #3177, 1000.000000000000000 ) ;
#1623 = LINE ( 'NONE', #2627, #2373 ) ;
#1624 = LINE ( 'NONE', #1361, #914 ) ;
#1625 = ORIENTED_EDGE ( 'NONE', *, *, #1685, .T. ) ;
#1626 = DIRECTION ( 'NONE',  ( 1.000000000000000000, 0.000000000000000000, -0.000000000000000000 ) ) ;
#1627 = CARTESIAN_POINT ( 'NONE',  ( -1.144999999999999796, 1.100000000000000089, -6.207057437479518801E-16 ) ) ;
#1628 = CARTESIAN_POINT ( 'NONE',  ( 0.000000000000000000, 0.9000000000000001332, -1.699999999999999734 ) ) ;
#1629 = LINE ( 'NONE', #2165, #83 ) ;
#1630 = EDGE_CURVE ( 'NONE', #474, #2263, #3124, .T. ) ;
#1631 = EDGE_CURVE ( 'NONE', #2315, #1225, #2629, .T. ) ;
#1632 = ORIENTED_EDGE ( 'NONE', *, *, #688, .F. ) ;
#1633 = ADVANCED_BREP_SHAPE_REPRESENTATION ( 'ISZ24DP10LMATMA1', ( #2734, #558, #531, #655, #283 ), #3149 ) ;
#1634 = ORIENTED_EDGE ( 'NONE', *, *, #689, .F. ) ;
#1635 = LINE ( 'NONE', #435, #2424 ) ;
#1636 = ORIENTED_EDGE ( 'NONE', *, *, #2422, .T. ) ;
#1637 = SURFACE_STYLE_USAGE ( .BOTH. , #2901 ) ;
#1638 = EDGE_CURVE ( 'NONE', #1603, #591, #930, .T. ) ;
#1639 = PLANE ( 'NONE',  #29 ) ;
#1640 = ORIENTED_EDGE ( 'NONE', *, *, #2596, .F. ) ;
#1641 = COLOUR_RGB ( '',0.2980392156862745057, 0.2980392156862745057, 0.2980392156862745057 ) ;
#1642 = LINE ( 'NONE', #2423, #1175 ) ;
#1643 = EDGE_CURVE ( 'NONE', #2418, #3081, #1925, .T. ) ;
#1644 = EDGE_CURVE ( 'NONE', #548, #2007, #2382, .T. ) ;
#1645 = VECTOR ( 'NONE', #1509, 1000.000000000000000 ) ;
#1646 = DIRECTION ( 'NONE',  ( 0.000000000000000000, -0.000000000000000000, 1.000000000000000000 ) ) ;
#1647 = DIRECTION ( 'NONE',  ( 1.000000000000000000, -0.000000000000000000, 0.000000000000000000 ) ) ;
#1648 = DIRECTION ( 'NONE',  ( 0.000000000000000000, 0.000000000000000000, -1.000000000000000000 ) ) ;
#1649 =( GEOMETRIC_REPRESENTATION_CONTEXT ( 3 ) GLOBAL_UNCERTAINTY_ASSIGNED_CONTEXT ( ( #185 ) ) GLOBAL_UNIT_ASSIGNED_CONTEXT ( ( #2401, #2108, #677 ) ) REPRESENTATION_CONTEXT ( 'NONE', 'WORKASPACE' ) );
#1650 = ORIENTED_EDGE ( 'NONE', *, *, #1490, .F. ) ;
#1651 =( NAMED_UNIT ( * ) SI_UNIT ( $, .STERADIAN. ) SOLID_ANGLE_UNIT ( ) );
#1652 = AXIS2_PLACEMENT_3D ( 'NONE', #2592, #557, #2018 ) ;
#1653 = CARTESIAN_POINT ( 'NONE',  ( 1.145000000000000240, 1.100000000000000089, 1.699999999999999512 ) ) ;
#1654 = CARTESIAN_POINT ( 'NONE',  ( 0.000000000000000000, 0.9000000000000001332, -1.300000000000000044 ) ) ;
#1655 = ORIENTED_EDGE ( 'NONE', *, *, #1293, .F. ) ;
#1656 = DIRECTION ( 'NONE',  ( -5.421010862427526114E-16, 0.000000000000000000, 1.000000000000000000 ) ) ;
#1657 = ORIENTED_EDGE ( 'NONE', *, *, #1631, .T. ) ;
#1658 = CARTESIAN_POINT ( 'NONE',  ( 0.000000000000000000, 0.9000000000000001332, -1.699999999999999734 ) ) ;
#1659 = SURFACE_SIDE_STYLE ('',( #893 ) ) ;
#1660 = UNCERTAINTY_MEASURE_WITH_UNIT (LENGTH_MEASURE( 1.000000000000000082E-05 ), #2771, 'distance_accuracy_value', 'NONE');
#1661 = SURFACE_STYLE_USAGE ( .BOTH. , #2162 ) ;
#1662 = LINE ( 'NONE', #2702, #2207 ) ;
#1663 = LINE ( 'NONE', #2893, #1692 ) ;
#1664 = SURFACE_SIDE_STYLE ('',( #1153 ) ) ;
#1665 = STYLED_ITEM ( 'NONE', ( #2567 ), #730 ) ;
#1666 = ORIENTED_EDGE ( 'NONE', *, *, #657, .F. ) ;
#1667 = ORIENTED_EDGE ( 'NONE', *, *, #2515, .T. ) ;
#1668 = CARTESIAN_POINT ( 'NONE',  ( -1.144999999999999130, 1.100000000000000089, 1.700000000000000178 ) ) ;
#1669 = CARTESIAN_POINT ( 'NONE',  ( 0.4949999999999993294, 1.100000000000000089, 1.699999999999999734 ) ) ;
#1670 = AXIS2_PLACEMENT_3D ( 'NONE', #895, #2845, #858 ) ;
#1671 = COLOUR_RGB ( '',0.6666666666666666297, 0.6980392156862744724, 0.7686274509803920907 ) ;
#1672 = ORIENTED_EDGE ( 'NONE', *, *, #2555, .F. ) ;
#1673 = CARTESIAN_POINT ( 'NONE',  ( -0.1549999999999985001, 0.9000000000000001332, 1.700000000000000178 ) ) ;
#1674 = EDGE_CURVE ( 'NONE', #1501, #78, #2674, .T. ) ;
#1675 = EDGE_LOOP ( 'NONE', ( #2864, #2727, #2208, #1270 ) ) ;
#1676 = CARTESIAN_POINT ( 'NONE',  ( 0.000000000000000000, 1.100000000000000089, -1.699999999999999734 ) ) ;
#1677 = VECTOR ( 'NONE', #2259, 1000.000000000000000 ) ;
#1678 = CARTESIAN_POINT ( 'NONE',  ( 1.365560926821136389, 0.01000000000000000021, 1.334740975347745273 ) ) ;
#1679 = AXIS2_PLACEMENT_3D ( 'NONE', #2851, #595, #2119 ) ;
#1680 = FACE_OUTER_BOUND ( 'NONE', #1675, .T. ) ;
#1681 = DIRECTION ( 'NONE',  ( -0.000000000000000000, -1.000000000000000000, -0.000000000000000000 ) ) ;
#1682 =( NAMED_UNIT ( * ) SI_UNIT ( $, .STERADIAN. ) SOLID_ANGLE_UNIT ( ) );
#1683 =( LENGTH_UNIT ( ) NAMED_UNIT ( * ) SI_UNIT ( .MILLI., .METRE. ) );
#1684 = CARTESIAN_POINT ( 'NONE',  ( 0.000000000000000000, 1.100000000000000089, 1.500000000000000000 ) ) ;
#1685 = EDGE_CURVE ( 'NONE', #570, #813, #381, .T. ) ;
#1686 = VERTEX_POINT ( 'NONE', #2984 ) ;
#1687 = ORIENTED_EDGE ( 'NONE', *, *, #1012, .F. ) ;
#1688 = DIRECTION ( 'NONE',  ( -0.000000000000000000, -1.000000000000000000, -0.000000000000000000 ) ) ;
#1689 = ORIENTED_EDGE ( 'NONE', *, *, #2091, .F. ) ;
#1690 = DIRECTION ( 'NONE',  ( -0.000000000000000000, 1.000000000000000000, -0.000000000000000000 ) ) ;
#1691 = DIRECTION ( 'NONE',  ( 0.000000000000000000, 0.000000000000000000, 1.000000000000000000 ) ) ;
#1692 = VECTOR ( 'NONE', #1894, 1000.000000000000000 ) ;
#1693 = CARTESIAN_POINT ( 'NONE',  ( 1.145000000000002016, 1.100000000000000089, 1.100000000000000311 ) ) ;
#1694 = SURFACE_STYLE_USAGE ( .BOTH. , #1664 ) ;
#1695 = AXIS2_PLACEMENT_3D ( 'NONE', #463, #1463, #2474 ) ;
#1696 = CARTESIAN_POINT ( 'NONE',  ( 0.000000000000000000, 1.100000000000000089, 1.500000000000000000 ) ) ;
#1697 = CARTESIAN_POINT ( 'NONE',  ( 0.8050000000000011591, 0.9000000000000001332, 1.500000000000000000 ) ) ;
#1698 = DIRECTION ( 'NONE',  ( 2.710505431213763057E-16, 0.000000000000000000, 1.000000000000000000 ) ) ;
#1699 = DIRECTION ( 'NONE',  ( 1.000000000000000000, 0.000000000000000000, -1.420352191029046022E-16 ) ) ;
#1700 = AXIS2_PLACEMENT_3D ( 'NONE', #2405, #1410, #1892 ) ;
#1701 = STYLED_ITEM ( 'NONE', ( #2341 ), #2324 ) ;
#1702 = EDGE_LOOP ( 'NONE', ( #1917, #1650, #3141, #2917 ) ) ;
#1703 = LINE ( 'NONE', #950, #2106 ) ;
#1704 = LINE ( 'NONE', #222, #186 ) ;
#1705 = EDGE_CURVE ( 'NONE', #645, #94, #2280, .T. ) ;
#1706 = VECTOR ( 'NONE', #2862, 1000.000000000000000 ) ;
#1707 = PRESENTATION_LAYER_ASSIGNMENT (  '', '', ( #2126 ) ) ;
#1708 = ORIENTED_EDGE ( 'NONE', *, *, #1323, .T. ) ;
#1709 = CARTESIAN_POINT ( 'NONE',  ( -0.8049999999999990496, 1.100000000000000089, -1.699999999999999734 ) ) ;
#1710 =( NAMED_UNIT ( * ) SI_UNIT ( $, .STERADIAN. ) SOLID_ANGLE_UNIT ( ) );
#1711 = CARTESIAN_POINT ( 'NONE',  ( 7.243796174248137349E-17, 1.100000000000000089, 0.5100000000000001199 ) ) ;
#1712 =( NAMED_UNIT ( * ) SI_UNIT ( $, .STERADIAN. ) SOLID_ANGLE_UNIT ( ) );
#1713 = EDGE_CURVE ( 'NONE', #1968, #1473, #957, .T. ) ;
#1714 = LINE ( 'NONE', #1430, #1928 ) ;
#1715 = SURFACE_SIDE_STYLE ('',( #2284 ) ) ;
#1716 = PLANE ( 'NONE',  #352 ) ;
#1717 = MECHANICAL_DESIGN_GEOMETRIC_PRESENTATION_REPRESENTATION (  '', ( #1812 ), #3114 ) ;
#1718 = CLOSED_SHELL ( 'NONE', ( #1480, #1230, #952, #2324, #788, #3084 ) ) ;
#1719 = COLOUR_RGB ( '',0.6666666666666666297, 0.6980392156862744724, 0.7686274509803920907 ) ;
#1720 = ORIENTED_EDGE ( 'NONE', *, *, #589, .T. ) ;
#1721 = PRESENTATION_STYLE_ASSIGNMENT (( #2031 ) ) ;
#1722 = CARTESIAN_POINT ( 'NONE',  ( -0.8049999999999990496, 0.9000000000000001332, 1.700000000000000178 ) ) ;
#1723 = STYLED_ITEM ( 'NONE', ( #620 ), #379 ) ;
#1724 = ORIENTED_EDGE ( 'NONE', *, *, #1602, .T. ) ;
#1725 = CARTESIAN_POINT ( 'NONE',  ( 7.243796174248137349E-17, 1.100000000000000089, 0.5100000000000001199 ) ) ;
#1726 = LINE ( 'NONE', #2941, #1441 ) ;
#1727 = FACE_OUTER_BOUND ( 'NONE', #226, .T. ) ;
#1728 = FILL_AREA_STYLE ('',( #24 ) ) ;
#1729 = LINE ( 'NONE', #1693, #2680 ) ;
#1730 = FILL_AREA_STYLE ('',( #218 ) ) ;
#1731 = UNCERTAINTY_MEASURE_WITH_UNIT (LENGTH_MEASURE( 1.000000000000000082E-05 ), #1423, 'distance_accuracy_value', 'NONE');
#1732 = ORIENTED_EDGE ( 'NONE', *, *, #1713, .F. ) ;
#1733 = FACE_OUTER_BOUND ( 'NONE', #2603, .T. ) ;
#1734 = CARTESIAN_POINT ( 'NONE',  ( -1.144999999999999130, 0.9000000000000001332, 1.300000000000000044 ) ) ;
#1735 =( NAMED_UNIT ( * ) SI_UNIT ( $, .STERADIAN. ) SOLID_ANGLE_UNIT ( ) );
#1736 = VECTOR ( 'NONE', #626, 1000.000000000000000 ) ;
#1737 = EDGE_CURVE ( 'NONE', #1885, #3135, #1729, .T. ) ;
#1738 = VERTEX_POINT ( 'NONE', #3013 ) ;
#1739 =( NAMED_UNIT ( * ) PLANE_ANGLE_UNIT ( ) SI_UNIT ( $, .RADIAN. ) );
#1740 = CARTESIAN_POINT ( 'NONE',  ( -1.699999999999999734, 1.100000000000000089, 1.700000000000000178 ) ) ;
#1741 = ORIENTED_EDGE ( 'NONE', *, *, #2323, .T. ) ;
#1742 = DIRECTION ( 'NONE',  ( 1.000000000000000000, -0.000000000000000000, 0.000000000000000000 ) ) ;
#1743 = FACE_OUTER_BOUND ( 'NONE', #3057, .T. ) ;
#1744 = DIRECTION ( 'NONE',  ( 1.000000000000000000, 0.000000000000000000, 2.168404344971011629E-15 ) ) ;
#1745 = DIRECTION ( 'NONE',  ( 1.000000000000000000, 0.000000000000000000, -2.710505431213764536E-16 ) ) ;
#1746 = DIRECTION ( 'NONE',  ( -5.421010862427529073E-16, 0.000000000000000000, -1.000000000000000000 ) ) ;
#1747 = EDGE_CURVE ( 'NONE', #1095, #437, #1514, .T. ) ;
#1748 = EDGE_CURVE ( 'NONE', #1406, #153, #2719, .T. ) ;
#1749 = ORIENTED_EDGE ( 'NONE', *, *, #1630, .T. ) ;
#1750 = CARTESIAN_POINT ( 'NONE',  ( 1.365560926821136389, 0.01000000000000000021, 1.440020048668496422 ) ) ;
#1751 = LINE ( 'NONE', #799, #2408 ) ;
#1752 = DIRECTION ( 'NONE',  ( 0.000000000000000000, 1.000000000000000000, -0.000000000000000000 ) ) ;
#1753 = VECTOR ( 'NONE', #2884, 1000.000000000000000 ) ;
#1754 = SURFACE_STYLE_USAGE ( .BOTH. , #3211 ) ;
#1755 = DIRECTION ( 'NONE',  ( -0.000000000000000000, 1.000000000000000000, -0.000000000000000000 ) ) ;
#1756 = VECTOR ( 'NONE', #661, 1000.000000000000000 ) ;
#1757 = ORIENTED_EDGE ( 'NONE', *, *, #915, .F. ) ;
#1758 = CARTESIAN_POINT ( 'NONE',  ( -1.700000000000000178, 1.100000000000000089, -1.699999999999999734 ) ) ;
#1759 = DIRECTION ( 'NONE',  ( -0.000000000000000000, 1.000000000000000000, -0.000000000000000000 ) ) ;
#1760 = STYLED_ITEM ( 'NONE', ( #2129 ), #3084 ) ;
#1761 = FILL_AREA_STYLE_COLOUR ( '', #2407 ) ;
#1762 = CARTESIAN_POINT ( 'NONE',  ( 0.000000000000000000, 0.9000000000000001332, 1.699999999999999512 ) ) ;
#1763 = UNCERTAINTY_MEASURE_WITH_UNIT (LENGTH_MEASURE( 1.000000000000000082E-05 ), #22, 'distance_accuracy_value', 'NONE');
#1764 = ORIENTED_EDGE ( 'NONE', *, *, #85, .F. ) ;
#1765 =( NAMED_UNIT ( * ) SI_UNIT ( $, .STERADIAN. ) SOLID_ANGLE_UNIT ( ) );
#1766 = CARTESIAN_POINT ( 'NONE',  ( 0.8050000000000008260, 1.100000000000000089, -2.181956872127082604E-16 ) ) ;
#1767 = CARTESIAN_POINT ( 'NONE',  ( 0.1549999999999993328, 1.100000000000000089, 1.699999999999999734 ) ) ;
#1768 = FILL_AREA_STYLE ('',( #1794 ) ) ;
#1769 =( NAMED_UNIT ( * ) PLANE_ANGLE_UNIT ( ) SI_UNIT ( $, .RADIAN. ) );
#1770 = AXIS2_PLACEMENT_3D ( 'NONE', #1980, #947, #2971 ) ;
#1771 = EDGE_LOOP ( 'NONE', ( #1599, #888, #2844, #881 ) ) ;
#1772 = EDGE_CURVE ( 'NONE', #2517, #1563, #446, .T. ) ;
#1773 = PRESENTATION_LAYER_ASSIGNMENT (  '', '', ( #1555 ) ) ;
#1774 = CARTESIAN_POINT ( 'NONE',  ( 0.000000000000000000, 0.9000000000000001332, 1.500000000000000000 ) ) ;
#1775 = ADVANCED_FACE ( 'NONE', ( #2503 ), #2750, .F. ) ;
#1776 = DIRECTION ( 'NONE',  ( 1.000000000000000000, -0.000000000000000000, 0.000000000000000000 ) ) ;
#1777 = ORIENTED_EDGE ( 'NONE', *, *, #3200, .F. ) ;
#1778 = CARTESIAN_POINT ( 'NONE',  ( -0.1549999999999995270, 0.9000000000000001332, -1.300000000000000044 ) ) ;
#1779 = FACE_OUTER_BOUND ( 'NONE', #711, .T. ) ;
#1780 = CARTESIAN_POINT ( 'NONE',  ( -1.699999999999999734, 1.100000000000000089, 1.700000000000000178 ) ) ;
#1781 = STYLED_ITEM ( 'NONE', ( #1985 ), #1159 ) ;
#1782 = LINE ( 'NONE', #1550, #2967 ) ;
#1783 = ADVANCED_FACE ( 'NONE', ( #1233 ), #497, .T. ) ;
#1784 = EDGE_CURVE ( 'NONE', #316, #198, #757, .T. ) ;
#1785 = ORIENTED_EDGE ( 'NONE', *, *, #1772, .T. ) ;
#1786 = SURFACE_SIDE_STYLE ('',( #318 ) ) ;
#1787 = FACE_OUTER_BOUND ( 'NONE', #649, .T. ) ;
#1788 = DIRECTION ( 'NONE',  ( -1.000000000000000000, 0.000000000000000000, 0.000000000000000000 ) ) ;
#1789 = UNCERTAINTY_MEASURE_WITH_UNIT (LENGTH_MEASURE( 1.000000000000000082E-05 ), #550, 'distance_accuracy_value', 'NONE');
#1790 = ORIENTED_EDGE ( 'NONE', *, *, #1871, .F. ) ;
#1791 = PRESENTATION_STYLE_ASSIGNMENT (( #811 ) ) ;
#1792 = PLANE ( 'NONE',  #249 ) ;
#1793 = CARTESIAN_POINT ( 'NONE',  ( 0.000000000000000000, 0.9000000000000001332, 1.100000000000000311 ) ) ;
#1794 = FILL_AREA_STYLE_COLOUR ( '', #1719 ) ;
#1795 = PLANE ( 'NONE',  #2624 ) ;
#1796 = PRESENTATION_LAYER_ASSIGNMENT (  '', '', ( #1374 ) ) ;
#1797 = VECTOR ( 'NONE', #1081, 1000.000000000000000 ) ;
#1798 = ORIENTED_EDGE ( 'NONE', *, *, #1602, .F. ) ;
#1799 = ORIENTED_EDGE ( 'NONE', *, *, #1187, .F. ) ;
#1800 = PRODUCT_DEFINITION ( 'UNKNOWN', '', #658, #1922 ) ;
#1801 = CARTESIAN_POINT ( 'NONE',  ( 0.000000000000000000, 1.100000000000000089, 1.500000000000000000 ) ) ;
#1802 = DIRECTION ( 'NONE',  ( 1.000000000000000000, 0.000000000000000000, 0.000000000000000000 ) ) ;
#1803 = AXIS2_PLACEMENT_3D ( 'NONE', #1096, #2156, #904 ) ;
#1804 = CARTESIAN_POINT ( 'NONE',  ( -1.699999999999999734, 1.100000000000000089, 1.700000000000000178 ) ) ;
#1805 = DIRECTION ( 'NONE',  ( 0.000000000000000000, -0.000000000000000000, 1.000000000000000000 ) ) ;
#1806 = DIRECTION ( 'NONE',  ( -5.421010862427529073E-16, 0.000000000000000000, 1.000000000000000000 ) ) ;
#1807 =( GEOMETRIC_REPRESENTATION_CONTEXT ( 3 ) GLOBAL_UNCERTAINTY_ASSIGNED_CONTEXT ( ( #2642 ) ) GLOBAL_UNIT_ASSIGNED_CONTEXT ( ( #1943, #2684, #2911 ) ) REPRESENTATION_CONTEXT ( 'NONE', 'WORKASPACE' ) );
#1808 = ORIENTED_EDGE ( 'NONE', *, *, #964, .F. ) ;
#1809 = FACE_OUTER_BOUND ( 'NONE', #2189, .T. ) ;
#1810 = VERTEX_POINT ( 'NONE', #1252 ) ;
#1811 = ORIENTED_EDGE ( 'NONE', *, *, #2024, .F. ) ;
#1812 = STYLED_ITEM ( 'NONE', ( #3207 ), #717 ) ;
#1813 =( NAMED_UNIT ( * ) SI_UNIT ( $, .STERADIAN. ) SOLID_ANGLE_UNIT ( ) );
#1814 = STYLED_ITEM ( 'NONE', ( #1893 ), #809 ) ;
#1815 = MECHANICAL_DESIGN_GEOMETRIC_PRESENTATION_REPRESENTATION (  '', ( #518 ), #2464 ) ;
#1816 = DIRECTION ( 'NONE',  ( 0.000000000000000000, 0.000000000000000000, -1.000000000000000000 ) ) ;
#1817 = CARTESIAN_POINT ( 'NONE',  ( 0.000000000000000000, 1.100000000000000089, 1.500000000000000000 ) ) ;
#1818 = EDGE_CURVE ( 'NONE', #1826, #3135, #739, .T. ) ;
#1819 = UNCERTAINTY_MEASURE_WITH_UNIT (LENGTH_MEASURE( 1.000000000000000082E-05 ), #1827, 'distance_accuracy_value', 'NONE');
#1820 = AXIS2_PLACEMENT_3D ( 'NONE', #496, #1745, #2522 ) ;
#1821 = ORIENTED_EDGE ( 'NONE', *, *, #2605, .F. ) ;
#1822 = PLANE ( 'NONE',  #2089 ) ;
#1823 =( NAMED_UNIT ( * ) PLANE_ANGLE_UNIT ( ) SI_UNIT ( $, .RADIAN. ) );
#1824 = SURFACE_STYLE_USAGE ( .BOTH. , #1329 ) ;
#1825 = ORIENTED_EDGE ( 'NONE', *, *, #2663, .F. ) ;
#1826 = VERTEX_POINT ( 'NONE', #13 ) ;
#1827 =( LENGTH_UNIT ( ) NAMED_UNIT ( * ) SI_UNIT ( .MILLI., .METRE. ) );
#1828 = CARTESIAN_POINT ( 'NONE',  ( 0.8050000000000011591, 0.9000000000000001332, 1.500000000000000000 ) ) ;
#1829 = EDGE_CURVE ( 'NONE', #2899, #1826, #232, .T. ) ;
#1830 = ORIENTED_EDGE ( 'NONE', *, *, #646, .F. ) ;
#1831 = ORIENTED_EDGE ( 'NONE', *, *, #1527, .T. ) ;
#1832 = SURFACE_STYLE_FILL_AREA ( #2789 ) ;
#1833 = CARTESIAN_POINT ( 'NONE',  ( -1.144999999999998908, 0.9000000000000001332, -1.699999999999999734 ) ) ;
#1834 = ORIENTED_EDGE ( 'NONE', *, *, #3066, .F. ) ;
#1835 = LINE ( 'NONE', #545, #2286 ) ;
#1836 = EDGE_CURVE ( 'NONE', #2977, #64, #3223, .T. ) ;
#1837 = EDGE_LOOP ( 'NONE', ( #640, #3099, #2721, #1834 ) ) ;
#1838 = CARTESIAN_POINT ( 'NONE',  ( -1.144999999999999130, 1.100000000000000089, 0.000000000000000000 ) ) ;
#1839 = SURFACE_STYLE_FILL_AREA ( #566 ) ;
#1840 = DIRECTION ( 'NONE',  ( 1.000000000000000000, 0.000000000000000000, -0.000000000000000000 ) ) ;
#1841 = EDGE_CURVE ( 'NONE', #3163, #2975, #750, .T. ) ;
#1842 = FILL_AREA_STYLE ('',( #1090 ) ) ;
#1843 = ORIENTED_EDGE ( 'NONE', *, *, #991, .T. ) ;
#1844 = SURFACE_STYLE_FILL_AREA ( #2064 ) ;
#1845 = ORIENTED_EDGE ( 'NONE', *, *, #1883, .F. ) ;
#1846 = CARTESIAN_POINT ( 'NONE',  ( -0.1549999999999982503, 1.100000000000000089, 1.500000000000000000 ) ) ;
#1847 = VECTOR ( 'NONE', #1806, 1000.000000000000000 ) ;
#1848 = VECTOR ( 'NONE', #3106, 1000.000000000000000 ) ;
#1849 = DIRECTION ( 'NONE',  ( -0.000000000000000000, 1.000000000000000000, -0.000000000000000000 ) ) ;
#1850 = CARTESIAN_POINT ( 'NONE',  ( -1.700000000000000178, 1.100000000000000089, -1.699999999999999734 ) ) ;
#1851 = ORIENTED_EDGE ( 'NONE', *, *, #2646, .T. ) ;
#1852 = CARTESIAN_POINT ( 'NONE',  ( 0.4949999999999995515, 0.9000000000000001332, 1.500000000000000000 ) ) ;
#1853 = UNCERTAINTY_MEASURE_WITH_UNIT (LENGTH_MEASURE( 1.000000000000000082E-05 ), #2898, 'distance_accuracy_value', 'NONE');
#1854 = STYLED_ITEM ( 'NONE', ( #598 ), #1633 ) ;
#1855 = MECHANICAL_DESIGN_GEOMETRIC_PRESENTATION_REPRESENTATION (  '', ( #552 ), #1649 ) ;
#1856 = ORIENTED_EDGE ( 'NONE', *, *, #1261, .T. ) ;
#1857 =( NAMED_UNIT ( * ) SI_UNIT ( $, .STERADIAN. ) SOLID_ANGLE_UNIT ( ) );
#1858 = LINE ( 'NONE', #588, #986 ) ;
#1859 = VECTOR ( 'NONE', #2585, 1000.000000000000000 ) ;
#1860 = FACE_OUTER_BOUND ( 'NONE', #3148, .T. ) ;
#1861 = AXIS2_PLACEMENT_3D ( 'NONE', #1375, #2681, #1626 ) ;
#1862 = ORIENTED_EDGE ( 'NONE', *, *, #144, .T. ) ;
#1863 = LINE ( 'NONE', #1828, #260 ) ;
#1864 = ORIENTED_EDGE ( 'NONE', *, *, #2817, .F. ) ;
#1865 = SURFACE_STYLE_FILL_AREA ( #3100 ) ;
#1866 = ORIENTED_EDGE ( 'NONE', *, *, #2240, .T. ) ;
#1867 = FACE_OUTER_BOUND ( 'NONE', #854, .T. ) ;
#1868 = LINE ( 'NONE', #2610, #2065 ) ;
#1869 = ORIENTED_EDGE ( 'NONE', *, *, #1990, .F. ) ;
#1870 = VECTOR ( 'NONE', #2237, 1000.000000000000000 ) ;
#1871 = EDGE_CURVE ( 'NONE', #2757, #2648, #1042, .T. ) ;
#1872 =( NAMED_UNIT ( * ) SI_UNIT ( $, .STERADIAN. ) SOLID_ANGLE_UNIT ( ) );
#1873 = VECTOR ( 'NONE', #2048, 1000.000000000000000 ) ;
#1874 = VERTEX_POINT ( 'NONE', #2073 ) ;
#1875 = DIRECTION ( 'NONE',  ( 1.000000000000000000, -0.000000000000000000, 5.421010862427529073E-16 ) ) ;
#1876 = CARTESIAN_POINT ( 'NONE',  ( 7.243796174248137349E-17, 1.100000000000000089, 0.5100000000000001199 ) ) ;
#1877 = PLANE ( 'NONE',  #338 ) ;
#1878 = PRESENTATION_LAYER_ASSIGNMENT (  '', '', ( #2973 ) ) ;
#1879 = ORIENTED_EDGE ( 'NONE', *, *, #1841, .T. ) ;
#1880 = EDGE_LOOP ( 'NONE', ( #3145, #3105, #2483, #1213, #2258, #1856, #1352, #124, #1593, #1615, #643, #1008, #2333, #1335, #57, #16 ) ) ;
#1881 = COLOUR_RGB ( '',0.7921568627450980005, 0.8196078431372548767, 0.9333333333333333481 ) ;
#1882 = SURFACE_STYLE_FILL_AREA ( #918 ) ;
#1883 = EDGE_CURVE ( 'NONE', #3094, #1366, #2595, .T. ) ;
#1884 = VERTEX_POINT ( 'NONE', #2579 ) ;
#1885 = VERTEX_POINT ( 'NONE', #106 ) ;
#1886 = EDGE_CURVE ( 'NONE', #242, #94, #1292, .T. ) ;
#1887 = CARTESIAN_POINT ( 'NONE',  ( 0.4949999999999993294, 0.9000000000000001332, -1.699999999999999734 ) ) ;
#1888 = EDGE_CURVE ( 'NONE', #2757, #1095, #44, .T. ) ;
#1889 = EDGE_CURVE ( 'NONE', #766, #1392, #2762, .T. ) ;
#1890 = DIRECTION ( 'NONE',  ( 1.000000000000000000, 0.000000000000000000, -0.000000000000000000 ) ) ;
#1891 = ORIENTED_EDGE ( 'NONE', *, *, #2380, .F. ) ;
#1892 = DIRECTION ( 'NONE',  ( 0.000000000000000000, 0.000000000000000000, 1.000000000000000000 ) ) ;
#1893 = PRESENTATION_STYLE_ASSIGNMENT (( #1661 ) ) ;
#1894 = DIRECTION ( 'NONE',  ( -1.000000000000000000, 0.000000000000000000, 0.000000000000000000 ) ) ;
#1895 = DIRECTION ( 'NONE',  ( 0.000000000000000000, 1.000000000000000000, -0.000000000000000000 ) ) ;
#1896 = CARTESIAN_POINT ( 'NONE',  ( -0.1549999999999995270, 0.9000000000000001332, -1.300000000000000044 ) ) ;
#1897 =( NAMED_UNIT ( * ) SI_UNIT ( $, .STERADIAN. ) SOLID_ANGLE_UNIT ( ) );
#1898 = ORIENTED_EDGE ( 'NONE', *, *, #2652, .T. ) ;
#1899 = VERTEX_POINT ( 'NONE', #2362 ) ;
#1900 = CARTESIAN_POINT ( 'NONE',  ( 1.144999999999999574, 0.9000000000000001332, 0.5099999999999998979 ) ) ;
#1901 = AXIS2_PLACEMENT_3D ( 'NONE', #2874, #2661, #3139 ) ;
#1902 = VECTOR ( 'NONE', #537, 1000.000000000000000 ) ;
#1903 = ORIENTED_EDGE ( 'NONE', *, *, #614, .F. ) ;
#1904 = VECTOR ( 'NONE', #217, 1000.000000000000000 ) ;
#1905 = PLANE ( 'NONE',  #1547 ) ;
#1906 = VECTOR ( 'NONE', #1011, 1000.000000000000000 ) ;
#1907 = DIRECTION ( 'NONE',  ( 0.000000000000000000, -0.000000000000000000, 1.000000000000000000 ) ) ;
#1908 = PLANE ( 'NONE',  #56 ) ;
#1909 = CARTESIAN_POINT ( 'NONE',  ( 0.8049999999999970512, 0.9000000000000001332, -2.181956872127075701E-15 ) ) ;
#1910 =( LENGTH_UNIT ( ) NAMED_UNIT ( * ) SI_UNIT ( .MILLI., .METRE. ) );
#1911 = COLOUR_RGB ( '',0.6666666666666666297, 0.6980392156862744724, 0.7686274509803920907 ) ;
#1912 = CARTESIAN_POINT ( 'NONE',  ( 0.000000000000000000, 0.9000000000000001332, 0.000000000000000000 ) ) ;
#1913 = AXIS2_PLACEMENT_3D ( 'NONE', #382, #1895, #143 ) ;
#1914 = CARTESIAN_POINT ( 'NONE',  ( 0.1549999999999997768, 0.9000000000000001332, -4.201283418381326600E-17 ) ) ;
#1915 = ADVANCED_FACE ( 'NONE', ( #1321 ), #343, .T. ) ;
#1916 = MECHANICAL_DESIGN_GEOMETRIC_PRESENTATION_REPRESENTATION (  '', ( #2126 ), #555 ) ;
#1917 = ORIENTED_EDGE ( 'NONE', *, *, #85, .T. ) ;
#1918 = DIRECTION ( 'NONE',  ( 1.219727444046194658E-15, 0.000000000000000000, 1.000000000000000000 ) ) ;
#1919 = VERTEX_POINT ( 'NONE', #90 ) ;
#1920 = FACE_OUTER_BOUND ( 'NONE', #564, .T. ) ;
#1921 = DIRECTION ( 'NONE',  ( 1.000000000000000000, 0.000000000000000000, -0.000000000000000000 ) ) ;
#1922 = PRODUCT_DEFINITION_CONTEXT ( 'detailed design', #2890, 'design' ) ;
#1923 =( NAMED_UNIT ( * ) SI_UNIT ( $, .STERADIAN. ) SOLID_ANGLE_UNIT ( ) );
#1924 =( NAMED_UNIT ( * ) SI_UNIT ( $, .STERADIAN. ) SOLID_ANGLE_UNIT ( ) );
#1925 = LINE ( 'NONE', #1628, #3097 ) ;
#1926 = EDGE_CURVE ( 'NONE', #80, #2970, #1278, .T. ) ;
#1927 = DIRECTION ( 'NONE',  ( -1.275531967630005245E-16, 0.000000000000000000, -1.000000000000000000 ) ) ;
#1928 = VECTOR ( 'NONE', #163, 1000.000000000000000 ) ;
#1929 = DIRECTION ( 'NONE',  ( 0.000000000000000000, 0.000000000000000000, -1.000000000000000000 ) ) ;
#1930 = DIRECTION ( 'NONE',  ( -0.000000000000000000, 1.000000000000000000, -0.000000000000000000 ) ) ;
#1931 = PRESENTATION_STYLE_ASSIGNMENT (( #2430 ) ) ;
#1932 = AXIS2_PLACEMENT_3D ( 'NONE', #1249, #1744, #699 ) ;
#1933 = PRESENTATION_LAYER_ASSIGNMENT (  '', '', ( #2261 ) ) ;
#1934 = ORIENTED_EDGE ( 'NONE', *, *, #180, .T. ) ;
#1935 = FACE_OUTER_BOUND ( 'NONE', #2804, .T. ) ;
#1936 = DIRECTION ( 'NONE',  ( 2.710505431213764536E-16, 0.000000000000000000, 1.000000000000000000 ) ) ;
#1937 = ORIENTED_EDGE ( 'NONE', *, *, #3173, .F. ) ;
#1938 = PRESENTATION_STYLE_ASSIGNMENT (( #2194 ) ) ;
#1939 = VECTOR ( 'NONE', #210, 1000.000000000000000 ) ;
#1940 = CARTESIAN_POINT ( 'NONE',  ( -0.4949999999999979416, 0.9000000000000001332, 1.100000000000000311 ) ) ;
#1941 = FILL_AREA_STYLE_COLOUR ( '', #1454 ) ;
#1942 = DIRECTION ( 'NONE',  ( -0.000000000000000000, 1.000000000000000000, -0.000000000000000000 ) ) ;
#1943 =( LENGTH_UNIT ( ) NAMED_UNIT ( * ) SI_UNIT ( .MILLI., .METRE. ) );
#1944 = ADVANCED_FACE ( 'NONE', ( #1340 ), #1589, .T. ) ;
#1945 = ORIENTED_EDGE ( 'NONE', *, *, #1187, .T. ) ;
#1946 = SURFACE_STYLE_USAGE ( .BOTH. , #946 ) ;
#1947 = CARTESIAN_POINT ( 'NONE',  ( -0.4949999999999988853, 1.100000000000000089, 1.341700188450810504E-16 ) ) ;
#1948 = CARTESIAN_POINT ( 'NONE',  ( 0.000000000000000000, 1.100000000000000089, 0.000000000000000000 ) ) ;
#1949 = EDGE_LOOP ( 'NONE', ( #2283, #2173, #1655, #3227 ) ) ;
#1950 = LINE ( 'NONE', #3194, #2075 ) ;
#1951 = ORIENTED_EDGE ( 'NONE', *, *, #51, .F. ) ;
#1952 = CARTESIAN_POINT ( 'NONE',  ( -1.699999999999999734, 1.100000000000000089, 1.700000000000000178 ) ) ;
#1953 = UNCERTAINTY_MEASURE_WITH_UNIT (LENGTH_MEASURE( 1.000000000000000082E-05 ), #3133, 'distance_accuracy_value', 'NONE');
#1954 = LINE ( 'NONE', #2644, #2912 ) ;
#1955 = DIRECTION ( 'NONE',  ( -1.000000000000000000, 0.000000000000000000, 0.000000000000000000 ) ) ;
#1956 =( NAMED_UNIT ( * ) PLANE_ANGLE_UNIT ( ) SI_UNIT ( $, .RADIAN. ) );
#1957 = UNCERTAINTY_MEASURE_WITH_UNIT (LENGTH_MEASURE( 1.000000000000000082E-05 ), #231, 'distance_accuracy_value', 'NONE');
#1958 = VECTOR ( 'NONE', #1025, 1000.000000000000000 ) ;
#1959 = ORIENTED_EDGE ( 'NONE', *, *, #953, .T. ) ;
#1960 = COLOUR_RGB ( '',0.6666666666666666297, 0.6980392156862744724, 0.7686274509803920907 ) ;
#1961 = FACE_OUTER_BOUND ( 'NONE', #2752, .T. ) ;
#1962 = CARTESIAN_POINT ( 'NONE',  ( 0.1549999999999993328, 1.100000000000000089, -1.699999999999999734 ) ) ;
#1963 = DIRECTION ( 'NONE',  ( -5.421010862427529073E-16, 0.000000000000000000, -1.000000000000000000 ) ) ;
#1964 = CARTESIAN_POINT ( 'NONE',  ( 0.1549999999999992217, 0.9000000000000001332, 1.700000000000000178 ) ) ;
#1965 = VECTOR ( 'NONE', #3104, 1000.000000000000000 ) ;
#1966 = ORIENTED_EDGE ( 'NONE', *, *, #1638, .T. ) ;
#1967 = COLOUR_RGB ( '',0.6666666666666666297, 0.6980392156862744724, 0.7686274509803920907 ) ;
#1968 = VERTEX_POINT ( 'NONE', #306 ) ;
#1969 = VECTOR ( 'NONE', #728, 1000.000000000000000 ) ;
#1970 =( GEOMETRIC_REPRESENTATION_CONTEXT ( 3 ) GLOBAL_UNCERTAINTY_ASSIGNED_CONTEXT ( ( #2887 ) ) GLOBAL_UNIT_ASSIGNED_CONTEXT ( ( #958, #1956, #2537 ) ) REPRESENTATION_CONTEXT ( 'NONE', 'WORKASPACE' ) );
#1971 = VERTEX_POINT ( 'NONE', #1542 ) ;
#1972 = DIRECTION ( 'NONE',  ( -1.000000000000000000, 0.000000000000000000, 0.000000000000000000 ) ) ;
#1973 = PLANE ( 'NONE',  #720 ) ;
#1974 = EDGE_CURVE ( 'NONE', #2711, #731, #2563, .T. ) ;
#1975 = PRESENTATION_STYLE_ASSIGNMENT (( #444 ) ) ;
#1976 = EDGE_CURVE ( 'NONE', #1297, #2671, #322, .T. ) ;
#1977 = SURFACE_SIDE_STYLE ('',( #2455 ) ) ;
#1978 = CARTESIAN_POINT ( 'NONE',  ( -0.1549999999999995270, 1.100000000000000089, -1.300000000000000044 ) ) ;
#1979 = ORIENTED_EDGE ( 'NONE', *, *, #569, .T. ) ;
#1980 = CARTESIAN_POINT ( 'NONE',  ( 0.000000000000000000, 1.100000000000000089, 0.000000000000000000 ) ) ;
#1981 = VECTOR ( 'NONE', #798, 1000.000000000000000 ) ;
#1982 = COLOUR_RGB ( '',0.2980392156862745057, 0.2980392156862745057, 0.2980392156862745057 ) ;
#1983 = VECTOR ( 'NONE', #1207, 1000.000000000000000 ) ;
#1984 = ORIENTED_EDGE ( 'NONE', *, *, #1990, .T. ) ;
#1985 = PRESENTATION_STYLE_ASSIGNMENT (( #1754 ) ) ;
#1986 = CARTESIAN_POINT ( 'NONE',  ( 0.000000000000000000, 0.9000000000000001332, 1.700000000000000178 ) ) ;
#1987 = AXIS2_PLACEMENT_3D ( 'NONE', #328, #362, #1115 ) ;
#1988 = EDGE_CURVE ( 'NONE', #1308, #2798, #533, .T. ) ;
#1989 = ORIENTED_EDGE ( 'NONE', *, *, #2163, .F. ) ;
#1990 = EDGE_CURVE ( 'NONE', #2322, #242, #61, .T. ) ;
#1991 = SURFACE_SIDE_STYLE ('',( #2247 ) ) ;
#1992 = UNCERTAINTY_MEASURE_WITH_UNIT (LENGTH_MEASURE( 1.000000000000000082E-05 ), #1266, 'distance_accuracy_value', 'NONE');
#1993 = CARTESIAN_POINT ( 'NONE',  ( -1.144999999999999130, 0.9000000000000001332, 1.700000000000000178 ) ) ;
#1994 = CARTESIAN_POINT ( 'NONE',  ( 0.4950000000000012168, 0.9000000000000001332, 5.366800753803269628E-16 ) ) ;
#1995 = DIRECTION ( 'NONE',  ( 2.710505431213769762E-15, 0.000000000000000000, 1.000000000000000000 ) ) ;
#1996 = UNCERTAINTY_MEASURE_WITH_UNIT (LENGTH_MEASURE( 1.000000000000000082E-05 ), #433, 'distance_accuracy_value', 'NONE');
#1997 =( GEOMETRIC_REPRESENTATION_CONTEXT ( 3 ) GLOBAL_UNCERTAINTY_ASSIGNED_CONTEXT ( ( #517 ) ) GLOBAL_UNIT_ASSIGNED_CONTEXT ( ( #2693, #196, #2955 ) ) REPRESENTATION_CONTEXT ( 'NONE', 'WORKASPACE' ) );
#1998 = EDGE_LOOP ( 'NONE', ( #243, #2184, #923, #1341 ) ) ;
#1999 = CARTESIAN_POINT ( 'NONE',  ( 0.8050000000000011591, 1.100000000000000089, 1.500000000000000000 ) ) ;
#2000 = CARTESIAN_POINT ( 'NONE',  ( -0.8049999999999990496, 0.9000000000000001332, 1.700000000000000178 ) ) ;
#2001 = LINE ( 'NONE', #2244, #1969 ) ;
#2002 = ORIENTED_EDGE ( 'NONE', *, *, #2120, .T. ) ;
#2003 = CARTESIAN_POINT ( 'NONE',  ( 0.1549999999999990830, 1.100000000000000089, 1.500000000000000000 ) ) ;
#2004 = SURFACE_SIDE_STYLE ('',( #3216 ) ) ;
#2005 = FILL_AREA_STYLE ('',( #1941 ) ) ;
#2006 = CARTESIAN_POINT ( 'NONE',  ( -1.144999999999999130, 1.100000000000000089, 1.700000000000000178 ) ) ;
#2007 = VERTEX_POINT ( 'NONE', #2094 ) ;
#2008 = CARTESIAN_POINT ( 'NONE',  ( 0.000000000000000000, 1.100000000000000089, -1.300000000000000044 ) ) ;
#2009 = LINE ( 'NONE', #1767, #2232 ) ;
#2010 = STYLED_ITEM ( 'NONE', ( #1447 ), #1783 ) ;
#2011 = EDGE_CURVE ( 'NONE', #3138, #1971, #2791, .T. ) ;
#2012 = FACE_OUTER_BOUND ( 'NONE', #112, .T. ) ;
#2013 = LINE ( 'NONE', #2000, #1677 ) ;
#2014 = ADVANCED_FACE ( 'NONE', ( #1787 ), #1055, .T. ) ;
#2015 = DIRECTION ( 'NONE',  ( 0.000000000000000000, 0.000000000000000000, -1.000000000000000000 ) ) ;
#2016 = ORIENTED_EDGE ( 'NONE', *, *, #2475, .F. ) ;
#2017 = VECTOR ( 'NONE', #1755, 1000.000000000000000 ) ;
#2018 = DIRECTION ( 'NONE',  ( 1.275531967630005245E-16, 0.000000000000000000, 1.000000000000000000 ) ) ;
#2019 = CARTESIAN_POINT ( 'NONE',  ( 1.145000000000000240, 0.9000000000000001332, 1.700000000000000178 ) ) ;
#2020 = VECTOR ( 'NONE', #908, 1000.000000000000000 ) ;
#2021 = FILL_AREA_STYLE_COLOUR ( '', #2212 ) ;
#2022 = FILL_AREA_STYLE_COLOUR ( '', #706 ) ;
#2023 = UNCERTAINTY_MEASURE_WITH_UNIT (LENGTH_MEASURE( 1.000000000000000082E-05 ), #2616, 'distance_accuracy_value', 'NONE');
#2024 = EDGE_CURVE ( 'NONE', #4, #1160, #874, .T. ) ;
#2025 = EDGE_LOOP ( 'NONE', ( #1741, #2123, #2468, #2677 ) ) ;
#2026 = LINE ( 'NONE', #2599, #2404 ) ;
#2027 = PRESENTATION_STYLE_ASSIGNMENT (( #3034 ) ) ;
#2028 = CARTESIAN_POINT ( 'NONE',  ( 0.4950000000000012168, 1.100000000000000089, 5.366800753803269628E-16 ) ) ;
#2029 = EDGE_CURVE ( 'NONE', #1516, #672, #1606, .T. ) ;
#2030 = FACE_OUTER_BOUND ( 'NONE', #2836, .T. ) ;
#2031 = SURFACE_STYLE_USAGE ( .BOTH. , #506 ) ;
#2032 = CARTESIAN_POINT ( 'NONE',  ( -0.1549999999999985001, 1.100000000000000089, 1.700000000000000178 ) ) ;
#2033 = MECHANICAL_DESIGN_GEOMETRIC_PRESENTATION_REPRESENTATION (  '', ( #880 ), #46 ) ;
#2034 = PRESENTATION_LAYER_ASSIGNMENT (  '', '', ( #935 ) ) ;
#2035 = ORIENTED_EDGE ( 'NONE', *, *, #2775, .T. ) ;
#2036 = EDGE_LOOP ( 'NONE', ( #1785, #1303, #2491, #1521 ) ) ;
#2037 =( GEOMETRIC_REPRESENTATION_CONTEXT ( 3 ) GLOBAL_UNCERTAINTY_ASSIGNED_CONTEXT ( ( #1789 ) ) GLOBAL_UNIT_ASSIGNED_CONTEXT ( ( #550, #3050, #1 ) ) REPRESENTATION_CONTEXT ( 'NONE', 'WORKASPACE' ) );
#2038 = PRESENTATION_LAYER_ASSIGNMENT (  '', '', ( #3175 ) ) ;
#2039 = DIRECTION ( 'NONE',  ( 1.000000000000000000, 0.000000000000000000, 0.000000000000000000 ) ) ;
#2040 = SURFACE_SIDE_STYLE ('',( #1024 ) ) ;
#2041 = CARTESIAN_POINT ( 'NONE',  ( 0.8050000000000014921, 0.9000000000000001332, 1.700000000000000178 ) ) ;
#2042 = LINE ( 'NONE', #584, #139 ) ;
#2043 = VERTEX_POINT ( 'NONE', #2655 ) ;
#2044 = SURFACE_STYLE_FILL_AREA ( #2057 ) ;
#2045 = CARTESIAN_POINT ( 'NONE',  ( 0.8050000000000003819, 0.9000000000000001332, -1.699999999999999734 ) ) ;
#2046 = PRESENTATION_LAYER_ASSIGNMENT (  '', '', ( #1781 ) ) ;
#2047 = STYLED_ITEM ( 'NONE', ( #1432 ), #1259 ) ;
#2048 = DIRECTION ( 'NONE',  ( 2.710505431213764536E-16, 0.000000000000000000, 1.000000000000000000 ) ) ;
#2049 = SURFACE_SIDE_STYLE ('',( #5 ) ) ;
#2050 = EDGE_LOOP ( 'NONE', ( #1332, #2849, #882, #2420 ) ) ;
#2051 = FACE_OUTER_BOUND ( 'NONE', #1949, .T. ) ;
#2052 = SURFACE_STYLE_USAGE ( .BOTH. , #559 ) ;
#2053 = DIRECTION ( 'NONE',  ( 5.421010862427526114E-16, 0.000000000000000000, -1.000000000000000000 ) ) ;
#2054 = EDGE_CURVE ( 'NONE', #832, #746, #410, .T. ) ;
#2055 = UNCERTAINTY_MEASURE_WITH_UNIT (LENGTH_MEASURE( 1.000000000000000082E-05 ), #3083, 'distance_accuracy_value', 'NONE');
#2056 = ORIENTED_EDGE ( 'NONE', *, *, #3132, .T. ) ;
#2057 = FILL_AREA_STYLE ('',( #2316 ) ) ;
#2058 = DIRECTION ( 'NONE',  ( 0.000000000000000000, 0.000000000000000000, 1.000000000000000000 ) ) ;
#2059 = CARTESIAN_POINT ( 'NONE',  ( 0.8050000000000017142, 1.100000000000000089, 1.699999999999999512 ) ) ;
#2060 = VECTOR ( 'NONE', #1116, 1000.000000000000000 ) ;
#2061 = ORIENTED_EDGE ( 'NONE', *, *, #1474, .T. ) ;
#2062 = ORIENTED_EDGE ( 'NONE', *, *, #132, .T. ) ;
#2063 = LINE ( 'NONE', #2782, #981 ) ;
#2064 = FILL_AREA_STYLE ('',( #2335 ) ) ;
#2065 = VECTOR ( 'NONE', #426, 1000.000000000000000 ) ;
#2066 = VECTOR ( 'NONE', #972, 1000.000000000000000 ) ;
#2067 = ORIENTED_EDGE ( 'NONE', *, *, #3158, .F. ) ;
#2068 = EDGE_CURVE ( 'NONE', #817, #1603, #1868, .T. ) ;
#2069 = PRESENTATION_STYLE_ASSIGNMENT (( #1067 ) ) ;
#2070 = PRESENTATION_LAYER_ASSIGNMENT (  '', '', ( #1854 ) ) ;
#2071 = AXIS2_PLACEMENT_3D ( 'NONE', #1262, #87, #803 ) ;
#2072 = COLOUR_RGB ( '',0.7921568627450980005, 0.8196078431372548767, 0.9333333333333333481 ) ;
#2073 = CARTESIAN_POINT ( 'NONE',  ( 0.8050000000000004929, 0.9000000000000001332, -1.300000000000000044 ) ) ;
#2074 = LINE ( 'NONE', #359, #440 ) ;
#2075 = VECTOR ( 'NONE', #969, 1000.000000000000000 ) ;
#2076 = EDGE_CURVE ( 'NONE', #570, #1297, #1421, .T. ) ;
#2077 = EDGE_CURVE ( 'NONE', #746, #425, #1624, .T. ) ;
#2078 = ORIENTED_EDGE ( 'NONE', *, *, #1829, .T. ) ;
#2079 = CARTESIAN_POINT ( 'NONE',  ( 0.000000000000000000, 1.100000000000000089, -1.699999999999999512 ) ) ;
#2080 = FILL_AREA_STYLE_COLOUR ( '', #2609 ) ;
#2081 = SURFACE_STYLE_FILL_AREA ( #1073 ) ;
#2082 = ORIENTED_EDGE ( 'NONE', *, *, #2076, .F. ) ;
#2083 = ORIENTED_EDGE ( 'NONE', *, *, #2990, .T. ) ;
#2084 = LINE ( 'NONE', #2588, #2802 ) ;
#2085 =( NAMED_UNIT ( * ) PLANE_ANGLE_UNIT ( ) SI_UNIT ( $, .RADIAN. ) );
#2086 = ORIENTED_EDGE ( 'NONE', *, *, #2726, .T. ) ;
#2087 = SURFACE_SIDE_STYLE ('',( #1309 ) ) ;
#2088 = ORIENTED_EDGE ( 'NONE', *, *, #1818, .F. ) ;
#2089 = AXIS2_PLACEMENT_3D ( 'NONE', #2079, #2582, #784 ) ;
#2090 = VECTOR ( 'NONE', #1930, 1000.000000000000000 ) ;
#2091 = EDGE_CURVE ( 'NONE', #3054, #1141, #357, .T. ) ;
#2092 = EDGE_CURVE ( 'NONE', #1686, #2494, #3119, .T. ) ;
#2093 = PRESENTATION_LAYER_ASSIGNMENT (  '', '', ( #2658 ) ) ;
#2094 = CARTESIAN_POINT ( 'NONE',  ( 1.145000000000000240, 0.9000000000000001332, -1.699999999999999512 ) ) ;
#2095 = FILL_AREA_STYLE ('',( #2580 ) ) ;
#2096 = UNCERTAINTY_MEASURE_WITH_UNIT (LENGTH_MEASURE( 1.000000000000000082E-05 ), #2410, 'distance_accuracy_value', 'NONE');
#2097 = MECHANICAL_DESIGN_GEOMETRIC_PRESENTATION_REPRESENTATION (  '', ( #158 ), #680 ) ;
#2098 = ORIENTED_EDGE ( 'NONE', *, *, #1539, .T. ) ;
#2099 = VERTEX_POINT ( 'NONE', #1372 ) ;
#2100 = SURFACE_SIDE_STYLE ('',( #1087 ) ) ;
#2101 = PLANE ( 'NONE',  #939 ) ;
#2102 = LINE ( 'NONE', #2164, #1218 ) ;
#2103 = SURFACE_SIDE_STYLE ('',( #1118 ) ) ;
#2104 = ORIENTED_EDGE ( 'NONE', *, *, #1358, .T. ) ;
#2105 =( NAMED_UNIT ( * ) SI_UNIT ( $, .STERADIAN. ) SOLID_ANGLE_UNIT ( ) );
#2106 = VECTOR ( 'NONE', #968, 1000.000000000000000 ) ;
#2107 = ORIENTED_EDGE ( 'NONE', *, *, #172, .F. ) ;
#2108 =( NAMED_UNIT ( * ) PLANE_ANGLE_UNIT ( ) SI_UNIT ( $, .RADIAN. ) );
#2109 = PRODUCT_CONTEXT ( 'NONE', #3, 'mechanical' ) ;
#2110 = DIRECTION ( 'NONE',  ( -0.000000000000000000, 1.000000000000000000, -0.000000000000000000 ) ) ;
#2111 = ORIENTED_EDGE ( 'NONE', *, *, #1053, .F. ) ;
#2112 = CARTESIAN_POINT ( 'NONE',  ( 0.8049999999999970512, 0.9000000000000001332, -2.181956872127075701E-15 ) ) ;
#2113 = ORIENTED_EDGE ( 'NONE', *, *, #2461, .F. ) ;
#2114 = FILL_AREA_STYLE_COLOUR ( '', #1982 ) ;
#2115 = CARTESIAN_POINT ( 'NONE',  ( 0.8050000000000003819, 1.100000000000000089, -1.699999999999999734 ) ) ;
#2116 = EDGE_LOOP ( 'NONE', ( #1487, #2784, #835, #3040 ) ) ;
#2117 = ORIENTED_EDGE ( 'NONE', *, *, #1399, .F. ) ;
#2118 = DIRECTION ( 'NONE',  ( 1.000000000000000000, -0.000000000000000000, 0.000000000000000000 ) ) ;
#2119 = DIRECTION ( 'NONE',  ( -2.168404344971011629E-15, 0.000000000000000000, 1.000000000000000000 ) ) ;
#2120 = EDGE_CURVE ( 'NONE', #2975, #676, #2403, .T. ) ;
#2121 = STYLED_ITEM ( 'NONE', ( #605 ), #1491 ) ;
#2122 = EDGE_CURVE ( 'NONE', #2954, #2418, #2158, .T. ) ;
#2123 = ORIENTED_EDGE ( 'NONE', *, *, #1545, .F. ) ;
#2124 = FILL_AREA_STYLE_COLOUR ( '', #2242 ) ;
#2125 = VECTOR ( 'NONE', #582, 1000.000000000000000 ) ;
#2126 = STYLED_ITEM ( 'NONE', ( #1027 ), #2830 ) ;
#2127 = DIRECTION ( 'NONE',  ( 0.000000000000000000, 0.000000000000000000, 1.000000000000000000 ) ) ;
#2128 = AXIS2_PLACEMENT_3D ( 'NONE', #118, #1111, #3136 ) ;
#2129 = PRESENTATION_STYLE_ASSIGNMENT (( #925 ) ) ;
#2130 =( GEOMETRIC_REPRESENTATION_CONTEXT ( 3 ) GLOBAL_UNCERTAINTY_ASSIGNED_CONTEXT ( ( #877 ) ) GLOBAL_UNIT_ASSIGNED_CONTEXT ( ( #290, #1037, #3074 ) ) REPRESENTATION_CONTEXT ( 'NONE', 'WORKASPACE' ) );
#2131 = PLANE ( 'NONE',  #678 ) ;
#2132 =( LENGTH_UNIT ( ) NAMED_UNIT ( * ) SI_UNIT ( .MILLI., .METRE. ) );
#2133 = CARTESIAN_POINT ( 'NONE',  ( 1.145000000000002016, 1.100000000000000089, 1.100000000000000311 ) ) ;
#2134 =( LENGTH_UNIT ( ) NAMED_UNIT ( * ) SI_UNIT ( .MILLI., .METRE. ) );
#2135 = ADVANCED_FACE ( 'NONE', ( #1920 ), #1639, .F. ) ;
#2136 = ORIENTED_EDGE ( 'NONE', *, *, #366, .F. ) ;
#2137 = EDGE_LOOP ( 'NONE', ( #250, #2714, #2696, #1959 ) ) ;
#2138 = ADVANCED_FACE ( 'NONE', ( #2870 ), #2640, .T. ) ;
#2139 = LINE ( 'NONE', #2632, #1556 ) ;
#2140 = ORIENTED_EDGE ( 'NONE', *, *, #589, .F. ) ;
#2141 = CARTESIAN_POINT ( 'NONE',  ( -0.4949999999999992184, 0.9000000000000001332, -1.300000000000000044 ) ) ;
#2142 = COLOUR_RGB ( '',0.6666666666666666297, 0.6980392156862744724, 0.7686274509803920907 ) ;
#2143 = PLANE ( 'NONE',  #1700 ) ;
#2144 = AXIS2_PLACEMENT_3D ( 'NONE', #2615, #1611, #1907 ) ;
#2145 = STYLED_ITEM ( 'NONE', ( #1123 ), #211 ) ;
#2146 =( LENGTH_UNIT ( ) NAMED_UNIT ( * ) SI_UNIT ( .MILLI., .METRE. ) );
#2147 = DIRECTION ( 'NONE',  ( 1.275531967630005245E-16, 0.000000000000000000, 1.000000000000000000 ) ) ;
#2148 = DIRECTION ( 'NONE',  ( -1.000000000000000000, 0.000000000000000000, 0.000000000000000000 ) ) ;
#2149 = DIRECTION ( 'NONE',  ( -3.594040350780678897E-16, 0.000000000000000000, 1.000000000000000000 ) ) ;
#2150 = MECHANICAL_DESIGN_GEOMETRIC_PRESENTATION_REPRESENTATION (  '', ( #1723 ), #2756 ) ;
#2151 = ORIENTED_EDGE ( 'NONE', *, *, #2697, .F. ) ;
#2152 =( GEOMETRIC_REPRESENTATION_CONTEXT ( 3 ) GLOBAL_UNCERTAINTY_ASSIGNED_CONTEXT ( ( #585 ) ) GLOBAL_UNIT_ASSIGNED_CONTEXT ( ( #1264, #2326, #1311 ) ) REPRESENTATION_CONTEXT ( 'NONE', 'WORKASPACE' ) );
#2153 = DIRECTION ( 'NONE',  ( -1.084202172485505223E-15, 0.000000000000000000, 1.000000000000000000 ) ) ;
#2154 =( LENGTH_UNIT ( ) NAMED_UNIT ( * ) SI_UNIT ( .MILLI., .METRE. ) );
#2155 = ORIENTED_EDGE ( 'NONE', *, *, #561, .T. ) ;
#2156 = DIRECTION ( 'NONE',  ( 0.000000000000000000, 0.000000000000000000, -1.000000000000000000 ) ) ;
#2157 = ORIENTED_EDGE ( 'NONE', *, *, #1261, .F. ) ;
#2158 = LINE ( 'NONE', #891, #325 ) ;
#2159 = ORIENTED_EDGE ( 'NONE', *, *, #819, .T. ) ;
#2160 = FACE_OUTER_BOUND ( 'NONE', #3073, .T. ) ;
#2161 = UNCERTAINTY_MEASURE_WITH_UNIT (LENGTH_MEASURE( 1.000000000000000082E-05 ), #62, 'distance_accuracy_value', 'NONE');
#2162 = SURFACE_SIDE_STYLE ('',( #2891 ) ) ;
#2163 = EDGE_CURVE ( 'NONE', #2400, #1369, #681, .T. ) ;
#2164 = CARTESIAN_POINT ( 'NONE',  ( -0.1549999999999993328, 0.9000000000000001332, -1.699999999999999734 ) ) ;
#2165 = CARTESIAN_POINT ( 'NONE',  ( -0.1549999999999961964, 0.9000000000000001332, -2.100641709190617263E-16 ) ) ;
#2166 = DIRECTION ( 'NONE',  ( -0.000000000000000000, -1.000000000000000000, -0.000000000000000000 ) ) ;
#2167 = CARTESIAN_POINT ( 'NONE',  ( -0.4949999999999979416, 1.100000000000000089, 1.100000000000000311 ) ) ;
#2168 = FACE_OUTER_BOUND ( 'NONE', #1880, .T. ) ;
#2169 = EDGE_CURVE ( 'NONE', #1365, #2043, #131, .T. ) ;
#2170 = ORIENTED_EDGE ( 'NONE', *, *, #3161, .F. ) ;
#2171 = FILL_AREA_STYLE_COLOUR ( '', #1967 ) ;
#2172 = EDGE_CURVE ( 'NONE', #113, #2691, #137, .T. ) ;
#2173 = ORIENTED_EDGE ( 'NONE', *, *, #1836, .F. ) ;
#2174 = DIRECTION ( 'NONE',  ( 0.000000000000000000, 1.000000000000000000, 0.000000000000000000 ) ) ;
#2175 =( GEOMETRIC_REPRESENTATION_CONTEXT ( 3 ) GLOBAL_UNCERTAINTY_ASSIGNED_CONTEXT ( ( #715 ) ) GLOBAL_UNIT_ASSIGNED_CONTEXT ( ( #247, #2215, #1712 ) ) REPRESENTATION_CONTEXT ( 'NONE', 'WORKASPACE' ) );
#2176 = CARTESIAN_POINT ( 'NONE',  ( 0.8050000000000014921, 0.9000000000000001332, 1.700000000000000178 ) ) ;
#2177 = VECTOR ( 'NONE', #2698, 1000.000000000000000 ) ;
#2178 = FACE_BOUND ( 'NONE', #125, .T. ) ;
#2179 = FILL_AREA_STYLE ('',( #413 ) ) ;
#2180 = DIRECTION ( 'NONE',  ( 1.000000000000000000, -0.000000000000000000, 0.000000000000000000 ) ) ;
#2181 = STYLED_ITEM ( 'NONE', ( #1389 ), #2436 ) ;
#2182 = EDGE_CURVE ( 'NONE', #1120, #731, #1131, .T. ) ;
#2183 = ORIENTED_EDGE ( 'NONE', *, *, #2224, .T. ) ;
#2184 = ORIENTED_EDGE ( 'NONE', *, *, #1102, .F. ) ;
#2185 = CARTESIAN_POINT ( 'NONE',  ( 1.145000000000003793, 1.100000000000000089, 2.482822974991816592E-15 ) ) ;
#2186 = AXIS2_PLACEMENT_3D ( 'NONE', #653, #2427, #1648 ) ;
#2187 = LINE ( 'NONE', #2633, #129 ) ;
#2188 = COLOUR_RGB ( '',0.2980392156862745057, 0.2980392156862745057, 0.2980392156862745057 ) ;
#2189 = EDGE_LOOP ( 'NONE', ( #3115, #2117, #1373, #1636 ) ) ;
#2190 = ORIENTED_EDGE ( 'NONE', *, *, #2515, .F. ) ;
#2191 = FILL_AREA_STYLE_COLOUR ( '', #3129 ) ;
#2192 = CARTESIAN_POINT ( 'NONE',  ( 0.4949999999999974976, 1.100000000000000089, 5.366800753803224269E-16 ) ) ;
#2193 = VERTEX_POINT ( 'NONE', #759 ) ;
#2194 = SURFACE_STYLE_USAGE ( .BOTH. , #1991 ) ;
#2195 = DIRECTION ( 'NONE',  ( 0.000000000000000000, 0.000000000000000000, 1.000000000000000000 ) ) ;
#2196 = EDGE_CURVE ( 'NONE', #2494, #3193, #227, .T. ) ;
#2197 =( NAMED_UNIT ( * ) PLANE_ANGLE_UNIT ( ) SI_UNIT ( $, .RADIAN. ) );
#2198 =( LENGTH_UNIT ( ) NAMED_UNIT ( * ) SI_UNIT ( .MILLI., .METRE. ) );
#2199 = CARTESIAN_POINT ( 'NONE',  ( 0.8049999999999970512, 1.100000000000000089, -2.181956872127075701E-15 ) ) ;
#2200 = DIRECTION ( 'NONE',  ( 1.000000000000000000, 0.000000000000000000, -1.275531967630005245E-16 ) ) ;
#2201 = VECTOR ( 'NONE', #3033, 1000.000000000000000 ) ;
#2202 = VECTOR ( 'NONE', #1963, 1000.000000000000000 ) ;
#2203 = SURFACE_STYLE_USAGE ( .BOTH. , #1220 ) ;
#2204 = DIRECTION ( 'NONE',  ( 1.275531967630005245E-16, 0.000000000000000000, 1.000000000000000000 ) ) ;
#2205 = PRESENTATION_LAYER_ASSIGNMENT (  '', '', ( #781 ) ) ;
#2206 = PRESENTATION_LAYER_ASSIGNMENT (  '', '', ( #1723 ) ) ;
#2207 = VECTOR ( 'NONE', #1180, 1000.000000000000000 ) ;
#2208 = ORIENTED_EDGE ( 'NONE', *, *, #2531, .T. ) ;
#2209 = DIRECTION ( 'NONE',  ( -0.000000000000000000, 1.000000000000000000, -0.000000000000000000 ) ) ;
#2210 = ORIENTED_EDGE ( 'NONE', *, *, #1474, .F. ) ;
#2211 = LINE ( 'NONE', #713, #970 ) ;
#2212 = COLOUR_RGB ( '',0.6666666666666666297, 0.6980392156862744724, 0.7686274509803920907 ) ;
#2213 = FACE_OUTER_BOUND ( 'NONE', #486, .T. ) ;
#2214 = DIRECTION ( 'NONE',  ( -1.000000000000000000, 0.000000000000000000, 0.000000000000000000 ) ) ;
#2215 =( NAMED_UNIT ( * ) PLANE_ANGLE_UNIT ( ) SI_UNIT ( $, .RADIAN. ) );
#2216 =( LENGTH_UNIT ( ) NAMED_UNIT ( * ) SI_UNIT ( .MILLI., .METRE. ) );
#2217 = DIRECTION ( 'NONE',  ( -0.000000000000000000, -1.000000000000000000, -0.000000000000000000 ) ) ;
#2218 = PRESENTATION_STYLE_ASSIGNMENT (( #2462 ) ) ;
#2219 = CARTESIAN_POINT ( 'NONE',  ( -0.1549999999999993328, 1.100000000000000089, -1.699999999999999734 ) ) ;
#2220 = ORIENTED_EDGE ( 'NONE', *, *, #2475, .T. ) ;
#2221 = CARTESIAN_POINT ( 'NONE',  ( -1.700000000000000178, 1.100000000000000089, -1.699999999999999734 ) ) ;
#2222 = CARTESIAN_POINT ( 'NONE',  ( -1.144999999999999796, 0.9000000000000001332, -6.207057437479518801E-16 ) ) ;
#2223 = CARTESIAN_POINT ( 'NONE',  ( 0.4949999999999993294, 0.9000000000000001332, -1.699999999999999734 ) ) ;
#2224 = EDGE_CURVE ( 'NONE', #2975, #1971, #3197, .T. ) ;
#2225 = VERTEX_POINT ( 'NONE', #3215 ) ;
#2226 = DIRECTION ( 'NONE',  ( -1.000000000000000000, -0.000000000000000000, -0.000000000000000000 ) ) ;
#2227 = CARTESIAN_POINT ( 'NONE',  ( 0.4949999999999993294, 0.9000000000000001332, 1.700000000000000178 ) ) ;
#2228 = UNCERTAINTY_MEASURE_WITH_UNIT (LENGTH_MEASURE( 1.000000000000000082E-05 ), #73, 'distance_accuracy_value', 'NONE');
#2229 =( GEOMETRIC_REPRESENTATION_CONTEXT ( 3 ) GLOBAL_UNCERTAINTY_ASSIGNED_CONTEXT ( ( #1132 ) ) GLOBAL_UNIT_ASSIGNED_CONTEXT ( ( #2584, #2569, #3051 ) ) REPRESENTATION_CONTEXT ( 'NONE', 'WORKASPACE' ) );
#2230 = FACE_OUTER_BOUND ( 'NONE', #810, .T. ) ;
#2231 = CARTESIAN_POINT ( 'NONE',  ( 1.365560926821136389, 0.01000000000000000021, 1.334740975347745273 ) ) ;
#2232 = VECTOR ( 'NONE', #253, 1000.000000000000000 ) ;
#2233 = VECTOR ( 'NONE', #1816, 1000.000000000000000 ) ;
#2234 = ADVANCED_FACE ( 'NONE', ( #983 ), #2959, .F. ) ;
#2235 = VERTEX_POINT ( 'NONE', #2003 ) ;
#2236 =( NAMED_UNIT ( * ) PLANE_ANGLE_UNIT ( ) SI_UNIT ( $, .RADIAN. ) );
#2237 = DIRECTION ( 'NONE',  ( 1.000000000000000000, 0.000000000000000000, -1.420352191029046022E-16 ) ) ;
#2238 = DIRECTION ( 'NONE',  ( 2.710505431213763057E-16, 0.000000000000000000, 1.000000000000000000 ) ) ;
#2239 = DIRECTION ( 'NONE',  ( -0.000000000000000000, -1.000000000000000000, -0.000000000000000000 ) ) ;
#2240 = EDGE_CURVE ( 'NONE', #570, #2270, #510, .T. ) ;
#2241 = EDGE_CURVE ( 'NONE', #384, #1411, #2211, .T. ) ;
#2242 = COLOUR_RGB ( '',0.6666666666666666297, 0.6980392156862744724, 0.7686274509803920907 ) ;
#2243 = EDGE_LOOP ( 'NONE', ( #1091, #396, #2246, #84 ) ) ;
#2244 = CARTESIAN_POINT ( 'NONE',  ( -1.700000000000000178, 1.100000000000000089, -1.699999999999999734 ) ) ;
#2245 = MECHANICAL_DESIGN_GEOMETRIC_PRESENTATION_REPRESENTATION (  '', ( #662 ), #2741 ) ;
#2246 = ORIENTED_EDGE ( 'NONE', *, *, #1250, .F. ) ;
#2247 = SURFACE_STYLE_FILL_AREA ( #2498 ) ;
#2248 = DIRECTION ( 'NONE',  ( 0.000000000000000000, 0.000000000000000000, -1.000000000000000000 ) ) ;
#2249 = SURFACE_SIDE_STYLE ('',( #2472 ) ) ;
#2250 = LINE ( 'NONE', #2962, #2516 ) ;
#2251 = DIRECTION ( 'NONE',  ( 1.000000000000000000, -0.000000000000000000, 0.000000000000000000 ) ) ;
#2252 = SURFACE_STYLE_USAGE ( .BOTH. , #721 ) ;
#2253 = CLOSED_SHELL ( 'NONE', ( #379, #905, #130, #1201, #553, #1491, #317, #574, #211, #3024, #2735, #913, #1130, #820, #2436, #730, #1296, #630 ) ) ;
#2254 = ORIENTED_EDGE ( 'NONE', *, *, #2338, .T. ) ;
#2255 = DIRECTION ( 'NONE',  ( -1.000000000000000000, 0.000000000000000000, -1.084202172485505223E-15 ) ) ;
#2256 = PLANE ( 'NONE',  #2937 ) ;
#2257 = AXIS2_PLACEMENT_3D ( 'NONE', #901, #370, #1367 ) ;
#2258 = ORIENTED_EDGE ( 'NONE', *, *, #2278, .T. ) ;
#2259 = DIRECTION ( 'NONE',  ( -0.000000000000000000, 1.000000000000000000, -0.000000000000000000 ) ) ;
#2260 = FACE_OUTER_BOUND ( 'NONE', #1408, .T. ) ;
#2261 = STYLED_ITEM ( 'NONE', ( #2488 ), #558 ) ;
#2262 = ORIENTED_EDGE ( 'NONE', *, *, #2434, .F. ) ;
#2263 = VERTEX_POINT ( 'NONE', #2994 ) ;
#2264 = PLANE ( 'NONE',  #1537 ) ;
#2265 = PRESENTATION_STYLE_ASSIGNMENT (( #245 ) ) ;
#2266 = SURFACE_STYLE_USAGE ( .BOTH. , #246 ) ;
#2267 = CARTESIAN_POINT ( 'NONE',  ( 1.145000000000003793, 0.9000000000000001332, 2.482822974991816592E-15 ) ) ;
#2268 = LINE ( 'NONE', #1817, #502 ) ;
#2269 = EDGE_CURVE ( 'NONE', #2986, #3067, #1444, .T. ) ;
#2270 = VERTEX_POINT ( 'NONE', #1709 ) ;
#2271 = DIRECTION ( 'NONE',  ( -1.000000000000000000, 0.000000000000000000, 0.000000000000000000 ) ) ;
#2272 = SURFACE_SIDE_STYLE ('',( #252 ) ) ;
#2273 = DIRECTION ( 'NONE',  ( 1.000000000000000000, 0.000000000000000000, 0.000000000000000000 ) ) ;
#2274 = DIRECTION ( 'NONE',  ( -0.000000000000000000, 1.000000000000000000, -0.000000000000000000 ) ) ;
#2275 = LINE ( 'NONE', #364, #921 ) ;
#2276 = ORIENTED_EDGE ( 'NONE', *, *, #1064, .F. ) ;
#2277 = LINE ( 'NONE', #956, #39 ) ;
#2278 = EDGE_CURVE ( 'NONE', #2671, #4, #940, .T. ) ;
#2279 = DIRECTION ( 'NONE',  ( -1.219727444046194658E-15, 0.000000000000000000, -1.000000000000000000 ) ) ;
#2280 = LINE ( 'NONE', #2006, #857 ) ;
#2281 =( NAMED_UNIT ( * ) SI_UNIT ( $, .STERADIAN. ) SOLID_ANGLE_UNIT ( ) );
#2282 = VECTOR ( 'NONE', #1647, 1000.000000000000000 ) ;
#2283 = ORIENTED_EDGE ( 'NONE', *, *, #732, .T. ) ;
#2284 = SURFACE_STYLE_FILL_AREA ( #31 ) ;
#2285 = CARTESIAN_POINT ( 'NONE',  ( -0.8049999999999990496, 1.100000000000000089, 1.700000000000000178 ) ) ;
#2286 = VECTOR ( 'NONE', #2842, 1000.000000000000000 ) ;
#2287 = PRESENTATION_LAYER_ASSIGNMENT (  '', '', ( #1486 ) ) ;
#2288 = DIRECTION ( 'NONE',  ( 1.000000000000000000, -0.000000000000000000, 0.000000000000000000 ) ) ;
#2289 = CARTESIAN_POINT ( 'NONE',  ( 0.000000000000000000, 1.100000000000000089, 1.100000000000000311 ) ) ;
#2290 = PLANE ( 'NONE',  #664 ) ;
#2291 = EDGE_LOOP ( 'NONE', ( #258, #2850, #2385, #1108 ) ) ;
#2292 = MECHANICAL_DESIGN_GEOMETRIC_PRESENTATION_REPRESENTATION (  '', ( #34 ), #1493 ) ;
#2293 = PRESENTATION_STYLE_ASSIGNMENT (( #58 ) ) ;
#2294 = VECTOR ( 'NONE', #2717, 1000.000000000000000 ) ;
#2295 = PLANE ( 'NONE',  #2866 ) ;
#2296 = CARTESIAN_POINT ( 'NONE',  ( 0.000000000000000000, 0.9000000000000001332, 1.300000000000000044 ) ) ;
#2297 = CARTESIAN_POINT ( 'NONE',  ( -1.144999999999999130, 1.100000000000000089, 1.300000000000000044 ) ) ;
#2298 = ADVANCED_FACE ( 'NONE', ( #698 ), #1001, .F. ) ;
#2299 = ORIENTED_EDGE ( 'NONE', *, *, #2054, .T. ) ;
#2300 = LINE ( 'NONE', #565, #2201 ) ;
#2301 = LINE ( 'NONE', #1766, #53 ) ;
#2302 = PLANE ( 'NONE',  #910 ) ;
#2303 = CARTESIAN_POINT ( 'NONE',  ( -0.4949999999999993294, 0.9000000000000001332, -1.699999999999999734 ) ) ;
#2304 = VECTOR ( 'NONE', #703, 1000.000000000000000 ) ;
#2305 = MECHANICAL_DESIGN_GEOMETRIC_PRESENTATION_REPRESENTATION (  '', ( #2907 ), #3072 ) ;
#2306 = VERTEX_POINT ( 'NONE', #1952 ) ;
#2307 = VECTOR ( 'NONE', #1354, 1000.000000000000000 ) ;
#2308 = EDGE_CURVE ( 'NONE', #1297, #1686, #2939, .T. ) ;
#2309 = ORIENTED_EDGE ( 'NONE', *, *, #480, .F. ) ;
#2310 = SURFACE_STYLE_FILL_AREA ( #274 ) ;
#2311 =( NAMED_UNIT ( * ) PLANE_ANGLE_UNIT ( ) SI_UNIT ( $, .RADIAN. ) );
#2312 =( NAMED_UNIT ( * ) PLANE_ANGLE_UNIT ( ) SI_UNIT ( $, .RADIAN. ) );
#2313 = DIRECTION ( 'NONE',  ( 1.084202172485506406E-15, 0.000000000000000000, -1.000000000000000000 ) ) ;
#2314 = DIRECTION ( 'NONE',  ( -2.710505431213768974E-15, 0.000000000000000000, -1.000000000000000000 ) ) ;
#2315 = VERTEX_POINT ( 'NONE', #1228 ) ;
#2316 = FILL_AREA_STYLE_COLOUR ( '', #2142 ) ;
#2317 =( NAMED_UNIT ( * ) SI_UNIT ( $, .STERADIAN. ) SOLID_ANGLE_UNIT ( ) );
#2318 = DIRECTION ( 'NONE',  ( 0.000000000000000000, -0.000000000000000000, 1.000000000000000000 ) ) ;
#2319 = STYLED_ITEM ( 'NONE', ( #117 ), #1026 ) ;
#2320 = EDGE_LOOP ( 'NONE', ( #864, #1582, #2086, #3219, #697, #2921, #1183, #2159, #1029, #1597, #1171, #519, #3032, #2841, #3192, #2448 ) ) ;
#2321 = FILL_AREA_STYLE_COLOUR ( '', #736 ) ;
#2322 = VERTEX_POINT ( 'NONE', #1459 ) ;
#2323 = EDGE_CURVE ( 'NONE', #2007, #954, #215, .T. ) ;
#2324 = ADVANCED_FACE ( 'NONE', ( #1494 ), #733, .F. ) ;
#2325 = PRESENTATION_STYLE_ASSIGNMENT (( #2052 ) ) ;
#2326 =( NAMED_UNIT ( * ) PLANE_ANGLE_UNIT ( ) SI_UNIT ( $, .RADIAN. ) );
#2327 = DIRECTION ( 'NONE',  ( -0.000000000000000000, -1.000000000000000000, -0.000000000000000000 ) ) ;
#2328 = ORIENTED_EDGE ( 'NONE', *, *, #1242, .F. ) ;
#2329 = FACE_OUTER_BOUND ( 'NONE', #2137, .T. ) ;
#2330 = DIRECTION ( 'NONE',  ( 5.421010862427529073E-16, 0.000000000000000000, -1.000000000000000000 ) ) ;
#2331 = DIRECTION ( 'NONE',  ( -1.084202172485506406E-15, 0.000000000000000000, 1.000000000000000000 ) ) ;
#2332 = ORIENTED_EDGE ( 'NONE', *, *, #8, .F. ) ;
#2333 = ORIENTED_EDGE ( 'NONE', *, *, #3003, .T. ) ;
#2334 = LINE ( 'NONE', #1013, #2510 ) ;
#2335 = FILL_AREA_STYLE_COLOUR ( '', #1359 ) ;
#2336 = VECTOR ( 'NONE', #2313, 1000.000000000000000 ) ;
#2337 = EDGE_CURVE ( 'NONE', #1546, #1738, #3012, .T. ) ;
#2338 = EDGE_CURVE ( 'NONE', #1971, #2099, #792, .T. ) ;
#2339 = AXIS2_PLACEMENT_3D ( 'NONE', #666, #1391, #1177 ) ;
#2340 = EDGE_LOOP ( 'NONE', ( #308, #992, #471, #919 ) ) ;
#2341 = PRESENTATION_STYLE_ASSIGNMENT (( #2559 ) ) ;
#2342 = COLOUR_RGB ( '',0.2980392156862745057, 0.2980392156862745057, 0.2980392156862745057 ) ;
#2343 = VECTOR ( 'NONE', #1457, 1000.000000000000000 ) ;
#2344 = CARTESIAN_POINT ( 'NONE',  ( 1.145000000000002016, 0.9000000000000001332, 1.100000000000000311 ) ) ;
#2345 = CARTESIAN_POINT ( 'NONE',  ( -1.144999999999999796, 1.100000000000000089, -6.207057437479518801E-16 ) ) ;
#2346 = CARTESIAN_POINT ( 'NONE',  ( 1.699999999999999734, 1.100000000000000089, -1.699999999999999734 ) ) ;
#2347 = VECTOR ( 'NONE', #2476, 1000.000000000000000 ) ;
#2348 = ORIENTED_EDGE ( 'NONE', *, *, #365, .F. ) ;
#2349 = DIRECTION ( 'NONE',  ( 0.000000000000000000, 0.000000000000000000, -1.000000000000000000 ) ) ;
#2350 = CARTESIAN_POINT ( 'NONE',  ( 0.1549999999999994438, 0.9000000000000001332, -1.300000000000000044 ) ) ;
#2351 = DIRECTION ( 'NONE',  ( 3.594040350780678897E-16, 0.000000000000000000, -1.000000000000000000 ) ) ;
#2352 = CARTESIAN_POINT ( 'NONE',  ( -1.144999999999999796, 0.9000000000000001332, -6.207057437479518801E-16 ) ) ;
#2353 = ORIENTED_EDGE ( 'NONE', *, *, #675, .F. ) ;
#2354 = ORIENTED_EDGE ( 'NONE', *, *, #2054, .F. ) ;
#2355 = SURFACE_STYLE_FILL_AREA ( #1368 ) ;
#2356 = ADVANCED_FACE ( 'NONE', ( #2051 ), #1019, .F. ) ;
#2357 = VERTEX_POINT ( 'NONE', #774 ) ;
#2358 = COLOUR_RGB ( '',0.7921568627450980005, 0.8196078431372548767, 0.9333333333333333481 ) ;
#2359 = AXIS2_PLACEMENT_3D ( 'NONE', #69, #2742, #2544 ) ;
#2360 = LINE ( 'NONE', #2855, #2716 ) ;
#2361 =( GEOMETRIC_REPRESENTATION_CONTEXT ( 3 ) GLOBAL_UNCERTAINTY_ASSIGNED_CONTEXT ( ( #975 ) ) GLOBAL_UNIT_ASSIGNED_CONTEXT ( ( #2146, #1162, #1923 ) ) REPRESENTATION_CONTEXT ( 'NONE', 'WORKASPACE' ) );
#2362 = CARTESIAN_POINT ( 'NONE',  ( 0.1549999999999994438, 1.100000000000000089, -1.300000000000000044 ) ) ;
#2363 = CARTESIAN_POINT ( 'NONE',  ( 0.8050000000000003819, 1.100000000000000089, -1.699999999999999512 ) ) ;
#2364 = ORIENTED_EDGE ( 'NONE', *, *, #765, .F. ) ;
#2365 =( NAMED_UNIT ( * ) SI_UNIT ( $, .STERADIAN. ) SOLID_ANGLE_UNIT ( ) );
#2366 = SURFACE_STYLE_USAGE ( .BOTH. , #310 ) ;
#2367 = DIRECTION ( 'NONE',  ( -1.000000000000000000, 0.000000000000000000, 5.421010862427529073E-16 ) ) ;
#2368 = DIRECTION ( 'NONE',  ( -1.000000000000000000, 0.000000000000000000, 1.626303258728258820E-15 ) ) ;
#2369 = ADVANCED_FACE ( 'NONE', ( #529 ), #2533, .T. ) ;
#2370 = ADVANCED_FACE ( 'NONE', ( #1407 ), #354, .F. ) ;
#2371 = ORIENTED_EDGE ( 'NONE', *, *, #8, .T. ) ;
#2372 = LINE ( 'NONE', #641, #150 ) ;
#2373 = VECTOR ( 'NONE', #136, 1000.000000000000000 ) ;
#2374 = PRESENTATION_LAYER_ASSIGNMENT (  '', '', ( #2922 ) ) ;
#2375 = ORIENTED_EDGE ( 'NONE', *, *, #959, .T. ) ;
#2376 = CARTESIAN_POINT ( 'NONE',  ( -0.4949999999999988853, 1.100000000000000089, 1.341700188450810504E-16 ) ) ;
#2377 = PLANE ( 'NONE',  #2571 ) ;
#2378 = DIRECTION ( 'NONE',  ( 1.000000000000000000, -0.000000000000000000, 0.000000000000000000 ) ) ;
#2379 = CARTESIAN_POINT ( 'NONE',  ( 1.144999999999999574, 0.9000000000000001332, 0.5099999999999998979 ) ) ;
#2380 = EDGE_CURVE ( 'NONE', #2591, #2653, #850, .T. ) ;
#2381 = EDGE_CURVE ( 'NONE', #2653, #326, #406, .T. ) ;
#2382 = LINE ( 'NONE', #122, #1165 ) ;
#2383 = LINE ( 'NONE', #606, #716 ) ;
#2384 = ORIENTED_EDGE ( 'NONE', *, *, #172, .T. ) ;
#2385 = ORIENTED_EDGE ( 'NONE', *, *, #438, .F. ) ;
#2386 = DIRECTION ( 'NONE',  ( -3.594040350780679390E-16, 0.000000000000000000, 1.000000000000000000 ) ) ;
#2387 = SURFACE_STYLE_USAGE ( .BOTH. , #2833 ) ;
#2388 = VERTEX_POINT ( 'NONE', #1900 ) ;
#2389 = CARTESIAN_POINT ( 'NONE',  ( 0.1549999999999972233, 1.100000000000000089, -1.890577538271568035E-16 ) ) ;
#2390 = VECTOR ( 'NONE', #2536, 1000.000000000000000 ) ;
#2391 = CARTESIAN_POINT ( 'NONE',  ( 0.000000000000000000, 1.100000000000000089, -1.300000000000000044 ) ) ;
#2392 = MECHANICAL_DESIGN_GEOMETRIC_PRESENTATION_REPRESENTATION (  '', ( #1486 ), #331 ) ;
#2393 = DIRECTION ( 'NONE',  ( 1.084202172485505223E-15, 0.000000000000000000, -1.000000000000000000 ) ) ;
#2394 = ORIENTED_EDGE ( 'NONE', *, *, #2606, .F. ) ;
#2395 = CARTESIAN_POINT ( 'NONE',  ( -0.8049999999999962741, 0.9000000000000001332, 1.309174123276242068E-15 ) ) ;
#2396 = PRODUCT_RELATED_PRODUCT_CATEGORY ( 'part', '', ( #3052 ) ) ;
#2397 = VECTOR ( 'NONE', #1475, 1000.000000000000000 ) ;
#2398 = LINE ( 'NONE', #1896, #459 ) ;
#2399 = DIRECTION ( 'NONE',  ( 1.000000000000000000, 0.000000000000000000, -0.000000000000000000 ) ) ;
#2400 = VERTEX_POINT ( 'NONE', #1846 ) ;
#2401 =( LENGTH_UNIT ( ) NAMED_UNIT ( * ) SI_UNIT ( .MILLI., .METRE. ) );
#2402 = EDGE_CURVE ( 'NONE', #2263, #3062, #612, .T. ) ;
#2403 = LINE ( 'NONE', #633, #1753 ) ;
#2404 = VECTOR ( 'NONE', #827, 1000.000000000000000 ) ;
#2405 = CARTESIAN_POINT ( 'NONE',  ( 0.000000000000000000, 0.9000000000000001332, 0.000000000000000000 ) ) ;
#2406 = MECHANICAL_DESIGN_GEOMETRIC_PRESENTATION_REPRESENTATION (  '', ( #2657 ), #1190 ) ;
#2407 = COLOUR_RGB ( '',0.6666666666666666297, 0.6980392156862744724, 0.7686274509803920907 ) ;
#2408 = VECTOR ( 'NONE', #1059, 1000.000000000000000 ) ;
#2409 = FACE_OUTER_BOUND ( 'NONE', #369, .T. ) ;
#2410 =( LENGTH_UNIT ( ) NAMED_UNIT ( * ) SI_UNIT ( .MILLI., .METRE. ) );
#2411 = CARTESIAN_POINT ( 'NONE',  ( -0.8049999999999992717, 1.100000000000000089, 1.300000000000000044 ) ) ;
#2412 = CARTESIAN_POINT ( 'NONE',  ( -1.144999999999999130, 0.9000000000000001332, 1.700000000000000178 ) ) ;
#2413 = COLOUR_RGB ( '',0.6666666666666666297, 0.6980392156862744724, 0.7686274509803920907 ) ;
#2414 = EDGE_LOOP ( 'NONE', ( #314, #1476, #1666, #2679 ) ) ;
#2415 = PLANE ( 'NONE',  #1770 ) ;
#2416 = FILL_AREA_STYLE_COLOUR ( '', #213 ) ;
#2417 = EDGE_CURVE ( 'NONE', #978, #613, #3147, .T. ) ;
#2418 = VERTEX_POINT ( 'NONE', #1887 ) ;
#2419 = FILL_AREA_STYLE ('',( #2171 ) ) ;
#2420 = ORIENTED_EDGE ( 'NONE', *, *, #3120, .T. ) ;
#2421 = DIRECTION ( 'NONE',  ( -1.000000000000000000, 0.000000000000000000, 0.000000000000000000 ) ) ;
#2422 = EDGE_CURVE ( 'NONE', #1382, #2625, #1604, .T. ) ;
#2423 = CARTESIAN_POINT ( 'NONE',  ( -0.8049999999999962741, 1.100000000000000089, 1.309174123276242068E-15 ) ) ;
#2424 = VECTOR ( 'NONE', #2204, 1000.000000000000000 ) ;
#2425 = PRESENTATION_STYLE_ASSIGNMENT (( #3108 ) ) ;
#2426 = DIRECTION ( 'NONE',  ( 1.084202172485506406E-15, 0.000000000000000000, -1.000000000000000000 ) ) ;
#2427 = DIRECTION ( 'NONE',  ( 1.000000000000000000, 0.000000000000000000, 0.000000000000000000 ) ) ;
#2428 = DIRECTION ( 'NONE',  ( -0.000000000000000000, 1.000000000000000000, -0.000000000000000000 ) ) ;
#2429 = FILL_AREA_STYLE ('',( #1416 ) ) ;
#2430 = SURFACE_STYLE_USAGE ( .BOTH. , #2930 ) ;
#2431 = ORIENTED_EDGE ( 'NONE', *, *, #2269, .T. ) ;
#2432 = ORIENTED_EDGE ( 'NONE', *, *, #2652, .F. ) ;
#2433 = ORIENTED_EDGE ( 'NONE', *, *, #509, .F. ) ;
#2434 = EDGE_CURVE ( 'NONE', #2970, #731, #372, .T. ) ;
#2435 = DIRECTION ( 'NONE',  ( -1.000000000000000000, 0.000000000000000000, 2.710505431213764536E-16 ) ) ;
#2436 = ADVANCED_FACE ( 'NONE', ( #116 ), #1109, .F. ) ;
#2437 = ORIENTED_EDGE ( 'NONE', *, *, #3000, .F. ) ;
#2438 = DIRECTION ( 'NONE',  ( -1.000000000000000000, 0.000000000000000000, 0.000000000000000000 ) ) ;
#2439 = LINE ( 'NONE', #184, #1030 ) ;
#2440 = VECTOR ( 'NONE', #457, 1000.000000000000000 ) ;
#2441 = CARTESIAN_POINT ( 'NONE',  ( -0.4949999999999988853, 0.9000000000000001332, 1.341700188450810504E-16 ) ) ;
#2442 = DIRECTION ( 'NONE',  ( 0.000000000000000000, 0.000000000000000000, -1.000000000000000000 ) ) ;
#2443 = LINE ( 'NONE', #1427, #855 ) ;
#2444 = VECTOR ( 'NONE', #1699, 1000.000000000000000 ) ;
#2445 = DIRECTION ( 'NONE',  ( -5.421010862427526114E-16, 0.000000000000000000, 1.000000000000000000 ) ) ;
#2446 = ORIENTED_EDGE ( 'NONE', *, *, #2471, .T. ) ;
#2447 = PRESENTATION_STYLE_ASSIGNMENT (( #2203 ) ) ;
#2448 = ORIENTED_EDGE ( 'NONE', *, *, #373, .T. ) ;
#2449 = CARTESIAN_POINT ( 'NONE',  ( 0.4949999999999995515, 1.100000000000000089, 1.500000000000000000 ) ) ;
#2450 = DIRECTION ( 'NONE',  ( 1.000000000000000000, -0.000000000000000000, 0.000000000000000000 ) ) ;
#2451 = VERTEX_POINT ( 'NONE', #2935 ) ;
#2452 = DIRECTION ( 'NONE',  ( 0.000000000000000000, 0.000000000000000000, -1.000000000000000000 ) ) ;
#2453 = CARTESIAN_POINT ( 'NONE',  ( 0.000000000000000000, 0.9000000000000001332, -1.300000000000000044 ) ) ;
#2454 =( LENGTH_UNIT ( ) NAMED_UNIT ( * ) SI_UNIT ( .MILLI., .METRE. ) );
#2455 = SURFACE_STYLE_FILL_AREA ( #1499 ) ;
#2456 = CARTESIAN_POINT ( 'NONE',  ( -0.1550000000000002487, 1.100000000000000089, -8.402566836762679085E-17 ) ) ;
#2457 =( GEOMETRIC_REPRESENTATION_CONTEXT ( 3 ) GLOBAL_UNCERTAINTY_ASSIGNED_CONTEXT ( ( #1996 ) ) GLOBAL_UNIT_ASSIGNED_CONTEXT ( ( #433, #450, #1651 ) ) REPRESENTATION_CONTEXT ( 'NONE', 'WORKASPACE' ) );
#2458 =( GEOMETRIC_REPRESENTATION_CONTEXT ( 3 ) GLOBAL_UNCERTAINTY_ASSIGNED_CONTEXT ( ( #1006 ) ) GLOBAL_UNIT_ASSIGNED_CONTEXT ( ( #1581, #1093, #2105 ) ) REPRESENTATION_CONTEXT ( 'NONE', 'WORKASPACE' ) );
#2459 = ORIENTED_EDGE ( 'NONE', *, *, #1888, .T. ) ;
#2460 = CARTESIAN_POINT ( 'NONE',  ( -1.144999999999999130, 1.100000000000000089, 0.5100000000000002309 ) ) ;
#2461 = EDGE_CURVE ( 'NONE', #326, #1369, #212, .T. ) ;
#2462 = SURFACE_STYLE_USAGE ( .BOTH. , #3208 ) ;
#2463 = CARTESIAN_POINT ( 'NONE',  ( 1.365560926821136389, 0.000000000000000000, 1.334740975347745273 ) ) ;
#2464 =( GEOMETRIC_REPRESENTATION_CONTEXT ( 3 ) GLOBAL_UNCERTAINTY_ASSIGNED_CONTEXT ( ( #3188 ) ) GLOBAL_UNIT_ASSIGNED_CONTEXT ( ( #2528, #1548, #2317 ) ) REPRESENTATION_CONTEXT ( 'NONE', 'WORKASPACE' ) );
#2465 = ORIENTED_EDGE ( 'NONE', *, *, #2120, .F. ) ;
#2466 = DIRECTION ( 'NONE',  ( 2.168404344971011629E-15, 0.000000000000000000, -1.000000000000000000 ) ) ;
#2467 = CARTESIAN_POINT ( 'NONE',  ( 0.000000000000000000, 1.100000000000000089, 1.100000000000000311 ) ) ;
#2468 = ORIENTED_EDGE ( 'NONE', *, *, #2957, .F. ) ;
#2469 = CARTESIAN_POINT ( 'NONE',  ( -1.144999999999999796, 0.9000000000000001332, -6.207057437479518801E-16 ) ) ;
#2470 = CARTESIAN_POINT ( 'NONE',  ( -0.4949999999999979416, 0.9000000000000001332, 1.100000000000000311 ) ) ;
#2471 = EDGE_CURVE ( 'NONE', #1501, #2899, #1704, .T. ) ;
#2472 = SURFACE_STYLE_FILL_AREA ( #1232 ) ;
#2473 = FILL_AREA_STYLE ('',( #445 ) ) ;
#2474 = DIRECTION ( 'NONE',  ( 0.000000000000000000, -0.000000000000000000, 1.000000000000000000 ) ) ;
#2475 = EDGE_CURVE ( 'NONE', #2970, #2270, #2001, .T. ) ;
#2476 = DIRECTION ( 'NONE',  ( -1.000000000000000000, -0.000000000000000000, -0.000000000000000000 ) ) ;
#2477 = ADVANCED_FACE ( 'NONE', ( #2260 ), #1226, .F. ) ;
#2478 = DIRECTION ( 'NONE',  ( -1.000000000000000000, 0.000000000000000000, -0.000000000000000000 ) ) ;
#2479 =( NAMED_UNIT ( * ) PLANE_ANGLE_UNIT ( ) SI_UNIT ( $, .RADIAN. ) );
#2480 = FILL_AREA_STYLE_COLOUR ( '', #402 ) ;
#2481 = ORIENTED_EDGE ( 'NONE', *, *, #1586, .F. ) ;
#2482 = FILL_AREA_STYLE_COLOUR ( '', #1621 ) ;
#2483 = ORIENTED_EDGE ( 'NONE', *, *, #2196, .F. ) ;
#2484 = FILL_AREA_STYLE_COLOUR ( '', #1911 ) ;
#2485 = DIRECTION ( 'NONE',  ( 1.000000000000000000, -0.000000000000000000, 0.000000000000000000 ) ) ;
#2486 = CARTESIAN_POINT ( 'NONE',  ( -0.1549999999999961964, 0.9000000000000001332, -2.100641709190617263E-16 ) ) ;
#2487 = VECTOR ( 'NONE', #2438, 1000.000000000000000 ) ;
#2488 = PRESENTATION_STYLE_ASSIGNMENT (( #2550 ) ) ;
#2489 = DIRECTION ( 'NONE',  ( 2.168404344971011629E-15, 0.000000000000000000, -1.000000000000000000 ) ) ;
#2490 = ORIENTED_EDGE ( 'NONE', *, *, #3134, .T. ) ;
#2491 = ORIENTED_EDGE ( 'NONE', *, *, #2888, .F. ) ;
#2492 = PLANE ( 'NONE',  #2636 ) ;
#2493 = VECTOR ( 'NONE', #597, 1000.000000000000000 ) ;
#2494 = VERTEX_POINT ( 'NONE', #6 ) ;
#2495 = FILL_AREA_STYLE ('',( #789 ) ) ;
#2496 = DIRECTION ( 'NONE',  ( 1.626303258728258820E-15, 0.000000000000000000, 1.000000000000000000 ) ) ;
#2497 = ORIENTED_EDGE ( 'NONE', *, *, #2775, .F. ) ;
#2498 = FILL_AREA_STYLE ('',( #259 ) ) ;
#2499 = CARTESIAN_POINT ( 'NONE',  ( 1.084202172485504434E-15, 0.9000000000000001332, 1.699999999999999734 ) ) ;
#2500 = EDGE_CURVE ( 'NONE', #64, #1160, #2694, .T. ) ;
#2501 = DIRECTION ( 'NONE',  ( 1.000000000000000000, 0.000000000000000000, 1.355252715606882909E-15 ) ) ;
#2502 = SURFACE_STYLE_FILL_AREA ( #1498 ) ;
#2503 = FACE_OUTER_BOUND ( 'NONE', #1051, .T. ) ;
#2504 = CARTESIAN_POINT ( 'NONE',  ( 0.1549999999999994438, 0.9000000000000001332, -1.300000000000000044 ) ) ;
#2505 = EDGE_LOOP ( 'NONE', ( #702, #2332, #575, #899 ) ) ;
#2506 = SURFACE_SIDE_STYLE ('',( #451 ) ) ;
#2507 = DIRECTION ( 'NONE',  ( 1.355252715606882909E-15, 0.000000000000000000, -1.000000000000000000 ) ) ;
#2508 = LINE ( 'NONE', #1484, #3047 ) ;
#2509 = COLOUR_RGB ( '',0.6666666666666666297, 0.6980392156862744724, 0.7686274509803920907 ) ;
#2510 = VECTOR ( 'NONE', #3037, 1000.000000000000000 ) ;
#2511 = MECHANICAL_DESIGN_GEOMETRIC_PRESENTATION_REPRESENTATION (  '', ( #2658 ), #2916 ) ;
#2512 = COLOUR_RGB ( '',0.6666666666666666297, 0.6980392156862744724, 0.7686274509803920907 ) ;
#2513 =( NAMED_UNIT ( * ) PLANE_ANGLE_UNIT ( ) SI_UNIT ( $, .RADIAN. ) );
#2514 = DIRECTION ( 'NONE',  ( -5.421010862427529073E-16, 0.000000000000000000, 1.000000000000000000 ) ) ;
#2515 = EDGE_CURVE ( 'NONE', #425, #1141, #1212, .T. ) ;
#2516 = VECTOR ( 'NONE', #738, 1000.000000000000000 ) ;
#2517 = VERTEX_POINT ( 'NONE', #489 ) ;
#2518 = DIRECTION ( 'NONE',  ( 1.000000000000000000, 0.000000000000000000, -1.420352191029046022E-16 ) ) ;
#2519 = DIRECTION ( 'NONE',  ( 1.000000000000000000, 0.000000000000000000, -6.377659838150026720E-16 ) ) ;
#2520 = CARTESIAN_POINT ( 'NONE',  ( 0.000000000000000000, 1.100000000000000089, 1.300000000000000044 ) ) ;
#2521 = EDGE_CURVE ( 'NONE', #2868, #1885, #1173, .T. ) ;
#2522 = DIRECTION ( 'NONE',  ( -2.710505431213764536E-16, 0.000000000000000000, -1.000000000000000000 ) ) ;
#2523 = DIRECTION ( 'NONE',  ( -1.219727444046194658E-15, 0.000000000000000000, -1.000000000000000000 ) ) ;
#2524 = CARTESIAN_POINT ( 'NONE',  ( 0.8049999999999970512, 1.100000000000000089, -2.181956872127075701E-15 ) ) ;
#2525 = COLOUR_RGB ( '',0.6666666666666666297, 0.6980392156862744724, 0.7686274509803920907 ) ;
#2526 = EDGE_LOOP ( 'NONE', ( #1984, #2777, #3156, #1150 ) ) ;
#2527 =( NAMED_UNIT ( * ) SI_UNIT ( $, .STERADIAN. ) SOLID_ANGLE_UNIT ( ) );
#2528 =( LENGTH_UNIT ( ) NAMED_UNIT ( * ) SI_UNIT ( .MILLI., .METRE. ) );
#2529 = DIRECTION ( 'NONE',  ( 0.000000000000000000, 0.000000000000000000, 1.000000000000000000 ) ) ;
#2530 = CARTESIAN_POINT ( 'NONE',  ( 0.8050000000000008260, 0.9000000000000001332, -2.181956872127082604E-16 ) ) ;
#2531 = EDGE_CURVE ( 'NONE', #2451, #113, #3212, .T. ) ;
#2532 = VERTEX_POINT ( 'NONE', #979 ) ;
#2533 = PLANE ( 'NONE',  #134 ) ;
#2534 = SURFACE_STYLE_FILL_AREA ( #2578 ) ;
#2535 = FILL_AREA_STYLE ('',( #1524 ) ) ;
#2536 = DIRECTION ( 'NONE',  ( -1.000000000000000000, 0.000000000000000000, 0.000000000000000000 ) ) ;
#2537 =( NAMED_UNIT ( * ) SI_UNIT ( $, .STERADIAN. ) SOLID_ANGLE_UNIT ( ) );
#2538 = ORIENTED_EDGE ( 'NONE', *, *, #2651, .F. ) ;
#2539 = LINE ( 'NONE', #602, #562 ) ;
#2540 = CARTESIAN_POINT ( 'NONE',  ( -1.700000000000000178, 1.100000000000000089, -1.699999999999999734 ) ) ;
#2541 = DIRECTION ( 'NONE',  ( 1.084202172485506406E-15, 0.000000000000000000, -1.000000000000000000 ) ) ;
#2542 = VECTOR ( 'NONE', #2110, 1000.000000000000000 ) ;
#2543 = VECTOR ( 'NONE', #3088, 1000.000000000000000 ) ;
#2544 = DIRECTION ( 'NONE',  ( 1.000000000000000000, 0.000000000000000000, -0.000000000000000000 ) ) ;
#2545 = CARTESIAN_POINT ( 'NONE',  ( 0.1549999999999972233, 1.100000000000000089, -1.890577538271568035E-16 ) ) ;
#2546 = COLOUR_RGB ( '',0.6666666666666666297, 0.6980392156862744724, 0.7686274509803920907 ) ;
#2547 = VERTEX_POINT ( 'NONE', #3165 ) ;
#2548 = STYLED_ITEM ( 'NONE', ( #3125 ), #2735 ) ;
#2549 = CARTESIAN_POINT ( 'NONE',  ( 0.8050000000000003819, 0.9000000000000001332, -1.699999999999999512 ) ) ;
#2550 = SURFACE_STYLE_USAGE ( .BOTH. , #2040 ) ;
#2551 = SURFACE_STYLE_USAGE ( .BOTH. , #838 ) ;
#2552 = LINE ( 'NONE', #2564, #2745 ) ;
#2553 = UNCERTAINTY_MEASURE_WITH_UNIT (LENGTH_MEASURE( 1.000000000000000082E-05 ), #520, 'distance_accuracy_value', 'NONE');
#2554 = ORIENTED_EDGE ( 'NONE', *, *, #2635, .T. ) ;
#2555 = EDGE_CURVE ( 'NONE', #1810, #783, #1489, .T. ) ;
#2556 = VECTOR ( 'NONE', #683, 1000.000000000000000 ) ;
#2557 = PRESENTATION_LAYER_ASSIGNMENT (  '', '', ( #2145 ) ) ;
#2558 = ORIENTED_EDGE ( 'NONE', *, *, #603, .T. ) ;
#2559 = SURFACE_STYLE_USAGE ( .BOTH. , #1786 ) ;
#2560 = ORIENTED_EDGE ( 'NONE', *, *, #1643, .F. ) ;
#2561 =( GEOMETRIC_REPRESENTATION_CONTEXT ( 3 ) GLOBAL_UNCERTAINTY_ASSIGNED_CONTEXT ( ( #1957 ) ) GLOBAL_UNIT_ASSIGNED_CONTEXT ( ( #231, #2312, #60 ) ) REPRESENTATION_CONTEXT ( 'NONE', 'WORKASPACE' ) );
#2562 = DIRECTION ( 'NONE',  ( -0.000000000000000000, 1.000000000000000000, -0.000000000000000000 ) ) ;
#2563 = LINE ( 'NONE', #795, #23 ) ;
#2564 = CARTESIAN_POINT ( 'NONE',  ( 0.000000000000000000, 1.100000000000000089, 1.100000000000000311 ) ) ;
#2565 = EDGE_CURVE ( 'NONE', #1195, #2591, #1193, .T. ) ;
#2566 = ORIENTED_EDGE ( 'NONE', *, *, #2957, .T. ) ;
#2567 = PRESENTATION_STYLE_ASSIGNMENT (( #2825 ) ) ;
#2568 = FACE_OUTER_BOUND ( 'NONE', #482, .T. ) ;
#2569 =( NAMED_UNIT ( * ) PLANE_ANGLE_UNIT ( ) SI_UNIT ( $, .RADIAN. ) );
#2570 = EDGE_CURVE ( 'NONE', #3094, #871, #473, .T. ) ;
#2571 = AXIS2_PLACEMENT_3D ( 'NONE', #3086, #2127, #1110 ) ;
#2572 = VERTEX_POINT ( 'NONE', #2976 ) ;
#2573 = ORIENTED_EDGE ( 'NONE', *, *, #3173, .T. ) ;
#2574 = CARTESIAN_POINT ( 'NONE',  ( -1.144999999999999130, 0.9000000000000001332, 1.700000000000000178 ) ) ;
#2575 = DIRECTION ( 'NONE',  ( 1.000000000000000000, 0.000000000000000000, -0.000000000000000000 ) ) ;
#2576 = ORIENTED_EDGE ( 'NONE', *, *, #223, .F. ) ;
#2577 =( NAMED_UNIT ( * ) PLANE_ANGLE_UNIT ( ) SI_UNIT ( $, .RADIAN. ) );
#2578 = FILL_AREA_STYLE ('',( #2021 ) ) ;
#2579 = CARTESIAN_POINT ( 'NONE',  ( 0.4949999999999988853, 1.100000000000000089, -1.300000000000000044 ) ) ;
#2580 = FILL_AREA_STYLE_COLOUR ( '', #2894 ) ;
#2581 = ORIENTED_EDGE ( 'NONE', *, *, #1185, .F. ) ;
#2582 = DIRECTION ( 'NONE',  ( 0.000000000000000000, -0.000000000000000000, 1.000000000000000000 ) ) ;
#2583 =( NAMED_UNIT ( * ) SI_UNIT ( $, .STERADIAN. ) SOLID_ANGLE_UNIT ( ) );
#2584 =( LENGTH_UNIT ( ) NAMED_UNIT ( * ) SI_UNIT ( .MILLI., .METRE. ) );
#2585 = DIRECTION ( 'NONE',  ( -0.000000000000000000, -1.000000000000000000, -0.000000000000000000 ) ) ;
#2586 = STYLED_ITEM ( 'NONE', ( #1048 ), #1480 ) ;
#2587 = ORIENTED_EDGE ( 'NONE', *, *, #51, .T. ) ;
#2588 = CARTESIAN_POINT ( 'NONE',  ( -0.1549999999999961964, 1.100000000000000089, -2.100641709190617263E-16 ) ) ;
#2589 = LINE ( 'NONE', #315, #1736 ) ;
#2590 = VECTOR ( 'NONE', #2617, 1000.000000000000000 ) ;
#2591 = VERTEX_POINT ( 'NONE', #756 ) ;
#2592 = CARTESIAN_POINT ( 'NONE',  ( 1.699999999999999734, 1.100000000000000089, -1.699999999999999734 ) ) ;
#2593 = MECHANICAL_DESIGN_GEOMETRIC_PRESENTATION_REPRESENTATION (  '', ( #2181 ), #2647 ) ;
#2594 = DIRECTION ( 'NONE',  ( 1.000000000000000000, 0.000000000000000000, 0.000000000000000000 ) ) ;
#2595 = LINE ( 'NONE', #2041, #1797 ) ;
#2596 = EDGE_CURVE ( 'NONE', #2225, #2451, #696, .T. ) ;
#2597 = ORIENTED_EDGE ( 'NONE', *, *, #365, .T. ) ;
#2598 = ORIENTED_EDGE ( 'NONE', *, *, #480, .T. ) ;
#2599 = CARTESIAN_POINT ( 'NONE',  ( 1.699999999999999734, 0.000000000000000000, -1.699999999999999734 ) ) ;
#2600 = CARTESIAN_POINT ( 'NONE',  ( -0.1549999999999993328, 0.9000000000000001332, -1.699999999999999734 ) ) ;
#2601 = SURFACE_STYLE_FILL_AREA ( #844 ) ;
#2602 = EDGE_LOOP ( 'NONE', ( #2136, #2611, #371, #491 ) ) ;
#2603 = EDGE_LOOP ( 'NONE', ( #160, #2958, #15, #1036 ) ) ;
#2604 = ORIENTED_EDGE ( 'NONE', *, *, #525, .T. ) ;
#2605 = EDGE_CURVE ( 'NONE', #2306, #1573, #745, .T. ) ;
#2606 = EDGE_CURVE ( 'NONE', #1141, #3014, #1950, .T. ) ;
#2607 = PRESENTATION_LAYER_ASSIGNMENT (  '', '', ( #1189 ) ) ;
#2608 = LINE ( 'NONE', #356, #1050 ) ;
#2609 = COLOUR_RGB ( '',0.2980392156862745057, 0.2980392156862745057, 0.2980392156862745057 ) ;
#2610 = CARTESIAN_POINT ( 'NONE',  ( -0.8049999999999962741, 1.100000000000000089, 1.309174123276242068E-15 ) ) ;
#2611 = ORIENTED_EDGE ( 'NONE', *, *, #2635, .F. ) ;
#2612 = CARTESIAN_POINT ( 'NONE',  ( 0.8050000000000017142, 0.9000000000000001332, 1.699999999999999512 ) ) ;
#2613 = UNCERTAINTY_MEASURE_WITH_UNIT (LENGTH_MEASURE( 1.000000000000000082E-05 ), #541, 'distance_accuracy_value', 'NONE');
#2614 = COLOUR_RGB ( '',0.6666666666666666297, 0.6980392156862744724, 0.7686274509803920907 ) ;
#2615 = CARTESIAN_POINT ( 'NONE',  ( 0.000000000000000000, 0.000000000000000000, 0.000000000000000000 ) ) ;
#2616 =( LENGTH_UNIT ( ) NAMED_UNIT ( * ) SI_UNIT ( .MILLI., .METRE. ) );
#2617 = DIRECTION ( 'NONE',  ( -0.000000000000000000, -1.000000000000000000, -0.000000000000000000 ) ) ;
#2618 = FACE_OUTER_BOUND ( 'NONE', #1388, .T. ) ;
#2619 = ORIENTED_EDGE ( 'NONE', *, *, #1117, .T. ) ;
#2620 = ORIENTED_EDGE ( 'NONE', *, *, #1538, .T. ) ;
#2621 = PLANE ( 'NONE',  #2257 ) ;
#2622 =( NAMED_UNIT ( * ) PLANE_ANGLE_UNIT ( ) SI_UNIT ( $, .RADIAN. ) );
#2623 = COLOUR_RGB ( '',0.6666666666666666297, 0.6980392156862744724, 0.7686274509803920907 ) ;
#2624 = AXIS2_PLACEMENT_3D ( 'NONE', #642, #194, #2399 ) ;
#2625 = VERTEX_POINT ( 'NONE', #1722 ) ;
#2626 = DIRECTION ( 'NONE',  ( -0.000000000000000000, 1.000000000000000000, -0.000000000000000000 ) ) ;
#2627 = CARTESIAN_POINT ( 'NONE',  ( 0.4949999999999988853, 1.100000000000000089, -1.300000000000000044 ) ) ;
#2628 = CARTESIAN_POINT ( 'NONE',  ( -0.4949999999999993294, 1.100000000000000089, -1.699999999999999512 ) ) ;
#2629 = LINE ( 'NONE', #1135, #542 ) ;
#2630 = DIRECTION ( 'NONE',  ( -1.000000000000000000, 0.000000000000000000, -5.421010862427526114E-16 ) ) ;
#2631 = ORIENTED_EDGE ( 'NONE', *, *, #427, .T. ) ;
#2632 = CARTESIAN_POINT ( 'NONE',  ( 0.1549999999999997768, 1.100000000000000089, -4.201283418381326600E-17 ) ) ;
#2633 = CARTESIAN_POINT ( 'NONE',  ( 1.699999999999999734, 1.100000000000000089, -1.699999999999999734 ) ) ;
#2634 = AXIS2_PLACEMENT_3D ( 'NONE', #1300, #2318, #1060 ) ;
#2635 = EDGE_CURVE ( 'NONE', #2868, #3214, #347, .T. ) ;
#2636 = AXIS2_PLACEMENT_3D ( 'NONE', #470, #2952, #269 ) ;
#2637 = ORIENTED_EDGE ( 'NONE', *, *, #1705, .T. ) ;
#2638 = DIRECTION ( 'NONE',  ( 2.710505431213764536E-16, 0.000000000000000000, 1.000000000000000000 ) ) ;
#2639 = AXIS2_PLACEMENT_3D ( 'NONE', #822, #1099, #1572 ) ;
#2640 = PLANE ( 'NONE',  #2339 ) ;
#2641 = ORIENTED_EDGE ( 'NONE', *, *, #675, .T. ) ;
#2642 = UNCERTAINTY_MEASURE_WITH_UNIT (LENGTH_MEASURE( 1.000000000000000082E-05 ), #1943, 'distance_accuracy_value', 'NONE');
#2643 = DIRECTION ( 'NONE',  ( 1.000000000000000000, 0.000000000000000000, -0.000000000000000000 ) ) ;
#2644 = CARTESIAN_POINT ( 'NONE',  ( -0.4949999999999979416, 1.100000000000000089, 0.000000000000000000 ) ) ;
#2645 = DIRECTION ( 'NONE',  ( -0.000000000000000000, -1.000000000000000000, -0.000000000000000000 ) ) ;
#2646 = EDGE_CURVE ( 'NONE', #3204, #783, #3111, .T. ) ;
#2647 =( GEOMETRIC_REPRESENTATION_CONTEXT ( 3 ) GLOBAL_UNCERTAINTY_ASSIGNED_CONTEXT ( ( #1953 ) ) GLOBAL_UNIT_ASSIGNED_CONTEXT ( ( #3133, #1419, #999 ) ) REPRESENTATION_CONTEXT ( 'NONE', 'WORKASPACE' ) );
#2648 = VERTEX_POINT ( 'NONE', #590 ) ;
#2649 = CARTESIAN_POINT ( 'NONE',  ( 0.8050000000000008260, 1.100000000000000089, -2.181956872127082604E-16 ) ) ;
#2650 =( NAMED_UNIT ( * ) SI_UNIT ( $, .STERADIAN. ) SOLID_ANGLE_UNIT ( ) );
#2651 = EDGE_CURVE ( 'NONE', #813, #2711, #3092, .T. ) ;
#2652 = EDGE_CURVE ( 'NONE', #1603, #1308, #507, .T. ) ;
#2653 = VERTEX_POINT ( 'NONE', #2032 ) ;
#2654 = ORIENTED_EDGE ( 'NONE', *, *, #2122, .T. ) ;
#2655 = CARTESIAN_POINT ( 'NONE',  ( 1.365560926821136389, 0.000000000000000000, 1.440020048668496422 ) ) ;
#2656 = FACE_OUTER_BOUND ( 'NONE', #982, .T. ) ;
#2657 = STYLED_ITEM ( 'NONE', ( #1062 ), #10 ) ;
#2658 = STYLED_ITEM ( 'NONE', ( #2325 ), #913 ) ;
#2659 = FILL_AREA_STYLE ('',( #141 ) ) ;
#2660 = PLANE ( 'NONE',  #1820 ) ;
#2661 = DIRECTION ( 'NONE',  ( -1.000000000000000000, 0.000000000000000000, -3.594040350780679390E-16 ) ) ;
#2662 = MECHANICAL_DESIGN_GEOMETRIC_PRESENTATION_REPRESENTATION (  '', ( #465 ), #2805 ) ;
#2663 = EDGE_CURVE ( 'NONE', #1607, #312, #330, .T. ) ;
#2664 = ADVANCED_FACE ( 'NONE', ( #1860 ), #2290, .T. ) ;
#2665 = FILL_AREA_STYLE_COLOUR ( '', #777 ) ;
#2666 = CARTESIAN_POINT ( 'NONE',  ( 0.4949999999999995515, 1.100000000000000089, 1.500000000000000000 ) ) ;
#2667 = DIRECTION ( 'NONE',  ( 0.000000000000000000, 1.000000000000000000, 0.000000000000000000 ) ) ;
#2668 = EDGE_LOOP ( 'NONE', ( #1749, #432, #1552, #1529 ) ) ;
#2669 = COLOUR_RGB ( '',0.6666666666666666297, 0.6980392156862744724, 0.7686274509803920907 ) ;
#2670 = VERTEX_POINT ( 'NONE', #1506 ) ;
#2671 = VERTEX_POINT ( 'NONE', #2848 ) ;
#2672 =( NAMED_UNIT ( * ) PLANE_ANGLE_UNIT ( ) SI_UNIT ( $, .RADIAN. ) );
#2673 = DIRECTION ( 'NONE',  ( 0.000000000000000000, 0.000000000000000000, -1.000000000000000000 ) ) ;
#2674 = LINE ( 'NONE', #2199, #2997 ) ;
#2675 = CARTESIAN_POINT ( 'NONE',  ( -0.1549999999999985001, 1.100000000000000089, 1.699999999999999734 ) ) ;
#2676 = FILL_AREA_STYLE ('',( #387 ) ) ;
#2677 = ORIENTED_EDGE ( 'NONE', *, *, #1644, .T. ) ;
#2678 = CARTESIAN_POINT ( 'NONE',  ( -1.700000000000000178, 0.000000000000000000, -1.699999999999999734 ) ) ;
#2679 = ORIENTED_EDGE ( 'NONE', *, *, #2092, .T. ) ;
#2680 = VECTOR ( 'NONE', #973, 1000.000000000000000 ) ;
#2681 = DIRECTION ( 'NONE',  ( 0.000000000000000000, -0.000000000000000000, 1.000000000000000000 ) ) ;
#2682 = VECTOR ( 'NONE', #2857, 1000.000000000000000 ) ;
#2683 = ADVANCED_FACE ( 'NONE', ( #2618 ), #1331, .F. ) ;
#2684 =( NAMED_UNIT ( * ) PLANE_ANGLE_UNIT ( ) SI_UNIT ( $, .RADIAN. ) );
#2685 = VECTOR ( 'NONE', #2519, 1000.000000000000000 ) ;
#2686 = ORIENTED_EDGE ( 'NONE', *, *, #225, .T. ) ;
#2687 = VECTOR ( 'NONE', #38, 1000.000000000000000 ) ;
#2688 = LINE ( 'NONE', #2708, #2801 ) ;
#2689 = CARTESIAN_POINT ( 'NONE',  ( -0.8050000000000000488, 0.9000000000000001332, 4.363913744254161263E-16 ) ) ;
#2690 = VECTOR ( 'NONE', #1759, 1000.000000000000000 ) ;
#2691 = VERTEX_POINT ( 'NONE', #99 ) ;
#2692 = VERTEX_POINT ( 'NONE', #111 ) ;
#2693 =( LENGTH_UNIT ( ) NAMED_UNIT ( * ) SI_UNIT ( .MILLI., .METRE. ) );
#2694 = LINE ( 'NONE', #2678, #2343 ) ;
#2695 = EDGE_CURVE ( 'NONE', #1382, #1590, #2275, .T. ) ;
#2696 = ORIENTED_EDGE ( 'NONE', *, *, #755, .T. ) ;
#2697 = EDGE_CURVE ( 'NONE', #198, #316, #1074, .T. ) ;
#2698 = DIRECTION ( 'NONE',  ( -5.421010862427529073E-16, 0.000000000000000000, 1.000000000000000000 ) ) ;
#2699 = DIRECTION ( 'NONE',  ( 3.594040350780678897E-16, 0.000000000000000000, -1.000000000000000000 ) ) ;
#2700 = PLANE ( 'NONE',  #1932 ) ;
#2701 = VECTOR ( 'NONE', #2737, 1000.000000000000000 ) ;
#2702 = CARTESIAN_POINT ( 'NONE',  ( -1.144999999999998908, 1.100000000000000089, -1.699999999999999512 ) ) ;
#2703 = DIRECTION ( 'NONE',  ( 0.000000000000000000, 1.000000000000000000, 0.000000000000000000 ) ) ;
#2704 = UNCERTAINTY_MEASURE_WITH_UNIT (LENGTH_MEASURE( 1.000000000000000082E-05 ), #1031, 'distance_accuracy_value', 'NONE');
#2705 = MECHANICAL_DESIGN_GEOMETRIC_PRESENTATION_REPRESENTATION (  '', ( #781 ), #1290 ) ;
#2706 = PRESENTATION_LAYER_ASSIGNMENT (  '', '', ( #2657 ) ) ;
#2707 = FILL_AREA_STYLE_COLOUR ( '', #2904 ) ;
#2708 = CARTESIAN_POINT ( 'NONE',  ( -0.8049999999999992717, 0.9000000000000001332, 1.300000000000000044 ) ) ;
#2709 =( NAMED_UNIT ( * ) SI_UNIT ( $, .STERADIAN. ) SOLID_ANGLE_UNIT ( ) );
#2710 = PRESENTATION_STYLE_ASSIGNMENT (( #522 ) ) ;
#2711 = VERTEX_POINT ( 'NONE', #830 ) ;
#2712 = CARTESIAN_POINT ( 'NONE',  ( -0.4949999999999992184, 1.100000000000000089, -1.300000000000000044 ) ) ;
#2713 = CARTESIAN_POINT ( 'NONE',  ( -1.084202172485504237E-15, 0.9000000000000001332, -1.699999999999999734 ) ) ;
#2714 = ORIENTED_EDGE ( 'NONE', *, *, #926, .T. ) ;
#2715 = DIRECTION ( 'NONE',  ( -0.000000000000000000, 1.000000000000000000, -0.000000000000000000 ) ) ;
#2716 = VECTOR ( 'NONE', #2839, 1000.000000000000000 ) ;
#2717 = DIRECTION ( 'NONE',  ( -1.000000000000000000, 0.000000000000000000, 0.000000000000000000 ) ) ;
#2718 = PLANE ( 'NONE',  #1565 ) ;
#2719 = LINE ( 'NONE', #1265, #490 ) ;
#2720 = DIRECTION ( 'NONE',  ( -0.000000000000000000, 1.000000000000000000, -0.000000000000000000 ) ) ;
#2721 = ORIENTED_EDGE ( 'NONE', *, *, #1242, .T. ) ;
#2722 = LINE ( 'NONE', #2666, #202 ) ;
#2723 = DIRECTION ( 'NONE',  ( -1.219727444046194658E-15, 0.000000000000000000, -1.000000000000000000 ) ) ;
#2724 = EDGE_LOOP ( 'NONE', ( #1687, #1260, #1156, #1869 ) ) ;
#2725 = CARTESIAN_POINT ( 'NONE',  ( -0.4949999999999988853, 1.100000000000000089, 1.341700188450810504E-16 ) ) ;
#2726 = EDGE_CURVE ( 'NONE', #2225, #1580, #2383, .T. ) ;
#2727 = ORIENTED_EDGE ( 'NONE', *, *, #336, .T. ) ;
#2728 =( NAMED_UNIT ( * ) PLANE_ANGLE_UNIT ( ) SI_UNIT ( $, .RADIAN. ) );
#2729 = UNCERTAINTY_MEASURE_WITH_UNIT (LENGTH_MEASURE( 1.000000000000000082E-05 ), #2134, 'distance_accuracy_value', 'NONE');
#2730 = DIRECTION ( 'NONE',  ( 0.000000000000000000, -0.000000000000000000, 1.000000000000000000 ) ) ;
#2731 = VECTOR ( 'NONE', #375, 1000.000000000000000 ) ;
#2732 = FACE_OUTER_BOUND ( 'NONE', #2871, .T. ) ;
#2733 = PLANE ( 'NONE',  #86 ) ;
#2734 = MANIFOLD_SOLID_BREP ( 'Boss-Extrude2[1]', #1718 ) ;
#2735 = ADVANCED_FACE ( 'NONE', ( #2812 ), #3079, .F. ) ;
#2736 = ORIENTED_EDGE ( 'NONE', *, *, #3089, .F. ) ;
#2737 = DIRECTION ( 'NONE',  ( 1.000000000000000000, 0.000000000000000000, -6.377659838150026720E-16 ) ) ;
#2738 = FILL_AREA_STYLE_COLOUR ( '', #1295 ) ;
#2739 = LINE ( 'NONE', #786, #3002 ) ;
#2740 =( GEOMETRIC_REPRESENTATION_CONTEXT ( 3 ) GLOBAL_UNCERTAINTY_ASSIGNED_CONTEXT ( ( #3186 ) ) GLOBAL_UNIT_ASSIGNED_CONTEXT ( ( #41, #2577, #1337 ) ) REPRESENTATION_CONTEXT ( 'NONE', 'WORKASPACE' ) );
#2741 =( GEOMETRIC_REPRESENTATION_CONTEXT ( 3 ) GLOBAL_UNCERTAINTY_ASSIGNED_CONTEXT ( ( #2729 ) ) GLOBAL_UNIT_ASSIGNED_CONTEXT ( ( #2134, #772, #524 ) ) REPRESENTATION_CONTEXT ( 'NONE', 'WORKASPACE' ) );
#2742 = DIRECTION ( 'NONE',  ( 0.000000000000000000, 0.000000000000000000, 1.000000000000000000 ) ) ;
#2743 = DIRECTION ( 'NONE',  ( -2.710505431213764536E-16, 0.000000000000000000, -1.000000000000000000 ) ) ;
#2744 = CARTESIAN_POINT ( 'NONE',  ( 0.000000000000000000, 1.100000000000000089, -1.699999999999999512 ) ) ;
#2745 = VECTOR ( 'NONE', #1313, 1000.000000000000000 ) ;
#2746 = ADVANCED_FACE ( 'NONE', ( #448 ), #1877, .F. ) ;
#2747 = VERTEX_POINT ( 'NONE', #2675 ) ;
#2748 = ORIENTED_EDGE ( 'NONE', *, *, #47, .T. ) ;
#2749 = CARTESIAN_POINT ( 'NONE',  ( -0.1550000000000002487, 0.9000000000000001332, -8.402566836762679085E-17 ) ) ;
#2750 = PLANE ( 'NONE',  #1376 ) ;
#2751 =( NAMED_UNIT ( * ) PLANE_ANGLE_UNIT ( ) SI_UNIT ( $, .RADIAN. ) );
#2752 = EDGE_LOOP ( 'NONE', ( #3196, #1326, #967, #1227, #2394, #2190, #1245, #2354, #1314, #2560, #1157, #348, #1764, #1254, #2210, #3131 ) ) ;
#2753 = DIRECTION ( 'NONE',  ( 2.710505431213764536E-16, 0.000000000000000000, 1.000000000000000000 ) ) ;
#2754 = LINE ( 'NONE', #66, #887 ) ;
#2755 = EDGE_CURVE ( 'NONE', #2591, #2357, #1629, .T. ) ;
#2756 =( GEOMETRIC_REPRESENTATION_CONTEXT ( 3 ) GLOBAL_UNCERTAINTY_ASSIGNED_CONTEXT ( ( #2793 ) ) GLOBAL_UNIT_ASSIGNED_CONTEXT ( ( #2132, #1377, #2583 ) ) REPRESENTATION_CONTEXT ( 'NONE', 'WORKASPACE' ) );
#2757 = VERTEX_POINT ( 'NONE', #2412 ) ;
#2758 = CARTESIAN_POINT ( 'NONE',  ( -0.4949999999999984968, 1.100000000000000089, 1.699999999999999956 ) ) ;
#2759 =( NAMED_UNIT ( * ) PLANE_ANGLE_UNIT ( ) SI_UNIT ( $, .RADIAN. ) );
#2760 = VECTOR ( 'NONE', #1587, 1000.000000000000000 ) ;
#2761 = CARTESIAN_POINT ( 'NONE',  ( 0.1549999999999972233, 0.9000000000000001332, -1.890577538271568035E-16 ) ) ;
#2762 = LINE ( 'NONE', #780, #128 ) ;
#2763 = AXIS2_PLACEMENT_3D ( 'NONE', #2816, #573, #2575 ) ;
#2764 = ORIENTED_EDGE ( 'NONE', *, *, #2886, .T. ) ;
#2765 = FILL_AREA_STYLE ('',( #1046 ) ) ;
#2766 = FACE_OUTER_BOUND ( 'NONE', #30, .T. ) ;
#2767 = SURFACE_SIDE_STYLE ('',( #1257 ) ) ;
#2768 = FILL_AREA_STYLE_COLOUR ( '', #2623 ) ;
#2769 = EDGE_LOOP ( 'NONE', ( #2587, #1455, #2348, #936 ) ) ;
#2770 = FILL_AREA_STYLE ('',( #1079 ) ) ;
#2771 =( LENGTH_UNIT ( ) NAMED_UNIT ( * ) SI_UNIT ( .MILLI., .METRE. ) );
#2772 = CARTESIAN_POINT ( 'NONE',  ( 0.000000000000000000, 1.100000000000000089, 1.700000000000000178 ) ) ;
#2773 = FILL_AREA_STYLE_COLOUR ( '', #1641 ) ;
#2774 = DIRECTION ( 'NONE',  ( 0.000000000000000000, -1.000000000000000000, 0.000000000000000000 ) ) ;
#2775 = EDGE_CURVE ( 'NONE', #1392, #425, #162, .T. ) ;
#2776 = ADVANCED_FACE ( 'NONE', ( #638 ), #898, .T. ) ;
#2777 = ORIENTED_EDGE ( 'NONE', *, *, #991, .F. ) ;
#2778 = ORIENTED_EDGE ( 'NONE', *, *, #1145, .F. ) ;
#2779 = CARTESIAN_POINT ( 'NONE',  ( 0.000000000000000000, 0.9000000000000001332, 1.500000000000000000 ) ) ;
#2780 = FACE_OUTER_BOUND ( 'NONE', #906, .T. ) ;
#2781 = PRESENTATION_LAYER_ASSIGNMENT (  '', '', ( #77 ) ) ;
#2782 = CARTESIAN_POINT ( 'NONE',  ( 1.145000000000000240, 1.100000000000000089, 1.699999999999999512 ) ) ;
#2783 = EDGE_CURVE ( 'NONE', #2572, #3193, #415, .T. ) ;
#2784 = ORIENTED_EDGE ( 'NONE', *, *, #2417, .T. ) ;
#2785 =( NAMED_UNIT ( * ) PLANE_ANGLE_UNIT ( ) SI_UNIT ( $, .RADIAN. ) );
#2786 = SHAPE_DEFINITION_REPRESENTATION ( #1379, #1633 ) ;
#2787 = ADVANCED_FACE ( 'NONE', ( #2875 ), #190, .T. ) ;
#2788 = ADVANCED_FACE ( 'NONE', ( #3155 ), #1397, .T. ) ;
#2789 = FILL_AREA_STYLE ('',( #476 ) ) ;
#2790 = DIRECTION ( 'NONE',  ( 1.000000000000000000, 0.000000000000000000, -0.000000000000000000 ) ) ;
#2791 = LINE ( 'NONE', #3075, #654 ) ;
#2792 = CARTESIAN_POINT ( 'NONE',  ( -0.1549999999999993328, 0.9000000000000001332, -1.699999999999999734 ) ) ;
#2793 = UNCERTAINTY_MEASURE_WITH_UNIT (LENGTH_MEASURE( 1.000000000000000082E-05 ), #2132, 'distance_accuracy_value', 'NONE');
#2794 = VERTEX_POINT ( 'NONE', #2985 ) ;
#2795 = PLANE ( 'NONE',  #1044 ) ;
#2796 = CLOSED_SHELL ( 'NONE', ( #718, #1259, #3213, #1783, #2014, #2830, #2356, #1026, #2746, #421, #848, #809, #787, #1775, #1944, #1915, #866, #1301, #378, #1386, #927, #2135, #896, #2787, #1443, #2776, #3039, #2477, #1528, #2234, #2683, #2664, #105, #663, #3038, #3174, #240, #2138, #862, #3118, #2968 ) ) ;
#2797 = VERTEX_POINT ( 'NONE', #764 ) ;
#2798 = VERTEX_POINT ( 'NONE', #3224 ) ;
#2799 = ORIENTED_EDGE ( 'NONE', *, *, #2859, .T. ) ;
#2800 = FILL_AREA_STYLE ('',( #2321 ) ) ;
#2801 = VECTOR ( 'NONE', #2950, 1000.000000000000000 ) ;
#2802 = VECTOR ( 'NONE', #2877, 1000.000000000000000 ) ;
#2803 = MECHANICAL_DESIGN_GEOMETRIC_PRESENTATION_REPRESENTATION (  '', ( #1814 ), #299 ) ;
#2804 = EDGE_LOOP ( 'NONE', ( #376, #841, #1381, #344 ) ) ;
#2805 =( GEOMETRIC_REPRESENTATION_CONTEXT ( 3 ) GLOBAL_UNCERTAINTY_ASSIGNED_CONTEXT ( ( #449 ) ) GLOBAL_UNIT_ASSIGNED_CONTEXT ( ( #543, #763, #1541 ) ) REPRESENTATION_CONTEXT ( 'NONE', 'WORKASPACE' ) );
#2806 = PLANE ( 'NONE',  #687 ) ;
#2807 = DIRECTION ( 'NONE',  ( 0.000000000000000000, 0.000000000000000000, 1.000000000000000000 ) ) ;
#2808 = ORIENTED_EDGE ( 'NONE', *, *, #755, .F. ) ;
#2809 = LINE ( 'NONE', #2112, #2835 ) ;
#2810 = ORIENTED_EDGE ( 'NONE', *, *, #1002, .F. ) ;
#2811 = PLANE ( 'NONE',  #1987 ) ;
#2812 = FACE_OUTER_BOUND ( 'NONE', #1562, .T. ) ;
#2813 = ORIENTED_EDGE ( 'NONE', *, *, #2278, .F. ) ;
#2814 = ORIENTED_EDGE ( 'NONE', *, *, #1976, .F. ) ;
#2815 = SURFACE_SIDE_STYLE ('',( #1402 ) ) ;
#2816 = CARTESIAN_POINT ( 'NONE',  ( 0.000000000000000000, 1.100000000000000089, -1.699999999999999512 ) ) ;
#2817 = EDGE_CURVE ( 'NONE', #1366, #2099, #516, .T. ) ;
#2818 = EDGE_LOOP ( 'NONE', ( #2604, #349, #2353, #1442 ) ) ;
#2819 = ORIENTED_EDGE ( 'NONE', *, *, #1148, .T. ) ;
#2820 = SURFACE_STYLE_USAGE ( .BOTH. , #818 ) ;
#2821 = CARTESIAN_POINT ( 'NONE',  ( 0.000000000000000000, 0.9000000000000001332, 0.000000000000000000 ) ) ;
#2822 = SURFACE_STYLE_FILL_AREA ( #2095 ) ;
#2823 = UNCERTAINTY_MEASURE_WITH_UNIT (LENGTH_MEASURE( 1.000000000000000082E-05 ), #329, 'distance_accuracy_value', 'NONE');
#2824 = EDGE_LOOP ( 'NONE', ( #91, #1724, #2490, #2566, #1934, #2619, #833, #1288, #1170, #1078, #1481, #214, #273, #2641, #1007, #1898 ) ) ;
#2825 = SURFACE_STYLE_USAGE ( .BOTH. , #296 ) ;
#2826 = SURFACE_SIDE_STYLE ('',( #1839 ) ) ;
#2827 = CARTESIAN_POINT ( 'NONE',  ( 0.4950000000000012168, 1.100000000000000089, 5.366800753803269628E-16 ) ) ;
#2828 = CARTESIAN_POINT ( 'NONE',  ( -0.4949999999999979416, 1.100000000000000089, 1.100000000000000311 ) ) ;
#2829 = MECHANICAL_DESIGN_GEOMETRIC_PRESENTATION_REPRESENTATION (  '', ( #2121 ), #1424 ) ;
#2830 = ADVANCED_FACE ( 'NONE', ( #1515 ), #2733, .T. ) ;
#2831 = EDGE_LOOP ( 'NONE', ( #634, #2276, #679, #102 ) ) ;
#2832 = LINE ( 'NONE', #2649, #1398 ) ;
#2833 = SURFACE_SIDE_STYLE ('',( #2355 ) ) ;
#2834 = VECTOR ( 'NONE', #2489, 1000.000000000000000 ) ;
#2835 = VECTOR ( 'NONE', #2314, 1000.000000000000000 ) ;
#2836 = EDGE_LOOP ( 'NONE', ( #665, #2538, #802, #417 ) ) ;
#2837 = COLOUR_RGB ( '',0.2980392156862745057, 0.2980392156862745057, 0.2980392156862745057 ) ;
#2838 = VECTOR ( 'NONE', #1613, 1000.000000000000000 ) ;
#2839 = DIRECTION ( 'NONE',  ( -1.000000000000000000, -0.000000000000000000, -0.000000000000000000 ) ) ;
#2840 = CARTESIAN_POINT ( 'NONE',  ( -1.144999999999999130, 0.9000000000000001332, 0.5100000000000002309 ) ) ;
#2841 = ORIENTED_EDGE ( 'NONE', *, *, #2923, .F. ) ;
#2842 = DIRECTION ( 'NONE',  ( -0.000000000000000000, 1.000000000000000000, -0.000000000000000000 ) ) ;
#2843 = AXIS2_PLACEMENT_3D ( 'NONE', #1678, #428, #2673 ) ;
#2844 = ORIENTED_EDGE ( 'NONE', *, *, #603, .F. ) ;
#2845 = DIRECTION ( 'NONE',  ( 0.000000000000000000, 1.000000000000000000, -0.000000000000000000 ) ) ;
#2846 = FILL_AREA_STYLE ('',( #2080 ) ) ;
#2847 = DIRECTION ( 'NONE',  ( 0.000000000000000000, 0.000000000000000000, 1.000000000000000000 ) ) ;
#2848 = CARTESIAN_POINT ( 'NONE',  ( -1.144999999999998908, 1.100000000000000089, -1.699999999999999734 ) ) ;
#2849 = ORIENTED_EDGE ( 'NONE', *, *, #2471, .F. ) ;
#2850 = ORIENTED_EDGE ( 'NONE', *, *, #2886, .F. ) ;
#2851 = CARTESIAN_POINT ( 'NONE',  ( 1.145000000000003793, 1.100000000000000089, 2.482822974991816592E-15 ) ) ;
#2852 = EDGE_CURVE ( 'NONE', #191, #978, #990, .T. ) ;
#2853 = ORIENTED_EDGE ( 'NONE', *, *, #2163, .T. ) ;
#2854 = MECHANICAL_DESIGN_GEOMETRIC_PRESENTATION_REPRESENTATION (  '', ( #515 ), #886 ) ;
#2855 = CARTESIAN_POINT ( 'NONE',  ( -1.700000000000000178, 1.100000000000000089, -1.699999999999999734 ) ) ;
#2856 = VECTOR ( 'NONE', #1283, 1000.000000000000000 ) ;
#2857 = DIRECTION ( 'NONE',  ( -0.000000000000000000, -1.000000000000000000, -0.000000000000000000 ) ) ;
#2858 = UNCERTAINTY_MEASURE_WITH_UNIT (LENGTH_MEASURE( 1.000000000000000082E-05 ), #3199, 'distance_accuracy_value', 'NONE');
#2859 = EDGE_CURVE ( 'NONE', #766, #746, #3203, .T. ) ;
#2860 = CARTESIAN_POINT ( 'NONE',  ( -0.8049999999999992717, 0.9000000000000001332, 1.300000000000000044 ) ) ;
#2861 = CARTESIAN_POINT ( 'NONE',  ( 0.4949999999999993294, 1.100000000000000089, -1.699999999999999734 ) ) ;
#2862 = DIRECTION ( 'NONE',  ( -0.000000000000000000, -1.000000000000000000, -0.000000000000000000 ) ) ;
#2863 = ORIENTED_EDGE ( 'NONE', *, *, #2422, .F. ) ;
#2864 = ORIENTED_EDGE ( 'NONE', *, *, #337, .F. ) ;
#2865 = DIRECTION ( 'NONE',  ( 0.000000000000000000, -1.000000000000000000, 0.000000000000000000 ) ) ;
#2866 = AXIS2_PLACEMENT_3D ( 'NONE', #3026, #2039, #42 ) ;
#2867 = VECTOR ( 'NONE', #127, 1000.000000000000000 ) ;
#2868 = VERTEX_POINT ( 'NONE', #499 ) ;
#2869 = CARTESIAN_POINT ( 'NONE',  ( 0.000000000000000000, 0.9000000000000001332, 1.500000000000000000 ) ) ;
#2870 = FACE_OUTER_BOUND ( 'NONE', #353, .T. ) ;
#2871 = EDGE_LOOP ( 'NONE', ( #660, #2107, #1045, #209 ) ) ;
#2872 = CARTESIAN_POINT ( 'NONE',  ( -0.1549999999999982503, 1.100000000000000089, 1.500000000000000000 ) ) ;
#2873 = PRESENTATION_STYLE_ASSIGNMENT (( #719 ) ) ;
#2874 = CARTESIAN_POINT ( 'NONE',  ( 1.144999999999999796, 0.9000000000000001332, 4.115176201643876809E-16 ) ) ;
#2875 = FACE_OUTER_BOUND ( 'NONE', #1280, .T. ) ;
#2876 = EDGE_CURVE ( 'NONE', #3163, #3138, #1500, .T. ) ;
#2877 = DIRECTION ( 'NONE',  ( 1.355252715606882909E-15, 0.000000000000000000, -1.000000000000000000 ) ) ;
#2878 = PRESENTATION_LAYER_ASSIGNMENT (  '', '', ( #547 ) ) ;
#2879 = MECHANICAL_DESIGN_GEOMETRIC_PRESENTATION_REPRESENTATION (  '', ( #2010 ), #2175 ) ;
#2880 = ORIENTED_EDGE ( 'NONE', *, *, #1748, .T. ) ;
#2881 = CARTESIAN_POINT ( 'NONE',  ( -1.699999999999999734, 1.100000000000000089, 1.700000000000000178 ) ) ;
#2882 = COLOUR_RGB ( '',0.6666666666666666297, 0.6980392156862744724, 0.7686274509803920907 ) ;
#2883 = ORIENTED_EDGE ( 'NONE', *, *, #1065, .T. ) ;
#2884 = DIRECTION ( 'NONE',  ( 1.000000000000000000, -0.000000000000000000, 0.000000000000000000 ) ) ;
#2885 = DIRECTION ( 'NONE',  ( -5.421010862427526114E-16, 0.000000000000000000, 1.000000000000000000 ) ) ;
#2886 = EDGE_CURVE ( 'NONE', #441, #2547, #1234, .T. ) ;
#2887 = UNCERTAINTY_MEASURE_WITH_UNIT (LENGTH_MEASURE( 1.000000000000000082E-05 ), #958, 'distance_accuracy_value', 'NONE');
#2888 = EDGE_CURVE ( 'NONE', #3087, #2235, #2268, .T. ) ;
#2889 = AXIS2_PLACEMENT_3D ( 'NONE', #709, #2435, #1936 ) ;
#2890 = APPLICATION_CONTEXT ( 'automotive_design' ) ;
#2891 = SURFACE_STYLE_FILL_AREA ( #619 ) ;
#2892 = DIRECTION ( 'NONE',  ( -1.000000000000000000, 0.000000000000000000, -0.000000000000000000 ) ) ;
#2893 = CARTESIAN_POINT ( 'NONE',  ( 0.000000000000000000, 0.9000000000000001332, -1.300000000000000044 ) ) ;
#2894 = COLOUR_RGB ( '',0.6666666666666666297, 0.6980392156862744724, 0.7686274509803920907 ) ;
#2895 = ORIENTED_EDGE ( 'NONE', *, *, #146, .F. ) ;
#2896 = DIRECTION ( 'NONE',  ( 0.000000000000000000, 1.000000000000000000, -0.000000000000000000 ) ) ;
#2897 = LINE ( 'NONE', #1221, #2090 ) ;
#2898 =( LENGTH_UNIT ( ) NAMED_UNIT ( * ) SI_UNIT ( .MILLI., .METRE. ) );
#2899 = VERTEX_POINT ( 'NONE', #2612 ) ;
#2900 = VERTEX_POINT ( 'NONE', #2363 ) ;
#2901 = SURFACE_SIDE_STYLE ('',( #644 ) ) ;
#2902 = ORIENTED_EDGE ( 'NONE', *, *, #3036, .T. ) ;
#2903 = DIRECTION ( 'NONE',  ( -1.000000000000000000, 0.000000000000000000, 0.000000000000000000 ) ) ;
#2904 = COLOUR_RGB ( '',0.6666666666666666297, 0.6980392156862744724, 0.7686274509803920907 ) ;
#2905 = FACE_OUTER_BOUND ( 'NONE', #1390, .T. ) ;
#2906 = VECTOR ( 'NONE', #2118, 1000.000000000000000 ) ;
#2907 = STYLED_ITEM ( 'NONE', ( #1791 ), #788 ) ;
#2908 = CARTESIAN_POINT ( 'NONE',  ( -0.4949999999999992184, 1.100000000000000089, -1.300000000000000044 ) ) ;
#2909 = DIRECTION ( 'NONE',  ( -1.000000000000000000, 0.000000000000000000, -1.355252715606882909E-15 ) ) ;
#2910 = DIRECTION ( 'NONE',  ( -1.000000000000000000, 0.000000000000000000, 0.000000000000000000 ) ) ;
#2911 =( NAMED_UNIT ( * ) SI_UNIT ( $, .STERADIAN. ) SOLID_ANGLE_UNIT ( ) );
#2912 = VECTOR ( 'NONE', #2442, 1000.000000000000000 ) ;
#2913 = DIRECTION ( 'NONE',  ( 2.168404344971011629E-15, 0.000000000000000000, -1.000000000000000000 ) ) ;
#2914 = DIRECTION ( 'NONE',  ( -1.000000000000000000, 0.000000000000000000, 2.710505431213763057E-16 ) ) ;
#2915 = DIRECTION ( 'NONE',  ( 0.000000000000000000, 0.000000000000000000, -1.000000000000000000 ) ) ;
#2916 =( GEOMETRIC_REPRESENTATION_CONTEXT ( 3 ) GLOBAL_UNCERTAINTY_ASSIGNED_CONTEXT ( ( #808 ) ) GLOBAL_UNIT_ASSIGNED_CONTEXT ( ( #261, #72, #1813 ) ) REPRESENTATION_CONTEXT ( 'NONE', 'WORKASPACE' ) );
#2917 = ORIENTED_EDGE ( 'NONE', *, *, #1545, .T. ) ;
#2918 = CARTESIAN_POINT ( 'NONE',  ( 1.145000000000000240, 0.9000000000000001332, -1.699999999999999734 ) ) ;
#2919 = CARTESIAN_POINT ( 'NONE',  ( 0.000000000000000000, 0.9000000000000001332, 1.700000000000000178 ) ) ;
#2920 = EDGE_CURVE ( 'NONE', #1392, #3054, #324, .T. ) ;
#2921 = ORIENTED_EDGE ( 'NONE', *, *, #2269, .F. ) ;
#2922 = STYLED_ITEM ( 'NONE', ( #1334 ), #1230 ) ;
#2923 = EDGE_CURVE ( 'NONE', #1968, #2388, #1082, .T. ) ;
#2924 = ORIENTED_EDGE ( 'NONE', *, *, #1705, .F. ) ;
#2925 =( LENGTH_UNIT ( ) NAMED_UNIT ( * ) SI_UNIT ( .MILLI., .METRE. ) );
#2926 =( NAMED_UNIT ( * ) PLANE_ANGLE_UNIT ( ) SI_UNIT ( $, .RADIAN. ) );
#2927 = DIRECTION ( 'NONE',  ( 1.000000000000000000, 0.000000000000000000, -1.420352191029046022E-16 ) ) ;
#2928 = FILL_AREA_STYLE ('',( #701 ) ) ;
#2929 =( NAMED_UNIT ( * ) PLANE_ANGLE_UNIT ( ) SI_UNIT ( $, .RADIAN. ) );
#2930 = SURFACE_SIDE_STYLE ('',( #3160 ) ) ;
#2931 = EDGE_CURVE ( 'NONE', #191, #2547, #2074, .T. ) ;
#2932 = EDGE_CURVE ( 'NONE', #3094, #676, #2809, .T. ) ;
#2933 = ORIENTED_EDGE ( 'NONE', *, *, #2417, .F. ) ;
#2934 = LINE ( 'NONE', #708, #2978 ) ;
#2935 = CARTESIAN_POINT ( 'NONE',  ( 0.4949999999999993294, 1.100000000000000089, -1.699999999999999734 ) ) ;
#2936 = MECHANICAL_DESIGN_GEOMETRIC_PRESENTATION_REPRESENTATION (  '', ( #2586 ), #2229 ) ;
#2937 = AXIS2_PLACEMENT_3D ( 'NONE', #1531, #2989, #2541 ) ;
#2938 = ORIENTED_EDGE ( 'NONE', *, *, #2565, .F. ) ;
#2939 = LINE ( 'NONE', #2469, #2177 ) ;
#2940 = AXIS2_PLACEMENT_3D ( 'NONE', #647, #2174, #853 ) ;
#2941 = CARTESIAN_POINT ( 'NONE',  ( 0.000000000000000000, 0.9000000000000001332, -1.699999999999999512 ) ) ;
#2942 = COLOUR_RGB ( '',0.7921568627450980005, 0.8196078431372548767, 0.9333333333333333481 ) ;
#2943 = PLANE ( 'NONE',  #3019 ) ;
#2944 = SURFACE_SIDE_STYLE ('',( #1395 ) ) ;
#2945 = CARTESIAN_POINT ( 'NONE',  ( -0.8050000000000000488, 0.9000000000000001332, 4.363913744254161263E-16 ) ) ;
#2946 = SURFACE_STYLE_FILL_AREA ( #974 ) ;
#2947 = MECHANICAL_DESIGN_GEOMETRIC_PRESENTATION_REPRESENTATION (  '', ( #393 ), #2740 ) ;
#2948 = FILL_AREA_STYLE ('',( #2707 ) ) ;
#2949 = MECHANICAL_DESIGN_GEOMETRIC_PRESENTATION_REPRESENTATION (  '', ( #2548 ), #1807 ) ;
#2950 = DIRECTION ( 'NONE',  ( -0.000000000000000000, 1.000000000000000000, -0.000000000000000000 ) ) ;
#2951 = CARTESIAN_POINT ( 'NONE',  ( 1.365560926821136389, 0.01000000000000000021, 1.440020048668496422 ) ) ;
#2952 = DIRECTION ( 'NONE',  ( 1.000000000000000000, 0.000000000000000000, -2.710505431213769762E-15 ) ) ;
#2953 = VERTEX_POINT ( 'NONE', #2297 ) ;
#2954 = VERTEX_POINT ( 'NONE', #856 ) ;
#2955 =( NAMED_UNIT ( * ) SI_UNIT ( $, .STERADIAN. ) SOLID_ANGLE_UNIT ( ) );
#2956 = DIRECTION ( 'NONE',  ( -1.000000000000000000, 0.000000000000000000, 1.626303258728258820E-15 ) ) ;
#2957 = EDGE_CURVE ( 'NONE', #548, #2900, #307, .T. ) ;
#2958 = ORIENTED_EDGE ( 'NONE', *, *, #2182, .F. ) ;
#2959 = PLANE ( 'NONE',  #546 ) ;
#2960 = DIRECTION ( 'NONE',  ( 0.000000000000000000, -0.000000000000000000, 1.000000000000000000 ) ) ;
#2961 = VECTOR ( 'NONE', #1698, 1000.000000000000000 ) ;
#2962 = CARTESIAN_POINT ( 'NONE',  ( 1.144999999999999574, 1.100000000000000089, 0.5099999999999998979 ) ) ;
#2963 = DIRECTION ( 'NONE',  ( 0.000000000000000000, 0.000000000000000000, -1.000000000000000000 ) ) ;
#2964 = DIRECTION ( 'NONE',  ( -0.000000000000000000, -1.000000000000000000, -0.000000000000000000 ) ) ;
#2965 = UNCERTAINTY_MEASURE_WITH_UNIT (LENGTH_MEASURE( 1.000000000000000082E-05 ), #942, 'distance_accuracy_value', 'NONE');
#2966 =( GEOMETRIC_REPRESENTATION_CONTEXT ( 3 ) GLOBAL_UNCERTAINTY_ASSIGNED_CONTEXT ( ( #2965 ) ) GLOBAL_UNIT_ASSIGNED_CONTEXT ( ( #942, #2197, #230 ) ) REPRESENTATION_CONTEXT ( 'NONE', 'WORKASPACE' ) );
#2967 = VECTOR ( 'NONE', #2274, 1000.000000000000000 ) ;
#2968 = ADVANCED_FACE ( 'NONE', ( #3061 ), #1543, .T. ) ;
#2969 = ORIENTED_EDGE ( 'NONE', *, *, #2068, .F. ) ;
#2970 = VERTEX_POINT ( 'NONE', #1070 ) ;
#2971 = DIRECTION ( 'NONE',  ( 0.000000000000000000, 0.000000000000000000, 1.000000000000000000 ) ) ;
#2972 = FILL_AREA_STYLE ('',( #2480 ) ) ;
#2973 = STYLED_ITEM ( 'NONE', ( #1088 ), #421 ) ;
#2974 = COLOUR_RGB ( '',0.6666666666666666297, 0.6980392156862744724, 0.7686274509803920907 ) ;
#2975 = VERTEX_POINT ( 'NONE', #1852 ) ;
#2976 = CARTESIAN_POINT ( 'NONE',  ( 1.145000000000000240, 1.100000000000000089, -1.699999999999999734 ) ) ;
#2977 = VERTEX_POINT ( 'NONE', #2346 ) ;
#2978 = VECTOR ( 'NONE', #454, 1000.000000000000000 ) ;
#2979 =( NAMED_UNIT ( * ) PLANE_ANGLE_UNIT ( ) SI_UNIT ( $, .RADIAN. ) );
#2980 = EDGE_CURVE ( 'NONE', #2235, #1563, #2042, .T. ) ;
#2981 = MECHANICAL_DESIGN_GEOMETRIC_PRESENTATION_REPRESENTATION (  '', ( #1472 ), #693 ) ;
#2982 = PLANE ( 'NONE',  #152 ) ;
#2983 =( NAMED_UNIT ( * ) SI_UNIT ( $, .STERADIAN. ) SOLID_ANGLE_UNIT ( ) );
#2984 = CARTESIAN_POINT ( 'NONE',  ( -1.144999999999999130, 0.9000000000000001332, 0.5100000000000002309 ) ) ;
#2985 = CARTESIAN_POINT ( 'NONE',  ( 1.145000000000000240, 1.100000000000000089, 1.700000000000000178 ) ) ;
#2986 = VERTEX_POINT ( 'NONE', #2792 ) ;
#2987 = LINE ( 'NONE', #2008, #2304 ) ;
#2988 = LINE ( 'NONE', #1299, #1142 ) ;
#2989 = DIRECTION ( 'NONE',  ( 1.000000000000000000, 0.000000000000000000, 1.084202172485506406E-15 ) ) ;
#2990 = EDGE_CURVE ( 'NONE', #1406, #326, #3029, .T. ) ;
#2991 = FILL_AREA_STYLE ('',( #2482 ) ) ;
#2992 = CARTESIAN_POINT ( 'NONE',  ( 1.700000000000000178, 1.100000000000000089, 1.700000000000000178 ) ) ;
#2993 = ORIENTED_EDGE ( 'NONE', *, *, #2876, .F. ) ;
#2994 = CARTESIAN_POINT ( 'NONE',  ( 0.4949999999999995515, 0.9000000000000001332, 1.500000000000000000 ) ) ;
#2995 = CARTESIAN_POINT ( 'NONE',  ( 1.144999999999999574, 1.100000000000000089, 0.5099999999999998979 ) ) ;
#2996 = SURFACE_SIDE_STYLE ('',( #1497 ) ) ;
#2997 = VECTOR ( 'NONE', #879, 1000.000000000000000 ) ;
#2998 = PRESENTATION_STYLE_ASSIGNMENT (( #3027 ) ) ;
#2999 = CARTESIAN_POINT ( 'NONE',  ( 1.699999999999999734, 1.100000000000000089, -1.699999999999999734 ) ) ;
#3000 = EDGE_CURVE ( 'NONE', #1874, #2691, #1835, .T. ) ;
#3001 = DIRECTION ( 'NONE',  ( -1.000000000000000000, 0.000000000000000000, 2.710505431213769762E-15 ) ) ;
#3002 = VECTOR ( 'NONE', #2239, 1000.000000000000000 ) ;
#3003 = EDGE_CURVE ( 'NONE', #312, #1535, #2552, .T. ) ;
#3004 = UNCERTAINTY_MEASURE_WITH_UNIT (LENGTH_MEASURE( 1.000000000000000082E-05 ), #2198, 'distance_accuracy_value', 'NONE');
#3005 = VERTEX_POINT ( 'NONE', #840 ) ;
#3006 = LINE ( 'NONE', #1238, #1583 ) ;
#3007 = STYLED_ITEM ( 'NONE', ( #1005 ), #2788 ) ;
#3008 = SURFACE_STYLE_USAGE ( .BOTH. , #2767 ) ;
#3009 =( LENGTH_UNIT ( ) NAMED_UNIT ( * ) SI_UNIT ( .MILLI., .METRE. ) );
#3010 = DIRECTION ( 'NONE',  ( 0.000000000000000000, -1.000000000000000000, 0.000000000000000000 ) ) ;
#3011 = ORIENTED_EDGE ( 'NONE', *, *, #1284, .T. ) ;
#3012 = LINE ( 'NONE', #2758, #284 ) ;
#3013 = CARTESIAN_POINT ( 'NONE',  ( -0.4949999999999984968, 0.9000000000000001332, 1.699999999999999956 ) ) ;
#3014 = VERTEX_POINT ( 'NONE', #1574 ) ;
#3015 = DIRECTION ( 'NONE',  ( 0.000000000000000000, 1.000000000000000000, -0.000000000000000000 ) ) ;
#3016 = LINE ( 'NONE', #2028, #1902 ) ;
#3017 = VECTOR ( 'NONE', #2428, 1000.000000000000000 ) ;
#3018 = AXIS2_PLACEMENT_3D ( 'NONE', #1139, #883, #2386 ) ;
#3019 = AXIS2_PLACEMENT_3D ( 'NONE', #1711, #216, #1216 ) ;
#3020 = PRESENTATION_LAYER_ASSIGNMENT (  '', '', ( #300 ) ) ;
#3021 = SURFACE_STYLE_USAGE ( .BOTH. , #505 ) ;
#3022 = MECHANICAL_DESIGN_GEOMETRIC_PRESENTATION_REPRESENTATION (  '', ( #2261 ), #2561 ) ;
#3023 = EDGE_LOOP ( 'NONE', ( #1453, #148, #2969, #1318 ) ) ;
#3024 = ADVANCED_FACE ( 'NONE', ( #293 ), #617, .F. ) ;
#3025 = EDGE_CURVE ( 'NONE', #2388, #3193, #1178, .T. ) ;
#3026 = CARTESIAN_POINT ( 'NONE',  ( -1.144999999999999130, 1.100000000000000089, 0.000000000000000000 ) ) ;
#3027 = SURFACE_STYLE_USAGE ( .BOTH. , #779 ) ;
#3028 = DIRECTION ( 'NONE',  ( 1.000000000000000000, -0.000000000000000000, 0.000000000000000000 ) ) ;
#3029 = LINE ( 'NONE', #823, #2543 ) ;
#3030 = UNCERTAINTY_MEASURE_WITH_UNIT (LENGTH_MEASURE( 1.000000000000000082E-05 ), #286, 'distance_accuracy_value', 'NONE');
#3031 = AXIS2_PLACEMENT_3D ( 'NONE', #2463, #2865, #2915 ) ;
#3032 = ORIENTED_EDGE ( 'NONE', *, *, #657, .T. ) ;
#3033 = DIRECTION ( 'NONE',  ( -0.000000000000000000, -1.000000000000000000, -0.000000000000000000 ) ) ;
#3034 = SURFACE_STYLE_USAGE ( .BOTH. , #1255 ) ;
#3035 = LINE ( 'NONE', #1576, #323 ) ;
#3036 = EDGE_CURVE ( 'NONE', #1738, #3214, #1422, .T. ) ;
#3037 = DIRECTION ( 'NONE',  ( 1.000000000000000000, 0.000000000000000000, 0.000000000000000000 ) ) ;
#3038 = ADVANCED_FACE ( 'NONE', ( #2656 ), #1905, .T. ) ;
#3039 = ADVANCED_FACE ( 'NONE', ( #2160 ), #119, .T. ) ;
#3040 = ORIENTED_EDGE ( 'NONE', *, *, #2931, .F. ) ;
#3041 = FILL_AREA_STYLE_COLOUR ( '', #2942 ) ;
#3042 = LINE ( 'NONE', #291, #108 ) ;
#3043 = CARTESIAN_POINT ( 'NONE',  ( 0.000000000000000000, 1.100000000000000089, -1.699999999999999734 ) ) ;
#3044 = FILL_AREA_STYLE ('',( #2773 ) ) ;
#3045 = COLOUR_RGB ( '',0.6666666666666666297, 0.6980392156862744724, 0.7686274509803920907 ) ;
#3046 =( NAMED_UNIT ( * ) SI_UNIT ( $, .STERADIAN. ) SOLID_ANGLE_UNIT ( ) );
#3047 = VECTOR ( 'NONE', #2723, 1000.000000000000000 ) ;
#3048 = VECTOR ( 'NONE', #2903, 1000.000000000000000 ) ;
#3049 = EDGE_LOOP ( 'NONE', ( #2558, #976, #2309, #1370, #2597, #1146, #849, #266, #390, #623, #791, #3142 ) ) ;
#3050 =( NAMED_UNIT ( * ) PLANE_ANGLE_UNIT ( ) SI_UNIT ( $, .RADIAN. ) );
#3051 =( NAMED_UNIT ( * ) SI_UNIT ( $, .STERADIAN. ) SOLID_ANGLE_UNIT ( ) );
#3052 = PRODUCT ( 'ISZ24DP10LMATMA1', 'ISZ24DP10LMATMA1', '', ( #2109 ) ) ;
#3053 = VECTOR ( 'NONE', #2378, 1000.000000000000000 ) ;
#3054 = VERTEX_POINT ( 'NONE', #2628 ) ;
#3055 = PLANE ( 'NONE',  #2359 ) ;
#3056 = CARTESIAN_POINT ( 'NONE',  ( -0.4949999999999988853, 0.9000000000000001332, 1.700000000000000178 ) ) ;
#3057 = EDGE_LOOP ( 'NONE', ( #2220, #577, #319, #2262 ) ) ;
#3058 = COLOUR_RGB ( '',0.2980392156862745057, 0.2980392156862745057, 0.2980392156862745057 ) ;
#3059 = DIRECTION ( 'NONE',  ( 6.377659838150026720E-16, -0.000000000000000000, 1.000000000000000000 ) ) ;
#3060 = CARTESIAN_POINT ( 'NONE',  ( -1.144999999999999130, 0.9000000000000001332, 0.000000000000000000 ) ) ;
#3061 = FACE_OUTER_BOUND ( 'NONE', #1166, .T. ) ;
#3062 = VERTEX_POINT ( 'NONE', #648 ) ;
#3063 = CARTESIAN_POINT ( 'NONE',  ( 1.365560926821136389, 0.01000000000000000021, 1.334740975347745273 ) ) ;
#3064 = LINE ( 'NONE', #1549, #1479 ) ;
#3065 = DIRECTION ( 'NONE',  ( -1.000000000000000000, 0.000000000000000000, -5.421010862427529073E-16 ) ) ;
#3066 = EDGE_CURVE ( 'NONE', #198, #1365, #3137, .T. ) ;
#3067 = VERTEX_POINT ( 'NONE', #667 ) ;
#3068 = LINE ( 'NONE', #3127, #2906 ) ;
#3069 =( NAMED_UNIT ( * ) SI_UNIT ( $, .STERADIAN. ) SOLID_ANGLE_UNIT ( ) );
#3070 = MECHANICAL_DESIGN_GEOMETRIC_PRESENTATION_REPRESENTATION (  '', ( #101 ), #627 ) ;
#3071 = VECTOR ( 'NONE', #917, 1000.000000000000000 ) ;
#3072 =( GEOMETRIC_REPRESENTATION_CONTEXT ( 3 ) GLOBAL_UNCERTAINTY_ASSIGNED_CONTEXT ( ( #1465 ) ) GLOBAL_UNIT_ASSIGNED_CONTEXT ( ( #549, #309, #928 ) ) REPRESENTATION_CONTEXT ( 'NONE', 'WORKASPACE' ) );
#3073 = EDGE_LOOP ( 'NONE', ( #628, #2111, #571, #145 ) ) ;
#3074 =( NAMED_UNIT ( * ) SI_UNIT ( $, .STERADIAN. ) SOLID_ANGLE_UNIT ( ) );
#3075 = CARTESIAN_POINT ( 'NONE',  ( 0.4950000000000012168, 1.100000000000000089, 5.366800753803269628E-16 ) ) ;
#3076 = EDGE_CURVE ( 'NONE', #384, #312, #1393, .T. ) ;
#3077 = ORIENTED_EDGE ( 'NONE', *, *, #337, .T. ) ;
#3078 = CARTESIAN_POINT ( 'NONE',  ( 0.000000000000000000, 0.9000000000000001332, 1.300000000000000044 ) ) ;
#3079 = PLANE ( 'NONE',  #394 ) ;
#3080 = ORIENTED_EDGE ( 'NONE', *, *, #3076, .T. ) ;
#3081 = VERTEX_POINT ( 'NONE', #941 ) ;
#3082 = ORIENTED_EDGE ( 'NONE', *, *, #1772, .F. ) ;
#3083 =( LENGTH_UNIT ( ) NAMED_UNIT ( * ) SI_UNIT ( .MILLI., .METRE. ) );
#3084 = ADVANCED_FACE ( 'NONE', ( #377 ), #2143, .F. ) ;
#3085 = ORIENTED_EDGE ( 'NONE', *, *, #2697, .T. ) ;
#3086 = CARTESIAN_POINT ( 'NONE',  ( -1.700000000000000178, 1.100000000000000089, -1.699999999999999734 ) ) ;
#3087 = VERTEX_POINT ( 'NONE', #2872 ) ;
#3088 = DIRECTION ( 'NONE',  ( -0.000000000000000000, 1.000000000000000000, -0.000000000000000000 ) ) ;
#3089 = EDGE_CURVE ( 'NONE', #2270, #2711, #1642, .T. ) ;
#3090 = PRESENTATION_STYLE_ASSIGNMENT (( #110 ) ) ;
#3091 =( NAMED_UNIT ( * ) SI_UNIT ( $, .STERADIAN. ) SOLID_ANGLE_UNIT ( ) );
#3092 = LINE ( 'NONE', #622, #2017 ) ;
#3093 =( GEOMETRIC_REPRESENTATION_CONTEXT ( 3 ) GLOBAL_UNCERTAINTY_ASSIGNED_CONTEXT ( ( #909 ) ) GLOBAL_UNIT_ASSIGNED_CONTEXT ( ( #3209, #742, #1735 ) ) REPRESENTATION_CONTEXT ( 'NONE', 'WORKASPACE' ) );
#3094 = VERTEX_POINT ( 'NONE', #2176 ) ;
#3095 = FACE_OUTER_BOUND ( 'NONE', #1579, .T. ) ;
#3096 = FILL_AREA_STYLE_COLOUR ( '', #2525 ) ;
#3097 = VECTOR ( 'NONE', #2910, 1000.000000000000000 ) ;
#3098 =( GEOMETRIC_REPRESENTATION_CONTEXT ( 3 ) GLOBAL_UNCERTAINTY_ASSIGNED_CONTEXT ( ( #120 ) ) GLOBAL_UNIT_ASSIGNED_CONTEXT ( ( #2925, #411, #1872 ) ) REPRESENTATION_CONTEXT ( 'NONE', 'WORKASPACE' ) );
#3099 = ORIENTED_EDGE ( 'NONE', *, *, #671, .T. ) ;
#3100 = FILL_AREA_STYLE ('',( #2124 ) ) ;
#3101 = PRESENTATION_LAYER_ASSIGNMENT (  '', '', ( #1023 ) ) ;
#3102 = PRESENTATION_LAYER_ASSIGNMENT (  '', '', ( #3007 ) ) ;
#3103 = LINE ( 'NONE', #852, #1307 ) ;
#3104 = DIRECTION ( 'NONE',  ( 1.000000000000000000, -0.000000000000000000, 0.000000000000000000 ) ) ;
#3105 = ORIENTED_EDGE ( 'NONE', *, *, #2783, .T. ) ;
#3106 = DIRECTION ( 'NONE',  ( 0.000000000000000000, 0.000000000000000000, -1.000000000000000000 ) ) ;
#3107 = AXIS2_PLACEMENT_3D ( 'NONE', #1342, #2774, #75 ) ;
#3108 = SURFACE_STYLE_USAGE ( .BOTH. , #380 ) ;
#3109 = DIRECTION ( 'NONE',  ( -1.626303258728258623E-15, 0.000000000000000000, -1.000000000000000000 ) ) ;
#3110 = CARTESIAN_POINT ( 'NONE',  ( -0.4949999999999988853, 1.100000000000000089, 1.700000000000000178 ) ) ;
#3111 = LINE ( 'NONE', #1035, #2687 ) ;
#3112 = ORIENTED_EDGE ( 'NONE', *, *, #144, .F. ) ;
#3113 = ORIENTED_EDGE ( 'NONE', *, *, #2169, .F. ) ;
#3114 =( GEOMETRIC_REPRESENTATION_CONTEXT ( 3 ) GLOBAL_UNCERTAINTY_ASSIGNED_CONTEXT ( ( #2553 ) ) GLOBAL_UNIT_ASSIGNED_CONTEXT ( ( #520, #2479, #2527 ) ) REPRESENTATION_CONTEXT ( 'NONE', 'WORKASPACE' ) );
#3115 = ORIENTED_EDGE ( 'NONE', *, *, #1012, .T. ) ;
#3116 = PRESENTATION_STYLE_ASSIGNMENT (( #1637 ) ) ;
#3117 = VECTOR ( 'NONE', #2288, 1000.000000000000000 ) ;
#3118 = ADVANCED_FACE ( 'NONE', ( #2905 ), #682, .F. ) ;
#3119 = LINE ( 'NONE', #2840, #1319 ) ;
#3120 = EDGE_CURVE ( 'NONE', #78, #3062, #2439, .T. ) ;
#3121 =( GEOMETRIC_REPRESENTATION_CONTEXT ( 3 ) GLOBAL_UNCERTAINTY_ASSIGNED_CONTEXT ( ( #2096 ) ) GLOBAL_UNIT_ASSIGNED_CONTEXT ( ( #2410, #1163, #429 ) ) REPRESENTATION_CONTEXT ( 'NONE', 'WORKASPACE' ) );
#3122 =( NAMED_UNIT ( * ) PLANE_ANGLE_UNIT ( ) SI_UNIT ( $, .RADIAN. ) );
#3123 = FILL_AREA_STYLE_COLOUR ( '', #1671 ) ;
#3124 = LINE ( 'NONE', #1378, #1273 ) ;
#3125 = PRESENTATION_STYLE_ASSIGNMENT (( #912 ) ) ;
#3126 = ORIENTED_EDGE ( 'NONE', *, *, #2500, .T. ) ;
#3127 = CARTESIAN_POINT ( 'NONE',  ( 0.000000000000000000, 0.9000000000000001332, 1.699999999999999734 ) ) ;
#3128 =( NAMED_UNIT ( * ) PLANE_ANGLE_UNIT ( ) SI_UNIT ( $, .RADIAN. ) );
#3129 = COLOUR_RGB ( '',0.2980392156862745057, 0.2980392156862745057, 0.2980392156862745057 ) ;
#3130 = EDGE_LOOP ( 'NONE', ( #1075, #367, #2819, #159 ) ) ;
#3131 = ORIENTED_EDGE ( 'NONE', *, *, #1284, .F. ) ;
#3132 = EDGE_CURVE ( 'NONE', #591, #587, #1726, .T. ) ;
#3133 =( LENGTH_UNIT ( ) NAMED_UNIT ( * ) SI_UNIT ( .MILLI., .METRE. ) );
#3134 = EDGE_CURVE ( 'NONE', #2193, #548, #2277, .T. ) ;
#3135 = VERTEX_POINT ( 'NONE', #735 ) ;
#3136 = DIRECTION ( 'NONE',  ( 0.000000000000000000, 0.000000000000000000, -1.000000000000000000 ) ) ;
#3137 = LINE ( 'NONE', #3168, #2682 ) ;
#3138 = VERTEX_POINT ( 'NONE', #1445 ) ;
#3139 = DIRECTION ( 'NONE',  ( -3.594040350780679390E-16, 0.000000000000000000, 1.000000000000000000 ) ) ;
#3140 = DIRECTION ( 'NONE',  ( 1.355252715606882909E-15, 0.000000000000000000, -1.000000000000000000 ) ) ;
#3141 = ORIENTED_EDGE ( 'NONE', *, *, #180, .F. ) ;
#3142 = ORIENTED_EDGE ( 'NONE', *, *, #241, .T. ) ;
#3143 = CARTESIAN_POINT ( 'NONE',  ( 0.1549999999999993328, 1.100000000000000089, 1.699999999999999734 ) ) ;
#3144 = LINE ( 'NONE', #1684, #1622 ) ;
#3145 = ORIENTED_EDGE ( 'NONE', *, *, #1002, .T. ) ;
#3146 = ORIENTED_EDGE ( 'NONE', *, *, #915, .T. ) ;
#3147 = LINE ( 'NONE', #920, #867 ) ;
#3148 = EDGE_LOOP ( 'NONE', ( #2736, #1436, #1625, #1458 ) ) ;
#3149 =( GEOMETRIC_REPRESENTATION_CONTEXT ( 3 ) GLOBAL_UNCERTAINTY_ASSIGNED_CONTEXT ( ( #2858 ) ) GLOBAL_UNIT_ASSIGNED_CONTEXT ( ( #3199, #851, #1338 ) ) REPRESENTATION_CONTEXT ( 'NONE', 'WORKASPACE' ) );
#3150 = VECTOR ( 'NONE', #341, 1000.000000000000000 ) ;
#3151 = DIRECTION ( 'NONE',  ( -0.000000000000000000, -1.000000000000000000, -0.000000000000000000 ) ) ;
#3152 = DIRECTION ( 'NONE',  ( -1.000000000000000000, 0.000000000000000000, -5.421010862427526114E-16 ) ) ;
#3153 = DIRECTION ( 'NONE',  ( -5.421010862427529073E-16, 0.000000000000000000, -1.000000000000000000 ) ) ;
#3154 = VECTOR ( 'NONE', #1690, 1000.000000000000000 ) ;
#3155 = FACE_OUTER_BOUND ( 'NONE', #2050, .T. ) ;
#3156 = ORIENTED_EDGE ( 'NONE', *, *, #926, .F. ) ;
#3157 = LINE ( 'NONE', #2185, #200 ) ;
#3158 = EDGE_CURVE ( 'NONE', #1899, #766, #511, .T. ) ;
#3159 = PLANE ( 'NONE',  #1244 ) ;
#3160 = SURFACE_STYLE_FILL_AREA ( #2676 ) ;
#3161 = EDGE_CURVE ( 'NONE', #871, #2794, #714, .T. ) ;
#3162 = ORIENTED_EDGE ( 'NONE', *, *, #2011, .F. ) ;
#3163 = VERTEX_POINT ( 'NONE', #2227 ) ;
#3164 = CARTESIAN_POINT ( 'NONE',  ( -1.144999999999999130, 0.9000000000000001332, 1.300000000000000044 ) ) ;
#3165 = CARTESIAN_POINT ( 'NONE',  ( 0.1549999999999994438, 1.100000000000000089, -1.300000000000000044 ) ) ;
#3166 = ORIENTED_EDGE ( 'NONE', *, *, #1053, .T. ) ;
#3167 = DIRECTION ( 'NONE',  ( 1.420352191029046022E-16, 0.000000000000000000, 1.000000000000000000 ) ) ;
#3168 = CARTESIAN_POINT ( 'NONE',  ( 1.365560926821136389, 0.01000000000000000021, 1.229461902026994125 ) ) ;
#3169 = MECHANICAL_DESIGN_GEOMETRIC_PRESENTATION_REPRESENTATION (  '', ( #1555 ), #2966 ) ;
#3170 = DIRECTION ( 'NONE',  ( 0.000000000000000000, 1.000000000000000000, -0.000000000000000000 ) ) ;
#3171 = SURFACE_SIDE_STYLE ('',( #929 ) ) ;
#3172 = FACE_OUTER_BOUND ( 'NONE', #2831, .T. ) ;
#3173 = EDGE_CURVE ( 'NONE', #2357, #153, #475, .T. ) ;
#3174 = ADVANCED_FACE ( 'NONE', ( #2213 ), #1973, .T. ) ;
#3175 = STYLED_ITEM ( 'NONE', ( #2873 ), #512 ) ;
#3176 = FACE_OUTER_BOUND ( 'NONE', #3049, .T. ) ;
#3177 = DIRECTION ( 'NONE',  ( 1.000000000000000000, -0.000000000000000000, 0.000000000000000000 ) ) ;
#3178 = AXIS2_PLACEMENT_3D ( 'NONE', #2289, #55, #726 ) ;
#3179 = ORIENTED_EDGE ( 'NONE', *, *, #203, .T. ) ;
#3180 = SURFACE_SIDE_STYLE ('',( #1098 ) ) ;
#3181 = CARTESIAN_POINT ( 'NONE',  ( 0.1549999999999972233, 1.100000000000000089, -1.890577538271568035E-16 ) ) ;
#3182 = MECHANICAL_DESIGN_GEOMETRIC_PRESENTATION_REPRESENTATION (  '', ( #2922 ), #793 ) ;
#3183 = EDGE_LOOP ( 'NONE', ( #707, #2924, #2808, #1843 ) ) ;
#3184 = CARTESIAN_POINT ( 'NONE',  ( 0.000000000000000000, 1.100000000000000089, 1.500000000000000000 ) ) ;
#3185 =( LENGTH_UNIT ( ) NAMED_UNIT ( * ) SI_UNIT ( .MILLI., .METRE. ) );
#3186 = UNCERTAINTY_MEASURE_WITH_UNIT (LENGTH_MEASURE( 1.000000000000000082E-05 ), #41, 'distance_accuracy_value', 'NONE');
#3187 = PRESENTATION_STYLE_ASSIGNMENT (( #943 ) ) ;
#3188 = UNCERTAINTY_MEASURE_WITH_UNIT (LENGTH_MEASURE( 1.000000000000000082E-05 ), #2528, 'distance_accuracy_value', 'NONE');
#3189 = CARTESIAN_POINT ( 'NONE',  ( -0.4949999999999988853, 0.9000000000000001332, 1.341700188450810504E-16 ) ) ;
#3190 = CARTESIAN_POINT ( 'NONE',  ( 0.000000000000000000, 1.100000000000000089, 1.699999999999999512 ) ) ;
#3191 = DIRECTION ( 'NONE',  ( 1.000000000000000000, 0.000000000000000000, 0.000000000000000000 ) ) ;
#3192 = ORIENTED_EDGE ( 'NONE', *, *, #1713, .T. ) ;
#3193 = VERTEX_POINT ( 'NONE', #2995 ) ;
#3194 = CARTESIAN_POINT ( 'NONE',  ( -0.4949999999999988853, 0.9000000000000001332, 1.341700188450810504E-16 ) ) ;
#3195 = VECTOR ( 'NONE', #2273, 1000.000000000000000 ) ;
#3196 = ORIENTED_EDGE ( 'NONE', *, *, #1101, .F. ) ;
#3197 = LINE ( 'NONE', #747, #1645 ) ;
#3198 =( GEOMETRIC_REPRESENTATION_CONTEXT ( 3 ) GLOBAL_UNCERTAINTY_ASSIGNED_CONTEXT ( ( #2228 ) ) GLOBAL_UNIT_ASSIGNED_CONTEXT ( ( #73, #2672, #395 ) ) REPRESENTATION_CONTEXT ( 'NONE', 'WORKASPACE' ) );
#3199 =( LENGTH_UNIT ( ) NAMED_UNIT ( * ) SI_UNIT ( .MILLI., .METRE. ) );
#3200 = EDGE_CURVE ( 'NONE', #1195, #384, #1229, .T. ) ;
#3201 = DIRECTION ( 'NONE',  ( -0.000000000000000000, 1.000000000000000000, -0.000000000000000000 ) ) ;
#3202 = DIRECTION ( 'NONE',  ( 0.000000000000000000, -1.000000000000000000, 0.000000000000000000 ) ) ;
#3203 = LINE ( 'NONE', #1978, #922 ) ;
#3204 = VERTEX_POINT ( 'NONE', #443 ) ;
#3205 = ORIENTED_EDGE ( 'NONE', *, *, #1784, .T. ) ;
#3206 = VECTOR ( 'NONE', #123, 1000.000000000000000 ) ;
#3207 = PRESENTATION_STYLE_ASSIGNMENT (( #1469 ) ) ;
#3208 = SURFACE_SIDE_STYLE ('',( #452 ) ) ;
#3209 =( LENGTH_UNIT ( ) NAMED_UNIT ( * ) SI_UNIT ( .MILLI., .METRE. ) );
#3210 = ORIENTED_EDGE ( 'NONE', *, *, #526, .T. ) ;
#3211 = SURFACE_SIDE_STYLE ('',( #754 ) ) ;
#3212 = LINE ( 'NONE', #2192, #1279 ) ;
#3213 = ADVANCED_FACE ( 'NONE', ( #1743 ), #2264, .T. ) ;
#3214 = VERTEX_POINT ( 'NONE', #2470 ) ;
#3215 = CARTESIAN_POINT ( 'NONE',  ( 0.4949999999999993294, 0.9000000000000001332, -1.699999999999999734 ) ) ;
#3216 = SURFACE_STYLE_FILL_AREA ( #1215 ) ;
#3217 = UNCERTAINTY_MEASURE_WITH_UNIT (LENGTH_MEASURE( 1.000000000000000082E-05 ), #2154, 'distance_accuracy_value', 'NONE');
#3218 = EDGE_CURVE ( 'NONE', #1000, #1874, #11, .T. ) ;
#3219 = ORIENTED_EDGE ( 'NONE', *, *, #438, .T. ) ;
#3220 = EDGE_CURVE ( 'NONE', #1738, #3005, #1511, .T. ) ;
#3221 = COLOUR_RGB ( '',0.6666666666666666297, 0.6980392156862744724, 0.7686274509803920907 ) ;
#3222 = LINE ( 'NONE', #1993, #1144 ) ;
#3223 = LINE ( 'NONE', #2999, #1429 ) ;
#3224 = CARTESIAN_POINT ( 'NONE',  ( -1.144999999999999130, 1.100000000000000089, 0.5100000000000002309 ) ) ;
#3225 = UNCERTAINTY_MEASURE_WITH_UNIT (LENGTH_MEASURE( 1.000000000000000082E-05 ), #1533, 'distance_accuracy_value', 'NONE');
#3226 = PRESENTATION_LAYER_ASSIGNMENT (  '', '', ( #518 ) ) ;
#3227 = ORIENTED_EDGE ( 'NONE', *, *, #2555, .T. ) ;
#3228 = LINE ( 'NONE', #467, #2701 ) ;
ENDSEC;
END-ISO-10303-21;
