ISO-10303-21;
HEADER;
FILE_DESCRIPTION (( 'STEP AP214' ),
    '1' );
FILE_NAME ('M20-9740542.STEP',
    '2025-08-13T06:01:43',
    ( '' ),
    ( '' ),
    'SwSTEP 2.0',
    'SolidWorks 2023',
    '' );
FILE_SCHEMA (( 'AUTOMOTIVE_DESIGN' ));
ENDSEC;

DATA;
#1 =( GEOMETRIC_REPRESENTATION_CONTEXT ( 3 ) GLOBAL_UNCERTAINTY_ASSIGNED_CONTEXT ( ( #6076 ) ) GLOBAL_UNIT_ASSIGNED_CONTEXT ( ( #842, #3152, #2283 ) ) REPRESENTATION_CONTEXT ( 'NONE', 'WORKASPACE' ) );
#2 = CARTESIAN_POINT ( 'NONE',  ( 9.186875000000000568, 0.000000000000000000, 2.075000000000000178 ) ) ;
#3 = EDGE_LOOP ( 'NONE', ( #3472, #15, #527, #5040 ) ) ;
#4 = CARTESIAN_POINT ( 'NONE',  ( 0.1950000000000000067, -0.1950000000000000067, 6.740000000000000213 ) ) ;
#5 = VECTOR ( 'NONE', #401, 1000.000000000000000 ) ;
#6 = CARTESIAN_POINT ( 'NONE',  ( 0.3200000000000000067, -6.593493649053999484, -6.959999999999999964 ) ) ;
#7 = DIRECTION ( 'NONE',  ( 1.000000000000000000, 0.000000000000000000, 0.000000000000000000 ) ) ;
#8 = EDGE_CURVE ( 'NONE', #339, #5494, #134, .T. ) ;
#9 = CARTESIAN_POINT ( 'NONE',  ( 2.860000000000000320, -2.540000000000000036, -1.590000000000000080 ) ) ;
#10 = SURFACE_SIDE_STYLE ('',( #3388 ) ) ;
#11 = ORIENTED_EDGE ( 'NONE', *, *, #3281, .T. ) ;
#12 = CARTESIAN_POINT ( 'NONE',  ( 1.566875000000000018, -0.2500000000000000000, -2.075000000000000178 ) ) ;
#13 = DIRECTION ( 'NONE',  ( 1.000000000000000000, 0.000000000000000000, 0.000000000000000000 ) ) ;
#14 = CARTESIAN_POINT ( 'NONE',  ( 6.053125000000000533, -0.2500000000000000000, 2.075000000000000178 ) ) ;
#15 = ORIENTED_EDGE ( 'NONE', *, *, #5902, .T. ) ;
#16 = AXIS2_PLACEMENT_3D ( 'NONE', #349, #856, #4186 ) ;
#17 = VERTEX_POINT ( 'NONE', #3424 ) ;
#18 = VERTEX_POINT ( 'NONE', #1978 ) ;
#19 = FACE_OUTER_BOUND ( 'NONE', #395, .T. ) ;
#20 = ORIENTED_EDGE ( 'NONE', *, *, #2295, .F. ) ;
#21 = DIRECTION ( 'NONE',  ( -1.000000000000000000, 0.000000000000000000, 0.000000000000000000 ) ) ;
#22 = ORIENTED_EDGE ( 'NONE', *, *, #3633, .F. ) ;
#23 = DIRECTION ( 'NONE',  ( 1.000000000000000000, 0.000000000000000000, 0.000000000000000000 ) ) ;
#24 = STYLED_ITEM ( 'NONE', ( #1534 ), #686 ) ;
#25 = PLANE ( 'NONE',  #297 ) ;
#26 = EDGE_CURVE ( 'NONE', #928, #950, #3864, .T. ) ;
#27 = CARTESIAN_POINT ( 'NONE',  ( 0.3200000000000000067, -0.2500000000000000000, -0.9499999999999999556 ) ) ;
#28 = CARTESIAN_POINT ( 'NONE',  ( -0.3200000000000000067, 0.1950000000000000067, 5.599999999999999645 ) ) ;
#29 = CARTESIAN_POINT ( 'NONE',  ( 0.3200000000000000067, -1.320000000000000062, -2.640000000000000124 ) ) ;
#30 = ORIENTED_EDGE ( 'NONE', *, *, #3597, .F. ) ;
#31 = FACE_OUTER_BOUND ( 'NONE', #3024, .T. ) ;
#32 = STYLED_ITEM ( 'NONE', ( #3437 ), #453 ) ;
#33 = LINE ( 'NONE', #1515, #3370 ) ;
#34 = EDGE_CURVE ( 'NONE', #1046, #1989, #638, .T. ) ;
#35 = FILL_AREA_STYLE ('',( #2426 ) ) ;
#36 = DIRECTION ( 'NONE',  ( 0.000000000000000000, -1.000000000000000000, 0.000000000000000000 ) ) ;
#37 = DIRECTION ( 'NONE',  ( -1.000000000000000000, 0.000000000000000000, 0.000000000000000000 ) ) ;
#38 = LINE ( 'NONE', #5753, #1898 ) ;
#39 = EDGE_CURVE ( 'NONE', #3510, #3361, #1113, .T. ) ;
#40 = CARTESIAN_POINT ( 'NONE',  ( 6.450000000000000178, -0.2500000000000000000, 1.699999999999999956 ) ) ;
#41 = CARTESIAN_POINT ( 'NONE',  ( 2.540000000000000036, -2.739999999999999769, 1.270000000000000018 ) ) ;
#42 = DIRECTION ( 'NONE',  ( -1.000000000000000000, 0.000000000000000000, 0.000000000000000000 ) ) ;
#43 = CARTESIAN_POINT ( 'NONE',  ( 10.91000000000000014, 0.000000000000000000, 2.500000000000000000 ) ) ;
#44 = ORIENTED_EDGE ( 'NONE', *, *, #3133, .T. ) ;
#45 = ORIENTED_EDGE ( 'NONE', *, *, #1655, .T. ) ;
#46 = ORIENTED_EDGE ( 'NONE', *, *, #1891, .T. ) ;
#47 = EDGE_CURVE ( 'NONE', #1046, #1528, #4856, .T. ) ;
#48 =( NAMED_UNIT ( * ) SI_UNIT ( $, .STERADIAN. ) SOLID_ANGLE_UNIT ( ) );
#49 = VERTEX_POINT ( 'NONE', #3899 ) ;
#50 = DIRECTION ( 'NONE',  ( 0.000000000000000000, 0.000000000000000000, -1.000000000000000000 ) ) ;
#51 = EDGE_LOOP ( 'NONE', ( #3153, #4746, #2699, #824 ) ) ;
#52 = LINE ( 'NONE', #3885, #830 ) ;
#53 = LINE ( 'NONE', #4735, #4604 ) ;
#54 = LINE ( 'NONE', #1787, #3795 ) ;
#55 = SURFACE_STYLE_USAGE ( .BOTH. , #2443 ) ;
#56 = STYLED_ITEM ( 'NONE', ( #792 ), #1806 ) ;
#57 = LINE ( 'NONE', #4398, #513 ) ;
#58 = CARTESIAN_POINT ( 'NONE',  ( 0.9731250000000000178, -0.2500000000000000000, 2.075000000000000178 ) ) ;
#59 = LINE ( 'NONE', #2008, #4215 ) ;
#60 = VERTEX_POINT ( 'NONE', #2513 ) ;
#61 = EDGE_CURVE ( 'NONE', #1670, #3976, #1616, .T. ) ;
#62 = VECTOR ( 'NONE', #1765, 1000.000000000000000 ) ;
#63 = DIRECTION ( 'NONE',  ( 0.000000000000000000, 0.000000000000000000, 1.000000000000000000 ) ) ;
#64 = CARTESIAN_POINT ( 'NONE',  ( -0.3200000000000000067, 0.3200000000000000067, -0.2000000000000000111 ) ) ;
#65 = DIRECTION ( 'NONE',  ( 1.000000000000000000, 0.000000000000000000, 0.000000000000000000 ) ) ;
#66 = DIRECTION ( 'NONE',  ( -1.000000000000000000, 0.000000000000000000, 0.000000000000000000 ) ) ;
#67 = VERTEX_POINT ( 'NONE', #5751 ) ;
#68 = EDGE_CURVE ( 'NONE', #2156, #2958, #2921, .T. ) ;
#69 = EDGE_CURVE ( 'NONE', #2631, #1904, #2428, .T. ) ;
#70 = AXIS2_PLACEMENT_3D ( 'NONE', #2655, #4546, #3598 ) ;
#71 = CARTESIAN_POINT ( 'NONE',  ( 4.760000000000000675, 0.000000000000000000, -0.9499999999999999556 ) ) ;
#72 = VECTOR ( 'NONE', #3094, 1000.000000000000114 ) ;
#73 =( NAMED_UNIT ( * ) PLANE_ANGLE_UNIT ( ) SI_UNIT ( $, .RADIAN. ) );
#74 = FACE_OUTER_BOUND ( 'NONE', #3723, .T. ) ;
#75 = CARTESIAN_POINT ( 'NONE',  ( -1.270000000000000018, -2.339999999999999858, -1.699999999999999956 ) ) ;
#76 = ORIENTED_EDGE ( 'NONE', *, *, #3447, .F. ) ;
#77 = PRODUCT_DEFINITION_FORMATION_WITH_SPECIFIED_SOURCE ( 'ANY', '', #4229, .NOT_KNOWN. ) ;
#78 = VERTEX_POINT ( 'NONE', #162 ) ;
#79 = AXIS2_PLACEMENT_3D ( 'NONE', #5870, #5836, #1099 ) ;
#80 = ORIENTED_EDGE ( 'NONE', *, *, #963, .T. ) ;
#81 = VECTOR ( 'NONE', #2634, 1000.000000000000000 ) ;
#82 = FACE_OUTER_BOUND ( 'NONE', #1293, .T. ) ;
#83 = EDGE_CURVE ( 'NONE', #5579, #5249, #5849, .T. ) ;
#84 = ORIENTED_EDGE ( 'NONE', *, *, #26, .F. ) ;
#85 = ORIENTED_EDGE ( 'NONE', *, *, #4971, .F. ) ;
#86 = EDGE_CURVE ( 'NONE', #3299, #2274, #4832, .T. ) ;
#87 = FACE_OUTER_BOUND ( 'NONE', #2746, .T. ) ;
#88 = DIRECTION ( 'NONE',  ( -1.000000000000000000, 0.000000000000000000, 0.000000000000000000 ) ) ;
#89 = CARTESIAN_POINT ( 'NONE',  ( -0.3200000000000000067, -2.540000000000000036, -1.590000000000000080 ) ) ;
#90 = MECHANICAL_DESIGN_GEOMETRIC_PRESENTATION_REPRESENTATION (  '', ( #898 ), #3292 ) ;
#91 = FACE_OUTER_BOUND ( 'NONE', #4324, .T. ) ;
#92 = ORIENTED_EDGE ( 'NONE', *, *, #3850, .F. ) ;
#93 = ORIENTED_EDGE ( 'NONE', *, *, #504, .F. ) ;
#94 = CARTESIAN_POINT ( 'NONE',  ( 0.3180000000000000049, -0.3180000000000000049, 5.386957750668999623 ) ) ;
#95 = VECTOR ( 'NONE', #605, 1000.000000000000114 ) ;
#96 = MECHANICAL_DESIGN_GEOMETRIC_PRESENTATION_REPRESENTATION (  '', ( #4706 ), #5995 ) ;
#97 = LINE ( 'NONE', #5235, #5370 ) ;
#98 = VECTOR ( 'NONE', #1755, 1000.000000000000000 ) ;
#99 = LINE ( 'NONE', #3897, #1824 ) ;
#100 = CARTESIAN_POINT ( 'NONE',  ( 3.710000000000000409, 0.000000000000000000, 1.699999999999999956 ) ) ;
#101 = CARTESIAN_POINT ( 'NONE',  ( 8.990000000000000213, -0.2500000000000000000, -1.699999999999999956 ) ) ;
#102 = VECTOR ( 'NONE', #249, 1000.000000000000000 ) ;
#103 = FACE_OUTER_BOUND ( 'NONE', #3040, .T. ) ;
#104 = ORIENTED_EDGE ( 'NONE', *, *, #2380, .F. ) ;
#105 = DIRECTION ( 'NONE',  ( 0.000000000000000000, 0.000000000000000000, -1.000000000000000000 ) ) ;
#106 = DIRECTION ( 'NONE',  ( 0.000000000000000000, 0.000000000000000000, 1.000000000000000000 ) ) ;
#107 = COLOUR_RGB ( '',1.000000000000000000, 0.8078431372549019773, 0.4588235294117646856 ) ;
#108 = LINE ( 'NONE', #583, #1125 ) ;
#109 = VERTEX_POINT ( 'NONE', #1582 ) ;
#110 = EDGE_CURVE ( 'NONE', #901, #2243, #3933, .T. ) ;
#111 = ORIENTED_EDGE ( 'NONE', *, *, #609, .F. ) ;
#112 = ORIENTED_EDGE ( 'NONE', *, *, #2380, .T. ) ;
#113 =( GEOMETRIC_REPRESENTATION_CONTEXT ( 3 ) GLOBAL_UNCERTAINTY_ASSIGNED_CONTEXT ( ( #1672 ) ) GLOBAL_UNIT_ASSIGNED_CONTEXT ( ( #3489, #1146, #2670 ) ) REPRESENTATION_CONTEXT ( 'NONE', 'WORKASPACE' ) );
#114 = EDGE_CURVE ( 'NONE', #1220, #3561, #2068, .T. ) ;
#115 = CARTESIAN_POINT ( 'NONE',  ( 0.3180000000000000049, -0.3180000000000000049, 5.599999999999999645 ) ) ;
#116 = VECTOR ( 'NONE', #3050, 1000.000000000000000 ) ;
#117 = ORIENTED_EDGE ( 'NONE', *, *, #4748, .F. ) ;
#118 = EDGE_CURVE ( 'NONE', #4559, #3363, #5787, .T. ) ;
#119 = FILL_AREA_STYLE ('',( #3463 ) ) ;
#120 = EDGE_LOOP ( 'NONE', ( #4403, #5588, #1747, #5313 ) ) ;
#121 = LINE ( 'NONE', #1066, #3486 ) ;
#122 = AXIS2_PLACEMENT_3D ( 'NONE', #3135, #4175, #286 ) ;
#123 = EDGE_CURVE ( 'NONE', #4900, #5930, #1518, .T. ) ;
#124 = PLANE ( 'NONE',  #1688 ) ;
#125 = ORIENTED_EDGE ( 'NONE', *, *, #1804, .T. ) ;
#126 = CARTESIAN_POINT ( 'NONE',  ( 6.250000000000000000, -0.2500000000000000000, 1.699999999999999956 ) ) ;
#127 = FACE_OUTER_BOUND ( 'NONE', #769, .T. ) ;
#128 = EDGE_LOOP ( 'NONE', ( #4417, #6091, #2548, #4129 ) ) ;
#129 = DIRECTION ( 'NONE',  ( 0.8853979028379428406, 0.000000000000000000, 0.4648338989899218343 ) ) ;
#130 = PRESENTATION_LAYER_ASSIGNMENT (  '', '', ( #3837 ) ) ;
#131 =( LENGTH_UNIT ( ) NAMED_UNIT ( * ) SI_UNIT ( .MILLI., .METRE. ) );
#132 = FACE_OUTER_BOUND ( 'NONE', #5976, .T. ) ;
#133 =( LENGTH_UNIT ( ) NAMED_UNIT ( * ) SI_UNIT ( .MILLI., .METRE. ) );
#134 = LINE ( 'NONE', #3387, #4608 ) ;
#135 = PLANE ( 'NONE',  #199 ) ;
#136 = EDGE_LOOP ( 'NONE', ( #4936, #4462, #4431, #104 ) ) ;
#137 = CARTESIAN_POINT ( 'NONE',  ( 1.566875000000000018, 0.000000000000000000, -2.075000000000000178 ) ) ;
#138 = APPLICATION_PROTOCOL_DEFINITION ( 'draft international standard', 'automotive_design', 1998, #3007 ) ;
#139 = LINE ( 'NONE', #4778, #3724 ) ;
#140 = CARTESIAN_POINT ( 'NONE',  ( 8.789999999999999147, -2.540000000000000036, 1.699999999999999956 ) ) ;
#141 = CARTESIAN_POINT ( 'NONE',  ( 4.760000000000000675, -0.2500000000000000000, -1.590000000000000080 ) ) ;
#142 = ORIENTED_EDGE ( 'NONE', *, *, #2194, .F. ) ;
#143 = ORIENTED_EDGE ( 'NONE', *, *, #993, .F. ) ;
#144 = ORIENTED_EDGE ( 'NONE', *, *, #3170, .F. ) ;
#145 = ADVANCED_FACE ( 'NONE', ( #3450 ), #514, .T. ) ;
#146 = ORIENTED_EDGE ( 'NONE', *, *, #3106, .T. ) ;
#147 = CARTESIAN_POINT ( 'NONE',  ( -0.1950000000000000067, -6.810000000000000497, -6.320000000000000284 ) ) ;
#148 = VERTEX_POINT ( 'NONE', #2639 ) ;
#149 = FACE_OUTER_BOUND ( 'NONE', #4643, .T. ) ;
#150 = EDGE_CURVE ( 'NONE', #4741, #2355, #5454, .T. ) ;
#151 = CARTESIAN_POINT ( 'NONE',  ( 0.7500000000000000000, -2.540000000000000036, -2.500000000000000000 ) ) ;
#152 = CARTESIAN_POINT ( 'NONE',  ( 3.513125000000000053, 0.000000000000000000, 2.075000000000000178 ) ) ;
#153 = ORIENTED_EDGE ( 'NONE', *, *, #425, .F. ) ;
#154 = DIRECTION ( 'NONE',  ( -1.000000000000000000, 0.000000000000000000, 0.000000000000000000 ) ) ;
#155 = PLANE ( 'NONE',  #980 ) ;
#156 = EDGE_LOOP ( 'NONE', ( #3244, #3442, #1732, #5022 ) ) ;
#157 = DIRECTION ( 'NONE',  ( 0.000000000000000000, -1.000000000000000000, 0.000000000000000000 ) ) ;
#158 = UNCERTAINTY_MEASURE_WITH_UNIT (LENGTH_MEASURE( 1.000000000000000082E-05 ), #2266, 'distance_accuracy_value', 'NONE');
#159 = CARTESIAN_POINT ( 'NONE',  ( 0.7500000000000000000, 0.000000000000000000, 2.500000000000000000 ) ) ;
#160 = ADVANCED_FACE ( 'NONE', ( #4700 ), #3220, .T. ) ;
#161 = CARTESIAN_POINT ( 'NONE',  ( -0.3185000000000000053, -0.3185000000000000053, 6.740000000000000213 ) ) ;
#162 = CARTESIAN_POINT ( 'NONE',  ( 4.760000000000000675, -0.2500000000000000000, -0.9499999999999999556 ) ) ;
#163 = CARTESIAN_POINT ( 'NONE',  ( 7.299999999999999822, -0.2500000000000000000, 0.9499999999999999556 ) ) ;
#164 = EDGE_LOOP ( 'NONE', ( #6119, #5684, #6181, #1030 ) ) ;
#165 = EDGE_CURVE ( 'NONE', #171, #2583, #5130, .T. ) ;
#166 = VECTOR ( 'NONE', #1581, 1000.000000000000000 ) ;
#167 = APPLICATION_PROTOCOL_DEFINITION ( 'draft international standard', 'automotive_design', 1998, #447 ) ;
#168 = PLANE ( 'NONE',  #1521 ) ;
#169 = LINE ( 'NONE', #2168, #5023 ) ;
#170 = DIRECTION ( 'NONE',  ( 0.000000000000000000, 0.000000000000000000, 1.000000000000000000 ) ) ;
#171 = VERTEX_POINT ( 'NONE', #4557 ) ;
#172 = EDGE_LOOP ( 'NONE', ( #4635, #4416, #5220, #5964 ) ) ;
#173 = ORIENTED_EDGE ( 'NONE', *, *, #5488, .F. ) ;
#174 = VECTOR ( 'NONE', #2939, 1000.000000000000000 ) ;
#175 = VECTOR ( 'NONE', #1453, 1000.000000000000000 ) ;
#176 = DIRECTION ( 'NONE',  ( 0.000000000000000000, 0.000000000000000000, 1.000000000000000000 ) ) ;
#177 = AXIS2_PLACEMENT_3D ( 'NONE', #3695, #4164, #5537 ) ;
#178 = FILL_AREA_STYLE_COLOUR ( '', #3132 ) ;
#179 = ORIENTED_EDGE ( 'NONE', *, *, #5216, .F. ) ;
#180 = SURFACE_STYLE_USAGE ( .BOTH. , #1221 ) ;
#181 = LINE ( 'NONE', #1634, #4980 ) ;
#182 = AXIS2_PLACEMENT_3D ( 'NONE', #5651, #4695, #4729 ) ;
#183 = VECTOR ( 'NONE', #3471, 1000.000000000000000 ) ;
#184 = LINE ( 'NONE', #5345, #72 ) ;
#185 = LINE ( 'NONE', #3004, #6178 ) ;
#186 = ORIENTED_EDGE ( 'NONE', *, *, #1572, .F. ) ;
#187 = CARTESIAN_POINT ( 'NONE',  ( 1.790000000000000036, -2.540000000000000036, 2.500000000000000000 ) ) ;
#188 = AXIS2_PLACEMENT_3D ( 'NONE', #3887, #5774, #597 ) ;
#189 = EDGE_CURVE ( 'NONE', #4741, #5579, #3074, .T. ) ;
#190 = CARTESIAN_POINT ( 'NONE',  ( 0.3200000000000000067, -2.540000000000000036, 0.9499999999999999556 ) ) ;
#191 = ORIENTED_EDGE ( 'NONE', *, *, #1891, .F. ) ;
#192 = SURFACE_STYLE_FILL_AREA ( #2572 ) ;
#193 = EDGE_CURVE ( 'NONE', #3218, #3853, #2247, .T. ) ;
#194 = MECHANICAL_DESIGN_GEOMETRIC_PRESENTATION_REPRESENTATION (  '', ( #1202 ), #3797 ) ;
#195 = CARTESIAN_POINT ( 'NONE',  ( 11.13312500000000149, -0.2500000000000000000, -2.075000000000000178 ) ) ;
#196 = DIRECTION ( 'NONE',  ( 1.000000000000000000, 0.000000000000000000, 0.000000000000000000 ) ) ;
#197 = CARTESIAN_POINT ( 'NONE',  ( 7.299999999999999822, -0.2500000000000000000, -0.9499999999999999556 ) ) ;
#198 = EDGE_LOOP ( 'NONE', ( #5862, #4800, #3789, #1334 ) ) ;
#199 = AXIS2_PLACEMENT_3D ( 'NONE', #4532, #259, #5427 ) ;
#200 = CARTESIAN_POINT ( 'NONE',  ( 4.106875000000000497, 0.000000000000000000, -2.075000000000000178 ) ) ;
#201 = DIRECTION ( 'NONE',  ( 0.000000000000000000, 0.000000000000000000, 1.000000000000000000 ) ) ;
#202 = PRODUCT_DEFINITION ( 'UNKNOWN', '', #2480, #4721 ) ;
#203 = SURFACE_STYLE_USAGE ( .BOTH. , #4469 ) ;
#204 = CARTESIAN_POINT ( 'NONE',  ( 9.410000000000000142, 0.000000000000000000, -2.500000000000000000 ) ) ;
#205 = CARTESIAN_POINT ( 'NONE',  ( 2.860000000000000320, -2.540000000000000036, 1.590000000000000080 ) ) ;
#206 = VERTEX_POINT ( 'NONE', #2610 ) ;
#207 = ORIENTED_EDGE ( 'NONE', *, *, #699, .F. ) ;
#208 = AXIS2_PLACEMENT_3D ( 'NONE', #2845, #2345, #1558 ) ;
#209 = DIRECTION ( 'NONE',  ( 0.000000000000000000, 0.000000000000000000, -1.000000000000000000 ) ) ;
#210 =( REPRESENTATION_RELATIONSHIP ('NONE','NONE', #2183, #1553 ) REPRESENTATION_RELATIONSHIP_WITH_TRANSFORMATION ( #2138 )SHAPE_REPRESENTATION_RELATIONSHIP( ) );
#211 = AXIS2_PLACEMENT_3D ( 'NONE', #503, #3286, #1877 ) ;
#212 = CARTESIAN_POINT ( 'NONE',  ( 2.860000000000000320, -0.2500000000000000000, -1.590000000000000080 ) ) ;
#213 = ORIENTED_EDGE ( 'NONE', *, *, #1132, .F. ) ;
#214 = PRESENTATION_STYLE_ASSIGNMENT (( #4514 ) ) ;
#215 = CARTESIAN_POINT ( 'NONE',  ( 6.250000000000000000, -0.2500000000000000000, -1.699999999999999956 ) ) ;
#216 = DIRECTION ( 'NONE',  ( 0.000000000000000000, -1.000000000000000000, 0.000000000000000000 ) ) ;
#217 = VECTOR ( 'NONE', #1524, 1000.000000000000000 ) ;
#218 = UNCERTAINTY_MEASURE_WITH_UNIT (LENGTH_MEASURE( 1.000000000000000082E-05 ), #3297, 'distance_accuracy_value', 'NONE');
#219 = CARTESIAN_POINT ( 'NONE',  ( 0.3200000000000000067, 0.000000000000000000, 1.590000000000000080 ) ) ;
#220 = PLANE ( 'NONE',  #2386 ) ;
#221 = ORIENTED_EDGE ( 'NONE', *, *, #6081, .T. ) ;
#222 = SURFACE_SIDE_STYLE ('',( #5510 ) ) ;
#223 = FACE_OUTER_BOUND ( 'NONE', #5562, .T. ) ;
#224 = EDGE_LOOP ( 'NONE', ( #875, #1230, #2784, #80 ) ) ;
#225 = MECHANICAL_DESIGN_GEOMETRIC_PRESENTATION_REPRESENTATION (  '', ( #1726 ), #5219 ) ;
#226 = DIRECTION ( 'NONE',  ( 0.000000000000000000, 0.000000000000000000, -1.000000000000000000 ) ) ;
#227 = UNCERTAINTY_MEASURE_WITH_UNIT (LENGTH_MEASURE( 1.000000000000000082E-05 ), #1986, 'distance_accuracy_value', 'NONE');
#228 = EDGE_CURVE ( 'NONE', #1776, #1956, #843, .T. ) ;
#229 = FACE_OUTER_BOUND ( 'NONE', #667, .T. ) ;
#230 = CARTESIAN_POINT ( 'NONE',  ( 10.48000000000000043, 0.000000000000000000, -1.590000000000000080 ) ) ;
#231 = FACE_OUTER_BOUND ( 'NONE', #4159, .T. ) ;
#232 = LINE ( 'NONE', #4091, #2204 ) ;
#233 = VERTEX_POINT ( 'NONE', #1784 ) ;
#234 = COLOUR_RGB ( '',0.9254901960784314152, 0.9254901960784314152, 0.9254901960784314152 ) ;
#235 = DIRECTION ( 'NONE',  ( 1.000000000000000000, 0.000000000000000000, 0.000000000000000000 ) ) ;
#236 = EDGE_CURVE ( 'NONE', #1080, #5420, #6129, .T. ) ;
#237 = CARTESIAN_POINT ( 'NONE',  ( 0.000000000000000000, -2.339999999999999858, 0.000000000000000000 ) ) ;
#238 = DIRECTION ( 'NONE',  ( 0.000000000000000000, 0.000000000000000000, -1.000000000000000000 ) ) ;
#239 = ORIENTED_EDGE ( 'NONE', *, *, #3364, .T. ) ;
#240 = ORIENTED_EDGE ( 'NONE', *, *, #6145, .F. ) ;
#241 = ADVANCED_FACE ( 'NONE', ( #231 ), #5948, .T. ) ;
#242 = LINE ( 'NONE', #2557, #3190 ) ;
#243 = EDGE_CURVE ( 'NONE', #2899, #3976, #1816, .T. ) ;
#244 = ORIENTED_EDGE ( 'NONE', *, *, #6081, .F. ) ;
#245 = DIRECTION ( 'NONE',  ( 0.000000000000000000, -1.000000000000000000, 0.000000000000000000 ) ) ;
#246 = LINE ( 'NONE', #2653, #4679 ) ;
#247 = EDGE_CURVE ( 'NONE', #272, #3120, #4499, .T. ) ;
#248 = DIRECTION ( 'NONE',  ( 1.000000000000000000, 0.000000000000000000, 0.000000000000000000 ) ) ;
#249 = DIRECTION ( 'NONE',  ( 0.000000000000000000, 0.000000000000000000, -1.000000000000000000 ) ) ;
#250 = CARTESIAN_POINT ( 'NONE',  ( 0.1950000000000000067, -0.1950000000000000067, 6.740000000000000213 ) ) ;
#251 = EDGE_LOOP ( 'NONE', ( #4588, #5487, #2434, #5187 ) ) ;
#252 = DIRECTION ( 'NONE',  ( 1.000000000000000000, 0.000000000000000000, 0.000000000000000000 ) ) ;
#253 = PLANE ( 'NONE',  #3694 ) ;
#254 = ORIENTED_EDGE ( 'NONE', *, *, #5794, .T. ) ;
#255 = CARTESIAN_POINT ( 'NONE',  ( 1.169999999999999929, -0.2500000000000000000, 1.699999999999999956 ) ) ;
#256 = LINE ( 'NONE', #2159, #2524 ) ;
#257 = FACE_OUTER_BOUND ( 'NONE', #1861, .T. ) ;
#258 = CARTESIAN_POINT ( 'NONE',  ( 6.250000000000000000, -2.540000000000000036, 1.699999999999999956 ) ) ;
#259 = DIRECTION ( 'NONE',  ( 0.000000000000000000, 0.000000000000000000, -1.000000000000000000 ) ) ;
#260 = ORIENTED_EDGE ( 'NONE', *, *, #1356, .F. ) ;
#261 = FILL_AREA_STYLE_COLOUR ( '', #418 ) ;
#262 = CARTESIAN_POINT ( 'NONE',  ( 5.830000000000000071, -2.540000000000000036, 2.500000000000000000 ) ) ;
#263 = FACE_OUTER_BOUND ( 'NONE', #5813, .T. ) ;
#264 = ORIENTED_EDGE ( 'NONE', *, *, #4184, .T. ) ;
#265 = VECTOR ( 'NONE', #2638, 1000.000000000000000 ) ;
#266 = EDGE_LOOP ( 'NONE', ( #3957, #3664, #449, #1729 ) ) ;
#267 = ADVANCED_FACE ( 'NONE', ( #2747 ), #4236, .F. ) ;
#268 = EDGE_CURVE ( 'NONE', #5754, #2781, #2576, .T. ) ;
#269 = COLOUR_RGB ( '',0.9254901960784314152, 0.9254901960784314152, 0.9254901960784314152 ) ;
#270 = DIRECTION ( 'NONE',  ( 1.000000000000000000, 0.000000000000000000, 0.000000000000000000 ) ) ;
#271 = LINE ( 'NONE', #2179, #1540 ) ;
#272 = VERTEX_POINT ( 'NONE', #1871 ) ;
#273 = CARTESIAN_POINT ( 'NONE',  ( -0.3180000000000000049, -0.3180000000000000049, 5.386957750668999623 ) ) ;
#274 = VECTOR ( 'NONE', #3857, 1000.000000000000000 ) ;
#275 = PLANE ( 'NONE',  #79 ) ;
#276 = DIRECTION ( 'NONE',  ( 1.000000000000000000, 0.000000000000000000, 0.000000000000000000 ) ) ;
#277 = LINE ( 'NONE', #5909, #2505 ) ;
#278 = PRODUCT_RELATED_PRODUCT_CATEGORY ( 'part', '', ( #4670 ) ) ;
#279 = PLANE ( 'NONE',  #3506 ) ;
#280 = ORIENTED_EDGE ( 'NONE', *, *, #5166, .T. ) ;
#281 = FILL_AREA_STYLE ('',( #4580 ) ) ;
#282 = DIRECTION ( 'NONE',  ( 0.4472135954999771901, 0.7745966692414611998, -0.4472135954999771901 ) ) ;
#283 = ORIENTED_EDGE ( 'NONE', *, *, #2297, .F. ) ;
#284 = VECTOR ( 'NONE', #3710, 1000.000000000000000 ) ;
#285 = DIRECTION ( 'NONE',  ( 0.000000000000000000, 1.000000000000000000, 0.000000000000000000 ) ) ;
#286 = DIRECTION ( 'NONE',  ( 0.000000000000000000, -1.000000000000000000, 0.000000000000000000 ) ) ;
#287 = CARTESIAN_POINT ( 'NONE',  ( 0.3200000000000000067, -1.320000000000000062, -6.320000000000000284 ) ) ;
#288 = FACE_OUTER_BOUND ( 'NONE', #5670, .T. ) ;
#289 = ORIENTED_EDGE ( 'NONE', *, *, #937, .F. ) ;
#290 = LINE ( 'NONE', #1119, #2677 ) ;
#291 = ITEM_DEFINED_TRANSFORMATION ( 'NONE', 'NONE', #4223,  #5307 ) ;
#292 = CARTESIAN_POINT ( 'NONE',  ( -0.1950000000000000067, -0.3200000000000000067, 5.599999999999999645 ) ) ;
#293 = DIRECTION ( 'NONE',  ( 0.000000000000000000, -1.000000000000000000, 0.000000000000000000 ) ) ;
#294 = EDGE_LOOP ( 'NONE', ( #4245, #6152, #4476, #608, #2485, #1717, #4460 ) ) ;
#295 = ORIENTED_EDGE ( 'NONE', *, *, #1589, .T. ) ;
#296 = VECTOR ( 'NONE', #37, 1000.000000000000000 ) ;
#297 = AXIS2_PLACEMENT_3D ( 'NONE', #945, #3374, #2378 ) ;
#298 = EDGE_CURVE ( 'NONE', #3964, #4352, #4326, .T. ) ;
#299 = DIRECTION ( 'NONE',  ( -0.4648338989899218343, 0.000000000000000000, 0.8853979028379427296 ) ) ;
#300 = VECTOR ( 'NONE', #2409, 1000.000000000000000 ) ;
#301 = LINE ( 'NONE', #3591, #3333 ) ;
#302 = ORIENTED_EDGE ( 'NONE', *, *, #4193, .T. ) ;
#303 = DIRECTION ( 'NONE',  ( 1.000000000000000000, 0.000000000000000000, 0.000000000000000000 ) ) ;
#304 = VECTOR ( 'NONE', #5538, 1000.000000000000000 ) ;
#305 = LINE ( 'NONE', #2279, #5979 ) ;
#306 = EDGE_CURVE ( 'NONE', #523, #3853, #2346, .T. ) ;
#307 = CARTESIAN_POINT ( 'NONE',  ( -1.169999999999999929, -2.540000000000000036, 1.699999999999999956 ) ) ;
#308 = VECTOR ( 'NONE', #5720, 1000.000000000000000 ) ;
#309 = LINE ( 'NONE', #3245, #400 ) ;
#310 = EDGE_LOOP ( 'NONE', ( #2389, #6099, #6023, #5617 ) ) ;
#311 = DIRECTION ( 'NONE',  ( -1.000000000000000000, 0.000000000000000000, 0.000000000000000000 ) ) ;
#312 = ORIENTED_EDGE ( 'NONE', *, *, #3965, .T. ) ;
#313 = CARTESIAN_POINT ( 'NONE',  ( -2.286000000000000032, -0.2500000000000000000, -2.075000000000000178 ) ) ;
#314 = ADVANCED_FACE ( 'NONE', ( #1467 ), #5683, .F. ) ;
#315 = STYLED_ITEM ( 'NONE', ( #4317 ), #5317 ) ;
#316 = CARTESIAN_POINT ( 'NONE',  ( 4.106875000000000497, -0.2500000000000000000, 2.075000000000000178 ) ) ;
#317 = PRESENTATION_LAYER_ASSIGNMENT (  '', '', ( #3018 ) ) ;
#318 = DIRECTION ( 'NONE',  ( -1.000000000000000000, 0.000000000000000000, 0.000000000000000000 ) ) ;
#319 = CARTESIAN_POINT ( 'NONE',  ( 11.13312500000000149, -0.2500000000000000000, 2.075000000000000178 ) ) ;
#320 = VERTEX_POINT ( 'NONE', #437 ) ;
#321 = EDGE_CURVE ( 'NONE', #5238, #4658, #4819, .T. ) ;
#322 = PLANE ( 'NONE',  #5666 ) ;
#323 = CONTEXT_DEPENDENT_SHAPE_REPRESENTATION ( #848, #1668 ) ;
#324 = DIRECTION ( 'NONE',  ( -1.000000000000000000, 0.000000000000000000, 0.000000000000000000 ) ) ;
#325 = CARTESIAN_POINT ( 'NONE',  ( 11.33000000000000007, -2.339999999999999858, -1.699999999999999956 ) ) ;
#326 = EDGE_LOOP ( 'NONE', ( #4767, #5341, #5840, #3451 ) ) ;
#327 = VECTOR ( 'NONE', #2467, 1000.000000000000000 ) ;
#328 = ORIENTED_EDGE ( 'NONE', *, *, #4989, .T. ) ;
#329 =( REPRESENTATION_RELATIONSHIP ('NONE','NONE', #1553, #2255 ) REPRESENTATION_RELATIONSHIP_WITH_TRANSFORMATION ( #2165 )SHAPE_REPRESENTATION_RELATIONSHIP( ) );
#330 = VERTEX_POINT ( 'NONE', #2465 ) ;
#331 = CARTESIAN_POINT ( 'NONE',  ( -1.270000000000000018, -0.2500000000000000000, 1.699999999999999956 ) ) ;
#332 = ORIENTED_EDGE ( 'NONE', *, *, #937, .T. ) ;
#333 = AXIS2_PLACEMENT_3D ( 'NONE', #556, #1996, #2815 ) ;
#334 = LINE ( 'NONE', #1810, #2585 ) ;
#335 = EDGE_CURVE ( 'NONE', #5147, #2858, #4390, .T. ) ;
#336 = FACE_OUTER_BOUND ( 'NONE', #493, .T. ) ;
#337 = PLANE ( 'NONE',  #3813 ) ;
#338 = LINE ( 'NONE', #5632, #506 ) ;
#339 = VERTEX_POINT ( 'NONE', #2375 ) ;
#340 = LINE ( 'NONE', #5634, #2276 ) ;
#341 = ORIENTED_EDGE ( 'NONE', *, *, #5328, .F. ) ;
#342 = CARTESIAN_POINT ( 'NONE',  ( 8.990000000000000213, -2.339999999999999858, -1.699999999999999956 ) ) ;
#343 = EDGE_CURVE ( 'NONE', #1430, #206, #1961, .T. ) ;
#344 = ADVANCED_FACE ( 'NONE', ( #911 ), #526, .T. ) ;
#345 = VERTEX_POINT ( 'NONE', #5770 ) ;
#346 = PRESENTATION_STYLE_ASSIGNMENT (( #3673 ) ) ;
#347 = DIRECTION ( 'NONE',  ( 0.8853979028379428406, 0.000000000000000000, -0.4648338989899218343 ) ) ;
#348 = ADVANCED_FACE ( 'NONE', ( #1931 ), #2935, .T. ) ;
#349 = CARTESIAN_POINT ( 'NONE',  ( 0.3200000000000000067, -0.3200000000000000067, 5.599999999999999645 ) ) ;
#350 = ADVANCED_FACE ( 'NONE', ( #2499 ), #5342, .F. ) ;
#351 = ORIENTED_EDGE ( 'NONE', *, *, #571, .F. ) ;
#352 = ORIENTED_EDGE ( 'NONE', *, *, #733, .T. ) ;
#353 = FACE_OUTER_BOUND ( 'NONE', #251, .T. ) ;
#354 = COLOUR_RGB ( '',1.000000000000000000, 0.8078431372549019773, 0.4588235294117646856 ) ;
#355 = ORIENTED_EDGE ( 'NONE', *, *, #2217, .F. ) ;
#356 = CARTESIAN_POINT ( 'NONE',  ( 11.33000000000000007, -0.2500000000000000000, 1.699999999999999956 ) ) ;
#357 = ORIENTED_EDGE ( 'NONE', *, *, #3739, .T. ) ;
#358 = SURFACE_SIDE_STYLE ('',( #4659 ) ) ;
#359 = PRODUCT_DEFINITION_SHAPE ( 'NONE', 'NONE',  #3534 ) ;
#360 = DIRECTION ( 'NONE',  ( 0.000000000000000000, 0.000000000000000000, 1.000000000000000000 ) ) ;
#361 = VECTOR ( 'NONE', #318, 1000.000000000000000 ) ;
#362 = CARTESIAN_POINT ( 'NONE',  ( 9.839999999999999858, 0.000000000000000000, -0.9499999999999999556 ) ) ;
#363 = DIRECTION ( 'NONE',  ( 1.000000000000000000, 0.000000000000000000, 0.000000000000000000 ) ) ;
#364 = ORIENTED_EDGE ( 'NONE', *, *, #3026, .F. ) ;
#365 = DIRECTION ( 'NONE',  ( 0.000000000000000000, 0.000000000000000000, 1.000000000000000000 ) ) ;
#366 = VECTOR ( 'NONE', #2059, 1000.000000000000000 ) ;
#367 = DIRECTION ( 'NONE',  ( 0.000000000000000000, 0.000000000000000000, -1.000000000000000000 ) ) ;
#368 = VERTEX_POINT ( 'NONE', #2995 ) ;
#369 = CARTESIAN_POINT ( 'NONE',  ( 0.3200000000000000067, 0.3200000000000000067, -1.639999999999999902 ) ) ;
#370 = CARTESIAN_POINT ( 'NONE',  ( 6.250000000000000000, 0.000000000000000000, -1.699999999999999956 ) ) ;
#371 = VECTOR ( 'NONE', #3427, 1000.000000000000114 ) ;
#372 = VECTOR ( 'NONE', #216, 1000.000000000000000 ) ;
#373 = DIRECTION ( 'NONE',  ( 0.000000000000000000, 0.000000000000000000, 1.000000000000000000 ) ) ;
#374 = EDGE_CURVE ( 'NONE', #4130, #1597, #4966, .T. ) ;
#375 =( GEOMETRIC_REPRESENTATION_CONTEXT ( 3 ) GLOBAL_UNCERTAINTY_ASSIGNED_CONTEXT ( ( #5215 ) ) GLOBAL_UNIT_ASSIGNED_CONTEXT ( ( #5890, #1621, #1024 ) ) REPRESENTATION_CONTEXT ( 'NONE', 'WORKASPACE' ) );
#376 = CARTESIAN_POINT ( 'NONE',  ( 4.760000000000000675, -0.2500000000000000000, 1.590000000000000080 ) ) ;
#377 = COLOUR_RGB ( '',0.9254901960784314152, 0.9254901960784314152, 0.9254901960784314152 ) ;
#378 = CARTESIAN_POINT ( 'NONE',  ( 1.790000000000000036, 0.000000000000000000, 2.500000000000000000 ) ) ;
#379 = DIRECTION ( 'NONE',  ( 0.000000000000000000, -1.000000000000000000, 0.000000000000000000 ) ) ;
#380 = ORIENTED_EDGE ( 'NONE', *, *, #4667, .T. ) ;
#381 = LINE ( 'NONE', #5665, #1389 ) ;
#382 = EDGE_CURVE ( 'NONE', #538, #2042, #5806, .T. ) ;
#383 = AXIS2_PLACEMENT_3D ( 'NONE', #4637, #5093, #809 ) ;
#384 = VECTOR ( 'NONE', #1699, 1000.000000000000000 ) ;
#385 = PLANE ( 'NONE',  #4680 ) ;
#386 = EDGE_CURVE ( 'NONE', #782, #3416, #1130, .T. ) ;
#387 = CARTESIAN_POINT ( 'NONE',  ( 1.369999999999999885, -0.2500000000000000000, -1.699999999999999956 ) ) ;
#388 = LINE ( 'NONE', #4771, #1470 ) ;
#389 = ORIENTED_EDGE ( 'NONE', *, *, #964, .F. ) ;
#390 = ORIENTED_EDGE ( 'NONE', *, *, #5349, .F. ) ;
#391 = PRODUCT_DEFINITION ( 'UNKNOWN', '', #5871, #2833 ) ;
#392 = DIRECTION ( 'NONE',  ( 0.000000000000000000, -1.000000000000000000, 0.000000000000000000 ) ) ;
#393 = EDGE_LOOP ( 'NONE', ( #979, #1062, #4277, #1283 ) ) ;
#394 = VERTEX_POINT ( 'NONE', #3977 ) ;
#395 = EDGE_LOOP ( 'NONE', ( #775, #1995, #2078, #3269 ) ) ;
#396 = CARTESIAN_POINT ( 'NONE',  ( 7.299999999999999822, -0.2500000000000000000, -1.590000000000000080 ) ) ;
#397 = MECHANICAL_DESIGN_GEOMETRIC_PRESENTATION_REPRESENTATION (  '', ( #2498 ), #4210 ) ;
#398 = FACE_OUTER_BOUND ( 'NONE', #4448, .T. ) ;
#399 = PRESENTATION_LAYER_ASSIGNMENT (  '', '', ( #3498 ) ) ;
#400 = VECTOR ( 'NONE', #6033, 1000.000000000000000 ) ;
#401 = DIRECTION ( 'NONE',  ( 0.000000000000000000, -1.000000000000000000, 0.000000000000000000 ) ) ;
#402 = ORIENTED_EDGE ( 'NONE', *, *, #1530, .T. ) ;
#403 = VECTOR ( 'NONE', #3741, 1000.000000000000000 ) ;
#404 = DIRECTION ( 'NONE',  ( 0.000000000000000000, -1.000000000000000000, 0.000000000000000000 ) ) ;
#405 =( NAMED_UNIT ( * ) SI_UNIT ( $, .STERADIAN. ) SOLID_ANGLE_UNIT ( ) );
#406 = ORIENTED_EDGE ( 'NONE', *, *, #1437, .F. ) ;
#407 = SURFACE_STYLE_FILL_AREA ( #5511 ) ;
#408 = CARTESIAN_POINT ( 'NONE',  ( -0.3200000000000000067, -0.2500000000000000000, -1.590000000000000080 ) ) ;
#409 = STYLED_ITEM ( 'NONE', ( #976 ), #6095 ) ;
#410 = DIRECTION ( 'NONE',  ( 0.000000000000000000, -1.000000000000000000, 0.000000000000000000 ) ) ;
#411 = CARTESIAN_POINT ( 'NONE',  ( 0.3200000000000000067, -1.320000000000000062, -3.279999999999999805 ) ) ;
#412 = CARTESIAN_POINT ( 'NONE',  ( 0.3180000000000000049, 0.3180000000000000049, 5.599999999999999645 ) ) ;
#413 = EDGE_LOOP ( 'NONE', ( #2435, #6044, #1140, #5533 ) ) ;
#414 = PRESENTATION_LAYER_ASSIGNMENT (  '', '', ( #315 ) ) ;
#415 = CARTESIAN_POINT ( 'NONE',  ( 4.106875000000000497, -0.2500000000000000000, -2.075000000000000178 ) ) ;
#416 = EDGE_CURVE ( 'NONE', #1201, #5306, #5833, .T. ) ;
#417 = LINE ( 'NONE', #5613, #5172 ) ;
#418 = COLOUR_RGB ( '',0.9254901960784314152, 0.9254901960784314152, 0.9254901960784314152 ) ;
#419 = PRODUCT_DEFINITION_SHAPE ( 'NONE', 'NONE',  #6187 ) ;
#420 = CARTESIAN_POINT ( 'NONE',  ( -0.3200000000000000067, -4.053493649053999448, -3.279999999999999805 ) ) ;
#421 = LINE ( 'NONE', #1361, #562 ) ;
#422 = ORIENTED_EDGE ( 'NONE', *, *, #3869, .T. ) ;
#423 = ORIENTED_EDGE ( 'NONE', *, *, #61, .T. ) ;
#424 = PRESENTATION_LAYER_ASSIGNMENT (  '', '', ( #1726 ) ) ;
#425 = EDGE_CURVE ( 'NONE', #1597, #1640, #623, .T. ) ;
#426 = DIRECTION ( 'NONE',  ( 0.000000000000000000, -1.000000000000000000, 0.000000000000000000 ) ) ;
#427 = EDGE_CURVE ( 'NONE', #2460, #5876, #1564, .T. ) ;
#428 = EDGE_LOOP ( 'NONE', ( #4578, #2009, #3631, #4400 ) ) ;
#429 = VERTEX_POINT ( 'NONE', #212 ) ;
#430 = ORIENTED_EDGE ( 'NONE', *, *, #5884, .T. ) ;
#431 = LINE ( 'NONE', #1777, #1880 ) ;
#432 = CARTESIAN_POINT ( 'NONE',  ( 0.7500000000000000000, 0.000000000000000000, -2.500000000000000000 ) ) ;
#433 = CARTESIAN_POINT ( 'NONE',  ( 11.13312500000000149, 0.000000000000000000, -2.075000000000000178 ) ) ;
#434 = EDGE_CURVE ( 'NONE', #2339, #588, #1598, .T. ) ;
#435 = EDGE_LOOP ( 'NONE', ( #1801, #4320, #5733, #4051, #4068, #2493, #4103, #3340 ) ) ;
#436 = LINE ( 'NONE', #1728, #3812 ) ;
#437 = CARTESIAN_POINT ( 'NONE',  ( -0.3200000000000000067, -2.540000000000000036, 1.590000000000000080 ) ) ;
#438 = ORIENTED_EDGE ( 'NONE', *, *, #2972, .T. ) ;
#439 = EDGE_CURVE ( 'NONE', #2500, #2936, #1096, .T. ) ;
#440 =( NAMED_UNIT ( * ) PLANE_ANGLE_UNIT ( ) SI_UNIT ( $, .RADIAN. ) );
#441 = LINE ( 'NONE', #5742, #5198 ) ;
#442 = CARTESIAN_POINT ( 'NONE',  ( 2.220000000000000195, -2.540000000000000036, 0.9499999999999999556 ) ) ;
#443 = PLANE ( 'NONE',  #1718 ) ;
#444 = CARTESIAN_POINT ( 'NONE',  ( 1.000000000000000000, -1.320000000000000062, -5.320000000000000284 ) ) ;
#445 = CARTESIAN_POINT ( 'NONE',  ( 9.186875000000000568, -0.2500000000000000000, 2.075000000000000178 ) ) ;
#446 = ORIENTED_EDGE ( 'NONE', *, *, #3414, .T. ) ;
#447 = APPLICATION_CONTEXT ( 'automotive_design' ) ;
#448 = DIRECTION ( 'NONE',  ( 1.000000000000000000, 0.000000000000000000, 0.000000000000000000 ) ) ;
#449 = ORIENTED_EDGE ( 'NONE', *, *, #3093, .F. ) ;
#450 = EDGE_LOOP ( 'NONE', ( #5897, #1988, #221, #5409, #908, #1061, #5181 ) ) ;
#451 = DIRECTION ( 'NONE',  ( 0.000000000000000000, -1.000000000000000000, 0.000000000000000000 ) ) ;
#452 = DIRECTION ( 'NONE',  ( 0.000000000000000000, -1.000000000000000000, 0.000000000000000000 ) ) ;
#453 = ADVANCED_FACE ( 'NONE', ( #2558 ), #4475, .T. ) ;
#454 = EDGE_LOOP ( 'NONE', ( #2559, #2508, #3935, #473 ) ) ;
#455 = ADVANCED_FACE ( 'NONE', ( #4571 ), #1308, .T. ) ;
#456 = EDGE_LOOP ( 'NONE', ( #2316, #2152, #1796, #1693 ) ) ;
#457 = EDGE_LOOP ( 'NONE', ( #1888, #3848, #4961, #5828 ) ) ;
#458 = DIRECTION ( 'NONE',  ( 1.000000000000000000, 0.000000000000000000, 0.000000000000000000 ) ) ;
#459 = DIRECTION ( 'NONE',  ( 0.000000000000000000, 0.000000000000000000, -1.000000000000000000 ) ) ;
#460 = ORIENTED_EDGE ( 'NONE', *, *, #3401, .F. ) ;
#461 = DIRECTION ( 'NONE',  ( -0.4648338989899218343, 0.000000000000000000, 0.8853979028379427296 ) ) ;
#462 = DIRECTION ( 'NONE',  ( 0.000000000000000000, 1.000000000000000000, 0.000000000000000000 ) ) ;
#463 = ORIENTED_EDGE ( 'NONE', *, *, #609, .T. ) ;
#464 = CARTESIAN_POINT ( 'NONE',  ( -0.3200000000000000067, -0.3200000000000000067, 6.740000000000000213 ) ) ;
#465 = STYLED_ITEM ( 'NONE', ( #5609 ), #1832 ) ;
#466 = DIRECTION ( 'NONE',  ( -0.4648338989899218343, 0.000000000000000000, -0.8853979028379427296 ) ) ;
#467 = DIRECTION ( 'NONE',  ( 0.000000000000000000, -1.000000000000000000, 0.000000000000000000 ) ) ;
#468 = EDGE_CURVE ( 'NONE', #4418, #584, #5561, .T. ) ;
#469 =( NAMED_UNIT ( * ) SI_UNIT ( $, .STERADIAN. ) SOLID_ANGLE_UNIT ( ) );
#470 = VECTOR ( 'NONE', #154, 1000.000000000000000 ) ;
#471 = DIRECTION ( 'NONE',  ( -1.000000000000000000, 0.000000000000000000, 0.000000000000000000 ) ) ;
#472 = DIRECTION ( 'NONE',  ( 0.000000000000000000, 0.000000000000000000, -1.000000000000000000 ) ) ;
#473 = ORIENTED_EDGE ( 'NONE', *, *, #770, .F. ) ;
#474 = VECTOR ( 'NONE', #4647, 1000.000000000000114 ) ;
#475 = CARTESIAN_POINT ( 'NONE',  ( 2.860000000000000320, -2.540000000000000036, 0.9499999999999999556 ) ) ;
#476 = VECTOR ( 'NONE', #1660, 1000.000000000000114 ) ;
#477 = DIRECTION ( 'NONE',  ( 0.000000000000000000, 0.000000000000000000, -1.000000000000000000 ) ) ;
#478 = PLANE ( 'NONE',  #3564 ) ;
#479 = DIRECTION ( 'NONE',  ( 0.000000000000000000, 0.000000000000000000, 1.000000000000000000 ) ) ;
#480 = EDGE_LOOP ( 'NONE', ( #4932, #2135, #692, #1468 ) ) ;
#481 = CARTESIAN_POINT ( 'NONE',  ( -0.3180000000000000049, -0.3180000000000000049, 5.386957750668999623 ) ) ;
#482 = COLOUR_RGB ( '',0.9254901960784314152, 0.9254901960784314152, 0.9254901960784314152 ) ;
#483 = PLANE ( 'NONE',  #6072 ) ;
#484 = DIRECTION ( 'NONE',  ( 1.000000000000000000, 0.000000000000000000, 0.000000000000000000 ) ) ;
#485 = CARTESIAN_POINT ( 'NONE',  ( 3.710000000000000409, -0.2500000000000000000, -1.699999999999999956 ) ) ;
#486 = VECTOR ( 'NONE', #2470, 1000.000000000000000 ) ;
#487 = VERTEX_POINT ( 'NONE', #1721 ) ;
#488 = ORIENTED_EDGE ( 'NONE', *, *, #1437, .T. ) ;
#489 = ORIENTED_EDGE ( 'NONE', *, *, #4830, .T. ) ;
#490 = VECTOR ( 'NONE', #1245, 1000.000000000000000 ) ;
#491 = EDGE_CURVE ( 'NONE', #2631, #5935, #5998, .T. ) ;
#492 = DIRECTION ( 'NONE',  ( 0.000000000000000000, 0.000000000000000000, 1.000000000000000000 ) ) ;
#493 = EDGE_LOOP ( 'NONE', ( #2284, #2528, #92, #2771 ) ) ;
#494 = PLANE ( 'NONE',  #3300 ) ;
#495 = ORIENTED_EDGE ( 'NONE', *, *, #5275, .T. ) ;
#496 = PLANE ( 'NONE',  #5923 ) ;
#497 = VECTOR ( 'NONE', #4773, 1000.000000000000000 ) ;
#498 = DIRECTION ( 'NONE',  ( -1.000000000000000000, 0.000000000000000000, 0.000000000000000000 ) ) ;
#499 = FILL_AREA_STYLE_COLOUR ( '', #3981 ) ;
#500 = EDGE_CURVE ( 'NONE', #3085, #1722, #4132, .T. ) ;
#501 = AXIS2_PLACEMENT_3D ( 'NONE', #1847, #3045, #4952 ) ;
#502 = VECTOR ( 'NONE', #3708, 1000.000000000000000 ) ;
#503 = CARTESIAN_POINT ( 'NONE',  ( 3.290000000000000036, 0.000000000000000000, 2.500000000000000000 ) ) ;
#504 = EDGE_CURVE ( 'NONE', #5876, #2888, #271, .T. ) ;
#505 = CARTESIAN_POINT ( 'NONE',  ( -0.7500000000000000000, 0.000000000000000000, 2.500000000000000000 ) ) ;
#506 = VECTOR ( 'NONE', #5129, 1000.000000000000114 ) ;
#507 = LINE ( 'NONE', #3894, #5788 ) ;
#508 = ORIENTED_EDGE ( 'NONE', *, *, #5874, .F. ) ;
#509 = VECTOR ( 'NONE', #5477, 1000.000000000000000 ) ;
#510 = VECTOR ( 'NONE', #1441, 1000.000000000000000 ) ;
#511 =( NAMED_UNIT ( * ) PLANE_ANGLE_UNIT ( ) SI_UNIT ( $, .RADIAN. ) );
#512 = CARTESIAN_POINT ( 'NONE',  ( -0.1950000000000000067, -6.810000000000000497, -6.834999999999999964 ) ) ;
#513 = VECTOR ( 'NONE', #3890, 1000.000000000000000 ) ;
#514 = PLANE ( 'NONE',  #703 ) ;
#515 = DIRECTION ( 'NONE',  ( 0.000000000000000000, 0.000000000000000000, -1.000000000000000000 ) ) ;
#516 = ORIENTED_EDGE ( 'NONE', *, *, #1458, .F. ) ;
#517 = EDGE_CURVE ( 'NONE', #4418, #5434, #2145, .T. ) ;
#518 = VECTOR ( 'NONE', #3524, 1000.000000000000000 ) ;
#519 = CARTESIAN_POINT ( 'NONE',  ( 3.710000000000000409, -0.2500000000000000000, 1.699999999999999956 ) ) ;
#520 = ORIENTED_EDGE ( 'NONE', *, *, #2810, .T. ) ;
#521 = VECTOR ( 'NONE', #3607, 1000.000000000000000 ) ;
#522 = ORIENTED_EDGE ( 'NONE', *, *, #4518, .T. ) ;
#523 = VERTEX_POINT ( 'NONE', #3690 ) ;
#524 = PLANE ( 'NONE',  #4106 ) ;
#525 = VERTEX_POINT ( 'NONE', #2212 ) ;
#526 = PLANE ( 'NONE',  #740 ) ;
#527 = ORIENTED_EDGE ( 'NONE', *, *, #298, .F. ) ;
#528 = EDGE_CURVE ( 'NONE', #109, #5512, #5150, .T. ) ;
#529 = VECTOR ( 'NONE', #3030, 1000.000000000000000 ) ;
#530 = PLANE ( 'NONE',  #1802 ) ;
#531 = DIRECTION ( 'NONE',  ( 0.000000000000000000, -1.000000000000000000, 0.000000000000000000 ) ) ;
#532 = LINE ( 'NONE', #1967, #4974 ) ;
#533 = CARTESIAN_POINT ( 'NONE',  ( 1.000000000000000000, -1.320000000000000062, -1.639999999999999902 ) ) ;
#534 = EDGE_CURVE ( 'NONE', #4889, #4423, #3725, .T. ) ;
#535 = DIRECTION ( 'NONE',  ( -0.000000000000000000, 0.8660254037844288266, 0.5000000000000169864 ) ) ;
#536 = EDGE_CURVE ( 'NONE', #5816, #4520, #3146, .T. ) ;
#537 = FACE_OUTER_BOUND ( 'NONE', #4858, .T. ) ;
#538 = VERTEX_POINT ( 'NONE', #2242 ) ;
#539 = DIRECTION ( 'NONE',  ( 0.000000000000000000, 0.000000000000000000, 1.000000000000000000 ) ) ;
#540 = SURFACE_SIDE_STYLE ('',( #3384 ) ) ;
#541 = DIRECTION ( 'NONE',  ( 1.000000000000000000, 0.000000000000000000, 0.000000000000000000 ) ) ;
#542 = CARTESIAN_POINT ( 'NONE',  ( 6.250000000000000000, -0.2500000000000000000, -1.699999999999999956 ) ) ;
#543 = ORIENTED_EDGE ( 'NONE', *, *, #5968, .T. ) ;
#544 = CARTESIAN_POINT ( 'NONE',  ( 0.1950000000000000067, 0.1950000000000000067, 6.740000000000000213 ) ) ;
#545 = EDGE_LOOP ( 'NONE', ( #4630, #2756, #4837, #390 ) ) ;
#546 = EDGE_CURVE ( 'NONE', #2021, #1827, #5963, .T. ) ;
#547 = DIRECTION ( 'NONE',  ( 0.000000000000000000, 0.000000000000000000, -1.000000000000000000 ) ) ;
#548 = DIRECTION ( 'NONE',  ( 0.000000000000000000, 0.000000000000000000, 1.000000000000000000 ) ) ;
#549 = EDGE_CURVE ( 'NONE', #2729, #4424, #301, .T. ) ;
#550 = CARTESIAN_POINT ( 'NONE',  ( 1.566875000000000018, 0.000000000000000000, 2.075000000000000178 ) ) ;
#551 = LINE ( 'NONE', #75, #5804 ) ;
#552 = ORIENTED_EDGE ( 'NONE', *, *, #3915, .F. ) ;
#553 = EDGE_LOOP ( 'NONE', ( #4373, #1591, #2437, #2934 ) ) ;
#554 = ORIENTED_EDGE ( 'NONE', *, *, #268, .F. ) ;
#555 = ORIENTED_EDGE ( 'NONE', *, *, #434, .T. ) ;
#556 = CARTESIAN_POINT ( 'NONE',  ( 6.870000000000000107, 0.000000000000000000, -2.500000000000000000 ) ) ;
#557 = ORIENTED_EDGE ( 'NONE', *, *, #4754, .T. ) ;
#558 = CARTESIAN_POINT ( 'NONE',  ( -0.3180000000000000049, -0.3180000000000000049, 5.599999999999999645 ) ) ;
#559 = CARTESIAN_POINT ( 'NONE',  ( 2.220000000000000195, -0.2500000000000000000, -1.590000000000000080 ) ) ;
#560 = CARTESIAN_POINT ( 'NONE',  ( 7.299999999999999822, 0.000000000000000000, -0.9499999999999999556 ) ) ;
#561 = CARTESIAN_POINT ( 'NONE',  ( 10.91000000000000014, 0.000000000000000000, -2.500000000000000000 ) ) ;
#562 = VECTOR ( 'NONE', #4219, 1000.000000000000000 ) ;
#563 = DIRECTION ( 'NONE',  ( 1.000000000000000000, 0.000000000000000000, 0.000000000000000000 ) ) ;
#564 = EDGE_LOOP ( 'NONE', ( #2846, #4774, #2666, #5091 ) ) ;
#565 = DIRECTION ( 'NONE',  ( 1.000000000000000000, 0.000000000000000000, 0.000000000000000000 ) ) ;
#566 = DIRECTION ( 'NONE',  ( 0.000000000000000000, 0.000000000000000000, -1.000000000000000000 ) ) ;
#567 = ORIENTED_EDGE ( 'NONE', *, *, #5097, .F. ) ;
#568 = SURFACE_STYLE_FILL_AREA ( #4404 ) ;
#569 = MECHANICAL_DESIGN_GEOMETRIC_PRESENTATION_REPRESENTATION (  '', ( #465 ), #974 ) ;
#570 = FACE_OUTER_BOUND ( 'NONE', #2774, .T. ) ;
#571 = EDGE_CURVE ( 'NONE', #5116, #4442, #5090, .T. ) ;
#572 = PLANE ( 'NONE',  #2623 ) ;
#573 = PLANE ( 'NONE',  #3066 ) ;
#574 = DIRECTION ( 'NONE',  ( 0.000000000000000000, 0.000000000000000000, -1.000000000000000000 ) ) ;
#575 = COLOUR_RGB ( '',0.9254901960784314152, 0.9254901960784314152, 0.9254901960784314152 ) ;
#576 = EDGE_CURVE ( 'NONE', #4122, #3212, #4160, .T. ) ;
#577 = ORIENTED_EDGE ( 'NONE', *, *, #4949, .T. ) ;
#578 = VECTOR ( 'NONE', #4696, 1000.000000000000000 ) ;
#579 = DIRECTION ( 'NONE',  ( 0.4472135954999771901, 0.7745966692414611998, 0.4472135954999771901 ) ) ;
#580 = VECTOR ( 'NONE', #3923, 1000.000000000000114 ) ;
#581 = SHAPE_DEFINITION_REPRESENTATION ( #359, #4192 ) ;
#582 = SURFACE_SIDE_STYLE ('',( #2895 ) ) ;
#583 = CARTESIAN_POINT ( 'NONE',  ( -0.3200000000000000067, -0.3200000000000000067, 0.9399999999999999467 ) ) ;
#584 = VERTEX_POINT ( 'NONE', #4634 ) ;
#585 = VECTOR ( 'NONE', #5323, 1000.000000000000000 ) ;
#586 = ORIENTED_EDGE ( 'NONE', *, *, #770, .T. ) ;
#587 = VECTOR ( 'NONE', #6139, 1000.000000000000000 ) ;
#588 = VERTEX_POINT ( 'NONE', #331 ) ;
#589 = PLANE ( 'NONE',  #5685 ) ;
#590 = VERTEX_POINT ( 'NONE', #6054 ) ;
#591 = CARTESIAN_POINT ( 'NONE',  ( -0.3180000000000000049, 0.3180000000000000049, 5.386957750668999623 ) ) ;
#592 = VERTEX_POINT ( 'NONE', #4197 ) ;
#593 = SURFACE_STYLE_USAGE ( .BOTH. , #2411 ) ;
#594 = DIRECTION ( 'NONE',  ( -1.000000000000000000, 0.000000000000000000, 0.000000000000000000 ) ) ;
#595 = COLOUR_RGB ( '',1.000000000000000000, 0.8078431372549019773, 0.4588235294117646856 ) ;
#596 = VERTEX_POINT ( 'NONE', #6090 ) ;
#597 = DIRECTION ( 'NONE',  ( 1.000000000000000000, 0.000000000000000000, 0.000000000000000000 ) ) ;
#598 = ORIENTED_EDGE ( 'NONE', *, *, #34, .F. ) ;
#599 = DIRECTION ( 'NONE',  ( 0.000000000000000000, 1.000000000000000000, 0.000000000000000000 ) ) ;
#600 = VECTOR ( 'NONE', #4531, 1000.000000000000114 ) ;
#601 = DIRECTION ( 'NONE',  ( 0.000000000000000000, -1.000000000000000000, 0.000000000000000000 ) ) ;
#602 = VECTOR ( 'NONE', #5929, 1000.000000000000000 ) ;
#603 = LINE ( 'NONE', #1644, #5811 ) ;
#604 = SURFACE_SIDE_STYLE ('',( #3898 ) ) ;
#605 = DIRECTION ( 'NONE',  ( 0.4648338989899218343, 0.000000000000000000, -0.8853979028379427296 ) ) ;
#606 = VECTOR ( 'NONE', #1738, 1000.000000000000000 ) ;
#607 =( NAMED_UNIT ( * ) SI_UNIT ( $, .STERADIAN. ) SOLID_ANGLE_UNIT ( ) );
#608 = ORIENTED_EDGE ( 'NONE', *, *, #1154, .F. ) ;
#609 = EDGE_CURVE ( 'NONE', #5754, #2308, #1807, .T. ) ;
#610 = LINE ( 'NONE', #12, #1687 ) ;
#611 = LINE ( 'NONE', #3937, #2319 ) ;
#612 = DIRECTION ( 'NONE',  ( 0.000000000000000000, 0.000000000000000000, -1.000000000000000000 ) ) ;
#613 = SURFACE_SIDE_STYLE ('',( #4897 ) ) ;
#614 = ORIENTED_EDGE ( 'NONE', *, *, #3164, .T. ) ;
#615 = EDGE_LOOP ( 'NONE', ( #5611, #112, #676, #4286 ) ) ;
#616 = EDGE_LOOP ( 'NONE', ( #6038, #5709, #2555, #927, #1758, #3458, #5631 ) ) ;
#617 = EDGE_CURVE ( 'NONE', #1450, #429, #3248, .T. ) ;
#618 = MECHANICAL_DESIGN_GEOMETRIC_PRESENTATION_REPRESENTATION (  '', ( #4323 ), #113 ) ;
#619 = ADVANCED_FACE ( 'NONE', ( #6065 ), #1818, .T. ) ;
#620 = CARTESIAN_POINT ( 'NONE',  ( -0.9731250000000000178, 0.000000000000000000, -2.075000000000000178 ) ) ;
#621 = AXIS2_PLACEMENT_3D ( 'NONE', #5177, #5210, #6140 ) ;
#622 = VERTEX_POINT ( 'NONE', #5604 ) ;
#623 = LINE ( 'NONE', #4904, #1933 ) ;
#624 = VERTEX_POINT ( 'NONE', #4702 ) ;
#625 = FACE_OUTER_BOUND ( 'NONE', #1156, .T. ) ;
#626 = DIRECTION ( 'NONE',  ( 0.000000000000000000, 0.000000000000000000, 1.000000000000000000 ) ) ;
#627 = CARTESIAN_POINT ( 'NONE',  ( 0.3200000000000000067, -2.540000000000000036, 0.9499999999999999556 ) ) ;
#628 = ADVANCED_FACE ( 'NONE', ( #2785 ), #2749, .T. ) ;
#629 = ADVANCED_FACE ( 'NONE', ( #6104 ), #4666, .T. ) ;
#630 = DIRECTION ( 'NONE',  ( 0.000000000000000000, 0.000000000000000000, -1.000000000000000000 ) ) ;
#631 = ORIENTED_EDGE ( 'NONE', *, *, #5956, .T. ) ;
#632 = PRESENTATION_STYLE_ASSIGNMENT (( #5231 ) ) ;
#633 = CARTESIAN_POINT ( 'NONE',  ( -0.3200000000000000067, -1.320000000000000062, -2.640000000000000124 ) ) ;
#634 = ORIENTED_EDGE ( 'NONE', *, *, #1664, .F. ) ;
#635 = DIRECTION ( 'NONE',  ( -0.4648338989899218343, 0.000000000000000000, 0.8853979028379428406 ) ) ;
#636 = DIRECTION ( 'NONE',  ( 1.000000000000000000, 0.000000000000000000, 0.000000000000000000 ) ) ;
#637 = DIRECTION ( 'NONE',  ( 0.000000000000000000, 1.000000000000000000, 0.000000000000000000 ) ) ;
#638 = LINE ( 'NONE', #4440, #95 ) ;
#639 = DIRECTION ( 'NONE',  ( -0.4648338989899218343, 0.000000000000000000, 0.8853979028379428406 ) ) ;
#640 = ORIENTED_EDGE ( 'NONE', *, *, #5414, .F. ) ;
#641 = VECTOR ( 'NONE', #2711, 1000.000000000000000 ) ;
#642 = CARTESIAN_POINT ( 'NONE',  ( 0.1950000000000000067, -4.270000000000000462, -3.154999999999999805 ) ) ;
#643 = PRODUCT_CONTEXT ( 'NONE', #1701, 'mechanical' ) ;
#644 = CARTESIAN_POINT ( 'NONE',  ( 7.939999999999999503, -2.540000000000000036, -0.9499999999999999556 ) ) ;
#645 = VERTEX_POINT ( 'NONE', #3280 ) ;
#646 = ORIENTED_EDGE ( 'NONE', *, *, #4255, .F. ) ;
#647 = ORIENTED_EDGE ( 'NONE', *, *, #4605, .F. ) ;
#648 = EDGE_CURVE ( 'NONE', #760, #4727, #913, .T. ) ;
#649 = CARTESIAN_POINT ( 'NONE',  ( 10.91000000000000014, -2.540000000000000036, -2.500000000000000000 ) ) ;
#650 = CARTESIAN_POINT ( 'NONE',  ( -0.3180000000000000049, 0.3180000000000000049, -0.2000000000000000111 ) ) ;
#651 = VERTEX_POINT ( 'NONE', #2348 ) ;
#652 = CARTESIAN_POINT ( 'NONE',  ( 0.1950000000000000067, 0.3200000000000000067, 6.740000000000000213 ) ) ;
#653 = DIRECTION ( 'NONE',  ( 0.000000000000000000, 1.000000000000000000, 0.000000000000000000 ) ) ;
#654 = CARTESIAN_POINT ( 'NONE',  ( 0.3200000000000000067, -0.2500000000000000000, -1.590000000000000080 ) ) ;
#655 = EDGE_CURVE ( 'NONE', #5351, #3085, #784, .T. ) ;
#656 = CARTESIAN_POINT ( 'NONE',  ( 0.1950000000000000067, -0.1950000000000000067, 5.599999999999999645 ) ) ;
#657 = EDGE_LOOP ( 'NONE', ( #5779, #2852, #1035, #3053 ) ) ;
#658 = DIRECTION ( 'NONE',  ( 1.000000000000000000, 0.000000000000000000, 0.000000000000000000 ) ) ;
#659 = DIRECTION ( 'NONE',  ( 0.000000000000000000, 1.000000000000000000, 0.000000000000000000 ) ) ;
#660 = ORIENTED_EDGE ( 'NONE', *, *, #3719, .F. ) ;
#661 = FACE_OUTER_BOUND ( 'NONE', #266, .T. ) ;
#662 = ADVANCED_FACE ( 'NONE', ( #6156 ), #5281, .T. ) ;
#663 = UNCERTAINTY_MEASURE_WITH_UNIT (LENGTH_MEASURE( 1.000000000000000082E-05 ), #5408, 'distance_accuracy_value', 'NONE');
#664 = CARTESIAN_POINT ( 'NONE',  ( 0.3180000000000000049, 0.3180000000000000049, -0.2000000000000000111 ) ) ;
#665 = CARTESIAN_POINT ( 'NONE',  ( -0.3200000000000000067, -0.2500000000000000000, 0.9499999999999999556 ) ) ;
#666 = CARTESIAN_POINT ( 'NONE',  ( 10.48000000000000043, -2.540000000000000036, 1.590000000000000080 ) ) ;
#667 = EDGE_LOOP ( 'NONE', ( #5270, #1659, #4294, #1167 ) ) ;
#668 = PRESENTATION_LAYER_ASSIGNMENT (  '', '', ( #5566 ) ) ;
#669 = CARTESIAN_POINT ( 'NONE',  ( 0.000000000000000000, 0.000000000000000000, 0.000000000000000000 ) ) ;
#670 = FILL_AREA_STYLE ('',( #261 ) ) ;
#671 = VECTOR ( 'NONE', #5639, 1000.000000000000000 ) ;
#672 = PRESENTATION_STYLE_ASSIGNMENT (( #5491 ) ) ;
#673 = FACE_BOUND ( 'NONE', #1925, .T. ) ;
#674 = ORIENTED_EDGE ( 'NONE', *, *, #1397, .T. ) ;
#675 = ORIENTED_EDGE ( 'NONE', *, *, #1950, .F. ) ;
#676 = ORIENTED_EDGE ( 'NONE', *, *, #2136, .F. ) ;
#677 = VECTOR ( 'NONE', #282, 1000.000000000000114 ) ;
#678 = PRESENTATION_LAYER_ASSIGNMENT (  '', '', ( #2278 ) ) ;
#679 = DIRECTION ( 'NONE',  ( 0.000000000000000000, -1.000000000000000000, 0.000000000000000000 ) ) ;
#680 = AXIS2_PLACEMENT_3D ( 'NONE', #3377, #2926, #4377 ) ;
#681 = MECHANICAL_DESIGN_GEOMETRIC_PRESENTATION_REPRESENTATION (  '', ( #4782 ), #3988 ) ;
#682 = DIRECTION ( 'NONE',  ( 0.4648338989899218343, 0.000000000000000000, -0.8853979028379427296 ) ) ;
#683 = ORIENTED_EDGE ( 'NONE', *, *, #4153, .T. ) ;
#684 = DIRECTION ( 'NONE',  ( 0.000000000000000000, 0.000000000000000000, -1.000000000000000000 ) ) ;
#685 = FACE_OUTER_BOUND ( 'NONE', #294, .T. ) ;
#686 = ADVANCED_FACE ( 'NONE', ( #4821 ), #970, .F. ) ;
#687 = VECTOR ( 'NONE', #3477, 1000.000000000000114 ) ;
#688 = PRESENTATION_LAYER_ASSIGNMENT (  '', '', ( #4196 ) ) ;
#689 = DIRECTION ( 'NONE',  ( -1.000000000000000000, 0.000000000000000000, 0.000000000000000000 ) ) ;
#690 = LINE ( 'NONE', #1250, #2099 ) ;
#691 = FACE_OUTER_BOUND ( 'NONE', #3098, .T. ) ;
#692 = ORIENTED_EDGE ( 'NONE', *, *, #343, .F. ) ;
#693 = LINE ( 'NONE', #5418, #470 ) ;
#694 = DIRECTION ( 'NONE',  ( 0.000000000000000000, -1.000000000000000000, 0.000000000000000000 ) ) ;
#695 = EDGE_LOOP ( 'NONE', ( #3555, #2957, #5428, #3618 ) ) ;
#696 =( NAMED_UNIT ( * ) PLANE_ANGLE_UNIT ( ) SI_UNIT ( $, .RADIAN. ) );
#697 = EDGE_CURVE ( 'NONE', #3510, #5676, #3949, .T. ) ;
#698 = COLOUR_RGB ( '',0.9254901960784314152, 0.9254901960784314152, 0.9254901960784314152 ) ;
#699 = EDGE_CURVE ( 'NONE', #742, #6142, #1934, .T. ) ;
#700 = CARTESIAN_POINT ( 'NONE',  ( 5.400000000000000355, -2.540000000000000036, 1.590000000000000080 ) ) ;
#701 = CARTESIAN_POINT ( 'NONE',  ( 8.789999999999999147, -2.540000000000000036, -1.699999999999999956 ) ) ;
#702 = DIRECTION ( 'NONE',  ( 0.000000000000000000, 0.000000000000000000, -1.000000000000000000 ) ) ;
#703 = AXIS2_PLACEMENT_3D ( 'NONE', #5019, #1205, #3547 ) ;
#704 = CARTESIAN_POINT ( 'NONE',  ( 10.91000000000000014, -2.540000000000000036, 2.500000000000000000 ) ) ;
#705 = VERTEX_POINT ( 'NONE', #944 ) ;
#706 = COLOUR_RGB ( '',1.000000000000000000, 0.8078431372549019773, 0.4588235294117646856 ) ;
#707 = LINE ( 'NONE', #200, #2969 ) ;
#708 = CONTEXT_DEPENDENT_SHAPE_REPRESENTATION ( #4619, #2107 ) ;
#709 = STYLED_ITEM ( 'NONE', ( #1939 ), #4618 ) ;
#710 = LINE ( 'NONE', #4470, #5517 ) ;
#711 = EDGE_CURVE ( 'NONE', #4631, #5799, #5716, .T. ) ;
#712 = PLANE ( 'NONE',  #5899 ) ;
#713 = ORIENTED_EDGE ( 'NONE', *, *, #2650, .T. ) ;
#714 = ORIENTED_EDGE ( 'NONE', *, *, #4853, .F. ) ;
#715 = CARTESIAN_POINT ( 'NONE',  ( 8.789999999999999147, -0.2500000000000000000, -1.699999999999999956 ) ) ;
#716 = AXIS2_PLACEMENT_3D ( 'NONE', #6117, #4811, #2802 ) ;
#717 = VERTEX_POINT ( 'NONE', #3373 ) ;
#718 =( NAMED_UNIT ( * ) PLANE_ANGLE_UNIT ( ) SI_UNIT ( $, .RADIAN. ) );
#719 = CARTESIAN_POINT ( 'NONE',  ( 6.450000000000000178, -0.2500000000000000000, -1.699999999999999956 ) ) ;
#720 = CARTESIAN_POINT ( 'NONE',  ( 11.42999999999999972, -0.2500000000000000000, -1.699999999999999956 ) ) ;
#721 = VECTOR ( 'NONE', #3553, 1000.000000000000000 ) ;
#722 = UNCERTAINTY_MEASURE_WITH_UNIT (LENGTH_MEASURE( 1.000000000000000082E-05 ), #2575, 'distance_accuracy_value', 'NONE');
#723 = CARTESIAN_POINT ( 'NONE',  ( -0.7500000000000000000, 0.000000000000000000, -2.500000000000000000 ) ) ;
#724 = EDGE_CURVE ( 'NONE', #4069, #2500, #52, .T. ) ;
#725 = LINE ( 'NONE', #5910, #4289 ) ;
#726 = EDGE_LOOP ( 'NONE', ( #289, #5461, #1340, #3203 ) ) ;
#727 = CARTESIAN_POINT ( 'NONE',  ( 3.710000000000000409, -2.540000000000000036, -1.699999999999999956 ) ) ;
#728 = EDGE_LOOP ( 'NONE', ( #2838, #5332, #3752, #4882 ) ) ;
#729 = AXIS2_PLACEMENT_3D ( 'NONE', #4057, #2103, #4028 ) ;
#730 = DIRECTION ( 'NONE',  ( 0.000000000000000000, -1.000000000000000000, 0.000000000000000000 ) ) ;
#731 = UNCERTAINTY_MEASURE_WITH_UNIT (LENGTH_MEASURE( 1.000000000000000082E-05 ), #3865, 'distance_accuracy_value', 'NONE');
#732 = ADVANCED_FACE ( 'NONE', ( #1444 ), #496, .T. ) ;
#733 = EDGE_CURVE ( 'NONE', #1309, #3964, #2121, .T. ) ;
#734 = DIRECTION ( 'NONE',  ( -0.4648338989899218343, 0.000000000000000000, 0.8853979028379427296 ) ) ;
#735 = FACE_OUTER_BOUND ( 'NONE', #456, .T. ) ;
#736 = PLANE ( 'NONE',  #5892 ) ;
#737 = VERTEX_POINT ( 'NONE', #2997 ) ;
#738 = LINE ( 'NONE', #4955, #984 ) ;
#739 = FILL_AREA_STYLE ('',( #5431 ) ) ;
#740 = AXIS2_PLACEMENT_3D ( 'NONE', #3883, #968, #4842 ) ;
#741 = DIRECTION ( 'NONE',  ( 0.000000000000000000, -1.000000000000000000, 0.000000000000000000 ) ) ;
#742 = VERTEX_POINT ( 'NONE', #3562 ) ;
#743 = ORIENTED_EDGE ( 'NONE', *, *, #3575, .T. ) ;
#744 = EDGE_CURVE ( 'NONE', #1608, #1122, #4075, .T. ) ;
#745 = CARTESIAN_POINT ( 'NONE',  ( -0.1950000000000000067, 0.1950000000000000067, 6.740000000000000213 ) ) ;
#746 = DIRECTION ( 'NONE',  ( 0.000000000000000000, -1.000000000000000000, 0.000000000000000000 ) ) ;
#747 = ORIENTED_EDGE ( 'NONE', *, *, #69, .T. ) ;
#748 =( LENGTH_UNIT ( ) NAMED_UNIT ( * ) SI_UNIT ( .MILLI., .METRE. ) );
#749 = CARTESIAN_POINT ( 'NONE',  ( -0.7500000000000000000, 0.000000000000000000, 2.500000000000000000 ) ) ;
#750 = CARTESIAN_POINT ( 'NONE',  ( 7.299999999999999822, -0.2500000000000000000, -1.590000000000000080 ) ) ;
#751 = DIRECTION ( 'NONE',  ( 0.000000000000000000, 0.000000000000000000, 1.000000000000000000 ) ) ;
#752 = LINE ( 'NONE', #5382, #990 ) ;
#753 = VERTEX_POINT ( 'NONE', #5965 ) ;
#754 = DIRECTION ( 'NONE',  ( -0.8853979028379428406, 0.000000000000000000, 0.4648338989899218343 ) ) ;
#755 = CARTESIAN_POINT ( 'NONE',  ( 8.370000000000000995, 0.000000000000000000, 2.500000000000000000 ) ) ;
#756 = EDGE_LOOP ( 'NONE', ( #1483, #6115, #3700, #117 ) ) ;
#757 = CARTESIAN_POINT ( 'NONE',  ( 5.400000000000000355, -0.2500000000000000000, -0.9499999999999999556 ) ) ;
#758 = FACE_OUTER_BOUND ( 'NONE', #564, .T. ) ;
#759 = CARTESIAN_POINT ( 'NONE',  ( 8.789999999999999147, -0.2500000000000000000, 1.699999999999999956 ) ) ;
#760 = VERTEX_POINT ( 'NONE', #273 ) ;
#761 = ADVANCED_FACE ( 'NONE', ( #3979 ), #4907, .T. ) ;
#762 = CARTESIAN_POINT ( 'NONE',  ( -0.1950000000000000067, -4.270000000000000462, -2.640000000000000124 ) ) ;
#763 = DIRECTION ( 'NONE',  ( 0.000000000000000000, 0.000000000000000000, 1.000000000000000000 ) ) ;
#764 = LINE ( 'NONE', #204, #518 ) ;
#765 = EDGE_CURVE ( 'NONE', #1827, #5264, #4044, .T. ) ;
#766 = CARTESIAN_POINT ( 'NONE',  ( 4.760000000000000675, -0.2500000000000000000, 1.590000000000000080 ) ) ;
#767 = ORIENTED_EDGE ( 'NONE', *, *, #2306, .T. ) ;
#768 = VECTOR ( 'NONE', #1482, 1000.000000000000000 ) ;
#769 = EDGE_LOOP ( 'NONE', ( #254, #5741, #6182, #567 ) ) ;
#770 = EDGE_CURVE ( 'NONE', #538, #3329, #4013, .T. ) ;
#771 = VECTOR ( 'NONE', #5288, 1000.000000000000000 ) ;
#772 = LINE ( 'NONE', #4569, #1601 ) ;
#773 = ADVANCED_FACE ( 'NONE', ( #625 ), #3535, .T. ) ;
#774 = AXIS2_PLACEMENT_3D ( 'NONE', #5943, #4522, #5449 ) ;
#775 = ORIENTED_EDGE ( 'NONE', *, *, #2912, .F. ) ;
#776 = LINE ( 'NONE', #4636, #789 ) ;
#777 = PRESENTATION_LAYER_ASSIGNMENT (  '', '', ( #3680 ) ) ;
#778 = CARTESIAN_POINT ( 'NONE',  ( 9.410000000000000142, 0.000000000000000000, 2.500000000000000000 ) ) ;
#779 = LINE ( 'NONE', #5034, #5176 ) ;
#780 = VECTOR ( 'NONE', #3487, 1000.000000000000000 ) ;
#781 = CARTESIAN_POINT ( 'NONE',  ( -1.169999999999999929, -2.540000000000000036, -1.699999999999999956 ) ) ;
#782 = VERTEX_POINT ( 'NONE', #1633 ) ;
#783 = EDGE_CURVE ( 'NONE', #4256, #5654, #2181, .T. ) ;
#784 = LINE ( 'NONE', #4266, #2433 ) ;
#785 = CARTESIAN_POINT ( 'NONE',  ( 9.839999999999999858, -0.2500000000000000000, -1.590000000000000080 ) ) ;
#786 = VERTEX_POINT ( 'NONE', #5442 ) ;
#787 = VECTOR ( 'NONE', #2715, 1000.000000000000000 ) ;
#788 = CARTESIAN_POINT ( 'NONE',  ( -0.9731250000000000178, 0.000000000000000000, 2.075000000000000178 ) ) ;
#789 = VECTOR ( 'NONE', #1751, 1000.000000000000000 ) ;
#790 = VECTOR ( 'NONE', #2157, 1000.000000000000000 ) ;
#791 = DIRECTION ( 'NONE',  ( -1.000000000000000000, 0.000000000000000000, 0.000000000000000000 ) ) ;
#792 = PRESENTATION_STYLE_ASSIGNMENT (( #5425 ) ) ;
#793 = FACE_OUTER_BOUND ( 'NONE', #553, .T. ) ;
#794 = ORIENTED_EDGE ( 'NONE', *, *, #2937, .F. ) ;
#795 = DIRECTION ( 'NONE',  ( 0.4472135954999771346, 0.4472135954999771346, -0.7745966692414611998 ) ) ;
#796 = PRODUCT_CONTEXT ( 'NONE', #3325, 'mechanical' ) ;
#797 = DIRECTION ( 'NONE',  ( 0.000000000000000000, -1.000000000000000000, 0.000000000000000000 ) ) ;
#798 = ORIENTED_EDGE ( 'NONE', *, *, #5776, .F. ) ;
#799 = MECHANICAL_DESIGN_GEOMETRIC_PRESENTATION_REPRESENTATION (  '', ( #2980 ), #2201 ) ;
#800 = ADVANCED_FACE ( 'NONE', ( #5002 ), #1157, .T. ) ;
#801 = ORIENTED_EDGE ( 'NONE', *, *, #2487, .F. ) ;
#802 = FILL_AREA_STYLE ('',( #6053 ) ) ;
#803 = VECTOR ( 'NONE', #4167, 1000.000000000000000 ) ;
#804 = ADVANCED_FACE ( 'NONE', ( #3213 ), #2214, .F. ) ;
#805 = CARTESIAN_POINT ( 'NONE',  ( 0.9731250000000000178, 0.000000000000000000, 2.075000000000000178 ) ) ;
#806 = ORIENTED_EDGE ( 'NONE', *, *, #5968, .F. ) ;
#807 = CARTESIAN_POINT ( 'NONE',  ( 0.3200000000000000067, -1.320000000000000062, -6.320000000000000284 ) ) ;
#808 = VECTOR ( 'NONE', #5156, 1000.000000000000000 ) ;
#809 = DIRECTION ( 'NONE',  ( 0.000000000000000000, 1.000000000000000000, 0.000000000000000000 ) ) ;
#810 = CARTESIAN_POINT ( 'NONE',  ( 2.220000000000000195, -2.540000000000000036, 1.590000000000000080 ) ) ;
#811 = DIRECTION ( 'NONE',  ( 0.000000000000000000, -1.000000000000000000, 0.000000000000000000 ) ) ;
#812 = AXIS2_PLACEMENT_3D ( 'NONE', #3749, #931, #4686 ) ;
#813 = ORIENTED_EDGE ( 'NONE', *, *, #4039, .F. ) ;
#814 = ORIENTED_EDGE ( 'NONE', *, *, #5928, .F. ) ;
#815 = DIRECTION ( 'NONE',  ( 0.000000000000000000, -1.000000000000000000, 0.000000000000000000 ) ) ;
#816 = EDGE_CURVE ( 'NONE', #5274, #4914, #431, .T. ) ;
#817 = PRODUCT_DEFINITION_SHAPE ( 'NONE', 'NONE',  #6184 ) ;
#818 = EDGE_CURVE ( 'NONE', #2042, #49, #2713, .T. ) ;
#819 = DIRECTION ( 'NONE',  ( 0.000000000000000000, 1.000000000000000000, 0.000000000000000000 ) ) ;
#820 = FILL_AREA_STYLE ('',( #3194 ) ) ;
#821 = VECTOR ( 'NONE', #827, 1000.000000000000000 ) ;
#822 = LINE ( 'NONE', #2322, #1373 ) ;
#823 = CARTESIAN_POINT ( 'NONE',  ( 3.910000000000000142, -0.2500000000000000000, 1.699999999999999956 ) ) ;
#824 = ORIENTED_EDGE ( 'NONE', *, *, #4216, .F. ) ;
#825 = CARTESIAN_POINT ( 'NONE',  ( 9.839999999999999858, -2.540000000000000036, 0.9499999999999999556 ) ) ;
#826 = UNCERTAINTY_MEASURE_WITH_UNIT (LENGTH_MEASURE( 1.000000000000000082E-05 ), #5920, 'distance_accuracy_value', 'NONE');
#827 = DIRECTION ( 'NONE',  ( -1.000000000000000000, 0.000000000000000000, 0.000000000000000000 ) ) ;
#828 = PLANE ( 'NONE',  #5162 ) ;
#829 = ORIENTED_EDGE ( 'NONE', *, *, #3224, .F. ) ;
#830 = VECTOR ( 'NONE', #4392, 1000.000000000000000 ) ;
#831 = ORIENTED_EDGE ( 'NONE', *, *, #1159, .T. ) ;
#832 =( NAMED_UNIT ( * ) PLANE_ANGLE_UNIT ( ) SI_UNIT ( $, .RADIAN. ) );
#833 = DIRECTION ( 'NONE',  ( 0.000000000000000000, -1.000000000000000000, 0.000000000000000000 ) ) ;
#834 = ORIENTED_EDGE ( 'NONE', *, *, #4540, .F. ) ;
#835 = CARTESIAN_POINT ( 'NONE',  ( 0.3200000000000000067, -4.270000000000000462, -2.765000000000000124 ) ) ;
#836 =( GEOMETRIC_REPRESENTATION_CONTEXT ( 3 ) GLOBAL_UNCERTAINTY_ASSIGNED_CONTEXT ( ( #2759 ) ) GLOBAL_UNIT_ASSIGNED_CONTEXT ( ( #1034, #4264, #3371 ) ) REPRESENTATION_CONTEXT ( 'NONE', 'WORKASPACE' ) );
#837 = CARTESIAN_POINT ( 'NONE',  ( 10.16000000000000014, 0.000000000000000000, 0.000000000000000000 ) ) ;
#838 = EDGE_CURVE ( 'NONE', #1179, #4733, #776, .T. ) ;
#839 = CARTESIAN_POINT ( 'NONE',  ( 2.220000000000000195, 0.000000000000000000, -1.590000000000000080 ) ) ;
#840 = LINE ( 'NONE', #4203, #1410 ) ;
#841 = ORIENTED_EDGE ( 'NONE', *, *, #2091, .F. ) ;
#842 =( LENGTH_UNIT ( ) NAMED_UNIT ( * ) SI_UNIT ( .MILLI., .METRE. ) );
#843 = LINE ( 'NONE', #3579, #600 ) ;
#844 = ORIENTED_EDGE ( 'NONE', *, *, #5293, .F. ) ;
#845 = DIRECTION ( 'NONE',  ( 0.000000000000000000, 0.000000000000000000, 1.000000000000000000 ) ) ;
#846 = CARTESIAN_POINT ( 'NONE',  ( 10.91000000000000014, 0.000000000000000000, 2.500000000000000000 ) ) ;
#847 = DIRECTION ( 'NONE',  ( 1.000000000000000000, 0.000000000000000000, 0.000000000000000000 ) ) ;
#848 =( REPRESENTATION_RELATIONSHIP ('NONE','NONE', #1553, #1983 ) REPRESENTATION_RELATIONSHIP_WITH_TRANSFORMATION ( #4124 )SHAPE_REPRESENTATION_RELATIONSHIP( ) );
#849 = DIRECTION ( 'NONE',  ( 0.000000000000000000, 1.000000000000000000, 0.000000000000000000 ) ) ;
#850 = DIRECTION ( 'NONE',  ( 0.000000000000000000, 0.5000000000000169864, -0.8660254037844288266 ) ) ;
#851 = FILL_AREA_STYLE_COLOUR ( '', #1611 ) ;
#852 = VERTEX_POINT ( 'NONE', #396 ) ;
#853 = EDGE_CURVE ( 'NONE', #5935, #5190, #1341, .T. ) ;
#854 = DIRECTION ( 'NONE',  ( 0.000000000000000000, 0.000000000000000000, -1.000000000000000000 ) ) ;
#855 = LINE ( 'NONE', #3165, #5073 ) ;
#856 = DIRECTION ( 'NONE',  ( 0.000000000000000000, -1.000000000000000000, 0.000000000000000000 ) ) ;
#857 = DIRECTION ( 'NONE',  ( 0.000000000000000000, -1.000000000000000000, 0.000000000000000000 ) ) ;
#858 = EDGE_LOOP ( 'NONE', ( #3311, #3973, #1435, #3748, #2093, #1559, #4142 ) ) ;
#859 = VERTEX_POINT ( 'NONE', #5152 ) ;
#860 = EDGE_CURVE ( 'NONE', #5914, #1722, #3239, .T. ) ;
#861 = CARTESIAN_POINT ( 'NONE',  ( 0.000000000000000000, 0.000000000000000000, 0.000000000000000000 ) ) ;
#862 = PRESENTATION_STYLE_ASSIGNMENT (( #5149 ) ) ;
#863 = VECTOR ( 'NONE', #857, 1000.000000000000000 ) ;
#864 = CARTESIAN_POINT ( 'NONE',  ( -0.3200000000000000067, -1.320000000000000062, -3.279999999999999805 ) ) ;
#865 = ORIENTED_EDGE ( 'NONE', *, *, #6042, .T. ) ;
#866 = DIRECTION ( 'NONE',  ( 0.000000000000000000, 0.000000000000000000, 1.000000000000000000 ) ) ;
#867 = PRODUCT ( 'M20-974-PIN1.stp', 'M20-974-PIN1.stp', '', ( #5112 ) ) ;
#868 = CARTESIAN_POINT ( 'NONE',  ( 7.939999999999999503, -2.540000000000000036, 0.9499999999999999556 ) ) ;
#869 = AXIS2_PLACEMENT_3D ( 'NONE', #1395, #5208, #4678 ) ;
#870 = DIRECTION ( 'NONE',  ( -1.000000000000000000, 0.000000000000000000, 0.000000000000000000 ) ) ;
#871 = DIRECTION ( 'NONE',  ( 1.000000000000000000, 0.000000000000000000, 0.000000000000000000 ) ) ;
#872 = VERTEX_POINT ( 'NONE', #2742 ) ;
#873 = MECHANICAL_DESIGN_GEOMETRIC_PRESENTATION_REPRESENTATION (  '', ( #2167 ), #2577 ) ;
#874 = DIRECTION ( 'NONE',  ( 0.000000000000000000, 0.000000000000000000, -1.000000000000000000 ) ) ;
#875 = ORIENTED_EDGE ( 'NONE', *, *, #2193, .F. ) ;
#876 = EDGE_CURVE ( 'NONE', #1956, #3826, #1842, .T. ) ;
#877 = CARTESIAN_POINT ( 'NONE',  ( 2.860000000000000320, -0.2500000000000000000, 1.590000000000000080 ) ) ;
#878 = LINE ( 'NONE', #788, #6180 ) ;
#879 = VECTOR ( 'NONE', #1023, 1000.000000000000000 ) ;
#880 = AXIS2_PLACEMENT_3D ( 'NONE', #1661, #2089, #3566 ) ;
#881 =( LENGTH_UNIT ( ) NAMED_UNIT ( * ) SI_UNIT ( .MILLI., .METRE. ) );
#882 = CARTESIAN_POINT ( 'NONE',  ( 6.646874999999999645, 0.000000000000000000, -2.075000000000000178 ) ) ;
#883 = VECTOR ( 'NONE', #3198, 1000.000000000000000 ) ;
#884 = FILL_AREA_STYLE_COLOUR ( '', #5852 ) ;
#885 = EDGE_CURVE ( 'NONE', #4352, #5257, #4258, .T. ) ;
#886 = LINE ( 'NONE', #6137, #502 ) ;
#887 = EDGE_LOOP ( 'NONE', ( #5955, #1116, #264, #1004, #2525, #5570, #2208, #3016 ) ) ;
#888 = LINE ( 'NONE', #6167, #4689 ) ;
#889 = UNCERTAINTY_MEASURE_WITH_UNIT (LENGTH_MEASURE( 1.000000000000000082E-05 ), #2624, 'distance_accuracy_value', 'NONE');
#890 = AXIS2_PLACEMENT_3D ( 'NONE', #1256, #157, #5544 ) ;
#891 = EDGE_CURVE ( 'NONE', #3234, #2162, #1809, .T. ) ;
#892 = LINE ( 'NONE', #1331, #1870 ) ;
#893 = PRESENTATION_STYLE_ASSIGNMENT (( #1265 ) ) ;
#894 = CARTESIAN_POINT ( 'NONE',  ( 5.830000000000000071, 0.000000000000000000, 2.500000000000000000 ) ) ;
#895 = VERTEX_POINT ( 'NONE', #3656 ) ;
#896 = ADVANCED_FACE ( 'NONE', ( #5650 ), #1310, .F. ) ;
#897 = EDGE_CURVE ( 'NONE', #5914, #109, #936, .T. ) ;
#898 = STYLED_ITEM ( 'NONE', ( #3027 ), #4984 ) ;
#899 = SURFACE_STYLE_FILL_AREA ( #4194 ) ;
#900 = ORIENTED_EDGE ( 'NONE', *, *, #1353, .F. ) ;
#901 = VERTEX_POINT ( 'NONE', #1863 ) ;
#902 = ORIENTED_EDGE ( 'NONE', *, *, #4638, .F. ) ;
#903 = VECTOR ( 'NONE', #65, 1000.000000000000000 ) ;
#904 = DIRECTION ( 'NONE',  ( 0.8853979028379428406, 0.000000000000000000, -0.4648338989899218343 ) ) ;
#905 = VECTOR ( 'NONE', #5394, 1000.000000000000000 ) ;
#906 = AXIS2_PLACEMENT_3D ( 'NONE', #2672, #741, #238 ) ;
#907 = CARTESIAN_POINT ( 'NONE',  ( -0.3200000000000000067, -0.2500000000000000000, -1.590000000000000080 ) ) ;
#908 = ORIENTED_EDGE ( 'NONE', *, *, #228, .F. ) ;
#909 = AXIS2_PLACEMENT_3D ( 'NONE', #6032, #4078, #1754 ) ;
#910 = PLANE ( 'NONE',  #3102 ) ;
#911 = FACE_OUTER_BOUND ( 'NONE', #156, .T. ) ;
#912 = ORIENTED_EDGE ( 'NONE', *, *, #4716, .T. ) ;
#913 = LINE ( 'NONE', #4734, #4040 ) ;
#914 = CARTESIAN_POINT ( 'NONE',  ( 2.220000000000000195, -0.2500000000000000000, 1.590000000000000080 ) ) ;
#915 = CARTESIAN_POINT ( 'NONE',  ( 2.860000000000000320, -2.540000000000000036, 0.9499999999999999556 ) ) ;
#916 = DIRECTION ( 'NONE',  ( 0.000000000000000000, -1.000000000000000000, 0.000000000000000000 ) ) ;
#917 =( NAMED_UNIT ( * ) PLANE_ANGLE_UNIT ( ) SI_UNIT ( $, .RADIAN. ) );
#918 =( LENGTH_UNIT ( ) NAMED_UNIT ( * ) SI_UNIT ( .MILLI., .METRE. ) );
#919 = CARTESIAN_POINT ( 'NONE',  ( 11.33000000000000007, -2.540000000000000036, -1.699999999999999956 ) ) ;
#920 = EDGE_LOOP ( 'NONE', ( #423, #3235, #3313, #3457 ) ) ;
#921 = STYLED_ITEM ( 'NONE', ( #3082 ), #5391 ) ;
#922 = EDGE_CURVE ( 'NONE', #5351, #5914, #2841, .T. ) ;
#923 = LINE ( 'NONE', #2296, #4776 ) ;
#924 = EDGE_CURVE ( 'NONE', #852, #6084, #2367, .T. ) ;
#925 = VECTOR ( 'NONE', #6049, 1000.000000000000000 ) ;
#926 = CARTESIAN_POINT ( 'NONE',  ( 4.760000000000000675, 0.000000000000000000, 1.590000000000000080 ) ) ;
#927 = ORIENTED_EDGE ( 'NONE', *, *, #765, .F. ) ;
#928 = VERTEX_POINT ( 'NONE', #3307 ) ;
#929 = COLOUR_RGB ( '',1.000000000000000000, 0.8078431372549019773, 0.4588235294117646856 ) ;
#930 = EDGE_CURVE ( 'NONE', #5249, #1868, #5222, .T. ) ;
#931 = DIRECTION ( 'NONE',  ( 0.000000000000000000, -1.000000000000000000, 0.000000000000000000 ) ) ;
#932 =( LENGTH_UNIT ( ) NAMED_UNIT ( * ) SI_UNIT ( .MILLI., .METRE. ) );
#933 = VERTEX_POINT ( 'NONE', #1569 ) ;
#934 = VERTEX_POINT ( 'NONE', #2656 ) ;
#935 = EDGE_LOOP ( 'NONE', ( #3162, #3475, #6143, #3247 ) ) ;
#936 = LINE ( 'NONE', #6148, #4982 ) ;
#937 = EDGE_CURVE ( 'NONE', #2694, #3582, #4519, .T. ) ;
#938 = VECTOR ( 'NONE', #4328, 1000.000000000000114 ) ;
#939 = LINE ( 'NONE', #2811, #2408 ) ;
#940 = ORIENTED_EDGE ( 'NONE', *, *, #3597, .T. ) ;
#941 = LINE ( 'NONE', #2048, #5692 ) ;
#942 = DIRECTION ( 'NONE',  ( 1.000000000000000000, 0.000000000000000000, 0.000000000000000000 ) ) ;
#943 = EDGE_LOOP ( 'NONE', ( #940, #2360, #422, #3338, #4133, #767, #5681 ) ) ;
#944 = CARTESIAN_POINT ( 'NONE',  ( 1.790000000000000036, -2.540000000000000036, 2.500000000000000000 ) ) ;
#945 = CARTESIAN_POINT ( 'NONE',  ( 7.299999999999999822, 0.000000000000000000, 1.590000000000000080 ) ) ;
#946 = LINE ( 'NONE', #3345, #2574 ) ;
#947 = DIRECTION ( 'NONE',  ( 0.000000000000000000, -1.000000000000000000, 0.000000000000000000 ) ) ;
#948 =( NAMED_UNIT ( * ) SI_UNIT ( $, .STERADIAN. ) SOLID_ANGLE_UNIT ( ) );
#949 = PLANE ( 'NONE',  #5407 ) ;
#950 = VERTEX_POINT ( 'NONE', #3982 ) ;
#951 = SURFACE_STYLE_FILL_AREA ( #3230 ) ;
#952 = SURFACE_STYLE_USAGE ( .BOTH. , #3449 ) ;
#953 = LINE ( 'NONE', #1856, #5063 ) ;
#954 = FACE_OUTER_BOUND ( 'NONE', #1227, .T. ) ;
#955 = ORIENTED_EDGE ( 'NONE', *, *, #5698, .T. ) ;
#956 = EDGE_CURVE ( 'NONE', #3431, #2156, #5875, .T. ) ;
#957 = DIRECTION ( 'NONE',  ( 0.000000000000000000, 0.000000000000000000, 1.000000000000000000 ) ) ;
#958 = CARTESIAN_POINT ( 'NONE',  ( -0.3200000000000000067, -4.270000000000000462, -3.154999999999999805 ) ) ;
#959 = FILL_AREA_STYLE_COLOUR ( '', #4626 ) ;
#960 = VERTEX_POINT ( 'NONE', #1665 ) ;
#961 = VERTEX_POINT ( 'NONE', #1604 ) ;
#962 = ORIENTED_EDGE ( 'NONE', *, *, #2724, .T. ) ;
#963 = EDGE_CURVE ( 'NONE', #1244, #3649, #2151, .T. ) ;
#964 = EDGE_CURVE ( 'NONE', #3533, #1450, #185, .T. ) ;
#965 = DIRECTION ( 'NONE',  ( -0.4648338989899218343, 0.000000000000000000, 0.8853979028379427296 ) ) ;
#966 = VERTEX_POINT ( 'NONE', #656 ) ;
#967 = CARTESIAN_POINT ( 'NONE',  ( 0.3200000000000000067, -0.3200000000000000067, 0.9399999999999999467 ) ) ;
#968 = DIRECTION ( 'NONE',  ( 0.000000000000000000, 0.000000000000000000, -1.000000000000000000 ) ) ;
#969 = ORIENTED_EDGE ( 'NONE', *, *, #1866, .T. ) ;
#970 = PLANE ( 'NONE',  #4737 ) ;
#971 =( GEOMETRIC_REPRESENTATION_CONTEXT ( 3 ) GLOBAL_UNCERTAINTY_ASSIGNED_CONTEXT ( ( #2595 ) ) GLOBAL_UNIT_ASSIGNED_CONTEXT ( ( #133, #1112, #4556 ) ) REPRESENTATION_CONTEXT ( 'NONE', 'WORKASPACE' ) );
#972 = DIRECTION ( 'NONE',  ( 0.000000000000000000, 1.000000000000000000, 0.000000000000000000 ) ) ;
#973 = CARTESIAN_POINT ( 'NONE',  ( 7.939999999999999503, -2.540000000000000036, -1.590000000000000080 ) ) ;
#974 =( GEOMETRIC_REPRESENTATION_CONTEXT ( 3 ) GLOBAL_UNCERTAINTY_ASSIGNED_CONTEXT ( ( #4048 ) ) GLOBAL_UNIT_ASSIGNED_CONTEXT ( ( #6073, #2387, #4765 ) ) REPRESENTATION_CONTEXT ( 'NONE', 'WORKASPACE' ) );
#975 = EDGE_CURVE ( 'NONE', #2737, #6061, #725, .T. ) ;
#976 = PRESENTATION_STYLE_ASSIGNMENT (( #3858 ) ) ;
#977 = DIRECTION ( 'NONE',  ( -1.000000000000000000, 0.000000000000000000, 0.000000000000000000 ) ) ;
#978 = DIRECTION ( 'NONE',  ( 0.000000000000000000, 1.000000000000000000, 0.000000000000000000 ) ) ;
#979 = ORIENTED_EDGE ( 'NONE', *, *, #4395, .T. ) ;
#980 = AXIS2_PLACEMENT_3D ( 'NONE', #4946, #4978, #659 ) ;
#981 = CARTESIAN_POINT ( 'NONE',  ( -1.270000000000000018, -2.339999999999999858, -1.699999999999999956 ) ) ;
#982 = VECTOR ( 'NONE', #2850, 1000.000000000000000 ) ;
#983 = DIRECTION ( 'NONE',  ( 0.000000000000000000, 0.000000000000000000, 1.000000000000000000 ) ) ;
#984 = VECTOR ( 'NONE', #5457, 1000.000000000000000 ) ;
#985 = FACE_OUTER_BOUND ( 'NONE', #3119, .T. ) ;
#986 = CARTESIAN_POINT ( 'NONE',  ( 0.9731250000000000178, 0.000000000000000000, -2.075000000000000178 ) ) ;
#987 = LINE ( 'NONE', #5331, #1893 ) ;
#988 = ORIENTED_EDGE ( 'NONE', *, *, #243, .T. ) ;
#989 = COLOUR_RGB ( '',0.9254901960784314152, 0.9254901960784314152, 0.9254901960784314152 ) ;
#990 = VECTOR ( 'NONE', #5940, 1000.000000000000000 ) ;
#991 = LINE ( 'NONE', #2044, #5372 ) ;
#992 = DIRECTION ( 'NONE',  ( 0.000000000000000000, -1.000000000000000000, 0.000000000000000000 ) ) ;
#993 = EDGE_CURVE ( 'NONE', #1244, #4221, #5416, .T. ) ;
#994 = CARTESIAN_POINT ( 'NONE',  ( 10.48000000000000043, -2.540000000000000036, 0.9499999999999999556 ) ) ;
#995 = SURFACE_SIDE_STYLE ('',( #4779 ) ) ;
#996 = ORIENTED_EDGE ( 'NONE', *, *, #1760, .F. ) ;
#997 = ORIENTED_EDGE ( 'NONE', *, *, #6003, .F. ) ;
#998 = ORIENTED_EDGE ( 'NONE', *, *, #110, .F. ) ;
#999 = COLOUR_RGB ( '',0.9254901960784314152, 0.9254901960784314152, 0.9254901960784314152 ) ;
#1000 = ADVANCED_FACE ( 'NONE', ( #1137, #5007, #4079 ), #220, .T. ) ;
#1001 = EDGE_CURVE ( 'NONE', #5799, #5013, #2535, .T. ) ;
#1002 = ORIENTED_EDGE ( 'NONE', *, *, #4287, .F. ) ;
#1003 = DIRECTION ( 'NONE',  ( 1.000000000000000000, 0.000000000000000000, 0.000000000000000000 ) ) ;
#1004 = ORIENTED_EDGE ( 'NONE', *, *, #3402, .T. ) ;
#1005 =( LENGTH_UNIT ( ) NAMED_UNIT ( * ) SI_UNIT ( .MILLI., .METRE. ) );
#1006 = VECTOR ( 'NONE', #311, 1000.000000000000000 ) ;
#1007 = CARTESIAN_POINT ( 'NONE',  ( 8.370000000000000995, -2.540000000000000036, 2.500000000000000000 ) ) ;
#1008 = VECTOR ( 'NONE', #1161, 1000.000000000000000 ) ;
#1009 = FACE_OUTER_BOUND ( 'NONE', #2302, .T. ) ;
#1010 = LINE ( 'NONE', #505, #2368 ) ;
#1011 = EDGE_CURVE ( 'NONE', #1841, #1989, #752, .T. ) ;
#1012 = DIRECTION ( 'NONE',  ( 1.000000000000000000, 0.000000000000000000, 0.000000000000000000 ) ) ;
#1013 = ORIENTED_EDGE ( 'NONE', *, *, #3288, .F. ) ;
#1014 = DIRECTION ( 'NONE',  ( 0.000000000000000000, -1.000000000000000000, 0.000000000000000000 ) ) ;
#1015 = EDGE_CURVE ( 'NONE', #3067, #5185, #1102, .T. ) ;
#1016 = FILL_AREA_STYLE ('',( #2971 ) ) ;
#1017 = CARTESIAN_POINT ( 'NONE',  ( -0.1950000000000000067, 0.1950000000000000067, 6.740000000000000213 ) ) ;
#1018 = PRESENTATION_LAYER_ASSIGNMENT (  '', '', ( #409 ) ) ;
#1019 = LINE ( 'NONE', #5262, #768 ) ;
#1020 = CARTESIAN_POINT ( 'NONE',  ( 0.9731250000000000178, 0.000000000000000000, 2.075000000000000178 ) ) ;
#1021 = CARTESIAN_POINT ( 'NONE',  ( 3.710000000000000409, -2.339999999999999858, 1.699999999999999956 ) ) ;
#1022 = ORIENTED_EDGE ( 'NONE', *, *, #5405, .T. ) ;
#1023 = DIRECTION ( 'NONE',  ( 0.000000000000000000, -1.000000000000000000, 0.000000000000000000 ) ) ;
#1024 =( NAMED_UNIT ( * ) SI_UNIT ( $, .STERADIAN. ) SOLID_ANGLE_UNIT ( ) );
#1025 = CARTESIAN_POINT ( 'NONE',  ( 3.710000000000000409, -2.540000000000000036, 1.699999999999999956 ) ) ;
#1026 = CARTESIAN_POINT ( 'NONE',  ( 7.299999999999999822, -0.2500000000000000000, 1.590000000000000080 ) ) ;
#1027 = ORIENTED_EDGE ( 'NONE', *, *, #1465, .F. ) ;
#1028 = MECHANICAL_DESIGN_GEOMETRIC_PRESENTATION_REPRESENTATION (  '', ( #5620 ), #5708 ) ;
#1029 = ORIENTED_EDGE ( 'NONE', *, *, #68, .T. ) ;
#1030 = ORIENTED_EDGE ( 'NONE', *, *, #783, .F. ) ;
#1031 = ADVANCED_BREP_SHAPE_REPRESENTATION ( '', ( #2261, #5307 ), #3308 ) ;
#1032 = DIRECTION ( 'NONE',  ( 0.000000000000000000, -1.000000000000000000, 0.000000000000000000 ) ) ;
#1033 = EDGE_LOOP ( 'NONE', ( #3397, #2941, #380, #2979 ) ) ;
#1034 =( LENGTH_UNIT ( ) NAMED_UNIT ( * ) SI_UNIT ( .MILLI., .METRE. ) );
#1035 = ORIENTED_EDGE ( 'NONE', *, *, #5166, .F. ) ;
#1036 = FILL_AREA_STYLE_COLOUR ( '', #1833 ) ;
#1037 = VECTOR ( 'NONE', #2086, 1000.000000000000000 ) ;
#1038 = DIRECTION ( 'NONE',  ( -1.000000000000000000, 0.000000000000000000, 0.000000000000000000 ) ) ;
#1039 = DIRECTION ( 'NONE',  ( -1.000000000000000000, 0.000000000000000000, 0.000000000000000000 ) ) ;
#1040 = ADVANCED_FACE ( 'NONE', ( #3097 ), #2630, .T. ) ;
#1041 = SURFACE_STYLE_FILL_AREA ( #5318 ) ;
#1042 = VECTOR ( 'NONE', #3825, 1000.000000000000000 ) ;
#1043 = DIRECTION ( 'NONE',  ( 0.000000000000000000, 1.000000000000000000, 0.000000000000000000 ) ) ;
#1044 = VERTEX_POINT ( 'NONE', #4548 ) ;
#1045 = DIRECTION ( 'NONE',  ( -1.000000000000000000, 0.000000000000000000, 0.000000000000000000 ) ) ;
#1046 = VERTEX_POINT ( 'NONE', #2092 ) ;
#1047 = CARTESIAN_POINT ( 'NONE',  ( 0.1950000000000000067, -4.270000000000000462, -3.154999999999999805 ) ) ;
#1048 = EDGE_CURVE ( 'NONE', #148, #4442, #4577, .T. ) ;
#1049 = LINE ( 'NONE', #5749, #3469 ) ;
#1050 = CARTESIAN_POINT ( 'NONE',  ( -0.3200000000000000067, -0.3200000000000000067, 5.599999999999999645 ) ) ;
#1051 = DIRECTION ( 'NONE',  ( -1.000000000000000000, 0.000000000000000000, 0.000000000000000000 ) ) ;
#1052 = DIRECTION ( 'NONE',  ( 0.000000000000000000, -1.000000000000000000, 0.000000000000000000 ) ) ;
#1053 = EDGE_LOOP ( 'NONE', ( #5441, #1560, #2657, #1900 ) ) ;
#1054 = DIRECTION ( 'NONE',  ( 0.000000000000000000, -1.000000000000000000, 0.000000000000000000 ) ) ;
#1055 = FACE_BOUND ( 'NONE', #4198, .T. ) ;
#1056 = CARTESIAN_POINT ( 'NONE',  ( 3.910000000000000142, -0.2500000000000000000, -1.699999999999999956 ) ) ;
#1057 = EDGE_CURVE ( 'NONE', #1563, #2162, #3065, .T. ) ;
#1058 = ORIENTED_EDGE ( 'NONE', *, *, #382, .F. ) ;
#1059 =( REPRESENTATION_RELATIONSHIP ('NONE','NONE', #4192, #2183 ) REPRESENTATION_RELATIONSHIP_WITH_TRANSFORMATION ( #6048 )SHAPE_REPRESENTATION_RELATIONSHIP( ) );
#1060 = ORIENTED_EDGE ( 'NONE', *, *, #4941, .T. ) ;
#1061 = ORIENTED_EDGE ( 'NONE', *, *, #6017, .T. ) ;
#1062 = ORIENTED_EDGE ( 'NONE', *, *, #4452, .F. ) ;
#1063 = DIRECTION ( 'NONE',  ( 0.000000000000000000, -1.000000000000000000, 0.000000000000000000 ) ) ;
#1064 = ORIENTED_EDGE ( 'NONE', *, *, #4798, .F. ) ;
#1065 = FILL_AREA_STYLE_COLOUR ( '', #234 ) ;
#1066 = CARTESIAN_POINT ( 'NONE',  ( -1.169999999999999929, -0.2500000000000000000, 1.699999999999999956 ) ) ;
#1067 = PLANE ( 'NONE',  #6069 ) ;
#1068 = ADVANCED_FACE ( 'NONE', ( #691 ), #279, .T. ) ;
#1069 = AXIS2_PLACEMENT_3D ( 'NONE', #4030, #3108, #6014 ) ;
#1070 = DIRECTION ( 'NONE',  ( 0.000000000000000000, -1.000000000000000000, 0.000000000000000000 ) ) ;
#1071 = ORIENTED_EDGE ( 'NONE', *, *, #5398, .T. ) ;
#1072 = FACE_OUTER_BOUND ( 'NONE', #5805, .T. ) ;
#1073 = EDGE_LOOP ( 'NONE', ( #3809, #2863, #4213, #2430 ) ) ;
#1074 = DIRECTION ( 'NONE',  ( 0.000000000000000000, -1.000000000000000000, 0.000000000000000000 ) ) ;
#1075 = CARTESIAN_POINT ( 'NONE',  ( 5.400000000000000355, -0.2500000000000000000, 1.590000000000000080 ) ) ;
#1076 = EDGE_CURVE ( 'NONE', #339, #2766, #2719, .T. ) ;
#1077 = DIRECTION ( 'NONE',  ( 1.000000000000000000, 0.000000000000000000, 0.000000000000000000 ) ) ;
#1078 = FILL_AREA_STYLE ('',( #5356 ) ) ;
#1079 = DIRECTION ( 'NONE',  ( 0.000000000000000000, -1.000000000000000000, 0.000000000000000000 ) ) ;
#1080 = VERTEX_POINT ( 'NONE', #3630 ) ;
#1081 = ADVANCED_FACE ( 'NONE', ( #4663 ), #910, .T. ) ;
#1082 = AXIS2_PLACEMENT_3D ( 'NONE', #1695, #5413, #1222 ) ;
#1083 = CARTESIAN_POINT ( 'NONE',  ( 0.1950000000000000067, -4.270000000000000462, -2.765000000000000124 ) ) ;
#1084 = LINE ( 'NONE', #2984, #1821 ) ;
#1085 = LINE ( 'NONE', #3430, #6112 ) ;
#1086 = DIRECTION ( 'NONE',  ( -1.000000000000000000, 0.000000000000000000, 0.000000000000000000 ) ) ;
#1087 = EDGE_LOOP ( 'NONE', ( #4543, #4227, #186, #5339 ) ) ;
#1088 = CARTESIAN_POINT ( 'NONE',  ( -0.1950000000000000067, -0.1950000000000000067, 5.599999999999999645 ) ) ;
#1089 = ORIENTED_EDGE ( 'NONE', *, *, #4970, .T. ) ;
#1090 = VECTOR ( 'NONE', #5388, 1000.000000000000000 ) ;
#1091 = ORIENTED_EDGE ( 'NONE', *, *, #4496, .F. ) ;
#1092 = PRESENTATION_LAYER_ASSIGNMENT (  '', '', ( #3991 ) ) ;
#1093 = EDGE_CURVE ( 'NONE', #1756, #1252, #436, .T. ) ;
#1094 = VECTOR ( 'NONE', #694, 1000.000000000000000 ) ;
#1095 = EDGE_LOOP ( 'NONE', ( #4061, #406, #4622, #520 ) ) ;
#1096 = LINE ( 'NONE', #2119, #2238 ) ;
#1097 = ORIENTED_EDGE ( 'NONE', *, *, #6159, .T. ) ;
#1098 = CARTESIAN_POINT ( 'NONE',  ( 9.839999999999999858, -0.2500000000000000000, 1.590000000000000080 ) ) ;
#1099 = DIRECTION ( 'NONE',  ( 0.000000000000000000, -1.000000000000000000, 0.000000000000000000 ) ) ;
#1100 = VECTOR ( 'NONE', #5646, 1000.000000000000000 ) ;
#1101 = PRESENTATION_LAYER_ASSIGNMENT (  '', '', ( #1202 ) ) ;
#1102 = LINE ( 'NONE', #4943, #5673 ) ;
#1103 = VERTEX_POINT ( 'NONE', #5601 ) ;
#1104 = PLANE ( 'NONE',  #3368 ) ;
#1105 = EDGE_LOOP ( 'NONE', ( #1853, #962, #1413, #5347 ) ) ;
#1106 = LINE ( 'NONE', #5258, #1790 ) ;
#1107 = VECTOR ( 'NONE', #1142, 1000.000000000000000 ) ;
#1108 = UNCERTAINTY_MEASURE_WITH_UNIT (LENGTH_MEASURE( 1.000000000000000082E-05 ), #5815, 'distance_accuracy_value', 'NONE');
#1109 = VECTOR ( 'NONE', #4761, 1000.000000000000114 ) ;
#1110 = VECTOR ( 'NONE', #6006, 1000.000000000000114 ) ;
#1111 = CARTESIAN_POINT ( 'NONE',  ( 10.48000000000000043, -0.2500000000000000000, 1.590000000000000080 ) ) ;
#1112 =( NAMED_UNIT ( * ) PLANE_ANGLE_UNIT ( ) SI_UNIT ( $, .RADIAN. ) );
#1113 = LINE ( 'NONE', #4408, #1897 ) ;
#1114 = PRESENTATION_LAYER_ASSIGNMENT (  '', '', ( #709 ) ) ;
#1115 = MECHANICAL_DESIGN_GEOMETRIC_PRESENTATION_REPRESENTATION (  '', ( #4119 ), #836 ) ;
#1116 = ORIENTED_EDGE ( 'NONE', *, *, #5333, .T. ) ;
#1117 = EDGE_CURVE ( 'NONE', #2364, #934, #4139, .T. ) ;
#1118 = EDGE_CURVE ( 'NONE', #3901, #5754, #3219, .T. ) ;
#1119 = CARTESIAN_POINT ( 'NONE',  ( 9.186875000000000568, -0.2500000000000000000, -2.075000000000000178 ) ) ;
#1120 = STYLED_ITEM ( 'NONE', ( #5200 ), #6169 ) ;
#1121 = DIRECTION ( 'NONE',  ( 0.000000000000000000, -1.000000000000000000, 0.000000000000000000 ) ) ;
#1122 = VERTEX_POINT ( 'NONE', #2690 ) ;
#1123 = ORIENTED_EDGE ( 'NONE', *, *, #2297, .T. ) ;
#1124 = ORIENTED_EDGE ( 'NONE', *, *, #4687, .F. ) ;
#1125 = VECTOR ( 'NONE', #2018, 1000.000000000000000 ) ;
#1126 = EDGE_CURVE ( 'NONE', #2085, #3306, #3734, .T. ) ;
#1127 =( NAMED_UNIT ( * ) SI_UNIT ( $, .STERADIAN. ) SOLID_ANGLE_UNIT ( ) );
#1128 = AXIS2_PLACEMENT_3D ( 'NONE', #2047, #4066, #5989 ) ;
#1129 = ORIENTED_EDGE ( 'NONE', *, *, #3606, .F. ) ;
#1130 = LINE ( 'NONE', #5867, #4450 ) ;
#1131 = EDGE_LOOP ( 'NONE', ( #6155, #831, #2539, #2191, #3661, #4655, #912, #1785 ) ) ;
#1132 = EDGE_CURVE ( 'NONE', #2823, #1904, #338, .T. ) ;
#1133 = CARTESIAN_POINT ( 'NONE',  ( 7.939999999999999503, -0.2500000000000000000, 1.590000000000000080 ) ) ;
#1134 = CARTESIAN_POINT ( 'NONE',  ( 0.3200000000000000067, -4.053493649053999448, -2.640000000000000124 ) ) ;
#1135 = LINE ( 'NONE', #654, #372 ) ;
#1136 =( GEOMETRIC_REPRESENTATION_CONTEXT ( 3 ) GLOBAL_UNCERTAINTY_ASSIGNED_CONTEXT ( ( #5207 ) ) GLOBAL_UNIT_ASSIGNED_CONTEXT ( ( #2224, #440, #3736 ) ) REPRESENTATION_CONTEXT ( 'NONE', 'WORKASPACE' ) );
#1137 = FACE_BOUND ( 'NONE', #2026, .T. ) ;
#1138 = ORIENTED_EDGE ( 'NONE', *, *, #2990, .F. ) ;
#1139 = LINE ( 'NONE', #4053, #4973 ) ;
#1140 = ORIENTED_EDGE ( 'NONE', *, *, #4667, .F. ) ;
#1141 = CARTESIAN_POINT ( 'NONE',  ( 3.910000000000000142, -2.339999999999999858, 1.699999999999999956 ) ) ;
#1142 = DIRECTION ( 'NONE',  ( 0.000000000000000000, 0.000000000000000000, -1.000000000000000000 ) ) ;
#1143 = ORIENTED_EDGE ( 'NONE', *, *, #439, .T. ) ;
#1144 = STYLED_ITEM ( 'NONE', ( #4042 ), #350 ) ;
#1145 = DIRECTION ( 'NONE',  ( 1.000000000000000000, 0.000000000000000000, 0.000000000000000000 ) ) ;
#1146 =( NAMED_UNIT ( * ) PLANE_ANGLE_UNIT ( ) SI_UNIT ( $, .RADIAN. ) );
#1147 = CARTESIAN_POINT ( 'NONE',  ( -0.3200000000000000067, -1.320000000000000062, -6.320000000000000284 ) ) ;
#1148 = DIRECTION ( 'NONE',  ( 0.000000000000000000, -1.000000000000000000, 0.000000000000000000 ) ) ;
#1149 = EDGE_LOOP ( 'NONE', ( #5677, #2459, #3180, #2993 ) ) ;
#1150 = EDGE_CURVE ( 'NONE', #2958, #339, #309, .T. ) ;
#1151 = EDGE_LOOP ( 'NONE', ( #555, #3406, #5121, #2051 ) ) ;
#1152 = ORIENTED_EDGE ( 'NONE', *, *, #468, .F. ) ;
#1153 = DIRECTION ( 'NONE',  ( 0.000000000000000000, 1.000000000000000000, 0.000000000000000000 ) ) ;
#1154 = EDGE_CURVE ( 'NONE', #4781, #4038, #3186, .T. ) ;
#1155 = CARTESIAN_POINT ( 'NONE',  ( 3.910000000000000142, -2.540000000000000036, -1.699999999999999956 ) ) ;
#1156 = EDGE_LOOP ( 'NONE', ( #4939, #4814, #3895, #5941 ) ) ;
#1157 = PLANE ( 'NONE',  #3381 ) ;
#1158 = PLANE ( 'NONE',  #1181 ) ;
#1159 = EDGE_CURVE ( 'NONE', #622, #5190, #6101, .T. ) ;
#1160 = PLANE ( 'NONE',  #2776 ) ;
#1161 = DIRECTION ( 'NONE',  ( 0.000000000000000000, 0.000000000000000000, 1.000000000000000000 ) ) ;
#1162 = DIRECTION ( 'NONE',  ( -0.4648338989899218343, 0.000000000000000000, 0.8853979028379427296 ) ) ;
#1163 = ORIENTED_EDGE ( 'NONE', *, *, #3521, .T. ) ;
#1164 = FACE_OUTER_BOUND ( 'NONE', #4383, .T. ) ;
#1165 = PRODUCT_DEFINITION_SHAPE ( 'NONE', 'NONE',  #6195 ) ;
#1166 = CARTESIAN_POINT ( 'NONE',  ( -2.032000000000000028, 0.000000000000000000, 2.075000000000000178 ) ) ;
#1167 = ORIENTED_EDGE ( 'NONE', *, *, #5766, .F. ) ;
#1168 = CARTESIAN_POINT ( 'NONE',  ( 7.939999999999999503, -0.2500000000000000000, 0.9499999999999999556 ) ) ;
#1169 = UNCERTAINTY_MEASURE_WITH_UNIT (LENGTH_MEASURE( 1.000000000000000082E-05 ), #3550, 'distance_accuracy_value', 'NONE');
#1170 = VECTOR ( 'NONE', #6083, 1000.000000000000000 ) ;
#1171 = DIRECTION ( 'NONE',  ( 0.000000000000000000, 0.000000000000000000, -1.000000000000000000 ) ) ;
#1172 = LINE ( 'NONE', #1615, #1958 ) ;
#1173 = DIRECTION ( 'NONE',  ( 0.000000000000000000, 1.000000000000000000, 0.000000000000000000 ) ) ;
#1174 = ORIENTED_EDGE ( 'NONE', *, *, #975, .T. ) ;
#1175 =( REPRESENTATION_RELATIONSHIP ('NONE','NONE', #1553, #1983 ) REPRESENTATION_RELATIONSHIP_WITH_TRANSFORMATION ( #3200 )SHAPE_REPRESENTATION_RELATIONSHIP( ) );
#1176 = PRESENTATION_STYLE_ASSIGNMENT (( #6019 ) ) ;
#1177 = PRESENTATION_LAYER_ASSIGNMENT (  '', '', ( #3980 ) ) ;
#1178 = CARTESIAN_POINT ( 'NONE',  ( 0.7500000000000000000, 0.000000000000000000, -2.500000000000000000 ) ) ;
#1179 = VERTEX_POINT ( 'NONE', #2782 ) ;
#1180 = EDGE_LOOP ( 'NONE', ( #1565, #1409, #5543, #5383 ) ) ;
#1181 = AXIS2_PLACEMENT_3D ( 'NONE', #749, #2182, #5377 ) ;
#1182 = MECHANICAL_DESIGN_GEOMETRIC_PRESENTATION_REPRESENTATION (  '', ( #2278 ), #4086 ) ;
#1183 = ADVANCED_FACE ( 'NONE', ( #3698 ), #2222, .F. ) ;
#1184 = CARTESIAN_POINT ( 'NONE',  ( 0.3200000000000000067, 0.000000000000000000, -1.590000000000000080 ) ) ;
#1185 = ADVANCED_FACE ( 'NONE', ( #2351 ), #2726, .F. ) ;
#1186 = VECTOR ( 'NONE', #2292, 1000.000000000000114 ) ;
#1187 = SURFACE_STYLE_USAGE ( .BOTH. , #4011 ) ;
#1188 = ORIENTED_EDGE ( 'NONE', *, *, #3879, .F. ) ;
#1189 = DIRECTION ( 'NONE',  ( 0.8660254037844288266, 0.000000000000000000, 0.5000000000000169864 ) ) ;
#1190 = DIRECTION ( 'NONE',  ( 1.000000000000000000, 0.000000000000000000, 0.000000000000000000 ) ) ;
#1191 = VECTOR ( 'NONE', #360, 1000.000000000000000 ) ;
#1192 = COLOUR_RGB ( '',1.000000000000000000, 0.8078431372549019773, 0.4588235294117646856 ) ;
#1193 = EDGE_CURVE ( 'NONE', #3978, #1960, #4235, .T. ) ;
#1194 = EDGE_CURVE ( 'NONE', #5594, #5528, #5655, .T. ) ;
#1195 = DIRECTION ( 'NONE',  ( 0.000000000000000000, 0.000000000000000000, 1.000000000000000000 ) ) ;
#1196 = CARTESIAN_POINT ( 'NONE',  ( 6.250000000000000000, -2.540000000000000036, 1.699999999999999956 ) ) ;
#1197 = DIRECTION ( 'NONE',  ( 0.000000000000000000, -1.000000000000000000, 0.000000000000000000 ) ) ;
#1198 = VERTEX_POINT ( 'NONE', #3278 ) ;
#1199 = DIRECTION ( 'NONE',  ( 0.000000000000000000, 1.000000000000000000, 0.000000000000000000 ) ) ;
#1200 = CARTESIAN_POINT ( 'NONE',  ( 1.169999999999999929, -0.2500000000000000000, -1.699999999999999956 ) ) ;
#1201 = VERTEX_POINT ( 'NONE', #5568 ) ;
#1202 = STYLED_ITEM ( 'NONE', ( #3722 ), #5239 ) ;
#1203 = PLANE ( 'NONE',  #1326 ) ;
#1204 = DIRECTION ( 'NONE',  ( 0.000000000000000000, 0.000000000000000000, 1.000000000000000000 ) ) ;
#1205 = DIRECTION ( 'NONE',  ( 0.000000000000000000, -1.000000000000000000, 0.000000000000000000 ) ) ;
#1206 = VECTOR ( 'NONE', #2977, 1000.000000000000000 ) ;
#1207 = DIRECTION ( 'NONE',  ( -0.4472135954999780783, 0.4472135954999780783, -0.7745966692414600896 ) ) ;
#1208 = ORIENTED_EDGE ( 'NONE', *, *, #5704, .T. ) ;
#1209 = EDGE_CURVE ( 'NONE', #2347, #368, #1282, .T. ) ;
#1210 =( NAMED_UNIT ( * ) SI_UNIT ( $, .STERADIAN. ) SOLID_ANGLE_UNIT ( ) );
#1211 = VECTOR ( 'NONE', #3660, 1000.000000000000000 ) ;
#1212 = VECTOR ( 'NONE', #2913, 1000.000000000000000 ) ;
#1213 =( LENGTH_UNIT ( ) NAMED_UNIT ( * ) SI_UNIT ( .MILLI., .METRE. ) );
#1214 = CARTESIAN_POINT ( 'NONE',  ( -0.3200000000000000067, -4.053493649053999448, -2.640000000000000124 ) ) ;
#1215 = ORIENTED_EDGE ( 'NONE', *, *, #5042, .T. ) ;
#1216 = ORIENTED_EDGE ( 'NONE', *, *, #3769, .T. ) ;
#1217 = MECHANICAL_DESIGN_GEOMETRIC_PRESENTATION_REPRESENTATION (  '', ( #409 ), #4525 ) ;
#1218 = CARTESIAN_POINT ( 'NONE',  ( 11.33000000000000007, -2.339999999999999858, 1.699999999999999956 ) ) ;
#1219 = AXIS2_PLACEMENT_3D ( 'NONE', #2520, #3335, #1924 ) ;
#1220 = VERTEX_POINT ( 'NONE', #5366 ) ;
#1221 = SURFACE_SIDE_STYLE ('',( #5501 ) ) ;
#1222 = DIRECTION ( 'NONE',  ( 0.000000000000000000, -1.000000000000000000, 0.000000000000000000 ) ) ;
#1223 = CARTESIAN_POINT ( 'NONE',  ( 0.9731250000000000178, 0.000000000000000000, 2.075000000000000178 ) ) ;
#1224 = VECTOR ( 'NONE', #2298, 1000.000000000000000 ) ;
#1225 = CARTESIAN_POINT ( 'NONE',  ( 3.910000000000000142, 0.000000000000000000, -1.699999999999999956 ) ) ;
#1226 = SURFACE_SIDE_STYLE ('',( #5508 ) ) ;
#1227 = EDGE_LOOP ( 'NONE', ( #3762, #1592, #683, #1089, #3090, #1368, #4006, #3572 ) ) ;
#1228 = EDGE_CURVE ( 'NONE', #1080, #1561, #3341, .T. ) ;
#1229 = SURFACE_STYLE_USAGE ( .BOTH. , #4113 ) ;
#1230 = ORIENTED_EDGE ( 'NONE', *, *, #4616, .F. ) ;
#1231 = COLOUR_RGB ( '',1.000000000000000000, 0.8078431372549019773, 0.4588235294117646856 ) ;
#1232 = PLANE ( 'NONE',  #890 ) ;
#1233 = EDGE_CURVE ( 'NONE', #109, #3978, #3491, .T. ) ;
#1234 = CARTESIAN_POINT ( 'NONE',  ( -0.3200000000000000067, -0.2500000000000000000, 0.9499999999999999556 ) ) ;
#1235 = DIRECTION ( 'NONE',  ( 0.000000000000000000, 1.000000000000000000, 0.000000000000000000 ) ) ;
#1236 = CARTESIAN_POINT ( 'NONE',  ( 6.870000000000000107, 0.000000000000000000, 2.500000000000000000 ) ) ;
#1237 = ORIENTED_EDGE ( 'NONE', *, *, #1193, .T. ) ;
#1238 = PRESENTATION_LAYER_ASSIGNMENT (  '', '', ( #1638 ) ) ;
#1239 = ITEM_DEFINED_TRANSFORMATION ( 'NONE', 'NONE', #5109,  #5307 ) ;
#1240 = LINE ( 'NONE', #3139, #5310 ) ;
#1241 = VECTOR ( 'NONE', #2772, 1000.000000000000000 ) ;
#1242 = CARTESIAN_POINT ( 'NONE',  ( -0.3185000000000000053, -0.3185000000000000053, 0.9399999999999999467 ) ) ;
#1243 = EDGE_LOOP ( 'NONE', ( #5131, #1571, #4473, #1647 ) ) ;
#1244 = VERTEX_POINT ( 'NONE', #5248 ) ;
#1245 = DIRECTION ( 'NONE',  ( 1.000000000000000000, 0.000000000000000000, 0.000000000000000000 ) ) ;
#1246 = VERTEX_POINT ( 'NONE', #141 ) ;
#1247 = FILL_AREA_STYLE_COLOUR ( '', #482 ) ;
#1248 = DIRECTION ( 'NONE',  ( 0.4648338989899218343, 0.000000000000000000, 0.8853979028379427296 ) ) ;
#1249 = DIRECTION ( 'NONE',  ( 0.000000000000000000, 0.000000000000000000, -1.000000000000000000 ) ) ;
#1250 = CARTESIAN_POINT ( 'NONE',  ( 0.3200000000000000067, -6.593493649053999484, -6.959999999999999964 ) ) ;
#1251 = CARTESIAN_POINT ( 'NONE',  ( 1.169999999999999929, -2.540000000000000036, 1.699999999999999956 ) ) ;
#1252 = VERTEX_POINT ( 'NONE', #2870 ) ;
#1253 = SURFACE_SIDE_STYLE ('',( #1730 ) ) ;
#1254 = DIRECTION ( 'NONE',  ( 1.000000000000000000, 0.000000000000000000, 0.000000000000000000 ) ) ;
#1255 = ORIENTED_EDGE ( 'NONE', *, *, #3140, .F. ) ;
#1256 = CARTESIAN_POINT ( 'NONE',  ( 0.000000000000000000, -2.339999999999999858, 0.000000000000000000 ) ) ;
#1257 = EDGE_CURVE ( 'NONE', #4424, #5420, #4959, .T. ) ;
#1258 = CARTESIAN_POINT ( 'NONE',  ( 0.1950000000000000067, -6.810000000000000497, -6.445000000000000284 ) ) ;
#1259 = CARTESIAN_POINT ( 'NONE',  ( 0.9731250000000000178, 0.000000000000000000, 2.075000000000000178 ) ) ;
#1260 = PLANE ( 'NONE',  #2404 ) ;
#1261 = ORIENTED_EDGE ( 'NONE', *, *, #3611, .T. ) ;
#1262 = PLANE ( 'NONE',  #1964 ) ;
#1263 = EDGE_CURVE ( 'NONE', #2899, #1269, #941, .T. ) ;
#1264 = LINE ( 'NONE', #6020, #5514 ) ;
#1265 = SURFACE_STYLE_USAGE ( .BOTH. , #1332 ) ;
#1266 = DIRECTION ( 'NONE',  ( 0.8853979028379428406, 0.000000000000000000, 0.4648338989899218343 ) ) ;
#1267 = ORIENTED_EDGE ( 'NONE', *, *, #1469, .T. ) ;
#1268 = VECTOR ( 'NONE', #4276, 1000.000000000000000 ) ;
#1269 = VERTEX_POINT ( 'NONE', #967 ) ;
#1270 = STYLED_ITEM ( 'NONE', ( #5144 ), #2056 ) ;
#1271 = CARTESIAN_POINT ( 'NONE',  ( 11.33000000000000007, -0.2500000000000000000, 1.699999999999999956 ) ) ;
#1272 = EDGE_CURVE ( 'NONE', #18, #2858, #2075, .T. ) ;
#1273 = CARTESIAN_POINT ( 'NONE',  ( 7.299999999999999822, -0.2500000000000000000, 0.9499999999999999556 ) ) ;
#1274 = VERTEX_POINT ( 'NONE', #4494 ) ;
#1275 = PRESENTATION_STYLE_ASSIGNMENT (( #3148 ) ) ;
#1276 = VECTOR ( 'NONE', #947, 1000.000000000000000 ) ;
#1277 = CARTESIAN_POINT ( 'NONE',  ( 0.1950000000000000067, 0.1950000000000000067, 5.599999999999999645 ) ) ;
#1278 = EDGE_CURVE ( 'NONE', #1670, #1349, #5498, .T. ) ;
#1279 = CARTESIAN_POINT ( 'NONE',  ( 5.400000000000000355, -0.2500000000000000000, -1.590000000000000080 ) ) ;
#1280 = VECTOR ( 'NONE', #4314, 1000.000000000000000 ) ;
#1281 = LINE ( 'NONE', #5506, #5400 ) ;
#1282 = LINE ( 'NONE', #2373, #3910 ) ;
#1283 = ORIENTED_EDGE ( 'NONE', *, *, #5956, .F. ) ;
#1284 = FILL_AREA_STYLE ('',( #4239 ) ) ;
#1285 = ORIENTED_EDGE ( 'NONE', *, *, #5592, .T. ) ;
#1286 =( GEOMETRIC_REPRESENTATION_CONTEXT ( 3 ) GLOBAL_UNCERTAINTY_ASSIGNED_CONTEXT ( ( #1610 ) ) GLOBAL_UNIT_ASSIGNED_CONTEXT ( ( #1513, #4435, #3418 ) ) REPRESENTATION_CONTEXT ( 'NONE', 'WORKASPACE' ) );
#1287 = FACE_OUTER_BOUND ( 'NONE', #1862, .T. ) ;
#1288 = VECTOR ( 'NONE', #2057, 1000.000000000000114 ) ;
#1289 = VECTOR ( 'NONE', #3793, 1000.000000000000000 ) ;
#1290 =( NAMED_UNIT ( * ) SI_UNIT ( $, .STERADIAN. ) SOLID_ANGLE_UNIT ( ) );
#1291 = SURFACE_STYLE_FILL_AREA ( #1420 ) ;
#1292 = FACE_OUTER_BOUND ( 'NONE', #2738, .T. ) ;
#1293 = EDGE_LOOP ( 'NONE', ( #3849, #3123, #4683, #3971, #2865, #2633, #3642 ) ) ;
#1294 = LINE ( 'NONE', #4676, #587 ) ;
#1295 = VECTOR ( 'NONE', #2588, 1000.000000000000000 ) ;
#1296 = PLANE ( 'NONE',  #869 ) ;
#1297 = ITEM_DEFINED_TRANSFORMATION ( 'NONE', 'NONE', #5904,  #5307 ) ;
#1298 = CARTESIAN_POINT ( 'NONE',  ( -1.169999999999999929, -2.339999999999999858, 1.699999999999999956 ) ) ;
#1299 = CARTESIAN_POINT ( 'NONE',  ( -0.3200000000000000067, -1.320000000000000062, -3.279999999999999805 ) ) ;
#1300 = ORIENTED_EDGE ( 'NONE', *, *, #4262, .F. ) ;
#1301 = VECTOR ( 'NONE', #4987, 1000.000000000000000 ) ;
#1302 = ORIENTED_EDGE ( 'NONE', *, *, #1498, .T. ) ;
#1303 = EDGE_CURVE ( 'NONE', #588, #5225, #5713, .T. ) ;
#1304 = AXIS2_PLACEMENT_3D ( 'NONE', #412, #6043, #4244 ) ;
#1305 = ADVANCED_FACE ( 'NONE', ( #1440, #4758, #4789 ), #4003, .T. ) ;
#1306 = DIRECTION ( 'NONE',  ( 0.000000000000000000, 0.000000000000000000, 1.000000000000000000 ) ) ;
#1307 = COLOUR_RGB ( '',1.000000000000000000, 0.8078431372549019773, 0.4588235294117646856 ) ;
#1308 = PLANE ( 'NONE',  #3845 ) ;
#1309 = VERTEX_POINT ( 'NONE', #5895 ) ;
#1310 = PLANE ( 'NONE',  #5767 ) ;
#1311 = VECTOR ( 'NONE', #5224, 1000.000000000000000 ) ;
#1312 = ADVANCED_FACE ( 'NONE', ( #3824 ), #494, .F. ) ;
#1313 = PLANE ( 'NONE',  #6077 ) ;
#1314 = CARTESIAN_POINT ( 'NONE',  ( 11.42999999999999972, 0.000000000000000000, -1.699999999999999956 ) ) ;
#1315 = CARTESIAN_POINT ( 'NONE',  ( 3.910000000000000142, -2.339999999999999858, -1.699999999999999956 ) ) ;
#1316 = EDGE_CURVE ( 'NONE', #4468, #5147, #1625, .T. ) ;
#1317 = ORIENTED_EDGE ( 'NONE', *, *, #3485, .F. ) ;
#1318 = DIRECTION ( 'NONE',  ( 1.000000000000000000, 0.000000000000000000, 0.000000000000000000 ) ) ;
#1319 = VERTEX_POINT ( 'NONE', #4325 ) ;
#1320 = CARTESIAN_POINT ( 'NONE',  ( -0.3200000000000000067, 0.3200000000000000067, 6.740000000000000213 ) ) ;
#1321 =( LENGTH_UNIT ( ) NAMED_UNIT ( * ) SI_UNIT ( .MILLI., .METRE. ) );
#1322 = FACE_OUTER_BOUND ( 'NONE', #3800, .T. ) ;
#1323 = AXIS2_PLACEMENT_3D ( 'NONE', #958, #5795, #2017 ) ;
#1324 =( NAMED_UNIT ( * ) SI_UNIT ( $, .STERADIAN. ) SOLID_ANGLE_UNIT ( ) );
#1325 = CARTESIAN_POINT ( 'NONE',  ( -0.3200000000000000067, 0.1950000000000000067, 6.740000000000000213 ) ) ;
#1326 = AXIS2_PLACEMENT_3D ( 'NONE', #4498, #4465, #3107 ) ;
#1327 = CARTESIAN_POINT ( 'NONE',  ( 0.3200000000000000067, -6.810000000000000497, -6.445000000000000284 ) ) ;
#1328 = DIRECTION ( 'NONE',  ( 0.000000000000000000, 0.000000000000000000, 1.000000000000000000 ) ) ;
#1329 = ORIENTED_EDGE ( 'NONE', *, *, #5776, .T. ) ;
#1330 = CARTESIAN_POINT ( 'NONE',  ( 5.400000000000000355, -2.540000000000000036, 1.590000000000000080 ) ) ;
#1331 = CARTESIAN_POINT ( 'NONE',  ( 1.790000000000000036, -2.540000000000000036, -2.500000000000000000 ) ) ;
#1332 = SURFACE_SIDE_STYLE ('',( #5554 ) ) ;
#1333 = CARTESIAN_POINT ( 'NONE',  ( -1.778000000000000025, 0.000000000000000000, 2.075000000000000178 ) ) ;
#1334 = ORIENTED_EDGE ( 'NONE', *, *, #3794, .F. ) ;
#1335 = STYLED_ITEM ( 'NONE', ( #5869 ), #773 ) ;
#1336 = ORIENTED_EDGE ( 'NONE', *, *, #2847, .T. ) ;
#1337 = ADVANCED_FACE ( 'NONE', ( #3970 ), #5740, .F. ) ;
#1338 = ORIENTED_EDGE ( 'NONE', *, *, #2193, .T. ) ;
#1339 = DIRECTION ( 'NONE',  ( 0.000000000000000000, -1.000000000000000000, 0.000000000000000000 ) ) ;
#1340 = ORIENTED_EDGE ( 'NONE', *, *, #4046, .T. ) ;
#1341 = LINE ( 'NONE', #6122, #3479 ) ;
#1342 = LINE ( 'NONE', #2809, #4878 ) ;
#1343 = DIRECTION ( 'NONE',  ( 0.000000000000000000, 1.000000000000000000, 0.000000000000000000 ) ) ;
#1344 = ADVANCED_FACE ( 'NONE', ( #673, #2169, #1745 ), #4594, .T. ) ;
#1345 = CARTESIAN_POINT ( 'NONE',  ( 1.790000000000000036, 0.000000000000000000, -2.500000000000000000 ) ) ;
#1346 = ORIENTED_EDGE ( 'NONE', *, *, #3961, .F. ) ;
#1347 = DIRECTION ( 'NONE',  ( 0.000000000000000000, -1.000000000000000000, 0.000000000000000000 ) ) ;
#1348 = CARTESIAN_POINT ( 'NONE',  ( 0.3200000000000000067, -0.3200000000000000067, -0.2000000000000000111 ) ) ;
#1349 = VERTEX_POINT ( 'NONE', #1299 ) ;
#1350 = DIRECTION ( 'NONE',  ( 1.000000000000000000, 0.000000000000000000, 0.000000000000000000 ) ) ;
#1351 = LINE ( 'NONE', #755, #1006 ) ;
#1352 = DIRECTION ( 'NONE',  ( 1.000000000000000000, 0.000000000000000000, 0.000000000000000000 ) ) ;
#1353 = EDGE_CURVE ( 'NONE', #2021, #1528, #4097, .T. ) ;
#1354 = DIRECTION ( 'NONE',  ( 1.000000000000000000, 0.000000000000000000, 0.000000000000000000 ) ) ;
#1355 = CARTESIAN_POINT ( 'NONE',  ( 8.990000000000000213, -2.540000000000000036, 1.699999999999999956 ) ) ;
#1356 = EDGE_CURVE ( 'NONE', #934, #4468, #2582, .T. ) ;
#1357 = ORIENTED_EDGE ( 'NONE', *, *, #2924, .F. ) ;
#1358 = EDGE_CURVE ( 'NONE', #5185, #4204, #4507, .T. ) ;
#1359 = CARTESIAN_POINT ( 'NONE',  ( 0.3200000000000000067, -4.053493649053999448, -2.640000000000000124 ) ) ;
#1360 = CARTESIAN_POINT ( 'NONE',  ( -1.169999999999999929, -0.2500000000000000000, -1.699999999999999956 ) ) ;
#1361 = CARTESIAN_POINT ( 'NONE',  ( 8.593125000000000568, 0.000000000000000000, 2.075000000000000178 ) ) ;
#1362 = ORIENTED_EDGE ( 'NONE', *, *, #4071, .T. ) ;
#1363 = ORIENTED_EDGE ( 'NONE', *, *, #1093, .F. ) ;
#1364 = DIRECTION ( 'NONE',  ( 1.000000000000000000, 0.000000000000000000, 0.000000000000000000 ) ) ;
#1365 = DIRECTION ( 'NONE',  ( 0.000000000000000000, -1.000000000000000000, 0.000000000000000000 ) ) ;
#1366 = VECTOR ( 'NONE', #36, 1000.000000000000000 ) ;
#1367 = ORIENTED_EDGE ( 'NONE', *, *, #2556, .T. ) ;
#1368 = ORIENTED_EDGE ( 'NONE', *, *, #1866, .F. ) ;
#1369 = ORIENTED_EDGE ( 'NONE', *, *, #5438, .F. ) ;
#1370 = CARTESIAN_POINT ( 'NONE',  ( 10.48000000000000043, -0.2500000000000000000, -0.9499999999999999556 ) ) ;
#1371 = PRODUCT_DEFINITION_SHAPE ( 'NONE', 'NONE',  #6185 ) ;
#1372 = DIRECTION ( 'NONE',  ( 0.000000000000000000, 0.000000000000000000, -1.000000000000000000 ) ) ;
#1373 = VECTOR ( 'NONE', #1795, 1000.000000000000114 ) ;
#1374 = APPLICATION_CONTEXT ( 'automotive_design' ) ;
#1375 = DIRECTION ( 'NONE',  ( 1.000000000000000000, 0.000000000000000000, 0.000000000000000000 ) ) ;
#1376 = ORIENTED_EDGE ( 'NONE', *, *, #5349, .T. ) ;
#1377 = CARTESIAN_POINT ( 'NONE',  ( 0.7500000000000000000, 0.000000000000000000, -2.500000000000000000 ) ) ;
#1378 = VECTOR ( 'NONE', #2391, 1000.000000000000114 ) ;
#1379 = CARTESIAN_POINT ( 'NONE',  ( 0.3200000000000000067, -0.2500000000000000000, 0.9499999999999999556 ) ) ;
#1380 = ORIENTED_EDGE ( 'NONE', *, *, #1744, .T. ) ;
#1381 = DIRECTION ( 'NONE',  ( 1.000000000000000000, 0.000000000000000000, 0.000000000000000000 ) ) ;
#1382 = CARTESIAN_POINT ( 'NONE',  ( 4.760000000000000675, -2.540000000000000036, 1.590000000000000080 ) ) ;
#1383 = LINE ( 'NONE', #6158, #474 ) ;
#1384 = EDGE_CURVE ( 'NONE', #3412, #3298, #3084, .T. ) ;
#1385 = EDGE_CURVE ( 'NONE', #2497, #2355, #3648, .T. ) ;
#1386 = VECTOR ( 'NONE', #5567, 1000.000000000000114 ) ;
#1387 =( NAMED_UNIT ( * ) PLANE_ANGLE_UNIT ( ) SI_UNIT ( $, .RADIAN. ) );
#1388 = DIRECTION ( 'NONE',  ( -1.000000000000000000, 0.000000000000000000, 0.000000000000000000 ) ) ;
#1389 = VECTOR ( 'NONE', #2757, 1000.000000000000114 ) ;
#1390 = VECTOR ( 'NONE', #4050, 1000.000000000000000 ) ;
#1391 = DIRECTION ( 'NONE',  ( 0.000000000000000000, -1.000000000000000000, 0.000000000000000000 ) ) ;
#1392 = CARTESIAN_POINT ( 'NONE',  ( 2.220000000000000195, 0.000000000000000000, -0.9499999999999999556 ) ) ;
#1393 = ORIENTED_EDGE ( 'NONE', *, *, #3689, .T. ) ;
#1394 = CARTESIAN_POINT ( 'NONE',  ( 3.290000000000000036, -2.540000000000000036, -2.500000000000000000 ) ) ;
#1395 = CARTESIAN_POINT ( 'NONE',  ( 9.410000000000000142, 0.000000000000000000, -2.500000000000000000 ) ) ;
#1396 = PLANE ( 'NONE',  #3620 ) ;
#1397 = EDGE_CURVE ( 'NONE', #2858, #4911, #4128, .T. ) ;
#1398 = SURFACE_SIDE_STYLE ('',( #5728 ) ) ;
#1399 = ORIENTED_EDGE ( 'NONE', *, *, #4777, .F. ) ;
#1400 = ORIENTED_EDGE ( 'NONE', *, *, #4860, .F. ) ;
#1401 = UNCERTAINTY_MEASURE_WITH_UNIT (LENGTH_MEASURE( 1.000000000000000082E-05 ), #918, 'distance_accuracy_value', 'NONE');
#1402 = ORIENTED_EDGE ( 'NONE', *, *, #3529, .F. ) ;
#1403 = ORIENTED_EDGE ( 'NONE', *, *, #5545, .F. ) ;
#1404 = DIRECTION ( 'NONE',  ( 0.000000000000000000, 0.000000000000000000, -1.000000000000000000 ) ) ;
#1405 = VECTOR ( 'NONE', #2133, 1000.000000000000000 ) ;
#1406 = AXIS2_PLACEMENT_3D ( 'NONE', #2817, #5251, #972 ) ;
#1407 = VECTOR ( 'NONE', #293, 1000.000000000000000 ) ;
#1408 = CARTESIAN_POINT ( 'NONE',  ( 0.3200000000000000067, -4.053493649053999448, -3.279999999999999805 ) ) ;
#1409 = ORIENTED_EDGE ( 'NONE', *, *, #3063, .T. ) ;
#1410 = VECTOR ( 'NONE', #965, 1000.000000000000114 ) ;
#1411 = PRESENTATION_STYLE_ASSIGNMENT (( #2521 ) ) ;
#1412 = CARTESIAN_POINT ( 'NONE',  ( 0.3185000000000000053, -0.3185000000000000053, 6.740000000000000213 ) ) ;
#1413 = ORIENTED_EDGE ( 'NONE', *, *, #3677, .F. ) ;
#1414 = SURFACE_STYLE_FILL_AREA ( #1284 ) ;
#1415 = CARTESIAN_POINT ( 'NONE',  ( 3.290000000000000036, 0.000000000000000000, 2.500000000000000000 ) ) ;
#1416 = SURFACE_SIDE_STYLE ('',( #2442 ) ) ;
#1417 = CARTESIAN_POINT ( 'NONE',  ( 0.3200000000000000067, -0.2500000000000000000, -1.590000000000000080 ) ) ;
#1418 = DIRECTION ( 'NONE',  ( 0.000000000000000000, 0.000000000000000000, -1.000000000000000000 ) ) ;
#1419 = ADVANCED_FACE ( 'NONE', ( #4067 ), #3118, .T. ) ;
#1420 = FILL_AREA_STYLE ('',( #4243 ) ) ;
#1421 = LINE ( 'NONE', #919, #5003 ) ;
#1422 = VERTEX_POINT ( 'NONE', #4565 ) ;
#1423 = VECTOR ( 'NONE', #5796, 1000.000000000000000 ) ;
#1424 = CARTESIAN_POINT ( 'NONE',  ( 7.939999999999999503, -2.540000000000000036, 1.590000000000000080 ) ) ;
#1425 = EDGE_CURVE ( 'NONE', #5320, #2226, #3617, .T. ) ;
#1426 = VECTOR ( 'NONE', #2919, 1000.000000000000000 ) ;
#1427 = ADVANCED_FACE ( 'NONE', ( #5527 ), #4036, .T. ) ;
#1428 = CARTESIAN_POINT ( 'NONE',  ( -0.1950000000000000067, -0.1950000000000000067, 6.740000000000000213 ) ) ;
#1429 = LINE ( 'NONE', #4682, #5360 ) ;
#1430 = VERTEX_POINT ( 'NONE', #1242 ) ;
#1431 = ADVANCED_FACE ( 'NONE', ( #3171 ), #3554, .T. ) ;
#1432 = FACE_OUTER_BOUND ( 'NONE', #4098, .T. ) ;
#1433 = DIRECTION ( 'NONE',  ( 1.000000000000000000, 0.000000000000000000, 0.000000000000000000 ) ) ;
#1434 = ORIENTED_EDGE ( 'NONE', *, *, #5524, .F. ) ;
#1435 = ORIENTED_EDGE ( 'NONE', *, *, #4329, .T. ) ;
#1436 = ORIENTED_EDGE ( 'NONE', *, *, #617, .T. ) ;
#1437 = EDGE_CURVE ( 'NONE', #753, #5898, #5954, .T. ) ;
#1438 = LINE ( 'NONE', #4787, #5992 ) ;
#1439 = ORIENTED_EDGE ( 'NONE', *, *, #2487, .T. ) ;
#1440 = FACE_BOUND ( 'NONE', #5950, .T. ) ;
#1441 = DIRECTION ( 'NONE',  ( 0.000000000000000000, -1.000000000000000000, 0.000000000000000000 ) ) ;
#1442 = ORIENTED_EDGE ( 'NONE', *, *, #5047, .F. ) ;
#1443 = AXIS2_PLACEMENT_3D ( 'NONE', #3662, #3701, #1350 ) ;
#1444 = FACE_OUTER_BOUND ( 'NONE', #3238, .T. ) ;
#1445 = DIRECTION ( 'NONE',  ( 0.000000000000000000, 0.000000000000000000, -1.000000000000000000 ) ) ;
#1446 = CARTESIAN_POINT ( 'NONE',  ( 3.710000000000000409, -0.2500000000000000000, -1.699999999999999956 ) ) ;
#1447 = CARTESIAN_POINT ( 'NONE',  ( 3.910000000000000142, -2.540000000000000036, -1.699999999999999956 ) ) ;
#1448 =( NAMED_UNIT ( * ) SI_UNIT ( $, .STERADIAN. ) SOLID_ANGLE_UNIT ( ) );
#1449 = DIRECTION ( 'NONE',  ( 1.000000000000000000, 0.000000000000000000, 0.000000000000000000 ) ) ;
#1450 = VERTEX_POINT ( 'NONE', #4629 ) ;
#1451 = CARTESIAN_POINT ( 'NONE',  ( 1.000000000000000000, -1.320000000000000062, -1.639999999999999902 ) ) ;
#1452 = ADVANCED_FACE ( 'NONE', ( #263 ), #712, .T. ) ;
#1453 = DIRECTION ( 'NONE',  ( 1.000000000000000000, 0.000000000000000000, 0.000000000000000000 ) ) ;
#1454 = FACE_BOUND ( 'NONE', #1180, .T. ) ;
#1455 = LINE ( 'NONE', #2453, #4999 ) ;
#1456 = ORIENTED_EDGE ( 'NONE', *, *, #3961, .T. ) ;
#1457 = EDGE_CURVE ( 'NONE', #1533, #4156, #5492, .T. ) ;
#1458 = EDGE_CURVE ( 'NONE', #4658, #1670, #1429, .T. ) ;
#1459 = PLANE ( 'NONE',  #1586 ) ;
#1460 = PLANE ( 'NONE',  #1323 ) ;
#1461 = EDGE_LOOP ( 'NONE', ( #4356, #2007, #1357, #5707 ) ) ;
#1462 = ORIENTED_EDGE ( 'NONE', *, *, #3995, .T. ) ;
#1463 = ORIENTED_EDGE ( 'NONE', *, *, #298, .T. ) ;
#1464 = SURFACE_SIDE_STYLE ('',( #3435 ) ) ;
#1465 = EDGE_CURVE ( 'NONE', #1838, #5305, #2765, .T. ) ;
#1466 = ORIENTED_EDGE ( 'NONE', *, *, #5802, .F. ) ;
#1467 = FACE_OUTER_BOUND ( 'NONE', #2612, .T. ) ;
#1468 = ORIENTED_EDGE ( 'NONE', *, *, #3210, .F. ) ;
#1469 = EDGE_CURVE ( 'NONE', #330, #5299, #3327, .T. ) ;
#1470 = VECTOR ( 'NONE', #1887, 1000.000000000000000 ) ;
#1471 = CARTESIAN_POINT ( 'NONE',  ( 0.3200000000000000067, -1.320000000000000062, -1.639999999999999902 ) ) ;
#1472 =( NAMED_UNIT ( * ) PLANE_ANGLE_UNIT ( ) SI_UNIT ( $, .RADIAN. ) );
#1473 = VECTOR ( 'NONE', #4977, 1000.000000000000114 ) ;
#1474 =( LENGTH_UNIT ( ) NAMED_UNIT ( * ) SI_UNIT ( .MILLI., .METRE. ) );
#1475 =( NAMED_UNIT ( * ) SI_UNIT ( $, .STERADIAN. ) SOLID_ANGLE_UNIT ( ) );
#1476 = VERTEX_POINT ( 'NONE', #3716 ) ;
#1477 = AXIS2_PLACEMENT_3D ( 'NONE', #1607, #4023, #5913 ) ;
#1478 = DIRECTION ( 'NONE',  ( 0.000000000000000000, -1.000000000000000000, 0.000000000000000000 ) ) ;
#1479 = PLANE ( 'NONE',  #3781 ) ;
#1480 = VECTOR ( 'NONE', #2087, 1000.000000000000000 ) ;
#1481 = DIRECTION ( 'NONE',  ( -1.000000000000000000, 0.000000000000000000, 0.000000000000000000 ) ) ;
#1482 = DIRECTION ( 'NONE',  ( -1.000000000000000000, 0.000000000000000000, 0.000000000000000000 ) ) ;
#1483 = ORIENTED_EDGE ( 'NONE', *, *, #1991, .T. ) ;
#1484 = ORIENTED_EDGE ( 'NONE', *, *, #1629, .F. ) ;
#1485 = STYLED_ITEM ( 'NONE', ( #2509 ), #3455 ) ;
#1486 = FILL_AREA_STYLE ('',( #3870 ) ) ;
#1487 = CARTESIAN_POINT ( 'NONE',  ( 5.080000000000000071, -2.739999999999999769, 1.270000000000000018 ) ) ;
#1488 = LINE ( 'NONE', #3968, #217 ) ;
#1489 = DIRECTION ( 'NONE',  ( -0.000000000000000000, 0.5000000000000169864, 0.8660254037844288266 ) ) ;
#1490 = ORIENTED_EDGE ( 'NONE', *, *, #1228, .F. ) ;
#1491 = EDGE_CURVE ( 'NONE', #4305, #1476, #953, .T. ) ;
#1492 =( REPRESENTATION_RELATIONSHIP ('NONE','NONE', #1553, #1983 ) REPRESENTATION_RELATIONSHIP_WITH_TRANSFORMATION ( #2733 )SHAPE_REPRESENTATION_RELATIONSHIP( ) );
#1493 = EDGE_LOOP ( 'NONE', ( #2768, #4513, #4234, #341 ) ) ;
#1494 = EDGE_LOOP ( 'NONE', ( #1926, #1972, #813, #4711 ) ) ;
#1495 = VECTOR ( 'NONE', #5903, 1000.000000000000000 ) ;
#1496 = CARTESIAN_POINT ( 'NONE',  ( 4.330000000000000071, 0.000000000000000000, 2.500000000000000000 ) ) ;
#1497 = ORIENTED_EDGE ( 'NONE', *, *, #3026, .T. ) ;
#1498 = EDGE_CURVE ( 'NONE', #2766, #4572, #388, .T. ) ;
#1499 = CLOSED_SHELL ( 'NONE', ( #350, #3265, #4618, #5445, #2834, #5391, #1806, #800, #1832, #5818, #3807, #3985, #5656, #2024, #5652, #686, #6169, #1943, #1068, #4492, #4984, #1879, #3525 ) ) ;
#1500 = CARTESIAN_POINT ( 'NONE',  ( 1.369999999999999885, -0.2500000000000000000, -1.699999999999999956 ) ) ;
#1501 = EDGE_LOOP ( 'NONE', ( #4931, #1376, #3025, #4988 ) ) ;
#1502 = AXIS2_PLACEMENT_3D ( 'NONE', #5358, #2889, #3842 ) ;
#1503 = FACE_OUTER_BOUND ( 'NONE', #3492, .T. ) ;
#1504 =( LENGTH_UNIT ( ) NAMED_UNIT ( * ) SI_UNIT ( .MILLI., .METRE. ) );
#1505 = FILL_AREA_STYLE ('',( #5284 ) ) ;
#1506 = EDGE_CURVE ( 'NONE', #1044, #4509, #4745, .T. ) ;
#1507 = VECTOR ( 'NONE', #2476, 1000.000000000000000 ) ;
#1508 = SURFACE_SIDE_STYLE ('',( #4333 ) ) ;
#1509 = ORIENTED_EDGE ( 'NONE', *, *, #427, .F. ) ;
#1510 = DIRECTION ( 'NONE',  ( 1.000000000000000000, 0.000000000000000000, 0.000000000000000000 ) ) ;
#1511 = LINE ( 'NONE', #445, #2606 ) ;
#1512 = ORIENTED_EDGE ( 'NONE', *, *, #5216, .T. ) ;
#1513 =( LENGTH_UNIT ( ) NAMED_UNIT ( * ) SI_UNIT ( .MILLI., .METRE. ) );
#1514 = EDGE_CURVE ( 'NONE', #737, #4733, #2798, .T. ) ;
#1515 = CARTESIAN_POINT ( 'NONE',  ( 4.106875000000000497, -0.2500000000000000000, 2.075000000000000178 ) ) ;
#1516 = AXIS2_PLACEMENT_3D ( 'NONE', #3871, #451, #5758 ) ;
#1517 = LINE ( 'NONE', #5355, #1366 ) ;
#1518 = LINE ( 'NONE', #5426, #1707 ) ;
#1519 = LINE ( 'NONE', #5237, #497 ) ;
#1520 = EDGE_LOOP ( 'NONE', ( #6016, #5475, #2366, #2146, #2461, #2172, #2014 ) ) ;
#1521 = AXIS2_PLACEMENT_3D ( 'NONE', #3523, #2550, #763 ) ;
#1522 = CARTESIAN_POINT ( 'NONE',  ( -0.1950000000000000067, -6.810000000000000497, -6.445000000000000284 ) ) ;
#1523 = DIRECTION ( 'NONE',  ( 1.000000000000000000, 0.000000000000000000, 0.000000000000000000 ) ) ;
#1524 = DIRECTION ( 'NONE',  ( 0.000000000000000000, 0.000000000000000000, -1.000000000000000000 ) ) ;
#1525 = LINE ( 'NONE', #5365, #1630 ) ;
#1526 = ORIENTED_EDGE ( 'NONE', *, *, #123, .T. ) ;
#1527 = AXIS2_PLACEMENT_3D ( 'NONE', #1050, #3805, #63 ) ;
#1528 = VERTEX_POINT ( 'NONE', #1830 ) ;
#1529 = EDGE_LOOP ( 'NONE', ( #1466, #4012, #5232, #5435 ) ) ;
#1530 = EDGE_CURVE ( 'NONE', #2364, #4911, #3233, .T. ) ;
#1531 = PLANE ( 'NONE',  #4890 ) ;
#1532 = ORIENTED_EDGE ( 'NONE', *, *, #500, .T. ) ;
#1533 = VERTEX_POINT ( 'NONE', #5145 ) ;
#1534 = PRESENTATION_STYLE_ASSIGNMENT (( #4295 ) ) ;
#1535 = MECHANICAL_DESIGN_GEOMETRIC_PRESENTATION_REPRESENTATION (  '', ( #24 ), #3530 ) ;
#1536 = DIRECTION ( 'NONE',  ( 0.000000000000000000, -1.000000000000000000, 0.000000000000000000 ) ) ;
#1537 = LINE ( 'NONE', #2000, #4298 ) ;
#1538 = EDGE_CURVE ( 'NONE', #4171, #3533, #5702, .T. ) ;
#1539 = CARTESIAN_POINT ( 'NONE',  ( 7.620000000000000107, 0.000000000000000000, 0.000000000000000000 ) ) ;
#1540 = VECTOR ( 'NONE', #833, 1000.000000000000000 ) ;
#1541 = ORIENTED_EDGE ( 'NONE', *, *, #876, .F. ) ;
#1542 = ADVANCED_FACE ( 'NONE', ( #5179 ), #478, .T. ) ;
#1543 = CARTESIAN_POINT ( 'NONE',  ( 5.400000000000000355, -0.2500000000000000000, -0.9499999999999999556 ) ) ;
#1544 = ORIENTED_EDGE ( 'NONE', *, *, #118, .F. ) ;
#1545 = LINE ( 'NONE', #3446, #4784 ) ;
#1546 = PRESENTATION_STYLE_ASSIGNMENT (( #2884 ) ) ;
#1547 =( LENGTH_UNIT ( ) NAMED_UNIT ( * ) SI_UNIT ( .MILLI., .METRE. ) );
#1548 = ADVANCED_FACE ( 'NONE', ( #4249 ), #828, .F. ) ;
#1549 = DIRECTION ( 'NONE',  ( 0.000000000000000000, 0.000000000000000000, -1.000000000000000000 ) ) ;
#1550 =( NAMED_UNIT ( * ) PLANE_ANGLE_UNIT ( ) SI_UNIT ( $, .RADIAN. ) );
#1551 = ORIENTED_EDGE ( 'NONE', *, *, #4181, .F. ) ;
#1552 = EDGE_CURVE ( 'NONE', #3510, #5089, #421, .T. ) ;
#1553 = SHAPE_REPRESENTATION ( 'M20-97405XX_ASM.stp', ( #2707, #3514, #812, #1622, #716, #5109, #2416, #4223, #5904, #4815, #5793, #1516 ), #5079 ) ;
#1554 = LINE ( 'NONE', #2952, #2173 ) ;
#1555 = APPLICATION_PROTOCOL_DEFINITION ( 'draft international standard', 'automotive_design', 1998, #3975 ) ;
#1556 = DIRECTION ( 'NONE',  ( 0.000000000000000000, -1.000000000000000000, 0.000000000000000000 ) ) ;
#1557 = DIRECTION ( 'NONE',  ( 0.000000000000000000, 1.000000000000000000, 0.000000000000000000 ) ) ;
#1558 = DIRECTION ( 'NONE',  ( 0.000000000000000000, 1.000000000000000000, 0.000000000000000000 ) ) ;
#1559 = ORIENTED_EDGE ( 'NONE', *, *, #2675, .F. ) ;
#1560 = ORIENTED_EDGE ( 'NONE', *, *, #648, .T. ) ;
#1561 = VERTEX_POINT ( 'NONE', #894 ) ;
#1562 = FACE_OUTER_BOUND ( 'NONE', #1053, .T. ) ;
#1563 = VERTEX_POINT ( 'NONE', #2359 ) ;
#1564 = LINE ( 'NONE', #650, #1836 ) ;
#1565 = ORIENTED_EDGE ( 'NONE', *, *, #2184, .T. ) ;
#1566 = CARTESIAN_POINT ( 'NONE',  ( 5.400000000000000355, -0.2500000000000000000, 0.9499999999999999556 ) ) ;
#1567 = PLANE ( 'NONE',  #1875 ) ;
#1568 = CARTESIAN_POINT ( 'NONE',  ( 10.91000000000000014, -2.540000000000000036, -2.500000000000000000 ) ) ;
#1569 = CARTESIAN_POINT ( 'NONE',  ( -0.9731250000000000178, 0.000000000000000000, -2.075000000000000178 ) ) ;
#1570 = VECTOR ( 'NONE', #3386, 1000.000000000000000 ) ;
#1571 = ORIENTED_EDGE ( 'NONE', *, *, #3796, .T. ) ;
#1572 = EDGE_CURVE ( 'NONE', #1122, #3784, #5212, .T. ) ;
#1573 = DIRECTION ( 'NONE',  ( 0.000000000000000000, -1.000000000000000000, 0.000000000000000000 ) ) ;
#1574 = ADVANCED_FACE ( 'NONE', ( #6141 ), #2394, .F. ) ;
#1575 = CARTESIAN_POINT ( 'NONE',  ( 3.910000000000000142, -2.540000000000000036, -1.699999999999999956 ) ) ;
#1576 = ORIENTED_EDGE ( 'NONE', *, *, #4891, .F. ) ;
#1577 = DIRECTION ( 'NONE',  ( 0.000000000000000000, 0.000000000000000000, -1.000000000000000000 ) ) ;
#1578 = MECHANICAL_DESIGN_GEOMETRIC_PRESENTATION_REPRESENTATION (  '', ( #5856 ), #2468 ) ;
#1579 = CARTESIAN_POINT ( 'NONE',  ( 2.220000000000000195, -2.540000000000000036, 0.9499999999999999556 ) ) ;
#1580 = VECTOR ( 'NONE', #2252, 1000.000000000000000 ) ;
#1581 = DIRECTION ( 'NONE',  ( 1.000000000000000000, 0.000000000000000000, 0.000000000000000000 ) ) ;
#1582 = CARTESIAN_POINT ( 'NONE',  ( 10.48000000000000043, -0.2500000000000000000, -1.590000000000000080 ) ) ;
#1583 = STYLED_ITEM ( 'NONE', ( #5661 ), #2293 ) ;
#1584 = DIRECTION ( 'NONE',  ( 1.000000000000000000, 0.000000000000000000, 0.000000000000000000 ) ) ;
#1585 = EDGE_LOOP ( 'NONE', ( #713, #2522, #5404, #4092 ) ) ;
#1586 = AXIS2_PLACEMENT_3D ( 'NONE', #3844, #2489, #2517 ) ;
#1587 = DIRECTION ( 'NONE',  ( 0.000000000000000000, -1.000000000000000000, 0.000000000000000000 ) ) ;
#1588 = APPLICATION_PROTOCOL_DEFINITION ( 'draft international standard', 'automotive_design', 1998, #2043 ) ;
#1589 = EDGE_CURVE ( 'NONE', #3818, #6061, #2483, .T. ) ;
#1590 = SURFACE_STYLE_FILL_AREA ( #4535 ) ;
#1591 = ORIENTED_EDGE ( 'NONE', *, *, #528, .T. ) ;
#1592 = ORIENTED_EDGE ( 'NONE', *, *, #5293, .T. ) ;
#1593 = VECTOR ( 'NONE', #5679, 1000.000000000000114 ) ;
#1594 = ORIENTED_EDGE ( 'NONE', *, *, #1506, .T. ) ;
#1595 = VECTOR ( 'NONE', #5678, 1000.000000000000000 ) ;
#1596 = CIRCLE ( 'NONE', #2885, 1.639999999999999902 ) ;
#1597 = VERTEX_POINT ( 'NONE', #3353 ) ;
#1598 = LINE ( 'NONE', #2960, #5439 ) ;
#1599 = EDGE_LOOP ( 'NONE', ( #144, #4226, #2032, #2951, #2646, #5529, #4752, #1439 ) ) ;
#1600 = PLANE ( 'NONE',  #1082 ) ;
#1601 = VECTOR ( 'NONE', #299, 1000.000000000000114 ) ;
#1602 = LINE ( 'NONE', #3507, #1778 ) ;
#1603 = MECHANICAL_DESIGN_GEOMETRIC_PRESENTATION_REPRESENTATION (  '', ( #3498 ), #2398 ) ;
#1604 = CARTESIAN_POINT ( 'NONE',  ( 9.410000000000000142, 0.000000000000000000, 2.500000000000000000 ) ) ;
#1605 = ORIENTED_EDGE ( 'NONE', *, *, #2650, .F. ) ;
#1606 = DIRECTION ( 'NONE',  ( 0.000000000000000000, 0.000000000000000000, 1.000000000000000000 ) ) ;
#1607 = CARTESIAN_POINT ( 'NONE',  ( -0.3200000000000000067, 0.000000000000000000, -0.9499999999999999556 ) ) ;
#1608 = VERTEX_POINT ( 'NONE', #4804 ) ;
#1609 = LINE ( 'NONE', #1168, #81 ) ;
#1610 = UNCERTAINTY_MEASURE_WITH_UNIT (LENGTH_MEASURE( 1.000000000000000082E-05 ), #1513, 'distance_accuracy_value', 'NONE');
#1611 = COLOUR_RGB ( '',1.000000000000000000, 0.8078431372549019773, 0.4588235294117646856 ) ;
#1612 = EDGE_CURVE ( 'NONE', #2966, #3172, #4407, .T. ) ;
#1613 = VECTOR ( 'NONE', #3682, 1000.000000000000000 ) ;
#1614 = PLANE ( 'NONE',  #2821 ) ;
#1615 = CARTESIAN_POINT ( 'NONE',  ( 6.250000000000000000, -0.2500000000000000000, -1.699999999999999956 ) ) ;
#1616 = LINE ( 'NONE', #2949, #2797 ) ;
#1617 = VECTOR ( 'NONE', #5653, 1000.000000000000000 ) ;
#1618 = CARTESIAN_POINT ( 'NONE',  ( 8.370000000000000995, 0.000000000000000000, 2.500000000000000000 ) ) ;
#1619 = EDGE_LOOP ( 'NONE', ( #4826, #5071, #6064, #6166 ) ) ;
#1620 = EDGE_CURVE ( 'NONE', #3791, #6084, #1019, .T. ) ;
#1621 =( NAMED_UNIT ( * ) PLANE_ANGLE_UNIT ( ) SI_UNIT ( $, .RADIAN. ) );
#1622 = AXIS2_PLACEMENT_3D ( 'NONE', #2303, #426, #3302 ) ;
#1623 = FACE_OUTER_BOUND ( 'NONE', #310, .T. ) ;
#1624 = CARTESIAN_POINT ( 'NONE',  ( 11.33000000000000007, -2.540000000000000036, 1.699999999999999956 ) ) ;
#1625 = LINE ( 'NONE', #3790, #300 ) ;
#1626 = ORIENTED_EDGE ( 'NONE', *, *, #1303, .T. ) ;
#1627 = ORIENTED_EDGE ( 'NONE', *, *, #4108, .F. ) ;
#1628 = EDGE_LOOP ( 'NONE', ( #1666, #2365, #2996, #2344, #4501, #2945, #4646 ) ) ;
#1629 = EDGE_CURVE ( 'NONE', #5434, #6051, #1517, .T. ) ;
#1630 = VECTOR ( 'NONE', #2400, 1000.000000000000000 ) ;
#1631 = CARTESIAN_POINT ( 'NONE',  ( 5.830000000000000071, 0.000000000000000000, 2.500000000000000000 ) ) ;
#1632 = EDGE_LOOP ( 'NONE', ( #1400, #5402, #1896, #84 ) ) ;
#1633 = CARTESIAN_POINT ( 'NONE',  ( -1.270000000000000018, -2.339999999999999858, 1.699999999999999956 ) ) ;
#1634 = CARTESIAN_POINT ( 'NONE',  ( 2.860000000000000320, -0.2500000000000000000, -0.9499999999999999556 ) ) ;
#1635 = ADVANCED_FACE ( 'NONE', ( #4370 ), #3013, .T. ) ;
#1636 = LINE ( 'NONE', #3032, #3882 ) ;
#1637 = PLANE ( 'NONE',  #2700 ) ;
#1638 = STYLED_ITEM ( 'NONE', ( #5772 ), #732 ) ;
#1639 = CARTESIAN_POINT ( 'NONE',  ( 5.400000000000000355, -2.540000000000000036, 0.9499999999999999556 ) ) ;
#1640 = VERTEX_POINT ( 'NONE', #4919 ) ;
#1641 = PLANE ( 'NONE',  #5589 ) ;
#1642 = EDGE_LOOP ( 'NONE', ( #3337, #1302, #3205, #2571 ) ) ;
#1643 = DIRECTION ( 'NONE',  ( 0.000000000000000000, 0.000000000000000000, -1.000000000000000000 ) ) ;
#1644 = CARTESIAN_POINT ( 'NONE',  ( 11.13312500000000149, 0.000000000000000000, 2.075000000000000178 ) ) ;
#1645 = FACE_OUTER_BOUND ( 'NONE', #1105, .T. ) ;
#1646 = DIRECTION ( 'NONE',  ( 0.000000000000000000, 0.000000000000000000, -1.000000000000000000 ) ) ;
#1647 = ORIENTED_EDGE ( 'NONE', *, *, #2724, .F. ) ;
#1648 = VECTOR ( 'NONE', #462, 1000.000000000000000 ) ;
#1649 = EDGE_CURVE ( 'NONE', #6142, #6067, #2920, .T. ) ;
#1650 = FILL_AREA_STYLE_COLOUR ( '', #377 ) ;
#1651 = CONTEXT_DEPENDENT_SHAPE_REPRESENTATION ( #329, #6056 ) ;
#1652 = LINE ( 'NONE', #2551, #2118 ) ;
#1653 = DIRECTION ( 'NONE',  ( 0.000000000000000000, -1.000000000000000000, 0.000000000000000000 ) ) ;
#1654 = ORIENTED_EDGE ( 'NONE', *, *, #5362, .F. ) ;
#1655 = EDGE_CURVE ( 'NONE', #3067, #5013, #4343, .T. ) ;
#1656 = EDGE_CURVE ( 'NONE', #4960, #933, #2451, .T. ) ;
#1657 = FACE_OUTER_BOUND ( 'NONE', #2439, .T. ) ;
#1658 =( NAMED_UNIT ( * ) SI_UNIT ( $, .STERADIAN. ) SOLID_ANGLE_UNIT ( ) );
#1659 = ORIENTED_EDGE ( 'NONE', *, *, #1950, .T. ) ;
#1660 = DIRECTION ( 'NONE',  ( 0.4648338989899218343, 0.000000000000000000, -0.8853979028379427296 ) ) ;
#1661 = CARTESIAN_POINT ( 'NONE',  ( 6.250000000000000000, -2.540000000000000036, 1.699999999999999956 ) ) ;
#1662 = EDGE_CURVE ( 'NONE', #4914, #272, #4855, .T. ) ;
#1663 = CARTESIAN_POINT ( 'NONE',  ( 6.450000000000000178, -0.2500000000000000000, 1.699999999999999956 ) ) ;
#1664 = EDGE_CURVE ( 'NONE', #592, #487, #1977, .T. ) ;
#1665 = CARTESIAN_POINT ( 'NONE',  ( 5.400000000000000355, -2.540000000000000036, -1.590000000000000080 ) ) ;
#1666 = ORIENTED_EDGE ( 'NONE', *, *, #34, .T. ) ;
#1667 =( LENGTH_UNIT ( ) NAMED_UNIT ( * ) SI_UNIT ( .MILLI., .METRE. ) );
#1668 = PRODUCT_DEFINITION_SHAPE ( 'NONE', 'NONE',  #6196 ) ;
#1669 = DIRECTION ( 'NONE',  ( 1.000000000000000000, 0.000000000000000000, 0.000000000000000000 ) ) ;
#1670 = VERTEX_POINT ( 'NONE', #5750 ) ;
#1671 = PLANE ( 'NONE',  #5983 ) ;
#1672 = UNCERTAINTY_MEASURE_WITH_UNIT (LENGTH_MEASURE( 1.000000000000000082E-05 ), #3489, 'distance_accuracy_value', 'NONE');
#1673 =( GEOMETRIC_REPRESENTATION_CONTEXT ( 3 ) GLOBAL_UNCERTAINTY_ASSIGNED_CONTEXT ( ( #218 ) ) GLOBAL_UNIT_ASSIGNED_CONTEXT ( ( #3297, #4187, #5329 ) ) REPRESENTATION_CONTEXT ( 'NONE', 'WORKASPACE' ) );
#1674 = PLANE ( 'NONE',  #729 ) ;
#1675 = DIRECTION ( 'NONE',  ( -0.4648338989899218343, 0.000000000000000000, -0.8853979028379427296 ) ) ;
#1676 = DIRECTION ( 'NONE',  ( 0.000000000000000000, -1.000000000000000000, 0.000000000000000000 ) ) ;
#1677 = DIRECTION ( 'NONE',  ( 0.000000000000000000, -1.000000000000000000, 0.000000000000000000 ) ) ;
#1678 = ORIENTED_EDGE ( 'NONE', *, *, #534, .F. ) ;
#1679 = PRESENTATION_LAYER_ASSIGNMENT (  '', '', ( #5856 ) ) ;
#1680 = SURFACE_STYLE_FILL_AREA ( #1486 ) ;
#1681 = DIRECTION ( 'NONE',  ( 0.000000000000000000, 0.000000000000000000, -1.000000000000000000 ) ) ;
#1682 = MECHANICAL_DESIGN_GEOMETRIC_PRESENTATION_REPRESENTATION (  '', ( #3680 ), #5473 ) ;
#1683 = LINE ( 'NONE', #1624, #3928 ) ;
#1684 = DIRECTION ( 'NONE',  ( 1.000000000000000000, 0.000000000000000000, 0.000000000000000000 ) ) ;
#1685 = ORIENTED_EDGE ( 'NONE', *, *, #3930, .T. ) ;
#1686 = ORIENTED_EDGE ( 'NONE', *, *, #4755, .T. ) ;
#1687 = VECTOR ( 'NONE', #2892, 1000.000000000000000 ) ;
#1688 = AXIS2_PLACEMENT_3D ( 'NONE', #4972, #2716, #2149 ) ;
#1689 = EDGE_CURVE ( 'NONE', #2080, #960, #2040, .T. ) ;
#1690 = FACE_OUTER_BOUND ( 'NONE', #5151, .T. ) ;
#1691 =( GEOMETRIC_REPRESENTATION_CONTEXT ( 3 ) GLOBAL_UNCERTAINTY_ASSIGNED_CONTEXT ( ( #3780 ) ) GLOBAL_UNIT_ASSIGNED_CONTEXT ( ( #2983, #4956, #3020 ) ) REPRESENTATION_CONTEXT ( 'NONE', 'WORKASPACE' ) );
#1692 = VECTOR ( 'NONE', #3240, 1000.000000000000000 ) ;
#1693 = ORIENTED_EDGE ( 'NONE', *, *, #3869, .F. ) ;
#1694 = CARTESIAN_POINT ( 'NONE',  ( 0.000000000000000000, -2.339999999999999858, 0.000000000000000000 ) ) ;
#1695 = CARTESIAN_POINT ( 'NONE',  ( 8.370000000000000995, 0.000000000000000000, -2.500000000000000000 ) ) ;
#1696 = AXIS2_PLACEMENT_3D ( 'NONE', #1451, #3958, #5844 ) ;
#1697 = LINE ( 'NONE', #750, #6171 ) ;
#1698 = FACE_OUTER_BOUND ( 'NONE', #943, .T. ) ;
#1699 = DIRECTION ( 'NONE',  ( 0.000000000000000000, -1.000000000000000000, 0.000000000000000000 ) ) ;
#1700 = ORIENTED_EDGE ( 'NONE', *, *, #1385, .T. ) ;
#1701 = APPLICATION_CONTEXT ( 'automotive_design' ) ;
#1702 = DIRECTION ( 'NONE',  ( 1.000000000000000000, 0.000000000000000000, 0.000000000000000000 ) ) ;
#1703 = ORIENTED_EDGE ( 'NONE', *, *, #4677, .F. ) ;
#1704 = PLANE ( 'NONE',  #1982 ) ;
#1705 = STYLED_ITEM ( 'NONE', ( #5309 ), #5020 ) ;
#1706 = LINE ( 'NONE', #4950, #5915 ) ;
#1707 = VECTOR ( 'NONE', #5822, 1000.000000000000000 ) ;
#1708 = PLANE ( 'NONE',  #1714 ) ;
#1709 = ORIENTED_EDGE ( 'NONE', *, *, #3017, .F. ) ;
#1710 = VECTOR ( 'NONE', #4141, 1000.000000000000000 ) ;
#1711 = ADVANCED_FACE ( 'NONE', ( #3423 ), #573, .T. ) ;
#1712 = LINE ( 'NONE', #3113, #5075 ) ;
#1713 = VECTOR ( 'NONE', #6062, 1000.000000000000000 ) ;
#1714 = AXIS2_PLACEMENT_3D ( 'NONE', #3608, #4586, #3161 ) ;
#1715 = DIRECTION ( 'NONE',  ( 1.000000000000000000, 0.000000000000000000, 0.000000000000000000 ) ) ;
#1716 = ORIENTED_EDGE ( 'NONE', *, *, #3178, .T. ) ;
#1717 = ORIENTED_EDGE ( 'NONE', *, *, #1921, .F. ) ;
#1718 = AXIS2_PLACEMENT_3D ( 'NONE', #2877, #4796, #563 ) ;
#1719 = FACE_OUTER_BOUND ( 'NONE', #136, .T. ) ;
#1720 = STYLED_ITEM ( 'NONE', ( #5732 ), #5445 ) ;
#1721 = CARTESIAN_POINT ( 'NONE',  ( 3.710000000000000409, -2.339999999999999858, -1.699999999999999956 ) ) ;
#1722 = VERTEX_POINT ( 'NONE', #2698 ) ;
#1723 = LINE ( 'NONE', #3693, #2286 ) ;
#1724 = ADVANCED_FACE ( 'NONE', ( #3578 ), #5518, .T. ) ;
#1725 = CARTESIAN_POINT ( 'NONE',  ( -1.270000000000000018, -0.2500000000000000000, 1.699999999999999956 ) ) ;
#1726 = STYLED_ITEM ( 'NONE', ( #893 ), #5656 ) ;
#1727 = CARTESIAN_POINT ( 'NONE',  ( -0.3200000000000000067, -2.540000000000000036, 0.9499999999999999556 ) ) ;
#1728 = CARTESIAN_POINT ( 'NONE',  ( -0.3200000000000000067, -0.2500000000000000000, 0.9499999999999999556 ) ) ;
#1729 = ORIENTED_EDGE ( 'NONE', *, *, #3496, .F. ) ;
#1730 = SURFACE_STYLE_FILL_AREA ( #281 ) ;
#1731 = PRESENTATION_STYLE_ASSIGNMENT (( #1229 ) ) ;
#1732 = ORIENTED_EDGE ( 'NONE', *, *, #1664, .T. ) ;
#1733 = PRESENTATION_LAYER_ASSIGNMENT (  '', '', ( #4437 ) ) ;
#1734 = CARTESIAN_POINT ( 'NONE',  ( 0.3200000000000000067, -1.320000000000000062, -3.279999999999999805 ) ) ;
#1735 = ADVANCED_FACE ( 'NONE', ( #3546 ), #4089, .F. ) ;
#1736 = EDGE_CURVE ( 'NONE', #934, #5116, #5919, .T. ) ;
#1737 = PLANE ( 'NONE',  #4623 ) ;
#1738 = DIRECTION ( 'NONE',  ( 1.000000000000000000, 0.000000000000000000, 0.000000000000000000 ) ) ;
#1739 = ORIENTED_EDGE ( 'NONE', *, *, #2675, .T. ) ;
#1740 = ADVANCED_FACE ( 'NONE', ( #1645 ), #4530, .T. ) ;
#1741 = CARTESIAN_POINT ( 'NONE',  ( 4.760000000000000675, -2.540000000000000036, 1.590000000000000080 ) ) ;
#1742 = DIRECTION ( 'NONE',  ( 0.000000000000000000, 0.000000000000000000, 1.000000000000000000 ) ) ;
#1743 = COLOUR_RGB ( '',0.9254901960784314152, 0.9254901960784314152, 0.9254901960784314152 ) ;
#1744 = EDGE_CURVE ( 'NONE', #2096, #1476, #2230, .T. ) ;
#1745 = FACE_OUTER_BOUND ( 'NONE', #1599, .T. ) ;
#1746 = ORIENTED_EDGE ( 'NONE', *, *, #5545, .T. ) ;
#1747 = ORIENTED_EDGE ( 'NONE', *, *, #4184, .F. ) ;
#1748 = PLANE ( 'NONE',  #4996 ) ;
#1749 = CARTESIAN_POINT ( 'NONE',  ( 8.990000000000000213, -2.540000000000000036, -1.699999999999999956 ) ) ;
#1750 = ORIENTED_EDGE ( 'NONE', *, *, #5686, .T. ) ;
#1751 = DIRECTION ( 'NONE',  ( 0.000000000000000000, 1.000000000000000000, 0.000000000000000000 ) ) ;
#1752 = DIRECTION ( 'NONE',  ( 0.000000000000000000, -1.000000000000000000, 0.000000000000000000 ) ) ;
#1753 = CARTESIAN_POINT ( 'NONE',  ( 0.3200000000000000067, -1.320000000000000062, -6.320000000000000284 ) ) ;
#1754 = DIRECTION ( 'NONE',  ( 0.000000000000000000, 0.000000000000000000, -1.000000000000000000 ) ) ;
#1755 = DIRECTION ( 'NONE',  ( 0.000000000000000000, -1.000000000000000000, 0.000000000000000000 ) ) ;
#1756 = VERTEX_POINT ( 'NONE', #665 ) ;
#1757 = CARTESIAN_POINT ( 'NONE',  ( 6.250000000000000000, -2.339999999999999858, 1.699999999999999956 ) ) ;
#1758 = ORIENTED_EDGE ( 'NONE', *, *, #5623, .F. ) ;
#1759 = CARTESIAN_POINT ( 'NONE',  ( 6.870000000000000107, -2.540000000000000036, 2.500000000000000000 ) ) ;
#1760 = EDGE_CURVE ( 'NONE', #2966, #2240, #1172, .T. ) ;
#1761 = CARTESIAN_POINT ( 'NONE',  ( -0.1950000000000000067, 0.1950000000000000067, 5.599999999999999645 ) ) ;
#1762 = SURFACE_STYLE_FILL_AREA ( #1852 ) ;
#1763 = ORIENTED_EDGE ( 'NONE', *, *, #1194, .T. ) ;
#1764 = CARTESIAN_POINT ( 'NONE',  ( 0.3200000000000000067, -0.2500000000000000000, -0.9499999999999999556 ) ) ;
#1765 = DIRECTION ( 'NONE',  ( 0.000000000000000000, 0.000000000000000000, 1.000000000000000000 ) ) ;
#1766 = EDGE_CURVE ( 'NONE', #5403, #3818, #2197, .T. ) ;
#1767 = CARTESIAN_POINT ( 'NONE',  ( 3.513125000000000053, 0.000000000000000000, -2.075000000000000178 ) ) ;
#1768 = ORIENTED_EDGE ( 'NONE', *, *, #528, .F. ) ;
#1769 = ORIENTED_EDGE ( 'NONE', *, *, #2654, .T. ) ;
#1770 = ADVANCED_FACE ( 'NONE', ( #735 ), #3073, .F. ) ;
#1771 = AXIS2_PLACEMENT_3D ( 'NONE', #28, #535, #565 ) ;
#1772 =( NAMED_UNIT ( * ) PLANE_ANGLE_UNIT ( ) SI_UNIT ( $, .RADIAN. ) );
#1773 = EDGE_LOOP ( 'NONE', ( #1002, #5373, #2567, #3997 ) ) ;
#1774 = DIRECTION ( 'NONE',  ( 0.000000000000000000, -1.000000000000000000, 0.000000000000000000 ) ) ;
#1775 =( GEOMETRIC_REPRESENTATION_CONTEXT ( 3 ) GLOBAL_UNCERTAINTY_ASSIGNED_CONTEXT ( ( #4493 ) ) GLOBAL_UNIT_ASSIGNED_CONTEXT ( ( #1504, #1472, #3375 ) ) REPRESENTATION_CONTEXT ( 'NONE', 'WORKASPACE' ) );
#1776 = VERTEX_POINT ( 'NONE', #3136 ) ;
#1777 = CARTESIAN_POINT ( 'NONE',  ( -0.3200000000000000067, -0.3200000000000000067, -0.2000000000000000111 ) ) ;
#1778 = VECTOR ( 'NONE', #3002, 1000.000000000000000 ) ;
#1779 = DIRECTION ( 'NONE',  ( -1.000000000000000000, 0.000000000000000000, 0.000000000000000000 ) ) ;
#1780 = DIRECTION ( 'NONE',  ( 0.000000000000000000, -1.000000000000000000, 0.000000000000000000 ) ) ;
#1781 = VECTOR ( 'NONE', #3184, 1000.000000000000000 ) ;
#1782 = LINE ( 'NONE', #1315, #1311 ) ;
#1783 = ORIENTED_EDGE ( 'NONE', *, *, #3204, .F. ) ;
#1784 = CARTESIAN_POINT ( 'NONE',  ( 1.566875000000000018, -0.2500000000000000000, 2.075000000000000178 ) ) ;
#1785 = ORIENTED_EDGE ( 'NONE', *, *, #2361, .T. ) ;
#1786 = CARTESIAN_POINT ( 'NONE',  ( 2.860000000000000320, -0.2500000000000000000, -0.9499999999999999556 ) ) ;
#1787 = CARTESIAN_POINT ( 'NONE',  ( -0.3200000000000000067, -1.320000000000000062, -6.959999999999999964 ) ) ;
#1788 = LINE ( 'NONE', #2786, #5496 ) ;
#1789 = VERTEX_POINT ( 'NONE', #5484 ) ;
#1790 = VECTOR ( 'NONE', #2423, 1000.000000000000114 ) ;
#1791 = DIRECTION ( 'NONE',  ( 0.000000000000000000, 1.000000000000000000, 0.000000000000000000 ) ) ;
#1792 = DIRECTION ( 'NONE',  ( 1.000000000000000000, 0.000000000000000000, 0.000000000000000000 ) ) ;
#1793 = VECTOR ( 'NONE', #5196, 1000.000000000000000 ) ;
#1794 = CARTESIAN_POINT ( 'NONE',  ( 9.839999999999999858, -0.2500000000000000000, 0.9499999999999999556 ) ) ;
#1795 = DIRECTION ( 'NONE',  ( 0.4648338989899218343, 0.000000000000000000, -0.8853979028379427296 ) ) ;
#1796 = ORIENTED_EDGE ( 'NONE', *, *, #1906, .F. ) ;
#1797 = ADVANCED_FACE ( 'NONE', ( #758 ), #4985, .F. ) ;
#1798 = LINE ( 'NONE', #1914, #1378 ) ;
#1799 = LINE ( 'NONE', #3202, #4730 ) ;
#1800 = DIRECTION ( 'NONE',  ( 0.000000000000000000, 0.000000000000000000, -1.000000000000000000 ) ) ;
#1801 = ORIENTED_EDGE ( 'NONE', *, *, #2752, .F. ) ;
#1802 = AXIS2_PLACEMENT_3D ( 'NONE', #2349, #1965, #5314 ) ;
#1803 = EDGE_LOOP ( 'NONE', ( #6174, #674, #5141, #2027 ) ) ;
#1804 = EDGE_CURVE ( 'NONE', #2631, #4319, #5548, .T. ) ;
#1805 = VECTOR ( 'NONE', #5035, 1000.000000000000114 ) ;
#1806 = ADVANCED_FACE ( 'NONE', ( #257 ), #3160, .F. ) ;
#1807 = LINE ( 'NONE', #5625, #4145 ) ;
#1808 = ORIENTED_EDGE ( 'NONE', *, *, #2417, .F. ) ;
#1809 = LINE ( 'NONE', #4728, #2879 ) ;
#1810 = CARTESIAN_POINT ( 'NONE',  ( -0.1950000000000000067, 0.1950000000000000067, 5.599999999999999645 ) ) ;
#1811 = CARTESIAN_POINT ( 'NONE',  ( 5.400000000000000355, -0.2500000000000000000, -0.9499999999999999556 ) ) ;
#1812 = CARTESIAN_POINT ( 'NONE',  ( -0.3200000000000000067, -1.320000000000000062, -6.320000000000000284 ) ) ;
#1813 = MECHANICAL_DESIGN_GEOMETRIC_PRESENTATION_REPRESENTATION (  '', ( #1120 ), #2313 ) ;
#1814 = ORIENTED_EDGE ( 'NONE', *, *, #4870, .F. ) ;
#1815 = DIRECTION ( 'NONE',  ( 1.000000000000000000, 0.000000000000000000, 0.000000000000000000 ) ) ;
#1816 = LINE ( 'NONE', #3699, #2198 ) ;
#1817 = VERTEX_POINT ( 'NONE', #5201 ) ;
#1818 = PLANE ( 'NONE',  #1443 ) ;
#1819 = FACE_OUTER_BOUND ( 'NONE', #5375, .T. ) ;
#1820 = DIRECTION ( 'NONE',  ( -1.000000000000000000, 0.000000000000000000, 0.000000000000000000 ) ) ;
#1821 = VECTOR ( 'NONE', #2860, 1000.000000000000000 ) ;
#1822 =( NAMED_UNIT ( * ) PLANE_ANGLE_UNIT ( ) SI_UNIT ( $, .RADIAN. ) );
#1823 = LINE ( 'NONE', #1234, #2108 ) ;
#1824 = VECTOR ( 'NONE', #5700, 1000.000000000000000 ) ;
#1825 = SURFACE_SIDE_STYLE ('',( #2256 ) ) ;
#1826 = DIRECTION ( 'NONE',  ( -0.4472135954999771901, 0.7745966692414611998, -0.4472135954999771901 ) ) ;
#1827 = VERTEX_POINT ( 'NONE', #1355 ) ;
#1828 = LINE ( 'NONE', #3743, #6177 ) ;
#1829 = CARTESIAN_POINT ( 'NONE',  ( 0.3185000000000000053, 0.3185000000000000053, 6.740000000000000213 ) ) ;
#1830 = CARTESIAN_POINT ( 'NONE',  ( 8.990000000000000213, -2.339999999999999858, -1.699999999999999956 ) ) ;
#1831 = EDGE_LOOP ( 'NONE', ( #3601, #1393, #1512, #1463 ) ) ;
#1832 = ADVANCED_FACE ( 'NONE', ( #2353 ), #5691, .F. ) ;
#1833 = COLOUR_RGB ( '',1.000000000000000000, 0.8078431372549019773, 0.4588235294117646856 ) ;
#1834 = ORIENTED_EDGE ( 'NONE', *, *, #4941, .F. ) ;
#1835 = DIRECTION ( 'NONE',  ( 1.000000000000000000, 0.000000000000000000, 0.000000000000000000 ) ) ;
#1836 = VECTOR ( 'NONE', #5374, 1000.000000000000000 ) ;
#1837 = EDGE_CURVE ( 'NONE', #2583, #5978, #5576, .T. ) ;
#1838 = VERTEX_POINT ( 'NONE', #378 ) ;
#1839 = EDGE_CURVE ( 'NONE', #3212, #5654, #4739, .T. ) ;
#1840 = ORIENTED_EDGE ( 'NONE', *, *, #150, .F. ) ;
#1841 = VERTEX_POINT ( 'NONE', #5168 ) ;
#1842 = LINE ( 'NONE', #5534, #5380 ) ;
#1843 = DIRECTION ( 'NONE',  ( 0.000000000000000000, 0.000000000000000000, -1.000000000000000000 ) ) ;
#1844 = CARTESIAN_POINT ( 'NONE',  ( 10.48000000000000043, -0.2500000000000000000, 1.590000000000000080 ) ) ;
#1845 = EDGE_LOOP ( 'NONE', ( #3726, #2291, #3733, #3304 ) ) ;
#1846 = DIRECTION ( 'NONE',  ( 0.000000000000000000, -1.000000000000000000, 0.000000000000000000 ) ) ;
#1847 = CARTESIAN_POINT ( 'NONE',  ( 10.16000000000000014, 0.000000000000000000, 0.000000000000000000 ) ) ;
#1848 = EDGE_LOOP ( 'NONE', ( #5603, #2447, #5078, #4595 ) ) ;
#1849 = LINE ( 'NONE', #5773, #3904 ) ;
#1850 = LINE ( 'NONE', #1874, #4598 ) ;
#1851 = LINE ( 'NONE', #1909, #1968 ) ;
#1852 = FILL_AREA_STYLE ('',( #851 ) ) ;
#1853 = ORIENTED_EDGE ( 'NONE', *, *, #2455, .T. ) ;
#1854 = DIRECTION ( 'NONE',  ( 0.000000000000000000, 0.000000000000000000, -1.000000000000000000 ) ) ;
#1855 = DIRECTION ( 'NONE',  ( 0.000000000000000000, 0.000000000000000000, 1.000000000000000000 ) ) ;
#1856 = CARTESIAN_POINT ( 'NONE',  ( 8.789999999999999147, -0.2500000000000000000, -1.699999999999999956 ) ) ;
#1857 = ORIENTED_EDGE ( 'NONE', *, *, #2953, .F. ) ;
#1858 = VERTEX_POINT ( 'NONE', #6041 ) ;
#1859 = CARTESIAN_POINT ( 'NONE',  ( 10.16000000000000014, -1.600000000000000089, -1.270000000000000018 ) ) ;
#1860 =( GEOMETRIC_REPRESENTATION_CONTEXT ( 3 ) GLOBAL_UNCERTAINTY_ASSIGNED_CONTEXT ( ( #722 ) ) GLOBAL_UNIT_ASSIGNED_CONTEXT ( ( #2575, #4649, #2728 ) ) REPRESENTATION_CONTEXT ( 'NONE', 'WORKASPACE' ) );
#1861 = EDGE_LOOP ( 'NONE', ( #4962, #4272, #295, #5448 ) ) ;
#1862 = EDGE_LOOP ( 'NONE', ( #5641, #5557, #1138, #6024 ) ) ;
#1863 = CARTESIAN_POINT ( 'NONE',  ( -0.3200000000000000067, -6.593493649053999484, -6.959999999999999964 ) ) ;
#1864 = CARTESIAN_POINT ( 'NONE',  ( 9.186875000000000568, 0.000000000000000000, -2.075000000000000178 ) ) ;
#1865 =( GEOMETRIC_REPRESENTATION_CONTEXT ( 3 ) GLOBAL_UNCERTAINTY_ASSIGNED_CONTEXT ( ( #2540 ) ) GLOBAL_UNIT_ASSIGNED_CONTEXT ( ( #5721, #2475, #1448 ) ) REPRESENTATION_CONTEXT ( 'NONE', 'WORKASPACE' ) );
#1866 = EDGE_CURVE ( 'NONE', #3484, #4841, #2791, .T. ) ;
#1867 = DIRECTION ( 'NONE',  ( 1.000000000000000000, 0.000000000000000000, 0.000000000000000000 ) ) ;
#1868 = VERTEX_POINT ( 'NONE', #1881 ) ;
#1869 = CARTESIAN_POINT ( 'NONE',  ( 8.789999999999999147, -2.540000000000000036, 1.699999999999999956 ) ) ;
#1870 = VECTOR ( 'NONE', #2702, 1000.000000000000000 ) ;
#1871 = CARTESIAN_POINT ( 'NONE',  ( 0.3200000000000000067, 0.3200000000000000067, -0.2000000000000000111 ) ) ;
#1872 = VERTEX_POINT ( 'NONE', #1761 ) ;
#1873 = DIRECTION ( 'NONE',  ( -1.000000000000000000, 0.000000000000000000, 0.000000000000000000 ) ) ;
#1874 = CARTESIAN_POINT ( 'NONE',  ( 0.3200000000000000067, -1.320000000000000062, -6.959999999999999964 ) ) ;
#1875 = AXIS2_PLACEMENT_3D ( 'NONE', #4456, #626, #1190 ) ;
#1876 = EDGE_CURVE ( 'NONE', #2021, #645, #822, .T. ) ;
#1877 = DIRECTION ( 'NONE',  ( 1.000000000000000000, 0.000000000000000000, 0.000000000000000000 ) ) ;
#1878 = VECTOR ( 'NONE', #1478, 1000.000000000000000 ) ;
#1879 = ADVANCED_FACE ( 'NONE', ( #3798 ), #3670, .T. ) ;
#1880 = VECTOR ( 'NONE', #4228, 1000.000000000000000 ) ;
#1881 = CARTESIAN_POINT ( 'NONE',  ( 3.910000000000000142, -2.540000000000000036, 1.699999999999999956 ) ) ;
#1882 = DIRECTION ( 'NONE',  ( 0.000000000000000000, 0.000000000000000000, 1.000000000000000000 ) ) ;
#1883 = ORIENTED_EDGE ( 'NONE', *, *, #3850, .T. ) ;
#1884 = CARTESIAN_POINT ( 'NONE',  ( 0.3200000000000000067, -1.320000000000000062, -2.640000000000000124 ) ) ;
#1885 = VECTOR ( 'NONE', #5718, 1000.000000000000000 ) ;
#1886 = DIRECTION ( 'NONE',  ( 0.000000000000000000, -1.000000000000000000, 0.000000000000000000 ) ) ;
#1887 = DIRECTION ( 'NONE',  ( 0.000000000000000000, 0.000000000000000000, -1.000000000000000000 ) ) ;
#1888 = ORIENTED_EDGE ( 'NONE', *, *, #3356, .F. ) ;
#1889 = PLANE ( 'NONE',  #3274 ) ;
#1890 = ORIENTED_EDGE ( 'NONE', *, *, #2332, .F. ) ;
#1891 = EDGE_CURVE ( 'NONE', #3459, #2080, #3926, .T. ) ;
#1892 = AXIS2_PLACEMENT_3D ( 'NONE', #5440, #4131, #1153 ) ;
#1893 = VECTOR ( 'NONE', #2978, 1000.000000000000114 ) ;
#1894 = SURFACE_STYLE_FILL_AREA ( #802 ) ;
#1895 = ORIENTED_EDGE ( 'NONE', *, *, #5801, .F. ) ;
#1896 = ORIENTED_EDGE ( 'NONE', *, *, #4930, .F. ) ;
#1897 = VECTOR ( 'NONE', #2041, 1000.000000000000000 ) ;
#1898 = VECTOR ( 'NONE', #479, 1000.000000000000000 ) ;
#1899 = DIRECTION ( 'NONE',  ( 0.000000000000000000, 1.000000000000000000, 0.000000000000000000 ) ) ;
#1900 = ORIENTED_EDGE ( 'NONE', *, *, #3294, .F. ) ;
#1901 = AXIS2_PLACEMENT_3D ( 'NONE', #4850, #6165, #1449 ) ;
#1902 = DIRECTION ( 'NONE',  ( 0.000000000000000000, 0.000000000000000000, -1.000000000000000000 ) ) ;
#1903 = SURFACE_SIDE_STYLE ('',( #2438 ) ) ;
#1904 = VERTEX_POINT ( 'NONE', #58 ) ;
#1905 = DIRECTION ( 'NONE',  ( 0.000000000000000000, 0.000000000000000000, 1.000000000000000000 ) ) ;
#1906 = EDGE_CURVE ( 'NONE', #394, #596, #2419, .T. ) ;
#1907 = CARTESIAN_POINT ( 'NONE',  ( 0.3185000000000000053, -0.3185000000000000053, 6.526091725265000143 ) ) ;
#1908 = LINE ( 'NONE', #5315, #1885 ) ;
#1909 = CARTESIAN_POINT ( 'NONE',  ( 0.3185000000000000053, 0.3185000000000000053, 6.526091725265000143 ) ) ;
#1910 = PLANE ( 'NONE',  #3071 ) ;
#1911 = ADVANCED_FACE ( 'NONE', ( #2880 ), #1910, .T. ) ;
#1912 = ORIENTED_EDGE ( 'NONE', *, *, #1001, .F. ) ;
#1913 = LINE ( 'NONE', #3836, #1975 ) ;
#1914 = CARTESIAN_POINT ( 'NONE',  ( 8.370000000000000995, 0.000000000000000000, -2.500000000000000000 ) ) ;
#1915 = COLOUR_RGB ( '',0.9254901960784314152, 0.9254901960784314152, 0.9254901960784314152 ) ;
#1916 = DIRECTION ( 'NONE',  ( 0.000000000000000000, -1.000000000000000000, 0.000000000000000000 ) ) ;
#1917 = DIRECTION ( 'NONE',  ( -1.000000000000000000, 0.000000000000000000, 0.000000000000000000 ) ) ;
#1918 = ORIENTED_EDGE ( 'NONE', *, *, #1228, .T. ) ;
#1919 = ADVANCED_FACE ( 'NONE', ( #3006 ), #5255, .T. ) ;
#1920 = CARTESIAN_POINT ( 'NONE',  ( 8.990000000000000213, -0.2500000000000000000, 1.699999999999999956 ) ) ;
#1921 = EDGE_CURVE ( 'NONE', #5735, #2956, #1010, .T. ) ;
#1922 = PLANE ( 'NONE',  #3803 ) ;
#1923 = AXIS2_PLACEMENT_3D ( 'NONE', #5250, #5808, #3407 ) ;
#1924 = DIRECTION ( 'NONE',  ( 0.000000000000000000, 0.000000000000000000, 1.000000000000000000 ) ) ;
#1925 = EDGE_LOOP ( 'NONE', ( #430, #3254, #1883, #1532 ) ) ;
#1926 = ORIENTED_EDGE ( 'NONE', *, *, #39, .T. ) ;
#1927 = ORIENTED_EDGE ( 'NONE', *, *, #439, .F. ) ;
#1928 =( LENGTH_UNIT ( ) NAMED_UNIT ( * ) SI_UNIT ( .MILLI., .METRE. ) );
#1929 = EDGE_LOOP ( 'NONE', ( #4169, #5359, #3919, #2619 ) ) ;
#1930 = CARTESIAN_POINT ( 'NONE',  ( 11.33000000000000007, -0.2500000000000000000, -1.699999999999999956 ) ) ;
#1931 = FACE_OUTER_BOUND ( 'NONE', #3221, .T. ) ;
#1932 = ORIENTED_EDGE ( 'NONE', *, *, #2217, .T. ) ;
#1933 = VECTOR ( 'NONE', #1063, 1000.000000000000000 ) ;
#1934 = LINE ( 'NONE', #5835, #938 ) ;
#1935 = PLANE ( 'NONE',  #4895 ) ;
#1936 =( NAMED_UNIT ( * ) SI_UNIT ( $, .STERADIAN. ) SOLID_ANGLE_UNIT ( ) );
#1937 = FILL_AREA_STYLE ('',( #6040 ) ) ;
#1938 = FILL_AREA_STYLE ('',( #5814 ) ) ;
#1939 = PRESENTATION_STYLE_ASSIGNMENT (( #4402 ) ) ;
#1940 = ORIENTED_EDGE ( 'NONE', *, *, #1057, .T. ) ;
#1941 = CARTESIAN_POINT ( 'NONE',  ( -1.270000000000000018, -0.2500000000000000000, -1.699999999999999956 ) ) ;
#1942 = LINE ( 'NONE', #5353, #6168 ) ;
#1943 = ADVANCED_FACE ( 'NONE', ( #4335 ), #4849, .T. ) ;
#1944 = CARTESIAN_POINT ( 'NONE',  ( -1.524000000000000021, -0.2500000000000000000, -2.075000000000000178 ) ) ;
#1945 = PRESENTATION_STYLE_ASSIGNMENT (( #5786 ) ) ;
#1946 = CARTESIAN_POINT ( 'NONE',  ( 9.186875000000000568, 0.000000000000000000, 2.075000000000000178 ) ) ;
#1947 = PRESENTATION_STYLE_ASSIGNMENT (( #2857 ) ) ;
#1948 = ORIENTED_EDGE ( 'NONE', *, *, #5042, .F. ) ;
#1949 = PLANE ( 'NONE',  #4490 ) ;
#1950 = EDGE_CURVE ( 'NONE', #4424, #3953, #4432, .T. ) ;
#1951 = DIRECTION ( 'NONE',  ( 0.000000000000000000, -1.000000000000000000, 0.000000000000000000 ) ) ;
#1952 = DIRECTION ( 'NONE',  ( -1.000000000000000000, 0.000000000000000000, 0.000000000000000000 ) ) ;
#1953 =( LENGTH_UNIT ( ) NAMED_UNIT ( * ) SI_UNIT ( .MILLI., .METRE. ) );
#1954 = EDGE_LOOP ( 'NONE', ( #4582, #5664, #794, #1124, #2402, #1071, #488 ) ) ;
#1955 = EDGE_LOOP ( 'NONE', ( #4358, #2070, #2331, #5896 ) ) ;
#1956 = VERTEX_POINT ( 'NONE', #3473 ) ;
#1957 = PRODUCT_DEFINITION ( 'UNKNOWN', '', #3176, #4279 ) ;
#1958 = VECTOR ( 'NONE', #1675, 1000.000000000000114 ) ;
#1959 = LINE ( 'NONE', #2025, #4410 ) ;
#1960 = VERTEX_POINT ( 'NONE', #5384 ) ;
#1961 = LINE ( 'NONE', #4293, #1042 ) ;
#1962 = ORIENTED_EDGE ( 'NONE', *, *, #1358, .T. ) ;
#1963 = CARTESIAN_POINT ( 'NONE',  ( 8.593125000000000568, 0.000000000000000000, 2.075000000000000178 ) ) ;
#1964 = AXIS2_PLACEMENT_3D ( 'NONE', #1829, #5584, #1855 ) ;
#1965 = DIRECTION ( 'NONE',  ( 0.000000000000000000, 0.000000000000000000, 1.000000000000000000 ) ) ;
#1966 = LINE ( 'NONE', #2875, #3679 ) ;
#1967 = CARTESIAN_POINT ( 'NONE',  ( 7.299999999999999822, -2.540000000000000036, 1.590000000000000080 ) ) ;
#1968 = VECTOR ( 'NONE', #2471, 1000.000000000000000 ) ;
#1969 = LINE ( 'NONE', #3317, #5507 ) ;
#1970 = DIRECTION ( 'NONE',  ( 0.000000000000000000, 0.000000000000000000, 1.000000000000000000 ) ) ;
#1971 = CARTESIAN_POINT ( 'NONE',  ( 1.169999999999999929, 0.000000000000000000, -1.699999999999999956 ) ) ;
#1972 = ORIENTED_EDGE ( 'NONE', *, *, #4422, .F. ) ;
#1973 = VECTOR ( 'NONE', #3594, 1000.000000000000000 ) ;
#1974 = AXIS2_PLACEMENT_3D ( 'NONE', #3863, #4341, #3448 ) ;
#1975 = VECTOR ( 'NONE', #1014, 1000.000000000000000 ) ;
#1976 = LINE ( 'NONE', #5821, #5316 ) ;
#1977 = LINE ( 'NONE', #3482, #2268 ) ;
#1978 = CARTESIAN_POINT ( 'NONE',  ( 11.33000000000000007, -0.2500000000000000000, -1.699999999999999956 ) ) ;
#1979 = DIRECTION ( 'NONE',  ( 0.000000000000000000, 0.000000000000000000, 1.000000000000000000 ) ) ;
#1980 = ORIENTED_EDGE ( 'NONE', *, *, #69, .F. ) ;
#1981 = ADVANCED_FACE ( 'NONE', ( #4521 ), #5541, .F. ) ;
#1982 = AXIS2_PLACEMENT_3D ( 'NONE', #5980, #4524, #226 ) ;
#1983 = SHAPE_REPRESENTATION ( 'M20-974-PIN2.stp', ( #5307 ), #5410 ) ;
#1984 = PRESENTATION_LAYER_ASSIGNMENT (  '', '', ( #4690 ) ) ;
#1985 = CARTESIAN_POINT ( 'NONE',  ( 1.566875000000000018, -0.2500000000000000000, -2.075000000000000178 ) ) ;
#1986 =( LENGTH_UNIT ( ) NAMED_UNIT ( * ) SI_UNIT ( .MILLI., .METRE. ) );
#1987 = FACE_OUTER_BOUND ( 'NONE', #172, .T. ) ;
#1988 = ORIENTED_EDGE ( 'NONE', *, *, #536, .F. ) ;
#1989 = VERTEX_POINT ( 'NONE', #2537 ) ;
#1990 = ORIENTED_EDGE ( 'NONE', *, *, #1530, .F. ) ;
#1991 = EDGE_CURVE ( 'NONE', #2347, #4781, #4550, .T. ) ;
#1992 = MECHANICAL_DESIGN_GEOMETRIC_PRESENTATION_REPRESENTATION (  '', ( #1705 ), #5883 ) ;
#1993 = EDGE_CURVE ( 'NONE', #705, #1563, #2154, .T. ) ;
#1994 = FILL_AREA_STYLE ('',( #4871 ) ) ;
#1995 = ORIENTED_EDGE ( 'NONE', *, *, #1263, .F. ) ;
#1996 = DIRECTION ( 'NONE',  ( 0.000000000000000000, 0.000000000000000000, -1.000000000000000000 ) ) ;
#1997 = ORIENTED_EDGE ( 'NONE', *, *, #3144, .T. ) ;
#1998 =( NAMED_UNIT ( * ) PLANE_ANGLE_UNIT ( ) SI_UNIT ( $, .RADIAN. ) );
#1999 = PLANE ( 'NONE',  #1502 ) ;
#2000 = CARTESIAN_POINT ( 'NONE',  ( 6.250000000000000000, -0.2500000000000000000, -1.699999999999999956 ) ) ;
#2001 = MECHANICAL_DESIGN_GEOMETRIC_PRESENTATION_REPRESENTATION (  '', ( #5202 ), #4809 ) ;
#2002 = CARTESIAN_POINT ( 'NONE',  ( -1.169999999999999929, -2.540000000000000036, -1.699999999999999956 ) ) ;
#2003 = EDGE_CURVE ( 'NONE', #4178, #2958, #693, .T. ) ;
#2004 = VECTOR ( 'NONE', #4547, 1000.000000000000000 ) ;
#2005 = ADVANCED_FACE ( 'NONE', ( #4082 ), #5912, .T. ) ;
#2006 = PLANE ( 'NONE',  #2808 ) ;
#2007 = ORIENTED_EDGE ( 'NONE', *, *, #1921, .T. ) ;
#2008 = CARTESIAN_POINT ( 'NONE',  ( 8.990000000000000213, -2.339999999999999858, -1.699999999999999956 ) ) ;
#2009 = ORIENTED_EDGE ( 'NONE', *, *, #4155, .T. ) ;
#2010 = CARTESIAN_POINT ( 'NONE',  ( 11.33000000000000007, 0.000000000000000000, 1.699999999999999956 ) ) ;
#2011 =( GEOMETRIC_REPRESENTATION_CONTEXT ( 3 ) GLOBAL_UNCERTAINTY_ASSIGNED_CONTEXT ( ( #2542 ) ) GLOBAL_UNIT_ASSIGNED_CONTEXT ( ( #1953, #4380, #3939 ) ) REPRESENTATION_CONTEXT ( 'NONE', 'WORKASPACE' ) );
#2012 = DIRECTION ( 'NONE',  ( 0.000000000000000000, -1.000000000000000000, 0.000000000000000000 ) ) ;
#2013 = CARTESIAN_POINT ( 'NONE',  ( 0.3200000000000000067, -0.2500000000000000000, -0.9499999999999999556 ) ) ;
#2014 = ORIENTED_EDGE ( 'NONE', *, *, #4798, .T. ) ;
#2015 = CARTESIAN_POINT ( 'NONE',  ( 3.910000000000000142, -0.2500000000000000000, 1.699999999999999956 ) ) ;
#2016 = SHAPE_DEFINITION_REPRESENTATION ( #4126, #2183 ) ;
#2017 = DIRECTION ( 'NONE',  ( 1.000000000000000000, 0.000000000000000000, 0.000000000000000000 ) ) ;
#2018 = DIRECTION ( 'NONE',  ( 0.000000000000000000, 0.000000000000000000, -1.000000000000000000 ) ) ;
#2019 = ORIENTED_EDGE ( 'NONE', *, *, #189, .F. ) ;
#2020 = VECTOR ( 'NONE', #849, 1000.000000000000000 ) ;
#2021 = VERTEX_POINT ( 'NONE', #4112 ) ;
#2022 = EDGE_LOOP ( 'NONE', ( #4084, #997, #4790, #3835 ) ) ;
#2023 = EDGE_CURVE ( 'NONE', #4873, #705, #5942, .T. ) ;
#2024 = ADVANCED_FACE ( 'NONE', ( #4945, #2568 ), #4052, .T. ) ;
#2025 = CARTESIAN_POINT ( 'NONE',  ( 4.760000000000000675, -0.2500000000000000000, -0.9499999999999999556 ) ) ;
#2026 = EDGE_LOOP ( 'NONE', ( #2530, #11, #4453, #3860 ) ) ;
#2027 = ORIENTED_EDGE ( 'NONE', *, *, #1316, .T. ) ;
#2028 = AXIS2_PLACEMENT_3D ( 'NONE', #652, #1189, #4477 ) ;
#2029 = PLANE ( 'NONE',  #5283 ) ;
#2030 = LINE ( 'NONE', #2564, #4090 ) ;
#2031 = VECTOR ( 'NONE', #6026, 1000.000000000000000 ) ;
#2032 = ORIENTED_EDGE ( 'NONE', *, *, #2764, .T. ) ;
#2033 = CARTESIAN_POINT ( 'NONE',  ( 4.330000000000000071, 0.000000000000000000, -2.500000000000000000 ) ) ;
#2034 = CARTESIAN_POINT ( 'NONE',  ( 4.106875000000000497, 0.000000000000000000, -2.075000000000000178 ) ) ;
#2035 = ORIENTED_EDGE ( 'NONE', *, *, #1117, .T. ) ;
#2036 = CYLINDRICAL_SURFACE ( 'NONE', #1696, 1.639999999999999902 ) ;
#2037 = ADVANCED_FACE ( 'NONE', ( #1164 ), #5877, .T. ) ;
#2038 = UNCERTAINTY_MEASURE_WITH_UNIT (LENGTH_MEASURE( 1.000000000000000082E-05 ), #2946, 'distance_accuracy_value', 'NONE');
#2039 = CARTESIAN_POINT ( 'NONE',  ( 6.646874999999999645, -0.2500000000000000000, 2.075000000000000178 ) ) ;
#2040 = LINE ( 'NONE', #2976, #2363 ) ;
#2041 = DIRECTION ( 'NONE',  ( -1.000000000000000000, 0.000000000000000000, 0.000000000000000000 ) ) ;
#2042 = VERTEX_POINT ( 'NONE', #3099 ) ;
#2043 = APPLICATION_CONTEXT ( 'automotive_design' ) ;
#2044 = CARTESIAN_POINT ( 'NONE',  ( -1.169999999999999929, -0.2500000000000000000, -1.699999999999999956 ) ) ;
#2045 = CARTESIAN_POINT ( 'NONE',  ( 0.000000000000000000, 0.000000000000000000, 0.000000000000000000 ) ) ;
#2046 = CARTESIAN_POINT ( 'NONE',  ( -0.3200000000000000067, -1.320000000000000062, -3.279999999999999805 ) ) ;
#2047 = CARTESIAN_POINT ( 'NONE',  ( 5.400000000000000355, 0.000000000000000000, -1.590000000000000080 ) ) ;
#2048 = CARTESIAN_POINT ( 'NONE',  ( 0.3200000000000000067, 0.3200000000000000067, 0.9399999999999999467 ) ) ;
#2049 = VERTEX_POINT ( 'NONE', #727 ) ;
#2050 = ORIENTED_EDGE ( 'NONE', *, *, #724, .F. ) ;
#2051 = ORIENTED_EDGE ( 'NONE', *, *, #4749, .F. ) ;
#2052 = VERTEX_POINT ( 'NONE', #5069 ) ;
#2053 = ORIENTED_EDGE ( 'NONE', *, *, #1272, .F. ) ;
#2054 = CARTESIAN_POINT ( 'NONE',  ( 8.990000000000000213, -2.540000000000000036, 1.699999999999999956 ) ) ;
#2055 = DIRECTION ( 'NONE',  ( -1.000000000000000000, 0.000000000000000000, 0.000000000000000000 ) ) ;
#2056 = ADVANCED_FACE ( 'NONE', ( #2658 ), #1262, .F. ) ;
#2057 = DIRECTION ( 'NONE',  ( -0.4648338989899218343, 0.000000000000000000, -0.8853979028379427296 ) ) ;
#2058 = ORIENTED_EDGE ( 'NONE', *, *, #4579, .F. ) ;
#2059 = DIRECTION ( 'NONE',  ( -1.000000000000000000, 0.000000000000000000, 0.000000000000000000 ) ) ;
#2060 = FACE_OUTER_BOUND ( 'NONE', #1845, .T. ) ;
#2061 = ORIENTED_EDGE ( 'NONE', *, *, #765, .T. ) ;
#2062 = FACE_BOUND ( 'NONE', #5395, .T. ) ;
#2063 = EDGE_CURVE ( 'NONE', #2930, #1533, #5551, .T. ) ;
#2064 = AXIS2_PLACEMENT_3D ( 'NONE', #5975, #3570, #3129 ) ;
#2065 = EDGE_CURVE ( 'NONE', #2474, #2989, #2760, .T. ) ;
#2066 = DIRECTION ( 'NONE',  ( -1.000000000000000000, 0.000000000000000000, 0.000000000000000000 ) ) ;
#2067 = VECTOR ( 'NONE', #3250, 1000.000000000000000 ) ;
#2068 = LINE ( 'NONE', #3994, #6093 ) ;
#2069 = VECTOR ( 'NONE', #3830, 1000.000000000000000 ) ;
#2070 = ORIENTED_EDGE ( 'NONE', *, *, #3055, .T. ) ;
#2071 = PRESENTATION_LAYER_ASSIGNMENT (  '', '', ( #4782 ) ) ;
#2072 = CARTESIAN_POINT ( 'NONE',  ( -0.1950000000000000067, -4.270000000000000462, -2.765000000000000124 ) ) ;
#2073 = CARTESIAN_POINT ( 'NONE',  ( 7.620000000000000107, 0.000000000000000000, 0.000000000000000000 ) ) ;
#2074 = ADVANCED_FACE ( 'NONE', ( #3774 ), #1296, .T. ) ;
#2075 = LINE ( 'NONE', #1930, #2902 ) ;
#2076 = ORIENTED_EDGE ( 'NONE', *, *, #491, .F. ) ;
#2077 = AXIS2_PLACEMENT_3D ( 'NONE', #5792, #3903, #1145 ) ;
#2078 = ORIENTED_EDGE ( 'NONE', *, *, #2744, .F. ) ;
#2079 = PRESENTATION_LAYER_ASSIGNMENT (  '', '', ( #4589 ) ) ;
#2080 = VERTEX_POINT ( 'NONE', #6170 ) ;
#2081 = VECTOR ( 'NONE', #2683, 1000.000000000000000 ) ;
#2082 = VECTOR ( 'NONE', #4913, 1000.000000000000000 ) ;
#2083 = LINE ( 'NONE', #4101, #3390 ) ;
#2084 = SURFACE_STYLE_FILL_AREA ( #2589 ) ;
#2085 = VERTEX_POINT ( 'NONE', #5081 ) ;
#2086 = DIRECTION ( 'NONE',  ( 0.000000000000000000, 1.000000000000000000, 0.000000000000000000 ) ) ;
#2087 = DIRECTION ( 'NONE',  ( -1.000000000000000000, 0.000000000000000000, 0.000000000000000000 ) ) ;
#2088 = VECTOR ( 'NONE', #3751, 1000.000000000000000 ) ;
#2089 = DIRECTION ( 'NONE',  ( -1.000000000000000000, 0.000000000000000000, 0.000000000000000000 ) ) ;
#2090 = AXIS2_PLACEMENT_3D ( 'NONE', #6037, #3702, #1254 ) ;
#2091 = EDGE_CURVE ( 'NONE', #717, #3306, #892, .T. ) ;
#2092 = CARTESIAN_POINT ( 'NONE',  ( 8.990000000000000213, -0.2500000000000000000, -1.699999999999999956 ) ) ;
#2093 = ORIENTED_EDGE ( 'NONE', *, *, #4506, .T. ) ;
#2094 = DIRECTION ( 'NONE',  ( 0.000000000000000000, 0.000000000000000000, 1.000000000000000000 ) ) ;
#2095 = DIRECTION ( 'NONE',  ( 0.4648338989899218343, 0.000000000000000000, -0.8853979028379427296 ) ) ;
#2096 = VERTEX_POINT ( 'NONE', #4652 ) ;
#2097 = SURFACE_SIDE_STYLE ('',( #192 ) ) ;
#2098 = UNCERTAINTY_MEASURE_WITH_UNIT (LENGTH_MEASURE( 1.000000000000000082E-05 ), #932, 'distance_accuracy_value', 'NONE');
#2099 = VECTOR ( 'NONE', #3659, 1000.000000000000000 ) ;
#2100 = EDGE_CURVE ( 'NONE', #3888, #1597, #855, .T. ) ;
#2101 = AXIS2_PLACEMENT_3D ( 'NONE', #4536, #5051, #4994 ) ;
#2102 = EDGE_CURVE ( 'NONE', #2989, #895, #4715, .T. ) ;
#2103 = DIRECTION ( 'NONE',  ( 0.000000000000000000, 0.000000000000000000, -1.000000000000000000 ) ) ;
#2104 = DIRECTION ( 'NONE',  ( 0.000000000000000000, 0.000000000000000000, 1.000000000000000000 ) ) ;
#2105 = LINE ( 'NONE', #3046, #4617 ) ;
#2106 = EDGE_LOOP ( 'NONE', ( #5649, #743, #998, #2579 ) ) ;
#2107 = PRODUCT_DEFINITION_SHAPE ( 'NONE', 'NONE',  #6191 ) ;
#2108 = VECTOR ( 'NONE', #3740, 1000.000000000000000 ) ;
#2109 =( NAMED_UNIT ( * ) SI_UNIT ( $, .STERADIAN. ) SOLID_ANGLE_UNIT ( ) );
#2110 = DIRECTION ( 'NONE',  ( 0.000000000000000000, -1.000000000000000000, 0.000000000000000000 ) ) ;
#2111 = DIRECTION ( 'NONE',  ( 0.000000000000000000, 0.000000000000000000, -1.000000000000000000 ) ) ;
#2112 = VERTEX_POINT ( 'NONE', #3295 ) ;
#2113 = ORIENTED_EDGE ( 'NONE', *, *, #5199, .T. ) ;
#2114 = EDGE_CURVE ( 'NONE', #584, #6051, #417, .T. ) ;
#2115 = AXIS2_PLACEMENT_3D ( 'NONE', #237, #2110, #5432 ) ;
#2116 = ADVANCED_FACE ( 'NONE', ( #2357 ), #385, .T. ) ;
#2117 = DIRECTION ( 'NONE',  ( 1.000000000000000000, 0.000000000000000000, 0.000000000000000000 ) ) ;
#2118 = VECTOR ( 'NONE', #2139, 1000.000000000000000 ) ;
#2119 = CARTESIAN_POINT ( 'NONE',  ( 2.860000000000000320, -0.2500000000000000000, 0.9499999999999999556 ) ) ;
#2120 = ORIENTED_EDGE ( 'NONE', *, *, #2444, .T. ) ;
#2121 = LINE ( 'NONE', #1098, #3225 ) ;
#2122 = CARTESIAN_POINT ( 'NONE',  ( -0.3200000000000000067, -2.540000000000000036, -0.9499999999999999556 ) ) ;
#2123 = LINE ( 'NONE', #4047, #3580 ) ;
#2124 = DIRECTION ( 'NONE',  ( -1.000000000000000000, 0.000000000000000000, 0.000000000000000000 ) ) ;
#2125 = DIRECTION ( 'NONE',  ( -1.000000000000000000, 0.000000000000000000, 0.000000000000000000 ) ) ;
#2126 = VERTEX_POINT ( 'NONE', #2327 ) ;
#2127 =( NAMED_UNIT ( * ) SI_UNIT ( $, .STERADIAN. ) SOLID_ANGLE_UNIT ( ) );
#2128 = DIRECTION ( 'NONE',  ( 1.000000000000000000, 0.000000000000000000, 0.000000000000000000 ) ) ;
#2129 = ORIENTED_EDGE ( 'NONE', *, *, #922, .F. ) ;
#2130 = CARTESIAN_POINT ( 'NONE',  ( 8.593125000000000568, 0.000000000000000000, 2.075000000000000178 ) ) ;
#2131 = CARTESIAN_POINT ( 'NONE',  ( 10.48000000000000043, -2.540000000000000036, -0.9499999999999999556 ) ) ;
#2132 = DIRECTION ( 'NONE',  ( -0.8660254037844288266, 0.000000000000000000, 0.5000000000000169864 ) ) ;
#2133 = DIRECTION ( 'NONE',  ( 0.000000000000000000, 0.000000000000000000, -1.000000000000000000 ) ) ;
#2134 = LINE ( 'NONE', #4441, #1301 ) ;
#2135 = ORIENTED_EDGE ( 'NONE', *, *, #5275, .F. ) ;
#2136 = EDGE_CURVE ( 'NONE', #895, #590, #923, .T. ) ;
#2137 = PRESENTATION_STYLE_ASSIGNMENT (( #5430 ) ) ;
#2138 = ITEM_DEFINED_TRANSFORMATION ( 'NONE', 'NONE', #3079,  #2707 ) ;
#2139 = DIRECTION ( 'NONE',  ( -1.000000000000000000, 0.000000000000000000, 0.000000000000000000 ) ) ;
#2140 = DIRECTION ( 'NONE',  ( 1.000000000000000000, 0.000000000000000000, 0.000000000000000000 ) ) ;
#2141 = ORIENTED_EDGE ( 'NONE', *, *, #5321, .F. ) ;
#2142 = ORIENTED_EDGE ( 'NONE', *, *, #4540, .T. ) ;
#2143 = EDGE_CURVE ( 'NONE', #2830, #2403, #5111, .T. ) ;
#2144 = DIRECTION ( 'NONE',  ( 0.000000000000000000, -1.000000000000000000, 0.000000000000000000 ) ) ;
#2145 = LINE ( 'NONE', #3623, #2635 ) ;
#2146 = ORIENTED_EDGE ( 'NONE', *, *, #5092, .F. ) ;
#2147 = DIRECTION ( 'NONE',  ( 0.000000000000000000, -1.000000000000000000, 0.000000000000000000 ) ) ;
#2148 = LINE ( 'NONE', #719, #476 ) ;
#2149 = DIRECTION ( 'NONE',  ( 1.000000000000000000, 0.000000000000000000, 0.000000000000000000 ) ) ;
#2150 = DIRECTION ( 'NONE',  ( -0.8853979028379428406, 0.000000000000000000, -0.4648338989899218343 ) ) ;
#2151 = LINE ( 'NONE', #152, #183 ) ;
#2152 = ORIENTED_EDGE ( 'NONE', *, *, #2444, .F. ) ;
#2153 = ADVANCED_FACE ( 'NONE', ( #2732 ), #322, .T. ) ;
#2154 = LINE ( 'NONE', #187, #1473 ) ;
#2155 = CARTESIAN_POINT ( 'NONE',  ( 9.839999999999999858, 0.000000000000000000, 1.590000000000000080 ) ) ;
#2156 = VERTEX_POINT ( 'NONE', #2264 ) ;
#2157 = DIRECTION ( 'NONE',  ( 0.000000000000000000, -1.000000000000000000, 0.000000000000000000 ) ) ;
#2158 = UNCERTAINTY_MEASURE_WITH_UNIT (LENGTH_MEASURE( 1.000000000000000082E-05 ), #3410, 'distance_accuracy_value', 'NONE');
#2159 = CARTESIAN_POINT ( 'NONE',  ( 4.760000000000000675, -2.540000000000000036, 0.9499999999999999556 ) ) ;
#2160 = FILL_AREA_STYLE ('',( #3517 ) ) ;
#2161 = LINE ( 'NONE', #197, #4118 ) ;
#2162 = VERTEX_POINT ( 'NONE', #4182 ) ;
#2163 = AXIS2_PLACEMENT_3D ( 'NONE', #3413, #4797, #4401 ) ;
#2164 = PLANE ( 'NONE',  #4191 ) ;
#2165 = ITEM_DEFINED_TRANSFORMATION ( 'NONE', 'NONE', #3514,  #5307 ) ;
#2166 = SURFACE_STYLE_FILL_AREA ( #670 ) ;
#2167 = STYLED_ITEM ( 'NONE', ( #4763 ), #2335 ) ;
#2168 = CARTESIAN_POINT ( 'NONE',  ( 9.410000000000000142, -2.540000000000000036, 2.500000000000000000 ) ) ;
#2169 = FACE_BOUND ( 'NONE', #1831, .T. ) ;
#2170 = ORIENTED_EDGE ( 'NONE', *, *, #3093, .T. ) ;
#2171 = EDGE_CURVE ( 'NONE', #1103, #624, #1798, .T. ) ;
#2172 = ORIENTED_EDGE ( 'NONE', *, *, #2143, .F. ) ;
#2173 = VECTOR ( 'NONE', #5361, 1000.000000000000000 ) ;
#2174 = CARTESIAN_POINT ( 'NONE',  ( 0.3200000000000000067, -0.3200000000000000067, -1.639999999999999902 ) ) ;
#2175 = PRODUCT_DEFINITION_FORMATION_WITH_SPECIFIED_SOURCE ( 'ANY', '', #2215, .NOT_KNOWN. ) ;
#2176 = MECHANICAL_DESIGN_GEOMETRIC_PRESENTATION_REPRESENTATION (  '', ( #4589 ), #4495 ) ;
#2177 = VECTOR ( 'NONE', #3509, 1000.000000000000000 ) ;
#2178 = EDGE_CURVE ( 'NONE', #6067, #5420, #33, .T. ) ;
#2179 = CARTESIAN_POINT ( 'NONE',  ( 0.3180000000000000049, 0.3180000000000000049, -0.2000000000000000111 ) ) ;
#2180 = ORIENTED_EDGE ( 'NONE', *, *, #4480, .T. ) ;
#2181 = LINE ( 'NONE', #2591, #5530 ) ;
#2182 = DIRECTION ( 'NONE',  ( -0.8853979028379428406, 0.000000000000000000, 0.4648338989899218343 ) ) ;
#2183 = SHAPE_REPRESENTATION ( 'M20-9740542_asm.stp', ( #680, #3079 ), #375 ) ;
#2184 = EDGE_CURVE ( 'NONE', #3329, #49, #1942, .T. ) ;
#2185 = LINE ( 'NONE', #3125, #2381 ) ;
#2186 = LINE ( 'NONE', #1663, #6000 ) ;
#2187 = DIRECTION ( 'NONE',  ( -0.4648338989899218343, 0.000000000000000000, 0.8853979028379428406 ) ) ;
#2188 = ORIENTED_EDGE ( 'NONE', *, *, #2369, .F. ) ;
#2189 = CARTESIAN_POINT ( 'NONE',  ( -1.169999999999999929, -2.540000000000000036, -1.699999999999999956 ) ) ;
#2190 = FACE_OUTER_BOUND ( 'NONE', #2495, .T. ) ;
#2191 = ORIENTED_EDGE ( 'NONE', *, *, #2523, .T. ) ;
#2192 = PLANE ( 'NONE',  #2868 ) ;
#2193 = EDGE_CURVE ( 'NONE', #233, #3649, #5726, .T. ) ;
#2194 = EDGE_CURVE ( 'NONE', #4911, #4468, #3351, .T. ) ;
#2195 =( GEOMETRIC_REPRESENTATION_CONTEXT ( 3 ) GLOBAL_UNCERTAINTY_ASSIGNED_CONTEXT ( ( #2605 ) ) GLOBAL_UNIT_ASSIGNED_CONTEXT ( ( #3303, #1772, #4688 ) ) REPRESENTATION_CONTEXT ( 'NONE', 'WORKASPACE' ) );
#2196 =( LENGTH_UNIT ( ) NAMED_UNIT ( * ) SI_UNIT ( .MILLI., .METRE. ) );
#2197 = LINE ( 'NONE', #287, #3873 ) ;
#2198 = VECTOR ( 'NONE', #874, 1000.000000000000000 ) ;
#2199 = DIRECTION ( 'NONE',  ( 0.000000000000000000, 0.000000000000000000, 1.000000000000000000 ) ) ;
#2200 = ORIENTED_EDGE ( 'NONE', *, *, #2648, .T. ) ;
#2201 =( GEOMETRIC_REPRESENTATION_CONTEXT ( 3 ) GLOBAL_UNCERTAINTY_ASSIGNED_CONTEXT ( ( #5846 ) ) GLOBAL_UNIT_ASSIGNED_CONTEXT ( ( #1321, #5605, #5101 ) ) REPRESENTATION_CONTEXT ( 'NONE', 'WORKASPACE' ) );
#2202 = CARTESIAN_POINT ( 'NONE',  ( 0.3200000000000000067, 0.3200000000000000067, 0.9399999999999999467 ) ) ;
#2203 = AXIS2_PLACEMENT_3D ( 'NONE', #5026, #1266, #1653 ) ;
#2204 = VECTOR ( 'NONE', #1207, 1000.000000000000114 ) ;
#2205 = CARTESIAN_POINT ( 'NONE',  ( 0.3200000000000000067, -1.320000000000000062, -6.320000000000000284 ) ) ;
#2206 = DIRECTION ( 'NONE',  ( -0.8660254037844288266, 0.000000000000000000, 0.5000000000000169864 ) ) ;
#2207 = DIRECTION ( 'NONE',  ( 0.4648338989899218343, 0.000000000000000000, 0.8853979028379427296 ) ) ;
#2208 = ORIENTED_EDGE ( 'NONE', *, *, #876, .T. ) ;
#2209 = EDGE_LOOP ( 'NONE', ( #747, #3569, #1129, #5520 ) ) ;
#2210 = PLANE ( 'NONE',  #6087 ) ;
#2211 = COLOUR_RGB ( '',0.9254901960784314152, 0.9254901960784314152, 0.9254901960784314152 ) ;
#2212 = CARTESIAN_POINT ( 'NONE',  ( -0.1950000000000000067, -4.270000000000000462, -3.154999999999999805 ) ) ;
#2213 = ORIENTED_EDGE ( 'NONE', *, *, #1316, .F. ) ;
#2214 = PLANE ( 'NONE',  #2287 ) ;
#2215 = PRODUCT ( 'M20-974-PIN2.stp', 'M20-974-PIN2.stp', '', ( #3488 ) ) ;
#2216 = FACE_OUTER_BOUND ( 'NONE', #4189, .T. ) ;
#2217 = EDGE_CURVE ( 'NONE', #950, #717, #2917, .T. ) ;
#2218 = ADVANCED_FACE ( 'NONE', ( #3323 ), #1479, .T. ) ;
#2219 = CARTESIAN_POINT ( 'NONE',  ( -1.169999999999999929, -2.339999999999999858, -1.699999999999999956 ) ) ;
#2220 = COLOUR_RGB ( '',0.9254901960784314152, 0.9254901960784314152, 0.9254901960784314152 ) ;
#2221 = CARTESIAN_POINT ( 'NONE',  ( -0.3200000000000000067, 0.3200000000000000067, 0.9399999999999999467 ) ) ;
#2222 = PLANE ( 'NONE',  #3714 ) ;
#2223 = ORIENTED_EDGE ( 'NONE', *, *, #1356, .T. ) ;
#2224 =( LENGTH_UNIT ( ) NAMED_UNIT ( * ) SI_UNIT ( .MILLI., .METRE. ) );
#2225 = LINE ( 'NONE', #6105, #1710 ) ;
#2226 = VERTEX_POINT ( 'NONE', #475 ) ;
#2227 = DIRECTION ( 'NONE',  ( 0.000000000000000000, -1.000000000000000000, 0.000000000000000000 ) ) ;
#2228 = EDGE_CURVE ( 'NONE', #4572, #5494, #97, .T. ) ;
#2229 = DIRECTION ( 'NONE',  ( 1.000000000000000000, 0.000000000000000000, 0.000000000000000000 ) ) ;
#2230 = LINE ( 'NONE', #701, #2463 ) ;
#2231 = CARTESIAN_POINT ( 'NONE',  ( 9.410000000000000142, 0.000000000000000000, 2.500000000000000000 ) ) ;
#2232 = ORIENTED_EDGE ( 'NONE', *, *, #5513, .T. ) ;
#2233 = PRODUCT_DEFINITION ( 'UNKNOWN', '', #2175, #3330 ) ;
#2234 = LINE ( 'NONE', #3291, #2973 ) ;
#2235 = CARTESIAN_POINT ( 'NONE',  ( 3.290000000000000036, 0.000000000000000000, -2.500000000000000000 ) ) ;
#2236 = SHAPE_DEFINITION_REPRESENTATION ( #4627, #5622 ) ;
#2237 = LINE ( 'NONE', #420, #2321 ) ;
#2238 = VECTOR ( 'NONE', #3560, 1000.000000000000000 ) ;
#2239 = DIRECTION ( 'NONE',  ( 0.000000000000000000, -1.000000000000000000, 0.000000000000000000 ) ) ;
#2240 = VERTEX_POINT ( 'NONE', #3896 ) ;
#2241 = ORIENTED_EDGE ( 'NONE', *, *, #4605, .T. ) ;
#2242 = CARTESIAN_POINT ( 'NONE',  ( 7.939999999999999503, -0.2500000000000000000, 1.590000000000000080 ) ) ;
#2243 = VERTEX_POINT ( 'NONE', #6 ) ;
#2244 = CARTESIAN_POINT ( 'NONE',  ( 6.250000000000000000, -2.339999999999999858, -1.699999999999999956 ) ) ;
#2245 = PLANE ( 'NONE',  #2479 ) ;
#2246 = LINE ( 'NONE', #4731, #5901 ) ;
#2247 = LINE ( 'NONE', #4986, #3296 ) ;
#2248 = ORIENTED_EDGE ( 'NONE', *, *, #427, .T. ) ;
#2249 = ADVANCED_FACE ( 'NONE', ( #570 ), #5820, .F. ) ;
#2250 = FACE_OUTER_BOUND ( 'NONE', #1151, .T. ) ;
#2251 = EDGE_LOOP ( 'NONE', ( #4278, #5367, #4967, #2800 ) ) ;
#2252 = DIRECTION ( 'NONE',  ( 1.000000000000000000, 0.000000000000000000, 0.000000000000000000 ) ) ;
#2253 =( LENGTH_UNIT ( ) NAMED_UNIT ( * ) SI_UNIT ( .MILLI., .METRE. ) );
#2254 = FACE_OUTER_BOUND ( 'NONE', #2277, .T. ) ;
#2255 = SHAPE_REPRESENTATION ( 'M20-97405_MOULD.stp', ( #5307 ), #3308 ) ;
#2256 = SURFACE_STYLE_FILL_AREA ( #3227 ) ;
#2257 = EDGE_CURVE ( 'NONE', #3234, #2823, #1049, .T. ) ;
#2258 =( NAMED_UNIT ( * ) PLANE_ANGLE_UNIT ( ) SI_UNIT ( $, .RADIAN. ) );
#2259 = ORIENTED_EDGE ( 'NONE', *, *, #4930, .T. ) ;
#2260 =( NAMED_UNIT ( * ) PLANE_ANGLE_UNIT ( ) SI_UNIT ( $, .RADIAN. ) );
#2261 = MANIFOLD_SOLID_BREP ( 'M20-9740542_asm.stp<1>', #5495 ) ;
#2262 = UNCERTAINTY_MEASURE_WITH_UNIT (LENGTH_MEASURE( 1.000000000000000082E-05 ), #3181, 'distance_accuracy_value', 'NONE');
#2263 = EDGE_CURVE ( 'NONE', #2766, #4178, #1851, .T. ) ;
#2264 = CARTESIAN_POINT ( 'NONE',  ( -0.1950000000000000067, -0.1950000000000000067, 6.740000000000000213 ) ) ;
#2265 = CONTEXT_DEPENDENT_SHAPE_REPRESENTATION ( #4063, #6009 ) ;
#2266 =( LENGTH_UNIT ( ) NAMED_UNIT ( * ) SI_UNIT ( .MILLI., .METRE. ) );
#2267 = ORIENTED_EDGE ( 'NONE', *, *, #3106, .F. ) ;
#2268 = VECTOR ( 'NONE', #4439, 1000.000000000000000 ) ;
#2269 = VERTEX_POINT ( 'NONE', #1075 ) ;
#2270 = UNCERTAINTY_MEASURE_WITH_UNIT (LENGTH_MEASURE( 1.000000000000000082E-05 ), #2253, 'distance_accuracy_value', 'NONE');
#2271 =( GEOMETRIC_REPRESENTATION_CONTEXT ( 3 ) GLOBAL_UNCERTAINTY_ASSIGNED_CONTEXT ( ( #3293 ) ) GLOBAL_UNIT_ASSIGNED_CONTEXT ( ( #1667, #5476, #2127 ) ) REPRESENTATION_CONTEXT ( 'NONE', 'WORKASPACE' ) );
#2272 = EDGE_CURVE ( 'NONE', #3533, #2126, #4736, .T. ) ;
#2273 = CARTESIAN_POINT ( 'NONE',  ( -1.270000000000000018, -0.2500000000000000000, -1.699999999999999956 ) ) ;
#2274 = VERTEX_POINT ( 'NONE', #1417 ) ;
#2275 = DIRECTION ( 'NONE',  ( -0.4648338989899218343, 0.000000000000000000, 0.8853979028379427296 ) ) ;
#2276 = VECTOR ( 'NONE', #4645, 1000.000000000000000 ) ;
#2277 = EDGE_LOOP ( 'NONE', ( #5001, #5712, #2396, #3655 ) ) ;
#2278 = STYLED_ITEM ( 'NONE', ( #4436 ), #2261 ) ;
#2279 = CARTESIAN_POINT ( 'NONE',  ( 1.169999999999999929, -2.540000000000000036, 1.699999999999999956 ) ) ;
#2280 = DIRECTION ( 'NONE',  ( 0.000000000000000000, -1.000000000000000000, 0.000000000000000000 ) ) ;
#2281 = CARTESIAN_POINT ( 'NONE',  ( 2.860000000000000320, -0.2500000000000000000, 0.9499999999999999556 ) ) ;
#2282 = ORIENTED_EDGE ( 'NONE', *, *, #1662, .F. ) ;
#2283 =( NAMED_UNIT ( * ) SI_UNIT ( $, .STERADIAN. ) SOLID_ANGLE_UNIT ( ) );
#2284 = ORIENTED_EDGE ( 'NONE', *, *, #3839, .T. ) ;
#2285 = CARTESIAN_POINT ( 'NONE',  ( 1.369999999999999885, -2.540000000000000036, -1.699999999999999956 ) ) ;
#2286 = VECTOR ( 'NONE', #1779, 1000.000000000000000 ) ;
#2287 = AXIS2_PLACEMENT_3D ( 'NONE', #4134, #2775, #2309 ) ;
#2288 = EDGE_CURVE ( 'NONE', #3634, #5028, #3766, .T. ) ;
#2289 = DIRECTION ( 'NONE',  ( 0.000000000000000000, 0.000000000000000000, -1.000000000000000000 ) ) ;
#2290 = PLANE ( 'NONE',  #3504 ) ;
#2291 = ORIENTED_EDGE ( 'NONE', *, *, #6135, .T. ) ;
#2292 = DIRECTION ( 'NONE',  ( 0.4472135954999780783, -0.4472135954999780783, -0.7745966692414600896 ) ) ;
#2293 = MANIFOLD_SOLID_BREP ( 'M20-9740542_asm.stp<1>', #4705 ) ;
#2294 = STYLED_ITEM ( 'NONE', ( #862 ), #5209 ) ;
#2295 = EDGE_CURVE ( 'NONE', #1198, #1956, #4362, .T. ) ;
#2296 = CARTESIAN_POINT ( 'NONE',  ( 0.3200000000000000067, -2.540000000000000036, -0.9499999999999999556 ) ) ;
#2297 = EDGE_CURVE ( 'NONE', #3901, #4733, #5230, .T. ) ;
#2298 = DIRECTION ( 'NONE',  ( 0.000000000000000000, -1.000000000000000000, 0.000000000000000000 ) ) ;
#2299 = COLOUR_RGB ( '',0.9254901960784314152, 0.9254901960784314152, 0.9254901960784314152 ) ;
#2300 = DIRECTION ( 'NONE',  ( 0.000000000000000000, 0.000000000000000000, 1.000000000000000000 ) ) ;
#2301 = VECTOR ( 'NONE', #2922, 1000.000000000000000 ) ;
#2302 = EDGE_LOOP ( 'NONE', ( #3426, #4662, #2673, #4701 ) ) ;
#2303 = CARTESIAN_POINT ( 'NONE',  ( 2.540000000000000036, -1.600000000000000089, -1.270000000000000018 ) ) ;
#2304 = CARTESIAN_POINT ( 'NONE',  ( 0.3200000000000000067, -1.320000000000000062, -2.640000000000000124 ) ) ;
#2305 = EDGE_LOOP ( 'NONE', ( #2050, #3684, #3940, #1927 ) ) ;
#2306 = EDGE_CURVE ( 'NONE', #1201, #592, #2940, .T. ) ;
#2307 = ORIENTED_EDGE ( 'NONE', *, *, #4270, .F. ) ;
#2308 = VERTEX_POINT ( 'NONE', #4269 ) ;
#2309 = DIRECTION ( 'NONE',  ( 0.000000000000000000, 0.000000000000000000, -1.000000000000000000 ) ) ;
#2310 = PLANE ( 'NONE',  #5182 ) ;
#2311 = EDGE_CURVE ( 'NONE', #1789, #760, #5197, .T. ) ;
#2312 = DIRECTION ( 'NONE',  ( 0.000000000000000000, -1.000000000000000000, 0.000000000000000000 ) ) ;
#2313 =( GEOMETRIC_REPRESENTATION_CONTEXT ( 3 ) GLOBAL_UNCERTAINTY_ASSIGNED_CONTEXT ( ( #1401 ) ) GLOBAL_UNIT_ASSIGNED_CONTEXT ( ( #918, #4738, #3924 ) ) REPRESENTATION_CONTEXT ( 'NONE', 'WORKASPACE' ) );
#2314 = ORIENTED_EDGE ( 'NONE', *, *, #68, .F. ) ;
#2315 = CARTESIAN_POINT ( 'NONE',  ( 6.053125000000000533, 0.000000000000000000, 2.075000000000000178 ) ) ;
#2316 = ORIENTED_EDGE ( 'NONE', *, *, #1469, .F. ) ;
#2317 = CARTESIAN_POINT ( 'NONE',  ( 0.000000000000000000, 0.000000000000000000, 0.000000000000000000 ) ) ;
#2318 = DIRECTION ( 'NONE',  ( 0.4648338989899218343, 0.000000000000000000, 0.8853979028379427296 ) ) ;
#2319 = VECTOR ( 'NONE', #1556, 1000.000000000000000 ) ;
#2320 = CARTESIAN_POINT ( 'NONE',  ( 7.299999999999999822, -2.540000000000000036, -1.590000000000000080 ) ) ;
#2321 = VECTOR ( 'NONE', #2763, 1000.000000000000000 ) ;
#2322 = CARTESIAN_POINT ( 'NONE',  ( 8.990000000000000213, -2.540000000000000036, -1.699999999999999956 ) ) ;
#2323 = DIRECTION ( 'NONE',  ( -1.000000000000000000, 0.000000000000000000, 0.000000000000000000 ) ) ;
#2324 = VERTEX_POINT ( 'NONE', #2820 ) ;
#2325 = CARTESIAN_POINT ( 'NONE',  ( 0.3200000000000000067, -2.540000000000000036, -1.590000000000000080 ) ) ;
#2326 = UNCERTAINTY_MEASURE_WITH_UNIT (LENGTH_MEASURE( 1.000000000000000082E-05 ), #748, 'distance_accuracy_value', 'NONE');
#2327 = CARTESIAN_POINT ( 'NONE',  ( 2.220000000000000195, -2.540000000000000036, -0.9499999999999999556 ) ) ;
#2328 = LINE ( 'NONE', #3745, #2516 ) ;
#2329 = ORIENTED_EDGE ( 'NONE', *, *, #4777, .T. ) ;
#2330 =( GEOMETRIC_REPRESENTATION_CONTEXT ( 3 ) GLOBAL_UNCERTAINTY_ASSIGNED_CONTEXT ( ( #4713 ) ) GLOBAL_UNIT_ASSIGNED_CONTEXT ( ( #4455, #718, #3503 ) ) REPRESENTATION_CONTEXT ( 'NONE', 'WORKASPACE' ) );
#2331 = ORIENTED_EDGE ( 'NONE', *, *, #5928, .T. ) ;
#2332 = EDGE_CURVE ( 'NONE', #6051, #3329, #532, .T. ) ;
#2333 = UNCERTAINTY_MEASURE_WITH_UNIT (LENGTH_MEASURE( 1.000000000000000082E-05 ), #2384, 'distance_accuracy_value', 'NONE');
#2334 = CARTESIAN_POINT ( 'NONE',  ( 7.620000000000000107, -1.600000000000000089, -1.270000000000000018 ) ) ;
#2335 = MANIFOLD_SOLID_BREP ( 'M20-9740542_asm.stp<1>', #1499 ) ;
#2336 = EDGE_CURVE ( 'NONE', #6103, #2989, #1602, .T. ) ;
#2337 = SURFACE_SIDE_STYLE ('',( #899 ) ) ;
#2338 = ORIENTED_EDGE ( 'NONE', *, *, #2178, .F. ) ;
#2339 = VERTEX_POINT ( 'NONE', #3889 ) ;
#2340 = DIRECTION ( 'NONE',  ( 0.000000000000000000, 0.000000000000000000, -1.000000000000000000 ) ) ;
#2341 = ADVANCED_FACE ( 'NONE', ( #4017 ), #1067, .T. ) ;
#2342 = CARTESIAN_POINT ( 'NONE',  ( 1.369999999999999885, -2.540000000000000036, -1.699999999999999956 ) ) ;
#2343 = LINE ( 'NONE', #4290, #4902 ) ;
#2344 = ORIENTED_EDGE ( 'NONE', *, *, #3401, .T. ) ;
#2345 = DIRECTION ( 'NONE',  ( -1.000000000000000000, 0.000000000000000000, 0.000000000000000000 ) ) ;
#2346 = LINE ( 'NONE', #1379, #510 ) ;
#2347 = VERTEX_POINT ( 'NONE', #2002 ) ;
#2348 = CARTESIAN_POINT ( 'NONE',  ( -0.9731250000000000178, -0.2500000000000000000, -2.075000000000000178 ) ) ;
#2349 = CARTESIAN_POINT ( 'NONE',  ( -2.540000000000000036, 0.000000000000000000, 2.075000000000000178 ) ) ;
#2350 = DIRECTION ( 'NONE',  ( 0.000000000000000000, 0.000000000000000000, 1.000000000000000000 ) ) ;
#2351 = FACE_OUTER_BOUND ( 'NONE', #726, .T. ) ;
#2352 = SURFACE_SIDE_STYLE ('',( #3832 ) ) ;
#2353 = FACE_OUTER_BOUND ( 'NONE', #5999, .T. ) ;
#2354 = FILL_AREA_STYLE ('',( #4766 ) ) ;
#2355 = VERTEX_POINT ( 'NONE', #4516 ) ;
#2356 = DIRECTION ( 'NONE',  ( -1.000000000000000000, 0.000000000000000000, 0.000000000000000000 ) ) ;
#2357 = FACE_OUTER_BOUND ( 'NONE', #5068, .T. ) ;
#2358 = LINE ( 'NONE', #3931, #4915 ) ;
#2359 = CARTESIAN_POINT ( 'NONE',  ( 1.369999999999999885, -2.540000000000000036, 1.699999999999999956 ) ) ;
#2360 = ORIENTED_EDGE ( 'NONE', *, *, #2847, .F. ) ;
#2361 = EDGE_CURVE ( 'NONE', #5528, #1179, #2965, .T. ) ;
#2362 = DIRECTION ( 'NONE',  ( 0.000000000000000000, 0.000000000000000000, -1.000000000000000000 ) ) ;
#2363 = VECTOR ( 'NONE', #2012, 1000.000000000000000 ) ;
#2364 = VERTEX_POINT ( 'NONE', #720 ) ;
#2365 = ORIENTED_EDGE ( 'NONE', *, *, #1011, .F. ) ;
#2366 = ORIENTED_EDGE ( 'NONE', *, *, #5900, .T. ) ;
#2367 = LINE ( 'NONE', #3785, #1595 ) ;
#2368 = VECTOR ( 'NONE', #5841, 1000.000000000000000 ) ;
#2369 = EDGE_CURVE ( 'NONE', #624, #5816, #5005, .T. ) ;
#2370 = LINE ( 'NONE', #907, #509 ) ;
#2371 = VECTOR ( 'NONE', #1820, 1000.000000000000000 ) ;
#2372 = ORIENTED_EDGE ( 'NONE', *, *, #4334, .T. ) ;
#2373 = CARTESIAN_POINT ( 'NONE',  ( -1.169999999999999929, -2.540000000000000036, -1.699999999999999956 ) ) ;
#2374 = VECTOR ( 'NONE', #3838, 1000.000000000000000 ) ;
#2375 = CARTESIAN_POINT ( 'NONE',  ( -0.3185000000000000053, 0.3185000000000000053, 6.526091725265000143 ) ) ;
#2376 = ORIENTED_EDGE ( 'NONE', *, *, #4181, .T. ) ;
#2377 = DIRECTION ( 'NONE',  ( -1.000000000000000000, 0.000000000000000000, 0.000000000000000000 ) ) ;
#2378 = DIRECTION ( 'NONE',  ( 0.000000000000000000, -1.000000000000000000, 0.000000000000000000 ) ) ;
#2379 = DIRECTION ( 'NONE',  ( 0.4648338989899218343, 0.000000000000000000, 0.8853979028379427296 ) ) ;
#2380 = EDGE_CURVE ( 'NONE', #2274, #590, #1135, .T. ) ;
#2381 = VECTOR ( 'NONE', #3215, 1000.000000000000000 ) ;
#2382 = SURFACE_SIDE_STYLE ('',( #1041 ) ) ;
#2383 = CARTESIAN_POINT ( 'NONE',  ( 0.1950000000000000067, -6.810000000000000497, -6.834999999999999964 ) ) ;
#2384 =( LENGTH_UNIT ( ) NAMED_UNIT ( * ) SI_UNIT ( .MILLI., .METRE. ) );
#2385 = COLOUR_RGB ( '',0.9254901960784314152, 0.9254901960784314152, 0.9254901960784314152 ) ;
#2386 = AXIS2_PLACEMENT_3D ( 'NONE', #2565, #1197, #630 ) ;
#2387 =( NAMED_UNIT ( * ) PLANE_ANGLE_UNIT ( ) SI_UNIT ( $, .RADIAN. ) );
#2388 = DIRECTION ( 'NONE',  ( 0.000000000000000000, -1.000000000000000000, 0.000000000000000000 ) ) ;
#2389 = ORIENTED_EDGE ( 'NONE', *, *, #724, .T. ) ;
#2390 = DIRECTION ( 'NONE',  ( 1.000000000000000000, 0.000000000000000000, 0.000000000000000000 ) ) ;
#2391 = DIRECTION ( 'NONE',  ( 0.4648338989899218343, 0.000000000000000000, 0.8853979028379427296 ) ) ;
#2392 = VECTOR ( 'NONE', #531, 1000.000000000000000 ) ;
#2393 = PLANE ( 'NONE',  #1527 ) ;
#2394 = PLANE ( 'NONE',  #6058 ) ;
#2395 = FILL_AREA_STYLE_COLOUR ( '', #3096 ) ;
#2396 = ORIENTED_EDGE ( 'NONE', *, *, #5154, .T. ) ;
#2397 = CARTESIAN_POINT ( 'NONE',  ( 2.220000000000000195, -0.2500000000000000000, 1.590000000000000080 ) ) ;
#2398 =( GEOMETRIC_REPRESENTATION_CONTEXT ( 3 ) GLOBAL_UNCERTAINTY_ASSIGNED_CONTEXT ( ( #5917 ) ) GLOBAL_UNIT_ASSIGNED_CONTEXT ( ( #3934, #1550, #607 ) ) REPRESENTATION_CONTEXT ( 'NONE', 'WORKASPACE' ) );
#2399 = CARTESIAN_POINT ( 'NONE',  ( 5.080000000000000071, -2.540000000000000036, 0.000000000000000000 ) ) ;
#2400 = DIRECTION ( 'NONE',  ( 0.000000000000000000, -1.000000000000000000, 0.000000000000000000 ) ) ;
#2401 = ORIENTED_EDGE ( 'NONE', *, *, #4034, .T. ) ;
#2402 = ORIENTED_EDGE ( 'NONE', *, *, #1126, .F. ) ;
#2403 = VERTEX_POINT ( 'NONE', #3952 ) ;
#2404 = AXIS2_PLACEMENT_3D ( 'NONE', #4177, #5610, #1328 ) ;
#2405 = VECTOR ( 'NONE', #2239, 1000.000000000000000 ) ;
#2406 = DIRECTION ( 'NONE',  ( 1.000000000000000000, 0.000000000000000000, 0.000000000000000000 ) ) ;
#2407 = ORIENTED_EDGE ( 'NONE', *, *, #2114, .F. ) ;
#2408 = VECTOR ( 'NONE', #5711, 1000.000000000000000 ) ;
#2409 = DIRECTION ( 'NONE',  ( -1.000000000000000000, 0.000000000000000000, 0.000000000000000000 ) ) ;
#2410 = ORIENTED_EDGE ( 'NONE', *, *, #114, .F. ) ;
#2411 = SURFACE_SIDE_STYLE ('',( #3854 ) ) ;
#2412 = DIRECTION ( 'NONE',  ( 0.000000000000000000, 1.000000000000000000, 0.000000000000000000 ) ) ;
#2413 = FILL_AREA_STYLE ('',( #499 ) ) ;
#2414 = EDGE_CURVE ( 'NONE', #2126, #1608, #1636, .T. ) ;
#2415 = CARTESIAN_POINT ( 'NONE',  ( 1.169999999999999929, -0.2500000000000000000, -1.699999999999999956 ) ) ;
#2416 = AXIS2_PLACEMENT_3D ( 'NONE', #1859, #992, #13 ) ;
#2417 = EDGE_CURVE ( 'NONE', #645, #5028, #2123, .T. ) ;
#2418 = DIRECTION ( 'NONE',  ( 1.000000000000000000, 0.000000000000000000, 0.000000000000000000 ) ) ;
#2419 = LINE ( 'NONE', #2033, #771 ) ;
#2420 = SURFACE_STYLE_FILL_AREA ( #2354 ) ;
#2421 = ORIENTED_EDGE ( 'NONE', *, *, #4496, .T. ) ;
#2422 = VECTOR ( 'NONE', #3049, 1000.000000000000000 ) ;
#2423 = DIRECTION ( 'NONE',  ( 0.4472135954999780783, 0.4472135954999780783, -0.7745966692414600896 ) ) ;
#2424 = EDGE_CURVE ( 'NONE', #2355, #3172, #2030, .T. ) ;
#2425 = AXIS2_PLACEMENT_3D ( 'NONE', #1944, #477, #1916 ) ;
#2426 = FILL_AREA_STYLE_COLOUR ( '', #2220 ) ;
#2427 = PRODUCT_RELATED_PRODUCT_CATEGORY ( 'part', '', ( #2215 ) ) ;
#2428 = LINE ( 'NONE', #1020, #3195 ) ;
#2429 =( NAMED_UNIT ( * ) PLANE_ANGLE_UNIT ( ) SI_UNIT ( $, .RADIAN. ) );
#2430 = ORIENTED_EDGE ( 'NONE', *, *, #1839, .T. ) ;
#2431 = LINE ( 'NONE', #2015, #879 ) ;
#2432 = CARTESIAN_POINT ( 'NONE',  ( 4.330000000000000071, -2.540000000000000036, 2.500000000000000000 ) ) ;
#2433 = VECTOR ( 'NONE', #4644, 1000.000000000000000 ) ;
#2434 = ORIENTED_EDGE ( 'NONE', *, *, #3675, .T. ) ;
#2435 = ORIENTED_EDGE ( 'NONE', *, *, #1093, .T. ) ;
#2436 = EDGE_LOOP ( 'NONE', ( #3054, #5493, #1808, #460 ) ) ;
#2437 = ORIENTED_EDGE ( 'NONE', *, *, #5884, .F. ) ;
#2438 = SURFACE_STYLE_FILL_AREA ( #5312 ) ;
#2439 = EDGE_LOOP ( 'NONE', ( #3029, #1403, #4283, #2241 ) ) ;
#2440 = SURFACE_STYLE_FILL_AREA ( #4876 ) ;
#2441 = DIRECTION ( 'NONE',  ( 0.000000000000000000, 0.000000000000000000, -1.000000000000000000 ) ) ;
#2442 = SURFACE_STYLE_FILL_AREA ( #2413 ) ;
#2443 = SURFACE_SIDE_STYLE ('',( #5719 ) ) ;
#2444 = EDGE_CURVE ( 'NONE', #596, #330, #184, .T. ) ;
#2445 = LINE ( 'NONE', #481, #4717 ) ;
#2446 =( NAMED_UNIT ( * ) SI_UNIT ( $, .STERADIAN. ) SOLID_ANGLE_UNIT ( ) );
#2447 = ORIENTED_EDGE ( 'NONE', *, *, #123, .F. ) ;
#2448 = SURFACE_STYLE_USAGE ( .BOTH. , #3010 ) ;
#2449 =( NAMED_UNIT ( * ) SI_UNIT ( $, .STERADIAN. ) SOLID_ANGLE_UNIT ( ) );
#2450 = ADVANCED_FACE ( 'NONE', ( #4909 ), #5381, .F. ) ;
#2451 = LINE ( 'NONE', #986, #1570 ) ;
#2452 = VERTEX_POINT ( 'NONE', #4879 ) ;
#2453 = CARTESIAN_POINT ( 'NONE',  ( 11.33000000000000007, -0.2500000000000000000, 1.699999999999999956 ) ) ;
#2454 = ORIENTED_EDGE ( 'NONE', *, *, #4892, .F. ) ;
#2455 = EDGE_CURVE ( 'NONE', #2936, #5843, #3537, .T. ) ;
#2456 = LINE ( 'NONE', #3357, #1280 ) ;
#2457 = DIRECTION ( 'NONE',  ( 0.000000000000000000, 0.000000000000000000, -1.000000000000000000 ) ) ;
#2458 = DIRECTION ( 'NONE',  ( 1.000000000000000000, 0.000000000000000000, 0.000000000000000000 ) ) ;
#2459 = ORIENTED_EDGE ( 'NONE', *, *, #3134, .T. ) ;
#2460 = VERTEX_POINT ( 'NONE', #2628 ) ;
#2461 = ORIENTED_EDGE ( 'NONE', *, *, #4255, .T. ) ;
#2462 = EDGE_CURVE ( 'NONE', #3853, #3143, #5907, .T. ) ;
#2463 = VECTOR ( 'NONE', #1235, 1000.000000000000000 ) ;
#2464 = ORIENTED_EDGE ( 'NONE', *, *, #5054, .T. ) ;
#2465 = CARTESIAN_POINT ( 'NONE',  ( 6.053125000000000533, 0.000000000000000000, -2.075000000000000178 ) ) ;
#2466 = EDGE_LOOP ( 'NONE', ( #4719, #5186, #2213, #260 ) ) ;
#2467 = DIRECTION ( 'NONE',  ( 0.000000000000000000, -1.000000000000000000, 0.000000000000000000 ) ) ;
#2468 =( GEOMETRIC_REPRESENTATION_CONTEXT ( 3 ) GLOBAL_UNCERTAINTY_ASSIGNED_CONTEXT ( ( #4489 ) ) GLOBAL_UNIT_ASSIGNED_CONTEXT ( ( #1474, #3955, #2446 ) ) REPRESENTATION_CONTEXT ( 'NONE', 'WORKASPACE' ) );
#2469 = FACE_OUTER_BOUND ( 'NONE', #2674, .T. ) ;
#2470 = DIRECTION ( 'NONE',  ( 1.000000000000000000, 0.000000000000000000, 0.000000000000000000 ) ) ;
#2471 = DIRECTION ( 'NONE',  ( 0.000000000000000000, -1.000000000000000000, 0.000000000000000000 ) ) ;
#2472 = VECTOR ( 'NONE', #601, 1000.000000000000000 ) ;
#2473 = LINE ( 'NONE', #27, #308 ) ;
#2474 = VERTEX_POINT ( 'NONE', #89 ) ;
#2475 =( NAMED_UNIT ( * ) PLANE_ANGLE_UNIT ( ) SI_UNIT ( $, .RADIAN. ) );
#2476 = DIRECTION ( 'NONE',  ( 0.000000000000000000, 0.000000000000000000, -1.000000000000000000 ) ) ;
#2477 = ORIENTED_EDGE ( 'NONE', *, *, #1736, .F. ) ;
#2478 = PRESENTATION_LAYER_ASSIGNMENT (  '', '', ( #5175 ) ) ;
#2479 = AXIS2_PLACEMENT_3D ( 'NONE', #839, #276, #1343 ) ;
#2480 = PRODUCT_DEFINITION_FORMATION_WITH_SPECIFIED_SOURCE ( 'ANY', '', #2762, .NOT_KNOWN. ) ;
#2481 = VECTOR ( 'NONE', #3214, 1000.000000000000000 ) ;
#2482 = CARTESIAN_POINT ( 'NONE',  ( 0.7500000000000000000, 0.000000000000000000, 2.500000000000000000 ) ) ;
#2483 = LINE ( 'NONE', #3993, #2861 ) ;
#2484 = DIRECTION ( 'NONE',  ( 0.4648338989899218343, 0.000000000000000000, -0.8853979028379427296 ) ) ;
#2485 = ORIENTED_EDGE ( 'NONE', *, *, #2523, .F. ) ;
#2486 = COLOUR_RGB ( '',1.000000000000000000, 0.8078431372549019773, 0.4588235294117646856 ) ;
#2487 = EDGE_CURVE ( 'NONE', #5028, #4538, #2504, .T. ) ;
#2488 = ADVANCED_FACE ( 'NONE', ( #5812 ), #1160, .F. ) ;
#2489 = DIRECTION ( 'NONE',  ( 0.000000000000000000, 0.000000000000000000, 1.000000000000000000 ) ) ;
#2490 = APPLICATION_PROTOCOL_DEFINITION ( 'draft international standard', 'automotive_design', 1998, #2569 ) ;
#2491 = LINE ( 'NONE', #2046, #2915 ) ;
#2492 = CARTESIAN_POINT ( 'NONE',  ( 10.48000000000000043, -2.540000000000000036, -1.590000000000000080 ) ) ;
#2493 = ORIENTED_EDGE ( 'NONE', *, *, #3209, .T. ) ;
#2494 = ORIENTED_EDGE ( 'NONE', *, *, #5590, .T. ) ;
#2495 = EDGE_LOOP ( 'NONE', ( #4032, #4995, #1997, #6147, #4750, #4157, #4433, #5931 ) ) ;
#2496 = AXIS2_PLACEMENT_3D ( 'NONE', #1184, #5531, #4041 ) ;
#2497 = VERTEX_POINT ( 'NONE', #4457 ) ;
#2498 = STYLED_ITEM ( 'NONE', ( #2783 ), #145 ) ;
#2499 = FACE_OUTER_BOUND ( 'NONE', #5045, .T. ) ;
#2500 = VERTEX_POINT ( 'NONE', #4427 ) ;
#2501 = ADVANCED_FACE ( 'NONE', ( #3062 ), #124, .T. ) ;
#2502 =( NAMED_UNIT ( * ) PLANE_ANGLE_UNIT ( ) SI_UNIT ( $, .RADIAN. ) );
#2503 = CIRCLE ( 'NONE', #4307, 1.000000000000000000 ) ;
#2504 = LINE ( 'NONE', #1568, #580 ) ;
#2505 = VECTOR ( 'NONE', #3185, 1000.000000000000000 ) ;
#2506 = ORIENTED_EDGE ( 'NONE', *, *, #1126, .T. ) ;
#2507 = CARTESIAN_POINT ( 'NONE',  ( 0.3200000000000000067, -6.593493649053999484, -6.320000000000000284 ) ) ;
#2508 = ORIENTED_EDGE ( 'NONE', *, *, #818, .T. ) ;
#2509 = PRESENTATION_STYLE_ASSIGNMENT (( #2448 ) ) ;
#2510 = SURFACE_STYLE_USAGE ( .BOTH. , #4367 ) ;
#2511 = CARTESIAN_POINT ( 'NONE',  ( 3.290000000000000036, 0.000000000000000000, 2.500000000000000000 ) ) ;
#2512 = MECHANICAL_DESIGN_GEOMETRIC_PRESENTATION_REPRESENTATION (  '', ( #1720 ), #2011 ) ;
#2513 = CARTESIAN_POINT ( 'NONE',  ( 8.370000000000000995, -2.540000000000000036, 2.500000000000000000 ) ) ;
#2514 = DIRECTION ( 'NONE',  ( 0.000000000000000000, 1.000000000000000000, 0.000000000000000000 ) ) ;
#2515 = EDGE_LOOP ( 'NONE', ( #4523, #5058, #5723, #844 ) ) ;
#2516 = VECTOR ( 'NONE', #5668, 1000.000000000000000 ) ;
#2517 = DIRECTION ( 'NONE',  ( 1.000000000000000000, 0.000000000000000000, 0.000000000000000000 ) ) ;
#2518 = ADVANCED_BREP_SHAPE_REPRESENTATION ( '', ( #2293, #5307 ), #5701 ) ;
#2519 = CARTESIAN_POINT ( 'NONE',  ( 0.3200000000000000067, 0.000000000000000000, -0.9499999999999999556 ) ) ;
#2520 = CARTESIAN_POINT ( 'NONE',  ( 10.48000000000000043, 0.000000000000000000, 1.590000000000000080 ) ) ;
#2521 = SURFACE_STYLE_USAGE ( .BOTH. , #613 ) ;
#2522 = ORIENTED_EDGE ( 'NONE', *, *, #6052, .T. ) ;
#2523 = EDGE_CURVE ( 'NONE', #2956, #4781, #779, .T. ) ;
#2524 = VECTOR ( 'NONE', #5984, 1000.000000000000000 ) ;
#2525 = ORIENTED_EDGE ( 'NONE', *, *, #4046, .F. ) ;
#2526 = ORIENTED_EDGE ( 'NONE', *, *, #536, .T. ) ;
#2527 = ADVANCED_FACE ( 'NONE', ( #6097 ), #2245, .T. ) ;
#2528 = ORIENTED_EDGE ( 'NONE', *, *, #655, .T. ) ;
#2529 = ADVANCED_FACE ( 'NONE', ( #5505 ), #3627, .T. ) ;
#2530 = ORIENTED_EDGE ( 'NONE', *, *, #2136, .T. ) ;
#2531 = CARTESIAN_POINT ( 'NONE',  ( 0.3200000000000000067, -0.3200000000000000067, 0.9399999999999999467 ) ) ;
#2532 = EDGE_CURVE ( 'NONE', #3459, #3438, #4202, .T. ) ;
#2533 = DIRECTION ( 'NONE',  ( 0.000000000000000000, -1.000000000000000000, 0.000000000000000000 ) ) ;
#2534 = VECTOR ( 'NONE', #4874, 1000.000000000000000 ) ;
#2535 = LINE ( 'NONE', #1639, #5873 ) ;
#2536 = ORIENTED_EDGE ( 'NONE', *, *, #4716, .F. ) ;
#2537 = CARTESIAN_POINT ( 'NONE',  ( 9.186875000000000568, -0.2500000000000000000, -2.075000000000000178 ) ) ;
#2538 = FACE_OUTER_BOUND ( 'NONE', #3320, .T. ) ;
#2539 = ORIENTED_EDGE ( 'NONE', *, *, #2924, .T. ) ;
#2540 = UNCERTAINTY_MEASURE_WITH_UNIT (LENGTH_MEASURE( 1.000000000000000082E-05 ), #5721, 'distance_accuracy_value', 'NONE');
#2541 = FACE_BOUND ( 'NONE', #198, .T. ) ;
#2542 = UNCERTAINTY_MEASURE_WITH_UNIT (LENGTH_MEASURE( 1.000000000000000082E-05 ), #1953, 'distance_accuracy_value', 'NONE');
#2543 = EDGE_CURVE ( 'NONE', #5906, #5089, #2185, .T. ) ;
#2544 = DIRECTION ( 'NONE',  ( 1.000000000000000000, 0.000000000000000000, 0.000000000000000000 ) ) ;
#2545 = CARTESIAN_POINT ( 'NONE',  ( 4.106875000000000497, 0.000000000000000000, 2.075000000000000178 ) ) ;
#2546 = DIRECTION ( 'NONE',  ( -0.4472135954999780783, -0.4472135954999780783, -0.7745966692414600896 ) ) ;
#2547 = DIRECTION ( 'NONE',  ( 0.000000000000000000, 1.000000000000000000, 0.000000000000000000 ) ) ;
#2548 = ORIENTED_EDGE ( 'NONE', *, *, #1620, .F. ) ;
#2549 = SURFACE_SIDE_STYLE ('',( #3612 ) ) ;
#2550 = DIRECTION ( 'NONE',  ( -1.000000000000000000, 0.000000000000000000, 0.000000000000000000 ) ) ;
#2551 = CARTESIAN_POINT ( 'NONE',  ( 3.513125000000000053, 0.000000000000000000, 2.075000000000000178 ) ) ;
#2552 =( NAMED_UNIT ( * ) SI_UNIT ( $, .STERADIAN. ) SOLID_ANGLE_UNIT ( ) );
#2553 = ORIENTED_EDGE ( 'NONE', *, *, #4451, .T. ) ;
#2554 = ORIENTED_EDGE ( 'NONE', *, *, #517, .F. ) ;
#2555 = ORIENTED_EDGE ( 'NONE', *, *, #2795, .T. ) ;
#2556 = EDGE_CURVE ( 'NONE', #5403, #4905, #3730, .T. ) ;
#2557 = CARTESIAN_POINT ( 'NONE',  ( -0.1950000000000000067, 0.1950000000000000067, 5.599999999999999645 ) ) ;
#2558 = FACE_OUTER_BOUND ( 'NONE', #2706, .T. ) ;
#2559 = ORIENTED_EDGE ( 'NONE', *, *, #382, .T. ) ;
#2560 = CARTESIAN_POINT ( 'NONE',  ( 2.860000000000000320, -2.540000000000000036, -0.9499999999999999556 ) ) ;
#2561 = FACE_OUTER_BOUND ( 'NONE', #128, .T. ) ;
#2562 = ADVANCED_FACE ( 'NONE', ( #336 ), #5629, .T. ) ;
#2563 = EDGE_CURVE ( 'NONE', #2052, #4038, #3242, .T. ) ;
#2564 = CARTESIAN_POINT ( 'NONE',  ( 6.250000000000000000, -2.540000000000000036, -1.699999999999999956 ) ) ;
#2565 = CARTESIAN_POINT ( 'NONE',  ( 0.000000000000000000, -2.540000000000000036, 0.000000000000000000 ) ) ;
#2566 = VECTOR ( 'NONE', #3262, 1000.000000000000000 ) ;
#2567 = ORIENTED_EDGE ( 'NONE', *, *, #150, .T. ) ;
#2568 = FACE_OUTER_BOUND ( 'NONE', #6138, .T. ) ;
#2569 = APPLICATION_CONTEXT ( 'automotive_design' ) ;
#2570 = DIRECTION ( 'NONE',  ( 0.000000000000000000, -1.000000000000000000, 0.000000000000000000 ) ) ;
#2571 = ORIENTED_EDGE ( 'NONE', *, *, #8, .F. ) ;
#2572 = FILL_AREA_STYLE ('',( #5945 ) ) ;
#2573 = CARTESIAN_POINT ( 'NONE',  ( 3.513125000000000053, -0.2500000000000000000, -2.075000000000000178 ) ) ;
#2574 = VECTOR ( 'NONE', #1039, 1000.000000000000000 ) ;
#2575 =( LENGTH_UNIT ( ) NAMED_UNIT ( * ) SI_UNIT ( .MILLI., .METRE. ) );
#2576 = LINE ( 'NONE', #1500, #4010 ) ;
#2577 =( GEOMETRIC_REPRESENTATION_CONTEXT ( 3 ) GLOBAL_UNCERTAINTY_ASSIGNED_CONTEXT ( ( #4917 ) ) GLOBAL_UNIT_ASSIGNED_CONTEXT ( ( #4301, #4794, #1936 ) ) REPRESENTATION_CONTEXT ( 'NONE', 'WORKASPACE' ) );
#2578 = PLANE ( 'NONE',  #4415 ) ;
#2579 = ORIENTED_EDGE ( 'NONE', *, *, #3739, .F. ) ;
#2580 = VECTOR ( 'NONE', #870, 1000.000000000000000 ) ;
#2581 =( NAMED_UNIT ( * ) PLANE_ANGLE_UNIT ( ) SI_UNIT ( $, .RADIAN. ) );
#2582 = LINE ( 'NONE', #5586, #602 ) ;
#2583 = VERTEX_POINT ( 'NONE', #5064 ) ;
#2584 = ORIENTED_EDGE ( 'NONE', *, *, #3677, .T. ) ;
#2585 = VECTOR ( 'NONE', #5595, 1000.000000000000000 ) ;
#2586 = AXIS2_PLACEMENT_3D ( 'NONE', #4484, #5973, #2187 ) ;
#2587 = VECTOR ( 'NONE', #3284, 1000.000000000000000 ) ;
#2588 = DIRECTION ( 'NONE',  ( 1.000000000000000000, 0.000000000000000000, 0.000000000000000000 ) ) ;
#2589 = FILL_AREA_STYLE ('',( #178 ) ) ;
#2590 = ORIENTED_EDGE ( 'NONE', *, *, #3757, .T. ) ;
#2591 = CARTESIAN_POINT ( 'NONE',  ( 7.939999999999999503, -0.2500000000000000000, -0.9499999999999999556 ) ) ;
#2592 = FACE_OUTER_BOUND ( 'NONE', #3587, .T. ) ;
#2593 = VECTOR ( 'NONE', #1899, 1000.000000000000000 ) ;
#2594 = DIRECTION ( 'NONE',  ( 0.000000000000000000, 0.000000000000000000, 1.000000000000000000 ) ) ;
#2595 = UNCERTAINTY_MEASURE_WITH_UNIT (LENGTH_MEASURE( 1.000000000000000082E-05 ), #133, 'distance_accuracy_value', 'NONE');
#2596 = DIRECTION ( 'NONE',  ( 1.000000000000000000, 0.000000000000000000, 0.000000000000000000 ) ) ;
#2597 = VECTOR ( 'NONE', #1038, 1000.000000000000000 ) ;
#2598 = FILL_AREA_STYLE_COLOUR ( '', #1192 ) ;
#2599 = ORIENTED_EDGE ( 'NONE', *, *, #2065, .F. ) ;
#2600 = CARTESIAN_POINT ( 'NONE',  ( 8.890000000000000568, 0.000000000000000000, 1.699999999999999956 ) ) ;
#2601 = EDGE_CURVE ( 'NONE', #429, #4171, #3150, .T. ) ;
#2602 = PLANE ( 'NONE',  #774 ) ;
#2603 = ORIENTED_EDGE ( 'NONE', *, *, #5794, .F. ) ;
#2604 = FACE_BOUND ( 'NONE', #5324, .T. ) ;
#2605 = UNCERTAINTY_MEASURE_WITH_UNIT (LENGTH_MEASURE( 1.000000000000000082E-05 ), #3303, 'distance_accuracy_value', 'NONE');
#2606 = VECTOR ( 'NONE', #1012, 1000.000000000000000 ) ;
#2607 = ADVANCED_FACE ( 'NONE', ( #5597 ), #4107, .T. ) ;
#2608 = CARTESIAN_POINT ( 'NONE',  ( -0.3200000000000000067, -1.320000000000000062, -6.959999999999999964 ) ) ;
#2609 = SURFACE_SIDE_STYLE ('',( #5076 ) ) ;
#2610 = CARTESIAN_POINT ( 'NONE',  ( 0.3185000000000000053, -0.3185000000000000053, 0.9399999999999999467 ) ) ;
#2611 = CARTESIAN_POINT ( 'NONE',  ( 6.250000000000000000, -0.2500000000000000000, 1.699999999999999956 ) ) ;
#2612 = EDGE_LOOP ( 'NONE', ( #4024, #3277, #3138, #5736 ) ) ;
#2613 = CARTESIAN_POINT ( 'NONE',  ( 0.3180000000000000049, -0.3180000000000000049, -0.2000000000000000111 ) ) ;
#2614 = VECTOR ( 'NONE', #2663, 1000.000000000000000 ) ;
#2615 =( LENGTH_UNIT ( ) NAMED_UNIT ( * ) SI_UNIT ( .MILLI., .METRE. ) );
#2616 = DIRECTION ( 'NONE',  ( -0.4648338989899218343, 0.000000000000000000, -0.8853979028379427296 ) ) ;
#2617 = CARTESIAN_POINT ( 'NONE',  ( 9.839999999999999858, -0.2500000000000000000, 0.9499999999999999556 ) ) ;
#2618 = ORIENTED_EDGE ( 'NONE', *, *, #491, .T. ) ;
#2619 = ORIENTED_EDGE ( 'NONE', *, *, #5734, .T. ) ;
#2620 =( GEOMETRIC_REPRESENTATION_CONTEXT ( 3 ) GLOBAL_UNCERTAINTY_ASSIGNED_CONTEXT ( ( #3990 ) ) GLOBAL_UNIT_ASSIGNED_CONTEXT ( ( #2615, #2581, #2109 ) ) REPRESENTATION_CONTEXT ( 'NONE', 'WORKASPACE' ) );
#2621 = ADVANCED_FACE ( 'NONE', ( #4077 ), #6031, .T. ) ;
#2622 = LINE ( 'NONE', #5000, #5777 ) ;
#2623 = AXIS2_PLACEMENT_3D ( 'NONE', #4406, #4803, #7 ) ;
#2624 =( LENGTH_UNIT ( ) NAMED_UNIT ( * ) SI_UNIT ( .MILLI., .METRE. ) );
#2625 = ORIENTED_EDGE ( 'NONE', *, *, #2100, .F. ) ;
#2626 = FILL_AREA_STYLE_COLOUR ( '', #3429 ) ;
#2627 = CARTESIAN_POINT ( 'NONE',  ( -0.7500000000000000000, -2.540000000000000036, 2.500000000000000000 ) ) ;
#2628 = CARTESIAN_POINT ( 'NONE',  ( -0.3180000000000000049, 0.3180000000000000049, -0.2000000000000000111 ) ) ;
#2629 = PLANE ( 'NONE',  #909 ) ;
#2630 = PLANE ( 'NONE',  #2586 ) ;
#2631 = VERTEX_POINT ( 'NONE', #1223 ) ;
#2632 = FACE_OUTER_BOUND ( 'NONE', #3, .T. ) ;
#2633 = ORIENTED_EDGE ( 'NONE', *, *, #4411, .F. ) ;
#2634 = DIRECTION ( 'NONE',  ( -1.000000000000000000, 0.000000000000000000, 0.000000000000000000 ) ) ;
#2635 = VECTOR ( 'NONE', #5030, 1000.000000000000000 ) ;
#2636 = EDGE_CURVE ( 'NONE', #852, #4122, #1697, .T. ) ;
#2637 = LINE ( 'NONE', #5946, #3421 ) ;
#2638 = DIRECTION ( 'NONE',  ( -1.000000000000000000, 0.000000000000000000, 0.000000000000000000 ) ) ;
#2639 = CARTESIAN_POINT ( 'NONE',  ( 11.13312500000000149, 0.000000000000000000, 2.075000000000000178 ) ) ;
#2640 = CARTESIAN_POINT ( 'NONE',  ( 1.169999999999999929, -2.540000000000000036, 1.699999999999999956 ) ) ;
#2641 = ORIENTED_EDGE ( 'NONE', *, *, #4868, .T. ) ;
#2642 = EDGE_CURVE ( 'NONE', #588, #782, #6004, .T. ) ;
#2643 = DIRECTION ( 'NONE',  ( -0.4472135954999771901, 0.7745966692414611998, 0.4472135954999771901 ) ) ;
#2644 = LINE ( 'NONE', #4564, #3731 ) ;
#2645 = CARTESIAN_POINT ( 'NONE',  ( 5.830000000000000071, -2.540000000000000036, -2.500000000000000000 ) ) ;
#2646 = ORIENTED_EDGE ( 'NONE', *, *, #546, .F. ) ;
#2647 = ORIENTED_EDGE ( 'NONE', *, *, #956, .T. ) ;
#2648 = EDGE_CURVE ( 'NONE', #4188, #6067, #4137, .T. ) ;
#2649 = PLANE ( 'NONE',  #1892 ) ;
#2650 = EDGE_CURVE ( 'NONE', #2080, #1246, #6059, .T. ) ;
#2651 =( NAMED_UNIT ( * ) SI_UNIT ( $, .STERADIAN. ) SOLID_ANGLE_UNIT ( ) );
#2652 = ORIENTED_EDGE ( 'NONE', *, *, #3402, .F. ) ;
#2653 = CARTESIAN_POINT ( 'NONE',  ( 8.789999999999999147, -0.2500000000000000000, -1.699999999999999956 ) ) ;
#2654 = EDGE_CURVE ( 'NONE', #2452, #5320, #5094, .T. ) ;
#2655 = CARTESIAN_POINT ( 'NONE',  ( 5.400000000000000355, 0.000000000000000000, -0.9499999999999999556 ) ) ;
#2656 = CARTESIAN_POINT ( 'NONE',  ( 11.42999999999999972, -0.2500000000000000000, 1.699999999999999956 ) ) ;
#2657 = ORIENTED_EDGE ( 'NONE', *, *, #3728, .F. ) ;
#2658 = FACE_OUTER_BOUND ( 'NONE', #2748, .T. ) ;
#2659 = CARTESIAN_POINT ( 'NONE',  ( 0.1950000000000000067, -4.270000000000000462, -3.154999999999999805 ) ) ;
#2660 = ORIENTED_EDGE ( 'NONE', *, *, #783, .T. ) ;
#2661 =( NAMED_UNIT ( * ) SI_UNIT ( $, .STERADIAN. ) SOLID_ANGLE_UNIT ( ) );
#2662 = AXIS2_PLACEMENT_3D ( 'NONE', #1327, #850, #3253 ) ;
#2663 = DIRECTION ( 'NONE',  ( 0.000000000000000000, -1.000000000000000000, 0.000000000000000000 ) ) ;
#2664 = DIRECTION ( 'NONE',  ( 0.000000000000000000, 0.000000000000000000, -1.000000000000000000 ) ) ;
#2665 = CARTESIAN_POINT ( 'NONE',  ( 6.250000000000000000, -2.540000000000000036, 1.699999999999999956 ) ) ;
#2666 = ORIENTED_EDGE ( 'NONE', *, *, #39, .F. ) ;
#2667 = AXIS2_PLACEMENT_3D ( 'NONE', #5038, #754, #1199 ) ;
#2668 = LINE ( 'NONE', #4094, #3174 ) ;
#2669 = ITEM_DEFINED_TRANSFORMATION ( 'NONE', 'NONE', #812,  #5307 ) ;
#2670 =( NAMED_UNIT ( * ) SI_UNIT ( $, .STERADIAN. ) SOLID_ANGLE_UNIT ( ) );
#2671 = FILL_AREA_STYLE_COLOUR ( '', #1231 ) ;
#2672 = CARTESIAN_POINT ( 'NONE',  ( 10.16000000000000014, -2.540000000000000036, 0.000000000000000000 ) ) ;
#2673 = ORIENTED_EDGE ( 'NONE', *, *, #2023, .F. ) ;
#2674 = EDGE_LOOP ( 'NONE', ( #1497, #586, #1890, #1484 ) ) ;
#2675 = EDGE_CURVE ( 'NONE', #4509, #872, #3902, .T. ) ;
#2676 = ADVANCED_FACE ( 'NONE', ( #4412 ), #1459, .T. ) ;
#2677 = VECTOR ( 'NONE', #3019, 1000.000000000000000 ) ;
#2678 = DIRECTION ( 'NONE',  ( 0.000000000000000000, 0.000000000000000000, -1.000000000000000000 ) ) ;
#2679 = VECTOR ( 'NONE', #539, 1000.000000000000000 ) ;
#2680 =( GEOMETRIC_REPRESENTATION_CONTEXT ( 3 ) GLOBAL_UNCERTAINTY_ASSIGNED_CONTEXT ( ( #2262 ) ) GLOBAL_UNIT_ASSIGNED_CONTEXT ( ( #3181, #3692, #4162 ) ) REPRESENTATION_CONTEXT ( 'NONE', 'WORKASPACE' ) );
#2681 = CARTESIAN_POINT ( 'NONE',  ( 9.410000000000000142, 0.000000000000000000, 2.500000000000000000 ) ) ;
#2682 = ORIENTED_EDGE ( 'NONE', *, *, #3117, .T. ) ;
#2683 = DIRECTION ( 'NONE',  ( 0.000000000000000000, -1.000000000000000000, 0.000000000000000000 ) ) ;
#2684 = CARTESIAN_POINT ( 'NONE',  ( -0.3200000000000000067, -2.540000000000000036, 0.9499999999999999556 ) ) ;
#2685 = AXIS2_PLACEMENT_3D ( 'NONE', #313, #3665, #4143 ) ;
#2686 = CARTESIAN_POINT ( 'NONE',  ( 2.860000000000000320, -0.2500000000000000000, -1.590000000000000080 ) ) ;
#2687 =( REPRESENTATION_RELATIONSHIP ('NONE','NONE', #1553, #5622 ) REPRESENTATION_RELATIONSHIP_WITH_TRANSFORMATION ( #3613 )SHAPE_REPRESENTATION_RELATIONSHIP( ) );
#2688 = CARTESIAN_POINT ( 'NONE',  ( -0.3200000000000000067, 0.3200000000000000067, -0.2000000000000000111 ) ) ;
#2689 = ADVANCED_FACE ( 'NONE', ( #5300 ), #483, .T. ) ;
#2690 = CARTESIAN_POINT ( 'NONE',  ( 2.860000000000000320, -2.540000000000000036, -1.590000000000000080 ) ) ;
#2691 = ORIENTED_EDGE ( 'NONE', *, *, #5671, .T. ) ;
#2692 = VECTOR ( 'NONE', #1365, 1000.000000000000000 ) ;
#2693 = DIRECTION ( 'NONE',  ( -1.000000000000000000, 0.000000000000000000, 0.000000000000000000 ) ) ;
#2694 = VERTEX_POINT ( 'NONE', #4348 ) ;
#2695 = FACE_OUTER_BOUND ( 'NONE', #3866, .T. ) ;
#2696 = PRESENTATION_LAYER_ASSIGNMENT (  '', '', ( #2980 ) ) ;
#2697 = FACE_OUTER_BOUND ( 'NONE', #3588, .T. ) ;
#2698 = CARTESIAN_POINT ( 'NONE',  ( 10.48000000000000043, -2.540000000000000036, -0.9499999999999999556 ) ) ;
#2699 = ORIENTED_EDGE ( 'NONE', *, *, #6042, .F. ) ;
#2700 = AXIS2_PLACEMENT_3D ( 'NONE', #1225, #2150, #4138 ) ;
#2701 = UNCERTAINTY_MEASURE_WITH_UNIT (LENGTH_MEASURE( 1.000000000000000082E-05 ), #3920, 'distance_accuracy_value', 'NONE');
#2702 = DIRECTION ( 'NONE',  ( 1.000000000000000000, 0.000000000000000000, 0.000000000000000000 ) ) ;
#2703 =( GEOMETRIC_REPRESENTATION_CONTEXT ( 3 ) GLOBAL_UNCERTAINTY_ASSIGNED_CONTEXT ( ( #1108 ) ) GLOBAL_UNIT_ASSIGNED_CONTEXT ( ( #5815, #4304, #1475 ) ) REPRESENTATION_CONTEXT ( 'NONE', 'WORKASPACE' ) );
#2704 = DIRECTION ( 'NONE',  ( 0.000000000000000000, 0.000000000000000000, -1.000000000000000000 ) ) ;
#2705 = ORIENTED_EDGE ( 'NONE', *, *, #5010, .F. ) ;
#2706 = EDGE_LOOP ( 'NONE', ( #3101, #969, #2898, #1399 ) ) ;
#2707 = AXIS2_PLACEMENT_3D ( 'NONE', #5217, #4722, #5240 ) ;
#2708 = EDGE_CURVE ( 'NONE', #4188, #3494, #2431, .T. ) ;
#2709 = CARTESIAN_POINT ( 'NONE',  ( 9.839999999999999858, -2.540000000000000036, 0.9499999999999999556 ) ) ;
#2710 = VECTOR ( 'NONE', #2643, 1000.000000000000114 ) ;
#2711 = DIRECTION ( 'NONE',  ( 0.000000000000000000, -1.000000000000000000, 0.000000000000000000 ) ) ;
#2712 = ORIENTED_EDGE ( 'NONE', *, *, #549, .F. ) ;
#2713 = LINE ( 'NONE', #2807, #4093 ) ;
#2714 = PRODUCT_DEFINITION_SHAPE ( 'NONE', 'NONE',  #6189 ) ;
#2715 = DIRECTION ( 'NONE',  ( 0.000000000000000000, 0.000000000000000000, -1.000000000000000000 ) ) ;
#2716 = DIRECTION ( 'NONE',  ( 0.000000000000000000, 0.000000000000000000, 1.000000000000000000 ) ) ;
#2717 = EDGE_CURVE ( 'NONE', #17, #2930, #3452, .T. ) ;
#2718 = CARTESIAN_POINT ( 'NONE',  ( -0.3180000000000000049, -0.3180000000000000049, -0.2000000000000000111 ) ) ;
#2719 = LINE ( 'NONE', #5191, #5784 ) ;
#2720 = ORIENTED_EDGE ( 'NONE', *, *, #416, .T. ) ;
#2721 = SURFACE_SIDE_STYLE ('',( #1414 ) ) ;
#2722 = DIRECTION ( 'NONE',  ( 0.000000000000000000, 1.000000000000000000, 0.000000000000000000 ) ) ;
#2723 = ORIENTED_EDGE ( 'NONE', *, *, #4254, .T. ) ;
#2724 = EDGE_CURVE ( 'NONE', #5843, #2452, #2925, .T. ) ;
#2725 = VECTOR ( 'NONE', #4844, 1000.000000000000114 ) ;
#2726 = PLANE ( 'NONE',  #5800 ) ;
#2727 = SURFACE_STYLE_FILL_AREA ( #820 ) ;
#2728 =( NAMED_UNIT ( * ) SI_UNIT ( $, .STERADIAN. ) SOLID_ANGLE_UNIT ( ) );
#2729 = VERTEX_POINT ( 'NONE', #40 ) ;
#2730 = DIRECTION ( 'NONE',  ( 0.000000000000000000, -1.000000000000000000, 0.000000000000000000 ) ) ;
#2731 = EDGE_CURVE ( 'NONE', #5274, #5978, #5397, .T. ) ;
#2732 = FACE_OUTER_BOUND ( 'NONE', #1954, .T. ) ;
#2733 = ITEM_DEFINED_TRANSFORMATION ( 'NONE', 'NONE', #5793,  #5307 ) ;
#2734 = CARTESIAN_POINT ( 'NONE',  ( 7.939999999999999503, -2.540000000000000036, -0.9499999999999999556 ) ) ;
#2735 = VECTOR ( 'NONE', #746, 1000.000000000000000 ) ;
#2736 = SURFACE_STYLE_USAGE ( .BOTH. , #1398 ) ;
#2737 = VERTEX_POINT ( 'NONE', #1522 ) ;
#2738 = EDGE_LOOP ( 'NONE', ( #2897, #3602, #93, #4747 ) ) ;
#2739 = CARTESIAN_POINT ( 'NONE',  ( -0.3200000000000000067, -0.3200000000000000067, 0.9399999999999999467 ) ) ;
#2740 = CARTESIAN_POINT ( 'NONE',  ( 11.33000000000000007, -2.540000000000000036, 1.699999999999999956 ) ) ;
#2741 = EDGE_LOOP ( 'NONE', ( #3549, #4250, #647, #801, #3059, #2987, #1526 ) ) ;
#2742 = CARTESIAN_POINT ( 'NONE',  ( 8.789999999999999147, -2.339999999999999858, 1.699999999999999956 ) ) ;
#2743 = LINE ( 'NONE', #4660, #1191 ) ;
#2744 = EDGE_CURVE ( 'NONE', #4658, #2899, #1554, .T. ) ;
#2745 = LINE ( 'NONE', #5598, #4315 ) ;
#2746 = EDGE_LOOP ( 'NONE', ( #3187, #2906, #2647, #1029 ) ) ;
#2747 = FACE_OUTER_BOUND ( 'NONE', #393, .T. ) ;
#2748 = EDGE_LOOP ( 'NONE', ( #5781, #1362, #495, #5606 ) ) ;
#2749 = PLANE ( 'NONE',  #5124 ) ;
#2750 = LINE ( 'NONE', #2285, #3705 ) ;
#2751 = LINE ( 'NONE', #4669, #1580 ) ;
#2752 = EDGE_CURVE ( 'NONE', #1817, #2049, #2981, .T. ) ;
#2753 = EDGE_CURVE ( 'NONE', #1044, #3363, #4861, .T. ) ;
#2754 =( NAMED_UNIT ( * ) PLANE_ANGLE_UNIT ( ) SI_UNIT ( $, .RADIAN. ) );
#2755 = PRESENTATION_STYLE_ASSIGNMENT (( #5640 ) ) ;
#2756 = ORIENTED_EDGE ( 'NONE', *, *, #2717, .T. ) ;
#2757 = DIRECTION ( 'NONE',  ( -0.4648338989899218343, 0.000000000000000000, -0.8853979028379427296 ) ) ;
#2758 = COLOUR_RGB ( '',0.9254901960784314152, 0.9254901960784314152, 0.9254901960784314152 ) ;
#2759 = UNCERTAINTY_MEASURE_WITH_UNIT (LENGTH_MEASURE( 1.000000000000000082E-05 ), #1034, 'distance_accuracy_value', 'NONE');
#2760 = LINE ( 'NONE', #5667, #62 ) ;
#2761 = EDGE_CURVE ( 'NONE', #3361, #5906, #2778, .T. ) ;
#2762 = PRODUCT ( 'M20-9740542_asm.stp', 'M20-9740542_asm.stp', '', ( #4925 ) ) ;
#2763 = DIRECTION ( 'NONE',  ( 1.000000000000000000, 0.000000000000000000, 0.000000000000000000 ) ) ;
#2764 = EDGE_CURVE ( 'NONE', #4423, #4808, #2456, .T. ) ;
#2765 = LINE ( 'NONE', #5236, #4173 ) ;
#2766 = VERTEX_POINT ( 'NONE', #4443 ) ;
#2767 = PRESENTATION_LAYER_ASSIGNMENT (  '', '', ( #4478 ) ) ;
#2768 = ORIENTED_EDGE ( 'NONE', *, *, #3324, .F. ) ;
#2769 = VECTOR ( 'NONE', #6160, 1000.000000000000000 ) ;
#2770 = SURFACE_SIDE_STYLE ('',( #1894 ) ) ;
#2771 = ORIENTED_EDGE ( 'NONE', *, *, #1193, .F. ) ;
#2772 = DIRECTION ( 'NONE',  ( -1.065814103640000080E-14, -1.000000000000000000, 0.000000000000000000 ) ) ;
#2773 = VECTOR ( 'NONE', #5125, 1000.000000000000000 ) ;
#2774 = EDGE_LOOP ( 'NONE', ( #76, #1456, #2372, #6010 ) ) ;
#2775 = DIRECTION ( 'NONE',  ( 0.000000000000000000, -1.000000000000000000, 0.000000000000000000 ) ) ;
#2776 = AXIS2_PLACEMENT_3D ( 'NONE', #1539, #2533, #3441 ) ;
#2777 = CARTESIAN_POINT ( 'NONE',  ( 11.33000000000000007, -2.540000000000000036, 1.699999999999999956 ) ) ;
#2778 = LINE ( 'NONE', #4834, #578 ) ;
#2779 = AXIS2_PLACEMENT_3D ( 'NONE', #2010, #129, #1074 ) ;
#2780 = LINE ( 'NONE', #1844, #1617 ) ;
#2781 = VERTEX_POINT ( 'NONE', #1985 ) ;
#2782 = CARTESIAN_POINT ( 'NONE',  ( 1.169999999999999929, -2.540000000000000036, -1.699999999999999956 ) ) ;
#2783 = PRESENTATION_STYLE_ASSIGNMENT (( #4206 ) ) ;
#2784 = ORIENTED_EDGE ( 'NONE', *, *, #5592, .F. ) ;
#2785 = FACE_OUTER_BOUND ( 'NONE', #5829, .T. ) ;
#2786 = CARTESIAN_POINT ( 'NONE',  ( 2.220000000000000195, -2.540000000000000036, -1.590000000000000080 ) ) ;
#2787 = PRESENTATION_LAYER_ASSIGNMENT (  '', '', ( #3589 ) ) ;
#2788 = PLANE ( 'NONE',  #5265 ) ;
#2789 = SHAPE_REPRESENTATION_RELATIONSHIP ( 'NONE' , 'NONE' ,  #5622, #2518 ) ;
#2790 = EDGE_CURVE ( 'NONE', #2781, #5898, #610, .T. ) ;
#2791 = LINE ( 'NONE', #411, #4080 ) ;
#2792 =( NAMED_UNIT ( * ) SI_UNIT ( $, .STERADIAN. ) SOLID_ANGLE_UNIT ( ) );
#2793 = EDGE_LOOP ( 'NONE', ( #1462, #5117, #2813, #5746 ) ) ;
#2794 = AXIS2_PLACEMENT_3D ( 'NONE', #2519, #42, #5268 ) ;
#2795 = EDGE_CURVE ( 'NONE', #1044, #5264, #3966, .T. ) ;
#2796 = DIRECTION ( 'NONE',  ( -0.4648338989899218343, 0.000000000000000000, -0.8853979028379427296 ) ) ;
#2797 = VECTOR ( 'NONE', #3014, 1000.000000000000000 ) ;
#2798 = LINE ( 'NONE', #6113, #3257 ) ;
#2799 = VECTOR ( 'NONE', #3792, 1000.000000000000000 ) ;
#2800 = ORIENTED_EDGE ( 'NONE', *, *, #5755, .F. ) ;
#2801 = VECTOR ( 'NONE', #1045, 1000.000000000000000 ) ;
#2802 = DIRECTION ( 'NONE',  ( 1.000000000000000000, 0.000000000000000000, 0.000000000000000000 ) ) ;
#2803 = LINE ( 'NONE', #2709, #1100 ) ;
#2804 = ORIENTED_EDGE ( 'NONE', *, *, #3907, .F. ) ;
#2805 = ORIENTED_EDGE ( 'NONE', *, *, #930, .T. ) ;
#2806 = EDGE_LOOP ( 'NONE', ( #5343, #3874, #6127, #4111 ) ) ;
#2807 = CARTESIAN_POINT ( 'NONE',  ( 7.939999999999999503, -0.2500000000000000000, 0.9499999999999999556 ) ) ;
#2808 = AXIS2_PLACEMENT_3D ( 'NONE', #5346, #1070, #1418 ) ;
#2809 = CARTESIAN_POINT ( 'NONE',  ( 4.760000000000000675, -0.2500000000000000000, -0.9499999999999999556 ) ) ;
#2810 = EDGE_CURVE ( 'NONE', #928, #2781, #4375, .T. ) ;
#2811 = CARTESIAN_POINT ( 'NONE',  ( 6.053125000000000533, 0.000000000000000000, -2.075000000000000178 ) ) ;
#2812 =( GEOMETRIC_REPRESENTATION_CONTEXT ( 3 ) GLOBAL_UNCERTAINTY_ASSIGNED_CONTEXT ( ( #227 ) ) GLOBAL_UNIT_ASSIGNED_CONTEXT ( ( #1986, #5363, #3846 ) ) REPRESENTATION_CONTEXT ( 'NONE', 'WORKASPACE' ) );
#2813 = ORIENTED_EDGE ( 'NONE', *, *, #3331, .F. ) ;
#2814 = CARTESIAN_POINT ( 'NONE',  ( 10.48000000000000043, 0.000000000000000000, 0.9499999999999999556 ) ) ;
#2815 = DIRECTION ( 'NONE',  ( 0.000000000000000000, -1.000000000000000000, 0.000000000000000000 ) ) ;
#2816 = ORIENTED_EDGE ( 'NONE', *, *, #26, .T. ) ;
#2817 = CARTESIAN_POINT ( 'NONE',  ( 8.990000000000000213, -2.540000000000000036, -1.699999999999999956 ) ) ;
#2818 = LINE ( 'NONE', #442, #3183 ) ;
#2819 = PRESENTATION_LAYER_ASSIGNMENT (  '', '', ( #5620 ) ) ;
#2820 = CARTESIAN_POINT ( 'NONE',  ( 10.91000000000000014, 0.000000000000000000, 2.500000000000000000 ) ) ;
#2821 = AXIS2_PLACEMENT_3D ( 'NONE', #3515, #410, #2289 ) ;
#2822 = DIRECTION ( 'NONE',  ( 0.000000000000000000, 1.000000000000000000, 0.000000000000000000 ) ) ;
#2823 = VERTEX_POINT ( 'NONE', #5266 ) ;
#2824 = CARTESIAN_POINT ( 'NONE',  ( 0.1950000000000000067, -0.1950000000000000067, 6.740000000000000213 ) ) ;
#2825 = EDGE_CURVE ( 'NONE', #5695, #651, #991, .T. ) ;
#2826 = UNCERTAINTY_MEASURE_WITH_UNIT (LENGTH_MEASURE( 1.000000000000000082E-05 ), #1005, 'distance_accuracy_value', 'NONE');
#2827 = DIRECTION ( 'NONE',  ( 0.000000000000000000, 0.000000000000000000, -1.000000000000000000 ) ) ;
#2828 = CARTESIAN_POINT ( 'NONE',  ( 0.1950000000000000067, -4.270000000000000462, -2.765000000000000124 ) ) ;
#2829 = DIRECTION ( 'NONE',  ( 0.000000000000000000, 0.000000000000000000, -1.000000000000000000 ) ) ;
#2830 = VERTEX_POINT ( 'NONE', #519 ) ;
#2831 = PRESENTATION_LAYER_ASSIGNMENT (  '', '', ( #1335 ) ) ;
#2832 = ORIENTED_EDGE ( 'NONE', *, *, #3224, .T. ) ;
#2833 = PRODUCT_DEFINITION_CONTEXT ( 'detailed design', #3007, 'design' ) ;
#2834 = ADVANCED_FACE ( 'NONE', ( #5757 ), #1949, .F. ) ;
#2835 = CARTESIAN_POINT ( 'NONE',  ( 0.000000000000000000, -2.739999999999999769, 1.270000000000000018 ) ) ;
#2836 = VECTOR ( 'NONE', #4102, 1000.000000000000114 ) ;
#2837 = EDGE_CURVE ( 'NONE', #966, #1640, #738, .T. ) ;
#2838 = ORIENTED_EDGE ( 'NONE', *, *, #4216, .T. ) ;
#2839 = ORIENTED_EDGE ( 'NONE', *, *, #1057, .F. ) ;
#2840 = ORIENTED_EDGE ( 'NONE', *, *, #2100, .T. ) ;
#2841 = LINE ( 'NONE', #4753, #3088 ) ;
#2842 = CARTESIAN_POINT ( 'NONE',  ( 11.42999999999999972, -2.339999999999999858, -1.699999999999999956 ) ) ;
#2843 = EDGE_CURVE ( 'NONE', #5247, #5456, #1712, .T. ) ;
#2844 = ORIENTED_EDGE ( 'NONE', *, *, #1118, .F. ) ;
#2845 = CARTESIAN_POINT ( 'NONE',  ( -0.3200000000000000067, -1.320000000000000062, -1.639999999999999902 ) ) ;
#2846 = ORIENTED_EDGE ( 'NONE', *, *, #2543, .F. ) ;
#2847 = EDGE_CURVE ( 'NONE', #5299, #3271, #707, .T. ) ;
#2848 = CARTESIAN_POINT ( 'NONE',  ( 0.3185000000000000053, -0.3185000000000000053, 6.526091725265000143 ) ) ;
#2849 = LINE ( 'NONE', #1446, #174 ) ;
#2850 = DIRECTION ( 'NONE',  ( -0.4472135954999771346, -0.4472135954999771346, -0.7745966692414611998 ) ) ;
#2851 = LINE ( 'NONE', #5203, #1507 ) ;
#2852 = ORIENTED_EDGE ( 'NONE', *, *, #247, .T. ) ;
#2853 = LINE ( 'NONE', #1884, #883 ) ;
#2854 = CARTESIAN_POINT ( 'NONE',  ( 1.790000000000000036, 0.000000000000000000, -2.500000000000000000 ) ) ;
#2855 = CARTESIAN_POINT ( 'NONE',  ( 2.220000000000000195, -0.2500000000000000000, 1.590000000000000080 ) ) ;
#2856 = DIRECTION ( 'NONE',  ( 0.000000000000000000, -1.000000000000000000, 0.000000000000000000 ) ) ;
#2857 = SURFACE_STYLE_USAGE ( .BOTH. , #10 ) ;
#2858 = VERTEX_POINT ( 'NONE', #4534 ) ;
#2859 = DIRECTION ( 'NONE',  ( 0.000000000000000000, -1.000000000000000000, 0.000000000000000000 ) ) ;
#2860 = DIRECTION ( 'NONE',  ( -1.000000000000000000, 0.000000000000000000, 0.000000000000000000 ) ) ;
#2861 = VECTOR ( 'NONE', #1051, 1000.000000000000000 ) ;
#2862 = FACE_OUTER_BOUND ( 'NONE', #6050, .T. ) ;
#2863 = ORIENTED_EDGE ( 'NONE', *, *, #1620, .T. ) ;
#2864 = ADVANCED_FACE ( 'NONE', ( #5951 ), #2164, .F. ) ;
#2865 = ORIENTED_EDGE ( 'NONE', *, *, #930, .F. ) ;
#2866 = ORIENTED_EDGE ( 'NONE', *, *, #4238, .F. ) ;
#2867 = CARTESIAN_POINT ( 'NONE',  ( 3.910000000000000142, -2.540000000000000036, 1.699999999999999956 ) ) ;
#2868 = AXIS2_PLACEMENT_3D ( 'NONE', #5014, #1643, #730 ) ;
#2869 = ORIENTED_EDGE ( 'NONE', *, *, #4422, .T. ) ;
#2870 = CARTESIAN_POINT ( 'NONE',  ( -0.3200000000000000067, -0.2500000000000000000, 1.590000000000000080 ) ) ;
#2871 = PRESENTATION_LAYER_ASSIGNMENT (  '', '', ( #1583 ) ) ;
#2872 = VERTEX_POINT ( 'NONE', #3522 ) ;
#2873 = DIRECTION ( 'NONE',  ( 0.000000000000000000, 1.000000000000000000, 0.000000000000000000 ) ) ;
#2874 = LINE ( 'NONE', #914, #2799 ) ;
#2875 = CARTESIAN_POINT ( 'NONE',  ( 0.3200000000000000067, -0.2500000000000000000, -1.590000000000000080 ) ) ;
#2876 = VECTOR ( 'NONE', #547, 1000.000000000000000 ) ;
#2877 = CARTESIAN_POINT ( 'NONE',  ( 7.939999999999999503, 0.000000000000000000, 0.9499999999999999556 ) ) ;
#2878 = PRESENTATION_LAYER_ASSIGNMENT (  '', '', ( #1485 ) ) ;
#2879 = VECTOR ( 'NONE', #6028, 1000.000000000000000 ) ;
#2880 = FACE_OUTER_BOUND ( 'NONE', #5031, .T. ) ;
#2881 = SURFACE_SIDE_STYLE ('',( #2420 ) ) ;
#2882 = VERTEX_POINT ( 'NONE', #642 ) ;
#2883 = CARTESIAN_POINT ( 'NONE',  ( 11.33000000000000007, -0.2500000000000000000, -1.699999999999999956 ) ) ;
#2884 = SURFACE_STYLE_USAGE ( .BOTH. , #540 ) ;
#2885 = AXIS2_PLACEMENT_3D ( 'NONE', #3409, #3828, #4762 ) ;
#2886 =( REPRESENTATION_RELATIONSHIP ('NONE','NONE', #1553, #5622 ) REPRESENTATION_RELATIONSHIP_WITH_TRANSFORMATION ( #1239 )SHAPE_REPRESENTATION_RELATIONSHIP( ) );
#2887 = DIRECTION ( 'NONE',  ( 0.000000000000000000, -1.000000000000000000, 0.000000000000000000 ) ) ;
#2888 = VERTEX_POINT ( 'NONE', #2613 ) ;
#2889 = DIRECTION ( 'NONE',  ( 0.000000000000000000, -0.8660254037844288266, 0.5000000000000169864 ) ) ;
#2890 = VERTEX_POINT ( 'NONE', #3048 ) ;
#2891 = AXIS2_PLACEMENT_3D ( 'NONE', #2304, #1306, #5183 ) ;
#2892 = DIRECTION ( 'NONE',  ( 1.000000000000000000, 0.000000000000000000, 0.000000000000000000 ) ) ;
#2893 = DIRECTION ( 'NONE',  ( 1.000000000000000000, 0.000000000000000000, 0.000000000000000000 ) ) ;
#2894 = VECTOR ( 'NONE', #2547, 1000.000000000000000 ) ;
#2895 = SURFACE_STYLE_FILL_AREA ( #3334 ) ;
#2896 = FILL_AREA_STYLE ('',( #959 ) ) ;
#2897 = ORIENTED_EDGE ( 'NONE', *, *, #425, .T. ) ;
#2898 = ORIENTED_EDGE ( 'NONE', *, *, #5704, .F. ) ;
#2899 = VERTEX_POINT ( 'NONE', #2202 ) ;
#2900 = VECTOR ( 'NONE', #3289, 1000.000000000000000 ) ;
#2901 = EDGE_CURVE ( 'NONE', #4757, #368, #2668, .T. ) ;
#2902 = VECTOR ( 'NONE', #1148, 1000.000000000000000 ) ;
#2903 = DIRECTION ( 'NONE',  ( -0.000000000000000000, 1.000000000000000000, 0.000000000000000000 ) ) ;
#2904 = ORIENTED_EDGE ( 'NONE', *, *, #3721, .T. ) ;
#2905 = DIRECTION ( 'NONE',  ( -0.000000000000000000, 1.000000000000000000, 0.000000000000000000 ) ) ;
#2906 = ORIENTED_EDGE ( 'NONE', *, *, #3241, .F. ) ;
#2907 = LINE ( 'NONE', #4330, #4510 ) ;
#2908 = EDGE_CURVE ( 'NONE', #1989, #5930, #290, .T. ) ;
#2909 = CARTESIAN_POINT ( 'NONE',  ( 6.870000000000000107, 0.000000000000000000, -2.500000000000000000 ) ) ;
#2910 = COLOUR_RGB ( '',0.9254901960784314152, 0.9254901960784314152, 0.9254901960784314152 ) ;
#2911 = CARTESIAN_POINT ( 'NONE',  ( -0.3200000000000000067, -0.2500000000000000000, -0.9499999999999999556 ) ) ;
#2912 = EDGE_CURVE ( 'NONE', #1269, #5238, #4924, .T. ) ;
#2913 = DIRECTION ( 'NONE',  ( 1.000000000000000000, 0.000000000000000000, 0.000000000000000000 ) ) ;
#2914 = ORIENTED_EDGE ( 'NONE', *, *, #2790, .F. ) ;
#2915 = VECTOR ( 'NONE', #5302, 1000.000000000000000 ) ;
#2916 = CARTESIAN_POINT ( 'NONE',  ( 9.839999999999999858, -0.2500000000000000000, 0.9499999999999999556 ) ) ;
#2917 = LINE ( 'NONE', #2854, #2472 ) ;
#2918 = AXIS2_PLACEMENT_3D ( 'NONE', #292, #2206, #4653 ) ;
#2919 = DIRECTION ( 'NONE',  ( 0.000000000000000000, 1.000000000000000000, 0.000000000000000000 ) ) ;
#2920 = LINE ( 'NONE', #2545, #3773 ) ;
#2921 = LINE ( 'NONE', #4920, #2994 ) ;
#2922 = DIRECTION ( 'NONE',  ( 0.000000000000000000, 0.000000000000000000, -1.000000000000000000 ) ) ;
#2923 = ORIENTED_EDGE ( 'NONE', *, *, #2462, .F. ) ;
#2924 = EDGE_CURVE ( 'NONE', #5190, #2956, #5469, .T. ) ;
#2925 = LINE ( 'NONE', #2397, #780 ) ;
#2926 = DIRECTION ( 'NONE',  ( 0.000000000000000000, 0.000000000000000000, 1.000000000000000000 ) ) ;
#2927 = FACE_BOUND ( 'NONE', #1955, .T. ) ;
#2928 = AXIS2_PLACEMENT_3D ( 'NONE', #5161, #1381, #3314 ) ;
#2929 = SURFACE_STYLE_USAGE ( .BOTH. , #995 ) ;
#2930 = VERTEX_POINT ( 'NONE', #1134 ) ;
#2931 = ORIENTED_EDGE ( 'NONE', *, *, #4707, .F. ) ;
#2932 = ORIENTED_EDGE ( 'NONE', *, *, #4933, .F. ) ;
#2933 = CARTESIAN_POINT ( 'NONE',  ( 0.3200000000000000067, -0.2500000000000000000, 1.590000000000000080 ) ) ;
#2934 = ORIENTED_EDGE ( 'NONE', *, *, #860, .F. ) ;
#2935 = PLANE ( 'NONE',  #333 ) ;
#2936 = VERTEX_POINT ( 'NONE', #4515 ) ;
#2937 = EDGE_CURVE ( 'NONE', #2049, #487, #3536, .T. ) ;
#2938 = CARTESIAN_POINT ( 'NONE',  ( 4.760000000000000675, -2.540000000000000036, -1.590000000000000080 ) ) ;
#2939 = DIRECTION ( 'NONE',  ( 0.000000000000000000, -1.000000000000000000, 0.000000000000000000 ) ) ;
#2940 = LINE ( 'NONE', #1447, #2069 ) ;
#2941 = ORIENTED_EDGE ( 'NONE', *, *, #2462, .T. ) ;
#2942 = ADVANCED_FACE ( 'NONE', ( #4940 ), #1600, .T. ) ;
#2943 = ADVANCED_FACE ( 'NONE', ( #3061 ), #1567, .T. ) ;
#2944 = FACE_OUTER_BOUND ( 'NONE', #2466, .T. ) ;
#2945 = ORIENTED_EDGE ( 'NONE', *, *, #1353, .T. ) ;
#2946 =( LENGTH_UNIT ( ) NAMED_UNIT ( * ) SI_UNIT ( .MILLI., .METRE. ) );
#2947 = FACE_OUTER_BOUND ( 'NONE', #3336, .T. ) ;
#2948 = DIRECTION ( 'NONE',  ( 0.000000000000000000, -1.000000000000000000, 0.000000000000000000 ) ) ;
#2949 = CARTESIAN_POINT ( 'NONE',  ( -0.3200000000000000067, 0.3200000000000000067, -1.639999999999999902 ) ) ;
#2950 = SURFACE_STYLE_FILL_AREA ( #5789 ) ;
#2951 = ORIENTED_EDGE ( 'NONE', *, *, #5623, .T. ) ;
#2952 = CARTESIAN_POINT ( 'NONE',  ( -0.3200000000000000067, 0.3200000000000000067, 0.9399999999999999467 ) ) ;
#2953 = EDGE_CURVE ( 'NONE', #2872, #4520, #2148, .T. ) ;
#2954 = SURFACE_STYLE_USAGE ( .BOTH. , #582 ) ;
#2955 = DIRECTION ( 'NONE',  ( 0.000000000000000000, -1.000000000000000000, 0.000000000000000000 ) ) ;
#2956 = VERTEX_POINT ( 'NONE', #2627 ) ;
#2957 = ORIENTED_EDGE ( 'NONE', *, *, #860, .T. ) ;
#2958 = VERTEX_POINT ( 'NONE', #3031 ) ;
#2959 = ORIENTED_EDGE ( 'NONE', *, *, #1906, .T. ) ;
#2960 = CARTESIAN_POINT ( 'NONE',  ( -1.169999999999999929, -0.2500000000000000000, 1.699999999999999956 ) ) ;
#2961 = ORIENTED_EDGE ( 'NONE', *, *, #1649, .F. ) ;
#2962 = FILL_AREA_STYLE ('',( #1065 ) ) ;
#2963 = AXIS2_PLACEMENT_3D ( 'NONE', #3038, #252, #3632 ) ;
#2964 = FACE_OUTER_BOUND ( 'NONE', #657, .T. ) ;
#2965 = LINE ( 'NONE', #151, #4869 ) ;
#2966 = VERTEX_POINT ( 'NONE', #215 ) ;
#2967 = LINE ( 'NONE', #5012, #4280 ) ;
#2968 = EDGE_LOOP ( 'NONE', ( #6110, #3147, #2407, #1152 ) ) ;
#2969 = VECTOR ( 'NONE', #5925, 1000.000000000000000 ) ;
#2970 = LINE ( 'NONE', #5724, #687 ) ;
#2971 = FILL_AREA_STYLE_COLOUR ( '', #4281 ) ;
#2972 = EDGE_CURVE ( 'NONE', #1450, #1608, #181, .T. ) ;
#2973 = VECTOR ( 'NONE', #4651, 1000.000000000000114 ) ;
#2974 = MECHANICAL_DESIGN_GEOMETRIC_PRESENTATION_REPRESENTATION (  '', ( #4690 ), #1 ) ;
#2975 = PLANE ( 'NONE',  #4231 ) ;
#2976 = CARTESIAN_POINT ( 'NONE',  ( 5.400000000000000355, -0.2500000000000000000, -1.590000000000000080 ) ) ;
#2977 = DIRECTION ( 'NONE',  ( 0.000000000000000000, -1.000000000000000000, 0.000000000000000000 ) ) ;
#2978 = DIRECTION ( 'NONE',  ( -0.4648338989899218343, 0.000000000000000000, 0.8853979028379427296 ) ) ;
#2979 = ORIENTED_EDGE ( 'NONE', *, *, #4568, .T. ) ;
#2980 = STYLED_ITEM ( 'NONE', ( #1731 ), #3985 ) ;
#2981 = LINE ( 'NONE', #4893, #2876 ) ;
#2982 = ADVANCED_FACE ( 'NONE', ( #149 ), #4015, .T. ) ;
#2983 =( LENGTH_UNIT ( ) NAMED_UNIT ( * ) SI_UNIT ( .MILLI., .METRE. ) );
#2984 = CARTESIAN_POINT ( 'NONE',  ( 7.939999999999999503, -0.2500000000000000000, -1.590000000000000080 ) ) ;
#2985 = LINE ( 'NONE', #140, #5908 ) ;
#2986 = FILL_AREA_STYLE_COLOUR ( '', #1307 ) ;
#2987 = ORIENTED_EDGE ( 'NONE', *, *, #3556, .T. ) ;
#2988 = ORIENTED_EDGE ( 'NONE', *, *, #3559, .T. ) ;
#2989 = VERTEX_POINT ( 'NONE', #2122 ) ;
#2990 = EDGE_CURVE ( 'NONE', #6084, #3212, #3563, .T. ) ;
#2991 = VECTOR ( 'NONE', #4511, 1000.000000000000000 ) ;
#2992 = SURFACE_SIDE_STYLE ('',( #4322 ) ) ;
#2993 = ORIENTED_EDGE ( 'NONE', *, *, #648, .F. ) ;
#2994 = VECTOR ( 'NONE', #2546, 1000.000000000000114 ) ;
#2995 = CARTESIAN_POINT ( 'NONE',  ( -0.7500000000000000000, -2.540000000000000036, -2.500000000000000000 ) ) ;
#2996 = ORIENTED_EDGE ( 'NONE', *, *, #3204, .T. ) ;
#2997 = CARTESIAN_POINT ( 'NONE',  ( 1.169999999999999929, -2.339999999999999858, 1.699999999999999956 ) ) ;
#2998 = PRESENTATION_LAYER_ASSIGNMENT (  '', '', ( #4706 ) ) ;
#2999 = LINE ( 'NONE', #4908, #3087 ) ;
#3000 = ADVANCED_FACE ( 'NONE', ( #685 ), #1158, .T. ) ;
#3001 = AXIS2_PLACEMENT_3D ( 'NONE', #5083, #797, #2704 ) ;
#3002 = DIRECTION ( 'NONE',  ( 0.000000000000000000, -1.000000000000000000, 0.000000000000000000 ) ) ;
#3003 = VECTOR ( 'NONE', #4467, 1000.000000000000000 ) ;
#3004 = CARTESIAN_POINT ( 'NONE',  ( 2.220000000000000195, -0.2500000000000000000, -0.9499999999999999556 ) ) ;
#3005 = ORIENTED_EDGE ( 'NONE', *, *, #5526, .T. ) ;
#3006 = FACE_OUTER_BOUND ( 'NONE', #4724, .T. ) ;
#3007 = APPLICATION_CONTEXT ( 'automotive_design' ) ;
#3008 = LINE ( 'NONE', #633, #1094 ) ;
#3009 = ORIENTED_EDGE ( 'NONE', *, *, #1465, .T. ) ;
#3010 = SURFACE_SIDE_STYLE ('',( #568 ) ) ;
#3011 = PLANE ( 'NONE',  #6018 ) ;
#3012 = VECTOR ( 'NONE', #3359, 1000.000000000000000 ) ;
#3013 = PLANE ( 'NONE',  #3460 ) ;
#3014 = DIRECTION ( 'NONE',  ( 1.000000000000000000, 0.000000000000000000, 0.000000000000000000 ) ) ;
#3015 = FACE_OUTER_BOUND ( 'NONE', #5868, .T. ) ;
#3016 = ORIENTED_EDGE ( 'NONE', *, *, #3322, .T. ) ;
#3017 = EDGE_CURVE ( 'NONE', #4305, #1046, #246, .T. ) ;
#3018 = STYLED_ITEM ( 'NONE', ( #6172 ), #5818 ) ;
#3019 = DIRECTION ( 'NONE',  ( 1.000000000000000000, 0.000000000000000000, 0.000000000000000000 ) ) ;
#3020 =( NAMED_UNIT ( * ) SI_UNIT ( $, .STERADIAN. ) SOLID_ANGLE_UNIT ( ) );
#3021 = DIRECTION ( 'NONE',  ( 0.000000000000000000, -1.000000000000000000, 0.000000000000000000 ) ) ;
#3022 = DIRECTION ( 'NONE',  ( 0.000000000000000000, -1.000000000000000000, 0.000000000000000000 ) ) ;
#3023 = ORIENTED_EDGE ( 'NONE', *, *, #2761, .T. ) ;
#3024 = EDGE_LOOP ( 'NONE', ( #6075, #631, #1261, #1678, #1746, #2866, #3770 ) ) ;
#3025 = ORIENTED_EDGE ( 'NONE', *, *, #1457, .T. ) ;
#3026 = EDGE_CURVE ( 'NONE', #5434, #538, #5967, .T. ) ;
#3027 = PRESENTATION_STYLE_ASSIGNMENT (( #3913 ) ) ;
#3028 = ORIENTED_EDGE ( 'NONE', *, *, #4385, .T. ) ;
#3029 = ORIENTED_EDGE ( 'NONE', *, *, #335, .F. ) ;
#3030 = DIRECTION ( 'NONE',  ( 0.000000000000000000, 0.000000000000000000, -1.000000000000000000 ) ) ;
#3031 = CARTESIAN_POINT ( 'NONE',  ( -0.3185000000000000053, -0.3185000000000000053, 6.526091725265000143 ) ) ;
#3032 = CARTESIAN_POINT ( 'NONE',  ( 2.220000000000000195, -2.540000000000000036, -0.9499999999999999556 ) ) ;
#3033 = ADVANCED_FACE ( 'NONE', ( #2561 ), #3124, .T. ) ;
#3034 =( GEOMETRIC_REPRESENTATION_CONTEXT ( 3 ) GLOBAL_UNCERTAINTY_ASSIGNED_CONTEXT ( ( #889 ) ) GLOBAL_UNIT_ASSIGNED_CONTEXT ( ( #2624, #5593, #2651 ) ) REPRESENTATION_CONTEXT ( 'NONE', 'WORKASPACE' ) );
#3035 = ADVANCED_FACE ( 'NONE', ( #2592 ), #275, .T. ) ;
#3036 = DIRECTION ( 'NONE',  ( 1.000000000000000000, 0.000000000000000000, 0.000000000000000000 ) ) ;
#3037 = ORIENTED_EDGE ( 'NONE', *, *, #4428, .T. ) ;
#3038 = CARTESIAN_POINT ( 'NONE',  ( -1.169999999999999929, -2.540000000000000036, -1.699999999999999956 ) ) ;
#3039 = DIRECTION ( 'NONE',  ( 0.000000000000000000, 0.000000000000000000, -1.000000000000000000 ) ) ;
#3040 = EDGE_LOOP ( 'NONE', ( #1436, #5214, #3759, #4381 ) ) ;
#3041 = CARTESIAN_POINT ( 'NONE',  ( -0.3200000000000000067, -1.320000000000000062, -1.639999999999999902 ) ) ;
#3042 = UNCERTAINTY_MEASURE_WITH_UNIT (LENGTH_MEASURE( 1.000000000000000082E-05 ), #2196, 'distance_accuracy_value', 'NONE');
#3043 = DIRECTION ( 'NONE',  ( 0.000000000000000000, -1.000000000000000000, 0.000000000000000000 ) ) ;
#3044 = DIRECTION ( 'NONE',  ( 1.000000000000000000, 0.000000000000000000, 0.000000000000000000 ) ) ;
#3045 = DIRECTION ( 'NONE',  ( 0.000000000000000000, -1.000000000000000000, 0.000000000000000000 ) ) ;
#3046 = CARTESIAN_POINT ( 'NONE',  ( 11.13312500000000149, 0.000000000000000000, 2.075000000000000178 ) ) ;
#3047 = EDGE_LOOP ( 'NONE', ( #3110, #207, #2603, #1490 ) ) ;
#3048 = CARTESIAN_POINT ( 'NONE',  ( 8.593125000000000568, -0.2500000000000000000, -2.075000000000000178 ) ) ;
#3049 = DIRECTION ( 'NONE',  ( -1.000000000000000000, 0.000000000000000000, 0.000000000000000000 ) ) ;
#3050 = DIRECTION ( 'NONE',  ( 0.000000000000000000, -1.000000000000000000, 0.000000000000000000 ) ) ;
#3051 = CARTESIAN_POINT ( 'NONE',  ( 10.48000000000000043, -0.2500000000000000000, -1.590000000000000080 ) ) ;
#3052 = EDGE_LOOP ( 'NONE', ( #2188, #3399, #4454, #244 ) ) ;
#3053 = ORIENTED_EDGE ( 'NONE', *, *, #4754, .F. ) ;
#3054 = ORIENTED_EDGE ( 'NONE', *, *, #5546, .T. ) ;
#3055 = EDGE_CURVE ( 'NONE', #960, #4166, #2999, .T. ) ;
#3056 = LINE ( 'NONE', #745, #490 ) ;
#3057 = PRODUCT_DEFINITION_SHAPE ( 'NONE', 'NONE',  #6192 ) ;
#3058 = SURFACE_SIDE_STYLE ('',( #5466 ) ) ;
#3059 = ORIENTED_EDGE ( 'NONE', *, *, #2288, .F. ) ;
#3060 = FILL_AREA_STYLE_COLOUR ( '', #4497 ) ;
#3061 = FACE_OUTER_BOUND ( 'NONE', #120, .T. ) ;
#3062 = FACE_OUTER_BOUND ( 'NONE', #1087, .T. ) ;
#3063 = EDGE_CURVE ( 'NONE', #49, #584, #3756, .T. ) ;
#3064 = LINE ( 'NONE', #3126, #3301 ) ;
#3065 = LINE ( 'NONE', #4975, #3892 ) ;
#3066 = AXIS2_PLACEMENT_3D ( 'NONE', #5043, #2132, #4147 ) ;
#3067 = VERTEX_POINT ( 'NONE', #5061 ) ;
#3068 = DIRECTION ( 'NONE',  ( 0.000000000000000000, -1.000000000000000000, 0.000000000000000000 ) ) ;
#3069 = ORIENTED_EDGE ( 'NONE', *, *, #5234, .F. ) ;
#3070 = ADVANCED_FACE ( 'NONE', ( #398 ), #2310, .T. ) ;
#3071 = AXIS2_PLACEMENT_3D ( 'NONE', #3893, #1970, #1510 ) ;
#3072 = VECTOR ( 'NONE', #4297, 1000.000000000000000 ) ;
#3073 = PLANE ( 'NONE',  #3867 ) ;
#3074 = LINE ( 'NONE', #258, #5994 ) ;
#3075 = VECTOR ( 'NONE', #689, 1000.000000000000000 ) ;
#3076 = DIRECTION ( 'NONE',  ( -0.4648338989899218343, 0.000000000000000000, -0.8853979028379427296 ) ) ;
#3077 = ORIENTED_EDGE ( 'NONE', *, *, #3556, .F. ) ;
#3078 = EDGE_CURVE ( 'NONE', #5456, #592, #4200, .T. ) ;
#3079 = AXIS2_PLACEMENT_3D ( 'NONE', #4000, #201, #5301 ) ;
#3080 = AXIS2_PLACEMENT_3D ( 'NONE', #4045, #3467, #4969 ) ;
#3081 = CONTEXT_DEPENDENT_SHAPE_REPRESENTATION ( #1175, #3112 ) ;
#3082 = PRESENTATION_STYLE_ASSIGNMENT (( #3615 ) ) ;
#3083 = FACE_OUTER_BOUND ( 'NONE', #3052, .T. ) ;
#3084 = LINE ( 'NONE', #2617, #1407 ) ;
#3085 = VERTEX_POINT ( 'NONE', #4230 ) ;
#3086 = ORIENTED_EDGE ( 'NONE', *, *, #2795, .F. ) ;
#3087 = VECTOR ( 'NONE', #2055, 1000.000000000000000 ) ;
#3088 = VECTOR ( 'NONE', #458, 1000.000000000000000 ) ;
#3089 = FACE_OUTER_BOUND ( 'NONE', #5974, .T. ) ;
#3090 = ORIENTED_EDGE ( 'NONE', *, *, #4334, .F. ) ;
#3091 = DIRECTION ( 'NONE',  ( 0.000000000000000000, 0.000000000000000000, 1.000000000000000000 ) ) ;
#3092 = PRESENTATION_LAYER_ASSIGNMENT (  '', '', ( #2294 ) ) ;
#3093 = EDGE_CURVE ( 'NONE', #1872, #3888, #334, .T. ) ;
#3094 = DIRECTION ( 'NONE',  ( 0.4648338989899218343, 0.000000000000000000, 0.8853979028379427296 ) ) ;
#3095 = CARTESIAN_POINT ( 'NONE',  ( 3.290000000000000036, -2.540000000000000036, -2.500000000000000000 ) ) ;
#3096 = COLOUR_RGB ( '',0.9254901960784314152, 0.9254901960784314152, 0.9254901960784314152 ) ;
#3097 = FACE_OUTER_BOUND ( 'NONE', #1628, .T. ) ;
#3098 = EDGE_LOOP ( 'NONE', ( #153, #2625, #44, #5626 ) ) ;
#3099 = CARTESIAN_POINT ( 'NONE',  ( 7.939999999999999503, -0.2500000000000000000, 0.9499999999999999556 ) ) ;
#3100 = LINE ( 'NONE', #3956, #3167 ) ;
#3101 = ORIENTED_EDGE ( 'NONE', *, *, #5279, .T. ) ;
#3102 = AXIS2_PLACEMENT_3D ( 'NONE', #2814, #4609, #1815 ) ;
#3103 = ADVANCED_FACE ( 'NONE', ( #2216 ), #6001, .F. ) ;
#3104 = UNCERTAINTY_MEASURE_WITH_UNIT (LENGTH_MEASURE( 1.000000000000000082E-05 ), #5580, 'distance_accuracy_value', 'NONE');
#3105 = COLOUR_RGB ( '',0.9254901960784314152, 0.9254901960784314152, 0.9254901960784314152 ) ;
#3106 = EDGE_CURVE ( 'NONE', #78, #3459, #1342, .T. ) ;
#3107 = DIRECTION ( 'NONE',  ( 1.000000000000000000, 0.000000000000000000, 0.000000000000000000 ) ) ;
#3108 = DIRECTION ( 'NONE',  ( 0.000000000000000000, 0.000000000000000000, -1.000000000000000000 ) ) ;
#3109 = LINE ( 'NONE', #3519, #4802 ) ;
#3110 = ORIENTED_EDGE ( 'NONE', *, *, #5637, .T. ) ;
#3111 = VECTOR ( 'NONE', #5744, 1000.000000000000000 ) ;
#3112 = PRODUCT_DEFINITION_SHAPE ( 'NONE', 'NONE',  #6194 ) ;
#3113 = CARTESIAN_POINT ( 'NONE',  ( 3.710000000000000409, -0.2500000000000000000, -1.699999999999999956 ) ) ;
#3114 = ADVANCED_FACE ( 'NONE', ( #6094 ), #3729, .T. ) ;
#3115 = DIRECTION ( 'NONE',  ( 0.000000000000000000, -1.000000000000000000, 0.000000000000000000 ) ) ;
#3116 =( NAMED_UNIT ( * ) PLANE_ANGLE_UNIT ( ) SI_UNIT ( $, .RADIAN. ) );
#3117 = EDGE_CURVE ( 'NONE', #961, #4808, #5123, .T. ) ;
#3118 = PLANE ( 'NONE',  #4901 ) ;
#3119 = EDGE_LOOP ( 'NONE', ( #4788, #557, #955, #357, #1948, #4838, #1434, #4388 ) ) ;
#3120 = VERTEX_POINT ( 'NONE', #4135 ) ;
#3121 = LINE ( 'NONE', #5029, #2991 ) ;
#3122 = VECTOR ( 'NONE', #2544, 1000.000000000000000 ) ;
#3123 = ORIENTED_EDGE ( 'NONE', *, *, #2648, .F. ) ;
#3124 = PLANE ( 'NONE',  #5276 ) ;
#3125 = CARTESIAN_POINT ( 'NONE',  ( 6.646874999999999645, -0.2500000000000000000, 2.075000000000000178 ) ) ;
#3126 = CARTESIAN_POINT ( 'NONE',  ( 6.250000000000000000, -2.339999999999999858, 1.699999999999999956 ) ) ;
#3127 = SURFACE_STYLE_USAGE ( .BOTH. , #1226 ) ;
#3128 = EDGE_LOOP ( 'NONE', ( #46, #4312, #5500, #3197 ) ) ;
#3129 = DIRECTION ( 'NONE',  ( 1.000000000000000000, 0.000000000000000000, 0.000000000000000000 ) ) ;
#3130 = ORIENTED_EDGE ( 'NONE', *, *, #5524, .T. ) ;
#3131 = FACE_BOUND ( 'NONE', #51, .T. ) ;
#3132 = COLOUR_RGB ( '',0.9254901960784314152, 0.9254901960784314152, 0.9254901960784314152 ) ;
#3133 = EDGE_CURVE ( 'NONE', #3888, #966, #3626, .T. ) ;
#3134 = EDGE_CURVE ( 'NONE', #4130, #2460, #5627, .T. ) ;
#3135 = CARTESIAN_POINT ( 'NONE',  ( 1.169999999999999929, 0.000000000000000000, 1.699999999999999956 ) ) ;
#3136 = CARTESIAN_POINT ( 'NONE',  ( 6.450000000000000178, -2.540000000000000036, -1.699999999999999956 ) ) ;
#3137 = DIRECTION ( 'NONE',  ( 1.000000000000000000, 0.000000000000000000, 0.000000000000000000 ) ) ;
#3138 = ORIENTED_EDGE ( 'NONE', *, *, #343, .T. ) ;
#3140 = EDGE_CURVE ( 'NONE', #5512, #1960, #1723, .T. ) ;
#3139 = CARTESIAN_POINT ( 'NONE',  ( 3.290000000000000036, 0.000000000000000000, -2.500000000000000000 ) ) ;
#3141 = CARTESIAN_POINT ( 'NONE',  ( 4.760000000000000675, 0.000000000000000000, -1.590000000000000080 ) ) ;
#3142 = ORIENTED_EDGE ( 'NONE', *, *, #3652, .F. ) ;
#3143 = VERTEX_POINT ( 'NONE', #2684 ) ;
#3144 = EDGE_CURVE ( 'NONE', #2583, #5403, #3687, .T. ) ;
#3145 = LINE ( 'NONE', #5055, #5672 ) ;
#3146 = LINE ( 'NONE', #5057, #1241 ) ;
#3147 = ORIENTED_EDGE ( 'NONE', *, *, #1629, .T. ) ;
#3148 = SURFACE_STYLE_USAGE ( .BOTH. , #358 ) ;
#3149 = DIRECTION ( 'NONE',  ( 0.000000000000000000, -1.000000000000000000, 0.000000000000000000 ) ) ;
#3150 = LINE ( 'NONE', #2686, #2580 ) ;
#3151 = LINE ( 'NONE', #3599, #4712 ) ;
#3152 =( NAMED_UNIT ( * ) PLANE_ANGLE_UNIT ( ) SI_UNIT ( $, .RADIAN. ) );
#3153 = ORIENTED_EDGE ( 'NONE', *, *, #4937, .F. ) ;
#3154 = SURFACE_STYLE_USAGE ( .BOTH. , #1253 ) ;
#3155 = CARTESIAN_POINT ( 'NONE',  ( 9.839999999999999858, -2.540000000000000036, 1.590000000000000080 ) ) ;
#3156 = ORIENTED_EDGE ( 'NONE', *, *, #1837, .F. ) ;
#3157 = LINE ( 'NONE', #342, #5863 ) ;
#3158 = STYLED_ITEM ( 'NONE', ( #1945 ), #1711 ) ;
#3159 = DIRECTION ( 'NONE',  ( 0.000000000000000000, 0.000000000000000000, 1.000000000000000000 ) ) ;
#3160 = PLANE ( 'NONE',  #2662 ) ;
#3161 = DIRECTION ( 'NONE',  ( 1.000000000000000000, 0.000000000000000000, 0.000000000000000000 ) ) ;
#3162 = ORIENTED_EDGE ( 'NONE', *, *, #3017, .T. ) ;
#3163 = VECTOR ( 'NONE', #1573, 1000.000000000000000 ) ;
#3164 = EDGE_CURVE ( 'NONE', #622, #1179, #305, .T. ) ;
#3165 = CARTESIAN_POINT ( 'NONE',  ( 0.1950000000000000067, 0.1950000000000000067, 5.599999999999999645 ) ) ;
#3166 = ITEM_DEFINED_TRANSFORMATION ( 'NONE', 'NONE', #716,  #5307 ) ;
#3167 = VECTOR ( 'NONE', #5842, 1000.000000000000000 ) ;
#3168 =( GEOMETRIC_REPRESENTATION_CONTEXT ( 3 ) GLOBAL_UNCERTAINTY_ASSIGNED_CONTEXT ( ( #2158 ) ) GLOBAL_UNIT_ASSIGNED_CONTEXT ( ( #3410, #1387, #3285 ) ) REPRESENTATION_CONTEXT ( 'NONE', 'WORKASPACE' ) );
#3169 =( NAMED_UNIT ( * ) SI_UNIT ( $, .STERADIAN. ) SOLID_ANGLE_UNIT ( ) );
#3170 = EDGE_CURVE ( 'NONE', #4889, #4538, #5153, .T. ) ;
#3171 = FACE_OUTER_BOUND ( 'NONE', #5193, .T. ) ;
#3172 = VERTEX_POINT ( 'NONE', #2244 ) ;
#3173 = ORIENTED_EDGE ( 'NONE', *, *, #2908, .F. ) ;
#3174 = VECTOR ( 'NONE', #4591, 1000.000000000000000 ) ;
#3175 = ADVANCED_FACE ( 'NONE', ( #5536 ), #1313, .F. ) ;
#3176 = PRODUCT_DEFINITION_FORMATION_WITH_SPECIFIED_SOURCE ( 'ANY', '', #867, .NOT_KNOWN. ) ;
#3177 = MECHANICAL_DESIGN_GEOMETRIC_PRESENTATION_REPRESENTATION (  '', ( #1485 ), #1286 ) ;
#3178 = EDGE_CURVE ( 'NONE', #4149, #2112, #2743, .T. ) ;
#3179 = CARTESIAN_POINT ( 'NONE',  ( 9.839999999999999858, -2.540000000000000036, -0.9499999999999999556 ) ) ;
#3180 = ORIENTED_EDGE ( 'NONE', *, *, #5590, .F. ) ;
#3181 =( LENGTH_UNIT ( ) NAMED_UNIT ( * ) SI_UNIT ( .MILLI., .METRE. ) );
#3182 = CARTESIAN_POINT ( 'NONE',  ( -0.3180000000000000049, 0.3180000000000000049, 5.386957750668999623 ) ) ;
#3183 = VECTOR ( 'NONE', #2350, 1000.000000000000000 ) ;
#3184 = DIRECTION ( 'NONE',  ( -1.000000000000000000, 0.000000000000000000, 0.000000000000000000 ) ) ;
#3185 = DIRECTION ( 'NONE',  ( 0.000000000000000000, -1.000000000000000000, 0.000000000000000000 ) ) ;
#3186 = LINE ( 'NONE', #5066, #1713 ) ;
#3187 = ORIENTED_EDGE ( 'NONE', *, *, #2003, .F. ) ;
#3188 = EDGE_CURVE ( 'NONE', #5594, #4960, #5188, .T. ) ;
#3189 = PRESENTATION_STYLE_ASSIGNMENT (( #6132 ) ) ;
#3190 = VECTOR ( 'NONE', #4474, 1000.000000000000000 ) ;
#3191 = FILL_AREA_STYLE_COLOUR ( '', #4183 ) ;
#3192 = ORIENTED_EDGE ( 'NONE', *, *, #189, .T. ) ;
#3193 = DIRECTION ( 'NONE',  ( 0.000000000000000000, -1.000000000000000000, 0.000000000000000000 ) ) ;
#3194 = FILL_AREA_STYLE_COLOUR ( '', #929 ) ;
#3195 = VECTOR ( 'NONE', #1052, 1000.000000000000000 ) ;
#3196 = CARTESIAN_POINT ( 'NONE',  ( -0.1950000000000000067, -4.270000000000000462, -3.154999999999999805 ) ) ;
#3197 = ORIENTED_EDGE ( 'NONE', *, *, #2532, .F. ) ;
#3198 = DIRECTION ( 'NONE',  ( -1.000000000000000000, 0.000000000000000000, 0.000000000000000000 ) ) ;
#3199 = PRESENTATION_LAYER_ASSIGNMENT (  '', '', ( #5202 ) ) ;
#3200 = ITEM_DEFINED_TRANSFORMATION ( 'NONE', 'NONE', #4815,  #5307 ) ;
#3201 = VECTOR ( 'NONE', #4697, 1000.000000000000114 ) ;
#3202 = CARTESIAN_POINT ( 'NONE',  ( 1.169999999999999929, -0.2500000000000000000, -1.699999999999999956 ) ) ;
#3203 = ORIENTED_EDGE ( 'NONE', *, *, #3440, .T. ) ;
#3204 = EDGE_CURVE ( 'NONE', #1841, #4537, #4259, .T. ) ;
#3205 = ORIENTED_EDGE ( 'NONE', *, *, #2228, .T. ) ;
#3206 = UNCERTAINTY_MEASURE_WITH_UNIT (LENGTH_MEASURE( 1.000000000000000082E-05 ), #3332, 'distance_accuracy_value', 'NONE');
#3207 = AXIS2_PLACEMENT_3D ( 'NONE', #5138, #3638, #6108 ) ;
#3208 = CARTESIAN_POINT ( 'NONE',  ( 0.000000000000000000, -4.270000000000000462, -2.959999999999999964 ) ) ;
#3209 = EDGE_CURVE ( 'NONE', #6114, #717, #3786, .T. ) ;
#3210 = EDGE_CURVE ( 'NONE', #5494, #1430, #888, .T. ) ;
#3211 = DIRECTION ( 'NONE',  ( 0.000000000000000000, 1.000000000000000000, 0.000000000000000000 ) ) ;
#3212 = VERTEX_POINT ( 'NONE', #3771 ) ;
#3213 = FACE_OUTER_BOUND ( 'NONE', #4839, .T. ) ;
#3214 = DIRECTION ( 'NONE',  ( 0.000000000000000000, -1.000000000000000000, 0.000000000000000000 ) ) ;
#3215 = DIRECTION ( 'NONE',  ( 1.000000000000000000, 0.000000000000000000, 0.000000000000000000 ) ) ;
#3216 = VECTOR ( 'NONE', #4087, 1000.000000000000000 ) ;
#3217 = LINE ( 'NONE', #3309, #3201 ) ;
#3218 = VERTEX_POINT ( 'NONE', #5233 ) ;
#3219 = LINE ( 'NONE', #4110, #4709 ) ;
#3220 = PLANE ( 'NONE',  #4998 ) ;
#3221 = EDGE_LOOP ( 'NONE', ( #5053, #4321, #1541, #20 ) ) ;
#3222 = DIRECTION ( 'NONE',  ( -0.000000000000000000, 1.000000000000000000, 0.000000000000000000 ) ) ;
#3223 = CARTESIAN_POINT ( 'NONE',  ( 10.91000000000000014, 0.000000000000000000, -2.500000000000000000 ) ) ;
#3224 = EDGE_CURVE ( 'NONE', #872, #5264, #1294, .T. ) ;
#3225 = VECTOR ( 'NONE', #2147, 1000.000000000000000 ) ;
#3226 = PLANE ( 'NONE',  #3207 ) ;
#3227 = FILL_AREA_STYLE ('',( #884 ) ) ;
#3228 = LINE ( 'NONE', #5140, #2801 ) ;
#3229 = ORIENTED_EDGE ( 'NONE', *, *, #1118, .T. ) ;
#3230 = FILL_AREA_STYLE ('',( #5142 ) ) ;
#3231 = DIRECTION ( 'NONE',  ( 0.8853979028379428406, 0.000000000000000000, 0.4648338989899218343 ) ) ;
#3232 = CARTESIAN_POINT ( 'NONE',  ( 8.593125000000000568, 0.000000000000000000, -2.075000000000000178 ) ) ;
#3233 = LINE ( 'NONE', #3746, #863 ) ;
#3234 = VERTEX_POINT ( 'NONE', #3321 ) ;
#3235 = ORIENTED_EDGE ( 'NONE', *, *, #4560, .T. ) ;
#3236 = PLANE ( 'NONE',  #2794 ) ;
#3237 = DIRECTION ( 'NONE',  ( 1.000000000000000000, 0.000000000000000000, 0.000000000000000000 ) ) ;
#3238 = EDGE_LOOP ( 'NONE', ( #4954, #4346, #4471, #2329, #4865, #4880, #4257, #1369 ) ) ;
#3239 = LINE ( 'NONE', #1370, #2081 ) ;
#3240 = DIRECTION ( 'NONE',  ( 0.000000000000000000, -1.000000000000000000, 0.000000000000000000 ) ) ;
#3241 = EDGE_CURVE ( 'NONE', #3431, #4178, #6111, .T. ) ;
#3242 = LINE ( 'NONE', #2219, #5273 ) ;
#3243 = LINE ( 'NONE', #5245, #4311 ) ;
#3244 = ORIENTED_EDGE ( 'NONE', *, *, #2843, .T. ) ;
#3245 = CARTESIAN_POINT ( 'NONE',  ( -0.3185000000000000053, -0.3185000000000000053, 6.526091725265000143 ) ) ;
#3246 = DIRECTION ( 'NONE',  ( 0.000000000000000000, -1.000000000000000000, 0.000000000000000000 ) ) ;
#3247 = ORIENTED_EDGE ( 'NONE', *, *, #1491, .F. ) ;
#3248 = LINE ( 'NONE', #1786, #4934 ) ;
#3249 = DIRECTION ( 'NONE',  ( 0.000000000000000000, -1.000000000000000000, 0.000000000000000000 ) ) ;
#3250 = DIRECTION ( 'NONE',  ( 1.000000000000000000, 0.000000000000000000, 0.000000000000000000 ) ) ;
#3251 = EDGE_CURVE ( 'NONE', #1422, #5257, #1828, .T. ) ;
#3252 = CARTESIAN_POINT ( 'NONE',  ( 7.299999999999999822, -2.540000000000000036, 1.590000000000000080 ) ) ;
#3253 = DIRECTION ( 'NONE',  ( -1.000000000000000000, 0.000000000000000000, 0.000000000000000000 ) ) ;
#3254 = ORIENTED_EDGE ( 'NONE', *, *, #3140, .T. ) ;
#3255 = EDGE_CURVE ( 'NONE', #5735, #4319, #381, .T. ) ;
#3256 = CYLINDRICAL_SURFACE ( 'NONE', #5872, 1.639999999999999902 ) ;
#3257 = VECTOR ( 'NONE', #1800, 1000.000000000000000 ) ;
#3258 = UNCERTAINTY_MEASURE_WITH_UNIT (LENGTH_MEASURE( 1.000000000000000082E-05 ), #5905, 'distance_accuracy_value', 'NONE');
#3259 = CARTESIAN_POINT ( 'NONE',  ( -0.3200000000000000067, -2.540000000000000036, -0.9499999999999999556 ) ) ;
#3260 = PRODUCT_DEFINITION_SHAPE ( 'NONE', 'NONE',  #3339 ) ;
#3261 = DIRECTION ( 'NONE',  ( 0.000000000000000000, 1.000000000000000000, 0.000000000000000000 ) ) ;
#3262 = DIRECTION ( 'NONE',  ( 0.000000000000000000, 0.000000000000000000, -1.000000000000000000 ) ) ;
#3263 = ORIENTED_EDGE ( 'NONE', *, *, #2901, .F. ) ;
#3264 = ORIENTED_EDGE ( 'NONE', *, *, #4748, .T. ) ;
#3265 = ADVANCED_FACE ( 'NONE', ( #3801 ), #3256, .T. ) ;
#3266 = DIRECTION ( 'NONE',  ( 1.000000000000000000, 0.000000000000000000, 0.000000000000000000 ) ) ;
#3267 = FACE_OUTER_BOUND ( 'NONE', #4843, .T. ) ;
#3268 = ORIENTED_EDGE ( 'NONE', *, *, #5504, .F. ) ;
#3269 = ORIENTED_EDGE ( 'NONE', *, *, #321, .F. ) ;
#3270 = COLOUR_RGB ( '',0.9254901960784314152, 0.9254901960784314152, 0.9254901960784314152 ) ;
#3271 = VERTEX_POINT ( 'NONE', #415 ) ;
#3272 = VECTOR ( 'NONE', #1195, 1000.000000000000000 ) ;
#3273 = CARTESIAN_POINT ( 'NONE',  ( 2.540000000000000036, 0.000000000000000000, 0.000000000000000000 ) ) ;
#3274 = AXIS2_PLACEMENT_3D ( 'NONE', #4372, #66, #1979 ) ;
#3275 = VECTOR ( 'NONE', #6149, 1000.000000000000114 ) ;
#3276 = CARTESIAN_POINT ( 'NONE',  ( 3.290000000000000036, -2.540000000000000036, 2.500000000000000000 ) ) ;
#3277 = ORIENTED_EDGE ( 'NONE', *, *, #5515, .T. ) ;
#3278 = CARTESIAN_POINT ( 'NONE',  ( 6.870000000000000107, 0.000000000000000000, -2.500000000000000000 ) ) ;
#3279 = ORIENTED_EDGE ( 'NONE', *, *, #2063, .F. ) ;
#3280 = CARTESIAN_POINT ( 'NONE',  ( 9.410000000000000142, -2.540000000000000036, -2.500000000000000000 ) ) ;
#3281 = EDGE_CURVE ( 'NONE', #590, #2474, #4150, .T. ) ;
#3282 = LINE ( 'NONE', #5195, #6096 ) ;
#3283 = MECHANICAL_DESIGN_GEOMETRIC_PRESENTATION_REPRESENTATION (  '', ( #3589 ), #5756 ) ;
#3284 = DIRECTION ( 'NONE',  ( 0.000000000000000000, -1.000000000000000000, 0.000000000000000000 ) ) ;
#3285 =( NAMED_UNIT ( * ) SI_UNIT ( $, .STERADIAN. ) SOLID_ANGLE_UNIT ( ) );
#3286 = DIRECTION ( 'NONE',  ( 0.000000000000000000, 0.000000000000000000, 1.000000000000000000 ) ) ;
#3287 = CARTESIAN_POINT ( 'NONE',  ( 7.299999999999999822, -2.540000000000000036, -0.9499999999999999556 ) ) ;
#3288 = EDGE_CURVE ( 'NONE', #4602, #5108, #2853, .T. ) ;
#3289 = DIRECTION ( 'NONE',  ( -1.000000000000000000, 0.000000000000000000, 0.000000000000000000 ) ) ;
#3290 = ORIENTED_EDGE ( 'NONE', *, *, #3529, .T. ) ;
#3291 = CARTESIAN_POINT ( 'NONE',  ( 8.370000000000000995, -2.540000000000000036, -2.500000000000000000 ) ) ;
#3292 =( GEOMETRIC_REPRESENTATION_CONTEXT ( 3 ) GLOBAL_UNCERTAINTY_ASSIGNED_CONTEXT ( ( #4056 ) ) GLOBAL_UNIT_ASSIGNED_CONTEXT ( ( #1928, #5831, #48 ) ) REPRESENTATION_CONTEXT ( 'NONE', 'WORKASPACE' ) );
#3293 = UNCERTAINTY_MEASURE_WITH_UNIT (LENGTH_MEASURE( 1.000000000000000082E-05 ), #1667, 'distance_accuracy_value', 'NONE');
#3294 = EDGE_CURVE ( 'NONE', #1640, #2888, #5110, .T. ) ;
#3295 = CARTESIAN_POINT ( 'NONE',  ( 0.1950000000000000067, -6.810000000000000497, -6.445000000000000284 ) ) ;
#3296 = VECTOR ( 'NONE', #702, 1000.000000000000000 ) ;
#3297 =( LENGTH_UNIT ( ) NAMED_UNIT ( * ) SI_UNIT ( .MILLI., .METRE. ) );
#3298 = VERTEX_POINT ( 'NONE', #825 ) ;
#3299 = VERTEX_POINT ( 'NONE', #1764 ) ;
#3300 = AXIS2_PLACEMENT_3D ( 'NONE', #1869, #1086, #170 ) ;
#3301 = VECTOR ( 'NONE', #2596, 1000.000000000000000 ) ;
#3302 = DIRECTION ( 'NONE',  ( 1.000000000000000000, 0.000000000000000000, 0.000000000000000000 ) ) ;
#3303 =( LENGTH_UNIT ( ) NAMED_UNIT ( * ) SI_UNIT ( .MILLI., .METRE. ) );
#3304 = ORIENTED_EDGE ( 'NONE', *, *, #2336, .F. ) ;
#3305 = ORIENTED_EDGE ( 'NONE', *, *, #1257, .F. ) ;
#3306 = VERTEX_POINT ( 'NONE', #1394 ) ;
#3307 = CARTESIAN_POINT ( 'NONE',  ( 1.566875000000000018, 0.000000000000000000, -2.075000000000000178 ) ) ;
#3308 =( GEOMETRIC_REPRESENTATION_CONTEXT ( 3 ) GLOBAL_UNCERTAINTY_ASSIGNED_CONTEXT ( ( #2270 ) ) GLOBAL_UNIT_ASSIGNED_CONTEXT ( ( #2253, #3706, #1324 ) ) REPRESENTATION_CONTEXT ( 'NONE', 'WORKASPACE' ) );
#3309 = CARTESIAN_POINT ( 'NONE',  ( 1.369999999999999885, -0.2500000000000000000, 1.699999999999999956 ) ) ;
#3310 = AXIS2_PLACEMENT_3D ( 'NONE', #5336, #5827, #1557 ) ;
#3311 = ORIENTED_EDGE ( 'NONE', *, *, #1552, .F. ) ;
#3312 = FILL_AREA_STYLE_COLOUR ( '', #3815 ) ;
#3313 = ORIENTED_EDGE ( 'NONE', *, *, #5279, .F. ) ;
#3314 = DIRECTION ( 'NONE',  ( 0.000000000000000000, 1.000000000000000000, 0.000000000000000000 ) ) ;
#3315 = LINE ( 'NONE', #5809, #3393 ) ;
#3316 = AXIS2_PLACEMENT_3D ( 'NONE', #4628, #324, #3261 ) ;
#3317 = CARTESIAN_POINT ( 'NONE',  ( -1.270000000000000018, -0.2500000000000000000, -1.699999999999999956 ) ) ;
#3318 = MECHANICAL_DESIGN_GEOMETRIC_PRESENTATION_REPRESENTATION (  '', ( #4437 ), #3917 ) ;
#3319 = SURFACE_SIDE_STYLE ('',( #1291 ) ) ;
#3320 = EDGE_LOOP ( 'NONE', ( #4899, #5834, #2599, #2454 ) ) ;
#3321 = CARTESIAN_POINT ( 'NONE',  ( 1.369999999999999885, -0.2500000000000000000, 1.699999999999999956 ) ) ;
#3322 = EDGE_CURVE ( 'NONE', #3826, #2096, #2234, .T. ) ;
#3323 = FACE_OUTER_BOUND ( 'NONE', #5436, .T. ) ;
#3324 = EDGE_CURVE ( 'NONE', #4256, #1858, #4179, .T. ) ;
#3325 = APPLICATION_CONTEXT ( 'automotive_design' ) ;
#3326 = CARTESIAN_POINT ( 'NONE',  ( 6.646874999999999645, 0.000000000000000000, -2.075000000000000178 ) ) ;
#3327 = LINE ( 'NONE', #5616, #4273 ) ;
#3328 = CARTESIAN_POINT ( 'NONE',  ( 6.250000000000000000, -2.339999999999999858, 1.699999999999999956 ) ) ;
#3329 = VERTEX_POINT ( 'NONE', #1424 ) ;
#3330 = PRODUCT_DEFINITION_CONTEXT ( 'detailed design', #447, 'design' ) ;
#3331 = EDGE_CURVE ( 'NONE', #5851, #5799, #5205, .T. ) ;
#3332 =( LENGTH_UNIT ( ) NAMED_UNIT ( * ) SI_UNIT ( .MILLI., .METRE. ) );
#3333 = VECTOR ( 'NONE', #3654, 1000.000000000000000 ) ;
#3334 = FILL_AREA_STYLE ('',( #4378 ) ) ;
#3335 = DIRECTION ( 'NONE',  ( -1.000000000000000000, 0.000000000000000000, 0.000000000000000000 ) ) ;
#3336 = EDGE_LOOP ( 'NONE', ( #1143, #4043, #3142, #1576 ) ) ;
#3337 = ORIENTED_EDGE ( 'NONE', *, *, #1076, .T. ) ;
#3338 = ORIENTED_EDGE ( 'NONE', *, *, #3879, .T. ) ;
#3339 = PRODUCT_DEFINITION ( 'UNKNOWN', '', #77, #6144 ) ;
#3340 = ORIENTED_EDGE ( 'NONE', *, *, #4687, .T. ) ;
#3341 = LINE ( 'NONE', #5433, #3604 ) ;
#3342 = ORIENTED_EDGE ( 'NONE', *, *, #1514, .T. ) ;
#3343 =( NAMED_UNIT ( * ) SI_UNIT ( $, .STERADIAN. ) SOLID_ANGLE_UNIT ( ) );
#3344 = CARTESIAN_POINT ( 'NONE',  ( -0.3200000000000000067, -4.053493649053999448, -3.279999999999999805 ) ) ;
#3345 = CARTESIAN_POINT ( 'NONE',  ( 0.3180000000000000049, -0.3180000000000000049, -0.2000000000000000111 ) ) ;
#3346 = DIRECTION ( 'NONE',  ( 1.000000000000000000, 0.000000000000000000, 0.000000000000000000 ) ) ;
#3347 = CARTESIAN_POINT ( 'NONE',  ( 0.1950000000000000067, 0.1950000000000000067, 5.599999999999999645 ) ) ;
#3348 = LINE ( 'NONE', #5289, #1212 ) ;
#3349 = ORIENTED_EDGE ( 'NONE', *, *, #4070, .T. ) ;
#3350 = LINE ( 'NONE', #94, #1090 ) ;
#3351 = LINE ( 'NONE', #3804, #2374 ) ;
#3352 = FACE_OUTER_BOUND ( 'NONE', #887, .T. ) ;
#3353 = CARTESIAN_POINT ( 'NONE',  ( 0.3180000000000000049, 0.3180000000000000049, 5.386957750668999623 ) ) ;
#3354 = LINE ( 'NONE', #544, #5292 ) ;
#3355 = ORIENTED_EDGE ( 'NONE', *, *, #1538, .F. ) ;
#3356 = EDGE_CURVE ( 'NONE', #1640, #760, #3350, .T. ) ;
#3357 = CARTESIAN_POINT ( 'NONE',  ( 10.91000000000000014, -2.540000000000000036, 2.500000000000000000 ) ) ;
#3358 = DIRECTION ( 'NONE',  ( 1.000000000000000000, 0.000000000000000000, 0.000000000000000000 ) ) ;
#3359 = DIRECTION ( 'NONE',  ( 0.000000000000000000, 1.000000000000000000, 0.000000000000000000 ) ) ;
#3360 = DIRECTION ( 'NONE',  ( 1.000000000000000000, 0.000000000000000000, 0.000000000000000000 ) ) ;
#3361 = VERTEX_POINT ( 'NONE', #5747 ) ;
#3362 = ORIENTED_EDGE ( 'NONE', *, *, #1425, .T. ) ;
#3363 = VERTEX_POINT ( 'NONE', #4306 ) ;
#3364 = EDGE_CURVE ( 'NONE', #5225, #3416, #5817, .T. ) ;
#3365 = COLOUR_RGB ( '',1.000000000000000000, 0.8078431372549019773, 0.4588235294117646856 ) ;
#3366 = EDGE_CURVE ( 'NONE', #1858, #3791, #1913, .T. ) ;
#3367 = DIRECTION ( 'NONE',  ( 0.000000000000000000, -1.000000000000000000, 0.000000000000000000 ) ) ;
#3368 = AXIS2_PLACEMENT_3D ( 'NONE', #2155, #3474, #2570 ) ;
#3369 = ORIENTED_EDGE ( 'NONE', *, *, #3419, .T. ) ;
#3370 = VECTOR ( 'NONE', #5294, 1000.000000000000000 ) ;
#3371 =( NAMED_UNIT ( * ) SI_UNIT ( $, .STERADIAN. ) SOLID_ANGLE_UNIT ( ) );
#3372 = EDGE_LOOP ( 'NONE', ( #191, #2267, #5715, #1605 ) ) ;
#3373 = CARTESIAN_POINT ( 'NONE',  ( 1.790000000000000036, -2.540000000000000036, -2.500000000000000000 ) ) ;
#3374 = DIRECTION ( 'NONE',  ( 0.000000000000000000, 0.000000000000000000, -1.000000000000000000 ) ) ;
#3375 =( NAMED_UNIT ( * ) SI_UNIT ( $, .STERADIAN. ) SOLID_ANGLE_UNIT ( ) );
#3376 =( GEOMETRIC_REPRESENTATION_CONTEXT ( 3 ) GLOBAL_UNCERTAINTY_ASSIGNED_CONTEXT ( ( #1169 ) ) GLOBAL_UNIT_ASSIGNED_CONTEXT ( ( #3550, #4561, #1210 ) ) REPRESENTATION_CONTEXT ( 'NONE', 'WORKASPACE' ) );
#3377 = CARTESIAN_POINT ( 'NONE',  ( 0.000000000000000000, 0.000000000000000000, 0.000000000000000000 ) ) ;
#3378 = ADVANCED_FACE ( 'NONE', ( #31 ), #5782, .T. ) ;
#3379 =( NAMED_UNIT ( * ) PLANE_ANGLE_UNIT ( ) SI_UNIT ( $, .RADIAN. ) );
#3380 = VECTOR ( 'NONE', #1843, 1000.000000000000000 ) ;
#3381 = AXIS2_PLACEMENT_3D ( 'NONE', #807, #866, #303 ) ;
#3382 = ORIENTED_EDGE ( 'NONE', *, *, #83, .T. ) ;
#3383 = DIRECTION ( 'NONE',  ( 0.000000000000000000, -1.000000000000000000, 0.000000000000000000 ) ) ;
#3384 = SURFACE_STYLE_FILL_AREA ( #5699 ) ;
#3385 = LINE ( 'NONE', #2482, #4434 ) ;
#3386 = DIRECTION ( 'NONE',  ( -1.000000000000000000, 0.000000000000000000, 0.000000000000000000 ) ) ;
#3387 = CARTESIAN_POINT ( 'NONE',  ( -0.3185000000000000053, 0.3185000000000000053, 6.526091725265000143 ) ) ;
#3388 = SURFACE_STYLE_FILL_AREA ( #3921 ) ;
#3389 = ORIENTED_EDGE ( 'NONE', *, *, #4368, .F. ) ;
#3390 = VECTOR ( 'NONE', #2117, 1000.000000000000000 ) ;
#3391 = DIRECTION ( 'NONE',  ( 1.000000000000000000, 0.000000000000000000, 0.000000000000000000 ) ) ;
#3392 = PRESENTATION_LAYER_ASSIGNMENT (  '', '', ( #2498 ) ) ;
#3393 = VECTOR ( 'NONE', #1536, 1000.000000000000000 ) ;
#3394 = EDGE_CURVE ( 'NONE', #1319, #2766, #1106, .T. ) ;
#3395 = FACE_OUTER_BOUND ( 'NONE', #3909, .T. ) ;
#3396 = CARTESIAN_POINT ( 'NONE',  ( 0.3200000000000000067, 0.3200000000000000067, -0.2000000000000000111 ) ) ;
#3397 = ORIENTED_EDGE ( 'NONE', *, *, #193, .T. ) ;
#3398 = EDGE_LOOP ( 'NONE', ( #865, #352, #179, #3432 ) ) ;
#3399 = ORIENTED_EDGE ( 'NONE', *, *, #2171, .F. ) ;
#3400 = PRESENTATION_LAYER_ASSIGNMENT (  '', '', ( #5297 ) ) ;
#3401 = EDGE_CURVE ( 'NONE', #4537, #645, #1545, .T. ) ;
#3402 = EDGE_CURVE ( 'NONE', #3561, #5790, #2970, .T. ) ;
#3403 = FILL_AREA_STYLE_COLOUR ( '', #698 ) ;
#3404 = EDGE_LOOP ( 'NONE', ( #834, #900, #5338, #2061 ) ) ;
#3405 = DIRECTION ( 'NONE',  ( 0.4648338989899218343, 0.000000000000000000, -0.8853979028379427296 ) ) ;
#3406 = ORIENTED_EDGE ( 'NONE', *, *, #2642, .T. ) ;
#3407 = DIRECTION ( 'NONE',  ( 0.000000000000000000, -1.000000000000000000, 0.000000000000000000 ) ) ;
#3408 = CARTESIAN_POINT ( 'NONE',  ( 1.369999999999999885, -2.339999999999999858, -1.699999999999999956 ) ) ;
#3409 = CARTESIAN_POINT ( 'NONE',  ( 0.3200000000000000067, -1.320000000000000062, -5.320000000000000284 ) ) ;
#3410 =( LENGTH_UNIT ( ) NAMED_UNIT ( * ) SI_UNIT ( .MILLI., .METRE. ) );
#3411 = SURFACE_STYLE_USAGE ( .BOTH. , #1508 ) ;
#3412 = VERTEX_POINT ( 'NONE', #2916 ) ;
#3413 = CARTESIAN_POINT ( 'NONE',  ( 11.33000000000000007, 0.000000000000000000, -1.699999999999999956 ) ) ;
#3414 = EDGE_CURVE ( 'NONE', #1597, #5876, #4339, .T. ) ;
#3415 = FACE_OUTER_BOUND ( 'NONE', #2106, .T. ) ;
#3416 = VERTEX_POINT ( 'NONE', #981 ) ;
#3417 = MECHANICAL_DESIGN_GEOMETRIC_PRESENTATION_REPRESENTATION (  '', ( #315 ), #2812 ) ;
#3418 =( NAMED_UNIT ( * ) SI_UNIT ( $, .STERADIAN. ) SOLID_ANGLE_UNIT ( ) );
#3419 = EDGE_CURVE ( 'NONE', #18, #2364, #4883, .T. ) ;
#3420 = CARTESIAN_POINT ( 'NONE',  ( -1.270000000000000018, 0.000000000000000000, 1.699999999999999956 ) ) ;
#3421 = VECTOR ( 'NONE', #3481, 1000.000000000000000 ) ;
#3422 = CARTESIAN_POINT ( 'NONE',  ( 6.450000000000000178, -0.2500000000000000000, 1.699999999999999956 ) ) ;
#3423 = FACE_OUTER_BOUND ( 'NONE', #5417, .T. ) ;
#3424 = CARTESIAN_POINT ( 'NONE',  ( 0.1950000000000000067, -4.270000000000000462, -2.765000000000000124 ) ) ;
#3425 =( NAMED_UNIT ( * ) SI_UNIT ( $, .STERADIAN. ) SOLID_ANGLE_UNIT ( ) );
#3426 = ORIENTED_EDGE ( 'NONE', *, *, #4971, .T. ) ;
#3427 = DIRECTION ( 'NONE',  ( 0.4648338989899218343, 0.000000000000000000, 0.8853979028379427296 ) ) ;
#3428 = CARTESIAN_POINT ( 'NONE',  ( 8.990000000000000213, -2.339999999999999858, 1.699999999999999956 ) ) ;
#3429 = COLOUR_RGB ( '',1.000000000000000000, 0.8078431372549019773, 0.4588235294117646856 ) ;
#3430 = CARTESIAN_POINT ( 'NONE',  ( -0.3185000000000000053, -0.3185000000000000053, 6.526091725265000143 ) ) ;
#3431 = VERTEX_POINT ( 'NONE', #4 ) ;
#3432 = ORIENTED_EDGE ( 'NONE', *, *, #1384, .F. ) ;
#3433 = ORIENTED_EDGE ( 'NONE', *, *, #6079, .T. ) ;
#3434 = AXIS2_PLACEMENT_3D ( 'NONE', #864, #5120, #1774 ) ;
#3435 = SURFACE_STYLE_FILL_AREA ( #5738 ) ;
#3436 = ORIENTED_EDGE ( 'NONE', *, *, #5174, .T. ) ;
#3437 = PRESENTATION_STYLE_ASSIGNMENT (( #1187 ) ) ;
#3438 = VERTEX_POINT ( 'NONE', #3861 ) ;
#3439 = LINE ( 'NONE', #3922, #5086 ) ;
#3440 = EDGE_CURVE ( 'NONE', #5790, #3582, #4852, .T. ) ;
#3441 = DIRECTION ( 'NONE',  ( 0.000000000000000000, 0.000000000000000000, -1.000000000000000000 ) ) ;
#3442 = ORIENTED_EDGE ( 'NONE', *, *, #3078, .T. ) ;
#3443 = DIRECTION ( 'NONE',  ( 0.000000000000000000, -0.8660254037844288266, 0.5000000000000169864 ) ) ;
#3444 = CARTESIAN_POINT ( 'NONE',  ( 8.789999999999999147, -2.339999999999999858, 1.699999999999999956 ) ) ;
#3445 = ORIENTED_EDGE ( 'NONE', *, *, #4287, .T. ) ;
#3446 = CARTESIAN_POINT ( 'NONE',  ( 9.410000000000000142, 0.000000000000000000, -2.500000000000000000 ) ) ;
#3447 = EDGE_CURVE ( 'NONE', #2882, #17, #4827, .T. ) ;
#3448 = DIRECTION ( 'NONE',  ( 0.000000000000000000, 0.000000000000000000, 1.000000000000000000 ) ) ;
#3449 = SURFACE_SIDE_STYLE ('',( #4275 ) ) ;
#3450 = FACE_OUTER_BOUND ( 'NONE', #2515, .T. ) ;
#3451 = ORIENTED_EDGE ( 'NONE', *, *, #5047, .T. ) ;
#3452 = LINE ( 'NONE', #1083, #4584 ) ;
#3453 = LINE ( 'NONE', #3872, #3012 ) ;
#3454 = PLANE ( 'NONE',  #4529 ) ;
#3455 = ADVANCED_FACE ( 'NONE', ( #3929 ), #2036, .T. ) ;
#3456 = CARTESIAN_POINT ( 'NONE',  ( 2.540000000000000036, -2.540000000000000036, 0.000000000000000000 ) ) ;
#3457 = ORIENTED_EDGE ( 'NONE', *, *, #1278, .F. ) ;
#3458 = ORIENTED_EDGE ( 'NONE', *, *, #3117, .F. ) ;
#3459 = VERTEX_POINT ( 'NONE', #757 ) ;
#3460 = AXIS2_PLACEMENT_3D ( 'NONE', #100, #3962, #5886 ) ;
#3461 = DIRECTION ( 'NONE',  ( -0.8853979028379428406, 0.000000000000000000, 0.4648338989899218343 ) ) ;
#3462 = EDGE_LOOP ( 'NONE', ( #4732, #2376, #4409, #1716 ) ) ;
#3463 = FILL_AREA_STYLE_COLOUR ( '', #1743 ) ;
#3464 = EDGE_LOOP ( 'NONE', ( #2035, #2223, #142, #1990 ) ) ;
#3465 = DIRECTION ( 'NONE',  ( 0.000000000000000000, -1.000000000000000000, 0.000000000000000000 ) ) ;
#3466 = VECTOR ( 'NONE', #4881, 1000.000000000000000 ) ;
#3467 = DIRECTION ( 'NONE',  ( 0.000000000000000000, 0.000000000000000000, 1.000000000000000000 ) ) ;
#3468 = CARTESIAN_POINT ( 'NONE',  ( 0.3200000000000000067, 0.000000000000000000, 0.9499999999999999556 ) ) ;
#3469 = VECTOR ( 'NONE', #4308, 1000.000000000000000 ) ;
#3470 = ADVANCED_FACE ( 'NONE', ( #5422 ), #1232, .T. ) ;
#3471 = DIRECTION ( 'NONE',  ( 0.000000000000000000, -1.000000000000000000, 0.000000000000000000 ) ) ;
#3472 = ORIENTED_EDGE ( 'NONE', *, *, #4823, .T. ) ;
#3473 = CARTESIAN_POINT ( 'NONE',  ( 6.870000000000000107, -2.540000000000000036, -2.500000000000000000 ) ) ;
#3474 = DIRECTION ( 'NONE',  ( 0.000000000000000000, 0.000000000000000000, -1.000000000000000000 ) ) ;
#3475 = ORIENTED_EDGE ( 'NONE', *, *, #47, .T. ) ;
#3476 = VECTOR ( 'NONE', #5334, 1000.000000000000000 ) ;
#3477 = DIRECTION ( 'NONE',  ( -0.4648338989899218343, 0.000000000000000000, -0.8853979028379427296 ) ) ;
#3478 = UNCERTAINTY_MEASURE_WITH_UNIT (LENGTH_MEASURE( 1.000000000000000082E-05 ), #4217, 'distance_accuracy_value', 'NONE');
#3479 = VECTOR ( 'NONE', #4694, 1000.000000000000000 ) ;
#3480 = ADVANCED_FACE ( 'NONE', ( #3131, #5041, #2541, #3635, #4463, #5882, #4553, #4055, #2062, #2604, #3989 ), #1704, .F. ) ;
#3481 = DIRECTION ( 'NONE',  ( 0.000000000000000000, 0.000000000000000000, 1.000000000000000000 ) ) ;
#3482 = CARTESIAN_POINT ( 'NONE',  ( 3.910000000000000142, -2.339999999999999858, -1.699999999999999956 ) ) ;
#3483 = CARTESIAN_POINT ( 'NONE',  ( 2.220000000000000195, 0.000000000000000000, 1.590000000000000080 ) ) ;
#3484 = VERTEX_POINT ( 'NONE', #1734 ) ;
#3485 = EDGE_CURVE ( 'NONE', #2042, #4418, #1609, .T. ) ;
#3486 = VECTOR ( 'NONE', #2379, 1000.000000000000114 ) ;
#3487 = DIRECTION ( 'NONE',  ( 0.000000000000000000, -1.000000000000000000, 0.000000000000000000 ) ) ;
#3488 = PRODUCT_CONTEXT ( 'NONE', #2043, 'mechanical' ) ;
#3489 =( LENGTH_UNIT ( ) NAMED_UNIT ( * ) SI_UNIT ( .MILLI., .METRE. ) );
#3490 = FACE_OUTER_BOUND ( 'NONE', #1585, .T. ) ;
#3491 = LINE ( 'NONE', #3051, #4016 ) ;
#3492 = EDGE_LOOP ( 'NONE', ( #2058, #1544, #5204, #5703 ) ) ;
#3493 = VECTOR ( 'NONE', #3945, 1000.000000000000000 ) ;
#3494 = VERTEX_POINT ( 'NONE', #1141 ) ;
#3495 = ORIENTED_EDGE ( 'NONE', *, *, #1655, .F. ) ;
#3496 = EDGE_CURVE ( 'NONE', #1789, #1872, #3603, .T. ) ;
#3497 = ADVANCED_FACE ( 'NONE', ( #4491 ), #1671, .T. ) ;
#3498 = STYLED_ITEM ( 'NONE', ( #4857 ), #4303 ) ;
#3499 = EDGE_LOOP ( 'NONE', ( #5991, #4597, #3268, #5647 ) ) ;
#3500 = VECTOR ( 'NONE', #1549, 1000.000000000000000 ) ;
#3501 = DIRECTION ( 'NONE',  ( 1.000000000000000000, 0.000000000000000000, 0.000000000000000000 ) ) ;
#3502 = ORIENTED_EDGE ( 'NONE', *, *, #4368, .T. ) ;
#3503 =( NAMED_UNIT ( * ) SI_UNIT ( $, .STERADIAN. ) SOLID_ANGLE_UNIT ( ) );
#3504 = AXIS2_PLACEMENT_3D ( 'NONE', #6015, #2323, #2199 ) ;
#3505 = CARTESIAN_POINT ( 'NONE',  ( 0.7500000000000000000, -2.540000000000000036, 2.500000000000000000 ) ) ;
#3506 = AXIS2_PLACEMENT_3D ( 'NONE', #4205, #5099, #1347 ) ;
#3507 = CARTESIAN_POINT ( 'NONE',  ( -0.3200000000000000067, -0.2500000000000000000, -0.9499999999999999556 ) ) ;
#3508 = VECTOR ( 'NONE', #6060, 1000.000000000000000 ) ;
#3509 = DIRECTION ( 'NONE',  ( 0.000000000000000000, 0.000000000000000000, 1.000000000000000000 ) ) ;
#3510 = VERTEX_POINT ( 'NONE', #2130 ) ;
#3511 = DIRECTION ( 'NONE',  ( 0.000000000000000000, 0.000000000000000000, 1.000000000000000000 ) ) ;
#3512 = ORIENTED_EDGE ( 'NONE', *, *, #2257, .T. ) ;
#3513 = CARTESIAN_POINT ( 'NONE',  ( 6.450000000000000178, 0.000000000000000000, -1.699999999999999956 ) ) ;
#3514 = AXIS2_PLACEMENT_3D ( 'NONE', #861, #957, #2893 ) ;
#3515 = CARTESIAN_POINT ( 'NONE',  ( 2.540000000000000036, 0.000000000000000000, 0.000000000000000000 ) ) ;
#3516 = PRESENTATION_LAYER_ASSIGNMENT (  '', '', ( #1720 ) ) ;
#3517 = FILL_AREA_STYLE_COLOUR ( '', #2758 ) ;
#3518 = DIRECTION ( 'NONE',  ( 0.000000000000000000, -1.000000000000000000, 0.000000000000000000 ) ) ;
#3519 = CARTESIAN_POINT ( 'NONE',  ( 0.1950000000000000067, -6.810000000000000497, -6.445000000000000284 ) ) ;
#3520 = ORIENTED_EDGE ( 'NONE', *, *, #5362, .T. ) ;
#3521 = EDGE_CURVE ( 'NONE', #859, #5108, #4399, .T. ) ;
#3522 = CARTESIAN_POINT ( 'NONE',  ( 6.450000000000000178, -0.2500000000000000000, -1.699999999999999956 ) ) ;
#3523 = CARTESIAN_POINT ( 'NONE',  ( 2.860000000000000320, 0.000000000000000000, 1.590000000000000080 ) ) ;
#3524 = DIRECTION ( 'NONE',  ( 1.000000000000000000, 0.000000000000000000, 0.000000000000000000 ) ) ;
#3525 = ADVANCED_FACE ( 'NONE', ( #661 ), #2192, .F. ) ;
#3526 = EDGE_LOOP ( 'NONE', ( #2248, #4760, #4391, #2494 ) ) ;
#3527 = ORIENTED_EDGE ( 'NONE', *, *, #3611, .F. ) ;
#3528 = ORIENTED_EDGE ( 'NONE', *, *, #891, .F. ) ;
#3529 = EDGE_CURVE ( 'NONE', #2823, #737, #4115, .T. ) ;
#3530 =( GEOMETRIC_REPRESENTATION_CONTEXT ( 3 ) GLOBAL_UNCERTAINTY_ASSIGNED_CONTEXT ( ( #2826 ) ) GLOBAL_UNIT_ASSIGNED_CONTEXT ( ( #1005, #2502, #3343 ) ) REPRESENTATION_CONTEXT ( 'NONE', 'WORKASPACE' ) );
#3531 = DIRECTION ( 'NONE',  ( -1.000000000000000000, 0.000000000000000000, 0.000000000000000000 ) ) ;
#3532 = DIRECTION ( 'NONE',  ( 0.8660254037844288266, 0.5000000000000169864, 0.000000000000000000 ) ) ;
#3533 = VERTEX_POINT ( 'NONE', #5607 ) ;
#3534 = PRODUCT_DEFINITION ( 'UNKNOWN', '', #5378, #3720 ) ;
#3535 = PLANE ( 'NONE',  #2028 ) ;
#3536 = LINE ( 'NONE', #5004, #3783 ) ;
#3537 = LINE ( 'NONE', #5470, #3272 ) ;
#3538 = CARTESIAN_POINT ( 'NONE',  ( 10.48000000000000043, -0.2500000000000000000, 1.590000000000000080 ) ) ;
#3539 = MECHANICAL_DESIGN_GEOMETRIC_PRESENTATION_REPRESENTATION (  '', ( #1144 ), #4544 ) ;
#3540 = CARTESIAN_POINT ( 'NONE',  ( 11.13312500000000149, 0.000000000000000000, 2.075000000000000178 ) ) ;
#3541 = ORIENTED_EDGE ( 'NONE', *, *, #838, .F. ) ;
#3542 = LINE ( 'NONE', #2034, #5675 ) ;
#3543 = VERTEX_POINT ( 'NONE', #408 ) ;
#3544 = UNCERTAINTY_MEASURE_WITH_UNIT (LENGTH_MEASURE( 1.000000000000000082E-05 ), #131, 'distance_accuracy_value', 'NONE');
#3545 = PLANE ( 'NONE',  #5521 ) ;
#3546 = FACE_OUTER_BOUND ( 'NONE', #1848, .T. ) ;
#3547 = DIRECTION ( 'NONE',  ( 0.000000000000000000, 0.000000000000000000, -1.000000000000000000 ) ) ;
#3548 = CARTESIAN_POINT ( 'NONE',  ( 6.870000000000000107, 0.000000000000000000, 2.500000000000000000 ) ) ;
#3549 = ORIENTED_EDGE ( 'NONE', *, *, #3750, .F. ) ;
#3550 =( LENGTH_UNIT ( ) NAMED_UNIT ( * ) SI_UNIT ( .MILLI., .METRE. ) );
#3551 = ITEM_DEFINED_TRANSFORMATION ( 'NONE', 'NONE', #2416,  #5307 ) ;
#3552 = LINE ( 'NONE', #5926, #2422 ) ;
#3553 = DIRECTION ( 'NONE',  ( 0.000000000000000000, 0.000000000000000000, -1.000000000000000000 ) ) ;
#3554 = PLANE ( 'NONE',  #3001 ) ;
#3555 = ORIENTED_EDGE ( 'NONE', *, *, #922, .T. ) ;
#3556 = EDGE_CURVE ( 'NONE', #3634, #4900, #3704, .T. ) ;
#3557 = ORIENTED_EDGE ( 'NONE', *, *, #1839, .F. ) ;
#3558 = CARTESIAN_POINT ( 'NONE',  ( -0.9731250000000000178, -0.2500000000000000000, -2.075000000000000178 ) ) ;
#3559 = EDGE_CURVE ( 'NONE', #4631, #3067, #4241, .T. ) ;
#3560 = DIRECTION ( 'NONE',  ( -1.000000000000000000, 0.000000000000000000, 0.000000000000000000 ) ) ;
#3561 = VERTEX_POINT ( 'NONE', #1759 ) ;
#3562 = CARTESIAN_POINT ( 'NONE',  ( 4.330000000000000071, 0.000000000000000000, 2.500000000000000000 ) ) ;
#3563 = LINE ( 'NONE', #5938, #3880 ) ;
#3564 = AXIS2_PLACEMENT_3D ( 'NONE', #926, #5115, #4718 ) ;
#3565 = EDGE_CURVE ( 'NONE', #1252, #320, #5164, .T. ) ;
#3566 = DIRECTION ( 'NONE',  ( 0.000000000000000000, 0.000000000000000000, 1.000000000000000000 ) ) ;
#3567 = LINE ( 'NONE', #781, #2004 ) ;
#3568 = DIRECTION ( 'NONE',  ( -0.4472135954999771901, 0.7745966692414611998, 0.4472135954999771901 ) ) ;
#3569 = ORIENTED_EDGE ( 'NONE', *, *, #4949, .F. ) ;
#3570 = DIRECTION ( 'NONE',  ( 0.000000000000000000, 0.000000000000000000, 1.000000000000000000 ) ) ;
#3571 = LINE ( 'NONE', #3444, #5574 ) ;
#3572 = ORIENTED_EDGE ( 'NONE', *, *, #243, .F. ) ;
#3573 =( LENGTH_UNIT ( ) NAMED_UNIT ( * ) SI_UNIT ( .MILLI., .METRE. ) );
#3574 = VECTOR ( 'NONE', #3676, 1000.000000000000000 ) ;
#3575 = EDGE_CURVE ( 'NONE', #786, #2243, #1850, .T. ) ;
#3576 = DIRECTION ( 'NONE',  ( -1.000000000000000000, 0.000000000000000000, 0.000000000000000000 ) ) ;
#3577 = VECTOR ( 'NONE', #3391, 1000.000000000000000 ) ;
#3578 = FACE_OUTER_BOUND ( 'NONE', #4237, .T. ) ;
#3579 = CARTESIAN_POINT ( 'NONE',  ( 6.450000000000000178, -2.540000000000000036, -1.699999999999999956 ) ) ;
#3580 = VECTOR ( 'NONE', #5939, 1000.000000000000000 ) ;
#3581 = LINE ( 'NONE', #3548, #4014 ) ;
#3582 = VERTEX_POINT ( 'NONE', #5103 ) ;
#3583 = AXIS2_PLACEMENT_3D ( 'NONE', #2045, #106, #1523 ) ;
#3584 = APPLICATION_PROTOCOL_DEFINITION ( 'draft international standard', 'automotive_design', 1998, #4382 ) ;
#3585 = DIRECTION ( 'NONE',  ( 0.000000000000000000, 0.000000000000000000, -1.000000000000000000 ) ) ;
#3586 = DIRECTION ( 'NONE',  ( 0.000000000000000000, 1.000000000000000000, 0.000000000000000000 ) ) ;
#3587 = EDGE_LOOP ( 'NONE', ( #4485, #1123, #3541, #5128, #4291, #5739, #2590 ) ) ;
#3588 = EDGE_LOOP ( 'NONE', ( #312, #1163, #1013, #5832 ) ) ;
#3589 = STYLED_ITEM ( 'NONE', ( #5916 ), #3525 ) ;
#3590 = DIRECTION ( 'NONE',  ( -0.4648338989899218343, 0.000000000000000000, -0.8853979028379427296 ) ) ;
#3591 = CARTESIAN_POINT ( 'NONE',  ( 6.450000000000000178, -0.2500000000000000000, 1.699999999999999956 ) ) ;
#3592 = ORIENTED_EDGE ( 'NONE', *, *, #3640, .T. ) ;
#3593 = SURFACE_SIDE_STYLE ('',( #4968 ) ) ;
#3594 = DIRECTION ( 'NONE',  ( 1.000000000000000000, 0.000000000000000000, 0.000000000000000000 ) ) ;
#3595 = VECTOR ( 'NONE', #3878, 1000.000000000000114 ) ;
#3596 = EDGE_CURVE ( 'NONE', #6103, #3299, #5134, .T. ) ;
#3597 = EDGE_CURVE ( 'NONE', #5456, #3271, #1383, .T. ) ;
#3598 = DIRECTION ( 'NONE',  ( 0.000000000000000000, 0.000000000000000000, 1.000000000000000000 ) ) ;
#3599 = CARTESIAN_POINT ( 'NONE',  ( 8.370000000000000995, 0.000000000000000000, -2.500000000000000000 ) ) ;
#3600 = FILL_AREA_STYLE ('',( #2598 ) ) ;
#3601 = ORIENTED_EDGE ( 'NONE', *, *, #885, .T. ) ;
#3602 = ORIENTED_EDGE ( 'NONE', *, *, #3294, .T. ) ;
#3603 = LINE ( 'NONE', #5451, #5482 ) ;
#3604 = VECTOR ( 'NONE', #461, 1000.000000000000114 ) ;
#3605 = AXIS2_PLACEMENT_3D ( 'NONE', #4799, #5722, #2822 ) ;
#3606 = EDGE_CURVE ( 'NONE', #4319, #345, #878, .T. ) ;
#3607 = DIRECTION ( 'NONE',  ( 0.000000000000000000, -1.000000000000000000, 0.000000000000000000 ) ) ;
#3608 = CARTESIAN_POINT ( 'NONE',  ( -1.524000000000000021, 0.000000000000000000, 2.075000000000000178 ) ) ;
#3609 = ORIENTED_EDGE ( 'NONE', *, *, #2532, .T. ) ;
#3610 = VECTOR ( 'NONE', #791, 1000.000000000000000 ) ;
#3611 = EDGE_CURVE ( 'NONE', #2324, #4423, #6134, .T. ) ;
#3612 = SURFACE_STYLE_FILL_AREA ( #4123 ) ;
#3613 = ITEM_DEFINED_TRANSFORMATION ( 'NONE', 'NONE', #1622,  #5307 ) ;
#3614 = AXIS2_PLACEMENT_3D ( 'NONE', #5893, #4563, #3115 ) ;
#3615 = SURFACE_STYLE_USAGE ( .BOTH. , #4592 ) ;
#3616 =( NAMED_UNIT ( * ) SI_UNIT ( $, .STERADIAN. ) SOLID_ANGLE_UNIT ( ) );
#3617 = LINE ( 'NONE', #205, #5104 ) ;
#3618 = ORIENTED_EDGE ( 'NONE', *, *, #655, .F. ) ;
#3619 = EDGE_LOOP ( 'NONE', ( #3028, #2660, #3557, #3851 ) ) ;
#3620 = AXIS2_PLACEMENT_3D ( 'NONE', #4127, #3715, #1742 ) ;
#3621 = PLANE ( 'NONE',  #2496 ) ;
#3622 = VECTOR ( 'NONE', #2229, 1000.000000000000000 ) ;
#3623 = CARTESIAN_POINT ( 'NONE',  ( 7.299999999999999822, -0.2500000000000000000, 0.9499999999999999556 ) ) ;
#3624 = ORIENTED_EDGE ( 'NONE', *, *, #5165, .F. ) ;
#3625 = FILL_AREA_STYLE ('',( #1247 ) ) ;
#3626 = LINE ( 'NONE', #1277, #1692 ) ;
#3627 = PLANE ( 'NONE',  #5972 ) ;
#3628 = CARTESIAN_POINT ( 'NONE',  ( -0.3200000000000000067, -1.320000000000000062, -3.279999999999999805 ) ) ;
#3629 = PRESENTATION_LAYER_ASSIGNMENT (  '', '', ( #24 ) ) ;
#3630 = CARTESIAN_POINT ( 'NONE',  ( 6.053125000000000533, 0.000000000000000000, 2.075000000000000178 ) ) ;
#3631 = ORIENTED_EDGE ( 'NONE', *, *, #4642, .T. ) ;
#3632 = DIRECTION ( 'NONE',  ( 0.000000000000000000, 1.000000000000000000, 0.000000000000000000 ) ) ;
#3633 = EDGE_CURVE ( 'NONE', #1528, #1476, #3157, .T. ) ;
#3634 = VERTEX_POINT ( 'NONE', #6068 ) ;
#3635 = FACE_BOUND ( 'NONE', #5243, .T. ) ;
#3636 = ADVANCED_FACE ( 'NONE', ( #2695 ), #3764, .F. ) ;
#3637 = VECTOR ( 'NONE', #3237, 1000.000000000000000 ) ;
#3638 = DIRECTION ( 'NONE',  ( -1.000000000000000000, 0.000000000000000000, 0.000000000000000000 ) ) ;
#3639 = DIRECTION ( 'NONE',  ( 1.000000000000000000, 0.000000000000000000, 0.000000000000000000 ) ) ;
#3640 = EDGE_CURVE ( 'NONE', #2403, #3494, #2751, .T. ) ;
#3641 = CARTESIAN_POINT ( 'NONE',  ( 6.646874999999999645, -0.2500000000000000000, -2.075000000000000178 ) ) ;
#3642 = ORIENTED_EDGE ( 'NONE', *, *, #699, .T. ) ;
#3643 = ADVANCED_FACE ( 'NONE', ( #1322 ), #2788, .T. ) ;
#3644 = DIRECTION ( 'NONE',  ( 0.000000000000000000, 0.000000000000000000, -1.000000000000000000 ) ) ;
#3645 = CONTEXT_DEPENDENT_SHAPE_REPRESENTATION ( #210, #1371 ) ;
#3646 = DIRECTION ( 'NONE',  ( 1.000000000000000000, 0.000000000000000000, 0.000000000000000000 ) ) ;
#3647 = FACE_OUTER_BOUND ( 'NONE', #5986, .T. ) ;
#3648 = LINE ( 'NONE', #2645, #4615 ) ;
#3649 = VERTEX_POINT ( 'NONE', #6106 ) ;
#3650 = EDGE_LOOP ( 'NONE', ( #614, #5311, #5213, #3389 ) ) ;
#3651 = APPLICATION_CONTEXT ( 'automotive_design' ) ;
#3652 = EDGE_CURVE ( 'NONE', #2226, #5861, #5573, .T. ) ;
#3653 = LINE ( 'NONE', #715, #5286 ) ;
#3654 = DIRECTION ( 'NONE',  ( -1.000000000000000000, 0.000000000000000000, 0.000000000000000000 ) ) ;
#3655 = ORIENTED_EDGE ( 'NONE', *, *, #3394, .T. ) ;
#3656 = CARTESIAN_POINT ( 'NONE',  ( 0.3200000000000000067, -2.540000000000000036, -0.9499999999999999556 ) ) ;
#3657 = DIRECTION ( 'NONE',  ( 1.000000000000000000, 0.000000000000000000, 0.000000000000000000 ) ) ;
#3658 = CARTESIAN_POINT ( 'NONE',  ( 3.910000000000000142, -0.2500000000000000000, 1.699999999999999956 ) ) ;
#3659 = DIRECTION ( 'NONE',  ( 0.000000000000000000, 0.000000000000000000, 1.000000000000000000 ) ) ;
#3660 = DIRECTION ( 'NONE',  ( 0.000000000000000000, -1.000000000000000000, 0.000000000000000000 ) ) ;
#3661 = ORIENTED_EDGE ( 'NONE', *, *, #1991, .F. ) ;
#3662 = CARTESIAN_POINT ( 'NONE',  ( 0.7500000000000000000, 0.000000000000000000, 2.500000000000000000 ) ) ;
#3663 = CARTESIAN_POINT ( 'NONE',  ( 10.91000000000000014, 0.000000000000000000, 2.500000000000000000 ) ) ;
#3664 = ORIENTED_EDGE ( 'NONE', *, *, #3133, .F. ) ;
#3665 = DIRECTION ( 'NONE',  ( 0.000000000000000000, 0.000000000000000000, -1.000000000000000000 ) ) ;
#3666 = PRODUCT_DEFINITION_SHAPE ( 'NONE', 'NONE',  #6188 ) ;
#3667 = ADVANCED_FACE ( 'NONE', ( #1287 ), #3738, .T. ) ;
#3668 = MECHANICAL_DESIGN_GEOMETRIC_PRESENTATION_REPRESENTATION (  '', ( #3158 ), #971 ) ;
#3669 = DIRECTION ( 'NONE',  ( -0.000000000000000000, 0.8660254037844288266, 0.5000000000000169864 ) ) ;
#3670 = PLANE ( 'NONE',  #5364 ) ;
#3671 = LINE ( 'NONE', #5107, #606 ) ;
#3672 = ORIENTED_EDGE ( 'NONE', *, *, #5698, .F. ) ;
#3673 = SURFACE_STYLE_USAGE ( .BOTH. , #4742 ) ;
#3674 = MECHANICAL_DESIGN_GEOMETRIC_PRESENTATION_REPRESENTATION (  '', ( #4478 ), #1865 ) ;
#3675 = EDGE_CURVE ( 'NONE', #525, #2882, #5660, .T. ) ;
#3676 = DIRECTION ( 'NONE',  ( 1.000000000000000000, 0.000000000000000000, 0.000000000000000000 ) ) ;
#3677 = EDGE_CURVE ( 'NONE', #5861, #2452, #2818, .T. ) ;
#3678 = CONTEXT_DEPENDENT_SHAPE_REPRESENTATION ( #2687, #3666 ) ;
#3679 = VECTOR ( 'NONE', #88, 1000.000000000000000 ) ;
#3680 = STYLED_ITEM ( 'NONE', ( #1546 ), #2249 ) ;
#3681 = LINE ( 'NONE', #3232, #1224 ) ;
#3682 = DIRECTION ( 'NONE',  ( 0.000000000000000000, -1.000000000000000000, 0.000000000000000000 ) ) ;
#3683 = ORIENTED_EDGE ( 'NONE', *, *, #5546, .F. ) ;
#3684 = ORIENTED_EDGE ( 'NONE', *, *, #4144, .F. ) ;
#3685 = MECHANICAL_DESIGN_GEOMETRIC_PRESENTATION_REPRESENTATION (  '', ( #5175 ), #3376 ) ;
#3686 = PLANE ( 'NONE',  #2891 ) ;
#3687 = CIRCLE ( 'NONE', #383, 1.000000000000000000 ) ;
#3688 = MECHANICAL_DESIGN_GEOMETRIC_PRESENTATION_REPRESENTATION (  '', ( #3991 ), #4590 ) ;
#3689 = EDGE_CURVE ( 'NONE', #5257, #3298, #4268, .T. ) ;
#3690 = CARTESIAN_POINT ( 'NONE',  ( 0.3200000000000000067, -0.2500000000000000000, 0.9499999999999999556 ) ) ;
#3691 = ORIENTED_EDGE ( 'NONE', *, *, #1132, .T. ) ;
#3692 =( NAMED_UNIT ( * ) PLANE_ANGLE_UNIT ( ) SI_UNIT ( $, .RADIAN. ) );
#3693 = CARTESIAN_POINT ( 'NONE',  ( 10.48000000000000043, -2.540000000000000036, -1.590000000000000080 ) ) ;
#3694 = AXIS2_PLACEMENT_3D ( 'NONE', #1166, #4083, #1669 ) ;
#3695 = CARTESIAN_POINT ( 'NONE',  ( 9.839999999999999858, 0.000000000000000000, -1.590000000000000080 ) ) ;
#3696 = CARTESIAN_POINT ( 'NONE',  ( 11.33000000000000007, -2.540000000000000036, 1.699999999999999956 ) ) ;
#3697 = EDGE_LOOP ( 'NONE', ( #4587, #1763, #2536, #3263 ) ) ;
#3698 = FACE_OUTER_BOUND ( 'NONE', #3047, .T. ) ;
#3699 = CARTESIAN_POINT ( 'NONE',  ( 0.3200000000000000067, 0.3200000000000000067, 0.9399999999999999467 ) ) ;
#3700 = ORIENTED_EDGE ( 'NONE', *, *, #2563, .F. ) ;
#3701 = DIRECTION ( 'NONE',  ( 0.000000000000000000, 0.000000000000000000, 1.000000000000000000 ) ) ;
#3702 = DIRECTION ( 'NONE',  ( 0.000000000000000000, 0.000000000000000000, 1.000000000000000000 ) ) ;
#3703 = ORIENTED_EDGE ( 'NONE', *, *, #5126, .T. ) ;
#3704 = LINE ( 'NONE', #3223, #5878 ) ;
#3705 = VECTOR ( 'NONE', #4612, 1000.000000000000000 ) ;
#3706 =( NAMED_UNIT ( * ) PLANE_ANGLE_UNIT ( ) SI_UNIT ( $, .RADIAN. ) );
#3707 = SURFACE_STYLE_USAGE ( .BOTH. , #4648 ) ;
#3708 = DIRECTION ( 'NONE',  ( 0.000000000000000000, 1.000000000000000000, 0.000000000000000000 ) ) ;
#3709 = ORIENTED_EDGE ( 'NONE', *, *, #1233, .F. ) ;
#3710 = DIRECTION ( 'NONE',  ( 0.000000000000000000, 0.000000000000000000, -1.000000000000000000 ) ) ;
#3711 = AXIS2_PLACEMENT_3D ( 'NONE', #1971, #566, #3799 ) ;
#3712 = UNCERTAINTY_MEASURE_WITH_UNIT (LENGTH_MEASURE( 1.000000000000000082E-05 ), #5859, 'distance_accuracy_value', 'NONE');
#3713 = CARTESIAN_POINT ( 'NONE',  ( 6.250000000000000000, 0.000000000000000000, 1.699999999999999956 ) ) ;
#3714 = AXIS2_PLACEMENT_3D ( 'NONE', #4699, #404, #3760 ) ;
#3715 = DIRECTION ( 'NONE',  ( -1.000000000000000000, 0.000000000000000000, 0.000000000000000000 ) ) ;
#3716 = CARTESIAN_POINT ( 'NONE',  ( 8.789999999999999147, -2.339999999999999858, -1.699999999999999956 ) ) ;
#3717 = ORIENTED_EDGE ( 'NONE', *, *, #236, .F. ) ;
#3718 = EDGE_LOOP ( 'NONE', ( #1703, #3445, #4549, #332 ) ) ;
#3719 = EDGE_CURVE ( 'NONE', #2966, #2872, #1537, .T. ) ;
#3720 = PRODUCT_DEFINITION_CONTEXT ( 'detailed design', #3651, 'design' ) ;
#3721 = EDGE_CURVE ( 'NONE', #3120, #786, #1596, .T. ) ;
#3722 = PRESENTATION_STYLE_ASSIGNMENT (( #4253 ) ) ;
#3723 = EDGE_LOOP ( 'NONE', ( #4488, #2553, #1208, #1346 ) ) ;
#3724 = VECTOR ( 'NONE', #5025, 1000.000000000000114 ) ;
#3725 = LINE ( 'NONE', #2740, #3943 ) ;
#3726 = ORIENTED_EDGE ( 'NONE', *, *, #3596, .T. ) ;
#3727 = PRODUCT ( 'M20-9740542', 'M20-9740542', '', ( #5399 ) ) ;
#3728 = EDGE_CURVE ( 'NONE', #2888, #4727, #946, .T. ) ;
#3729 = PLANE ( 'NONE',  #182 ) ;
#3730 = LINE ( 'NONE', #1753, #2773 ) ;
#3731 = VECTOR ( 'NONE', #5050, 1000.000000000000000 ) ;
#3732 = CARTESIAN_POINT ( 'NONE',  ( -0.3200000000000000067, 0.3200000000000000067, -0.2000000000000000111 ) ) ;
#3733 = ORIENTED_EDGE ( 'NONE', *, *, #2102, .F. ) ;
#3734 = LINE ( 'NONE', #5539, #98 ) ;
#3735 = ORIENTED_EDGE ( 'NONE', *, *, #4527, .F. ) ;
#3736 =( NAMED_UNIT ( * ) SI_UNIT ( $, .STERADIAN. ) SOLID_ANGLE_UNIT ( ) );
#3737 = PLANE ( 'NONE',  #4008 ) ;
#3738 = PLANE ( 'NONE',  #4502 ) ;
#3739 = EDGE_CURVE ( 'NONE', #3823, #901, #54, .T. ) ;
#3740 = DIRECTION ( 'NONE',  ( 0.000000000000000000, -1.000000000000000000, 0.000000000000000000 ) ) ;
#3741 = DIRECTION ( 'NONE',  ( 0.000000000000000000, 1.000000000000000000, 0.000000000000000000 ) ) ;
#3742 = ORIENTED_EDGE ( 'NONE', *, *, #374, .T. ) ;
#3743 = CARTESIAN_POINT ( 'NONE',  ( 10.48000000000000043, -0.2500000000000000000, 0.9499999999999999556 ) ) ;
#3744 =( NAMED_UNIT ( * ) SI_UNIT ( $, .STERADIAN. ) SOLID_ANGLE_UNIT ( ) );
#3745 = CARTESIAN_POINT ( 'NONE',  ( 4.760000000000000675, -0.2500000000000000000, -1.590000000000000080 ) ) ;
#3746 = CARTESIAN_POINT ( 'NONE',  ( 11.42999999999999972, -0.2500000000000000000, -1.699999999999999956 ) ) ;
#3747 = ORIENTED_EDGE ( 'NONE', *, *, #4638, .T. ) ;
#3748 = ORIENTED_EDGE ( 'NONE', *, *, #5333, .F. ) ;
#3749 = CARTESIAN_POINT ( 'NONE',  ( 0.000000000000000000, -1.600000000000000089, -1.270000000000000018 ) ) ;
#3750 = EDGE_CURVE ( 'NONE', #18, #5930, #3439, .T. ) ;
#3751 = DIRECTION ( 'NONE',  ( 0.000000000000000000, 0.000000000000000000, 1.000000000000000000 ) ) ;
#3752 = ORIENTED_EDGE ( 'NONE', *, *, #3689, .F. ) ;
#3753 = ORIENTED_EDGE ( 'NONE', *, *, #2369, .T. ) ;
#3754 = ORIENTED_EDGE ( 'NONE', *, *, #5464, .T. ) ;
#3755 = CARTESIAN_POINT ( 'NONE',  ( 10.48000000000000043, -2.540000000000000036, 1.590000000000000080 ) ) ;
#3756 = LINE ( 'NONE', #868, #5480 ) ;
#3757 = EDGE_CURVE ( 'NONE', #4960, #3875, #1908, .T. ) ;
#3758 = CARTESIAN_POINT ( 'NONE',  ( 9.410000000000000142, -2.540000000000000036, 2.500000000000000000 ) ) ;
#3759 = ORIENTED_EDGE ( 'NONE', *, *, #744, .F. ) ;
#3760 = DIRECTION ( 'NONE',  ( 0.000000000000000000, 0.000000000000000000, -1.000000000000000000 ) ) ;
#3761 =( NAMED_UNIT ( * ) PLANE_ANGLE_UNIT ( ) SI_UNIT ( $, .RADIAN. ) );
#3762 = ORIENTED_EDGE ( 'NONE', *, *, #1263, .T. ) ;
#3763 = DIRECTION ( 'NONE',  ( 0.000000000000000000, -1.000000000000000000, 0.000000000000000000 ) ) ;
#3764 = PLANE ( 'NONE',  #2685 ) ;
#3765 = ADVANCED_FACE ( 'NONE', ( #5252 ), #2029, .T. ) ;
#3766 = LINE ( 'NONE', #561, #5267 ) ;
#3767 = CARTESIAN_POINT ( 'NONE',  ( 6.450000000000000178, -2.540000000000000036, -1.699999999999999956 ) ) ;
#3768 = FACE_OUTER_BOUND ( 'NONE', #3650, .T. ) ;
#3769 = EDGE_CURVE ( 'NONE', #2339, #345, #121, .T. ) ;
#3770 = ORIENTED_EDGE ( 'NONE', *, *, #571, .T. ) ;
#3771 = CARTESIAN_POINT ( 'NONE',  ( 7.299999999999999822, -2.540000000000000036, -0.9499999999999999556 ) ) ;
#3772 = EDGE_CURVE ( 'NONE', #5247, #487, #2849, .T. ) ;
#3773 = VECTOR ( 'NONE', #2887, 1000.000000000000000 ) ;
#3774 = FACE_OUTER_BOUND ( 'NONE', #2436, .T. ) ;
#3775 = PLANE ( 'NONE',  #16 ) ;
#3776 = DIRECTION ( 'NONE',  ( 0.000000000000000000, 0.000000000000000000, 1.000000000000000000 ) ) ;
#3777 = ORIENTED_EDGE ( 'NONE', *, *, #5727, .T. ) ;
#3778 = MECHANICAL_DESIGN_GEOMETRIC_PRESENTATION_REPRESENTATION (  '', ( #3980 ), #2271 ) ;
#3779 = ORIENTED_EDGE ( 'NONE', *, *, #2414, .T. ) ;
#3780 = UNCERTAINTY_MEASURE_WITH_UNIT (LENGTH_MEASURE( 1.000000000000000082E-05 ), #2983, 'distance_accuracy_value', 'NONE');
#3781 = AXIS2_PLACEMENT_3D ( 'NONE', #3420, #4769, #983 ) ;
#3782 = ORIENTED_EDGE ( 'NONE', *, *, #4616, .T. ) ;
#3783 = VECTOR ( 'NONE', #653, 1000.000000000000000 ) ;
#3784 = VERTEX_POINT ( 'NONE', #4846 ) ;
#3785 = CARTESIAN_POINT ( 'NONE',  ( 7.299999999999999822, -0.2500000000000000000, -1.590000000000000080 ) ) ;
#3786 = LINE ( 'NONE', #2342, #1593 ) ;
#3787 = VECTOR ( 'NONE', #854, 1000.000000000000000 ) ;
#3788 = CARTESIAN_POINT ( 'NONE',  ( 0.9731250000000000178, 0.000000000000000000, -2.075000000000000178 ) ) ;
#3789 = ORIENTED_EDGE ( 'NONE', *, *, #4233, .F. ) ;
#3790 = CARTESIAN_POINT ( 'NONE',  ( 11.42999999999999972, -2.339999999999999858, 1.699999999999999956 ) ) ;
#3791 = VERTEX_POINT ( 'NONE', #973 ) ;
#3792 = DIRECTION ( 'NONE',  ( 1.000000000000000000, 0.000000000000000000, 0.000000000000000000 ) ) ;
#3793 = DIRECTION ( 'NONE',  ( 0.000000000000000000, -1.000000000000000000, 0.000000000000000000 ) ) ;
#3794 = EDGE_CURVE ( 'NONE', #2274, #3543, #1966, .T. ) ;
#3795 = VECTOR ( 'NONE', #467, 1000.000000000000000 ) ;
#3796 = EDGE_CURVE ( 'NONE', #4069, #5320, #4394, .T. ) ;
#3797 =( GEOMETRIC_REPRESENTATION_CONTEXT ( 3 ) GLOBAL_UNCERTAINTY_ASSIGNED_CONTEXT ( ( #2098 ) ) GLOBAL_UNIT_ASSIGNED_CONTEXT ( ( #932, #832, #5674 ) ) REPRESENTATION_CONTEXT ( 'NONE', 'WORKASPACE' ) );
#3798 = FACE_OUTER_BOUND ( 'NONE', #457, .T. ) ;
#3799 = DIRECTION ( 'NONE',  ( 0.000000000000000000, -1.000000000000000000, 0.000000000000000000 ) ) ;
#3800 = EDGE_LOOP ( 'NONE', ( #4161, #3754, #302, #5645 ) ) ;
#3801 = FACE_OUTER_BOUND ( 'NONE', #5244, .T. ) ;
#3802 = EDGE_CURVE ( 'NONE', #1198, #1103, #3950, .T. ) ;
#3803 = AXIS2_PLACEMENT_3D ( 'NONE', #1025, #1952, #5241 ) ;
#3804 = CARTESIAN_POINT ( 'NONE',  ( 11.42999999999999972, -2.339999999999999858, -1.699999999999999956 ) ) ;
#3805 = DIRECTION ( 'NONE',  ( -1.000000000000000000, 0.000000000000000000, 0.000000000000000000 ) ) ;
#3806 = VECTOR ( 'NONE', #3246, 1000.000000000000000 ) ;
#3807 = ADVANCED_FACE ( 'NONE', ( #2964 ), #4792, .T. ) ;
#3808 = PRESENTATION_STYLE_ASSIGNMENT (( #2736 ) ) ;
#3809 = ORIENTED_EDGE ( 'NONE', *, *, #5558, .T. ) ;
#3810 = VECTOR ( 'NONE', #2441, 1000.000000000000000 ) ;
#3811 = ORIENTED_EDGE ( 'NONE', *, *, #3868, .T. ) ;
#3812 = VECTOR ( 'NONE', #365, 1000.000000000000000 ) ;
#3813 = AXIS2_PLACEMENT_3D ( 'NONE', #4019, #4165, #5189 ) ;
#3814 = CARTESIAN_POINT ( 'NONE',  ( 7.620000000000000107, -2.739999999999999769, 1.270000000000000018 ) ) ;
#3815 = COLOUR_RGB ( '',1.000000000000000000, 0.8078431372549019773, 0.4588235294117646856 ) ;
#3816 = FILL_AREA_STYLE_COLOUR ( '', #999 ) ;
#3817 = DIRECTION ( 'NONE',  ( 0.000000000000000000, 0.000000000000000000, -1.000000000000000000 ) ) ;
#3818 = VERTEX_POINT ( 'NONE', #2507 ) ;
#3819 = ORIENTED_EDGE ( 'NONE', *, *, #1766, .F. ) ;
#3820 = VECTOR ( 'NONE', #4708, 1000.000000000000114 ) ;
#3821 = LINE ( 'NONE', #6098, #3508 ) ;
#3822 = AXIS2_PLACEMENT_3D ( 'NONE', #5458, #4065, #1681 ) ;
#3823 = VERTEX_POINT ( 'NONE', #5977 ) ;
#3824 = FACE_OUTER_BOUND ( 'NONE', #5866, .T. ) ;
#3825 = DIRECTION ( 'NONE',  ( 1.000000000000000000, 0.000000000000000000, 0.000000000000000000 ) ) ;
#3826 = VERTEX_POINT ( 'NONE', #4487 ) ;
#3827 = LINE ( 'NONE', #2848, #3810 ) ;
#3828 = DIRECTION ( 'NONE',  ( -1.000000000000000000, 0.000000000000000000, 0.000000000000000000 ) ) ;
#3829 = MECHANICAL_DESIGN_GEOMETRIC_PRESENTATION_REPRESENTATION (  '', ( #3018 ), #4632 ) ;
#3830 = DIRECTION ( 'NONE',  ( 0.000000000000000000, 1.000000000000000000, 0.000000000000000000 ) ) ;
#3831 = ADVANCED_FACE ( 'NONE', ( #1072 ), #253, .F. ) ;
#3832 = SURFACE_STYLE_FILL_AREA ( #1937 ) ;
#3833 = SURFACE_STYLE_USAGE ( .BOTH. , #5322 ) ;
#3834 = CARTESIAN_POINT ( 'NONE',  ( 5.400000000000000355, -0.2500000000000000000, 0.9499999999999999556 ) ) ;
#3835 = ORIENTED_EDGE ( 'NONE', *, *, #3559, .F. ) ;
#3836 = CARTESIAN_POINT ( 'NONE',  ( 7.939999999999999503, -0.2500000000000000000, -1.590000000000000080 ) ) ;
#3837 = STYLED_ITEM ( 'NONE', ( #3189 ), #628 ) ;
#3838 = DIRECTION ( 'NONE',  ( 0.000000000000000000, 0.000000000000000000, 1.000000000000000000 ) ) ;
#3839 = EDGE_CURVE ( 'NONE', #3978, #5351, #1139, .T. ) ;
#3840 = FACE_BOUND ( 'NONE', #1073, .T. ) ;
#3841 = CARTESIAN_POINT ( 'NONE',  ( 8.990000000000000213, -0.2500000000000000000, 1.699999999999999956 ) ) ;
#3842 = DIRECTION ( 'NONE',  ( -1.000000000000000000, 0.000000000000000000, 0.000000000000000000 ) ) ;
#3843 = ADVANCED_FACE ( 'NONE', ( #127 ), #2602, .T. ) ;
#3844 = CARTESIAN_POINT ( 'NONE',  ( 1.270000000000000018, 0.000000000000000000, 1.699999999999999956 ) ) ;
#3845 = AXIS2_PLACEMENT_3D ( 'NONE', #2681, #4692, #3211 ) ;
#3846 =( NAMED_UNIT ( * ) SI_UNIT ( $, .STERADIAN. ) SOLID_ANGLE_UNIT ( ) );
#3847 = ORIENTED_EDGE ( 'NONE', *, *, #1385, .F. ) ;
#3848 = ORIENTED_EDGE ( 'NONE', *, *, #2837, .F. ) ;
#3849 = ORIENTED_EDGE ( 'NONE', *, *, #1649, .T. ) ;
#3850 = EDGE_CURVE ( 'NONE', #1960, #3085, #5419, .T. ) ;
#3851 = ORIENTED_EDGE ( 'NONE', *, *, #576, .F. ) ;
#3852 = DIRECTION ( 'NONE',  ( 0.000000000000000000, -1.000000000000000000, 0.000000000000000000 ) ) ;
#3853 = VERTEX_POINT ( 'NONE', #190 ) ;
#3854 = SURFACE_STYLE_FILL_AREA ( #2962 ) ;
#3855 = CARTESIAN_POINT ( 'NONE',  ( 0.1950000000000000067, -6.810000000000000497, -6.834999999999999964 ) ) ;
#3856 = CARTESIAN_POINT ( 'NONE',  ( 2.860000000000000320, -0.2500000000000000000, 1.590000000000000080 ) ) ;
#3857 = DIRECTION ( 'NONE',  ( 0.000000000000000000, -1.000000000000000000, 0.000000000000000000 ) ) ;
#3858 = SURFACE_STYLE_USAGE ( .BOTH. , #2352 ) ;
#3859 = CARTESIAN_POINT ( 'NONE',  ( 9.410000000000000142, 0.000000000000000000, -2.500000000000000000 ) ) ;
#3860 = ORIENTED_EDGE ( 'NONE', *, *, #2102, .T. ) ;
#3861 = CARTESIAN_POINT ( 'NONE',  ( 5.400000000000000355, -2.540000000000000036, -0.9499999999999999556 ) ) ;
#3862 = ADVANCED_FACE ( 'NONE', ( #223 ), #1641, .F. ) ;
#3863 = CARTESIAN_POINT ( 'NONE',  ( 0.1950000000000000067, -4.270000000000000462, -3.279999999999999805 ) ) ;
#3864 = LINE ( 'NONE', #5393, #5096 ) ;
#3865 =( LENGTH_UNIT ( ) NAMED_UNIT ( * ) SI_UNIT ( .MILLI., .METRE. ) );
#3866 = EDGE_LOOP ( 'NONE', ( #1022, #5450, #3753, #2526 ) ) ;
#3867 = AXIS2_PLACEMENT_3D ( 'NONE', #4585, #5947, #2664 ) ;
#3868 = EDGE_CURVE ( 'NONE', #872, #1476, #3571, .T. ) ;
#3869 = EDGE_CURVE ( 'NONE', #5299, #394, #3542, .T. ) ;
#3870 = FILL_AREA_STYLE_COLOUR ( '', #3270 ) ;
#3871 = CARTESIAN_POINT ( 'NONE',  ( 10.16000000000000014, -2.739999999999999769, 1.270000000000000018 ) ) ;
#3872 = CARTESIAN_POINT ( 'NONE',  ( 0.3185000000000000053, -0.3185000000000000053, 0.9399999999999999467 ) ) ;
#3873 = VECTOR ( 'NONE', #5018, 1000.000000000000000 ) ;
#3874 = ORIENTED_EDGE ( 'NONE', *, *, #8, .T. ) ;
#3875 = VERTEX_POINT ( 'NONE', #5478 ) ;
#3876 = ORIENTED_EDGE ( 'NONE', *, *, #5321, .T. ) ;
#3877 = VECTOR ( 'NONE', #4211, 1000.000000000000000 ) ;
#3878 = DIRECTION ( 'NONE',  ( 0.4648338989899218343, 0.000000000000000000, -0.8853979028379427296 ) ) ;
#3879 = EDGE_CURVE ( 'NONE', #394, #5306, #2967, .T. ) ;
#3880 = VECTOR ( 'NONE', #3091, 1000.000000000000000 ) ;
#3881 = ORIENTED_EDGE ( 'NONE', *, *, #2556, .F. ) ;
#3882 = VECTOR ( 'NONE', #5838, 1000.000000000000000 ) ;
#3883 = CARTESIAN_POINT ( 'NONE',  ( 3.710000000000000409, 0.000000000000000000, -1.699999999999999956 ) ) ;
#3884 = ORIENTED_EDGE ( 'NONE', *, *, #2753, .T. ) ;
#3885 = CARTESIAN_POINT ( 'NONE',  ( 2.860000000000000320, -0.2500000000000000000, 1.590000000000000080 ) ) ;
#3886 = DIRECTION ( 'NONE',  ( -1.000000000000000000, 0.000000000000000000, 0.000000000000000000 ) ) ;
#3887 = CARTESIAN_POINT ( 'NONE',  ( -0.3200000000000000067, 0.3200000000000000067, 5.599999999999999645 ) ) ;
#3888 = VERTEX_POINT ( 'NONE', #3347 ) ;
#3889 = CARTESIAN_POINT ( 'NONE',  ( -1.169999999999999929, -0.2500000000000000000, 1.699999999999999956 ) ) ;
#3890 = DIRECTION ( 'NONE',  ( -1.000000000000000000, 0.000000000000000000, 0.000000000000000000 ) ) ;
#3891 = AXIS2_PLACEMENT_3D ( 'NONE', #837, #3149, #4105 ) ;
#3892 = VECTOR ( 'NONE', #5447, 1000.000000000000000 ) ;
#3893 = CARTESIAN_POINT ( 'NONE',  ( 3.810000000000000053, 0.000000000000000000, 1.699999999999999956 ) ) ;
#3894 = CARTESIAN_POINT ( 'NONE',  ( 1.566875000000000018, 0.000000000000000000, 2.075000000000000178 ) ) ;
#3895 = ORIENTED_EDGE ( 'NONE', *, *, #4262, .T. ) ;
#3896 = CARTESIAN_POINT ( 'NONE',  ( 6.053125000000000533, -0.2500000000000000000, -2.075000000000000178 ) ) ;
#3897 = CARTESIAN_POINT ( 'NONE',  ( 2.220000000000000195, -0.2500000000000000000, -1.590000000000000080 ) ) ;
#3898 = SURFACE_STYLE_FILL_AREA ( #3932 ) ;
#3899 = CARTESIAN_POINT ( 'NONE',  ( 7.939999999999999503, -2.540000000000000036, 0.9499999999999999556 ) ) ;
#3900 = PLANE ( 'NONE',  #5889 ) ;
#3901 = VERTEX_POINT ( 'NONE', #1200 ) ;
#3902 = LINE ( 'NONE', #5853, #5970 ) ;
#3903 = DIRECTION ( 'NONE',  ( 0.000000000000000000, 0.000000000000000000, 1.000000000000000000 ) ) ;
#3904 = VECTOR ( 'NONE', #1445, 1000.000000000000000 ) ;
#3905 = CARTESIAN_POINT ( 'NONE',  ( -0.3200000000000000067, -6.810000000000000497, -6.834999999999999964 ) ) ;
#3906 = ORIENTED_EDGE ( 'NONE', *, *, #5766, .T. ) ;
#3907 = EDGE_CURVE ( 'NONE', #4751, #3438, #3100, .T. ) ;
#3908 = ORIENTED_EDGE ( 'NONE', *, *, #5010, .T. ) ;
#3909 = EDGE_LOOP ( 'NONE', ( #5572, #646, #6176, #5157 ) ) ;
#3910 = VECTOR ( 'NONE', #4446, 1000.000000000000114 ) ;
#3911 = VECTOR ( 'NONE', #5077, 1000.000000000000114 ) ;
#3912 = ADVANCED_FACE ( 'NONE', ( #2632 ), #1104, .T. ) ;
#3913 = SURFACE_STYLE_USAGE ( .BOTH. , #2992 ) ;
#3914 = ORIENTED_EDGE ( 'NONE', *, *, #268, .T. ) ;
#3915 = EDGE_CURVE ( 'NONE', #596, #2497, #5350, .T. ) ;
#3916 = VECTOR ( 'NONE', #1003, 1000.000000000000000 ) ;
#3917 =( GEOMETRIC_REPRESENTATION_CONTEXT ( 3 ) GLOBAL_UNCERTAINTY_ASSIGNED_CONTEXT ( ( #3042 ) ) GLOBAL_UNIT_ASSIGNED_CONTEXT ( ( #2196, #2754, #1290 ) ) REPRESENTATION_CONTEXT ( 'NONE', 'WORKASPACE' ) );
#3918 = SURFACE_STYLE_USAGE ( .BOTH. , #3058 ) ;
#3919 = ORIENTED_EDGE ( 'NONE', *, *, #2563, .T. ) ;
#3920 =( LENGTH_UNIT ( ) NAMED_UNIT ( * ) SI_UNIT ( .MILLI., .METRE. ) );
#3921 = FILL_AREA_STYLE ('',( #4393 ) ) ;
#3922 = CARTESIAN_POINT ( 'NONE',  ( 11.33000000000000007, -0.2500000000000000000, -1.699999999999999956 ) ) ;
#3923 = DIRECTION ( 'NONE',  ( 0.4648338989899218343, 0.000000000000000000, 0.8853979028379427296 ) ) ;
#3924 =( NAMED_UNIT ( * ) SI_UNIT ( $, .STERADIAN. ) SOLID_ANGLE_UNIT ( ) );
#3925 = EDGE_LOOP ( 'NONE', ( #3520, #5304, #3156, #4929 ) ) ;
#3926 = LINE ( 'NONE', #1543, #3466 ) ;
#3927 = EDGE_LOOP ( 'NONE', ( #1980, #2618, #5509, #5330, #3502, #1402, #3691 ) ) ;
#3928 = VECTOR ( 'NONE', #4002, 1000.000000000000000 ) ;
#3929 = FACE_OUTER_BOUND ( 'NONE', #920, .T. ) ;
#3930 = EDGE_CURVE ( 'NONE', #5108, #1533, #3008, .T. ) ;
#3931 = CARTESIAN_POINT ( 'NONE',  ( 5.830000000000000071, 0.000000000000000000, 2.500000000000000000 ) ) ;
#3932 = FILL_AREA_STYLE ('',( #4886 ) ) ;
#3933 = LINE ( 'NONE', #4371, #903 ) ;
#3934 =( LENGTH_UNIT ( ) NAMED_UNIT ( * ) SI_UNIT ( .MILLI., .METRE. ) );
#3935 = ORIENTED_EDGE ( 'NONE', *, *, #2184, .F. ) ;
#3936 = DIRECTION ( 'NONE',  ( 0.000000000000000000, -1.000000000000000000, 0.000000000000000000 ) ) ;
#3937 = CARTESIAN_POINT ( 'NONE',  ( 0.3200000000000000067, -0.2500000000000000000, 1.590000000000000080 ) ) ;
#3938 = MECHANICAL_DESIGN_GEOMETRIC_PRESENTATION_REPRESENTATION (  '', ( #1638 ), #5325 ) ;
#3939 =( NAMED_UNIT ( * ) SI_UNIT ( $, .STERADIAN. ) SOLID_ANGLE_UNIT ( ) );
#3940 = ORIENTED_EDGE ( 'NONE', *, *, #2455, .F. ) ;
#3941 = ORIENTED_EDGE ( 'NONE', *, *, #3440, .F. ) ;
#3942 = ORIENTED_EDGE ( 'NONE', *, *, #4853, .T. ) ;
#3943 = VECTOR ( 'NONE', #4657, 1000.000000000000114 ) ;
#3944 = ADVANCED_FACE ( 'NONE', ( #2538 ), #155, .T. ) ;
#3945 = DIRECTION ( 'NONE',  ( -1.000000000000000000, 0.000000000000000000, 0.000000000000000000 ) ) ;
#3946 = ORIENTED_EDGE ( 'NONE', *, *, #3954, .T. ) ;
#3947 = CARTESIAN_POINT ( 'NONE',  ( 7.939999999999999503, -0.2500000000000000000, 1.590000000000000080 ) ) ;
#3948 = EDGE_LOOP ( 'NONE', ( #4947, #5412, #5160, #4261 ) ) ;
#3949 = LINE ( 'NONE', #1963, #2725 ) ;
#3950 = LINE ( 'NONE', #4361, #486 ) ;
#3951 = ADVANCED_FACE ( 'NONE', ( #2060 ), #3986, .T. ) ;
#3952 = CARTESIAN_POINT ( 'NONE',  ( 3.710000000000000409, -2.339999999999999858, 1.699999999999999956 ) ) ;
#3953 = VERTEX_POINT ( 'NONE', #1757 ) ;
#3954 = EDGE_CURVE ( 'NONE', #2324, #961, #5571, .T. ) ;
#3955 =( NAMED_UNIT ( * ) PLANE_ANGLE_UNIT ( ) SI_UNIT ( $, .RADIAN. ) );
#3956 = CARTESIAN_POINT ( 'NONE',  ( 4.760000000000000675, -2.540000000000000036, -0.9499999999999999556 ) ) ;
#3957 = ORIENTED_EDGE ( 'NONE', *, *, #5858, .F. ) ;
#3958 = DIRECTION ( 'NONE',  ( -1.000000000000000000, 0.000000000000000000, 0.000000000000000000 ) ) ;
#3959 =( NAMED_UNIT ( * ) PLANE_ANGLE_UNIT ( ) SI_UNIT ( $, .RADIAN. ) );
#3960 = CARTESIAN_POINT ( 'NONE',  ( -0.3200000000000000067, -0.3200000000000000067, -5.320000000000000284 ) ) ;
#3961 = EDGE_CURVE ( 'NONE', #2882, #4841, #5133, .T. ) ;
#3962 = DIRECTION ( 'NONE',  ( 0.8853979028379428406, 0.000000000000000000, 0.4648338989899218343 ) ) ;
#3963 = DIRECTION ( 'NONE',  ( -0.8853979028379428406, 0.000000000000000000, 0.4648338989899218343 ) ) ;
#3964 = VERTEX_POINT ( 'NONE', #3155 ) ;
#3965 = EDGE_CURVE ( 'NONE', #5170, #859, #340, .T. ) ;
#3966 = LINE ( 'NONE', #1920, #3476 ) ;
#3967 = SHAPE_DEFINITION_REPRESENTATION ( #5564, #1553 ) ;
#3968 = CARTESIAN_POINT ( 'NONE',  ( 0.3200000000000000067, -0.3200000000000000067, 0.9399999999999999467 ) ) ;
#3969 = PLANE ( 'NONE',  #6013 ) ;
#3970 = FACE_OUTER_BOUND ( 'NONE', #1642, .T. ) ;
#3971 = ORIENTED_EDGE ( 'NONE', *, *, #4963, .F. ) ;
#3972 = ORIENTED_EDGE ( 'NONE', *, *, #2825, .T. ) ;
#3973 = ORIENTED_EDGE ( 'NONE', *, *, #697, .T. ) ;
#3974 = COLOUR_RGB ( '',1.000000000000000000, 0.8078431372549019773, 0.4588235294117646856 ) ;
#3975 = APPLICATION_CONTEXT ( 'automotive_design' ) ;
#3976 = VERTEX_POINT ( 'NONE', #369 ) ;
#3977 = CARTESIAN_POINT ( 'NONE',  ( 4.330000000000000071, 0.000000000000000000, -2.500000000000000000 ) ) ;
#3978 = VERTEX_POINT ( 'NONE', #785 ) ;
#3979 = FACE_OUTER_BOUND ( 'NONE', #4508, .T. ) ;
#3980 = STYLED_ITEM ( 'NONE', ( #4486 ), #2024 ) ;
#3981 = COLOUR_RGB ( '',0.9254901960784314152, 0.9254901960784314152, 0.9254901960784314152 ) ;
#3982 = CARTESIAN_POINT ( 'NONE',  ( 1.790000000000000036, 0.000000000000000000, -2.500000000000000000 ) ) ;
#3983 = ORIENTED_EDGE ( 'NONE', *, *, #3915, .T. ) ;
#3984 = SURFACE_STYLE_USAGE ( .BOTH. , #222 ) ;
#3985 = ADVANCED_FACE ( 'NONE', ( #2190 ), #5039, .T. ) ;
#3986 = PLANE ( 'NONE',  #1477 ) ;
#3987 = ORIENTED_EDGE ( 'NONE', *, *, #6003, .T. ) ;
#3988 =( GEOMETRIC_REPRESENTATION_CONTEXT ( 3 ) GLOBAL_UNCERTAINTY_ASSIGNED_CONTEXT ( ( #5481 ) ) GLOBAL_UNIT_ASSIGNED_CONTEXT ( ( #3999, #4064, #5489 ) ) REPRESENTATION_CONTEXT ( 'NONE', 'WORKASPACE' ) );
#3989 = FACE_OUTER_BOUND ( 'NONE', #5290, .T. ) ;
#3990 = UNCERTAINTY_MEASURE_WITH_UNIT (LENGTH_MEASURE( 1.000000000000000082E-05 ), #2615, 'distance_accuracy_value', 'NONE');
#3991 = STYLED_ITEM ( 'NONE', ( #214 ), #800 ) ;
#3992 = DIRECTION ( 'NONE',  ( 0.000000000000000000, 0.000000000000000000, 1.000000000000000000 ) ) ;
#3993 = CARTESIAN_POINT ( 'NONE',  ( 0.3200000000000000067, -6.593493649053999484, -6.320000000000000284 ) ) ;
#3994 = CARTESIAN_POINT ( 'NONE',  ( 6.870000000000000107, 0.000000000000000000, 2.500000000000000000 ) ) ;
#3995 = EDGE_CURVE ( 'NONE', #2269, #4631, #4581, .T. ) ;
#3996 = CARTESIAN_POINT ( 'NONE',  ( -0.9731250000000000178, 0.000000000000000000, 2.075000000000000178 ) ) ;
#3997 = ORIENTED_EDGE ( 'NONE', *, *, #2424, .T. ) ;
#3998 = PRESENTATION_LAYER_ASSIGNMENT (  '', '', ( #6085 ) ) ;
#3999 =( LENGTH_UNIT ( ) NAMED_UNIT ( * ) SI_UNIT ( .MILLI., .METRE. ) );
#4000 = CARTESIAN_POINT ( 'NONE',  ( 0.000000000000000000, 0.000000000000000000, 0.000000000000000000 ) ) ;
#4001 = EDGE_CURVE ( 'NONE', #3784, #2126, #1788, .T. ) ;
#4002 = DIRECTION ( 'NONE',  ( 0.000000000000000000, 1.000000000000000000, 0.000000000000000000 ) ) ;
#4003 = PLANE ( 'NONE',  #5406 ) ;
#4004 = ORIENTED_EDGE ( 'NONE', *, *, #2257, .F. ) ;
#4005 = AXIS2_PLACEMENT_3D ( 'NONE', #5996, #3531, #176 ) ;
#4006 = ORIENTED_EDGE ( 'NONE', *, *, #4560, .F. ) ;
#4007 = ORIENTED_EDGE ( 'NONE', *, *, #4870, .T. ) ;
#4008 = AXIS2_PLACEMENT_3D ( 'NONE', #2317, #3249, #5163 ) ;
#4009 = LINE ( 'NONE', #5960, #1495 ) ;
#4010 = VECTOR ( 'NONE', #3405, 1000.000000000000114 ) ;
#4011 = SURFACE_SIDE_STYLE ('',( #2084 ) ) ;
#4012 = ORIENTED_EDGE ( 'NONE', *, *, #5801, .T. ) ;
#4013 = LINE ( 'NONE', #1133, #5819 ) ;
#4014 = VECTOR ( 'NONE', #3076, 1000.000000000000114 ) ;
#4015 = PLANE ( 'NONE',  #3080 ) ;
#4016 = VECTOR ( 'NONE', #21, 1000.000000000000000 ) ;
#4017 = FACE_OUTER_BOUND ( 'NONE', #5008, .T. ) ;
#4018 = AXIS2_PLACEMENT_3D ( 'NONE', #6126, #459, #2312 ) ;
#4019 = CARTESIAN_POINT ( 'NONE',  ( -2.032000000000000028, -0.2500000000000000000, -2.075000000000000178 ) ) ;
#4020 = DIRECTION ( 'NONE',  ( 0.000000000000000000, 0.000000000000000000, 1.000000000000000000 ) ) ;
#4021 = EDGE_LOOP ( 'NONE', ( #489, #1834, #1267, #1336 ) ) ;
#4022 = FILL_AREA_STYLE_COLOUR ( '', #269 ) ;
#4023 = DIRECTION ( 'NONE',  ( 0.000000000000000000, 0.000000000000000000, -1.000000000000000000 ) ) ;
#4024 = ORIENTED_EDGE ( 'NONE', *, *, #2003, .T. ) ;
#4025 = SURFACE_STYLE_USAGE ( .BOTH. , #2097 ) ;
#4026 = PRESENTATION_LAYER_ASSIGNMENT (  '', '', ( #1120 ) ) ;
#4027 = ADVANCED_FACE ( 'NONE', ( #2250 ), #4170, .T. ) ;
#4028 = DIRECTION ( 'NONE',  ( 0.000000000000000000, -1.000000000000000000, 0.000000000000000000 ) ) ;
#4029 = PRESENTATION_LAYER_ASSIGNMENT (  '', '', ( #4323 ) ) ;
#4030 = CARTESIAN_POINT ( 'NONE',  ( -2.540000000000000036, -0.2500000000000000000, -2.075000000000000178 ) ) ;
#4031 = FACE_OUTER_BOUND ( 'NONE', #1243, .T. ) ;
#4032 = ORIENTED_EDGE ( 'NONE', *, *, #5488, .T. ) ;
#4033 = VECTOR ( 'NONE', #541, 1000.000000000000000 ) ;
#4034 = EDGE_CURVE ( 'NONE', #6114, #2308, #2750, .T. ) ;
#4035 = PLANE ( 'NONE',  #2115 ) ;
#4036 = PLANE ( 'NONE',  #2203 ) ;
#4037 = ORIENTED_EDGE ( 'NONE', *, *, #306, .T. ) ;
#4038 = VERTEX_POINT ( 'NONE', #5070 ) ;
#4039 = EDGE_CURVE ( 'NONE', #5676, #1220, #1351, .T. ) ;
#4040 = VECTOR ( 'NONE', #6035, 1000.000000000000000 ) ;
#4041 = DIRECTION ( 'NONE',  ( 1.000000000000000000, 0.000000000000000000, 0.000000000000000000 ) ) ;
#4042 = PRESENTATION_STYLE_ASSIGNMENT (( #3918 ) ) ;
#4043 = ORIENTED_EDGE ( 'NONE', *, *, #4222, .T. ) ;
#4044 = LINE ( 'NONE', #2054, #1037 ) ;
#4045 = CARTESIAN_POINT ( 'NONE',  ( 5.400000000000000355, 0.000000000000000000, 0.9499999999999999556 ) ) ;
#4046 = EDGE_CURVE ( 'NONE', #1776, #5790, #2225, .T. ) ;
#4047 = CARTESIAN_POINT ( 'NONE',  ( 9.410000000000000142, -2.540000000000000036, -2.500000000000000000 ) ) ;
#4048 = UNCERTAINTY_MEASURE_WITH_UNIT (LENGTH_MEASURE( 1.000000000000000082E-05 ), #6073, 'distance_accuracy_value', 'NONE');
#4049 = CARTESIAN_POINT ( 'NONE',  ( 4.760000000000000675, -2.540000000000000036, -0.9499999999999999556 ) ) ;
#4050 = DIRECTION ( 'NONE',  ( -1.000000000000000000, 0.000000000000000000, 0.000000000000000000 ) ) ;
#4051 = ORIENTED_EDGE ( 'NONE', *, *, #1993, .T. ) ;
#4052 = PLANE ( 'NONE',  #2064 ) ;
#4053 = CARTESIAN_POINT ( 'NONE',  ( 9.839999999999999858, -0.2500000000000000000, -1.590000000000000080 ) ) ;
#4054 = EDGE_LOOP ( 'NONE', ( #3436, #4037, #5762, #2141 ) ) ;
#4055 = FACE_BOUND ( 'NONE', #1493, .T. ) ;
#4056 = UNCERTAINTY_MEASURE_WITH_UNIT (LENGTH_MEASURE( 1.000000000000000082E-05 ), #1928, 'distance_accuracy_value', 'NONE');
#4057 = CARTESIAN_POINT ( 'NONE',  ( 8.789999999999999147, 0.000000000000000000, -1.699999999999999956 ) ) ;
#4058 = DIRECTION ( 'NONE',  ( 0.000000000000000000, 1.000000000000000000, 0.000000000000000000 ) ) ;
#4059 = CARTESIAN_POINT ( 'NONE',  ( 10.91000000000000014, 0.000000000000000000, -2.500000000000000000 ) ) ;
#4060 = LINE ( 'NONE', #4500, #3003 ) ;
#4061 = ORIENTED_EDGE ( 'NONE', *, *, #2790, .T. ) ;
#4062 = ADVANCED_FACE ( 'NONE', ( #1819 ), #3737, .F. ) ;
#4063 =( REPRESENTATION_RELATIONSHIP ('NONE','NONE', #1553, #1983 ) REPRESENTATION_RELATIONSHIP_WITH_TRANSFORMATION ( #1297 )SHAPE_REPRESENTATION_RELATIONSHIP( ) );
#4064 =( NAMED_UNIT ( * ) PLANE_ANGLE_UNIT ( ) SI_UNIT ( $, .RADIAN. ) );
#4065 = DIRECTION ( 'NONE',  ( 0.000000000000000000, -1.000000000000000000, 0.000000000000000000 ) ) ;
#4066 = DIRECTION ( 'NONE',  ( 0.000000000000000000, 0.000000000000000000, 1.000000000000000000 ) ) ;
#4067 = FACE_OUTER_BOUND ( 'NONE', #3398, .T. ) ;
#4068 = ORIENTED_EDGE ( 'NONE', *, *, #5126, .F. ) ;
#4069 = VERTEX_POINT ( 'NONE', #877 ) ;
#4070 = EDGE_CURVE ( 'NONE', #2308, #4733, #4240, .T. ) ;
#4071 = EDGE_CURVE ( 'NONE', #4178, #206, #3827, .T. ) ;
#4072 = CARTESIAN_POINT ( 'NONE',  ( -0.3200000000000000067, -1.320000000000000062, -2.640000000000000124 ) ) ;
#4073 = DIRECTION ( 'NONE',  ( 0.000000000000000000, -1.000000000000000000, 0.000000000000000000 ) ) ;
#4074 = ORIENTED_EDGE ( 'NONE', *, *, #5054, .F. ) ;
#4075 = LINE ( 'NONE', #2560, #529 ) ;
#4076 = DIRECTION ( 'NONE',  ( 1.000000000000000000, 0.000000000000000000, 0.000000000000000000 ) ) ;
#4077 = FACE_OUTER_BOUND ( 'NONE', #3464, .T. ) ;
#4078 = DIRECTION ( 'NONE',  ( 0.000000000000000000, -1.000000000000000000, 0.000000000000000000 ) ) ;
#4079 = FACE_OUTER_BOUND ( 'NONE', #1131, .T. ) ;
#4080 = VECTOR ( 'NONE', #6164, 1000.000000000000000 ) ;
#4081 = ORIENTED_EDGE ( 'NONE', *, *, #5618, .F. ) ;
#4082 = FACE_OUTER_BOUND ( 'NONE', #5027, .T. ) ;
#4083 = DIRECTION ( 'NONE',  ( 0.000000000000000000, 0.000000000000000000, 1.000000000000000000 ) ) ;
#4084 = ORIENTED_EDGE ( 'NONE', *, *, #3995, .F. ) ;
#4085 = DIRECTION ( 'NONE',  ( -1.000000000000000000, 0.000000000000000000, 0.000000000000000000 ) ) ;
#4086 =( GEOMETRIC_REPRESENTATION_CONTEXT ( 3 ) GLOBAL_UNCERTAINTY_ASSIGNED_CONTEXT ( ( #3544 ) ) GLOBAL_UNIT_ASSIGNED_CONTEXT ( ( #131, #3959, #5389 ) ) REPRESENTATION_CONTEXT ( 'NONE', 'WORKASPACE' ) );
#4087 = DIRECTION ( 'NONE',  ( 0.000000000000000000, 0.000000000000000000, -1.000000000000000000 ) ) ;
#4088 = AXIS2_PLACEMENT_3D ( 'NONE', #1314, #248, #5969 ) ;
#4089 = PLANE ( 'NONE',  #1069 ) ;
#4090 = VECTOR ( 'NONE', #4481, 1000.000000000000000 ) ;
#4091 = CARTESIAN_POINT ( 'NONE',  ( -0.1950000000000000067, 0.1950000000000000067, 6.740000000000000213 ) ) ;
#4092 = ORIENTED_EDGE ( 'NONE', *, *, #1689, .F. ) ;
#4093 = VECTOR ( 'NONE', #5122, 1000.000000000000000 ) ;
#4094 = CARTESIAN_POINT ( 'NONE',  ( -0.7500000000000000000, 0.000000000000000000, -2.500000000000000000 ) ) ;
#4095 = CONTEXT_DEPENDENT_SHAPE_REPRESENTATION ( #1059, #817 ) ;
#4096 = LINE ( 'NONE', #2072, #2710 ) ;
#4097 = LINE ( 'NONE', #5990, #5997 ) ;
#4098 = EDGE_LOOP ( 'NONE', ( #1840, #3192, #3382, #2805, #4654, #2720, #522, #1700 ) ) ;
#4099 = ORIENTED_EDGE ( 'NONE', *, *, #3640, .F. ) ;
#4100 = EDGE_CURVE ( 'NONE', #5247, #5898, #441, .T. ) ;
#4101 = CARTESIAN_POINT ( 'NONE',  ( -0.7500000000000000000, 0.000000000000000000, -2.500000000000000000 ) ) ;
#4102 = DIRECTION ( 'NONE',  ( -0.4648338989899218343, 0.000000000000000000, 0.8853979028379427296 ) ) ;
#4103 = ORIENTED_EDGE ( 'NONE', *, *, #2091, .T. ) ;
#4104 =( NAMED_UNIT ( * ) PLANE_ANGLE_UNIT ( ) SI_UNIT ( $, .RADIAN. ) );
#4105 = DIRECTION ( 'NONE',  ( 0.000000000000000000, 0.000000000000000000, -1.000000000000000000 ) ) ;
#4106 = AXIS2_PLACEMENT_3D ( 'NONE', #115, #2903, #4355 ) ;
#4107 = PLANE ( 'NONE',  #70 ) ;
#4108 = EDGE_CURVE ( 'NONE', #5695, #2052, #53, .T. ) ;
#4109 = AXIS2_PLACEMENT_3D ( 'NONE', #5542, #1702, #2722 ) ;
#4110 = CARTESIAN_POINT ( 'NONE',  ( 1.169999999999999929, -0.2500000000000000000, -1.699999999999999956 ) ) ;
#4111 = ORIENTED_EDGE ( 'NONE', *, *, #5515, .F. ) ;
#4112 = CARTESIAN_POINT ( 'NONE',  ( 8.990000000000000213, -2.540000000000000036, -1.699999999999999956 ) ) ;
#4113 = SURFACE_SIDE_STYLE ('',( #407 ) ) ;
#4114 = ORIENTED_EDGE ( 'NONE', *, *, #3134, .F. ) ;
#4115 = LINE ( 'NONE', #255, #790 ) ;
#4116 = ADVANCED_FACE ( 'NONE', ( #2469 ), #25, .T. ) ;
#4117 = VECTOR ( 'NONE', #1902, 1000.000000000000000 ) ;
#4118 = VECTOR ( 'NONE', #3137, 1000.000000000000000 ) ;
#4119 = STYLED_ITEM ( 'NONE', ( #6154 ), #314 ) ;
#4120 = LINE ( 'NONE', #4672, #2614 ) ;
#4121 =( LENGTH_UNIT ( ) NAMED_UNIT ( * ) SI_UNIT ( .MILLI., .METRE. ) );
#4122 = VERTEX_POINT ( 'NONE', #4845 ) ;
#4123 = FILL_AREA_STYLE ('',( #1650 ) ) ;
#4124 = ITEM_DEFINED_TRANSFORMATION ( 'NONE', 'NONE', #1516,  #5307 ) ;
#4125 = AXIS2_PLACEMENT_3D ( 'NONE', #3905, #1489, #3360 ) ;
#4126 = PRODUCT_DEFINITION_SHAPE ( 'NONE', 'NONE',  #202 ) ;
#4127 = CARTESIAN_POINT ( 'NONE',  ( 7.939999999999999503, 0.000000000000000000, 1.590000000000000080 ) ) ;
#4128 = LINE ( 'NONE', #325, #4313 ) ;
#4129 = ORIENTED_EDGE ( 'NONE', *, *, #3366, .F. ) ;
#4130 = VERTEX_POINT ( 'NONE', #5282 ) ;
#4131 = DIRECTION ( 'NONE',  ( 1.000000000000000000, 0.000000000000000000, 0.000000000000000000 ) ) ;
#4132 = LINE ( 'NONE', #3179, #3637 ) ;
#4133 = ORIENTED_EDGE ( 'NONE', *, *, #416, .F. ) ;
#4134 = CARTESIAN_POINT ( 'NONE',  ( 0.000000000000000000, 0.000000000000000000, 0.000000000000000000 ) ) ;
#4135 = CARTESIAN_POINT ( 'NONE',  ( 0.3200000000000000067, 0.3200000000000000067, -5.320000000000000284 ) ) ;
#4136 = ADVANCED_FACE ( 'NONE', ( #4267 ), #6133, .F. ) ;
#4137 = LINE ( 'NONE', #3658, #1386 ) ;
#4138 = DIRECTION ( 'NONE',  ( -0.4648338989899218343, 0.000000000000000000, 0.8853979028379428406 ) ) ;
#4139 = LINE ( 'NONE', #4641, #803 ) ;
#4140 = ORIENTED_EDGE ( 'NONE', *, *, #5199, .F. ) ;
#4141 = DIRECTION ( 'NONE',  ( 0.000000000000000000, 0.000000000000000000, 1.000000000000000000 ) ) ;
#4142 = ORIENTED_EDGE ( 'NONE', *, *, #4270, .T. ) ;
#4143 = DIRECTION ( 'NONE',  ( 0.000000000000000000, -1.000000000000000000, 0.000000000000000000 ) ) ;
#4144 = EDGE_CURVE ( 'NONE', #5843, #4069, #2874, .T. ) ;
#4145 = VECTOR ( 'NONE', #1339, 1000.000000000000000 ) ;
#4146 = PRESENTATION_STYLE_ASSIGNMENT (( #3707 ) ) ;
#4147 = DIRECTION ( 'NONE',  ( 0.000000000000000000, 1.000000000000000000, 0.000000000000000000 ) ) ;
#4148 = PLANE ( 'NONE',  #1304 ) ;
#4149 = VERTEX_POINT ( 'NONE', #2383 ) ;
#4150 = LINE ( 'NONE', #2325, #4396 ) ;
#4151 = DIRECTION ( 'NONE',  ( -1.000000000000000000, 0.000000000000000000, 0.000000000000000000 ) ) ;
#4152 = SHAPE_DEFINITION_REPRESENTATION ( #3260, #2255 ) ;
#4153 = EDGE_CURVE ( 'NONE', #5170, #4602, #2503, .T. ) ;
#4154 = PLANE ( 'NONE',  #621 ) ;
#4155 = EDGE_CURVE ( 'NONE', #4149, #2243, #6157, .T. ) ;
#4156 = VERTEX_POINT ( 'NONE', #3344 ) ;
#4157 = ORIENTED_EDGE ( 'NONE', *, *, #3575, .F. ) ;
#4158 = DIRECTION ( 'NONE',  ( 0.000000000000000000, 1.000000000000000000, 0.000000000000000000 ) ) ;
#4159 = EDGE_LOOP ( 'NONE', ( #3972, #3069, #3908, #5648, #4207, #3264, #1627 ) ) ;
#4160 = LINE ( 'NONE', #5499, #641 ) ;
#4161 = ORIENTED_EDGE ( 'NONE', *, *, #3719, .T. ) ;
#4162 =( NAMED_UNIT ( * ) SI_UNIT ( $, .STERADIAN. ) SOLID_ANGLE_UNIT ( ) );
#4163 = DIRECTION ( 'NONE',  ( 0.000000000000000000, -1.000000000000000000, 0.000000000000000000 ) ) ;
#4164 = DIRECTION ( 'NONE',  ( 1.000000000000000000, 0.000000000000000000, 0.000000000000000000 ) ) ;
#4165 = DIRECTION ( 'NONE',  ( 0.000000000000000000, 0.000000000000000000, -1.000000000000000000 ) ) ;
#4166 = VERTEX_POINT ( 'NONE', #2938 ) ;
#4167 = DIRECTION ( 'NONE',  ( 0.000000000000000000, 0.000000000000000000, 1.000000000000000000 ) ) ;
#4168 = DIRECTION ( 'NONE',  ( -0.4648338989899218343, 0.000000000000000000, 0.8853979028379428406 ) ) ;
#4169 = ORIENTED_EDGE ( 'NONE', *, *, #386, .T. ) ;
#4170 = PLANE ( 'NONE',  #2090 ) ;
#4171 = VERTEX_POINT ( 'NONE', #559 ) ;
#4172 = CARTESIAN_POINT ( 'NONE',  ( -0.3200000000000000067, -0.2500000000000000000, 1.590000000000000080 ) ) ;
#4173 = VECTOR ( 'NONE', #6173, 1000.000000000000114 ) ;
#4174 = ADVANCED_FACE ( 'NONE', ( #4360 ), #1935, .T. ) ;
#4175 = DIRECTION ( 'NONE',  ( 0.8853979028379428406, 0.000000000000000000, 0.4648338989899218343 ) ) ;
#4176 = CARTESIAN_POINT ( 'NONE',  ( 0.3200000000000000067, -0.3200000000000000067, -5.320000000000000284 ) ) ;
#4177 = CARTESIAN_POINT ( 'NONE',  ( 7.939999999999999503, 0.000000000000000000, -0.9499999999999999556 ) ) ;
#4178 = VERTEX_POINT ( 'NONE', #1907 ) ;
#4179 = LINE ( 'NONE', #5612, #284 ) ;
#4180 = COLOUR_RGB ( '',1.000000000000000000, 0.8078431372549019773, 0.4588235294117646856 ) ;
#4181 = EDGE_CURVE ( 'NONE', #2737, #4220, #1849, .T. ) ;
#4182 = CARTESIAN_POINT ( 'NONE',  ( 1.369999999999999885, -2.339999999999999858, 1.699999999999999956 ) ) ;
#4183 = COLOUR_RGB ( '',0.9254901960784314152, 0.9254901960784314152, 0.9254901960784314152 ) ;
#4184 = EDGE_CURVE ( 'NONE', #60, #3561, #5228, .T. ) ;
#4185 = MECHANICAL_DESIGN_GEOMETRIC_PRESENTATION_REPRESENTATION (  '', ( #1583 ), #3168 ) ;
#4186 = DIRECTION ( 'NONE',  ( 0.000000000000000000, 0.000000000000000000, -1.000000000000000000 ) ) ;
#4187 =( NAMED_UNIT ( * ) PLANE_ANGLE_UNIT ( ) SI_UNIT ( $, .RADIAN. ) );
#4188 = VERTEX_POINT ( 'NONE', #5659 ) ;
#4189 = EDGE_LOOP ( 'NONE', ( #3735, #3077, #3683, #1783 ) ) ;
#4190 = AXIS2_PLACEMENT_3D ( 'NONE', #669, #548, #4862 ) ;
#4191 = AXIS2_PLACEMENT_3D ( 'NONE', #762, #5046, #3644 ) ;
#4192 = SHAPE_REPRESENTATION ( 'M20-9740542', ( #4190, #3583 ), #1691 ) ;
#4193 = EDGE_CURVE ( 'NONE', #2694, #3172, #2907, .T. ) ;
#4194 = FILL_AREA_STYLE ('',( #3816 ) ) ;
#4195 = VECTOR ( 'NONE', #599, 1000.000000000000000 ) ;
#4196 = STYLED_ITEM ( 'NONE', ( #1275 ), #896 ) ;
#4197 = CARTESIAN_POINT ( 'NONE',  ( 3.910000000000000142, -2.339999999999999858, -1.699999999999999956 ) ) ;
#4198 = EDGE_LOOP ( 'NONE', ( #5993, #5771, #543, #5860 ) ) ;
#4199 = DIRECTION ( 'NONE',  ( 0.000000000000000000, 0.5000000000000169864, -0.8660254037844288266 ) ) ;
#4200 = LINE ( 'NONE', #6124, #2481 ) ;
#4201 = ADVANCED_FACE ( 'NONE', ( #1503 ), #530, .F. ) ;
#4202 = LINE ( 'NONE', #1811, #5471 ) ;
#4203 = CARTESIAN_POINT ( 'NONE',  ( 3.710000000000000409, -0.2500000000000000000, 1.699999999999999956 ) ) ;
#4204 = VERTEX_POINT ( 'NONE', #1382 ) ;
#4205 = CARTESIAN_POINT ( 'NONE',  ( 0.1950000000000000067, 0.3200000000000000067, 5.599999999999999645 ) ) ;
#4206 = SURFACE_STYLE_USAGE ( .BOTH. , #4887 ) ;
#4207 = ORIENTED_EDGE ( 'NONE', *, *, #1209, .F. ) ;
#4208 = DIRECTION ( 'NONE',  ( 0.000000000000000000, 0.000000000000000000, -1.000000000000000000 ) ) ;
#4209 = DIRECTION ( 'NONE',  ( 0.000000000000000000, 0.000000000000000000, -1.000000000000000000 ) ) ;
#4210 =( GEOMETRIC_REPRESENTATION_CONTEXT ( 3 ) GLOBAL_UNCERTAINTY_ASSIGNED_CONTEXT ( ( #826 ) ) GLOBAL_UNIT_ASSIGNED_CONTEXT ( ( #5920, #3761, #405 ) ) REPRESENTATION_CONTEXT ( 'NONE', 'WORKASPACE' ) );
#4211 = DIRECTION ( 'NONE',  ( -1.000000000000000000, 0.000000000000000000, 0.000000000000000000 ) ) ;
#4212 = SURFACE_SIDE_STYLE ('',( #1762 ) ) ;
#4213 = ORIENTED_EDGE ( 'NONE', *, *, #2990, .T. ) ;
#4214 = DIRECTION ( 'NONE',  ( 0.000000000000000000, -1.000000000000000000, 0.000000000000000000 ) ) ;
#4215 = VECTOR ( 'NONE', #1882, 1000.000000000000000 ) ;
#4216 = EDGE_CURVE ( 'NONE', #1422, #3412, #3282, .T. ) ;
#4217 =( LENGTH_UNIT ( ) NAMED_UNIT ( * ) SI_UNIT ( .MILLI., .METRE. ) );
#4218 = FACE_OUTER_BOUND ( 'NONE', #3925, .T. ) ;
#4219 = DIRECTION ( 'NONE',  ( 0.000000000000000000, -1.000000000000000000, 0.000000000000000000 ) ) ;
#4220 = VERTEX_POINT ( 'NONE', #5687 ) ;
#4221 = VERTEX_POINT ( 'NONE', #1415 ) ;
#4222 = EDGE_CURVE ( 'NONE', #2936, #5861, #3315, .T. ) ;
#4223 = AXIS2_PLACEMENT_3D ( 'NONE', #2835, #4224, #1364 ) ;
#4224 = DIRECTION ( 'NONE',  ( 0.000000000000000000, -1.000000000000000000, 0.000000000000000000 ) ) ;
#4225 = ADVANCED_FACE ( 'NONE', ( #87 ), #1999, .T. ) ;
#4226 = ORIENTED_EDGE ( 'NONE', *, *, #534, .T. ) ;
#4227 = ORIENTED_EDGE ( 'NONE', *, *, #5755, .T. ) ;
#4228 = DIRECTION ( 'NONE',  ( 0.000000000000000000, 1.000000000000000000, 0.000000000000000000 ) ) ;
#4229 = PRODUCT ( 'M20-97405_MOULD.stp', 'M20-97405_MOULD.stp', '', ( #796 ) ) ;
#4230 = CARTESIAN_POINT ( 'NONE',  ( 9.839999999999999858, -2.540000000000000036, -0.9499999999999999556 ) ) ;
#4231 = AXIS2_PLACEMENT_3D ( 'NONE', #4885, #3043, #1171 ) ;
#4232 = DIRECTION ( 'NONE',  ( -1.000000000000000000, 0.000000000000000000, 0.000000000000000000 ) ) ;
#4233 = EDGE_CURVE ( 'NONE', #3543, #6103, #38, .T. ) ;
#4234 = ORIENTED_EDGE ( 'NONE', *, *, #2636, .F. ) ;
#4235 = LINE ( 'NONE', #6128, #5608 ) ;
#4236 = PLANE ( 'NONE',  #501 ) ;
#4237 = EDGE_LOOP ( 'NONE', ( #4866, #1237, #1255, #1768 ) ) ;
#4238 = EDGE_CURVE ( 'NONE', #5116, #5147, #1455, .T. ) ;
#4239 = FILL_AREA_STYLE_COLOUR ( '', #4340 ) ;
#4240 = LINE ( 'NONE', #3408, #2597 ) ;
#4241 = LINE ( 'NONE', #4614, #5385 ) ;
#4242 = CARTESIAN_POINT ( 'NONE',  ( 6.450000000000000178, -2.540000000000000036, -1.699999999999999956 ) ) ;
#4243 = FILL_AREA_STYLE_COLOUR ( '', #4180 ) ;
#4244 = DIRECTION ( 'NONE',  ( 0.000000000000000000, 0.000000000000000000, 1.000000000000000000 ) ) ;
#4245 = ORIENTED_EDGE ( 'NONE', *, *, #3606, .T. ) ;
#4246 = DIRECTION ( 'NONE',  ( -1.000000000000000000, 0.000000000000000000, 0.000000000000000000 ) ) ;
#4247 = VECTOR ( 'NONE', #4073, 1000.000000000000000 ) ;
#4248 = FACE_OUTER_BOUND ( 'NONE', #454, .T. ) ;
#4249 = FACE_OUTER_BOUND ( 'NONE', #224, .T. ) ;
#4250 = ORIENTED_EDGE ( 'NONE', *, *, #1272, .T. ) ;
#4251 = ORIENTED_EDGE ( 'NONE', *, *, #1303, .F. ) ;
#4252 = DIRECTION ( 'NONE',  ( 0.000000000000000000, -1.000000000000000000, 0.000000000000000000 ) ) ;
#4253 = SURFACE_STYLE_USAGE ( .BOTH. , #2337 ) ;
#4254 = EDGE_CURVE ( 'NONE', #2403, #487, #5298, .T. ) ;
#4255 = EDGE_CURVE ( 'NONE', #1817, #2403, #1519, .T. ) ;
#4256 = VERTEX_POINT ( 'NONE', #6175 ) ;
#4257 = ORIENTED_EDGE ( 'NONE', *, *, #3521, .F. ) ;
#4258 = LINE ( 'NONE', #3755, #6078 ) ;
#4259 = LINE ( 'NONE', #1864, #3275 ) ;
#4260 = LINE ( 'NONE', #6151, #5105 ) ;
#4261 = ORIENTED_EDGE ( 'NONE', *, *, #818, .F. ) ;
#4262 = EDGE_CURVE ( 'NONE', #1319, #3431, #3354, .T. ) ;
#4263 = DIRECTION ( 'NONE',  ( -0.4648338989899218343, 0.000000000000000000, 0.8853979028379427296 ) ) ;
#4264 =( NAMED_UNIT ( * ) PLANE_ANGLE_UNIT ( ) SI_UNIT ( $, .RADIAN. ) );
#4265 = ORIENTED_EDGE ( 'NONE', *, *, #5097, .T. ) ;
#4266 = CARTESIAN_POINT ( 'NONE',  ( 9.839999999999999858, -0.2500000000000000000, -0.9499999999999999556 ) ) ;
#4267 = FACE_OUTER_BOUND ( 'NONE', #3404, .T. ) ;
#4268 = LINE ( 'NONE', #5229, #3072 ) ;
#4269 = CARTESIAN_POINT ( 'NONE',  ( 1.369999999999999885, -2.339999999999999858, -1.699999999999999956 ) ) ;
#4270 = EDGE_CURVE ( 'NONE', #4509, #5089, #987, .T. ) ;
#4271 = FACE_OUTER_BOUND ( 'NONE', #3948, .T. ) ;
#4272 = ORIENTED_EDGE ( 'NONE', *, *, #4336, .T. ) ;
#4273 = VECTOR ( 'NONE', #1917, 1000.000000000000000 ) ;
#4274 =( NAMED_UNIT ( * ) PLANE_ANGLE_UNIT ( ) SI_UNIT ( $, .RADIAN. ) );
#4275 = SURFACE_STYLE_FILL_AREA ( #35 ) ;
#4276 = DIRECTION ( 'NONE',  ( -1.000000000000000000, 0.000000000000000000, 0.000000000000000000 ) ) ;
#4277 = ORIENTED_EDGE ( 'NONE', *, *, #3954, .F. ) ;
#4278 = ORIENTED_EDGE ( 'NONE', *, *, #1538, .T. ) ;
#4279 = PRODUCT_DEFINITION_CONTEXT ( 'detailed design', #4382, 'design' ) ;
#4280 = VECTOR ( 'NONE', #3068, 1000.000000000000000 ) ;
#4281 = COLOUR_RGB ( '',0.2980392156862745057, 0.2980392156862745057, 0.2980392156862745057 ) ;
#4282 = CARTESIAN_POINT ( 'NONE',  ( -0.3200000000000000067, 0.000000000000000000, 0.9499999999999999556 ) ) ;
#4283 = ORIENTED_EDGE ( 'NONE', *, *, #3170, .T. ) ;
#4284 = ORIENTED_EDGE ( 'NONE', *, *, #897, .F. ) ;
#4285 = VECTOR ( 'NONE', #4606, 1000.000000000000000 ) ;
#4286 = ORIENTED_EDGE ( 'NONE', *, *, #6135, .F. ) ;
#4287 = EDGE_CURVE ( 'NONE', #3953, #3172, #4807, .T. ) ;
#4288 = VECTOR ( 'NONE', #1248, 1000.000000000000114 ) ;
#4289 = VECTOR ( 'NONE', #3568, 1000.000000000000114 ) ;
#4290 = CARTESIAN_POINT ( 'NONE',  ( 9.839999999999999858, -0.2500000000000000000, 1.590000000000000080 ) ) ;
#4291 = ORIENTED_EDGE ( 'NONE', *, *, #1194, .F. ) ;
#4292 = CARTESIAN_POINT ( 'NONE',  ( 6.250000000000000000, -0.2500000000000000000, 1.699999999999999956 ) ) ;
#4293 = CARTESIAN_POINT ( 'NONE',  ( -0.3185000000000000053, -0.3185000000000000053, 0.9399999999999999467 ) ) ;
#4294 = ORIENTED_EDGE ( 'NONE', *, *, #4677, .T. ) ;
#4295 = SURFACE_STYLE_USAGE ( .BOTH. , #4359 ) ;
#4296 = CARTESIAN_POINT ( 'NONE',  ( -0.7500000000000000000, 0.000000000000000000, -2.500000000000000000 ) ) ;
#4297 = DIRECTION ( 'NONE',  ( -1.000000000000000000, 0.000000000000000000, 0.000000000000000000 ) ) ;
#4298 = VECTOR ( 'NONE', #5810, 1000.000000000000000 ) ;
#4299 = APPLICATION_CONTEXT ( 'automotive_design' ) ;
#4300 = ADVANCED_FACE ( 'NONE', ( #103 ), #1889, .T. ) ;
#4301 =( LENGTH_UNIT ( ) NAMED_UNIT ( * ) SI_UNIT ( .MILLI., .METRE. ) );
#4302 = PRESENTATION_LAYER_ASSIGNMENT (  '', '', ( #1705 ) ) ;
#4303 = ADVANCED_FACE ( 'NONE', ( #954 ), #3900, .T. ) ;
#4304 =( NAMED_UNIT ( * ) PLANE_ANGLE_UNIT ( ) SI_UNIT ( $, .RADIAN. ) );
#4305 = VERTEX_POINT ( 'NONE', #5519 ) ;
#4306 = CARTESIAN_POINT ( 'NONE',  ( 9.186875000000000568, -0.2500000000000000000, 2.075000000000000178 ) ) ;
#4307 = AXIS2_PLACEMENT_3D ( 'NONE', #1471, #3886, #2412 ) ;
#4308 = DIRECTION ( 'NONE',  ( -1.000000000000000000, 0.000000000000000000, 0.000000000000000000 ) ) ;
#4309 = LINE ( 'NONE', #512, #4033 ) ;
#4310 = FILL_AREA_STYLE_COLOUR ( '', #3974 ) ;
#4311 = VECTOR ( 'NONE', #363, 1000.000000000000000 ) ;
#4312 = ORIENTED_EDGE ( 'NONE', *, *, #1689, .T. ) ;
#4313 = VECTOR ( 'NONE', #2140, 1000.000000000000000 ) ;
#4314 = DIRECTION ( 'NONE',  ( -1.000000000000000000, 0.000000000000000000, 0.000000000000000000 ) ) ;
#4315 = VECTOR ( 'NONE', #4232, 1000.000000000000000 ) ;
#4316 = SHAPE_REPRESENTATION_RELATIONSHIP ( 'NONE' , 'NONE' ,  #1983, #5577 ) ;
#4317 = PRESENTATION_STYLE_ASSIGNMENT (( #2954 ) ) ;
#4318 = DIRECTION ( 'NONE',  ( 0.000000000000000000, 0.000000000000000000, 1.000000000000000000 ) ) ;
#4319 = VERTEX_POINT ( 'NONE', #3996 ) ;
#4320 = ORIENTED_EDGE ( 'NONE', *, *, #5092, .T. ) ;
#4321 = ORIENTED_EDGE ( 'NONE', *, *, #4707, .T. ) ;
#4322 = SURFACE_STYLE_FILL_AREA ( #1994 ) ;
#4323 = STYLED_ITEM ( 'NONE', ( #5855 ), #5357 ) ;
#4324 = EDGE_LOOP ( 'NONE', ( #3742, #446, #1509, #4114 ) ) ;
#4325 = CARTESIAN_POINT ( 'NONE',  ( 0.1950000000000000067, 0.1950000000000000067, 6.740000000000000213 ) ) ;
#4326 = LINE ( 'NONE', #4357, #3916 ) ;
#4327 = ORIENTED_EDGE ( 'NONE', *, *, #4518, .F. ) ;
#4328 = DIRECTION ( 'NONE',  ( -0.4648338989899218343, 0.000000000000000000, -0.8853979028379427296 ) ) ;
#4329 = EDGE_CURVE ( 'NONE', #5676, #60, #5044, .T. ) ;
#4330 = CARTESIAN_POINT ( 'NONE',  ( 6.450000000000000178, -2.339999999999999858, -1.699999999999999956 ) ) ;
#4331 = DIRECTION ( 'NONE',  ( 0.000000000000000000, 0.000000000000000000, -1.000000000000000000 ) ) ;
#4332 = VECTOR ( 'NONE', #4593, 1000.000000000000000 ) ;
#4333 = SURFACE_STYLE_FILL_AREA ( #5319 ) ;
#4334 = EDGE_CURVE ( 'NONE', #4841, #2930, #2134, .T. ) ;
#4335 = FACE_OUTER_BOUND ( 'NONE', #4353, .T. ) ;
#4336 = EDGE_CURVE ( 'NONE', #2112, #3818, #3109, .T. ) ;
#4337 = CARTESIAN_POINT ( 'NONE',  ( -0.3200000000000000067, -2.540000000000000036, 1.590000000000000080 ) ) ;
#4338 = ORIENTED_EDGE ( 'NONE', *, *, #1117, .F. ) ;
#4339 = LINE ( 'NONE', #5352, #5379 ) ;
#4340 = COLOUR_RGB ( '',0.9254901960784314152, 0.9254901960784314152, 0.9254901960784314152 ) ;
#4341 = DIRECTION ( 'NONE',  ( -0.8660254037844288266, 0.5000000000000169864, 0.000000000000000000 ) ) ;
#4342 = PLANE ( 'NONE',  #2425 ) ;
#4343 = LINE ( 'NONE', #5848, #4964 ) ;
#4344 = SURFACE_STYLE_FILL_AREA ( #1078 ) ;
#4345 = SURFACE_SIDE_STYLE ('',( #2950 ) ) ;
#4346 = ORIENTED_EDGE ( 'NONE', *, *, #1458, .T. ) ;
#4347 = ADVANCED_FACE ( 'NONE', ( #3015 ), #5486, .T. ) ;
#4348 = CARTESIAN_POINT ( 'NONE',  ( 6.450000000000000178, -2.339999999999999858, -1.699999999999999956 ) ) ;
#4349 = AXIS2_PLACEMENT_3D ( 'NONE', #1412, #2905, #942 ) ;
#4350 = ADVANCED_FACE ( 'NONE', ( #5949 ), #2578, .T. ) ;
#4351 = CARTESIAN_POINT ( 'NONE',  ( 6.450000000000000178, -0.2500000000000000000, -1.699999999999999956 ) ) ;
#4352 = VERTEX_POINT ( 'NONE', #666 ) ;
#4353 = EDGE_LOOP ( 'NONE', ( #5888, #1442, #2170, #2840 ) ) ;
#4354 = ORIENTED_EDGE ( 'NONE', *, *, #4001, .T. ) ;
#4355 = DIRECTION ( 'NONE',  ( 1.000000000000000000, 0.000000000000000000, 0.000000000000000000 ) ) ;
#4356 = ORIENTED_EDGE ( 'NONE', *, *, #5765, .T. ) ;
#4357 = CARTESIAN_POINT ( 'NONE',  ( 9.839999999999999858, -2.540000000000000036, 1.590000000000000080 ) ) ;
#4358 = ORIENTED_EDGE ( 'NONE', *, *, #5056, .T. ) ;
#4359 = SURFACE_SIDE_STYLE ('',( #2440 ) ) ;
#4360 = FACE_OUTER_BOUND ( 'NONE', #3697, .T. ) ;
#4361 = CARTESIAN_POINT ( 'NONE',  ( 6.870000000000000107, 0.000000000000000000, -2.500000000000000000 ) ) ;
#4362 = LINE ( 'NONE', #2909, #274 ) ;
#4363 = LINE ( 'NONE', #5662, #3111 ) ;
#4364 = PRESENTATION_STYLE_ASSIGNMENT (( #3833 ) ) ;
#4365 = PLANE ( 'NONE',  #1901 ) ;
#4366 = ORIENTED_EDGE ( 'NONE', *, *, #3652, .T. ) ;
#4367 = SURFACE_SIDE_STYLE ('',( #4884 ) ) ;
#4368 = EDGE_CURVE ( 'NONE', #622, #737, #5921, .T. ) ;
#4369 = DIRECTION ( 'NONE',  ( -1.000000000000000000, 0.000000000000000000, 0.000000000000000000 ) ) ;
#4370 = FACE_OUTER_BOUND ( 'NONE', #1520, .T. ) ;
#4371 = CARTESIAN_POINT ( 'NONE',  ( -0.3200000000000000067, -6.593493649053999484, -6.959999999999999964 ) ) ;
#4372 = CARTESIAN_POINT ( 'NONE',  ( 2.860000000000000320, 0.000000000000000000, -0.9499999999999999556 ) ) ;
#4373 = ORIENTED_EDGE ( 'NONE', *, *, #897, .T. ) ;
#4374 = PRESENTATION_LAYER_ASSIGNMENT (  '', '', ( #56 ) ) ;
#4375 = LINE ( 'NONE', #137, #4872 ) ;
#4376 = ADVANCED_FACE ( 'NONE', ( #4953 ), #135, .F. ) ;
#4377 = DIRECTION ( 'NONE',  ( 1.000000000000000000, 0.000000000000000000, 0.000000000000000000 ) ) ;
#4378 = FILL_AREA_STYLE_COLOUR ( '', #2211 ) ;
#4379 = AXIS2_PLACEMENT_3D ( 'NONE', #2600, #2094, #658 ) ;
#4380 =( NAMED_UNIT ( * ) PLANE_ANGLE_UNIT ( ) SI_UNIT ( $, .RADIAN. ) );
#4381 = ORIENTED_EDGE ( 'NONE', *, *, #2972, .F. ) ;
#4382 = APPLICATION_CONTEXT ( 'automotive_design' ) ;
#4383 = EDGE_LOOP ( 'NONE', ( #3782, #714, #5296, #2839, #4875, #4081, #3009 ) ) ;
#4384 = ORIENTED_EDGE ( 'NONE', *, *, #2843, .F. ) ;
#4385 = EDGE_CURVE ( 'NONE', #4122, #4256, #2161, .T. ) ;
#4386 = CARTESIAN_POINT ( 'NONE',  ( 4.760000000000000675, -2.540000000000000036, 0.9499999999999999556 ) ) ;
#4387 = VECTOR ( 'NONE', #105, 1000.000000000000000 ) ;
#4388 = ORIENTED_EDGE ( 'NONE', *, *, #2731, .F. ) ;
#4389 = VECTOR ( 'NONE', #594, 1000.000000000000000 ) ;
#4390 = LINE ( 'NONE', #5714, #5032 ) ;
#4391 = ORIENTED_EDGE ( 'NONE', *, *, #3728, .T. ) ;
#4392 = DIRECTION ( 'NONE',  ( 0.000000000000000000, 0.000000000000000000, -1.000000000000000000 ) ) ;
#4393 = FILL_AREA_STYLE_COLOUR ( '', #706 ) ;
#4394 = LINE ( 'NONE', #3856, #2392 ) ;
#4395 = EDGE_CURVE ( 'NONE', #148, #4559, #2105, .T. ) ;
#4396 = VECTOR ( 'NONE', #4246, 1000.000000000000000 ) ;
#4397 = CARTESIAN_POINT ( 'NONE',  ( 2.220000000000000195, -0.2500000000000000000, -0.9499999999999999556 ) ) ;
#4398 = CARTESIAN_POINT ( 'NONE',  ( 0.3200000000000000067, -0.2500000000000000000, 0.9499999999999999556 ) ) ;
#4399 = CIRCLE ( 'NONE', #5184, 1.000000000000000000 ) ;
#4400 = ORIENTED_EDGE ( 'NONE', *, *, #4336, .F. ) ;
#4401 = DIRECTION ( 'NONE',  ( 0.000000000000000000, -1.000000000000000000, 0.000000000000000000 ) ) ;
#4402 = SURFACE_STYLE_USAGE ( .BOTH. , #2881 ) ;
#4403 = ORIENTED_EDGE ( 'NONE', *, *, #4039, .T. ) ;
#4404 = FILL_AREA_STYLE ('',( #4801 ) ) ;
#4405 = DIRECTION ( 'NONE',  ( 0.000000000000000000, 0.000000000000000000, -1.000000000000000000 ) ) ;
#4406 = CARTESIAN_POINT ( 'NONE',  ( 2.860000000000000320, 0.000000000000000000, 0.9499999999999999556 ) ) ;
#4407 = LINE ( 'NONE', #542, #4574 ) ;
#4408 = CARTESIAN_POINT ( 'NONE',  ( 8.593125000000000568, 0.000000000000000000, 2.075000000000000178 ) ) ;
#4409 = ORIENTED_EDGE ( 'NONE', *, *, #5802, .T. ) ;
#4410 = VECTOR ( 'NONE', #1032, 1000.000000000000000 ) ;
#4411 = EDGE_CURVE ( 'NONE', #742, #5249, #4060, .T. ) ;
#4412 = FACE_OUTER_BOUND ( 'NONE', #5387, .T. ) ;
#4413 = APPLICATION_PROTOCOL_DEFINITION ( 'draft international standard', 'automotive_design', 1998, #1374 ) ;
#4414 = VECTOR ( 'NONE', #3518, 1000.000000000000000 ) ;
#4415 = AXIS2_PLACEMENT_3D ( 'NONE', #4921, #5850, #639 ) ;
#4416 = ORIENTED_EDGE ( 'NONE', *, *, #3251, .T. ) ;
#4417 = ORIENTED_EDGE ( 'NONE', *, *, #5328, .T. ) ;
#4418 = VERTEX_POINT ( 'NONE', #163 ) ;
#4419 = VECTOR ( 'NONE', #4263, 1000.000000000000114 ) ;
#4420 = ADVANCED_FACE ( 'NONE', ( #4031 ), #736, .T. ) ;
#4421 = AXIS2_PLACEMENT_3D ( 'NONE', #219, #2124, #751 ) ;
#4422 = EDGE_CURVE ( 'NONE', #1220, #3361, #3581, .T. ) ;
#4423 = VERTEX_POINT ( 'NONE', #704 ) ;
#4424 = VERTEX_POINT ( 'NONE', #2611 ) ;
#4425 =( NAMED_UNIT ( * ) SI_UNIT ( $, .STERADIAN. ) SOLID_ANGLE_UNIT ( ) );
#4426 = DIRECTION ( 'NONE',  ( 0.000000000000000000, -1.000000000000000000, 0.000000000000000000 ) ) ;
#4427 = CARTESIAN_POINT ( 'NONE',  ( 2.860000000000000320, -0.2500000000000000000, 0.9499999999999999556 ) ) ;
#4428 = EDGE_CURVE ( 'NONE', #5769, #339, #232, .T. ) ;
#4429 = PRESENTATION_LAYER_ASSIGNMENT (  '', '', ( #921 ) ) ;
#4430 = ADVANCED_FACE ( 'NONE', ( #5985 ), #1708, .F. ) ;
#4431 = ORIENTED_EDGE ( 'NONE', *, *, #3281, .F. ) ;
#4432 = LINE ( 'NONE', #126, #3163 ) ;
#4433 = ORIENTED_EDGE ( 'NONE', *, *, #3721, .F. ) ;
#4434 = VECTOR ( 'NONE', #1481, 1000.000000000000000 ) ;
#4435 =( NAMED_UNIT ( * ) PLANE_ANGLE_UNIT ( ) SI_UNIT ( $, .RADIAN. ) );
#4436 = PRESENTATION_STYLE_ASSIGNMENT (( #2510 ) ) ;
#4437 = STYLED_ITEM ( 'NONE', ( #4146 ), #6046 ) ;
#4438 = LINE ( 'NONE', #1111, #4824 ) ;
#4439 = DIRECTION ( 'NONE',  ( -1.000000000000000000, 0.000000000000000000, 0.000000000000000000 ) ) ;
#4440 = CARTESIAN_POINT ( 'NONE',  ( 8.990000000000000213, -0.2500000000000000000, -1.699999999999999956 ) ) ;
#4441 = CARTESIAN_POINT ( 'NONE',  ( 0.3200000000000000067, -4.053493649053999448, -3.279999999999999805 ) ) ;
#4442 = VERTEX_POINT ( 'NONE', #319 ) ;
#4443 = CARTESIAN_POINT ( 'NONE',  ( 0.3185000000000000053, 0.3185000000000000053, 6.526091725265000143 ) ) ;
#4444 = APPLICATION_PROTOCOL_DEFINITION ( 'draft international standard', 'automotive_design', 1998, #1701 ) ;
#4445 = DIRECTION ( 'NONE',  ( 1.000000000000000000, 0.000000000000000000, 0.000000000000000000 ) ) ;
#4446 = DIRECTION ( 'NONE',  ( 0.4648338989899218343, 0.000000000000000000, -0.8853979028379427296 ) ) ;
#4447 = ORIENTED_EDGE ( 'NONE', *, *, #3255, .F. ) ;
#4448 = EDGE_LOOP ( 'NONE', ( #996, #5764, #5922, #3847, #552, #2120, #1060 ) ) ;
#4449 = ORIENTED_EDGE ( 'NONE', *, *, #711, .F. ) ;
#4450 = VECTOR ( 'NONE', #4938, 1000.000000000000000 ) ;
#4451 = EDGE_CURVE ( 'NONE', #525, #4156, #6109, .T. ) ;
#4452 = EDGE_CURVE ( 'NONE', #961, #4559, #5578, .T. ) ;
#4453 = ORIENTED_EDGE ( 'NONE', *, *, #2065, .T. ) ;
#4454 = ORIENTED_EDGE ( 'NONE', *, *, #3802, .F. ) ;
#4455 =( LENGTH_UNIT ( ) NAMED_UNIT ( * ) SI_UNIT ( .MILLI., .METRE. ) );
#4456 = CARTESIAN_POINT ( 'NONE',  ( 8.370000000000000995, 0.000000000000000000, 2.500000000000000000 ) ) ;
#4457 = CARTESIAN_POINT ( 'NONE',  ( 5.830000000000000071, -2.540000000000000036, -2.500000000000000000 ) ) ;
#4458 = ADVANCED_FACE ( 'NONE', ( #288 ), #4674, .T. ) ;
#4459 = CARTESIAN_POINT ( 'NONE',  ( 6.450000000000000178, -2.339999999999999858, -1.699999999999999956 ) ) ;
#4460 = ORIENTED_EDGE ( 'NONE', *, *, #3255, .T. ) ;
#4461 = DIRECTION ( 'NONE',  ( 0.000000000000000000, -1.000000000000000000, 0.000000000000000000 ) ) ;
#4462 = ORIENTED_EDGE ( 'NONE', *, *, #4892, .T. ) ;
#4463 = FACE_BOUND ( 'NONE', #2305, .T. ) ;
#4464 = ADVANCED_FACE ( 'NONE', ( #793 ), #2290, .T. ) ;
#4465 = DIRECTION ( 'NONE',  ( 0.000000000000000000, 0.000000000000000000, 1.000000000000000000 ) ) ;
#4466 = ORIENTED_EDGE ( 'NONE', *, *, #3322, .F. ) ;
#4467 = DIRECTION ( 'NONE',  ( 0.000000000000000000, -1.000000000000000000, 0.000000000000000000 ) ) ;
#4468 = VERTEX_POINT ( 'NONE', #6074 ) ;
#4469 = SURFACE_SIDE_STYLE ('',( #5952 ) ) ;
#4470 = CARTESIAN_POINT ( 'NONE',  ( 1.790000000000000036, 0.000000000000000000, 2.500000000000000000 ) ) ;
#4471 = ORIENTED_EDGE ( 'NONE', *, *, #1278, .T. ) ;
#4472 = ORIENTED_EDGE ( 'NONE', *, *, #1837, .T. ) ;
#4473 = ORIENTED_EDGE ( 'NONE', *, *, #2654, .F. ) ;
#4474 = DIRECTION ( 'NONE',  ( -0.4472135954999771346, 0.4472135954999771346, -0.7745966692414611998 ) ) ;
#4475 = PLANE ( 'NONE',  #3434 ) ;
#4476 = ORIENTED_EDGE ( 'NONE', *, *, #4749, .T. ) ;
#4477 = DIRECTION ( 'NONE',  ( 0.000000000000000000, -1.000000000000000000, 0.000000000000000000 ) ) ;
#4478 = STYLED_ITEM ( 'NONE', ( #632 ), #1879 ) ;
#4479 = CARTESIAN_POINT ( 'NONE',  ( 7.939999999999999503, 0.000000000000000000, -1.590000000000000080 ) ) ;
#4480 = EDGE_CURVE ( 'NONE', #4741, #3953, #4710, .T. ) ;
#4481 = DIRECTION ( 'NONE',  ( 0.000000000000000000, 1.000000000000000000, 0.000000000000000000 ) ) ;
#4482 = VECTOR ( 'NONE', #2693, 1000.000000000000000 ) ;
#4483 = PRESENTATION_LAYER_ASSIGNMENT (  '', '', ( #2167 ) ) ;
#4484 = CARTESIAN_POINT ( 'NONE',  ( 8.990000000000000213, 0.000000000000000000, -1.699999999999999956 ) ) ;
#4485 = ORIENTED_EDGE ( 'NONE', *, *, #5671, .F. ) ;
#4486 = PRESENTATION_STYLE_ASSIGNMENT (( #3984 ) ) ;
#4487 = CARTESIAN_POINT ( 'NONE',  ( 8.370000000000000995, -2.540000000000000036, -2.500000000000000000 ) ) ;
#4488 = ORIENTED_EDGE ( 'NONE', *, *, #3675, .F. ) ;
#4489 = UNCERTAINTY_MEASURE_WITH_UNIT (LENGTH_MEASURE( 1.000000000000000082E-05 ), #1474, 'distance_accuracy_value', 'NONE');
#4490 = AXIS2_PLACEMENT_3D ( 'NONE', #5522, #4990, #4503 ) ;
#4491 = FACE_OUTER_BOUND ( 'NONE', #450, .T. ) ;
#4492 = ADVANCED_FACE ( 'NONE', ( #1292 ), #4148, .F. ) ;
#4493 = UNCERTAINTY_MEASURE_WITH_UNIT (LENGTH_MEASURE( 1.000000000000000082E-05 ), #1504, 'distance_accuracy_value', 'NONE');
#4494 = CARTESIAN_POINT ( 'NONE',  ( 8.789999999999999147, -2.540000000000000036, 1.699999999999999956 ) ) ;
#4495 =( GEOMETRIC_REPRESENTATION_CONTEXT ( 3 ) GLOBAL_UNCERTAINTY_ASSIGNED_CONTEXT ( ( #3104 ) ) GLOBAL_UNIT_ASSIGNED_CONTEXT ( ( #5580, #2260, #4768 ) ) REPRESENTATION_CONTEXT ( 'NONE', 'WORKASPACE' ) );
#4496 = EDGE_CURVE ( 'NONE', #4188, #2830, #5663, .T. ) ;
#4497 = COLOUR_RGB ( '',0.9254901960784314152, 0.9254901960784314152, 0.9254901960784314152 ) ;
#4498 = CARTESIAN_POINT ( 'NONE',  ( 6.349999999999999645, 0.000000000000000000, 1.699999999999999956 ) ) ;
#4499 = LINE ( 'NONE', #5602, #1107 ) ;
#4500 = CARTESIAN_POINT ( 'NONE',  ( 4.330000000000000071, 0.000000000000000000, 2.500000000000000000 ) ) ;
#4501 = ORIENTED_EDGE ( 'NONE', *, *, #1876, .F. ) ;
#4502 = AXIS2_PLACEMENT_3D ( 'NONE', #5635, #1352, #1791 ) ;
#4503 = DIRECTION ( 'NONE',  ( 0.000000000000000000, 0.000000000000000000, 1.000000000000000000 ) ) ;
#4504 = APPLICATION_PROTOCOL_DEFINITION ( 'draft international standard', 'automotive_design', 1998, #3651 ) ;
#4505 = FACE_OUTER_BOUND ( 'NONE', #3718, .T. ) ;
#4506 = EDGE_CURVE ( 'NONE', #1274, #872, #886, .T. ) ;
#4507 = LINE ( 'NONE', #766, #1613 ) ;
#4508 = EDGE_LOOP ( 'NONE', ( #829, #3811, #22, #2142 ) ) ;
#4509 = VERTEX_POINT ( 'NONE', #759 ) ;
#4510 = VECTOR ( 'NONE', #4822, 1000.000000000000000 ) ;
#4511 = DIRECTION ( 'NONE',  ( 0.000000000000000000, 0.000000000000000000, -1.000000000000000000 ) ) ;
#4512 = DIRECTION ( 'NONE',  ( -1.000000000000000000, 0.000000000000000000, 0.000000000000000000 ) ) ;
#4513 = ORIENTED_EDGE ( 'NONE', *, *, #4385, .F. ) ;
#4514 = SURFACE_STYLE_USAGE ( .BOTH. , #3593 ) ;
#4515 = CARTESIAN_POINT ( 'NONE',  ( 2.220000000000000195, -0.2500000000000000000, 0.9499999999999999556 ) ) ;
#4516 = CARTESIAN_POINT ( 'NONE',  ( 6.250000000000000000, -2.540000000000000036, -1.699999999999999956 ) ) ;
#4517 = LINE ( 'NONE', #3095, #1805 ) ;
#4518 = EDGE_CURVE ( 'NONE', #5306, #2497, #3671, .T. ) ;
#4519 = LINE ( 'NONE', #4459, #2177 ) ;
#4520 = VERTEX_POINT ( 'NONE', #3641 ) ;
#4521 = FACE_OUTER_BOUND ( 'NONE', #756, .T. ) ;
#4522 = DIRECTION ( 'NONE',  ( 0.000000000000000000, 0.000000000000000000, 1.000000000000000000 ) ) ;
#4523 = ORIENTED_EDGE ( 'NONE', *, *, #2912, .T. ) ;
#4524 = DIRECTION ( 'NONE',  ( 0.000000000000000000, -1.000000000000000000, 0.000000000000000000 ) ) ;
#4525 =( GEOMETRIC_REPRESENTATION_CONTEXT ( 3 ) GLOBAL_UNCERTAINTY_ASSIGNED_CONTEXT ( ( #2333 ) ) GLOBAL_UNIT_ASSIGNED_CONTEXT ( ( #2384, #3379, #948 ) ) REPRESENTATION_CONTEXT ( 'NONE', 'WORKASPACE' ) );
#4526 = ADVANCED_FACE ( 'NONE', ( #5549 ), #1260, .T. ) ;
#4527 = EDGE_CURVE ( 'NONE', #4900, #1841, #3228, .T. ) ;
#4528 = DIRECTION ( 'NONE',  ( 0.000000000000000000, -1.000000000000000000, 0.000000000000000000 ) ) ;
#4529 = AXIS2_PLACEMENT_3D ( 'NONE', #43, #4318, #4445 ) ;
#4530 = PLANE ( 'NONE',  #5658 ) ;
#4531 = DIRECTION ( 'NONE',  ( 0.4648338989899218343, 0.000000000000000000, -0.8853979028379427296 ) ) ;
#4532 = CARTESIAN_POINT ( 'NONE',  ( -1.778000000000000025, -0.2500000000000000000, -2.075000000000000178 ) ) ;
#4533 = ORIENTED_EDGE ( 'NONE', *, *, #956, .F. ) ;
#4534 = CARTESIAN_POINT ( 'NONE',  ( 11.33000000000000007, -2.339999999999999858, -1.699999999999999956 ) ) ;
#4535 = FILL_AREA_STYLE ('',( #2671 ) ) ;
#4536 = CARTESIAN_POINT ( 'NONE',  ( -0.3185000000000000053, 0.3185000000000000053, 6.740000000000000213 ) ) ;
#4537 = VERTEX_POINT ( 'NONE', #3859 ) ;
#4538 = VERTEX_POINT ( 'NONE', #4825 ) ;
#4539 = ADVANCED_FACE ( 'NONE', ( #2944 ), #4365, .T. ) ;
#4540 = EDGE_CURVE ( 'NONE', #1528, #5264, #59, .T. ) ;
#4541 = MECHANICAL_DESIGN_GEOMETRIC_PRESENTATION_REPRESENTATION (  '', ( #1335 ), #2330 ) ;
#4542 = CARTESIAN_POINT ( 'NONE',  ( 1.790000000000000036, 0.000000000000000000, -2.500000000000000000 ) ) ;
#4543 = ORIENTED_EDGE ( 'NONE', *, *, #2601, .T. ) ;
#4544 =( GEOMETRIC_REPRESENTATION_CONTEXT ( 3 ) GLOBAL_UNCERTAINTY_ASSIGNED_CONTEXT ( ( #3258 ) ) GLOBAL_UNIT_ASSIGNED_CONTEXT ( ( #5905, #5934, #1658 ) ) REPRESENTATION_CONTEXT ( 'NONE', 'WORKASPACE' ) );
#4545 = DIRECTION ( 'NONE',  ( 0.000000000000000000, -1.000000000000000000, 0.000000000000000000 ) ) ;
#4546 = DIRECTION ( 'NONE',  ( -1.000000000000000000, 0.000000000000000000, 0.000000000000000000 ) ) ;
#4547 = DIRECTION ( 'NONE',  ( 0.000000000000000000, 1.000000000000000000, 0.000000000000000000 ) ) ;
#4548 = CARTESIAN_POINT ( 'NONE',  ( 8.990000000000000213, -0.2500000000000000000, 1.699999999999999956 ) ) ;
#4549 = ORIENTED_EDGE ( 'NONE', *, *, #4193, .F. ) ;
#4550 = LINE ( 'NONE', #2189, #5067 ) ;
#4551 = CARTESIAN_POINT ( 'NONE',  ( 9.839999999999999858, -2.540000000000000036, -1.590000000000000080 ) ) ;
#4552 = ORIENTED_EDGE ( 'NONE', *, *, #2306, .F. ) ;
#4553 = FACE_BOUND ( 'NONE', #2022, .T. ) ;
#4554 = UNCERTAINTY_MEASURE_WITH_UNIT (LENGTH_MEASURE( 1.000000000000000082E-05 ), #1213, 'distance_accuracy_value', 'NONE');
#4555 = DIRECTION ( 'NONE',  ( 0.000000000000000000, 1.000000000000000000, 0.000000000000000000 ) ) ;
#4556 =( NAMED_UNIT ( * ) SI_UNIT ( $, .STERADIAN. ) SOLID_ANGLE_UNIT ( ) );
#4557 = CARTESIAN_POINT ( 'NONE',  ( 0.3200000000000000067, -0.3200000000000000067, -0.2000000000000000111 ) ) ;
#4558 = DIRECTION ( 'NONE',  ( 0.4472135954999771901, 0.7745966692414611998, 0.4472135954999771901 ) ) ;
#4559 = VERTEX_POINT ( 'NONE', #2 ) ;
#4560 = EDGE_CURVE ( 'NONE', #3976, #3484, #4806, .T. ) ;
#4561 =( NAMED_UNIT ( * ) PLANE_ANGLE_UNIT ( ) SI_UNIT ( $, .RADIAN. ) );
#4562 = CONTEXT_DEPENDENT_SHAPE_REPRESENTATION ( #1492, #1165 ) ;
#4563 = DIRECTION ( 'NONE',  ( 0.000000000000000000, 0.000000000000000000, -1.000000000000000000 ) ) ;
#4564 = CARTESIAN_POINT ( 'NONE',  ( 6.053125000000000533, 0.000000000000000000, 2.075000000000000178 ) ) ;
#4565 = CARTESIAN_POINT ( 'NONE',  ( 10.48000000000000043, -0.2500000000000000000, 0.9499999999999999556 ) ) ;
#4566 = EDGE_LOOP ( 'NONE', ( #4074, #4997, #5644, #4466, #2931, #6146, #3777 ) ) ;
#4567 = EDGE_LOOP ( 'NONE', ( #1285, #1027, #85, #143 ) ) ;
#4568 = EDGE_CURVE ( 'NONE', #320, #3218, #5694, .T. ) ;
#4569 = CARTESIAN_POINT ( 'NONE',  ( 3.710000000000000409, -2.540000000000000036, 1.699999999999999956 ) ) ;
#4570 = PRODUCT_DEFINITION_SHAPE ( 'NONE', 'NONE',  #6190 ) ;
#4571 = FACE_OUTER_BOUND ( 'NONE', #616, .T. ) ;
#4572 = VERTEX_POINT ( 'NONE', #5745 ) ;
#4573 = DIRECTION ( 'NONE',  ( 1.000000000000000000, 0.000000000000000000, 0.000000000000000000 ) ) ;
#4574 = VECTOR ( 'NONE', #4831, 1000.000000000000000 ) ;
#4575 = DIRECTION ( 'NONE',  ( 0.000000000000000000, 0.000000000000000000, 1.000000000000000000 ) ) ;
#4576 = DIRECTION ( 'NONE',  ( 1.000000000000000000, 0.000000000000000000, 0.000000000000000000 ) ) ;
#4577 = LINE ( 'NONE', #3540, #384 ) ;
#4578 = ORIENTED_EDGE ( 'NONE', *, *, #3178, .F. ) ;
#4579 = EDGE_CURVE ( 'NONE', #3363, #4442, #1511, .T. ) ;
#4580 = FILL_AREA_STYLE_COLOUR ( '', #5752 ) ;
#4581 = LINE ( 'NONE', #6066, #5396 ) ;
#4582 = ORIENTED_EDGE ( 'NONE', *, *, #4100, .F. ) ;
#4583 = LINE ( 'NONE', #1258, #3610 ) ;
#4584 = VECTOR ( 'NONE', #579, 1000.000000000000114 ) ;
#4585 = CARTESIAN_POINT ( 'NONE',  ( 5.080000000000000071, 0.000000000000000000, 0.000000000000000000 ) ) ;
#4586 = DIRECTION ( 'NONE',  ( 0.000000000000000000, 0.000000000000000000, 1.000000000000000000 ) ) ;
#4587 = ORIENTED_EDGE ( 'NONE', *, *, #5087, .T. ) ;
#4588 = ORIENTED_EDGE ( 'NONE', *, *, #5737, .T. ) ;
#4589 = STYLED_ITEM ( 'NONE', ( #346 ), #3265 ) ;
#4590 =( GEOMETRIC_REPRESENTATION_CONTEXT ( 3 ) GLOBAL_UNCERTAINTY_ASSIGNED_CONTEXT ( ( #2326 ) ) GLOBAL_UNIT_ASSIGNED_CONTEXT ( ( #748, #4104, #5059 ) ) REPRESENTATION_CONTEXT ( 'NONE', 'WORKASPACE' ) );
#4591 = DIRECTION ( 'NONE',  ( 0.000000000000000000, -1.000000000000000000, 0.000000000000000000 ) ) ;
#4592 = SURFACE_SIDE_STYLE ('',( #2166 ) ) ;
#4593 = DIRECTION ( 'NONE',  ( 0.000000000000000000, 1.000000000000000000, 0.000000000000000000 ) ) ;
#4594 = PLANE ( 'NONE',  #906 ) ;
#4595 = ORIENTED_EDGE ( 'NONE', *, *, #1011, .T. ) ;
#4596 = EDGE_CURVE ( 'NONE', #5944, #525, #2851, .T. ) ;
#4597 = ORIENTED_EDGE ( 'NONE', *, *, #4108, .T. ) ;
#4598 = VECTOR ( 'NONE', #3193, 1000.000000000000000 ) ;
#4599 = MECHANICAL_DESIGN_GEOMETRIC_PRESENTATION_REPRESENTATION (  '', ( #2294 ), #2195 ) ;
#4600 = FACE_OUTER_BOUND ( 'NONE', #413, .T. ) ;
#4601 = ADVANCED_FACE ( 'NONE', ( #537 ), #5780, .T. ) ;
#4602 = VERTEX_POINT ( 'NONE', #29 ) ;
#4603 = DIRECTION ( 'NONE',  ( -1.000000000000000000, 0.000000000000000000, 0.000000000000000000 ) ) ;
#4604 = VECTOR ( 'NONE', #5717, 1000.000000000000000 ) ;
#4605 = EDGE_CURVE ( 'NONE', #4538, #2858, #1421, .T. ) ;
#4606 = DIRECTION ( 'NONE',  ( 0.000000000000000000, -1.000000000000000000, 0.000000000000000000 ) ) ;
#4607 = FACE_OUTER_BOUND ( 'NONE', #4848, .T. ) ;
#4608 = VECTOR ( 'NONE', #574, 1000.000000000000000 ) ;
#4609 = DIRECTION ( 'NONE',  ( 0.000000000000000000, 0.000000000000000000, 1.000000000000000000 ) ) ;
#4610 = ORIENTED_EDGE ( 'NONE', *, *, #6052, .F. ) ;
#4611 = DIRECTION ( 'NONE',  ( 0.000000000000000000, 0.000000000000000000, -1.000000000000000000 ) ) ;
#4612 = DIRECTION ( 'NONE',  ( 0.000000000000000000, 1.000000000000000000, 0.000000000000000000 ) ) ;
#4613 = ORIENTED_EDGE ( 'NONE', *, *, #1572, .T. ) ;
#4614 = CARTESIAN_POINT ( 'NONE',  ( 5.400000000000000355, -0.2500000000000000000, 0.9499999999999999556 ) ) ;
#4615 = VECTOR ( 'NONE', #2207, 1000.000000000000114 ) ;
#4616 = EDGE_CURVE ( 'NONE', #5305, #233, #507, .T. ) ;
#4617 = VECTOR ( 'NONE', #5021, 1000.000000000000000 ) ;
#4618 = ADVANCED_FACE ( 'NONE', ( #3415 ), #949, .T. ) ;
#4619 =( REPRESENTATION_RELATIONSHIP ('NONE','NONE', #1553, #5622 ) REPRESENTATION_RELATIONSHIP_WITH_TRANSFORMATION ( #3551 )SHAPE_REPRESENTATION_RELATIONSHIP( ) );
#4620 = CYLINDRICAL_SURFACE ( 'NONE', #5211, 1.000000000000000000 ) ;
#4621 = CARTESIAN_POINT ( 'NONE',  ( 2.220000000000000195, 0.000000000000000000, 0.9499999999999999556 ) ) ;
#4622 = ORIENTED_EDGE ( 'NONE', *, *, #4860, .T. ) ;
#4623 = AXIS2_PLACEMENT_3D ( 'NONE', #1325, #3669, #1354 ) ;
#4624 = DIRECTION ( 'NONE',  ( 0.000000000000000000, -1.000000000000000000, 0.000000000000000000 ) ) ;
#4625 = CONTEXT_DEPENDENT_SHAPE_REPRESENTATION ( #5011, #419 ) ;
#4626 = COLOUR_RGB ( '',0.9254901960784314152, 0.9254901960784314152, 0.9254901960784314152 ) ;
#4627 = PRODUCT_DEFINITION_SHAPE ( 'NONE', 'NONE',  #1957 ) ;
#4628 = CARTESIAN_POINT ( 'NONE',  ( -0.3200000000000000067, -1.320000000000000062, -5.320000000000000284 ) ) ;
#4629 = CARTESIAN_POINT ( 'NONE',  ( 2.860000000000000320, -0.2500000000000000000, -0.9499999999999999556 ) ) ;
#4630 = ORIENTED_EDGE ( 'NONE', *, *, #5737, .F. ) ;
#4631 = VERTEX_POINT ( 'NONE', #3834 ) ;
#4632 =( GEOMETRIC_REPRESENTATION_CONTEXT ( 3 ) GLOBAL_UNCERTAINTY_ASSIGNED_CONTEXT ( ( #5423 ) ) GLOBAL_UNIT_ASSIGNED_CONTEXT ( ( #1547, #5354, #4854 ) ) REPRESENTATION_CONTEXT ( 'NONE', 'WORKASPACE' ) );
#4633 = CARTESIAN_POINT ( 'NONE',  ( -0.9731250000000000178, 0.000000000000000000, -2.075000000000000178 ) ) ;
#4634 = CARTESIAN_POINT ( 'NONE',  ( 7.299999999999999822, -2.540000000000000036, 0.9499999999999999556 ) ) ;
#4635 = ORIENTED_EDGE ( 'NONE', *, *, #4937, .T. ) ;
#4636 = CARTESIAN_POINT ( 'NONE',  ( 1.169999999999999929, -2.540000000000000036, -1.699999999999999956 ) ) ;
#4637 = CARTESIAN_POINT ( 'NONE',  ( 0.3200000000000000067, -1.320000000000000062, -5.320000000000000284 ) ) ;
#4638 = EDGE_CURVE ( 'NONE', #1252, #4979, #3348, .T. ) ;
#4639 = DIRECTION ( 'NONE',  ( -0.4648338989899218343, 0.000000000000000000, -0.8853979028379427296 ) ) ;
#4640 = FACE_OUTER_BOUND ( 'NONE', #4021, .T. ) ;
#4641 = CARTESIAN_POINT ( 'NONE',  ( 11.42999999999999972, -0.2500000000000000000, -1.699999999999999956 ) ) ;
#4642 = EDGE_CURVE ( 'NONE', #2243, #3818, #690, .T. ) ;
#4643 = EDGE_LOOP ( 'NONE', ( #2988, #45, #1912, #4449 ) ) ;
#4644 = DIRECTION ( 'NONE',  ( 0.000000000000000000, -1.000000000000000000, 0.000000000000000000 ) ) ;
#4645 = DIRECTION ( 'NONE',  ( -1.000000000000000000, 0.000000000000000000, 0.000000000000000000 ) ) ;
#4646 = ORIENTED_EDGE ( 'NONE', *, *, #47, .F. ) ;
#4647 = DIRECTION ( 'NONE',  ( 0.4648338989899218343, 0.000000000000000000, -0.8853979028379427296 ) ) ;
#4648 = SURFACE_SIDE_STYLE ('',( #2727 ) ) ;
#4649 =( NAMED_UNIT ( * ) PLANE_ANGLE_UNIT ( ) SI_UNIT ( $, .RADIAN. ) );
#4650 = ORIENTED_EDGE ( 'NONE', *, *, #2414, .F. ) ;
#4651 = DIRECTION ( 'NONE',  ( 0.4648338989899218343, 0.000000000000000000, 0.8853979028379427296 ) ) ;
#4652 = CARTESIAN_POINT ( 'NONE',  ( 8.789999999999999147, -2.540000000000000036, -1.699999999999999956 ) ) ;
#4653 = DIRECTION ( 'NONE',  ( 0.000000000000000000, 1.000000000000000000, 0.000000000000000000 ) ) ;
#4654 = ORIENTED_EDGE ( 'NONE', *, *, #4868, .F. ) ;
#4655 = ORIENTED_EDGE ( 'NONE', *, *, #1209, .T. ) ;
#4656 = DIRECTION ( 'NONE',  ( 1.000000000000000000, 0.000000000000000000, 0.000000000000000000 ) ) ;
#4657 = DIRECTION ( 'NONE',  ( -0.4648338989899218343, 0.000000000000000000, 0.8853979028379427296 ) ) ;
#4658 = VERTEX_POINT ( 'NONE', #2221 ) ;
#4659 = SURFACE_STYLE_FILL_AREA ( #3625 ) ;
#4660 = CARTESIAN_POINT ( 'NONE',  ( 0.1950000000000000067, -6.810000000000000497, -6.834999999999999964 ) ) ;
#4661 = LINE ( 'NONE', #2281, #5 ) ;
#4662 = ORIENTED_EDGE ( 'NONE', *, *, #5618, .T. ) ;
#4663 = FACE_OUTER_BOUND ( 'NONE', #728, .T. ) ;
#4664 = DIRECTION ( 'NONE',  ( 0.8853979028379428406, 0.000000000000000000, -0.4648338989899218343 ) ) ;
#4665 = ORIENTED_EDGE ( 'NONE', *, *, #4970, .F. ) ;
#4666 = PLANE ( 'NONE',  #2928 ) ;
#4667 = EDGE_CURVE ( 'NONE', #3143, #320, #6005, .T. ) ;
#4668 = AXIS2_PLACEMENT_3D ( 'NONE', #230, #2104, #196 ) ;
#4669 = CARTESIAN_POINT ( 'NONE',  ( 3.710000000000000409, -2.339999999999999858, 1.699999999999999956 ) ) ;
#4670 = PRODUCT ( 'M20-97405XX_ASM.stp', 'M20-97405XX_ASM.stp', '', ( #643 ) ) ;
#4671 =( GEOMETRIC_REPRESENTATION_CONTEXT ( 3 ) GLOBAL_UNCERTAINTY_ASSIGNED_CONTEXT ( ( #3478 ) ) GLOBAL_UNIT_ASSIGNED_CONTEXT ( ( #4217, #4274, #3744 ) ) REPRESENTATION_CONTEXT ( 'NONE', 'WORKASPACE' ) );
#4672 = CARTESIAN_POINT ( 'NONE',  ( 4.760000000000000675, -0.2500000000000000000, -1.590000000000000080 ) ) ;
#4673 = ADVANCED_FACE ( 'NONE', ( #1698 ), #1637, .T. ) ;
#4674 = PLANE ( 'NONE',  #5600 ) ;
#4675 = ORIENTED_EDGE ( 'NONE', *, *, #1150, .F. ) ;
#4676 = CARTESIAN_POINT ( 'NONE',  ( 8.789999999999999147, -2.339999999999999858, 1.699999999999999956 ) ) ;
#4677 = EDGE_CURVE ( 'NONE', #3953, #3582, #3064, .T. ) ;
#4678 = DIRECTION ( 'NONE',  ( 0.000000000000000000, -1.000000000000000000, 0.000000000000000000 ) ) ;
#4679 = VECTOR ( 'NONE', #4076, 1000.000000000000000 ) ;
#4680 = AXIS2_PLACEMENT_3D ( 'NONE', #3713, #3231, #6080 ) ;
#4681 = LINE ( 'NONE', #1298, #925 ) ;
#4682 = CARTESIAN_POINT ( 'NONE',  ( -0.3200000000000000067, 0.3200000000000000067, 0.9399999999999999467 ) ) ;
#4683 = ORIENTED_EDGE ( 'NONE', *, *, #2708, .T. ) ;
#4684 = ORIENTED_EDGE ( 'NONE', *, *, #4933, .T. ) ;
#4685 = VECTOR ( 'NONE', #1854, 1000.000000000000000 ) ;
#4686 = DIRECTION ( 'NONE',  ( 1.000000000000000000, 0.000000000000000000, 0.000000000000000000 ) ) ;
#4687 = EDGE_CURVE ( 'NONE', #3306, #2049, #4517, .T. ) ;
#4688 =( NAMED_UNIT ( * ) SI_UNIT ( $, .STERADIAN. ) SOLID_ANGLE_UNIT ( ) );
#4689 = VECTOR ( 'NONE', #5171, 1000.000000000000000 ) ;
#4690 = STYLED_ITEM ( 'NONE', ( #5036 ), #1068 ) ;
#4691 = ORIENTED_EDGE ( 'NONE', *, *, #1015, .T. ) ;
#4692 = DIRECTION ( 'NONE',  ( -0.8853979028379428406, 0.000000000000000000, 0.4648338989899218343 ) ) ;
#4693 = EDGE_LOOP ( 'NONE', ( #3914, #5556, #2816, #1932, #5479, #2401, #111 ) ) ;
#4694 = DIRECTION ( 'NONE',  ( 0.000000000000000000, -1.000000000000000000, 0.000000000000000000 ) ) ;
#4695 = DIRECTION ( 'NONE',  ( 0.000000000000000000, -1.000000000000000000, 0.000000000000000000 ) ) ;
#4696 = DIRECTION ( 'NONE',  ( 0.000000000000000000, -1.000000000000000000, 0.000000000000000000 ) ) ;
#4697 = DIRECTION ( 'NONE',  ( 0.4648338989899218343, 0.000000000000000000, 0.8853979028379427296 ) ) ;
#4698 = ORIENTED_EDGE ( 'NONE', *, *, #1589, .F. ) ;
#4699 = CARTESIAN_POINT ( 'NONE',  ( 5.080000000000000071, 0.000000000000000000, 0.000000000000000000 ) ) ;
#4700 = FACE_OUTER_BOUND ( 'NONE', #2741, .T. ) ;
#4701 = ORIENTED_EDGE ( 'NONE', *, *, #5900, .F. ) ;
#4702 = CARTESIAN_POINT ( 'NONE',  ( 8.593125000000000568, 0.000000000000000000, -2.075000000000000178 ) ) ;
#4703 = AXIS2_PLACEMENT_3D ( 'NONE', #3208, #452, #2362 ) ;
#4704 = CARTESIAN_POINT ( 'NONE',  ( -0.1950000000000000067, -4.270000000000000462, -3.154999999999999805 ) ) ;
#4705 = CLOSED_SHELL ( 'NONE', ( #2864, #3455, #453, #5317, #2249, #5239, #896, #5209, #6095, #732, #628, #4303, #145, #5020, #1711, #1574, #1337, #6046, #773, #2056, #314, #4225, #5357 ) ) ;
#4706 = STYLED_ITEM ( 'NONE', ( #1947 ), #4225 ) ;
#4707 = EDGE_CURVE ( 'NONE', #1103, #3826, #3151, .T. ) ;
#4708 = DIRECTION ( 'NONE',  ( 0.4648338989899218343, 0.000000000000000000, -0.8853979028379427296 ) ) ;
#4709 = VECTOR ( 'NONE', #5158, 1000.000000000000000 ) ;
#4710 = LINE ( 'NONE', #2665, #403 ) ;
#4711 = ORIENTED_EDGE ( 'NONE', *, *, #697, .F. ) ;
#4712 = VECTOR ( 'NONE', #811, 1000.000000000000000 ) ;
#4713 = UNCERTAINTY_MEASURE_WITH_UNIT (LENGTH_MEASURE( 1.000000000000000082E-05 ), #4455, 'distance_accuracy_value', 'NONE');
#4714 = ADVANCED_FACE ( 'NONE', ( #5065 ), #5446, .T. ) ;
#4715 = LINE ( 'NONE', #3259, #3574 ) ;
#4716 = EDGE_CURVE ( 'NONE', #368, #5528, #1281, .T. ) ;
#4717 = VECTOR ( 'NONE', #1043, 1000.000000000000000 ) ;
#4718 = DIRECTION ( 'NONE',  ( 0.000000000000000000, -1.000000000000000000, 0.000000000000000000 ) ) ;
#4719 = ORIENTED_EDGE ( 'NONE', *, *, #1736, .T. ) ;
#4720 = VERTEX_POINT ( 'NONE', #3538 ) ;
#4721 = PRODUCT_DEFINITION_CONTEXT ( 'detailed design', #2569, 'design' ) ;
#4722 = DIRECTION ( 'NONE',  ( 0.000000000000000000, 0.000000000000000000, 1.000000000000000000 ) ) ;
#4723 = LINE ( 'NONE', #4633, #2692 ) ;
#4724 = EDGE_LOOP ( 'NONE', ( #3369, #402, #5467, #2053 ) ) ;
#4725 = CIRCLE ( 'NONE', #3316, 1.639999999999999902 ) ;
#4726 = ORIENTED_EDGE ( 'NONE', *, *, #1257, .T. ) ;
#4727 = VERTEX_POINT ( 'NONE', #2718 ) ;
#4728 = CARTESIAN_POINT ( 'NONE',  ( 1.369999999999999885, -0.2500000000000000000, 1.699999999999999956 ) ) ;
#4729 = DIRECTION ( 'NONE',  ( 0.000000000000000000, 0.000000000000000000, -1.000000000000000000 ) ) ;
#4730 = VECTOR ( 'NONE', #2796, 1000.000000000000114 ) ;
#4731 = CARTESIAN_POINT ( 'NONE',  ( -0.9731250000000000178, -0.2500000000000000000, 2.075000000000000178 ) ) ;
#4732 = ORIENTED_EDGE ( 'NONE', *, *, #6089, .T. ) ;
#4733 = VERTEX_POINT ( 'NONE', #5472 ) ;
#4734 = CARTESIAN_POINT ( 'NONE',  ( -0.3180000000000000049, -0.3180000000000000049, 5.386957750668999623 ) ) ;
#4735 = CARTESIAN_POINT ( 'NONE',  ( -1.169999999999999929, -0.2500000000000000000, -1.699999999999999956 ) ) ;
#4736 = LINE ( 'NONE', #4397, #2769 ) ;
#4737 = AXIS2_PLACEMENT_3D ( 'NONE', #558, #23, #2873 ) ;
#4738 =( NAMED_UNIT ( * ) PLANE_ANGLE_UNIT ( ) SI_UNIT ( $, .RADIAN. ) );
#4739 = LINE ( 'NONE', #3287, #671 ) ;
#4740 = DIRECTION ( 'NONE',  ( 0.000000000000000000, -1.000000000000000000, 0.000000000000000000 ) ) ;
#4741 = VERTEX_POINT ( 'NONE', #1196 ) ;
#4742 = SURFACE_SIDE_STYLE ('',( #951 ) ) ;
#4743 = PRESENTATION_LAYER_ASSIGNMENT (  '', '', ( #1144 ) ) ;
#4744 = CARTESIAN_POINT ( 'NONE',  ( 3.710000000000000409, -0.2500000000000000000, 1.699999999999999956 ) ) ;
#4745 = LINE ( 'NONE', #3841, #1170 ) ;
#4746 = ORIENTED_EDGE ( 'NONE', *, *, #4823, .F. ) ;
#4747 = ORIENTED_EDGE ( 'NONE', *, *, #3414, .F. ) ;
#4748 = EDGE_CURVE ( 'NONE', #2347, #2052, #3567, .T. ) ;
#4749 = EDGE_CURVE ( 'NONE', #2339, #4038, #277, .T. ) ;
#4750 = ORIENTED_EDGE ( 'NONE', *, *, #4642, .F. ) ;
#4751 = VERTEX_POINT ( 'NONE', #4049 ) ;
#4752 = ORIENTED_EDGE ( 'NONE', *, *, #2417, .T. ) ;
#4753 = CARTESIAN_POINT ( 'NONE',  ( 9.839999999999999858, -0.2500000000000000000, -0.9499999999999999556 ) ) ;
#4754 = EDGE_CURVE ( 'NONE', #4914, #67, #5006, .T. ) ;
#4755 = EDGE_CURVE ( 'NONE', #2729, #5906, #2186, .T. ) ;
#4756 = LINE ( 'NONE', #2867, #2593 ) ;
#4757 = VERTEX_POINT ( 'NONE', #723 ) ;
#4758 = FACE_BOUND ( 'NONE', #5100, .T. ) ;
#4759 = CARTESIAN_POINT ( 'NONE',  ( -0.3200000000000000067, -0.3200000000000000067, 0.9399999999999999467 ) ) ;
#4760 = ORIENTED_EDGE ( 'NONE', *, *, #504, .T. ) ;
#4761 = DIRECTION ( 'NONE',  ( 0.4472135954999771901, 0.7745966692414611998, -0.4472135954999771901 ) ) ;
#4762 = DIRECTION ( 'NONE',  ( 0.000000000000000000, 1.000000000000000000, 0.000000000000000000 ) ) ;
#4763 = PRESENTATION_STYLE_ASSIGNMENT (( #5253 ) ) ;
#4764 = ADVANCED_FACE ( 'NONE', ( #4607 ), #2629, .T. ) ;
#4765 =( NAMED_UNIT ( * ) SI_UNIT ( $, .STERADIAN. ) SOLID_ANGLE_UNIT ( ) );
#4766 = FILL_AREA_STYLE_COLOUR ( '', #3105 ) ;
#4767 = ORIENTED_EDGE ( 'NONE', *, *, #6123, .F. ) ;
#4768 =( NAMED_UNIT ( * ) SI_UNIT ( $, .STERADIAN. ) SOLID_ANGLE_UNIT ( ) );
#4769 = DIRECTION ( 'NONE',  ( -1.000000000000000000, 0.000000000000000000, 0.000000000000000000 ) ) ;
#4770 = FACE_OUTER_BOUND ( 'NONE', #1619, .T. ) ;
#4771 = CARTESIAN_POINT ( 'NONE',  ( 0.3185000000000000053, 0.3185000000000000053, 6.526091725265000143 ) ) ;
#4772 = PRESENTATION_LAYER_ASSIGNMENT (  '', '', ( #1270 ) ) ;
#4773 = DIRECTION ( 'NONE',  ( 0.000000000000000000, 1.000000000000000000, 0.000000000000000000 ) ) ;
#4774 = ORIENTED_EDGE ( 'NONE', *, *, #2761, .F. ) ;
#4775 = VECTOR ( 'NONE', #4461, 1000.000000000000000 ) ;
#4776 = VECTOR ( 'NONE', #2827, 1000.000000000000000 ) ;
#4777 = EDGE_CURVE ( 'NONE', #1349, #4156, #5971, .T. ) ;
#4778 = CARTESIAN_POINT ( 'NONE',  ( 8.789999999999999147, -2.540000000000000036, 1.699999999999999956 ) ) ;
#4779 = SURFACE_STYLE_FILL_AREA ( #2896 ) ;
#4780 = ORIENTED_EDGE ( 'NONE', *, *, #4506, .F. ) ;
#4781 = VERTEX_POINT ( 'NONE', #307 ) ;
#4782 = STYLED_ITEM ( 'NONE', ( #2137 ), #2864 ) ;
#4783 = ORIENTED_EDGE ( 'NONE', *, *, #61, .F. ) ;
#4784 = VECTOR ( 'NONE', #3383, 1000.000000000000000 ) ;
#4785 = VECTOR ( 'NONE', #1162, 1000.000000000000114 ) ;
#4786 = ADVANCED_FACE ( 'NONE', ( #4640 ), #337, .F. ) ;
#4787 = CARTESIAN_POINT ( 'NONE',  ( 0.3200000000000000067, -1.320000000000000062, -2.640000000000000124 ) ) ;
#4788 = ORIENTED_EDGE ( 'NONE', *, *, #816, .T. ) ;
#4789 = FACE_OUTER_BOUND ( 'NONE', #435, .T. ) ;
#4790 = ORIENTED_EDGE ( 'NONE', *, *, #1015, .F. ) ;
#4791 = DIRECTION ( 'NONE',  ( 0.000000000000000000, 0.000000000000000000, -1.000000000000000000 ) ) ;
#4792 = PLANE ( 'NONE',  #188 ) ;
#4793 = MECHANICAL_DESIGN_GEOMETRIC_PRESENTATION_REPRESENTATION (  '', ( #6085 ), #1775 ) ;
#4794 =( NAMED_UNIT ( * ) PLANE_ANGLE_UNIT ( ) SI_UNIT ( $, .RADIAN. ) );
#4795 = VECTOR ( 'NONE', #270, 1000.000000000000000 ) ;
#4796 = DIRECTION ( 'NONE',  ( 0.000000000000000000, 0.000000000000000000, 1.000000000000000000 ) ) ;
#4797 = DIRECTION ( 'NONE',  ( 0.000000000000000000, 0.000000000000000000, -1.000000000000000000 ) ) ;
#4798 = EDGE_CURVE ( 'NONE', #2830, #3649, #840, .T. ) ;
#4799 = CARTESIAN_POINT ( 'NONE',  ( 0.3200000000000000067, -1.320000000000000062, -1.639999999999999902 ) ) ;
#4800 = ORIENTED_EDGE ( 'NONE', *, *, #3596, .F. ) ;
#4801 = FILL_AREA_STYLE_COLOUR ( '', #2385 ) ;
#4802 = VECTOR ( 'NONE', #4558, 1000.000000000000114 ) ;
#4803 = DIRECTION ( 'NONE',  ( 0.000000000000000000, 0.000000000000000000, 1.000000000000000000 ) ) ;
#4804 = CARTESIAN_POINT ( 'NONE',  ( 2.860000000000000320, -2.540000000000000036, -0.9499999999999999556 ) ) ;
#4805 = CARTESIAN_POINT ( 'NONE',  ( 5.830000000000000071, -2.540000000000000036, 2.500000000000000000 ) ) ;
#4806 = CIRCLE ( 'NONE', #3605, 1.639999999999999902 ) ;
#4807 = LINE ( 'NONE', #3328, #5783 ) ;
#4808 = VERTEX_POINT ( 'NONE', #3758 ) ;
#4809 =( GEOMETRIC_REPRESENTATION_CONTEXT ( 3 ) GLOBAL_UNCERTAINTY_ASSIGNED_CONTEXT ( ( #3712 ) ) GLOBAL_UNIT_ASSIGNED_CONTEXT ( ( #5859, #4928, #2552 ) ) REPRESENTATION_CONTEXT ( 'NONE', 'WORKASPACE' ) );
#4810 = DIRECTION ( 'NONE',  ( 0.4648338989899218343, 0.000000000000000000, -0.8853979028379427296 ) ) ;
#4811 = DIRECTION ( 'NONE',  ( 0.000000000000000000, -1.000000000000000000, 0.000000000000000000 ) ) ;
#4812 = ORIENTED_EDGE ( 'NONE', *, *, #2601, .F. ) ;
#4813 = ORIENTED_EDGE ( 'NONE', *, *, #2744, .T. ) ;
#4814 = ORIENTED_EDGE ( 'NONE', *, *, #3394, .F. ) ;
#4815 = AXIS2_PLACEMENT_3D ( 'NONE', #1487, #1951, #1835 ) ;
#4816 = LINE ( 'NONE', #5277, #3493 ) ;
#4817 = MECHANICAL_DESIGN_GEOMETRIC_PRESENTATION_REPRESENTATION (  '', ( #921 ), #2620 ) ;
#4818 = EDGE_LOOP ( 'NONE', ( #3987, #2232, #640, #5146 ) ) ;
#4819 = LINE ( 'NONE', #4759, #1648 ) ;
#4820 = ORIENTED_EDGE ( 'NONE', *, *, #1506, .F. ) ;
#4821 = FACE_OUTER_BOUND ( 'NONE', #1149, .T. ) ;
#4822 = DIRECTION ( 'NONE',  ( -1.000000000000000000, 0.000000000000000000, 0.000000000000000000 ) ) ;
#4823 = EDGE_CURVE ( 'NONE', #1309, #4720, #2343, .T. ) ;
#4824 = VECTOR ( 'NONE', #4528, 1000.000000000000000 ) ;
#4825 = CARTESIAN_POINT ( 'NONE',  ( 11.33000000000000007, -2.540000000000000036, -1.699999999999999956 ) ) ;
#4826 = ORIENTED_EDGE ( 'NONE', *, *, #3757, .F. ) ;
#4827 = LINE ( 'NONE', #1047, #2679 ) ;
#4828 = CARTESIAN_POINT ( 'NONE',  ( 1.566875000000000018, -0.2500000000000000000, 2.075000000000000178 ) ) ;
#4829 = LINE ( 'NONE', #1428, #1426 ) ;
#4830 = EDGE_CURVE ( 'NONE', #3271, #2240, #3243, .T. ) ;
#4831 = DIRECTION ( 'NONE',  ( 0.000000000000000000, -1.000000000000000000, 0.000000000000000000 ) ) ;
#4832 = LINE ( 'NONE', #2013, #3500 ) ;
#4833 = ORIENTED_EDGE ( 'NONE', *, *, #5765, .F. ) ;
#4834 = CARTESIAN_POINT ( 'NONE',  ( 6.646874999999999645, 0.000000000000000000, 2.075000000000000178 ) ) ;
#4835 = PLANE ( 'NONE',  #4910 ) ;
#4836 = CARTESIAN_POINT ( 'NONE',  ( -0.3185000000000000053, 0.3185000000000000053, 0.9399999999999999467 ) ) ;
#4837 = ORIENTED_EDGE ( 'NONE', *, *, #2063, .T. ) ;
#4838 = ORIENTED_EDGE ( 'NONE', *, *, #5581, .F. ) ;
#4839 = EDGE_LOOP ( 'NONE', ( #5180, #5369, #5958, #2705 ) ) ;
#4840 = LINE ( 'NONE', #620, #3595 ) ;
#4841 = VERTEX_POINT ( 'NONE', #1408 ) ;
#4842 = DIRECTION ( 'NONE',  ( 0.000000000000000000, -1.000000000000000000, 0.000000000000000000 ) ) ;
#4843 = EDGE_LOOP ( 'NONE', ( #5798, #1685, #3279, #4665 ) ) ;
#4844 = DIRECTION ( 'NONE',  ( -0.4648338989899218343, 0.000000000000000000, 0.8853979028379427296 ) ) ;
#4845 = CARTESIAN_POINT ( 'NONE',  ( 7.299999999999999822, -0.2500000000000000000, -0.9499999999999999556 ) ) ;
#4846 = CARTESIAN_POINT ( 'NONE',  ( 2.220000000000000195, -2.540000000000000036, -1.590000000000000080 ) ) ;
#4847 = ADVANCED_FACE ( 'NONE', ( #5127 ), #5680, .T. ) ;
#4848 = EDGE_LOOP ( 'NONE', ( #2932, #3342, #5540, #2113 ) ) ;
#4849 = PLANE ( 'NONE',  #1771 ) ;
#4850 = CARTESIAN_POINT ( 'NONE',  ( 11.42999999999999972, 0.000000000000000000, 1.699999999999999956 ) ) ;
#4851 = EDGE_LOOP ( 'NONE', ( #5911, #902, #1363, #6027 ) ) ;
#4852 = LINE ( 'NONE', #5291, #4195 ) ;
#4853 = EDGE_CURVE ( 'NONE', #3234, #233, #3217, .T. ) ;
#4854 =( NAMED_UNIT ( * ) SI_UNIT ( $, .STERADIAN. ) SOLID_ANGLE_UNIT ( ) );
#4855 = LINE ( 'NONE', #64, #166 ) ;
#4856 = LINE ( 'NONE', #101, #1206 ) ;
#4857 = PRESENTATION_STYLE_ASSIGNMENT (( #4888 ) ) ;
#4858 = EDGE_LOOP ( 'NONE', ( #3229, #463, #3349, #283 ) ) ;
#4859 = PRESENTATION_LAYER_ASSIGNMENT (  '', '', ( #3158 ) ) ;
#4860 = EDGE_CURVE ( 'NONE', #753, #928, #2745, .T. ) ;
#4861 = LINE ( 'NONE', #5730, #371 ) ;
#4862 = DIRECTION ( 'NONE',  ( 1.000000000000000000, 0.000000000000000000, 0.000000000000000000 ) ) ;
#4863 = CARTESIAN_POINT ( 'NONE',  ( -0.3200000000000000067, -0.3200000000000000067, -0.2000000000000000111 ) ) ;
#4864 = LINE ( 'NONE', #3396, #1423 ) ;
#4865 = ORIENTED_EDGE ( 'NONE', *, *, #1457, .F. ) ;
#4866 = ORIENTED_EDGE ( 'NONE', *, *, #1233, .T. ) ;
#4867 = ORIENTED_EDGE ( 'NONE', *, *, #2543, .T. ) ;
#4868 = EDGE_CURVE ( 'NONE', #1201, #1868, #3821, .T. ) ;
#4869 = VECTOR ( 'NONE', #4942, 1000.000000000000114 ) ;
#4870 = EDGE_CURVE ( 'NONE', #592, #3494, #1782, .T. ) ;
#4871 = FILL_AREA_STYLE_COLOUR ( '', #595 ) ;
#4872 = VECTOR ( 'NONE', #1054, 1000.000000000000000 ) ;
#4873 = VERTEX_POINT ( 'NONE', #3276 ) ;
#4874 = DIRECTION ( 'NONE',  ( 0.000000000000000000, 0.000000000000000000, -1.000000000000000000 ) ) ;
#4875 = ORIENTED_EDGE ( 'NONE', *, *, #1993, .F. ) ;
#4876 = FILL_AREA_STYLE ('',( #1036 ) ) ;
#4877 = PRESENTATION_STYLE_ASSIGNMENT (( #5743 ) ) ;
#4878 = VECTOR ( 'NONE', #3657, 1000.000000000000000 ) ;
#4879 = CARTESIAN_POINT ( 'NONE',  ( 2.220000000000000195, -2.540000000000000036, 1.590000000000000080 ) ) ;
#4880 = ORIENTED_EDGE ( 'NONE', *, *, #3930, .F. ) ;
#4881 = DIRECTION ( 'NONE',  ( 0.000000000000000000, 0.000000000000000000, -1.000000000000000000 ) ) ;
#4882 = ORIENTED_EDGE ( 'NONE', *, *, #3251, .F. ) ;
#4883 = LINE ( 'NONE', #2883, #5080 ) ;
#4884 = SURFACE_STYLE_FILL_AREA ( #1016 ) ;
#4885 = CARTESIAN_POINT ( 'NONE',  ( 7.620000000000000107, -2.540000000000000036, 0.000000000000000000 ) ) ;
#4886 = FILL_AREA_STYLE_COLOUR ( '', #354 ) ;
#4887 = SURFACE_SIDE_STYLE ('',( #4344 ) ) ;
#4888 = SURFACE_STYLE_USAGE ( .BOTH. , #4345 ) ;
#4889 = VERTEX_POINT ( 'NONE', #3696 ) ;
#4890 = AXIS2_PLACEMENT_3D ( 'NONE', #5865, #492, #2406 ) ;
#4891 = EDGE_CURVE ( 'NONE', #2500, #2226, #4661, .T. ) ;
#4892 = EDGE_CURVE ( 'NONE', #3543, #2474, #2370, .T. ) ;
#4893 = CARTESIAN_POINT ( 'NONE',  ( 3.710000000000000409, -2.540000000000000036, 1.699999999999999956 ) ) ;
#4894 = AXIS2_PLACEMENT_3D ( 'NONE', #5485, #6102, #4168 ) ;
#4895 = AXIS2_PLACEMENT_3D ( 'NONE', #4296, #4791, #3763 ) ;
#4896 = DIRECTION ( 'NONE',  ( 0.000000000000000000, -1.000000000000000000, 0.000000000000000000 ) ) ;
#4897 = SURFACE_STYLE_FILL_AREA ( #5682 ) ;
#4898 = EDGE_LOOP ( 'NONE', ( #4533, #1300, #5272, #798 ) ) ;
#4899 = ORIENTED_EDGE ( 'NONE', *, *, #4233, .T. ) ;
#4900 = VERTEX_POINT ( 'NONE', #433 ) ;
#4901 = AXIS2_PLACEMENT_3D ( 'NONE', #6022, #1715, #5555 ) ;
#4902 = VECTOR ( 'NONE', #1375, 1000.000000000000000 ) ;
#4903 = ORIENTED_EDGE ( 'NONE', *, *, #3144, .F. ) ;
#4904 = CARTESIAN_POINT ( 'NONE',  ( 0.3180000000000000049, 0.3180000000000000049, 5.386957750668999623 ) ) ;
#4905 = VERTEX_POINT ( 'NONE', #1812 ) ;
#4906 = PRODUCT_RELATED_PRODUCT_CATEGORY ( 'part', '', ( #2762 ) ) ;
#4907 = PLANE ( 'NONE',  #6125 ) ;
#4908 = CARTESIAN_POINT ( 'NONE',  ( 5.400000000000000355, -2.540000000000000036, -1.590000000000000080 ) ) ;
#4909 = FACE_OUTER_BOUND ( 'NONE', #1773, .T. ) ;
#4910 = AXIS2_PLACEMENT_3D ( 'NONE', #2399, #4896, #2457 ) ;
#4911 = VERTEX_POINT ( 'NONE', #2842 ) ;
#4912 = SURFACE_STYLE_FILL_AREA ( #1938 ) ;
#4913 = DIRECTION ( 'NONE',  ( 0.000000000000000000, 0.000000000000000000, 1.000000000000000000 ) ) ;
#4914 = VERTEX_POINT ( 'NONE', #3732 ) ;
#4915 = VECTOR ( 'NONE', #4369, 1000.000000000000000 ) ;
#4916 = DIRECTION ( 'NONE',  ( -0.8853979028379428406, 0.000000000000000000, -0.4648338989899218343 ) ) ;
#4917 = UNCERTAINTY_MEASURE_WITH_UNIT (LENGTH_MEASURE( 1.000000000000000082E-05 ), #4301, 'distance_accuracy_value', 'NONE');
#4918 = LINE ( 'NONE', #2131, #3216 ) ;
#4919 = CARTESIAN_POINT ( 'NONE',  ( 0.3180000000000000049, -0.3180000000000000049, 5.386957750668999623 ) ) ;
#4920 = CARTESIAN_POINT ( 'NONE',  ( -0.1950000000000000067, -0.1950000000000000067, 6.740000000000000213 ) ) ;
#4921 = CARTESIAN_POINT ( 'NONE',  ( 1.369999999999999885, 0.000000000000000000, -1.699999999999999956 ) ) ;
#4922 = ORIENTED_EDGE ( 'NONE', *, *, #3750, .T. ) ;
#4923 =( REPRESENTATION_RELATIONSHIP ('NONE','NONE', #1553, #1983 ) REPRESENTATION_RELATIONSHIP_WITH_TRANSFORMATION ( #291 )SHAPE_REPRESENTATION_RELATIONSHIP( ) );
#4924 = LINE ( 'NONE', #2531, #5763 ) ;
#4925 = PRODUCT_CONTEXT ( 'NONE', #1374, 'mechanical' ) ;
#4926 = PLANE ( 'NONE',  #3614 ) ;
#4927 = PLANE ( 'NONE',  #1128 ) ;
#4928 =( NAMED_UNIT ( * ) PLANE_ANGLE_UNIT ( ) SI_UNIT ( $, .RADIAN. ) );
#4929 = ORIENTED_EDGE ( 'NONE', *, *, #165, .F. ) ;
#4930 = EDGE_CURVE ( 'NONE', #950, #2085, #5630, .T. ) ;
#4931 = ORIENTED_EDGE ( 'NONE', *, *, #4596, .F. ) ;
#4932 = ORIENTED_EDGE ( 'NONE', *, *, #2228, .F. ) ;
#4933 = EDGE_CURVE ( 'NONE', #737, #2162, #4260, .T. ) ;
#4934 = VECTOR ( 'NONE', #4611, 1000.000000000000000 ) ;
#4935 = PLANE ( 'NONE',  #4005 ) ;
#4936 = ORIENTED_EDGE ( 'NONE', *, *, #3794, .T. ) ;
#4937 = EDGE_CURVE ( 'NONE', #4720, #1422, #2780, .T. ) ;
#4938 = DIRECTION ( 'NONE',  ( 0.000000000000000000, 0.000000000000000000, -1.000000000000000000 ) ) ;
#4939 = ORIENTED_EDGE ( 'NONE', *, *, #2263, .F. ) ;
#4940 = FACE_OUTER_BOUND ( 'NONE', #4566, .T. ) ;
#4941 = EDGE_CURVE ( 'NONE', #330, #2240, #939, .T. ) ;
#4942 = DIRECTION ( 'NONE',  ( 0.4648338989899218343, 0.000000000000000000, 0.8853979028379427296 ) ) ;
#4943 = CARTESIAN_POINT ( 'NONE',  ( 4.760000000000000675, -0.2500000000000000000, 0.9499999999999999556 ) ) ;
#4944 = EDGE_LOOP ( 'NONE', ( #146, #3609, #2804, #5084 ) ) ;
#4945 = FACE_BOUND ( 'NONE', #3526, .T. ) ;
#4946 = CARTESIAN_POINT ( 'NONE',  ( -0.3200000000000000067, 0.000000000000000000, -1.590000000000000080 ) ) ;
#4947 = ORIENTED_EDGE ( 'NONE', *, *, #3485, .T. ) ;
#4948 = DIRECTION ( 'NONE',  ( 0.000000000000000000, 1.000000000000000000, 0.000000000000000000 ) ) ;
#4949 = EDGE_CURVE ( 'NONE', #345, #1904, #2246, .T. ) ;
#4950 = CARTESIAN_POINT ( 'NONE',  ( 0.1950000000000000067, -0.1950000000000000067, 5.599999999999999645 ) ) ;
#4951 = CARTESIAN_POINT ( 'NONE',  ( -2.286000000000000032, 0.000000000000000000, 2.075000000000000178 ) ) ;
#4952 = DIRECTION ( 'NONE',  ( 0.000000000000000000, 0.000000000000000000, -1.000000000000000000 ) ) ;
#4953 = FACE_OUTER_BOUND ( 'NONE', #1095, .T. ) ;
#4954 = ORIENTED_EDGE ( 'NONE', *, *, #321, .T. ) ;
#4955 = CARTESIAN_POINT ( 'NONE',  ( 0.1950000000000000067, -0.1950000000000000067, 5.599999999999999645 ) ) ;
#4956 =( NAMED_UNIT ( * ) PLANE_ANGLE_UNIT ( ) SI_UNIT ( $, .RADIAN. ) );
#4957 = FACE_OUTER_BOUND ( 'NONE', #3462, .T. ) ;
#4958 = LINE ( 'NONE', #644, #721 ) ;
#4959 = LINE ( 'NONE', #4292, #4419 ) ;
#4960 = VERTEX_POINT ( 'NONE', #3788 ) ;
#4961 = ORIENTED_EDGE ( 'NONE', *, *, #5858, .T. ) ;
#4962 = ORIENTED_EDGE ( 'NONE', *, *, #6089, .F. ) ;
#4963 = EDGE_CURVE ( 'NONE', #1868, #3494, #4756, .T. ) ;
#4964 = VECTOR ( 'NONE', #2948, 1000.000000000000000 ) ;
#4965 = LINE ( 'NONE', #5465, #4795 ) ;
#4966 = LINE ( 'NONE', #591, #5136 ) ;
#4967 = ORIENTED_EDGE ( 'NONE', *, *, #4001, .F. ) ;
#4968 = SURFACE_STYLE_FILL_AREA ( #5937 ) ;
#4969 = DIRECTION ( 'NONE',  ( 1.000000000000000000, 0.000000000000000000, 0.000000000000000000 ) ) ;
#4970 = EDGE_CURVE ( 'NONE', #4602, #2930, #1438, .T. ) ;
#4971 = EDGE_CURVE ( 'NONE', #4221, #1838, #4816, .T. ) ;
#4972 = CARTESIAN_POINT ( 'NONE',  ( 2.860000000000000320, 0.000000000000000000, -1.590000000000000080 ) ) ;
#4973 = VECTOR ( 'NONE', #3511, 1000.000000000000000 ) ;
#4974 = VECTOR ( 'NONE', #3346, 1000.000000000000000 ) ;
#4975 = CARTESIAN_POINT ( 'NONE',  ( 1.369999999999999885, -2.540000000000000036, 1.699999999999999956 ) ) ;
#4976 = ORIENTED_EDGE ( 'NONE', *, *, #3565, .F. ) ;
#4977 = DIRECTION ( 'NONE',  ( -0.4648338989899218343, 0.000000000000000000, -0.8853979028379427296 ) ) ;
#4978 = DIRECTION ( 'NONE',  ( 1.000000000000000000, 0.000000000000000000, 0.000000000000000000 ) ) ;
#4979 = VERTEX_POINT ( 'NONE', #2933 ) ;
#4980 = VECTOR ( 'NONE', #4545, 1000.000000000000000 ) ;
#4981 = UNCERTAINTY_MEASURE_WITH_UNIT (LENGTH_MEASURE( 1.000000000000000082E-05 ), #3573, 'distance_accuracy_value', 'NONE');
#4982 = VECTOR ( 'NONE', #1404, 1000.000000000000000 ) ;
#4983 = LINE ( 'NONE', #2608, #3122 ) ;
#4984 = ADVANCED_FACE ( 'NONE', ( #1562 ), #524, .F. ) ;
#4985 = PLANE ( 'NONE',  #5462 ) ;
#4986 = CARTESIAN_POINT ( 'NONE',  ( 0.3200000000000000067, -2.540000000000000036, 1.590000000000000080 ) ) ;
#4987 = DIRECTION ( 'NONE',  ( 0.000000000000000000, 0.000000000000000000, 1.000000000000000000 ) ) ;
#4988 = ORIENTED_EDGE ( 'NONE', *, *, #4451, .F. ) ;
#4989 = EDGE_CURVE ( 'NONE', #78, #4751, #1959, .T. ) ;
#4990 = DIRECTION ( 'NONE',  ( -0.8660254037844288266, 0.5000000000000169864, 0.000000000000000000 ) ) ;
#4991 = APPLICATION_PROTOCOL_DEFINITION ( 'draft international standard', 'automotive_design', 1998, #3325 ) ;
#4992 = FACE_OUTER_BOUND ( 'NONE', #4898, .T. ) ;
#4993 = FACE_OUTER_BOUND ( 'NONE', #326, .T. ) ;
#4994 = DIRECTION ( 'NONE',  ( 0.000000000000000000, 0.000000000000000000, -1.000000000000000000 ) ) ;
#4995 = ORIENTED_EDGE ( 'NONE', *, *, #165, .T. ) ;
#4996 = AXIS2_PLACEMENT_3D ( 'NONE', #4282, #4656, #4158 ) ;
#4997 = ORIENTED_EDGE ( 'NONE', *, *, #1491, .T. ) ;
#4998 = AXIS2_PLACEMENT_3D ( 'NONE', #4059, #4664, #1676 ) ;
#4999 = VECTOR ( 'NONE', #1079, 1000.000000000000000 ) ;
#5000 = CARTESIAN_POINT ( 'NONE',  ( 5.400000000000000355, -2.540000000000000036, -0.9499999999999999556 ) ) ;
#5001 = ORIENTED_EDGE ( 'NONE', *, *, #1076, .F. ) ;
#5002 = FACE_OUTER_BOUND ( 'NONE', #5807, .T. ) ;
#5003 = VECTOR ( 'NONE', #978, 1000.000000000000000 ) ;
#5004 = CARTESIAN_POINT ( 'NONE',  ( 3.710000000000000409, -2.540000000000000036, -1.699999999999999956 ) ) ;
#5005 = LINE ( 'NONE', #5415, #3075 ) ;
#5006 = LINE ( 'NONE', #2688, #102 ) ;
#5007 = FACE_BOUND ( 'NONE', #1033, .T. ) ;
#5008 = EDGE_LOOP ( 'NONE', ( #1097, #3433, #2923, #5599 ) ) ;
#5009 = CARTESIAN_POINT ( 'NONE',  ( 3.290000000000000036, -2.540000000000000036, 2.500000000000000000 ) ) ;
#5010 = EDGE_CURVE ( 'NONE', #933, #4757, #4840, .T. ) ;
#5011 =( REPRESENTATION_RELATIONSHIP ('NONE','NONE', #1553, #5622 ) REPRESENTATION_RELATIONSHIP_WITH_TRANSFORMATION ( #2669 )SHAPE_REPRESENTATION_RELATIONSHIP( ) );
#5012 = CARTESIAN_POINT ( 'NONE',  ( 4.330000000000000071, 0.000000000000000000, -2.500000000000000000 ) ) ;
#5013 = VERTEX_POINT ( 'NONE', #4386 ) ;
#5014 = CARTESIAN_POINT ( 'NONE',  ( 0.000000000000000000, 0.000000000000000000, 5.599999999999999645 ) ) ;
#5015 = ADVANCED_FACE ( 'NONE', ( #82 ), #589, .T. ) ;
#5016 = CARTESIAN_POINT ( 'NONE',  ( 1.369999999999999885, -2.540000000000000036, -1.699999999999999956 ) ) ;
#5017 = VECTOR ( 'NONE', #2458, 1000.000000000000000 ) ;
#5018 = DIRECTION ( 'NONE',  ( 0.000000000000000000, -1.000000000000000000, 0.000000000000000000 ) ) ;
#5019 = CARTESIAN_POINT ( 'NONE',  ( 0.3200000000000000067, -0.3200000000000000067, 6.740000000000000213 ) ) ;
#5020 = ADVANCED_FACE ( 'NONE', ( #5768, #19 ), #1531, .T. ) ;
#5021 = DIRECTION ( 'NONE',  ( -1.000000000000000000, 0.000000000000000000, 0.000000000000000000 ) ) ;
#5022 = ORIENTED_EDGE ( 'NONE', *, *, #3772, .F. ) ;
#5023 = VECTOR ( 'NONE', #2616, 1000.000000000000114 ) ;
#5024 = CONTEXT_DEPENDENT_SHAPE_REPRESENTATION ( #2886, #4570 ) ;
#5025 = DIRECTION ( 'NONE',  ( -0.4648338989899218343, 0.000000000000000000, 0.8853979028379427296 ) ) ;
#5026 = CARTESIAN_POINT ( 'NONE',  ( 8.789999999999999147, 0.000000000000000000, 1.699999999999999956 ) ) ;
#5027 = EDGE_LOOP ( 'NONE', ( #1594, #1739, #2832, #3086 ) ) ;
#5028 = VERTEX_POINT ( 'NONE', #649 ) ;
#5029 = CARTESIAN_POINT ( 'NONE',  ( -0.3200000000000000067, -6.593493649053999484, -6.320000000000000284 ) ) ;
#5030 = DIRECTION ( 'NONE',  ( 0.000000000000000000, 0.000000000000000000, 1.000000000000000000 ) ) ;
#5031 = EDGE_LOOP ( 'NONE', ( #2421, #5278, #3592, #5052 ) ) ;
#5032 = VECTOR ( 'NONE', #50, 1000.000000000000000 ) ;
#5033 = DIRECTION ( 'NONE',  ( 0.000000000000000000, 0.000000000000000000, 1.000000000000000000 ) ) ;
#5034 = CARTESIAN_POINT ( 'NONE',  ( -0.7500000000000000000, -2.540000000000000036, 2.500000000000000000 ) ) ;
#5035 = DIRECTION ( 'NONE',  ( 0.4648338989899218343, 0.000000000000000000, 0.8853979028379427296 ) ) ;
#5036 = PRESENTATION_STYLE_ASSIGNMENT (( #3127 ) ) ;
#5037 = ORIENTED_EDGE ( 'NONE', *, *, #5405, .F. ) ;
#5038 = CARTESIAN_POINT ( 'NONE',  ( 1.790000000000000036, 0.000000000000000000, 2.500000000000000000 ) ) ;
#5039 = PLANE ( 'NONE',  #4109 ) ;
#5040 = ORIENTED_EDGE ( 'NONE', *, *, #733, .F. ) ;
#5041 = FACE_BOUND ( 'NONE', #4851, .T. ) ;
#5042 = EDGE_CURVE ( 'NONE', #6061, #901, #3121, .T. ) ;
#5043 = CARTESIAN_POINT ( 'NONE',  ( -0.1950000000000000067, -0.3200000000000000067, 6.740000000000000213 ) ) ;
#5044 = LINE ( 'NONE', #1618, #905 ) ;
#5045 = EDGE_LOOP ( 'NONE', ( #1551, #1174, #1215, #1895 ) ) ;
#5046 = DIRECTION ( 'NONE',  ( 0.8660254037844288266, 0.5000000000000169864, 0.000000000000000000 ) ) ;
#5047 = EDGE_CURVE ( 'NONE', #1872, #4130, #242, .T. ) ;
#5048 = SHAPE_DEFINITION_REPRESENTATION ( #5060, #1983 ) ;
#5049 = DIRECTION ( 'NONE',  ( 0.4648338989899218343, 0.000000000000000000, 0.8853979028379427296 ) ) ;
#5050 = DIRECTION ( 'NONE',  ( -1.000000000000000000, 0.000000000000000000, 0.000000000000000000 ) ) ;
#5051 = DIRECTION ( 'NONE',  ( 0.000000000000000000, -1.000000000000000000, 0.000000000000000000 ) ) ;
#5052 = ORIENTED_EDGE ( 'NONE', *, *, #2708, .F. ) ;
#5053 = ORIENTED_EDGE ( 'NONE', *, *, #3802, .T. ) ;
#5054 = EDGE_CURVE ( 'NONE', #4305, #2890, #3653, .T. ) ;
#5055 = CARTESIAN_POINT ( 'NONE',  ( 0.3200000000000000067, -0.2500000000000000000, 1.590000000000000080 ) ) ;
#5056 = EDGE_CURVE ( 'NONE', #3438, #960, #2622, .T. ) ;
#5057 = CARTESIAN_POINT ( 'NONE',  ( 6.646874999999999645, 0.000000000000000000, -2.075000000000000178 ) ) ;
#5058 = ORIENTED_EDGE ( 'NONE', *, *, #5438, .T. ) ;
#5059 =( NAMED_UNIT ( * ) SI_UNIT ( $, .STERADIAN. ) SOLID_ANGLE_UNIT ( ) );
#5060 = PRODUCT_DEFINITION_SHAPE ( 'NONE', 'NONE',  #2233 ) ;
#5061 = CARTESIAN_POINT ( 'NONE',  ( 4.760000000000000675, -0.2500000000000000000, 0.9499999999999999556 ) ) ;
#5062 = ADVANCED_FACE ( 'NONE', ( #3089 ), #2210, .T. ) ;
#5063 = VECTOR ( 'NONE', #2856, 1000.000000000000000 ) ;
#5064 = CARTESIAN_POINT ( 'NONE',  ( 0.3200000000000000067, -0.3200000000000000067, -5.320000000000000284 ) ) ;
#5065 = FACE_OUTER_BOUND ( 'NONE', #4054, .T. ) ;
#5066 = CARTESIAN_POINT ( 'NONE',  ( -1.169999999999999929, -2.540000000000000036, 1.699999999999999956 ) ) ;
#5067 = VECTOR ( 'NONE', #1606, 1000.000000000000000 ) ;
#5068 = EDGE_LOOP ( 'NONE', ( #3717, #1918, #4265, #2019, #2180, #675, #4726 ) ) ;
#5069 = CARTESIAN_POINT ( 'NONE',  ( -1.169999999999999929, -2.339999999999999858, -1.699999999999999956 ) ) ;
#5070 = CARTESIAN_POINT ( 'NONE',  ( -1.169999999999999929, -2.339999999999999858, 1.699999999999999956 ) ) ;
#5071 = ORIENTED_EDGE ( 'NONE', *, *, #1656, .T. ) ;
#5072 = DIRECTION ( 'NONE',  ( -1.000000000000000000, 0.000000000000000000, 0.000000000000000000 ) ) ;
#5073 = VECTOR ( 'NONE', #795, 1000.000000000000000 ) ;
#5074 = LINE ( 'NONE', #1794, #5223 ) ;
#5075 = VECTOR ( 'NONE', #235, 1000.000000000000000 ) ;
#5076 = SURFACE_STYLE_FILL_AREA ( #2160 ) ;
#5077 = DIRECTION ( 'NONE',  ( -0.4648338989899218343, 0.000000000000000000, -0.8853979028379427296 ) ) ;
#5078 = ORIENTED_EDGE ( 'NONE', *, *, #4527, .T. ) ;
#5079 =( GEOMETRIC_REPRESENTATION_CONTEXT ( 3 ) GLOBAL_UNCERTAINTY_ASSIGNED_CONTEXT ( ( #3206 ) ) GLOBAL_UNIT_ASSIGNED_CONTEXT ( ( #3332, #73, #5854 ) ) REPRESENTATION_CONTEXT ( 'NONE', 'WORKASPACE' ) );
#5080 = VECTOR ( 'NONE', #2390, 1000.000000000000000 ) ;
#5081 = CARTESIAN_POINT ( 'NONE',  ( 3.290000000000000036, 0.000000000000000000, -2.500000000000000000 ) ) ;
#5082 = CONTEXT_DEPENDENT_SHAPE_REPRESENTATION ( #4923, #3057 ) ;
#5083 = CARTESIAN_POINT ( 'NONE',  ( 0.000000000000000000, -2.339999999999999858, 0.000000000000000000 ) ) ;
#5084 = ORIENTED_EDGE ( 'NONE', *, *, #4989, .F. ) ;
#5085 = ORIENTED_EDGE ( 'NONE', *, *, #4579, .T. ) ;
#5086 = VECTOR ( 'NONE', #5344, 1000.000000000000114 ) ;
#5087 = EDGE_CURVE ( 'NONE', #4757, #5594, #2083, .T. ) ;
#5088 = CARTESIAN_POINT ( 'NONE',  ( 4.760000000000000675, -0.2500000000000000000, 1.590000000000000080 ) ) ;
#5089 = VERTEX_POINT ( 'NONE', #5933 ) ;
#5090 = LINE ( 'NONE', #356, #5535 ) ;
#5091 = ORIENTED_EDGE ( 'NONE', *, *, #1552, .T. ) ;
#5092 = EDGE_CURVE ( 'NONE', #1817, #4873, #772, .T. ) ;
#5093 = DIRECTION ( 'NONE',  ( -1.000000000000000000, 0.000000000000000000, 0.000000000000000000 ) ) ;
#5094 = LINE ( 'NONE', #810, #3577 ) ;
#5095 = DIRECTION ( 'NONE',  ( 0.4648338989899218343, 0.000000000000000000, 0.8853979028379427296 ) ) ;
#5096 = VECTOR ( 'NONE', #2484, 1000.000000000000114 ) ;
#5097 = EDGE_CURVE ( 'NONE', #1561, #5579, #5560, .T. ) ;
#5098 = MECHANICAL_DESIGN_GEOMETRIC_PRESENTATION_REPRESENTATION (  '', ( #709 ), #2703 ) ;
#5099 = DIRECTION ( 'NONE',  ( 0.8660254037844288266, 0.000000000000000000, 0.5000000000000169864 ) ) ;
#5100 = EDGE_LOOP ( 'NONE', ( #3362, #4366, #2584, #1769 ) ) ;
#5101 =( NAMED_UNIT ( * ) SI_UNIT ( $, .STERADIAN. ) SOLID_ANGLE_UNIT ( ) );
#5102 = ORIENTED_EDGE ( 'NONE', *, *, #2178, .T. ) ;
#5103 = CARTESIAN_POINT ( 'NONE',  ( 6.450000000000000178, -2.339999999999999858, 1.699999999999999956 ) ) ;
#5104 = VECTOR ( 'NONE', #2111, 1000.000000000000000 ) ;
#5105 = VECTOR ( 'NONE', #871, 1000.000000000000000 ) ;
#5106 = LINE ( 'NONE', #376, #3622 ) ;
#5107 = CARTESIAN_POINT ( 'NONE',  ( 4.330000000000000071, -2.540000000000000036, -2.500000000000000000 ) ) ;
#5108 = VERTEX_POINT ( 'NONE', #4072 ) ;
#5109 = AXIS2_PLACEMENT_3D ( 'NONE', #2334, #4252, #3358 ) ;
#5110 = LINE ( 'NONE', #5696, #4685 ) ;
#5111 = LINE ( 'NONE', #4744, #5575 ) ;
#5112 = PRODUCT_CONTEXT ( 'NONE', #4299, 'mechanical' ) ;
#5113 = CIRCLE ( 'NONE', #3310, 1.000000000000000000 ) ;
#5114 = LINE ( 'NONE', #2828, #821 ) ;
#5115 = DIRECTION ( 'NONE',  ( 0.000000000000000000, 0.000000000000000000, -1.000000000000000000 ) ) ;
#5116 = VERTEX_POINT ( 'NONE', #1271 ) ;
#5117 = ORIENTED_EDGE ( 'NONE', *, *, #711, .T. ) ;
#5118 = ADVANCED_FACE ( 'NONE', ( #1657 ), #4935, .F. ) ;
#5119 = CARTESIAN_POINT ( 'NONE',  ( 1.369999999999999885, -2.339999999999999858, -1.699999999999999956 ) ) ;
#5120 = DIRECTION ( 'NONE',  ( 0.000000000000000000, 0.000000000000000000, -1.000000000000000000 ) ) ;
#5121 = ORIENTED_EDGE ( 'NONE', *, *, #5734, .F. ) ;
#5122 = DIRECTION ( 'NONE',  ( 0.000000000000000000, -1.000000000000000000, 0.000000000000000000 ) ) ;
#5123 = LINE ( 'NONE', #778, #5582 ) ;
#5124 = AXIS2_PLACEMENT_3D ( 'NONE', #1320, #3222, #5132 ) ;
#5125 = DIRECTION ( 'NONE',  ( -1.000000000000000000, 0.000000000000000000, 0.000000000000000000 ) ) ;
#5126 = EDGE_CURVE ( 'NONE', #6114, #1563, #4009, .T. ) ;
#5127 = FACE_OUTER_BOUND ( 'NONE', #3499, .T. ) ;
#5128 = ORIENTED_EDGE ( 'NONE', *, *, #2361, .F. ) ;
#5129 = DIRECTION ( 'NONE',  ( -0.4648338989899218343, 0.000000000000000000, 0.8853979028379427296 ) ) ;
#5130 = LINE ( 'NONE', #1348, #5891 ) ;
#5131 = ORIENTED_EDGE ( 'NONE', *, *, #4144, .T. ) ;
#5132 = DIRECTION ( 'NONE',  ( 1.000000000000000000, 0.000000000000000000, 0.000000000000000000 ) ) ;
#5133 = LINE ( 'NONE', #2659, #677 ) ;
#5134 = LINE ( 'NONE', #5688, #2067 ) ;
#5135 = ADVANCED_FACE ( 'NONE', ( #1719 ), #3621, .T. ) ;
#5136 = VECTOR ( 'NONE', #3501, 1000.000000000000000 ) ;
#5137 = CARTESIAN_POINT ( 'NONE',  ( 0.000000000000000000, 0.000000000000000000, 0.000000000000000000 ) ) ;
#5138 = CARTESIAN_POINT ( 'NONE',  ( 1.169999999999999929, -2.540000000000000036, 1.699999999999999956 ) ) ;
#5139 = SURFACE_STYLE_USAGE ( .BOTH. , #1825 ) ;
#5140 = CARTESIAN_POINT ( 'NONE',  ( 11.13312500000000149, 0.000000000000000000, -2.075000000000000178 ) ) ;
#5141 = ORIENTED_EDGE ( 'NONE', *, *, #2194, .T. ) ;
#5142 = FILL_AREA_STYLE_COLOUR ( '', #989 ) ;
#5143 = ADVANCED_FACE ( 'NONE', ( #1690 ), #2649, .T. ) ;
#5144 = PRESENTATION_STYLE_ASSIGNMENT (( #3154 ) ) ;
#5145 = CARTESIAN_POINT ( 'NONE',  ( -0.3200000000000000067, -4.053493649053999448, -2.640000000000000124 ) ) ;
#5146 = ORIENTED_EDGE ( 'NONE', *, *, #1358, .F. ) ;
#5147 = VERTEX_POINT ( 'NONE', #1218 ) ;
#5148 = UNCERTAINTY_MEASURE_WITH_UNIT (LENGTH_MEASURE( 1.000000000000000082E-05 ), #6107, 'distance_accuracy_value', 'NONE');
#5149 = SURFACE_STYLE_USAGE ( .BOTH. , #2770 ) ;
#5150 = LINE ( 'NONE', #5532, #4247 ) ;
#5151 = EDGE_LOOP ( 'NONE', ( #4691, #1962, #806, #3495 ) ) ;
#5152 = CARTESIAN_POINT ( 'NONE',  ( -0.3200000000000000067, -0.3200000000000000067, -1.639999999999999902 ) ) ;
#5153 = LINE ( 'NONE', #2777, #787 ) ;
#5154 = EDGE_CURVE ( 'NONE', #5769, #1319, #3056, .T. ) ;
#5155 = DIRECTION ( 'NONE',  ( 0.000000000000000000, 0.000000000000000000, 1.000000000000000000 ) ) ;
#5156 = DIRECTION ( 'NONE',  ( 1.000000000000000000, 0.000000000000000000, 0.000000000000000000 ) ) ;
#5157 = ORIENTED_EDGE ( 'NONE', *, *, #2937, .T. ) ;
#5158 = DIRECTION ( 'NONE',  ( 1.000000000000000000, 0.000000000000000000, 0.000000000000000000 ) ) ;
#5159 = CARTESIAN_POINT ( 'NONE',  ( 6.250000000000000000, -2.540000000000000036, 1.699999999999999956 ) ) ;
#5160 = ORIENTED_EDGE ( 'NONE', *, *, #3063, .F. ) ;
#5161 = CARTESIAN_POINT ( 'NONE',  ( 7.299999999999999822, 0.000000000000000000, 0.9499999999999999556 ) ) ;
#5162 = AXIS2_PLACEMENT_3D ( 'NONE', #1333, #2300, #448 ) ;
#5163 = DIRECTION ( 'NONE',  ( 0.000000000000000000, 0.000000000000000000, -1.000000000000000000 ) ) ;
#5164 = LINE ( 'NONE', #4172, #2587 ) ;
#5165 = EDGE_CURVE ( 'NONE', #651, #3875, #6025, .T. ) ;
#5166 = EDGE_CURVE ( 'NONE', #67, #3120, #4965, .T. ) ;
#5167 = LINE ( 'NONE', #882, #3820 ) ;
#5168 = CARTESIAN_POINT ( 'NONE',  ( 9.186875000000000568, 0.000000000000000000, -2.075000000000000178 ) ) ;
#5169 = DIRECTION ( 'NONE',  ( 0.000000000000000000, 0.000000000000000000, -1.000000000000000000 ) ) ;
#5170 = VERTEX_POINT ( 'NONE', #2174 ) ;
#5171 = DIRECTION ( 'NONE',  ( 0.000000000000000000, -1.000000000000000000, 0.000000000000000000 ) ) ;
#5172 = VECTOR ( 'NONE', #5173, 1000.000000000000000 ) ;
#5173 = DIRECTION ( 'NONE',  ( 0.000000000000000000, 0.000000000000000000, 1.000000000000000000 ) ) ;
#5174 = EDGE_CURVE ( 'NONE', #4979, #523, #3145, .T. ) ;
#5175 = STYLED_ITEM ( 'NONE', ( #1176 ), #2834 ) ;
#5176 = VECTOR ( 'NONE', #4639, 1000.000000000000114 ) ;
#5177 = CARTESIAN_POINT ( 'NONE',  ( 4.330000000000000071, 0.000000000000000000, -2.500000000000000000 ) ) ;
#5178 = ADVANCED_FACE ( 'NONE', ( #4600 ), #1748, .T. ) ;
#5179 = FACE_OUTER_BOUND ( 'NONE', #4818, .T. ) ;
#5180 = ORIENTED_EDGE ( 'NONE', *, *, #1656, .F. ) ;
#5181 = ORIENTED_EDGE ( 'NONE', *, *, #5464, .F. ) ;
#5182 = AXIS2_PLACEMENT_3D ( 'NONE', #6030, #904, #1752 ) ;
#5183 = DIRECTION ( 'NONE',  ( 1.000000000000000000, 0.000000000000000000, 0.000000000000000000 ) ) ;
#5184 = AXIS2_PLACEMENT_3D ( 'NONE', #3041, #4085, #4948 ) ;
#5185 = VERTEX_POINT ( 'NONE', #5088 ) ;
#5186 = ORIENTED_EDGE ( 'NONE', *, *, #4238, .T. ) ;
#5187 = ORIENTED_EDGE ( 'NONE', *, *, #3447, .T. ) ;
#5188 = LINE ( 'NONE', #432, #4288 ) ;
#5189 = DIRECTION ( 'NONE',  ( 0.000000000000000000, -1.000000000000000000, 0.000000000000000000 ) ) ;
#5190 = VERTEX_POINT ( 'NONE', #6179 ) ;
#5191 = CARTESIAN_POINT ( 'NONE',  ( -0.3185000000000000053, 0.3185000000000000053, 6.526091725265000143 ) ) ;
#5192 = SURFACE_STYLE_USAGE ( .BOTH. , #1903 ) ;
#5193 = EDGE_LOOP ( 'NONE', ( #4099, #2723, #634, #4007 ) ) ;
#5194 = VECTOR ( 'NONE', #679, 1000.000000000000000 ) ;
#5195 = CARTESIAN_POINT ( 'NONE',  ( 10.48000000000000043, -0.2500000000000000000, 0.9499999999999999556 ) ) ;
#5196 = DIRECTION ( 'NONE',  ( 1.000000000000000000, 0.000000000000000000, 0.000000000000000000 ) ) ;
#5197 = LINE ( 'NONE', #1088, #982 ) ;
#5198 = VECTOR ( 'NONE', #466, 1000.000000000000114 ) ;
#5199 = EDGE_CURVE ( 'NONE', #2308, #2162, #6088, .T. ) ;
#5200 = PRESENTATION_STYLE_ASSIGNMENT (( #3411 ) ) ;
#5201 = CARTESIAN_POINT ( 'NONE',  ( 3.710000000000000409, -2.540000000000000036, 1.699999999999999956 ) ) ;
#5202 = STYLED_ITEM ( 'NONE', ( #1411 ), #1337 ) ;
#5203 = CARTESIAN_POINT ( 'NONE',  ( -0.1950000000000000067, -4.270000000000000462, -2.765000000000000124 ) ) ;
#5204 = ORIENTED_EDGE ( 'NONE', *, *, #4395, .F. ) ;
#5205 = LINE ( 'NONE', #1330, #3787 ) ;
#5206 = VECTOR ( 'NONE', #1826, 1000.000000000000114 ) ;
#5207 = UNCERTAINTY_MEASURE_WITH_UNIT (LENGTH_MEASURE( 1.000000000000000082E-05 ), #2224, 'distance_accuracy_value', 'NONE');
#5208 = DIRECTION ( 'NONE',  ( 0.000000000000000000, 0.000000000000000000, -1.000000000000000000 ) ) ;
#5209 = ADVANCED_FACE ( 'NONE', ( #3267 ), #3686, .T. ) ;
#5210 = DIRECTION ( 'NONE',  ( 0.000000000000000000, 0.000000000000000000, -1.000000000000000000 ) ) ;
#5211 = AXIS2_PLACEMENT_3D ( 'NONE', #533, #1388, #5254 ) ;
#5212 = LINE ( 'NONE', #9, #1268 ) ;
#5213 = ORIENTED_EDGE ( 'NONE', *, *, #1514, .F. ) ;
#5214 = ORIENTED_EDGE ( 'NONE', *, *, #6150, .T. ) ;
#5215 = UNCERTAINTY_MEASURE_WITH_UNIT (LENGTH_MEASURE( 1.000000000000000082E-05 ), #5890, 'distance_accuracy_value', 'NONE');
#5216 = EDGE_CURVE ( 'NONE', #3298, #3964, #2803, .T. ) ;
#5217 = CARTESIAN_POINT ( 'NONE',  ( 0.000000000000000000, 0.000000000000000000, 0.000000000000000000 ) ) ;
#5218 = ORIENTED_EDGE ( 'NONE', *, *, #3419, .F. ) ;
#5219 =( GEOMETRIC_REPRESENTATION_CONTEXT ( 3 ) GLOBAL_UNCERTAINTY_ASSIGNED_CONTEXT ( ( #158 ) ) GLOBAL_UNIT_ASSIGNED_CONTEXT ( ( #2266, #6082, #3169 ) ) REPRESENTATION_CONTEXT ( 'NONE', 'WORKASPACE' ) );
#5220 = ORIENTED_EDGE ( 'NONE', *, *, #885, .F. ) ;
#5221 = ORIENTED_EDGE ( 'NONE', *, *, #2642, .F. ) ;
#5222 = LINE ( 'NONE', #5839, #1288 ) ;
#5223 = VECTOR ( 'NONE', #3159, 1000.000000000000000 ) ;
#5224 = DIRECTION ( 'NONE',  ( 0.000000000000000000, 0.000000000000000000, 1.000000000000000000 ) ) ;
#5225 = VERTEX_POINT ( 'NONE', #2273 ) ;
#5226 = CARTESIAN_POINT ( 'NONE',  ( -1.270000000000000018, -0.2500000000000000000, 1.699999999999999956 ) ) ;
#5227 = ORIENTED_EDGE ( 'NONE', *, *, #4963, .T. ) ;
#5228 = LINE ( 'NONE', #1007, #5689 ) ;
#5229 = CARTESIAN_POINT ( 'NONE',  ( 10.48000000000000043, -2.540000000000000036, 0.9499999999999999556 ) ) ;
#5230 = LINE ( 'NONE', #2415, #1276 ) ;
#5231 = SURFACE_STYLE_USAGE ( .BOTH. , #3319 ) ;
#5232 = ORIENTED_EDGE ( 'NONE', *, *, #110, .T. ) ;
#5233 = CARTESIAN_POINT ( 'NONE',  ( 0.3200000000000000067, -2.540000000000000036, 1.590000000000000080 ) ) ;
#5234 = EDGE_CURVE ( 'NONE', #933, #651, #4723, .T. ) ;
#5235 = CARTESIAN_POINT ( 'NONE',  ( 0.3185000000000000053, 0.3185000000000000053, 0.9399999999999999467 ) ) ;
#5236 = CARTESIAN_POINT ( 'NONE',  ( 1.790000000000000036, 0.000000000000000000, 2.500000000000000000 ) ) ;
#5237 = CARTESIAN_POINT ( 'NONE',  ( 3.710000000000000409, -2.540000000000000036, 1.699999999999999956 ) ) ;
#5238 = VERTEX_POINT ( 'NONE', #2739 ) ;
#5239 = ADVANCED_FACE ( 'NONE', ( #353 ), #5705, .T. ) ;
#5240 = DIRECTION ( 'NONE',  ( 1.000000000000000000, 0.000000000000000000, 0.000000000000000000 ) ) ;
#5241 = DIRECTION ( 'NONE',  ( 0.000000000000000000, 0.000000000000000000, 1.000000000000000000 ) ) ;
#5242 = FACE_OUTER_BOUND ( 'NONE', #1529, .T. ) ;
#5243 = EDGE_LOOP ( 'NONE', ( #5729, #389, #3355, #4812 ) ) ;
#5244 = EDGE_LOOP ( 'NONE', ( #280, #2904, #508, #3672 ) ) ;
#5245 = CARTESIAN_POINT ( 'NONE',  ( 4.106875000000000497, -0.2500000000000000000, -2.075000000000000178 ) ) ;
#5246 = ADVANCED_FACE ( 'NONE', ( #5621 ), #3236, .T. ) ;
#5247 = VERTEX_POINT ( 'NONE', #485 ) ;
#5248 = CARTESIAN_POINT ( 'NONE',  ( 3.513125000000000053, 0.000000000000000000, 2.075000000000000178 ) ) ;
#5249 = VERTEX_POINT ( 'NONE', #2432 ) ;
#5250 = CARTESIAN_POINT ( 'NONE',  ( -0.3200000000000000067, 0.000000000000000000, 1.590000000000000080 ) ) ;
#5251 = DIRECTION ( 'NONE',  ( 1.000000000000000000, 0.000000000000000000, 0.000000000000000000 ) ) ;
#5252 = FACE_OUTER_BOUND ( 'NONE', #3619, .T. ) ;
#5253 = SURFACE_STYLE_USAGE ( .BOTH. , #2382 ) ;
#5254 = DIRECTION ( 'NONE',  ( 0.000000000000000000, -1.000000000000000000, 0.000000000000000000 ) ) ;
#5255 = PLANE ( 'NONE',  #2163 ) ;
#5256 = CARTESIAN_POINT ( 'NONE',  ( -0.3200000000000000067, -1.320000000000000062, -6.959999999999999964 ) ) ;
#5257 = VERTEX_POINT ( 'NONE', #994 ) ;
#5258 = CARTESIAN_POINT ( 'NONE',  ( 0.1950000000000000067, 0.1950000000000000067, 6.740000000000000213 ) ) ;
#5259 = VECTOR ( 'NONE', #3776, 1000.000000000000000 ) ;
#5260 = FILL_AREA_STYLE_COLOUR ( '', #5864 ) ;
#5261 = CARTESIAN_POINT ( 'NONE',  ( 5.400000000000000355, -2.540000000000000036, 0.9499999999999999556 ) ) ;
#5262 = CARTESIAN_POINT ( 'NONE',  ( 7.939999999999999503, -2.540000000000000036, -1.590000000000000080 ) ) ;
#5263 = DIRECTION ( 'NONE',  ( 0.000000000000000000, -1.000000000000000000, 0.000000000000000000 ) ) ;
#5264 = VERTEX_POINT ( 'NONE', #3428 ) ;
#5265 = AXIS2_PLACEMENT_3D ( 'NONE', #370, #4209, #2227 ) ;
#5266 = CARTESIAN_POINT ( 'NONE',  ( 1.169999999999999929, -0.2500000000000000000, 1.699999999999999956 ) ) ;
#5267 = VECTOR ( 'NONE', #916, 1000.000000000000000 ) ;
#5268 = DIRECTION ( 'NONE',  ( 0.000000000000000000, 0.000000000000000000, 1.000000000000000000 ) ) ;
#5269 = LINE ( 'NONE', #4351, #6011 ) ;
#5270 = ORIENTED_EDGE ( 'NONE', *, *, #549, .T. ) ;
#5271 = ADVANCED_FACE ( 'NONE', ( #3395 ), #1922, .F. ) ;
#5272 = ORIENTED_EDGE ( 'NONE', *, *, #5154, .F. ) ;
#5273 = VECTOR ( 'NONE', #5155, 1000.000000000000000 ) ;
#5274 = VERTEX_POINT ( 'NONE', #4863 ) ;
#5275 = EDGE_CURVE ( 'NONE', #206, #4572, #3453, .T. ) ;
#5276 = AXIS2_PLACEMENT_3D ( 'NONE', #4479, #5033, #4573 ) ;
#5277 = CARTESIAN_POINT ( 'NONE',  ( 3.290000000000000036, 0.000000000000000000, 2.500000000000000000 ) ) ;
#5278 = ORIENTED_EDGE ( 'NONE', *, *, #2143, .T. ) ;
#5279 = EDGE_CURVE ( 'NONE', #1349, #3484, #2491, .T. ) ;
#5280 = ORIENTED_EDGE ( 'NONE', *, *, #386, .F. ) ;
#5281 = PLANE ( 'NONE',  #1923 ) ;
#5282 = CARTESIAN_POINT ( 'NONE',  ( -0.3180000000000000049, 0.3180000000000000049, 5.386957750668999623 ) ) ;
#5283 = AXIS2_PLACEMENT_3D ( 'NONE', #560, #4331, #4426 ) ;
#5284 = FILL_AREA_STYLE_COLOUR ( '', #5966 ) ;
#5285 = PRODUCT_RELATED_PRODUCT_CATEGORY ( 'part', '', ( #867 ) ) ;
#5286 = VECTOR ( 'NONE', #3590, 1000.000000000000114 ) ;
#5287 = CARTESIAN_POINT ( 'NONE',  ( 1.369999999999999885, -2.540000000000000036, -1.699999999999999956 ) ) ;
#5288 = DIRECTION ( 'NONE',  ( 1.000000000000000000, 0.000000000000000000, 0.000000000000000000 ) ) ;
#5289 = CARTESIAN_POINT ( 'NONE',  ( -0.3200000000000000067, -0.2500000000000000000, 1.590000000000000080 ) ) ;
#5290 = EDGE_LOOP ( 'NONE', ( #1709, #2464, #5037, #1857, #660, #5657, #6120, #30, #4384, #5797, #2914, #554, #2844, #2691, #3624, #5550, #240, #4251, #6055, #1216, #577, #213, #4004, #3942, #1338, #1064, #1091, #2200, #5102, #3305, #2712, #1686, #4867, #2307, #4820, #3884, #5085, #351, #2477, #4338, #5218, #4922, #3173, #598 ) ) ;
#5291 = CARTESIAN_POINT ( 'NONE',  ( 6.450000000000000178, -2.540000000000000036, 1.699999999999999956 ) ) ;
#5292 = VECTOR ( 'NONE', #5263, 1000.000000000000000 ) ;
#5293 = EDGE_CURVE ( 'NONE', #1269, #5170, #1488, .T. ) ;
#5294 = DIRECTION ( 'NONE',  ( 1.000000000000000000, 0.000000000000000000, 0.000000000000000000 ) ) ;
#5295 = LINE ( 'NONE', #3422, #5421 ) ;
#5296 = ORIENTED_EDGE ( 'NONE', *, *, #891, .T. ) ;
#5297 = STYLED_ITEM ( 'NONE', ( #2755 ), #4492 ) ;
#5298 = LINE ( 'NONE', #1021, #2301 ) ;
#5299 = VERTEX_POINT ( 'NONE', #5759 ) ;
#5300 = FACE_OUTER_BOUND ( 'NONE', #4944, .T. ) ;
#5301 = DIRECTION ( 'NONE',  ( 1.000000000000000000, 0.000000000000000000, 0.000000000000000000 ) ) ;
#5302 = DIRECTION ( 'NONE',  ( 1.000000000000000000, 1.075528555106000156E-14, 0.000000000000000000 ) ) ;
#5303 = PLANE ( 'NONE',  #1219 ) ;
#5304 = ORIENTED_EDGE ( 'NONE', *, *, #2731, .T. ) ;
#5305 = VERTEX_POINT ( 'NONE', #550 ) ;
#5306 = VERTEX_POINT ( 'NONE', #5826 ) ;
#5307 = AXIS2_PLACEMENT_3D ( 'NONE', #5137, #373, #847 ) ;
#5308 = ADVANCED_FACE ( 'NONE', ( #2927, #1055, #1432 ), #4835, .T. ) ;
#5309 = PRESENTATION_STYLE_ASSIGNMENT (( #5340 ) ) ;
#5310 = VECTOR ( 'NONE', #5049, 1000.000000000000114 ) ;
#5311 = ORIENTED_EDGE ( 'NONE', *, *, #838, .T. ) ;
#5312 = FILL_AREA_STYLE ('',( #3312 ) ) ;
#5313 = ORIENTED_EDGE ( 'NONE', *, *, #4329, .F. ) ;
#5314 = DIRECTION ( 'NONE',  ( 1.000000000000000000, 0.000000000000000000, 0.000000000000000000 ) ) ;
#5315 = CARTESIAN_POINT ( 'NONE',  ( 0.9731250000000000178, 0.000000000000000000, -2.075000000000000178 ) ) ;
#5316 = VECTOR ( 'NONE', #5785, 1000.000000000000114 ) ;
#5317 = ADVANCED_FACE ( 'NONE', ( #74 ), #1460, .F. ) ;
#5318 = FILL_AREA_STYLE ('',( #5775 ) ) ;
#5319 = FILL_AREA_STYLE ('',( #5778 ) ) ;
#5320 = VERTEX_POINT ( 'NONE', #5335 ) ;
#5321 = EDGE_CURVE ( 'NONE', #4979, #3218, #611, .T. ) ;
#5322 = SURFACE_SIDE_STYLE ('',( #4912 ) ) ;
#5323 = DIRECTION ( 'NONE',  ( 1.000000000000000000, 0.000000000000000000, 0.000000000000000000 ) ) ;
#5324 = EDGE_LOOP ( 'NONE', ( #4284, #2129, #5633, #3709 ) ) ;
#5325 =( GEOMETRIC_REPRESENTATION_CONTEXT ( 3 ) GLOBAL_UNCERTAINTY_ASSIGNED_CONTEXT ( ( #2701 ) ) GLOBAL_UNIT_ASSIGNED_CONTEXT ( ( #3920, #1998, #4425 ) ) REPRESENTATION_CONTEXT ( 'NONE', 'WORKASPACE' ) );
#5326 = DIRECTION ( 'NONE',  ( -1.000000000000000000, 0.000000000000000000, 0.000000000000000000 ) ) ;
#5327 = CARTESIAN_POINT ( 'NONE',  ( 6.450000000000000178, -2.540000000000000036, 1.699999999999999956 ) ) ;
#5328 = EDGE_CURVE ( 'NONE', #1858, #852, #1084, .T. ) ;
#5329 =( NAMED_UNIT ( * ) SI_UNIT ( $, .STERADIAN. ) SOLID_ANGLE_UNIT ( ) );
#5330 = ORIENTED_EDGE ( 'NONE', *, *, #1159, .F. ) ;
#5331 = CARTESIAN_POINT ( 'NONE',  ( 8.789999999999999147, -0.2500000000000000000, 1.699999999999999956 ) ) ;
#5332 = ORIENTED_EDGE ( 'NONE', *, *, #1384, .T. ) ;
#5333 = EDGE_CURVE ( 'NONE', #1274, #60, #139, .T. ) ;
#5334 = DIRECTION ( 'NONE',  ( 0.000000000000000000, -1.000000000000000000, 0.000000000000000000 ) ) ;
#5335 = CARTESIAN_POINT ( 'NONE',  ( 2.860000000000000320, -2.540000000000000036, 1.590000000000000080 ) ) ;
#5336 = CARTESIAN_POINT ( 'NONE',  ( -0.3200000000000000067, -1.320000000000000062, -5.320000000000000284 ) ) ;
#5337 = ORIENTED_EDGE ( 'NONE', *, *, #236, .T. ) ;
#5338 = ORIENTED_EDGE ( 'NONE', *, *, #546, .T. ) ;
#5339 = ORIENTED_EDGE ( 'NONE', *, *, #6150, .F. ) ;
#5340 = SURFACE_STYLE_USAGE ( .BOTH. , #1464 ) ;
#5341 = ORIENTED_EDGE ( 'NONE', *, *, #2311, .F. ) ;
#5342 = PLANE ( 'NONE',  #5824 ) ;
#5343 = ORIENTED_EDGE ( 'NONE', *, *, #1150, .T. ) ;
#5344 = DIRECTION ( 'NONE',  ( -0.4648338989899218343, 0.000000000000000000, -0.8853979028379427296 ) ) ;
#5345 = CARTESIAN_POINT ( 'NONE',  ( 5.830000000000000071, 0.000000000000000000, -2.500000000000000000 ) ) ;
#5346 = CARTESIAN_POINT ( 'NONE',  ( -0.3180000000000000049, 0.3180000000000000049, 5.599999999999999645 ) ) ;
#5347 = ORIENTED_EDGE ( 'NONE', *, *, #4222, .F. ) ;
#5348 = ADVANCED_FACE ( 'NONE', ( #1623 ), #168, .T. ) ;
#5349 = EDGE_CURVE ( 'NONE', #5944, #1533, #4096, .T. ) ;
#5350 = LINE ( 'NONE', #5386, #4775 ) ;
#5351 = VERTEX_POINT ( 'NONE', #5401 ) ;
#5352 = CARTESIAN_POINT ( 'NONE',  ( 0.3180000000000000049, 0.3180000000000000049, 5.386957750668999623 ) ) ;
#5353 = CARTESIAN_POINT ( 'NONE',  ( 7.939999999999999503, -2.540000000000000036, 1.590000000000000080 ) ) ;
#5354 =( NAMED_UNIT ( * ) PLANE_ANGLE_UNIT ( ) SI_UNIT ( $, .RADIAN. ) );
#5355 = CARTESIAN_POINT ( 'NONE',  ( 7.299999999999999822, -0.2500000000000000000, 1.590000000000000080 ) ) ;
#5356 = FILL_AREA_STYLE_COLOUR ( '', #2299 ) ;
#5357 = ADVANCED_FACE ( 'NONE', ( #4992 ), #4926, .F. ) ;
#5358 = CARTESIAN_POINT ( 'NONE',  ( 0.3200000000000000067, -0.1950000000000000067, 6.740000000000000213 ) ) ;
#5359 = ORIENTED_EDGE ( 'NONE', *, *, #5504, .T. ) ;
#5360 = VECTOR ( 'NONE', #2829, 1000.000000000000000 ) ;
#5361 = DIRECTION ( 'NONE',  ( 1.000000000000000000, 0.000000000000000000, 0.000000000000000000 ) ) ;
#5362 = EDGE_CURVE ( 'NONE', #171, #5274, #3552, .T. ) ;
#5363 =( NAMED_UNIT ( * ) PLANE_ANGLE_UNIT ( ) SI_UNIT ( $, .RADIAN. ) );
#5364 = AXIS2_PLACEMENT_3D ( 'NONE', #6183, #3443, #977 ) ;
#5365 = CARTESIAN_POINT ( 'NONE',  ( 5.400000000000000355, -0.2500000000000000000, 1.590000000000000080 ) ) ;
#5366 = CARTESIAN_POINT ( 'NONE',  ( 6.870000000000000107, 0.000000000000000000, 2.500000000000000000 ) ) ;
#5367 = ORIENTED_EDGE ( 'NONE', *, *, #2272, .T. ) ;
#5368 = ORIENTED_EDGE ( 'NONE', *, *, #4568, .F. ) ;
#5369 = ORIENTED_EDGE ( 'NONE', *, *, #3188, .F. ) ;
#5370 = VECTOR ( 'NONE', #5326, 1000.000000000000000 ) ;
#5371 =( NAMED_UNIT ( * ) PLANE_ANGLE_UNIT ( ) SI_UNIT ( $, .RADIAN. ) );
#5372 = VECTOR ( 'NONE', #4810, 1000.000000000000114 ) ;
#5373 = ORIENTED_EDGE ( 'NONE', *, *, #4480, .F. ) ;
#5374 = DIRECTION ( 'NONE',  ( 1.000000000000000000, 0.000000000000000000, 0.000000000000000000 ) ) ;
#5375 = EDGE_LOOP ( 'NONE', ( #125, #4447, #4833, #2076 ) ) ;
#5376 = FILL_AREA_STYLE ('',( #2626 ) ) ;
#5377 = DIRECTION ( 'NONE',  ( 0.000000000000000000, 1.000000000000000000, 0.000000000000000000 ) ) ;
#5378 = PRODUCT_DEFINITION_FORMATION_WITH_SPECIFIED_SOURCE ( 'ANY', '', #3727, .NOT_KNOWN. ) ;
#5379 = VECTOR ( 'NONE', #1577, 1000.000000000000000 ) ;
#5380 = VECTOR ( 'NONE', #5563, 1000.000000000000000 ) ;
#5381 = PLANE ( 'NONE',  #880 ) ;
#5382 = CARTESIAN_POINT ( 'NONE',  ( 9.186875000000000568, 0.000000000000000000, -2.075000000000000178 ) ) ;
#5383 = ORIENTED_EDGE ( 'NONE', *, *, #2332, .T. ) ;
#5384 = CARTESIAN_POINT ( 'NONE',  ( 9.839999999999999858, -2.540000000000000036, -1.590000000000000080 ) ) ;
#5385 = VECTOR ( 'NONE', #5072, 1000.000000000000000 ) ;
#5386 = CARTESIAN_POINT ( 'NONE',  ( 5.830000000000000071, 0.000000000000000000, -2.500000000000000000 ) ) ;
#5387 = EDGE_LOOP ( 'NONE', ( #3512, #3290, #4684, #3528 ) ) ;
#5388 = DIRECTION ( 'NONE',  ( -1.000000000000000000, 0.000000000000000000, 0.000000000000000000 ) ) ;
#5389 =( NAMED_UNIT ( * ) SI_UNIT ( $, .STERADIAN. ) SOLID_ANGLE_UNIT ( ) );
#5390 = PRESENTATION_LAYER_ASSIGNMENT (  '', '', ( #898 ) ) ;
#5391 = ADVANCED_FACE ( 'NONE', ( #4957 ), #5525, .T. ) ;
#5392 = FACE_OUTER_BOUND ( 'NONE', #2793, .T. ) ;
#5393 = CARTESIAN_POINT ( 'NONE',  ( 1.566875000000000018, 0.000000000000000000, -2.075000000000000178 ) ) ;
#5394 = DIRECTION ( 'NONE',  ( 0.000000000000000000, -1.000000000000000000, 0.000000000000000000 ) ) ;
#5395 = EDGE_LOOP ( 'NONE', ( #1058, #364, #2554, #1317 ) ) ;
#5396 = VECTOR ( 'NONE', #4208, 1000.000000000000000 ) ;
#5397 = LINE ( 'NONE', #5791, #4387 ) ;
#5398 = EDGE_CURVE ( 'NONE', #2085, #753, #1240, .T. ) ;
#5399 = PRODUCT_CONTEXT ( 'NONE', #3975, 'mechanical' ) ;
#5400 = VECTOR ( 'NONE', #4576, 1000.000000000000000 ) ;
#5401 = CARTESIAN_POINT ( 'NONE',  ( 9.839999999999999858, -0.2500000000000000000, -0.9499999999999999556 ) ) ;
#5402 = ORIENTED_EDGE ( 'NONE', *, *, #5398, .F. ) ;
#5403 = VERTEX_POINT ( 'NONE', #2205 ) ;
#5404 = ORIENTED_EDGE ( 'NONE', *, *, #3055, .F. ) ;
#5405 = EDGE_CURVE ( 'NONE', #4520, #2890, #1264, .T. ) ;
#5406 = AXIS2_PLACEMENT_3D ( 'NONE', #3456, #3022, #6153 ) ;
#5407 = AXIS2_PLACEMENT_3D ( 'NONE', #5256, #472, #2388 ) ;
#5408 =( LENGTH_UNIT ( ) NAMED_UNIT ( * ) SI_UNIT ( .MILLI., .METRE. ) );
#5409 = ORIENTED_EDGE ( 'NONE', *, *, #2295, .T. ) ;
#5410 =( GEOMETRIC_REPRESENTATION_CONTEXT ( 3 ) GLOBAL_UNCERTAINTY_ASSIGNED_CONTEXT ( ( #6086 ) ) GLOBAL_UNIT_ASSIGNED_CONTEXT ( ( #881, #917, #469 ) ) REPRESENTATION_CONTEXT ( 'NONE', 'WORKASPACE' ) );
#5411 = DIRECTION ( 'NONE',  ( 0.000000000000000000, 0.000000000000000000, -1.000000000000000000 ) ) ;
#5412 = ORIENTED_EDGE ( 'NONE', *, *, #468, .T. ) ;
#5413 = DIRECTION ( 'NONE',  ( 0.8853979028379428406, 0.000000000000000000, -0.4648338989899218343 ) ) ;
#5414 = EDGE_CURVE ( 'NONE', #4204, #5851, #5552, .T. ) ;
#5415 = CARTESIAN_POINT ( 'NONE',  ( 8.593125000000000568, 0.000000000000000000, -2.075000000000000178 ) ) ;
#5416 = LINE ( 'NONE', #5474, #4785 ) ;
#5417 = EDGE_LOOP ( 'NONE', ( #4675, #2314, #1329, #3037 ) ) ;
#5418 = CARTESIAN_POINT ( 'NONE',  ( 0.3185000000000000053, -0.3185000000000000053, 6.526091725265000143 ) ) ;
#5419 = LINE ( 'NONE', #4551, #2082 ) ;
#5420 = VERTEX_POINT ( 'NONE', #14 ) ;
#5421 = VECTOR ( 'NONE', #1886, 1000.000000000000000 ) ;
#5422 = FACE_OUTER_BOUND ( 'NONE', #1803, .T. ) ;
#5423 = UNCERTAINTY_MEASURE_WITH_UNIT (LENGTH_MEASURE( 1.000000000000000082E-05 ), #1547, 'distance_accuracy_value', 'NONE');
#5424 = LINE ( 'NONE', #2511, #521 ) ;
#5425 = SURFACE_STYLE_USAGE ( .BOTH. , #2609 ) ;
#5426 = CARTESIAN_POINT ( 'NONE',  ( 11.13312500000000149, 0.000000000000000000, -2.075000000000000178 ) ) ;
#5427 = DIRECTION ( 'NONE',  ( 0.000000000000000000, -1.000000000000000000, 0.000000000000000000 ) ) ;
#5428 = ORIENTED_EDGE ( 'NONE', *, *, #500, .F. ) ;
#5429 = ADVANCED_FACE ( 'NONE', ( #1987 ), #5303, .T. ) ;
#5430 = SURFACE_STYLE_USAGE ( .BOTH. , #2549 ) ;
#5431 = FILL_AREA_STYLE_COLOUR ( '', #5614 ) ;
#5432 = DIRECTION ( 'NONE',  ( 0.000000000000000000, 0.000000000000000000, -1.000000000000000000 ) ) ;
#5433 = CARTESIAN_POINT ( 'NONE',  ( 6.053125000000000533, 0.000000000000000000, 2.075000000000000178 ) ) ;
#5434 = VERTEX_POINT ( 'NONE', #1026 ) ;
#5435 = ORIENTED_EDGE ( 'NONE', *, *, #4155, .F. ) ;
#5436 = EDGE_LOOP ( 'NONE', ( #1626, #239, #5280, #5221 ) ) ;
#5437 = ADVANCED_FACE ( 'NONE', ( #2862 ), #3454, .T. ) ;
#5438 = EDGE_CURVE ( 'NONE', #5238, #859, #108, .T. ) ;
#5439 = VECTOR ( 'NONE', #4512, 1000.000000000000000 ) ;
#5440 = CARTESIAN_POINT ( 'NONE',  ( 4.760000000000000675, 0.000000000000000000, 0.9499999999999999556 ) ) ;
#5441 = ORIENTED_EDGE ( 'NONE', *, *, #3356, .T. ) ;
#5442 = CARTESIAN_POINT ( 'NONE',  ( 0.3200000000000000067, -1.320000000000000062, -6.959999999999999964 ) ) ;
#5443 = DIRECTION ( 'NONE',  ( -1.000000000000000000, 0.000000000000000000, 0.000000000000000000 ) ) ;
#5444 = DIRECTION ( 'NONE',  ( 1.000000000000000000, 0.000000000000000000, 0.000000000000000000 ) ) ;
#5445 = ADVANCED_FACE ( 'NONE', ( #5242 ), #5760, .F. ) ;
#5446 = PLANE ( 'NONE',  #4421 ) ;
#5447 = DIRECTION ( 'NONE',  ( 0.000000000000000000, 1.000000000000000000, 0.000000000000000000 ) ) ;
#5448 = ORIENTED_EDGE ( 'NONE', *, *, #975, .F. ) ;
#5449 = DIRECTION ( 'NONE',  ( 1.000000000000000000, 0.000000000000000000, 0.000000000000000000 ) ) ;
#5450 = ORIENTED_EDGE ( 'NONE', *, *, #5727, .F. ) ;
#5451 = CARTESIAN_POINT ( 'NONE',  ( -0.1950000000000000067, -0.1950000000000000067, 5.599999999999999645 ) ) ;
#5452 = CARTESIAN_POINT ( 'NONE',  ( 5.400000000000000355, 0.000000000000000000, 1.590000000000000080 ) ) ;
#5453 = CARTESIAN_POINT ( 'NONE',  ( 11.42999999999999972, -0.2500000000000000000, 1.699999999999999956 ) ) ;
#5454 = LINE ( 'NONE', #5159, #1405 ) ;
#5455 = CARTESIAN_POINT ( 'NONE',  ( 0.3200000000000000067, 0.3200000000000000067, 6.740000000000000213 ) ) ;
#5456 = VERTEX_POINT ( 'NONE', #1056 ) ;
#5457 = DIRECTION ( 'NONE',  ( 0.4472135954999771346, -0.4472135954999771346, -0.7745966692414611998 ) ) ;
#5458 = CARTESIAN_POINT ( 'NONE',  ( 0.000000000000000000, -6.810000000000000497, -6.639999999999999680 ) ) ;
#5459 = LINE ( 'NONE', #5857, #4332 ) ;
#5460 = DIRECTION ( 'NONE',  ( 0.000000000000000000, 1.000000000000000000, 0.000000000000000000 ) ) ;
#5461 = ORIENTED_EDGE ( 'NONE', *, *, #6017, .F. ) ;
#5462 = AXIS2_PLACEMENT_3D ( 'NONE', #4951, #1204, #3639 ) ;
#5463 = VECTOR ( 'NONE', #4151, 1000.000000000000000 ) ;
#5464 = EDGE_CURVE ( 'NONE', #2872, #2694, #5269, .T. ) ;
#5465 = CARTESIAN_POINT ( 'NONE',  ( -0.3200000000000000067, 0.3200000000000000067, -5.320000000000000284 ) ) ;
#5466 = SURFACE_STYLE_FILL_AREA ( #119 ) ;
#5467 = ORIENTED_EDGE ( 'NONE', *, *, #1397, .F. ) ;
#5468 = DIRECTION ( 'NONE',  ( 0.000000000000000000, -1.000000000000000000, 0.000000000000000000 ) ) ;
#5469 = LINE ( 'NONE', #3505, #1480 ) ;
#5470 = CARTESIAN_POINT ( 'NONE',  ( 2.220000000000000195, -0.2500000000000000000, 0.9499999999999999556 ) ) ;
#5471 = VECTOR ( 'NONE', #1780, 1000.000000000000000 ) ;
#5472 = CARTESIAN_POINT ( 'NONE',  ( 1.169999999999999929, -2.339999999999999858, -1.699999999999999956 ) ) ;
#5473 =( GEOMETRIC_REPRESENTATION_CONTEXT ( 3 ) GLOBAL_UNCERTAINTY_ASSIGNED_CONTEXT ( ( #2038 ) ) GLOBAL_UNIT_ASSIGNED_CONTEXT ( ( #2946, #511, #2449 ) ) REPRESENTATION_CONTEXT ( 'NONE', 'WORKASPACE' ) );
#5474 = CARTESIAN_POINT ( 'NONE',  ( 3.513125000000000053, 0.000000000000000000, 2.075000000000000178 ) ) ;
#5475 = ORIENTED_EDGE ( 'NONE', *, *, #993, .T. ) ;
#5476 =( NAMED_UNIT ( * ) PLANE_ANGLE_UNIT ( ) SI_UNIT ( $, .RADIAN. ) );
#5477 = DIRECTION ( 'NONE',  ( 0.000000000000000000, -1.000000000000000000, 0.000000000000000000 ) ) ;
#5478 = CARTESIAN_POINT ( 'NONE',  ( 0.9731250000000000178, -0.2500000000000000000, -2.075000000000000178 ) ) ;
#5479 = ORIENTED_EDGE ( 'NONE', *, *, #3209, .F. ) ;
#5480 = VECTOR ( 'NONE', #4603, 1000.000000000000000 ) ;
#5481 = UNCERTAINTY_MEASURE_WITH_UNIT (LENGTH_MEASURE( 1.000000000000000082E-05 ), #3999, 'distance_accuracy_value', 'NONE');
#5482 = VECTOR ( 'NONE', #285, 1000.000000000000000 ) ;
#5483 = FACE_OUTER_BOUND ( 'NONE', #935, .T. ) ;
#5484 = CARTESIAN_POINT ( 'NONE',  ( -0.1950000000000000067, -0.1950000000000000067, 5.599999999999999645 ) ) ;
#5485 = CARTESIAN_POINT ( 'NONE',  ( -1.169999999999999929, 0.000000000000000000, -1.699999999999999956 ) ) ;
#5486 = PLANE ( 'NONE',  #5596 ) ;
#5487 = ORIENTED_EDGE ( 'NONE', *, *, #4596, .T. ) ;
#5488 = EDGE_CURVE ( 'NONE', #272, #171, #4864, .T. ) ;
#5489 =( NAMED_UNIT ( * ) SI_UNIT ( $, .STERADIAN. ) SOLID_ANGLE_UNIT ( ) );
#5490 = APPLICATION_PROTOCOL_DEFINITION ( 'draft international standard', 'automotive_design', 1998, #5879 ) ;
#5491 = SURFACE_STYLE_USAGE ( .BOTH. , #5953 ) ;
#5492 = LINE ( 'NONE', #1214, #2566 ) ;
#5493 = ORIENTED_EDGE ( 'NONE', *, *, #2288, .T. ) ;
#5494 = VERTEX_POINT ( 'NONE', #4836 ) ;
#5495 = CLOSED_SHELL ( 'NONE', ( #2676, #6118, #6002, #3175, #5062, #5837, #1740, #4420, #5348, #2501, #2527, #4458, #4300, #1305, #5271, #3862, #3843, #1770, #1183, #5731, #2982, #5143, #1542, #5982, #5624, #1452, #2689, #2607, #5308, #2450, #1185, #2943, #5636, #2488, #348, #6116, #629, #4116, #5693, #3033, #3667, #3765, #4526, #5847, #1312, #4136, #2074, #3103, #267, #5437, #3378, #4201, #455, #2005, #1427, #1797, #4347, #5924, #2116, #3831, #5015, #1911, #1635, #1548, #2037, #5962, #1981, #4174, #6070, #2341, #5178, #662, #4714, #5135, #3944, #3951, #5246, #1000, #619, #3000, #4027, #2218, #4847, #241, #5845, #3035, #4601, #4350, #4376, #2153, #344, #4673, #4786, #3070, #3643, #3497, #3636, #2942, #5932, #1040, #1735, #160, #1919, #2621, #4539, #761, #5553, #1431, #4764, #3114, #3470, #5118, #1724, #2562, #2529, #4464, #1344, #1081, #1419, #3912, #5429, #3480, #6036, #4430, #804, #4062 ) ) ;
#5496 = VECTOR ( 'NONE', #845, 1000.000000000000000 ) ;
#5497 = DIRECTION ( 'NONE',  ( 0.000000000000000000, 0.000000000000000000, -1.000000000000000000 ) ) ;
#5498 = CIRCLE ( 'NONE', #208, 1.639999999999999902 ) ;
#5499 = CARTESIAN_POINT ( 'NONE',  ( 7.299999999999999822, -0.2500000000000000000, -0.9499999999999999556 ) ) ;
#5500 = ORIENTED_EDGE ( 'NONE', *, *, #5056, .F. ) ;
#5501 = SURFACE_STYLE_FILL_AREA ( #5376 ) ;
#5502 = MECHANICAL_DESIGN_GEOMETRIC_PRESENTATION_REPRESENTATION (  '', ( #5297 ), #6100 ) ;
#5503 = CARTESIAN_POINT ( 'NONE',  ( 7.299999999999999822, -0.2500000000000000000, 1.590000000000000080 ) ) ;
#5504 = EDGE_CURVE ( 'NONE', #3416, #2052, #551, .T. ) ;
#5505 = FACE_OUTER_BOUND ( 'NONE', #695, .T. ) ;
#5506 = CARTESIAN_POINT ( 'NONE',  ( -0.7500000000000000000, -2.540000000000000036, -2.500000000000000000 ) ) ;
#5507 = VECTOR ( 'NONE', #2418, 1000.000000000000000 ) ;
#5508 = SURFACE_STYLE_FILL_AREA ( #3600 ) ;
#5509 = ORIENTED_EDGE ( 'NONE', *, *, #853, .T. ) ;
#5510 = SURFACE_STYLE_FILL_AREA ( #6008 ) ;
#5511 = FILL_AREA_STYLE ('',( #3191 ) ) ;
#5512 = VERTEX_POINT ( 'NONE', #2492 ) ;
#5513 = EDGE_CURVE ( 'NONE', #2269, #5851, #1525, .T. ) ;
#5514 = VECTOR ( 'NONE', #3646, 1000.000000000000000 ) ;
#5515 = EDGE_CURVE ( 'NONE', #2958, #1430, #1085, .T. ) ;
#5516 = CARTESIAN_POINT ( 'NONE',  ( 10.48000000000000043, -0.2500000000000000000, -0.9499999999999999556 ) ) ;
#5517 = VECTOR ( 'NONE', #1121, 1000.000000000000000 ) ;
#5518 = PLANE ( 'NONE',  #4668 ) ;
#5519 = CARTESIAN_POINT ( 'NONE',  ( 8.789999999999999147, -0.2500000000000000000, -1.699999999999999956 ) ) ;
#5520 = ORIENTED_EDGE ( 'NONE', *, *, #1804, .F. ) ;
#5521 = AXIS2_PLACEMENT_3D ( 'NONE', #5016, #636, #4555 ) ;
#5522 = CARTESIAN_POINT ( 'NONE',  ( 0.1950000000000000067, -6.810000000000000497, -6.959999999999999964 ) ) ;
#5523 = APPLICATION_PROTOCOL_DEFINITION ( 'draft international standard', 'automotive_design', 1998, #4299 ) ;
#5524 = EDGE_CURVE ( 'NONE', #5978, #4905, #5113, .T. ) ;
#5525 = PLANE ( 'NONE',  #3822 ) ;
#5526 = EDGE_CURVE ( 'NONE', #1274, #2096, #2985, .T. ) ;
#5527 = FACE_OUTER_BOUND ( 'NONE', #858, .T. ) ;
#5528 = VERTEX_POINT ( 'NONE', #5706 ) ;
#5529 = ORIENTED_EDGE ( 'NONE', *, *, #1876, .T. ) ;
#5530 = VECTOR ( 'NONE', #245, 1000.000000000000000 ) ;
#5531 = DIRECTION ( 'NONE',  ( 0.000000000000000000, 0.000000000000000000, 1.000000000000000000 ) ) ;
#5532 = CARTESIAN_POINT ( 'NONE',  ( 10.48000000000000043, -0.2500000000000000000, -1.590000000000000080 ) ) ;
#5533 = ORIENTED_EDGE ( 'NONE', *, *, #6079, .F. ) ;
#5534 = CARTESIAN_POINT ( 'NONE',  ( 6.870000000000000107, -2.540000000000000036, -2.500000000000000000 ) ) ;
#5535 = VECTOR ( 'NONE', #2275, 1000.000000000000114 ) ;
#5536 = FACE_OUTER_BOUND ( 'NONE', #4567, .T. ) ;
#5537 = DIRECTION ( 'NONE',  ( 0.000000000000000000, 1.000000000000000000, 0.000000000000000000 ) ) ;
#5538 = DIRECTION ( 'NONE',  ( 0.000000000000000000, -1.000000000000000000, 0.000000000000000000 ) ) ;
#5539 = CARTESIAN_POINT ( 'NONE',  ( 3.290000000000000036, 0.000000000000000000, -2.500000000000000000 ) ) ;
#5540 = ORIENTED_EDGE ( 'NONE', *, *, #4070, .F. ) ;
#5541 = PLANE ( 'NONE',  #2963 ) ;
#5542 = CARTESIAN_POINT ( 'NONE',  ( 0.3200000000000000067, 0.3200000000000000067, 5.599999999999999645 ) ) ;
#5543 = ORIENTED_EDGE ( 'NONE', *, *, #2114, .T. ) ;
#5544 = DIRECTION ( 'NONE',  ( 0.000000000000000000, 0.000000000000000000, -1.000000000000000000 ) ) ;
#5545 = EDGE_CURVE ( 'NONE', #4889, #5147, #1683, .T. ) ;
#5546 = EDGE_CURVE ( 'NONE', #4537, #3634, #764, .T. ) ;
#5547 = CARTESIAN_POINT ( 'NONE',  ( -0.3200000000000000067, -6.593493649053999484, -6.320000000000000284 ) ) ;
#5548 = LINE ( 'NONE', #1259, #265 ) ;
#5549 = FACE_OUTER_BOUND ( 'NONE', #164, .T. ) ;
#5550 = ORIENTED_EDGE ( 'NONE', *, *, #2825, .F. ) ;
#5551 = LINE ( 'NONE', #1359, #5463 ) ;
#5553 = ADVANCED_FACE ( 'NONE', ( #4505 ), #4035, .T. ) ;
#5552 = LINE ( 'NONE', #1741, #5017 ) ;
#5554 = SURFACE_STYLE_FILL_AREA ( #5615 ) ;
#5555 = DIRECTION ( 'NONE',  ( 0.000000000000000000, 1.000000000000000000, 0.000000000000000000 ) ) ;
#5556 = ORIENTED_EDGE ( 'NONE', *, *, #2810, .F. ) ;
#5557 = ORIENTED_EDGE ( 'NONE', *, *, #576, .T. ) ;
#5558 = EDGE_CURVE ( 'NONE', #5654, #3791, #4958, .T. ) ;
#5559 = PRODUCT_RELATED_PRODUCT_CATEGORY ( 'part', '', ( #3727 ) ) ;
#5560 = LINE ( 'NONE', #1631, #5194 ) ;
#5561 = LINE ( 'NONE', #1273, #2735 ) ;
#5562 = EDGE_LOOP ( 'NONE', ( #1814, #4552, #2641, #5227 ) ) ;
#5563 = DIRECTION ( 'NONE',  ( 1.000000000000000000, 0.000000000000000000, 0.000000000000000000 ) ) ;
#5564 = PRODUCT_DEFINITION_SHAPE ( 'NONE', 'NONE',  #391 ) ;
#5565 = DIRECTION ( 'NONE',  ( 0.000000000000000000, -1.000000000000000000, 0.000000000000000000 ) ) ;
#5566 = STYLED_ITEM ( 'NONE', ( #3808 ), #1574 ) ;
#5567 = DIRECTION ( 'NONE',  ( 0.4648338989899218343, 0.000000000000000000, 0.8853979028379427296 ) ) ;
#5568 = CARTESIAN_POINT ( 'NONE',  ( 3.910000000000000142, -2.540000000000000036, -1.699999999999999956 ) ) ;
#5569 = MECHANICAL_DESIGN_GEOMETRIC_PRESENTATION_REPRESENTATION (  '', ( #1270 ), #4671 ) ;
#5570 = ORIENTED_EDGE ( 'NONE', *, *, #228, .T. ) ;
#5571 = LINE ( 'NONE', #3663, #4482 ) ;
#5572 = ORIENTED_EDGE ( 'NONE', *, *, #4254, .F. ) ;
#5573 = LINE ( 'NONE', #915, #2371 ) ;
#5574 = VECTOR ( 'NONE', #3039, 1000.000000000000000 ) ;
#5575 = VECTOR ( 'NONE', #4624, 1000.000000000000000 ) ;
#5576 = LINE ( 'NONE', #4176, #3877 ) ;
#5577 = ADVANCED_BREP_SHAPE_REPRESENTATION ( '', ( #2335, #5307 ), #5410 ) ;
#5578 = LINE ( 'NONE', #2231, #3911 ) ;
#5579 = VERTEX_POINT ( 'NONE', #262 ) ;
#5580 =( LENGTH_UNIT ( ) NAMED_UNIT ( * ) SI_UNIT ( .MILLI., .METRE. ) );
#5581 = EDGE_CURVE ( 'NONE', #4905, #6061, #5927, .T. ) ;
#5582 = VECTOR ( 'NONE', #5565, 1000.000000000000000 ) ;
#5583 = MECHANICAL_DESIGN_GEOMETRIC_PRESENTATION_REPRESENTATION (  '', ( #4196 ), #2680 ) ;
#5584 = DIRECTION ( 'NONE',  ( -1.000000000000000000, 0.000000000000000000, 0.000000000000000000 ) ) ;
#5585 = CARTESIAN_POINT ( 'NONE',  ( -0.7500000000000000000, 0.000000000000000000, 2.500000000000000000 ) ) ;
#5586 = CARTESIAN_POINT ( 'NONE',  ( 11.42999999999999972, -0.2500000000000000000, 1.699999999999999956 ) ) ;
#5587 = ORIENTED_EDGE ( 'NONE', *, *, #964, .T. ) ;
#5588 = ORIENTED_EDGE ( 'NONE', *, *, #114, .T. ) ;
#5589 = AXIS2_PLACEMENT_3D ( 'NONE', #1575, #2128, #5880 ) ;
#5590 = EDGE_CURVE ( 'NONE', #4727, #2460, #5459, .T. ) ;
#5591 = COLOUR_RGB ( '',0.9254901960784314152, 0.9254901960784314152, 0.9254901960784314152 ) ;
#5592 = EDGE_CURVE ( 'NONE', #1244, #5305, #1652, .T. ) ;
#5593 =( NAMED_UNIT ( * ) PLANE_ANGLE_UNIT ( ) SI_UNIT ( $, .RADIAN. ) );
#5594 = VERTEX_POINT ( 'NONE', #1178 ) ;
#5595 = DIRECTION ( 'NONE',  ( 1.000000000000000000, 0.000000000000000000, 0.000000000000000000 ) ) ;
#5596 = AXIS2_PLACEMENT_3D ( 'NONE', #1236, #3963, #1173 ) ;
#5597 = FACE_OUTER_BOUND ( 'NONE', #3128, .T. ) ;
#5598 = CARTESIAN_POINT ( 'NONE',  ( 3.513125000000000053, 0.000000000000000000, -2.075000000000000178 ) ) ;
#5599 = ORIENTED_EDGE ( 'NONE', *, *, #306, .F. ) ;
#5600 = AXIS2_PLACEMENT_3D ( 'NONE', #1392, #5169, #379 ) ;
#5601 = CARTESIAN_POINT ( 'NONE',  ( 8.370000000000000995, 0.000000000000000000, -2.500000000000000000 ) ) ;
#5602 = CARTESIAN_POINT ( 'NONE',  ( 0.3200000000000000067, 0.3200000000000000067, -0.2000000000000000111 ) ) ;
#5603 = ORIENTED_EDGE ( 'NONE', *, *, #2908, .T. ) ;
#5604 = CARTESIAN_POINT ( 'NONE',  ( 1.169999999999999929, -2.540000000000000036, 1.699999999999999956 ) ) ;
#5605 =( NAMED_UNIT ( * ) PLANE_ANGLE_UNIT ( ) SI_UNIT ( $, .RADIAN. ) );
#5606 = ORIENTED_EDGE ( 'NONE', *, *, #1498, .F. ) ;
#5607 = CARTESIAN_POINT ( 'NONE',  ( 2.220000000000000195, -0.2500000000000000000, -0.9499999999999999556 ) ) ;
#5608 = VECTOR ( 'NONE', #1846, 1000.000000000000000 ) ;
#5609 = PRESENTATION_STYLE_ASSIGNMENT (( #5139 ) ) ;
#5610 = DIRECTION ( 'NONE',  ( -1.000000000000000000, 0.000000000000000000, 0.000000000000000000 ) ) ;
#5611 = ORIENTED_EDGE ( 'NONE', *, *, #86, .T. ) ;
#5612 = CARTESIAN_POINT ( 'NONE',  ( 7.939999999999999503, -0.2500000000000000000, -0.9499999999999999556 ) ) ;
#5613 = CARTESIAN_POINT ( 'NONE',  ( 7.299999999999999822, -2.540000000000000036, 0.9499999999999999556 ) ) ;
#5614 = COLOUR_RGB ( '',1.000000000000000000, 0.8078431372549019773, 0.4588235294117646856 ) ;
#5615 = FILL_AREA_STYLE ('',( #6021 ) ) ;
#5616 = CARTESIAN_POINT ( 'NONE',  ( 6.053125000000000533, 0.000000000000000000, -2.075000000000000178 ) ) ;
#5617 = ORIENTED_EDGE ( 'NONE', *, *, #3796, .F. ) ;
#5618 = EDGE_CURVE ( 'NONE', #1838, #705, #710, .T. ) ;
#5619 = ORIENTED_EDGE ( 'NONE', *, *, #4034, .F. ) ;
#5620 = STYLED_ITEM ( 'NONE', ( #672 ), #5652 ) ;
#5621 = FACE_OUTER_BOUND ( 'NONE', #615, .T. ) ;
#5622 = SHAPE_REPRESENTATION ( 'M20-974-PIN1.stp', ( #5307 ), #5701 ) ;
#5623 = EDGE_CURVE ( 'NONE', #4808, #1827, #169, .T. ) ;
#5624 = ADVANCED_FACE ( 'NONE', ( #3490 ), #4927, .T. ) ;
#5625 = CARTESIAN_POINT ( 'NONE',  ( 1.369999999999999885, -0.2500000000000000000, -1.699999999999999956 ) ) ;
#5626 = ORIENTED_EDGE ( 'NONE', *, *, #2837, .T. ) ;
#5627 = LINE ( 'NONE', #3182, #3380 ) ;
#5628 = MECHANICAL_DESIGN_GEOMETRIC_PRESENTATION_REPRESENTATION (  '', ( #3837 ), #1136 ) ;
#5629 = PLANE ( 'NONE',  #177 ) ;
#5630 = LINE ( 'NONE', #1345, #808 ) ;
#5631 = ORIENTED_EDGE ( 'NONE', *, *, #4452, .T. ) ;
#5632 = CARTESIAN_POINT ( 'NONE',  ( 1.169999999999999929, -0.2500000000000000000, 1.699999999999999956 ) ) ;
#5633 = ORIENTED_EDGE ( 'NONE', *, *, #3839, .F. ) ;
#5634 = CARTESIAN_POINT ( 'NONE',  ( 0.3200000000000000067, -0.3200000000000000067, -1.639999999999999902 ) ) ;
#5635 = CARTESIAN_POINT ( 'NONE',  ( 7.299999999999999822, 0.000000000000000000, -1.590000000000000080 ) ) ;
#5636 = ADVANCED_FACE ( 'NONE', ( #3083 ), #3969, .F. ) ;
#5637 = EDGE_CURVE ( 'NONE', #1080, #6142, #2644, .T. ) ;
#5638 =( NAMED_UNIT ( * ) SI_UNIT ( $, .STERADIAN. ) SOLID_ANGLE_UNIT ( ) );
#5639 = DIRECTION ( 'NONE',  ( 1.000000000000000000, 0.000000000000000000, 0.000000000000000000 ) ) ;
#5640 = SURFACE_STYLE_USAGE ( .BOTH. , #4212 ) ;
#5641 = ORIENTED_EDGE ( 'NONE', *, *, #2636, .T. ) ;
#5642 = CARTESIAN_POINT ( 'NONE',  ( 8.370000000000000995, 0.000000000000000000, 2.500000000000000000 ) ) ;
#5643 = CARTESIAN_POINT ( 'NONE',  ( 2.220000000000000195, -0.2500000000000000000, -1.590000000000000080 ) ) ;
#5644 = ORIENTED_EDGE ( 'NONE', *, *, #1744, .F. ) ;
#5645 = ORIENTED_EDGE ( 'NONE', *, *, #1612, .F. ) ;
#5646 = DIRECTION ( 'NONE',  ( 0.000000000000000000, 0.000000000000000000, 1.000000000000000000 ) ) ;
#5647 = ORIENTED_EDGE ( 'NONE', *, *, #3364, .F. ) ;
#5648 = ORIENTED_EDGE ( 'NONE', *, *, #2901, .T. ) ;
#5649 = ORIENTED_EDGE ( 'NONE', *, *, #5874, .T. ) ;
#5650 = FACE_OUTER_BOUND ( 'NONE', #545, .T. ) ;
#5651 = CARTESIAN_POINT ( 'NONE',  ( 0.000000000000000000, -2.339999999999999858, 0.000000000000000000 ) ) ;
#5652 = ADVANCED_FACE ( 'NONE', ( #4993 ), #5894, .T. ) ;
#5653 = DIRECTION ( 'NONE',  ( 0.000000000000000000, 0.000000000000000000, -1.000000000000000000 ) ) ;
#5654 = VERTEX_POINT ( 'NONE', #2734 ) ;
#5655 = LINE ( 'NONE', #1377, #1211 ) ;
#5656 = ADVANCED_FACE ( 'NONE', ( #4218 ), #3775, .T. ) ;
#5657 = ORIENTED_EDGE ( 'NONE', *, *, #1760, .T. ) ;
#5658 = AXIS2_PLACEMENT_3D ( 'NONE', #4621, #3044, #4058 ) ;
#5659 = CARTESIAN_POINT ( 'NONE',  ( 3.910000000000000142, -0.2500000000000000000, 1.699999999999999956 ) ) ;
#5660 = LINE ( 'NONE', #4704, #1793 ) ;
#5661 = PRESENTATION_STYLE_ASSIGNMENT (( #55 ) ) ;
#5662 = CARTESIAN_POINT ( 'NONE',  ( 2.860000000000000320, -0.2500000000000000000, -1.590000000000000080 ) ) ;
#5663 = LINE ( 'NONE', #823, #2900 ) ;
#5664 = ORIENTED_EDGE ( 'NONE', *, *, #3772, .T. ) ;
#5665 = CARTESIAN_POINT ( 'NONE',  ( -0.7500000000000000000, 0.000000000000000000, 2.500000000000000000 ) ) ;
#5666 = AXIS2_PLACEMENT_3D ( 'NONE', #2235, #347, #6047 ) ;
#5667 = CARTESIAN_POINT ( 'NONE',  ( -0.3200000000000000067, -2.540000000000000036, -1.590000000000000080 ) ) ;
#5668 = DIRECTION ( 'NONE',  ( 0.000000000000000000, 0.000000000000000000, 1.000000000000000000 ) ) ;
#5669 = FILL_AREA_STYLE ('',( #4310 ) ) ;
#5670 = EDGE_LOOP ( 'NONE', ( #5587, #438, #4650, #5830 ) ) ;
#5671 = EDGE_CURVE ( 'NONE', #3901, #3875, #1799, .T. ) ;
#5672 = VECTOR ( 'NONE', #2678, 1000.000000000000000 ) ;
#5673 = VECTOR ( 'NONE', #4020, 1000.000000000000000 ) ;
#5674 =( NAMED_UNIT ( * ) SI_UNIT ( $, .STERADIAN. ) SOLID_ANGLE_UNIT ( ) );
#5675 = VECTOR ( 'NONE', #2095, 1000.000000000000114 ) ;
#5676 = VERTEX_POINT ( 'NONE', #5642 ) ;
#5677 = ORIENTED_EDGE ( 'NONE', *, *, #6123, .T. ) ;
#5678 = DIRECTION ( 'NONE',  ( 0.000000000000000000, -1.000000000000000000, 0.000000000000000000 ) ) ;
#5679 = DIRECTION ( 'NONE',  ( 0.4648338989899218343, 0.000000000000000000, -0.8853979028379427296 ) ) ;
#5680 = PLANE ( 'NONE',  #4018 ) ;
#5681 = ORIENTED_EDGE ( 'NONE', *, *, #3078, .F. ) ;
#5682 = FILL_AREA_STYLE ('',( #2986 ) ) ;
#5683 = PLANE ( 'NONE',  #4349 ) ;
#5684 = ORIENTED_EDGE ( 'NONE', *, *, #3366, .T. ) ;
#5685 = AXIS2_PLACEMENT_3D ( 'NONE', #1496, #3461, #5803 ) ;
#5686 = EDGE_CURVE ( 'NONE', #1246, #78, #2328, .T. ) ;
#5687 = CARTESIAN_POINT ( 'NONE',  ( -0.1950000000000000067, -6.810000000000000497, -6.834999999999999964 ) ) ;
#5688 = CARTESIAN_POINT ( 'NONE',  ( -0.3200000000000000067, -0.2500000000000000000, -0.9499999999999999556 ) ) ;
#5689 = VECTOR ( 'NONE', #498, 1000.000000000000000 ) ;
#5690 = CARTESIAN_POINT ( 'NONE',  ( 4.106875000000000497, 0.000000000000000000, 2.075000000000000178 ) ) ;
#5691 = CYLINDRICAL_SURFACE ( 'NONE', #6162, 1.000000000000000000 ) ;
#5692 = VECTOR ( 'NONE', #3852, 1000.000000000000000 ) ;
#5693 = ADVANCED_FACE ( 'NONE', ( #4248 ), #1396, .T. ) ;
#5694 = LINE ( 'NONE', #4337, #585 ) ;
#5695 = VERTEX_POINT ( 'NONE', #1360 ) ;
#5696 = CARTESIAN_POINT ( 'NONE',  ( 0.3180000000000000049, -0.3180000000000000049, 5.386957750668999623 ) ) ;
#5697 = PRESENTATION_LAYER_ASSIGNMENT (  '', '', ( #4119 ) ) ;
#5698 = EDGE_CURVE ( 'NONE', #67, #3823, #4725, .T. ) ;
#5699 = FILL_AREA_STYLE ('',( #5260 ) ) ;
#5700 = DIRECTION ( 'NONE',  ( 0.000000000000000000, -1.000000000000000000, 0.000000000000000000 ) ) ;
#5701 =( GEOMETRIC_REPRESENTATION_CONTEXT ( 3 ) GLOBAL_UNCERTAINTY_ASSIGNED_CONTEXT ( ( #5148 ) ) GLOBAL_UNIT_ASSIGNED_CONTEXT ( ( #6107, #1822, #5638 ) ) REPRESENTATION_CONTEXT ( 'NONE', 'WORKASPACE' ) );
#5702 = LINE ( 'NONE', #5643, #5259 ) ;
#5703 = ORIENTED_EDGE ( 'NONE', *, *, #1048, .T. ) ;
#5704 = EDGE_CURVE ( 'NONE', #4156, #4841, #2237, .T. ) ;
#5705 = PLANE ( 'NONE',  #4703 ) ;
#5706 = CARTESIAN_POINT ( 'NONE',  ( 0.7500000000000000000, -2.540000000000000036, -2.500000000000000000 ) ) ;
#5707 = ORIENTED_EDGE ( 'NONE', *, *, #853, .F. ) ;
#5708 =( GEOMETRIC_REPRESENTATION_CONTEXT ( 3 ) GLOBAL_UNCERTAINTY_ASSIGNED_CONTEXT ( ( #4554 ) ) GLOBAL_UNIT_ASSIGNED_CONTEXT ( ( #1213, #3116, #3616 ) ) REPRESENTATION_CONTEXT ( 'NONE', 'WORKASPACE' ) );
#5709 = ORIENTED_EDGE ( 'NONE', *, *, #2753, .F. ) ;
#5710 = ORIENTED_EDGE ( 'NONE', *, *, #2764, .F. ) ;
#5711 = DIRECTION ( 'NONE',  ( 0.000000000000000000, -1.000000000000000000, 0.000000000000000000 ) ) ;
#5712 = ORIENTED_EDGE ( 'NONE', *, *, #4428, .F. ) ;
#5713 = LINE ( 'NONE', #5226, #4117 ) ;
#5714 = CARTESIAN_POINT ( 'NONE',  ( 11.33000000000000007, -2.339999999999999858, 1.699999999999999956 ) ) ;
#5715 = ORIENTED_EDGE ( 'NONE', *, *, #5686, .F. ) ;
#5716 = LINE ( 'NONE', #1566, #327 ) ;
#5717 = DIRECTION ( 'NONE',  ( 0.000000000000000000, -1.000000000000000000, 0.000000000000000000 ) ) ;
#5718 = DIRECTION ( 'NONE',  ( 0.000000000000000000, -1.000000000000000000, 0.000000000000000000 ) ) ;
#5719 = SURFACE_STYLE_FILL_AREA ( #1505 ) ;
#5720 = DIRECTION ( 'NONE',  ( 0.000000000000000000, -1.000000000000000000, 0.000000000000000000 ) ) ;
#5721 =( LENGTH_UNIT ( ) NAMED_UNIT ( * ) SI_UNIT ( .MILLI., .METRE. ) );
#5722 = DIRECTION ( 'NONE',  ( -1.000000000000000000, 0.000000000000000000, 0.000000000000000000 ) ) ;
#5723 = ORIENTED_EDGE ( 'NONE', *, *, #3965, .F. ) ;
#5724 = CARTESIAN_POINT ( 'NONE',  ( 6.870000000000000107, -2.540000000000000036, 2.500000000000000000 ) ) ;
#5725 = MECHANICAL_DESIGN_GEOMETRIC_PRESENTATION_REPRESENTATION (  '', ( #32 ), #3034 ) ;
#5726 = LINE ( 'NONE', #4828, #175 ) ;
#5727 = EDGE_CURVE ( 'NONE', #624, #2890, #3681, .T. ) ;
#5728 = SURFACE_STYLE_FILL_AREA ( #5669 ) ;
#5729 = ORIENTED_EDGE ( 'NONE', *, *, #617, .F. ) ;
#5730 = CARTESIAN_POINT ( 'NONE',  ( 8.990000000000000213, -0.2500000000000000000, 1.699999999999999956 ) ) ;
#5731 = ADVANCED_FACE ( 'NONE', ( #3647 ), #4154, .T. ) ;
#5732 = PRESENTATION_STYLE_ASSIGNMENT (( #2929 ) ) ;
#5733 = ORIENTED_EDGE ( 'NONE', *, *, #2023, .T. ) ;
#5734 = EDGE_CURVE ( 'NONE', #4038, #782, #4681, .T. ) ;
#5735 = VERTEX_POINT ( 'NONE', #5585 ) ;
#5736 = ORIENTED_EDGE ( 'NONE', *, *, #4071, .F. ) ;
#5737 = EDGE_CURVE ( 'NONE', #17, #5944, #5114, .T. ) ;
#5738 = FILL_AREA_STYLE ('',( #3403 ) ) ;
#5739 = ORIENTED_EDGE ( 'NONE', *, *, #3188, .T. ) ;
#5740 = PLANE ( 'NONE',  #2101 ) ;
#5741 = ORIENTED_EDGE ( 'NONE', *, *, #4411, .T. ) ;
#5742 = CARTESIAN_POINT ( 'NONE',  ( 3.710000000000000409, -0.2500000000000000000, -1.699999999999999956 ) ) ;
#5743 = SURFACE_STYLE_USAGE ( .BOTH. , #1416 ) ;
#5744 = DIRECTION ( 'NONE',  ( 0.000000000000000000, -1.000000000000000000, 0.000000000000000000 ) ) ;
#5745 = CARTESIAN_POINT ( 'NONE',  ( 0.3185000000000000053, 0.3185000000000000053, 0.9399999999999999467 ) ) ;
#5746 = ORIENTED_EDGE ( 'NONE', *, *, #5513, .F. ) ;
#5747 = CARTESIAN_POINT ( 'NONE',  ( 6.646874999999999645, 0.000000000000000000, 2.075000000000000178 ) ) ;
#5748 = MECHANICAL_DESIGN_GEOMETRIC_PRESENTATION_REPRESENTATION (  '', ( #5566 ), #1673 ) ;
#5749 = CARTESIAN_POINT ( 'NONE',  ( 1.369999999999999885, -0.2500000000000000000, 1.699999999999999956 ) ) ;
#5750 = CARTESIAN_POINT ( 'NONE',  ( -0.3200000000000000067, 0.3200000000000000067, -1.639999999999999902 ) ) ;
#5751 = CARTESIAN_POINT ( 'NONE',  ( -0.3200000000000000067, 0.3200000000000000067, -5.320000000000000284 ) ) ;
#5752 = COLOUR_RGB ( '',1.000000000000000000, 0.8078431372549019773, 0.4588235294117646856 ) ;
#5753 = CARTESIAN_POINT ( 'NONE',  ( -0.3200000000000000067, -0.2500000000000000000, -1.590000000000000080 ) ) ;
#5754 = VERTEX_POINT ( 'NONE', #387 ) ;
#5755 = EDGE_CURVE ( 'NONE', #4171, #3784, #99, .T. ) ;
#5756 =( GEOMETRIC_REPRESENTATION_CONTEXT ( 3 ) GLOBAL_UNCERTAINTY_ASSIGNED_CONTEXT ( ( #4981 ) ) GLOBAL_UNIT_ASSIGNED_CONTEXT ( ( #3573, #696, #2661 ) ) REPRESENTATION_CONTEXT ( 'NONE', 'WORKASPACE' ) );
#5757 = FACE_OUTER_BOUND ( 'NONE', #428, .T. ) ;
#5758 = DIRECTION ( 'NONE',  ( 1.000000000000000000, 0.000000000000000000, 0.000000000000000000 ) ) ;
#5759 = CARTESIAN_POINT ( 'NONE',  ( 4.106875000000000497, 0.000000000000000000, -2.075000000000000178 ) ) ;
#5760 = PLANE ( 'NONE',  #4125 ) ;
#5761 = ORIENTED_EDGE ( 'NONE', *, *, #4755, .F. ) ;
#5762 = ORIENTED_EDGE ( 'NONE', *, *, #193, .F. ) ;
#5763 = VECTOR ( 'NONE', #5443, 1000.000000000000000 ) ;
#5764 = ORIENTED_EDGE ( 'NONE', *, *, #1612, .T. ) ;
#5765 = EDGE_CURVE ( 'NONE', #5935, #5735, #3385, .T. ) ;
#5766 = EDGE_CURVE ( 'NONE', #2729, #3582, #5295, .T. ) ;
#5767 = AXIS2_PLACEMENT_3D ( 'NONE', #835, #4199, #6092 ) ;
#5768 = FACE_BOUND ( 'NONE', #480, .T. ) ;
#5769 = VERTEX_POINT ( 'NONE', #1017 ) ;
#5770 = CARTESIAN_POINT ( 'NONE',  ( -0.9731250000000000178, -0.2500000000000000000, 2.075000000000000178 ) ) ;
#5771 = ORIENTED_EDGE ( 'NONE', *, *, #1001, .T. ) ;
#5772 = PRESENTATION_STYLE_ASSIGNMENT (( #593 ) ) ;
#5773 = CARTESIAN_POINT ( 'NONE',  ( -0.1950000000000000067, -6.810000000000000497, -6.445000000000000284 ) ) ;
#5774 = DIRECTION ( 'NONE',  ( -0.000000000000000000, 1.000000000000000000, 0.000000000000000000 ) ) ;
#5775 = FILL_AREA_STYLE_COLOUR ( '', #575 ) ;
#5776 = EDGE_CURVE ( 'NONE', #2156, #5769, #4829, .T. ) ;
#5777 = VECTOR ( 'NONE', #209, 1000.000000000000000 ) ;
#5778 = FILL_AREA_STYLE_COLOUR ( '', #107 ) ;
#5779 = ORIENTED_EDGE ( 'NONE', *, *, #1662, .T. ) ;
#5780 = PLANE ( 'NONE',  #3711 ) ;
#5781 = ORIENTED_EDGE ( 'NONE', *, *, #2263, .T. ) ;
#5782 = PLANE ( 'NONE',  #2779 ) ;
#5783 = VECTOR ( 'NONE', #515, 1000.000000000000000 ) ;
#5784 = VECTOR ( 'NONE', #1318, 1000.000000000000000 ) ;
#5785 = DIRECTION ( 'NONE',  ( -0.4472135954999771901, 0.7745966692414611998, -0.4472135954999771901 ) ) ;
#5786 = SURFACE_STYLE_USAGE ( .BOTH. , #604 ) ;
#5787 = LINE ( 'NONE', #1946, #4414 ) ;
#5788 = VECTOR ( 'NONE', #4740, 1000.000000000000000 ) ;
#5789 = FILL_AREA_STYLE ('',( #2395 ) ) ;
#5790 = VERTEX_POINT ( 'NONE', #5327 ) ;
#5791 = CARTESIAN_POINT ( 'NONE',  ( -0.3200000000000000067, -0.3200000000000000067, -0.2000000000000000111 ) ) ;
#5792 = CARTESIAN_POINT ( 'NONE',  ( 0.000000000000000000, 0.000000000000000000, 0.000000000000000000 ) ) ;
#5793 = AXIS2_PLACEMENT_3D ( 'NONE', #3814, #392, #3266 ) ;
#5794 = EDGE_CURVE ( 'NONE', #1561, #742, #2358, .T. ) ;
#5795 = DIRECTION ( 'NONE',  ( -0.000000000000000000, 0.5000000000000169864, 0.8660254037844288266 ) ) ;
#5796 = DIRECTION ( 'NONE',  ( 0.000000000000000000, -1.000000000000000000, 0.000000000000000000 ) ) ;
#5797 = ORIENTED_EDGE ( 'NONE', *, *, #4100, .T. ) ;
#5798 = ORIENTED_EDGE ( 'NONE', *, *, #3288, .T. ) ;
#5799 = VERTEX_POINT ( 'NONE', #5261 ) ;
#5800 = AXIS2_PLACEMENT_3D ( 'NONE', #3767, #1792, #819 ) ;
#5801 = EDGE_CURVE ( 'NONE', #4220, #901, #1976, .T. ) ;
#5802 = EDGE_CURVE ( 'NONE', #4220, #4149, #4309, .T. ) ;
#5803 = DIRECTION ( 'NONE',  ( 0.000000000000000000, 1.000000000000000000, 0.000000000000000000 ) ) ;
#5804 = VECTOR ( 'NONE', #1433, 1000.000000000000000 ) ;
#5805 = EDGE_LOOP ( 'NONE', ( #2338, #2961, #6034, #5337 ) ) ;
#5806 = LINE ( 'NONE', #3947, #2534 ) ;
#5807 = EDGE_LOOP ( 'NONE', ( #1367, #5881, #4698, #3819 ) ) ;
#5808 = DIRECTION ( 'NONE',  ( 0.000000000000000000, 0.000000000000000000, -1.000000000000000000 ) ) ;
#5809 = CARTESIAN_POINT ( 'NONE',  ( 2.220000000000000195, -0.2500000000000000000, 0.9499999999999999556 ) ) ;
#5810 = DIRECTION ( 'NONE',  ( 1.000000000000000000, 0.000000000000000000, 0.000000000000000000 ) ) ;
#5811 = VECTOR ( 'NONE', #734, 1000.000000000000114 ) ;
#5812 = FACE_OUTER_BOUND ( 'NONE', #1494, .T. ) ;
#5813 = EDGE_LOOP ( 'NONE', ( #1750, #328, #814, #4610 ) ) ;
#5814 = FILL_AREA_STYLE_COLOUR ( '', #3365 ) ;
#5815 =( LENGTH_UNIT ( ) NAMED_UNIT ( * ) SI_UNIT ( .MILLI., .METRE. ) );
#5816 = VERTEX_POINT ( 'NONE', #3326 ) ;
#5817 = LINE ( 'NONE', #1941, #1878 ) ;
#5818 = ADVANCED_FACE ( 'NONE', ( #985 ), #2393, .T. ) ;
#5819 = VECTOR ( 'NONE', #3465, 1000.000000000000000 ) ;
#5820 = PLANE ( 'NONE',  #1974 ) ;
#5821 = CARTESIAN_POINT ( 'NONE',  ( -0.1950000000000000067, -6.810000000000000497, -6.834999999999999964 ) ) ;
#5822 = DIRECTION ( 'NONE',  ( 0.000000000000000000, -1.000000000000000000, 0.000000000000000000 ) ) ;
#5823 = EDGE_LOOP ( 'NONE', ( #3747, #3876, #5368, #4976 ) ) ;
#5824 = AXIS2_PLACEMENT_3D ( 'NONE', #147, #3532, #5411 ) ;
#5825 = DIRECTION ( 'NONE',  ( 0.000000000000000000, 0.000000000000000000, -1.000000000000000000 ) ) ;
#5826 = CARTESIAN_POINT ( 'NONE',  ( 4.330000000000000071, -2.540000000000000036, -2.500000000000000000 ) ) ;
#5827 = DIRECTION ( 'NONE',  ( -1.000000000000000000, 0.000000000000000000, 0.000000000000000000 ) ) ;
#5828 = ORIENTED_EDGE ( 'NONE', *, *, #2311, .T. ) ;
#5829 = EDGE_LOOP ( 'NONE', ( #4813, #988, #4783, #516 ) ) ;
#5830 = ORIENTED_EDGE ( 'NONE', *, *, #2272, .F. ) ;
#5831 =( NAMED_UNIT ( * ) PLANE_ANGLE_UNIT ( ) SI_UNIT ( $, .RADIAN. ) );
#5832 = ORIENTED_EDGE ( 'NONE', *, *, #4153, .F. ) ;
#5833 = LINE ( 'NONE', #1155, #6029 ) ;
#5834 = ORIENTED_EDGE ( 'NONE', *, *, #2336, .T. ) ;
#5835 = CARTESIAN_POINT ( 'NONE',  ( 4.330000000000000071, 0.000000000000000000, 2.500000000000000000 ) ) ;
#5836 = DIRECTION ( 'NONE',  ( 0.8853979028379428406, 0.000000000000000000, -0.4648338989899218343 ) ) ;
#5837 = ADVANCED_FACE ( 'NONE', ( #2947 ), #572, .T. ) ;
#5838 = DIRECTION ( 'NONE',  ( 1.000000000000000000, 0.000000000000000000, 0.000000000000000000 ) ) ;
#5839 = CARTESIAN_POINT ( 'NONE',  ( 4.330000000000000071, -2.540000000000000036, 2.500000000000000000 ) ) ;
#5840 = ORIENTED_EDGE ( 'NONE', *, *, #3496, .T. ) ;
#5841 = DIRECTION ( 'NONE',  ( 0.000000000000000000, -1.000000000000000000, 0.000000000000000000 ) ) ;
#5842 = DIRECTION ( 'NONE',  ( 1.000000000000000000, 0.000000000000000000, 0.000000000000000000 ) ) ;
#5843 = VERTEX_POINT ( 'NONE', #2855 ) ;
#5844 = DIRECTION ( 'NONE',  ( 0.000000000000000000, -1.000000000000000000, 0.000000000000000000 ) ) ;
#5845 = ADVANCED_FACE ( 'NONE', ( #4770 ), #4342, .F. ) ;
#5846 = UNCERTAINTY_MEASURE_WITH_UNIT (LENGTH_MEASURE( 1.000000000000000082E-05 ), #1321, 'distance_accuracy_value', 'NONE');
#5847 = ADVANCED_FACE ( 'NONE', ( #3840, #1454, #3352 ), #2975, .T. ) ;
#5848 = CARTESIAN_POINT ( 'NONE',  ( 4.760000000000000675, -0.2500000000000000000, 0.9499999999999999556 ) ) ;
#5849 = LINE ( 'NONE', #4805, #296 ) ;
#5850 = DIRECTION ( 'NONE',  ( -0.8853979028379428406, 0.000000000000000000, -0.4648338989899218343 ) ) ;
#5851 = VERTEX_POINT ( 'NONE', #700 ) ;
#5852 = COLOUR_RGB ( '',0.9254901960784314152, 0.9254901960784314152, 0.9254901960784314152 ) ;
#5853 = CARTESIAN_POINT ( 'NONE',  ( 8.789999999999999147, -0.2500000000000000000, 1.699999999999999956 ) ) ;
#5854 =( NAMED_UNIT ( * ) SI_UNIT ( $, .STERADIAN. ) SOLID_ANGLE_UNIT ( ) );
#5855 = PRESENTATION_STYLE_ASSIGNMENT (( #203 ) ) ;
#5856 = STYLED_ITEM ( 'NONE', ( #4364 ), #1943 ) ;
#5857 = CARTESIAN_POINT ( 'NONE',  ( -0.3180000000000000049, -0.3180000000000000049, -0.2000000000000000111 ) ) ;
#5858 = EDGE_CURVE ( 'NONE', #966, #1789, #1706, .T. ) ;
#5859 =( LENGTH_UNIT ( ) NAMED_UNIT ( * ) SI_UNIT ( .MILLI., .METRE. ) );
#5860 = ORIENTED_EDGE ( 'NONE', *, *, #5414, .T. ) ;
#5861 = VERTEX_POINT ( 'NONE', #1579 ) ;
#5862 = ORIENTED_EDGE ( 'NONE', *, *, #86, .F. ) ;
#5863 = VECTOR ( 'NONE', #6039, 1000.000000000000000 ) ;
#5864 = COLOUR_RGB ( '',0.9254901960784314152, 0.9254901960784314152, 0.9254901960784314152 ) ;
#5865 = CARTESIAN_POINT ( 'NONE',  ( 0.000000000000000000, 0.000000000000000000, 0.9399999999999999467 ) ) ;
#5866 = EDGE_LOOP ( 'NONE', ( #6121, #4780, #3005, #1380 ) ) ;
#5867 = CARTESIAN_POINT ( 'NONE',  ( -1.270000000000000018, -2.339999999999999858, 1.699999999999999956 ) ) ;
#5868 = EDGE_LOOP ( 'NONE', ( #3023, #5761, #3906, #3941, #2652, #2410, #2869 ) ) ;
#5869 = PRESENTATION_STYLE_ASSIGNMENT (( #180 ) ) ;
#5870 = CARTESIAN_POINT ( 'NONE',  ( 0.7500000000000000000, 0.000000000000000000, -2.500000000000000000 ) ) ;
#5871 = PRODUCT_DEFINITION_FORMATION_WITH_SPECIFIED_SOURCE ( 'ANY', '', #4670, .NOT_KNOWN. ) ;
#5872 = AXIS2_PLACEMENT_3D ( 'NONE', #6045, #2356, #2730 ) ;
#5873 = VECTOR ( 'NONE', #2125, 1000.000000000000000 ) ;
#5874 = EDGE_CURVE ( 'NONE', #3823, #786, #4983, .T. ) ;
#5875 = LINE ( 'NONE', #250, #1390 ) ;
#5876 = VERTEX_POINT ( 'NONE', #664 ) ;
#5877 = PLANE ( 'NONE',  #2667 ) ;
#5878 = VECTOR ( 'NONE', #2318, 1000.000000000000114 ) ;
#5879 = APPLICATION_CONTEXT ( 'automotive_design' ) ;
#5880 = DIRECTION ( 'NONE',  ( 0.000000000000000000, 1.000000000000000000, 0.000000000000000000 ) ) ;
#5881 = ORIENTED_EDGE ( 'NONE', *, *, #5581, .T. ) ;
#5882 = FACE_BOUND ( 'NONE', #3372, .T. ) ;
#5883 =( GEOMETRIC_REPRESENTATION_CONTEXT ( 3 ) GLOBAL_UNCERTAINTY_ASSIGNED_CONTEXT ( ( #663 ) ) GLOBAL_UNIT_ASSIGNED_CONTEXT ( ( #5408, #5371, #1127 ) ) REPRESENTATION_CONTEXT ( 'NONE', 'WORKASPACE' ) );
#5884 = EDGE_CURVE ( 'NONE', #1722, #5512, #4918, .T. ) ;
#5885 = FACE_OUTER_BOUND ( 'NONE', #1632, .T. ) ;
#5886 = DIRECTION ( 'NONE',  ( 0.000000000000000000, -1.000000000000000000, 0.000000000000000000 ) ) ;
#5887 = DIRECTION ( 'NONE',  ( 0.000000000000000000, -1.000000000000000000, 0.000000000000000000 ) ) ;
#5888 = ORIENTED_EDGE ( 'NONE', *, *, #374, .F. ) ;
#5889 = AXIS2_PLACEMENT_3D ( 'NONE', #5455, #1584, #2514 ) ;
#5890 =( LENGTH_UNIT ( ) NAMED_UNIT ( * ) SI_UNIT ( .MILLI., .METRE. ) );
#5891 = VECTOR ( 'NONE', #367, 1000.000000000000000 ) ;
#5892 = AXIS2_PLACEMENT_3D ( 'NONE', #3483, #1646, #1677 ) ;
#5893 = CARTESIAN_POINT ( 'NONE',  ( 0.000000000000000000, 0.000000000000000000, 6.740000000000000213 ) ) ;
#5894 = PLANE ( 'NONE',  #2918 ) ;
#5895 = CARTESIAN_POINT ( 'NONE',  ( 9.839999999999999858, -0.2500000000000000000, 1.590000000000000080 ) ) ;
#5896 = ORIENTED_EDGE ( 'NONE', *, *, #3907, .T. ) ;
#5897 = ORIENTED_EDGE ( 'NONE', *, *, #2953, .T. ) ;
#5898 = VERTEX_POINT ( 'NONE', #2573 ) ;
#5899 = AXIS2_PLACEMENT_3D ( 'NONE', #3141, #1684, #3586 ) ;
#5900 = EDGE_CURVE ( 'NONE', #4221, #4873, #5424, .T. ) ;
#5901 = VECTOR ( 'NONE', #1867, 1000.000000000000000 ) ;
#5902 = EDGE_CURVE ( 'NONE', #4720, #4352, #4438, .T. ) ;
#5903 = DIRECTION ( 'NONE',  ( 0.000000000000000000, 0.000000000000000000, 1.000000000000000000 ) ) ;
#5904 = AXIS2_PLACEMENT_3D ( 'NONE', #41, #2859, #484 ) ;
#5905 =( LENGTH_UNIT ( ) NAMED_UNIT ( * ) SI_UNIT ( .MILLI., .METRE. ) );
#5906 = VERTEX_POINT ( 'NONE', #2039 ) ;
#5907 = LINE ( 'NONE', #627, #4389 ) ;
#5908 = VECTOR ( 'NONE', #3817, 1000.000000000000000 ) ;
#5909 = CARTESIAN_POINT ( 'NONE',  ( -1.169999999999999929, -0.2500000000000000000, 1.699999999999999956 ) ) ;
#5910 = CARTESIAN_POINT ( 'NONE',  ( -0.1950000000000000067, -6.810000000000000497, -6.445000000000000284 ) ) ;
#5911 = ORIENTED_EDGE ( 'NONE', *, *, #5174, .F. ) ;
#5912 = PLANE ( 'NONE',  #4379 ) ;
#5913 = DIRECTION ( 'NONE',  ( 0.000000000000000000, -1.000000000000000000, 0.000000000000000000 ) ) ;
#5914 = VERTEX_POINT ( 'NONE', #5516 ) ;
#5915 = VECTOR ( 'NONE', #3576, 1000.000000000000000 ) ;
#5916 = PRESENTATION_STYLE_ASSIGNMENT (( #4025 ) ) ;
#5917 = UNCERTAINTY_MEASURE_WITH_UNIT (LENGTH_MEASURE( 1.000000000000000082E-05 ), #3934, 'distance_accuracy_value', 'NONE');
#5918 = CARTESIAN_POINT ( 'NONE',  ( -0.1950000000000000067, -4.270000000000000462, -2.765000000000000124 ) ) ;
#5919 = LINE ( 'NONE', #5453, #361 ) ;
#5920 =( LENGTH_UNIT ( ) NAMED_UNIT ( * ) SI_UNIT ( .MILLI., .METRE. ) );
#5921 = LINE ( 'NONE', #2640, #2894 ) ;
#5922 = ORIENTED_EDGE ( 'NONE', *, *, #2424, .F. ) ;
#5923 = AXIS2_PLACEMENT_3D ( 'NONE', #464, #2377, #1905 ) ;
#5924 = ADVANCED_FACE ( 'NONE', ( #229 ), #1203, .T. ) ;
#5925 = DIRECTION ( 'NONE',  ( 0.000000000000000000, -1.000000000000000000, 0.000000000000000000 ) ) ;
#5926 = CARTESIAN_POINT ( 'NONE',  ( 0.3200000000000000067, -0.3200000000000000067, -0.2000000000000000111 ) ) ;
#5927 = LINE ( 'NONE', #1147, #116 ) ;
#5928 = EDGE_CURVE ( 'NONE', #4166, #4751, #2637, .T. ) ;
#5929 = DIRECTION ( 'NONE',  ( 0.000000000000000000, -1.000000000000000000, 0.000000000000000000 ) ) ;
#5930 = VERTEX_POINT ( 'NONE', #195 ) ;
#5931 = ORIENTED_EDGE ( 'NONE', *, *, #247, .F. ) ;
#5932 = ADVANCED_FACE ( 'NONE', ( #5483 ), #1674, .T. ) ;
#5933 = CARTESIAN_POINT ( 'NONE',  ( 8.593125000000000568, -0.2500000000000000000, 2.075000000000000178 ) ) ;
#5934 =( NAMED_UNIT ( * ) PLANE_ANGLE_UNIT ( ) SI_UNIT ( $, .RADIAN. ) );
#5935 = VERTEX_POINT ( 'NONE', #159 ) ;
#5936 = PRODUCT_RELATED_PRODUCT_CATEGORY ( 'part', '', ( #4229 ) ) ;
#5937 = FILL_AREA_STYLE ('',( #3060 ) ) ;
#5938 = CARTESIAN_POINT ( 'NONE',  ( 7.299999999999999822, -2.540000000000000036, -1.590000000000000080 ) ) ;
#5939 = DIRECTION ( 'NONE',  ( 1.000000000000000000, 0.000000000000000000, 0.000000000000000000 ) ) ;
#5940 = DIRECTION ( 'NONE',  ( 0.000000000000000000, -1.000000000000000000, 0.000000000000000000 ) ) ;
#5941 = ORIENTED_EDGE ( 'NONE', *, *, #3241, .T. ) ;
#5942 = LINE ( 'NONE', #5009, #366 ) ;
#5943 = CARTESIAN_POINT ( 'NONE',  ( 5.830000000000000071, 0.000000000000000000, 2.500000000000000000 ) ) ;
#5944 = VERTEX_POINT ( 'NONE', #5918 ) ;
#5945 = FILL_AREA_STYLE_COLOUR ( '', #2486 ) ;
#5946 = CARTESIAN_POINT ( 'NONE',  ( 4.760000000000000675, -2.540000000000000036, -1.590000000000000080 ) ) ;
#5947 = DIRECTION ( 'NONE',  ( 0.000000000000000000, -1.000000000000000000, 0.000000000000000000 ) ) ;
#5948 = PLANE ( 'NONE',  #4894 ) ;
#5949 = FACE_OUTER_BOUND ( 'NONE', #4693, .T. ) ;
#5950 = EDGE_LOOP ( 'NONE', ( #6007, #4613, #4354, #3779 ) ) ;
#5951 = FACE_OUTER_BOUND ( 'NONE', #1501, .T. ) ;
#5952 = SURFACE_STYLE_FILL_AREA ( #739 ) ;
#5953 = SURFACE_SIDE_STYLE ('',( #1590 ) ) ;
#5954 = LINE ( 'NONE', #1767, #2405 ) ;
#5955 = ORIENTED_EDGE ( 'NONE', *, *, #5526, .F. ) ;
#5956 = EDGE_CURVE ( 'NONE', #148, #2324, #603, .T. ) ;
#5957 = MECHANICAL_DESIGN_GEOMETRIC_PRESENTATION_REPRESENTATION (  '', ( #56 ), #1860 ) ;
#5958 = ORIENTED_EDGE ( 'NONE', *, *, #5087, .F. ) ;
#5959 = PRESENTATION_LAYER_ASSIGNMENT (  '', '', ( #465 ) ) ;
#5960 = CARTESIAN_POINT ( 'NONE',  ( 1.369999999999999885, -2.540000000000000036, -1.699999999999999956 ) ) ;
#5961 =( REPRESENTATION_RELATIONSHIP ('NONE','NONE', #1553, #5622 ) REPRESENTATION_RELATIONSHIP_WITH_TRANSFORMATION ( #3166 )SHAPE_REPRESENTATION_RELATIONSHIP( ) );
#5962 = ADVANCED_FACE ( 'NONE', ( #132 ), #3545, .F. ) ;
#5963 = LINE ( 'NONE', #1749, #2031 ) ;
#5964 = ORIENTED_EDGE ( 'NONE', *, *, #5902, .F. ) ;
#5965 = CARTESIAN_POINT ( 'NONE',  ( 3.513125000000000053, 0.000000000000000000, -2.075000000000000178 ) ) ;
#5966 = COLOUR_RGB ( '',0.9254901960784314152, 0.9254901960784314152, 0.9254901960784314152 ) ;
#5967 = LINE ( 'NONE', #5503, #1973 ) ;
#5968 = EDGE_CURVE ( 'NONE', #5013, #4204, #256, .T. ) ;
#5969 = DIRECTION ( 'NONE',  ( 0.000000000000000000, 1.000000000000000000, 0.000000000000000000 ) ) ;
#5970 = VECTOR ( 'NONE', #1587, 1000.000000000000000 ) ;
#5971 = LINE ( 'NONE', #3628, #304 ) ;
#5972 = AXIS2_PLACEMENT_3D ( 'NONE', #362, #1249, #2280 ) ;
#5973 = DIRECTION ( 'NONE',  ( -0.8853979028379428406, 0.000000000000000000, -0.4648338989899218343 ) ) ;
#5974 = EDGE_LOOP ( 'NONE', ( #2259, #2506, #841, #355 ) ) ;
#5975 = CARTESIAN_POINT ( 'NONE',  ( 0.000000000000000000, 0.000000000000000000, -0.2000000000000000111 ) ) ;
#5976 = EDGE_LOOP ( 'NONE', ( #4140, #5619, #3703, #1940 ) ) ;
#5977 = CARTESIAN_POINT ( 'NONE',  ( -0.3200000000000000067, -1.320000000000000062, -6.959999999999999964 ) ) ;
#5978 = VERTEX_POINT ( 'NONE', #3960 ) ;
#5979 = VECTOR ( 'NONE', #1372, 1000.000000000000000 ) ;
#5980 = CARTESIAN_POINT ( 'NONE',  ( -1.524000000000000021, -0.2500000000000000000, 2.075000000000000178 ) ) ;
#5981 = UNCERTAINTY_MEASURE_WITH_UNIT (LENGTH_MEASURE( 1.000000000000000082E-05 ), #4121, 'distance_accuracy_value', 'NONE');
#5982 = ADVANCED_FACE ( 'NONE', ( #5392 ), #3011, .T. ) ;
#5983 = AXIS2_PLACEMENT_3D ( 'NONE', #3513, #4916, #635 ) ;
#5984 = DIRECTION ( 'NONE',  ( 0.000000000000000000, 0.000000000000000000, 1.000000000000000000 ) ) ;
#5985 = FACE_OUTER_BOUND ( 'NONE', #2209, .T. ) ;
#5986 = EDGE_LOOP ( 'NONE', ( #2959, #3983, #4327, #1188 ) ) ;
#5987 = SURFACE_SIDE_STYLE ('',( #1680 ) ) ;
#5988 = CONTEXT_DEPENDENT_SHAPE_REPRESENTATION ( #5961, #2714 ) ;
#5989 = DIRECTION ( 'NONE',  ( 1.000000000000000000, 0.000000000000000000, 0.000000000000000000 ) ) ;
#5990 = CARTESIAN_POINT ( 'NONE',  ( 8.990000000000000213, -2.540000000000000036, -1.699999999999999956 ) ) ;
#5991 = ORIENTED_EDGE ( 'NONE', *, *, #6145, .T. ) ;
#5992 = VECTOR ( 'NONE', #3367, 1000.000000000000000 ) ;
#5993 = ORIENTED_EDGE ( 'NONE', *, *, #3331, .T. ) ;
#5994 = VECTOR ( 'NONE', #6063, 1000.000000000000114 ) ;
#5995 =( GEOMETRIC_REPRESENTATION_CONTEXT ( 3 ) GLOBAL_UNCERTAINTY_ASSIGNED_CONTEXT ( ( #731 ) ) GLOBAL_UNIT_ASSIGNED_CONTEXT ( ( #3865, #2429, #3425 ) ) REPRESENTATION_CONTEXT ( 'NONE', 'WORKASPACE' ) );
#5996 = CARTESIAN_POINT ( 'NONE',  ( 11.33000000000000007, -2.540000000000000036, 1.699999999999999956 ) ) ;
#5997 = VECTOR ( 'NONE', #5460, 1000.000000000000000 ) ;
#5998 = LINE ( 'NONE', #805, #2836 ) ;
#5999 = EDGE_LOOP ( 'NONE', ( #4472, #3130, #3881, #4903 ) ) ;
#6000 = VECTOR ( 'NONE', #5095, 1000.000000000000114 ) ;
#6001 = PLANE ( 'NONE',  #3891 ) ;
#6002 = ADVANCED_FACE ( 'NONE', ( #5885 ), #1614, .F. ) ;
#6003 = EDGE_CURVE ( 'NONE', #5185, #2269, #5106, .T. ) ;
#6004 = LINE ( 'NONE', #1725, #4285 ) ;
#6005 = LINE ( 'NONE', #1727, #1008 ) ;
#6006 = DIRECTION ( 'NONE',  ( -0.4648338989899218343, 0.000000000000000000, 0.8853979028379427296 ) ) ;
#6007 = ORIENTED_EDGE ( 'NONE', *, *, #744, .T. ) ;
#6008 = FILL_AREA_STYLE ('',( #4022 ) ) ;
#6009 = PRODUCT_DEFINITION_SHAPE ( 'NONE', 'NONE',  #6193 ) ;
#6010 = ORIENTED_EDGE ( 'NONE', *, *, #2717, .F. ) ;
#6011 = VECTOR ( 'NONE', #2955, 1000.000000000000000 ) ;
#6012 = LINE ( 'NONE', #4242, #2020 ) ;
#6013 = AXIS2_PLACEMENT_3D ( 'NONE', #2073, #3021, #3585 ) ;
#6014 = DIRECTION ( 'NONE',  ( 0.000000000000000000, -1.000000000000000000, 0.000000000000000000 ) ) ;
#6015 = CARTESIAN_POINT ( 'NONE',  ( 10.48000000000000043, 0.000000000000000000, -0.9499999999999999556 ) ) ;
#6016 = ORIENTED_EDGE ( 'NONE', *, *, #963, .F. ) ;
#6017 = EDGE_CURVE ( 'NONE', #1776, #2694, #6012, .T. ) ;
#6018 = AXIS2_PLACEMENT_3D ( 'NONE', #5452, #2066, #3992 ) ;
#6019 = SURFACE_STYLE_USAGE ( .BOTH. , #5987 ) ;
#6020 = CARTESIAN_POINT ( 'NONE',  ( 6.646874999999999645, -0.2500000000000000000, -2.075000000000000178 ) ) ;
#6021 = FILL_AREA_STYLE_COLOUR ( '', #1915 ) ;
#6022 = CARTESIAN_POINT ( 'NONE',  ( 9.839999999999999858, 0.000000000000000000, 0.9499999999999999556 ) ) ;
#6023 = ORIENTED_EDGE ( 'NONE', *, *, #1425, .F. ) ;
#6024 = ORIENTED_EDGE ( 'NONE', *, *, #924, .F. ) ;
#6025 = LINE ( 'NONE', #3558, #1295 ) ;
#6026 = DIRECTION ( 'NONE',  ( 0.000000000000000000, 0.000000000000000000, 1.000000000000000000 ) ) ;
#6027 = ORIENTED_EDGE ( 'NONE', *, *, #6159, .F. ) ;
#6028 = DIRECTION ( 'NONE',  ( 0.000000000000000000, -1.000000000000000000, 0.000000000000000000 ) ) ;
#6029 = VECTOR ( 'NONE', #682, 1000.000000000000114 ) ;
#6030 = CARTESIAN_POINT ( 'NONE',  ( 5.830000000000000071, 0.000000000000000000, -2.500000000000000000 ) ) ;
#6031 = PLANE ( 'NONE',  #4088 ) ;
#6032 = CARTESIAN_POINT ( 'NONE',  ( 0.000000000000000000, -2.339999999999999858, 0.000000000000000000 ) ) ;
#6033 = DIRECTION ( 'NONE',  ( 0.000000000000000000, 1.000000000000000000, 0.000000000000000000 ) ) ;
#6034 = ORIENTED_EDGE ( 'NONE', *, *, #5637, .F. ) ;
#6035 = DIRECTION ( 'NONE',  ( 0.000000000000000000, 0.000000000000000000, -1.000000000000000000 ) ) ;
#6036 = ADVANCED_FACE ( 'NONE', ( #6136 ), #6071, .T. ) ;
#6037 = CARTESIAN_POINT ( 'NONE',  ( -1.169999999999999929, 0.000000000000000000, 1.699999999999999956 ) ) ;
#6038 = ORIENTED_EDGE ( 'NONE', *, *, #118, .T. ) ;
#6039 = DIRECTION ( 'NONE',  ( -1.000000000000000000, 0.000000000000000000, 0.000000000000000000 ) ) ;
#6040 = FILL_AREA_STYLE_COLOUR ( '', #2910 ) ;
#6041 = CARTESIAN_POINT ( 'NONE',  ( 7.939999999999999503, -0.2500000000000000000, -1.590000000000000080 ) ) ;
#6042 = EDGE_CURVE ( 'NONE', #3412, #1309, #5074, .T. ) ;
#6043 = DIRECTION ( 'NONE',  ( -1.000000000000000000, 0.000000000000000000, 0.000000000000000000 ) ) ;
#6044 = ORIENTED_EDGE ( 'NONE', *, *, #3565, .T. ) ;
#6045 = CARTESIAN_POINT ( 'NONE',  ( 1.000000000000000000, -1.320000000000000062, -5.320000000000000284 ) ) ;
#6046 = ADVANCED_FACE ( 'NONE', ( #2254 ), #1737, .T. ) ;
#6047 = DIRECTION ( 'NONE',  ( 0.000000000000000000, -1.000000000000000000, 0.000000000000000000 ) ) ;
#6048 = ITEM_DEFINED_TRANSFORMATION ( 'NONE', 'NONE', #3583,  #680 ) ;
#6049 = DIRECTION ( 'NONE',  ( -1.000000000000000000, 0.000000000000000000, 0.000000000000000000 ) ) ;
#6050 = EDGE_LOOP ( 'NONE', ( #3946, #2682, #5710, #3527 ) ) ;
#6051 = VERTEX_POINT ( 'NONE', #3252 ) ;
#6052 = EDGE_CURVE ( 'NONE', #1246, #4166, #4120, .T. ) ;
#6053 = FILL_AREA_STYLE_COLOUR ( '', #5591 ) ;
#6054 = CARTESIAN_POINT ( 'NONE',  ( 0.3200000000000000067, -2.540000000000000036, -1.590000000000000080 ) ) ;
#6055 = ORIENTED_EDGE ( 'NONE', *, *, #434, .F. ) ;
#6056 = PRODUCT_DEFINITION_SHAPE ( 'NONE', 'NONE',  #6186 ) ;
#6057 = DIRECTION ( 'NONE',  ( 0.000000000000000000, 0.000000000000000000, -1.000000000000000000 ) ) ;
#6058 = AXIS2_PLACEMENT_3D ( 'NONE', #161, #1077, #637 ) ;
#6059 = LINE ( 'NONE', #1279, #1781 ) ;
#6060 = DIRECTION ( 'NONE',  ( 0.000000000000000000, 0.000000000000000000, 1.000000000000000000 ) ) ;
#6061 = VERTEX_POINT ( 'NONE', #5547 ) ;
#6062 = DIRECTION ( 'NONE',  ( 0.000000000000000000, 1.000000000000000000, 0.000000000000000000 ) ) ;
#6063 = DIRECTION ( 'NONE',  ( -0.4648338989899218343, 0.000000000000000000, 0.8853979028379427296 ) ) ;
#6064 = ORIENTED_EDGE ( 'NONE', *, *, #5234, .T. ) ;
#6065 = FACE_OUTER_BOUND ( 'NONE', #1461, .T. ) ;
#6066 = CARTESIAN_POINT ( 'NONE',  ( 5.400000000000000355, -0.2500000000000000000, 1.590000000000000080 ) ) ;
#6067 = VERTEX_POINT ( 'NONE', #316 ) ;
#6068 = CARTESIAN_POINT ( 'NONE',  ( 10.91000000000000014, 0.000000000000000000, -2.500000000000000000 ) ) ;
#6069 = AXIS2_PLACEMENT_3D ( 'NONE', #3468, #2594, #5444 ) ;
#6070 = ADVANCED_FACE ( 'NONE', ( #3768 ), #3226, .F. ) ;
#6071 = PLANE ( 'NONE',  #122 ) ;
#6072 = AXIS2_PLACEMENT_3D ( 'NONE', #71, #5825, #3936 ) ;
#6073 =( LENGTH_UNIT ( ) NAMED_UNIT ( * ) SI_UNIT ( .MILLI., .METRE. ) );
#6074 = CARTESIAN_POINT ( 'NONE',  ( 11.42999999999999972, -2.339999999999999858, 1.699999999999999956 ) ) ;
#6075 = ORIENTED_EDGE ( 'NONE', *, *, #1048, .F. ) ;
#6076 = UNCERTAINTY_MEASURE_WITH_UNIT (LENGTH_MEASURE( 1.000000000000000082E-05 ), #842, 'distance_accuracy_value', 'NONE');
#6077 = AXIS2_PLACEMENT_3D ( 'NONE', #3273, #4163, #6057 ) ;
#6078 = VECTOR ( 'NONE', #2340, 1000.000000000000000 ) ;
#6079 = EDGE_CURVE ( 'NONE', #1756, #3143, #1823, .T. ) ;
#6080 = DIRECTION ( 'NONE',  ( 0.000000000000000000, -1.000000000000000000, 0.000000000000000000 ) ) ;
#6081 = EDGE_CURVE ( 'NONE', #5816, #1198, #5167, .T. ) ;
#6082 =( NAMED_UNIT ( * ) PLANE_ANGLE_UNIT ( ) SI_UNIT ( $, .RADIAN. ) );
#6083 = DIRECTION ( 'NONE',  ( -1.000000000000000000, 0.000000000000000000, 0.000000000000000000 ) ) ;
#6084 = VERTEX_POINT ( 'NONE', #2320 ) ;
#6085 = STYLED_ITEM ( 'NONE', ( #4877 ), #3807 ) ;
#6086 = UNCERTAINTY_MEASURE_WITH_UNIT (LENGTH_MEASURE( 1.000000000000000082E-05 ), #881, 'distance_accuracy_value', 'NONE');
#6087 = AXIS2_PLACEMENT_3D ( 'NONE', #4542, #5497, #2144 ) ;
#6088 = LINE ( 'NONE', #5119, #2088 ) ;
#6089 = EDGE_CURVE ( 'NONE', #2112, #2737, #4583, .T. ) ;
#6090 = CARTESIAN_POINT ( 'NONE',  ( 5.830000000000000071, 0.000000000000000000, -2.500000000000000000 ) ) ;
#6091 = ORIENTED_EDGE ( 'NONE', *, *, #924, .T. ) ;
#6092 = DIRECTION ( 'NONE',  ( -1.000000000000000000, 0.000000000000000000, 0.000000000000000000 ) ) ;
#6093 = VECTOR ( 'NONE', #5887, 1000.000000000000000 ) ;
#6094 = FACE_OUTER_BOUND ( 'NONE', #1929, .T. ) ;
#6095 = ADVANCED_FACE ( 'NONE', ( #2697 ), #4620, .F. ) ;
#6096 = VECTOR ( 'NONE', #1873, 1000.000000000000000 ) ;
#6097 = FACE_OUTER_BOUND ( 'NONE', #2251, .T. ) ;
#6098 = CARTESIAN_POINT ( 'NONE',  ( 3.910000000000000142, -2.540000000000000036, -1.699999999999999956 ) ) ;
#6099 = ORIENTED_EDGE ( 'NONE', *, *, #4891, .T. ) ;
#6100 =( GEOMETRIC_REPRESENTATION_CONTEXT ( 3 ) GLOBAL_UNCERTAINTY_ASSIGNED_CONTEXT ( ( #5981 ) ) GLOBAL_UNIT_ASSIGNED_CONTEXT ( ( #4121, #2258, #2792 ) ) REPRESENTATION_CONTEXT ( 'NONE', 'WORKASPACE' ) );
#6101 = LINE ( 'NONE', #1251, #1110 ) ;
#6102 = DIRECTION ( 'NONE',  ( -0.8853979028379428406, 0.000000000000000000, -0.4648338989899218343 ) ) ;
#6103 = VERTEX_POINT ( 'NONE', #2911 ) ;
#6104 = FACE_OUTER_BOUND ( 'NONE', #2968, .T. ) ;
#6105 = CARTESIAN_POINT ( 'NONE',  ( 6.450000000000000178, -2.540000000000000036, -1.699999999999999956 ) ) ;
#6106 = CARTESIAN_POINT ( 'NONE',  ( 3.513125000000000053, -0.2500000000000000000, 2.075000000000000178 ) ) ;
#6107 =( LENGTH_UNIT ( ) NAMED_UNIT ( * ) SI_UNIT ( .MILLI., .METRE. ) );
#6108 = DIRECTION ( 'NONE',  ( 0.000000000000000000, 0.000000000000000000, 1.000000000000000000 ) ) ;
#6109 = LINE ( 'NONE', #3196, #5206 ) ;
#6110 = ORIENTED_EDGE ( 'NONE', *, *, #517, .T. ) ;
#6111 = LINE ( 'NONE', #2824, #1186 ) ;
#6112 = VECTOR ( 'NONE', #612, 1000.000000000000000 ) ;
#6113 = CARTESIAN_POINT ( 'NONE',  ( 1.169999999999999929, -2.339999999999999858, 1.699999999999999956 ) ) ;
#6114 = VERTEX_POINT ( 'NONE', #5287 ) ;
#6115 = ORIENTED_EDGE ( 'NONE', *, *, #1154, .T. ) ;
#6116 = ADVANCED_FACE ( 'NONE', ( #4271 ), #443, .T. ) ;
#6117 = CARTESIAN_POINT ( 'NONE',  ( 5.080000000000000071, -1.600000000000000089, -1.270000000000000018 ) ) ;
#6118 = ADVANCED_FACE ( 'NONE', ( #1009 ), #6163, .T. ) ;
#6119 = ORIENTED_EDGE ( 'NONE', *, *, #3324, .T. ) ;
#6120 = ORIENTED_EDGE ( 'NONE', *, *, #4830, .F. ) ;
#6121 = ORIENTED_EDGE ( 'NONE', *, *, #3868, .F. ) ;
#6122 = CARTESIAN_POINT ( 'NONE',  ( 0.7500000000000000000, 0.000000000000000000, 2.500000000000000000 ) ) ;
#6123 = EDGE_CURVE ( 'NONE', #760, #4130, #2445, .T. ) ;
#6124 = CARTESIAN_POINT ( 'NONE',  ( 3.910000000000000142, -0.2500000000000000000, -1.699999999999999956 ) ) ;
#6125 = AXIS2_PLACEMENT_3D ( 'NONE', #1694, #5468, #684 ) ;
#6126 = CARTESIAN_POINT ( 'NONE',  ( -1.270000000000000018, 0.000000000000000000, -1.699999999999999956 ) ) ;
#6127 = ORIENTED_EDGE ( 'NONE', *, *, #3210, .T. ) ;
#6128 = CARTESIAN_POINT ( 'NONE',  ( 9.839999999999999858, -0.2500000000000000000, -1.590000000000000080 ) ) ;
#6129 = LINE ( 'NONE', #2315, #3806 ) ;
#6130 = ORIENTED_EDGE ( 'NONE', *, *, #816, .F. ) ;
#6131 = PRESENTATION_LAYER_ASSIGNMENT (  '', '', ( #32 ) ) ;
#6132 = SURFACE_STYLE_USAGE ( .BOTH. , #2721 ) ;
#6133 = PLANE ( 'NONE',  #1406 ) ;
#6134 = LINE ( 'NONE', #846, #1289 ) ;
#6135 = EDGE_CURVE ( 'NONE', #3299, #895, #2473, .T. ) ;
#6136 = FACE_OUTER_BOUND ( 'NONE', #3927, .T. ) ;
#6137 = CARTESIAN_POINT ( 'NONE',  ( 8.789999999999999147, -2.540000000000000036, 1.699999999999999956 ) ) ;
#6138 = EDGE_LOOP ( 'NONE', ( #1654, #173, #2282, #6130 ) ) ;
#6139 = DIRECTION ( 'NONE',  ( 1.000000000000000000, 0.000000000000000000, 0.000000000000000000 ) ) ;
#6140 = DIRECTION ( 'NONE',  ( 0.000000000000000000, -1.000000000000000000, 0.000000000000000000 ) ) ;
#6141 = FACE_OUTER_BOUND ( 'NONE', #2806, .T. ) ;
#6142 = VERTEX_POINT ( 'NONE', #5690 ) ;
#6143 = ORIENTED_EDGE ( 'NONE', *, *, #3633, .T. ) ;
#6144 = PRODUCT_DEFINITION_CONTEXT ( 'detailed design', #5879, 'design' ) ;
#6145 = EDGE_CURVE ( 'NONE', #5225, #5695, #1969, .T. ) ;
#6146 = ORIENTED_EDGE ( 'NONE', *, *, #2171, .T. ) ;
#6147 = ORIENTED_EDGE ( 'NONE', *, *, #1766, .T. ) ;
#6148 = CARTESIAN_POINT ( 'NONE',  ( 10.48000000000000043, -0.2500000000000000000, -0.9499999999999999556 ) ) ;
#6149 = DIRECTION ( 'NONE',  ( 0.4648338989899218343, 0.000000000000000000, -0.8853979028379427296 ) ) ;
#6150 = EDGE_CURVE ( 'NONE', #429, #1122, #4363, .T. ) ;
#6151 = CARTESIAN_POINT ( 'NONE',  ( 1.169999999999999929, -2.339999999999999858, 1.699999999999999956 ) ) ;
#6152 = ORIENTED_EDGE ( 'NONE', *, *, #3769, .F. ) ;
#6153 = DIRECTION ( 'NONE',  ( 0.000000000000000000, 0.000000000000000000, -1.000000000000000000 ) ) ;
#6154 = PRESENTATION_STYLE_ASSIGNMENT (( #5192 ) ) ;
#6155 = ORIENTED_EDGE ( 'NONE', *, *, #3164, .F. ) ;
#6156 = FACE_OUTER_BOUND ( 'NONE', #5823, .T. ) ;
#6157 = LINE ( 'NONE', #3855, #1109 ) ;
#6158 = CARTESIAN_POINT ( 'NONE',  ( 3.910000000000000142, -0.2500000000000000000, -1.699999999999999956 ) ) ;
#6159 = EDGE_CURVE ( 'NONE', #523, #1756, #57, .T. ) ;
#6160 = DIRECTION ( 'NONE',  ( 0.000000000000000000, -1.000000000000000000, 0.000000000000000000 ) ) ;
#6161 = SHAPE_REPRESENTATION_RELATIONSHIP ( 'NONE' , 'NONE' ,  #2255, #1031 ) ;
#6162 = AXIS2_PLACEMENT_3D ( 'NONE', #444, #471, #1391 ) ;
#6163 = PLANE ( 'NONE',  #211 ) ;
#6164 = DIRECTION ( 'NONE',  ( 0.000000000000000000, -1.000000000000000000, 0.000000000000000000 ) ) ;
#6165 = DIRECTION ( 'NONE',  ( 0.000000000000000000, 0.000000000000000000, 1.000000000000000000 ) ) ;
#6166 = ORIENTED_EDGE ( 'NONE', *, *, #5165, .T. ) ;
#6167 = CARTESIAN_POINT ( 'NONE',  ( -0.3185000000000000053, 0.3185000000000000053, 0.9399999999999999467 ) ) ;
#6168 = VECTOR ( 'NONE', #4405, 1000.000000000000000 ) ;
#6169 = ADVANCED_FACE ( 'NONE', ( #91 ), #2006, .F. ) ;
#6170 = CARTESIAN_POINT ( 'NONE',  ( 5.400000000000000355, -0.2500000000000000000, -1.590000000000000080 ) ) ;
#6171 = VECTOR ( 'NONE', #4575, 1000.000000000000000 ) ;
#6172 = PRESENTATION_STYLE_ASSIGNMENT (( #952 ) ) ;
#6173 = DIRECTION ( 'NONE',  ( -0.4648338989899218343, 0.000000000000000000, -0.8853979028379427296 ) ) ;
#6174 = ORIENTED_EDGE ( 'NONE', *, *, #335, .T. ) ;
#6175 = CARTESIAN_POINT ( 'NONE',  ( 7.939999999999999503, -0.2500000000000000000, -0.9499999999999999556 ) ) ;
#6176 = ORIENTED_EDGE ( 'NONE', *, *, #2752, .T. ) ;
#6177 = VECTOR ( 'NONE', #4214, 1000.000000000000000 ) ;
#6178 = VECTOR ( 'NONE', #3036, 1000.000000000000000 ) ;
#6179 = CARTESIAN_POINT ( 'NONE',  ( 0.7500000000000000000, -2.540000000000000036, 2.500000000000000000 ) ) ;
#6180 = VECTOR ( 'NONE', #815, 1000.000000000000000 ) ;
#6181 = ORIENTED_EDGE ( 'NONE', *, *, #5558, .F. ) ;
#6182 = ORIENTED_EDGE ( 'NONE', *, *, #83, .F. ) ;
#6183 = CARTESIAN_POINT ( 'NONE',  ( 0.3200000000000000067, -0.1950000000000000067, 5.599999999999999645 ) ) ;
#6184 = NEXT_ASSEMBLY_USAGE_OCCURRENCE ( 'NAUO1', ' ', ' ', #3534, #202, $ ) ;
#6185 = NEXT_ASSEMBLY_USAGE_OCCURRENCE ( 'NAUO2', ' ', ' ', #202, #391, $ ) ;
#6186 = NEXT_ASSEMBLY_USAGE_OCCURRENCE ( 'NAUO3', ' ', ' ', #391, #3339, $ ) ;
#6187 = NEXT_ASSEMBLY_USAGE_OCCURRENCE ( 'NAUO4', ' ', ' ', #391, #1957, $ ) ;
#6188 = NEXT_ASSEMBLY_USAGE_OCCURRENCE ( 'NAUO5', ' ', ' ', #391, #1957, $ ) ;
#6189 = NEXT_ASSEMBLY_USAGE_OCCURRENCE ( 'NAUO6', ' ', ' ', #391, #1957, $ ) ;
#6190 = NEXT_ASSEMBLY_USAGE_OCCURRENCE ( 'NAUO7', ' ', ' ', #391, #1957, $ ) ;
#6191 = NEXT_ASSEMBLY_USAGE_OCCURRENCE ( 'NAUO8', ' ', ' ', #391, #1957, $ ) ;
#6192 = NEXT_ASSEMBLY_USAGE_OCCURRENCE ( 'NAUO9', ' ', ' ', #391, #2233, $ ) ;
#6193 = NEXT_ASSEMBLY_USAGE_OCCURRENCE ( 'NAUO10', ' ', ' ', #391, #2233, $ ) ;
#6194 = NEXT_ASSEMBLY_USAGE_OCCURRENCE ( 'NAUO11', ' ', ' ', #391, #2233, $ ) ;
#6195 = NEXT_ASSEMBLY_USAGE_OCCURRENCE ( 'NAUO12', ' ', ' ', #391, #2233, $ ) ;
#6196 = NEXT_ASSEMBLY_USAGE_OCCURRENCE ( 'NAUO13', ' ', ' ', #391, #2233, $ ) ;
ENDSEC;
END-ISO-10303-21;
