ISO-10303-21;
HEADER;
FILE_DESCRIPTION (( 'STEP AP214' ),
    '1' );
FILE_NAME ('WS2812-2020.STEP',
    '2021-12-30T10:49:01',
    ( '' ),
    ( '' ),
    'SwSTEP 2.0',
    'SolidWorks 2018',
    '' );
FILE_SCHEMA (( 'AUTOMOTIVE_DESIGN' ));
ENDSEC;

DATA;
#1 = DIRECTION ( 'NONE',  ( -1.000000000000000000, 0.000000000000000000, 0.000000000000000000 ) ) ;
#2 = EDGE_CURVE ( 'NONE', #1238, #1617, #728, .T. ) ;
#3 = COLOUR_RGB ( '',1.000000000000000000, 1.000000000000000000, 0.000000000000000000 ) ;
#4 = ORIENTED_EDGE ( 'NONE', *, *, #2412, .F. ) ;
#5 = ORIENTED_EDGE ( 'NONE', *, *, #2300, .T. ) ;
#6 = AXIS2_PLACEMENT_3D ( 'NONE', #1467, #333, #2329 ) ;
#7 = MECHANICAL_DESIGN_GEOMETRIC_PRESENTATION_REPRESENTATION (  '', ( #2754 ), #401 ) ;
#8 =( LENGTH_UNIT ( ) NAMED_UNIT ( * ) SI_UNIT ( .MILLI., .METRE. ) );
#9 = ORIENTED_EDGE ( 'NONE', *, *, #1665, .F. ) ;
#10 = LINE ( 'NONE', #1437, #654 ) ;
#11 = ORIENTED_EDGE ( 'NONE', *, *, #3357, .T. ) ;
#12 =( NAMED_UNIT ( * ) SI_UNIT ( $, .STERADIAN. ) SOLID_ANGLE_UNIT ( ) );
#13 = CARTESIAN_POINT ( 'NONE',  ( -1.100000000000000089, -0.2750008057883118195, 0.2900000000000000355 ) ) ;
#14 = CARTESIAN_POINT ( 'NONE',  ( 0.9825534223890100005, 0.7007503343661976025, -3.388131789017202127E-18 ) ) ;
#15 = EDGE_LOOP ( 'NONE', ( #282, #882, #1392, #521, #2526 ) ) ;
#16 = CARTESIAN_POINT ( 'NONE',  ( -0.8753014859769602252, -0.5000000000000000000, -1.694065894508600678E-18 ) ) ;
#17 = ORIENTED_EDGE ( 'NONE', *, *, #725, .T. ) ;
#18 = CYLINDRICAL_SURFACE ( 'NONE', #3463, 0.2249999999999999500 ) ;
#19 = ORIENTED_EDGE ( 'NONE', *, *, #1336, .T. ) ;
#20 = LINE ( 'NONE', #2824, #2961 ) ;
#21 = CARTESIAN_POINT ( 'NONE',  ( 1.100000000000000089, -0.9000000000000000222, -0.000000000000000000 ) ) ;
#22 = AXIS2_PLACEMENT_3D ( 'NONE', #96, #1272, #2347 ) ;
#23 = VERTEX_POINT ( 'NONE', #2279 ) ;
#24 = CARTESIAN_POINT ( 'NONE',  ( 0.5650000000000000577, 0.09500080578831186784, -0.01000000000000000021 ) ) ;
#25 = CARTESIAN_POINT ( 'NONE',  ( -0.5650000000000000577, -0.09500080578831186784, -0.01000000000000000021 ) ) ;
#26 = EDGE_LOOP ( 'NONE', ( #1228, #2835, #2483, #682 ) ) ;
#27 = VECTOR ( 'NONE', #3465, 1000.000000000000000 ) ;
#28 =( NAMED_UNIT ( * ) SI_UNIT ( $, .STERADIAN. ) SOLID_ANGLE_UNIT ( ) );
#29 = PRESENTATION_STYLE_ASSIGNMENT (( #2158 ) ) ;
#30 = MECHANICAL_DESIGN_GEOMETRIC_PRESENTATION_REPRESENTATION (  '', ( #2122 ), #1944 ) ;
#31 = ORIENTED_EDGE ( 'NONE', *, *, #589, .T. ) ;
#32 = DIRECTION ( 'NONE',  ( 1.000000000000000000, 0.000000000000000000, 0.000000000000000000 ) ) ;
#33 = PLANE ( 'NONE',  #2253 ) ;
#34 = STYLED_ITEM ( 'NONE', ( #3229 ), #1599 ) ;
#35 = SURFACE_STYLE_FILL_AREA ( #2067 ) ;
#36 = AXIS2_PLACEMENT_3D ( 'NONE', #413, #1527, #1832 ) ;
#37 = EDGE_CURVE ( 'NONE', #1669, #2621, #946, .T. ) ;
#38 = DIRECTION ( 'NONE',  ( -0.000000000000000000, 0.000000000000000000, -1.000000000000000000 ) ) ;
#39 = CARTESIAN_POINT ( 'NONE',  ( 1.100000000000000089, 0.2750008057883118195, 0.2900000000000000355 ) ) ;
#40 = SURFACE_SIDE_STYLE ('',( #462 ) ) ;
#41 = EDGE_CURVE ( 'NONE', #2906, #274, #360, .T. ) ;
#42 = CARTESIAN_POINT ( 'NONE',  ( -0.8992496656338024863, -0.6174465776109900883, -3.388131789017200971E-18 ) ) ;
#43 = CIRCLE ( 'NONE', #2346, 0.3659919831546426527 ) ;
#44 = EDGE_CURVE ( 'NONE', #2104, #1592, #1774, .T. ) ;
#45 = ADVANCED_FACE ( 'NONE', ( #2542 ), #33, .F. ) ;
#46 = DIRECTION ( 'NONE',  ( -0.000000000000000000, -0.000000000000000000, 1.000000000000000000 ) ) ;
#47 = DIRECTION ( 'NONE',  ( 0.000000000000000000, 0.000000000000000000, 1.000000000000000000 ) ) ;
#48 = DIRECTION ( 'NONE',  ( -1.000000000000000000, 0.000000000000000000, 0.000000000000000000 ) ) ;
#49 = ORIENTED_EDGE ( 'NONE', *, *, #1850, .T. ) ;
#50 = UNCERTAINTY_MEASURE_WITH_UNIT (LENGTH_MEASURE( 1.000000000000000082E-05 ), #2293, 'distance_accuracy_value', 'NONE');
#51 = DIRECTION ( 'NONE',  ( 0.000000000000000000, 0.000000000000000000, 1.000000000000000000 ) ) ;
#52 = CARTESIAN_POINT ( 'NONE',  ( 1.100000000000000089, -0.5000000000000000000, 0.2900000000000000355 ) ) ;
#53 = VECTOR ( 'NONE', #3255, 1000.000000000000000 ) ;
#54 = CARTESIAN_POINT ( 'NONE',  ( 1.100000000000000089, 0.7249991942116882360, 0.000000000000000000 ) ) ;
#55 = EDGE_LOOP ( 'NONE', ( #213, #2382, #3000, #905 ) ) ;
#56 = CARTESIAN_POINT ( 'NONE',  ( 0.5650000000000001688, 0.9000000000000000222, -0.01000000000000000021 ) ) ;
#57 = EDGE_CURVE ( 'NONE', #466, #475, #1566, .T. ) ;
#58 = PLANE ( 'NONE',  #3050 ) ;
#59 = VERTEX_POINT ( 'NONE', #2885 ) ;
#60 = LINE ( 'NONE', #347, #2317 ) ;
#61 = PRESENTATION_LAYER_ASSIGNMENT (  '', '', ( #2537 ) ) ;
#62 = VERTEX_POINT ( 'NONE', #3206 ) ;
#63 = ORIENTED_EDGE ( 'NONE', *, *, #3386, .F. ) ;
#64 = DIRECTION ( 'NONE',  ( -1.000000000000000000, 0.000000000000000000, 0.000000000000000000 ) ) ;
#65 = FILL_AREA_STYLE_COLOUR ( '', #3582 ) ;
#66 = DIRECTION ( 'NONE',  ( 0.000000000000000000, -1.000000000000000000, 0.000000000000000000 ) ) ;
#67 = ORIENTED_EDGE ( 'NONE', *, *, #366, .F. ) ;
#68 = CYLINDRICAL_SURFACE ( 'NONE', #2497, 0.3853308491107275136 ) ;
#69 = CARTESIAN_POINT ( 'NONE',  ( 0.9825534223890100005, -0.7007503343661972695, -3.388131789017200201E-18 ) ) ;
#70 =( NAMED_UNIT ( * ) PLANE_ANGLE_UNIT ( ) SI_UNIT ( $, .RADIAN. ) );
#71 = ORIENTED_EDGE ( 'NONE', *, *, #532, .F. ) ;
#72 = FILL_AREA_STYLE ('',( #943 ) ) ;
#73 = EDGE_CURVE ( 'NONE', #2071, #3056, #2220, .T. ) ;
#74 = VERTEX_POINT ( 'NONE', #2614 ) ;
#75 = CARTESIAN_POINT ( 'NONE',  ( -1.100000000000000089, -0.7249991942116882360, -0.01000000000000000021 ) ) ;
#76 = CARTESIAN_POINT ( 'NONE',  ( 0.9825534223890100005, 0.7007503343661974915, 0.2800000000000000266 ) ) ;
#77 = FILL_AREA_STYLE_COLOUR ( '', #124 ) ;
#78 = ORIENTED_EDGE ( 'NONE', *, *, #328, .T. ) ;
#79 = DIRECTION ( 'NONE',  ( -0.000000000000000000, -0.000000000000000000, -1.000000000000000000 ) ) ;
#80 = PLANE ( 'NONE',  #2185 ) ;
#81 = SURFACE_STYLE_FILL_AREA ( #2506 ) ;
#82 = SURFACE_STYLE_USAGE ( .BOTH. , #362 ) ;
#83 = VECTOR ( 'NONE', #1328, 1000.000000000000000 ) ;
#84 = CARTESIAN_POINT ( 'NONE',  ( 1.100000000000000089, 0.09500080578831181233, -0.01000000000000000021 ) ) ;
#85 = DIRECTION ( 'NONE',  ( -0.000000000000000000, -1.000000000000000000, -0.000000000000000000 ) ) ;
#86 = COLOUR_RGB ( '',0.7529411764705882248, 0.7529411764705882248, 0.000000000000000000 ) ;
#87 = VECTOR ( 'NONE', #990, 1000.000000000000000 ) ;
#88 = AXIS2_PLACEMENT_3D ( 'NONE', #2642, #2697, #2112 ) ;
#89 =( NAMED_UNIT ( * ) SI_UNIT ( $, .STERADIAN. ) SOLID_ANGLE_UNIT ( ) );
#90 =( LENGTH_UNIT ( ) NAMED_UNIT ( * ) SI_UNIT ( .MILLI., .METRE. ) );
#91 = EDGE_CURVE ( 'NONE', #2944, #3419, #2040, .T. ) ;
#92 = FILL_AREA_STYLE_COLOUR ( '', #2770 ) ;
#93 = VERTEX_POINT ( 'NONE', #304 ) ;
#94 = STYLED_ITEM ( 'NONE', ( #878 ), #461 ) ;
#95 = EDGE_LOOP ( 'NONE', ( #2970, #363, #3380, #2244 ) ) ;
#96 = CARTESIAN_POINT ( 'NONE',  ( 1.100000000000000089, 0.9000000000000000222, -0.01000000000000000021 ) ) ;
#97 = FILL_AREA_STYLE_COLOUR ( '', #2161 ) ;
#98 = B_SPLINE_CURVE_WITH_KNOTS ( 'NONE', 3,
 ( #1731, #2109, #101, #3574, #2653, #1004 ),
 .UNSPECIFIED., .F., .F.,
 ( 4, 2, 4 ),
 ( 0.5000000000000000000, 0.7500000000000002220, 1.000000000000000000 ),
 .UNSPECIFIED. ) ;
#99 = FACE_OUTER_BOUND ( 'NONE', #1190, .T. ) ;
#100 = CARTESIAN_POINT ( 'NONE',  ( -0.5650000000000000577, 0.09500080578831186784, -0.01000000000000000021 ) ) ;
#101 = CARTESIAN_POINT ( 'NONE',  ( 0.8992496656338027083, -0.3825534223890101337, 0.2799999999999999711 ) ) ;
#102 = ORIENTED_EDGE ( 'NONE', *, *, #2412, .T. ) ;
#103 = ADVANCED_FACE ( 'NONE', ( #2309 ), #2173, .F. ) ;
#104 = SURFACE_STYLE_FILL_AREA ( #197 ) ;
#105 = EDGE_LOOP ( 'NONE', ( #438, #1742, #422, #3094 ) ) ;
#106 = PRESENTATION_LAYER_ASSIGNMENT (  '', '', ( #2469 ) ) ;
#107 = VERTEX_POINT ( 'NONE', #1206 ) ;
#108 = COLOUR_RGB ( '',0.7529411764705882248, 0.7529411764705882248, 0.000000000000000000 ) ;
#109 =( GEOMETRIC_REPRESENTATION_CONTEXT ( 3 ) GLOBAL_UNCERTAINTY_ASSIGNED_CONTEXT ( ( #1685 ) ) GLOBAL_UNIT_ASSIGNED_CONTEXT ( ( #2028, #2310, #28 ) ) REPRESENTATION_CONTEXT ( 'NONE', 'WORKASPACE' ) );
#110 = CARTESIAN_POINT ( 'NONE',  ( -1.100000000000000089, 0.9000000000000000222, 0.000000000000000000 ) ) ;
#111 =( GEOMETRIC_REPRESENTATION_CONTEXT ( 3 ) GLOBAL_UNCERTAINTY_ASSIGNED_CONTEXT ( ( #3555 ) ) GLOBAL_UNIT_ASSIGNED_CONTEXT ( ( #1172, #640, #310 ) ) REPRESENTATION_CONTEXT ( 'NONE', 'WORKASPACE' ) );
#112 = PRESENTATION_STYLE_ASSIGNMENT (( #1551 ) ) ;
#113 =( LENGTH_UNIT ( ) NAMED_UNIT ( * ) SI_UNIT ( .MILLI., .METRE. ) );
#114 = ORIENTED_EDGE ( 'NONE', *, *, #2567, .F. ) ;
#115 = SURFACE_SIDE_STYLE ('',( #3299 ) ) ;
#116 = CARTESIAN_POINT ( 'NONE',  ( 1.100000000000000089, -0.9000000000000000222, 0.2900000000000000355 ) ) ;
#117 =( NAMED_UNIT ( * ) PLANE_ANGLE_UNIT ( ) SI_UNIT ( $, .RADIAN. ) );
#118 = FILL_AREA_STYLE ('',( #1809 ) ) ;
#119 = ORIENTED_EDGE ( 'NONE', *, *, #1814, .T. ) ;
#120 = FACE_OUTER_BOUND ( 'NONE', #1448, .T. ) ;
#121 = AXIS2_PLACEMENT_3D ( 'NONE', #886, #2592, #2907 ) ;
#122 = UNCERTAINTY_MEASURE_WITH_UNIT (LENGTH_MEASURE( 1.000000000000000082E-05 ), #698, 'distance_accuracy_value', 'NONE');
#123 = ORIENTED_EDGE ( 'NONE', *, *, #443, .F. ) ;
#124 = COLOUR_RGB ( '',1.000000000000000000, 1.000000000000000000, 1.000000000000000000 ) ;
#125 = EDGE_CURVE ( 'NONE', #2203, #1410, #1913, .T. ) ;
#126 = ADVANCED_FACE ( 'NONE', ( #544 ), #610, .F. ) ;
#127 = CARTESIAN_POINT ( 'NONE',  ( -1.100000000000000089, 0.7249991942116882360, 0.2800000000000000822 ) ) ;
#128 = CARTESIAN_POINT ( 'NONE',  ( -1.100000000000000089, 1.000000000000000000, 0.000000000000000000 ) ) ;
#129 = B_SPLINE_CURVE_WITH_KNOTS ( 'NONE', 3,
 ( #1524, #1256, #421, #1817, #2674, #3558 ),
 .UNSPECIFIED., .F., .F.,
 ( 4, 2, 4 ),
 ( 0.000000000000000000, 0.2500000000000000000, 0.5000000000000000000 ),
 .UNSPECIFIED. ) ;
#130 = ORIENTED_EDGE ( 'NONE', *, *, #1030, .T. ) ;
#131 = CARTESIAN_POINT ( 'NONE',  ( 0.5650000000000000577, -0.09500080578831186784, -0.000000000000000000 ) ) ;
#132 = DIRECTION ( 'NONE',  ( -0.000000000000000000, -0.000000000000000000, 1.000000000000000000 ) ) ;
#133 = AXIS2_PLACEMENT_3D ( 'NONE', #2517, #493, #1073 ) ;
#134 = PRESENTATION_LAYER_ASSIGNMENT (  '', '', ( #2870 ) ) ;
#135 = CARTESIAN_POINT ( 'NONE',  ( 0.8750008057883119639, 0.4410953487000781603, 0.2800000000000000266 ) ) ;
#136 = COLOUR_RGB ( '',1.000000000000000000, 1.000000000000000000, 0.000000000000000000 ) ;
#137 = FACE_OUTER_BOUND ( 'NONE', #1396, .T. ) ;
#138 = CARTESIAN_POINT ( 'NONE',  ( 1.100000000000000089, -0.9000000000000000222, 0.2900000000000000355 ) ) ;
#139 = VERTEX_POINT ( 'NONE', #357 ) ;
#140 = EDGE_CURVE ( 'NONE', #2439, #2944, #2636, .T. ) ;
#141 = ADVANCED_FACE ( 'NONE', ( #1151 ), #1509, .F. ) ;
#142 =( LENGTH_UNIT ( ) NAMED_UNIT ( * ) SI_UNIT ( .MILLI., .METRE. ) );
#143 = FACE_OUTER_BOUND ( 'NONE', #1536, .T. ) ;
#144 = DIRECTION ( 'NONE',  ( 0.000000000000000000, -0.000000000000000000, 1.000000000000000000 ) ) ;
#145 = CARTESIAN_POINT ( 'NONE',  ( -0.5000000000000003331, -1.000000000000000000, 0.000000000000000000 ) ) ;
#146 = MECHANICAL_DESIGN_GEOMETRIC_PRESENTATION_REPRESENTATION (  '', ( #1367 ), #857 ) ;
#147 = ORIENTED_EDGE ( 'NONE', *, *, #3567, .F. ) ;
#148 = FACE_OUTER_BOUND ( 'NONE', #1325, .T. ) ;
#149 = PLANE ( 'NONE',  #3365 ) ;
#150 = B_SPLINE_CURVE_WITH_KNOTS ( 'NONE', 3,
 ( #3366, #2162, #1602, #2188, #1334, #1880, #2175, #471, #2149, #1343 ),
 .UNSPECIFIED., .F., .F.,
 ( 4, 2, 2, 2, 4 ),
 ( 0.000000000000000000, 0.2499999999999997780, 0.4999999999999998890, 0.7500000000000000000, 1.000000000000000000 ),
 .UNSPECIFIED. ) ;
#151 = ORIENTED_EDGE ( 'NONE', *, *, #532, .T. ) ;
#152 =( LENGTH_UNIT ( ) NAMED_UNIT ( * ) SI_UNIT ( .MILLI., .METRE. ) );
#153 = DIRECTION ( 'NONE',  ( -0.000000000000000000, -0.000000000000000000, -1.000000000000000000 ) ) ;
#154 =( NAMED_UNIT ( * ) PLANE_ANGLE_UNIT ( ) SI_UNIT ( $, .RADIAN. ) );
#155 = EDGE_LOOP ( 'NONE', ( #1980, #3160, #3106, #3689 ) ) ;
#156 = STYLED_ITEM ( 'NONE', ( #29 ), #2612 ) ;
#157 = DIRECTION ( 'NONE',  ( -0.000000000000000000, -0.000000000000000000, -1.000000000000000000 ) ) ;
#158 = DIRECTION ( 'NONE',  ( 0.000000000000000000, 1.000000000000000000, 0.000000000000000000 ) ) ;
#159 =( NAMED_UNIT ( * ) SI_UNIT ( $, .STERADIAN. ) SOLID_ANGLE_UNIT ( ) );
#160 = ORIENTED_EDGE ( 'NONE', *, *, #2060, .T. ) ;
#161 = STYLED_ITEM ( 'NONE', ( #1571 ), #1539 ) ;
#162 = ADVANCED_FACE ( 'NONE', ( #3079 ), #889, .F. ) ;
#163 = CARTESIAN_POINT ( 'NONE',  ( 1.100000000000000089, 0.9000000000000000222, 0.2800000000000000266 ) ) ;
#164 = ORIENTED_EDGE ( 'NONE', *, *, #3386, .T. ) ;
#165 = VECTOR ( 'NONE', #2083, 1000.000000000000000 ) ;
#166 = CARTESIAN_POINT ( 'NONE',  ( -0.8750008057883119639, 0.4410953487000781603, -3.388131789017201356E-18 ) ) ;
#167 = VERTEX_POINT ( 'NONE', #3218 ) ;
#168 = PRESENTATION_STYLE_ASSIGNMENT (( #655 ) ) ;
#169 = UNCERTAINTY_MEASURE_WITH_UNIT (LENGTH_MEASURE( 1.000000000000000082E-05 ), #3222, 'distance_accuracy_value', 'NONE');
#170 = ORIENTED_EDGE ( 'NONE', *, *, #3108, .F. ) ;
#171 = CYLINDRICAL_SURFACE ( 'NONE', #3531, 0.2249991942116882082 ) ;
#172 = EDGE_CURVE ( 'NONE', #3518, #829, #2494, .T. ) ;
#173 = EDGE_CURVE ( 'NONE', #1410, #3647, #1642, .T. ) ;
#174 = SURFACE_STYLE_FILL_AREA ( #467 ) ;
#175 = DIRECTION ( 'NONE',  ( -0.000000000000000000, -0.000000000000000000, 1.000000000000000000 ) ) ;
#176 = LINE ( 'NONE', #2773, #1065 ) ;
#177 = DIRECTION ( 'NONE',  ( 1.189832511747953048E-18, -1.000000000000000000, 0.000000000000000000 ) ) ;
#178 = FILL_AREA_STYLE ('',( #3342 ) ) ;
#179 = VECTOR ( 'NONE', #2363, 1000.000000000000000 ) ;
#180 = EDGE_CURVE ( 'NONE', #426, #2439, #2166, .T. ) ;
#181 = CARTESIAN_POINT ( 'NONE',  ( 1.060084969716723613, -0.5167420533976113672, 0.2800000000000000266 ) ) ;
#182 = CARTESIAN_POINT ( 'NONE',  ( -0.7249999999999999778, 1.000000000000000000, 0.2800000000000000266 ) ) ;
#183 = ADVANCED_FACE ( 'NONE', ( #936 ), #1871, .F. ) ;
#184 = CARTESIAN_POINT ( 'NONE',  ( -1.100000000000000089, -0.09500080578831181233, -0.01000000000000000021 ) ) ;
#185 = CARTESIAN_POINT ( 'NONE',  ( 0.9217080070979758455, 0.2653586607282054644, 0.2800000000000000266 ) ) ;
#186 = PRESENTATION_LAYER_ASSIGNMENT (  '', '', ( #764 ) ) ;
#187 =( GEOMETRIC_REPRESENTATION_CONTEXT ( 3 ) GLOBAL_UNCERTAINTY_ASSIGNED_CONTEXT ( ( #2637 ) ) GLOBAL_UNIT_ASSIGNED_CONTEXT ( ( #247, #3078, #3375 ) ) REPRESENTATION_CONTEXT ( 'NONE', 'WORKASPACE' ) );
#188 = VECTOR ( 'NONE', #1756, 1000.000000000000000 ) ;
#189 = ORIENTED_EDGE ( 'NONE', *, *, #3438, .F. ) ;
#190 = SURFACE_STYLE_FILL_AREA ( #982 ) ;
#191 = EDGE_LOOP ( 'NONE', ( #1827, #3433, #3240, #2189, #2364, #2429 ) ) ;
#192 = DIRECTION ( 'NONE',  ( 0.000000000000000000, -1.000000000000000000, 0.000000000000000000 ) ) ;
#193 = DIRECTION ( 'NONE',  ( 1.000000000000000000, 0.000000000000000000, 0.000000000000000000 ) ) ;
#194 = DIRECTION ( 'NONE',  ( -1.000000000000000000, 0.000000000000000000, 0.000000000000000000 ) ) ;
#195 = VERTEX_POINT ( 'NONE', #2385 ) ;
#196 = CIRCLE ( 'NONE', #1183, 0.2249991942116882082 ) ;
#197 = FILL_AREA_STYLE ('',( #2755 ) ) ;
#198 = VERTEX_POINT ( 'NONE', #1594 ) ;
#199 = ADVANCED_FACE ( 'NONE', ( #2610 ), #149, .T. ) ;
#200 =( LENGTH_UNIT ( ) NAMED_UNIT ( * ) SI_UNIT ( .MILLI., .METRE. ) );
#201 = ORIENTED_EDGE ( 'NONE', *, *, #91, .F. ) ;
#202 = CARTESIAN_POINT ( 'NONE',  ( -1.100000000000000089, -0.7249991942116882360, 0.8400000000000000799 ) ) ;
#203 = EDGE_LOOP ( 'NONE', ( #3413, #3343, #1415, #285 ) ) ;
#204 = LINE ( 'NONE', #2622, #1703 ) ;
#205 = CARTESIAN_POINT ( 'NONE',  ( 0.7249999999999999778, 0.2750008057883118195, 0.2900000000000000355 ) ) ;
#206 = PLANE ( 'NONE',  #133 ) ;
#207 = AXIS2_PLACEMENT_3D ( 'NONE', #372, #937, #64 ) ;
#208 = ORIENTED_EDGE ( 'NONE', *, *, #2, .F. ) ;
#209 = PRESENTATION_STYLE_ASSIGNMENT (( #2878 ) ) ;
#210 = CARTESIAN_POINT ( 'NONE',  ( 1.100000000000000089, 0.7249991942116882360, 0.000000000000000000 ) ) ;
#211 = SURFACE_STYLE_USAGE ( .BOTH. , #525 ) ;
#212 = CARTESIAN_POINT ( 'NONE',  ( 0.5650000000000001688, 0.9000000000000000222, -0.01000000000000000021 ) ) ;
#213 = ORIENTED_EDGE ( 'NONE', *, *, #1521, .T. ) ;
#214 = FILL_AREA_STYLE ('',( #3247 ) ) ;
#215 = CARTESIAN_POINT ( 'NONE',  ( 1.100000000000000089, -0.09500080578831181233, -0.01000000000000000021 ) ) ;
#216 = ORIENTED_EDGE ( 'NONE', *, *, #913, .T. ) ;
#217 = SURFACE_SIDE_STYLE ('',( #1945 ) ) ;
#218 = CARTESIAN_POINT ( 'NONE',  ( -0.7277089710997725058, 0.9121743561265598377, 0.2900000000000000355 ) ) ;
#219 = FILL_AREA_STYLE ('',( #3637 ) ) ;
#220 =( NAMED_UNIT ( * ) SI_UNIT ( $, .STERADIAN. ) SOLID_ANGLE_UNIT ( ) );
#221 = MECHANICAL_DESIGN_GEOMETRIC_PRESENTATION_REPRESENTATION (  '', ( #917 ), #803 ) ;
#222 =( LENGTH_UNIT ( ) NAMED_UNIT ( * ) SI_UNIT ( .MILLI., .METRE. ) );
#223 = SURFACE_STYLE_FILL_AREA ( #1804 ) ;
#224 =( LENGTH_UNIT ( ) NAMED_UNIT ( * ) SI_UNIT ( .MILLI., .METRE. ) );
#225 = SURFACE_STYLE_USAGE ( .BOTH. , #217 ) ;
#226 = MECHANICAL_DESIGN_GEOMETRIC_PRESENTATION_REPRESENTATION (  '', ( #2578 ), #620 ) ;
#227 = LINE ( 'NONE', #1852, #1959 ) ;
#228 = PRESENTATION_STYLE_ASSIGNMENT (( #1342 ) ) ;
#229 = DIRECTION ( 'NONE',  ( 1.000000000000000000, 0.000000000000000000, 0.000000000000000000 ) ) ;
#230 = COLOUR_RGB ( '',1.000000000000000000, 1.000000000000000000, 1.000000000000000000 ) ;
#231 = CARTESIAN_POINT ( 'NONE',  ( -1.100000000000000089, 0.7249991942116882360, -0.01000000000000000021 ) ) ;
#232 = ORIENTED_EDGE ( 'NONE', *, *, #791, .F. ) ;
#233 = FILL_AREA_STYLE ('',( #1671 ) ) ;
#234 =( GEOMETRIC_REPRESENTATION_CONTEXT ( 3 ) GLOBAL_UNCERTAINTY_ASSIGNED_CONTEXT ( ( #237 ) ) GLOBAL_UNIT_ASSIGNED_CONTEXT ( ( #2062, #2597, #906 ) ) REPRESENTATION_CONTEXT ( 'NONE', 'WORKASPACE' ) );
#235 = ORIENTED_EDGE ( 'NONE', *, *, #2590, .F. ) ;
#236 = CARTESIAN_POINT ( 'NONE',  ( -1.100000000000000089, 0.9000000000000000222, -0.01000000000000000021 ) ) ;
#237 = UNCERTAINTY_MEASURE_WITH_UNIT (LENGTH_MEASURE( 1.000000000000000082E-05 ), #2062, 'distance_accuracy_value', 'NONE');
#238 = EDGE_CURVE ( 'NONE', #626, #593, #2654, .T. ) ;
#239 = ORIENTED_EDGE ( 'NONE', *, *, #3258, .F. ) ;
#240 = LINE ( 'NONE', #2355, #2187 ) ;
#241 = SURFACE_STYLE_USAGE ( .BOTH. , #1942 ) ;
#242 = SURFACE_STYLE_USAGE ( .BOTH. , #3279 ) ;
#243 =( LENGTH_UNIT ( ) NAMED_UNIT ( * ) SI_UNIT ( .MILLI., .METRE. ) );
#244 = EDGE_CURVE ( 'NONE', #2861, #62, #3440, .T. ) ;
#245 = ORIENTED_EDGE ( 'NONE', *, *, #37, .T. ) ;
#246 = COLOUR_RGB ( '',0.7529411764705882248, 0.7529411764705882248, 0.000000000000000000 ) ;
#247 =( LENGTH_UNIT ( ) NAMED_UNIT ( * ) SI_UNIT ( .MILLI., .METRE. ) );
#248 =( NAMED_UNIT ( * ) SI_UNIT ( $, .STERADIAN. ) SOLID_ANGLE_UNIT ( ) );
#249 = VERTEX_POINT ( 'NONE', #440 ) ;
#250 =( NAMED_UNIT ( * ) PLANE_ANGLE_UNIT ( ) SI_UNIT ( $, .RADIAN. ) );
#251 = VERTEX_POINT ( 'NONE', #3617 ) ;
#252 = EDGE_CURVE ( 'NONE', #2047, #2685, #1420, .T. ) ;
#253 = EDGE_LOOP ( 'NONE', ( #418, #1222, #1900, #1116 ) ) ;
#254 = LINE ( 'NONE', #2119, #3114 ) ;
#255 = LINE ( 'NONE', #3477, #1187 ) ;
#256 = STYLED_ITEM ( 'NONE', ( #112 ), #972 ) ;
#257 =( GEOMETRIC_REPRESENTATION_CONTEXT ( 3 ) GLOBAL_UNCERTAINTY_ASSIGNED_CONTEXT ( ( #3166 ) ) GLOBAL_UNIT_ASSIGNED_CONTEXT ( ( #3283, #2438, #741 ) ) REPRESENTATION_CONTEXT ( 'NONE', 'WORKASPACE' ) );
#258 = FACE_OUTER_BOUND ( 'NONE', #3330, .T. ) ;
#259 = EDGE_CURVE ( 'NONE', #1369, #1669, #539, .T. ) ;
#260 = VERTEX_POINT ( 'NONE', #3584 ) ;
#261 = CARTESIAN_POINT ( 'NONE',  ( 1.100000000000000089, 1.000000000000000000, 0.000000000000000000 ) ) ;
#262 = SURFACE_STYLE_USAGE ( .BOTH. , #2234 ) ;
#263 = LINE ( 'NONE', #3115, #2744 ) ;
#264 = CARTESIAN_POINT ( 'NONE',  ( 0.7249999999999999778, -0.7069995797831308826, 0.2900000000000000910 ) ) ;
#265 = VECTOR ( 'NONE', #1463, 1000.000000000000000 ) ;
#266 = EDGE_CURVE ( 'NONE', #619, #2238, #299, .T. ) ;
#267 =( NAMED_UNIT ( * ) SI_UNIT ( $, .STERADIAN. ) SOLID_ANGLE_UNIT ( ) );
#268 =( LENGTH_UNIT ( ) NAMED_UNIT ( * ) SI_UNIT ( .MILLI., .METRE. ) );
#269 = CARTESIAN_POINT ( 'NONE',  ( 1.115050464416982523, 0.4537306535361722570, 0.2900000000000000355 ) ) ;
#270 = VECTOR ( 'NONE', #1706, 1000.000000000000000 ) ;
#271 =( GEOMETRIC_REPRESENTATION_CONTEXT ( 3 ) GLOBAL_UNCERTAINTY_ASSIGNED_CONTEXT ( ( #1147 ) ) GLOBAL_UNIT_ASSIGNED_CONTEXT ( ( #3280, #154, #1558 ) ) REPRESENTATION_CONTEXT ( 'NONE', 'WORKASPACE' ) );
#272 = ORIENTED_EDGE ( 'NONE', *, *, #1929, .F. ) ;
#273 = DIRECTION ( 'NONE',  ( -0.000000000000000000, -0.000000000000000000, 1.000000000000000000 ) ) ;
#274 = VERTEX_POINT ( 'NONE', #1292 ) ;
#275 = SURFACE_STYLE_FILL_AREA ( #1124 ) ;
#276 = DIRECTION ( 'NONE',  ( 0.000000000000000000, -1.000000000000000000, 0.000000000000000000 ) ) ;
#277 = UNCERTAINTY_MEASURE_WITH_UNIT (LENGTH_MEASURE( 1.000000000000000082E-05 ), #2933, 'distance_accuracy_value', 'NONE');
#278 = PRESENTATION_LAYER_ASSIGNMENT (  '', '', ( #673 ) ) ;
#279 = ORIENTED_EDGE ( 'NONE', *, *, #37, .F. ) ;
#280 = ORIENTED_EDGE ( 'NONE', *, *, #1907, .F. ) ;
#281 = ORIENTED_EDGE ( 'NONE', *, *, #2577, .T. ) ;
#282 = ORIENTED_EDGE ( 'NONE', *, *, #2741, .F. ) ;
#283 = CARTESIAN_POINT ( 'NONE',  ( 0.8750008057883117418, 0.4410953487000781048, -3.388131789017202127E-18 ) ) ;
#284 = DIRECTION ( 'NONE',  ( -0.000000000000000000, -0.000000000000000000, -1.000000000000000000 ) ) ;
#285 = ORIENTED_EDGE ( 'NONE', *, *, #603, .F. ) ;
#286 = EDGE_CURVE ( 'NONE', #315, #3634, #3711, .T. ) ;
#287 = ORIENTED_EDGE ( 'NONE', *, *, #633, .T. ) ;
#288 = AXIS2_PLACEMENT_3D ( 'NONE', #1110, #3686, #536 ) ;
#289 = CIRCLE ( 'NONE', #3678, 0.1975146020622409737 ) ;
#290 = ORIENTED_EDGE ( 'NONE', *, *, #1008, .T. ) ;
#291 = LINE ( 'NONE', #2386, #976 ) ;
#292 =( GEOMETRIC_REPRESENTATION_CONTEXT ( 3 ) GLOBAL_UNCERTAINTY_ASSIGNED_CONTEXT ( ( #3607 ) ) GLOBAL_UNIT_ASSIGNED_CONTEXT ( ( #1393, #3422, #2830 ) ) REPRESENTATION_CONTEXT ( 'NONE', 'WORKASPACE' ) );
#293 = VECTOR ( 'NONE', #193, 1000.000000000000000 ) ;
#294 = MECHANICAL_DESIGN_GEOMETRIC_PRESENTATION_REPRESENTATION (  '', ( #766 ), #257 ) ;
#295 = EDGE_CURVE ( 'NONE', #1888, #3089, #2398, .T. ) ;
#296 = DIRECTION ( 'NONE',  ( -0.000000000000000000, 1.000000000000000000, -0.000000000000000000 ) ) ;
#297 = DIRECTION ( 'NONE',  ( -1.000000000000000000, -1.013273058397667935E-16, 0.000000000000000000 ) ) ;
#298 = PLANE ( 'NONE',  #2117 ) ;
#299 = CIRCLE ( 'NONE', #3410, 0.2249991942116882082 ) ;
#300 = DIRECTION ( 'NONE',  ( -1.000000000000000000, 0.000000000000000000, 0.000000000000000000 ) ) ;
#301 = SURFACE_STYLE_USAGE ( .BOTH. , #2000 ) ;
#302 = EDGE_CURVE ( 'NONE', #2774, #2906, #176, .T. ) ;
#303 = LINE ( 'NONE', #2243, #2123 ) ;
#304 = CARTESIAN_POINT ( 'NONE',  ( -0.7249999999999999778, -0.7069995797831308826, 0.2800000000000000266 ) ) ;
#305 = SURFACE_STYLE_USAGE ( .BOTH. , #3442 ) ;
#306 = EDGE_CURVE ( 'NONE', #2261, #468, #3624, .T. ) ;
#307 = VECTOR ( 'NONE', #2850, 1000.000000000000000 ) ;
#308 = CARTESIAN_POINT ( 'NONE',  ( 0.8036515856964634441, 0.2750008057883118195, 0.2900000000000000355 ) ) ;
#309 = SURFACE_STYLE_FILL_AREA ( #1330 ) ;
#310 =( NAMED_UNIT ( * ) SI_UNIT ( $, .STERADIAN. ) SOLID_ANGLE_UNIT ( ) );
#311 = DIRECTION ( 'NONE',  ( -0.000000000000000000, -0.000000000000000000, -1.000000000000000000 ) ) ;
#312 = CARTESIAN_POINT ( 'NONE',  ( 1.100000000000000089, -0.2750008057883118195, -0.000000000000000000 ) ) ;
#313 = CARTESIAN_POINT ( 'NONE',  ( -0.7249999999999999778, 0.8124995971058440736, 0.2800000000000000266 ) ) ;
#314 = FACE_OUTER_BOUND ( 'NONE', #253, .T. ) ;
#315 = VERTEX_POINT ( 'NONE', #215 ) ;
#316 = CARTESIAN_POINT ( 'NONE',  ( -0.9825534223890102226, -0.7007503343661976025, -3.388131789017202127E-18 ) ) ;
#317 = LINE ( 'NONE', #212, #3643 ) ;
#318 = AXIS2_PLACEMENT_3D ( 'NONE', #1930, #3371, #2801 ) ;
#319 = CARTESIAN_POINT ( 'NONE',  ( -1.100000000000000089, -0.2750008057883118195, 0.2900000000000000355 ) ) ;
#320 = MECHANICAL_DESIGN_GEOMETRIC_PRESENTATION_REPRESENTATION (  '', ( #1179 ), #3023 ) ;
#321 = ORIENTED_EDGE ( 'NONE', *, *, #429, .T. ) ;
#322 = VERTEX_POINT ( 'NONE', #352 ) ;
#323 = UNCERTAINTY_MEASURE_WITH_UNIT (LENGTH_MEASURE( 1.000000000000000082E-05 ), #2210, 'distance_accuracy_value', 'NONE');
#324 = DIRECTION ( 'NONE',  ( -0.000000000000000000, 0.000000000000000000, 1.000000000000000000 ) ) ;
#325 =( LENGTH_UNIT ( ) NAMED_UNIT ( * ) SI_UNIT ( .MILLI., .METRE. ) );
#326 = EDGE_LOOP ( 'NONE', ( #377, #1498, #785, #746 ) ) ;
#327 = DIRECTION ( 'NONE',  ( 0.000000000000000000, 1.000000000000000000, 0.000000000000000000 ) ) ;
#328 = EDGE_CURVE ( 'NONE', #3056, #2063, #2349, .T. ) ;
#329 = DIRECTION ( 'NONE',  ( 0.000000000000000000, 1.000000000000000000, 0.000000000000000000 ) ) ;
#330 = ORIENTED_EDGE ( 'NONE', *, *, #2209, .F. ) ;
#331 = FACE_OUTER_BOUND ( 'NONE', #2855, .T. ) ;
#332 = EDGE_CURVE ( 'NONE', #3374, #1082, #1598, .T. ) ;
#333 = DIRECTION ( 'NONE',  ( 0.000000000000000000, 0.000000000000000000, 1.000000000000000000 ) ) ;
#334 = EDGE_LOOP ( 'NONE', ( #2783, #17, #2589, #345, #3012, #2150, #114, #2192, #1611, #2953, #2422, #1436 ) ) ;
#335 = FILL_AREA_STYLE_COLOUR ( '', #3448 ) ;
#336 = SURFACE_SIDE_STYLE ('',( #1232 ) ) ;
#337 = LINE ( 'NONE', #205, #3470 ) ;
#338 = MECHANICAL_DESIGN_GEOMETRIC_PRESENTATION_REPRESENTATION (  '', ( #2767 ), #538 ) ;
#339 = ORIENTED_EDGE ( 'NONE', *, *, #437, .F. ) ;
#340 = SURFACE_SIDE_STYLE ('',( #622 ) ) ;
#341 = COLOUR_RGB ( '',0.7529411764705882248, 0.7529411764705882248, 0.000000000000000000 ) ;
#342 = DIRECTION ( 'NONE',  ( -1.000000000000000000, 0.000000000000000000, 0.000000000000000000 ) ) ;
#343 = CARTESIAN_POINT ( 'NONE',  ( 1.100000000000000089, 0.7249991942116882360, -0.01000000000000000021 ) ) ;
#344 = DIRECTION ( 'NONE',  ( 1.000000000000000000, -0.000000000000000000, -0.000000000000000000 ) ) ;
#345 = ORIENTED_EDGE ( 'NONE', *, *, #3390, .F. ) ;
#346 = VECTOR ( 'NONE', #1430, 1000.000000000000000 ) ;
#347 = CARTESIAN_POINT ( 'NONE',  ( -0.7249999999999999778, 1.000000000000000000, 0.8400000000000000799 ) ) ;
#348 = AXIS2_PLACEMENT_3D ( 'NONE', #615, #38, #3458 ) ;
#349 = ORIENTED_EDGE ( 'NONE', *, *, #140, .F. ) ;
#350 =( GEOMETRIC_REPRESENTATION_CONTEXT ( 3 ) GLOBAL_UNCERTAINTY_ASSIGNED_CONTEXT ( ( #1265 ) ) GLOBAL_UNIT_ASSIGNED_CONTEXT ( ( #3657, #2201, #3325 ) ) REPRESENTATION_CONTEXT ( 'NONE', 'WORKASPACE' ) );
#351 = AXIS2_PLACEMENT_3D ( 'NONE', #1618, #1872, #3359 ) ;
#352 = CARTESIAN_POINT ( 'NONE',  ( -0.8750008057883118529, 0.5000000000000000000, -0.01000000000000000021 ) ) ;
#353 = DIRECTION ( 'NONE',  ( -1.000000000000000000, 1.346836345031663918E-16, 0.000000000000000000 ) ) ;
#354 = VECTOR ( 'NONE', #1574, 1000.000000000000000 ) ;
#355 = FILL_AREA_STYLE ('',( #631 ) ) ;
#356 = DIRECTION ( 'NONE',  ( 1.000000000000000000, 0.000000000000000000, 0.000000000000000000 ) ) ;
#357 = CARTESIAN_POINT ( 'NONE',  ( 0.7249999999999999778, 0.2750008057883118195, 0.2900000000000000910 ) ) ;
#358 = CARTESIAN_POINT ( 'NONE',  ( -0.5650000000000001688, 0.9000000000000000222, -0.01000000000000000021 ) ) ;
#359 = LINE ( 'NONE', #1158, #2086 ) ;
#360 = CIRCLE ( 'NONE', #2981, 0.4853010491673804827 ) ;
#361 =( NAMED_UNIT ( * ) SI_UNIT ( $, .STERADIAN. ) SOLID_ANGLE_UNIT ( ) );
#362 = SURFACE_SIDE_STYLE ('',( #454 ) ) ;
#363 = ORIENTED_EDGE ( 'NONE', *, *, #1079, .F. ) ;
#364 = ADVANCED_FACE ( 'NONE', ( #1023 ), #2930, .F. ) ;
#365 = CARTESIAN_POINT ( 'NONE',  ( -1.100000000000000089, 0.9000000000000000222, 0.2900000000000000355 ) ) ;
#366 = EDGE_CURVE ( 'NONE', #1888, #2360, #1106, .T. ) ;
#367 = AXIS2_PLACEMENT_3D ( 'NONE', #861, #2607, #300 ) ;
#368 = CARTESIAN_POINT ( 'NONE',  ( 0.5650000000000000577, 0.09500080578831186784, 0.000000000000000000 ) ) ;
#369 = EDGE_LOOP ( 'NONE', ( #1616, #869, #753, #2732 ) ) ;
#370 = LINE ( 'NONE', #833, #1520 ) ;
#371 = PRESENTATION_LAYER_ASSIGNMENT (  '', '', ( #1892 ) ) ;
#372 = CARTESIAN_POINT ( 'NONE',  ( -0.9019650710084704537, 0.7827742365072865027, 0.2900000000000000355 ) ) ;
#373 = UNCERTAINTY_MEASURE_WITH_UNIT (LENGTH_MEASURE( 1.000000000000000082E-05 ), #2881, 'distance_accuracy_value', 'NONE');
#374 = AXIS2_PLACEMENT_3D ( 'NONE', #2908, #66, #2652 ) ;
#375 =( NAMED_UNIT ( * ) PLANE_ANGLE_UNIT ( ) SI_UNIT ( $, .RADIAN. ) );
#376 = EDGE_CURVE ( 'NONE', #2387, #3113, #2750, .T. ) ;
#377 = ORIENTED_EDGE ( 'NONE', *, *, #1760, .T. ) ;
#378 = VECTOR ( 'NONE', #450, 1000.000000000000000 ) ;
#379 = CARTESIAN_POINT ( 'NONE',  ( 0.8750008057883118529, 0.9000000000000000222, 0.2900000000000000355 ) ) ;
#380 = FILL_AREA_STYLE ('',( #1784 ) ) ;
#381 = DIRECTION ( 'NONE',  ( 1.000000000000000000, 0.000000000000000000, 0.000000000000000000 ) ) ;
#382 = CARTESIAN_POINT ( 'NONE',  ( -1.100000000000000089, -0.2750008057883118195, 0.2800000000000000822 ) ) ;
#383 = ORIENTED_EDGE ( 'NONE', *, *, #3503, .T. ) ;
#384 = DIRECTION ( 'NONE',  ( 0.000000000000000000, -0.000000000000000000, 1.000000000000000000 ) ) ;
#385 = DIRECTION ( 'NONE',  ( 1.000000000000000000, 1.013273058397667688E-16, 0.000000000000000000 ) ) ;
#386 = EDGE_CURVE ( 'NONE', #3089, #2323, #672, .T. ) ;
#387 = ORIENTED_EDGE ( 'NONE', *, *, #2194, .T. ) ;
#388 = CYLINDRICAL_SURFACE ( 'NONE', #3324, 0.2249999999999999500 ) ;
#389 = COLOUR_RGB ( '',1.000000000000000000, 1.000000000000000000, 0.000000000000000000 ) ;
#390 = DIRECTION ( 'NONE',  ( -1.000000000000000000, 0.000000000000000000, 0.000000000000000000 ) ) ;
#391 = CARTESIAN_POINT ( 'NONE',  ( -0.8099423791838803455, 0.2614285028058510596, 0.2800000000000000266 ) ) ;
#392 = ORIENTED_EDGE ( 'NONE', *, *, #2567, .T. ) ;
#393 = SURFACE_STYLE_USAGE ( .BOTH. , #115 ) ;
#394 = ORIENTED_EDGE ( 'NONE', *, *, #1456, .T. ) ;
#395 = SURFACE_STYLE_FILL_AREA ( #2579 ) ;
#396 = DIRECTION ( 'NONE',  ( -0.000000000000000000, -0.000000000000000000, -1.000000000000000000 ) ) ;
#397 = DIRECTION ( 'NONE',  ( -1.346836345031663671E-16, 1.000000000000000000, 0.000000000000000000 ) ) ;
#398 = DIRECTION ( 'NONE',  ( 1.013273058397667935E-16, 1.000000000000000000, 0.000000000000000000 ) ) ;
#399 = PRESENTATION_STYLE_ASSIGNMENT (( #3572 ) ) ;
#400 = PRESENTATION_LAYER_ASSIGNMENT (  '', '', ( #1653 ) ) ;
#401 =( GEOMETRIC_REPRESENTATION_CONTEXT ( 3 ) GLOBAL_UNCERTAINTY_ASSIGNED_CONTEXT ( ( #1555 ) ) GLOBAL_UNIT_ASSIGNED_CONTEXT ( ( #625, #3473, #638 ) ) REPRESENTATION_CONTEXT ( 'NONE', 'WORKASPACE' ) );
#402 = COLOUR_RGB ( '',0.7529411764705882248, 0.7529411764705882248, 0.000000000000000000 ) ;
#403 =( NAMED_UNIT ( * ) SI_UNIT ( $, .STERADIAN. ) SOLID_ANGLE_UNIT ( ) );
#404 =( NAMED_UNIT ( * ) PLANE_ANGLE_UNIT ( ) SI_UNIT ( $, .RADIAN. ) );
#405 = ADVANCED_FACE ( 'NONE', ( #444 ), #2968, .T. ) ;
#406 = VECTOR ( 'NONE', #2897, 1000.000000000000000 ) ;
#407 = LINE ( 'NONE', #3011, #3367 ) ;
#408 = VECTOR ( 'NONE', #2864, 1000.000000000000000 ) ;
#409 = AXIS2_PLACEMENT_3D ( 'NONE', #3043, #3008, #721 ) ;
#410 = ORIENTED_EDGE ( 'NONE', *, *, #1877, .F. ) ;
#411 = PLANE ( 'NONE',  #1351 ) ;
#412 = ORIENTED_EDGE ( 'NONE', *, *, #541, .T. ) ;
#413 = CARTESIAN_POINT ( 'NONE',  ( -0.7277089710997725058, 0.9121743561265598377, 0.2800000000000000266 ) ) ;
#414 = CARTESIAN_POINT ( 'NONE',  ( 1.100000000000000311, 0.09500080578831186784, 0.2900000000000000355 ) ) ;
#415 =( NAMED_UNIT ( * ) SI_UNIT ( $, .STERADIAN. ) SOLID_ANGLE_UNIT ( ) );
#416 = PRESENTATION_LAYER_ASSIGNMENT (  '', '', ( #945 ) ) ;
#417 = DIRECTION ( 'NONE',  ( 1.346836345031663671E-16, -1.000000000000000000, 0.000000000000000000 ) ) ;
#418 = ORIENTED_EDGE ( 'NONE', *, *, #3265, .T. ) ;
#419 = AXIS2_PLACEMENT_3D ( 'NONE', #488, #3627, #776 ) ;
#420 = ADVANCED_FACE ( 'NONE', ( #120 ), #298, .T. ) ;
#421 = CARTESIAN_POINT ( 'NONE',  ( 0.9825534223890102226, -0.7007503343661976025, 0.2800000000000000266 ) ) ;
#422 = ORIENTED_EDGE ( 'NONE', *, *, #91, .T. ) ;
#423 = AXIS2_PLACEMENT_3D ( 'NONE', #2015, #2025, #2325 ) ;
#424 = FACE_OUTER_BOUND ( 'NONE', #1080, .T. ) ;
#425 = CARTESIAN_POINT ( 'NONE',  ( -1.100000000000000089, 1.000000000000000000, 0.2800000000000000266 ) ) ;
#426 = VERTEX_POINT ( 'NONE', #2336 ) ;
#427 = EDGE_CURVE ( 'NONE', #1254, #974, #1755, .T. ) ;
#428 = COLOUR_RGB ( '',1.000000000000000000, 1.000000000000000000, 0.000000000000000000 ) ;
#429 = EDGE_CURVE ( 'NONE', #139, #3658, #711, .T. ) ;
#430 = LINE ( 'NONE', #3311, #2334 ) ;
#431 = DIRECTION ( 'NONE',  ( 0.000000000000000000, 0.000000000000000000, 1.000000000000000000 ) ) ;
#432 = DIRECTION ( 'NONE',  ( -0.000000000000000000, -0.000000000000000000, 1.000000000000000000 ) ) ;
#433 = FILL_AREA_STYLE ('',( #92 ) ) ;
#434 = ORIENTED_EDGE ( 'NONE', *, *, #2001, .T. ) ;
#435 = FACE_OUTER_BOUND ( 'NONE', #3383, .T. ) ;
#436 = COLOUR_RGB ( '',1.000000000000000000, 1.000000000000000000, 0.000000000000000000 ) ;
#437 = EDGE_CURVE ( 'NONE', #2387, #1096, #3068, .T. ) ;
#438 = ORIENTED_EDGE ( 'NONE', *, *, #1030, .F. ) ;
#439 = CYLINDRICAL_SURFACE ( 'NONE', #2922, 0.2249999999999999500 ) ;
#440 = CARTESIAN_POINT ( 'NONE',  ( -1.100000000000000089, -1.000000000000000000, 0.000000000000000000 ) ) ;
#441 = B_SPLINE_CURVE_WITH_KNOTS ( 'NONE', 3,
 ( #1208, #1472, #1732, #69, #1768, #3186 ),
 .UNSPECIFIED., .F., .F.,
 ( 4, 2, 4 ),
 ( 0.4999999999999997224, 0.7500000000000000000, 1.000000000000000000 ),
 .UNSPECIFIED. ) ;
#442 = SURFACE_SIDE_STYLE ('',( #1182 ) ) ;
#443 = EDGE_CURVE ( 'NONE', #3285, #974, #289, .T. ) ;
#444 = FACE_OUTER_BOUND ( 'NONE', #326, .T. ) ;
#445 = ADVANCED_FACE ( 'NONE', ( #1327 ), #2663, .T. ) ;
#446 = UNCERTAINTY_MEASURE_WITH_UNIT (LENGTH_MEASURE( 1.000000000000000082E-05 ), #894, 'distance_accuracy_value', 'NONE');
#447 =( GEOMETRIC_REPRESENTATION_CONTEXT ( 3 ) GLOBAL_UNCERTAINTY_ASSIGNED_CONTEXT ( ( #1103 ) ) GLOBAL_UNIT_ASSIGNED_CONTEXT ( ( #200, #2177, #2493 ) ) REPRESENTATION_CONTEXT ( 'NONE', 'WORKASPACE' ) );
#448 =( GEOMETRIC_REPRESENTATION_CONTEXT ( 3 ) GLOBAL_UNCERTAINTY_ASSIGNED_CONTEXT ( ( #1947 ) ) GLOBAL_UNIT_ASSIGNED_CONTEXT ( ( #8, #597, #2860 ) ) REPRESENTATION_CONTEXT ( 'NONE', 'WORKASPACE' ) );
#449 = EDGE_CURVE ( 'NONE', #1163, #167, #2647, .T. ) ;
#450 = DIRECTION ( 'NONE',  ( -1.000000000000000000, 0.000000000000000000, 0.000000000000000000 ) ) ;
#451 = CARTESIAN_POINT ( 'NONE',  ( -0.7729790755752636855, -0.7069995797831308826, 0.2900000000000000355 ) ) ;
#452 = CIRCLE ( 'NONE', #2002, 0.2249991942116882082 ) ;
#453 = CARTESIAN_POINT ( 'NONE',  ( 1.100000000000000089, -0.7249991942116882360, 0.000000000000000000 ) ) ;
#454 = SURFACE_STYLE_FILL_AREA ( #1770 ) ;
#455 =( NAMED_UNIT ( * ) PLANE_ANGLE_UNIT ( ) SI_UNIT ( $, .RADIAN. ) );
#456 = DIRECTION ( 'NONE',  ( 1.000000000000000000, 0.000000000000000000, 0.000000000000000000 ) ) ;
#457 = DIRECTION ( 'NONE',  ( 0.000000000000000000, -0.000000000000000000, 1.000000000000000000 ) ) ;
#458 = DIRECTION ( 'NONE',  ( -1.000000000000000000, 0.000000000000000000, 0.000000000000000000 ) ) ;
#459 = PLANE ( 'NONE',  #2700 ) ;
#460 = ORIENTED_EDGE ( 'NONE', *, *, #3602, .F. ) ;
#461 = ADVANCED_FACE ( 'NONE', ( #577 ), #80, .F. ) ;
#462 = SURFACE_STYLE_FILL_AREA ( #72 ) ;
#463 = COLOUR_RGB ( '',1.000000000000000000, 1.000000000000000000, 0.000000000000000000 ) ;
#464 = CARTESIAN_POINT ( 'NONE',  ( -0.5650000000000001688, 0.9000000000000000222, 0.000000000000000000 ) ) ;
#465 = B_SPLINE_CURVE_WITH_KNOTS ( 'NONE', 3,
 ( #1260, #1052, #1630, #3345, #166, #2446 ),
 .UNSPECIFIED., .F., .F.,
 ( 4, 2, 4 ),
 ( 0.000000000000000000, 0.2500000000000002776, 0.5000000000000002220 ),
 .UNSPECIFIED. ) ;
#466 = VERTEX_POINT ( 'NONE', #1543 ) ;
#467 = FILL_AREA_STYLE ('',( #2735 ) ) ;
#468 = VERTEX_POINT ( 'NONE', #1823 ) ;
#469 = SURFACE_SIDE_STYLE ('',( #515 ) ) ;
#470 = PRESENTATION_LAYER_ASSIGNMENT (  '', '', ( #2499 ) ) ;
#471 = CARTESIAN_POINT ( 'NONE',  ( -0.9825534223890102226, -0.7007503343661976025, 0.2800000000000000266 ) ) ;
#472 = ORIENTED_EDGE ( 'NONE', *, *, #2434, .T. ) ;
#473 = PRESENTATION_STYLE_ASSIGNMENT (( #2137 ) ) ;
#474 = AXIS2_PLACEMENT_3D ( 'NONE', #2075, #384, #2365 ) ;
#475 = VERTEX_POINT ( 'NONE', #1223 ) ;
#476 = EDGE_CURVE ( 'NONE', #1268, #2874, #3431, .T. ) ;
#477 = DIRECTION ( 'NONE',  ( -0.000000000000000000, -1.000000000000000000, -0.000000000000000000 ) ) ;
#478 = PRESENTATION_STYLE_ASSIGNMENT (( #3455 ) ) ;
#479 = DIRECTION ( 'NONE',  ( 0.000000000000000000, -1.000000000000000000, 0.000000000000000000 ) ) ;
#480 = VERTEX_POINT ( 'NONE', #131 ) ;
#481 = PRESENTATION_STYLE_ASSIGNMENT (( #1249 ) ) ;
#482 = ADVANCED_FACE ( 'NONE', ( #2154 ), #989, .F. ) ;
#483 = DIRECTION ( 'NONE',  ( -0.000000000000000000, 1.000000000000000000, -0.000000000000000000 ) ) ;
#484 = ORIENTED_EDGE ( 'NONE', *, *, #3258, .T. ) ;
#485 = DIRECTION ( 'NONE',  ( 1.000000000000000000, -1.084202172485504557E-16, 0.000000000000000000 ) ) ;
#486 = MECHANICAL_DESIGN_GEOMETRIC_PRESENTATION_REPRESENTATION (  '', ( #1167 ), #2838 ) ;
#487 = VECTOR ( 'NONE', #798, 1000.000000000000000 ) ;
#488 = CARTESIAN_POINT ( 'NONE',  ( -1.100000000000000089, -0.5000000000000000000, 0.2900000000000000355 ) ) ;
#489 = DIRECTION ( 'NONE',  ( 1.000000000000000000, 0.000000000000000000, 0.000000000000000000 ) ) ;
#490 = UNCERTAINTY_MEASURE_WITH_UNIT (LENGTH_MEASURE( 1.000000000000000082E-05 ), #1262, 'distance_accuracy_value', 'NONE');
#491 = VECTOR ( 'NONE', #1995, 1000.000000000000000 ) ;
#492 = EDGE_CURVE ( 'NONE', #2101, #3006, #836, .T. ) ;
#493 = DIRECTION ( 'NONE',  ( 1.013273058397667935E-16, -1.000000000000000000, 0.000000000000000000 ) ) ;
#494 = AXIS2_PLACEMENT_3D ( 'NONE', #2540, #809, #1966 ) ;
#495 = CARTESIAN_POINT ( 'NONE',  ( 1.100000000000000089, 0.5000000000000000000, 0.2900000000000000355 ) ) ;
#496 = CARTESIAN_POINT ( 'NONE',  ( -0.8753014859769602252, -0.5000000000000000000, -1.694065894508600678E-18 ) ) ;
#497 = FILL_AREA_STYLE_COLOUR ( '', #2766 ) ;
#498 = MECHANICAL_DESIGN_GEOMETRIC_PRESENTATION_REPRESENTATION (  '', ( #1892 ), #2125 ) ;
#499 = SURFACE_SIDE_STYLE ('',( #2312 ) ) ;
#500 = MECHANICAL_DESIGN_GEOMETRIC_PRESENTATION_REPRESENTATION (  '', ( #1840 ), #2080 ) ;
#501 = FACE_OUTER_BOUND ( 'NONE', #3587, .T. ) ;
#502 = ORIENTED_EDGE ( 'NONE', *, *, #2657, .T. ) ;
#503 =( NAMED_UNIT ( * ) SI_UNIT ( $, .STERADIAN. ) SOLID_ANGLE_UNIT ( ) );
#504 = PRESENTATION_STYLE_ASSIGNMENT (( #211 ) ) ;
#505 = ORIENTED_EDGE ( 'NONE', *, *, #1259, .F. ) ;
#506 = CARTESIAN_POINT ( 'NONE',  ( 1.100000000000000089, 0.5000000000000000000, 0.2900000000000000355 ) ) ;
#507 = EDGE_CURVE ( 'NONE', #2107, #3113, #1751, .T. ) ;
#508 = SURFACE_SIDE_STYLE ('',( #1916 ) ) ;
#509 = EDGE_CURVE ( 'NONE', #2275, #1661, #1845, .T. ) ;
#510 = ORIENTED_EDGE ( 'NONE', *, *, #652, .F. ) ;
#511 =( NAMED_UNIT ( * ) SI_UNIT ( $, .STERADIAN. ) SOLID_ANGLE_UNIT ( ) );
#512 = ADVANCED_BREP_SHAPE_REPRESENTATION ( 'WS2812-2020', ( #1749, #602 ), #3220 ) ;
#513 = ORIENTED_EDGE ( 'NONE', *, *, #706, .F. ) ;
#514 = VECTOR ( 'NONE', #1176, 1000.000000000000000 ) ;
#515 = SURFACE_STYLE_FILL_AREA ( #1329 ) ;
#516 = VERTEX_POINT ( 'NONE', #3019 ) ;
#517 = LINE ( 'NONE', #3453, #1319 ) ;
#518 =( NAMED_UNIT ( * ) PLANE_ANGLE_UNIT ( ) SI_UNIT ( $, .RADIAN. ) );
#519 = DIRECTION ( 'NONE',  ( -1.000000000000000000, 0.000000000000000000, -0.000000000000000000 ) ) ;
#520 = PRESENTATION_LAYER_ASSIGNMENT (  '', '', ( #2802 ) ) ;
#521 = ORIENTED_EDGE ( 'NONE', *, *, #853, .T. ) ;
#522 = STYLED_ITEM ( 'NONE', ( #2399 ), #2441 ) ;
#523 = SURFACE_STYLE_FILL_AREA ( #1650 ) ;
#524 = DIRECTION ( 'NONE',  ( -0.000000000000000000, -0.000000000000000000, -1.000000000000000000 ) ) ;
#525 = SURFACE_SIDE_STYLE ('',( #947 ) ) ;
#526 = PLANE ( 'NONE',  #3099 ) ;
#527 = ORIENTED_EDGE ( 'NONE', *, *, #2584, .T. ) ;
#528 = PRESENTATION_STYLE_ASSIGNMENT (( #2319 ) ) ;
#529 = PRESENTATION_STYLE_ASSIGNMENT (( #1745 ) ) ;
#530 = SURFACE_SIDE_STYLE ('',( #1700 ) ) ;
#531 = ORIENTED_EDGE ( 'NONE', *, *, #180, .T. ) ;
#532 = EDGE_CURVE ( 'NONE', #619, #2439, #1796, .T. ) ;
#533 =( NAMED_UNIT ( * ) SI_UNIT ( $, .STERADIAN. ) SOLID_ANGLE_UNIT ( ) );
#534 =( NAMED_UNIT ( * ) SI_UNIT ( $, .STERADIAN. ) SOLID_ANGLE_UNIT ( ) );
#535 = ORIENTED_EDGE ( 'NONE', *, *, #252, .F. ) ;
#536 = DIRECTION ( 'NONE',  ( 1.000000000000000000, 0.000000000000000000, 0.000000000000000000 ) ) ;
#537 = CARTESIAN_POINT ( 'NONE',  ( 0.7249999999999999778, 1.000000000000000000, 0.8400000000000000799 ) ) ;
#538 =( GEOMETRIC_REPRESENTATION_CONTEXT ( 3 ) GLOBAL_UNCERTAINTY_ASSIGNED_CONTEXT ( ( #2029 ) ) GLOBAL_UNIT_ASSIGNED_CONTEXT ( ( #2443, #1026, #1614 ) ) REPRESENTATION_CONTEXT ( 'NONE', 'WORKASPACE' ) );
#539 = LINE ( 'NONE', #2703, #1904 ) ;
#540 = CARTESIAN_POINT ( 'NONE',  ( 0.7249999999999999778, 1.000000000000000000, 0.2800000000000000266 ) ) ;
#541 = EDGE_CURVE ( 'NONE', #167, #975, #2639, .T. ) ;
#542 = CARTESIAN_POINT ( 'NONE',  ( 0.000000000000000000, -1.000000000000000000, 0.000000000000000000 ) ) ;
#543 = PRESENTATION_STYLE_ASSIGNMENT (( #1986 ) ) ;
#544 = FACE_OUTER_BOUND ( 'NONE', #2390, .T. ) ;
#545 = MECHANICAL_DESIGN_GEOMETRIC_PRESENTATION_REPRESENTATION (  '', ( #2825 ), #927 ) ;
#546 = LINE ( 'NONE', #1266, #1863 ) ;
#547 = VECTOR ( 'NONE', #3223, 1000.000000000000000 ) ;
#548 = CARTESIAN_POINT ( 'NONE',  ( 0.8753014859769611133, 0.5000000000000001110, -1.694065894508600678E-18 ) ) ;
#549 = CARTESIAN_POINT ( 'NONE',  ( 1.100000000000000089, -1.000000000000000000, 0.000000000000000000 ) ) ;
#550 = STYLED_ITEM ( 'NONE', ( #528 ), #3253 ) ;
#551 = SURFACE_STYLE_FILL_AREA ( #433 ) ;
#552 = ORIENTED_EDGE ( 'NONE', *, *, #2904, .T. ) ;
#553 = FILL_AREA_STYLE ('',( #2834 ) ) ;
#554 = ORIENTED_EDGE ( 'NONE', *, *, #2300, .F. ) ;
#555 = EDGE_CURVE ( 'NONE', #3010, #1268, #3393, .T. ) ;
#556 = SURFACE_STYLE_FILL_AREA ( #3437 ) ;
#557 = LINE ( 'NONE', #1560, #3501 ) ;
#558 = ORIENTED_EDGE ( 'NONE', *, *, #1905, .F. ) ;
#559 = DIRECTION ( 'NONE',  ( -1.000000000000000000, -1.013273058397667688E-16, 0.000000000000000000 ) ) ;
#560 = FILL_AREA_STYLE_COLOUR ( '', #1207 ) ;
#561 = CARTESIAN_POINT ( 'NONE',  ( 1.100000000000000089, 0.09500080578831186784, 0.000000000000000000 ) ) ;
#562 = UNCERTAINTY_MEASURE_WITH_UNIT (LENGTH_MEASURE( 1.000000000000000082E-05 ), #1451, 'distance_accuracy_value', 'NONE');
#563 = ORIENTED_EDGE ( 'NONE', *, *, #3337, .T. ) ;
#564 = CARTESIAN_POINT ( 'NONE',  ( 0.9825534223890102226, -0.2992496656338026195, -3.388131789017202127E-18 ) ) ;
#565 = VERTEX_POINT ( 'NONE', #453 ) ;
#566 = LINE ( 'NONE', #75, #866 ) ;
#567 =( GEOMETRIC_REPRESENTATION_CONTEXT ( 3 ) GLOBAL_UNCERTAINTY_ASSIGNED_CONTEXT ( ( #663 ) ) GLOBAL_UNIT_ASSIGNED_CONTEXT ( ( #3540, #117, #956 ) ) REPRESENTATION_CONTEXT ( 'NONE', 'WORKASPACE' ) );
#568 = CARTESIAN_POINT ( 'NONE',  ( 1.100000000000000089, -0.7249991942116882360, 0.2900000000000000355 ) ) ;
#569 = ORIENTED_EDGE ( 'NONE', *, *, #3459, .T. ) ;
#570 = VECTOR ( 'NONE', #2454, 1000.000000000000000 ) ;
#571 = DIRECTION ( 'NONE',  ( -0.000000000000000000, 1.000000000000000000, -0.000000000000000000 ) ) ;
#572 = CIRCLE ( 'NONE', #1743, 0.06689355339560966451 ) ;
#573 = STYLED_ITEM ( 'NONE', ( #690 ), #1559 ) ;
#574 = PRESENTATION_LAYER_ASSIGNMENT (  '', '', ( #1458 ) ) ;
#575 = DIRECTION ( 'NONE',  ( 0.000000000000000000, 1.000000000000000000, 0.000000000000000000 ) ) ;
#576 = ORIENTED_EDGE ( 'NONE', *, *, #2488, .T. ) ;
#577 = FACE_OUTER_BOUND ( 'NONE', #2113, .T. ) ;
#578 = CARTESIAN_POINT ( 'NONE',  ( -1.100000000000000089, 1.000000000000000000, 0.2800000000000000266 ) ) ;
#579 = DIRECTION ( 'NONE',  ( -0.000000000000000000, 0.000000000000000000, 1.000000000000000000 ) ) ;
#580 = VECTOR ( 'NONE', #856, 1000.000000000000000 ) ;
#581 = DIRECTION ( 'NONE',  ( -1.000000000000000000, 0.000000000000000000, 0.000000000000000000 ) ) ;
#582 = VECTOR ( 'NONE', #3058, 1000.000000000000000 ) ;
#583 = CARTESIAN_POINT ( 'NONE',  ( -1.100000000000000089, 0.7249991942116882360, 0.2800000000000000822 ) ) ;
#584 = LINE ( 'NONE', #1710, #179 ) ;
#585 = DIRECTION ( 'NONE',  ( 1.000000000000000000, 0.000000000000000000, 0.000000000000000000 ) ) ;
#586 = CARTESIAN_POINT ( 'NONE',  ( -1.100000000000000089, 0.2750008057883118195, 0.2900000000000000355 ) ) ;
#587 =( NAMED_UNIT ( * ) PLANE_ANGLE_UNIT ( ) SI_UNIT ( $, .RADIAN. ) );
#588 = CIRCLE ( 'NONE', #288, 0.2249991942116882082 ) ;
#589 = EDGE_CURVE ( 'NONE', #2976, #1048, #3610, .T. ) ;
#590 = FILL_AREA_STYLE ('',( #2588 ) ) ;
#591 = SURFACE_STYLE_FILL_AREA ( #2875 ) ;
#592 = LINE ( 'NONE', #2699, #639 ) ;
#593 = VERTEX_POINT ( 'NONE', #2170 ) ;
#594 = MECHANICAL_DESIGN_GEOMETRIC_PRESENTATION_REPRESENTATION (  '', ( #2537 ), #2344 ) ;
#595 = PRESENTATION_LAYER_ASSIGNMENT (  '', '', ( #1179 ) ) ;
#596 = CARTESIAN_POINT ( 'NONE',  ( -1.134374963757682542, -0.5790828961300411581, 0.2800000000000000266 ) ) ;
#597 =( NAMED_UNIT ( * ) PLANE_ANGLE_UNIT ( ) SI_UNIT ( $, .RADIAN. ) );
#598 = FACE_OUTER_BOUND ( 'NONE', #3327, .T. ) ;
#599 = VERTEX_POINT ( 'NONE', #2718 ) ;
#600 = DIRECTION ( 'NONE',  ( -1.000000000000000000, -0.000000000000000000, -0.000000000000000000 ) ) ;
#601 = EDGE_LOOP ( 'NONE', ( #484, #965, #2771, #569 ) ) ;
#602 = AXIS2_PLACEMENT_3D ( 'NONE', #1340, #2472, #456 ) ;
#603 = EDGE_CURVE ( 'NONE', #3010, #2330, #754, .T. ) ;
#604 = CARTESIAN_POINT ( 'NONE',  ( -0.8750008057883118529, -0.5589046512999221727, -3.388131789017201356E-18 ) ) ;
#605 = VERTEX_POINT ( 'NONE', #2692 ) ;
#606 = VECTOR ( 'NONE', #2982, 1000.000000000000000 ) ;
#607 = ORIENTED_EDGE ( 'NONE', *, *, #1308, .F. ) ;
#608 = ORIENTED_EDGE ( 'NONE', *, *, #1241, .T. ) ;
#609 = VECTOR ( 'NONE', #2819, 1000.000000000000000 ) ;
#610 = PLANE ( 'NONE',  #1267 ) ;
#611 = AXIS2_PLACEMENT_3D ( 'NONE', #3312, #479, #1053 ) ;
#612 = UNCERTAINTY_MEASURE_WITH_UNIT (LENGTH_MEASURE( 1.000000000000000082E-05 ), #1603, 'distance_accuracy_value', 'NONE');
#613 = ORIENTED_EDGE ( 'NONE', *, *, #2717, .T. ) ;
#614 = COLOUR_RGB ( '',0.7529411764705882248, 0.7529411764705882248, 0.000000000000000000 ) ;
#615 = CARTESIAN_POINT ( 'NONE',  ( -1.100000000000000089, -0.5000000000000000000, 0.2900000000000000355 ) ) ;
#616 = ORIENTED_EDGE ( 'NONE', *, *, #3054, .F. ) ;
#617 = SURFACE_STYLE_USAGE ( .BOTH. , #3189 ) ;
#618 = DIRECTION ( 'NONE',  ( -0.000000000000000000, -0.000000000000000000, 1.000000000000000000 ) ) ;
#619 = VERTEX_POINT ( 'NONE', #2988 ) ;
#620 =( GEOMETRIC_REPRESENTATION_CONTEXT ( 3 ) GLOBAL_UNCERTAINTY_ASSIGNED_CONTEXT ( ( #323 ) ) GLOBAL_UNIT_ASSIGNED_CONTEXT ( ( #2210, #1391, #1379 ) ) REPRESENTATION_CONTEXT ( 'NONE', 'WORKASPACE' ) );
#621 = VECTOR ( 'NONE', #3032, 1000.000000000000000 ) ;
#622 = SURFACE_STYLE_FILL_AREA ( #3488 ) ;
#623 = LINE ( 'NONE', #3499, #2204 ) ;
#624 = CARTESIAN_POINT ( 'NONE',  ( 0.8753014859769611133, 0.5000000000000001110, 0.2800000000000000822 ) ) ;
#625 =( LENGTH_UNIT ( ) NAMED_UNIT ( * ) SI_UNIT ( .MILLI., .METRE. ) );
#626 = VERTEX_POINT ( 'NONE', #2156 ) ;
#627 = STYLED_ITEM ( 'NONE', ( #2459 ), #1609 ) ;
#628 = DIRECTION ( 'NONE',  ( -0.000000000000000000, -0.000000000000000000, -1.000000000000000000 ) ) ;
#629 = VERTEX_POINT ( 'NONE', #734 ) ;
#630 = FILL_AREA_STYLE ('',( #1455 ) ) ;
#631 = FILL_AREA_STYLE_COLOUR ( '', #3095 ) ;
#632 = CARTESIAN_POINT ( 'NONE',  ( -1.100000000000000089, 1.000000000000000000, 0.000000000000000000 ) ) ;
#633 = EDGE_CURVE ( 'NONE', #1163, #251, #254, .T. ) ;
#634 = UNCERTAINTY_MEASURE_WITH_UNIT (LENGTH_MEASURE( 1.000000000000000082E-05 ), #1242, 'distance_accuracy_value', 'NONE');
#635 = CARTESIAN_POINT ( 'NONE',  ( 1.100000000000000089, -0.2750008057883118195, 0.2900000000000000355 ) ) ;
#636 = COLOUR_RGB ( '',1.000000000000000000, 1.000000000000000000, 1.000000000000000000 ) ;
#637 = SURFACE_STYLE_USAGE ( .BOTH. , #2053 ) ;
#638 =( NAMED_UNIT ( * ) SI_UNIT ( $, .STERADIAN. ) SOLID_ANGLE_UNIT ( ) );
#639 = VECTOR ( 'NONE', #2077, 1000.000000000000000 ) ;
#640 =( NAMED_UNIT ( * ) PLANE_ANGLE_UNIT ( ) SI_UNIT ( $, .RADIAN. ) );
#641 = CARTESIAN_POINT ( 'NONE',  ( 1.100000000000000089, -0.09500080578831181233, 0.2900000000000000355 ) ) ;
#642 = FILL_AREA_STYLE ('',( #1495 ) ) ;
#643 = PRESENTATION_STYLE_ASSIGNMENT (( #1078 ) ) ;
#644 = VECTOR ( 'NONE', #1197, 1000.000000000000000 ) ;
#645 = CARTESIAN_POINT ( 'NONE',  ( -0.8753014859769611133, 0.5000000000000002220, -1.694065894508600678E-18 ) ) ;
#646 = FACE_OUTER_BOUND ( 'NONE', #1606, .T. ) ;
#647 = CIRCLE ( 'NONE', #3372, 0.3659919831546426527 ) ;
#648 = MECHANICAL_DESIGN_GEOMETRIC_PRESENTATION_REPRESENTATION (  '', ( #2670 ), #2031 ) ;
#649 = MECHANICAL_DESIGN_GEOMETRIC_PRESENTATION_REPRESENTATION (  '', ( #2032 ), #3510 ) ;
#650 = DIRECTION ( 'NONE',  ( -1.000000000000000000, 0.000000000000000000, 0.000000000000000000 ) ) ;
#651 = CARTESIAN_POINT ( 'NONE',  ( 1.100000000000000089, -0.9000000000000000222, -0.01000000000000000021 ) ) ;
#652 = EDGE_CURVE ( 'NONE', #1051, #1163, #2738, .T. ) ;
#653 = ORIENTED_EDGE ( 'NONE', *, *, #3543, .F. ) ;
#654 = VECTOR ( 'NONE', #3167, 1000.000000000000000 ) ;
#655 = SURFACE_STYLE_USAGE ( .BOTH. , #2023 ) ;
#656 = DIRECTION ( 'NONE',  ( -1.346836345031663918E-16, -1.000000000000000000, 0.000000000000000000 ) ) ;
#657 = FACE_OUTER_BOUND ( 'NONE', #3249, .T. ) ;
#658 = ORIENTED_EDGE ( 'NONE', *, *, #3109, .T. ) ;
#659 = FILL_AREA_STYLE ('',( #893 ) ) ;
#660 = ORIENTED_EDGE ( 'NONE', *, *, #3202, .T. ) ;
#661 = VECTOR ( 'NONE', #1910, 1000.000000000000000 ) ;
#662 = DIRECTION ( 'NONE',  ( -0.000000000000000000, -0.000000000000000000, -1.000000000000000000 ) ) ;
#663 = UNCERTAINTY_MEASURE_WITH_UNIT (LENGTH_MEASURE( 1.000000000000000082E-05 ), #3540, 'distance_accuracy_value', 'NONE');
#664 = ORIENTED_EDGE ( 'NONE', *, *, #1192, .F. ) ;
#665 =( LENGTH_UNIT ( ) NAMED_UNIT ( * ) SI_UNIT ( .MILLI., .METRE. ) );
#666 = ORIENTED_EDGE ( 'NONE', *, *, #1290, .T. ) ;
#667 = DIRECTION ( 'NONE',  ( -1.000000000000000000, 0.000000000000000000, 0.000000000000000000 ) ) ;
#668 = CARTESIAN_POINT ( 'NONE',  ( 1.100000000000000089, 0.5000000000000000000, -0.01000000000000000021 ) ) ;
#669 = DIRECTION ( 'NONE',  ( 1.000000000000000000, 0.000000000000000000, 0.000000000000000000 ) ) ;
#670 = ORIENTED_EDGE ( 'NONE', *, *, #306, .F. ) ;
#671 = PRESENTATION_LAYER_ASSIGNMENT (  '', '', ( #1352 ) ) ;
#672 = LINE ( 'NONE', #2889, #265 ) ;
#673 = STYLED_ITEM ( 'NONE', ( #2525 ), #3316 ) ;
#674 = LINE ( 'NONE', #414, #718 ) ;
#675 = PLANE ( 'NONE',  #3559 ) ;
#676 = FILL_AREA_STYLE_COLOUR ( '', #2341 ) ;
#677 = SURFACE_SIDE_STYLE ('',( #2938 ) ) ;
#678 = LINE ( 'NONE', #1414, #1720 ) ;
#679 = PRESENTATION_LAYER_ASSIGNMENT (  '', '', ( #1367 ) ) ;
#680 = DIRECTION ( 'NONE',  ( -0.000000000000000000, -0.000000000000000000, -1.000000000000000000 ) ) ;
#681 = LINE ( 'NONE', #3527, #1726 ) ;
#682 = ORIENTED_EDGE ( 'NONE', *, *, #2917, .T. ) ;
#683 =( NAMED_UNIT ( * ) PLANE_ANGLE_UNIT ( ) SI_UNIT ( $, .RADIAN. ) );
#684 = SURFACE_STYLE_FILL_AREA ( #630 ) ;
#685 = CARTESIAN_POINT ( 'NONE',  ( -0.7249999999999999778, -0.2551845782464792212, 0.2900000000000000355 ) ) ;
#686 = SURFACE_STYLE_USAGE ( .BOTH. , #3295 ) ;
#687 = ORIENTED_EDGE ( 'NONE', *, *, #2904, .F. ) ;
#688 = AXIS2_PLACEMENT_3D ( 'NONE', #1098, #524, #229 ) ;
#689 = CARTESIAN_POINT ( 'NONE',  ( -1.100000000000000089, 1.000000000000000000, 0.000000000000000000 ) ) ;
#690 = PRESENTATION_STYLE_ASSIGNMENT (( #1034 ) ) ;
#691 = ORIENTED_EDGE ( 'NONE', *, *, #3081, .F. ) ;
#692 = AXIS2_PLACEMENT_3D ( 'NONE', #1497, #1282, #2037 ) ;
#693 = ORIENTED_EDGE ( 'NONE', *, *, #2110, .T. ) ;
#694 = ADVANCED_FACE ( 'NONE', ( #1013 ), #388, .F. ) ;
#695 =( NAMED_UNIT ( * ) PLANE_ANGLE_UNIT ( ) SI_UNIT ( $, .RADIAN. ) );
#696 = AXIS2_PLACEMENT_3D ( 'NONE', #3677, #3352, #1624 ) ;
#697 =( NAMED_UNIT ( * ) SI_UNIT ( $, .STERADIAN. ) SOLID_ANGLE_UNIT ( ) );
#698 =( LENGTH_UNIT ( ) NAMED_UNIT ( * ) SI_UNIT ( .MILLI., .METRE. ) );
#699 = ORIENTED_EDGE ( 'NONE', *, *, #295, .F. ) ;
#700 = DIRECTION ( 'NONE',  ( 0.000000000000000000, -1.000000000000000000, 0.000000000000000000 ) ) ;
#701 = DIRECTION ( 'NONE',  ( 0.000000000000000000, 0.000000000000000000, 1.000000000000000000 ) ) ;
#702 = FILL_AREA_STYLE ('',( #2913 ) ) ;
#703 = EDGE_LOOP ( 'NONE', ( #513, #3423, #239, #3696, #1180, #2923 ) ) ;
#705 = CIRCLE ( 'NONE', #6, 0.4853010491673804827 ) ;
#704 = CARTESIAN_POINT ( 'NONE',  ( 1.100000000000000089, 1.000000000000000000, 0.000000000000000000 ) ) ;
#706 = EDGE_CURVE ( 'NONE', #3565, #1442, #1370, .T. ) ;
#707 = VERTEX_POINT ( 'NONE', #1596 ) ;
#708 = FILL_AREA_STYLE_COLOUR ( '', #3290 ) ;
#709 =( NAMED_UNIT ( * ) SI_UNIT ( $, .STERADIAN. ) SOLID_ANGLE_UNIT ( ) );
#710 = ORIENTED_EDGE ( 'NONE', *, *, #907, .F. ) ;
#711 = LINE ( 'NONE', #2389, #3434 ) ;
#712 = ORIENTED_EDGE ( 'NONE', *, *, #2356, .F. ) ;
#713 = ADVANCED_FACE ( 'NONE', ( #435 ), #772, .T. ) ;
#714 = CARTESIAN_POINT ( 'NONE',  ( -1.100000000000000089, 1.000000000000000000, 0.2800000000000000266 ) ) ;
#715 =( GEOMETRIC_REPRESENTATION_CONTEXT ( 3 ) GLOBAL_UNCERTAINTY_ASSIGNED_CONTEXT ( ( #3209 ) ) GLOBAL_UNIT_ASSIGNED_CONTEXT ( ( #3629, #792, #503 ) ) REPRESENTATION_CONTEXT ( 'NONE', 'WORKASPACE' ) );
#716 = STYLED_ITEM ( 'NONE', ( #1105 ), #2457 ) ;
#717 =( LENGTH_UNIT ( ) NAMED_UNIT ( * ) SI_UNIT ( .MILLI., .METRE. ) );
#718 = VECTOR ( 'NONE', #2407, 1000.000000000000000 ) ;
#719 = PRESENTATION_LAYER_ASSIGNMENT (  '', '', ( #3537 ) ) ;
#720 = DIRECTION ( 'NONE',  ( -0.000000000000000000, 0.000000000000000000, 1.000000000000000000 ) ) ;
#721 = DIRECTION ( 'NONE',  ( -1.000000000000000000, 0.000000000000000000, 0.000000000000000000 ) ) ;
#722 = SURFACE_SIDE_STYLE ('',( #3672 ) ) ;
#723 = UNCERTAINTY_MEASURE_WITH_UNIT (LENGTH_MEASURE( 1.000000000000000082E-05 ), #224, 'distance_accuracy_value', 'NONE');
#724 =( NAMED_UNIT ( * ) PLANE_ANGLE_UNIT ( ) SI_UNIT ( $, .RADIAN. ) );
#725 = EDGE_CURVE ( 'NONE', #1449, #3658, #2152, .T. ) ;
#726 = FILL_AREA_STYLE ('',( #2998 ) ) ;
#727 = FACE_OUTER_BOUND ( 'NONE', #3603, .T. ) ;
#728 = LINE ( 'NONE', #2262, #1962 ) ;
#729 = ADVANCED_FACE ( 'NONE', ( #2916 ), #2788, .F. ) ;
#730 = CARTESIAN_POINT ( 'NONE',  ( 1.100602166165608686, -0.5000000000000000000, 0.8400000000000000799 ) ) ;
#731 = DIRECTION ( 'NONE',  ( -0.000000000000000000, -0.000000000000000000, -1.000000000000000000 ) ) ;
#732 = EDGE_CURVE ( 'NONE', #2238, #2944, #1093, .T. ) ;
#733 = CIRCLE ( 'NONE', #367, 0.2249991942116882082 ) ;
#734 = CARTESIAN_POINT ( 'NONE',  ( -1.100000000000000089, -0.9000000000000000222, -0.01000000000000000021 ) ) ;
#735 = PLANE ( 'NONE',  #3076 ) ;
#736 = EDGE_LOOP ( 'NONE', ( #2153, #2265, #1177, #3111, #1848, #1730, #2380, #5, #3652, #147, #1252, #3184, #531, #71, #1792, #102 ) ) ;
#737 = CYLINDRICAL_SURFACE ( 'NONE', #692, 0.06689355339560966451 ) ;
#738 = APPLICATION_CONTEXT ( 'automotive_design' ) ;
#739 = AXIS2_PLACEMENT_3D ( 'NONE', #495, #2447, #3398 ) ;
#740 = DIRECTION ( 'NONE',  ( -1.000000000000000000, 0.000000000000000000, 0.000000000000000000 ) ) ;
#741 =( NAMED_UNIT ( * ) SI_UNIT ( $, .STERADIAN. ) SOLID_ANGLE_UNIT ( ) );
#742 = SURFACE_STYLE_FILL_AREA ( #1715 ) ;
#743 = ORIENTED_EDGE ( 'NONE', *, *, #2546, .F. ) ;
#744 = AXIS2_PLACEMENT_3D ( 'NONE', #3612, #765, #2769 ) ;
#745 = DIRECTION ( 'NONE',  ( -1.000000000000000000, 0.000000000000000000, 0.000000000000000000 ) ) ;
#746 = ORIENTED_EDGE ( 'NONE', *, *, #1833, .T. ) ;
#747 = PRESENTATION_LAYER_ASSIGNMENT (  '', '', ( #1989 ) ) ;
#748 = VECTOR ( 'NONE', #177, 1000.000000000000000 ) ;
#749 = ORIENTED_EDGE ( 'NONE', *, *, #2135, .F. ) ;
#750 =( LENGTH_UNIT ( ) NAMED_UNIT ( * ) SI_UNIT ( .MILLI., .METRE. ) );
#751 = DIRECTION ( 'NONE',  ( -0.000000000000000000, -0.000000000000000000, -1.000000000000000000 ) ) ;
#752 = ADVANCED_FACE ( 'NONE', ( #3388 ), #206, .F. ) ;
#753 = ORIENTED_EDGE ( 'NONE', *, *, #1615, .F. ) ;
#754 = LINE ( 'NONE', #1312, #2114 ) ;
#755 = CARTESIAN_POINT ( 'NONE',  ( -1.100000000000000089, -0.9000000000000000222, -0.01000000000000000021 ) ) ;
#756 =( GEOMETRIC_REPRESENTATION_CONTEXT ( 3 ) GLOBAL_UNCERTAINTY_ASSIGNED_CONTEXT ( ( #562 ) ) GLOBAL_UNIT_ASSIGNED_CONTEXT ( ( #1451, #3483, #2570 ) ) REPRESENTATION_CONTEXT ( 'NONE', 'WORKASPACE' ) );
#757 = ORIENTED_EDGE ( 'NONE', *, *, #1094, .F. ) ;
#758 = CARTESIAN_POINT ( 'NONE',  ( 1.100000000000000089, 0.9000000000000000222, -0.01000000000000000021 ) ) ;
#759 = DIRECTION ( 'NONE',  ( -0.000000000000000000, -0.000000000000000000, 1.000000000000000000 ) ) ;
#760 =( GEOMETRIC_REPRESENTATION_CONTEXT ( 3 ) GLOBAL_UNCERTAINTY_ASSIGNED_CONTEXT ( ( #3704 ) ) GLOBAL_UNIT_ASSIGNED_CONTEXT ( ( #90, #2353, #2072 ) ) REPRESENTATION_CONTEXT ( 'NONE', 'WORKASPACE' ) );
#761 = DIRECTION ( 'NONE',  ( -0.000000000000000000, -0.000000000000000000, -1.000000000000000000 ) ) ;
#762 = COLOUR_RGB ( '',0.7529411764705882248, 0.7529411764705882248, 0.000000000000000000 ) ;
#763 = CARTESIAN_POINT ( 'NONE',  ( -1.100000000000000089, 0.9000000000000000222, 0.000000000000000000 ) ) ;
#764 = STYLED_ITEM ( 'NONE', ( #2004 ), #1582 ) ;
#765 = DIRECTION ( 'NONE',  ( -0.000000000000000000, -0.000000000000000000, -1.000000000000000000 ) ) ;
#766 = STYLED_ITEM ( 'NONE', ( #3679 ), #2957 ) ;
#767 = ADVANCED_FACE ( 'NONE', ( #1485 ), #2108, .F. ) ;
#768 =( NAMED_UNIT ( * ) SI_UNIT ( $, .STERADIAN. ) SOLID_ANGLE_UNIT ( ) );
#769 = SURFACE_SIDE_STYLE ('',( #981 ) ) ;
#770 = UNCERTAINTY_MEASURE_WITH_UNIT (LENGTH_MEASURE( 1.000000000000000082E-05 ), #3420, 'distance_accuracy_value', 'NONE');
#771 = LINE ( 'NONE', #3221, #406 ) ;
#772 = PLANE ( 'NONE',  #2601 ) ;
#773 = CYLINDRICAL_SURFACE ( 'NONE', #2918, 0.2249991942116882082 ) ;
#774 = CARTESIAN_POINT ( 'NONE',  ( -0.5650000000000001688, 0.9000000000000000222, -0.01000000000000000021 ) ) ;
#775 = ORIENTED_EDGE ( 'NONE', *, *, #1094, .T. ) ;
#776 = DIRECTION ( 'NONE',  ( -1.000000000000000000, 0.000000000000000000, 0.000000000000000000 ) ) ;
#777 = SURFACE_STYLE_FILL_AREA ( #355 ) ;
#778 = ORIENTED_EDGE ( 'NONE', *, *, #1290, .F. ) ;
#779 = CARTESIAN_POINT ( 'NONE',  ( -0.7249999999999999778, -1.000000000000000000, 0.8400000000000000799 ) ) ;
#780 = CARTESIAN_POINT ( 'NONE',  ( -1.100000000000000089, -0.2750008057883118195, -0.01000000000000000021 ) ) ;
#781 = ORIENTED_EDGE ( 'NONE', *, *, #57, .F. ) ;
#782 = PLANE ( 'NONE',  #351 ) ;
#783 =( NAMED_UNIT ( * ) SI_UNIT ( $, .STERADIAN. ) SOLID_ANGLE_UNIT ( ) );
#784 = PRESENTATION_LAYER_ASSIGNMENT (  '', '', ( #256 ) ) ;
#785 = ORIENTED_EDGE ( 'NONE', *, *, #888, .F. ) ;
#786 = FACE_OUTER_BOUND ( 'NONE', #3228, .T. ) ;
#787 = MECHANICAL_DESIGN_GEOMETRIC_PRESENTATION_REPRESENTATION (  '', ( #716 ), #2671 ) ;
#788 = FILL_AREA_STYLE ('',( #2211 ) ) ;
#789 = CARTESIAN_POINT ( 'NONE',  ( -1.100000000000000089, 0.7249991942116882360, 0.000000000000000000 ) ) ;
#790 = ORIENTED_EDGE ( 'NONE', *, *, #913, .F. ) ;
#791 = EDGE_CURVE ( 'NONE', #3036, #74, #20, .T. ) ;
#792 =( NAMED_UNIT ( * ) PLANE_ANGLE_UNIT ( ) SI_UNIT ( $, .RADIAN. ) );
#793 = UNCERTAINTY_MEASURE_WITH_UNIT (LENGTH_MEASURE( 1.000000000000000082E-05 ), #1066, 'distance_accuracy_value', 'NONE');
#794 = ORIENTED_EDGE ( 'NONE', *, *, #2775, .F. ) ;
#795 = LINE ( 'NONE', #2633, #1744 ) ;
#796 = EDGE_CURVE ( 'NONE', #1144, #2387, #1364, .T. ) ;
#797 = ORIENTED_EDGE ( 'NONE', *, *, #3116, .F. ) ;
#798 = DIRECTION ( 'NONE',  ( -0.000000000000000000, -0.000000000000000000, 1.000000000000000000 ) ) ;
#799 = FILL_AREA_STYLE_COLOUR ( '', #940 ) ;
#800 = VERTEX_POINT ( 'NONE', #1666 ) ;
#801 = PRESENTATION_STYLE_ASSIGNMENT (( #2723 ) ) ;
#802 = SURFACE_SIDE_STYLE ('',( #1565 ) ) ;
#803 =( GEOMETRIC_REPRESENTATION_CONTEXT ( 3 ) GLOBAL_UNCERTAINTY_ASSIGNED_CONTEXT ( ( #1645 ) ) GLOBAL_UNIT_ASSIGNED_CONTEXT ( ( #1321, #3028, #2731 ) ) REPRESENTATION_CONTEXT ( 'NONE', 'WORKASPACE' ) );
#804 = COLOUR_RGB ( '',0.7529411764705882248, 0.7529411764705882248, 0.000000000000000000 ) ;
#805 =( NAMED_UNIT ( * ) PLANE_ANGLE_UNIT ( ) SI_UNIT ( $, .RADIAN. ) );
#806 = ORIENTED_EDGE ( 'NONE', *, *, #332, .T. ) ;
#807 = CARTESIAN_POINT ( 'NONE',  ( -0.5000000000000001110, 1.000000000000000000, 0.000000000000000000 ) ) ;
#808 = FILL_AREA_STYLE ('',( #2734 ) ) ;
#809 = DIRECTION ( 'NONE',  ( -0.000000000000000000, 0.000000000000000000, -1.000000000000000000 ) ) ;
#810 =( NAMED_UNIT ( * ) SI_UNIT ( $, .STERADIAN. ) SOLID_ANGLE_UNIT ( ) );
#811 =( GEOMETRIC_REPRESENTATION_CONTEXT ( 3 ) GLOBAL_UNCERTAINTY_ASSIGNED_CONTEXT ( ( #1480 ) ) GLOBAL_UNIT_ASSIGNED_CONTEXT ( ( #2798, #1091, #248 ) ) REPRESENTATION_CONTEXT ( 'NONE', 'WORKASPACE' ) );
#812 = FILL_AREA_STYLE_COLOUR ( '', #2993 ) ;
#813 = STYLED_ITEM ( 'NONE', ( #855 ), #3592 ) ;
#814 = PRESENTATION_STYLE_ASSIGNMENT (( #242 ) ) ;
#815 = CARTESIAN_POINT ( 'NONE',  ( 0.8753014859769602252, -0.4999999999999997780, -1.694065894508600678E-18 ) ) ;
#816 = ORIENTED_EDGE ( 'NONE', *, *, #3029, .T. ) ;
#817 = SURFACE_SIDE_STYLE ('',( #523 ) ) ;
#818 = LINE ( 'NONE', #714, #2992 ) ;
#819 = EDGE_CURVE ( 'NONE', #1406, #249, #795, .T. ) ;
#820 = FILL_AREA_STYLE ('',( #1076 ) ) ;
#821 = SURFACE_STYLE_USAGE ( .BOTH. , #1636 ) ;
#822 = ORIENTED_EDGE ( 'NONE', *, *, #476, .F. ) ;
#823 = DIRECTION ( 'NONE',  ( -1.000000000000000000, -1.189832511747953048E-18, 0.000000000000000000 ) ) ;
#824 = DIRECTION ( 'NONE',  ( -0.000000000000000000, -0.000000000000000000, 1.000000000000000000 ) ) ;
#825 = ORIENTED_EDGE ( 'NONE', *, *, #1317, .F. ) ;
#826 = ORIENTED_EDGE ( 'NONE', *, *, #1600, .F. ) ;
#827 = FILL_AREA_STYLE ('',( #1362 ) ) ;
#828 = MECHANICAL_DESIGN_GEOMETRIC_PRESENTATION_REPRESENTATION (  '', ( #2752 ), #3530 ) ;
#829 = VERTEX_POINT ( 'NONE', #3232 ) ;
#830 = AXIS2_PLACEMENT_3D ( 'NONE', #578, #2298, #2351 ) ;
#831 = EDGE_CURVE ( 'NONE', #2047, #1369, #2516, .T. ) ;
#832 = CARTESIAN_POINT ( 'NONE',  ( 0.8753014859769611133, 0.5000000000000001110, -1.694065894508600678E-18 ) ) ;
#833 = CARTESIAN_POINT ( 'NONE',  ( -0.9094800685482298253, 0.9000000000000000222, 0.2900000000000000355 ) ) ;
#834 = UNCERTAINTY_MEASURE_WITH_UNIT (LENGTH_MEASURE( 1.000000000000000082E-05 ), #1758, 'distance_accuracy_value', 'NONE');
#835 = ORIENTED_EDGE ( 'NONE', *, *, #3259, .T. ) ;
#836 = CIRCLE ( 'NONE', #409, 0.06689355339560966451 ) ;
#837 = FACE_OUTER_BOUND ( 'NONE', #1999, .T. ) ;
#838 = DIRECTION ( 'NONE',  ( 0.000000000000000000, 0.000000000000000000, 1.000000000000000000 ) ) ;
#839 = EDGE_LOOP ( 'NONE', ( #757, #3251, #330, #2019, #2883, #3016, #3387, #1786, #712, #948, #2419, #208 ) ) ;
#840 = EDGE_CURVE ( 'NONE', #1047, #1544, #204, .T. ) ;
#841 = VECTOR ( 'NONE', #751, 1000.000000000000000 ) ;
#842 =( LENGTH_UNIT ( ) NAMED_UNIT ( * ) SI_UNIT ( .MILLI., .METRE. ) );
#843 = PRESENTATION_STYLE_ASSIGNMENT (( #2320 ) ) ;
#844 =( NAMED_UNIT ( * ) PLANE_ANGLE_UNIT ( ) SI_UNIT ( $, .RADIAN. ) );
#845 = LINE ( 'NONE', #1288, #1193 ) ;
#846 =( GEOMETRIC_REPRESENTATION_CONTEXT ( 3 ) GLOBAL_UNCERTAINTY_ASSIGNED_CONTEXT ( ( #3284 ) ) GLOBAL_UNIT_ASSIGNED_CONTEXT ( ( #3675, #3125, #267 ) ) REPRESENTATION_CONTEXT ( 'NONE', 'WORKASPACE' ) );
#847 = PLANE ( 'NONE',  #2368 ) ;
#848 = SURFACE_STYLE_USAGE ( .BOTH. , #1170 ) ;
#849 = CARTESIAN_POINT ( 'NONE',  ( 1.100000000000000089, 0.5000000000000000000, -0.01000000000000000021 ) ) ;
#850 = VERTEX_POINT ( 'NONE', #2884 ) ;
#851 = MECHANICAL_DESIGN_GEOMETRIC_PRESENTATION_REPRESENTATION (  '', ( #550 ), #3486 ) ;
#852 = ORIENTED_EDGE ( 'NONE', *, *, #2434, .F. ) ;
#853 = EDGE_CURVE ( 'NONE', #1406, #707, #517, .T. ) ;
#854 = CLOSED_SHELL ( 'NONE', ( #1811, #2480, #2457, #3515, #767, #694, #2900, #1582, #420, #445, #3332, #2667, #3635, #1225, #2957, #2401, #1005, #1024, #1559, #1475, #3551, #405, #1599, #985, #2687, #3274, #1867, #2706, #461, #3158, #3213, #2441, #2728, #729, #162, #972, #1828, #3592, #1501, #141, #2627, #1264, #482, #3253, #3037, #1339, #2091, #3022, #1851, #2144, #199, #3001, #3570, #45, #752, #3614, #1609, #2979, #2126, #2650, #1887, #183, #2751, #1296, #2313, #2612, #126, #2164, #2111, #1320, #713, #364, #3316, #103, #1041, #1539 ) ) ;
#855 = PRESENTATION_STYLE_ASSIGNMENT (( #1577 ) ) ;
#856 = DIRECTION ( 'NONE',  ( -0.000000000000000000, -0.000000000000000000, 1.000000000000000000 ) ) ;
#857 =( GEOMETRIC_REPRESENTATION_CONTEXT ( 3 ) GLOBAL_UNCERTAINTY_ASSIGNED_CONTEXT ( ( #3661 ) ) GLOBAL_UNIT_ASSIGNED_CONTEXT ( ( #1807, #2934, #2949 ) ) REPRESENTATION_CONTEXT ( 'NONE', 'WORKASPACE' ) );
#858 = ORIENTED_EDGE ( 'NONE', *, *, #376, .F. ) ;
#859 = CARTESIAN_POINT ( 'NONE',  ( 0.8750008057883118529, -0.5000000000000000000, 0.2900000000000000355 ) ) ;
#860 = CARTESIAN_POINT ( 'NONE',  ( 0.9825534223890100005, 0.2992496656338025640, -3.388131789017200971E-18 ) ) ;
#861 = CARTESIAN_POINT ( 'NONE',  ( -1.100000000000000089, -0.5000000000000000000, -0.01000000000000000021 ) ) ;
#862 = ORIENTED_EDGE ( 'NONE', *, *, #652, .T. ) ;
#863 = PRESENTATION_STYLE_ASSIGNMENT (( #3583 ) ) ;
#864 = PLANE ( 'NONE',  #1381 ) ;
#865 = ORIENTED_EDGE ( 'NONE', *, *, #1336, .F. ) ;
#866 = VECTOR ( 'NONE', #3192, 1000.000000000000000 ) ;
#867 = EDGE_CURVE ( 'NONE', #918, #2277, #3191, .T. ) ;
#868 =( GEOMETRIC_REPRESENTATION_CONTEXT ( 3 ) GLOBAL_UNCERTAINTY_ASSIGNED_CONTEXT ( ( #2743 ) ) GLOBAL_UNIT_ASSIGNED_CONTEXT ( ( #1902, #1154, #2594 ) ) REPRESENTATION_CONTEXT ( 'NONE', 'WORKASPACE' ) );
#869 = ORIENTED_EDGE ( 'NONE', *, *, #2643, .F. ) ;
#870 = SURFACE_STYLE_FILL_AREA ( #2182 ) ;
#871 =( NAMED_UNIT ( * ) SI_UNIT ( $, .STERADIAN. ) SOLID_ANGLE_UNIT ( ) );
#872 = FILL_AREA_STYLE_COLOUR ( '', #883 ) ;
#873 = PRESENTATION_LAYER_ASSIGNMENT (  '', '', ( #2475 ) ) ;
#874 = AXIS2_PLACEMENT_3D ( 'NONE', #3669, #1996, #297 ) ;
#875 = EDGE_CURVE ( 'NONE', #2774, #2524, #705, .T. ) ;
#876 = CARTESIAN_POINT ( 'NONE',  ( 0.8750008057883118529, 0.5000000000000000000, 0.2900000000000000355 ) ) ;
#877 = ORIENTED_EDGE ( 'NONE', *, *, #1814, .F. ) ;
#878 = PRESENTATION_STYLE_ASSIGNMENT (( #969 ) ) ;
#879 = DIRECTION ( 'NONE',  ( -0.000000000000000000, -0.000000000000000000, 1.000000000000000000 ) ) ;
#880 = DIRECTION ( 'NONE',  ( -1.000000000000000000, 0.000000000000000000, 0.000000000000000000 ) ) ;
#881 = DIRECTION ( 'NONE',  ( 1.000000000000000000, 0.000000000000000000, 0.000000000000000000 ) ) ;
#882 = ORIENTED_EDGE ( 'NONE', *, *, #1723, .F. ) ;
#883 = COLOUR_RGB ( '',1.000000000000000000, 1.000000000000000000, 0.000000000000000000 ) ;
#884 = VECTOR ( 'NONE', #311, 1000.000000000000000 ) ;
#885 = EDGE_CURVE ( 'NONE', #2045, #3647, #3659, .T. ) ;
#886 = CARTESIAN_POINT ( 'NONE',  ( 0.9217080070979758455, 0.2653586607282054644, 0.2900000000000000355 ) ) ;
#887 = CARTESIAN_POINT ( 'NONE',  ( 1.100000000000000089, 0.9000000000000000222, -0.01000000000000000021 ) ) ;
#888 = EDGE_CURVE ( 'NONE', #516, #195, #1133, .T. ) ;
#889 = CYLINDRICAL_SURFACE ( 'NONE', #2508, 0.2249999999999999500 ) ;
#890 = CARTESIAN_POINT ( 'NONE',  ( -2.379665023495906096E-18, 1.000000000000000000, 0.000000000000000000 ) ) ;
#891 = DIRECTION ( 'NONE',  ( -0.000000000000000000, -0.000000000000000000, -1.000000000000000000 ) ) ;
#892 = CARTESIAN_POINT ( 'NONE',  ( 0.9217080070979758455, 0.2653586607282054644, 0.2900000000000000355 ) ) ;
#893 = FILL_AREA_STYLE_COLOUR ( '', #389 ) ;
#894 =( LENGTH_UNIT ( ) NAMED_UNIT ( * ) SI_UNIT ( .MILLI., .METRE. ) );
#895 = FACE_OUTER_BOUND ( 'NONE', #3430, .T. ) ;
#896 = PRESENTATION_STYLE_ASSIGNMENT (( #3338 ) ) ;
#897 = AXIS2_PLACEMENT_3D ( 'NONE', #1219, #3482, #2358 ) ;
#898 = UNCERTAINTY_MEASURE_WITH_UNIT (LENGTH_MEASURE( 1.000000000000000082E-05 ), #3301, 'distance_accuracy_value', 'NONE');
#899 =( GEOMETRIC_REPRESENTATION_CONTEXT ( 3 ) GLOBAL_UNCERTAINTY_ASSIGNED_CONTEXT ( ( #612 ) ) GLOBAL_UNIT_ASSIGNED_CONTEXT ( ( #1603, #455, #783 ) ) REPRESENTATION_CONTEXT ( 'NONE', 'WORKASPACE' ) );
#900 = CARTESIAN_POINT ( 'NONE',  ( -1.100000000000000089, 1.000000000000000000, 0.2800000000000000266 ) ) ;
#901 = ORIENTED_EDGE ( 'NONE', *, *, #831, .F. ) ;
#902 = FILL_AREA_STYLE_COLOUR ( '', #1772 ) ;
#903 = DIRECTION ( 'NONE',  ( 1.000000000000000000, -0.000000000000000000, -0.000000000000000000 ) ) ;
#904 = CARTESIAN_POINT ( 'NONE',  ( 0.8756021661656087085, -0.5000000000000000000, 0.8400000000000000799 ) ) ;
#905 = ORIENTED_EDGE ( 'NONE', *, *, #867, .T. ) ;
#906 =( NAMED_UNIT ( * ) SI_UNIT ( $, .STERADIAN. ) SOLID_ANGLE_UNIT ( ) );
#907 = EDGE_CURVE ( 'NONE', #2281, #2490, #2867, .T. ) ;
#908 = CARTESIAN_POINT ( 'NONE',  ( -1.100000000000000089, -0.7249991942116882360, 0.000000000000000000 ) ) ;
#909 = EDGE_LOOP ( 'NONE', ( #201, #164, #923, #272 ) ) ;
#910 = LINE ( 'NONE', #84, #1304 ) ;
#911 = COLOUR_RGB ( '',1.000000000000000000, 1.000000000000000000, 0.000000000000000000 ) ;
#912 = ORIENTED_EDGE ( 'NONE', *, *, #1752, .T. ) ;
#913 = EDGE_CURVE ( 'NONE', #629, #1432, #566, .T. ) ;
#914 = DIRECTION ( 'NONE',  ( 1.000000000000000000, 0.000000000000000000, 0.000000000000000000 ) ) ;
#915 = DIRECTION ( 'NONE',  ( -0.000000000000000000, -0.000000000000000000, 1.000000000000000000 ) ) ;
#916 = CARTESIAN_POINT ( 'NONE',  ( 0.5650000000000000577, -0.09500080578831186784, -0.01000000000000000021 ) ) ;
#917 = STYLED_ITEM ( 'NONE', ( #3626 ), #183 ) ;
#918 = VERTEX_POINT ( 'NONE', #1763 ) ;
#919 = FACE_OUTER_BOUND ( 'NONE', #2461, .T. ) ;
#920 = EDGE_CURVE ( 'NONE', #2685, #1669, #2333, .T. ) ;
#921 = FILL_AREA_STYLE ('',( #2615 ) ) ;
#922 = DIRECTION ( 'NONE',  ( -0.000000000000000000, -0.000000000000000000, 1.000000000000000000 ) ) ;
#923 = ORIENTED_EDGE ( 'NONE', *, *, #1776, .F. ) ;
#924 = SURFACE_SIDE_STYLE ('',( #1695 ) ) ;
#925 = CARTESIAN_POINT ( 'NONE',  ( -0.8750008057883117418, 0.5589046512999221727, -3.388131789017202127E-18 ) ) ;
#926 = VERTEX_POINT ( 'NONE', #2066 ) ;
#927 =( GEOMETRIC_REPRESENTATION_CONTEXT ( 3 ) GLOBAL_UNCERTAINTY_ASSIGNED_CONTEXT ( ( #2190 ) ) GLOBAL_UNIT_ASSIGNED_CONTEXT ( ( #3697, #2208, #3418 ) ) REPRESENTATION_CONTEXT ( 'NONE', 'WORKASPACE' ) );
#928 = CARTESIAN_POINT ( 'NONE',  ( 0.8750008057883117418, 0.5589046512999221727, 0.2800000000000000266 ) ) ;
#929 = EDGE_LOOP ( 'NONE', ( #1575, #3549, #2716, #2069, #1127, #1734, #3506, #852, #1401, #2560, #1040, #877 ) ) ;
#930 = PRESENTATION_LAYER_ASSIGNMENT (  '', '', ( #2947 ) ) ;
#931 = DIRECTION ( 'NONE',  ( 1.346836345031663918E-16, -1.000000000000000000, 0.000000000000000000 ) ) ;
#932 = PRESENTATION_STYLE_ASSIGNMENT (( #1946 ) ) ;
#933 = FILL_AREA_STYLE_COLOUR ( '', #2132 ) ;
#934 = CARTESIAN_POINT ( 'NONE',  ( -0.5000000000000003331, -1.000000000000000000, -0.01000000000000000021 ) ) ;
#935 = PRESENTATION_LAYER_ASSIGNMENT (  '', '', ( #3180 ) ) ;
#936 = FACE_OUTER_BOUND ( 'NONE', #95, .T. ) ;
#937 = DIRECTION ( 'NONE',  ( 0.000000000000000000, 0.000000000000000000, 1.000000000000000000 ) ) ;
#938 = DIRECTION ( 'NONE',  ( -1.000000000000000000, -0.000000000000000000, -0.000000000000000000 ) ) ;
#939 = B_SPLINE_CURVE_WITH_KNOTS ( 'NONE', 3,
 ( #54, #1174, #14, #3153, #1136, #2036 ),
 .UNSPECIFIED., .F., .F.,
 ( 4, 2, 4 ),
 ( 0.000000000000000000, 0.2499999999999999722, 0.4999999999999999445 ),
 .UNSPECIFIED. ) ;
#940 = COLOUR_RGB ( '',0.000000000000000000, 0.000000000000000000, 0.000000000000000000 ) ;
#941 = DIRECTION ( 'NONE',  ( 0.000000000000000000, 0.000000000000000000, 1.000000000000000000 ) ) ;
#942 = DIRECTION ( 'NONE',  ( -1.000000000000000000, 0.000000000000000000, 0.000000000000000000 ) ) ;
#943 = FILL_AREA_STYLE_COLOUR ( '', #3642 ) ;
#944 = LINE ( 'NONE', #24, #987 ) ;
#945 = STYLED_ITEM ( 'NONE', ( #1209 ), #1811 ) ;
#946 = LINE ( 'NONE', #3441, #270 ) ;
#947 = SURFACE_STYLE_FILL_AREA ( #788 ) ;
#948 = ORIENTED_EDGE ( 'NONE', *, *, #44, .F. ) ;
#949 =( GEOMETRIC_REPRESENTATION_CONTEXT ( 3 ) GLOBAL_UNCERTAINTY_ASSIGNED_CONTEXT ( ( #2810 ) ) GLOBAL_UNIT_ASSIGNED_CONTEXT ( ( #222, #805, #1607 ) ) REPRESENTATION_CONTEXT ( 'NONE', 'WORKASPACE' ) );
#950 =( GEOMETRIC_REPRESENTATION_CONTEXT ( 3 ) GLOBAL_UNCERTAINTY_ASSIGNED_CONTEXT ( ( #2498 ) ) GLOBAL_UNIT_ASSIGNED_CONTEXT ( ( #2294, #2280, #2304 ) ) REPRESENTATION_CONTEXT ( 'NONE', 'WORKASPACE' ) );
#951 = PLANE ( 'NONE',  #2999 ) ;
#952 = VERTEX_POINT ( 'NONE', #110 ) ;
#953 = FACE_OUTER_BOUND ( 'NONE', #601, .T. ) ;
#954 = CARTESIAN_POINT ( 'NONE',  ( -0.7466488026588553595, 0.2397797001469955946, 0.2800000000000000266 ) ) ;
#955 = SURFACE_SIDE_STYLE ('',( #1142 ) ) ;
#956 =( NAMED_UNIT ( * ) SI_UNIT ( $, .STERADIAN. ) SOLID_ANGLE_UNIT ( ) );
#957 = CARTESIAN_POINT ( 'NONE',  ( 1.100000000000000089, -0.2750008057883118195, 0.2900000000000000355 ) ) ;
#958 = ORIENTED_EDGE ( 'NONE', *, *, #3654, .T. ) ;
#959 = ORIENTED_EDGE ( 'NONE', *, *, #2302, .T. ) ;
#960 = EDGE_LOOP ( 'NONE', ( #1878, #3451, #2224, #3328, #1309, #3340 ) ) ;
#961 = EDGE_CURVE ( 'NONE', #2631, #2672, #129, .T. ) ;
#962 = ORIENTED_EDGE ( 'NONE', *, *, #2546, .T. ) ;
#963 = CARTESIAN_POINT ( 'NONE',  ( 0.8753014859769611133, 0.5000000000000001110, 0.2800000000000000822 ) ) ;
#964 = CARTESIAN_POINT ( 'NONE',  ( -0.7729790755752636855, -0.2551845782464793322, 0.2900000000000000355 ) ) ;
#965 = ORIENTED_EDGE ( 'NONE', *, *, #1833, .F. ) ;
#966 = VECTOR ( 'NONE', #2228, 1000.000000000000000 ) ;
#967 = CARTESIAN_POINT ( 'NONE',  ( 1.100000000000000089, -0.09500080578831181233, -0.000000000000000000 ) ) ;
#968 = SURFACE_STYLE_FILL_AREA ( #659 ) ;
#969 = SURFACE_STYLE_USAGE ( .BOTH. , #2362 ) ;
#970 = DIRECTION ( 'NONE',  ( -0.000000000000000000, -0.000000000000000000, 1.000000000000000000 ) ) ;
#971 = CARTESIAN_POINT ( 'NONE',  ( 0.7249999999999999778, -0.04327719538221289075, 0.2900000000000000355 ) ) ;
#972 = ADVANCED_FACE ( 'NONE', ( #2105 ), #18, .F. ) ;
#973 = CARTESIAN_POINT ( 'NONE',  ( 0.5650000000000000577, 0.09500080578831186784, -0.01000000000000000021 ) ) ;
#974 = VERTEX_POINT ( 'NONE', #2945 ) ;
#975 = VERTEX_POINT ( 'NONE', #2371 ) ;
#976 = VECTOR ( 'NONE', #1805, 1000.000000000000000 ) ;
#977 = CARTESIAN_POINT ( 'NONE',  ( 1.100000000000000089, 0.09500080578831186784, 0.2800000000000000266 ) ) ;
#978 = DIRECTION ( 'NONE',  ( 1.000000000000000000, 0.000000000000000000, 0.000000000000000000 ) ) ;
#979 = CARTESIAN_POINT ( 'NONE',  ( -0.7249999999999999778, 0.8124995971058440736, 0.2900000000000000355 ) ) ;
#980 = EDGE_CURVE ( 'NONE', #3518, #1394, #2785, .T. ) ;
#981 = SURFACE_STYLE_FILL_AREA ( #1843 ) ;
#982 = FILL_AREA_STYLE ('',( #3241 ) ) ;
#983 = EDGE_CURVE ( 'NONE', #1835, #1254, #3150, .T. ) ;
#984 = STYLED_ITEM ( 'NONE', ( #1810 ), #162 ) ;
#985 = ADVANCED_FACE ( 'NONE', ( #331 ), #411, .F. ) ;
#986 = FILL_AREA_STYLE ('',( #708 ) ) ;
#987 = VECTOR ( 'NONE', #2839, 1000.000000000000000 ) ;
#988 =( NAMED_UNIT ( * ) SI_UNIT ( $, .STERADIAN. ) SOLID_ANGLE_UNIT ( ) );
#989 = PLANE ( 'NONE',  #611 ) ;
#990 = DIRECTION ( 'NONE',  ( -0.000000000000000000, -0.000000000000000000, 1.000000000000000000 ) ) ;
#991 = ORIENTED_EDGE ( 'NONE', *, *, #2736, .F. ) ;
#992 = DIRECTION ( 'NONE',  ( -1.000000000000000000, 1.013273058397667935E-16, 0.000000000000000000 ) ) ;
#993 =( GEOMETRIC_REPRESENTATION_CONTEXT ( 3 ) GLOBAL_UNCERTAINTY_ASSIGNED_CONTEXT ( ( #3427 ) ) GLOBAL_UNIT_ASSIGNED_CONTEXT ( ( #1160, #1188, #2337 ) ) REPRESENTATION_CONTEXT ( 'NONE', 'WORKASPACE' ) );
#994 = CARTESIAN_POINT ( 'NONE',  ( 0.5650000000000000577, -0.09500080578831186784, -0.01000000000000000021 ) ) ;
#995 = LINE ( 'NONE', #1548, #1118 ) ;
#996 = DIRECTION ( 'NONE',  ( -0.000000000000000000, -0.000000000000000000, -1.000000000000000000 ) ) ;
#997 =( GEOMETRIC_REPRESENTATION_CONTEXT ( 3 ) GLOBAL_UNCERTAINTY_ASSIGNED_CONTEXT ( ( #2576 ) ) GLOBAL_UNIT_ASSIGNED_CONTEXT ( ( #2533, #1970, #2213 ) ) REPRESENTATION_CONTEXT ( 'NONE', 'WORKASPACE' ) );
#998 = VERTEX_POINT ( 'NONE', #977 ) ;
#999 =( LENGTH_UNIT ( ) NAMED_UNIT ( * ) SI_UNIT ( .MILLI., .METRE. ) );
#1000 = ORIENTED_EDGE ( 'NONE', *, *, #2468, .F. ) ;
#1001 = COLOUR_RGB ( '',0.7529411764705882248, 0.7529411764705882248, 0.000000000000000000 ) ;
#1002 = CARTESIAN_POINT ( 'NONE',  ( -0.5000000000000001110, 1.000000000000000000, 0.000000000000000000 ) ) ;
#1003 = DIRECTION ( 'NONE',  ( -0.000000000000000000, -0.000000000000000000, -1.000000000000000000 ) ) ;
#1004 = CARTESIAN_POINT ( 'NONE',  ( 1.100000000000000089, -0.2750008057883118195, 0.2800000000000000822 ) ) ;
#1005 = ADVANCED_FACE ( 'NONE', ( #424 ), #1622, .F. ) ;
#1006 = ORIENTED_EDGE ( 'NONE', *, *, #2087, .T. ) ;
#1007 = DIRECTION ( 'NONE',  ( -0.000000000000000000, 1.000000000000000000, -0.000000000000000000 ) ) ;
#1008 = EDGE_CURVE ( 'NONE', #3145, #3285, #1789, .T. ) ;
#1009 = CARTESIAN_POINT ( 'NONE',  ( -0.9825534223890100005, 0.7007503343661974915, -3.388131789017200971E-18 ) ) ;
#1010 = ORIENTED_EDGE ( 'NONE', *, *, #1631, .F. ) ;
#1011 = PRODUCT ( 'WS2812-2020', 'WS2812-2020', '', ( #3313 ) ) ;
#1012 = ORIENTED_EDGE ( 'NONE', *, *, #853, .F. ) ;
#1013 = FACE_OUTER_BOUND ( 'NONE', #909, .T. ) ;
#1014 = DIRECTION ( 'NONE',  ( -0.000000000000000000, -0.000000000000000000, -1.000000000000000000 ) ) ;
#1015 = ORIENTED_EDGE ( 'NONE', *, *, #2680, .F. ) ;
#1016 = DIRECTION ( 'NONE',  ( 1.000000000000000000, 0.000000000000000000, 0.000000000000000000 ) ) ;
#1017 = APPLICATION_PROTOCOL_DEFINITION ( 'draft international standard', 'automotive_design', 1998, #738 ) ;
#1018 = SURFACE_SIDE_STYLE ('',( #309 ) ) ;
#1019 = PRESENTATION_STYLE_ASSIGNMENT (( #1733 ) ) ;
#1020 = STYLED_ITEM ( 'NONE', ( #2286 ), #752 ) ;
#1021 = CARTESIAN_POINT ( 'NONE',  ( -0.7249999999999999778, 0.3030732766720207194, 0.2900000000000000355 ) ) ;
#1022 = PRESENTATION_LAYER_ASSIGNMENT (  '', '', ( #1153 ) ) ;
#1023 = FACE_OUTER_BOUND ( 'NONE', #1310, .T. ) ;
#1024 = ADVANCED_FACE ( 'NONE', ( #919 ), #1628, .F. ) ;
#1025 = SURFACE_STYLE_USAGE ( .BOTH. , #1346 ) ;
#1026 =( NAMED_UNIT ( * ) PLANE_ANGLE_UNIT ( ) SI_UNIT ( $, .RADIAN. ) );
#1027 = LINE ( 'NONE', #3151, #3445 ) ;
#1028 =( NAMED_UNIT ( * ) SI_UNIT ( $, .STERADIAN. ) SOLID_ANGLE_UNIT ( ) );
#1029 = CARTESIAN_POINT ( 'NONE',  ( 1.100000000000000089, 0.9000000000000000222, 0.2900000000000000355 ) ) ;
#1030 = EDGE_CURVE ( 'NONE', #2238, #1927, #2236, .T. ) ;
#1031 = SURFACE_STYLE_FILL_AREA ( #820 ) ;
#1032 = CARTESIAN_POINT ( 'NONE',  ( -0.8750008057883119639, -0.4410953487000781603, -3.388131789017201356E-18 ) ) ;
#1033 = DIRECTION ( 'NONE',  ( -0.000000000000000000, -0.000000000000000000, -1.000000000000000000 ) ) ;
#1034 = SURFACE_STYLE_USAGE ( .BOTH. , #2726 ) ;
#1035 = ORIENTED_EDGE ( 'NONE', *, *, #920, .T. ) ;
#1036 = CARTESIAN_POINT ( 'NONE',  ( 1.100000000000000089, 0.7249991942116882360, -0.01000000000000000021 ) ) ;
#1037 = DIRECTION ( 'NONE',  ( -0.000000000000000000, -0.000000000000000000, -1.000000000000000000 ) ) ;
#1038 = ORIENTED_EDGE ( 'NONE', *, *, #2338, .F. ) ;
#1039 =( NAMED_UNIT ( * ) SI_UNIT ( $, .STERADIAN. ) SOLID_ANGLE_UNIT ( ) );
#1040 = ORIENTED_EDGE ( 'NONE', *, *, #1360, .F. ) ;
#1041 = ADVANCED_FACE ( 'NONE', ( #786 ), #68, .T. ) ;
#1042 = PRESENTATION_LAYER_ASSIGNMENT (  '', '', ( #156 ) ) ;
#1043 = CARTESIAN_POINT ( 'NONE',  ( 0.5650000000000000577, 0.09500080578831186784, 0.000000000000000000 ) ) ;
#1044 = ORIENTED_EDGE ( 'NONE', *, *, #2181, .F. ) ;
#1045 = VECTOR ( 'NONE', #618, 1000.000000000000000 ) ;
#1046 = DIRECTION ( 'NONE',  ( 1.000000000000000000, -1.346836345031663918E-16, 0.000000000000000000 ) ) ;
#1047 = VERTEX_POINT ( 'NONE', #779 ) ;
#1048 = VERTEX_POINT ( 'NONE', #2757 ) ;
#1049 = AXIS2_PLACEMENT_3D ( 'NONE', #2888, #3210, #51 ) ;
#1050 = DIRECTION ( 'NONE',  ( 0.000000000000000000, 1.000000000000000000, 0.000000000000000000 ) ) ;
#1051 = VERTEX_POINT ( 'NONE', #1060 ) ;
#1052 = CARTESIAN_POINT ( 'NONE',  ( -1.041095348700077805, 0.2750008057883117640, -3.388131789017201356E-18 ) ) ;
#1053 = DIRECTION ( 'NONE',  ( 0.000000000000000000, -0.000000000000000000, -1.000000000000000000 ) ) ;
#1054 = CARTESIAN_POINT ( 'NONE',  ( -1.100000000000000089, 0.2750008057883118195, -0.01000000000000000021 ) ) ;
#1055 = EDGE_LOOP ( 'NONE', ( #63, #349, #2555, #1477 ) ) ;
#1056 = PLANE ( 'NONE',  #2698 ) ;
#1057 = AXIS2_PLACEMENT_3D ( 'NONE', #3266, #1237, #2625 ) ;
#1058 = CARTESIAN_POINT ( 'NONE',  ( 0.5650000000000001688, 0.9000000000000000222, -0.01000000000000000021 ) ) ;
#1059 = VERTEX_POINT ( 'NONE', #758 ) ;
#1060 = CARTESIAN_POINT ( 'NONE',  ( -1.100000000000000089, -0.7249991942116882360, 0.2900000000000000355 ) ) ;
#1061 = CARTESIAN_POINT ( 'NONE',  ( 1.100000000000000089, 0.5000000000000000000, 0.2900000000000000355 ) ) ;
#1062 = VERTEX_POINT ( 'NONE', #3055 ) ;
#1063 = VECTOR ( 'NONE', #2183, 1000.000000000000000 ) ;
#1064 = AXIS2_PLACEMENT_3D ( 'NONE', #1435, #1988, #2013 ) ;
#1065 = VECTOR ( 'NONE', #2482, 1000.000000000000000 ) ;
#1066 =( LENGTH_UNIT ( ) NAMED_UNIT ( * ) SI_UNIT ( .MILLI., .METRE. ) );
#1067 = MECHANICAL_DESIGN_GEOMETRIC_PRESENTATION_REPRESENTATION (  '', ( #3557 ), #1507 ) ;
#1068 = VECTOR ( 'NONE', #1541, 1000.000000000000000 ) ;
#1069 = DIRECTION ( 'NONE',  ( -0.000000000000000000, -0.000000000000000000, 1.000000000000000000 ) ) ;
#1070 = AXIS2_PLACEMENT_3D ( 'NONE', #1421, #48, #2844 ) ;
#1071 = COLOUR_RGB ( '',1.000000000000000000, 1.000000000000000000, 0.000000000000000000 ) ;
#1072 = LINE ( 'NONE', #13, #2713 ) ;
#1073 = DIRECTION ( 'NONE',  ( 1.000000000000000000, 1.013273058397667935E-16, 0.000000000000000000 ) ) ;
#1074 = DIRECTION ( 'NONE',  ( -0.000000000000000000, -0.000000000000000000, -1.000000000000000000 ) ) ;
#1075 = MECHANICAL_DESIGN_GEOMETRIC_PRESENTATION_REPRESENTATION (  '', ( #3452 ), #756 ) ;
#1076 = FILL_AREA_STYLE_COLOUR ( '', #1071 ) ;
#1077 = LINE ( 'NONE', #1529, #3177 ) ;
#1078 = SURFACE_STYLE_USAGE ( .BOTH. , #802 ) ;
#1079 = EDGE_CURVE ( 'NONE', #975, #93, #2375, .T. ) ;
#1080 = EDGE_LOOP ( 'NONE', ( #1035, #1981, #901, #3334 ) ) ;
#1081 = CARTESIAN_POINT ( 'NONE',  ( 0.5650000000000001688, 0.9000000000000000222, -0.01000000000000000021 ) ) ;
#1082 = VERTEX_POINT ( 'NONE', #1338 ) ;
#1083 = SURFACE_SIDE_STYLE ('',( #1831 ) ) ;
#1084 = ORIENTED_EDGE ( 'NONE', *, *, #3698, .T. ) ;
#1085 =( LENGTH_UNIT ( ) NAMED_UNIT ( * ) SI_UNIT ( .MILLI., .METRE. ) );
#1086 = FILL_AREA_STYLE_COLOUR ( '', #2882 ) ;
#1087 = AXIS2_PLACEMENT_3D ( 'NONE', #3038, #2772, #3027 ) ;
#1088 = ORIENTED_EDGE ( 'NONE', *, *, #2302, .F. ) ;
#1089 = PRESENTATION_STYLE_ASSIGNMENT (( #3680 ) ) ;
#1090 = PRESENTATION_LAYER_ASSIGNMENT (  '', '', ( #1402 ) ) ;
#1091 =( NAMED_UNIT ( * ) PLANE_ANGLE_UNIT ( ) SI_UNIT ( $, .RADIAN. ) );
#1092 = ORIENTED_EDGE ( 'NONE', *, *, #3225, .F. ) ;
#1093 = LINE ( 'NONE', #3074, #966 ) ;
#1094 = EDGE_CURVE ( 'NONE', #2323, #1238, #1482, .T. ) ;
#1095 = SURFACE_SIDE_STYLE ('',( #870 ) ) ;
#1096 = VERTEX_POINT ( 'NONE', #2729 ) ;
#1097 = COLOUR_RGB ( '',1.000000000000000000, 1.000000000000000000, 0.000000000000000000 ) ;
#1098 = CARTESIAN_POINT ( 'NONE',  ( 1.100000000000000089, -0.5000000000000000000, 0.2900000000000000355 ) ) ;
#1099 = EDGE_LOOP ( 'NONE', ( #392, #67, #1517, #2008, #1875, #3547, #816, #959, #3119, #3072, #2939, #1481 ) ) ;
#1100 =( NAMED_UNIT ( * ) PLANE_ANGLE_UNIT ( ) SI_UNIT ( $, .RADIAN. ) );
#1101 =( GEOMETRIC_REPRESENTATION_CONTEXT ( 3 ) GLOBAL_UNCERTAINTY_ASSIGNED_CONTEXT ( ( #3260 ) ) GLOBAL_UNIT_ASSIGNED_CONTEXT ( ( #113, #3512, #709 ) ) REPRESENTATION_CONTEXT ( 'NONE', 'WORKASPACE' ) );
#1102 = DIRECTION ( 'NONE',  ( 0.000000000000000000, 0.000000000000000000, 1.000000000000000000 ) ) ;
#1103 = UNCERTAINTY_MEASURE_WITH_UNIT (LENGTH_MEASURE( 1.000000000000000082E-05 ), #200, 'distance_accuracy_value', 'NONE');
#1104 = CARTESIAN_POINT ( 'NONE',  ( -1.134374963757682542, -0.5790828961300411581, 0.2900000000000000355 ) ) ;
#1105 = PRESENTATION_STYLE_ASSIGNMENT (( #2695 ) ) ;
#1106 = LINE ( 'NONE', #1454, #2531 ) ;
#1107 =( NAMED_UNIT ( * ) SI_UNIT ( $, .STERADIAN. ) SOLID_ANGLE_UNIT ( ) );
#1108 =( GEOMETRIC_REPRESENTATION_CONTEXT ( 3 ) GLOBAL_UNCERTAINTY_ASSIGNED_CONTEXT ( ( #490 ) ) GLOBAL_UNIT_ASSIGNED_CONTEXT ( ( #1262, #404, #3267 ) ) REPRESENTATION_CONTEXT ( 'NONE', 'WORKASPACE' ) );
#1109 = CARTESIAN_POINT ( 'NONE',  ( 1.100000000000000089, -0.7249991942116882360, 0.2800000000000000266 ) ) ;
#1110 = CARTESIAN_POINT ( 'NONE',  ( -1.100000000000000089, 0.5000000000000000000, -0.01000000000000000021 ) ) ;
#1111 = DIRECTION ( 'NONE',  ( -0.000000000000000000, -0.000000000000000000, -1.000000000000000000 ) ) ;
#1112 = DIRECTION ( 'NONE',  ( -0.000000000000000000, -0.000000000000000000, -1.000000000000000000 ) ) ;
#1113 = PRESENTATION_LAYER_ASSIGNMENT (  '', '', ( #2564 ) ) ;
#1114 = COLOUR_RGB ( '',0.7529411764705882248, 0.7529411764705882248, 0.000000000000000000 ) ;
#1115 = LINE ( 'NONE', #1404, #3219 ) ;
#1116 = ORIENTED_EDGE ( 'NONE', *, *, #980, .T. ) ;
#1117 =( NAMED_UNIT ( * ) PLANE_ANGLE_UNIT ( ) SI_UNIT ( $, .RADIAN. ) );
#1118 = VECTOR ( 'NONE', #2421, 1000.000000000000000 ) ;
#1119 = MECHANICAL_DESIGN_GEOMETRIC_PRESENTATION_REPRESENTATION (  '', ( #3180 ), #1644 ) ;
#1120 = ORIENTED_EDGE ( 'NONE', *, *, #427, .F. ) ;
#1121 = FILL_AREA_STYLE ('',( #560 ) ) ;
#1122 = VERTEX_POINT ( 'NONE', #464 ) ;
#1123 = CYLINDRICAL_SURFACE ( 'NONE', #744, 0.3384658482541752500 ) ;
#1124 = FILL_AREA_STYLE ('',( #1969 ) ) ;
#1125 = LINE ( 'NONE', #2682, #1879 ) ;
#1126 = STYLED_ITEM ( 'NONE', ( #1203 ), #2111 ) ;
#1127 = ORIENTED_EDGE ( 'NONE', *, *, #1390, .T. ) ;
#1128 = LINE ( 'NONE', #1036, #1357 ) ;
#1129 = FILL_AREA_STYLE_COLOUR ( '', #3705 ) ;
#1130 = MECHANICAL_DESIGN_GEOMETRIC_PRESENTATION_REPRESENTATION (  '', ( #2315 ), #2845 ) ;
#1131 = EDGE_LOOP ( 'NONE', ( #78, #991, #3396, #2340 ) ) ;
#1132 = STYLED_ITEM ( 'NONE', ( #228 ), #2979 ) ;
#1133 = CIRCLE ( 'NONE', #207, 0.1174663986613712630 ) ;
#1134 = EDGE_CURVE ( 'NONE', #1778, #2049, #1128, .T. ) ;
#1135 = CARTESIAN_POINT ( 'NONE',  ( -0.5650000000000000577, 0.09500080578831186784, 0.000000000000000000 ) ) ;
#1136 = CARTESIAN_POINT ( 'NONE',  ( 0.8750008057883118529, 0.5589046512999221727, -3.388131789017201356E-18 ) ) ;
#1137 = ORIENTED_EDGE ( 'NONE', *, *, #2792, .T. ) ;
#1138 = PRESENTATION_STYLE_ASSIGNMENT (( #225 ) ) ;
#1139 = SURFACE_STYLE_USAGE ( .BOTH. , #3131 ) ;
#1140 = VECTOR ( 'NONE', #1707, 1000.000000000000000 ) ;
#1141 = EDGE_LOOP ( 'NONE', ( #3392, #1663, #3461, #2925, #2017, #2799, #339, #1233, #1949, #2186 ) ) ;
#1142 = SURFACE_STYLE_FILL_AREA ( #1557 ) ;
#1143 = CARTESIAN_POINT ( 'NONE',  ( -1.100000000000000089, 0.5000000000000000000, 0.2900000000000000355 ) ) ;
#1144 = VERTEX_POINT ( 'NONE', #264 ) ;
#1145 = PRESENTATION_STYLE_ASSIGNMENT (( #2372 ) ) ;
#1146 = EDGE_CURVE ( 'NONE', #1048, #1617, #1407, .T. ) ;
#1147 = UNCERTAINTY_MEASURE_WITH_UNIT (LENGTH_MEASURE( 1.000000000000000082E-05 ), #3280, 'distance_accuracy_value', 'NONE');
#1148 = DIRECTION ( 'NONE',  ( 0.000000000000000000, -1.000000000000000000, 0.000000000000000000 ) ) ;
#1149 = SURFACE_STYLE_USAGE ( .BOTH. , #2257 ) ;
#1150 = VECTOR ( 'NONE', #3715, 1000.000000000000000 ) ;
#1151 = FACE_OUTER_BOUND ( 'NONE', #1131, .T. ) ;
#1152 = STYLED_ITEM ( 'NONE', ( #473 ), #1005 ) ;
#1153 = STYLED_ITEM ( 'NONE', ( #478 ), #2706 ) ;
#1154 =( NAMED_UNIT ( * ) PLANE_ANGLE_UNIT ( ) SI_UNIT ( $, .RADIAN. ) );
#1155 = CARTESIAN_POINT ( 'NONE',  ( 1.100602166165610463, 0.5000000000000000000, 0.8400000000000000799 ) ) ;
#1156 = FILL_AREA_STYLE_COLOUR ( '', #402 ) ;
#1157 = VECTOR ( 'NONE', #157, 1000.000000000000000 ) ;
#1158 = CARTESIAN_POINT ( 'NONE',  ( -0.7249999999999999778, 1.000000000000000000, 0.8400000000000000799 ) ) ;
#1159 =( NAMED_UNIT ( * ) PLANE_ANGLE_UNIT ( ) SI_UNIT ( $, .RADIAN. ) );
#1160 =( LENGTH_UNIT ( ) NAMED_UNIT ( * ) SI_UNIT ( .MILLI., .METRE. ) );
#1161 =( GEOMETRIC_REPRESENTATION_CONTEXT ( 3 ) GLOBAL_UNCERTAINTY_ASSIGNED_CONTEXT ( ( #2094 ) ) GLOBAL_UNIT_ASSIGNED_CONTEXT ( ( #2753, #1621, #2145 ) ) REPRESENTATION_CONTEXT ( 'NONE', 'WORKASPACE' ) );
#1162 = FACE_OUTER_BOUND ( 'NONE', #1303, .T. ) ;
#1163 = VERTEX_POINT ( 'NONE', #2205 ) ;
#1164 = DIRECTION ( 'NONE',  ( 1.000000000000000000, 0.000000000000000000, -0.000000000000000000 ) ) ;
#1165 = UNCERTAINTY_MEASURE_WITH_UNIT (LENGTH_MEASURE( 1.000000000000000082E-05 ), #243, 'distance_accuracy_value', 'NONE');
#1166 = PLANE ( 'NONE',  #1070 ) ;
#1167 = STYLED_ITEM ( 'NONE', ( #168 ), #420 ) ;
#1168 = ORIENTED_EDGE ( 'NONE', *, *, #1877, .T. ) ;
#1169 = COLOUR_RGB ( '',0.7529411764705882248, 0.7529411764705882248, 0.000000000000000000 ) ;
#1170 = SURFACE_SIDE_STYLE ('',( #2983 ) ) ;
#1171 = EDGE_CURVE ( 'NONE', #1059, #1778, #3653, .T. ) ;
#1172 =( LENGTH_UNIT ( ) NAMED_UNIT ( * ) SI_UNIT ( .MILLI., .METRE. ) );
#1173 =( NAMED_UNIT ( * ) SI_UNIT ( $, .STERADIAN. ) SOLID_ANGLE_UNIT ( ) );
#1174 = CARTESIAN_POINT ( 'NONE',  ( 1.041095348700078027, 0.7249991942116883470, -3.388131789017202127E-18 ) ) ;
#1175 = ORIENTED_EDGE ( 'NONE', *, *, #3594, .T. ) ;
#1176 = DIRECTION ( 'NONE',  ( 0.000000000000000000, -1.000000000000000000, 0.000000000000000000 ) ) ;
#1177 = ORIENTED_EDGE ( 'NONE', *, *, #2223, .F. ) ;
#1178 = SURFACE_STYLE_FILL_AREA ( #214 ) ;
#1179 = STYLED_ITEM ( 'NONE', ( #2452 ), #2164 ) ;
#1180 = ORIENTED_EDGE ( 'NONE', *, *, #244, .T. ) ;
#1181 = SURFACE_SIDE_STYLE ('',( #2894 ) ) ;
#1182 = SURFACE_STYLE_FILL_AREA ( #1556 ) ;
#1183 = AXIS2_PLACEMENT_3D ( 'NONE', #3694, #1427, #3426 ) ;
#1184 = PRESENTATION_LAYER_ASSIGNMENT (  '', '', ( #813 ) ) ;
#1185 = ORIENTED_EDGE ( 'NONE', *, *, #2159, .F. ) ;
#1186 = PLANE ( 'NONE',  #1049 ) ;
#1187 = VECTOR ( 'NONE', #2034, 1000.000000000000000 ) ;
#1188 =( NAMED_UNIT ( * ) PLANE_ANGLE_UNIT ( ) SI_UNIT ( $, .RADIAN. ) );
#1189 = DIRECTION ( 'NONE',  ( -0.000000000000000000, -0.000000000000000000, 1.000000000000000000 ) ) ;
#1190 = EDGE_LOOP ( 'NONE', ( #2374, #3561, #1372, #576, #2910, #3513, #1226, #1939 ) ) ;
#1191 = VECTOR ( 'NONE', #680, 1000.000000000000000 ) ;
#1192 = EDGE_CURVE ( 'NONE', #3471, #1062, #3601, .T. ) ;
#1193 = VECTOR ( 'NONE', #1250, 1000.000000000000000 ) ;
#1194 = FILL_AREA_STYLE ('',( #65 ) ) ;
#1195 = CARTESIAN_POINT ( 'NONE',  ( -1.100000000000000089, 0.09500080578831181233, 0.2900000000000000355 ) ) ;
#1196 = FILL_AREA_STYLE ('',( #2574 ) ) ;
#1197 = DIRECTION ( 'NONE',  ( -1.346836345031663671E-16, -1.000000000000000000, -0.000000000000000000 ) ) ;
#1198 = FACE_OUTER_BOUND ( 'NONE', #1314, .T. ) ;
#1199 =( NAMED_UNIT ( * ) SI_UNIT ( $, .STERADIAN. ) SOLID_ANGLE_UNIT ( ) );
#1200 = EDGE_CURVE ( 'NONE', #1082, #998, #2911, .T. ) ;
#1201 = SURFACE_STYLE_FILL_AREA ( #2314 ) ;
#1202 = CARTESIAN_POINT ( 'NONE',  ( -1.041095348700078027, 0.7249991942116882360, -3.388131789017201356E-18 ) ) ;
#1203 = PRESENTATION_STYLE_ASSIGNMENT (( #3408 ) ) ;
#1204 = AXIS2_PLACEMENT_3D ( 'NONE', #269, #838, #1385 ) ;
#1205 = STYLED_ITEM ( 'NONE', ( #529 ), #3213 ) ;
#1206 = CARTESIAN_POINT ( 'NONE',  ( 0.7249999999999999778, -0.04327719538221277973, 0.2900000000000000910 ) ) ;
#1207 = COLOUR_RGB ( '',1.000000000000000000, 1.000000000000000000, 1.000000000000000000 ) ;
#1208 = CARTESIAN_POINT ( 'NONE',  ( 0.8753014859769602252, -0.4999999999999997780, -1.694065894508600678E-18 ) ) ;
#1209 = PRESENTATION_STYLE_ASSIGNMENT (( #2890 ) ) ;
#1210 = CARTESIAN_POINT ( 'NONE',  ( -1.100000000000000089, 0.09500080578831181233, -0.01000000000000000021 ) ) ;
#1211 = VERTEX_POINT ( 'NONE', #807 ) ;
#1212 = CARTESIAN_POINT ( 'NONE',  ( 1.100000000000000089, -0.7249991942116882360, 0.8400000000000000799 ) ) ;
#1213 = ORIENTED_EDGE ( 'NONE', *, *, #507, .F. ) ;
#1214 = VECTOR ( 'NONE', #344, 1000.000000000000000 ) ;
#1215 = UNCERTAINTY_MEASURE_WITH_UNIT (LENGTH_MEASURE( 1.000000000000000082E-05 ), #3478, 'distance_accuracy_value', 'NONE');
#1216 = EDGE_CURVE ( 'NONE', #2275, #2136, #1269, .T. ) ;
#1217 = ORIENTED_EDGE ( 'NONE', *, *, #2141, .F. ) ;
#1218 = VERTEX_POINT ( 'NONE', #1925 ) ;
#1219 = CARTESIAN_POINT ( 'NONE',  ( -1.100000000000000089, 0.5000000000000000000, 0.2900000000000000355 ) ) ;
#1220 = CARTESIAN_POINT ( 'NONE',  ( -1.100602166165610463, 0.5000000000000000000, 0.8400000000000000799 ) ) ;
#1221 = CARTESIAN_POINT ( 'NONE',  ( -1.100000000000000089, 1.000000000000000000, 0.000000000000000000 ) ) ;
#1222 = ORIENTED_EDGE ( 'NONE', *, *, #3029, .F. ) ;
#1223 = CARTESIAN_POINT ( 'NONE',  ( -0.8753014859769602252, -0.5000000000000000000, -1.694065894508600678E-18 ) ) ;
#1224 = SURFACE_SIDE_STYLE ('',( #3272 ) ) ;
#1225 = ADVANCED_FACE ( 'NONE', ( #2278 ), #2237, .F. ) ;
#1226 = ORIENTED_EDGE ( 'NONE', *, *, #796, .T. ) ;
#1227 = DIRECTION ( 'NONE',  ( -1.000000000000000000, -0.000000000000000000, -0.000000000000000000 ) ) ;
#1228 = ORIENTED_EDGE ( 'NONE', *, *, #1192, .T. ) ;
#1229 = MECHANICAL_DESIGN_GEOMETRIC_PRESENTATION_REPRESENTATION (  '', ( #1919 ), #2448 ) ;
#1230 = VECTOR ( 'NONE', #3278, 1000.000000000000000 ) ;
#1231 = CARTESIAN_POINT ( 'NONE',  ( -0.7249999999999999778, 1.000000000000000000, 0.2800000000000000266 ) ) ;
#1232 = SURFACE_STYLE_FILL_AREA ( #1443 ) ;
#1233 = ORIENTED_EDGE ( 'NONE', *, *, #376, .T. ) ;
#1234 = COLOUR_RGB ( '',1.000000000000000000, 1.000000000000000000, 1.000000000000000000 ) ;
#1235 =( GEOMETRIC_REPRESENTATION_CONTEXT ( 3 ) GLOBAL_UNCERTAINTY_ASSIGNED_CONTEXT ( ( #1982 ) ) GLOBAL_UNIT_ASSIGNED_CONTEXT ( ( #2095, #683, #403 ) ) REPRESENTATION_CONTEXT ( 'NONE', 'WORKASPACE' ) );
#1236 = DIRECTION ( 'NONE',  ( -0.000000000000000000, -0.000000000000000000, -1.000000000000000000 ) ) ;
#1237 = DIRECTION ( 'NONE',  ( -0.000000000000000000, 0.000000000000000000, 1.000000000000000000 ) ) ;
#1238 = VERTEX_POINT ( 'NONE', #542 ) ;
#1239 = DIRECTION ( 'NONE',  ( 1.000000000000000000, 0.000000000000000000, 0.000000000000000000 ) ) ;
#1240 = DIRECTION ( 'NONE',  ( 0.000000000000000000, -1.000000000000000000, 0.000000000000000000 ) ) ;
#1241 = EDGE_CURVE ( 'NONE', #1795, #59, #2068, .T. ) ;
#1242 =( LENGTH_UNIT ( ) NAMED_UNIT ( * ) SI_UNIT ( .MILLI., .METRE. ) );
#1243 = CARTESIAN_POINT ( 'NONE',  ( -1.100000000000000089, 0.7249991942116882360, 0.8400000000000000799 ) ) ;
#1244 = COLOUR_RGB ( '',1.000000000000000000, 1.000000000000000000, 1.000000000000000000 ) ;
#1245 = AXIS2_PLACEMENT_3D ( 'NONE', #2042, #891, #342 ) ;
#1246 = CARTESIAN_POINT ( 'NONE',  ( -1.100000000000000089, 0.5000000000000000000, 0.2900000000000000355 ) ) ;
#1247 = VECTOR ( 'NONE', #1240, 1000.000000000000000 ) ;
#1248 = CARTESIAN_POINT ( 'NONE',  ( -0.5000000000000001110, 1.000000000000000000, -0.01000000000000000021 ) ) ;
#1249 = SURFACE_STYLE_USAGE ( .BOTH. , #955 ) ;
#1250 = DIRECTION ( 'NONE',  ( 0.000000000000000000, 1.000000000000000000, 0.000000000000000000 ) ) ;
#1251 = PRESENTATION_LAYER_ASSIGNMENT (  '', '', ( #2122 ) ) ;
#1252 = ORIENTED_EDGE ( 'NONE', *, *, #1358, .F. ) ;
#1253 = LINE ( 'NONE', #3129, #2943 ) ;
#1254 = VERTEX_POINT ( 'NONE', #3403 ) ;
#1255 = AXIS2_PLACEMENT_3D ( 'NONE', #1979, #276, #1368 ) ;
#1256 = CARTESIAN_POINT ( 'NONE',  ( 1.041095348700077805, -0.7249991942116883470, 0.2800000000000000266 ) ) ;
#1257 = STYLED_ITEM ( 'NONE', ( #1994 ), #3158 ) ;
#1258 = DIRECTION ( 'NONE',  ( -1.000000000000000000, 0.000000000000000000, 0.000000000000000000 ) ) ;
#1259 = EDGE_CURVE ( 'NONE', #1882, #198, #3695, .T. ) ;
#1260 = CARTESIAN_POINT ( 'NONE',  ( -1.100000000000000089, 0.2750008057883118195, 0.000000000000000000 ) ) ;
#1261 = CARTESIAN_POINT ( 'NONE',  ( 1.100000000000000089, 1.000000000000000000, 0.2800000000000000266 ) ) ;
#1262 =( LENGTH_UNIT ( ) NAMED_UNIT ( * ) SI_UNIT ( .MILLI., .METRE. ) );
#1263 = ORIENTED_EDGE ( 'NONE', *, *, #2276, .F. ) ;
#1264 = ADVANCED_FACE ( 'NONE', ( #2628 ), #1972, .F. ) ;
#1265 = UNCERTAINTY_MEASURE_WITH_UNIT (LENGTH_MEASURE( 1.000000000000000082E-05 ), #3657, 'distance_accuracy_value', 'NONE');
#1266 = CARTESIAN_POINT ( 'NONE',  ( -1.100000000000000089, -0.2750008057883118195, 0.8400000000000000799 ) ) ;
#1267 = AXIS2_PLACEMENT_3D ( 'NONE', #3276, #2659, #3523 ) ;
#1268 = VERTEX_POINT ( 'NONE', #236 ) ;
#1269 = CIRCLE ( 'NONE', #1204, 0.3590454290815717209 ) ;
#1270 = CARTESIAN_POINT ( 'NONE',  ( -0.8750008057883120749, 0.4410953487000781603, 0.2800000000000000266 ) ) ;
#1271 = VECTOR ( 'NONE', #46, 1000.000000000000000 ) ;
#1272 = DIRECTION ( 'NONE',  ( 0.000000000000000000, -1.000000000000000000, -0.000000000000000000 ) ) ;
#1273 = ORIENTED_EDGE ( 'NONE', *, *, #725, .F. ) ;
#1274 = DIRECTION ( 'NONE',  ( 1.000000000000000000, 0.000000000000000000, 0.000000000000000000 ) ) ;
#1275 = EDGE_CURVE ( 'NONE', #3634, #2098, #196, .T. ) ;
#1276 =( LENGTH_UNIT ( ) NAMED_UNIT ( * ) SI_UNIT ( .MILLI., .METRE. ) );
#1277 = FILL_AREA_STYLE ('',( #2950 ) ) ;
#1278 = FILL_AREA_STYLE_COLOUR ( '', #2514 ) ;
#1279 = ORIENTED_EDGE ( 'NONE', *, *, #449, .F. ) ;
#1280 = FACE_OUTER_BOUND ( 'NONE', #1787, .T. ) ;
#1281 = AXIS2_PLACEMENT_3D ( 'NONE', #3306, #2191, #2442 ) ;
#1282 = DIRECTION ( 'NONE',  ( -0.000000000000000000, -0.000000000000000000, -1.000000000000000000 ) ) ;
#1283 = ORIENTED_EDGE ( 'NONE', *, *, #238, .F. ) ;
#1284 = LINE ( 'NONE', #3650, #293 ) ;
#1285 = DIRECTION ( 'NONE',  ( -0.000000000000000000, -0.000000000000000000, 1.000000000000000000 ) ) ;
#1286 = UNCERTAINTY_MEASURE_WITH_UNIT (LENGTH_MEASURE( 1.000000000000000082E-05 ), #3446, 'distance_accuracy_value', 'NONE');
#1287 = SURFACE_STYLE_USAGE ( .BOTH. , #1294 ) ;
#1288 = CARTESIAN_POINT ( 'NONE',  ( -0.7249999999999999778, 0.3030732766720207194, 0.2900000000000000355 ) ) ;
#1289 = EDGE_CURVE ( 'NONE', #2817, #850, #2050, .T. ) ;
#1290 = EDGE_CURVE ( 'NONE', #1927, #605, #2905, .T. ) ;
#1291 = STYLED_ITEM ( 'NONE', ( #843 ), #364 ) ;
#1292 = CARTESIAN_POINT ( 'NONE',  ( -1.100000000000000089, -0.09500080578831175682, 0.2800000000000000266 ) ) ;
#1293 = LINE ( 'NONE', #689, #3536 ) ;
#1294 = SURFACE_SIDE_STYLE ('',( #3702 ) ) ;
#1295 = VECTOR ( 'NONE', #2616, 1000.000000000000000 ) ;
#1296 = ADVANCED_FACE ( 'NONE', ( #1476 ), #2820, .T. ) ;
#1297 = AXIS2_PLACEMENT_3D ( 'NONE', #1849, #1530, #2392 ) ;
#1298 =( LENGTH_UNIT ( ) NAMED_UNIT ( * ) SI_UNIT ( .MILLI., .METRE. ) );
#1299 = CIRCLE ( 'NONE', #1064, 0.1174663986613712630 ) ;
#1300 = FILL_AREA_STYLE ('',( #3611 ) ) ;
#1301 = VERTEX_POINT ( 'NONE', #2553 ) ;
#1302 = FILL_AREA_STYLE_COLOUR ( '', #3416 ) ;
#1303 = EDGE_LOOP ( 'NONE', ( #3235, #3061, #460, #3662 ) ) ;
#1304 = VECTOR ( 'NONE', #2929, 1000.000000000000000 ) ;
#1305 = CARTESIAN_POINT ( 'NONE',  ( -2.379665023495906096E-18, 1.000000000000000000, 0.000000000000000000 ) ) ;
#1306 = MECHANICAL_DESIGN_GEOMETRIC_PRESENTATION_REPRESENTATION (  '', ( #673 ), #1235 ) ;
#1307 = EDGE_CURVE ( 'NONE', #2737, #249, #2369, .T. ) ;
#1308 = EDGE_CURVE ( 'NONE', #593, #475, #1586, .T. ) ;
#1309 = ORIENTED_EDGE ( 'NONE', *, *, #1905, .T. ) ;
#1310 = EDGE_LOOP ( 'NONE', ( #1263, #1217, #2504, #2604 ) ) ;
#1311 =( NAMED_UNIT ( * ) SI_UNIT ( $, .STERADIAN. ) SOLID_ANGLE_UNIT ( ) );
#1312 = CARTESIAN_POINT ( 'NONE',  ( -1.100000000000000089, 0.7249991942116882360, -0.01000000000000000021 ) ) ;
#1313 = CARTESIAN_POINT ( 'NONE',  ( -1.100000000000000089, -0.5000000000000000000, -0.01000000000000000021 ) ) ;
#1314 = EDGE_LOOP ( 'NONE', ( #3193, #862, #2288, #412, #119, #2327, #2061, #2466 ) ) ;
#1315 = FILL_AREA_STYLE_COLOUR ( '', #136 ) ;
#1316 = CARTESIAN_POINT ( 'NONE',  ( -2.379665023495906096E-18, 1.000000000000000000, -0.01000000000000000021 ) ) ;
#1317 = EDGE_CURVE ( 'NONE', #1218, #1442, #1400, .T. ) ;
#1318 = ORIENTED_EDGE ( 'NONE', *, *, #259, .T. ) ;
#1319 = VECTOR ( 'NONE', #32, 1000.000000000000000 ) ;
#1320 = ADVANCED_FACE ( 'NONE', ( #1739 ), #3548, .T. ) ;
#1321 =( LENGTH_UNIT ( ) NAMED_UNIT ( * ) SI_UNIT ( .MILLI., .METRE. ) );
#1322 = SURFACE_STYLE_FILL_AREA ( #2977 ) ;
#1323 = DIRECTION ( 'NONE',  ( -0.000000000000000000, -0.000000000000000000, 1.000000000000000000 ) ) ;
#1324 = CARTESIAN_POINT ( 'NONE',  ( -1.100000000000000089, 0.9000000000000000222, 0.2800000000000000266 ) ) ;
#1325 = EDGE_LOOP ( 'NONE', ( #2821, #3457, #3498, #3140 ) ) ;
#1326 = MECHANICAL_DESIGN_GEOMETRIC_PRESENTATION_REPRESENTATION (  '', ( #1693 ), #760 ) ;
#1327 = FACE_OUTER_BOUND ( 'NONE', #1922, .T. ) ;
#1328 = DIRECTION ( 'NONE',  ( -1.000000000000000000, 0.000000000000000000, 0.000000000000000000 ) ) ;
#1329 = FILL_AREA_STYLE ('',( #1278 ) ) ;
#1330 = FILL_AREA_STYLE ('',( #1315 ) ) ;
#1331 = ORIENTED_EDGE ( 'NONE', *, *, #1171, .F. ) ;
#1332 =( GEOMETRIC_REPRESENTATION_CONTEXT ( 3 ) GLOBAL_UNCERTAINTY_ASSIGNED_CONTEXT ( ( #1923 ) ) GLOBAL_UNIT_ASSIGNED_CONTEXT ( ( #268, #844, #2212 ) ) REPRESENTATION_CONTEXT ( 'NONE', 'WORKASPACE' ) );
#1333 = COLOUR_RGB ( '',0.7529411764705882248, 0.7529411764705882248, 0.000000000000000000 ) ;
#1334 = CARTESIAN_POINT ( 'NONE',  ( -0.8750008057883119639, -0.4410953487000781048, 0.2800000000000000266 ) ) ;
#1335 =( GEOMETRIC_REPRESENTATION_CONTEXT ( 3 ) GLOBAL_UNCERTAINTY_ASSIGNED_CONTEXT ( ( #793 ) ) GLOBAL_UNIT_ASSIGNED_CONTEXT ( ( #1066, #1921, #1957 ) ) REPRESENTATION_CONTEXT ( 'NONE', 'WORKASPACE' ) );
#1336 = EDGE_CURVE ( 'NONE', #2813, #480, #3329, .T. ) ;
#1337 = SURFACE_STYLE_FILL_AREA ( #178 ) ;
#1338 = CARTESIAN_POINT ( 'NONE',  ( 1.100000000000000089, -0.09500080578831175682, 0.2800000000000000266 ) ) ;
#1339 = ADVANCED_FACE ( 'NONE', ( #657 ), #864, .F. ) ;
#1340 = CARTESIAN_POINT ( 'NONE',  ( 0.000000000000000000, 0.000000000000000000, 0.000000000000000000 ) ) ;
#1341 = CARTESIAN_POINT ( 'NONE',  ( -0.9825534223890097785, -0.2992496656338025640, -3.388131789017200201E-18 ) ) ;
#1342 = SURFACE_STYLE_USAGE ( .BOTH. , #2781 ) ;
#1343 = CARTESIAN_POINT ( 'NONE',  ( -1.100000000000000089, -0.7249991942116882360, 0.2800000000000000822 ) ) ;
#1344 = FACE_OUTER_BOUND ( 'NONE', #1694, .T. ) ;
#1345 = PRESENTATION_STYLE_ASSIGNMENT (( #1486 ) ) ;
#1346 = SURFACE_SIDE_STYLE ('',( #3336 ) ) ;
#1347 = CARTESIAN_POINT ( 'NONE',  ( 1.100000000000000089, 1.000000000000000000, 0.2800000000000000266 ) ) ;
#1348 = EDGE_LOOP ( 'NONE', ( #781, #743, #3706, #2027 ) ) ;
#1349 = CARTESIAN_POINT ( 'NONE',  ( -1.100602166165608686, -0.5000000000000000000, 0.8400000000000000799 ) ) ;
#1350 = CARTESIAN_POINT ( 'NONE',  ( -1.100000000000000089, -0.9000000000000000222, 0.000000000000000000 ) ) ;
#1351 = AXIS2_PLACEMENT_3D ( 'NONE', #2425, #1829, #2079 ) ;
#1352 = STYLED_ITEM ( 'NONE', ( #2250 ), #2650 ) ;
#1353 = CARTESIAN_POINT ( 'NONE',  ( -0.5650000000000000577, -0.09500080578831186784, -0.01000000000000000021 ) ) ;
#1354 = ORIENTED_EDGE ( 'NONE', *, *, #2018, .T. ) ;
#1355 = FILL_AREA_STYLE_COLOUR ( '', #1783 ) ;
#1356 = ORIENTED_EDGE ( 'NONE', *, *, #3673, .T. ) ;
#1357 = VECTOR ( 'NONE', #1881, 1000.000000000000000 ) ;
#1358 = EDGE_CURVE ( 'NONE', #3701, #3036, #1576, .T. ) ;
#1359 = ORIENTED_EDGE ( 'NONE', *, *, #2227, .F. ) ;
#1360 = EDGE_CURVE ( 'NONE', #3157, #2515, #10, .T. ) ;
#1361 = FILL_AREA_STYLE_COLOUR ( '', #2827 ) ;
#1362 = FILL_AREA_STYLE_COLOUR ( '', #3517 ) ;
#1363 = ORIENTED_EDGE ( 'NONE', *, *, #2038, .T. ) ;
#1364 = CIRCLE ( 'NONE', #3507, 0.3853308491107274025 ) ;
#1365 =( NAMED_UNIT ( * ) SI_UNIT ( $, .STERADIAN. ) SOLID_ANGLE_UNIT ( ) );
#1366 = FILL_AREA_STYLE_COLOUR ( '', #3368 ) ;
#1367 = STYLED_ITEM ( 'NONE', ( #481 ), #445 ) ;
#1368 = DIRECTION ( 'NONE',  ( 0.000000000000000000, -0.000000000000000000, -1.000000000000000000 ) ) ;
#1369 = VERTEX_POINT ( 'NONE', #2342 ) ;
#1370 = LINE ( 'NONE', #1324, #621 ) ;
#1371 = VECTOR ( 'NONE', #1462, 1000.000000000000000 ) ;
#1372 = ORIENTED_EDGE ( 'NONE', *, *, #2223, .T. ) ;
#1373 = LINE ( 'NONE', #2348, #1191 ) ;
#1374 = SURFACE_STYLE_FILL_AREA ( #1412 ) ;
#1375 = CARTESIAN_POINT ( 'NONE',  ( 1.100000000000000089, 0.7249991942116882360, 0.2800000000000000822 ) ) ;
#1376 = DIRECTION ( 'NONE',  ( 1.000000000000000000, 0.000000000000000000, -0.000000000000000000 ) ) ;
#1377 = MECHANICAL_DESIGN_GEOMETRIC_PRESENTATION_REPRESENTATION (  '', ( #3044 ), #3504 ) ;
#1378 = SURFACE_SIDE_STYLE ('',( #81 ) ) ;
#1379 =( NAMED_UNIT ( * ) SI_UNIT ( $, .STERADIAN. ) SOLID_ANGLE_UNIT ( ) );
#1380 = DIRECTION ( 'NONE',  ( 1.000000000000000000, -1.013273058397667935E-16, 0.000000000000000000 ) ) ;
#1381 = AXIS2_PLACEMENT_3D ( 'NONE', #3449, #2866, #1164 ) ;
#1382 = UNCERTAINTY_MEASURE_WITH_UNIT (LENGTH_MEASURE( 1.000000000000000082E-05 ), #2195, 'distance_accuracy_value', 'NONE');
#1383 = STYLED_ITEM ( 'NONE', ( #1466 ), #3614 ) ;
#1384 = EDGE_CURVE ( 'NONE', #1702, #2071, #2009, .T. ) ;
#1385 = DIRECTION ( 'NONE',  ( -1.000000000000000000, 0.000000000000000000, 0.000000000000000000 ) ) ;
#1386 = LINE ( 'NONE', #1516, #1991 ) ;
#1387 =( LENGTH_UNIT ( ) NAMED_UNIT ( * ) SI_UNIT ( .MILLI., .METRE. ) );
#1388 = LINE ( 'NONE', #2174, #1157 ) ;
#1389 = DIRECTION ( 'NONE',  ( 1.000000000000000000, 0.000000000000000000, 0.000000000000000000 ) ) ;
#1390 = EDGE_CURVE ( 'NONE', #2295, #2861, #60, .T. ) ;
#1391 =( NAMED_UNIT ( * ) PLANE_ANGLE_UNIT ( ) SI_UNIT ( $, .RADIAN. ) );
#1392 = ORIENTED_EDGE ( 'NONE', *, *, #3242, .T. ) ;
#1393 =( LENGTH_UNIT ( ) NAMED_UNIT ( * ) SI_UNIT ( .MILLI., .METRE. ) );
#1394 = VERTEX_POINT ( 'NONE', #145 ) ;
#1395 = CARTESIAN_POINT ( 'NONE',  ( 1.041095348700077805, -0.2750008057883117640, -3.388131789017202127E-18 ) ) ;
#1396 = EDGE_LOOP ( 'NONE', ( #1608, #2837, #3203, #1580, #1800 ) ) ;
#1397 = COLOUR_RGB ( '',1.000000000000000000, 1.000000000000000000, 0.000000000000000000 ) ;
#1398 = EDGE_LOOP ( 'NONE', ( #2547, #2787, #2093, #607, #1283 ) ) ;
#1399 = PRESENTATION_LAYER_ASSIGNMENT (  '', '', ( #2218 ) ) ;
#1400 = LINE ( 'NONE', #2856, #2513 ) ;
#1401 = ORIENTED_EDGE ( 'NONE', *, *, #1426, .T. ) ;
#1402 = STYLED_ITEM ( 'NONE', ( #2491 ), #2728 ) ;
#1403 = DIRECTION ( 'NONE',  ( 0.000000000000000000, 0.000000000000000000, 1.000000000000000000 ) ) ;
#1404 = CARTESIAN_POINT ( 'NONE',  ( 0.7249999999999999778, 1.000000000000000000, 0.2800000000000000266 ) ) ;
#1405 = CARTESIAN_POINT ( 'NONE',  ( 0.8036515856964634441, 0.2750008057883118195, 0.2800000000000000266 ) ) ;
#1406 = VERTEX_POINT ( 'NONE', #2326 ) ;
#1407 = LINE ( 'NONE', #2481, #1883 ) ;
#1408 = SURFACE_STYLE_USAGE ( .BOTH. , #530 ) ;
#1409 = PRODUCT_DEFINITION ( 'UNKNOWN', '', #2428, #2563 ) ;
#1410 = VERTEX_POINT ( 'NONE', #3201 ) ;
#1411 = ORIENTED_EDGE ( 'NONE', *, *, #3259, .F. ) ;
#1412 = FILL_AREA_STYLE ('',( #1086 ) ) ;
#1413 = FACE_OUTER_BOUND ( 'NONE', #736, .T. ) ;
#1414 = CARTESIAN_POINT ( 'NONE',  ( 1.100000000000000089, -0.2750008057883118195, 0.2900000000000000355 ) ) ;
#1415 = ORIENTED_EDGE ( 'NONE', *, *, #1494, .T. ) ;
#1416 = DIRECTION ( 'NONE',  ( -1.000000000000000000, -0.000000000000000000, -0.000000000000000000 ) ) ;
#1417 = DIRECTION ( 'NONE',  ( -0.000000000000000000, -0.000000000000000000, -1.000000000000000000 ) ) ;
#1418 = VECTOR ( 'NONE', #1984, 1000.000000000000000 ) ;
#1419 = CYLINDRICAL_SURFACE ( 'NONE', #3666, 0.2249991942116882082 ) ;
#1420 = LINE ( 'NONE', #1585, #1679 ) ;
#1421 = CARTESIAN_POINT ( 'NONE',  ( 1.100000000000000089, 1.000000000000000000, 0.2800000000000000266 ) ) ;
#1422 = VECTOR ( 'NONE', #1899, 1000.000000000000000 ) ;
#1423 = UNCERTAINTY_MEASURE_WITH_UNIT (LENGTH_MEASURE( 1.000000000000000082E-05 ), #3667, 'distance_accuracy_value', 'NONE');
#1424 =( NAMED_UNIT ( * ) SI_UNIT ( $, .STERADIAN. ) SOLID_ANGLE_UNIT ( ) );
#1425 = AXIS2_PLACEMENT_3D ( 'NONE', #3227, #1189, #669 ) ;
#1426 = EDGE_CURVE ( 'NONE', #3006, #3303, #1658, .T. ) ;
#1427 = DIRECTION ( 'NONE',  ( 0.000000000000000000, -0.000000000000000000, 1.000000000000000000 ) ) ;
#1428 = EDGE_LOOP ( 'NONE', ( #2623, #1675, #749, #3197 ) ) ;
#1429 = DIRECTION ( 'NONE',  ( 1.000000000000000000, 0.000000000000000000, 0.000000000000000000 ) ) ;
#1430 = DIRECTION ( 'NONE',  ( -0.000000000000000000, -0.000000000000000000, -1.000000000000000000 ) ) ;
#1431 = PRESENTATION_STYLE_ASSIGNMENT (( #1447 ) ) ;
#1432 = VERTEX_POINT ( 'NONE', #2609 ) ;
#1433 = CARTESIAN_POINT ( 'NONE',  ( -0.7249999999999999778, 1.000000000000000000, 0.8400000000000000799 ) ) ;
#1434 = DIRECTION ( 'NONE',  ( 0.000000000000000000, -1.000000000000000000, 0.000000000000000000 ) ) ;
#1435 = CARTESIAN_POINT ( 'NONE',  ( -0.9019650710084704537, 0.7827742365072865027, 0.2800000000000000266 ) ) ;
#1436 = ORIENTED_EDGE ( 'NONE', *, *, #2395, .F. ) ;
#1437 = CARTESIAN_POINT ( 'NONE',  ( -0.7249999999999999778, -0.2551845782464792212, 0.2900000000000000355 ) ) ;
#1438 = LINE ( 'NONE', #1564, #1928 ) ;
#1439 = ORIENTED_EDGE ( 'NONE', *, *, #57, .T. ) ;
#1440 = EDGE_CURVE ( 'NONE', #1544, #2976, #1438, .T. ) ;
#1441 = MECHANICAL_DESIGN_GEOMETRIC_PRESENTATION_REPRESENTATION (  '', ( #945 ), #993 ) ;
#1442 = VERTEX_POINT ( 'NONE', #3286 ) ;
#1443 = FILL_AREA_STYLE ('',( #2886 ) ) ;
#1444 = PRESENTATION_LAYER_ASSIGNMENT (  '', '', ( #627 ) ) ;
#1445 = ORIENTED_EDGE ( 'NONE', *, *, #2130, .T. ) ;
#1446 =( NAMED_UNIT ( * ) PLANE_ANGLE_UNIT ( ) SI_UNIT ( $, .RADIAN. ) );
#1447 = SURFACE_STYLE_USAGE ( .BOTH. , #2586 ) ;
#1448 = EDGE_LOOP ( 'NONE', ( #1006, #1213, #1657, #31 ) ) ;
#1449 = VERTEX_POINT ( 'NONE', #1838 ) ;
#1450 = PRESENTATION_LAYER_ASSIGNMENT (  '', '', ( #3651 ) ) ;
#1451 =( LENGTH_UNIT ( ) NAMED_UNIT ( * ) SI_UNIT ( .MILLI., .METRE. ) );
#1452 = ORIENTED_EDGE ( 'NONE', *, *, #1581, .T. ) ;
#1453 = VECTOR ( 'NONE', #3497, 1000.000000000000000 ) ;
#1454 = CARTESIAN_POINT ( 'NONE',  ( -1.100000000000000089, 1.000000000000000000, 0.2800000000000000266 ) ) ;
#1455 = FILL_AREA_STYLE_COLOUR ( '', #1963 ) ;
#1456 = EDGE_CURVE ( 'NONE', #2295, #1047, #2673, .T. ) ;
#1457 =( NAMED_UNIT ( * ) SI_UNIT ( $, .STERADIAN. ) SOLID_ANGLE_UNIT ( ) );
#1458 = STYLED_ITEM ( 'NONE', ( #643 ), #3001 ) ;
#1459 = CIRCLE ( 'NONE', #688, 0.2249991942116882082 ) ;
#1460 = CARTESIAN_POINT ( 'NONE',  ( 0.8992496656338028194, 0.6174465776109900883, 0.2800000000000000266 ) ) ;
#1461 = SURFACE_STYLE_FILL_AREA ( #1300 ) ;
#1462 = DIRECTION ( 'NONE',  ( -0.000000000000000000, -0.000000000000000000, -1.000000000000000000 ) ) ;
#1463 = DIRECTION ( 'NONE',  ( -1.000000000000000000, -0.000000000000000000, -0.000000000000000000 ) ) ;
#1464 = EDGE_LOOP ( 'NONE', ( #281, #3639, #189, #3415 ) ) ;
#1465 = EDGE_CURVE ( 'NONE', #2515, #2906, #240, .T. ) ;
#1466 = PRESENTATION_STYLE_ASSIGNMENT (( #2668 ) ) ;
#1467 = CARTESIAN_POINT ( 'NONE',  ( -1.134374963757682542, -0.5790828961300411581, 0.2900000000000000355 ) ) ;
#1468 =( LENGTH_UNIT ( ) NAMED_UNIT ( * ) SI_UNIT ( .MILLI., .METRE. ) );
#1469 =( GEOMETRIC_REPRESENTATION_CONTEXT ( 3 ) GLOBAL_UNCERTAINTY_ASSIGNED_CONTEXT ( ( #2924 ) ) GLOBAL_UNIT_ASSIGNED_CONTEXT ( ( #665, #375, #2635 ) ) REPRESENTATION_CONTEXT ( 'NONE', 'WORKASPACE' ) );
#1470 = VERTEX_POINT ( 'NONE', #2423 ) ;
#1471 = VECTOR ( 'NONE', #996, 1000.000000000000000 ) ;
#1472 = CARTESIAN_POINT ( 'NONE',  ( 0.8750008057883119639, -0.5589046512999217287, -3.388131789017201356E-18 ) ) ;
#1473 = SURFACE_SIDE_STYLE ('',( #1856 ) ) ;
#1474 = PLANE ( 'NONE',  #3123 ) ;
#1475 = ADVANCED_FACE ( 'NONE', ( #148 ), #737, .F. ) ;
#1476 = FACE_OUTER_BOUND ( 'NONE', #2645, .T. ) ;
#1477 = ORIENTED_EDGE ( 'NONE', *, *, #3060, .F. ) ;
#1478 = CARTESIAN_POINT ( 'NONE',  ( 1.100000000000000089, 0.9000000000000000222, -0.01000000000000000021 ) ) ;
#1479 =( NAMED_UNIT ( * ) PLANE_ANGLE_UNIT ( ) SI_UNIT ( $, .RADIAN. ) );
#1480 = UNCERTAINTY_MEASURE_WITH_UNIT (LENGTH_MEASURE( 1.000000000000000082E-05 ), #2798, 'distance_accuracy_value', 'NONE');
#1481 = ORIENTED_EDGE ( 'NONE', *, *, #3133, .F. ) ;
#1482 = LINE ( 'NONE', #1305, #748 ) ;
#1483 =( GEOMETRIC_REPRESENTATION_CONTEXT ( 3 ) GLOBAL_UNCERTAINTY_ASSIGNED_CONTEXT ( ( #2857 ) ) GLOBAL_UNIT_ASSIGNED_CONTEXT ( ( #3406, #1117, #3385 ) ) REPRESENTATION_CONTEXT ( 'NONE', 'WORKASPACE' ) );
#1484 = ORIENTED_EDGE ( 'NONE', *, *, #2076, .T. ) ;
#1485 = FACE_OUTER_BOUND ( 'NONE', #3052, .T. ) ;
#1486 = SURFACE_STYLE_USAGE ( .BOTH. , #2021 ) ;
#1487 = AXIS2_PLACEMENT_3D ( 'NONE', #973, #398, #992 ) ;
#1488 = ORIENTED_EDGE ( 'NONE', *, *, #3602, .T. ) ;
#1489 = VECTOR ( 'NONE', #2704, 1000.000000000000000 ) ;
#1490 =( NAMED_UNIT ( * ) PLANE_ANGLE_UNIT ( ) SI_UNIT ( $, .RADIAN. ) );
#1491 = FACE_OUTER_BOUND ( 'NONE', #839, .T. ) ;
#1492 = DIRECTION ( 'NONE',  ( -1.000000000000000000, -0.000000000000000000, -0.000000000000000000 ) ) ;
#1493 = CARTESIAN_POINT ( 'NONE',  ( 0.8750008057883118529, 0.9000000000000000222, 0.2900000000000000355 ) ) ;
#1494 = EDGE_CURVE ( 'NONE', #2367, #2330, #2909, .T. ) ;
#1495 = FILL_AREA_STYLE_COLOUR ( '', #1397 ) ;
#1496 = ORIENTED_EDGE ( 'NONE', *, *, #2809, .T. ) ;
#1497 = CARTESIAN_POINT ( 'NONE',  ( -0.7466488026588553595, 0.2397797001469955946, 0.2900000000000000355 ) ) ;
#1498 = ORIENTED_EDGE ( 'NONE', *, *, #1581, .F. ) ;
#1499 = COLOUR_RGB ( '',1.000000000000000000, 1.000000000000000000, 1.000000000000000000 ) ;
#1500 = STYLED_ITEM ( 'NONE', ( #2124 ), #126 ) ;
#1501 = ADVANCED_FACE ( 'NONE', ( #2510 ), #58, .F. ) ;
#1502 = CARTESIAN_POINT ( 'NONE',  ( 1.041095348700077805, 0.2750008057883117640, 0.2800000000000000266 ) ) ;
#1503 = VECTOR ( 'NONE', #2606, 1000.000000000000000 ) ;
#1504 = FILL_AREA_STYLE_COLOUR ( '', #436 ) ;
#1505 =( LENGTH_UNIT ( ) NAMED_UNIT ( * ) SI_UNIT ( .MILLI., .METRE. ) );
#1506 = PRESENTATION_LAYER_ASSIGNMENT (  '', '', ( #1737 ) ) ;
#1507 =( GEOMETRIC_REPRESENTATION_CONTEXT ( 3 ) GLOBAL_UNCERTAINTY_ASSIGNED_CONTEXT ( ( #2617 ) ) GLOBAL_UNIT_ASSIGNED_CONTEXT ( ( #1854, #1479, #159 ) ) REPRESENTATION_CONTEXT ( 'NONE', 'WORKASPACE' ) );
#1508 = MECHANICAL_DESIGN_GEOMETRIC_PRESENTATION_REPRESENTATION (  '', ( #1654 ), #2151 ) ;
#1509 = PLANE ( 'NONE',  #22 ) ;
#1510 = EDGE_CURVE ( 'NONE', #918, #1051, #2415, .T. ) ;
#1511 = CYLINDRICAL_SURFACE ( 'NONE', #1815, 0.2249991942116882082 ) ;
#1512 = VECTOR ( 'NONE', #2033, 1000.000000000000000 ) ;
#1513 = CARTESIAN_POINT ( 'NONE',  ( -0.7249999999999999778, 0.3030732766720207194, 0.2800000000000000266 ) ) ;
#1514 = CARTESIAN_POINT ( 'NONE',  ( -1.100000000000000089, 0.9000000000000000222, -0.01000000000000000021 ) ) ;
#1515 = SURFACE_STYLE_FILL_AREA ( #1690 ) ;
#1516 = CARTESIAN_POINT ( 'NONE',  ( 0.5650000000000001688, -0.9000000000000000222, -0.000000000000000000 ) ) ;
#1517 = ORIENTED_EDGE ( 'NONE', *, *, #295, .T. ) ;
#1518 = CARTESIAN_POINT ( 'NONE',  ( 1.100000000000000089, -0.2750008057883118195, -0.01000000000000000021 ) ) ;
#1519 = CARTESIAN_POINT ( 'NONE',  ( 1.100000000000000089, 0.7249991942116882360, 0.8400000000000000799 ) ) ;
#1520 = VECTOR ( 'NONE', #1417, 1000.000000000000000 ) ;
#1521 = EDGE_CURVE ( 'NONE', #2277, #626, #150, .T. ) ;
#1522 = ORIENTED_EDGE ( 'NONE', *, *, #509, .F. ) ;
#1523 = ORIENTED_EDGE ( 'NONE', *, *, #125, .T. ) ;
#1524 = CARTESIAN_POINT ( 'NONE',  ( 1.100000000000000089, -0.7249991942116882360, 0.2800000000000000266 ) ) ;
#1525 = SURFACE_SIDE_STYLE ('',( #3520 ) ) ;
#1526 = ORIENTED_EDGE ( 'NONE', *, *, #2001, .F. ) ;
#1527 = DIRECTION ( 'NONE',  ( -0.000000000000000000, -0.000000000000000000, -1.000000000000000000 ) ) ;
#1528 =( NAMED_UNIT ( * ) SI_UNIT ( $, .STERADIAN. ) SOLID_ANGLE_UNIT ( ) );
#1529 = CARTESIAN_POINT ( 'NONE',  ( -0.8099423791838803455, 0.8557823114293710010, 0.2900000000000000355 ) ) ;
#1530 = DIRECTION ( 'NONE',  ( -0.000000000000000000, 0.000000000000000000, 1.000000000000000000 ) ) ;
#1531 = UNCERTAINTY_MEASURE_WITH_UNIT (LENGTH_MEASURE( 1.000000000000000082E-05 ), #1085, 'distance_accuracy_value', 'NONE');
#1532 = ORIENTED_EDGE ( 'NONE', *, *, #3169, .T. ) ;
#1533 =( NAMED_UNIT ( * ) SI_UNIT ( $, .STERADIAN. ) SOLID_ANGLE_UNIT ( ) );
#1534 = DIRECTION ( 'NONE',  ( 0.000000000000000000, 0.000000000000000000, 1.000000000000000000 ) ) ;
#1535 = AXIS2_PLACEMENT_3D ( 'NONE', #1246, #2958, #3355 ) ;
#1536 = EDGE_LOOP ( 'NONE', ( #687, #3067, #3231, #2593, #3474, #1273 ) ) ;
#1537 = AXIS2_PLACEMENT_3D ( 'NONE', #1143, #3182, #3159 ) ;
#1538 = LINE ( 'NONE', #365, #1708 ) ;
#1539 = ADVANCED_FACE ( 'NONE', ( #99 ), #459, .T. ) ;
#1540 = CARTESIAN_POINT ( 'NONE',  ( -0.8992496656338027083, 0.3825534223890100782, 0.2800000000000000266 ) ) ;
#1541 = DIRECTION ( 'NONE',  ( 1.084202172485504434E-16, 1.000000000000000000, -0.000000000000000000 ) ) ;
#1542 = ORIENTED_EDGE ( 'NONE', *, *, #266, .T. ) ;
#1543 = CARTESIAN_POINT ( 'NONE',  ( -0.8750008057883118529, -0.5000000000000000000, -0.01000000000000000021 ) ) ;
#1544 = VERTEX_POINT ( 'NONE', #1908 ) ;
#1545 = VECTOR ( 'NONE', #2332, 1000.000000000000000 ) ;
#1546 = EDGE_CURVE ( 'NONE', #3634, #1795, #3139, .T. ) ;
#1547 = LINE ( 'NONE', #1350, #2747 ) ;
#1548 = CARTESIAN_POINT ( 'NONE',  ( -0.5650000000000001688, 0.9000000000000000222, 0.000000000000000000 ) ) ;
#1549 = EDGE_CURVE ( 'NONE', #3591, #3056, #317, .T. ) ;
#1550 = PRESENTATION_LAYER_ASSIGNMENT (  '', '', ( #984 ) ) ;
#1551 = SURFACE_STYLE_USAGE ( .BOTH. , #3275 ) ;
#1552 = LINE ( 'NONE', #2379, #2350 ) ;
#1553 = CARTESIAN_POINT ( 'NONE',  ( 1.100000000000000089, 0.2750008057883118195, 0.2800000000000000822 ) ) ;
#1554 = PRODUCT_DEFINITION_SHAPE ( 'NONE', 'NONE',  #1409 ) ;
#1555 = UNCERTAINTY_MEASURE_WITH_UNIT (LENGTH_MEASURE( 1.000000000000000082E-05 ), #625, 'distance_accuracy_value', 'NONE');
#1556 = FILL_AREA_STYLE ('',( #2661 ) ) ;
#1557 = FILL_AREA_STYLE ('',( #676 ) ) ;
#1558 =( NAMED_UNIT ( * ) SI_UNIT ( $, .STERADIAN. ) SOLID_ANGLE_UNIT ( ) );
#1559 = ADVANCED_FACE ( 'NONE', ( #1610 ), #1123, .T. ) ;
#1560 = CARTESIAN_POINT ( 'NONE',  ( 0.5650000000000000577, -0.09500080578831186784, -0.000000000000000000 ) ) ;
#1561 = AXIS2_PLACEMENT_3D ( 'NONE', #2793, #1920, #1655 ) ;
#1562 = LINE ( 'NONE', #774, #2986 ) ;
#1563 = DIRECTION ( 'NONE',  ( 1.000000000000000000, -0.000000000000000000, -0.000000000000000000 ) ) ;
#1564 = CARTESIAN_POINT ( 'NONE',  ( 0.7249999999999999778, -1.000000000000000000, 0.8400000000000000799 ) ) ;
#1565 = SURFACE_STYLE_FILL_AREA ( #3687 ) ;
#1566 = LINE ( 'NONE', #3195, #2808 ) ;
#1567 = PRESENTATION_LAYER_ASSIGNMENT (  '', '', ( #573 ) ) ;
#1568 = FILL_AREA_STYLE ('',( #2402 ) ) ;
#1569 = MECHANICAL_DESIGN_GEOMETRIC_PRESENTATION_REPRESENTATION (  '', ( #1383 ), #2128 ) ;
#1570 = DIRECTION ( 'NONE',  ( 0.000000000000000000, -0.000000000000000000, 1.000000000000000000 ) ) ;
#1571 = PRESENTATION_STYLE_ASSIGNMENT (( #2462 ) ) ;
#1572 = CARTESIAN_POINT ( 'NONE',  ( -0.5650000000000001688, -0.9000000000000000222, 0.000000000000000000 ) ) ;
#1573 = CARTESIAN_POINT ( 'NONE',  ( -1.100000000000000089, -0.7249991942116882360, 0.2900000000000000355 ) ) ;
#1574 = DIRECTION ( 'NONE',  ( 1.000000000000000000, -1.013273058397667688E-16, -0.000000000000000000 ) ) ;
#1575 = ORIENTED_EDGE ( 'NONE', *, *, #1079, .T. ) ;
#1576 = LINE ( 'NONE', #3568, #2226 ) ;
#1577 = SURFACE_STYLE_USAGE ( .BOTH. , #924 ) ;
#1578 = CARTESIAN_POINT ( 'NONE',  ( -2.379665023495906096E-18, 1.000000000000000000, -0.01000000000000000021 ) ) ;
#1579 = PRESENTATION_LAYER_ASSIGNMENT (  '', '', ( #1500 ) ) ;
#1580 = ORIENTED_EDGE ( 'NONE', *, *, #3071, .F. ) ;
#1581 = EDGE_CURVE ( 'NONE', #195, #3565, #370, .T. ) ;
#1582 = ADVANCED_FACE ( 'NONE', ( #143 ), #1936, .T. ) ;
#1583 =( LENGTH_UNIT ( ) NAMED_UNIT ( * ) SI_UNIT ( .MILLI., .METRE. ) );
#1584 = ORIENTED_EDGE ( 'NONE', *, *, #840, .T. ) ;
#1585 = CARTESIAN_POINT ( 'NONE',  ( -1.100000000000000089, 0.7249991942116882360, 0.2900000000000000355 ) ) ;
#1586 = B_SPLINE_CURVE_WITH_KNOTS ( 'NONE', 3,
 ( #908, #2891, #316, #42, #604, #16 ),
 .UNSPECIFIED., .F., .F.,
 ( 4, 2, 4 ),
 ( 0.000000000000000000, 0.2500000000000000000, 0.5000000000000000000 ),
 .UNSPECIFIED. ) ;
#1587 = EDGE_LOOP ( 'NONE', ( #1084, #554, #558, #19 ) ) ;
#1588 = FILL_AREA_STYLE ('',( #2748 ) ) ;
#1589 = ORIENTED_EDGE ( 'NONE', *, *, #980, .F. ) ;
#1590 =( GEOMETRIC_REPRESENTATION_CONTEXT ( 3 ) GLOBAL_UNCERTAINTY_ASSIGNED_CONTEXT ( ( #1382 ) ) GLOBAL_UNIT_ASSIGNED_CONTEXT ( ( #2195, #2215, #533 ) ) REPRESENTATION_CONTEXT ( 'NONE', 'WORKASPACE' ) );
#1591 = AXIS2_PLACEMENT_3D ( 'NONE', #3421, #1678, #3163 ) ;
#1592 = VERTEX_POINT ( 'NONE', #2255 ) ;
#1593 = FILL_AREA_STYLE_COLOUR ( '', #108 ) ;
#1594 = CARTESIAN_POINT ( 'NONE',  ( -0.5650000000000000577, 0.09500080578831186784, 0.000000000000000000 ) ) ;
#1595 = LINE ( 'NONE', #2777, #841 ) ;
#1596 = CARTESIAN_POINT ( 'NONE',  ( -0.7249999999999999778, -1.000000000000000000, 0.2800000000000000266 ) ) ;
#1597 = CARTESIAN_POINT ( 'NONE',  ( -0.7249999999999999778, -0.2551845782464792212, 0.2800000000000000266 ) ) ;
#1598 = LINE ( 'NONE', #641, #884 ) ;
#1599 = ADVANCED_FACE ( 'NONE', ( #3277 ), #3691, .F. ) ;
#1600 = EDGE_CURVE ( 'NONE', #74, #3591, #2264, .T. ) ;
#1601 = CARTESIAN_POINT ( 'NONE',  ( -0.5650000000000001688, 0.9000000000000000222, -0.01000000000000000021 ) ) ;
#1602 = CARTESIAN_POINT ( 'NONE',  ( -0.9825534223890100005, -0.2992496656338025085, 0.2799999999999999711 ) ) ;
#1603 =( LENGTH_UNIT ( ) NAMED_UNIT ( * ) SI_UNIT ( .MILLI., .METRE. ) );
#1604 = PRESENTATION_LAYER_ASSIGNMENT (  '', '', ( #2825 ) ) ;
#1605 =( NAMED_UNIT ( * ) PLANE_ANGLE_UNIT ( ) SI_UNIT ( $, .RADIAN. ) );
#1606 = EDGE_LOOP ( 'NONE', ( #3692, #2486, #1799, #2014, #797, #1976 ) ) ;
#1607 =( NAMED_UNIT ( * ) SI_UNIT ( $, .STERADIAN. ) SOLID_ANGLE_UNIT ( ) );
#1608 = ORIENTED_EDGE ( 'NONE', *, *, #1776, .T. ) ;
#1609 = ADVANCED_FACE ( 'NONE', ( #598 ), #526, .F. ) ;
#1610 = FACE_OUTER_BOUND ( 'NONE', #369, .T. ) ;
#1611 = ORIENTED_EDGE ( 'NONE', *, *, #1440, .T. ) ;
#1612 = FILL_AREA_STYLE_COLOUR ( '', #2779 ) ;
#1613 = MECHANICAL_DESIGN_GEOMETRIC_PRESENTATION_REPRESENTATION (  '', ( #1989 ), #1794 ) ;
#1614 =( NAMED_UNIT ( * ) SI_UNIT ( $, .STERADIAN. ) SOLID_ANGLE_UNIT ( ) );
#1615 = EDGE_CURVE ( 'NONE', #2879, #2101, #2854, .T. ) ;
#1616 = ORIENTED_EDGE ( 'NONE', *, *, #3116, .T. ) ;
#1617 = VERTEX_POINT ( 'NONE', #549 ) ;
#1618 = CARTESIAN_POINT ( 'NONE',  ( -0.7249999999999999778, 1.000000000000000000, 0.8400000000000000799 ) ) ;
#1619 = DIRECTION ( 'NONE',  ( -1.000000000000000000, 0.000000000000000000, 0.000000000000000000 ) ) ;
#1620 = ORIENTED_EDGE ( 'NONE', *, *, #2410, .F. ) ;
#1622 = CYLINDRICAL_SURFACE ( 'NONE', #1535, 0.2249991942116882082 ) ;
#1621 =( NAMED_UNIT ( * ) PLANE_ANGLE_UNIT ( ) SI_UNIT ( $, .RADIAN. ) );
#1623 = CARTESIAN_POINT ( 'NONE',  ( -1.100000000000000089, -0.2750008057883118195, 0.000000000000000000 ) ) ;
#1624 = DIRECTION ( 'NONE',  ( 1.000000000000000000, 0.000000000000000000, 0.000000000000000000 ) ) ;
#1625 = MECHANICAL_DESIGN_GEOMETRIC_PRESENTATION_REPRESENTATION (  '', ( #94 ), #3035 ) ;
#1626 = DIRECTION ( 'NONE',  ( 0.000000000000000000, 0.000000000000000000, 1.000000000000000000 ) ) ;
#1627 = EDGE_LOOP ( 'NONE', ( #1038, #2618, #527, #563 ) ) ;
#1628 = PLANE ( 'NONE',  #1087 ) ;
#1629 = ORIENTED_EDGE ( 'NONE', *, *, #2657, .F. ) ;
#1630 = CARTESIAN_POINT ( 'NONE',  ( -0.9825534223890100005, 0.2992496656338026750, -3.388131789017201356E-18 ) ) ;
#1631 = EDGE_CURVE ( 'NONE', #974, #2360, #1777, .T. ) ;
#1632 = ORIENTED_EDGE ( 'NONE', *, *, #1440, .F. ) ;
#1633 = VECTOR ( 'NONE', #2710, 1000.000000000000000 ) ;
#1634 = DIRECTION ( 'NONE',  ( -0.000000000000000000, -0.000000000000000000, -1.000000000000000000 ) ) ;
#1635 = EDGE_LOOP ( 'NONE', ( #2464, #2730, #794, #2626 ) ) ;
#1636 = SURFACE_SIDE_STYLE ('',( #2088 ) ) ;
#1637 = FACE_OUTER_BOUND ( 'NONE', #2436, .T. ) ;
#1638 = FILL_AREA_STYLE ('',( #1302 ) ) ;
#1639 = MECHANICAL_DESIGN_GEOMETRIC_PRESENTATION_REPRESENTATION (  '', ( #1153 ), #950 ) ;
#1640 = VECTOR ( 'NONE', #903, 1000.000000000000000 ) ;
#1641 = DIRECTION ( 'NONE',  ( -0.000000000000000000, -0.000000000000000000, -1.000000000000000000 ) ) ;
#1642 = LINE ( 'NONE', #128, #2931 ) ;
#1643 = CARTESIAN_POINT ( 'NONE',  ( -1.100000000000000089, -0.5000000000000000000, 0.2900000000000000355 ) ) ;
#1644 =( GEOMETRIC_REPRESENTATION_CONTEXT ( 3 ) GLOBAL_UNCERTAINTY_ASSIGNED_CONTEXT ( ( #50 ) ) GLOBAL_UNIT_ASSIGNED_CONTEXT ( ( #2293, #3472, #871 ) ) REPRESENTATION_CONTEXT ( 'NONE', 'WORKASPACE' ) );
#1645 = UNCERTAINTY_MEASURE_WITH_UNIT (LENGTH_MEASURE( 1.000000000000000082E-05 ), #1321, 'distance_accuracy_value', 'NONE');
#1646 = LINE ( 'NONE', #1601, #2214 ) ;
#1647 = VECTOR ( 'NONE', #385, 1000.000000000000000 ) ;
#1648 = DIRECTION ( 'NONE',  ( 1.000000000000000000, 0.000000000000000000, 0.000000000000000000 ) ) ;
#1649 = ORIENTED_EDGE ( 'NONE', *, *, #961, .F. ) ;
#1650 = FILL_AREA_STYLE ('',( #2142 ) ) ;
#1651 = CARTESIAN_POINT ( 'NONE',  ( -1.100000000000000089, 0.2750008057883118195, 0.000000000000000000 ) ) ;
#1652 = ORIENTED_EDGE ( 'NONE', *, *, #1958, .F. ) ;
#1653 = STYLED_ITEM ( 'NONE', ( #2282 ), #985 ) ;
#1654 = STYLED_ITEM ( 'NONE', ( #504 ), #3022 ) ;
#1655 = DIRECTION ( 'NONE',  ( 0.000000000000000000, -0.000000000000000000, 1.000000000000000000 ) ) ;
#1656 = CARTESIAN_POINT ( 'NONE',  ( 1.100000000000000089, 0.09500080578831181233, -0.01000000000000000021 ) ) ;
#1657 = ORIENTED_EDGE ( 'NONE', *, *, #3127, .F. ) ;
#1658 = LINE ( 'NONE', #1021, #1471 ) ;
#1659 = DIRECTION ( 'NONE',  ( 1.189832511747953048E-18, -1.000000000000000000, 0.000000000000000000 ) ) ;
#1660 = CARTESIAN_POINT ( 'NONE',  ( -2.379665023495906096E-18, 1.000000000000000000, -0.01000000000000000021 ) ) ;
#1661 = VERTEX_POINT ( 'NONE', #1405 ) ;
#1662 = MECHANICAL_DESIGN_GEOMETRIC_PRESENTATION_REPRESENTATION (  '', ( #3537 ), #1161 ) ;
#1663 = ORIENTED_EDGE ( 'NONE', *, *, #2711, .F. ) ;
#1664 = VECTOR ( 'NONE', #1285, 1000.000000000000000 ) ;
#1665 = EDGE_CURVE ( 'NONE', #107, #1449, #1253, .T. ) ;
#1666 = CARTESIAN_POINT ( 'NONE',  ( -0.5650000000000001688, -0.9000000000000000222, -0.01000000000000000021 ) ) ;
#1667 = FILL_AREA_STYLE_COLOUR ( '', #1499 ) ;
#1668 = UNCERTAINTY_MEASURE_WITH_UNIT (LENGTH_MEASURE( 1.000000000000000082E-05 ), #142, 'distance_accuracy_value', 'NONE');
#1669 = VERTEX_POINT ( 'NONE', #2532 ) ;
#1670 = LINE ( 'NONE', #2467, #2520 ) ;
#1671 = FILL_AREA_STYLE_COLOUR ( '', #1924 ) ;
#1672 = ORIENTED_EDGE ( 'NONE', *, *, #920, .F. ) ;
#1673 = PRESENTATION_STYLE_ASSIGNMENT (( #3514 ) ) ;
#1674 = FACE_OUTER_BOUND ( 'NONE', #55, .T. ) ;
#1675 = ORIENTED_EDGE ( 'NONE', *, *, #125, .F. ) ;
#1676 = DIRECTION ( 'NONE',  ( -0.000000000000000000, -0.000000000000000000, 1.000000000000000000 ) ) ;
#1677 =( NAMED_UNIT ( * ) SI_UNIT ( $, .STERADIAN. ) SOLID_ANGLE_UNIT ( ) );
#1678 = DIRECTION ( 'NONE',  ( 0.000000000000000000, 0.000000000000000000, 1.000000000000000000 ) ) ;
#1679 = VECTOR ( 'NONE', #1037, 1000.000000000000000 ) ;
#1680 = PRESENTATION_LAYER_ASSIGNMENT (  '', '', ( #1383 ) ) ;
#1681 = FILL_AREA_STYLE ('',( #3379 ) ) ;
#1682 = LINE ( 'NONE', #2641, #3261 ) ;
#1683 = DIRECTION ( 'NONE',  ( -0.000000000000000000, -0.000000000000000000, -1.000000000000000000 ) ) ;
#1684 = EDGE_CURVE ( 'NONE', #466, #2261, #733, .T. ) ;
#1685 = UNCERTAINTY_MEASURE_WITH_UNIT (LENGTH_MEASURE( 1.000000000000000082E-05 ), #2028, 'distance_accuracy_value', 'NONE');
#1686 = VECTOR ( 'NONE', #1148, 1000.000000000000000 ) ;
#1687 = CARTESIAN_POINT ( 'NONE',  ( 1.100000000000000089, -0.5000000000000000000, 0.2900000000000000355 ) ) ;
#1688 =( NAMED_UNIT ( * ) PLANE_ANGLE_UNIT ( ) SI_UNIT ( $, .RADIAN. ) );
#1689 = VERTEX_POINT ( 'NONE', #2247 ) ;
#1690 = FILL_AREA_STYLE ('',( #812 ) ) ;
#1691 = VECTOR ( 'NONE', #3103, 1000.000000000000000 ) ;
#1692 = VECTOR ( 'NONE', #2381, 1000.000000000000000 ) ;
#1693 = STYLED_ITEM ( 'NONE', ( #2411 ), #1867 ) ;
#1694 = EDGE_LOOP ( 'NONE', ( #3224, #3370, #510, #1750, #3494, #1185, #790, #2471, #3346, #1705 ) ) ;
#1695 = SURFACE_STYLE_FILL_AREA ( #642 ) ;
#1696 = AXIS2_PLACEMENT_3D ( 'NONE', #3671, #2800, #3703 ) ;
#1697 = AXIS2_PLACEMENT_3D ( 'NONE', #1353, #3064, #1380 ) ;
#1698 = FILL_AREA_STYLE ('',( #1156 ) ) ;
#1699 = ORIENTED_EDGE ( 'NONE', *, *, #1684, .F. ) ;
#1700 = SURFACE_STYLE_FILL_AREA ( #1681 ) ;
#1701 =( NAMED_UNIT ( * ) SI_UNIT ( $, .STERADIAN. ) SOLID_ANGLE_UNIT ( ) );
#1702 = VERTEX_POINT ( 'NONE', #561 ) ;
#1703 = VECTOR ( 'NONE', #914, 1000.000000000000000 ) ;
#1704 = EDGE_CURVE ( 'NONE', #260, #107, #647, .T. ) ;
#1705 = ORIENTED_EDGE ( 'NONE', *, *, #819, .F. ) ;
#1706 = DIRECTION ( 'NONE',  ( -0.000000000000000000, -0.000000000000000000, -1.000000000000000000 ) ) ;
#1707 = DIRECTION ( 'NONE',  ( 0.000000000000000000, -1.000000000000000000, 0.000000000000000000 ) ) ;
#1708 = VECTOR ( 'NONE', #1227, 1000.000000000000000 ) ;
#1709 = EDGE_CURVE ( 'NONE', #2672, #59, #3456, .T. ) ;
#1710 = CARTESIAN_POINT ( 'NONE',  ( 1.100000000000000089, -0.09500080578831181233, -0.01000000000000000021 ) ) ;
#1711 = ORIENTED_EDGE ( 'NONE', *, *, #2584, .F. ) ;
#1712 = CARTESIAN_POINT ( 'NONE',  ( 0.5650000000000001688, 0.9000000000000000222, 0.000000000000000000 ) ) ;
#1713 = EDGE_CURVE ( 'NONE', #3281, #1702, #2543, .T. ) ;
#1714 = ORIENTED_EDGE ( 'NONE', *, *, #3155, .F. ) ;
#1715 = FILL_AREA_STYLE ('',( #3179 ) ) ;
#1716 = MECHANICAL_DESIGN_GEOMETRIC_PRESENTATION_REPRESENTATION (  '', ( #1020 ), #1590 ) ;
#1717 = CARTESIAN_POINT ( 'NONE',  ( 1.060084969716723613, -0.5167420533976113672, 0.2900000000000000355 ) ) ;
#1718 = AXIS2_PLACEMENT_3D ( 'NONE', #218, #2197, #1903 ) ;
#1719 = DIRECTION ( 'NONE',  ( -0.000000000000000000, -0.000000000000000000, -1.000000000000000000 ) ) ;
#1720 = VECTOR ( 'NONE', #575, 1000.000000000000000 ) ;
#1721 =( NAMED_UNIT ( * ) SI_UNIT ( $, .STERADIAN. ) SOLID_ANGLE_UNIT ( ) );
#1722 = CARTESIAN_POINT ( 'NONE',  ( 1.100000000000000089, -0.9000000000000000222, 0.2900000000000000355 ) ) ;
#1723 = EDGE_CURVE ( 'NONE', #251, #926, #3586, .T. ) ;
#1724 = FILL_AREA_STYLE_COLOUR ( '', #1001 ) ;
#1725 = CIRCLE ( 'NONE', #1591, 0.3384658482541752500 ) ;
#1726 = VECTOR ( 'NONE', #970, 1000.000000000000000 ) ;
#1727 = CARTESIAN_POINT ( 'NONE',  ( 1.041095348700078027, 0.7249991942116882360, 0.2800000000000000266 ) ) ;
#1728 = CARTESIAN_POINT ( 'NONE',  ( -0.7729790755752636855, -0.7069995797831308826, 0.2800000000000000266 ) ) ;
#1729 = AXIS2_PLACEMENT_3D ( 'NONE', #52, #3187, #880 ) ;
#1730 = ORIENTED_EDGE ( 'NONE', *, *, #1546, .F. ) ;
#1731 = CARTESIAN_POINT ( 'NONE',  ( 0.8753014859769602252, -0.5000000000000001110, 0.2800000000000000822 ) ) ;
#1732 = CARTESIAN_POINT ( 'NONE',  ( 0.8992496656338025973, -0.6174465776109897552, -3.388131789017201356E-18 ) ) ;
#1733 = SURFACE_STYLE_USAGE ( .BOTH. , #3199 ) ;
#1734 = ORIENTED_EDGE ( 'NONE', *, *, #2899, .T. ) ;
#1735 =( NAMED_UNIT ( * ) PLANE_ANGLE_UNIT ( ) SI_UNIT ( $, .RADIAN. ) );
#1736 = ORIENTED_EDGE ( 'NONE', *, *, #888, .T. ) ;
#1737 = STYLED_ITEM ( 'NONE', ( #2989 ), #1828 ) ;
#1738 = ORIENTED_EDGE ( 'NONE', *, *, #476, .T. ) ;
#1739 = FACE_OUTER_BOUND ( 'NONE', #2427, .T. ) ;
#1740 = CARTESIAN_POINT ( 'NONE',  ( -1.100000000000000089, 0.09500080578831181233, -0.01000000000000000021 ) ) ;
#1741 = MECHANICAL_DESIGN_GEOMETRIC_PRESENTATION_REPRESENTATION (  '', ( #764 ), #292 ) ;
#1742 = ORIENTED_EDGE ( 'NONE', *, *, #732, .T. ) ;
#1743 = AXIS2_PLACEMENT_3D ( 'NONE', #954, #2376, #3236 ) ;
#1744 = VECTOR ( 'NONE', #3508, 1000.000000000000000 ) ;
#1745 = SURFACE_STYLE_USAGE ( .BOTH. , #2011 ) ;
#1746 = DIRECTION ( 'NONE',  ( -0.000000000000000000, -0.000000000000000000, 1.000000000000000000 ) ) ;
#1747 = ORIENTED_EDGE ( 'NONE', *, *, #507, .T. ) ;
#1748 = CARTESIAN_POINT ( 'NONE',  ( 1.100000000000000089, 1.000000000000000000, 0.2800000000000000266 ) ) ;
#1749 = MANIFOLD_SOLID_BREP ( 'Boss-Extrude5', #854 ) ;
#1750 = ORIENTED_EDGE ( 'NONE', *, *, #3226, .T. ) ;
#1751 = CIRCLE ( 'NONE', #3230, 0.3853308491107274025 ) ;
#1752 = EDGE_CURVE ( 'NONE', #1689, #23, #2664, .T. ) ;
#1753 =( NAMED_UNIT ( * ) PLANE_ANGLE_UNIT ( ) SI_UNIT ( $, .RADIAN. ) );
#1754 = ORIENTED_EDGE ( 'NONE', *, *, #1216, .T. ) ;
#1755 = LINE ( 'NONE', #1769, #3120 ) ;
#1756 = DIRECTION ( 'NONE',  ( -0.000000000000000000, 1.000000000000000000, -0.000000000000000000 ) ) ;
#1757 =( NAMED_UNIT ( * ) SI_UNIT ( $, .STERADIAN. ) SOLID_ANGLE_UNIT ( ) );
#1758 =( LENGTH_UNIT ( ) NAMED_UNIT ( * ) SI_UNIT ( .MILLI., .METRE. ) );
#1759 = COLOUR_RGB ( '',1.000000000000000000, 1.000000000000000000, 0.000000000000000000 ) ;
#1760 = EDGE_CURVE ( 'NONE', #2240, #3565, #1299, .T. ) ;
#1761 = SURFACE_STYLE_FILL_AREA ( #2012 ) ;
#1762 = PRESENTATION_LAYER_ASSIGNMENT (  '', '', ( #1152 ) ) ;
#1763 = CARTESIAN_POINT ( 'NONE',  ( -1.100000000000000089, -0.2750008057883118195, 0.2900000000000000355 ) ) ;
#1764 = PRESENTATION_LAYER_ASSIGNMENT (  '', '', ( #1205 ) ) ;
#1765 = DIRECTION ( 'NONE',  ( -1.346836345031663918E-16, 1.000000000000000000, 0.000000000000000000 ) ) ;
#1766 = CARTESIAN_POINT ( 'NONE',  ( 0.9856703915547742056, -0.09500080578831181233, 0.2800000000000000266 ) ) ;
#1767 = FACE_OUTER_BOUND ( 'NONE', #1464, .T. ) ;
#1768 = CARTESIAN_POINT ( 'NONE',  ( 1.041095348700078027, -0.7249991942116882360, -3.388131789017201356E-18 ) ) ;
#1769 = CARTESIAN_POINT ( 'NONE',  ( 0.7249999999999999778, 0.8124995971058440736, 0.2900000000000000355 ) ) ;
#1770 = FILL_AREA_STYLE ('',( #3500 ) ) ;
#1771 = CARTESIAN_POINT ( 'NONE',  ( -0.9094800685482298253, 0.9000000000000000222, 0.2800000000000000266 ) ) ;
#1772 = COLOUR_RGB ( '',1.000000000000000000, 1.000000000000000000, 1.000000000000000000 ) ;
#1773 = COLOUR_RGB ( '',1.000000000000000000, 1.000000000000000000, 0.000000000000000000 ) ;
#1774 = LINE ( 'NONE', #21, #1512 ) ;
#1775 = SURFACE_SIDE_STYLE ('',( #3096 ) ) ;
#1776 = EDGE_CURVE ( 'NONE', #2049, #2157, #939, .T. ) ;
#1777 = LINE ( 'NONE', #540, #2180 ) ;
#1778 = VERTEX_POINT ( 'NONE', #343 ) ;
#1779 = CARTESIAN_POINT ( 'NONE',  ( -1.100000000000000089, -0.09500080578831181233, -0.01000000000000000021 ) ) ;
#1780 = FILL_AREA_STYLE_COLOUR ( '', #3569 ) ;
#1781 = ORIENTED_EDGE ( 'NONE', *, *, #2529, .T. ) ;
#1782 = FACE_OUTER_BOUND ( 'NONE', #2638, .T. ) ;
#1783 = COLOUR_RGB ( '',0.7529411764705882248, 0.7529411764705882248, 0.000000000000000000 ) ;
#1784 = FILL_AREA_STYLE_COLOUR ( '', #1234 ) ;
#1785 =( NAMED_UNIT ( * ) SI_UNIT ( $, .STERADIAN. ) SOLID_ANGLE_UNIT ( ) );
#1786 = ORIENTED_EDGE ( 'NONE', *, *, #3698, .F. ) ;
#1787 = EDGE_LOOP ( 'NONE', ( #1830, #3509, #2465, #806 ) ) ;
#1788 = ORIENTED_EDGE ( 'NONE', *, *, #2505, .T. ) ;
#1789 = LINE ( 'NONE', #163, #378 ) ;
#1790 = MECHANICAL_DESIGN_GEOMETRIC_PRESENTATION_REPRESENTATION (  '', ( #2870 ), #899 ) ;
#1791 = SURFACE_STYLE_USAGE ( .BOTH. , #2974 ) ;
#1792 = ORIENTED_EDGE ( 'NONE', *, *, #3169, .F. ) ;
#1793 = COLOUR_RGB ( '',1.000000000000000000, 1.000000000000000000, 0.000000000000000000 ) ;
#1794 =( GEOMETRIC_REPRESENTATION_CONTEXT ( 3 ) GLOBAL_UNCERTAINTY_ASSIGNED_CONTEXT ( ( #3333 ) ) GLOBAL_UNIT_ASSIGNED_CONTEXT ( ( #1505, #3516, #1199 ) ) REPRESENTATION_CONTEXT ( 'NONE', 'WORKASPACE' ) );
#1795 = VERTEX_POINT ( 'NONE', #312 ) ;
#1796 = LINE ( 'NONE', #1847, #2437 ) ;
#1797 = UNCERTAINTY_MEASURE_WITH_UNIT (LENGTH_MEASURE( 1.000000000000000082E-05 ), #717, 'distance_accuracy_value', 'NONE');
#1798 = SURFACE_STYLE_USAGE ( .BOTH. , #3529 ) ;
#1799 = ORIENTED_EDGE ( 'NONE', *, *, #2611, .F. ) ;
#1800 = ORIENTED_EDGE ( 'NONE', *, *, #1134, .T. ) ;
#1801 = PRESENTATION_LAYER_ASSIGNMENT (  '', '', ( #917 ) ) ;
#1802 = LINE ( 'NONE', #1054, #487 ) ;
#1803 = CARTESIAN_POINT ( 'NONE',  ( -0.8992496656338022643, 0.6174465776109899773, 0.2800000000000000266 ) ) ;
#1804 = FILL_AREA_STYLE ('',( #2675 ) ) ;
#1805 = DIRECTION ( 'NONE',  ( -0.000000000000000000, -0.000000000000000000, -1.000000000000000000 ) ) ;
#1806 = SURFACE_SIDE_STYLE ('',( #1322 ) ) ;
#1807 =( LENGTH_UNIT ( ) NAMED_UNIT ( * ) SI_UNIT ( .MILLI., .METRE. ) );
#1808 = FILL_AREA_STYLE ('',( #933 ) ) ;
#1809 = FILL_AREA_STYLE_COLOUR ( '', #1244 ) ;
#1810 = PRESENTATION_STYLE_ASSIGNMENT (( #3534 ) ) ;
#1811 = ADVANCED_FACE ( 'NONE', ( #2043 ), #773, .F. ) ;
#1812 = FACE_OUTER_BOUND ( 'NONE', #3292, .T. ) ;
#1813 = DIRECTION ( 'NONE',  ( 0.000000000000000000, -1.000000000000000000, 0.000000000000000000 ) ) ;
#1814 = EDGE_CURVE ( 'NONE', #975, #3157, #2503, .T. ) ;
#1815 = AXIS2_PLACEMENT_3D ( 'NONE', #668, #922, #381 ) ;
#1816 = AXIS2_PLACEMENT_3D ( 'NONE', #2272, #3141, #1990 ) ;
#1817 = CARTESIAN_POINT ( 'NONE',  ( 0.8992496656338024863, -0.6174465776109900883, 0.2800000000000000266 ) ) ;
#1818 = MECHANICAL_DESIGN_GEOMETRIC_PRESENTATION_REPRESENTATION (  '', ( #1458 ), #1335 ) ;
#1819 = SURFACE_SIDE_STYLE ('',( #35 ) ) ;
#1820 = SURFACE_SIDE_STYLE ('',( #2296 ) ) ;
#1821 = LINE ( 'NONE', #994, #1647 ) ;
#1822 = UNCERTAINTY_MEASURE_WITH_UNIT (LENGTH_MEASURE( 1.000000000000000082E-05 ), #3656, 'distance_accuracy_value', 'NONE');
#1823 = CARTESIAN_POINT ( 'NONE',  ( -1.100000000000000089, -0.2750008057883118195, 0.000000000000000000 ) ) ;
#1824 = CARTESIAN_POINT ( 'NONE',  ( -1.100000000000000089, -0.5000000000000000000, -0.01000000000000000021 ) ) ;
#1825 =( NAMED_UNIT ( * ) PLANE_ANGLE_UNIT ( ) SI_UNIT ( $, .RADIAN. ) );
#1826 = EDGE_CURVE ( 'NONE', #1062, #3518, #3716, .T. ) ;
#1827 = ORIENTED_EDGE ( 'NONE', *, *, #3071, .T. ) ;
#1828 = ADVANCED_FACE ( 'NONE', ( #137 ), #1511, .F. ) ;
#1829 = DIRECTION ( 'NONE',  ( 1.000000000000000000, 0.000000000000000000, 0.000000000000000000 ) ) ;
#1830 = ORIENTED_EDGE ( 'NONE', *, *, #2026, .T. ) ;
#1831 = SURFACE_STYLE_FILL_AREA ( #553 ) ;
#1832 = DIRECTION ( 'NONE',  ( 1.000000000000000000, 0.000000000000000000, 0.000000000000000000 ) ) ;
#1833 = EDGE_CURVE ( 'NONE', #516, #2240, #1077, .T. ) ;
#1834 = DIRECTION ( 'NONE',  ( -0.000000000000000000, 0.000000000000000000, 1.000000000000000000 ) ) ;
#1835 = VERTEX_POINT ( 'NONE', #1493 ) ;
#1836 = DIRECTION ( 'NONE',  ( 1.000000000000000000, 1.013273058397667688E-16, 0.000000000000000000 ) ) ;
#1837 = PRESENTATION_LAYER_ASSIGNMENT (  '', '', ( #2670 ) ) ;
#1838 = CARTESIAN_POINT ( 'NONE',  ( 0.7249999999999999778, -0.04327719538221277973, 0.2800000000000000266 ) ) ;
#1839 = ORIENTED_EDGE ( 'NONE', *, *, #2209, .T. ) ;
#1840 = STYLED_ITEM ( 'NONE', ( #3271 ), #3037 ) ;
#1841 = SURFACE_STYLE_FILL_AREA ( #3112 ) ;
#1842 = CARTESIAN_POINT ( 'NONE',  ( -0.5000000000000003331, -1.000000000000000000, -0.01000000000000000021 ) ) ;
#1843 = FILL_AREA_STYLE ('',( #2092 ) ) ;
#1844 = ORIENTED_EDGE ( 'NONE', *, *, #1956, .T. ) ;
#1845 = LINE ( 'NONE', #2406, #165 ) ;
#1846 = PRESENTATION_STYLE_ASSIGNMENT (( #2678 ) ) ;
#1847 = CARTESIAN_POINT ( 'NONE',  ( 1.100000000000000089, 0.2750008057883118195, 0.2900000000000000355 ) ) ;
#1848 = ORIENTED_EDGE ( 'NONE', *, *, #3042, .T. ) ;
#1849 = CARTESIAN_POINT ( 'NONE',  ( 0.000000000000000000, 0.000000000000000000, 0.2800000000000000266 ) ) ;
#1850 = EDGE_CURVE ( 'NONE', #23, #3289, #2580, .T. ) ;
#1851 = ADVANCED_FACE ( 'NONE', ( #2455 ), #1474, .F. ) ;
#1852 = CARTESIAN_POINT ( 'NONE',  ( 1.100000000000000089, -0.09500080578831181233, 0.2800000000000000266 ) ) ;
#1853 = CARTESIAN_POINT ( 'NONE',  ( 0.8753014859769611133, 0.5000000000000001110, 0.2800000000000000822 ) ) ;
#1854 =( LENGTH_UNIT ( ) NAMED_UNIT ( * ) SI_UNIT ( .MILLI., .METRE. ) );
#1855 = PRESENTATION_LAYER_ASSIGNMENT (  '', '', ( #94 ) ) ;
#1856 = SURFACE_STYLE_FILL_AREA ( #921 ) ;
#1857 = DIRECTION ( 'NONE',  ( -0.000000000000000000, -0.000000000000000000, -1.000000000000000000 ) ) ;
#1858 = CYLINDRICAL_SURFACE ( 'NONE', #3348, 0.1975146020622409737 ) ;
#1859 = DIRECTION ( 'NONE',  ( -1.000000000000000000, 0.000000000000000000, 0.000000000000000000 ) ) ;
#1860 = SURFACE_SIDE_STYLE ('',( #174 ) ) ;
#1861 =( NAMED_UNIT ( * ) SI_UNIT ( $, .STERADIAN. ) SOLID_ANGLE_UNIT ( ) );
#1862 = AXIS2_PLACEMENT_3D ( 'NONE', #1687, #2936, #585 ) ;
#1863 = VECTOR ( 'NONE', #1534, 1000.000000000000000 ) ;
#1864 = DIRECTION ( 'NONE',  ( -0.000000000000000000, -0.000000000000000000, 1.000000000000000000 ) ) ;
#1865 = SURFACE_SIDE_STYLE ('',( #104 ) ) ;
#1866 = EDGE_LOOP ( 'NONE', ( #49, #2955, #1526, #912 ) ) ;
#1867 = ADVANCED_FACE ( 'NONE', ( #3409 ), #2935, .F. ) ;
#1868 = FILL_AREA_STYLE ('',( #1612 ) ) ;
#1869 = UNCERTAINTY_MEASURE_WITH_UNIT (LENGTH_MEASURE( 1.000000000000000082E-05 ), #999, 'distance_accuracy_value', 'NONE');
#1870 = MECHANICAL_DESIGN_GEOMETRIC_PRESENTATION_REPRESENTATION (  '', ( #813 ), #3693 ) ;
#1871 = PLANE ( 'NONE',  #1993 ) ;
#1872 = DIRECTION ( 'NONE',  ( 1.000000000000000000, 0.000000000000000000, -0.000000000000000000 ) ) ;
#1873 = ORIENTED_EDGE ( 'NONE', *, *, #819, .T. ) ;
#1874 = CYLINDRICAL_SURFACE ( 'NONE', #423, 0.09971156457631760728 ) ;
#1875 = ORIENTED_EDGE ( 'NONE', *, *, #1956, .F. ) ;
#1876 = SURFACE_SIDE_STYLE ('',( #1461 ) ) ;
#1877 = EDGE_CURVE ( 'NONE', #2203, #599, #3682, .T. ) ;
#1878 = ORIENTED_EDGE ( 'NONE', *, *, #1275, .T. ) ;
#1879 = VECTOR ( 'NONE', #3282, 1000.000000000000000 ) ;
#1880 = CARTESIAN_POINT ( 'NONE',  ( -0.8750008057883120749, -0.5589046512999219507, 0.2800000000000000266 ) ) ;
#1881 = DIRECTION ( 'NONE',  ( -0.000000000000000000, -0.000000000000000000, 1.000000000000000000 ) ) ;
#1882 = VERTEX_POINT ( 'NONE', #100 ) ;
#1883 = VECTOR ( 'NONE', #1641, 1000.000000000000000 ) ;
#1884 = ORIENTED_EDGE ( 'NONE', *, *, #3594, .F. ) ;
#1885 = EDGE_CURVE ( 'NONE', #3701, #426, #681, .T. ) ;
#1886 = STYLED_ITEM ( 'NONE', ( #814 ), #1887 ) ;
#1887 = ADVANCED_FACE ( 'NONE', ( #727 ), #2660, .T. ) ;
#1888 = VERTEX_POINT ( 'NONE', #1748 ) ;
#1889 = VECTOR ( 'NONE', #192, 1000.000000000000000 ) ;
#1890 = LINE ( 'NONE', #568, #3062 ) ;
#1891 = CARTESIAN_POINT ( 'NONE',  ( 0.7249999999999999778, -0.7069995797831309936, 0.2800000000000000266 ) ) ;
#1892 = STYLED_ITEM ( 'NONE', ( #2725 ), #1320 ) ;
#1893 = DIRECTION ( 'NONE',  ( 1.000000000000000000, 0.000000000000000000, -0.000000000000000000 ) ) ;
#1894 = PRESENTATION_LAYER_ASSIGNMENT (  '', '', ( #1840 ) ) ;
#1895 = PRESENTATION_STYLE_ASSIGNMENT (( #2836 ) ) ;
#1896 = ORIENTED_EDGE ( 'NONE', *, *, #875, .F. ) ;
#1897 = VECTOR ( 'NONE', #2070, 1000.000000000000000 ) ;
#1898 = SURFACE_SIDE_STYLE ('',( #1178 ) ) ;
#1899 = DIRECTION ( 'NONE',  ( 0.000000000000000000, 0.000000000000000000, 1.000000000000000000 ) ) ;
#1900 = ORIENTED_EDGE ( 'NONE', *, *, #172, .F. ) ;
#1901 = DIRECTION ( 'NONE',  ( -0.000000000000000000, -0.000000000000000000, -1.000000000000000000 ) ) ;
#1902 =( LENGTH_UNIT ( ) NAMED_UNIT ( * ) SI_UNIT ( .MILLI., .METRE. ) );
#1903 = DIRECTION ( 'NONE',  ( 1.000000000000000000, 0.000000000000000000, 0.000000000000000000 ) ) ;
#1904 = VECTOR ( 'NONE', #1857, 1000.000000000000000 ) ;
#1905 = EDGE_CURVE ( 'NONE', #2813, #315, #1821, .T. ) ;
#1906 = FACE_OUTER_BOUND ( 'NONE', #2822, .T. ) ;
#1907 = EDGE_CURVE ( 'NONE', #2859, #952, #1293, .T. ) ;
#1908 = CARTESIAN_POINT ( 'NONE',  ( 0.7249999999999999778, -1.000000000000000000, 0.8400000000000000799 ) ) ;
#1909 = VECTOR ( 'NONE', #2559, 1000.000000000000000 ) ;
#1910 = DIRECTION ( 'NONE',  ( -0.000000000000000000, -0.000000000000000000, -1.000000000000000000 ) ) ;
#1911 = FACE_OUTER_BOUND ( 'NONE', #26, .T. ) ;
#1912 = EDGE_CURVE ( 'NONE', #468, #2277, #546, .T. ) ;
#1913 = LINE ( 'NONE', #1740, #3362 ) ;
#1914 = VECTOR ( 'NONE', #3137, 1000.000000000000000 ) ;
#1915 = DIRECTION ( 'NONE',  ( -0.000000000000000000, 1.000000000000000000, -0.000000000000000000 ) ) ;
#1916 = SURFACE_STYLE_FILL_AREA ( #219 ) ;
#1917 = DIRECTION ( 'NONE',  ( -1.000000000000000000, 0.000000000000000000, 0.000000000000000000 ) ) ;
#1918 = MECHANICAL_DESIGN_GEOMETRIC_PRESENTATION_REPRESENTATION (  '', ( #1152 ), #715 ) ;
#1919 = STYLED_ITEM ( 'NONE', ( #543 ), #2313 ) ;
#1920 = DIRECTION ( 'NONE',  ( -0.000000000000000000, 1.000000000000000000, 0.000000000000000000 ) ) ;
#1921 =( NAMED_UNIT ( * ) PLANE_ANGLE_UNIT ( ) SI_UNIT ( $, .RADIAN. ) );
#1922 = EDGE_LOOP ( 'NONE', ( #123, #2914, #1968, #3411, #1010 ) ) ;
#1923 = UNCERTAINTY_MEASURE_WITH_UNIT (LENGTH_MEASURE( 1.000000000000000082E-05 ), #268, 'distance_accuracy_value', 'NONE');
#1924 = COLOUR_RGB ( '',1.000000000000000000, 1.000000000000000000, 1.000000000000000000 ) ;
#1925 = CARTESIAN_POINT ( 'NONE',  ( -1.100000000000000089, 0.9000000000000000222, 0.2900000000000000355 ) ) ;
#1926 = EDGE_CURVE ( 'NONE', #2330, #2685, #3487, .T. ) ;
#1927 = VERTEX_POINT ( 'NONE', #2397 ) ;
#1928 = VECTOR ( 'NONE', #2712, 1000.000000000000000 ) ;
#1929 = EDGE_CURVE ( 'NONE', #3419, #2049, #3633, .T. ) ;
#1930 = CARTESIAN_POINT ( 'NONE',  ( 1.100602166165608686, -0.5000000000000000000, 0.8400000000000000799 ) ) ;
#1931 = CARTESIAN_POINT ( 'NONE',  ( 1.100000000000000089, 0.5000000000000000000, -0.01000000000000000021 ) ) ;
#1932 = ORIENTED_EDGE ( 'NONE', *, *, #1907, .T. ) ;
#1933 = VECTOR ( 'NONE', #329, 1000.000000000000000 ) ;
#1934 = CARTESIAN_POINT ( 'NONE',  ( -0.7249999999999999778, 0.3030732766720207194, 0.2900000000000000355 ) ) ;
#1935 =( GEOMETRIC_REPRESENTATION_CONTEXT ( 3 ) GLOBAL_UNCERTAINTY_ASSIGNED_CONTEXT ( ( #2138 ) ) GLOBAL_UNIT_ASSIGNED_CONTEXT ( ( #3489, #1159, #1757 ) ) REPRESENTATION_CONTEXT ( 'NONE', 'WORKASPACE' ) );
#1936 = PLANE ( 'NONE',  #3443 ) ;
#1937 = ORIENTED_EDGE ( 'NONE', *, *, #2858, .T. ) ;
#1938 = CARTESIAN_POINT ( 'NONE',  ( 1.100000000000000089, 1.000000000000000000, 0.2800000000000000266 ) ) ;
#1939 = ORIENTED_EDGE ( 'NONE', *, *, #437, .T. ) ;
#1940 = PRESENTATION_STYLE_ASSIGNMENT (( #3059 ) ) ;
#1941 = LINE ( 'NONE', #755, #1633 ) ;
#1942 = SURFACE_SIDE_STYLE ('',( #1841 ) ) ;
#1943 = ORIENTED_EDGE ( 'NONE', *, *, #3390, .T. ) ;
#1944 =( GEOMETRIC_REPRESENTATION_CONTEXT ( 3 ) GLOBAL_UNCERTAINTY_ASSIGNED_CONTEXT ( ( #1965 ) ) GLOBAL_UNIT_ASSIGNED_CONTEXT ( ( #325, #587, #1424 ) ) REPRESENTATION_CONTEXT ( 'NONE', 'WORKASPACE' ) );
#1945 = SURFACE_STYLE_FILL_AREA ( #808 ) ;
#1946 = SURFACE_STYLE_USAGE ( .BOTH. , #1378 ) ;
#1947 = UNCERTAINTY_MEASURE_WITH_UNIT (LENGTH_MEASURE( 1.000000000000000082E-05 ), #8, 'distance_accuracy_value', 'NONE');
#1948 =( NAMED_UNIT ( * ) PLANE_ANGLE_UNIT ( ) SI_UNIT ( $, .RADIAN. ) );
#1949 = ORIENTED_EDGE ( 'NONE', *, *, #2087, .F. ) ;
#1950 = PLANE ( 'NONE',  #874 ) ;
#1951 = PRESENTATION_LAYER_ASSIGNMENT (  '', '', ( #161 ) ) ;
#1952 = MECHANICAL_DESIGN_GEOMETRIC_PRESENTATION_REPRESENTATION (  '', ( #2947 ), #234 ) ;
#1953 = DIRECTION ( 'NONE',  ( -1.000000000000000000, 0.000000000000000000, 0.000000000000000000 ) ) ;
#1954 =( NAMED_UNIT ( * ) SI_UNIT ( $, .STERADIAN. ) SOLID_ANGLE_UNIT ( ) );
#1955 = SURFACE_STYLE_USAGE ( .BOTH. , #2528 ) ;
#1956 = EDGE_CURVE ( 'NONE', #3471, #2323, #2306, .T. ) ;
#1957 =( NAMED_UNIT ( * ) SI_UNIT ( $, .STERADIAN. ) SOLID_ANGLE_UNIT ( ) );
#1958 = EDGE_CURVE ( 'NONE', #3145, #1888, #2216, .T. ) ;
#1959 = VECTOR ( 'NONE', #740, 1000.000000000000000 ) ;
#1960 = CARTESIAN_POINT ( 'NONE',  ( 1.100000000000000089, -0.2750008057883118195, -0.000000000000000000 ) ) ;
#1961 = LINE ( 'NONE', #2815, #1914 ) ;
#1962 = VECTOR ( 'NONE', #1429, 1000.000000000000000 ) ;
#1963 = COLOUR_RGB ( '',0.7529411764705882248, 0.7529411764705882248, 0.000000000000000000 ) ;
#1964 = ORIENTED_EDGE ( 'NONE', *, *, #1929, .T. ) ;
#1965 = UNCERTAINTY_MEASURE_WITH_UNIT (LENGTH_MEASURE( 1.000000000000000082E-05 ), #325, 'distance_accuracy_value', 'NONE');
#1966 = DIRECTION ( 'NONE',  ( -1.000000000000000000, 0.000000000000000000, 0.000000000000000000 ) ) ;
#1967 = CARTESIAN_POINT ( 'NONE',  ( 0.8992496656338028194, 0.3825534223890100227, -3.388131789017202127E-18 ) ) ;
#1968 = ORIENTED_EDGE ( 'NONE', *, *, #1958, .T. ) ;
#1969 = FILL_AREA_STYLE_COLOUR ( '', #3092 ) ;
#1970 =( NAMED_UNIT ( * ) PLANE_ANGLE_UNIT ( ) SI_UNIT ( $, .RADIAN. ) );
#1971 = ORIENTED_EDGE ( 'NONE', *, *, #3109, .F. ) ;
#1972 = CYLINDRICAL_SURFACE ( 'NONE', #2582, 0.2249991942116882082 ) ;
#1973 = ORIENTED_EDGE ( 'NONE', *, *, #3265, .F. ) ;
#1974 = EDGE_LOOP ( 'NONE', ( #552, #9, #2666, #1137 ) ) ;
#1975 = SURFACE_STYLE_USAGE ( .BOTH. , #3373 ) ;
#1976 = ORIENTED_EDGE ( 'NONE', *, *, #2680, .T. ) ;
#1977 = CARTESIAN_POINT ( 'NONE',  ( -1.100000000000000089, 0.09500080578831181233, -0.01000000000000000021 ) ) ;
#1978 =( NAMED_UNIT ( * ) SI_UNIT ( $, .STERADIAN. ) SOLID_ANGLE_UNIT ( ) );
#1979 = CARTESIAN_POINT ( 'NONE',  ( -1.100000000000000089, 0.9000000000000000222, 0.2900000000000000355 ) ) ;
#1980 = ORIENTED_EDGE ( 'NONE', *, *, #44, .T. ) ;
#1981 = ORIENTED_EDGE ( 'NONE', *, *, #259, .F. ) ;
#1982 = UNCERTAINTY_MEASURE_WITH_UNIT (LENGTH_MEASURE( 1.000000000000000082E-05 ), #2095, 'distance_accuracy_value', 'NONE');
#1983 = MECHANICAL_DESIGN_GEOMETRIC_PRESENTATION_REPRESENTATION (  '', ( #156 ), #1483 ) ;
#1984 = DIRECTION ( 'NONE',  ( 1.000000000000000000, 0.000000000000000000, 0.000000000000000000 ) ) ;
#1985 = LINE ( 'NONE', #1728, #1418 ) ;
#1986 = SURFACE_STYLE_USAGE ( .BOTH. , #2873 ) ;
#1987 = COLOUR_RGB ( '',1.000000000000000000, 1.000000000000000000, 0.000000000000000000 ) ;
#1988 = DIRECTION ( 'NONE',  ( 0.000000000000000000, 0.000000000000000000, 1.000000000000000000 ) ) ;
#1989 = STYLED_ITEM ( 'NONE', ( #3138 ), #3551 ) ;
#1990 = DIRECTION ( 'NONE',  ( -1.000000000000000000, 0.000000000000000000, 0.000000000000000000 ) ) ;
#1991 = VECTOR ( 'NONE', #397, 1000.000000000000000 ) ;
#1992 = CARTESIAN_POINT ( 'NONE',  ( 0.8753014859769602252, -0.5000000000000001110, 0.2800000000000000822 ) ) ;
#1993 = AXIS2_PLACEMENT_3D ( 'NONE', #451, #1050, #1570 ) ;
#1994 = PRESENTATION_STYLE_ASSIGNMENT (( #3152 ) ) ;
#1995 = DIRECTION ( 'NONE',  ( -0.000000000000000000, -0.000000000000000000, -1.000000000000000000 ) ) ;
#1996 = DIRECTION ( 'NONE',  ( -1.013273058397667935E-16, 1.000000000000000000, 0.000000000000000000 ) ) ;
#1997 =( NAMED_UNIT ( * ) PLANE_ANGLE_UNIT ( ) SI_UNIT ( $, .RADIAN. ) );
#1998 = FACE_OUTER_BOUND ( 'NONE', #3613, .T. ) ;
#1999 = EDGE_LOOP ( 'NONE', ( #1175, #505, #2721, #1354 ) ) ;
#2000 = SURFACE_SIDE_STYLE ('',( #3002 ) ) ;
#2001 = EDGE_CURVE ( 'NONE', #1689, #800, #592, .T. ) ;
#2002 = AXIS2_PLACEMENT_3D ( 'NONE', #2739, #457, #2709 ) ;
#2003 = FACE_OUTER_BOUND ( 'NONE', #960, .T. ) ;
#2004 = PRESENTATION_STYLE_ASSIGNMENT (( #2805 ) ) ;
#2005 = FILL_AREA_STYLE_COLOUR ( '', #2176 ) ;
#2006 = DIRECTION ( 'NONE',  ( -1.000000000000000000, 0.000000000000000000, 0.000000000000000000 ) ) ;
#2007 = MECHANICAL_DESIGN_GEOMETRIC_PRESENTATION_REPRESENTATION (  '', ( #627 ), #811 ) ;
#2008 = ORIENTED_EDGE ( 'NONE', *, *, #386, .T. ) ;
#2009 = LINE ( 'NONE', #368, #2818 ) ;
#2010 = AXIS2_PLACEMENT_3D ( 'NONE', #2460, #158, #144 ) ;
#2011 = SURFACE_SIDE_STYLE ('',( #591 ) ) ;
#2012 = FILL_AREA_STYLE ('',( #3211 ) ) ;
#2013 = DIRECTION ( 'NONE',  ( -1.000000000000000000, 0.000000000000000000, 0.000000000000000000 ) ) ;
#2014 = ORIENTED_EDGE ( 'NONE', *, *, #3309, .F. ) ;
#2015 = CARTESIAN_POINT ( 'NONE',  ( -0.7277089710997725058, 0.9121743561265598377, 0.2900000000000000355 ) ) ;
#2016 = DIRECTION ( 'NONE',  ( -0.000000000000000000, -0.000000000000000000, -1.000000000000000000 ) ) ;
#2017 = ORIENTED_EDGE ( 'NONE', *, *, #3543, .T. ) ;
#2018 = EDGE_CURVE ( 'NONE', #2874, #1122, #1562, .T. ) ;
#2019 = ORIENTED_EDGE ( 'NONE', *, *, #328, .F. ) ;
#2020 = VECTOR ( 'NONE', #1915, 1000.000000000000000 ) ;
#2021 = SURFACE_SIDE_STYLE ('',( #3322 ) ) ;
#2022 = ORIENTED_EDGE ( 'NONE', *, *, #173, .F. ) ;
#2023 = SURFACE_SIDE_STYLE ('',( #2561 ) ) ;
#2024 = DIRECTION ( 'NONE',  ( -0.000000000000000000, -0.000000000000000000, -1.000000000000000000 ) ) ;
#2025 = DIRECTION ( 'NONE',  ( -0.000000000000000000, -0.000000000000000000, -1.000000000000000000 ) ) ;
#2026 = EDGE_CURVE ( 'NONE', #1082, #2794, #227, .T. ) ;
#2027 = ORIENTED_EDGE ( 'NONE', *, *, #1308, .T. ) ;
#2028 =( LENGTH_UNIT ( ) NAMED_UNIT ( * ) SI_UNIT ( .MILLI., .METRE. ) );
#2029 = UNCERTAINTY_MEASURE_WITH_UNIT (LENGTH_MEASURE( 1.000000000000000082E-05 ), #2443, 'distance_accuracy_value', 'NONE');
#2030 = ORIENTED_EDGE ( 'NONE', *, *, #2135, .T. ) ;
#2031 =( GEOMETRIC_REPRESENTATION_CONTEXT ( 3 ) GLOBAL_UNCERTAINTY_ASSIGNED_CONTEXT ( ( #2689 ) ) GLOBAL_UNIT_ASSIGNED_CONTEXT ( ( #1583, #3014, #768 ) ) REPRESENTATION_CONTEXT ( 'NONE', 'WORKASPACE' ) );
#2032 = STYLED_ITEM ( 'NONE', ( #1145 ), #2751 ) ;
#2033 = DIRECTION ( 'NONE',  ( -1.000000000000000000, 0.000000000000000000, 0.000000000000000000 ) ) ;
#2034 = DIRECTION ( 'NONE',  ( 0.000000000000000000, -1.000000000000000000, 0.000000000000000000 ) ) ;
#2035 =( NAMED_UNIT ( * ) PLANE_ANGLE_UNIT ( ) SI_UNIT ( $, .RADIAN. ) );
#2036 = CARTESIAN_POINT ( 'NONE',  ( 0.8753014859769611133, 0.5000000000000001110, -1.694065894508600678E-18 ) ) ;
#2037 = DIRECTION ( 'NONE',  ( -1.000000000000000000, 0.000000000000000000, 0.000000000000000000 ) ) ;
#2038 = EDGE_CURVE ( 'NONE', #1047, #707, #1388, .T. ) ;
#2039 = SURFACE_STYLE_USAGE ( .BOTH. , #1181 ) ;
#2040 = B_SPLINE_CURVE_WITH_KNOTS ( 'NONE', 3,
 ( #624, #928, #1460, #76, #1727, #2603 ),
 .UNSPECIFIED., .F., .F.,
 ( 4, 2, 4 ),
 ( 0.5000000000000002220, 0.7500000000000001110, 1.000000000000000000 ),
 .UNSPECIFIED. ) ;
#2041 =( LENGTH_UNIT ( ) NAMED_UNIT ( * ) SI_UNIT ( .MILLI., .METRE. ) );
#2042 = CARTESIAN_POINT ( 'NONE',  ( -0.9019650710084704537, 0.7827742365072865027, 0.2900000000000000355 ) ) ;
#2043 = FACE_OUTER_BOUND ( 'NONE', #2509, .T. ) ;
#2044 = CARTESIAN_POINT ( 'NONE',  ( -0.5650000000000001688, -0.9000000000000000222, -0.01000000000000000021 ) ) ;
#2045 = VERTEX_POINT ( 'NONE', #184 ) ;
#2046 = PLANE ( 'NONE',  #1487 ) ;
#2047 = VERTEX_POINT ( 'NONE', #2184 ) ;
#2048 = STYLED_ITEM ( 'NONE', ( #932 ), #2667 ) ;
#2049 = VERTEX_POINT ( 'NONE', #210 ) ;
#2050 = LINE ( 'NONE', #2806, #3381 ) ;
#2051 = LINE ( 'NONE', #2980, #2139 ) ;
#2052 = ORIENTED_EDGE ( 'NONE', *, *, #3560, .T. ) ;
#2053 = SURFACE_SIDE_STYLE ('',( #1201 ) ) ;
#2054 = FILL_AREA_STYLE ('',( #97 ) ) ;
#2055 = ORIENTED_EDGE ( 'NONE', *, *, #840, .F. ) ;
#2056 = STYLED_ITEM ( 'NONE', ( #2853 ), #3635 ) ;
#2057 = PRESENTATION_STYLE_ASSIGNMENT (( #1408 ) ) ;
#2058 = CARTESIAN_POINT ( 'NONE',  ( -0.5650000000000001688, 0.9000000000000000222, -0.01000000000000000021 ) ) ;
#2059 = SURFACE_STYLE_USAGE ( .BOTH. , #677 ) ;
#2060 = EDGE_CURVE ( 'NONE', #952, #1122, #2763, .T. ) ;
#2061 = ORIENTED_EDGE ( 'NONE', *, *, #875, .T. ) ;
#2062 =( LENGTH_UNIT ( ) NAMED_UNIT ( * ) SI_UNIT ( .MILLI., .METRE. ) );
#2063 = VERTEX_POINT ( 'NONE', #2146 ) ;
#2064 = CIRCLE ( 'NONE', #36, 0.09971156457631760728 ) ;
#2065 = PRESENTATION_LAYER_ASSIGNMENT (  '', '', ( #3452 ) ) ;
#2066 = CARTESIAN_POINT ( 'NONE',  ( -0.7729790755752636855, -0.7069995797831308826, 0.2800000000000000266 ) ) ;
#2067 = FILL_AREA_STYLE ('',( #1780 ) ) ;
#2068 = B_SPLINE_CURVE_WITH_KNOTS ( 'NONE', 3,
 ( #1960, #1395, #564, #3110, #2786, #815 ),
 .UNSPECIFIED., .F., .F.,
 ( 4, 2, 4 ),
 ( 0.000000000000000000, 0.2499999999999998612, 0.4999999999999997224 ),
 .UNSPECIFIED. ) ;
#2069 = ORIENTED_EDGE ( 'NONE', *, *, #1456, .F. ) ;
#2070 = DIRECTION ( 'NONE',  ( 0.000000000000000000, 1.000000000000000000, 0.000000000000000000 ) ) ;
#2071 = VERTEX_POINT ( 'NONE', #1043 ) ;
#2072 =( NAMED_UNIT ( * ) SI_UNIT ( $, .STERADIAN. ) SOLID_ANGLE_UNIT ( ) );
#2073 = VECTOR ( 'NONE', #3009, 1000.000000000000000 ) ;
#2074 = UNCERTAINTY_MEASURE_WITH_UNIT (LENGTH_MEASURE( 1.000000000000000082E-05 ), #1298, 'distance_accuracy_value', 'NONE');
#2075 = CARTESIAN_POINT ( 'NONE',  ( 1.100000000000000089, -0.5000000000000000000, -0.01000000000000000021 ) ) ;
#2076 = EDGE_CURVE ( 'NONE', #599, #322, #452, .T. ) ;
#2077 = DIRECTION ( 'NONE',  ( -1.346836345031663671E-16, -1.000000000000000000, -0.000000000000000000 ) ) ;
#2078 = PRESENTATION_LAYER_ASSIGNMENT (  '', '', ( #2315 ) ) ;
#2079 = DIRECTION ( 'NONE',  ( 0.000000000000000000, 0.000000000000000000, -1.000000000000000000 ) ) ;
#2080 =( GEOMETRIC_REPRESENTATION_CONTEXT ( 3 ) GLOBAL_UNCERTAINTY_ASSIGNED_CONTEXT ( ( #1822 ) ) GLOBAL_UNIT_ASSIGNED_CONTEXT ( ( #3656, #3389, #220 ) ) REPRESENTATION_CONTEXT ( 'NONE', 'WORKASPACE' ) );
#2081 = DIRECTION ( 'NONE',  ( 0.000000000000000000, -1.000000000000000000, 0.000000000000000000 ) ) ;
#2082 = DIRECTION ( 'NONE',  ( 0.000000000000000000, -1.000000000000000000, 0.000000000000000000 ) ) ;
#2083 = DIRECTION ( 'NONE',  ( -0.000000000000000000, -0.000000000000000000, -1.000000000000000000 ) ) ;
#2084 = CARTESIAN_POINT ( 'NONE',  ( -1.306288071222107217, -0.1769112150129915351, 0.2900000000000000355 ) ) ;
#2085 = PLANE ( 'NONE',  #1297 ) ;
#2086 = VECTOR ( 'NONE', #1416, 1000.000000000000000 ) ;
#2087 = EDGE_CURVE ( 'NONE', #1048, #3113, #407, .T. ) ;
#2088 = SURFACE_STYLE_FILL_AREA ( #3364 ) ;
#2089 = LINE ( 'NONE', #1212, #3185 ) ;
#2090 = ORIENTED_EDGE ( 'NONE', *, *, #2952, .T. ) ;
#2091 = ADVANCED_FACE ( 'NONE', ( #3268 ), #2256, .F. ) ;
#2092 = FILL_AREA_STYLE_COLOUR ( '', #86 ) ;
#2093 = ORIENTED_EDGE ( 'NONE', *, *, #2110, .F. ) ;
#2094 = UNCERTAINTY_MEASURE_WITH_UNIT (LENGTH_MEASURE( 1.000000000000000082E-05 ), #2753, 'distance_accuracy_value', 'NONE');
#2095 =( LENGTH_UNIT ( ) NAMED_UNIT ( * ) SI_UNIT ( .MILLI., .METRE. ) );
#2096 = DIRECTION ( 'NONE',  ( 1.000000000000000000, 0.000000000000000000, 0.000000000000000000 ) ) ;
#2097 = SURFACE_SIDE_STYLE ('',( #3310 ) ) ;
#2098 = VERTEX_POINT ( 'NONE', #2160 ) ;
#2099 = CARTESIAN_POINT ( 'NONE',  ( 0.7249999999999999778, 0.2750008057883118195, 0.2800000000000000266 ) ) ;
#2100 = MECHANICAL_DESIGN_GEOMETRIC_PRESENTATION_REPRESENTATION (  '', ( #2802 ), #447 ) ;
#2101 = VERTEX_POINT ( 'NONE', #2722 ) ;
#2102 = MECHANICAL_DESIGN_GEOMETRIC_PRESENTATION_REPRESENTATION (  '', ( #522 ), #1108 ) ;
#2103 =( NAMED_UNIT ( * ) PLANE_ANGLE_UNIT ( ) SI_UNIT ( $, .RADIAN. ) );
#2104 = VERTEX_POINT ( 'NONE', #3034 ) ;
#2105 = FACE_OUTER_BOUND ( 'NONE', #2230, .T. ) ;
#2106 = DIRECTION ( 'NONE',  ( -0.000000000000000000, -0.000000000000000000, -1.000000000000000000 ) ) ;
#2107 = VERTEX_POINT ( 'NONE', #1891 ) ;
#2108 = CYLINDRICAL_SURFACE ( 'NONE', #318, 0.2249999999999999500 ) ;
#2109 = CARTESIAN_POINT ( 'NONE',  ( 0.8750008057883119639, -0.4410953487000781603, 0.2800000000000000266 ) ) ;
#2110 = EDGE_CURVE ( 'NONE', #475, #468, #3015, .T. ) ;
#2111 = ADVANCED_FACE ( 'NONE', ( #501 ), #1056, .F. ) ;
#2112 = DIRECTION ( 'NONE',  ( 1.000000000000000000, 0.000000000000000000, 0.000000000000000000 ) ) ;
#2113 = EDGE_LOOP ( 'NONE', ( #1652, #3428, #778, #1937, #1964, #3699, #1331, #3668, #1839, #699 ) ) ;
#2114 = VECTOR ( 'NONE', #759, 1000.000000000000000 ) ;
#2115 = LINE ( 'NONE', #1195, #1371 ) ;
#2116 = VERTEX_POINT ( 'NONE', #2489 ) ;
#2117 = AXIS2_PLACEMENT_3D ( 'NONE', #3467, #324, #2876 ) ;
#2118 = CARTESIAN_POINT ( 'NONE',  ( 0.8992496656338023753, 0.3825534223890101337, 0.2800000000000000266 ) ) ;
#2119 = CARTESIAN_POINT ( 'NONE',  ( -1.100000000000000533, -0.9000000000000000222, 0.2900000000000000355 ) ) ;
#2120 = FILL_AREA_STYLE_COLOUR ( '', #1759 ) ;
#2121 = CARTESIAN_POINT ( 'NONE',  ( 1.100000000000000089, 0.2750008057883118195, -0.01000000000000000021 ) ) ;
#2122 = STYLED_ITEM ( 'NONE', ( #1431 ), #1749 ) ;
#2123 = VECTOR ( 'NONE', #559, 1000.000000000000000 ) ;
#2124 = PRESENTATION_STYLE_ASSIGNMENT (( #637 ) ) ;
#2125 =( GEOMETRIC_REPRESENTATION_CONTEXT ( 3 ) GLOBAL_UNCERTAINTY_ASSIGNED_CONTEXT ( ( #446 ) ) GLOBAL_UNIT_ASSIGNED_CONTEXT ( ( #894, #1735, #1701 ) ) REPRESENTATION_CONTEXT ( 'NONE', 'WORKASPACE' ) );
#2126 = ADVANCED_FACE ( 'NONE', ( #1911 ), #3363, .T. ) ;
#2127 = CARTESIAN_POINT ( 'NONE',  ( -1.100000000000000089, 0.2750008057883118195, 0.2800000000000000822 ) ) ;
#2128 =( GEOMETRIC_REPRESENTATION_CONTEXT ( 3 ) GLOBAL_UNCERTAINTY_ASSIGNED_CONTEXT ( ( #634 ) ) GLOBAL_UNIT_ASSIGNED_CONTEXT ( ( #1242, #2656, #2954 ) ) REPRESENTATION_CONTEXT ( 'NONE', 'WORKASPACE' ) );
#2129 = DIRECTION ( 'NONE',  ( 0.000000000000000000, 0.000000000000000000, -1.000000000000000000 ) ) ;
#2130 = EDGE_CURVE ( 'NONE', #322, #3010, #588, .T. ) ;
#2131 = CARTESIAN_POINT ( 'NONE',  ( 1.100602166165610463, 0.5000000000000000000, 0.8400000000000000799 ) ) ;
#2132 = COLOUR_RGB ( '',1.000000000000000000, 1.000000000000000000, 0.000000000000000000 ) ;
#2133 = PRESENTATION_STYLE_ASSIGNMENT (( #2039 ) ) ;
#2134 = DIRECTION ( 'NONE',  ( -0.000000000000000000, 1.000000000000000000, -0.000000000000000000 ) ) ;
#2135 = EDGE_CURVE ( 'NONE', #1882, #2203, #303, .T. ) ;
#2136 = VERTEX_POINT ( 'NONE', #2828 ) ;
#2137 = SURFACE_STYLE_USAGE ( .BOTH. , #1898 ) ;
#2138 = UNCERTAINTY_MEASURE_WITH_UNIT (LENGTH_MEASURE( 1.000000000000000082E-05 ), #3489, 'distance_accuracy_value', 'NONE');
#2139 = VECTOR ( 'NONE', #1007, 1000.000000000000000 ) ;
#2140 = ORIENTED_EDGE ( 'NONE', *, *, #706, .T. ) ;
#2141 = EDGE_CURVE ( 'NONE', #1096, #1301, #1459, .T. ) ;
#2142 = FILL_AREA_STYLE_COLOUR ( '', #428 ) ;
#2143 = CARTESIAN_POINT ( 'NONE',  ( -0.7249999999999999778, 1.000000000000000000, 0.2800000000000000266 ) ) ;
#2144 = ADVANCED_FACE ( 'NONE', ( #1767 ), #3655, .F. ) ;
#2145 =( NAMED_UNIT ( * ) SI_UNIT ( $, .STERADIAN. ) SOLID_ANGLE_UNIT ( ) );
#2146 = CARTESIAN_POINT ( 'NONE',  ( 1.100000000000000089, 0.9000000000000000222, 0.000000000000000000 ) ) ;
#2147 =( NAMED_UNIT ( * ) SI_UNIT ( $, .STERADIAN. ) SOLID_ANGLE_UNIT ( ) );
#2148 = STYLED_ITEM ( 'NONE', ( #1089 ), #1264 ) ;
#2149 = CARTESIAN_POINT ( 'NONE',  ( -1.041095348700078027, -0.7249991942116883470, 0.2800000000000000822 ) ) ;
#2150 = ORIENTED_EDGE ( 'NONE', *, *, #1631, .T. ) ;
#2151 =( GEOMETRIC_REPRESENTATION_CONTEXT ( 3 ) GLOBAL_UNCERTAINTY_ASSIGNED_CONTEXT ( ( #2997 ) ) GLOBAL_UNIT_ASSIGNED_CONTEXT ( ( #3401, #1100, #810 ) ) REPRESENTATION_CONTEXT ( 'NONE', 'WORKASPACE' ) );
#2152 = LINE ( 'NONE', #3649, #2020 ) ;
#2153 = ORIENTED_EDGE ( 'NONE', *, *, #1200, .F. ) ;
#2154 = FACE_OUTER_BOUND ( 'NONE', #2691, .T. ) ;
#2155 = SURFACE_STYLE_FILL_AREA ( #3148 ) ;
#2156 = CARTESIAN_POINT ( 'NONE',  ( -1.100000000000000089, -0.7249991942116882360, 0.2800000000000000822 ) ) ;
#2157 = VERTEX_POINT ( 'NONE', #832 ) ;
#2158 = SURFACE_STYLE_USAGE ( .BOTH. , #3321 ) ;
#2159 = EDGE_CURVE ( 'NONE', #1432, #593, #3130, .T. ) ;
#2160 = CARTESIAN_POINT ( 'NONE',  ( 1.100000000000000089, -0.7249991942116882360, -0.01000000000000000021 ) ) ;
#2161 = COLOUR_RGB ( '',0.7529411764705882248, 0.7529411764705882248, 0.000000000000000000 ) ;
#2162 = CARTESIAN_POINT ( 'NONE',  ( -1.041095348700078027, -0.2750008057883118195, 0.2800000000000000266 ) ) ;
#2163 = VECTOR ( 'NONE', #731, 1000.000000000000000 ) ;
#2164 = ADVANCED_FACE ( 'NONE', ( #2843 ), #1858, .T. ) ;
#2165 = DIRECTION ( 'NONE',  ( -1.000000000000000000, 0.000000000000000000, -0.000000000000000000 ) ) ;
#2166 = LINE ( 'NONE', #3291, #1422 ) ;
#2167 = VECTOR ( 'NONE', #600, 1000.000000000000000 ) ;
#2168 = CARTESIAN_POINT ( 'NONE',  ( -2.379665023495906096E-18, 1.000000000000000000, -0.01000000000000000021 ) ) ;
#2169 = COLOUR_RGB ( '',1.000000000000000000, 1.000000000000000000, 0.000000000000000000 ) ;
#2170 = CARTESIAN_POINT ( 'NONE',  ( -1.100000000000000089, -0.7249991942116882360, 0.000000000000000000 ) ) ;
#2171 = CARTESIAN_POINT ( 'NONE',  ( 1.100000000000000089, -0.09500080578831181233, 0.2900000000000000355 ) ) ;
#2172 = MECHANICAL_DESIGN_GEOMETRIC_PRESENTATION_REPRESENTATION (  '', ( #2499 ), #271 ) ;
#2173 = CYLINDRICAL_SURFACE ( 'NONE', #121, 0.3659919831546426527 ) ;
#2174 = CARTESIAN_POINT ( 'NONE',  ( -0.7249999999999999778, -1.000000000000000000, 0.8400000000000000799 ) ) ;
#2175 = CARTESIAN_POINT ( 'NONE',  ( -0.8992496656338027083, -0.6174465776109898663, 0.2800000000000000266 ) ) ;
#2176 = COLOUR_RGB ( '',1.000000000000000000, 1.000000000000000000, 0.000000000000000000 ) ;
#2177 =( NAMED_UNIT ( * ) PLANE_ANGLE_UNIT ( ) SI_UNIT ( $, .RADIAN. ) );
#2178 = MECHANICAL_DESIGN_GEOMETRIC_PRESENTATION_REPRESENTATION (  '', ( #2702 ), #3616 ) ;
#2179 = DIRECTION ( 'NONE',  ( -0.000000000000000000, -0.000000000000000000, -1.000000000000000000 ) ) ;
#2180 = VECTOR ( 'NONE', #3412, 1000.000000000000000 ) ;
#2181 = EDGE_CURVE ( 'NONE', #1301, #2281, #3713, .T. ) ;
#2182 = FILL_AREA_STYLE ('',( #1361 ) ) ;
#2183 = DIRECTION ( 'NONE',  ( 0.000000000000000000, -1.000000000000000000, 0.000000000000000000 ) ) ;
#2184 = CARTESIAN_POINT ( 'NONE',  ( -1.100000000000000089, 0.7249991942116882360, 0.2900000000000000355 ) ) ;
#2185 = AXIS2_PLACEMENT_3D ( 'NONE', #1261, #667, #701 ) ;
#2186 = ORIENTED_EDGE ( 'NONE', *, *, #1146, .T. ) ;
#2187 = VECTOR ( 'NONE', #2630, 1000.000000000000000 ) ;
#2188 = CARTESIAN_POINT ( 'NONE',  ( -0.8992496656338022643, -0.3825534223890100227, 0.2800000000000000266 ) ) ;
#2189 = ORIENTED_EDGE ( 'NONE', *, *, #1600, .T. ) ;
#2190 = UNCERTAINTY_MEASURE_WITH_UNIT (LENGTH_MEASURE( 1.000000000000000082E-05 ), #3697, 'distance_accuracy_value', 'NONE');
#2191 = DIRECTION ( 'NONE',  ( -0.000000000000000000, -0.000000000000000000, -1.000000000000000000 ) ) ;
#2192 = ORIENTED_EDGE ( 'NONE', *, *, #3673, .F. ) ;
#2193 = ORIENTED_EDGE ( 'NONE', *, *, #2328, .T. ) ;
#2194 = EDGE_CURVE ( 'NONE', #62, #2859, #2756, .T. ) ;
#2195 =( LENGTH_UNIT ( ) NAMED_UNIT ( * ) SI_UNIT ( .MILLI., .METRE. ) );
#2196 = PRESENTATION_LAYER_ASSIGNMENT (  '', '', ( #1693 ) ) ;
#2197 = DIRECTION ( 'NONE',  ( -0.000000000000000000, -0.000000000000000000, -1.000000000000000000 ) ) ;
#2198 = ORIENTED_EDGE ( 'NONE', *, *, #1615, .T. ) ;
#2199 = LINE ( 'NONE', #3318, #3245 ) ;
#2200 = DIRECTION ( 'NONE',  ( -0.000000000000000000, -0.000000000000000000, -1.000000000000000000 ) ) ;
#2201 =( NAMED_UNIT ( * ) PLANE_ANGLE_UNIT ( ) SI_UNIT ( $, .RADIAN. ) );
#2202 =( GEOMETRIC_REPRESENTATION_CONTEXT ( 3 ) GLOBAL_UNCERTAINTY_ASSIGNED_CONTEXT ( ( #277 ) ) GLOBAL_UNIT_ASSIGNED_CONTEXT ( ( #2933, #2388, #988 ) ) REPRESENTATION_CONTEXT ( 'NONE', 'WORKASPACE' ) );
#2203 = VERTEX_POINT ( 'NONE', #1977 ) ;
#2204 = VECTOR ( 'NONE', #79, 1000.000000000000000 ) ;
#2205 = CARTESIAN_POINT ( 'NONE',  ( -1.100000000000000533, -0.9000000000000000222, 0.2900000000000000355 ) ) ;
#2206 = ORIENTED_EDGE ( 'NONE', *, *, #2356, .T. ) ;
#2207 = FACE_OUTER_BOUND ( 'NONE', #334, .T. ) ;
#2208 =( NAMED_UNIT ( * ) PLANE_ANGLE_UNIT ( ) SI_UNIT ( $, .RADIAN. ) );
#2209 = EDGE_CURVE ( 'NONE', #2063, #3089, #1682, .T. ) ;
#2210 =( LENGTH_UNIT ( ) NAMED_UNIT ( * ) SI_UNIT ( .MILLI., .METRE. ) );
#2211 = FILL_AREA_STYLE_COLOUR ( '', #3 ) ;
#2212 =( NAMED_UNIT ( * ) SI_UNIT ( $, .STERADIAN. ) SOLID_ANGLE_UNIT ( ) );
#2213 =( NAMED_UNIT ( * ) SI_UNIT ( $, .STERADIAN. ) SOLID_ANGLE_UNIT ( ) );
#2214 = VECTOR ( 'NONE', #417, 1000.000000000000000 ) ;
#2215 =( NAMED_UNIT ( * ) PLANE_ANGLE_UNIT ( ) SI_UNIT ( $, .RADIAN. ) );
#2216 = LINE ( 'NONE', #3024, #2849 ) ;
#2217 =( NAMED_UNIT ( * ) PLANE_ANGLE_UNIT ( ) SI_UNIT ( $, .RADIAN. ) );
#2218 = STYLED_ITEM ( 'NONE', ( #2057 ), #1225 ) ;
#2219 = CARTESIAN_POINT ( 'NONE',  ( 0.8893900787202949632, 0.7030102366814602322, 0.2900000000000000355 ) ) ;
#2220 = LINE ( 'NONE', #3454, #3683 ) ;
#2221 = ORIENTED_EDGE ( 'NONE', *, *, #555, .F. ) ;
#2222 =( NAMED_UNIT ( * ) SI_UNIT ( $, .STERADIAN. ) SOLID_ANGLE_UNIT ( ) );
#2223 = EDGE_CURVE ( 'NONE', #2281, #3374, #678, .T. ) ;
#2224 = ORIENTED_EDGE ( 'NONE', *, *, #1289, .T. ) ;
#2225 = CIRCLE ( 'NONE', #2975, 0.3590454290815717209 ) ;
#2226 = VECTOR ( 'NONE', #85, 1000.000000000000000 ) ;
#2227 = EDGE_CURVE ( 'NONE', #1268, #952, #1027, .T. ) ;
#2228 = DIRECTION ( 'NONE',  ( -0.000000000000000000, -0.000000000000000000, -1.000000000000000000 ) ) ;
#2229 = ORIENTED_EDGE ( 'NONE', *, *, #3400, .T. ) ;
#2230 = EDGE_LOOP ( 'NONE', ( #3600, #1649, #653, #2995 ) ) ;
#2231 = SURFACE_STYLE_USAGE ( .BOTH. , #2507 ) ;
#2232 = CARTESIAN_POINT ( 'NONE',  ( 1.100000000000000089, -0.9000000000000000222, 0.2800000000000000266 ) ) ;
#2233 = MECHANICAL_DESIGN_GEOMETRIC_PRESENTATION_REPRESENTATION (  '', ( #3546 ), #2440 ) ;
#2234 = SURFACE_SIDE_STYLE ('',( #1515 ) ) ;
#2235 = ORIENTED_EDGE ( 'NONE', *, *, #2809, .F. ) ;
#2236 = CIRCLE ( 'NONE', #1281, 0.2249991942116882082 ) ;
#2237 = PLANE ( 'NONE',  #1696 ) ;
#2238 = VERTEX_POINT ( 'NONE', #876 ) ;
#2239 = PRESENTATION_STYLE_ASSIGNMENT (( #3098 ) ) ;
#2240 = VERTEX_POINT ( 'NONE', #3174 ) ;
#2241 = PRESENTATION_LAYER_ASSIGNMENT (  '', '', ( #716 ) ) ;
#2242 = COLOUR_RGB ( '',0.7529411764705882248, 0.7529411764705882248, 0.000000000000000000 ) ;
#2243 = CARTESIAN_POINT ( 'NONE',  ( -0.5650000000000000577, 0.09500080578831186784, -0.01000000000000000021 ) ) ;
#2244 = ORIENTED_EDGE ( 'NONE', *, *, #2590, .T. ) ;
#2245 = COLOUR_RGB ( '',1.000000000000000000, 1.000000000000000000, 1.000000000000000000 ) ;
#2246 = CARTESIAN_POINT ( 'NONE',  ( 1.100000000000000089, 0.9000000000000000222, 0.2800000000000000266 ) ) ;
#2247 = CARTESIAN_POINT ( 'NONE',  ( -0.5650000000000000577, -0.09500080578831186784, -0.01000000000000000021 ) ) ;
#2248 =( GEOMETRIC_REPRESENTATION_CONTEXT ( 3 ) GLOBAL_UNCERTAINTY_ASSIGNED_CONTEXT ( ( #2765 ) ) GLOBAL_UNIT_ASSIGNED_CONTEXT ( ( #3553, #1825, #1533 ) ) REPRESENTATION_CONTEXT ( 'NONE', 'WORKASPACE' ) );
#2249 = ORIENTED_EDGE ( 'NONE', *, *, #1216, .F. ) ;
#2250 = PRESENTATION_STYLE_ASSIGNMENT (( #1975 ) ) ;
#2251 = DIRECTION ( 'NONE',  ( -0.000000000000000000, 1.000000000000000000, -0.000000000000000000 ) ) ;
#2252 = CARTESIAN_POINT ( 'NONE',  ( 0.000000000000000000, 0.000000000000000000, 0.2800000000000000266 ) ) ;
#2253 = AXIS2_PLACEMENT_3D ( 'NONE', #2331, #3181, #1765 ) ;
#2254 =( NAMED_UNIT ( * ) PLANE_ANGLE_UNIT ( ) SI_UNIT ( $, .RADIAN. ) );
#2255 = CARTESIAN_POINT ( 'NONE',  ( 0.5650000000000001688, -0.9000000000000000222, -0.000000000000000000 ) ) ;
#2256 = CYLINDRICAL_SURFACE ( 'NONE', #3707, 0.2249991942116882082 ) ;
#2257 = SURFACE_SIDE_STYLE ('',( #556 ) ) ;
#2258 = EDGE_CURVE ( 'NONE', #198, #1410, #2655, .T. ) ;
#2259 = VECTOR ( 'NONE', #1111, 1000.000000000000000 ) ;
#2260 = AXIS2_PLACEMENT_3D ( 'NONE', #3212, #2927, #1239 ) ;
#2261 = VERTEX_POINT ( 'NONE', #2268 ) ;
#2262 = CARTESIAN_POINT ( 'NONE',  ( -1.100000000000000089, -1.000000000000000000, 0.000000000000000000 ) ) ;
#2263 = COLOUR_RGB ( '',1.000000000000000000, 1.000000000000000000, 0.000000000000000000 ) ;
#2264 = LINE ( 'NONE', #1081, #3369 ) ;
#2265 = ORIENTED_EDGE ( 'NONE', *, *, #332, .F. ) ;
#2266 = PRESENTATION_LAYER_ASSIGNMENT (  '', '', ( #2148 ) ) ;
#2267 = STYLED_ITEM ( 'NONE', ( #801 ), #2900 ) ;
#2268 = CARTESIAN_POINT ( 'NONE',  ( -1.100000000000000089, -0.2750008057883118195, -0.01000000000000000021 ) ) ;
#2269 = DIRECTION ( 'NONE',  ( -0.000000000000000000, 1.000000000000000000, -0.000000000000000000 ) ) ;
#2270 = PRESENTATION_STYLE_ASSIGNMENT (( #617 ) ) ;
#2271 = DIRECTION ( 'NONE',  ( 0.000000000000000000, 0.000000000000000000, 1.000000000000000000 ) ) ;
#2272 = CARTESIAN_POINT ( 'NONE',  ( 1.115050464416982523, 0.4537306535361722570, 0.2900000000000000355 ) ) ;
#2273 = ORIENTED_EDGE ( 'NONE', *, *, #2060, .F. ) ;
#2274 = PRESENTATION_STYLE_ASSIGNMENT (( #2742 ) ) ;
#2275 = VERTEX_POINT ( 'NONE', #308 ) ;
#2276 = EDGE_CURVE ( 'NONE', #1301, #2672, #2932, .T. ) ;
#2277 = VERTEX_POINT ( 'NONE', #382 ) ;
#2278 = FACE_OUTER_BOUND ( 'NONE', #1099, .T. ) ;
#2279 = CARTESIAN_POINT ( 'NONE',  ( -0.5650000000000000577, -0.09500080578831186784, 0.000000000000000000 ) ) ;
#2280 =( NAMED_UNIT ( * ) PLANE_ANGLE_UNIT ( ) SI_UNIT ( $, .RADIAN. ) );
#2281 = VERTEX_POINT ( 'NONE', #957 ) ;
#2282 = PRESENTATION_STYLE_ASSIGNMENT (( #1791 ) ) ;
#2283 = CARTESIAN_POINT ( 'NONE',  ( 1.100000000000000089, 0.2750008057883118195, 0.000000000000000000 ) ) ;
#2284 = DIRECTION ( 'NONE',  ( -1.000000000000000000, 0.000000000000000000, 0.000000000000000000 ) ) ;
#2285 = ORIENTED_EDGE ( 'NONE', *, *, #3438, .T. ) ;
#2286 = PRESENTATION_STYLE_ASSIGNMENT (( #241 ) ) ;
#2287 =( NAMED_UNIT ( * ) PLANE_ANGLE_UNIT ( ) SI_UNIT ( $, .RADIAN. ) );
#2288 = ORIENTED_EDGE ( 'NONE', *, *, #449, .T. ) ;
#2289 = VECTOR ( 'NONE', #1236, 1000.000000000000000 ) ;
#2290 = FACE_OUTER_BOUND ( 'NONE', #203, .T. ) ;
#2291 =( GEOMETRIC_REPRESENTATION_CONTEXT ( 3 ) GLOBAL_UNCERTAINTY_ASSIGNED_CONTEXT ( ( #723 ) ) GLOBAL_UNIT_ASSIGNED_CONTEXT ( ( #224, #250, #2222 ) ) REPRESENTATION_CONTEXT ( 'NONE', 'WORKASPACE' ) );
#2292 =( GEOMETRIC_REPRESENTATION_CONTEXT ( 3 ) GLOBAL_UNCERTAINTY_ASSIGNED_CONTEXT ( ( #1165 ) ) GLOBAL_UNIT_ASSIGNED_CONTEXT ( ( #243, #2217, #534 ) ) REPRESENTATION_CONTEXT ( 'NONE', 'WORKASPACE' ) );
#2293 =( LENGTH_UNIT ( ) NAMED_UNIT ( * ) SI_UNIT ( .MILLI., .METRE. ) );
#2294 =( LENGTH_UNIT ( ) NAMED_UNIT ( * ) SI_UNIT ( .MILLI., .METRE. ) );
#2295 = VERTEX_POINT ( 'NONE', #1433 ) ;
#2296 = SURFACE_STYLE_FILL_AREA ( #3585 ) ;
#2297 = CYLINDRICAL_SURFACE ( 'NONE', #3609, 0.2249991942116882082 ) ;
#2298 = DIRECTION ( 'NONE',  ( 1.000000000000000000, 0.000000000000000000, -0.000000000000000000 ) ) ;
#2299 = PLANE ( 'NONE',  #3307 ) ;
#2300 = EDGE_CURVE ( 'NONE', #315, #3281, #584, .T. ) ;
#2301 = UNCERTAINTY_MEASURE_WITH_UNIT (LENGTH_MEASURE( 1.000000000000000082E-05 ), #842, 'distance_accuracy_value', 'NONE');
#2302 = EDGE_CURVE ( 'NONE', #1211, #2859, #2495, .T. ) ;
#2303 = DIRECTION ( 'NONE',  ( 1.346836345031663671E-16, 1.000000000000000000, -0.000000000000000000 ) ) ;
#2304 =( NAMED_UNIT ( * ) SI_UNIT ( $, .STERADIAN. ) SOLID_ANGLE_UNIT ( ) );
#2305 = MECHANICAL_DESIGN_GEOMETRIC_PRESENTATION_REPRESENTATION (  '', ( #984 ), #1469 ) ;
#2306 = LINE ( 'NONE', #1578, #3084 ) ;
#2307 = PLANE ( 'NONE',  #3173 ) ;
#2308 = DIRECTION ( 'NONE',  ( -1.000000000000000000, 0.000000000000000000, 0.000000000000000000 ) ) ;
#2309 = FACE_OUTER_BOUND ( 'NONE', #1974, .T. ) ;
#2310 =( NAMED_UNIT ( * ) PLANE_ANGLE_UNIT ( ) SI_UNIT ( $, .RADIAN. ) );
#2311 = AXIS2_PLACEMENT_3D ( 'NONE', #2084, #396, #3217 ) ;
#2312 = SURFACE_STYLE_FILL_AREA ( #1638 ) ;
#2313 = ADVANCED_FACE ( 'NONE', ( #1198 ), #3162, .F. ) ;
#2314 = FILL_AREA_STYLE ('',( #335 ) ) ;
#2315 = STYLED_ITEM ( 'NONE', ( #2274 ), #1501 ) ;
#2316 = EDGE_LOOP ( 'NONE', ( #1973, #1000, #3519, #2746, #2960, #2865, #2022, #3135, #1884, #2273, #280, #1088 ) ) ;
#2317 = VECTOR ( 'NONE', #2619, 1000.000000000000000 ) ;
#2318 = EDGE_CURVE ( 'NONE', #3647, #23, #2613, .T. ) ;
#2319 = SURFACE_STYLE_USAGE ( .BOTH. , #340 ) ;
#2320 = SURFACE_STYLE_USAGE ( .BOTH. , #1473 ) ;
#2321 = FILL_AREA_STYLE_COLOUR ( '', #2898 ) ;
#2322 = UNCERTAINTY_MEASURE_WITH_UNIT (LENGTH_MEASURE( 1.000000000000000082E-05 ), #2991, 'distance_accuracy_value', 'NONE');
#2323 = VERTEX_POINT ( 'NONE', #890 ) ;
#2324 = PRESENTATION_STYLE_ASSIGNMENT (( #1149 ) ) ;
#2325 = DIRECTION ( 'NONE',  ( -1.000000000000000000, 0.000000000000000000, 0.000000000000000000 ) ) ;
#2326 = CARTESIAN_POINT ( 'NONE',  ( -1.100000000000000089, -1.000000000000000000, 0.2800000000000000266 ) ) ;
#2327 = ORIENTED_EDGE ( 'NONE', *, *, #2775, .T. ) ;
#2328 = EDGE_CURVE ( 'NONE', #2672, #2490, #98, .T. ) ;
#2329 = DIRECTION ( 'NONE',  ( -1.000000000000000000, 0.000000000000000000, 0.000000000000000000 ) ) ;
#2330 = VERTEX_POINT ( 'NONE', #2951 ) ;
#2331 = CARTESIAN_POINT ( 'NONE',  ( 0.5650000000000001688, -0.9000000000000000222, -0.01000000000000000021 ) ) ;
#2332 = DIRECTION ( 'NONE',  ( -0.000000000000000000, -0.000000000000000000, -1.000000000000000000 ) ) ;
#2333 = B_SPLINE_CURVE_WITH_KNOTS ( 'NONE', 3,
 ( #127, #3003, #3532, #1803, #3288, #1270, #1540, #2651, #3522, #2127 ),
 .UNSPECIFIED., .F., .F.,
 ( 4, 2, 2, 2, 4 ),
 ( 0.000000000000000000, 0.2499999999999997780, 0.4999999999999998890, 0.7500000000000000000, 1.000000000000000000 ),
 .UNSPECIFIED. ) ;
#2334 = VECTOR ( 'NONE', #1901, 1000.000000000000000 ) ;
#2335 = ORIENTED_EDGE ( 'NONE', *, *, #3567, .T. ) ;
#2336 = CARTESIAN_POINT ( 'NONE',  ( 1.100000000000000089, 0.2750008057883118195, 0.000000000000000000 ) ) ;
#2337 =( NAMED_UNIT ( * ) SI_UNIT ( $, .STERADIAN. ) SOLID_ANGLE_UNIT ( ) );
#2338 = EDGE_CURVE ( 'NONE', #322, #2367, #3030, .T. ) ;
#2339 = COLOUR_RGB ( '',0.7529411764705882248, 0.7529411764705882248, 0.000000000000000000 ) ;
#2340 = ORIENTED_EDGE ( 'NONE', *, *, #1549, .T. ) ;
#2341 = COLOUR_RGB ( '',1.000000000000000000, 1.000000000000000000, 1.000000000000000000 ) ;
#2342 = CARTESIAN_POINT ( 'NONE',  ( -1.100000000000000089, 0.2750008057883118195, 0.2900000000000000355 ) ) ;
#2343 = FACE_OUTER_BOUND ( 'NONE', #15, .T. ) ;
#2344 =( GEOMETRIC_REPRESENTATION_CONTEXT ( 3 ) GLOBAL_UNCERTAINTY_ASSIGNED_CONTEXT ( ( #2535 ) ) GLOBAL_UNIT_ASSIGNED_CONTEXT ( ( #1387, #518, #1954 ) ) REPRESENTATION_CONTEXT ( 'NONE', 'WORKASPACE' ) );
#2345 = LINE ( 'NONE', #2143, #1063 ) ;
#2346 = AXIS2_PLACEMENT_3D ( 'NONE', #185, #1033, #458 ) ;
#2347 = DIRECTION ( 'NONE',  ( 0.000000000000000000, 0.000000000000000000, -1.000000000000000000 ) ) ;
#2348 = CARTESIAN_POINT ( 'NONE',  ( 1.100000000000000089, 0.7249991942116882360, 0.2900000000000000355 ) ) ;
#2349 = LINE ( 'NONE', #3646, #1640 ) ;
#2350 = VECTOR ( 'NONE', #432, 1000.000000000000000 ) ;
#2351 = DIRECTION ( 'NONE',  ( -0.000000000000000000, 0.000000000000000000, -1.000000000000000000 ) ) ;
#2352 =( NAMED_UNIT ( * ) PLANE_ANGLE_UNIT ( ) SI_UNIT ( $, .RADIAN. ) );
#2353 =( NAMED_UNIT ( * ) PLANE_ANGLE_UNIT ( ) SI_UNIT ( $, .RADIAN. ) );
#2354 = CARTESIAN_POINT ( 'NONE',  ( 1.115050464416982523, 0.4537306535361722570, 0.2800000000000000266 ) ) ;
#2355 = CARTESIAN_POINT ( 'NONE',  ( -0.7729790755752636855, -0.2551845782464792212, 0.2800000000000000266 ) ) ;
#2356 = EDGE_CURVE ( 'NONE', #1592, #480, #1386, .T. ) ;
#2357 = VECTOR ( 'NONE', #2814, 1000.000000000000000 ) ;
#2358 = DIRECTION ( 'NONE',  ( -1.000000000000000000, 0.000000000000000000, 0.000000000000000000 ) ) ;
#2359 = CARTESIAN_POINT ( 'NONE',  ( -0.7729790755752636855, -0.2551845782464793322, 0.2800000000000000266 ) ) ;
#2360 = VERTEX_POINT ( 'NONE', #3541 ) ;
#2361 = DIRECTION ( 'NONE',  ( 1.084202172485504434E-16, 1.000000000000000000, -0.000000000000000000 ) ) ;
#2362 = SURFACE_SIDE_STYLE ('',( #2487 ) ) ;
#2363 = DIRECTION ( 'NONE',  ( -0.000000000000000000, -0.000000000000000000, 1.000000000000000000 ) ) ;
#2364 = ORIENTED_EDGE ( 'NONE', *, *, #3590, .T. ) ;
#2365 = DIRECTION ( 'NONE',  ( 1.000000000000000000, 0.000000000000000000, -0.000000000000000000 ) ) ;
#2366 = SURFACE_STYLE_FILL_AREA ( #3598 ) ;
#2367 = VERTEX_POINT ( 'NONE', #2665 ) ;
#2368 = AXIS2_PLACEMENT_3D ( 'NONE', #1931, #2811, #519 ) ;
#2369 = LINE ( 'NONE', #632, #514 ) ;
#2370 = ORIENTED_EDGE ( 'NONE', *, *, #3654, .F. ) ;
#2371 = CARTESIAN_POINT ( 'NONE',  ( -0.7249999999999999778, -0.7069995797831308826, 0.2900000000000000910 ) ) ;
#2372 = SURFACE_STYLE_USAGE ( .BOTH. , #1525 ) ;
#2373 = UNCERTAINTY_MEASURE_WITH_UNIT (LENGTH_MEASURE( 1.000000000000000082E-05 ), #2041, 'distance_accuracy_value', 'NONE');
#2374 = ORIENTED_EDGE ( 'NONE', *, *, #2141, .T. ) ;
#2375 = LINE ( 'NONE', #3341, #661 ) ;
#2376 = DIRECTION ( 'NONE',  ( -0.000000000000000000, -0.000000000000000000, -1.000000000000000000 ) ) ;
#2377 = CARTESIAN_POINT ( 'NONE',  ( 0.8893900787202949632, 0.7030102366814602322, 0.2800000000000000266 ) ) ;
#2378 = DIRECTION ( 'NONE',  ( -0.000000000000000000, -0.000000000000000000, -1.000000000000000000 ) ) ;
#2379 = CARTESIAN_POINT ( 'NONE',  ( 1.100000000000000089, -0.7249991942116882360, -0.01000000000000000021 ) ) ;
#2380 = ORIENTED_EDGE ( 'NONE', *, *, #286, .F. ) ;
#2381 = DIRECTION ( 'NONE',  ( 1.000000000000000000, -1.013273058397667688E-16, -0.000000000000000000 ) ) ;
#2382 = ORIENTED_EDGE ( 'NONE', *, *, #3226, .F. ) ;
#2383 = PRESENTATION_LAYER_ASSIGNMENT (  '', '', ( #3546 ) ) ;
#2384 = DIRECTION ( 'NONE',  ( 0.000000000000000000, 0.000000000000000000, 1.000000000000000000 ) ) ;
#2385 = CARTESIAN_POINT ( 'NONE',  ( -0.9094800685482298253, 0.9000000000000000222, 0.2900000000000000355 ) ) ;
#2386 = CARTESIAN_POINT ( 'NONE',  ( 0.9856703915547742056, -0.09500080578831181233, 0.2900000000000000355 ) ) ;
#2387 = VERTEX_POINT ( 'NONE', #138 ) ;
#2388 =( NAMED_UNIT ( * ) PLANE_ANGLE_UNIT ( ) SI_UNIT ( $, .RADIAN. ) );
#2389 = CARTESIAN_POINT ( 'NONE',  ( 0.7249999999999999778, 0.2750008057883118195, 0.2900000000000000355 ) ) ;
#2390 = EDGE_LOOP ( 'NONE', ( #290, #1411, #2370, #1788 ) ) ;
#2391 = CARTESIAN_POINT ( 'NONE',  ( -0.5650000000000001688, -0.9000000000000000222, 0.000000000000000000 ) ) ;
#2392 = DIRECTION ( 'NONE',  ( 1.000000000000000000, 0.000000000000000000, 0.000000000000000000 ) ) ;
#2393 = LINE ( 'NONE', #2171, #83 ) ;
#2394 = PLANE ( 'NONE',  #88 ) ;
#2395 = EDGE_CURVE ( 'NONE', #107, #1144, #2804, .T. ) ;
#2396 = PRESENTATION_LAYER_ASSIGNMENT (  '', '', ( #1126 ) ) ;
#2397 = CARTESIAN_POINT ( 'NONE',  ( 1.100000000000000089, 0.7249991942116882360, 0.2900000000000000355 ) ) ;
#2398 = LINE ( 'NONE', #1347, #3525 ) ;
#2399 = PRESENTATION_STYLE_ASSIGNMENT (( #2418 ) ) ;
#2400 = MECHANICAL_DESIGN_GEOMETRIC_PRESENTATION_REPRESENTATION (  '', ( #2148 ), #997 ) ;
#2401 = ADVANCED_FACE ( 'NONE', ( #1812 ), #735, .T. ) ;
#2402 = FILL_AREA_STYLE_COLOUR ( '', #1793 ) ;
#2403 =( GEOMETRIC_REPRESENTATION_CONTEXT ( 3 ) GLOBAL_UNCERTAINTY_ASSIGNED_CONTEXT ( ( #2596 ) ) GLOBAL_UNIT_ASSIGNED_CONTEXT ( ( #152, #3621, #1311 ) ) REPRESENTATION_CONTEXT ( 'NONE', 'WORKASPACE' ) );
#2404 = SURFACE_SIDE_STYLE ('',( #223 ) ) ;
#2405 = CARTESIAN_POINT ( 'NONE',  ( 1.100000000000000089, -0.09500080578831181233, 0.2900000000000000355 ) ) ;
#2406 = CARTESIAN_POINT ( 'NONE',  ( 0.8036515856964634441, 0.2750008057883118195, 0.2900000000000000355 ) ) ;
#2407 = DIRECTION ( 'NONE',  ( -0.000000000000000000, -0.000000000000000000, -1.000000000000000000 ) ) ;
#2408 = CARTESIAN_POINT ( 'NONE',  ( -1.100000000000000089, -0.09500080578831181233, 0.000000000000000000 ) ) ;
#2409 = LINE ( 'NONE', #1316, #2985 ) ;
#2410 = EDGE_CURVE ( 'NONE', #2098, #565, #1552, .T. ) ;
#2411 = PRESENTATION_STYLE_ASSIGNMENT (( #82 ) ) ;
#2412 = EDGE_CURVE ( 'NONE', #2136, #998, #674, .T. ) ;
#2413 = ORIENTED_EDGE ( 'NONE', *, *, #867, .F. ) ;
#2414 = LINE ( 'NONE', #704, #53 ) ;
#2415 = CIRCLE ( 'NONE', #419, 0.2249991942116882082 ) ;
#2416 = ORIENTED_EDGE ( 'NONE', *, *, #443, .T. ) ;
#2417 = CARTESIAN_POINT ( 'NONE',  ( -0.7729790755752636855, -0.7069995797831308826, 0.2900000000000000355 ) ) ;
#2418 = SURFACE_STYLE_USAGE ( .BOTH. , #2097 ) ;
#2419 = ORIENTED_EDGE ( 'NONE', *, *, #3631, .F. ) ;
#2420 = CYLINDRICAL_SURFACE ( 'NONE', #1425, 0.2249991942116882082 ) ;
#2421 = DIRECTION ( 'NONE',  ( 1.346836345031663671E-16, -1.000000000000000000, 0.000000000000000000 ) ) ;
#2422 = ORIENTED_EDGE ( 'NONE', *, *, #2717, .F. ) ;
#2423 = CARTESIAN_POINT ( 'NONE',  ( -0.7249999999999999778, 0.8124995971058440736, 0.2900000000000000355 ) ) ;
#2424 =( GEOMETRIC_REPRESENTATION_CONTEXT ( 3 ) GLOBAL_UNCERTAINTY_ASSIGNED_CONTEXT ( ( #1286 ) ) GLOBAL_UNIT_ASSIGNED_CONTEXT ( ( #3446, #1688, #1978 ) ) REPRESENTATION_CONTEXT ( 'NONE', 'WORKASPACE' ) );
#2425 = CARTESIAN_POINT ( 'NONE',  ( -1.100000000000000089, 0.7249991942116882360, 0.2900000000000000355 ) ) ;
#2426 = UNCERTAINTY_MEASURE_WITH_UNIT (LENGTH_MEASURE( 1.000000000000000082E-05 ), #1276, 'distance_accuracy_value', 'NONE');
#2427 = EDGE_LOOP ( 'NONE', ( #2052, #4, #2249, #3552 ) ) ;
#2428 = PRODUCT_DEFINITION_FORMATION_WITH_SPECIFIED_SOURCE ( 'ANY', '', #1011, .NOT_KNOWN. ) ;
#2429 = ORIENTED_EDGE ( 'NONE', *, *, #1171, .T. ) ;
#2430 = COLOUR_RGB ( '',1.000000000000000000, 1.000000000000000000, 0.000000000000000000 ) ;
#2431 = VECTOR ( 'NONE', #477, 1000.000000000000000 ) ;
#2432 = CARTESIAN_POINT ( 'NONE',  ( -1.100000000000000089, -1.000000000000000000, 0.2800000000000000266 ) ) ;
#2433 =( LENGTH_UNIT ( ) NAMED_UNIT ( * ) SI_UNIT ( .MILLI., .METRE. ) );
#2434 = EDGE_CURVE ( 'NONE', #3006, #1470, #845, .T. ) ;
#2435 =( NAMED_UNIT ( * ) PLANE_ANGLE_UNIT ( ) SI_UNIT ( $, .RADIAN. ) );
#2436 = EDGE_LOOP ( 'NONE', ( #2478, #3046, #151, #3142 ) ) ;
#2437 = VECTOR ( 'NONE', #153, 1000.000000000000000 ) ;
#2438 =( NAMED_UNIT ( * ) PLANE_ANGLE_UNIT ( ) SI_UNIT ( $, .RADIAN. ) );
#2439 = VERTEX_POINT ( 'NONE', #3252 ) ;
#2440 =( GEOMETRIC_REPRESENTATION_CONTEXT ( 3 ) GLOBAL_UNCERTAINTY_ASSIGNED_CONTEXT ( ( #2426 ) ) GLOBAL_UNIT_ASSIGNED_CONTEXT ( ( #1276, #2352, #89 ) ) REPRESENTATION_CONTEXT ( 'NONE', 'WORKASPACE' ) );
#2441 = ADVANCED_FACE ( 'NONE', ( #2445 ), #2085, .T. ) ;
#2442 = DIRECTION ( 'NONE',  ( 1.000000000000000000, 0.000000000000000000, 0.000000000000000000 ) ) ;
#2443 =( LENGTH_UNIT ( ) NAMED_UNIT ( * ) SI_UNIT ( .MILLI., .METRE. ) );
#2444 = ORIENTED_EDGE ( 'NONE', *, *, #3155, .T. ) ;
#2445 = FACE_OUTER_BOUND ( 'NONE', #703, .T. ) ;
#2446 = CARTESIAN_POINT ( 'NONE',  ( -0.8753014859769611133, 0.5000000000000002220, -1.694065894508600678E-18 ) ) ;
#2447 = DIRECTION ( 'NONE',  ( -0.000000000000000000, -0.000000000000000000, -1.000000000000000000 ) ) ;
#2448 =( GEOMETRIC_REPRESENTATION_CONTEXT ( 3 ) GLOBAL_UNCERTAINTY_ASSIGNED_CONTEXT ( ( #3143 ) ) GLOBAL_UNIT_ASSIGNED_CONTEXT ( ( #3466, #1446, #1721 ) ) REPRESENTATION_CONTEXT ( 'NONE', 'WORKASPACE' ) );
#2449 = DIRECTION ( 'NONE',  ( 1.000000000000000000, 0.000000000000000000, 0.000000000000000000 ) ) ;
#2450 = PRESENTATION_LAYER_ASSIGNMENT (  '', '', ( #550 ) ) ;
#2451 = SURFACE_SIDE_STYLE ('',( #1337 ) ) ;
#2452 = PRESENTATION_STYLE_ASSIGNMENT (( #848 ) ) ;
#2453 = LINE ( 'NONE', #39, #188 ) ;
#2454 = DIRECTION ( 'NONE',  ( 0.000000000000000000, 1.000000000000000000, 0.000000000000000000 ) ) ;
#2455 = FACE_OUTER_BOUND ( 'NONE', #1866, .T. ) ;
#2456 = CARTESIAN_POINT ( 'NONE',  ( 1.100000000000000089, -0.2750008057883118195, 0.2800000000000000822 ) ) ;
#2457 = ADVANCED_FACE ( 'NONE', ( #1906 ), #1419, .F. ) ;
#2458 = DIRECTION ( 'NONE',  ( 1.000000000000000000, 0.000000000000000000, 0.000000000000000000 ) ) ;
#2459 = PRESENTATION_STYLE_ASSIGNMENT (( #262 ) ) ;
#2460 = CARTESIAN_POINT ( 'NONE',  ( -0.7249999999999999778, -1.000000000000000000, 0.8400000000000000799 ) ) ;
#2461 = EDGE_LOOP ( 'NONE', ( #1318, #245, #1711, #410, #1523, #2681, #2599, #1629, #3041, #2634, #2413, #691, #1496, #1015, #1092, #1714 ) ) ;
#2462 = SURFACE_STYLE_USAGE ( .BOTH. , #499 ) ;
#2463 = ORIENTED_EDGE ( 'NONE', *, *, #2018, .F. ) ;
#2464 = ORIENTED_EDGE ( 'NONE', *, *, #1465, .T. ) ;
#2465 = ORIENTED_EDGE ( 'NONE', *, *, #2488, .F. ) ;
#2466 = ORIENTED_EDGE ( 'NONE', *, *, #3081, .T. ) ;
#2467 = CARTESIAN_POINT ( 'NONE',  ( 0.000000000000000000, -1.000000000000000000, -0.01000000000000000021 ) ) ;
#2468 = EDGE_CURVE ( 'NONE', #249, #1394, #1284, .T. ) ;
#2469 = STYLED_ITEM ( 'NONE', ( #2541 ), #1851 ) ;
#2470 = SURFACE_STYLE_USAGE ( .BOTH. , #1860 ) ;
#2471 = ORIENTED_EDGE ( 'NONE', *, *, #3183, .T. ) ;
#2473 = PRESENTATION_STYLE_ASSIGNMENT (( #1025 ) ) ;
#2472 = DIRECTION ( 'NONE',  ( 0.000000000000000000, 0.000000000000000000, 1.000000000000000000 ) ) ;
#2474 = FILL_AREA_STYLE ('',( #1366 ) ) ;
#2475 = STYLED_ITEM ( 'NONE', ( #2324 ), #1296 ) ;
#2476 =( LENGTH_UNIT ( ) NAMED_UNIT ( * ) SI_UNIT ( .MILLI., .METRE. ) );
#2477 = UNCERTAINTY_MEASURE_WITH_UNIT (LENGTH_MEASURE( 1.000000000000000082E-05 ), #2912, 'distance_accuracy_value', 'NONE');
#2478 = ORIENTED_EDGE ( 'NONE', *, *, #732, .F. ) ;
#2479 = MECHANICAL_DESIGN_GEOMETRIC_PRESENTATION_REPRESENTATION (  '', ( #1132 ), #187 ) ;
#2480 = ADVANCED_FACE ( 'NONE', ( #3620 ), #2297, .F. ) ;
#2481 = CARTESIAN_POINT ( 'NONE',  ( 1.100000000000000089, -1.000000000000000000, 0.2800000000000000266 ) ) ;
#2482 = DIRECTION ( 'NONE',  ( -0.000000000000000000, -0.000000000000000000, -1.000000000000000000 ) ) ;
#2483 = ORIENTED_EDGE ( 'NONE', *, *, #172, .T. ) ;
#2484 = COLOUR_RGB ( '',1.000000000000000000, 1.000000000000000000, 0.000000000000000000 ) ;
#2485 = LINE ( 'NONE', #3331, #2431 ) ;
#2486 = ORIENTED_EDGE ( 'NONE', *, *, #1465, .F. ) ;
#2487 = SURFACE_STYLE_FILL_AREA ( #380 ) ;
#2488 = EDGE_CURVE ( 'NONE', #3374, #260, #2393, .T. ) ;
#2489 = CARTESIAN_POINT ( 'NONE',  ( -1.100000000000000089, 0.09500080578831181233, 0.2800000000000000266 ) ) ;
#2490 = VERTEX_POINT ( 'NONE', #2456 ) ;
#2491 = PRESENTATION_STYLE_ASSIGNMENT (( #305 ) ) ;
#2492 = SURFACE_STYLE_FILL_AREA ( #2720 ) ;
#2493 =( NAMED_UNIT ( * ) SI_UNIT ( $, .STERADIAN. ) SOLID_ANGLE_UNIT ( ) );
#2494 = LINE ( 'NONE', #1248, #1068 ) ;
#2495 = LINE ( 'NONE', #3136, #2167 ) ;
#2496 = DIRECTION ( 'NONE',  ( -1.000000000000000000, -0.000000000000000000, -0.000000000000000000 ) ) ;
#2497 = AXIS2_PLACEMENT_3D ( 'NONE', #3645, #2745, #745 ) ;
#2498 = UNCERTAINTY_MEASURE_WITH_UNIT (LENGTH_MEASURE( 1.000000000000000082E-05 ), #2294, 'distance_accuracy_value', 'NONE');
#2499 = STYLED_ITEM ( 'NONE', ( #3528 ), #2401 ) ;
#2500 = CARTESIAN_POINT ( 'NONE',  ( -0.5000000000000001110, 1.000000000000000000, -0.01000000000000000021 ) ) ;
#2501 = VECTOR ( 'NONE', #3063, 1000.000000000000000 ) ;
#2502 = CARTESIAN_POINT ( 'NONE',  ( -0.5650000000000000577, 0.09500080578831186784, -0.01000000000000000021 ) ) ;
#2503 = LINE ( 'NONE', #685, #547 ) ;
#2504 = ORIENTED_EDGE ( 'NONE', *, *, #3425, .T. ) ;
#2505 = EDGE_CURVE ( 'NONE', #605, #3145, #2568, .T. ) ;
#2506 = FILL_AREA_STYLE ('',( #1667 ) ) ;
#2507 = SURFACE_SIDE_STYLE ('',( #3263 ) ) ;
#2508 = AXIS2_PLACEMENT_3D ( 'NONE', #1220, #2106, #1258 ) ;
#2509 = EDGE_LOOP ( 'NONE', ( #1044, #3648, #2193, #710 ) ) ;
#2510 = FACE_OUTER_BOUND ( 'NONE', #2714, .T. ) ;
#2511 = DIRECTION ( 'NONE',  ( 1.346836345031663671E-16, 1.000000000000000000, -0.000000000000000000 ) ) ;
#2512 = ORIENTED_EDGE ( 'NONE', *, *, #796, .F. ) ;
#2513 = VECTOR ( 'NONE', #2841, 1000.000000000000000 ) ;
#2514 = COLOUR_RGB ( '',0.7921568627450980005, 0.8196078431372548767, 0.9333333333333333481 ) ;
#2515 = VERTEX_POINT ( 'NONE', #1597 ) ;
#2516 = CIRCLE ( 'NONE', #897, 0.2249991942116882082 ) ;
#2517 = CARTESIAN_POINT ( 'NONE',  ( 0.5650000000000000577, -0.09500080578831186784, -0.01000000000000000021 ) ) ;
#2518 = MECHANICAL_DESIGN_GEOMETRIC_PRESENTATION_REPRESENTATION (  '', ( #1126 ), #2776 ) ;
#2519 = ORIENTED_EDGE ( 'NONE', *, *, #1549, .F. ) ;
#2520 = VECTOR ( 'NONE', #1676, 1000.000000000000000 ) ;
#2521 =( NAMED_UNIT ( * ) PLANE_ANGLE_UNIT ( ) SI_UNIT ( $, .RADIAN. ) );
#2522 = PLANE ( 'NONE',  #1697 ) ;
#2523 = CARTESIAN_POINT ( 'NONE',  ( -1.101426580096618535, 0.4334636476242308412, 0.2900000000000000355 ) ) ;
#2524 = VERTEX_POINT ( 'NONE', #3021 ) ;
#2525 = PRESENTATION_STYLE_ASSIGNMENT (( #393 ) ) ;
#2526 = ORIENTED_EDGE ( 'NONE', *, *, #2608, .F. ) ;
#2527 =( LENGTH_UNIT ( ) NAMED_UNIT ( * ) SI_UNIT ( .MILLI., .METRE. ) );
#2528 = SURFACE_SIDE_STYLE ('',( #1374 ) ) ;
#2529 = EDGE_CURVE ( 'NONE', #1470, #516, #3353, .T. ) ;
#2530 = CARTESIAN_POINT ( 'NONE',  ( 1.100000000000000089, -0.2750008057883118195, 0.8400000000000000799 ) ) ;
#2531 = VECTOR ( 'NONE', #1492, 1000.000000000000000 ) ;
#2532 = CARTESIAN_POINT ( 'NONE',  ( -1.100000000000000089, 0.2750008057883118195, 0.2800000000000000822 ) ) ;
#2533 =( LENGTH_UNIT ( ) NAMED_UNIT ( * ) SI_UNIT ( .MILLI., .METRE. ) );
#2534 = PRESENTATION_LAYER_ASSIGNMENT (  '', '', ( #3044 ) ) ;
#2535 = UNCERTAINTY_MEASURE_WITH_UNIT (LENGTH_MEASURE( 1.000000000000000082E-05 ), #1387, 'distance_accuracy_value', 'NONE');
#2536 = PLANE ( 'NONE',  #1537 ) ;
#2537 = STYLED_ITEM ( 'NONE', ( #2239 ), #767 ) ;
#2538 = MECHANICAL_DESIGN_GEOMETRIC_PRESENTATION_REPRESENTATION (  '', ( #1205 ), #111 ) ;
#2539 = SURFACE_STYLE_FILL_AREA ( #1121 ) ;
#2540 = CARTESIAN_POINT ( 'NONE',  ( 0.000000000000000000, 0.000000000000000000, -0.01000000000000000021 ) ) ;
#2541 = PRESENTATION_STYLE_ASSIGNMENT (( #3490 ) ) ;
#2542 = FACE_OUTER_BOUND ( 'NONE', #3599, .T. ) ;
#2543 = LINE ( 'NONE', #2575, #3323 ) ;
#2544 = ORIENTED_EDGE ( 'NONE', *, *, #1709, .T. ) ;
#2545 = DIRECTION ( 'NONE',  ( 1.189832511747953048E-18, -1.000000000000000000, 0.000000000000000000 ) ) ;
#2546 = EDGE_CURVE ( 'NONE', #1432, #466, #3521, .T. ) ;
#2547 = ORIENTED_EDGE ( 'NONE', *, *, #1521, .F. ) ;
#2548 = ORIENTED_EDGE ( 'NONE', *, *, #1146, .F. ) ;
#2549 = ORIENTED_EDGE ( 'NONE', *, *, #831, .T. ) ;
#2550 = CARTESIAN_POINT ( 'NONE',  ( 1.041095348700078027, 0.2750008057883118751, -3.388131789017201356E-18 ) ) ;
#2551 = SURFACE_STYLE_USAGE ( .BOTH. , #3090 ) ;
#2552 = ORIENTED_EDGE ( 'NONE', *, *, #603, .T. ) ;
#2553 = CARTESIAN_POINT ( 'NONE',  ( 0.8750008057883118529, -0.5000000000000000000, 0.2900000000000000355 ) ) ;
#2554 = ORIENTED_EDGE ( 'NONE', *, *, #1384, .T. ) ;
#2555 = ORIENTED_EDGE ( 'NONE', *, *, #180, .F. ) ;
#2556 = MECHANICAL_DESIGN_GEOMETRIC_PRESENTATION_REPRESENTATION (  '', ( #2048 ), #2292 ) ;
#2557 = CARTESIAN_POINT ( 'NONE',  ( 0.7249999999999999778, -0.7069995797831308826, 0.2900000000000000355 ) ) ;
#2558 = VECTOR ( 'NONE', #1074, 1000.000000000000000 ) ;
#2559 = DIRECTION ( 'NONE',  ( -1.000000000000000000, -1.013273058397667688E-16, 0.000000000000000000 ) ) ;
#2560 = ORIENTED_EDGE ( 'NONE', *, *, #2611, .T. ) ;
#2561 = SURFACE_STYLE_FILL_AREA ( #1196 ) ;
#2562 = SURFACE_SIDE_STYLE ('',( #2539 ) ) ;
#2563 = PRODUCT_DEFINITION_CONTEXT ( 'detailed design', #738, 'design' ) ;
#2564 = STYLED_ITEM ( 'NONE', ( #1846 ), #3274 ) ;
#2565 = ORIENTED_EDGE ( 'NONE', *, *, #1684, .T. ) ;
#2566 = FACE_OUTER_BOUND ( 'NONE', #1055, .T. ) ;
#2567 = EDGE_CURVE ( 'NONE', #3020, #2360, #1595, .T. ) ;
#2568 = LINE ( 'NONE', #1029, #3709 ) ;
#2569 = VECTOR ( 'NONE', #2690, 1000.000000000000000 ) ;
#2570 =( NAMED_UNIT ( * ) SI_UNIT ( $, .STERADIAN. ) SOLID_ANGLE_UNIT ( ) );
#2571 = CARTESIAN_POINT ( 'NONE',  ( 1.100000000000000089, -0.9000000000000000222, -0.01000000000000000021 ) ) ;
#2572 = STYLED_ITEM ( 'NONE', ( #3017 ), #694 ) ;
#2573 = DIRECTION ( 'NONE',  ( -1.000000000000000000, 0.000000000000000000, 0.000000000000000000 ) ) ;
#2574 = FILL_AREA_STYLE_COLOUR ( '', #2245 ) ;
#2575 = CARTESIAN_POINT ( 'NONE',  ( 1.100000000000000089, 1.000000000000000000, 0.000000000000000000 ) ) ;
#2576 = UNCERTAINTY_MEASURE_WITH_UNIT (LENGTH_MEASURE( 1.000000000000000082E-05 ), #2533, 'distance_accuracy_value', 'NONE');
#2577 = EDGE_CURVE ( 'NONE', #3289, #2737, #1547, .T. ) ;
#2578 = STYLED_ITEM ( 'NONE', ( #3216 ), #2144 ) ;
#2579 = FILL_AREA_STYLE ('',( #872 ) ) ;
#2580 = LINE ( 'NONE', #2391, #644 ) ;
#2581 = ORIENTED_EDGE ( 'NONE', *, *, #2328, .F. ) ;
#2582 = AXIS2_PLACEMENT_3D ( 'NONE', #3414, #824, #1648 ) ;
#2583 = AXIS2_PLACEMENT_3D ( 'NONE', #2405, #700, #3526 ) ;
#2584 = EDGE_CURVE ( 'NONE', #599, #2621, #1802, .T. ) ;
#2585 = CARTESIAN_POINT ( 'NONE',  ( -0.8750008057883118529, 0.5000000000000000000, -0.01000000000000000021 ) ) ;
#2586 = SURFACE_SIDE_STYLE ('',( #2715 ) ) ;
#2587 =( NAMED_UNIT ( * ) SI_UNIT ( $, .STERADIAN. ) SOLID_ANGLE_UNIT ( ) );
#2588 = FILL_AREA_STYLE_COLOUR ( '', #911 ) ;
#2589 = ORIENTED_EDGE ( 'NONE', *, *, #429, .F. ) ;
#2590 = EDGE_CURVE ( 'NONE', #167, #926, #2973, .T. ) ;
#2591 = ORIENTED_EDGE ( 'NONE', *, *, #1241, .F. ) ;
#2592 = DIRECTION ( 'NONE',  ( -0.000000000000000000, -0.000000000000000000, -1.000000000000000000 ) ) ;
#2593 = ORIENTED_EDGE ( 'NONE', *, *, #3560, .F. ) ;
#2594 =( NAMED_UNIT ( * ) SI_UNIT ( $, .STERADIAN. ) SOLID_ANGLE_UNIT ( ) );
#2595 = SURFACE_SIDE_STYLE ('',( #684 ) ) ;
#2596 = UNCERTAINTY_MEASURE_WITH_UNIT (LENGTH_MEASURE( 1.000000000000000082E-05 ), #152, 'distance_accuracy_value', 'NONE');
#2597 =( NAMED_UNIT ( * ) PLANE_ANGLE_UNIT ( ) SI_UNIT ( $, .RADIAN. ) );
#2598 = COLOUR_RGB ( '',1.000000000000000000, 1.000000000000000000, 1.000000000000000000 ) ;
#2599 = ORIENTED_EDGE ( 'NONE', *, *, #885, .F. ) ;
#2600 = SURFACE_STYLE_FILL_AREA ( #2978 ) ;
#2601 = AXIS2_PLACEMENT_3D ( 'NONE', #506, #3083, #1376 ) ;
#2602 =( GEOMETRIC_REPRESENTATION_CONTEXT ( 3 ) GLOBAL_UNCERTAINTY_ASSIGNED_CONTEXT ( ( #898 ) ) GLOBAL_UNIT_ASSIGNED_CONTEXT ( ( #3301, #2994, #2147 ) ) REPRESENTATION_CONTEXT ( 'NONE', 'WORKASPACE' ) );
#2603 = CARTESIAN_POINT ( 'NONE',  ( 1.100000000000000089, 0.7249991942116882360, 0.2800000000000000822 ) ) ;
#2604 = ORIENTED_EDGE ( 'NONE', *, *, #961, .T. ) ;
#2605 = CYLINDRICAL_SURFACE ( 'NONE', #739, 0.2249991942116882082 ) ;
#2606 = DIRECTION ( 'NONE',  ( -0.000000000000000000, -0.000000000000000000, -1.000000000000000000 ) ) ;
#2607 = DIRECTION ( 'NONE',  ( -0.000000000000000000, -0.000000000000000000, 1.000000000000000000 ) ) ;
#2608 = EDGE_CURVE ( 'NONE', #93, #707, #2345, .T. ) ;
#2609 = CARTESIAN_POINT ( 'NONE',  ( -1.100000000000000089, -0.7249991942116882360, -0.01000000000000000021 ) ) ;
#2610 = FACE_OUTER_BOUND ( 'NONE', #2676, .T. ) ;
#2611 = EDGE_CURVE ( 'NONE', #3303, #2515, #2928, .T. ) ;
#2612 = ADVANCED_FACE ( 'NONE', ( #1637 ), #2605, .F. ) ;
#2613 = LINE ( 'NONE', #2990, #354 ) ;
#2614 = CARTESIAN_POINT ( 'NONE',  ( 0.5650000000000000577, 0.09500080578831186784, -0.01000000000000000021 ) ) ;
#2615 = FILL_AREA_STYLE_COLOUR ( '', #762 ) ;
#2616 = DIRECTION ( 'NONE',  ( -1.000000000000000000, 0.000000000000000000, 0.000000000000000000 ) ) ;
#2617 = UNCERTAINTY_MEASURE_WITH_UNIT (LENGTH_MEASURE( 1.000000000000000082E-05 ), #1854, 'distance_accuracy_value', 'NONE');
#2618 = ORIENTED_EDGE ( 'NONE', *, *, #2076, .F. ) ;
#2619 = DIRECTION ( 'NONE',  ( -0.000000000000000000, -0.000000000000000000, -1.000000000000000000 ) ) ;
#2620 = PRESENTATION_LAYER_ASSIGNMENT (  '', '', ( #2048 ) ) ;
#2621 = VERTEX_POINT ( 'NONE', #1651 ) ;
#2622 = CARTESIAN_POINT ( 'NONE',  ( -0.7249999999999999778, -1.000000000000000000, 0.8400000000000000799 ) ) ;
#2623 = ORIENTED_EDGE ( 'NONE', *, *, #2258, .T. ) ;
#2624 = MECHANICAL_DESIGN_GEOMETRIC_PRESENTATION_REPRESENTATION (  '', ( #3154 ), #2403 ) ;
#2625 = DIRECTION ( 'NONE',  ( 1.000000000000000000, 0.000000000000000000, 0.000000000000000000 ) ) ;
#2626 = ORIENTED_EDGE ( 'NONE', *, *, #1360, .T. ) ;
#2627 = ADVANCED_FACE ( 'NONE', ( #3670 ), #847, .T. ) ;
#2628 = FACE_OUTER_BOUND ( 'NONE', #1627, .T. ) ;
#2629 = DIRECTION ( 'NONE',  ( 0.000000000000000000, -0.000000000000000000, 1.000000000000000000 ) ) ;
#2630 = DIRECTION ( 'NONE',  ( -1.000000000000000000, -0.000000000000000000, -0.000000000000000000 ) ) ;
#2631 = VERTEX_POINT ( 'NONE', #1109 ) ;
#2632 = PRESENTATION_LAYER_ASSIGNMENT (  '', '', ( #1167 ) ) ;
#2633 = CARTESIAN_POINT ( 'NONE',  ( -1.100000000000000089, -1.000000000000000000, 0.2800000000000000266 ) ) ;
#2634 = ORIENTED_EDGE ( 'NONE', *, *, #1912, .T. ) ;
#2635 =( NAMED_UNIT ( * ) SI_UNIT ( $, .STERADIAN. ) SOLID_ANGLE_UNIT ( ) );
#2636 = B_SPLINE_CURVE_WITH_KNOTS ( 'NONE', 3,
 ( #1553, #1502, #3262, #2118, #135, #963 ),
 .UNSPECIFIED., .F., .F.,
 ( 4, 2, 4 ),
 ( 0.000000000000000000, 0.2500000000000002776, 0.5000000000000002220 ),
 .UNSPECIFIED. ) ;
#2637 = UNCERTAINTY_MEASURE_WITH_UNIT (LENGTH_MEASURE( 1.000000000000000082E-05 ), #247, 'distance_accuracy_value', 'NONE');
#2638 = EDGE_LOOP ( 'NONE', ( #2554, #1971, #232, #2335 ) ) ;
#2639 = LINE ( 'NONE', #2417, #2833 ) ;
#2640 = CARTESIAN_POINT ( 'NONE',  ( 0.8750008057883118529, 0.9000000000000000222, 0.2800000000000000266 ) ) ;
#2641 = CARTESIAN_POINT ( 'NONE',  ( 1.100000000000000089, 1.000000000000000000, 0.000000000000000000 ) ) ;
#2642 = CARTESIAN_POINT ( 'NONE',  ( 0.000000000000000000, 0.000000000000000000, 0.2800000000000000266 ) ) ;
#2643 = EDGE_CURVE ( 'NONE', #2101, #2869, #3302, .T. ) ;
#2644 = VECTOR ( 'NONE', #1683, 1000.000000000000000 ) ;
#2645 = EDGE_LOOP ( 'NONE', ( #2826, #2235, #1896, #3273 ) ) ;
#2646 = STYLED_ITEM ( 'NONE', ( #2759 ), #2126 ) ;
#2647 = CIRCLE ( 'NONE', #3432, 0.7519389332269776904 ) ;
#2648 = EDGE_LOOP ( 'NONE', ( #2140, #825, #3644, #1452 ) ) ;
#2649 = PRESENTATION_LAYER_ASSIGNMENT (  '', '', ( #3688 ) ) ;
#2650 = ADVANCED_FACE ( 'NONE', ( #1674 ), #171, .F. ) ;
#2651 = CARTESIAN_POINT ( 'NONE',  ( -0.9825534223890102226, 0.2992496656338027305, 0.2800000000000000266 ) ) ;
#2652 = DIRECTION ( 'NONE',  ( 0.000000000000000000, -0.000000000000000000, -1.000000000000000000 ) ) ;
#2653 = CARTESIAN_POINT ( 'NONE',  ( 1.041095348700078027, -0.2750008057883118195, 0.2800000000000000266 ) ) ;
#2654 = LINE ( 'NONE', #202, #2163 ) ;
#2655 = LINE ( 'NONE', #1135, #1909 ) ;
#2656 =( NAMED_UNIT ( * ) PLANE_ANGLE_UNIT ( ) SI_UNIT ( $, .RADIAN. ) );
#2657 = EDGE_CURVE ( 'NONE', #2261, #2045, #263, .T. ) ;
#2658 = DIRECTION ( 'NONE',  ( -0.000000000000000000, -0.000000000000000000, -1.000000000000000000 ) ) ;
#2659 = DIRECTION ( 'NONE',  ( 0.000000000000000000, -1.000000000000000000, 0.000000000000000000 ) ) ;
#2660 = CYLINDRICAL_SURFACE ( 'NONE', #2311, 0.7519389332269776904 ) ;
#2661 = FILL_AREA_STYLE_COLOUR ( '', #2598 ) ;
#2662 = FACE_OUTER_BOUND ( 'NONE', #1428, .T. ) ;
#2663 = PLANE ( 'NONE',  #1057 ) ;
#2664 = LINE ( 'NONE', #25, #408 ) ;
#2665 = CARTESIAN_POINT ( 'NONE',  ( -0.8753014859769611133, 0.5000000000000002220, -1.694065894508600678E-18 ) ) ;
#2666 = ORIENTED_EDGE ( 'NONE', *, *, #1704, .F. ) ;
#2667 = ADVANCED_FACE ( 'NONE', ( #2343 ), #3685, .T. ) ;
#2668 = SURFACE_STYLE_USAGE ( .BOTH. , #2965 ) ;
#2669 = VECTOR ( 'NONE', #175, 1000.000000000000000 ) ;
#2670 = STYLED_ITEM ( 'NONE', ( #863 ), #1041 ) ;
#2671 =( GEOMETRIC_REPRESENTATION_CONTEXT ( 3 ) GLOBAL_UNCERTAINTY_ASSIGNED_CONTEXT ( ( #3533 ) ) GLOBAL_UNIT_ASSIGNED_CONTEXT ( ( #2433, #2749, #1039 ) ) REPRESENTATION_CONTEXT ( 'NONE', 'WORKASPACE' ) );
#2672 = VERTEX_POINT ( 'NONE', #1992 ) ;
#2673 = LINE ( 'NONE', #2919, #606 ) ;
#2674 = CARTESIAN_POINT ( 'NONE',  ( 0.8750008057883118529, -0.5589046512999221727, 0.2800000000000000266 ) ) ;
#2675 = FILL_AREA_STYLE_COLOUR ( '', #2169 ) ;
#2676 = EDGE_LOOP ( 'NONE', ( #962, #2565, #502, #1488, #434, #2285, #216 ) ) ;
#2677 = PRESENTATION_STYLE_ASSIGNMENT (( #2707 ) ) ;
#2678 = SURFACE_STYLE_USAGE ( .BOTH. , #1806 ) ;
#2679 = FILL_AREA_STYLE_COLOUR ( '', #2484 ) ;
#2680 = EDGE_CURVE ( 'NONE', #2116, #274, #3204, .T. ) ;
#2681 = ORIENTED_EDGE ( 'NONE', *, *, #173, .T. ) ;
#2683 = VECTOR ( 'NONE', #3205, 1000.000000000000000 ) ;
#2682 = CARTESIAN_POINT ( 'NONE',  ( 1.100000000000000089, 0.9000000000000000222, 0.2900000000000000355 ) ) ;
#2684 = CARTESIAN_POINT ( 'NONE',  ( 0.7249999999999999778, 1.000000000000000000, 0.8400000000000000799 ) ) ;
#2685 = VERTEX_POINT ( 'NONE', #583 ) ;
#2686 = PRESENTATION_STYLE_ASSIGNMENT (( #2760 ) ) ;
#2687 = ADVANCED_FACE ( 'NONE', ( #258 ), #2536, .F. ) ;
#2688 = CARTESIAN_POINT ( 'NONE',  ( 0.8893900787202949632, 0.7030102366814602322, 0.2900000000000000355 ) ) ;
#2689 = UNCERTAINTY_MEASURE_WITH_UNIT (LENGTH_MEASURE( 1.000000000000000082E-05 ), #1583, 'distance_accuracy_value', 'NONE');
#2690 = DIRECTION ( 'NONE',  ( -1.000000000000000000, -0.000000000000000000, -0.000000000000000000 ) ) ;
#2691 = EDGE_LOOP ( 'NONE', ( #160, #2463, #822, #3350 ) ) ;
#2692 = CARTESIAN_POINT ( 'NONE',  ( 1.100000000000000089, 0.9000000000000000222, 0.2900000000000000355 ) ) ;
#2693 = ORIENTED_EDGE ( 'NONE', *, *, #1494, .F. ) ;
#2694 = LINE ( 'NONE', #3535, #1453 ) ;
#2695 = SURFACE_STYLE_USAGE ( .BOTH. , #722 ) ;
#2696 = PRESENTATION_STYLE_ASSIGNMENT (( #1955 ) ) ;
#2697 = DIRECTION ( 'NONE',  ( -0.000000000000000000, 0.000000000000000000, 1.000000000000000000 ) ) ;
#2698 = AXIS2_PLACEMENT_3D ( 'NONE', #3676, #3118, #1403 ) ;
#2699 = CARTESIAN_POINT ( 'NONE',  ( -0.5650000000000001688, -0.9000000000000000222, -0.01000000000000000021 ) ) ;
#2700 = AXIS2_PLACEMENT_3D ( 'NONE', #3354, #1626, #1893 ) ;
#2701 =( NAMED_UNIT ( * ) SI_UNIT ( $, .STERADIAN. ) SOLID_ANGLE_UNIT ( ) );
#2702 = STYLED_ITEM ( 'NONE', ( #209 ), #3515 ) ;
#2703 = CARTESIAN_POINT ( 'NONE',  ( -1.100000000000000089, 0.2750008057883118195, 0.2900000000000000355 ) ) ;
#2704 = DIRECTION ( 'NONE',  ( 1.000000000000000000, 0.000000000000000000, 0.000000000000000000 ) ) ;
#2705 = CARTESIAN_POINT ( 'NONE',  ( 0.000000000000000000, 0.000000000000000000, 0.8400000000000000799 ) ) ;
#2706 = ADVANCED_FACE ( 'NONE', ( #1413 ), #1166, .F. ) ;
#2707 = SURFACE_STYLE_USAGE ( .BOTH. , #469 ) ;
#2708 = VECTOR ( 'NONE', #3544, 1000.000000000000000 ) ;
#2709 = DIRECTION ( 'NONE',  ( 1.000000000000000000, 0.000000000000000000, 0.000000000000000000 ) ) ;
#2710 = DIRECTION ( 'NONE',  ( -1.000000000000000000, -0.000000000000000000, -0.000000000000000000 ) ) ;
#2711 = EDGE_CURVE ( 'NONE', #2817, #2104, #3304, .T. ) ;
#2712 = DIRECTION ( 'NONE',  ( -0.000000000000000000, -0.000000000000000000, -1.000000000000000000 ) ) ;
#2713 = VECTOR ( 'NONE', #2863, 1000.000000000000000 ) ;
#2714 = EDGE_LOOP ( 'NONE', ( #3188, #2519, #826, #658 ) ) ;
#2715 = SURFACE_STYLE_FILL_AREA ( #2852 ) ;
#2716 = ORIENTED_EDGE ( 'NONE', *, *, #2038, .F. ) ;
#2717 = EDGE_CURVE ( 'NONE', #1144, #2107, #2926, .T. ) ;
#2718 = CARTESIAN_POINT ( 'NONE',  ( -1.100000000000000089, 0.2750008057883118195, -0.01000000000000000021 ) ) ;
#2719 =( GEOMETRIC_REPRESENTATION_CONTEXT ( 3 ) GLOBAL_UNCERTAINTY_ASSIGNED_CONTEXT ( ( #834 ) ) GLOBAL_UNIT_ASSIGNED_CONTEXT ( ( #1758, #70, #1785 ) ) REPRESENTATION_CONTEXT ( 'NONE', 'WORKASPACE' ) );
#2720 = FILL_AREA_STYLE ('',( #3589 ) ) ;
#2721 = ORIENTED_EDGE ( 'NONE', *, *, #2952, .F. ) ;
#2722 = CARTESIAN_POINT ( 'NONE',  ( -0.8099423791838803455, 0.2614285028058510596, 0.2900000000000000355 ) ) ;
#2723 = SURFACE_STYLE_USAGE ( .BOTH. , #1820 ) ;
#2724 = MECHANICAL_DESIGN_GEOMETRIC_PRESENTATION_REPRESENTATION (  '', ( #256 ), #3708 ) ;
#2725 = PRESENTATION_STYLE_ASSIGNMENT (( #1139 ) ) ;
#2726 = SURFACE_SIDE_STYLE ('',( #2366 ) ) ;
#2727 = PRESENTATION_LAYER_ASSIGNMENT (  '', '', ( #2267 ) ) ;
#2728 = ADVANCED_FACE ( 'NONE', ( #2566 ), #439, .F. ) ;
#2729 = CARTESIAN_POINT ( 'NONE',  ( 1.100000000000000089, -0.7249991942116882360, 0.2900000000000000355 ) ) ;
#2730 = ORIENTED_EDGE ( 'NONE', *, *, #302, .F. ) ;
#2731 =( NAMED_UNIT ( * ) SI_UNIT ( $, .STERADIAN. ) SOLID_ANGLE_UNIT ( ) );
#2732 = ORIENTED_EDGE ( 'NONE', *, *, #3225, .T. ) ;
#2733 = SURFACE_STYLE_FILL_AREA ( #1568 ) ;
#2734 = FILL_AREA_STYLE_COLOUR ( '', #2242 ) ;
#2735 = FILL_AREA_STYLE_COLOUR ( '', #1333 ) ;
#2736 = EDGE_CURVE ( 'NONE', #1059, #2063, #3073, .T. ) ;
#2737 = VERTEX_POINT ( 'NONE', #3172 ) ;
#2738 = LINE ( 'NONE', #1573, #1889 ) ;
#2739 = CARTESIAN_POINT ( 'NONE',  ( -1.100000000000000089, 0.5000000000000000000, -0.01000000000000000021 ) ) ;
#2740 = SURFACE_STYLE_USAGE ( .BOTH. , #1876 ) ;
#2741 = EDGE_CURVE ( 'NONE', #926, #93, #1985, .T. ) ;
#2742 = SURFACE_STYLE_USAGE ( .BOTH. , #1865 ) ;
#2743 = UNCERTAINTY_MEASURE_WITH_UNIT (LENGTH_MEASURE( 1.000000000000000082E-05 ), #1902, 'distance_accuracy_value', 'NONE');
#2744 = VECTOR ( 'NONE', #571, 1000.000000000000000 ) ;
#2745 = DIRECTION ( 'NONE',  ( -0.000000000000000000, -0.000000000000000000, -1.000000000000000000 ) ) ;
#2746 = ORIENTED_EDGE ( 'NONE', *, *, #2577, .F. ) ;
#2747 = VECTOR ( 'NONE', #2496, 1000.000000000000000 ) ;
#2748 = FILL_AREA_STYLE_COLOUR ( '', #1097 ) ;
#2749 =( NAMED_UNIT ( * ) PLANE_ANGLE_UNIT ( ) SI_UNIT ( $, .RADIAN. ) );
#2750 = LINE ( 'NONE', #1722, #1503 ) ;
#2751 = ADVANCED_FACE ( 'NONE', ( #3618 ), #2893, .F. ) ;
#2752 = STYLED_ITEM ( 'NONE', ( #1940 ), #729 ) ;
#2753 =( LENGTH_UNIT ( ) NAMED_UNIT ( * ) SI_UNIT ( .MILLI., .METRE. ) );
#2754 = STYLED_ITEM ( 'NONE', ( #1895 ), #2687 ) ;
#2755 = FILL_AREA_STYLE_COLOUR ( '', #463 ) ;
#2756 = LINE ( 'NONE', #2862, #491 ) ;
#2757 = CARTESIAN_POINT ( 'NONE',  ( 1.100000000000000089, -1.000000000000000000, 0.2800000000000000266 ) ) ;
#2758 = CARTESIAN_POINT ( 'NONE',  ( 1.100000000000000089, -0.09500080578831181233, -0.01000000000000000021 ) ) ;
#2759 = PRESENTATION_STYLE_ASSIGNMENT (( #2231 ) ) ;
#2760 = SURFACE_STYLE_USAGE ( .BOTH. , #442 ) ;
#2761 = VECTOR ( 'NONE', #1434, 1000.000000000000000 ) ;
#2762 =( NAMED_UNIT ( * ) SI_UNIT ( $, .STERADIAN. ) SOLID_ANGLE_UNIT ( ) );
#2763 = LINE ( 'NONE', #763, #3175 ) ;
#2764 = DIRECTION ( 'NONE',  ( -0.000000000000000000, -0.000000000000000000, -1.000000000000000000 ) ) ;
#2765 = UNCERTAINTY_MEASURE_WITH_UNIT (LENGTH_MEASURE( 1.000000000000000082E-05 ), #3553, 'distance_accuracy_value', 'NONE');
#2766 = COLOUR_RGB ( '',1.000000000000000000, 1.000000000000000000, 0.000000000000000000 ) ;
#2767 = STYLED_ITEM ( 'NONE', ( #399 ), #199 ) ;
#2768 = ORIENTED_EDGE ( 'NONE', *, *, #3404, .F. ) ;
#2769 = DIRECTION ( 'NONE',  ( -1.000000000000000000, 0.000000000000000000, 0.000000000000000000 ) ) ;
#2770 = COLOUR_RGB ( '',1.000000000000000000, 1.000000000000000000, 0.000000000000000000 ) ;
#2771 = ORIENTED_EDGE ( 'NONE', *, *, #2529, .F. ) ;
#2772 = DIRECTION ( 'NONE',  ( 1.000000000000000000, 0.000000000000000000, -0.000000000000000000 ) ) ;
#2773 = CARTESIAN_POINT ( 'NONE',  ( -0.7729790755752636855, -0.2551845782464793322, 0.2900000000000000355 ) ) ;
#2774 = VERTEX_POINT ( 'NONE', #964 ) ;
#2775 = EDGE_CURVE ( 'NONE', #3157, #2774, #3564, .T. ) ;
#2776 =( GEOMETRIC_REPRESENTATION_CONTEXT ( 3 ) GLOBAL_UNCERTAINTY_ASSIGNED_CONTEXT ( ( #2301 ) ) GLOBAL_UNIT_ASSIGNED_CONTEXT ( ( #842, #1948, #1365 ) ) REPRESENTATION_CONTEXT ( 'NONE', 'WORKASPACE' ) );
#2777 = CARTESIAN_POINT ( 'NONE',  ( 0.7249999999999999778, 1.000000000000000000, 0.8400000000000000799 ) ) ;
#2778 = ORIENTED_EDGE ( 'NONE', *, *, #3404, .T. ) ;
#2779 = COLOUR_RGB ( '',1.000000000000000000, 1.000000000000000000, 1.000000000000000000 ) ;
#2780 = FILL_AREA_STYLE ('',( #799 ) ) ;
#2781 = SURFACE_SIDE_STYLE ('',( #3580 ) ) ;
#2782 = MECHANICAL_DESIGN_GEOMETRIC_PRESENTATION_REPRESENTATION (  '', ( #34 ), #1332 ) ;
#2783 = ORIENTED_EDGE ( 'NONE', *, *, #1665, .T. ) ;
#2784 = PRESENTATION_LAYER_ASSIGNMENT (  '', '', ( #3154 ) ) ;
#2785 = LINE ( 'NONE', #1842, #1664 ) ;
#2786 = CARTESIAN_POINT ( 'NONE',  ( 0.8750008057883118529, -0.4410953487000778273, -3.388131789017201356E-18 ) ) ;
#2787 = ORIENTED_EDGE ( 'NONE', *, *, #1912, .F. ) ;
#2788 = CYLINDRICAL_SURFACE ( 'NONE', #3075, 0.2249999999999999500 ) ;
#2789 = DIRECTION ( 'NONE',  ( -1.000000000000000000, 0.000000000000000000, 0.000000000000000000 ) ) ;
#2790 = ORIENTED_EDGE ( 'NONE', *, *, #3619, .F. ) ;
#2791 = DIRECTION ( 'NONE',  ( -1.000000000000000000, 0.000000000000000000, 0.000000000000000000 ) ) ;
#2792 = EDGE_CURVE ( 'NONE', #260, #2794, #291, .T. ) ;
#2793 = CARTESIAN_POINT ( 'NONE',  ( -1.100000000000000089, -0.9000000000000000222, -0.01000000000000000021 ) ) ;
#2794 = VERTEX_POINT ( 'NONE', #1766 ) ;
#2795 = VECTOR ( 'NONE', #2082, 1000.000000000000000 ) ;
#2796 = CARTESIAN_POINT ( 'NONE',  ( -0.5000000000000001110, 1.000000000000000000, -0.01000000000000000021 ) ) ;
#2797 = VECTOR ( 'NONE', #761, 1000.000000000000000 ) ;
#2798 =( LENGTH_UNIT ( ) NAMED_UNIT ( * ) SI_UNIT ( .MILLI., .METRE. ) );
#2799 = ORIENTED_EDGE ( 'NONE', *, *, #3425, .F. ) ;
#2800 = DIRECTION ( 'NONE',  ( 0.000000000000000000, -1.000000000000000000, 0.000000000000000000 ) ) ;
#2801 = DIRECTION ( 'NONE',  ( -1.000000000000000000, 0.000000000000000000, 0.000000000000000000 ) ) ;
#2802 = STYLED_ITEM ( 'NONE', ( #2473 ), #1024 ) ;
#2803 = PRESENTATION_LAYER_ASSIGNMENT (  '', '', ( #1132 ) ) ;
#2804 = LINE ( 'NONE', #971, #1247 ) ;
#2805 = SURFACE_STYLE_USAGE ( .BOTH. , #3080 ) ;
#2806 = CARTESIAN_POINT ( 'NONE',  ( 1.100000000000000089, -0.9000000000000000222, -0.01000000000000000021 ) ) ;
#2807 = LINE ( 'NONE', #586, #2761 ) ;
#2808 = VECTOR ( 'NONE', #915, 1000.000000000000000 ) ;
#2809 = EDGE_CURVE ( 'NONE', #2524, #274, #3475, .T. ) ;
#2810 = UNCERTAINTY_MEASURE_WITH_UNIT (LENGTH_MEASURE( 1.000000000000000082E-05 ), #222, 'distance_accuracy_value', 'NONE');
#2811 = DIRECTION ( 'NONE',  ( 0.000000000000000000, 0.000000000000000000, -1.000000000000000000 ) ) ;
#2812 = COLOUR_RGB ( '',1.000000000000000000, 1.000000000000000000, 1.000000000000000000 ) ;
#2813 = VERTEX_POINT ( 'NONE', #916 ) ;
#2814 = DIRECTION ( 'NONE',  ( -0.000000000000000000, -0.000000000000000000, 1.000000000000000000 ) ) ;
#2815 = CARTESIAN_POINT ( 'NONE',  ( 0.5650000000000001688, -0.9000000000000000222, -0.01000000000000000021 ) ) ;
#2816 = MECHANICAL_DESIGN_GEOMETRIC_PRESENTATION_REPRESENTATION (  '', ( #3651 ), #1101 ) ;
#2817 = VERTEX_POINT ( 'NONE', #651 ) ;
#2818 = VECTOR ( 'NONE', #3505, 1000.000000000000000 ) ;
#2819 = DIRECTION ( 'NONE',  ( -0.000000000000000000, -1.000000000000000000, -0.000000000000000000 ) ) ;
#2820 = CYLINDRICAL_SURFACE ( 'NONE', #2972, 0.4853010491673804827 ) ;
#2821 = ORIENTED_EDGE ( 'NONE', *, *, #3309, .T. ) ;
#2822 = EDGE_LOOP ( 'NONE', ( #1699, #1439, #693, #670 ) ) ;
#2823 = COLOUR_RGB ( '',1.000000000000000000, 1.000000000000000000, 1.000000000000000000 ) ;
#2824 = CARTESIAN_POINT ( 'NONE',  ( 0.5650000000000000577, 0.09500080578831186784, -0.01000000000000000021 ) ) ;
#2825 = STYLED_ITEM ( 'NONE', ( #2696 ), #2627 ) ;
#2826 = ORIENTED_EDGE ( 'NONE', *, *, #41, .T. ) ;
#2827 = COLOUR_RGB ( '',1.000000000000000000, 1.000000000000000000, 0.000000000000000000 ) ;
#2828 = CARTESIAN_POINT ( 'NONE',  ( 1.100000000000000311, 0.09500080578831186784, 0.2900000000000000355 ) ) ;
#2829 = CARTESIAN_POINT ( 'NONE',  ( -0.7249999999999999778, -0.2551845782464792212, 0.2900000000000000910 ) ) ;
#2830 =( NAMED_UNIT ( * ) SI_UNIT ( $, .STERADIAN. ) SOLID_ANGLE_UNIT ( ) );
#2831 = PRESENTATION_LAYER_ASSIGNMENT (  '', '', ( #2056 ) ) ;
#2832 = ORIENTED_EDGE ( 'NONE', *, *, #555, .T. ) ;
#2833 = VECTOR ( 'NONE', #3588, 1000.000000000000000 ) ;
#2834 = FILL_AREA_STYLE_COLOUR ( '', #3596 ) ;
#2835 = ORIENTED_EDGE ( 'NONE', *, *, #1826, .T. ) ;
#2836 = SURFACE_STYLE_USAGE ( .BOTH. , #336 ) ;
#2837 = ORIENTED_EDGE ( 'NONE', *, *, #3060, .T. ) ;
#2838 =( GEOMETRIC_REPRESENTATION_CONTEXT ( 3 ) GLOBAL_UNCERTAINTY_ASSIGNED_CONTEXT ( ( #2477 ) ) GLOBAL_UNIT_ASSIGNED_CONTEXT ( ( #2912, #1997, #1173 ) ) REPRESENTATION_CONTEXT ( 'NONE', 'WORKASPACE' ) );
#2839 = DIRECTION ( 'NONE',  ( -0.000000000000000000, -0.000000000000000000, 1.000000000000000000 ) ) ;
#2840 = COLOUR_RGB ( '',0.7529411764705882248, 0.7529411764705882248, 0.000000000000000000 ) ;
#2841 = DIRECTION ( 'NONE',  ( -0.000000000000000000, -0.000000000000000000, -1.000000000000000000 ) ) ;
#2842 = MECHANICAL_DESIGN_GEOMETRIC_PRESENTATION_REPRESENTATION (  '', ( #1737 ), #567 ) ;
#2843 = FACE_OUTER_BOUND ( 'NONE', #3608, .T. ) ;
#2844 = DIRECTION ( 'NONE',  ( 0.000000000000000000, 0.000000000000000000, 1.000000000000000000 ) ) ;
#2845 =( GEOMETRIC_REPRESENTATION_CONTEXT ( 3 ) GLOBAL_UNCERTAINTY_ASSIGNED_CONTEXT ( ( #3485 ) ) GLOBAL_UNIT_ASSIGNED_CONTEXT ( ( #2476, #3066, #511 ) ) REPRESENTATION_CONTEXT ( 'NONE', 'WORKASPACE' ) );
#2846 = AXIS2_PLACEMENT_3D ( 'NONE', #849, #879, #1 ) ;
#2847 = LINE ( 'NONE', #3435, #307 ) ;
#2848 = FILL_AREA_STYLE ('',( #3700 ) ) ;
#2849 = VECTOR ( 'NONE', #2134, 1000.000000000000000 ) ;
#2850 = DIRECTION ( 'NONE',  ( 1.000000000000000000, -0.000000000000000000, -0.000000000000000000 ) ) ;
#2851 = ORIENTED_EDGE ( 'NONE', *, *, #1826, .F. ) ;
#2852 = FILL_AREA_STYLE ('',( #2321 ) ) ;
#2853 = PRESENTATION_STYLE_ASSIGNMENT (( #1798 ) ) ;
#2854 = CIRCLE ( 'NONE', #3298, 0.3384658482541752500 ) ;
#2855 = EDGE_LOOP ( 'NONE', ( #3004, #2790, #387, #1932, #1359, #2221, #2552, #2903, #535, #3101 ) ) ;
#2856 = CARTESIAN_POINT ( 'NONE',  ( -1.100000000000000089, 0.9000000000000000222, 0.2900000000000000355 ) ) ;
#2857 = UNCERTAINTY_MEASURE_WITH_UNIT (LENGTH_MEASURE( 1.000000000000000082E-05 ), #3406, 'distance_accuracy_value', 'NONE');
#2858 = EDGE_CURVE ( 'NONE', #1927, #3419, #1373, .T. ) ;
#2859 = VERTEX_POINT ( 'NONE', #1221 ) ;
#2860 =( NAMED_UNIT ( * ) SI_UNIT ( $, .STERADIAN. ) SOLID_ANGLE_UNIT ( ) );
#2861 = VERTEX_POINT ( 'NONE', #3524 ) ;
#2862 = CARTESIAN_POINT ( 'NONE',  ( -1.100000000000000089, 1.000000000000000000, 0.2800000000000000266 ) ) ;
#2863 = DIRECTION ( 'NONE',  ( -0.000000000000000000, -1.000000000000000000, -0.000000000000000000 ) ) ;
#2864 = DIRECTION ( 'NONE',  ( -0.000000000000000000, -0.000000000000000000, 1.000000000000000000 ) ) ;
#2865 = ORIENTED_EDGE ( 'NONE', *, *, #2318, .F. ) ;
#2866 = DIRECTION ( 'NONE',  ( 0.000000000000000000, -0.000000000000000000, 1.000000000000000000 ) ) ;
#2867 = LINE ( 'NONE', #635, #2683 ) ;
#2868 = MECHANICAL_DESIGN_GEOMETRIC_PRESENTATION_REPRESENTATION (  '', ( #2218 ), #2291 ) ;
#2869 = VERTEX_POINT ( 'NONE', #391 ) ;
#2870 = STYLED_ITEM ( 'NONE', ( #3254 ), #2480 ) ;
#2871 = CARTESIAN_POINT ( 'NONE',  ( -1.100000000000000089, -0.09500080578831181233, 0.2900000000000000355 ) ) ;
#2872 = FACE_OUTER_BOUND ( 'NONE', #929, .T. ) ;
#2873 = SURFACE_SIDE_STYLE ('',( #3358 ) ) ;
#2874 = VERTEX_POINT ( 'NONE', #358 ) ;
#2875 = FILL_AREA_STYLE ('',( #902 ) ) ;
#2876 = DIRECTION ( 'NONE',  ( 1.000000000000000000, 0.000000000000000000, 0.000000000000000000 ) ) ;
#2877 = CARTESIAN_POINT ( 'NONE',  ( -1.306288071222107217, -0.1769112150129915351, 0.2800000000000000266 ) ) ;
#2878 = SURFACE_STYLE_USAGE ( .BOTH. , #3176 ) ;
#2879 = VERTEX_POINT ( 'NONE', #3207 ) ;
#2880 = EDGE_CURVE ( 'NONE', #3658, #1661, #2694, .T. ) ;
#2881 =( LENGTH_UNIT ( ) NAMED_UNIT ( * ) SI_UNIT ( .MILLI., .METRE. ) );
#2882 = COLOUR_RGB ( '',1.000000000000000000, 1.000000000000000000, 0.000000000000000000 ) ;
#2883 = ORIENTED_EDGE ( 'NONE', *, *, #73, .F. ) ;
#2884 = CARTESIAN_POINT ( 'NONE',  ( 0.5650000000000001688, -0.9000000000000000222, -0.01000000000000000021 ) ) ;
#2885 = CARTESIAN_POINT ( 'NONE',  ( 0.8753014859769602252, -0.4999999999999997780, -1.694065894508600678E-18 ) ) ;
#2886 = FILL_AREA_STYLE_COLOUR ( '', #2339 ) ;
#2887 = PRESENTATION_LAYER_ASSIGNMENT (  '', '', ( #3287 ) ) ;
#2888 = CARTESIAN_POINT ( 'NONE',  ( 1.100000000000000089, 1.000000000000000000, 0.2800000000000000266 ) ) ;
#2889 = CARTESIAN_POINT ( 'NONE',  ( -1.100000000000000089, 1.000000000000000000, 0.000000000000000000 ) ) ;
#2890 = SURFACE_STYLE_USAGE ( .BOTH. , #2595 ) ;
#2891 = CARTESIAN_POINT ( 'NONE',  ( -1.041095348700077805, -0.7249991942116883470, -3.388131789017202127E-18 ) ) ;
#2892 = SURFACE_STYLE_FILL_AREA ( #1277 ) ;
#2893 = PLANE ( 'NONE',  #374 ) ;
#2894 = SURFACE_STYLE_FILL_AREA ( #1194 ) ;
#2895 = MECHANICAL_DESIGN_GEOMETRIC_PRESENTATION_REPRESENTATION (  '', ( #3688 ), #3305 ) ;
#2896 = MECHANICAL_DESIGN_GEOMETRIC_PRESENTATION_REPRESENTATION (  '', ( #2056 ), #2248 ) ;
#2897 = DIRECTION ( 'NONE',  ( -0.000000000000000000, -0.000000000000000000, 1.000000000000000000 ) ) ;
#2898 = COLOUR_RGB ( '',0.7921568627450980005, 0.8196078431372548767, 0.9333333333333333481 ) ;
#2899 = EDGE_CURVE ( 'NONE', #2861, #3542, #2971, .T. ) ;
#2900 = ADVANCED_FACE ( 'NONE', ( #2207 ), #951, .F. ) ;
#2901 =( LENGTH_UNIT ( ) NAMED_UNIT ( * ) SI_UNIT ( .MILLI., .METRE. ) );
#2902 = CARTESIAN_POINT ( 'NONE',  ( -0.8992496656338028194, 0.6174465776109900883, -3.388131789017202127E-18 ) ) ;
#2903 = ORIENTED_EDGE ( 'NONE', *, *, #1926, .T. ) ;
#2904 = EDGE_CURVE ( 'NONE', #2794, #1449, #43, .T. ) ;
#2905 = LINE ( 'NONE', #3460, #1933 ) ;
#2906 = VERTEX_POINT ( 'NONE', #2359 ) ;
#2907 = DIRECTION ( 'NONE',  ( -1.000000000000000000, 0.000000000000000000, 0.000000000000000000 ) ) ;
#2908 = CARTESIAN_POINT ( 'NONE',  ( -0.7729790755752636855, -0.2551845782464792212, 0.2900000000000000355 ) ) ;
#2909 = B_SPLINE_CURVE_WITH_KNOTS ( 'NONE', 3,
 ( #645, #925, #2902, #1009, #1202, #789 ),
 .UNSPECIFIED., .F., .F.,
 ( 4, 2, 4 ),
 ( 0.5000000000000002220, 0.7500000000000001110, 1.000000000000000000 ),
 .UNSPECIFIED. ) ;
#2910 = ORIENTED_EDGE ( 'NONE', *, *, #1704, .T. ) ;
#2911 = LINE ( 'NONE', #1938, #3057 ) ;
#2912 =( LENGTH_UNIT ( ) NAMED_UNIT ( * ) SI_UNIT ( .MILLI., .METRE. ) );
#2913 = FILL_AREA_STYLE_COLOUR ( '', #1773 ) ;
#2914 = ORIENTED_EDGE ( 'NONE', *, *, #1008, .F. ) ;
#2916 = FACE_OUTER_BOUND ( 'NONE', #1398, .T. ) ;
#2915 = DIRECTION ( 'NONE',  ( 0.000000000000000000, 0.000000000000000000, 1.000000000000000000 ) ) ;
#2917 = EDGE_CURVE ( 'NONE', #829, #3471, #2409, .T. ) ;
#2918 = AXIS2_PLACEMENT_3D ( 'NONE', #3468, #2024, #942 ) ;
#2919 = CARTESIAN_POINT ( 'NONE',  ( -0.7249999999999999778, 1.000000000000000000, 0.8400000000000000799 ) ) ;
#2920 = ORIENTED_EDGE ( 'NONE', *, *, #2468, .T. ) ;
#2921 =( GEOMETRIC_REPRESENTATION_CONTEXT ( 3 ) GLOBAL_UNCERTAINTY_ASSIGNED_CONTEXT ( ( #1797 ) ) GLOBAL_UNIT_ASSIGNED_CONTEXT ( ( #717, #695, #2984 ) ) REPRESENTATION_CONTEXT ( 'NONE', 'WORKASPACE' ) );
#2922 = AXIS2_PLACEMENT_3D ( 'NONE', #1155, #1719, #2006 ) ;
#2923 = ORIENTED_EDGE ( 'NONE', *, *, #3619, .T. ) ;
#2924 = UNCERTAINTY_MEASURE_WITH_UNIT (LENGTH_MEASURE( 1.000000000000000082E-05 ), #665, 'distance_accuracy_value', 'NONE');
#2925 = ORIENTED_EDGE ( 'NONE', *, *, #2410, .T. ) ;
#2926 = LINE ( 'NONE', #2557, #346 ) ;
#2927 = DIRECTION ( 'NONE',  ( -0.000000000000000000, 0.000000000000000000, 1.000000000000000000 ) ) ;
#2928 = LINE ( 'NONE', #182, #2073 ) ;
#2929 = DIRECTION ( 'NONE',  ( -0.000000000000000000, -0.000000000000000000, 1.000000000000000000 ) ) ;
#2930 = CYLINDRICAL_SURFACE ( 'NONE', #1729, 0.2249991942116882082 ) ;
#2931 = VECTOR ( 'NONE', #2081, 1000.000000000000000 ) ;
#2932 = LINE ( 'NONE', #859, #1150 ) ;
#2933 =( LENGTH_UNIT ( ) NAMED_UNIT ( * ) SI_UNIT ( .MILLI., .METRE. ) );
#2934 =( NAMED_UNIT ( * ) PLANE_ANGLE_UNIT ( ) SI_UNIT ( $, .RADIAN. ) );
#2935 = PLANE ( 'NONE',  #2260 ) ;
#2936 = DIRECTION ( 'NONE',  ( -0.000000000000000000, -0.000000000000000000, -1.000000000000000000 ) ) ;
#2937 = PLANE ( 'NONE',  #474 ) ;
#2938 = SURFACE_STYLE_FILL_AREA ( #1808 ) ;
#2939 = ORIENTED_EDGE ( 'NONE', *, *, #1390, .F. ) ;
#2940 =( GEOMETRIC_REPRESENTATION_CONTEXT ( 3 ) GLOBAL_UNCERTAINTY_ASSIGNED_CONTEXT ( ( #3097 ) ) GLOBAL_UNIT_ASSIGNED_CONTEXT ( ( #750, #3294, #1028 ) ) REPRESENTATION_CONTEXT ( 'NONE', 'WORKASPACE' ) );
#2941 = AXIS2_PLACEMENT_3D ( 'NONE', #2252, #3100, #1389 ) ;
#2942 = LINE ( 'NONE', #2796, #1691 ) ;
#2943 = VECTOR ( 'NONE', #1112, 1000.000000000000000 ) ;
#2944 = VERTEX_POINT ( 'NONE', #1853 ) ;
#2945 = CARTESIAN_POINT ( 'NONE',  ( 0.7249999999999999778, 0.8124995971058440736, 0.2800000000000000266 ) ) ;
#2946 = CARTESIAN_POINT ( 'NONE',  ( -0.7729790755752636855, -0.2551845782464792212, 0.2900000000000000355 ) ) ;
#2947 = STYLED_ITEM ( 'NONE', ( #2270 ), #3570 ) ;
#2948 = PLANE ( 'NONE',  #2583 ) ;
#2949 =( NAMED_UNIT ( * ) SI_UNIT ( $, .STERADIAN. ) SOLID_ANGLE_UNIT ( ) );
#2950 = FILL_AREA_STYLE_COLOUR ( '', #1114 ) ;
#2951 = CARTESIAN_POINT ( 'NONE',  ( -1.100000000000000089, 0.7249991942116882360, 0.000000000000000000 ) ) ;
#2952 = EDGE_CURVE ( 'NONE', #2874, #1882, #1646, .T. ) ;
#2953 = ORIENTED_EDGE ( 'NONE', *, *, #3127, .T. ) ;
#2954 =( NAMED_UNIT ( * ) SI_UNIT ( $, .STERADIAN. ) SOLID_ANGLE_UNIT ( ) );
#2955 = ORIENTED_EDGE ( 'NONE', *, *, #3395, .F. ) ;
#2956 = PRESENTATION_LAYER_ASSIGNMENT (  '', '', ( #2572 ) ) ;
#2957 = ADVANCED_FACE ( 'NONE', ( #895 ), #3339, .F. ) ;
#2958 = DIRECTION ( 'NONE',  ( -0.000000000000000000, -0.000000000000000000, -1.000000000000000000 ) ) ;
#2959 = ORIENTED_EDGE ( 'NONE', *, *, #983, .F. ) ;
#2960 = ORIENTED_EDGE ( 'NONE', *, *, #1850, .F. ) ;
#2961 = VECTOR ( 'NONE', #3124, 1000.000000000000000 ) ;
#2962 = FILL_AREA_STYLE_COLOUR ( '', #3394 ) ;
#2963 = DIRECTION ( 'NONE',  ( -0.000000000000000000, -0.000000000000000000, -1.000000000000000000 ) ) ;
#2964 = FILL_AREA_STYLE_COLOUR ( '', #636 ) ;
#2965 = SURFACE_SIDE_STYLE ('',( #551 ) ) ;
#2966 = ORIENTED_EDGE ( 'NONE', *, *, #2880, .T. ) ;
#2967 = PRESENTATION_LAYER_ASSIGNMENT (  '', '', ( #2578 ) ) ;
#2968 = CYLINDRICAL_SURFACE ( 'NONE', #1245, 0.1174663986613712630 ) ;
#2969 = LINE ( 'NONE', #1002, #3664 ) ;
#2970 = ORIENTED_EDGE ( 'NONE', *, *, #2741, .T. ) ;
#2971 = LINE ( 'NONE', #1231, #2795 ) ;
#2972 = AXIS2_PLACEMENT_3D ( 'NONE', #1104, #2016, #581 ) ;
#2973 = LINE ( 'NONE', #3045, #2797 ) ;
#2974 = SURFACE_SIDE_STYLE ('',( #3429 ) ) ;
#2975 = AXIS2_PLACEMENT_3D ( 'NONE', #2354, #2915, #2308 ) ;
#2976 = VERTEX_POINT ( 'NONE', #3049 ) ;
#2977 = FILL_AREA_STYLE ('',( #2962 ) ) ;
#2978 = FILL_AREA_STYLE ('',( #2679 ) ) ;
#2979 = ADVANCED_FACE ( 'NONE', ( #314 ), #3566, .F. ) ;
#2980 = CARTESIAN_POINT ( 'NONE',  ( 0.7249999999999999778, 1.000000000000000000, 0.8400000000000000799 ) ) ;
#2981 = AXIS2_PLACEMENT_3D ( 'NONE', #596, #47, #650 ) ;
#2982 = DIRECTION ( 'NONE',  ( 0.000000000000000000, -1.000000000000000000, 0.000000000000000000 ) ) ;
#2983 = SURFACE_STYLE_FILL_AREA ( #2848 ) ;
#2984 =( NAMED_UNIT ( * ) SI_UNIT ( $, .STERADIAN. ) SOLID_ANGLE_UNIT ( ) );
#2985 = VECTOR ( 'NONE', #1563, 1000.000000000000000 ) ;
#2986 = VECTOR ( 'NONE', #3300, 1000.000000000000000 ) ;
#2987 = FILL_AREA_STYLE ('',( #3538 ) ) ;
#2988 = CARTESIAN_POINT ( 'NONE',  ( 1.100000000000000089, 0.2750008057883118195, 0.2900000000000000355 ) ) ;
#2989 = PRESENTATION_STYLE_ASSIGNMENT (( #2059 ) ) ;
#2990 = CARTESIAN_POINT ( 'NONE',  ( -0.5650000000000000577, -0.09500080578831186784, 0.000000000000000000 ) ) ;
#2991 =( LENGTH_UNIT ( ) NAMED_UNIT ( * ) SI_UNIT ( .MILLI., .METRE. ) );
#2992 = VECTOR ( 'NONE', #1813, 1000.000000000000000 ) ;
#2993 = COLOUR_RGB ( '',1.000000000000000000, 1.000000000000000000, 0.000000000000000000 ) ;
#2994 =( NAMED_UNIT ( * ) PLANE_ANGLE_UNIT ( ) SI_UNIT ( $, .RADIAN. ) );
#2995 = ORIENTED_EDGE ( 'NONE', *, *, #3202, .F. ) ;
#2996 = STYLED_ITEM ( 'NONE', ( #1138 ), #713 ) ;
#2997 = UNCERTAINTY_MEASURE_WITH_UNIT (LENGTH_MEASURE( 1.000000000000000082E-05 ), #3401, 'distance_accuracy_value', 'NONE');
#2998 = FILL_AREA_STYLE_COLOUR ( '', #1169 ) ;
#2999 = AXIS2_PLACEMENT_3D ( 'NONE', #2684, #194, #3576 ) ;
#3000 = ORIENTED_EDGE ( 'NONE', *, *, #1510, .F. ) ;
#3001 = ADVANCED_FACE ( 'NONE', ( #1998 ), #3040, .F. ) ;
#3002 = SURFACE_STYLE_FILL_AREA ( #590 ) ;
#3003 = CARTESIAN_POINT ( 'NONE',  ( -1.041095348700078027, 0.7249991942116884580, 0.2800000000000000266 ) ) ;
#3004 = ORIENTED_EDGE ( 'NONE', *, *, #1317, .T. ) ;
#3005 = PRODUCT_RELATED_PRODUCT_CATEGORY ( 'part', '', ( #1011 ) ) ;
#3006 = VERTEX_POINT ( 'NONE', #1934 ) ;
#3007 = CARTESIAN_POINT ( 'NONE',  ( -0.5650000000000001688, -0.9000000000000000222, -0.01000000000000000021 ) ) ;
#3008 = DIRECTION ( 'NONE',  ( -0.000000000000000000, -0.000000000000000000, -1.000000000000000000 ) ) ;
#3009 = DIRECTION ( 'NONE',  ( 0.000000000000000000, -1.000000000000000000, 0.000000000000000000 ) ) ;
#3010 = VERTEX_POINT ( 'NONE', #231 ) ;
#3011 = CARTESIAN_POINT ( 'NONE',  ( 1.100000000000000089, 1.000000000000000000, 0.2800000000000000266 ) ) ;
#3012 = ORIENTED_EDGE ( 'NONE', *, *, #427, .T. ) ;
#3013 = MECHANICAL_DESIGN_GEOMETRIC_PRESENTATION_REPRESENTATION (  '', ( #1291 ), #3208 ) ;
#3014 =( NAMED_UNIT ( * ) PLANE_ANGLE_UNIT ( ) SI_UNIT ( $, .RADIAN. ) );
#3015 = B_SPLINE_CURVE_WITH_KNOTS ( 'NONE', 3,
 ( #496, #1032, #3048, #1341, #3349, #1623 ),
 .UNSPECIFIED., .F., .F.,
 ( 4, 2, 4 ),
 ( 0.5000000000000000000, 0.7500000000000002220, 1.000000000000000000 ),
 .UNSPECIFIED. ) ;
#3016 = ORIENTED_EDGE ( 'NONE', *, *, #1384, .F. ) ;
#3017 = PRESENTATION_STYLE_ASSIGNMENT (( #1287 ) ) ;
#3018 = LINE ( 'NONE', #379, #2289 ) ;
#3019 = CARTESIAN_POINT ( 'NONE',  ( -0.8099423791838803455, 0.8557823114293710010, 0.2900000000000000355 ) ) ;
#3020 = VERTEX_POINT ( 'NONE', #537 ) ;
#3021 = CARTESIAN_POINT ( 'NONE',  ( -1.100000000000000089, -0.09500080578831181233, 0.2900000000000000355 ) ) ;
#3022 = ADVANCED_FACE ( 'NONE', ( #1162 ), #2522, .F. ) ;
#3023 =( GEOMETRIC_REPRESENTATION_CONTEXT ( 3 ) GLOBAL_UNCERTAINTY_ASSIGNED_CONTEXT ( ( #770 ) ) GLOBAL_UNIT_ASSIGNED_CONTEXT ( ( #3420, #2254, #12 ) ) REPRESENTATION_CONTEXT ( 'NONE', 'WORKASPACE' ) );
#3024 = CARTESIAN_POINT ( 'NONE',  ( 1.100000000000000089, 1.000000000000000000, 0.2800000000000000266 ) ) ;
#3025 = DIRECTION ( 'NONE',  ( 1.346836345031663918E-16, 1.000000000000000000, 0.000000000000000000 ) ) ;
#3026 = UNCERTAINTY_MEASURE_WITH_UNIT (LENGTH_MEASURE( 1.000000000000000082E-05 ), #2527, 'distance_accuracy_value', 'NONE');
#3027 = DIRECTION ( 'NONE',  ( -0.000000000000000000, 0.000000000000000000, -1.000000000000000000 ) ) ;
#3028 =( NAMED_UNIT ( * ) PLANE_ANGLE_UNIT ( ) SI_UNIT ( $, .RADIAN. ) );
#3029 = EDGE_CURVE ( 'NONE', #829, #1211, #2942, .T. ) ;
#3030 = LINE ( 'NONE', #2585, #87 ) ;
#3031 = DIRECTION ( 'NONE',  ( -0.000000000000000000, -1.000000000000000000, -0.000000000000000000 ) ) ;
#3032 = DIRECTION ( 'NONE',  ( -1.000000000000000000, -0.000000000000000000, -0.000000000000000000 ) ) ;
#3033 = CARTESIAN_POINT ( 'NONE',  ( 1.100000000000000089, 0.5000000000000000000, 0.2900000000000000355 ) ) ;
#3034 = CARTESIAN_POINT ( 'NONE',  ( 1.100000000000000089, -0.9000000000000000222, -0.000000000000000000 ) ) ;
#3035 =( GEOMETRIC_REPRESENTATION_CONTEXT ( 3 ) GLOBAL_UNCERTAINTY_ASSIGNED_CONTEXT ( ( #169 ) ) GLOBAL_UNIT_ASSIGNED_CONTEXT ( ( #3222, #3237, #1528 ) ) REPRESENTATION_CONTEXT ( 'NONE', 'WORKASPACE' ) );
#3036 = VERTEX_POINT ( 'NONE', #1656 ) ;
#3037 = ADVANCED_FACE ( 'NONE', ( #2662 ), #1950, .F. ) ;
#3038 = CARTESIAN_POINT ( 'NONE',  ( -1.100000000000000089, 0.2750008057883118195, 0.2900000000000000355 ) ) ;
#3039 = CARTESIAN_POINT ( 'NONE',  ( -1.100000000000000089, -0.5000000000000000000, -0.01000000000000000021 ) ) ;
#3040 = CYLINDRICAL_SURFACE ( 'NONE', #696, 0.2249991942116882082 ) ;
#3041 = ORIENTED_EDGE ( 'NONE', *, *, #306, .T. ) ;
#3042 = EDGE_CURVE ( 'NONE', #2490, #1795, #3714, .T. ) ;
#3043 = CARTESIAN_POINT ( 'NONE',  ( -0.7466488026588553595, 0.2397797001469955946, 0.2900000000000000355 ) ) ;
#3044 = STYLED_ITEM ( 'NONE', ( #896 ), #2091 ) ;
#3045 = CARTESIAN_POINT ( 'NONE',  ( -0.7729790755752636855, -0.7069995797831308826, 0.2900000000000000355 ) ) ;
#3046 = ORIENTED_EDGE ( 'NONE', *, *, #266, .F. ) ;
#3047 = FACE_OUTER_BOUND ( 'NONE', #155, .T. ) ;
#3048 = CARTESIAN_POINT ( 'NONE',  ( -0.8992496656338027083, -0.3825534223890101337, -3.388131789017201356E-18 ) ) ;
#3049 = CARTESIAN_POINT ( 'NONE',  ( 0.7249999999999999778, -1.000000000000000000, 0.2800000000000000266 ) ) ;
#3050 = AXIS2_PLACEMENT_3D ( 'NONE', #1058, #1046, #3025 ) ;
#3051 = CARTESIAN_POINT ( 'NONE',  ( 1.100000000000000089, -0.2750008057883118195, -0.01000000000000000021 ) ) ;
#3052 = EDGE_LOOP ( 'NONE', ( #2581, #2544, #2591, #3563 ) ) ;
#3053 = PRESENTATION_LAYER_ASSIGNMENT (  '', '', ( #2032 ) ) ;
#3054 = EDGE_CURVE ( 'NONE', #139, #2275, #2847, .T. ) ;
#3055 = CARTESIAN_POINT ( 'NONE',  ( 0.000000000000000000, -1.000000000000000000, -0.01000000000000000021 ) ) ;
#3056 = VERTEX_POINT ( 'NONE', #1712 ) ;
#3057 = VECTOR ( 'NONE', #2251, 1000.000000000000000 ) ;
#3058 = DIRECTION ( 'NONE',  ( 0.000000000000000000, -1.000000000000000000, 0.000000000000000000 ) ) ;
#3059 = SURFACE_STYLE_USAGE ( .BOTH. , #817 ) ;
#3060 = EDGE_CURVE ( 'NONE', #2157, #426, #3317, .T. ) ;
#3061 = ORIENTED_EDGE ( 'NONE', *, *, #1752, .F. ) ;
#3062 = VECTOR ( 'NONE', #1634, 1000.000000000000000 ) ;
#3063 = DIRECTION ( 'NONE',  ( -0.000000000000000000, -0.000000000000000000, -1.000000000000000000 ) ) ;
#3064 = DIRECTION ( 'NONE',  ( -1.013273058397667935E-16, -1.000000000000000000, 0.000000000000000000 ) ) ;
#3065 = EDGE_CURVE ( 'NONE', #2098, #2817, #3407, .T. ) ;
#3066 =( NAMED_UNIT ( * ) PLANE_ANGLE_UNIT ( ) SI_UNIT ( $, .RADIAN. ) );
#3067 = ORIENTED_EDGE ( 'NONE', *, *, #2026, .F. ) ;
#3068 = LINE ( 'NONE', #116, #1897 ) ;
#3069 = VECTOR ( 'NONE', #1323, 1000.000000000000000 ) ;
#3070 = FILL_AREA_STYLE ('',( #1593 ) ) ;
#3071 = EDGE_CURVE ( 'NONE', #1778, #3701, #3319, .T. ) ;
#3072 = ORIENTED_EDGE ( 'NONE', *, *, #244, .F. ) ;
#3073 = LINE ( 'NONE', #887, #27 ) ;
#3074 = CARTESIAN_POINT ( 'NONE',  ( 0.8750008057883118529, 0.5000000000000000000, 0.2900000000000000355 ) ) ;
#3075 = AXIS2_PLACEMENT_3D ( 'NONE', #1349, #3397, #2789 ) ;
#3076 = AXIS2_PLACEMENT_3D ( 'NONE', #2705, #1834, #1016 ) ;
#3077 = CARTESIAN_POINT ( 'NONE',  ( -1.100000000000000089, -0.7249991942116882360, -0.01000000000000000021 ) ) ;
#3078 =( NAMED_UNIT ( * ) PLANE_ANGLE_UNIT ( ) SI_UNIT ( $, .RADIAN. ) );
#3079 = FACE_OUTER_BOUND ( 'NONE', #3469, .T. ) ;
#3080 = SURFACE_SIDE_STYLE ('',( #3545 ) ) ;
#3081 = EDGE_CURVE ( 'NONE', #2524, #918, #1072, .T. ) ;
#3082 = COLOUR_RGB ( '',1.000000000000000000, 1.000000000000000000, 1.000000000000000000 ) ;
#3083 = DIRECTION ( 'NONE',  ( 0.000000000000000000, 0.000000000000000000, 1.000000000000000000 ) ) ;
#3084 = VECTOR ( 'NONE', #3575, 1000.000000000000000 ) ;
#3085 = DIRECTION ( 'NONE',  ( -0.000000000000000000, -0.000000000000000000, -1.000000000000000000 ) ) ;
#3086 = SURFACE_SIDE_STYLE ('',( #1031 ) ) ;
#3087 = FILL_AREA_STYLE_COLOUR ( '', #2263 ) ;
#3088 = PRESENTATION_LAYER_ASSIGNMENT (  '', '', ( #2767 ) ) ;
#3089 = VERTEX_POINT ( 'NONE', #261 ) ;
#3090 = SURFACE_SIDE_STYLE ('',( #275 ) ) ;
#3091 = LINE ( 'NONE', #3296, #1692 ) ;
#3092 = COLOUR_RGB ( '',0.7529411764705882248, 0.7529411764705882248, 0.000000000000000000 ) ;
#3093 = DIRECTION ( 'NONE',  ( -0.000000000000000000, -0.000000000000000000, 1.000000000000000000 ) ) ;
#3094 = ORIENTED_EDGE ( 'NONE', *, *, #2858, .F. ) ;
#3095 = COLOUR_RGB ( '',1.000000000000000000, 1.000000000000000000, 0.000000000000000000 ) ;
#3096 = SURFACE_STYLE_FILL_AREA ( #726 ) ;
#3097 = UNCERTAINTY_MEASURE_WITH_UNIT (LENGTH_MEASURE( 1.000000000000000082E-05 ), #750, 'distance_accuracy_value', 'NONE');
#3098 = SURFACE_STYLE_USAGE ( .BOTH. , #1095 ) ;
#3099 = AXIS2_PLACEMENT_3D ( 'NONE', #3391, #823, #1659 ) ;
#3100 = DIRECTION ( 'NONE',  ( -0.000000000000000000, 0.000000000000000000, 1.000000000000000000 ) ) ;
#3101 = ORIENTED_EDGE ( 'NONE', *, *, #3400, .F. ) ;
#3102 = SURFACE_STYLE_USAGE ( .BOTH. , #3086 ) ;
#3103 = DIRECTION ( 'NONE',  ( -0.000000000000000000, -0.000000000000000000, 1.000000000000000000 ) ) ;
#3104 = MECHANICAL_DESIGN_GEOMETRIC_PRESENTATION_REPRESENTATION (  '', ( #573 ), #350 ) ;
#3105 = DIRECTION ( 'NONE',  ( 1.000000000000000000, 0.000000000000000000, 0.000000000000000000 ) ) ;
#3106 = ORIENTED_EDGE ( 'NONE', *, *, #1289, .F. ) ;
#3107 = SURFACE_STYLE_FILL_AREA ( #3070 ) ;
#3108 = EDGE_CURVE ( 'NONE', #850, #2813, #1961, .T. ) ;
#3109 = EDGE_CURVE ( 'NONE', #74, #2071, #944, .T. ) ;
#3110 = CARTESIAN_POINT ( 'NONE',  ( 0.8992496656338024863, -0.3825534223890099117, -3.388131789017200971E-18 ) ) ;
#3111 = ORIENTED_EDGE ( 'NONE', *, *, #907, .T. ) ;
#3112 = FILL_AREA_STYLE ('',( #3674 ) ) ;
#3113 = VERTEX_POINT ( 'NONE', #2232 ) ;
#3114 = VECTOR ( 'NONE', #1003, 1000.000000000000000 ) ;
#3115 = CARTESIAN_POINT ( 'NONE',  ( -1.100000000000000089, -0.09500080578831181233, -0.01000000000000000021 ) ) ;
#3116 = EDGE_CURVE ( 'NONE', #2116, #2869, #1725, .T. ) ;
#3117 = SURFACE_STYLE_FILL_AREA ( #827 ) ;
#3118 = DIRECTION ( 'NONE',  ( 0.000000000000000000, 1.000000000000000000, -0.000000000000000000 ) ) ;
#3119 = ORIENTED_EDGE ( 'NONE', *, *, #2194, .F. ) ;
#3120 = VECTOR ( 'NONE', #628, 1000.000000000000000 ) ;
#3121 = CARTESIAN_POINT ( 'NONE',  ( 1.100000000000000089, -0.7249991942116882360, -0.01000000000000000021 ) ) ;
#3122 = CARTESIAN_POINT ( 'NONE',  ( 1.100000000000000089, 0.7249991942116882360, -0.01000000000000000021 ) ) ;
#3123 = AXIS2_PLACEMENT_3D ( 'NONE', #2044, #353, #656 ) ;
#3124 = DIRECTION ( 'NONE',  ( -1.000000000000000000, 1.013273058397667688E-16, -0.000000000000000000 ) ) ;
#3125 =( NAMED_UNIT ( * ) PLANE_ANGLE_UNIT ( ) SI_UNIT ( $, .RADIAN. ) );
#3126 = PRESENTATION_LAYER_ASSIGNMENT (  '', '', ( #2996 ) ) ;
#3127 = EDGE_CURVE ( 'NONE', #2976, #2107, #1115, .T. ) ;
#3128 = PLANE ( 'NONE',  #830 ) ;
#3129 = CARTESIAN_POINT ( 'NONE',  ( 0.7249999999999999778, -0.04327719538221283524, 0.2900000000000000355 ) ) ;
#3130 = LINE ( 'NONE', #3077, #2357 ) ;
#3131 = SURFACE_SIDE_STYLE ('',( #742 ) ) ;
#3132 = ORIENTED_EDGE ( 'NONE', *, *, #1723, .T. ) ;
#3133 = EDGE_CURVE ( 'NONE', #3020, #2295, #359, .T. ) ;
#3134 = SURFACE_SIDE_STYLE ('',( #2155 ) ) ;
#3135 = ORIENTED_EDGE ( 'NONE', *, *, #2258, .F. ) ;
#3136 = CARTESIAN_POINT ( 'NONE',  ( -1.100000000000000089, 1.000000000000000000, 0.000000000000000000 ) ) ;
#3137 = DIRECTION ( 'NONE',  ( -1.346836345031663671E-16, 1.000000000000000000, 0.000000000000000000 ) ) ;
#3138 = PRESENTATION_STYLE_ASSIGNMENT (( #3214 ) ) ;
#3139 = LINE ( 'NONE', #3051, #2669 ) ;
#3140 = ORIENTED_EDGE ( 'NONE', *, *, #2643, .T. ) ;
#3141 = DIRECTION ( 'NONE',  ( -0.000000000000000000, -0.000000000000000000, -1.000000000000000000 ) ) ;
#3142 = ORIENTED_EDGE ( 'NONE', *, *, #140, .T. ) ;
#3143 = UNCERTAINTY_MEASURE_WITH_UNIT (LENGTH_MEASURE( 1.000000000000000082E-05 ), #3466, 'distance_accuracy_value', 'NONE');
#3144 = PRESENTATION_LAYER_ASSIGNMENT (  '', '', ( #2752 ) ) ;
#3145 = VERTEX_POINT ( 'NONE', #2246 ) ;
#3146 = VECTOR ( 'NONE', #2545, 1000.000000000000000 ) ;
#3147 = PRESENTATION_LAYER_ASSIGNMENT (  '', '', ( #2754 ) ) ;
#3148 = FILL_AREA_STYLE ('',( #1129 ) ) ;
#3149 = ORIENTED_EDGE ( 'NONE', *, *, #1275, .F. ) ;
#3150 = CIRCLE ( 'NONE', #3399, 0.1975146020622409737 ) ;
#3151 = CARTESIAN_POINT ( 'NONE',  ( -1.100000000000000089, 0.9000000000000000222, -0.01000000000000000021 ) ) ;
#3152 = SURFACE_STYLE_USAGE ( .BOTH. , #2562 ) ;
#3153 = CARTESIAN_POINT ( 'NONE',  ( 0.8992496656338024863, 0.6174465776109900883, -3.388131789017200971E-18 ) ) ;
#3154 = STYLED_ITEM ( 'NONE', ( #2686 ), #3332 ) ;
#3155 = EDGE_CURVE ( 'NONE', #1369, #2879, #2807, .T. ) ;
#3156 = CARTESIAN_POINT ( 'NONE',  ( 0.5650000000000000577, -0.09500080578831186784, -0.01000000000000000021 ) ) ;
#3157 = VERTEX_POINT ( 'NONE', #2829 ) ;
#3158 = ADVANCED_FACE ( 'NONE', ( #1344 ), #3128, .F. ) ;
#3159 = DIRECTION ( 'NONE',  ( -1.000000000000000000, 0.000000000000000000, 0.000000000000000000 ) ) ;
#3160 = ORIENTED_EDGE ( 'NONE', *, *, #3357, .F. ) ;
#3161 = MECHANICAL_DESIGN_GEOMETRIC_PRESENTATION_REPRESENTATION (  '', ( #2572 ), #2940 ) ;
#3162 = PLANE ( 'NONE',  #348 ) ;
#3163 = DIRECTION ( 'NONE',  ( 1.000000000000000000, 0.000000000000000000, 0.000000000000000000 ) ) ;
#3164 =( NAMED_UNIT ( * ) SI_UNIT ( $, .STERADIAN. ) SOLID_ANGLE_UNIT ( ) );
#3165 = CARTESIAN_POINT ( 'NONE',  ( 0.000000000000000000, -1.000000000000000000, -0.01000000000000000021 ) ) ;
#3166 = UNCERTAINTY_MEASURE_WITH_UNIT (LENGTH_MEASURE( 1.000000000000000082E-05 ), #3283, 'distance_accuracy_value', 'NONE');
#3167 = DIRECTION ( 'NONE',  ( -0.000000000000000000, -0.000000000000000000, -1.000000000000000000 ) ) ;
#3168 = MECHANICAL_DESIGN_GEOMETRIC_PRESENTATION_REPRESENTATION (  '', ( #2469 ), #2719 ) ;
#3169 = EDGE_CURVE ( 'NONE', #2136, #619, #2453, .T. ) ;
#3170 = COLOUR_RGB ( '',0.7529411764705882248, 0.7529411764705882248, 0.000000000000000000 ) ;
#3171 = FILL_AREA_STYLE ('',( #2005 ) ) ;
#3172 = CARTESIAN_POINT ( 'NONE',  ( -1.100000000000000089, -0.9000000000000000222, 0.000000000000000000 ) ) ;
#3173 = AXIS2_PLACEMENT_3D ( 'NONE', #2058, #3198, #931 ) ;
#3174 = CARTESIAN_POINT ( 'NONE',  ( -0.8099423791838803455, 0.8557823114293710010, 0.2800000000000000266 ) ) ;
#3175 = VECTOR ( 'NONE', #2458, 1000.000000000000000 ) ;
#3176 = SURFACE_SIDE_STYLE ('',( #968 ) ) ;
#3177 = VECTOR ( 'NONE', #2378, 1000.000000000000000 ) ;
#3178 = ORIENTED_EDGE ( 'NONE', *, *, #1546, .T. ) ;
#3179 = FILL_AREA_STYLE_COLOUR ( '', #246 ) ;
#3180 = STYLED_ITEM ( 'NONE', ( #2133 ), #103 ) ;
#3181 = DIRECTION ( 'NONE',  ( 1.000000000000000000, 1.346836345031663918E-16, 0.000000000000000000 ) ) ;
#3182 = DIRECTION ( 'NONE',  ( -0.000000000000000000, 0.000000000000000000, -1.000000000000000000 ) ) ;
#3183 = EDGE_CURVE ( 'NONE', #629, #2737, #771, .T. ) ;
#3184 = ORIENTED_EDGE ( 'NONE', *, *, #1885, .T. ) ;
#3185 = VECTOR ( 'NONE', #3502, 1000.000000000000000 ) ;
#3186 = CARTESIAN_POINT ( 'NONE',  ( 1.100000000000000089, -0.7249991942116882360, 0.000000000000000000 ) ) ;
#3187 = DIRECTION ( 'NONE',  ( -0.000000000000000000, -0.000000000000000000, -1.000000000000000000 ) ) ;
#3188 = ORIENTED_EDGE ( 'NONE', *, *, #73, .T. ) ;
#3189 = SURFACE_SIDE_STYLE ('',( #777 ) ) ;
#3190 = ORIENTED_EDGE ( 'NONE', *, *, #589, .F. ) ;
#3191 = LINE ( 'NONE', #319, #3511 ) ;
#3192 = DIRECTION ( 'NONE',  ( -0.000000000000000000, 1.000000000000000000, -0.000000000000000000 ) ) ;
#3193 = ORIENTED_EDGE ( 'NONE', *, *, #1510, .T. ) ;
#3194 = PRESENTATION_LAYER_ASSIGNMENT (  '', '', ( #1654 ) ) ;
#3195 = CARTESIAN_POINT ( 'NONE',  ( -0.8750008057883118529, -0.5000000000000000000, -0.01000000000000000021 ) ) ;
#3196 =( NAMED_UNIT ( * ) PLANE_ANGLE_UNIT ( ) SI_UNIT ( $, .RADIAN. ) );
#3197 = ORIENTED_EDGE ( 'NONE', *, *, #1259, .T. ) ;
#3198 = DIRECTION ( 'NONE',  ( -1.000000000000000000, -1.346836345031663918E-16, 0.000000000000000000 ) ) ;
#3199 = SURFACE_SIDE_STYLE ('',( #1761 ) ) ;
#3200 = ORIENTED_EDGE ( 'NONE', *, *, #983, .T. ) ;
#3201 = CARTESIAN_POINT ( 'NONE',  ( -1.100000000000000089, 0.09500080578831181233, 0.000000000000000000 ) ) ;
#3202 = EDGE_CURVE ( 'NONE', #59, #565, #441, .T. ) ;
#3203 = ORIENTED_EDGE ( 'NONE', *, *, #1885, .F. ) ;
#3204 = LINE ( 'NONE', #900, #1140 ) ;
#3205 = DIRECTION ( 'NONE',  ( -0.000000000000000000, -0.000000000000000000, -1.000000000000000000 ) ) ;
#3206 = CARTESIAN_POINT ( 'NONE',  ( -1.100000000000000089, 1.000000000000000000, 0.2800000000000000266 ) ) ;
#3207 = CARTESIAN_POINT ( 'NONE',  ( -1.100000000000000089, 0.09500080578831181233, 0.2900000000000000355 ) ) ;
#3208 =( GEOMETRIC_REPRESENTATION_CONTEXT ( 3 ) GLOBAL_UNCERTAINTY_ASSIGNED_CONTEXT ( ( #1215 ) ) GLOBAL_UNIT_ASSIGNED_CONTEXT ( ( #3478, #2035, #3164 ) ) REPRESENTATION_CONTEXT ( 'NONE', 'WORKASPACE' ) );
#3209 = UNCERTAINTY_MEASURE_WITH_UNIT (LENGTH_MEASURE( 1.000000000000000082E-05 ), #3629, 'distance_accuracy_value', 'NONE');
#3210 = DIRECTION ( 'NONE',  ( -1.000000000000000000, 0.000000000000000000, 0.000000000000000000 ) ) ;
#3211 = FILL_AREA_STYLE_COLOUR ( '', #2840 ) ;
#3212 = CARTESIAN_POINT ( 'NONE',  ( 0.000000000000000000, 0.000000000000000000, 0.000000000000000000 ) ) ;
#3213 = ADVANCED_FACE ( 'NONE', ( #3636 ), #1186, .F. ) ;
#3214 = SURFACE_STYLE_USAGE ( .BOTH. , #40 ) ;
#3215 = PRESENTATION_LAYER_ASSIGNMENT (  '', '', ( #1919 ) ) ;
#3216 = PRESENTATION_STYLE_ASSIGNMENT (( #3102 ) ) ;
#3217 = DIRECTION ( 'NONE',  ( -1.000000000000000000, 0.000000000000000000, 0.000000000000000000 ) ) ;
#3218 = CARTESIAN_POINT ( 'NONE',  ( -0.7729790755752636855, -0.7069995797831308826, 0.2900000000000000355 ) ) ;
#3219 = VECTOR ( 'NONE', #2269, 1000.000000000000000 ) ;
#3220 =( GEOMETRIC_REPRESENTATION_CONTEXT ( 3 ) GLOBAL_UNCERTAINTY_ASSIGNED_CONTEXT ( ( #1668 ) ) GLOBAL_UNIT_ASSIGNED_CONTEXT ( ( #142, #2435, #1861 ) ) REPRESENTATION_CONTEXT ( 'NONE', 'WORKASPACE' ) );
#3221 = CARTESIAN_POINT ( 'NONE',  ( -1.100000000000000089, -0.9000000000000000222, -0.01000000000000000021 ) ) ;
#3222 =( LENGTH_UNIT ( ) NAMED_UNIT ( * ) SI_UNIT ( .MILLI., .METRE. ) );
#3223 = DIRECTION ( 'NONE',  ( -0.000000000000000000, 1.000000000000000000, -0.000000000000000000 ) ) ;
#3224 = ORIENTED_EDGE ( 'NONE', *, *, #3242, .F. ) ;
#3225 = EDGE_CURVE ( 'NONE', #2879, #2116, #2115, .T. ) ;
#3226 = EDGE_CURVE ( 'NONE', #1051, #626, #623, .T. ) ;
#3227 = CARTESIAN_POINT ( 'NONE',  ( -1.100000000000000089, 0.5000000000000000000, -0.01000000000000000021 ) ) ;
#3228 = EDGE_LOOP ( 'NONE', ( #1747, #858, #2512, #613 ) ) ;
#3229 = PRESENTATION_STYLE_ASSIGNMENT (( #2551 ) ) ;
#3230 = AXIS2_PLACEMENT_3D ( 'NONE', #181, #431, #3622 ) ;
#3231 = ORIENTED_EDGE ( 'NONE', *, *, #1200, .T. ) ;
#3232 = CARTESIAN_POINT ( 'NONE',  ( -0.5000000000000001110, 1.000000000000000000, -0.01000000000000000021 ) ) ;
#3233 = SURFACE_STYLE_USAGE ( .BOTH. , #2404 ) ;
#3234 =( NAMED_UNIT ( * ) SI_UNIT ( $, .STERADIAN. ) SOLID_ANGLE_UNIT ( ) );
#3235 = ORIENTED_EDGE ( 'NONE', *, *, #2318, .T. ) ;
#3236 = DIRECTION ( 'NONE',  ( -1.000000000000000000, 0.000000000000000000, 0.000000000000000000 ) ) ;
#3237 =( NAMED_UNIT ( * ) PLANE_ANGLE_UNIT ( ) SI_UNIT ( $, .RADIAN. ) );
#3238 = DIRECTION ( 'NONE',  ( 0.000000000000000000, 1.000000000000000000, 0.000000000000000000 ) ) ;
#3239 = FILL_AREA_STYLE ('',( #2964 ) ) ;
#3240 = ORIENTED_EDGE ( 'NONE', *, *, #791, .T. ) ;
#3241 = FILL_AREA_STYLE_COLOUR ( '', #2812 ) ;
#3242 = EDGE_CURVE ( 'NONE', #251, #1406, #255, .T. ) ;
#3243 = PRESENTATION_LAYER_ASSIGNMENT (  '', '', ( #2646 ) ) ;
#3244 = ORIENTED_EDGE ( 'NONE', *, *, #2, .T. ) ;
#3245 = VECTOR ( 'NONE', #3630, 1000.000000000000000 ) ;
#3246 = MECHANICAL_DESIGN_GEOMETRIC_PRESENTATION_REPRESENTATION (  '', ( #161 ), #949 ) ;
#3247 = FILL_AREA_STYLE_COLOUR ( '', #614 ) ;
#3248 = PRESENTATION_LAYER_ASSIGNMENT (  '', '', ( #1257 ) ) ;
#3249 = EDGE_LOOP ( 'NONE', ( #1484, #1445, #2832, #1738, #2090, #2030, #1168 ) ) ;
#3250 = DIRECTION ( 'NONE',  ( 0.000000000000000000, 0.000000000000000000, 1.000000000000000000 ) ) ;
#3251 = ORIENTED_EDGE ( 'NONE', *, *, #386, .F. ) ;
#3252 = CARTESIAN_POINT ( 'NONE',  ( 1.100000000000000089, 0.2750008057883118195, 0.2800000000000000822 ) ) ;
#3253 = ADVANCED_FACE ( 'NONE', ( #837 ), #2307, .F. ) ;
#3254 = PRESENTATION_STYLE_ASSIGNMENT (( #2470 ) ) ;
#3255 = DIRECTION ( 'NONE',  ( -0.000000000000000000, 1.000000000000000000, -0.000000000000000000 ) ) ;
#3256 = DIRECTION ( 'NONE',  ( 0.000000000000000000, -1.000000000000000000, 0.000000000000000000 ) ) ;
#3257 = VECTOR ( 'NONE', #1746, 1000.000000000000000 ) ;
#3258 = EDGE_CURVE ( 'NONE', #3542, #2240, #2064, .T. ) ;
#3259 = EDGE_CURVE ( 'NONE', #1835, #3285, #3018, .T. ) ;
#3260 = UNCERTAINTY_MEASURE_WITH_UNIT (LENGTH_MEASURE( 1.000000000000000082E-05 ), #113, 'distance_accuracy_value', 'NONE');
#3261 = VECTOR ( 'NONE', #296, 1000.000000000000000 ) ;
#3262 = CARTESIAN_POINT ( 'NONE',  ( 0.9825534223890100005, 0.2992496656338026750, 0.2799999999999999711 ) ) ;
#3263 = SURFACE_STYLE_FILL_AREA ( #2780 ) ;
#3264 = CARTESIAN_POINT ( 'NONE',  ( 0.000000000000000000, 0.000000000000000000, 0.000000000000000000 ) ) ;
#3265 = EDGE_CURVE ( 'NONE', #1394, #1211, #2969, .T. ) ;
#3266 = CARTESIAN_POINT ( 'NONE',  ( 0.000000000000000000, 0.000000000000000000, 0.2800000000000000266 ) ) ;
#3267 =( NAMED_UNIT ( * ) SI_UNIT ( $, .STERADIAN. ) SOLID_ANGLE_UNIT ( ) );
#3268 = FACE_OUTER_BOUND ( 'NONE', #1348, .T. ) ;
#3269 = PRESENTATION_LAYER_ASSIGNMENT (  '', '', ( #1020 ) ) ;
#3270 = PRESENTATION_LAYER_ASSIGNMENT (  '', '', ( #522 ) ) ;
#3271 = PRESENTATION_STYLE_ASSIGNMENT (( #821 ) ) ;
#3272 = SURFACE_STYLE_FILL_AREA ( #702 ) ;
#3273 = ORIENTED_EDGE ( 'NONE', *, *, #302, .T. ) ;
#3274 = ADVANCED_FACE ( 'NONE', ( #1491 ), #675, .F. ) ;
#3275 = SURFACE_SIDE_STYLE ('',( #2733 ) ) ;
#3276 = CARTESIAN_POINT ( 'NONE',  ( 1.100000000000000089, 0.9000000000000000222, 0.2900000000000000355 ) ) ;
#3277 = FACE_OUTER_BOUND ( 'NONE', #2648, .T. ) ;
#3278 = DIRECTION ( 'NONE',  ( 1.000000000000000000, 0.000000000000000000, 0.000000000000000000 ) ) ;
#3279 = SURFACE_SIDE_STYLE ('',( #2892 ) ) ;
#3280 =( LENGTH_UNIT ( ) NAMED_UNIT ( * ) SI_UNIT ( .MILLI., .METRE. ) );
#3281 = VERTEX_POINT ( 'NONE', #967 ) ;
#3282 = DIRECTION ( 'NONE',  ( -1.000000000000000000, 0.000000000000000000, 0.000000000000000000 ) ) ;
#3283 =( LENGTH_UNIT ( ) NAMED_UNIT ( * ) SI_UNIT ( .MILLI., .METRE. ) );
#3284 = UNCERTAINTY_MEASURE_WITH_UNIT (LENGTH_MEASURE( 1.000000000000000082E-05 ), #3675, 'distance_accuracy_value', 'NONE');
#3285 = VERTEX_POINT ( 'NONE', #2640 ) ;
#3286 = CARTESIAN_POINT ( 'NONE',  ( -1.100000000000000089, 0.9000000000000000222, 0.2800000000000000266 ) ) ;
#3287 = STYLED_ITEM ( 'NONE', ( #1019 ), #405 ) ;
#3288 = CARTESIAN_POINT ( 'NONE',  ( -0.8750008057883119639, 0.5589046512999220617, 0.2800000000000000266 ) ) ;
#3289 = VERTEX_POINT ( 'NONE', #1572 ) ;
#3290 = COLOUR_RGB ( '',1.000000000000000000, 1.000000000000000000, 1.000000000000000000 ) ;
#3291 = CARTESIAN_POINT ( 'NONE',  ( 1.100000000000000089, 0.2750008057883118195, 0.8400000000000000799 ) ) ;
#3292 = EDGE_LOOP ( 'NONE', ( #1356, #3377, #394, #1584 ) ) ;
#3293 = LINE ( 'NONE', #3007, #3069 ) ;
#3294 =( NAMED_UNIT ( * ) PLANE_ANGLE_UNIT ( ) SI_UNIT ( $, .RADIAN. ) );
#3295 = SURFACE_SIDE_STYLE ('',( #3573 ) ) ;
#3296 = CARTESIAN_POINT ( 'NONE',  ( -0.5650000000000000577, -0.09500080578831186784, -0.01000000000000000021 ) ) ;
#3297 = ORIENTED_EDGE ( 'NONE', *, *, #3054, .T. ) ;
#3298 = AXIS2_PLACEMENT_3D ( 'NONE', #2523, #1102, #3105 ) ;
#3299 = SURFACE_STYLE_FILL_AREA ( #2987 ) ;
#3300 = DIRECTION ( 'NONE',  ( -0.000000000000000000, -0.000000000000000000, 1.000000000000000000 ) ) ;
#3301 =( LENGTH_UNIT ( ) NAMED_UNIT ( * ) SI_UNIT ( .MILLI., .METRE. ) );
#3302 = LINE ( 'NONE', #3663, #2644 ) ;
#3303 = VERTEX_POINT ( 'NONE', #1513 ) ;
#3304 = LINE ( 'NONE', #2571, #580 ) ;
#3305 =( GEOMETRIC_REPRESENTATION_CONTEXT ( 3 ) GLOBAL_UNCERTAINTY_ASSIGNED_CONTEXT ( ( #373 ) ) GLOBAL_UNIT_ASSIGNED_CONTEXT ( ( #2881, #2287, #1457 ) ) REPRESENTATION_CONTEXT ( 'NONE', 'WORKASPACE' ) );
#3306 = CARTESIAN_POINT ( 'NONE',  ( 1.100000000000000089, 0.5000000000000000000, 0.2900000000000000355 ) ) ;
#3307 = AXIS2_PLACEMENT_3D ( 'NONE', #3480, #327, #2629 ) ;
#3308 = SURFACE_STYLE_USAGE ( .BOTH. , #769 ) ;
#3309 = EDGE_CURVE ( 'NONE', #2869, #3303, #572, .T. ) ;
#3310 = SURFACE_STYLE_FILL_AREA ( #118 ) ;
#3311 = CARTESIAN_POINT ( 'NONE',  ( 0.8756021661656103738, 0.5000000000000000000, 0.8400000000000000799 ) ) ;
#3312 = CARTESIAN_POINT ( 'NONE',  ( -1.100000000000000089, 0.9000000000000000222, -0.01000000000000000021 ) ) ;
#3313 = PRODUCT_CONTEXT ( 'NONE', #3335, 'mechanical' ) ;
#3314 =( NAMED_UNIT ( * ) SI_UNIT ( $, .STERADIAN. ) SOLID_ANGLE_UNIT ( ) );
#3315 = MECHANICAL_DESIGN_GEOMETRIC_PRESENTATION_REPRESENTATION (  '', ( #1500 ), #3493 ) ;
#3316 = ADVANCED_FACE ( 'NONE', ( #1280 ), #2948, .F. ) ;
#3317 = B_SPLINE_CURVE_WITH_KNOTS ( 'NONE', 3,
 ( #548, #283, #1967, #860, #2550, #2283 ),
 .UNSPECIFIED., .F., .F.,
 ( 4, 2, 4 ),
 ( 0.4999999999999999445, 0.7500000000000000000, 1.000000000000000000 ),
 .UNSPECIFIED. ) ;
#3318 = CARTESIAN_POINT ( 'NONE',  ( 0.5650000000000001688, -0.9000000000000000222, -0.01000000000000000021 ) ) ;
#3319 = CIRCLE ( 'NONE', #2846, 0.2249991942116882082 ) ;
#3320 = PRESENTATION_LAYER_ASSIGNMENT (  '', '', ( #1886 ) ) ;
#3321 = SURFACE_SIDE_STYLE ('',( #2492 ) ) ;
#3322 = SURFACE_STYLE_FILL_AREA ( #3171 ) ;
#3323 = VECTOR ( 'NONE', #3447, 1000.000000000000000 ) ;
#3324 = AXIS2_PLACEMENT_3D ( 'NONE', #2131, #1014, #1859 ) ;
#3325 =( NAMED_UNIT ( * ) SI_UNIT ( $, .STERADIAN. ) SOLID_ANGLE_UNIT ( ) );
#3326 = AXIS2_PLACEMENT_3D ( 'NONE', #2500, #485, #3638 ) ;
#3327 = EDGE_LOOP ( 'NONE', ( #775, #2768, #664, #1844 ) ) ;
#3328 = ORIENTED_EDGE ( 'NONE', *, *, #3108, .T. ) ;
#3329 = LINE ( 'NONE', #3156, #1045 ) ;
#3330 = EDGE_LOOP ( 'NONE', ( #2549, #2444, #2198, #3436, #472, #1781, #1736, #383, #2229 ) ) ;
#3331 = CARTESIAN_POINT ( 'NONE',  ( -1.100000000000000089, 0.7249991942116882360, 0.2900000000000000355 ) ) ;
#3332 = ADVANCED_FACE ( 'NONE', ( #2872 ), #782, .F. ) ;
#3333 = UNCERTAINTY_MEASURE_WITH_UNIT (LENGTH_MEASURE( 1.000000000000000082E-05 ), #1505, 'distance_accuracy_value', 'NONE');
#3334 = ORIENTED_EDGE ( 'NONE', *, *, #252, .T. ) ;
#3336 = SURFACE_STYLE_FILL_AREA ( #1868 ) ;
#3335 = APPLICATION_CONTEXT ( 'automotive_design' ) ;
#3337 = EDGE_CURVE ( 'NONE', #2621, #2367, #465, .T. ) ;
#3338 = SURFACE_STYLE_USAGE ( .BOTH. , #1018 ) ;
#3339 = PLANE ( 'NONE',  #2010 ) ;
#3340 = ORIENTED_EDGE ( 'NONE', *, *, #286, .T. ) ;
#3341 = CARTESIAN_POINT ( 'NONE',  ( -0.7249999999999999778, -0.7069995797831308826, 0.2900000000000000355 ) ) ;
#3342 = FILL_AREA_STYLE_COLOUR ( '', #1987 ) ;
#3343 = ORIENTED_EDGE ( 'NONE', *, *, #2338, .T. ) ;
#3344 = LINE ( 'NONE', #979, #2558 ) ;
#3345 = CARTESIAN_POINT ( 'NONE',  ( -0.8992496656338023753, 0.3825534223890101337, -3.388131789017200201E-18 ) ) ;
#3346 = ORIENTED_EDGE ( 'NONE', *, *, #1307, .T. ) ;
#3347 =( GEOMETRIC_REPRESENTATION_CONTEXT ( 3 ) GLOBAL_UNCERTAINTY_ASSIGNED_CONTEXT ( ( #1531 ) ) GLOBAL_UNIT_ASSIGNED_CONTEXT ( ( #1085, #3405, #2762 ) ) REPRESENTATION_CONTEXT ( 'NONE', 'WORKASPACE' ) );
#3348 = AXIS2_PLACEMENT_3D ( 'NONE', #2219, #2200, #2573 ) ;
#3349 = CARTESIAN_POINT ( 'NONE',  ( -1.041095348700078027, -0.2750008057883118195, -3.388131789017201356E-18 ) ) ;
#3350 = ORIENTED_EDGE ( 'NONE', *, *, #2227, .T. ) ;
#3351 = VECTOR ( 'NONE', #938, 1000.000000000000000 ) ;
#3352 = DIRECTION ( 'NONE',  ( -0.000000000000000000, -0.000000000000000000, 1.000000000000000000 ) ) ;
#3353 = CIRCLE ( 'NONE', #1718, 0.09971156457631760728 ) ;
#3354 = CARTESIAN_POINT ( 'NONE',  ( 1.100000000000000089, -0.5000000000000000000, 0.2900000000000000355 ) ) ;
#3355 = DIRECTION ( 'NONE',  ( -1.000000000000000000, 0.000000000000000000, 0.000000000000000000 ) ) ;
#3356 = DIRECTION ( 'NONE',  ( -0.000000000000000000, -0.000000000000000000, -1.000000000000000000 ) ) ;
#3357 = EDGE_CURVE ( 'NONE', #850, #1592, #2199, .T. ) ;
#3358 = SURFACE_STYLE_FILL_AREA ( #1698 ) ;
#3359 = DIRECTION ( 'NONE',  ( -0.000000000000000000, 0.000000000000000000, -1.000000000000000000 ) ) ;
#3360 = DIRECTION ( 'NONE',  ( 1.000000000000000000, 0.000000000000000000, 0.000000000000000000 ) ) ;
#3361 = APPLICATION_PROTOCOL_DEFINITION ( 'draft international standard', 'automotive_design', 1998, #3335 ) ;
#3362 = VECTOR ( 'NONE', #3496, 1000.000000000000000 ) ;
#3363 = PLANE ( 'NONE',  #494 ) ;
#3364 = FILL_AREA_STYLE ('',( #3087 ) ) ;
#3365 = AXIS2_PLACEMENT_3D ( 'NONE', #3039, #2129, #2165 ) ;
#3366 = CARTESIAN_POINT ( 'NONE',  ( -1.100000000000000089, -0.2750008057883118195, 0.2800000000000000822 ) ) ;
#3367 = VECTOR ( 'NONE', #483, 1000.000000000000000 ) ;
#3368 = COLOUR_RGB ( '',1.000000000000000000, 1.000000000000000000, 0.000000000000000000 ) ;
#3369 = VECTOR ( 'NONE', #2511, 1000.000000000000000 ) ;
#3370 = ORIENTED_EDGE ( 'NONE', *, *, #633, .F. ) ;
#3371 = DIRECTION ( 'NONE',  ( -0.000000000000000000, -0.000000000000000000, -1.000000000000000000 ) ) ;
#3372 = AXIS2_PLACEMENT_3D ( 'NONE', #892, #284, #2284 ) ;
#3373 = SURFACE_SIDE_STYLE ('',( #3117 ) ) ;
#3374 = VERTEX_POINT ( 'NONE', #3604 ) ;
#3375 =( NAMED_UNIT ( * ) SI_UNIT ( $, .STERADIAN. ) SOLID_ANGLE_UNIT ( ) );
#3376 = PRESENTATION_LAYER_ASSIGNMENT (  '', '', ( #3557 ) ) ;
#3377 = ORIENTED_EDGE ( 'NONE', *, *, #3133, .T. ) ;
#3378 = MECHANICAL_DESIGN_GEOMETRIC_PRESENTATION_REPRESENTATION (  '', ( #2564 ), #2202 ) ;
#3379 = FILL_AREA_STYLE_COLOUR ( '', #2823 ) ;
#3380 = ORIENTED_EDGE ( 'NONE', *, *, #541, .F. ) ;
#3381 = VECTOR ( 'NONE', #1953, 1000.000000000000000 ) ;
#3382 = UNCERTAINTY_MEASURE_WITH_UNIT (LENGTH_MEASURE( 1.000000000000000082E-05 ), #1468, 'distance_accuracy_value', 'NONE');
#3383 = EDGE_LOOP ( 'NONE', ( #1542, #130, #666, #958, #3200, #1943, #3297, #1754, #1532 ) ) ;
#3384 =( NAMED_UNIT ( * ) PLANE_ANGLE_UNIT ( ) SI_UNIT ( $, .RADIAN. ) );
#3385 =( NAMED_UNIT ( * ) SI_UNIT ( $, .STERADIAN. ) SOLID_ANGLE_UNIT ( ) );
#3386 = EDGE_CURVE ( 'NONE', #2944, #2157, #430, .T. ) ;
#3387 = ORIENTED_EDGE ( 'NONE', *, *, #1713, .F. ) ;
#3388 = FACE_OUTER_BOUND ( 'NONE', #1587, .T. ) ;
#3389 =( NAMED_UNIT ( * ) PLANE_ANGLE_UNIT ( ) SI_UNIT ( $, .RADIAN. ) );
#3390 = EDGE_CURVE ( 'NONE', #1254, #139, #337, .T. ) ;
#3391 = CARTESIAN_POINT ( 'NONE',  ( -2.379665023495906096E-18, 1.000000000000000000, -0.01000000000000000021 ) ) ;
#3392 = ORIENTED_EDGE ( 'NONE', *, *, #3631, .T. ) ;
#3393 = LINE ( 'NONE', #3605, #570 ) ;
#3394 = COLOUR_RGB ( '',1.000000000000000000, 1.000000000000000000, 1.000000000000000000 ) ;
#3395 = EDGE_CURVE ( 'NONE', #800, #3289, #3293, .T. ) ;
#3396 = ORIENTED_EDGE ( 'NONE', *, *, #3590, .F. ) ;
#3397 = DIRECTION ( 'NONE',  ( -0.000000000000000000, -0.000000000000000000, -1.000000000000000000 ) ) ;
#3398 = DIRECTION ( 'NONE',  ( -1.000000000000000000, 0.000000000000000000, 0.000000000000000000 ) ) ;
#3399 = AXIS2_PLACEMENT_3D ( 'NONE', #2688, #2384, #3571 ) ;
#3400 = EDGE_CURVE ( 'NONE', #1218, #2047, #2485, .T. ) ;
#3401 =( LENGTH_UNIT ( ) NAMED_UNIT ( * ) SI_UNIT ( .MILLI., .METRE. ) );
#3402 = DIRECTION ( 'NONE',  ( 1.000000000000000000, 0.000000000000000000, 0.000000000000000000 ) ) ;
#3403 = CARTESIAN_POINT ( 'NONE',  ( 0.7249999999999999778, 0.8124995971058440736, 0.2900000000000000355 ) ) ;
#3404 = EDGE_CURVE ( 'NONE', #1062, #1238, #1670, .T. ) ;
#3405 =( NAMED_UNIT ( * ) PLANE_ANGLE_UNIT ( ) SI_UNIT ( $, .RADIAN. ) );
#3406 =( LENGTH_UNIT ( ) NAMED_UNIT ( * ) SI_UNIT ( .MILLI., .METRE. ) );
#3407 = LINE ( 'NONE', #3121, #1686 ) ;
#3408 = SURFACE_STYLE_USAGE ( .BOTH. , #508 ) ;
#3409 = FACE_OUTER_BOUND ( 'NONE', #2316, .T. ) ;
#3410 = AXIS2_PLACEMENT_3D ( 'NONE', #1061, #2179, #489 ) ;
#3411 = ORIENTED_EDGE ( 'NONE', *, *, #366, .T. ) ;
#3412 = DIRECTION ( 'NONE',  ( -0.000000000000000000, 1.000000000000000000, -0.000000000000000000 ) ) ;
#3413 = ORIENTED_EDGE ( 'NONE', *, *, #2130, .F. ) ;
#3414 = CARTESIAN_POINT ( 'NONE',  ( -1.100000000000000089, 0.5000000000000000000, -0.01000000000000000021 ) ) ;
#3415 = ORIENTED_EDGE ( 'NONE', *, *, #3395, .T. ) ;
#3416 = COLOUR_RGB ( '',0.7529411764705882248, 0.7529411764705882248, 0.000000000000000000 ) ;
#3417 = MECHANICAL_DESIGN_GEOMETRIC_PRESENTATION_REPRESENTATION (  '', ( #1352 ), #846 ) ;
#3418 =( NAMED_UNIT ( * ) SI_UNIT ( $, .STERADIAN. ) SOLID_ANGLE_UNIT ( ) );
#3419 = VERTEX_POINT ( 'NONE', #1375 ) ;
#3420 =( LENGTH_UNIT ( ) NAMED_UNIT ( * ) SI_UNIT ( .MILLI., .METRE. ) );
#3421 = CARTESIAN_POINT ( 'NONE',  ( -1.101426580096618535, 0.4334636476242308412, 0.2800000000000000266 ) ) ;
#3422 =( NAMED_UNIT ( * ) PLANE_ANGLE_UNIT ( ) SI_UNIT ( $, .RADIAN. ) );
#3423 = ORIENTED_EDGE ( 'NONE', *, *, #1760, .F. ) ;
#3424 = PRESENTATION_LAYER_ASSIGNMENT (  '', '', ( #2702 ) ) ;
#3425 = EDGE_CURVE ( 'NONE', #1096, #2631, #1890, .T. ) ;
#3426 = DIRECTION ( 'NONE',  ( 1.000000000000000000, 0.000000000000000000, 0.000000000000000000 ) ) ;
#3427 = UNCERTAINTY_MEASURE_WITH_UNIT (LENGTH_MEASURE( 1.000000000000000082E-05 ), #1160, 'distance_accuracy_value', 'NONE');
#3428 = ORIENTED_EDGE ( 'NONE', *, *, #2505, .F. ) ;
#3429 = SURFACE_STYLE_FILL_AREA ( #986 ) ;
#3430 = EDGE_LOOP ( 'NONE', ( #1363, #1012, #1873, #2920, #1589, #2851, #2778, #3244, #2548, #3190, #1632, #2055 ) ) ;
#3431 = LINE ( 'NONE', #1514, #1230 ) ;
#3432 = AXIS2_PLACEMENT_3D ( 'NONE', #3562, #941, #978 ) ;
#3433 = ORIENTED_EDGE ( 'NONE', *, *, #1358, .T. ) ;
#3434 = VECTOR ( 'NONE', #2963, 1000.000000000000000 ) ;
#3435 = CARTESIAN_POINT ( 'NONE',  ( 0.8036515856964634441, 0.2750008057883118195, 0.2900000000000000355 ) ) ;
#3436 = ORIENTED_EDGE ( 'NONE', *, *, #492, .T. ) ;
#3437 = FILL_AREA_STYLE ('',( #1724 ) ) ;
#3438 = EDGE_CURVE ( 'NONE', #800, #629, #1941, .T. ) ;
#3439 = MECHANICAL_DESIGN_GEOMETRIC_PRESENTATION_REPRESENTATION (  '', ( #2646 ), #3632 ) ;
#3440 = LINE ( 'NONE', #425, #2569 ) ;
#3441 = CARTESIAN_POINT ( 'NONE',  ( -1.100000000000000089, 0.2750008057883118195, 0.8400000000000000799 ) ) ;
#3442 = SURFACE_SIDE_STYLE ('',( #395 ) ) ;
#3443 = AXIS2_PLACEMENT_3D ( 'NONE', #3712, #579, #3402 ) ;
#3444 = MECHANICAL_DESIGN_GEOMETRIC_PRESENTATION_REPRESENTATION (  '', ( #1257 ), #2424 ) ;
#3445 = VECTOR ( 'NONE', #273, 1000.000000000000000 ) ;
#3446 =( LENGTH_UNIT ( ) NAMED_UNIT ( * ) SI_UNIT ( .MILLI., .METRE. ) );
#3447 = DIRECTION ( 'NONE',  ( -0.000000000000000000, 1.000000000000000000, -0.000000000000000000 ) ) ;
#3448 = COLOUR_RGB ( '',0.7529411764705882248, 0.7529411764705882248, 0.000000000000000000 ) ;
#3449 = CARTESIAN_POINT ( 'NONE',  ( -1.100000000000000089, 0.5000000000000000000, -0.01000000000000000021 ) ) ;
#3450 = COLOUR_RGB ( '',0.7529411764705882248, 0.7529411764705882248, 0.000000000000000000 ) ;
#3451 = ORIENTED_EDGE ( 'NONE', *, *, #3065, .T. ) ;
#3452 = STYLED_ITEM ( 'NONE', ( #1345 ), #45 ) ;
#3453 = CARTESIAN_POINT ( 'NONE',  ( -1.100000000000000089, -1.000000000000000000, 0.2800000000000000266 ) ) ;
#3454 = CARTESIAN_POINT ( 'NONE',  ( 0.5650000000000001688, 0.9000000000000000222, 0.000000000000000000 ) ) ;
#3455 = SURFACE_STYLE_USAGE ( .BOTH. , #3134 ) ;
#3456 = LINE ( 'NONE', #904, #3492 ) ;
#3457 = ORIENTED_EDGE ( 'NONE', *, *, #1426, .F. ) ;
#3458 = DIRECTION ( 'NONE',  ( -1.000000000000000000, 0.000000000000000000, 0.000000000000000000 ) ) ;
#3459 = EDGE_CURVE ( 'NONE', #1470, #3542, #3344, .T. ) ;
#3460 = CARTESIAN_POINT ( 'NONE',  ( 1.100000000000000089, 0.7249991942116882360, 0.2900000000000000355 ) ) ;
#3461 = ORIENTED_EDGE ( 'NONE', *, *, #3065, .F. ) ;
#3462 = PRESENTATION_STYLE_ASSIGNMENT (( #301 ) ) ;
#3463 = AXIS2_PLACEMENT_3D ( 'NONE', #730, #2658, #390 ) ;
#3464 = VECTOR ( 'NONE', #3093, 1000.000000000000000 ) ;
#3465 = DIRECTION ( 'NONE',  ( -0.000000000000000000, -0.000000000000000000, 1.000000000000000000 ) ) ;
#3466 =( LENGTH_UNIT ( ) NAMED_UNIT ( * ) SI_UNIT ( .MILLI., .METRE. ) );
#3467 = CARTESIAN_POINT ( 'NONE',  ( 0.000000000000000000, 0.000000000000000000, 0.2800000000000000266 ) ) ;
#3468 = CARTESIAN_POINT ( 'NONE',  ( 1.100000000000000089, -0.5000000000000000000, 0.2900000000000000355 ) ) ;
#3469 = EDGE_LOOP ( 'NONE', ( #1672, #3660, #2693, #3556, #279 ) ) ;
#3470 = VECTOR ( 'NONE', #3031, 1000.000000000000000 ) ;
#3471 = VERTEX_POINT ( 'NONE', #2168 ) ;
#3472 =( NAMED_UNIT ( * ) PLANE_ANGLE_UNIT ( ) SI_UNIT ( $, .RADIAN. ) );
#3473 =( NAMED_UNIT ( * ) PLANE_ANGLE_UNIT ( ) SI_UNIT ( $, .RADIAN. ) );
#3474 = ORIENTED_EDGE ( 'NONE', *, *, #2880, .F. ) ;
#3475 = LINE ( 'NONE', #2871, #1545 ) ;
#3476 = MECHANICAL_DESIGN_GEOMETRIC_PRESENTATION_REPRESENTATION (  '', ( #3287 ), #1935 ) ;
#3477 = CARTESIAN_POINT ( 'NONE',  ( -1.100000000000000089, 1.000000000000000000, 0.2800000000000000266 ) ) ;
#3478 =( LENGTH_UNIT ( ) NAMED_UNIT ( * ) SI_UNIT ( .MILLI., .METRE. ) );
#3479 = DIRECTION ( 'NONE',  ( -0.000000000000000000, -0.000000000000000000, -1.000000000000000000 ) ) ;
#3480 = CARTESIAN_POINT ( 'NONE',  ( 1.100000000000000089, -0.9000000000000000222, -0.01000000000000000021 ) ) ;
#3481 = MECHANICAL_DESIGN_GEOMETRIC_PRESENTATION_REPRESENTATION (  '', ( #1886 ), #868 ) ;
#3482 = DIRECTION ( 'NONE',  ( -0.000000000000000000, -0.000000000000000000, -1.000000000000000000 ) ) ;
#3483 =( NAMED_UNIT ( * ) PLANE_ANGLE_UNIT ( ) SI_UNIT ( $, .RADIAN. ) );
#3484 = MECHANICAL_DESIGN_GEOMETRIC_PRESENTATION_REPRESENTATION (  '', ( #2475 ), #109 ) ;
#3485 = UNCERTAINTY_MEASURE_WITH_UNIT (LENGTH_MEASURE( 1.000000000000000082E-05 ), #2476, 'distance_accuracy_value', 'NONE');
#3486 =( GEOMETRIC_REPRESENTATION_CONTEXT ( 3 ) GLOBAL_UNCERTAINTY_ASSIGNED_CONTEXT ( ( #2373 ) ) GLOBAL_UNIT_ASSIGNED_CONTEXT ( ( #2041, #1490, #361 ) ) REPRESENTATION_CONTEXT ( 'NONE', 'WORKASPACE' ) );
#3487 = LINE ( 'NONE', #1243, #2708 ) ;
#3488 = FILL_AREA_STYLE ('',( #1504 ) ) ;
#3489 =( LENGTH_UNIT ( ) NAMED_UNIT ( * ) SI_UNIT ( .MILLI., .METRE. ) );
#3490 = SURFACE_STYLE_USAGE ( .BOTH. , #1224 ) ;
#3491 =( NAMED_UNIT ( * ) PLANE_ANGLE_UNIT ( ) SI_UNIT ( $, .RADIAN. ) );
#3492 = VECTOR ( 'NONE', #3479, 1000.000000000000000 ) ;
#3493 =( GEOMETRIC_REPRESENTATION_CONTEXT ( 3 ) GLOBAL_UNCERTAINTY_ASSIGNED_CONTEXT ( ( #3382 ) ) GLOBAL_UNIT_ASSIGNED_CONTEXT ( ( #1468, #1753, #697 ) ) REPRESENTATION_CONTEXT ( 'NONE', 'WORKASPACE' ) );
#3494 = ORIENTED_EDGE ( 'NONE', *, *, #238, .T. ) ;
#3495 = DIRECTION ( 'NONE',  ( 0.000000000000000000, 0.000000000000000000, 1.000000000000000000 ) ) ;
#3496 = DIRECTION ( 'NONE',  ( -0.000000000000000000, -0.000000000000000000, 1.000000000000000000 ) ) ;
#3497 = DIRECTION ( 'NONE',  ( 1.000000000000000000, -0.000000000000000000, -0.000000000000000000 ) ) ;
#3498 = ORIENTED_EDGE ( 'NONE', *, *, #492, .F. ) ;
#3499 = CARTESIAN_POINT ( 'NONE',  ( -1.100000000000000089, -0.7249991942116882360, 0.2900000000000000355 ) ) ;
#3500 = FILL_AREA_STYLE_COLOUR ( '', #230 ) ;
#3501 = VECTOR ( 'NONE', #1836, 1000.000000000000000 ) ;
#3502 = DIRECTION ( 'NONE',  ( 0.000000000000000000, 0.000000000000000000, 1.000000000000000000 ) ) ;
#3503 = EDGE_CURVE ( 'NONE', #195, #1218, #1538, .T. ) ;
#3504 =( GEOMETRIC_REPRESENTATION_CONTEXT ( 3 ) GLOBAL_UNCERTAINTY_ASSIGNED_CONTEXT ( ( #2074 ) ) GLOBAL_UNIT_ASSIGNED_CONTEXT ( ( #1298, #1605, #3314 ) ) REPRESENTATION_CONTEXT ( 'NONE', 'WORKASPACE' ) );
#3505 = DIRECTION ( 'NONE',  ( -1.000000000000000000, 1.013273058397667688E-16, -0.000000000000000000 ) ) ;
#3506 = ORIENTED_EDGE ( 'NONE', *, *, #3459, .F. ) ;
#3507 = AXIS2_PLACEMENT_3D ( 'NONE', #1717, #3495, #356 ) ;
#3508 = DIRECTION ( 'NONE',  ( -0.000000000000000000, -0.000000000000000000, -1.000000000000000000 ) ) ;
#3509 = ORIENTED_EDGE ( 'NONE', *, *, #2792, .F. ) ;
#3510 =( GEOMETRIC_REPRESENTATION_CONTEXT ( 3 ) GLOBAL_UNCERTAINTY_ASSIGNED_CONTEXT ( ( #122 ) ) GLOBAL_UNIT_ASSIGNED_CONTEXT ( ( #698, #3196, #3234 ) ) REPRESENTATION_CONTEXT ( 'NONE', 'WORKASPACE' ) );
#3511 = VECTOR ( 'NONE', #662, 1000.000000000000000 ) ;
#3512 =( NAMED_UNIT ( * ) PLANE_ANGLE_UNIT ( ) SI_UNIT ( $, .RADIAN. ) );
#3513 = ORIENTED_EDGE ( 'NONE', *, *, #2395, .T. ) ;
#3514 = SURFACE_STYLE_USAGE ( .BOTH. , #3539 ) ;
#3515 = ADVANCED_FACE ( 'NONE', ( #2290 ), #2420, .F. ) ;
#3516 =( NAMED_UNIT ( * ) PLANE_ANGLE_UNIT ( ) SI_UNIT ( $, .RADIAN. ) );
#3517 = COLOUR_RGB ( '',0.7529411764705882248, 0.7529411764705882248, 0.000000000000000000 ) ;
#3518 = VERTEX_POINT ( 'NONE', #934 ) ;
#3519 = ORIENTED_EDGE ( 'NONE', *, *, #1307, .F. ) ;
#3520 = SURFACE_STYLE_FILL_AREA ( #2054 ) ;
#3521 = CIRCLE ( 'NONE', #3684, 0.2249991942116882082 ) ;
#3522 = CARTESIAN_POINT ( 'NONE',  ( -1.041095348700078027, 0.2750008057883118751, 0.2800000000000000822 ) ) ;
#3523 = DIRECTION ( 'NONE',  ( 0.000000000000000000, -0.000000000000000000, -1.000000000000000000 ) ) ;
#3524 = CARTESIAN_POINT ( 'NONE',  ( -0.7249999999999999778, 1.000000000000000000, 0.2800000000000000266 ) ) ;
#3525 = VECTOR ( 'NONE', #3356, 1000.000000000000000 ) ;
#3526 = DIRECTION ( 'NONE',  ( 0.000000000000000000, -0.000000000000000000, -1.000000000000000000 ) ) ;
#3527 = CARTESIAN_POINT ( 'NONE',  ( 1.100000000000000089, 0.2750008057883118195, -0.01000000000000000021 ) ) ;
#3528 = PRESENTATION_STYLE_ASSIGNMENT (( #686 ) ) ;
#3529 = SURFACE_SIDE_STYLE ('',( #190 ) ) ;
#3530 =( GEOMETRIC_REPRESENTATION_CONTEXT ( 3 ) GLOBAL_UNCERTAINTY_ASSIGNED_CONTEXT ( ( #3026 ) ) GLOBAL_UNIT_ASSIGNED_CONTEXT ( ( #2527, #3384, #1107 ) ) REPRESENTATION_CONTEXT ( 'NONE', 'WORKASPACE' ) );
#3531 = AXIS2_PLACEMENT_3D ( 'NONE', #1643, #3085, #2791 ) ;
#3532 = CARTESIAN_POINT ( 'NONE',  ( -0.9825534223890100005, 0.7007503343661976025, 0.2799999999999999711 ) ) ;
#3533 = UNCERTAINTY_MEASURE_WITH_UNIT (LENGTH_MEASURE( 1.000000000000000082E-05 ), #2433, 'distance_accuracy_value', 'NONE');
#3534 = SURFACE_STYLE_USAGE ( .BOTH. , #1819 ) ;
#3535 = CARTESIAN_POINT ( 'NONE',  ( 0.8036515856964634441, 0.2750008057883118195, 0.2800000000000000266 ) ) ;
#3536 = VECTOR ( 'NONE', #3256, 1000.000000000000000 ) ;
#3537 = STYLED_ITEM ( 'NONE', ( #2677 ), #512 ) ;
#3538 = FILL_AREA_STYLE_COLOUR ( '', #341 ) ;
#3539 = SURFACE_SIDE_STYLE ('',( #2600 ) ) ;
#3540 =( LENGTH_UNIT ( ) NAMED_UNIT ( * ) SI_UNIT ( .MILLI., .METRE. ) );
#3541 = CARTESIAN_POINT ( 'NONE',  ( 0.7249999999999999778, 1.000000000000000000, 0.2800000000000000266 ) ) ;
#3542 = VERTEX_POINT ( 'NONE', #313 ) ;
#3543 = EDGE_CURVE ( 'NONE', #565, #2631, #2089, .T. ) ;
#3544 = DIRECTION ( 'NONE',  ( 0.000000000000000000, 0.000000000000000000, 1.000000000000000000 ) ) ;
#3545 = SURFACE_STYLE_FILL_AREA ( #233 ) ;
#3546 = STYLED_ITEM ( 'NONE', ( #1673 ), #482 ) ;
#3547 = ORIENTED_EDGE ( 'NONE', *, *, #2917, .F. ) ;
#3548 = CYLINDRICAL_SURFACE ( 'NONE', #1816, 0.3590454290815717209 ) ;
#3549 = ORIENTED_EDGE ( 'NONE', *, *, #2608, .T. ) ;
#3550 = FILL_AREA_STYLE ('',( #2120 ) ) ;
#3551 = ADVANCED_FACE ( 'NONE', ( #953 ), #1874, .F. ) ;
#3552 = ORIENTED_EDGE ( 'NONE', *, *, #509, .T. ) ;
#3553 =( LENGTH_UNIT ( ) NAMED_UNIT ( * ) SI_UNIT ( .MILLI., .METRE. ) );
#3554 = AXIS2_PLACEMENT_3D ( 'NONE', #2877, #2271, #881 ) ;
#3555 = UNCERTAINTY_MEASURE_WITH_UNIT (LENGTH_MEASURE( 1.000000000000000082E-05 ), #1172, 'distance_accuracy_value', 'NONE');
#3556 = ORIENTED_EDGE ( 'NONE', *, *, #3337, .F. ) ;
#3557 = STYLED_ITEM ( 'NONE', ( #3690 ), #1475 ) ;
#3558 = CARTESIAN_POINT ( 'NONE',  ( 0.8753014859769602252, -0.5000000000000001110, 0.2800000000000000822 ) ) ;
#3559 = AXIS2_PLACEMENT_3D ( 'NONE', #3264, #720, #1274 ) ;
#3560 = EDGE_CURVE ( 'NONE', #1661, #998, #2225, .T. ) ;
#3561 = ORIENTED_EDGE ( 'NONE', *, *, #2181, .T. ) ;
#3562 = CARTESIAN_POINT ( 'NONE',  ( -1.306288071222107217, -0.1769112150129915351, 0.2900000000000000355 ) ) ;
#3563 = ORIENTED_EDGE ( 'NONE', *, *, #3042, .F. ) ;
#3564 = LINE ( 'NONE', #2946, #3351 ) ;
#3565 = VERTEX_POINT ( 'NONE', #1771 ) ;
#3566 = PLANE ( 'NONE',  #3326 ) ;
#3567 = EDGE_CURVE ( 'NONE', #3036, #1702, #910, .T. ) ;
#3568 = CARTESIAN_POINT ( 'NONE',  ( 1.100000000000000089, 0.09500080578831181233, -0.01000000000000000021 ) ) ;
#3569 = COLOUR_RGB ( '',1.000000000000000000, 1.000000000000000000, 0.000000000000000000 ) ;
#3570 = ADVANCED_FACE ( 'NONE', ( #3047 ), #2299, .F. ) ;
#3571 = DIRECTION ( 'NONE',  ( 1.000000000000000000, 0.000000000000000000, 0.000000000000000000 ) ) ;
#3572 = SURFACE_STYLE_USAGE ( .BOTH. , #2451 ) ;
#3573 = SURFACE_STYLE_FILL_AREA ( #3239 ) ;
#3574 = CARTESIAN_POINT ( 'NONE',  ( 0.9825534223890097785, -0.2992496656338025640, 0.2800000000000000266 ) ) ;
#3575 = DIRECTION ( 'NONE',  ( -0.000000000000000000, -0.000000000000000000, 1.000000000000000000 ) ) ;
#3576 = DIRECTION ( 'NONE',  ( 0.000000000000000000, 0.000000000000000000, 1.000000000000000000 ) ) ;
#3577 = MECHANICAL_DESIGN_GEOMETRIC_PRESENTATION_REPRESENTATION (  '', ( #1653 ), #2921 ) ;
#3578 = SURFACE_STYLE_USAGE ( .BOTH. , #1775 ) ;
#3579 = MECHANICAL_DESIGN_GEOMETRIC_PRESENTATION_REPRESENTATION (  '', ( #2267 ), #2602 ) ;
#3580 = SURFACE_STYLE_FILL_AREA ( #2474 ) ;
#3581 = VECTOR ( 'NONE', #3238, 1000.000000000000000 ) ;
#3582 = COLOUR_RGB ( '',0.7529411764705882248, 0.7529411764705882248, 0.000000000000000000 ) ;
#3583 = SURFACE_STYLE_USAGE ( .BOTH. , #3615 ) ;
#3584 = CARTESIAN_POINT ( 'NONE',  ( 0.9856703915547742056, -0.09500080578831181233, 0.2900000000000000355 ) ) ;
#3585 = FILL_AREA_STYLE ('',( #77 ) ) ;
#3586 = CIRCLE ( 'NONE', #3554, 0.7519389332269776904 ) ;
#3587 = EDGE_LOOP ( 'NONE', ( #2966, #1522, #616, #321 ) ) ;
#3588 = DIRECTION ( 'NONE',  ( 1.000000000000000000, 0.000000000000000000, 0.000000000000000000 ) ) ;
#3589 = FILL_AREA_STYLE_COLOUR ( '', #804 ) ;
#3590 = EDGE_CURVE ( 'NONE', #3591, #1059, #3593, .T. ) ;
#3591 = VERTEX_POINT ( 'NONE', #56 ) ;
#3592 = ADVANCED_FACE ( 'NONE', ( #1782 ), #2046, .F. ) ;
#3593 = LINE ( 'NONE', #1478, #1214 ) ;
#3594 = EDGE_CURVE ( 'NONE', #1122, #198, #995, .T. ) ;
#3595 = CARTESIAN_POINT ( 'NONE',  ( -1.100000000000000089, -0.5000000000000000000, -0.01000000000000000021 ) ) ;
#3596 = COLOUR_RGB ( '',1.000000000000000000, 1.000000000000000000, 0.000000000000000000 ) ;
#3597 = SHAPE_DEFINITION_REPRESENTATION ( #1554, #512 ) ;
#3598 = FILL_AREA_STYLE ('',( #1355 ) ) ;
#3599 = EDGE_LOOP ( 'NONE', ( #2206, #865, #170, #11 ) ) ;
#3600 = ORIENTED_EDGE ( 'NONE', *, *, #1709, .F. ) ;
#3601 = LINE ( 'NONE', #1660, #3146 ) ;
#3602 = EDGE_CURVE ( 'NONE', #2045, #1689, #3091, .T. ) ;
#3603 = EDGE_LOOP ( 'NONE', ( #3132, #235, #1279, #287 ) ) ;
#3604 = CARTESIAN_POINT ( 'NONE',  ( 1.100000000000000089, -0.09500080578831181233, 0.2900000000000000355 ) ) ;
#3605 = CARTESIAN_POINT ( 'NONE',  ( -1.100000000000000089, 0.7249991942116882360, -0.01000000000000000021 ) ) ;
#3606 = DIRECTION ( 'NONE',  ( -0.000000000000000000, -0.000000000000000000, -1.000000000000000000 ) ) ;
#3607 = UNCERTAINTY_MEASURE_WITH_UNIT (LENGTH_MEASURE( 1.000000000000000082E-05 ), #1393, 'distance_accuracy_value', 'NONE');
#3608 = EDGE_LOOP ( 'NONE', ( #2416, #1120, #2959, #835 ) ) ;
#3609 = AXIS2_PLACEMENT_3D ( 'NONE', #3033, #2764, #1619 ) ;
#3610 = LINE ( 'NONE', #2432, #1489 ) ;
#3611 = FILL_AREA_STYLE_COLOUR ( '', #3082 ) ;
#3612 = CARTESIAN_POINT ( 'NONE',  ( -1.101426580096618535, 0.4334636476242308412, 0.2900000000000000355 ) ) ;
#3613 = EDGE_LOOP ( 'NONE', ( #608, #660, #1620, #3149, #3178 ) ) ;
#3614 = ADVANCED_FACE ( 'NONE', ( #2003 ), #2937, .F. ) ;
#3615 = SURFACE_SIDE_STYLE ('',( #3107 ) ) ;
#3616 =( GEOMETRIC_REPRESENTATION_CONTEXT ( 3 ) GLOBAL_UNCERTAINTY_ASSIGNED_CONTEXT ( ( #3681 ) ) GLOBAL_UNIT_ASSIGNED_CONTEXT ( ( #2901, #3491, #2587 ) ) REPRESENTATION_CONTEXT ( 'NONE', 'WORKASPACE' ) );
#3617 = CARTESIAN_POINT ( 'NONE',  ( -1.100000000000000533, -0.9000000000000000222, 0.2800000000000000266 ) ) ;
#3618 = FACE_OUTER_BOUND ( 'NONE', #1635, .T. ) ;
#3619 = EDGE_CURVE ( 'NONE', #62, #1442, #818, .T. ) ;
#3620 = FACE_OUTER_BOUND ( 'NONE', #105, .T. ) ;
#3621 =( NAMED_UNIT ( * ) PLANE_ANGLE_UNIT ( ) SI_UNIT ( $, .RADIAN. ) );
#3622 = DIRECTION ( 'NONE',  ( 1.000000000000000000, 0.000000000000000000, 0.000000000000000000 ) ) ;
#3623 = DIRECTION ( 'NONE',  ( -0.000000000000000000, -0.000000000000000000, 1.000000000000000000 ) ) ;
#3624 = LINE ( 'NONE', #780, #3257 ) ;
#3625 = PRESENTATION_LAYER_ASSIGNMENT (  '', '', ( #1291 ) ) ;
#3626 = PRESENTATION_STYLE_ASSIGNMENT (( #3308 ) ) ;
#3627 = DIRECTION ( 'NONE',  ( -0.000000000000000000, -0.000000000000000000, -1.000000000000000000 ) ) ;
#3628 = PRESENTATION_STYLE_ASSIGNMENT (( #3233 ) ) ;
#3629 =( LENGTH_UNIT ( ) NAMED_UNIT ( * ) SI_UNIT ( .MILLI., .METRE. ) );
#3630 = DIRECTION ( 'NONE',  ( -0.000000000000000000, -0.000000000000000000, 1.000000000000000000 ) ) ;
#3631 = EDGE_CURVE ( 'NONE', #1617, #2104, #2414, .T. ) ;
#3632 =( GEOMETRIC_REPRESENTATION_CONTEXT ( 3 ) GLOBAL_UNCERTAINTY_ASSIGNED_CONTEXT ( ( #1423 ) ) GLOBAL_UNIT_ASSIGNED_CONTEXT ( ( #3667, #2521, #1677 ) ) REPRESENTATION_CONTEXT ( 'NONE', 'WORKASPACE' ) );
#3633 = LINE ( 'NONE', #1519, #2501 ) ;
#3634 = VERTEX_POINT ( 'NONE', #1518 ) ;
#3635 = ADVANCED_FACE ( 'NONE', ( #646 ), #2394, .T. ) ;
#3636 = FACE_OUTER_BOUND ( 'NONE', #1141, .T. ) ;
#3637 = FILL_AREA_STYLE_COLOUR ( '', #3450 ) ;
#3638 = DIRECTION ( 'NONE',  ( 1.084202172485504557E-16, 1.000000000000000000, 0.000000000000000000 ) ) ;
#3639 = ORIENTED_EDGE ( 'NONE', *, *, #3183, .F. ) ;
#3640 = PRESENTATION_LAYER_ASSIGNMENT (  '', '', ( #34 ) ) ;
#3641 = MECHANICAL_DESIGN_GEOMETRIC_PRESENTATION_REPRESENTATION (  '', ( #1402 ), #448 ) ;
#3642 = COLOUR_RGB ( '',0.7529411764705882248, 0.7529411764705882248, 0.000000000000000000 ) ;
#3643 = VECTOR ( 'NONE', #1069, 1000.000000000000000 ) ;
#3644 = ORIENTED_EDGE ( 'NONE', *, *, #3503, .F. ) ;
#3645 = CARTESIAN_POINT ( 'NONE',  ( 1.060084969716723613, -0.5167420533976113672, 0.2900000000000000355 ) ) ;
#3646 = CARTESIAN_POINT ( 'NONE',  ( 1.100000000000000089, 0.9000000000000000222, 0.000000000000000000 ) ) ;
#3647 = VERTEX_POINT ( 'NONE', #2408 ) ;
#3648 = ORIENTED_EDGE ( 'NONE', *, *, #2276, .T. ) ;
#3649 = CARTESIAN_POINT ( 'NONE',  ( 0.7249999999999999778, 1.000000000000000000, 0.2800000000000000266 ) ) ;
#3650 = CARTESIAN_POINT ( 'NONE',  ( -1.100000000000000089, -1.000000000000000000, 0.000000000000000000 ) ) ;
#3651 = STYLED_ITEM ( 'NONE', ( #3628 ), #141 ) ;
#3652 = ORIENTED_EDGE ( 'NONE', *, *, #1713, .T. ) ;
#3653 = LINE ( 'NONE', #3122, #609 ) ;
#3654 = EDGE_CURVE ( 'NONE', #605, #1835, #1125, .T. ) ;
#3655 = PLANE ( 'NONE',  #1561 ) ;
#3656 =( LENGTH_UNIT ( ) NAMED_UNIT ( * ) SI_UNIT ( .MILLI., .METRE. ) );
#3657 =( LENGTH_UNIT ( ) NAMED_UNIT ( * ) SI_UNIT ( .MILLI., .METRE. ) );
#3658 = VERTEX_POINT ( 'NONE', #2099 ) ;
#3659 = LINE ( 'NONE', #1779, #1271 ) ;
#3660 = ORIENTED_EDGE ( 'NONE', *, *, #1926, .F. ) ;
#3661 = UNCERTAINTY_MEASURE_WITH_UNIT (LENGTH_MEASURE( 1.000000000000000082E-05 ), #1807, 'distance_accuracy_value', 'NONE');
#3662 = ORIENTED_EDGE ( 'NONE', *, *, #885, .T. ) ;
#3663 = CARTESIAN_POINT ( 'NONE',  ( -0.8099423791838803455, 0.2614285028058510596, 0.2900000000000000355 ) ) ;
#3664 = VECTOR ( 'NONE', #2361, 1000.000000000000000 ) ;
#3665 = MECHANICAL_DESIGN_GEOMETRIC_PRESENTATION_REPRESENTATION (  '', ( #2996 ), #3347 ) ;
#3666 = AXIS2_PLACEMENT_3D ( 'NONE', #1824, #132, #3360 ) ;
#3667 =( LENGTH_UNIT ( ) NAMED_UNIT ( * ) SI_UNIT ( .MILLI., .METRE. ) );
#3668 = ORIENTED_EDGE ( 'NONE', *, *, #2736, .T. ) ;
#3669 = CARTESIAN_POINT ( 'NONE',  ( -0.5650000000000000577, 0.09500080578831186784, -0.01000000000000000021 ) ) ;
#3670 = FACE_OUTER_BOUND ( 'NONE', #191, .T. ) ;
#3671 = CARTESIAN_POINT ( 'NONE',  ( -0.7249999999999999778, 1.000000000000000000, 0.8400000000000000799 ) ) ;
#3672 = SURFACE_STYLE_FILL_AREA ( #3550 ) ;
#3673 = EDGE_CURVE ( 'NONE', #1544, #3020, #2051, .T. ) ;
#3674 = FILL_AREA_STYLE_COLOUR ( '', #2430 ) ;
#3675 =( LENGTH_UNIT ( ) NAMED_UNIT ( * ) SI_UNIT ( .MILLI., .METRE. ) );
#3676 = CARTESIAN_POINT ( 'NONE',  ( 0.8036515856964634441, 0.2750008057883118195, 0.2900000000000000355 ) ) ;
#3677 = CARTESIAN_POINT ( 'NONE',  ( 1.100000000000000089, -0.5000000000000000000, -0.01000000000000000021 ) ) ;
#3678 = AXIS2_PLACEMENT_3D ( 'NONE', #2377, #3250, #2096 ) ;
#3679 = PRESENTATION_STYLE_ASSIGNMENT (( #2740 ) ) ;
#3680 = SURFACE_STYLE_USAGE ( .BOTH. , #1083 ) ;
#3681 = UNCERTAINTY_MEASURE_WITH_UNIT (LENGTH_MEASURE( 1.000000000000000082E-05 ), #2901, 'distance_accuracy_value', 'NONE');
#3682 = LINE ( 'NONE', #1210, #3581 ) ;
#3683 = VECTOR ( 'NONE', #2303, 1000.000000000000000 ) ;
#3684 = AXIS2_PLACEMENT_3D ( 'NONE', #1313, #3623, #1917 ) ;
#3685 = PLANE ( 'NONE',  #2941 ) ;
#3686 = DIRECTION ( 'NONE',  ( 0.000000000000000000, -0.000000000000000000, 1.000000000000000000 ) ) ;
#3687 = FILL_AREA_STYLE ('',( #497 ) ) ;
#3688 = STYLED_ITEM ( 'NONE', ( #3462 ), #1339 ) ;
#3689 = ORIENTED_EDGE ( 'NONE', *, *, #2711, .T. ) ;
#3690 = PRESENTATION_STYLE_ASSIGNMENT (( #3578 ) ) ;
#3691 = PLANE ( 'NONE',  #1255 ) ;
#3692 = ORIENTED_EDGE ( 'NONE', *, *, #41, .F. ) ;
#3693 =( GEOMETRIC_REPRESENTATION_CONTEXT ( 3 ) GLOBAL_UNCERTAINTY_ASSIGNED_CONTEXT ( ( #2322 ) ) GLOBAL_UNIT_ASSIGNED_CONTEXT ( ( #2991, #724, #415 ) ) REPRESENTATION_CONTEXT ( 'NONE', 'WORKASPACE' ) );
#3694 = CARTESIAN_POINT ( 'NONE',  ( 1.100000000000000089, -0.5000000000000000000, -0.01000000000000000021 ) ) ;
#3695 = LINE ( 'NONE', #2502, #3464 ) ;
#3696 = ORIENTED_EDGE ( 'NONE', *, *, #2899, .F. ) ;
#3697 =( LENGTH_UNIT ( ) NAMED_UNIT ( * ) SI_UNIT ( .MILLI., .METRE. ) );
#3698 = EDGE_CURVE ( 'NONE', #480, #3281, #557, .T. ) ;
#3699 = ORIENTED_EDGE ( 'NONE', *, *, #1134, .F. ) ;
#3700 = FILL_AREA_STYLE_COLOUR ( '', #3170 ) ;
#3701 = VERTEX_POINT ( 'NONE', #2121 ) ;
#3702 = SURFACE_STYLE_FILL_AREA ( #1588 ) ;
#3703 = DIRECTION ( 'NONE',  ( 0.000000000000000000, -0.000000000000000000, -1.000000000000000000 ) ) ;
#3704 = UNCERTAINTY_MEASURE_WITH_UNIT (LENGTH_MEASURE( 1.000000000000000082E-05 ), #90, 'distance_accuracy_value', 'NONE');
#3705 = COLOUR_RGB ( '',1.000000000000000000, 1.000000000000000000, 1.000000000000000000 ) ;
#3706 = ORIENTED_EDGE ( 'NONE', *, *, #2159, .T. ) ;
#3707 = AXIS2_PLACEMENT_3D ( 'NONE', #3595, #1864, #2449 ) ;
#3708 =( GEOMETRIC_REPRESENTATION_CONTEXT ( 3 ) GLOBAL_UNCERTAINTY_ASSIGNED_CONTEXT ( ( #1869 ) ) GLOBAL_UNIT_ASSIGNED_CONTEXT ( ( #999, #2103, #2701 ) ) REPRESENTATION_CONTEXT ( 'NONE', 'WORKASPACE' ) );
#3709 = VECTOR ( 'NONE', #3606, 1000.000000000000000 ) ;
#3710 = PRESENTATION_LAYER_ASSIGNMENT (  '', '', ( #766 ) ) ;
#3711 = LINE ( 'NONE', #2758, #582 ) ;
#3712 = CARTESIAN_POINT ( 'NONE',  ( 0.000000000000000000, 0.000000000000000000, 0.2800000000000000266 ) ) ;
#3713 = CIRCLE ( 'NONE', #1862, 0.2249991942116882082 ) ;
#3714 = LINE ( 'NONE', #2530, #2259 ) ;
#3715 = DIRECTION ( 'NONE',  ( -0.000000000000000000, -0.000000000000000000, -1.000000000000000000 ) ) ;
#3716 = LINE ( 'NONE', #3165, #1295 ) ;
ENDSEC;
END-ISO-10303-21;
