ISO-10303-21;
HEADER;
FILE_DESCRIPTION(('STEP AP214'),
    '1');
FILE_NAME('BOT',
    '',
    ('UNSPECIFIED'),
    ('UNSPECIFIED'),
    'C3D Converter',
    'C3D Toolkit',
    '');
FILE_SCHEMA(('AUTOMOTIVE_DESIGN { 1 0 10303 214 3 1 1}'));
ENDSEC;

DATA;
#1=PRODUCT_DEFINITION('','UNSPECIFIED',#28,#31);
#2=SHAPE_DEFINITION_REPRESENTATION(#26,#3);
#3=SHAPE_REPRESENTATION('NONE',(#4),#8);
#4=AXIS2_PLACEMENT_3D('',#5,#6,#7);
#5=CARTESIAN_POINT('',(0.,0.,0.));
#6=DIRECTION('',(0.,0.,1.));
#7=DIRECTION('',(1.,0.,0.));
#8=(GEOMETRIC_REPRESENTATION_CONTEXT(3)GLOBAL_UNCERTAINTY_ASSIGNED_CONTEXT((#10))
GLOBAL_UNIT_ASSIGNED_CONTEXT((#9,#11,#12))REPRESENTATION_CONTEXT('NONE','NONE'));
#9=(LENGTH_UNIT()NAMED_UNIT(*)SI_UNIT(.MILLI.,.METRE.));
#10=UNCERTAINTY_MEASURE_WITH_UNIT(LENGTH_MEASURE(1.E-5),#9,'NONE','NONE');
#11=(NAMED_UNIT(*)PLANE_ANGLE_UNIT()SI_UNIT($,.RADIAN.));
#12=(NAMED_UNIT(*)SI_UNIT($,.STERADIAN.)SOLID_ANGLE_UNIT());
#13=MANIFOLD_SOLID_BREP('',#14);
#14=CLOSED_SHELL('',(#53,#54,#55,#56,#57,#58,#59,#60,#61,#62,#63,#64,#65,#66,#67,
#68,#69,#70,#71,#72,#73,#74,#75,#76,#77,#78,#79,#80,#81,#82,#83,#84,#85,#86,#87,
#88,#89,#90,#91,#92,#93,#94,#95,#96,#97,#98,#99,#100,#101,#102,#103,#104,#105,#106,
#107,#108,#109,#110,#111,#112,#113,#114,#115,#116,#117,#118,#119,#120,#121,#122,
#123,#124,#125,#126,#127,#128,#129,#130,#131,#132,#133,#134,#135,#136,#137,#138,
#139,#140,#141,#142,#143,#144,#145,#146));
#15=COLOUR_RGB('',0.564705882352941,0.564705882352941,0.564705882352941);
#16=FILL_AREA_STYLE_COLOUR('',#15);
#17=FILL_AREA_STYLE($,(#16));
#18=SURFACE_STYLE_FILL_AREA(#17);
#19=SURFACE_SIDE_STYLE('',(#18));
#20=SURFACE_STYLE_USAGE(.BOTH.,#19);
#21=PRESENTATION_STYLE_ASSIGNMENT((#20));
#22=MECHANICAL_DESIGN_GEOMETRIC_PRESENTATION_REPRESENTATION('NONE',(#23),#8);
#23=STYLED_ITEM('',(#21),#13);
#24=ADVANCED_BREP_SHAPE_REPRESENTATION('NONE',(#13),#8);
#25=SHAPE_REPRESENTATION_RELATIONSHIP('','',#3,#24);
#26=PRODUCT_DEFINITION_SHAPE('NONE','NONE',#1);
#27=MECHANICAL_CONTEXT('NONE',#32,'mechanical');
#28=PRODUCT_DEFINITION_FORMATION_WITH_SPECIFIED_SOURCE('ANY','UNSPECIFIED',#29,.NOT_KNOWN.);
#29=PRODUCT('','\X2\0414043504420430043B044C\X0\','NONE',(#27));
#30=PRODUCT_RELATED_PRODUCT_CATEGORY('detail','',(#29));
#31=DESIGN_CONTEXT('detailed design',#32,'design');
#32=APPLICATION_CONTEXT('configuration controlled 3d designs of mechanical parts and assemblies');
#33=APPLICATION_PROTOCOL_DEFINITION('international standard','config_control_design',
1994,#32);
#34=CC_DESIGN_DATE_AND_TIME_ASSIGNMENT(#35,#39,(#1));
#35=DATE_AND_TIME(#36,#37);
#36=CALENDAR_DATE(0,1,1);
#37=LOCAL_TIME(0,0,0.,#38);
#38=COORDINATED_UNIVERSAL_TIME_OFFSET(0,0,.AHEAD.);
#39=DATE_TIME_ROLE('creation_date');
#40=CC_DESIGN_APPROVAL(#41,(#1));
#41=APPROVAL(#42,'UNSPECIFIED');
#42=APPROVAL_STATUS('not_yet_approved');
#43=APPROVAL_DATE_TIME(#44,#41);
#44=DATE_AND_TIME(#45,#46);
#45=CALENDAR_DATE(0,1,1);
#46=LOCAL_TIME(0,0,0.,#47);
#47=COORDINATED_UNIVERSAL_TIME_OFFSET(0,0,.AHEAD.);
#48=PERSON('UNSPECIFIED','HopyLab','UNSPECIFIED',('UNSPECIFIED'),('UNSPECIFIED'),
('UNSPECIFIED'));
#49=ORGANIZATION('UNSPECIFIED','UNSPECIFIED','UNSPECIFIED');
#50=PERSON_AND_ORGANIZATION(#48,#49);
#51=PERSON_AND_ORGANIZATION_ROLE('creator');
#52=CC_DESIGN_PERSON_AND_ORGANIZATION_ASSIGNMENT(#50,#51,(#28,#1));
#53=ADVANCED_FACE('',(#147),#149,.F.);
#54=ADVANCED_FACE('',(#154,#156),#158,.F.);
#55=ADVANCED_FACE('',(#163),#165,.F.);
#56=ADVANCED_FACE('',(#170),#172,.F.);
#57=ADVANCED_FACE('',(#177),#179,.F.);
#58=ADVANCED_FACE('',(#184),#186,.T.);
#59=ADVANCED_FACE('',(#191),#193,.T.);
#60=ADVANCED_FACE('',(#198),#200,.F.);
#61=ADVANCED_FACE('',(#205),#207,.T.);
#62=ADVANCED_FACE('',(#212),#214,.T.);
#63=ADVANCED_FACE('',(#219),#221,.F.);
#64=ADVANCED_FACE('',(#226),#228,.T.);
#65=ADVANCED_FACE('',(#233),#235,.T.);
#66=ADVANCED_FACE('',(#240),#242,.F.);
#67=ADVANCED_FACE('',(#247),#249,.T.);
#68=ADVANCED_FACE('',(#254),#256,.T.);
#69=ADVANCED_FACE('',(#261),#263,.T.);
#70=ADVANCED_FACE('',(#268),#270,.T.);
#71=ADVANCED_FACE('',(#275,#277),#279,.F.);
#72=ADVANCED_FACE('',(#284,#286),#288,.T.);
#73=ADVANCED_FACE('',(#293),#295,.T.);
#74=ADVANCED_FACE('',(#300),#302,.T.);
#75=ADVANCED_FACE('',(#307,#309),#311,.F.);
#76=ADVANCED_FACE('',(#316,#318),#320,.T.);
#77=ADVANCED_FACE('',(#325),#327,.T.);
#78=ADVANCED_FACE('',(#332),#334,.T.);
#79=ADVANCED_FACE('',(#339,#341),#343,.F.);
#80=ADVANCED_FACE('',(#348,#350),#352,.T.);
#81=ADVANCED_FACE('',(#357),#359,.T.);
#82=ADVANCED_FACE('',(#364),#366,.T.);
#83=ADVANCED_FACE('',(#371,#373),#375,.F.);
#84=ADVANCED_FACE('',(#380,#382),#384,.T.);
#85=ADVANCED_FACE('',(#389),#391,.F.);
#86=ADVANCED_FACE('',(#396,#398),#400,.F.);
#87=ADVANCED_FACE('',(#405,#407,#409,#411,#413,#415),#417,.T.);
#88=ADVANCED_FACE('',(#422,#424),#426,.T.);
#89=ADVANCED_FACE('',(#431),#433,.T.);
#90=ADVANCED_FACE('',(#438),#440,.T.);
#91=ADVANCED_FACE('',(#445),#447,.T.);
#92=ADVANCED_FACE('',(#452),#454,.T.);
#93=ADVANCED_FACE('',(#459,#461),#463,.F.);
#94=ADVANCED_FACE('',(#468,#470),#472,.F.);
#95=ADVANCED_FACE('',(#477,#479),#481,.F.);
#96=ADVANCED_FACE('',(#486,#488),#490,.F.);
#97=ADVANCED_FACE('',(#495,#497),#499,.T.);
#98=ADVANCED_FACE('',(#504),#506,.T.);
#99=ADVANCED_FACE('',(#511,#513),#515,.F.);
#100=ADVANCED_FACE('',(#520,#522),#524,.F.);
#101=ADVANCED_FACE('',(#529,#531),#533,.F.);
#102=ADVANCED_FACE('',(#538,#540),#542,.F.);
#103=ADVANCED_FACE('',(#547),#549,.F.);
#104=ADVANCED_FACE('',(#554),#556,.F.);
#105=ADVANCED_FACE('',(#561),#563,.F.);
#106=ADVANCED_FACE('',(#568),#570,.F.);
#107=ADVANCED_FACE('',(#575),#577,.F.);
#108=ADVANCED_FACE('',(#582),#584,.F.);
#109=ADVANCED_FACE('',(#589),#591,.F.);
#110=ADVANCED_FACE('',(#596),#598,.T.);
#111=ADVANCED_FACE('',(#603),#605,.T.);
#112=ADVANCED_FACE('',(#610),#612,.T.);
#113=ADVANCED_FACE('',(#617),#619,.T.);
#114=ADVANCED_FACE('',(#624),#626,.T.);
#115=ADVANCED_FACE('',(#631),#633,.T.);
#116=ADVANCED_FACE('',(#638),#640,.F.);
#117=ADVANCED_FACE('',(#645),#647,.F.);
#118=ADVANCED_FACE('',(#652),#654,.F.);
#119=ADVANCED_FACE('',(#659),#661,.F.);
#120=ADVANCED_FACE('',(#666),#668,.F.);
#121=ADVANCED_FACE('',(#673),#675,.F.);
#122=ADVANCED_FACE('',(#680),#682,.F.);
#123=ADVANCED_FACE('',(#687),#689,.T.);
#124=ADVANCED_FACE('',(#694),#696,.T.);
#125=ADVANCED_FACE('',(#701),#703,.T.);
#126=ADVANCED_FACE('',(#708),#710,.T.);
#127=ADVANCED_FACE('',(#715),#717,.F.);
#128=ADVANCED_FACE('',(#722),#724,.F.);
#129=ADVANCED_FACE('',(#729),#731,.T.);
#130=ADVANCED_FACE('',(#736),#738,.F.);
#131=ADVANCED_FACE('',(#743),#745,.F.);
#132=ADVANCED_FACE('',(#750),#752,.F.);
#133=ADVANCED_FACE('',(#757),#759,.T.);
#134=ADVANCED_FACE('',(#764),#766,.T.);
#135=ADVANCED_FACE('',(#771),#773,.T.);
#136=ADVANCED_FACE('',(#778),#780,.T.);
#137=ADVANCED_FACE('',(#785),#787,.T.);
#138=ADVANCED_FACE('',(#792),#794,.T.);
#139=ADVANCED_FACE('',(#799),#801,.T.);
#140=ADVANCED_FACE('',(#806),#808,.T.);
#141=ADVANCED_FACE('',(#813),#815,.T.);
#142=ADVANCED_FACE('',(#820),#822,.T.);
#143=ADVANCED_FACE('',(#827),#829,.T.);
#144=ADVANCED_FACE('',(#834),#836,.F.);
#145=ADVANCED_FACE('',(#841),#843,.T.);
#146=ADVANCED_FACE('',(#848),#850,.F.);
#147=FACE_BOUND('',#148,.T.);
#148=EDGE_LOOP('',(#855));
#149=PLANE('',#150);
#150=AXIS2_PLACEMENT_3D('',#151,#152,#153);
#151=CARTESIAN_POINT('',(0.,0.,0.));
#152=DIRECTION('',(0.,0.,-1.));
#153=DIRECTION('',(1.,1.22464679914735E-16,0.));
#154=FACE_BOUND('',#155,.T.);
#155=EDGE_LOOP('',(#856,#857,#858,#859,#860,#861,#862,#863,#864,#865,#866,#867,#868,
#869,#870,#871,#872,#873,#874,#875,#876,#877,#878,#879,#880,#881,#882,#883,#884,
#885,#886,#887,#888,#889,#890));
#156=FACE_BOUND('',#157,.T.);
#157=EDGE_LOOP('',(#891));
#158=PLANE('',#159);
#159=AXIS2_PLACEMENT_3D('',#160,#161,#162);
#160=CARTESIAN_POINT('',(0.,0.,0.));
#161=DIRECTION('',(0.,0.,-1.));
#162=DIRECTION('',(1.,1.22464679914735E-16,0.));
#163=FACE_BOUND('',#164,.T.);
#164=EDGE_LOOP('',(#892));
#165=PLANE('',#166);
#166=AXIS2_PLACEMENT_3D('',#167,#168,#169);
#167=CARTESIAN_POINT('',(0.,0.,0.));
#168=DIRECTION('',(0.,0.,-1.));
#169=DIRECTION('',(1.,1.22464679914735E-16,0.));
#170=FACE_BOUND('',#171,.T.);
#171=EDGE_LOOP('',(#893));
#172=PLANE('',#173);
#173=AXIS2_PLACEMENT_3D('',#174,#175,#176);
#174=CARTESIAN_POINT('',(0.,0.,0.));
#175=DIRECTION('',(0.,0.,-1.));
#176=DIRECTION('',(1.,1.22464679914735E-16,0.));
#177=FACE_BOUND('',#178,.T.);
#178=EDGE_LOOP('',(#894));
#179=PLANE('',#180);
#180=AXIS2_PLACEMENT_3D('',#181,#182,#183);
#181=CARTESIAN_POINT('',(0.,0.,0.));
#182=DIRECTION('',(0.,0.,-1.));
#183=DIRECTION('',(1.,1.22464679914735E-16,0.));
#184=FACE_BOUND('',#185,.T.);
#185=EDGE_LOOP('',(#895,#896,#897,#898,#899,#900));
#186=PLANE('',#187);
#187=AXIS2_PLACEMENT_3D('',#188,#189,#190);
#188=CARTESIAN_POINT('',(-26.3,31.3,0.));
#189=DIRECTION('',(1.,-8.88178419700126E-16,0.));
#190=DIRECTION('',(8.88178419700126E-16,1.,0.));
#191=FACE_BOUND('',#192,.T.);
#192=EDGE_LOOP('',(#901,#902,#903,#904));
#193=PLANE('',#194);
#194=AXIS2_PLACEMENT_3D('',#195,#196,#197);
#195=CARTESIAN_POINT('',(-30.3,31.3,0.));
#196=DIRECTION('',(-8.88178419700125E-16,-1.,0.));
#197=DIRECTION('',(1.,-8.88178419700125E-16,0.));
#198=FACE_BOUND('',#199,.T.);
#199=EDGE_LOOP('',(#905,#906,#907,#908,#909,#910));
#200=PLANE('',#201);
#201=AXIS2_PLACEMENT_3D('',#202,#203,#204);
#202=CARTESIAN_POINT('',(-30.3,35.3,0.));
#203=DIRECTION('',(-1.,5.03217234957578E-17,0.));
#204=DIRECTION('',(-5.03217234957578E-17,-1.,0.));
#205=FACE_BOUND('',#206,.T.);
#206=EDGE_LOOP('',(#911,#912,#913,#914,#915));
#207=PLANE('',#208);
#208=AXIS2_PLACEMENT_3D('',#209,#210,#211);
#209=CARTESIAN_POINT('',(-26.3,-31.3,0.));
#210=DIRECTION('',(8.88178419700125E-16,1.,0.));
#211=DIRECTION('',(-1.,8.88178419700125E-16,0.));
#212=FACE_BOUND('',#213,.T.);
#213=EDGE_LOOP('',(#916,#917,#918,#919));
#214=PLANE('',#215);
#215=AXIS2_PLACEMENT_3D('',#216,#217,#218);
#216=CARTESIAN_POINT('',(-26.3,-35.3,0.));
#217=DIRECTION('',(1.,0.,0.));
#218=DIRECTION('',(0.,1.,0.));
#219=FACE_BOUND('',#220,.T.);
#220=EDGE_LOOP('',(#920,#921,#922,#923,#924,#925));
#221=PLANE('',#222);
#222=AXIS2_PLACEMENT_3D('',#223,#224,#225);
#223=CARTESIAN_POINT('',(-30.3,-35.3,0.));
#224=DIRECTION('',(-2.34502553056139E-16,-1.,0.));
#225=DIRECTION('',(1.,-2.34502553056139E-16,0.));
#226=FACE_BOUND('',#227,.T.);
#227=EDGE_LOOP('',(#926,#927,#928,#929,#930));
#228=PLANE('',#229);
#229=AXIS2_PLACEMENT_3D('',#230,#231,#232);
#230=CARTESIAN_POINT('',(26.3,-31.3,0.));
#231=DIRECTION('',(-1.,0.,0.));
#232=DIRECTION('',(0.,-1.,0.));
#233=FACE_BOUND('',#234,.T.);
#234=EDGE_LOOP('',(#931,#932,#933,#934));
#235=PLANE('',#236);
#236=AXIS2_PLACEMENT_3D('',#237,#238,#239);
#237=CARTESIAN_POINT('',(30.3,-31.3,0.));
#238=DIRECTION('',(8.88178419700125E-16,1.,0.));
#239=DIRECTION('',(-1.,8.88178419700125E-16,0.));
#240=FACE_BOUND('',#241,.T.);
#241=EDGE_LOOP('',(#935,#936,#937,#938,#939,#940,#941,#942));
#242=PLANE('',#243);
#243=AXIS2_PLACEMENT_3D('',#244,#245,#246);
#244=CARTESIAN_POINT('',(30.3,-35.3,0.));
#245=DIRECTION('',(1.,0.,0.));
#246=DIRECTION('',(0.,1.,0.));
#247=FACE_BOUND('',#248,.T.);
#248=EDGE_LOOP('',(#943,#944,#945,#946));
#249=PLANE('',#250);
#250=AXIS2_PLACEMENT_3D('',#251,#252,#253);
#251=CARTESIAN_POINT('',(26.3,31.3,0.));
#252=DIRECTION('',(-8.88178419700125E-16,-1.,0.));
#253=DIRECTION('',(1.,-8.88178419700125E-16,0.));
#254=FACE_BOUND('',#255,.T.);
#255=EDGE_LOOP('',(#947,#948,#949,#950,#951));
#256=PLANE('',#257);
#257=AXIS2_PLACEMENT_3D('',#258,#259,#260);
#258=CARTESIAN_POINT('',(26.3,35.3,0.));
#259=DIRECTION('',(-1.,-8.88178419700126E-16,0.));
#260=DIRECTION('',(8.88178419700126E-16,-1.,0.));
#261=FACE_BOUND('',#262,.T.);
#262=EDGE_LOOP('',(#952,#953,#954,#955));
#263=PLANE('',#264);
#264=AXIS2_PLACEMENT_3D('',#265,#266,#267);
#265=CARTESIAN_POINT('',(-30.3,26.5,0.));
#266=DIRECTION('',(0.,-1.,0.));
#267=DIRECTION('',(1.,0.,0.));
#268=FACE_BOUND('',#269,.T.);
#269=EDGE_LOOP('',(#956,#957,#958,#959));
#270=PLANE('',#271);
#271=AXIS2_PLACEMENT_3D('',#272,#273,#274);
#272=CARTESIAN_POINT('',(-25.5,26.5,0.));
#273=DIRECTION('',(1.,0.,0.));
#274=DIRECTION('',(0.,1.,0.));
#275=FACE_OUTER_BOUND('',#276,.T.);
#276=EDGE_LOOP('',(#960));
#277=FACE_OUTER_BOUND('',#278,.T.);
#278=EDGE_LOOP('',(#961));
#279=CYLINDRICAL_SURFACE('',#280,1.5);
#280=AXIS2_PLACEMENT_3D('',#281,#282,#283);
#281=CARTESIAN_POINT('',(-27.9,28.9,0.));
#282=DIRECTION('',(0.,0.,1.));
#283=DIRECTION('',(-1.,1.22464679914735E-16,0.));
#284=FACE_BOUND('',#285,.T.);
#285=EDGE_LOOP('',(#962,#963,#964,#965,#966,#967,#968,#969,#970,#971));
#286=FACE_BOUND('',#287,.T.);
#287=EDGE_LOOP('',(#972));
#288=PLANE('',#289);
#289=AXIS2_PLACEMENT_3D('',#290,#291,#292);
#290=CARTESIAN_POINT('',(0.,0.,6.5));
#291=DIRECTION('',(0.,0.,1.));
#292=DIRECTION('',(-1.,1.22464679914735E-16,0.));
#293=FACE_BOUND('',#294,.T.);
#294=EDGE_LOOP('',(#973,#974,#975,#976));
#295=PLANE('',#296);
#296=AXIS2_PLACEMENT_3D('',#297,#298,#299);
#297=CARTESIAN_POINT('',(25.5,31.3,0.));
#298=DIRECTION('',(-1.,0.,0.));
#299=DIRECTION('',(0.,-1.,0.));
#300=FACE_BOUND('',#301,.T.);
#301=EDGE_LOOP('',(#977,#978,#979,#980));
#302=PLANE('',#303);
#303=AXIS2_PLACEMENT_3D('',#304,#305,#306);
#304=CARTESIAN_POINT('',(25.5,26.5,0.));
#305=DIRECTION('',(0.,-1.,0.));
#306=DIRECTION('',(1.,0.,0.));
#307=FACE_OUTER_BOUND('',#308,.T.);
#308=EDGE_LOOP('',(#981));
#309=FACE_OUTER_BOUND('',#310,.T.);
#310=EDGE_LOOP('',(#982));
#311=CYLINDRICAL_SURFACE('',#312,1.5);
#312=AXIS2_PLACEMENT_3D('',#313,#314,#315);
#313=CARTESIAN_POINT('',(27.9,28.9,0.));
#314=DIRECTION('',(0.,0.,1.));
#315=DIRECTION('',(-1.,1.22464679914735E-16,0.));
#316=FACE_BOUND('',#317,.T.);
#317=EDGE_LOOP('',(#983,#984,#985,#986,#987,#988,#989,#990,#991));
#318=FACE_BOUND('',#319,.T.);
#319=EDGE_LOOP('',(#992));
#320=PLANE('',#321);
#321=AXIS2_PLACEMENT_3D('',#322,#323,#324);
#322=CARTESIAN_POINT('',(0.,0.,6.5));
#323=DIRECTION('',(0.,0.,1.));
#324=DIRECTION('',(-1.,1.22464679914735E-16,0.));
#325=FACE_BOUND('',#326,.T.);
#326=EDGE_LOOP('',(#993,#994,#995,#996));
#327=PLANE('',#328);
#328=AXIS2_PLACEMENT_3D('',#329,#330,#331);
#329=CARTESIAN_POINT('',(-21.1,-35.3,0.));
#330=DIRECTION('',(1.,0.,0.));
#331=DIRECTION('',(0.,1.,0.));
#332=FACE_BOUND('',#333,.T.);
#333=EDGE_LOOP('',(#997,#998,#999,#1000));
#334=PLANE('',#335);
#335=AXIS2_PLACEMENT_3D('',#336,#337,#338);
#336=CARTESIAN_POINT('',(-21.1,-30.1,0.));
#337=DIRECTION('',(0.,1.,0.));
#338=DIRECTION('',(-1.,0.,0.));
#339=FACE_OUTER_BOUND('',#340,.T.);
#340=EDGE_LOOP('',(#1001));
#341=FACE_OUTER_BOUND('',#342,.T.);
#342=EDGE_LOOP('',(#1002));
#343=CYLINDRICAL_SURFACE('',#344,1.5);
#344=AXIS2_PLACEMENT_3D('',#345,#346,#347);
#345=CARTESIAN_POINT('',(-23.7,-32.7,0.));
#346=DIRECTION('',(0.,0.,1.));
#347=DIRECTION('',(-1.,1.22464679914735E-16,0.));
#348=FACE_BOUND('',#349,.T.);
#349=EDGE_LOOP('',(#1003,#1004,#1005,#1006,#1007,#1008,#1009,#1010,#1011,#1012));
#350=FACE_BOUND('',#351,.T.);
#351=EDGE_LOOP('',(#1013));
#352=PLANE('',#353);
#353=AXIS2_PLACEMENT_3D('',#354,#355,#356);
#354=CARTESIAN_POINT('',(0.,0.,6.5));
#355=DIRECTION('',(0.,0.,1.));
#356=DIRECTION('',(-1.,1.22464679914735E-16,0.));
#357=FACE_BOUND('',#358,.T.);
#358=EDGE_LOOP('',(#1014,#1015,#1016,#1017));
#359=PLANE('',#360);
#360=AXIS2_PLACEMENT_3D('',#361,#362,#363);
#361=CARTESIAN_POINT('',(30.3,-26.1,0.));
#362=DIRECTION('',(0.,1.,0.));
#363=DIRECTION('',(-1.,0.,0.));
#364=FACE_BOUND('',#365,.T.);
#365=EDGE_LOOP('',(#1018,#1019,#1020,#1021));
#366=PLANE('',#367);
#367=AXIS2_PLACEMENT_3D('',#368,#369,#370);
#368=CARTESIAN_POINT('',(25.1,-26.1,0.));
#369=DIRECTION('',(-1.,0.,0.));
#370=DIRECTION('',(0.,-1.,0.));
#371=FACE_OUTER_BOUND('',#372,.T.);
#372=EDGE_LOOP('',(#1022));
#373=FACE_OUTER_BOUND('',#374,.T.);
#374=EDGE_LOOP('',(#1023));
#375=CYLINDRICAL_SURFACE('',#376,1.5);
#376=AXIS2_PLACEMENT_3D('',#377,#378,#379);
#377=CARTESIAN_POINT('',(27.7,-28.7,0.));
#378=DIRECTION('',(0.,0.,1.));
#379=DIRECTION('',(-1.,1.22464679914735E-16,0.));
#380=FACE_BOUND('',#381,.T.);
#381=EDGE_LOOP('',(#1024,#1025,#1026,#1027,#1028,#1029,#1030,#1031,#1032,#1033));
#382=FACE_BOUND('',#383,.T.);
#383=EDGE_LOOP('',(#1034));
#384=PLANE('',#385);
#385=AXIS2_PLACEMENT_3D('',#386,#387,#388);
#386=CARTESIAN_POINT('',(0.,0.,6.5));
#387=DIRECTION('',(0.,0.,1.));
#388=DIRECTION('',(-1.,1.22464679914735E-16,0.));
#389=FACE_BOUND('',#390,.T.);
#390=EDGE_LOOP('',(#1035,#1036,#1037,#1038));
#391=PLANE('',#392);
#392=AXIS2_PLACEMENT_3D('',#393,#394,#395);
#393=CARTESIAN_POINT('',(30.3,35.3,0.));
#394=DIRECTION('',(2.34502553056139E-16,1.,0.));
#395=DIRECTION('',(-1.,2.34502553056139E-16,0.));
#396=FACE_OUTER_BOUND('',#397,.T.);
#397=EDGE_LOOP('',(#1039));
#398=FACE_OUTER_BOUND('',#399,.T.);
#399=EDGE_LOOP('',(#1040));
#400=CYLINDRICAL_SURFACE('',#401,28.);
#401=AXIS2_PLACEMENT_3D('',#402,#403,#404);
#402=CARTESIAN_POINT('',(2.50733564445413E-15,-6.3,-1.5));
#403=DIRECTION('',(0.,0.,1.));
#404=DIRECTION('',(-1.,1.22464679914735E-16,0.));
#405=FACE_BOUND('',#406,.T.);
#406=EDGE_LOOP('',(#1041,#1042,#1043,#1044,#1045,#1046,#1047,#1048));
#407=FACE_BOUND('',#408,.T.);
#408=EDGE_LOOP('',(#1049,#1050,#1051,#1052,#1053,#1054,#1055,#1056,#1057,#1058,#1059,
#1060,#1061,#1062,#1063,#1064,#1065,#1066,#1067,#1068,#1069,#1070,#1071,#1072));
#409=FACE_BOUND('',#410,.T.);
#410=EDGE_LOOP('',(#1073));
#411=FACE_BOUND('',#412,.T.);
#412=EDGE_LOOP('',(#1074));
#413=FACE_BOUND('',#414,.T.);
#414=EDGE_LOOP('',(#1075));
#415=FACE_BOUND('',#416,.T.);
#416=EDGE_LOOP('',(#1076));
#417=PLANE('',#418);
#418=AXIS2_PLACEMENT_3D('',#419,#420,#421);
#419=CARTESIAN_POINT('',(0.,0.,8.));
#420=DIRECTION('',(0.,0.,1.));
#421=DIRECTION('',(-1.,1.22464679914735E-16,0.));
#422=FACE_BOUND('',#423,.T.);
#423=EDGE_LOOP('',(#1077));
#424=FACE_BOUND('',#425,.T.);
#425=EDGE_LOOP('',(#1078));
#426=PLANE('',#427);
#427=AXIS2_PLACEMENT_3D('',#428,#429,#430);
#428=CARTESIAN_POINT('',(0.,0.,-1.5));
#429=DIRECTION('',(0.,0.,1.));
#430=DIRECTION('',(-1.,1.22464679914735E-16,0.));
#431=FACE_BOUND('',#432,.T.);
#432=EDGE_LOOP('',(#1079,#1080,#1081,#1082));
#433=PLANE('',#434);
#434=AXIS2_PLACEMENT_3D('',#435,#436,#437);
#435=CARTESIAN_POINT('',(32.3,37.3,0.));
#436=DIRECTION('',(2.19982271133158E-16,1.,0.));
#437=DIRECTION('',(-1.,2.19982271133158E-16,0.));
#438=FACE_BOUND('',#439,.T.);
#439=EDGE_LOOP('',(#1083,#1084,#1085,#1086));
#440=PLANE('',#441);
#441=AXIS2_PLACEMENT_3D('',#442,#443,#444);
#442=CARTESIAN_POINT('',(-32.3,37.3,0.));
#443=DIRECTION('',(-1.,1.90494031034879E-16,0.));
#444=DIRECTION('',(-1.90494031034879E-16,-1.,0.));
#445=FACE_BOUND('',#446,.T.);
#446=EDGE_LOOP('',(#1087,#1088,#1089,#1090));
#447=PLANE('',#448);
#448=AXIS2_PLACEMENT_3D('',#449,#450,#451);
#449=CARTESIAN_POINT('',(-32.3,-37.3,0.));
#450=DIRECTION('',(-2.19982271133158E-16,-1.,0.));
#451=DIRECTION('',(1.,-2.19982271133158E-16,0.));
#452=FACE_BOUND('',#453,.T.);
#453=EDGE_LOOP('',(#1091,#1092,#1093,#1094));
#454=PLANE('',#455);
#455=AXIS2_PLACEMENT_3D('',#456,#457,#458);
#456=CARTESIAN_POINT('',(32.3,-37.3,0.));
#457=DIRECTION('',(1.,-1.90494031034879E-16,0.));
#458=DIRECTION('',(1.90494031034879E-16,1.,0.));
#459=FACE_OUTER_BOUND('',#460,.T.);
#460=EDGE_LOOP('',(#1095));
#461=FACE_OUTER_BOUND('',#462,.T.);
#462=EDGE_LOOP('',(#1096));
#463=CYLINDRICAL_SURFACE('',#464,1.15);
#464=AXIS2_PLACEMENT_3D('',#465,#466,#467);
#465=CARTESIAN_POINT('',(-29.3,-34.3,-3.));
#466=DIRECTION('',(0.,0.,1.));
#467=DIRECTION('',(-1.,1.22464679914735E-16,0.));
#468=FACE_OUTER_BOUND('',#469,.T.);
#469=EDGE_LOOP('',(#1097));
#470=FACE_OUTER_BOUND('',#471,.T.);
#471=EDGE_LOOP('',(#1098));
#472=CYLINDRICAL_SURFACE('',#473,1.15);
#473=AXIS2_PLACEMENT_3D('',#474,#475,#476);
#474=CARTESIAN_POINT('',(29.3,34.3,-3.));
#475=DIRECTION('',(0.,0.,1.));
#476=DIRECTION('',(-1.,1.22464679914735E-16,0.));
#477=FACE_OUTER_BOUND('',#478,.T.);
#478=EDGE_LOOP('',(#1099));
#479=FACE_OUTER_BOUND('',#480,.T.);
#480=EDGE_LOOP('',(#1100));
#481=CYLINDRICAL_SURFACE('',#482,1.15);
#482=AXIS2_PLACEMENT_3D('',#483,#484,#485);
#483=CARTESIAN_POINT('',(-29.3,34.3,-3.));
#484=DIRECTION('',(0.,0.,1.));
#485=DIRECTION('',(-1.,1.22464679914735E-16,0.));
#486=FACE_OUTER_BOUND('',#487,.T.);
#487=EDGE_LOOP('',(#1101));
#488=FACE_OUTER_BOUND('',#489,.T.);
#489=EDGE_LOOP('',(#1102));
#490=CYLINDRICAL_SURFACE('',#491,1.15);
#491=AXIS2_PLACEMENT_3D('',#492,#493,#494);
#492=CARTESIAN_POINT('',(29.3,-34.3,-3.));
#493=DIRECTION('',(0.,0.,1.));
#494=DIRECTION('',(-1.,1.22464679914735E-16,0.));
#495=FACE_OUTER_BOUND('',#496,.T.);
#496=EDGE_LOOP('',(#1103));
#497=FACE_OUTER_BOUND('',#498,.T.);
#498=EDGE_LOOP('',(#1104));
#499=CYLINDRICAL_SURFACE('',#500,23.);
#500=AXIS2_PLACEMENT_3D('',#501,#502,#503);
#501=CARTESIAN_POINT('',(2.50733564445413E-15,-6.3,-1.5));
#502=DIRECTION('',(0.,0.,1.));
#503=DIRECTION('',(-1.,1.22464679914735E-16,0.));
#504=FACE_BOUND('',#505,.T.);
#505=EDGE_LOOP('',(#1105,#1106,#1107));
#506=PLANE('',#507);
#507=AXIS2_PLACEMENT_3D('',#508,#509,#510);
#508=CARTESIAN_POINT('',(0.,0.,-2.));
#509=DIRECTION('',(0.,0.,-1.));
#510=DIRECTION('',(1.,1.22464679914735E-16,0.));
#511=FACE_BOUND('',#512,.T.);
#512=EDGE_LOOP('',(#1108,#1109,#1110,#1111,#1112));
#513=FACE_OUTER_BOUND('',#514,.T.);
#514=EDGE_LOOP('',(#1113));
#515=CONICAL_SURFACE('',#516,1.7,0.785398163397449);
#516=AXIS2_PLACEMENT_3D('',#517,#518,#519);
#517=CARTESIAN_POINT('',(-29.3,-34.3,-1.45));
#518=DIRECTION('',(0.,0.,-1.));
#519=DIRECTION('',(1.,0.,0.));
#520=FACE_BOUND('',#521,.T.);
#521=EDGE_LOOP('',(#1114,#1115,#1116,#1117,#1118));
#522=FACE_OUTER_BOUND('',#523,.T.);
#523=EDGE_LOOP('',(#1119));
#524=CONICAL_SURFACE('',#525,1.7,0.785398163397449);
#525=AXIS2_PLACEMENT_3D('',#526,#527,#528);
#526=CARTESIAN_POINT('',(29.3,34.3,-1.45));
#527=DIRECTION('',(0.,0.,-1.));
#528=DIRECTION('',(1.,4.17966315153E-15,0.));
#529=FACE_BOUND('',#530,.T.);
#530=EDGE_LOOP('',(#1120,#1121,#1122,#1123,#1124));
#531=FACE_OUTER_BOUND('',#532,.T.);
#532=EDGE_LOOP('',(#1125));
#533=CONICAL_SURFACE('',#534,1.7,0.785398163397449);
#534=AXIS2_PLACEMENT_3D('',#535,#536,#537);
#535=CARTESIAN_POINT('',(-29.3,34.3,-1.45));
#536=DIRECTION('',(0.,0.,-1.));
#537=DIRECTION('',(1.,0.,0.));
#538=FACE_BOUND('',#539,.T.);
#539=EDGE_LOOP('',(#1126,#1127,#1128,#1129,#1130));
#540=FACE_OUTER_BOUND('',#541,.T.);
#541=EDGE_LOOP('',(#1131));
#542=CONICAL_SURFACE('',#543,1.7,0.785398163397449);
#543=AXIS2_PLACEMENT_3D('',#544,#545,#546);
#544=CARTESIAN_POINT('',(29.3,-34.3,-1.45));
#545=DIRECTION('',(0.,0.,-1.));
#546=DIRECTION('',(1.,0.,0.));
#547=FACE_BOUND('',#548,.T.);
#548=EDGE_LOOP('',(#1132));
#549=PLANE('',#550);
#550=AXIS2_PLACEMENT_3D('',#551,#552,#553);
#551=CARTESIAN_POINT('',(0.,0.,0.));
#552=DIRECTION('',(0.,0.,-1.));
#553=DIRECTION('',(1.,1.22464679914735E-16,0.));
#554=FACE_BOUND('',#555,.T.);
#555=EDGE_LOOP('',(#1133,#1134,#1135,#1136));
#556=CYLINDRICAL_SURFACE('',#557,1.);
#557=AXIS2_PLACEMENT_3D('',#558,#559,#560);
#558=CARTESIAN_POINT('',(-29.3,-30.3,12.));
#559=DIRECTION('',(0.,0.,-1.));
#560=DIRECTION('',(0.,-1.,0.));
#561=FACE_BOUND('',#562,.T.);
#562=EDGE_LOOP('',(#1137,#1138,#1139,#1140));
#563=CYLINDRICAL_SURFACE('',#564,1.);
#564=AXIS2_PLACEMENT_3D('',#565,#566,#567);
#565=CARTESIAN_POINT('',(25.3,-34.3,12.));
#566=DIRECTION('',(0.,0.,-1.));
#567=DIRECTION('',(1.,0.,0.));
#568=FACE_BOUND('',#569,.T.);
#569=EDGE_LOOP('',(#1141,#1142,#1143,#1144));
#570=CYLINDRICAL_SURFACE('',#571,1.);
#571=AXIS2_PLACEMENT_3D('',#572,#573,#574);
#572=CARTESIAN_POINT('',(-27.3,-30.3,-4.));
#573=DIRECTION('',(0.,0.,-1.));
#574=DIRECTION('',(1.,0.,0.));
#575=FACE_BOUND('',#576,.T.);
#576=EDGE_LOOP('',(#1145,#1146,#1147,#1148));
#577=CYLINDRICAL_SURFACE('',#578,1.);
#578=AXIS2_PLACEMENT_3D('',#579,#580,#581);
#579=CARTESIAN_POINT('',(-20.1,-34.3,-4.));
#580=DIRECTION('',(0.,0.,1.));
#581=DIRECTION('',(-1.,0.,0.));
#582=FACE_BOUND('',#583,.T.);
#583=EDGE_LOOP('',(#1149,#1150,#1151,#1152));
#584=CYLINDRICAL_SURFACE('',#585,1.);
#585=AXIS2_PLACEMENT_3D('',#586,#587,#588);
#586=CARTESIAN_POINT('',(25.3,-32.3,-4.));
#587=DIRECTION('',(0.,0.,-1.));
#588=DIRECTION('',(0.,1.,0.));
#589=FACE_BOUND('',#590,.T.);
#590=EDGE_LOOP('',(#1153,#1154,#1155,#1156));
#591=CYLINDRICAL_SURFACE('',#592,1.);
#592=AXIS2_PLACEMENT_3D('',#593,#594,#595);
#593=CARTESIAN_POINT('',(29.3,-25.1,-4.));
#594=DIRECTION('',(0.,0.,1.));
#595=DIRECTION('',(0.,-1.,0.));
#596=FACE_BOUND('',#597,.T.);
#597=EDGE_LOOP('',(#1157,#1158,#1159,#1160));
#598=CYLINDRICAL_SURFACE('',#599,1.);
#599=AXIS2_PLACEMENT_3D('',#600,#601,#602);
#600=CARTESIAN_POINT('',(-25.4669697220177,-31.1,-4.));
#601=DIRECTION('',(0.,0.,-1.));
#602=DIRECTION('',(-0.91651513899116,0.400000000000019,0.));
#603=FACE_BOUND('',#604,.T.);
#604=EDGE_LOOP('',(#1161,#1162,#1163,#1164));
#605=CYLINDRICAL_SURFACE('',#606,1.);
#606=AXIS2_PLACEMENT_3D('',#607,#608,#609);
#607=CARTESIAN_POINT('',(-22.1,-31.1,-4.));
#608=DIRECTION('',(0.,0.,-1.));
#609=DIRECTION('',(0.,1.,0.));
#610=FACE_BOUND('',#611,.T.);
#611=EDGE_LOOP('',(#1165,#1166,#1167,#1168));
#612=CYLINDRICAL_SURFACE('',#613,1.);
#613=AXIS2_PLACEMENT_3D('',#614,#615,#616);
#614=CARTESIAN_POINT('',(26.1,-27.1,-4.));
#615=DIRECTION('',(0.,0.,-1.));
#616=DIRECTION('',(-1.,0.,0.));
#617=FACE_BOUND('',#618,.T.);
#618=EDGE_LOOP('',(#1169,#1170,#1171,#1172));
#619=CYLINDRICAL_SURFACE('',#620,1.);
#620=AXIS2_PLACEMENT_3D('',#621,#622,#623);
#621=CARTESIAN_POINT('',(26.1,-30.4669697220176,-4.));
#622=DIRECTION('',(0.,0.,-1.));
#623=DIRECTION('',(-0.399999999999991,-0.916515138991172,0.));
#624=FACE_BOUND('',#625,.T.);
#625=EDGE_LOOP('',(#1173,#1174,#1175,#1176));
#626=CYLINDRICAL_SURFACE('',#627,1.);
#627=AXIS2_PLACEMENT_3D('',#628,#629,#630);
#628=CARTESIAN_POINT('',(-27.3,-32.3,-1.5));
#629=DIRECTION('',(0.,0.,-1.));
#630=DIRECTION('',(0.,1.,0.));
#631=FACE_BOUND('',#632,.T.);
#632=EDGE_LOOP('',(#1177,#1178,#1179,#1180));
#633=CYLINDRICAL_SURFACE('',#634,1.);
#634=AXIS2_PLACEMENT_3D('',#635,#636,#637);
#635=CARTESIAN_POINT('',(27.3,-32.3,-1.5));
#636=DIRECTION('',(2.63163976207445E-16,0.,-1.));
#637=DIRECTION('',(-1.,0.,-2.63163976207445E-16));
#638=FACE_BOUND('',#639,.T.);
#639=EDGE_LOOP('',(#1181,#1182,#1183,#1184));
#640=CYLINDRICAL_SURFACE('',#641,1.);
#641=AXIS2_PLACEMENT_3D('',#642,#643,#644);
#642=CARTESIAN_POINT('',(29.3,-30.3,2.5));
#643=DIRECTION('',(0.,0.,1.));
#644=DIRECTION('',(0.,-1.,0.));
#645=FACE_BOUND('',#646,.T.);
#646=EDGE_LOOP('',(#1185,#1186,#1187,#1188));
#647=CYLINDRICAL_SURFACE('',#648,1.);
#648=AXIS2_PLACEMENT_3D('',#649,#650,#651);
#649=CARTESIAN_POINT('',(-25.3,34.3,12.));
#650=DIRECTION('',(0.,0.,-1.));
#651=DIRECTION('',(-1.,0.,0.));
#652=FACE_BOUND('',#653,.T.);
#653=EDGE_LOOP('',(#1189,#1190,#1191,#1192));
#654=CYLINDRICAL_SURFACE('',#655,1.);
#655=AXIS2_PLACEMENT_3D('',#656,#657,#658);
#656=CARTESIAN_POINT('',(25.3,34.3,-4.));
#657=DIRECTION('',(0.,0.,1.));
#658=DIRECTION('',(1.,0.,0.));
#659=FACE_BOUND('',#660,.T.);
#660=EDGE_LOOP('',(#1193,#1194,#1195,#1196));
#661=CYLINDRICAL_SURFACE('',#662,1.);
#662=AXIS2_PLACEMENT_3D('',#663,#664,#665);
#663=CARTESIAN_POINT('',(-25.3,32.2797958971133,-4.));
#664=DIRECTION('',(0.,0.,-1.));
#665=DIRECTION('',(-0.200000000000038,-0.979795897113263,0.));
#666=FACE_BOUND('',#667,.T.);
#667=EDGE_LOOP('',(#1197,#1198,#1199,#1200));
#668=CYLINDRICAL_SURFACE('',#669,1.);
#669=AXIS2_PLACEMENT_3D('',#670,#671,#672);
#670=CARTESIAN_POINT('',(-29.3,25.5,-4.));
#671=DIRECTION('',(0.,0.,1.));
#672=DIRECTION('',(0.,1.,0.));
#673=FACE_BOUND('',#674,.T.);
#674=EDGE_LOOP('',(#1201,#1202,#1203,#1204));
#675=CYLINDRICAL_SURFACE('',#676,1.);
#676=AXIS2_PLACEMENT_3D('',#677,#678,#679);
#677=CARTESIAN_POINT('',(29.3,25.5,10.5));
#678=DIRECTION('',(0.,0.,-1.));
#679=DIRECTION('',(0.,1.,0.));
#680=FACE_BOUND('',#681,.T.);
#681=EDGE_LOOP('',(#1205,#1206,#1207,#1208));
#682=CYLINDRICAL_SURFACE('',#683,1.);
#683=AXIS2_PLACEMENT_3D('',#684,#685,#686);
#684=CARTESIAN_POINT('',(25.3,32.2797958971133,10.5));
#685=DIRECTION('',(0.,0.,1.));
#686=DIRECTION('',(0.2,-0.979795897113272,0.));
#687=FACE_BOUND('',#688,.T.);
#688=EDGE_LOOP('',(#1209,#1210,#1211,#1212));
#689=CYLINDRICAL_SURFACE('',#690,1.);
#690=AXIS2_PLACEMENT_3D('',#691,#692,#693);
#691=CARTESIAN_POINT('',(-26.5,27.5,-4.));
#692=DIRECTION('',(0.,0.,-1.));
#693=DIRECTION('',(1.,0.,-1.97215226305253E-31));
#694=FACE_BOUND('',#695,.T.);
#695=EDGE_LOOP('',(#1213,#1214,#1215,#1216));
#696=CYLINDRICAL_SURFACE('',#697,1.);
#697=AXIS2_PLACEMENT_3D('',#698,#699,#700);
#698=CARTESIAN_POINT('',(-26.5,30.6797958971133,-2.));
#699=DIRECTION('',(0.,0.,-1.));
#700=DIRECTION('',(0.600000000000019,0.799999999999986,0.));
#701=FACE_BOUND('',#702,.T.);
#702=EDGE_LOOP('',(#1217,#1218,#1219,#1220));
#703=CYLINDRICAL_SURFACE('',#704,1.);
#704=AXIS2_PLACEMENT_3D('',#705,#706,#707);
#705=CARTESIAN_POINT('',(26.5,27.5,-4.));
#706=DIRECTION('',(0.,0.,-1.));
#707=DIRECTION('',(0.,-1.,0.));
#708=FACE_BOUND('',#709,.T.);
#709=EDGE_LOOP('',(#1221,#1222,#1223,#1224));
#710=CYLINDRICAL_SURFACE('',#711,1.);
#711=AXIS2_PLACEMENT_3D('',#712,#713,#714);
#712=CARTESIAN_POINT('',(-27.3,32.3,-1.5));
#713=DIRECTION('',(0.,0.,-1.));
#714=DIRECTION('',(1.,0.,0.));
#715=FACE_BOUND('',#716,.T.);
#716=EDGE_LOOP('',(#1225,#1226,#1227,#1228));
#717=CYLINDRICAL_SURFACE('',#718,1.);
#718=AXIS2_PLACEMENT_3D('',#719,#720,#721);
#719=CARTESIAN_POINT('',(-29.3,30.3,2.5));
#720=DIRECTION('',(0.,0.,1.));
#721=DIRECTION('',(0.,1.,0.));
#722=FACE_BOUND('',#723,.T.);
#723=EDGE_LOOP('',(#1229,#1230,#1231,#1232));
#724=CYLINDRICAL_SURFACE('',#725,1.);
#725=AXIS2_PLACEMENT_3D('',#726,#727,#728);
#726=CARTESIAN_POINT('',(29.3,30.3,12.));
#727=DIRECTION('',(0.,0.,-1.));
#728=DIRECTION('',(0.,1.,0.));
#729=FACE_BOUND('',#730,.T.);
#730=EDGE_LOOP('',(#1233,#1234,#1235,#1236));
#731=CYLINDRICAL_SURFACE('',#732,1.);
#732=AXIS2_PLACEMENT_3D('',#733,#734,#735);
#733=CARTESIAN_POINT('',(27.3,32.3,-1.5));
#734=DIRECTION('',(0.,0.,-1.));
#735=DIRECTION('',(0.,-1.,0.));
#736=FACE_BOUND('',#737,.T.);
#737=EDGE_LOOP('',(#1237,#1238,#1239,#1240));
#738=CYLINDRICAL_SURFACE('',#739,1.);
#739=AXIS2_PLACEMENT_3D('',#740,#741,#742);
#740=CARTESIAN_POINT('',(-25.3,-34.3,2.5));
#741=DIRECTION('',(0.,0.,1.));
#742=DIRECTION('',(-1.,0.,0.));
#743=FACE_BOUND('',#744,.T.);
#744=EDGE_LOOP('',(#1241,#1242,#1243,#1244));
#745=PLANE('',#746);
#746=AXIS2_PLACEMENT_3D('',#747,#748,#749);
#747=CARTESIAN_POINT('',(-31.3,37.3,-6.));
#748=DIRECTION('',(0.707106781186547,-0.707106781186547,2.79127548210449E-16));
#749=DIRECTION('',(-3.94745964311167E-16,0.,1.));
#750=FACE_BOUND('',#751,.T.);
#751=EDGE_LOOP('',(#1245,#1246,#1247,#1248));
#752=PLANE('',#753);
#753=AXIS2_PLACEMENT_3D('',#754,#755,#756);
#754=CARTESIAN_POINT('',(32.3,36.3,-6.));
#755=DIRECTION('',(-0.707106781186553,-0.707106781186542,5.58255096420894E-16));
#756=DIRECTION('',(0.,7.89491928622334E-16,1.));
#757=FACE_BOUND('',#758,.T.);
#758=EDGE_LOOP('',(#1249,#1250,#1251,#1252,#1253,#1254,#1255,#1256,#1257,#1258));
#759=PLANE('',#760);
#760=AXIS2_PLACEMENT_3D('',#761,#762,#763);
#761=CARTESIAN_POINT('',(-32.3,-41.3,-1.));
#762=DIRECTION('',(-0.707106781186547,1.23144506563433E-16,-0.707106781186547));
#763=DIRECTION('',(1.7415263131375E-16,1.,0.));
#764=FACE_BOUND('',#765,.T.);
#765=EDGE_LOOP('',(#1259,#1260,#1261));
#766=PLANE('',#767);
#767=AXIS2_PLACEMENT_3D('',#768,#769,#770);
#768=CARTESIAN_POINT('',(0.,0.,-2.));
#769=DIRECTION('',(0.,0.,-1.));
#770=DIRECTION('',(1.,1.22464679914735E-16,0.));
#771=FACE_BOUND('',#772,.T.);
#772=EDGE_LOOP('',(#1262,#1263,#1264));
#773=PLANE('',#774);
#774=AXIS2_PLACEMENT_3D('',#775,#776,#777);
#775=CARTESIAN_POINT('',(-32.3,36.3,-1.));
#776=DIRECTION('',(-0.577350269189623,0.577350269189627,-0.577350269189627));
#777=DIRECTION('',(0.70710678118655,0.707106781186545,2.35513868802567E-16));
#778=FACE_BOUND('',#779,.T.);
#779=EDGE_LOOP('',(#1265,#1266,#1267,#1268,#1269,#1270,#1271,#1272));
#780=PLANE('',#781);
#781=AXIS2_PLACEMENT_3D('',#782,#783,#784);
#782=CARTESIAN_POINT('',(-35.3,37.3,-1.));
#783=DIRECTION('',(1.41219364201728E-16,0.707106781186548,-0.707106781186548));
#784=DIRECTION('',(1.,-2.01286893983031E-16,-1.57255385924244E-18));
#785=FACE_BOUND('',#786,.T.);
#786=EDGE_LOOP('',(#1273,#1274,#1275));
#787=PLANE('',#788);
#788=AXIS2_PLACEMENT_3D('',#789,#790,#791);
#789=CARTESIAN_POINT('',(0.,0.,-2.));
#790=DIRECTION('',(0.,0.,-1.));
#791=DIRECTION('',(1.,1.22464679914735E-16,0.));
#792=FACE_BOUND('',#793,.T.);
#793=EDGE_LOOP('',(#1276,#1277,#1278));
#794=PLANE('',#795);
#795=AXIS2_PLACEMENT_3D('',#796,#797,#798);
#796=CARTESIAN_POINT('',(31.3,37.3,-1.));
#797=DIRECTION('',(0.577350269189628,0.577350269189622,-0.577350269189627));
#798=DIRECTION('',(0.707106781186544,-0.707106781186551,3.14018491736754E-16));
#799=FACE_BOUND('',#800,.T.);
#800=EDGE_LOOP('',(#1279,#1280,#1281,#1282,#1283,#1284,#1285,#1286));
#801=PLANE('',#802);
#802=AXIS2_PLACEMENT_3D('',#803,#804,#805);
#803=CARTESIAN_POINT('',(32.3,40.3,-1.));
#804=DIRECTION('',(0.707106781186547,-1.23144506563433E-16,-0.707106781186547));
#805=DIRECTION('',(-1.7415263131375E-16,-1.,0.));
#806=FACE_BOUND('',#807,.T.);
#807=EDGE_LOOP('',(#1287,#1288,#1289,#1290,#1291,#1292,#1293,#1294,#1295,#1296));
#808=PLANE('',#809);
#809=AXIS2_PLACEMENT_3D('',#810,#811,#812);
#810=CARTESIAN_POINT('',(0.,0.,-2.));
#811=DIRECTION('',(0.,0.,-1.));
#812=DIRECTION('',(1.,1.22464679914735E-16,0.));
#813=FACE_BOUND('',#814,.T.);
#814=EDGE_LOOP('',(#1297,#1298,#1299));
#815=PLANE('',#816);
#816=AXIS2_PLACEMENT_3D('',#817,#818,#819);
#817=CARTESIAN_POINT('',(0.,0.,-2.));
#818=DIRECTION('',(0.,0.,-1.));
#819=DIRECTION('',(1.,1.22464679914735E-16,0.));
#820=FACE_BOUND('',#821,.T.);
#821=EDGE_LOOP('',(#1300,#1301,#1302,#1303,#1304,#1305,#1306,#1307));
#822=PLANE('',#823);
#823=AXIS2_PLACEMENT_3D('',#824,#825,#826);
#824=CARTESIAN_POINT('',(35.3,-37.3,-1.));
#825=DIRECTION('',(-1.41219364201728E-16,-0.707106781186548,-0.707106781186548));
#826=DIRECTION('',(-1.,2.01286893983031E-16,-1.57255385924244E-18));
#827=FACE_BOUND('',#828,.T.);
#828=EDGE_LOOP('',(#1308,#1309,#1310));
#829=PLANE('',#830);
#830=AXIS2_PLACEMENT_3D('',#831,#832,#833);
#831=CARTESIAN_POINT('',(-31.3,-36.3,-2.));
#832=DIRECTION('',(-0.577350269189636,-0.577350269189619,-0.577350269189622));
#833=DIRECTION('',(0.,-0.707106781186549,0.707106781186546));
#834=FACE_BOUND('',#835,.T.);
#835=EDGE_LOOP('',(#1311,#1312,#1313,#1314));
#836=PLANE('',#837);
#837=AXIS2_PLACEMENT_3D('',#838,#839,#840);
#838=CARTESIAN_POINT('',(-32.3,-36.3,-5.));
#839=DIRECTION('',(0.707106781186553,0.707106781186542,0.));
#840=DIRECTION('',(0.,0.,1.));
#841=FACE_BOUND('',#842,.T.);
#842=EDGE_LOOP('',(#1315,#1316,#1317));
#843=PLANE('',#844);
#844=AXIS2_PLACEMENT_3D('',#845,#846,#847);
#845=CARTESIAN_POINT('',(31.3,-36.3,-2.));
#846=DIRECTION('',(0.577350269189625,-0.577350269189625,-0.577350269189627));
#847=DIRECTION('',(0.707106781186547,-5.02429586778807E-15,0.707106781186548));
#848=FACE_BOUND('',#849,.T.);
#849=EDGE_LOOP('',(#1318,#1319,#1320,#1321));
#850=PLANE('',#851);
#851=AXIS2_PLACEMENT_3D('',#852,#853,#854);
#852=CARTESIAN_POINT('',(31.3,-37.3,-5.));
#853=DIRECTION('',(-0.707106781186545,0.70710678118655,0.));
#854=DIRECTION('',(0.,0.,1.));
#855=ORIENTED_EDGE('',*,*,#1322,.F.);
#856=ORIENTED_EDGE('',*,*,#1323,.F.);
#857=ORIENTED_EDGE('',*,*,#1324,.F.);
#858=ORIENTED_EDGE('',*,*,#1325,.F.);
#859=ORIENTED_EDGE('',*,*,#1326,.F.);
#860=ORIENTED_EDGE('',*,*,#1327,.F.);
#861=ORIENTED_EDGE('',*,*,#1328,.T.);
#862=ORIENTED_EDGE('',*,*,#1329,.F.);
#863=ORIENTED_EDGE('',*,*,#1330,.F.);
#864=ORIENTED_EDGE('',*,*,#1331,.F.);
#865=ORIENTED_EDGE('',*,*,#1332,.F.);
#866=ORIENTED_EDGE('',*,*,#1333,.F.);
#867=ORIENTED_EDGE('',*,*,#1334,.F.);
#868=ORIENTED_EDGE('',*,*,#1335,.F.);
#869=ORIENTED_EDGE('',*,*,#1336,.F.);
#870=ORIENTED_EDGE('',*,*,#1337,.T.);
#871=ORIENTED_EDGE('',*,*,#1338,.F.);
#872=ORIENTED_EDGE('',*,*,#1339,.F.);
#873=ORIENTED_EDGE('',*,*,#1340,.F.);
#874=ORIENTED_EDGE('',*,*,#1341,.F.);
#875=ORIENTED_EDGE('',*,*,#1342,.F.);
#876=ORIENTED_EDGE('',*,*,#1343,.F.);
#877=ORIENTED_EDGE('',*,*,#1344,.F.);
#878=ORIENTED_EDGE('',*,*,#1345,.F.);
#879=ORIENTED_EDGE('',*,*,#1346,.T.);
#880=ORIENTED_EDGE('',*,*,#1347,.F.);
#881=ORIENTED_EDGE('',*,*,#1348,.F.);
#882=ORIENTED_EDGE('',*,*,#1349,.F.);
#883=ORIENTED_EDGE('',*,*,#1350,.F.);
#884=ORIENTED_EDGE('',*,*,#1351,.F.);
#885=ORIENTED_EDGE('',*,*,#1352,.F.);
#886=ORIENTED_EDGE('',*,*,#1353,.F.);
#887=ORIENTED_EDGE('',*,*,#1354,.F.);
#888=ORIENTED_EDGE('',*,*,#1355,.T.);
#889=ORIENTED_EDGE('',*,*,#1356,.F.);
#890=ORIENTED_EDGE('',*,*,#1357,.F.);
#891=ORIENTED_EDGE('',*,*,#1358,.T.);
#892=ORIENTED_EDGE('',*,*,#1359,.F.);
#893=ORIENTED_EDGE('',*,*,#1360,.F.);
#894=ORIENTED_EDGE('',*,*,#1361,.F.);
#895=ORIENTED_EDGE('',*,*,#1362,.F.);
#896=ORIENTED_EDGE('',*,*,#1363,.F.);
#897=ORIENTED_EDGE('',*,*,#1364,.F.);
#898=ORIENTED_EDGE('',*,*,#1330,.T.);
#899=ORIENTED_EDGE('',*,*,#1365,.T.);
#900=ORIENTED_EDGE('',*,*,#1366,.F.);
#901=ORIENTED_EDGE('',*,*,#1367,.T.);
#902=ORIENTED_EDGE('',*,*,#1368,.F.);
#903=ORIENTED_EDGE('',*,*,#1369,.T.);
#904=ORIENTED_EDGE('',*,*,#1370,.F.);
#905=ORIENTED_EDGE('',*,*,#1371,.F.);
#906=ORIENTED_EDGE('',*,*,#1372,.F.);
#907=ORIENTED_EDGE('',*,*,#1373,.F.);
#908=ORIENTED_EDGE('',*,*,#1337,.F.);
#909=ORIENTED_EDGE('',*,*,#1374,.F.);
#910=ORIENTED_EDGE('',*,*,#1375,.F.);
#911=ORIENTED_EDGE('',*,*,#1376,.F.);
#912=ORIENTED_EDGE('',*,*,#1377,.F.);
#913=ORIENTED_EDGE('',*,*,#1339,.T.);
#914=ORIENTED_EDGE('',*,*,#1378,.T.);
#915=ORIENTED_EDGE('',*,*,#1379,.F.);
#916=ORIENTED_EDGE('',*,*,#1380,.T.);
#917=ORIENTED_EDGE('',*,*,#1381,.F.);
#918=ORIENTED_EDGE('',*,*,#1382,.T.);
#919=ORIENTED_EDGE('',*,*,#1383,.F.);
#920=ORIENTED_EDGE('',*,*,#1384,.F.);
#921=ORIENTED_EDGE('',*,*,#1385,.F.);
#922=ORIENTED_EDGE('',*,*,#1386,.F.);
#923=ORIENTED_EDGE('',*,*,#1346,.F.);
#924=ORIENTED_EDGE('',*,*,#1387,.F.);
#925=ORIENTED_EDGE('',*,*,#1388,.F.);
#926=ORIENTED_EDGE('',*,*,#1389,.F.);
#927=ORIENTED_EDGE('',*,*,#1390,.F.);
#928=ORIENTED_EDGE('',*,*,#1348,.T.);
#929=ORIENTED_EDGE('',*,*,#1391,.T.);
#930=ORIENTED_EDGE('',*,*,#1392,.F.);
#931=ORIENTED_EDGE('',*,*,#1393,.T.);
#932=ORIENTED_EDGE('',*,*,#1394,.F.);
#933=ORIENTED_EDGE('',*,*,#1395,.T.);
#934=ORIENTED_EDGE('',*,*,#1396,.F.);
#935=ORIENTED_EDGE('',*,*,#1397,.F.);
#936=ORIENTED_EDGE('',*,*,#1398,.F.);
#937=ORIENTED_EDGE('',*,*,#1399,.F.);
#938=ORIENTED_EDGE('',*,*,#1355,.F.);
#939=ORIENTED_EDGE('',*,*,#1400,.F.);
#940=ORIENTED_EDGE('',*,*,#1401,.F.);
#941=ORIENTED_EDGE('',*,*,#1402,.F.);
#942=ORIENTED_EDGE('',*,*,#1403,.F.);
#943=ORIENTED_EDGE('',*,*,#1404,.F.);
#944=ORIENTED_EDGE('',*,*,#1405,.F.);
#945=ORIENTED_EDGE('',*,*,#1406,.T.);
#946=ORIENTED_EDGE('',*,*,#1407,.F.);
#947=ORIENTED_EDGE('',*,*,#1408,.T.);
#948=ORIENTED_EDGE('',*,*,#1409,.F.);
#949=ORIENTED_EDGE('',*,*,#1410,.T.);
#950=ORIENTED_EDGE('',*,*,#1326,.T.);
#951=ORIENTED_EDGE('',*,*,#1411,.F.);
#952=ORIENTED_EDGE('',*,*,#1412,.T.);
#953=ORIENTED_EDGE('',*,*,#1413,.F.);
#954=ORIENTED_EDGE('',*,*,#1414,.T.);
#955=ORIENTED_EDGE('',*,*,#1335,.T.);
#956=ORIENTED_EDGE('',*,*,#1415,.T.);
#957=ORIENTED_EDGE('',*,*,#1416,.F.);
#958=ORIENTED_EDGE('',*,*,#1417,.F.);
#959=ORIENTED_EDGE('',*,*,#1333,.T.);
#960=ORIENTED_EDGE('',*,*,#1418,.F.);
#961=ORIENTED_EDGE('',*,*,#1361,.T.);
#962=ORIENTED_EDGE('',*,*,#1419,.F.);
#963=ORIENTED_EDGE('',*,*,#1375,.T.);
#964=ORIENTED_EDGE('',*,*,#1420,.F.);
#965=ORIENTED_EDGE('',*,*,#1413,.T.);
#966=ORIENTED_EDGE('',*,*,#1421,.F.);
#967=ORIENTED_EDGE('',*,*,#1416,.T.);
#968=ORIENTED_EDGE('',*,*,#1422,.F.);
#969=ORIENTED_EDGE('',*,*,#1423,.F.);
#970=ORIENTED_EDGE('',*,*,#1424,.F.);
#971=ORIENTED_EDGE('',*,*,#1368,.T.);
#972=ORIENTED_EDGE('',*,*,#1418,.T.);
#973=ORIENTED_EDGE('',*,*,#1425,.T.);
#974=ORIENTED_EDGE('',*,*,#1426,.F.);
#975=ORIENTED_EDGE('',*,*,#1427,.T.);
#976=ORIENTED_EDGE('',*,*,#1324,.T.);
#977=ORIENTED_EDGE('',*,*,#1428,.F.);
#978=ORIENTED_EDGE('',*,*,#1357,.T.);
#979=ORIENTED_EDGE('',*,*,#1429,.T.);
#980=ORIENTED_EDGE('',*,*,#1430,.F.);
#981=ORIENTED_EDGE('',*,*,#1431,.F.);
#982=ORIENTED_EDGE('',*,*,#1360,.T.);
#983=ORIENTED_EDGE('',*,*,#1432,.F.);
#984=ORIENTED_EDGE('',*,*,#1433,.T.);
#985=ORIENTED_EDGE('',*,*,#1426,.T.);
#986=ORIENTED_EDGE('',*,*,#1434,.F.);
#987=ORIENTED_EDGE('',*,*,#1430,.T.);
#988=ORIENTED_EDGE('',*,*,#1435,.F.);
#989=ORIENTED_EDGE('',*,*,#1398,.T.);
#990=ORIENTED_EDGE('',*,*,#1436,.F.);
#991=ORIENTED_EDGE('',*,*,#1405,.T.);
#992=ORIENTED_EDGE('',*,*,#1431,.T.);
#993=ORIENTED_EDGE('',*,*,#1437,.T.);
#994=ORIENTED_EDGE('',*,*,#1438,.F.);
#995=ORIENTED_EDGE('',*,*,#1439,.T.);
#996=ORIENTED_EDGE('',*,*,#1344,.T.);
#997=ORIENTED_EDGE('',*,*,#1440,.F.);
#998=ORIENTED_EDGE('',*,*,#1342,.T.);
#999=ORIENTED_EDGE('',*,*,#1441,.T.);
#1000=ORIENTED_EDGE('',*,*,#1442,.F.);
#1001=ORIENTED_EDGE('',*,*,#1443,.F.);
#1002=ORIENTED_EDGE('',*,*,#1359,.T.);
#1003=ORIENTED_EDGE('',*,*,#1444,.F.);
#1004=ORIENTED_EDGE('',*,*,#1388,.T.);
#1005=ORIENTED_EDGE('',*,*,#1445,.F.);
#1006=ORIENTED_EDGE('',*,*,#1438,.T.);
#1007=ORIENTED_EDGE('',*,*,#1446,.F.);
#1008=ORIENTED_EDGE('',*,*,#1442,.T.);
#1009=ORIENTED_EDGE('',*,*,#1447,.F.);
#1010=ORIENTED_EDGE('',*,*,#1448,.F.);
#1011=ORIENTED_EDGE('',*,*,#1449,.F.);
#1012=ORIENTED_EDGE('',*,*,#1381,.T.);
#1013=ORIENTED_EDGE('',*,*,#1443,.T.);
#1014=ORIENTED_EDGE('',*,*,#1450,.T.);
#1015=ORIENTED_EDGE('',*,*,#1451,.F.);
#1016=ORIENTED_EDGE('',*,*,#1452,.T.);
#1017=ORIENTED_EDGE('',*,*,#1353,.T.);
#1018=ORIENTED_EDGE('',*,*,#1453,.T.);
#1019=ORIENTED_EDGE('',*,*,#1454,.F.);
#1020=ORIENTED_EDGE('',*,*,#1455,.F.);
#1021=ORIENTED_EDGE('',*,*,#1351,.T.);
#1022=ORIENTED_EDGE('',*,*,#1456,.F.);
#1023=ORIENTED_EDGE('',*,*,#1322,.T.);
#1024=ORIENTED_EDGE('',*,*,#1457,.F.);
#1025=ORIENTED_EDGE('',*,*,#1401,.T.);
#1026=ORIENTED_EDGE('',*,*,#1458,.F.);
#1027=ORIENTED_EDGE('',*,*,#1451,.T.);
#1028=ORIENTED_EDGE('',*,*,#1459,.F.);
#1029=ORIENTED_EDGE('',*,*,#1454,.T.);
#1030=ORIENTED_EDGE('',*,*,#1460,.F.);
#1031=ORIENTED_EDGE('',*,*,#1461,.F.);
#1032=ORIENTED_EDGE('',*,*,#1462,.F.);
#1033=ORIENTED_EDGE('',*,*,#1394,.T.);
#1034=ORIENTED_EDGE('',*,*,#1456,.T.);
#1035=ORIENTED_EDGE('',*,*,#1463,.F.);
#1036=ORIENTED_EDGE('',*,*,#1464,.F.);
#1037=ORIENTED_EDGE('',*,*,#1465,.F.);
#1038=ORIENTED_EDGE('',*,*,#1328,.F.);
#1039=ORIENTED_EDGE('',*,*,#1358,.F.);
#1040=ORIENTED_EDGE('',*,*,#1466,.F.);
#1041=ORIENTED_EDGE('',*,*,#1467,.F.);
#1042=ORIENTED_EDGE('',*,*,#1468,.T.);
#1043=ORIENTED_EDGE('',*,*,#1469,.F.);
#1044=ORIENTED_EDGE('',*,*,#1470,.T.);
#1045=ORIENTED_EDGE('',*,*,#1471,.F.);
#1046=ORIENTED_EDGE('',*,*,#1472,.T.);
#1047=ORIENTED_EDGE('',*,*,#1473,.F.);
#1048=ORIENTED_EDGE('',*,*,#1474,.T.);
#1049=ORIENTED_EDGE('',*,*,#1475,.F.);
#1050=ORIENTED_EDGE('',*,*,#1383,.T.);
#1051=ORIENTED_EDGE('',*,*,#1476,.F.);
#1052=ORIENTED_EDGE('',*,*,#1379,.T.);
#1053=ORIENTED_EDGE('',*,*,#1477,.F.);
#1054=ORIENTED_EDGE('',*,*,#1372,.T.);
#1055=ORIENTED_EDGE('',*,*,#1478,.F.);
#1056=ORIENTED_EDGE('',*,*,#1370,.T.);
#1057=ORIENTED_EDGE('',*,*,#1479,.F.);
#1058=ORIENTED_EDGE('',*,*,#1366,.T.);
#1059=ORIENTED_EDGE('',*,*,#1480,.F.);
#1060=ORIENTED_EDGE('',*,*,#1464,.T.);
#1061=ORIENTED_EDGE('',*,*,#1481,.F.);
#1062=ORIENTED_EDGE('',*,*,#1409,.T.);
#1063=ORIENTED_EDGE('',*,*,#1482,.F.);
#1064=ORIENTED_EDGE('',*,*,#1407,.T.);
#1065=ORIENTED_EDGE('',*,*,#1483,.F.);
#1066=ORIENTED_EDGE('',*,*,#1403,.T.);
#1067=ORIENTED_EDGE('',*,*,#1484,.F.);
#1068=ORIENTED_EDGE('',*,*,#1396,.T.);
#1069=ORIENTED_EDGE('',*,*,#1485,.F.);
#1070=ORIENTED_EDGE('',*,*,#1392,.T.);
#1071=ORIENTED_EDGE('',*,*,#1486,.F.);
#1072=ORIENTED_EDGE('',*,*,#1385,.T.);
#1073=ORIENTED_EDGE('',*,*,#1487,.T.);
#1074=ORIENTED_EDGE('',*,*,#1488,.T.);
#1075=ORIENTED_EDGE('',*,*,#1489,.T.);
#1076=ORIENTED_EDGE('',*,*,#1490,.T.);
#1077=ORIENTED_EDGE('',*,*,#1466,.T.);
#1078=ORIENTED_EDGE('',*,*,#1491,.F.);
#1079=ORIENTED_EDGE('',*,*,#1492,.F.);
#1080=ORIENTED_EDGE('',*,*,#1493,.T.);
#1081=ORIENTED_EDGE('',*,*,#1470,.F.);
#1082=ORIENTED_EDGE('',*,*,#1494,.F.);
#1083=ORIENTED_EDGE('',*,*,#1495,.T.);
#1084=ORIENTED_EDGE('',*,*,#1472,.F.);
#1085=ORIENTED_EDGE('',*,*,#1496,.F.);
#1086=ORIENTED_EDGE('',*,*,#1497,.F.);
#1087=ORIENTED_EDGE('',*,*,#1498,.T.);
#1088=ORIENTED_EDGE('',*,*,#1474,.F.);
#1089=ORIENTED_EDGE('',*,*,#1499,.F.);
#1090=ORIENTED_EDGE('',*,*,#1500,.F.);
#1091=ORIENTED_EDGE('',*,*,#1501,.F.);
#1092=ORIENTED_EDGE('',*,*,#1502,.F.);
#1093=ORIENTED_EDGE('',*,*,#1503,.T.);
#1094=ORIENTED_EDGE('',*,*,#1468,.F.);
#1095=ORIENTED_EDGE('',*,*,#1487,.F.);
#1096=ORIENTED_EDGE('',*,*,#1504,.F.);
#1097=ORIENTED_EDGE('',*,*,#1488,.F.);
#1098=ORIENTED_EDGE('',*,*,#1505,.F.);
#1099=ORIENTED_EDGE('',*,*,#1489,.F.);
#1100=ORIENTED_EDGE('',*,*,#1506,.F.);
#1101=ORIENTED_EDGE('',*,*,#1490,.F.);
#1102=ORIENTED_EDGE('',*,*,#1507,.F.);
#1103=ORIENTED_EDGE('',*,*,#1508,.F.);
#1104=ORIENTED_EDGE('',*,*,#1491,.T.);
#1105=ORIENTED_EDGE('',*,*,#1509,.T.);
#1106=ORIENTED_EDGE('',*,*,#1510,.T.);
#1107=ORIENTED_EDGE('',*,*,#1511,.T.);
#1108=ORIENTED_EDGE('',*,*,#1512,.F.);
#1109=ORIENTED_EDGE('',*,*,#1513,.F.);
#1110=ORIENTED_EDGE('',*,*,#1514,.T.);
#1111=ORIENTED_EDGE('',*,*,#1515,.F.);
#1112=ORIENTED_EDGE('',*,*,#1516,.F.);
#1113=ORIENTED_EDGE('',*,*,#1504,.T.);
#1114=ORIENTED_EDGE('',*,*,#1517,.F.);
#1115=ORIENTED_EDGE('',*,*,#1518,.F.);
#1116=ORIENTED_EDGE('',*,*,#1519,.F.);
#1117=ORIENTED_EDGE('',*,*,#1520,.F.);
#1118=ORIENTED_EDGE('',*,*,#1521,.F.);
#1119=ORIENTED_EDGE('',*,*,#1505,.T.);
#1120=ORIENTED_EDGE('',*,*,#1522,.F.);
#1121=ORIENTED_EDGE('',*,*,#1523,.T.);
#1122=ORIENTED_EDGE('',*,*,#1524,.F.);
#1123=ORIENTED_EDGE('',*,*,#1510,.F.);
#1124=ORIENTED_EDGE('',*,*,#1525,.F.);
#1125=ORIENTED_EDGE('',*,*,#1506,.T.);
#1126=ORIENTED_EDGE('',*,*,#1526,.F.);
#1127=ORIENTED_EDGE('',*,*,#1527,.F.);
#1128=ORIENTED_EDGE('',*,*,#1528,.F.);
#1129=ORIENTED_EDGE('',*,*,#1529,.F.);
#1130=ORIENTED_EDGE('',*,*,#1530,.F.);
#1131=ORIENTED_EDGE('',*,*,#1507,.T.);
#1132=ORIENTED_EDGE('',*,*,#1508,.T.);
#1133=ORIENTED_EDGE('',*,*,#1373,.T.);
#1134=ORIENTED_EDGE('',*,*,#1477,.T.);
#1135=ORIENTED_EDGE('',*,*,#1378,.F.);
#1136=ORIENTED_EDGE('',*,*,#1338,.T.);
#1137=ORIENTED_EDGE('',*,*,#1386,.T.);
#1138=ORIENTED_EDGE('',*,*,#1486,.T.);
#1139=ORIENTED_EDGE('',*,*,#1391,.F.);
#1140=ORIENTED_EDGE('',*,*,#1347,.T.);
#1141=ORIENTED_EDGE('',*,*,#1531,.F.);
#1142=ORIENTED_EDGE('',*,*,#1340,.T.);
#1143=ORIENTED_EDGE('',*,*,#1377,.T.);
#1144=ORIENTED_EDGE('',*,*,#1448,.T.);
#1145=ORIENTED_EDGE('',*,*,#1387,.T.);
#1146=ORIENTED_EDGE('',*,*,#1345,.T.);
#1147=ORIENTED_EDGE('',*,*,#1439,.F.);
#1148=ORIENTED_EDGE('',*,*,#1445,.T.);
#1149=ORIENTED_EDGE('',*,*,#1532,.F.);
#1150=ORIENTED_EDGE('',*,*,#1349,.T.);
#1151=ORIENTED_EDGE('',*,*,#1390,.T.);
#1152=ORIENTED_EDGE('',*,*,#1461,.T.);
#1153=ORIENTED_EDGE('',*,*,#1400,.T.);
#1154=ORIENTED_EDGE('',*,*,#1354,.T.);
#1155=ORIENTED_EDGE('',*,*,#1452,.F.);
#1156=ORIENTED_EDGE('',*,*,#1458,.T.);
#1157=ORIENTED_EDGE('',*,*,#1441,.F.);
#1158=ORIENTED_EDGE('',*,*,#1341,.T.);
#1159=ORIENTED_EDGE('',*,*,#1531,.T.);
#1160=ORIENTED_EDGE('',*,*,#1447,.T.);
#1161=ORIENTED_EDGE('',*,*,#1437,.F.);
#1162=ORIENTED_EDGE('',*,*,#1343,.T.);
#1163=ORIENTED_EDGE('',*,*,#1440,.T.);
#1164=ORIENTED_EDGE('',*,*,#1446,.T.);
#1165=ORIENTED_EDGE('',*,*,#1450,.F.);
#1166=ORIENTED_EDGE('',*,*,#1352,.T.);
#1167=ORIENTED_EDGE('',*,*,#1455,.T.);
#1168=ORIENTED_EDGE('',*,*,#1459,.T.);
#1169=ORIENTED_EDGE('',*,*,#1453,.F.);
#1170=ORIENTED_EDGE('',*,*,#1350,.T.);
#1171=ORIENTED_EDGE('',*,*,#1532,.T.);
#1172=ORIENTED_EDGE('',*,*,#1460,.T.);
#1173=ORIENTED_EDGE('',*,*,#1382,.F.);
#1174=ORIENTED_EDGE('',*,*,#1449,.T.);
#1175=ORIENTED_EDGE('',*,*,#1376,.T.);
#1176=ORIENTED_EDGE('',*,*,#1476,.T.);
#1177=ORIENTED_EDGE('',*,*,#1395,.F.);
#1178=ORIENTED_EDGE('',*,*,#1462,.T.);
#1179=ORIENTED_EDGE('',*,*,#1389,.T.);
#1180=ORIENTED_EDGE('',*,*,#1485,.T.);
#1181=ORIENTED_EDGE('',*,*,#1402,.T.);
#1182=ORIENTED_EDGE('',*,*,#1457,.T.);
#1183=ORIENTED_EDGE('',*,*,#1393,.F.);
#1184=ORIENTED_EDGE('',*,*,#1484,.T.);
#1185=ORIENTED_EDGE('',*,*,#1465,.T.);
#1186=ORIENTED_EDGE('',*,*,#1480,.T.);
#1187=ORIENTED_EDGE('',*,*,#1365,.F.);
#1188=ORIENTED_EDGE('',*,*,#1329,.T.);
#1189=ORIENTED_EDGE('',*,*,#1463,.T.);
#1190=ORIENTED_EDGE('',*,*,#1327,.T.);
#1191=ORIENTED_EDGE('',*,*,#1410,.F.);
#1192=ORIENTED_EDGE('',*,*,#1481,.T.);
#1193=ORIENTED_EDGE('',*,*,#1533,.F.);
#1194=ORIENTED_EDGE('',*,*,#1331,.T.);
#1195=ORIENTED_EDGE('',*,*,#1364,.T.);
#1196=ORIENTED_EDGE('',*,*,#1423,.T.);
#1197=ORIENTED_EDGE('',*,*,#1374,.T.);
#1198=ORIENTED_EDGE('',*,*,#1336,.T.);
#1199=ORIENTED_EDGE('',*,*,#1414,.F.);
#1200=ORIENTED_EDGE('',*,*,#1420,.T.);
#1201=ORIENTED_EDGE('',*,*,#1399,.T.);
#1202=ORIENTED_EDGE('',*,*,#1435,.T.);
#1203=ORIENTED_EDGE('',*,*,#1429,.F.);
#1204=ORIENTED_EDGE('',*,*,#1356,.T.);
#1205=ORIENTED_EDGE('',*,*,#1411,.T.);
#1206=ORIENTED_EDGE('',*,*,#1325,.T.);
#1207=ORIENTED_EDGE('',*,*,#1427,.F.);
#1208=ORIENTED_EDGE('',*,*,#1534,.T.);
#1209=ORIENTED_EDGE('',*,*,#1412,.F.);
#1210=ORIENTED_EDGE('',*,*,#1334,.T.);
#1211=ORIENTED_EDGE('',*,*,#1417,.T.);
#1212=ORIENTED_EDGE('',*,*,#1421,.T.);
#1213=ORIENTED_EDGE('',*,*,#1415,.F.);
#1214=ORIENTED_EDGE('',*,*,#1332,.T.);
#1215=ORIENTED_EDGE('',*,*,#1533,.T.);
#1216=ORIENTED_EDGE('',*,*,#1422,.T.);
#1217=ORIENTED_EDGE('',*,*,#1425,.F.);
#1218=ORIENTED_EDGE('',*,*,#1323,.T.);
#1219=ORIENTED_EDGE('',*,*,#1428,.T.);
#1220=ORIENTED_EDGE('',*,*,#1434,.T.);
#1221=ORIENTED_EDGE('',*,*,#1369,.F.);
#1222=ORIENTED_EDGE('',*,*,#1424,.T.);
#1223=ORIENTED_EDGE('',*,*,#1362,.T.);
#1224=ORIENTED_EDGE('',*,*,#1479,.T.);
#1225=ORIENTED_EDGE('',*,*,#1371,.T.);
#1226=ORIENTED_EDGE('',*,*,#1419,.T.);
#1227=ORIENTED_EDGE('',*,*,#1367,.F.);
#1228=ORIENTED_EDGE('',*,*,#1478,.T.);
#1229=ORIENTED_EDGE('',*,*,#1397,.T.);
#1230=ORIENTED_EDGE('',*,*,#1483,.T.);
#1231=ORIENTED_EDGE('',*,*,#1406,.F.);
#1232=ORIENTED_EDGE('',*,*,#1436,.T.);
#1233=ORIENTED_EDGE('',*,*,#1408,.F.);
#1234=ORIENTED_EDGE('',*,*,#1432,.T.);
#1235=ORIENTED_EDGE('',*,*,#1404,.T.);
#1236=ORIENTED_EDGE('',*,*,#1482,.T.);
#1237=ORIENTED_EDGE('',*,*,#1384,.T.);
#1238=ORIENTED_EDGE('',*,*,#1444,.T.);
#1239=ORIENTED_EDGE('',*,*,#1380,.F.);
#1240=ORIENTED_EDGE('',*,*,#1475,.T.);
#1241=ORIENTED_EDGE('',*,*,#1535,.T.);
#1242=ORIENTED_EDGE('',*,*,#1496,.T.);
#1243=ORIENTED_EDGE('',*,*,#1471,.T.);
#1244=ORIENTED_EDGE('',*,*,#1493,.F.);
#1245=ORIENTED_EDGE('',*,*,#1536,.T.);
#1246=ORIENTED_EDGE('',*,*,#1494,.T.);
#1247=ORIENTED_EDGE('',*,*,#1469,.T.);
#1248=ORIENTED_EDGE('',*,*,#1503,.F.);
#1249=ORIENTED_EDGE('',*,*,#1537,.F.);
#1250=ORIENTED_EDGE('',*,*,#1497,.T.);
#1251=ORIENTED_EDGE('',*,*,#1538,.F.);
#1252=ORIENTED_EDGE('',*,*,#1511,.F.);
#1253=ORIENTED_EDGE('',*,*,#1524,.T.);
#1254=ORIENTED_EDGE('',*,*,#1523,.F.);
#1255=ORIENTED_EDGE('',*,*,#1539,.F.);
#1256=ORIENTED_EDGE('',*,*,#1515,.T.);
#1257=ORIENTED_EDGE('',*,*,#1514,.F.);
#1258=ORIENTED_EDGE('',*,*,#1540,.F.);
#1259=ORIENTED_EDGE('',*,*,#1541,.T.);
#1260=ORIENTED_EDGE('',*,*,#1521,.T.);
#1261=ORIENTED_EDGE('',*,*,#1542,.T.);
#1262=ORIENTED_EDGE('',*,*,#1538,.T.);
#1263=ORIENTED_EDGE('',*,*,#1535,.F.);
#1264=ORIENTED_EDGE('',*,*,#1543,.F.);
#1265=ORIENTED_EDGE('',*,*,#1544,.F.);
#1266=ORIENTED_EDGE('',*,*,#1542,.F.);
#1267=ORIENTED_EDGE('',*,*,#1520,.T.);
#1268=ORIENTED_EDGE('',*,*,#1545,.F.);
#1269=ORIENTED_EDGE('',*,*,#1525,.T.);
#1270=ORIENTED_EDGE('',*,*,#1509,.F.);
#1271=ORIENTED_EDGE('',*,*,#1543,.T.);
#1272=ORIENTED_EDGE('',*,*,#1492,.T.);
#1273=ORIENTED_EDGE('',*,*,#1546,.T.);
#1274=ORIENTED_EDGE('',*,*,#1527,.T.);
#1275=ORIENTED_EDGE('',*,*,#1547,.T.);
#1276=ORIENTED_EDGE('',*,*,#1544,.T.);
#1277=ORIENTED_EDGE('',*,*,#1536,.F.);
#1278=ORIENTED_EDGE('',*,*,#1548,.F.);
#1279=ORIENTED_EDGE('',*,*,#1549,.T.);
#1280=ORIENTED_EDGE('',*,*,#1547,.F.);
#1281=ORIENTED_EDGE('',*,*,#1526,.T.);
#1282=ORIENTED_EDGE('',*,*,#1550,.F.);
#1283=ORIENTED_EDGE('',*,*,#1517,.T.);
#1284=ORIENTED_EDGE('',*,*,#1541,.F.);
#1285=ORIENTED_EDGE('',*,*,#1548,.T.);
#1286=ORIENTED_EDGE('',*,*,#1502,.T.);
#1287=ORIENTED_EDGE('',*,*,#1551,.T.);
#1288=ORIENTED_EDGE('',*,*,#1516,.T.);
#1289=ORIENTED_EDGE('',*,*,#1539,.T.);
#1290=ORIENTED_EDGE('',*,*,#1522,.T.);
#1291=ORIENTED_EDGE('',*,*,#1545,.T.);
#1292=ORIENTED_EDGE('',*,*,#1519,.T.);
#1293=ORIENTED_EDGE('',*,*,#1518,.T.);
#1294=ORIENTED_EDGE('',*,*,#1550,.T.);
#1295=ORIENTED_EDGE('',*,*,#1530,.T.);
#1296=ORIENTED_EDGE('',*,*,#1529,.T.);
#1297=ORIENTED_EDGE('',*,*,#1552,.T.);
#1298=ORIENTED_EDGE('',*,*,#1540,.T.);
#1299=ORIENTED_EDGE('',*,*,#1513,.T.);
#1300=ORIENTED_EDGE('',*,*,#1553,.F.);
#1301=ORIENTED_EDGE('',*,*,#1500,.T.);
#1302=ORIENTED_EDGE('',*,*,#1554,.T.);
#1303=ORIENTED_EDGE('',*,*,#1552,.F.);
#1304=ORIENTED_EDGE('',*,*,#1512,.T.);
#1305=ORIENTED_EDGE('',*,*,#1551,.F.);
#1306=ORIENTED_EDGE('',*,*,#1528,.T.);
#1307=ORIENTED_EDGE('',*,*,#1546,.F.);
#1308=ORIENTED_EDGE('',*,*,#1537,.T.);
#1309=ORIENTED_EDGE('',*,*,#1554,.F.);
#1310=ORIENTED_EDGE('',*,*,#1555,.F.);
#1311=ORIENTED_EDGE('',*,*,#1495,.F.);
#1312=ORIENTED_EDGE('',*,*,#1555,.T.);
#1313=ORIENTED_EDGE('',*,*,#1499,.T.);
#1314=ORIENTED_EDGE('',*,*,#1473,.T.);
#1315=ORIENTED_EDGE('',*,*,#1553,.T.);
#1316=ORIENTED_EDGE('',*,*,#1549,.F.);
#1317=ORIENTED_EDGE('',*,*,#1556,.F.);
#1318=ORIENTED_EDGE('',*,*,#1498,.F.);
#1319=ORIENTED_EDGE('',*,*,#1556,.T.);
#1320=ORIENTED_EDGE('',*,*,#1501,.T.);
#1321=ORIENTED_EDGE('',*,*,#1467,.T.);
#1322=EDGE_CURVE('',#1557,#1557,#1558,.F.);
#1323=EDGE_CURVE('',#1559,#1560,#1561,.F.);
#1324=EDGE_CURVE('',#1562,#1559,#1563,.F.);
#1325=EDGE_CURVE('',#1564,#1562,#1565,.F.);
#1326=EDGE_CURVE('',#1566,#1564,#1567,.F.);
#1327=EDGE_CURVE('',#1568,#1566,#1569,.F.);
#1328=EDGE_CURVE('',#1568,#1570,#1571,.T.);
#1329=EDGE_CURVE('',#1572,#1570,#1573,.F.);
#1330=EDGE_CURVE('',#1574,#1572,#1575,.F.);
#1331=EDGE_CURVE('',#1576,#1574,#1577,.F.);
#1332=EDGE_CURVE('',#1578,#1576,#1579,.F.);
#1333=EDGE_CURVE('',#1580,#1578,#1581,.F.);
#1334=EDGE_CURVE('',#1582,#1580,#1583,.F.);
#1335=EDGE_CURVE('',#1584,#1582,#1585,.F.);
#1336=EDGE_CURVE('',#1586,#1584,#1587,.F.);
#1337=EDGE_CURVE('',#1586,#1588,#1589,.T.);
#1338=EDGE_CURVE('',#1590,#1588,#1591,.F.);
#1339=EDGE_CURVE('',#1592,#1590,#1593,.F.);
#1340=EDGE_CURVE('',#1594,#1592,#1595,.F.);
#1341=EDGE_CURVE('',#1596,#1594,#1597,.F.);
#1342=EDGE_CURVE('',#1598,#1596,#1599,.F.);
#1343=EDGE_CURVE('',#1600,#1598,#1601,.F.);
#1344=EDGE_CURVE('',#1602,#1600,#1603,.F.);
#1345=EDGE_CURVE('',#1604,#1602,#1605,.F.);
#1346=EDGE_CURVE('',#1604,#1606,#1607,.T.);
#1347=EDGE_CURVE('',#1608,#1606,#1609,.F.);
#1348=EDGE_CURVE('',#1610,#1608,#1611,.F.);
#1349=EDGE_CURVE('',#1612,#1610,#1613,.F.);
#1350=EDGE_CURVE('',#1614,#1612,#1615,.F.);
#1351=EDGE_CURVE('',#1616,#1614,#1617,.F.);
#1352=EDGE_CURVE('',#1618,#1616,#1619,.F.);
#1353=EDGE_CURVE('',#1620,#1618,#1621,.F.);
#1354=EDGE_CURVE('',#1622,#1620,#1623,.F.);
#1355=EDGE_CURVE('',#1622,#1624,#1625,.T.);
#1356=EDGE_CURVE('',#1626,#1624,#1627,.F.);
#1357=EDGE_CURVE('',#1560,#1626,#1628,.F.);
#1358=EDGE_CURVE('',#1629,#1629,#1630,.F.);
#1359=EDGE_CURVE('',#1631,#1631,#1632,.F.);
#1360=EDGE_CURVE('',#1633,#1633,#1634,.F.);
#1361=EDGE_CURVE('',#1635,#1635,#1636,.F.);
#1362=EDGE_CURVE('',#1637,#1638,#1639,.T.);
#1363=EDGE_CURVE('',#1637,#1637,#1640,.F.);
#1364=EDGE_CURVE('',#1574,#1637,#1641,.T.);
#1365=EDGE_CURVE('',#1572,#1642,#1643,.F.);
#1366=EDGE_CURVE('',#1638,#1642,#1644,.T.);
#1367=EDGE_CURVE('',#1645,#1646,#1647,.F.);
#1368=EDGE_CURVE('',#1648,#1646,#1649,.T.);
#1369=EDGE_CURVE('',#1648,#1650,#1651,.T.);
#1370=EDGE_CURVE('',#1645,#1650,#1652,.T.);
#1371=EDGE_CURVE('',#1653,#1654,#1655,.F.);
#1372=EDGE_CURVE('',#1656,#1653,#1657,.F.);
#1373=EDGE_CURVE('',#1588,#1656,#1658,.F.);
#1374=EDGE_CURVE('',#1659,#1586,#1660,.F.);
#1375=EDGE_CURVE('',#1654,#1659,#1661,.F.);
#1376=EDGE_CURVE('',#1662,#1663,#1664,.T.);
#1377=EDGE_CURVE('',#1592,#1662,#1665,.T.);
#1378=EDGE_CURVE('',#1590,#1666,#1667,.F.);
#1379=EDGE_CURVE('',#1663,#1666,#1668,.T.);
#1380=EDGE_CURVE('',#1669,#1670,#1671,.F.);
#1381=EDGE_CURVE('',#1672,#1670,#1673,.T.);
#1382=EDGE_CURVE('',#1672,#1674,#1675,.T.);
#1383=EDGE_CURVE('',#1669,#1674,#1676,.T.);
#1384=EDGE_CURVE('',#1677,#1678,#1679,.F.);
#1385=EDGE_CURVE('',#1680,#1677,#1681,.F.);
#1386=EDGE_CURVE('',#1606,#1680,#1682,.F.);
#1387=EDGE_CURVE('',#1683,#1604,#1684,.F.);
#1388=EDGE_CURVE('',#1678,#1683,#1685,.F.);
#1389=EDGE_CURVE('',#1686,#1687,#1688,.T.);
#1390=EDGE_CURVE('',#1610,#1686,#1689,.T.);
#1391=EDGE_CURVE('',#1608,#1690,#1691,.F.);
#1392=EDGE_CURVE('',#1687,#1690,#1692,.T.);
#1393=EDGE_CURVE('',#1693,#1694,#1695,.F.);
#1394=EDGE_CURVE('',#1696,#1694,#1697,.T.);
#1395=EDGE_CURVE('',#1696,#1698,#1699,.T.);
#1396=EDGE_CURVE('',#1693,#1698,#1700,.T.);
#1397=EDGE_CURVE('',#1701,#1702,#1703,.F.);
#1398=EDGE_CURVE('',#1704,#1701,#1705,.F.);
#1399=EDGE_CURVE('',#1624,#1704,#1706,.F.);
#1400=EDGE_CURVE('',#1707,#1622,#1708,.F.);
#1401=EDGE_CURVE('',#1709,#1707,#1710,.F.);
#1402=EDGE_CURVE('',#1711,#1709,#1712,.F.);
#1403=EDGE_CURVE('',#1702,#1711,#1713,.F.);
#1404=EDGE_CURVE('',#1714,#1715,#1716,.T.);
#1405=EDGE_CURVE('',#1717,#1714,#1718,.T.);
#1406=EDGE_CURVE('',#1717,#1719,#1720,.F.);
#1407=EDGE_CURVE('',#1715,#1719,#1721,.T.);
#1408=EDGE_CURVE('',#1722,#1723,#1724,.T.);
#1409=EDGE_CURVE('',#1725,#1723,#1726,.T.);
#1410=EDGE_CURVE('',#1725,#1566,#1727,.F.);
#1411=EDGE_CURVE('',#1722,#1564,#1728,.T.);
#1412=EDGE_CURVE('',#1582,#1729,#1730,.T.);
#1413=EDGE_CURVE('',#1731,#1729,#1732,.T.);
#1414=EDGE_CURVE('',#1731,#1584,#1733,.F.);
#1415=EDGE_CURVE('',#1578,#1734,#1735,.T.);
#1416=EDGE_CURVE('',#1736,#1734,#1737,.T.);
#1417=EDGE_CURVE('',#1580,#1736,#1738,.T.);
#1418=EDGE_CURVE('',#1739,#1739,#1740,.F.);
#1419=EDGE_CURVE('',#1654,#1646,#1741,.F.);
#1420=EDGE_CURVE('',#1731,#1659,#1742,.F.);
#1421=EDGE_CURVE('',#1736,#1729,#1743,.F.);
#1422=EDGE_CURVE('',#1744,#1734,#1745,.F.);
#1423=EDGE_CURVE('',#1637,#1744,#1746,.F.);
#1424=EDGE_CURVE('',#1648,#1637,#1747,.T.);
#1425=EDGE_CURVE('',#1559,#1748,#1749,.T.);
#1426=EDGE_CURVE('',#1750,#1748,#1751,.T.);
#1427=EDGE_CURVE('',#1750,#1562,#1752,.T.);
#1428=EDGE_CURVE('',#1560,#1753,#1754,.T.);
#1429=EDGE_CURVE('',#1626,#1755,#1756,.F.);
#1430=EDGE_CURVE('',#1753,#1755,#1757,.T.);
#1431=EDGE_CURVE('',#1758,#1758,#1759,.F.);
#1432=EDGE_CURVE('',#1722,#1714,#1760,.F.);
#1433=EDGE_CURVE('',#1722,#1750,#1761,.T.);
#1434=EDGE_CURVE('',#1753,#1748,#1762,.F.);
#1435=EDGE_CURVE('',#1704,#1755,#1763,.F.);
#1436=EDGE_CURVE('',#1717,#1701,#1764,.F.);
#1437=EDGE_CURVE('',#1600,#1765,#1766,.T.);
#1438=EDGE_CURVE('',#1767,#1765,#1768,.T.);
#1439=EDGE_CURVE('',#1767,#1602,#1769,.F.);
#1440=EDGE_CURVE('',#1598,#1770,#1771,.T.);
#1441=EDGE_CURVE('',#1596,#1772,#1773,.T.);
#1442=EDGE_CURVE('',#1770,#1772,#1774,.T.);
#1443=EDGE_CURVE('',#1775,#1775,#1776,.F.);
#1444=EDGE_CURVE('',#1678,#1670,#1777,.F.);
#1445=EDGE_CURVE('',#1767,#1683,#1778,.F.);
#1446=EDGE_CURVE('',#1770,#1765,#1779,.F.);
#1447=EDGE_CURVE('',#1780,#1772,#1781,.F.);
#1448=EDGE_CURVE('',#1662,#1780,#1782,.F.);
#1449=EDGE_CURVE('',#1672,#1662,#1783,.F.);
#1450=EDGE_CURVE('',#1618,#1784,#1785,.T.);
#1451=EDGE_CURVE('',#1786,#1784,#1787,.T.);
#1452=EDGE_CURVE('',#1786,#1620,#1788,.F.);
#1453=EDGE_CURVE('',#1614,#1789,#1790,.T.);
#1454=EDGE_CURVE('',#1791,#1789,#1792,.T.);
#1455=EDGE_CURVE('',#1616,#1791,#1793,.T.);
#1456=EDGE_CURVE('',#1794,#1794,#1795,.F.);
#1457=EDGE_CURVE('',#1709,#1694,#1796,.F.);
#1458=EDGE_CURVE('',#1786,#1707,#1797,.F.);
#1459=EDGE_CURVE('',#1791,#1784,#1798,.F.);
#1460=EDGE_CURVE('',#1799,#1789,#1800,.F.);
#1461=EDGE_CURVE('',#1686,#1799,#1801,.F.);
#1462=EDGE_CURVE('',#1696,#1686,#1802,.F.);
#1463=EDGE_CURVE('',#1803,#1568,#1804,.F.);
#1464=EDGE_CURVE('',#1805,#1803,#1806,.F.);
#1465=EDGE_CURVE('',#1570,#1805,#1807,.F.);
#1466=EDGE_CURVE('',#1808,#1808,#1809,.T.);
#1467=EDGE_CURVE('',#1810,#1811,#1812,.F.);
#1468=EDGE_CURVE('',#1810,#1813,#1814,.T.);
#1469=EDGE_CURVE('',#1815,#1813,#1816,.F.);
#1470=EDGE_CURVE('',#1815,#1817,#1818,.T.);
#1471=EDGE_CURVE('',#1819,#1817,#1820,.F.);
#1472=EDGE_CURVE('',#1819,#1821,#1822,.T.);
#1473=EDGE_CURVE('',#1823,#1821,#1824,.F.);
#1474=EDGE_CURVE('',#1823,#1811,#1825,.T.);
#1475=EDGE_CURVE('',#1669,#1677,#1826,.F.);
#1476=EDGE_CURVE('',#1663,#1674,#1827,.F.);
#1477=EDGE_CURVE('',#1656,#1666,#1828,.F.);
#1478=EDGE_CURVE('',#1645,#1653,#1829,.F.);
#1479=EDGE_CURVE('',#1638,#1650,#1830,.F.);
#1480=EDGE_CURVE('',#1805,#1642,#1831,.F.);
#1481=EDGE_CURVE('',#1725,#1803,#1832,.F.);
#1482=EDGE_CURVE('',#1715,#1723,#1833,.F.);
#1483=EDGE_CURVE('',#1702,#1719,#1834,.F.);
#1484=EDGE_CURVE('',#1693,#1711,#1835,.F.);
#1485=EDGE_CURVE('',#1687,#1698,#1836,.F.);
#1486=EDGE_CURVE('',#1680,#1690,#1837,.F.);
#1487=EDGE_CURVE('',#1838,#1838,#1839,.F.);
#1488=EDGE_CURVE('',#1840,#1840,#1841,.F.);
#1489=EDGE_CURVE('',#1842,#1842,#1843,.F.);
#1490=EDGE_CURVE('',#1844,#1844,#1845,.F.);
#1491=EDGE_CURVE('',#1846,#1846,#1847,.T.);
#1492=EDGE_CURVE('',#1848,#1849,#1850,.T.);
#1493=EDGE_CURVE('',#1848,#1817,#1851,.T.);
#1494=EDGE_CURVE('',#1849,#1815,#1852,.T.);
#1495=EDGE_CURVE('',#1853,#1821,#1854,.T.);
#1496=EDGE_CURVE('',#1855,#1819,#1856,.T.);
#1497=EDGE_CURVE('',#1853,#1855,#1857,.T.);
#1498=EDGE_CURVE('',#1858,#1811,#1859,.T.);
#1499=EDGE_CURVE('',#1860,#1823,#1861,.T.);
#1500=EDGE_CURVE('',#1858,#1860,#1862,.T.);
#1501=EDGE_CURVE('',#1863,#1810,#1864,.T.);
#1502=EDGE_CURVE('',#1865,#1863,#1866,.T.);
#1503=EDGE_CURVE('',#1865,#1813,#1867,.T.);
#1504=EDGE_CURVE('',#1868,#1868,#1869,.T.);
#1505=EDGE_CURVE('',#1870,#1870,#1871,.T.);
#1506=EDGE_CURVE('',#1872,#1872,#1873,.T.);
#1507=EDGE_CURVE('',#1874,#1874,#1875,.T.);
#1508=EDGE_CURVE('',#1876,#1876,#1877,.T.);
#1509=EDGE_CURVE('',#1878,#1879,#1880,.T.);
#1510=EDGE_CURVE('',#1879,#1881,#1882,.T.);
#1511=EDGE_CURVE('',#1881,#1878,#1883,.T.);
#1512=EDGE_CURVE('',#1884,#1885,#1886,.T.);
#1513=EDGE_CURVE('',#1887,#1884,#1888,.T.);
#1514=EDGE_CURVE('',#1887,#1889,#1890,.T.);
#1515=EDGE_CURVE('',#1891,#1889,#1892,.T.);
#1516=EDGE_CURVE('',#1885,#1891,#1893,.T.);
#1517=EDGE_CURVE('',#1894,#1895,#1896,.T.);
#1518=EDGE_CURVE('',#1897,#1894,#1898,.T.);
#1519=EDGE_CURVE('',#1899,#1897,#1900,.T.);
#1520=EDGE_CURVE('',#1901,#1899,#1902,.T.);
#1521=EDGE_CURVE('',#1895,#1901,#1903,.T.);
#1522=EDGE_CURVE('',#1904,#1905,#1906,.T.);
#1523=EDGE_CURVE('',#1904,#1907,#1908,.T.);
#1524=EDGE_CURVE('',#1881,#1907,#1909,.T.);
#1525=EDGE_CURVE('',#1905,#1879,#1910,.T.);
#1526=EDGE_CURVE('',#1911,#1912,#1913,.T.);
#1527=EDGE_CURVE('',#1914,#1911,#1915,.T.);
#1528=EDGE_CURVE('',#1916,#1914,#1917,.T.);
#1529=EDGE_CURVE('',#1918,#1916,#1919,.T.);
#1530=EDGE_CURVE('',#1912,#1918,#1920,.T.);
#1531=EDGE_CURVE('',#1594,#1780,#1921,.T.);
#1532=EDGE_CURVE('',#1612,#1799,#1922,.T.);
#1533=EDGE_CURVE('',#1576,#1744,#1923,.T.);
#1534=EDGE_CURVE('',#1750,#1722,#1924,.T.);
#1535=EDGE_CURVE('',#1848,#1855,#1925,.T.);
#1536=EDGE_CURVE('',#1865,#1849,#1926,.T.);
#1537=EDGE_CURVE('',#1853,#1927,#1928,.T.);
#1538=EDGE_CURVE('',#1878,#1855,#1929,.T.);
#1539=EDGE_CURVE('',#1891,#1904,#1930,.T.);
#1540=EDGE_CURVE('',#1927,#1887,#1931,.T.);
#1541=EDGE_CURVE('',#1932,#1895,#1933,.T.);
#1542=EDGE_CURVE('',#1901,#1932,#1934,.T.);
#1543=EDGE_CURVE('',#1878,#1848,#1935,.T.);
#1544=EDGE_CURVE('',#1932,#1849,#1936,.T.);
#1545=EDGE_CURVE('',#1905,#1899,#1937,.T.);
#1546=EDGE_CURVE('',#1938,#1914,#1939,.T.);
#1547=EDGE_CURVE('',#1911,#1938,#1940,.T.);
#1548=EDGE_CURVE('',#1932,#1865,#1941,.T.);
#1549=EDGE_CURVE('',#1863,#1938,#1942,.T.);
#1550=EDGE_CURVE('',#1894,#1912,#1943,.T.);
#1551=EDGE_CURVE('',#1916,#1885,#1944,.T.);
#1552=EDGE_CURVE('',#1884,#1927,#1945,.T.);
#1553=EDGE_CURVE('',#1858,#1938,#1946,.T.);
#1554=EDGE_CURVE('',#1860,#1927,#1947,.T.);
#1555=EDGE_CURVE('',#1853,#1860,#1948,.T.);
#1556=EDGE_CURVE('',#1858,#1863,#1949,.T.);
#1557=VERTEX_POINT('',#1950);
#1558=CIRCLE('',#1951,1.5);
#1559=VERTEX_POINT('',#1955);
#1560=VERTEX_POINT('',#1956);
#1561=CIRCLE('',#1957,0.999999999999996);
#1562=VERTEX_POINT('',#1961);
#1563=LINE('',#1962,#1963);
#1564=VERTEX_POINT('',#1965);
#1565=CIRCLE('',#1966,1.);
#1566=VERTEX_POINT('',#1970);
#1567=LINE('',#1971,#1972);
#1568=VERTEX_POINT('',#1974);
#1569=CIRCLE('',#1975,1.);
#1570=VERTEX_POINT('',#1979);
#1571=LINE('',#1980,#1981);
#1572=VERTEX_POINT('',#1983);
#1573=CIRCLE('',#1984,1.00000000000001);
#1574=VERTEX_POINT('',#1988);
#1575=LINE('',#1989,#1990);
#1576=VERTEX_POINT('',#1992);
#1577=CIRCLE('',#1993,1.);
#1578=VERTEX_POINT('',#1997);
#1579=CIRCLE('',#1998,0.999999999999998);
#1580=VERTEX_POINT('',#2002);
#1581=LINE('',#2003,#2004);
#1582=VERTEX_POINT('',#2006);
#1583=CIRCLE('',#2007,0.999999999999996);
#1584=VERTEX_POINT('',#2011);
#1585=LINE('',#2012,#2013);
#1586=VERTEX_POINT('',#2015);
#1587=CIRCLE('',#2016,1.);
#1588=VERTEX_POINT('',#2020);
#1589=LINE('',#2021,#2022);
#1590=VERTEX_POINT('',#2024);
#1591=CIRCLE('',#2025,1.);
#1592=VERTEX_POINT('',#2029);
#1593=LINE('',#2030,#2031);
#1594=VERTEX_POINT('',#2033);
#1595=CIRCLE('',#2034,1.);
#1596=VERTEX_POINT('',#2038);
#1597=CIRCLE('',#2039,0.999999999999999);
#1598=VERTEX_POINT('',#2043);
#1599=LINE('',#2044,#2045);
#1600=VERTEX_POINT('',#2047);
#1601=CIRCLE('',#2048,0.999999999999996);
#1602=VERTEX_POINT('',#2052);
#1603=LINE('',#2053,#2054);
#1604=VERTEX_POINT('',#2056);
#1605=CIRCLE('',#2057,1.00000000000001);
#1606=VERTEX_POINT('',#2061);
#1607=LINE('',#2062,#2063);
#1608=VERTEX_POINT('',#2065);
#1609=CIRCLE('',#2066,1.00000000000001);
#1610=VERTEX_POINT('',#2070);
#1611=LINE('',#2071,#2072);
#1612=VERTEX_POINT('',#2074);
#1613=CIRCLE('',#2075,0.999999999999996);
#1614=VERTEX_POINT('',#2079);
#1615=CIRCLE('',#2080,1.);
#1616=VERTEX_POINT('',#2084);
#1617=LINE('',#2085,#2086);
#1618=VERTEX_POINT('',#2088);
#1619=CIRCLE('',#2089,0.999999999999996);
#1620=VERTEX_POINT('',#2093);
#1621=LINE('',#2094,#2095);
#1622=VERTEX_POINT('',#2097);
#1623=CIRCLE('',#2098,1.);
#1624=VERTEX_POINT('',#2102);
#1625=LINE('',#2103,#2104);
#1626=VERTEX_POINT('',#2106);
#1627=CIRCLE('',#2107,1.);
#1628=LINE('',#2111,#2112);
#1629=VERTEX_POINT('',#2114);
#1630=CIRCLE('',#2115,28.);
#1631=VERTEX_POINT('',#2119);
#1632=CIRCLE('',#2120,1.5);
#1633=VERTEX_POINT('',#2124);
#1634=CIRCLE('',#2125,1.5);
#1635=VERTEX_POINT('',#2129);
#1636=CIRCLE('',#2130,1.5);
#1637=VERTEX_POINT('',#2134);
#1638=VERTEX_POINT('',#2135);
#1639=LINE('',#2136,#2137);
#1640=LINE('',#2139,#2140);
#1641=LINE('',#2142,#2143);
#1642=VERTEX_POINT('',#2145);
#1643=LINE('',#2146,#2147);
#1644=LINE('',#2149,#2150);
#1645=VERTEX_POINT('',#2152);
#1646=VERTEX_POINT('',#2153);
#1647=LINE('',#2154,#2155);
#1648=VERTEX_POINT('',#2157);
#1649=LINE('',#2158,#2159);
#1650=VERTEX_POINT('',#2161);
#1651=LINE('',#2162,#2163);
#1652=LINE('',#2165,#2166);
#1653=VERTEX_POINT('',#2168);
#1654=VERTEX_POINT('',#2169);
#1655=LINE('',#2170,#2171);
#1656=VERTEX_POINT('',#2173);
#1657=LINE('',#2174,#2175);
#1658=LINE('',#2177,#2178);
#1659=VERTEX_POINT('',#2180);
#1660=LINE('',#2181,#2182);
#1661=LINE('',#2184,#2185);
#1662=VERTEX_POINT('',#2187);
#1663=VERTEX_POINT('',#2188);
#1664=LINE('',#2189,#2190);
#1665=LINE('',#2192,#2193);
#1666=VERTEX_POINT('',#2195);
#1667=LINE('',#2196,#2197);
#1668=LINE('',#2199,#2200);
#1669=VERTEX_POINT('',#2202);
#1670=VERTEX_POINT('',#2203);
#1671=LINE('',#2204,#2205);
#1672=VERTEX_POINT('',#2207);
#1673=LINE('',#2208,#2209);
#1674=VERTEX_POINT('',#2211);
#1675=LINE('',#2212,#2213);
#1676=LINE('',#2215,#2216);
#1677=VERTEX_POINT('',#2218);
#1678=VERTEX_POINT('',#2219);
#1679=LINE('',#2220,#2221);
#1680=VERTEX_POINT('',#2223);
#1681=LINE('',#2224,#2225);
#1682=LINE('',#2227,#2228);
#1683=VERTEX_POINT('',#2230);
#1684=LINE('',#2231,#2232);
#1685=LINE('',#2234,#2235);
#1686=VERTEX_POINT('',#2237);
#1687=VERTEX_POINT('',#2238);
#1688=LINE('',#2239,#2240);
#1689=LINE('',#2242,#2243);
#1690=VERTEX_POINT('',#2245);
#1691=LINE('',#2246,#2247);
#1692=LINE('',#2249,#2250);
#1693=VERTEX_POINT('',#2252);
#1694=VERTEX_POINT('',#2253);
#1695=LINE('',#2254,#2255);
#1696=VERTEX_POINT('',#2257);
#1697=LINE('',#2258,#2259);
#1698=VERTEX_POINT('',#2261);
#1699=LINE('',#2262,#2263);
#1700=LINE('',#2265,#2266);
#1701=VERTEX_POINT('',#2268);
#1702=VERTEX_POINT('',#2269);
#1703=LINE('',#2270,#2271);
#1704=VERTEX_POINT('',#2273);
#1705=LINE('',#2274,#2275);
#1706=LINE('',#2277,#2278);
#1707=VERTEX_POINT('',#2280);
#1708=LINE('',#2281,#2282);
#1709=VERTEX_POINT('',#2284);
#1710=LINE('',#2285,#2286);
#1711=VERTEX_POINT('',#2288);
#1712=LINE('',#2289,#2290);
#1713=LINE('',#2292,#2293);
#1714=VERTEX_POINT('',#2295);
#1715=VERTEX_POINT('',#2296);
#1716=LINE('',#2297,#2298);
#1717=VERTEX_POINT('',#2300);
#1718=LINE('',#2301,#2302);
#1719=VERTEX_POINT('',#2304);
#1720=LINE('',#2305,#2306);
#1721=LINE('',#2308,#2309);
#1722=VERTEX_POINT('',#2311);
#1723=VERTEX_POINT('',#2312);
#1724=LINE('',#2313,#2314);
#1725=VERTEX_POINT('',#2316);
#1726=LINE('',#2317,#2318);
#1727=LINE('',#2320,#2321);
#1728=LINE('',#2323,#2324);
#1729=VERTEX_POINT('',#2326);
#1730=LINE('',#2327,#2328);
#1731=VERTEX_POINT('',#2330);
#1732=LINE('',#2331,#2332);
#1733=LINE('',#2334,#2335);
#1734=VERTEX_POINT('',#2337);
#1735=LINE('',#2338,#2339);
#1736=VERTEX_POINT('',#2341);
#1737=LINE('',#2342,#2343);
#1738=LINE('',#2345,#2346);
#1739=VERTEX_POINT('',#2348);
#1740=CIRCLE('',#2349,1.5);
#1741=CIRCLE('',#2353,0.999999999999996);
#1742=CIRCLE('',#2357,0.999999999999996);
#1743=CIRCLE('',#2361,1.);
#1744=VERTEX_POINT('',#2365);
#1745=CIRCLE('',#2366,1.);
#1746=CIRCLE('',#2370,1.);
#1747=CIRCLE('',#2374,1.);
#1748=VERTEX_POINT('',#2378);
#1749=LINE('',#2379,#2380);
#1750=VERTEX_POINT('',#2382);
#1751=LINE('',#2383,#2384);
#1752=LINE('',#2386,#2387);
#1753=VERTEX_POINT('',#2389);
#1754=LINE('',#2390,#2391);
#1755=VERTEX_POINT('',#2393);
#1756=LINE('',#2394,#2395);
#1757=LINE('',#2397,#2398);
#1758=VERTEX_POINT('',#2400);
#1759=CIRCLE('',#2401,1.5);
#1760=CIRCLE('',#2405,1.);
#1761=LINE('',#2409,#2410);
#1762=CIRCLE('',#2412,1.);
#1763=CIRCLE('',#2416,0.999999999999993);
#1764=CIRCLE('',#2420,1.);
#1765=VERTEX_POINT('',#2424);
#1766=LINE('',#2425,#2426);
#1767=VERTEX_POINT('',#2428);
#1768=LINE('',#2429,#2430);
#1769=LINE('',#2432,#2433);
#1770=VERTEX_POINT('',#2435);
#1771=LINE('',#2436,#2437);
#1772=VERTEX_POINT('',#2439);
#1773=LINE('',#2440,#2441);
#1774=LINE('',#2443,#2444);
#1775=VERTEX_POINT('',#2446);
#1776=CIRCLE('',#2447,1.5);
#1777=CIRCLE('',#2451,1.);
#1778=CIRCLE('',#2455,1.00000000000001);
#1779=CIRCLE('',#2459,1.);
#1780=VERTEX_POINT('',#2463);
#1781=CIRCLE('',#2464,1.);
#1782=CIRCLE('',#2468,1.);
#1783=CIRCLE('',#2472,0.999999999999996);
#1784=VERTEX_POINT('',#2476);
#1785=LINE('',#2477,#2478);
#1786=VERTEX_POINT('',#2480);
#1787=LINE('',#2481,#2482);
#1788=LINE('',#2484,#2485);
#1789=VERTEX_POINT('',#2487);
#1790=LINE('',#2488,#2489);
#1791=VERTEX_POINT('',#2491);
#1792=LINE('',#2492,#2493);
#1793=LINE('',#2495,#2496);
#1794=VERTEX_POINT('',#2498);
#1795=CIRCLE('',#2499,1.5);
#1796=CIRCLE('',#2503,1.);
#1797=CIRCLE('',#2507,0.999999999999996);
#1798=CIRCLE('',#2511,1.);
#1799=VERTEX_POINT('',#2515);
#1800=CIRCLE('',#2516,1.);
#1801=CIRCLE('',#2520,1.);
#1802=CIRCLE('',#2524,1.);
#1803=VERTEX_POINT('',#2528);
#1804=LINE('',#2529,#2530);
#1805=VERTEX_POINT('',#2532);
#1806=LINE('',#2533,#2534);
#1807=LINE('',#2536,#2537);
#1808=VERTEX_POINT('',#2539);
#1809=CIRCLE('',#2540,28.);
#1810=VERTEX_POINT('',#2544);
#1811=VERTEX_POINT('',#2545);
#1812=LINE('',#2546,#2547);
#1813=VERTEX_POINT('',#2549);
#1814=LINE('',#2550,#2551);
#1815=VERTEX_POINT('',#2553);
#1816=LINE('',#2554,#2555);
#1817=VERTEX_POINT('',#2557);
#1818=LINE('',#2558,#2559);
#1819=VERTEX_POINT('',#2561);
#1820=LINE('',#2562,#2563);
#1821=VERTEX_POINT('',#2565);
#1822=LINE('',#2566,#2567);
#1823=VERTEX_POINT('',#2569);
#1824=LINE('',#2570,#2571);
#1825=LINE('',#2573,#2574);
#1826=CIRCLE('',#2576,1.00000000000001);
#1827=CIRCLE('',#2580,1.);
#1828=CIRCLE('',#2584,0.999999999999996);
#1829=CIRCLE('',#2588,1.);
#1830=CIRCLE('',#2592,1.00000000000001);
#1831=CIRCLE('',#2596,1.);
#1832=CIRCLE('',#2600,1.00000000000001);
#1833=CIRCLE('',#2604,1.);
#1834=CIRCLE('',#2608,1.);
#1835=CIRCLE('',#2612,1.);
#1836=CIRCLE('',#2616,1.);
#1837=CIRCLE('',#2620,1.);
#1838=VERTEX_POINT('',#2624);
#1839=CIRCLE('',#2625,1.15);
#1840=VERTEX_POINT('',#2629);
#1841=CIRCLE('',#2630,1.15);
#1842=VERTEX_POINT('',#2634);
#1843=CIRCLE('',#2635,1.15);
#1844=VERTEX_POINT('',#2639);
#1845=CIRCLE('',#2640,1.15);
#1846=VERTEX_POINT('',#2644);
#1847=CIRCLE('',#2645,23.);
#1848=VERTEX_POINT('',#2649);
#1849=VERTEX_POINT('',#2650);
#1850=LINE('',#2651,#2652);
#1851=LINE('',#2654,#2655);
#1852=LINE('',#2657,#2658);
#1853=VERTEX_POINT('',#2660);
#1854=LINE('',#2661,#2662);
#1855=VERTEX_POINT('',#2664);
#1856=LINE('',#2665,#2666);
#1857=LINE('',#2668,#2669);
#1858=VERTEX_POINT('',#2671);
#1859=LINE('',#2672,#2673);
#1860=VERTEX_POINT('',#2675);
#1861=LINE('',#2676,#2677);
#1862=LINE('',#2679,#2680);
#1863=VERTEX_POINT('',#2682);
#1864=LINE('',#2683,#2684);
#1865=VERTEX_POINT('',#2686);
#1866=LINE('',#2687,#2688);
#1867=LINE('',#2690,#2691);
#1868=VERTEX_POINT('',#2693);
#1869=CIRCLE('',#2694,1.15);
#1870=VERTEX_POINT('',#2698);
#1871=CIRCLE('',#2699,1.15);
#1872=VERTEX_POINT('',#2703);
#1873=CIRCLE('',#2704,1.15);
#1874=VERTEX_POINT('',#2708);
#1875=CIRCLE('',#2709,1.15);
#1876=VERTEX_POINT('',#2713);
#1877=CIRCLE('',#2714,23.);
#1878=VERTEX_POINT('',#2718);
#1879=VERTEX_POINT('',#2719);
#1880=LINE('',#2720,#2721);
#1881=VERTEX_POINT('',#2723);
#1882=CIRCLE('',#2724,2.25);
#1883=LINE('',#2728,#2729);
#1884=VERTEX_POINT('',#2731);
#1885=VERTEX_POINT('',#2732);
#1886=B_SPLINE_CURVE_WITH_KNOTS('',3,
(#2733,#2734,#2735,#2736,#2737,#2738,#2739,#2740,#2741,#2742,#2743,#2744,#2745,#2746,
#2747,#2748,#2749,#2750,#2751,#2752,#2753,#2754,#2755,#2756,#2757,#2758,#2759,#2760,
#2761,#2762,#2763,#2764,#2765),
.UNSPECIFIED.,.F.,.F.,
(4,1,1,1,1,1,1,1,1,1,1,1,1,1,1,1,1,1,1,1,1,1,1,1,1,1,1,1,1,1,4),
(0.,0.033066717598075,0.0660621516291513,0.0989831781370203,0.142728838308062,0.186458159912615,
0.230164451939829,0.262821953499471,0.295437764158004,0.33875506749801,0.381863794906952,
0.424733155777582,0.456653755379851,0.488424962356097,0.499984475930429,0.51992581580145,
0.551340343317312,0.582538267280524,0.613548924308821,0.654310455732879,0.694780158109635,
0.734993313682498,0.764818180268107,0.794540082938503,0.824145387965171,0.853688561374438,
0.883085037228971,0.91239626755191,0.941609607196821,0.970812491219584,1.),
.UNSPECIFIED.);
#1887=VERTEX_POINT('',#2766);
#1888=CIRCLE('',#2767,2.25);
#1889=VERTEX_POINT('',#2771);
#1890=B_SPLINE_CURVE_WITH_KNOTS('',3,
(#2772,#2773,#2774,#2775,#2776,#2777,#2778,#2779,#2780,#2781,#2782,#2783,#2784,#2785,
#2786,#2787,#2788,#2789,#2790),
.UNSPECIFIED.,.F.,.F.,
(4,1,1,1,1,1,1,1,1,1,1,1,1,1,1,1,4),
(0.,0.0630247420003025,0.126228006563315,0.1895744019602,0.25304583348892,0.316632732457127,
0.380298363936693,0.443927678518278,0.5072725416071,0.57039689202694,0.633153797449641,
0.695609148657401,0.75740474912511,0.818753467849806,0.879517608856338,0.939946809109893,
1.),
.UNSPECIFIED.);
#1891=VERTEX_POINT('',#2791);
#1892=B_SPLINE_CURVE_WITH_KNOTS('',3,
(#2792,#2793,#2794,#2795,#2796,#2797,#2798,#2799,#2800,#2801,#2802,#2803,#2804,#2805,
#2806,#2807,#2808,#2809,#2810),
.UNSPECIFIED.,.F.,.F.,
(4,1,1,1,1,1,1,1,1,1,1,1,1,1,1,1,4),
(0.,0.0629262996791519,0.126037878385335,0.189299676372062,0.252700818504632,0.316223675060975,
0.379845633923853,0.443445114352798,0.506783053932427,0.569913896946206,0.632701555544347,
0.695197551206301,0.757051145860888,0.81846720813272,0.879319851812261,0.939844380497776,
1.),
.UNSPECIFIED.);
#1893=CIRCLE('',#2811,2.25);
#1894=VERTEX_POINT('',#2815);
#1895=VERTEX_POINT('',#2816);
#1896=B_SPLINE_CURVE_WITH_KNOTS('',3,
(#2817,#2818,#2819,#2820,#2821,#2822,#2823,#2824,#2825,#2826,#2827,#2828,#2829,#2830,
#2831,#2832,#2833,#2834,#2835,#2836,#2837,#2838,#2839,#2840,#2841,#2842,#2843,#2844,
#2845,#2846,#2847,#2848,#2849,#2850),
.UNSPECIFIED.,.F.,.F.,
(4,1,1,1,1,1,1,1,1,1,1,1,1,1,1,1,1,1,1,1,1,1,1,1,1,1,1,1,1,1,1,4),
(0.,0.0329347522514258,0.0657994652975297,0.0985911262957712,0.131287727164269,0.163963548517616,
0.196629500404272,0.229263448008793,0.261798771786387,0.294294228367805,0.33746534384106,
0.380441497026686,0.423194621913542,0.45505101749336,0.48676980243013,0.499985574939035,
0.51823658426458,0.549624304648509,0.580818417931851,0.611842037513878,0.652666280077097,
0.693227643119105,0.733558689515693,0.763500436713555,0.793347040944245,0.823095584987282,
0.852790682078815,0.882351897494288,0.911830477371725,0.941226296824448,0.970617722371513,
1.),
.UNSPECIFIED.);
#1897=VERTEX_POINT('',#2851);
#1898=CIRCLE('',#2852,2.25);
#1899=VERTEX_POINT('',#2856);
#1900=CIRCLE('',#2857,2.25);
#1901=VERTEX_POINT('',#2861);
#1902=B_SPLINE_CURVE_WITH_KNOTS('',3,
(#2862,#2863,#2864,#2865,#2866,#2867,#2868,#2869,#2870,#2871,#2872,#2873,#2874,#2875,
#2876,#2877,#2878,#2879,#2880,#2881,#2882,#2883,#2884,#2885,#2886,#2887,#2888,#2889,
#2890,#2891,#2892,#2893,#2894),
.UNSPECIFIED.,.F.,.F.,
(4,1,1,1,1,1,1,1,1,1,1,1,1,1,1,1,1,1,1,1,1,1,1,1,1,1,1,1,1,1,4),
(0.,0.033046237107141,0.0660205132503087,0.098919712111572,0.142633677481513,0.186328657426117,
0.22999866709132,0.262626441947237,0.295211104490324,0.338485130438783,0.381551315159792,
0.424380495351233,0.456274645675332,0.488020996411828,0.499985118297275,0.519500453956082,
0.55089547339949,0.582080695207042,0.613083878730833,0.653850032531623,0.694334423937685,
0.734571983342607,0.76442595092732,0.794178939211321,0.823822612063819,0.853409240396337,
0.882856617226847,0.912221447885301,0.941490663120383,0.970751879492835,1.),
.UNSPECIFIED.);
#1903=CIRCLE('',#2895,2.25);
#1904=VERTEX_POINT('',#2899);
#1905=VERTEX_POINT('',#2900);
#1906=CIRCLE('',#2901,2.25);
#1907=VERTEX_POINT('',#2905);
#1908=B_SPLINE_CURVE_WITH_KNOTS('',3,
(#2906,#2907,#2908,#2909,#2910,#2911,#2912,#2913,#2914,#2915,#2916,#2917,#2918,#2919,
#2920,#2921,#2922,#2923,#2924),
.UNSPECIFIED.,.F.,.F.,
(4,1,1,1,1,1,1,1,1,1,1,1,1,1,1,1,4),
(0.,0.0630247420003046,0.126228006563324,0.189574401960202,0.253045833488937,0.316632732457132,
0.380298363936675,0.443927678518252,0.507272541607064,0.570396892026899,0.633153797449604,
0.695609148657354,0.757404749125057,0.818753467849765,0.879517608856332,0.939946809109894,
1.),
.UNSPECIFIED.);
#1909=B_SPLINE_CURVE_WITH_KNOTS('',3,
(#2925,#2926,#2927,#2928,#2929,#2930,#2931,#2932,#2933,#2934,#2935,#2936,#2937,#2938,
#2939,#2940,#2941,#2942,#2943),
.UNSPECIFIED.,.F.,.F.,
(4,1,1,1,1,1,1,1,1,1,1,1,1,1,1,1,4),
(0.,0.0629264250252475,0.12603811497098,0.189300009784852,0.252701265391305,0.316224307709797,
0.379846583648169,0.443446291101459,0.506784058658101,0.569914255872599,0.632701837407108,
0.695199006401715,0.757055040809872,0.818472162232178,0.87932309037623,0.93984605661635,
1.),
.UNSPECIFIED.);
#1910=B_SPLINE_CURVE_WITH_KNOTS('',3,
(#2944,#2945,#2946,#2947,#2948,#2949,#2950,#2951,#2952,#2953,#2954,#2955,#2956,#2957,
#2958,#2959,#2960,#2961,#2962,#2963,#2964,#2965,#2966,#2967,#2968,#2969,#2970,#2971,
#2972,#2973,#2974,#2975,#2976,#2977),
.UNSPECIFIED.,.F.,.F.,
(4,1,1,1,1,1,1,1,1,1,1,1,1,1,1,1,1,1,1,1,1,1,1,1,1,1,1,1,1,1,1,4),
(0.,0.0329656860200297,0.065862363027097,0.0986870061989305,0.131418848127963,0.164131527297529,
0.196837740163021,0.229513730822907,0.262093985583989,0.294636605441017,0.337872666120227,
0.380912271768019,0.423726468654407,0.455623604672265,0.487380240609786,0.499985605520894,
0.518879341343634,0.550296611460548,0.581510136349844,0.61254524548975,0.653362585444123,
0.693902309048418,0.734197798423347,0.764096127413901,0.793893644521978,0.823581388289414,
0.853210754513588,0.882698738071096,0.912102881073828,0.941411856537146,0.970712579666365,
1.),
.UNSPECIFIED.);
#1911=VERTEX_POINT('',#2978);
#1912=VERTEX_POINT('',#2979);
#1913=B_SPLINE_CURVE_WITH_KNOTS('',3,
(#2980,#2981,#2982,#2983,#2984,#2985,#2986,#2987,#2988,#2989,#2990,#2991,#2992,#2993,
#2994,#2995,#2996,#2997,#2998,#2999,#3000,#3001,#3002,#3003,#3004,#3005,#3006,#3007,
#3008,#3009,#3010,#3011,#3012,#3013),
.UNSPECIFIED.,.F.,.F.,
(4,1,1,1,1,1,1,1,1,1,1,1,1,1,1,1,1,1,1,1,1,1,1,1,1,1,1,1,1,1,1,4),
(0.,0.0329452229123705,0.0658207437843538,0.0986235464573787,0.131332030850039,0.164020253724196,
0.196699715615663,0.229347783671965,0.261898243507581,0.294409625275286,0.337602300268145,
0.380599255045291,0.423373182207772,0.455243785062746,0.486975514864226,0.499985630619808,
0.518453219823237,0.549850957258203,0.58105151784005,0.61207870684218,0.652900455990959,
0.693455426656032,0.733774504260685,0.763700680505959,0.793530574328067,0.823259389445811,
0.852932913002733,0.882469897361438,0.911923698647931,0.941289770324626,0.970650182948628,
1.),
.UNSPECIFIED.);
#1914=VERTEX_POINT('',#3014);
#1915=CIRCLE('',#3015,2.25);
#1916=VERTEX_POINT('',#3019);
#1917=B_SPLINE_CURVE_WITH_KNOTS('',3,
(#3020,#3021,#3022,#3023,#3024,#3025,#3026,#3027,#3028,#3029,#3030,#3031,#3032,#3033,
#3034,#3035,#3036,#3037,#3038,#3039,#3040,#3041,#3042,#3043,#3044,#3045,#3046,#3047,
#3048,#3049,#3050,#3051,#3052),
.UNSPECIFIED.,.F.,.F.,
(4,1,1,1,1,1,1,1,1,1,1,1,1,1,1,1,1,1,1,1,1,1,1,1,1,1,1,1,1,1,4),
(0.,0.033046237482485,0.0660205028628922,0.098919680713894,0.142633596973086,0.18632851496901,
0.229998451243027,0.262626163959975,0.295210763060703,0.338484705083821,0.381550812287467,
0.424379924095117,0.456274035478647,0.488020357146722,0.499984575465313,0.519499778511236,
0.550894706229695,0.582079798622471,0.613082935199712,0.653849282509532,0.694333547031791,
0.734570175785299,0.764423288764043,0.794177372154441,0.823823216047864,0.85341032344717,
0.882855980184677,0.912217372539143,0.941487745754744,0.970750231567859,1.),
.UNSPECIFIED.);
#1918=VERTEX_POINT('',#3053);
#1919=CIRCLE('',#3054,2.25);
#1920=CIRCLE('',#3058,2.25);
#1921=LINE('',#3062,#3063);
#1922=LINE('',#3065,#3066);
#1923=LINE('',#3068,#3069);
#1924=CIRCLE('',#3071,1.);
#1925=LINE('',#3075,#3076);
#1926=LINE('',#3078,#3079);
#1927=VERTEX_POINT('',#3081);
#1928=LINE('',#3082,#3083);
#1929=LINE('',#3085,#3086);
#1930=LINE('',#3088,#3089);
#1931=LINE('',#3091,#3092);
#1932=VERTEX_POINT('',#3094);
#1933=LINE('',#3095,#3096);
#1934=LINE('',#3098,#3099);
#1935=LINE('',#3101,#3102);
#1936=LINE('',#3104,#3105);
#1937=LINE('',#3107,#3108);
#1938=VERTEX_POINT('',#3110);
#1939=LINE('',#3111,#3112);
#1940=LINE('',#3114,#3115);
#1941=LINE('',#3117,#3118);
#1942=LINE('',#3120,#3121);
#1943=LINE('',#3123,#3124);
#1944=LINE('',#3126,#3127);
#1945=LINE('',#3129,#3130);
#1946=LINE('',#3132,#3133);
#1947=LINE('',#3135,#3136);
#1948=LINE('',#3138,#3139);
#1949=LINE('',#3141,#3142);
#1950=CARTESIAN_POINT('',(26.2,-28.7,0.));
#1951=AXIS2_PLACEMENT_3D('',#1952,#1953,#1954);
#1952=CARTESIAN_POINT('',(27.7,-28.7,0.));
#1953=DIRECTION('',(0.,0.,1.));
#1954=DIRECTION('',(-1.,1.22464679914735E-16,0.));
#1955=CARTESIAN_POINT('',(25.5,27.5,0.));
#1956=CARTESIAN_POINT('',(26.5,26.5,0.));
#1957=AXIS2_PLACEMENT_3D('',#1958,#1959,#1960);
#1958=CARTESIAN_POINT('',(26.5,27.5,0.));
#1959=DIRECTION('',(0.,0.,-1.));
#1960=DIRECTION('',(0.,-1.,0.));
#1961=CARTESIAN_POINT('',(25.5,31.3,0.));
#1962=CARTESIAN_POINT('',(25.5,27.5,0.));
#1963=VECTOR('',#1964,1.);
#1964=DIRECTION('',(9.3492465231592E-16,1.,0.));
#1965=CARTESIAN_POINT('',(26.3,32.2797958971133,0.));
#1966=AXIS2_PLACEMENT_3D('',#1967,#1968,#1969);
#1967=CARTESIAN_POINT('',(25.3,32.2797958971133,0.));
#1968=DIRECTION('',(0.,0.,1.));
#1969=DIRECTION('',(0.199999999999999,-0.979795897113272,0.));
#1970=CARTESIAN_POINT('',(26.3,34.3,0.));
#1971=CARTESIAN_POINT('',(26.3,32.2797958971133,0.));
#1972=VECTOR('',#1973,1.);
#1973=DIRECTION('',(0.,1.,0.));
#1974=CARTESIAN_POINT('',(25.3,35.3,0.));
#1975=AXIS2_PLACEMENT_3D('',#1976,#1977,#1978);
#1976=CARTESIAN_POINT('',(25.3,34.3,0.));
#1977=DIRECTION('',(0.,0.,1.));
#1978=DIRECTION('',(1.,0.,0.));
#1979=CARTESIAN_POINT('',(-25.3,35.3,0.));
#1980=CARTESIAN_POINT('',(25.3,35.3,0.));
#1981=VECTOR('',#1982,1.);
#1982=DIRECTION('',(-1.,4.21270396695712E-16,0.));
#1983=CARTESIAN_POINT('',(-26.3,34.3,0.));
#1984=AXIS2_PLACEMENT_3D('',#1985,#1986,#1987);
#1985=CARTESIAN_POINT('',(-25.3,34.3,0.));
#1986=DIRECTION('',(0.,0.,1.));
#1987=DIRECTION('',(-3.55271367880045E-15,1.,0.));
#1988=CARTESIAN_POINT('',(-26.3,32.2797958971133,0.));
#1989=CARTESIAN_POINT('',(-26.3,34.3,0.));
#1990=VECTOR('',#1991,1.);
#1991=DIRECTION('',(-1.75859145802343E-15,-1.,0.));
#1992=CARTESIAN_POINT('',(-25.9,31.4797958971133,0.));
#1993=AXIS2_PLACEMENT_3D('',#1994,#1995,#1996);
#1994=CARTESIAN_POINT('',(-25.3,32.2797958971133,0.));
#1995=DIRECTION('',(0.,0.,1.));
#1996=DIRECTION('',(-1.,0.,0.));
#1997=CARTESIAN_POINT('',(-25.5,30.6797958971133,1.11022302462516E-16));
#1998=AXIS2_PLACEMENT_3D('',#1999,#2000,#2001);
#1999=CARTESIAN_POINT('',(-26.5,30.6797958971133,0.));
#2000=DIRECTION('',(0.,0.,-1.));
#2001=DIRECTION('',(0.600000000000021,0.799999999999985,0.));
#2002=CARTESIAN_POINT('',(-25.5,27.5,-8.14163551391781E-16));
#2003=CARTESIAN_POINT('',(-25.5,30.6797958971133,0.));
#2004=VECTOR('',#2005,1.);
#2005=DIRECTION('',(0.,-1.,0.));
#2006=CARTESIAN_POINT('',(-26.5,26.5,-8.88178419700125E-16));
#2007=AXIS2_PLACEMENT_3D('',#2008,#2009,#2010);
#2008=CARTESIAN_POINT('',(-26.5,27.5,0.));
#2009=DIRECTION('',(0.,0.,-1.));
#2010=DIRECTION('',(1.,0.,0.));
#2011=CARTESIAN_POINT('',(-29.3,26.5,0.));
#2012=CARTESIAN_POINT('',(-26.5,26.5,0.));
#2013=VECTOR('',#2014,1.);
#2014=DIRECTION('',(-1.,0.,0.));
#2015=CARTESIAN_POINT('',(-30.3,25.5,0.));
#2016=AXIS2_PLACEMENT_3D('',#2017,#2018,#2019);
#2017=CARTESIAN_POINT('',(-29.3,25.5,0.));
#2018=DIRECTION('',(0.,0.,1.));
#2019=DIRECTION('',(0.,1.,0.));
#2020=CARTESIAN_POINT('',(-30.3,-30.3,0.));
#2021=CARTESIAN_POINT('',(-30.3,25.5,0.));
#2022=VECTOR('',#2023,1.);
#2023=DIRECTION('',(-6.36687039211559E-17,-1.,0.));
#2024=CARTESIAN_POINT('',(-29.3,-31.3,0.));
#2025=AXIS2_PLACEMENT_3D('',#2026,#2027,#2028);
#2026=CARTESIAN_POINT('',(-29.3,-30.3,0.));
#2027=DIRECTION('',(0.,0.,1.));
#2028=DIRECTION('',(-1.,1.06581410364015E-14,0.));
#2029=CARTESIAN_POINT('',(-27.3,-31.3,0.));
#2030=CARTESIAN_POINT('',(-29.3,-31.3,0.));
#2031=VECTOR('',#2032,1.);
#2032=DIRECTION('',(1.,0.,0.));
#2033=CARTESIAN_POINT('',(-26.3834848610088,-30.7,-2.96059473233375E-16));
#2034=AXIS2_PLACEMENT_3D('',#2035,#2036,#2037);
#2035=CARTESIAN_POINT('',(-27.3,-30.3,0.));
#2036=DIRECTION('',(0.,0.,1.));
#2037=DIRECTION('',(0.,-1.,0.));
#2038=CARTESIAN_POINT('',(-25.4669697220177,-30.1,-2.22044604925031E-16));
#2039=AXIS2_PLACEMENT_3D('',#2040,#2041,#2042);
#2040=CARTESIAN_POINT('',(-25.4669697220177,-31.1,0.));
#2041=DIRECTION('',(0.,0.,-1.));
#2042=DIRECTION('',(-0.916515138991159,0.40000000000002,0.));
#2043=CARTESIAN_POINT('',(-22.1,-30.1,0.));
#2044=CARTESIAN_POINT('',(-25.4669697220177,-30.1,0.));
#2045=VECTOR('',#2046,1.);
#2046=DIRECTION('',(1.,-1.05516650641917E-15,0.));
#2047=CARTESIAN_POINT('',(-21.1,-31.1,0.));
#2048=AXIS2_PLACEMENT_3D('',#2049,#2050,#2051);
#2049=CARTESIAN_POINT('',(-22.1,-31.1,0.));
#2050=DIRECTION('',(0.,0.,-1.));
#2051=DIRECTION('',(0.,1.,0.));
#2052=CARTESIAN_POINT('',(-21.1,-34.3,0.));
#2053=CARTESIAN_POINT('',(-21.1,-31.1,0.));
#2054=VECTOR('',#2055,1.);
#2055=DIRECTION('',(-1.11022302462517E-15,-1.,0.));
#2056=CARTESIAN_POINT('',(-20.1,-35.3,0.));
#2057=AXIS2_PLACEMENT_3D('',#2058,#2059,#2060);
#2058=CARTESIAN_POINT('',(-20.1,-34.3,0.));
#2059=DIRECTION('',(0.,0.,1.));
#2060=DIRECTION('',(-1.,0.,0.));
#2061=CARTESIAN_POINT('',(25.3,-35.3,0.));
#2062=CARTESIAN_POINT('',(-20.1,-35.3,0.));
#2063=VECTOR('',#2064,1.);
#2064=DIRECTION('',(1.,-4.69521631559537E-16,0.));
#2065=CARTESIAN_POINT('',(26.3,-34.3,0.));
#2066=AXIS2_PLACEMENT_3D('',#2067,#2068,#2069);
#2067=CARTESIAN_POINT('',(25.3,-34.3,0.));
#2068=DIRECTION('',(0.,0.,1.));
#2069=DIRECTION('',(1.77635683940024E-14,-1.,0.));
#2070=CARTESIAN_POINT('',(26.3,-32.3,0.));
#2071=CARTESIAN_POINT('',(26.3,-34.3,0.));
#2072=VECTOR('',#2073,1.);
#2073=DIRECTION('',(0.,1.,0.));
#2074=CARTESIAN_POINT('',(25.7,-31.3834848610088,-2.96059473233375E-16));
#2075=AXIS2_PLACEMENT_3D('',#2076,#2077,#2078);
#2076=CARTESIAN_POINT('',(25.3,-32.3,0.));
#2077=DIRECTION('',(0.,0.,1.));
#2078=DIRECTION('',(1.,0.,0.));
#2079=CARTESIAN_POINT('',(25.1,-30.4669697220176,-2.22044604925031E-16));
#2080=AXIS2_PLACEMENT_3D('',#2081,#2082,#2083);
#2081=CARTESIAN_POINT('',(26.1,-30.4669697220176,0.));
#2082=DIRECTION('',(0.,0.,-1.));
#2083=DIRECTION('',(-0.399999999999994,-0.916515138991171,0.));
#2084=CARTESIAN_POINT('',(25.1,-27.1,0.));
#2085=CARTESIAN_POINT('',(25.1,-30.4669697220176,0.));
#2086=VECTOR('',#2087,1.);
#2087=DIRECTION('',(1.05516650641919E-15,1.,0.));
#2088=CARTESIAN_POINT('',(26.1,-26.1,0.));
#2089=AXIS2_PLACEMENT_3D('',#2090,#2091,#2092);
#2090=CARTESIAN_POINT('',(26.1,-27.1,0.));
#2091=DIRECTION('',(0.,0.,-1.));
#2092=DIRECTION('',(-1.,0.,0.));
#2093=CARTESIAN_POINT('',(29.3,-26.1,0.));
#2094=CARTESIAN_POINT('',(26.1,-26.1,0.));
#2095=VECTOR('',#2096,1.);
#2096=DIRECTION('',(1.,0.,0.));
#2097=CARTESIAN_POINT('',(30.3,-25.1,0.));
#2098=AXIS2_PLACEMENT_3D('',#2099,#2100,#2101);
#2099=CARTESIAN_POINT('',(29.3,-25.1,0.));
#2100=DIRECTION('',(0.,0.,1.));
#2101=DIRECTION('',(0.,-1.,0.));
#2102=CARTESIAN_POINT('',(30.3,25.5,0.));
#2103=CARTESIAN_POINT('',(30.3,-25.1,0.));
#2104=VECTOR('',#2105,1.);
#2105=DIRECTION('',(-7.02117327826186E-17,1.,0.));
#2106=CARTESIAN_POINT('',(29.3,26.5,0.));
#2107=AXIS2_PLACEMENT_3D('',#2108,#2109,#2110);
#2108=CARTESIAN_POINT('',(29.3,25.5,0.));
#2109=DIRECTION('',(0.,0.,1.));
#2110=DIRECTION('',(1.,0.,0.));
#2111=CARTESIAN_POINT('',(29.3,26.5,0.));
#2112=VECTOR('',#2113,1.);
#2113=DIRECTION('',(-1.,0.,0.));
#2114=CARTESIAN_POINT('',(-28.,-6.3,0.));
#2115=AXIS2_PLACEMENT_3D('',#2116,#2117,#2118);
#2116=CARTESIAN_POINT('',(2.50733564445413E-15,-6.3,0.));
#2117=DIRECTION('',(0.,0.,1.));
#2118=DIRECTION('',(-1.,1.22464679914735E-16,0.));
#2119=CARTESIAN_POINT('',(-25.2,-32.7,0.));
#2120=AXIS2_PLACEMENT_3D('',#2121,#2122,#2123);
#2121=CARTESIAN_POINT('',(-23.7,-32.7,0.));
#2122=DIRECTION('',(0.,0.,1.));
#2123=DIRECTION('',(-1.,1.22464679914735E-16,0.));
#2124=CARTESIAN_POINT('',(26.4,28.9,0.));
#2125=AXIS2_PLACEMENT_3D('',#2126,#2127,#2128);
#2126=CARTESIAN_POINT('',(27.9,28.9,0.));
#2127=DIRECTION('',(0.,0.,1.));
#2128=DIRECTION('',(-1.,1.22464679914735E-16,0.));
#2129=CARTESIAN_POINT('',(-29.4,28.9,0.));
#2130=AXIS2_PLACEMENT_3D('',#2131,#2132,#2133);
#2131=CARTESIAN_POINT('',(-27.9,28.9,0.));
#2132=DIRECTION('',(0.,0.,1.));
#2133=DIRECTION('',(-1.,1.22464679914735E-16,0.));
#2134=CARTESIAN_POINT('',(-26.3,32.3,6.5));
#2135=CARTESIAN_POINT('',(-26.3,32.3,8.));
#2136=CARTESIAN_POINT('',(-26.3,32.3,6.5));
#2137=VECTOR('',#2138,1.);
#2138=DIRECTION('',(0.,0.,1.));
#2139=CARTESIAN_POINT('',(-26.3,32.3,6.5));
#2140=VECTOR('',#2141,1.);
#2141=DIRECTION('',(0.,-1.,0.));
#2142=CARTESIAN_POINT('',(-26.3,32.2797958971133,0.));
#2143=VECTOR('',#2144,1.);
#2144=DIRECTION('',(0.,0.,1.));
#2145=CARTESIAN_POINT('',(-26.3,34.3,8.));
#2146=CARTESIAN_POINT('',(-26.3,34.3,8.));
#2147=VECTOR('',#2148,1.);
#2148=DIRECTION('',(0.,0.,-1.));
#2149=CARTESIAN_POINT('',(-26.3,32.3,8.));
#2150=VECTOR('',#2151,1.);
#2151=DIRECTION('',(0.,1.,0.));
#2152=CARTESIAN_POINT('',(-29.3,31.3,8.));
#2153=CARTESIAN_POINT('',(-29.3,31.3,6.5));
#2154=CARTESIAN_POINT('',(-29.3,31.3,6.5));
#2155=VECTOR('',#2156,1.);
#2156=DIRECTION('',(0.,0.,1.));
#2157=CARTESIAN_POINT('',(-27.3,31.3,6.5));
#2158=CARTESIAN_POINT('',(-27.3,31.3,6.5));
#2159=VECTOR('',#2160,1.);
#2160=DIRECTION('',(-1.,1.77635683940024E-15,0.));
#2161=CARTESIAN_POINT('',(-27.3,31.3,8.));
#2162=CARTESIAN_POINT('',(-27.3,31.3,6.5));
#2163=VECTOR('',#2164,1.);
#2164=DIRECTION('',(0.,0.,1.));
#2165=CARTESIAN_POINT('',(-29.3,31.3,8.));
#2166=VECTOR('',#2167,1.);
#2167=DIRECTION('',(1.,-1.77635683940024E-15,0.));
#2168=CARTESIAN_POINT('',(-30.3,30.3,8.));
#2169=CARTESIAN_POINT('',(-30.3,30.3,6.5));
#2170=CARTESIAN_POINT('',(-30.3,30.3,6.5));
#2171=VECTOR('',#2172,1.);
#2172=DIRECTION('',(0.,0.,1.));
#2173=CARTESIAN_POINT('',(-30.3,-30.3,8.));
#2174=CARTESIAN_POINT('',(-30.3,30.3,8.));
#2175=VECTOR('',#2176,1.);
#2176=DIRECTION('',(-5.86256382640347E-17,-1.,0.));
#2177=CARTESIAN_POINT('',(-30.3,-30.3,8.));
#2178=VECTOR('',#2179,1.);
#2179=DIRECTION('',(0.,0.,-1.));
#2180=CARTESIAN_POINT('',(-30.3,25.5,6.5));
#2181=CARTESIAN_POINT('',(-30.3,25.5,0.));
#2182=VECTOR('',#2183,1.);
#2183=DIRECTION('',(0.,0.,1.));
#2184=CARTESIAN_POINT('',(-30.3,25.5,6.5));
#2185=VECTOR('',#2186,1.);
#2186=DIRECTION('',(0.,1.,0.));
#2187=CARTESIAN_POINT('',(-27.3,-31.3,6.5));
#2188=CARTESIAN_POINT('',(-27.3,-31.3,8.));
#2189=CARTESIAN_POINT('',(-27.3,-31.3,6.5));
#2190=VECTOR('',#2191,1.);
#2191=DIRECTION('',(0.,0.,1.));
#2192=CARTESIAN_POINT('',(-27.3,-31.3,0.));
#2193=VECTOR('',#2194,1.);
#2194=DIRECTION('',(0.,0.,1.));
#2195=CARTESIAN_POINT('',(-29.3,-31.3,8.));
#2196=CARTESIAN_POINT('',(-29.3,-31.3,8.));
#2197=VECTOR('',#2198,1.);
#2198=DIRECTION('',(0.,0.,-1.));
#2199=CARTESIAN_POINT('',(-27.3,-31.3,8.));
#2200=VECTOR('',#2201,1.);
#2201=DIRECTION('',(-1.,1.77635683940025E-15,0.));
#2202=CARTESIAN_POINT('',(-26.3,-34.3,8.));
#2203=CARTESIAN_POINT('',(-26.3,-34.3,6.5));
#2204=CARTESIAN_POINT('',(-26.3,-34.3,6.5));
#2205=VECTOR('',#2206,1.);
#2206=DIRECTION('',(0.,0.,1.));
#2207=CARTESIAN_POINT('',(-26.3,-32.3,6.5));
#2208=CARTESIAN_POINT('',(-26.3,-32.3,6.5));
#2209=VECTOR('',#2210,1.);
#2210=DIRECTION('',(0.,-1.,0.));
#2211=CARTESIAN_POINT('',(-26.3,-32.3,8.));
#2212=CARTESIAN_POINT('',(-26.3,-32.3,6.5));
#2213=VECTOR('',#2214,1.);
#2214=DIRECTION('',(0.,0.,1.));
#2215=CARTESIAN_POINT('',(-26.3,-34.3,8.));
#2216=VECTOR('',#2217,1.);
#2217=DIRECTION('',(0.,1.,0.));
#2218=CARTESIAN_POINT('',(-25.3,-35.3,8.));
#2219=CARTESIAN_POINT('',(-25.3,-35.3,6.5));
#2220=CARTESIAN_POINT('',(-25.3,-35.3,6.5));
#2221=VECTOR('',#2222,1.);
#2222=DIRECTION('',(0.,0.,1.));
#2223=CARTESIAN_POINT('',(25.3,-35.3,8.));
#2224=CARTESIAN_POINT('',(-25.3,-35.3,8.));
#2225=VECTOR('',#2226,1.);
#2226=DIRECTION('',(1.,-1.40423465565237E-16,0.));
#2227=CARTESIAN_POINT('',(25.3,-35.3,8.));
#2228=VECTOR('',#2229,1.);
#2229=DIRECTION('',(0.,0.,-1.));
#2230=CARTESIAN_POINT('',(-20.1,-35.3,6.5));
#2231=CARTESIAN_POINT('',(-20.1,-35.3,0.));
#2232=VECTOR('',#2233,1.);
#2233=DIRECTION('',(0.,0.,1.));
#2234=CARTESIAN_POINT('',(-20.1,-35.3,6.5));
#2235=VECTOR('',#2236,1.);
#2236=DIRECTION('',(-1.,0.,0.));
#2237=CARTESIAN_POINT('',(26.3,-32.3,6.5));
#2238=CARTESIAN_POINT('',(26.3,-32.3,8.));
#2239=CARTESIAN_POINT('',(26.3,-32.3,6.5));
#2240=VECTOR('',#2241,1.);
#2241=DIRECTION('',(0.,0.,1.));
#2242=CARTESIAN_POINT('',(26.3,-32.3,0.));
#2243=VECTOR('',#2244,1.);
#2244=DIRECTION('',(0.,0.,1.));
#2245=CARTESIAN_POINT('',(26.3,-34.3,8.));
#2246=CARTESIAN_POINT('',(26.3,-34.3,8.));
#2247=VECTOR('',#2248,1.);
#2248=DIRECTION('',(0.,0.,-1.));
#2249=CARTESIAN_POINT('',(26.3,-32.3,8.));
#2250=VECTOR('',#2251,1.);
#2251=DIRECTION('',(0.,-1.,0.));
#2252=CARTESIAN_POINT('',(29.3,-31.3,8.));
#2253=CARTESIAN_POINT('',(29.3,-31.3,6.5));
#2254=CARTESIAN_POINT('',(29.3,-31.3,6.5));
#2255=VECTOR('',#2256,1.);
#2256=DIRECTION('',(0.,0.,1.));
#2257=CARTESIAN_POINT('',(27.3,-31.3,6.5));
#2258=CARTESIAN_POINT('',(27.3,-31.3,6.5));
#2259=VECTOR('',#2260,1.);
#2260=DIRECTION('',(1.,-1.77635683940024E-15,0.));
#2261=CARTESIAN_POINT('',(27.3,-31.3,8.));
#2262=CARTESIAN_POINT('',(27.3,-31.3,6.5));
#2263=VECTOR('',#2264,1.);
#2264=DIRECTION('',(0.,0.,1.));
#2265=CARTESIAN_POINT('',(29.3,-31.3,8.));
#2266=VECTOR('',#2267,1.);
#2267=DIRECTION('',(-1.,0.,0.));
#2268=CARTESIAN_POINT('',(30.3,30.3,6.5));
#2269=CARTESIAN_POINT('',(30.3,30.3,8.));
#2270=CARTESIAN_POINT('',(30.3,30.3,8.));
#2271=VECTOR('',#2272,1.);
#2272=DIRECTION('',(0.,0.,-1.));
#2273=CARTESIAN_POINT('',(30.3,25.5,6.5));
#2274=CARTESIAN_POINT('',(30.3,30.3,6.5));
#2275=VECTOR('',#2276,1.);
#2276=DIRECTION('',(0.,-1.,0.));
#2277=CARTESIAN_POINT('',(30.3,25.5,6.5));
#2278=VECTOR('',#2279,1.);
#2279=DIRECTION('',(0.,0.,-1.));
#2280=CARTESIAN_POINT('',(30.3,-25.1,6.5));
#2281=CARTESIAN_POINT('',(30.3,-25.1,0.));
#2282=VECTOR('',#2283,1.);
#2283=DIRECTION('',(0.,0.,1.));
#2284=CARTESIAN_POINT('',(30.3,-30.3,6.5));
#2285=CARTESIAN_POINT('',(30.3,-25.1,6.5));
#2286=VECTOR('',#2287,1.);
#2287=DIRECTION('',(6.83214169000103E-16,-1.,0.));
#2288=CARTESIAN_POINT('',(30.3,-30.3,8.));
#2289=CARTESIAN_POINT('',(30.3,-30.3,6.5));
#2290=VECTOR('',#2291,1.);
#2291=DIRECTION('',(0.,0.,1.));
#2292=CARTESIAN_POINT('',(30.3,-30.3,8.));
#2293=VECTOR('',#2294,1.);
#2294=DIRECTION('',(0.,1.,0.));
#2295=CARTESIAN_POINT('',(27.3,31.3,6.5));
#2296=CARTESIAN_POINT('',(27.3,31.3,8.));
#2297=CARTESIAN_POINT('',(27.3,31.3,6.5));
#2298=VECTOR('',#2299,1.);
#2299=DIRECTION('',(0.,0.,1.));
#2300=CARTESIAN_POINT('',(29.3,31.3,6.5));
#2301=CARTESIAN_POINT('',(29.3,31.3,6.5));
#2302=VECTOR('',#2303,1.);
#2303=DIRECTION('',(-1.,1.77635683940024E-15,0.));
#2304=CARTESIAN_POINT('',(29.3,31.3,8.));
#2305=CARTESIAN_POINT('',(29.3,31.3,8.));
#2306=VECTOR('',#2307,1.);
#2307=DIRECTION('',(0.,0.,-1.));
#2308=CARTESIAN_POINT('',(27.3,31.3,8.));
#2309=VECTOR('',#2310,1.);
#2310=DIRECTION('',(1.,0.,0.));
#2311=CARTESIAN_POINT('',(26.3,32.2919183588453,6.5));
#2312=CARTESIAN_POINT('',(26.3,32.3,8.));
#2313=CARTESIAN_POINT('',(26.3,32.3,6.5));
#2314=VECTOR('',#2315,1.);
#2315=DIRECTION('',(0.,0.,1.));
#2316=CARTESIAN_POINT('',(26.3,34.3,8.));
#2317=CARTESIAN_POINT('',(26.3,34.3,8.));
#2318=VECTOR('',#2319,1.);
#2319=DIRECTION('',(3.55271367880051E-15,-1.,0.));
#2320=CARTESIAN_POINT('',(26.3,34.3,0.));
#2321=VECTOR('',#2322,1.);
#2322=DIRECTION('',(0.,0.,1.));
#2323=CARTESIAN_POINT('',(26.3,32.2797958971133,6.5));
#2324=VECTOR('',#2325,1.);
#2325=DIRECTION('',(0.,0.,-1.));
#2326=CARTESIAN_POINT('',(-26.5,26.5,6.5));
#2327=CARTESIAN_POINT('',(-26.5,26.5,-1.77635683940025E-15));
#2328=VECTOR('',#2329,1.);
#2329=DIRECTION('',(0.,0.,1.));
#2330=CARTESIAN_POINT('',(-29.3,26.5,6.5));
#2331=CARTESIAN_POINT('',(-29.3,26.5,6.5));
#2332=VECTOR('',#2333,1.);
#2333=DIRECTION('',(1.,0.,0.));
#2334=CARTESIAN_POINT('',(-29.3,26.5,0.));
#2335=VECTOR('',#2336,1.);
#2336=DIRECTION('',(0.,0.,1.));
#2337=CARTESIAN_POINT('',(-25.5,30.6797958971133,6.5));
#2338=CARTESIAN_POINT('',(-25.5,30.6797958971133,3.33066907387547E-16));
#2339=VECTOR('',#2340,1.);
#2340=DIRECTION('',(0.,0.,1.));
#2341=CARTESIAN_POINT('',(-25.5,27.5,6.5));
#2342=CARTESIAN_POINT('',(-25.5,27.5,6.5));
#2343=VECTOR('',#2344,1.);
#2344=DIRECTION('',(0.,1.,0.));
#2345=CARTESIAN_POINT('',(-25.5,27.5,-1.55431223447522E-15));
#2346=VECTOR('',#2347,1.);
#2347=DIRECTION('',(0.,0.,1.));
#2348=CARTESIAN_POINT('',(-29.4,28.9,6.5));
#2349=AXIS2_PLACEMENT_3D('',#2350,#2351,#2352);
#2350=CARTESIAN_POINT('',(-27.9,28.9,6.5));
#2351=DIRECTION('',(0.,0.,1.));
#2352=DIRECTION('',(-1.,1.22464679914735E-16,0.));
#2353=AXIS2_PLACEMENT_3D('',#2354,#2355,#2356);
#2354=CARTESIAN_POINT('',(-29.3,30.3,6.5));
#2355=DIRECTION('',(0.,0.,1.));
#2356=DIRECTION('',(0.,1.,0.));
#2357=AXIS2_PLACEMENT_3D('',#2358,#2359,#2360);
#2358=CARTESIAN_POINT('',(-29.3,25.5,6.5));
#2359=DIRECTION('',(0.,0.,-1.));
#2360=DIRECTION('',(-1.,0.,0.));
#2361=AXIS2_PLACEMENT_3D('',#2362,#2363,#2364);
#2362=CARTESIAN_POINT('',(-26.5,27.5,6.5));
#2363=DIRECTION('',(0.,0.,1.));
#2364=DIRECTION('',(0.,-1.,0.));
#2365=CARTESIAN_POINT('',(-25.8999999999988,31.4797958971124,6.5));
#2366=AXIS2_PLACEMENT_3D('',#2367,#2368,#2369);
#2367=CARTESIAN_POINT('',(-26.5,30.6797958971133,6.5));
#2368=DIRECTION('',(0.,0.,1.));
#2369=DIRECTION('',(1.,-3.55271367880049E-15,0.));
#2370=AXIS2_PLACEMENT_3D('',#2371,#2372,#2373);
#2371=CARTESIAN_POINT('',(-25.3,32.2797958971133,6.5));
#2372=DIRECTION('',(0.,0.,-1.));
#2373=DIRECTION('',(-0.599999999998238,-0.800000000001321,0.));
#2374=AXIS2_PLACEMENT_3D('',#2375,#2376,#2377);
#2375=CARTESIAN_POINT('',(-27.3,32.3,6.5));
#2376=DIRECTION('',(0.,0.,1.));
#2377=DIRECTION('',(0.,-1.,0.));
#2378=CARTESIAN_POINT('',(25.5,27.5,6.5));
#2379=CARTESIAN_POINT('',(25.5,27.5,0.));
#2380=VECTOR('',#2381,1.);
#2381=DIRECTION('',(0.,0.,1.));
#2382=CARTESIAN_POINT('',(25.7,31.3,6.5));
#2383=CARTESIAN_POINT('',(25.5,31.3,6.5));
#2384=VECTOR('',#2385,1.);
#2385=DIRECTION('',(0.,-1.,0.));
#2386=CARTESIAN_POINT('',(25.5,31.3,6.5));
#2387=VECTOR('',#2388,1.);
#2388=DIRECTION('',(0.,0.,-1.));
#2389=CARTESIAN_POINT('',(26.5,26.5,6.5));
#2390=CARTESIAN_POINT('',(26.5,26.5,0.));
#2391=VECTOR('',#2392,1.);
#2392=DIRECTION('',(0.,0.,1.));
#2393=CARTESIAN_POINT('',(29.3,26.5,6.5));
#2394=CARTESIAN_POINT('',(29.3,26.5,6.5));
#2395=VECTOR('',#2396,1.);
#2396=DIRECTION('',(0.,0.,-1.));
#2397=CARTESIAN_POINT('',(26.5,26.5,6.5));
#2398=VECTOR('',#2399,1.);
#2399=DIRECTION('',(1.,0.,0.));
#2400=CARTESIAN_POINT('',(26.4,28.9,6.5));
#2401=AXIS2_PLACEMENT_3D('',#2402,#2403,#2404);
#2402=CARTESIAN_POINT('',(27.9,28.9,6.5));
#2403=DIRECTION('',(0.,0.,1.));
#2404=DIRECTION('',(-1.,1.22464679914735E-16,0.));
#2405=AXIS2_PLACEMENT_3D('',#2406,#2407,#2408);
#2406=CARTESIAN_POINT('',(27.3,32.3,6.5));
#2407=DIRECTION('',(0.,0.,-1.));
#2408=DIRECTION('',(0.,-1.,0.));
#2409=CARTESIAN_POINT('',(26.3,32.3,6.5));
#2410=VECTOR('',#2411,1.);
#2411=DIRECTION('',(0.,-1.,0.));
#2412=AXIS2_PLACEMENT_3D('',#2413,#2414,#2415);
#2413=CARTESIAN_POINT('',(26.5,27.5,6.5));
#2414=DIRECTION('',(0.,0.,1.));
#2415=DIRECTION('',(-1.,0.,0.));
#2416=AXIS2_PLACEMENT_3D('',#2417,#2418,#2419);
#2417=CARTESIAN_POINT('',(29.3,25.5,6.5));
#2418=DIRECTION('',(0.,0.,-1.));
#2419=DIRECTION('',(0.,1.,0.));
#2420=AXIS2_PLACEMENT_3D('',#2421,#2422,#2423);
#2421=CARTESIAN_POINT('',(29.3,30.3,6.5));
#2422=DIRECTION('',(0.,0.,1.));
#2423=DIRECTION('',(1.,0.,0.));
#2424=CARTESIAN_POINT('',(-21.1,-31.1,6.5));
#2425=CARTESIAN_POINT('',(-21.1,-31.1,0.));
#2426=VECTOR('',#2427,1.);
#2427=DIRECTION('',(0.,0.,1.));
#2428=CARTESIAN_POINT('',(-21.1,-34.3,6.5));
#2429=CARTESIAN_POINT('',(-21.1,-34.3,6.5));
#2430=VECTOR('',#2431,1.);
#2431=DIRECTION('',(0.,1.,0.));
#2432=CARTESIAN_POINT('',(-21.1,-34.3,0.));
#2433=VECTOR('',#2434,1.);
#2434=DIRECTION('',(0.,0.,1.));
#2435=CARTESIAN_POINT('',(-22.1,-30.1,6.5));
#2436=CARTESIAN_POINT('',(-22.1,-30.1,0.));
#2437=VECTOR('',#2438,1.);
#2438=DIRECTION('',(0.,0.,1.));
#2439=CARTESIAN_POINT('',(-25.4669697220177,-30.1,6.5));
#2440=CARTESIAN_POINT('',(-25.4669697220177,-30.1,-4.44089209850063E-16));
#2441=VECTOR('',#2442,1.);
#2442=DIRECTION('',(0.,0.,1.));
#2443=CARTESIAN_POINT('',(-22.1,-30.1,6.5));
#2444=VECTOR('',#2445,1.);
#2445=DIRECTION('',(-1.,0.,0.));
#2446=CARTESIAN_POINT('',(-25.2,-32.7,6.5));
#2447=AXIS2_PLACEMENT_3D('',#2448,#2449,#2450);
#2448=CARTESIAN_POINT('',(-23.7,-32.7,6.5));
#2449=DIRECTION('',(0.,0.,1.));
#2450=DIRECTION('',(-1.,1.22464679914735E-16,0.));
#2451=AXIS2_PLACEMENT_3D('',#2452,#2453,#2454);
#2452=CARTESIAN_POINT('',(-25.3,-34.3,6.5));
#2453=DIRECTION('',(0.,0.,1.));
#2454=DIRECTION('',(-1.,0.,0.));
#2455=AXIS2_PLACEMENT_3D('',#2456,#2457,#2458);
#2456=CARTESIAN_POINT('',(-20.1,-34.3,6.5));
#2457=DIRECTION('',(0.,0.,-1.));
#2458=DIRECTION('',(3.55271367880048E-15,-1.,0.));
#2459=AXIS2_PLACEMENT_3D('',#2460,#2461,#2462);
#2460=CARTESIAN_POINT('',(-22.1,-31.1,6.5));
#2461=DIRECTION('',(0.,0.,1.));
#2462=DIRECTION('',(1.,0.,0.));
#2463=CARTESIAN_POINT('',(-26.3834848610162,-30.7000000000169,6.5));
#2464=AXIS2_PLACEMENT_3D('',#2465,#2466,#2467);
#2465=CARTESIAN_POINT('',(-25.4669697220177,-31.1,6.5));
#2466=DIRECTION('',(0.,0.,1.));
#2467=DIRECTION('',(3.55271367880049E-15,1.,0.));
#2468=AXIS2_PLACEMENT_3D('',#2469,#2470,#2471);
#2469=CARTESIAN_POINT('',(-27.3,-30.3,6.5));
#2470=DIRECTION('',(0.,0.,-1.));
#2471=DIRECTION('',(0.916515138976401,-0.400000000033835,0.));
#2472=AXIS2_PLACEMENT_3D('',#2473,#2474,#2475);
#2473=CARTESIAN_POINT('',(-27.3,-32.3,6.5));
#2474=DIRECTION('',(0.,0.,-1.));
#2475=DIRECTION('',(0.,1.,0.));
#2476=CARTESIAN_POINT('',(26.1,-26.1,6.5));
#2477=CARTESIAN_POINT('',(26.1,-26.1,0.));
#2478=VECTOR('',#2479,1.);
#2479=DIRECTION('',(0.,0.,1.));
#2480=CARTESIAN_POINT('',(29.3,-26.1,6.5));
#2481=CARTESIAN_POINT('',(29.3,-26.1,6.5));
#2482=VECTOR('',#2483,1.);
#2483=DIRECTION('',(-1.,0.,0.));
#2484=CARTESIAN_POINT('',(29.3,-26.1,0.));
#2485=VECTOR('',#2486,1.);
#2486=DIRECTION('',(0.,0.,1.));
#2487=CARTESIAN_POINT('',(25.1,-30.4669697220176,6.5));
#2488=CARTESIAN_POINT('',(25.1,-30.4669697220176,-4.44089209850063E-16));
#2489=VECTOR('',#2490,1.);
#2490=DIRECTION('',(0.,0.,1.));
#2491=CARTESIAN_POINT('',(25.1,-27.1,6.5));
#2492=CARTESIAN_POINT('',(25.1,-27.1,6.5));
#2493=VECTOR('',#2494,1.);
#2494=DIRECTION('',(0.,-1.,0.));
#2495=CARTESIAN_POINT('',(25.1,-27.1,0.));
#2496=VECTOR('',#2497,1.);
#2497=DIRECTION('',(0.,0.,1.));
#2498=CARTESIAN_POINT('',(26.2,-28.7,6.5));
#2499=AXIS2_PLACEMENT_3D('',#2500,#2501,#2502);
#2500=CARTESIAN_POINT('',(27.7,-28.7,6.5));
#2501=DIRECTION('',(0.,0.,1.));
#2502=DIRECTION('',(-1.,1.22464679914735E-16,0.));
#2503=AXIS2_PLACEMENT_3D('',#2504,#2505,#2506);
#2504=CARTESIAN_POINT('',(29.3,-30.3,6.5));
#2505=DIRECTION('',(0.,0.,1.));
#2506=DIRECTION('',(0.,-1.,0.));
#2507=AXIS2_PLACEMENT_3D('',#2508,#2509,#2510);
#2508=CARTESIAN_POINT('',(29.3,-25.1,6.5));
#2509=DIRECTION('',(0.,0.,-1.));
#2510=DIRECTION('',(1.,3.55271367880051E-15,0.));
#2511=AXIS2_PLACEMENT_3D('',#2512,#2513,#2514);
#2512=CARTESIAN_POINT('',(26.1,-27.1,6.5));
#2513=DIRECTION('',(0.,0.,1.));
#2514=DIRECTION('',(0.,1.,0.));
#2515=CARTESIAN_POINT('',(25.7000000000169,-31.3834848610162,6.5));
#2516=AXIS2_PLACEMENT_3D('',#2517,#2518,#2519);
#2517=CARTESIAN_POINT('',(26.1,-30.4669697220176,6.5));
#2518=DIRECTION('',(0.,0.,1.));
#2519=DIRECTION('',(-1.,0.,0.));
#2520=AXIS2_PLACEMENT_3D('',#2521,#2522,#2523);
#2521=CARTESIAN_POINT('',(25.3,-32.3,6.5));
#2522=DIRECTION('',(0.,0.,-1.));
#2523=DIRECTION('',(0.40000000003381,0.916515138976412,0.));
#2524=AXIS2_PLACEMENT_3D('',#2525,#2526,#2527);
#2525=CARTESIAN_POINT('',(27.3,-32.3,6.5));
#2526=DIRECTION('',(0.,0.,-1.));
#2527=DIRECTION('',(-1.,0.,0.));
#2528=CARTESIAN_POINT('',(25.3,35.3,8.));
#2529=CARTESIAN_POINT('',(25.3,35.3,0.));
#2530=VECTOR('',#2531,1.);
#2531=DIRECTION('',(0.,0.,1.));
#2532=CARTESIAN_POINT('',(-25.3,35.3,8.));
#2533=CARTESIAN_POINT('',(25.3,35.3,8.));
#2534=VECTOR('',#2535,1.);
#2535=DIRECTION('',(-1.,1.40423465565237E-16,0.));
#2536=CARTESIAN_POINT('',(-25.3,35.3,8.));
#2537=VECTOR('',#2538,1.);
#2538=DIRECTION('',(0.,0.,-1.));
#2539=CARTESIAN_POINT('',(-28.,-6.3,-1.5));
#2540=AXIS2_PLACEMENT_3D('',#2541,#2542,#2543);
#2541=CARTESIAN_POINT('',(2.50733564445413E-15,-6.3,-1.5));
#2542=DIRECTION('',(0.,0.,1.));
#2543=DIRECTION('',(-1.,1.22464679914735E-16,0.));
#2544=CARTESIAN_POINT('',(32.3,-36.3,8.));
#2545=CARTESIAN_POINT('',(31.3,-37.3,8.));
#2546=CARTESIAN_POINT('',(31.3,-37.3,8.));
#2547=VECTOR('',#2548,1.);
#2548=DIRECTION('',(0.707106781186548,0.707106781186548,0.));
#2549=CARTESIAN_POINT('',(32.3,36.3,8.));
#2550=CARTESIAN_POINT('',(32.3,-36.3,8.));
#2551=VECTOR('',#2552,1.);
#2552=DIRECTION('',(1.95741800484876E-16,1.,0.));
#2553=CARTESIAN_POINT('',(31.3,37.3,8.));
#2554=CARTESIAN_POINT('',(32.3,36.3,8.));
#2555=VECTOR('',#2556,1.);
#2556=DIRECTION('',(-0.70710678118655,0.707106781186545,0.));
#2557=CARTESIAN_POINT('',(-31.3,37.3,8.));
#2558=CARTESIAN_POINT('',(31.3,37.3,8.));
#2559=VECTOR('',#2560,1.);
#2560=DIRECTION('',(-1.,2.27010458709297E-16,0.));
#2561=CARTESIAN_POINT('',(-32.3,36.3,8.));
#2562=CARTESIAN_POINT('',(-31.3,37.3,8.));
#2563=VECTOR('',#2564,1.);
#2564=DIRECTION('',(-0.707106781186548,-0.707106781186548,0.));
#2565=CARTESIAN_POINT('',(-32.3,-36.3,8.));
#2566=CARTESIAN_POINT('',(-32.3,36.3,8.));
#2567=VECTOR('',#2568,1.);
#2568=DIRECTION('',(-1.95741800484876E-16,-1.,0.));
#2569=CARTESIAN_POINT('',(-31.3,-37.3,8.));
#2570=CARTESIAN_POINT('',(-32.3,-36.3,8.));
#2571=VECTOR('',#2572,1.);
#2572=DIRECTION('',(0.707106781186545,-0.70710678118655,0.));
#2573=CARTESIAN_POINT('',(-31.3,-37.3,8.));
#2574=VECTOR('',#2575,1.);
#2575=DIRECTION('',(1.,-2.27010458709297E-16,0.));
#2576=AXIS2_PLACEMENT_3D('',#2577,#2578,#2579);
#2577=CARTESIAN_POINT('',(-25.3,-34.3,8.));
#2578=DIRECTION('',(0.,0.,-1.));
#2579=DIRECTION('',(3.55271367880048E-15,-1.,0.));
#2580=AXIS2_PLACEMENT_3D('',#2581,#2582,#2583);
#2581=CARTESIAN_POINT('',(-27.3,-32.3,8.));
#2582=DIRECTION('',(0.,0.,1.));
#2583=DIRECTION('',(1.,-7.10542735760098E-15,0.));
#2584=AXIS2_PLACEMENT_3D('',#2585,#2586,#2587);
#2585=CARTESIAN_POINT('',(-29.3,-30.3,8.));
#2586=DIRECTION('',(0.,0.,-1.));
#2587=DIRECTION('',(3.55271367880051E-15,-1.,0.));
#2588=AXIS2_PLACEMENT_3D('',#2589,#2590,#2591);
#2589=CARTESIAN_POINT('',(-29.3,30.3,8.));
#2590=DIRECTION('',(0.,0.,-1.));
#2591=DIRECTION('',(-1.,0.,0.));
#2592=AXIS2_PLACEMENT_3D('',#2593,#2594,#2595);
#2593=CARTESIAN_POINT('',(-27.3,32.3,8.));
#2594=DIRECTION('',(0.,0.,1.));
#2595=DIRECTION('',(-3.55271367880048E-15,-1.,0.));
#2596=AXIS2_PLACEMENT_3D('',#2597,#2598,#2599);
#2597=CARTESIAN_POINT('',(-25.3,34.3,8.));
#2598=DIRECTION('',(0.,0.,-1.));
#2599=DIRECTION('',(-1.,7.10542735760098E-15,0.));
#2600=AXIS2_PLACEMENT_3D('',#2601,#2602,#2603);
#2601=CARTESIAN_POINT('',(25.3,34.3,8.));
#2602=DIRECTION('',(0.,0.,-1.));
#2603=DIRECTION('',(0.,1.,0.));
#2604=AXIS2_PLACEMENT_3D('',#2605,#2606,#2607);
#2605=CARTESIAN_POINT('',(27.3,32.3,8.));
#2606=DIRECTION('',(0.,0.,1.));
#2607=DIRECTION('',(-1.,0.,0.));
#2608=AXIS2_PLACEMENT_3D('',#2609,#2610,#2611);
#2609=CARTESIAN_POINT('',(29.3,30.3,8.));
#2610=DIRECTION('',(0.,0.,-1.));
#2611=DIRECTION('',(-3.5527136788005E-15,1.,0.));
#2612=AXIS2_PLACEMENT_3D('',#2613,#2614,#2615);
#2613=CARTESIAN_POINT('',(29.3,-30.3,8.));
#2614=DIRECTION('',(0.,0.,-1.));
#2615=DIRECTION('',(1.,0.,0.));
#2616=AXIS2_PLACEMENT_3D('',#2617,#2618,#2619);
#2617=CARTESIAN_POINT('',(27.3,-32.3,8.));
#2618=DIRECTION('',(0.,0.,1.));
#2619=DIRECTION('',(0.,1.,0.));
#2620=AXIS2_PLACEMENT_3D('',#2621,#2622,#2623);
#2621=CARTESIAN_POINT('',(25.3,-34.3,8.));
#2622=DIRECTION('',(0.,0.,-1.));
#2623=DIRECTION('',(1.,0.,0.));
#2624=CARTESIAN_POINT('',(-30.45,-34.3,8.));
#2625=AXIS2_PLACEMENT_3D('',#2626,#2627,#2628);
#2626=CARTESIAN_POINT('',(-29.3,-34.3,8.));
#2627=DIRECTION('',(0.,0.,1.));
#2628=DIRECTION('',(-1.,1.22464679914735E-16,0.));
#2629=CARTESIAN_POINT('',(28.15,34.3,8.));
#2630=AXIS2_PLACEMENT_3D('',#2631,#2632,#2633);
#2631=CARTESIAN_POINT('',(29.3,34.3,8.));
#2632=DIRECTION('',(0.,0.,1.));
#2633=DIRECTION('',(-1.,1.22464679914735E-16,0.));
#2634=CARTESIAN_POINT('',(-30.45,34.3,8.));
#2635=AXIS2_PLACEMENT_3D('',#2636,#2637,#2638);
#2636=CARTESIAN_POINT('',(-29.3,34.3,8.));
#2637=DIRECTION('',(0.,0.,1.));
#2638=DIRECTION('',(-1.,1.22464679914735E-16,0.));
#2639=CARTESIAN_POINT('',(28.15,-34.3,8.));
#2640=AXIS2_PLACEMENT_3D('',#2641,#2642,#2643);
#2641=CARTESIAN_POINT('',(29.3,-34.3,8.));
#2642=DIRECTION('',(0.,0.,1.));
#2643=DIRECTION('',(-1.,1.22464679914735E-16,0.));
#2644=CARTESIAN_POINT('',(-23.,-6.3,-1.5));
#2645=AXIS2_PLACEMENT_3D('',#2646,#2647,#2648);
#2646=CARTESIAN_POINT('',(2.50733564445413E-15,-6.3,-1.5));
#2647=DIRECTION('',(0.,0.,1.));
#2648=DIRECTION('',(-1.,1.22464679914735E-16,0.));
#2649=CARTESIAN_POINT('',(-31.3,37.3,-1.));
#2650=CARTESIAN_POINT('',(31.3,37.3,-1.));
#2651=CARTESIAN_POINT('',(-31.3,37.3,-1.));
#2652=VECTOR('',#2653,1.);
#2653=DIRECTION('',(1.,-2.27010458709297E-16,-1.77351920866638E-18));
#2654=CARTESIAN_POINT('',(-31.3,37.3,-1.));
#2655=VECTOR('',#2656,1.);
#2656=DIRECTION('',(-7.89491928622334E-16,0.,1.));
#2657=CARTESIAN_POINT('',(31.3,37.3,-1.));
#2658=VECTOR('',#2659,1.);
#2659=DIRECTION('',(0.,7.89491928622334E-16,1.));
#2660=CARTESIAN_POINT('',(-32.3,-36.3,-1.));
#2661=CARTESIAN_POINT('',(-32.3,-36.3,-1.));
#2662=VECTOR('',#2663,1.);
#2663=DIRECTION('',(0.,0.,1.));
#2664=CARTESIAN_POINT('',(-32.3,36.3,-1.));
#2665=CARTESIAN_POINT('',(-32.3,36.3,-1.));
#2666=VECTOR('',#2667,1.);
#2667=DIRECTION('',(0.,0.,1.));
#2668=CARTESIAN_POINT('',(-32.3,-36.3,-1.));
#2669=VECTOR('',#2670,1.);
#2670=DIRECTION('',(1.95741800484876E-16,1.,0.));
#2671=CARTESIAN_POINT('',(31.3,-37.3,-1.));
#2672=CARTESIAN_POINT('',(31.3,-37.3,-1.));
#2673=VECTOR('',#2674,1.);
#2674=DIRECTION('',(3.94745964311167E-16,0.,1.));
#2675=CARTESIAN_POINT('',(-31.3,-37.3,-1.));
#2676=CARTESIAN_POINT('',(-31.3,-37.3,-1.));
#2677=VECTOR('',#2678,1.);
#2678=DIRECTION('',(0.,0.,1.));
#2679=CARTESIAN_POINT('',(31.3,-37.3,-1.));
#2680=VECTOR('',#2681,1.);
#2681=DIRECTION('',(-1.,2.27010458709297E-16,-1.77351920866638E-18));
#2682=CARTESIAN_POINT('',(32.3,-36.3,-1.));
#2683=CARTESIAN_POINT('',(32.3,-36.3,-1.));
#2684=VECTOR('',#2685,1.);
#2685=DIRECTION('',(0.,0.,1.));
#2686=CARTESIAN_POINT('',(32.3,36.3,-1.));
#2687=CARTESIAN_POINT('',(32.3,36.3,-1.));
#2688=VECTOR('',#2689,1.);
#2689=DIRECTION('',(-1.95741800484876E-16,-1.,0.));
#2690=CARTESIAN_POINT('',(32.3,36.3,-1.));
#2691=VECTOR('',#2692,1.);
#2692=DIRECTION('',(0.,7.89491928622334E-16,1.));
#2693=CARTESIAN_POINT('',(-30.45,-34.3,-0.9));
#2694=AXIS2_PLACEMENT_3D('',#2695,#2696,#2697);
#2695=CARTESIAN_POINT('',(-29.3,-34.3,-0.9));
#2696=DIRECTION('',(0.,0.,1.));
#2697=DIRECTION('',(-1.,0.,0.));
#2698=CARTESIAN_POINT('',(28.15,34.3,-0.9));
#2699=AXIS2_PLACEMENT_3D('',#2700,#2701,#2702);
#2700=CARTESIAN_POINT('',(29.3,34.3,-0.9));
#2701=DIRECTION('',(0.,0.,1.));
#2702=DIRECTION('',(-1.,0.,0.));
#2703=CARTESIAN_POINT('',(-30.45,34.3,-0.9));
#2704=AXIS2_PLACEMENT_3D('',#2705,#2706,#2707);
#2705=CARTESIAN_POINT('',(-29.3,34.3,-0.9));
#2706=DIRECTION('',(0.,0.,1.));
#2707=DIRECTION('',(-1.,0.,0.));
#2708=CARTESIAN_POINT('',(28.15,-34.3,-0.9));
#2709=AXIS2_PLACEMENT_3D('',#2710,#2711,#2712);
#2710=CARTESIAN_POINT('',(29.3,-34.3,-0.9));
#2711=DIRECTION('',(0.,0.,1.));
#2712=DIRECTION('',(-1.,0.,0.));
#2713=CARTESIAN_POINT('',(-23.,-6.3,0.));
#2714=AXIS2_PLACEMENT_3D('',#2715,#2716,#2717);
#2715=CARTESIAN_POINT('',(2.50733564445413E-15,-6.3,0.));
#2716=DIRECTION('',(0.,0.,1.));
#2717=DIRECTION('',(-1.,1.22464679914735E-16,0.));
#2718=CARTESIAN_POINT('',(-31.3,36.3,-2.));
#2719=CARTESIAN_POINT('',(-30.3307764064044,36.3,-2.));
#2720=CARTESIAN_POINT('',(-31.3,36.3,-2.));
#2721=VECTOR('',#2722,1.);
#2722=DIRECTION('',(1.,0.,0.));
#2723=CARTESIAN_POINT('',(-31.3,35.3307764064043,-2.));
#2724=AXIS2_PLACEMENT_3D('',#2725,#2726,#2727);
#2725=CARTESIAN_POINT('',(-29.3,34.3,-2.));
#2726=DIRECTION('',(0.,0.,1.));
#2727=DIRECTION('',(-0.458122847290843,0.888888888888893,0.));
#2728=CARTESIAN_POINT('',(-31.3,35.3307764064042,-2.));
#2729=VECTOR('',#2730,1.);
#2730=DIRECTION('',(0.,1.,0.));
#2731=CARTESIAN_POINT('',(-30.3307764064045,-36.2999999999999,-2.));
#2732=CARTESIAN_POINT('',(-28.2692235935955,-36.2999999999999,-2.));
#2733=CARTESIAN_POINT('',(-30.3307764064045,-36.2999999999999,-2.));
#2734=CARTESIAN_POINT('',(-30.3088880937021,-36.3053088160532,-1.99469118394676));
#2735=CARTESIAN_POINT('',(-30.2650008118128,-36.3156150060347,-1.98438499396531));
#2736=CARTESIAN_POINT('',(-30.1987968649259,-36.3301331216485,-1.96986687835154));
#2737=CARTESIAN_POINT('',(-30.1249859502057,-36.3451669935627,-1.95483300643726));
#2738=CARTESIAN_POINT('',(-30.0433956492483,-36.360296206822,-1.93970379317771));
#2739=CARTESIAN_POINT('',(-29.9538708825786,-36.3750165520073,-1.92498344799211));
#2740=CARTESIAN_POINT('',(-29.871400394493,-36.3868342629018,-1.91316573709718));
#2741=CARTESIAN_POINT('',(-29.7962025298425,-36.3962129730433,-1.90378702695513));
#2742=CARTESIAN_POINT('',(-29.7209973639761,-36.4043947579939,-1.89560524200397));
#2743=CARTESIAN_POINT('',(-29.6382525851324,-36.411858999056,-1.88814100094105));
#2744=CARTESIAN_POINT('',(-29.5480909501103,-36.4180769174804,-1.88192308251572));
#2745=CARTESIAN_POINT('',(-29.465691308267,-36.4220133831228,-1.87798661687231));
#2746=CARTESIAN_POINT('',(-29.3911245332509,-36.4241984930874,-1.87580150690673));
#2747=CARTESIAN_POINT('',(-29.3384359305504,-36.4249133221459,-1.87508667784743));
#2748=CARTESIAN_POINT('',(-29.2941307242153,-36.4250398910898,-1.87496010890279));
#2749=CARTESIAN_POINT('',(-29.2500758950913,-36.4248227688554,-1.87517723113648));
#2750=CARTESIAN_POINT('',(-29.1922843414357,-36.4238044007607,-1.87619559923028));
#2751=CARTESIAN_POINT('',(-29.1267921941356,-36.4216373949546,-1.87836260503514));
#2752=CARTESIAN_POINT('',(-29.0548452317406,-36.4181523010925,-1.88184769889585));
#2753=CARTESIAN_POINT('',(-28.9765629471077,-36.4129752469721,-1.88702475301474));
#2754=CARTESIAN_POINT('',(-28.8921003143741,-36.4057025300265,-1.89429746995844));
#2755=CARTESIAN_POINT('',(-28.8155210028741,-36.3975943141776,-1.90240568580556));
#2756=CARTESIAN_POINT('',(-28.7466536486919,-36.3891259543417,-1.91087404563977));
#2757=CARTESIAN_POINT('',(-28.6853359462944,-36.3806978782077,-1.91930212177229));
#2758=CARTESIAN_POINT('',(-28.6244576268776,-36.371455124708,-1.92854487527029));
#2759=CARTESIAN_POINT('',(-28.564066189862,-36.3614244530253,-1.93857554695139));
#2760=CARTESIAN_POINT('',(-28.5041573515062,-36.3506258658064,-1.94937413416851));
#2761=CARTESIAN_POINT('',(-28.444771558214,-36.3390882483199,-1.96091175165333));
#2762=CARTESIAN_POINT('',(-28.3858332962426,-36.3268174181912,-1.9731825817802));
#2763=CARTESIAN_POINT('',(-28.3273127509148,-36.3138251234117,-1.98617487655782));
#2764=CARTESIAN_POINT('',(-28.2885420811418,-36.3046854946467,-1.99531450532156));
#2765=CARTESIAN_POINT('',(-28.2692235935955,-36.2999999999837,-1.99999999998391));
#2766=CARTESIAN_POINT('',(-31.3,-35.3307764064044,-2.));
#2767=AXIS2_PLACEMENT_3D('',#2768,#2769,#2770);
#2768=CARTESIAN_POINT('',(-29.3,-34.3,-2.));
#2769=DIRECTION('',(0.,0.,1.));
#2770=DIRECTION('',(-0.888888888888875,-0.458122847290879,0.));
#2771=CARTESIAN_POINT('',(-31.425,-34.3,-1.87499999999999));
#2772=CARTESIAN_POINT('',(-31.3,-35.3307764064044,-2.));
#2773=CARTESIAN_POINT('',(-31.3051109279043,-35.3097034185035,-1.99488907209572));
#2774=CARTESIAN_POINT('',(-31.3150494921542,-35.2674315683034,-1.98495050784579));
#2775=CARTESIAN_POINT('',(-31.3290716582867,-35.2037427354308,-1.97092834171331));
#2776=CARTESIAN_POINT('',(-31.3422101950149,-35.1396952966451,-1.95778980498511));
#2777=CARTESIAN_POINT('',(-31.3544460031378,-35.0753052863534,-1.94555399686219));
#2778=CARTESIAN_POINT('',(-31.3657606926187,-35.010589357656,-1.93423930738131));
#2779=CARTESIAN_POINT('',(-31.3761319136479,-34.9455948458136,-1.92386808635215));
#2780=CARTESIAN_POINT('',(-31.3855286237654,-34.8804513114183,-1.91447137623465));
#2781=CARTESIAN_POINT('',(-31.3939326617288,-34.8152558271876,-1.90606733827125));
#2782=CARTESIAN_POINT('',(-31.4013302736942,-34.7501179471747,-1.89866972630588));
#2783=CARTESIAN_POINT('',(-31.4077230940992,-34.68504854904,-1.89227690590095));
#2784=CARTESIAN_POINT('',(-31.41310186359,-34.6202050539078,-1.88689813641013));
#2785=CARTESIAN_POINT('',(-31.4174752320231,-34.5556217644095,-1.88252476797704));
#2786=CARTESIAN_POINT('',(-31.4208508956211,-34.4914045815156,-1.87914910437914));
#2787=CARTESIAN_POINT('',(-31.4232487987291,-34.4274450585248,-1.87675120127111));
#2788=CARTESIAN_POINT('',(-31.4246811441436,-34.3637226936302,-1.87531885585668));
#2789=CARTESIAN_POINT('',(-31.4249999968885,-34.3212204264065,-1.87500000311176));
#2790=CARTESIAN_POINT('',(-31.4250000000002,-34.3,-1.87500000000011));
#2791=CARTESIAN_POINT('',(-31.3,-33.2692235935955,-2.));
#2792=CARTESIAN_POINT('',(-31.3,-33.2692235935955,-2.));
#2793=CARTESIAN_POINT('',(-31.3051028507037,-33.29026327789,-1.99489714929628));
#2794=CARTESIAN_POINT('',(-31.3150267427369,-33.3324706181668,-1.98497325726307));
#2795=CARTESIAN_POINT('',(-31.3290304686883,-33.3960657148077,-1.97096953131175));
#2796=CARTESIAN_POINT('',(-31.342155199062,-33.4600284361691,-1.95784480093802));
#2797=CARTESIAN_POINT('',(-31.3543814109084,-33.5243426613489,-1.94561858909159));
#2798=CARTESIAN_POINT('',(-31.3656911115926,-33.5889963315158,-1.93430888840743));
#2799=CARTESIAN_POINT('',(-31.3760613439185,-33.6539420841811,-1.92393865608149));
#2800=CARTESIAN_POINT('',(-31.3854612277196,-33.7190562101761,-1.91453877228035));
#2801=CARTESIAN_POINT('',(-31.3938714317081,-33.7842394602143,-1.90612856829177));
#2802=CARTESIAN_POINT('',(-31.4012778049507,-33.8493860682256,-1.8987221950492));
#2803=CARTESIAN_POINT('',(-31.4076806167615,-33.9144808826417,-1.89231938323837));
#2804=CARTESIAN_POINT('',(-31.4130699328081,-33.9793680299923,-1.88693006719174));
#2805=CARTESIAN_POINT('',(-31.4174532867334,-34.0440081930246,-1.88254671326636));
#2806=CARTESIAN_POINT('',(-31.4208379692967,-34.1082995364727,-1.87916203070303));
#2807=CARTESIAN_POINT('',(-31.4232430429971,-34.1723469839123,-1.87675695700255));
#2808=CARTESIAN_POINT('',(-31.4246800646447,-34.2361703807251,-1.87531993535487));
#2809=CARTESIAN_POINT('',(-31.4249999968516,-34.2787430001863,-1.87500000314795));
#2810=CARTESIAN_POINT('',(-31.4249999999998,-34.3,-1.87499999999974));
#2811=AXIS2_PLACEMENT_3D('',#2812,#2813,#2814);
#2812=CARTESIAN_POINT('',(-29.3,-34.3,-2.));
#2813=DIRECTION('',(0.,0.,1.));
#2814=DIRECTION('',(0.458122847290961,-0.888888888888832,0.));
#2815=CARTESIAN_POINT('',(31.3,33.2692235935955,-2.));
#2816=CARTESIAN_POINT('',(31.3,35.3307764064044,-2.));
#2817=CARTESIAN_POINT('',(31.3,33.2692235935955,-2.));
#2818=CARTESIAN_POINT('',(31.3052876132079,33.2910244934808,-1.99471238679214));
#2819=CARTESIAN_POINT('',(31.3155539926179,33.3347365372031,-1.98444600738211));
#2820=CARTESIAN_POINT('',(31.3300201428784,33.4006755654108,-1.96997985712162));
#2821=CARTESIAN_POINT('',(31.3435130504607,33.4668704784854,-1.95648694953936));
#2822=CARTESIAN_POINT('',(31.3560219308606,33.5333249417423,-1.94397806913944));
#2823=CARTESIAN_POINT('',(31.3675370821541,33.6000529930614,-1.93246291784586));
#2824=CARTESIAN_POINT('',(31.3780473856988,33.6670698949901,-1.92195261430117));
#2825=CARTESIAN_POINT('',(31.387527911662,33.7342942333507,-1.91247208833795));
#2826=CARTESIAN_POINT('',(31.39596350055,33.8016769956457,-1.90403649944996));
#2827=CARTESIAN_POINT('',(31.4041547396477,33.8766044273704,-1.89584526035226));
#2828=CARTESIAN_POINT('',(31.4116423679088,33.9590628643603,-1.8883576320912));
#2829=CARTESIAN_POINT('',(31.4179007105473,34.0489406356375,-1.88209928945263));
#2830=CARTESIAN_POINT('',(31.4218864905147,34.1311156317965,-1.87811350948523));
#2831=CARTESIAN_POINT('',(31.424124479854,34.2055159677535,-1.87587552014596));
#2832=CARTESIAN_POINT('',(31.4248972346299,34.2592813184433,-1.87510276537006));
#2833=CARTESIAN_POINT('',(31.4250417407041,34.3035258844965,-1.87495825929583));
#2834=CARTESIAN_POINT('',(31.4248432180594,34.3475380631162,-1.87515678194051));
#2835=CARTESIAN_POINT('',(31.4238937007462,34.404126494311,-1.87610629925367));
#2836=CARTESIAN_POINT('',(31.4217825754558,34.46960990587,-1.87821742454403));
#2837=CARTESIAN_POINT('',(31.4183556558128,34.5416128913344,-1.88164434418703));
#2838=CARTESIAN_POINT('',(31.413235039286,34.6200203346031,-1.88676496071381));
#2839=CARTESIAN_POINT('',(31.4060115007573,34.7046836134365,-1.8939884992425));
#2840=CARTESIAN_POINT('',(31.3979342267885,34.7815008032701,-1.90206577321131));
#2841=CARTESIAN_POINT('',(31.3894803441945,34.8506274156477,-1.91051965580527));
#2842=CARTESIAN_POINT('',(31.3810520575894,34.9122197650044,-1.91894794241039));
#2843=CARTESIAN_POINT('',(31.3717973352834,34.9733953962229,-1.92820266471635));
#2844=CARTESIAN_POINT('',(31.3617415139145,35.0341096001754,-1.93825848608518));
#2845=CARTESIAN_POINT('',(31.3509057619883,35.0943551827528,-1.94909423801144));
#2846=CARTESIAN_POINT('',(31.3393177559632,35.1540954865687,-1.96068224403649));
#2847=CARTESIAN_POINT('',(31.3269838243824,35.2134008588314,-1.97301617561726));
#2848=CARTESIAN_POINT('',(31.3139148417206,35.2723028906054,-1.98608515827903));
#2849=CARTESIAN_POINT('',(31.3047167712233,35.3113289704048,-1.9952832287763));
#2850=CARTESIAN_POINT('',(31.2999999999998,35.3307764064044,-1.9999999999998));
#2851=CARTESIAN_POINT('',(27.05,34.3,-2.));
#2852=AXIS2_PLACEMENT_3D('',#2853,#2854,#2855);
#2853=CARTESIAN_POINT('',(29.3,34.3,-2.));
#2854=DIRECTION('',(0.,0.,1.));
#2855=DIRECTION('',(-1.,0.,0.));
#2856=CARTESIAN_POINT('',(28.2692235935952,36.2999999999999,-2.));
#2857=AXIS2_PLACEMENT_3D('',#2858,#2859,#2860);
#2858=CARTESIAN_POINT('',(29.3,34.3,-2.));
#2859=DIRECTION('',(0.,0.,1.));
#2860=DIRECTION('',(-0.458122847290962,0.888888888888832,0.));
#2861=CARTESIAN_POINT('',(30.3307764064048,36.2999999999999,-2.));
#2862=CARTESIAN_POINT('',(30.3307764064048,36.2999999999999,-2.));
#2863=CARTESIAN_POINT('',(30.3089016348565,36.3053055315378,-1.99469446846219));
#2864=CARTESIAN_POINT('',(30.2650420855781,36.3156054174631,-1.98439458253685));
#2865=CARTESIAN_POINT('',(30.1988809720512,36.3301151059475,-1.96988489405247));
#2866=CARTESIAN_POINT('',(30.1251210308994,36.3451404324749,-1.95485956752502));
#2867=CARTESIAN_POINT('',(30.0435913842724,36.3602614838929,-1.93973851610684));
#2868=CARTESIAN_POINT('',(29.9541380112593,36.3749749226407,-1.9250250773588));
#2869=CARTESIAN_POINT('',(29.8717381311396,36.3867884071712,-1.91321159282788));
#2870=CARTESIAN_POINT('',(29.7966089955546,36.3961651540316,-1.90383484596708));
#2871=CARTESIAN_POINT('',(29.7214777377929,36.404346650876,-1.89565334912213));
#2872=CARTESIAN_POINT('',(29.6388162304355,36.4118134526425,-1.88818654735501));
#2873=CARTESIAN_POINT('',(29.548744430133,36.4180380963422,-1.88196190365453));
#2874=CARTESIAN_POINT('',(29.4664225464731,36.4219843704856,-1.87801562951022));
#2875=CARTESIAN_POINT('',(29.3919207105758,36.424181061742,-1.8758189382529));
#2876=CARTESIAN_POINT('',(29.3389851003196,36.4249095021677,-1.87509049782662));
#2877=CARTESIAN_POINT('',(29.2947123536499,36.4250404052126,-1.87495959478108));
#2878=CARTESIAN_POINT('',(29.2506862219041,36.4248280607952,-1.87517193919786));
#2879=CARTESIAN_POINT('',(29.1932150707455,36.423827717207,-1.87617228278524));
#2880=CARTESIAN_POINT('',(29.127749782728,36.4216762109376,-1.87832378905365));
#2881=CARTESIAN_POINT('',(29.0558121671618,36.418207964033,-1.88179203595707));
#2882=CARTESIAN_POINT('',(28.9775193311606,36.4130480762846,-1.88695192370405));
#2883=CARTESIAN_POINT('',(28.8930231220879,36.4057912888816,-1.89420871110545));
#2884=CARTESIAN_POINT('',(28.8163931720797,36.3976939822459,-1.90230601773959));
#2885=CARTESIAN_POINT('',(28.7474641218431,36.3892317149867,-1.91076828499733));
#2886=CARTESIAN_POINT('',(28.6860756055948,36.3808051458892,-1.91919485409349));
#2887=CARTESIAN_POINT('',(28.6251169264929,36.3715602835481,-1.92843971643324));
#2888=CARTESIAN_POINT('',(28.5646320752757,36.3615228726287,-1.93847712735114));
#2889=CARTESIAN_POINT('',(28.5046201512897,36.3507130117097,-1.94928698826864));
#2890=CARTESIAN_POINT('',(28.445123752224,36.3391596290141,-1.9608403709628));
#2891=CARTESIAN_POINT('',(28.3860709294612,36.3268690622465,-1.97313093772885));
#2892=CARTESIAN_POINT('',(28.3274323357466,36.3138530391996,-1.98614696077416));
#2893=CARTESIAN_POINT('',(28.2885822792668,36.304695244732,-1.99530475524066));
#2894=CARTESIAN_POINT('',(28.2692235935953,36.299999999986,-1.99999999998605));
#2895=AXIS2_PLACEMENT_3D('',#2896,#2897,#2898);
#2896=CARTESIAN_POINT('',(29.3,34.3,-2.));
#2897=DIRECTION('',(0.,0.,1.));
#2898=DIRECTION('',(0.888888888888879,0.458122847290869,0.));
#2899=CARTESIAN_POINT('',(-31.3,33.2692235935957,-2.));
#2900=CARTESIAN_POINT('',(-28.2692235935956,36.3,-2.));
#2901=AXIS2_PLACEMENT_3D('',#2902,#2903,#2904);
#2902=CARTESIAN_POINT('',(-29.3,34.3,-2.));
#2903=DIRECTION('',(0.,0.,1.));
#2904=DIRECTION('',(-0.888888888888884,-0.45812284729086,0.));
#2905=CARTESIAN_POINT('',(-31.425,34.3,-1.87499999999999));
#2906=CARTESIAN_POINT('',(-31.3,33.2692235935957,-2.));
#2907=CARTESIAN_POINT('',(-31.3051109279043,33.2902965814965,-1.99488907209571));
#2908=CARTESIAN_POINT('',(-31.3150494921542,33.3325684316967,-1.98495050784576));
#2909=CARTESIAN_POINT('',(-31.3290716582867,33.3962572645693,-1.9709283417133));
#2910=CARTESIAN_POINT('',(-31.3422101950149,33.460304703355,-1.95778980498509));
#2911=CARTESIAN_POINT('',(-31.3544460031378,33.5246947136467,-1.94555399686219));
#2912=CARTESIAN_POINT('',(-31.3657606926187,33.589410642344,-1.93423930738132));
#2913=CARTESIAN_POINT('',(-31.3761319136479,33.6544051541864,-1.92386808635219));
#2914=CARTESIAN_POINT('',(-31.3855286237654,33.7195486885818,-1.91447137623471));
#2915=CARTESIAN_POINT('',(-31.3939326617289,33.7847441728124,-1.90606733827132));
#2916=CARTESIAN_POINT('',(-31.4013302736943,33.8498820528253,-1.898669726306));
#2917=CARTESIAN_POINT('',(-31.4077230940993,33.91495145096,-1.89227690590109));
#2918=CARTESIAN_POINT('',(-31.4131018635901,33.9797949460922,-1.88689813641031));
#2919=CARTESIAN_POINT('',(-31.4174752320233,34.0443782355904,-1.88252476797726));
#2920=CARTESIAN_POINT('',(-31.4208508956213,34.1085954184844,-1.8791491043794));
#2921=CARTESIAN_POINT('',(-31.4232487987294,34.1725549414752,-1.87675120127143));
#2922=CARTESIAN_POINT('',(-31.4246811441439,34.2362773063697,-1.87531885585703));
#2923=CARTESIAN_POINT('',(-31.4249999968889,34.2787795735935,-1.87500000311215));
#2924=CARTESIAN_POINT('',(-31.4250000000005,34.3,-1.87500000000052));
#2925=CARTESIAN_POINT('',(-31.3,35.3307764064043,-2.));
#2926=CARTESIAN_POINT('',(-31.3051028555182,35.3097367022551,-1.9948971444818));
#2927=CARTESIAN_POINT('',(-31.3150267561429,35.2675293242751,-1.98497324385706));
#2928=CARTESIAN_POINT('',(-31.329030493488,35.2039341698804,-1.97096950651202));
#2929=CARTESIAN_POINT('',(-31.3421552344795,35.1399713862707,-1.95784476552054));
#2930=CARTESIAN_POINT('',(-31.3543814614632,35.0756570649334,-1.94561853853682));
#2931=CARTESIAN_POINT('',(-31.3656911886852,35.0110032147086,-1.93430881131489));
#2932=CARTESIAN_POINT('',(-31.3760614490339,34.9460572331896,-1.92393855096621));
#2933=CARTESIAN_POINT('',(-31.3854613371987,34.880942989801,-1.91453866280146));
#2934=CARTESIAN_POINT('',(-31.3938715020077,34.8157599429207,-1.90612849799254));
#2935=CARTESIAN_POINT('',(-31.4012778344674,34.7506136358439,-1.89872216553298));
#2936=CARTESIAN_POINT('',(-31.4076806620582,34.6855186510137,-1.89231933794227));
#2937=CARTESIAN_POINT('',(-31.4130700721345,34.6206302520594,-1.88692992786611));
#2938=CARTESIAN_POINT('',(-31.4174535000912,34.5559884225821,-1.88254649990948));
#2939=CARTESIAN_POINT('',(-31.4208381511169,34.4916964013639,-1.87916184888393));
#2940=CARTESIAN_POINT('',(-31.4232431351777,34.4276496695216,-1.87675686482336));
#2941=CARTESIAN_POINT('',(-31.424680081475,34.3638279507515,-1.87531991852624));
#2942=CARTESIAN_POINT('',(-31.4249999968524,34.3212564298071,-1.87500000314894));
#2943=CARTESIAN_POINT('',(-31.4250000000007,34.3,-1.87500000000069));
#2944=CARTESIAN_POINT('',(-28.2692235935956,36.3,-2.));
#2945=CARTESIAN_POINT('',(-28.2910449117009,36.3052925657995,-1.99470743420049));
#2946=CARTESIAN_POINT('',(-28.3347987739041,36.315568453235,-1.98443154676504));
#2947=CARTESIAN_POINT('',(-28.4008023884238,36.3300473198306,-1.96995268016936));
#2948=CARTESIAN_POINT('',(-28.4670655641427,36.3435516533769,-1.95644834662309));
#2949=CARTESIAN_POINT('',(-28.5335923349783,36.3560705490471,-1.94392945095289));
#2950=CARTESIAN_POINT('',(-28.600398333462,36.3675943661259,-1.93240563387417));
#2951=CARTESIAN_POINT('',(-28.667498484147,36.3781116475188,-1.92188835248123));
#2952=CARTESIAN_POINT('',(-28.7348122147302,36.3875973126052,-1.91240268739488));
#2953=CARTESIAN_POINT('',(-28.8022896696836,36.3960358110337,-1.90396418896638));
#2954=CARTESIAN_POINT('',(-28.8773283706456,36.4042275416754,-1.89577245832481));
#2955=CARTESIAN_POINT('',(-28.9599116258871,36.4117113392757,-1.88828866072449));
#2956=CARTESIAN_POINT('',(-29.049924303883,36.4179596418048,-1.88204035819548));
#2957=CARTESIAN_POINT('',(-29.1322168446096,36.4219307798465,-1.87806922015382));
#2958=CARTESIAN_POINT('',(-29.2067161719378,36.4241514296773,-1.87584857032308));
#2959=CARTESIAN_POINT('',(-29.2601096408096,36.4249032302213,-1.87509676977915));
#2960=CARTESIAN_POINT('',(-29.3044033693788,36.4250412148927,-1.87495878510781));
#2961=CARTESIAN_POINT('',(-29.3484588732325,36.4248354977351,-1.87516450226539));
#2962=CARTESIAN_POINT('',(-29.4055308996168,36.4238593196223,-1.87614068037825));
#2963=CARTESIAN_POINT('',(-29.4710551593609,36.4217248089935,-1.87827519100712));
#2964=CARTESIAN_POINT('',(-29.5430725444758,36.4182724299559,-1.88172757004487));
#2965=CARTESIAN_POINT('',(-29.6214645729367,36.4131258163499,-1.8868741836509));
#2966=CARTESIAN_POINT('',(-29.7060784571429,36.4058780271489,-1.89412197285204));
#2967=CARTESIAN_POINT('',(-29.7828208346919,36.3977839744737,-1.90221602552735));
#2968=CARTESIAN_POINT('',(-29.8518541096884,36.3893207525502,-1.91067924745098));
#2969=CARTESIAN_POINT('',(-29.9133365324689,36.3808904729071,-1.91910952709413));
#2970=CARTESIAN_POINT('',(-29.9743874623534,36.3716393904132,-1.92836060958809));
#2971=CARTESIAN_POINT('',(-30.0349612699486,36.3615936271886,-1.93840637281285));
#2972=CARTESIAN_POINT('',(-30.0950582444556,36.3507735755238,-1.94922642447776));
#2973=CARTESIAN_POINT('',(-30.1546369610958,36.3392081318618,-1.96079186813984));
#2974=CARTESIAN_POINT('',(-30.2137705821703,36.3269035131154,-1.97309648688632));
#2975=CARTESIAN_POINT('',(-30.2724891145965,36.3138713771551,-1.9861286228467));
#2976=CARTESIAN_POINT('',(-30.3113916930089,36.3047015577909,-1.99529844221095));
#2977=CARTESIAN_POINT('',(-30.3307764064044,36.300000000001,-2.00000000000095));
#2978=CARTESIAN_POINT('',(31.3,-35.3307764064046,-2.));
#2979=CARTESIAN_POINT('',(31.3,-33.2692235935954,-2.));
#2980=CARTESIAN_POINT('',(31.3,-35.3307764064046,-2.));
#2981=CARTESIAN_POINT('',(31.3052892861697,-35.3089686093631,-1.99471071383025));
#2982=CARTESIAN_POINT('',(31.3155588766889,-35.2652424427304,-1.98444112331106));
#2983=CARTESIAN_POINT('',(31.3300293218591,-35.1992816019314,-1.96997067814087));
#2984=CARTESIAN_POINT('',(31.3435260850894,-35.1330636533175,-1.95647391491057));
#2985=CARTESIAN_POINT('',(31.3560383396628,-35.0665848207084,-1.94396166033723));
#2986=CARTESIAN_POINT('',(31.3675564021193,-34.9998305507137,-1.93244359788071));
#2987=CARTESIAN_POINT('',(31.3780690453145,-34.9327856760988,-1.92193095468561));
#2988=CARTESIAN_POINT('',(31.3875512967045,-34.865531280705,-1.91244870329559));
#2989=CARTESIAN_POINT('',(31.3959878702647,-34.7981166093447,-1.90401212973543));
#2990=CARTESIAN_POINT('',(31.4041792592901,-34.7231518691151,-1.89582074071014));
#2991=CARTESIAN_POINT('',(31.411665554984,-34.6406519574165,-1.8883344450163));
#2992=CARTESIAN_POINT('',(31.4179205150382,-34.5507291900109,-1.88207948496219));
#2993=CARTESIAN_POINT('',(31.4219014028053,-34.4685145034072,-1.87809859719517));
#2994=CARTESIAN_POINT('',(31.4241335890318,-34.3940802069478,-1.87586641096873));
#2995=CARTESIAN_POINT('',(31.4248992679098,-34.3404397067893,-1.87510073209085));
#2996=CARTESIAN_POINT('',(31.4250415787209,-34.2961784543146,-1.87495842127985));
#2997=CARTESIAN_POINT('',(31.4248406333484,-34.2521516556292,-1.87515936665241));
#2998=CARTESIAN_POINT('',(31.4238821689448,-34.1954003633018,-1.87611783105602));
#2999=CARTESIAN_POINT('',(31.4217631796585,-34.1299035257931,-1.87823682034252));
#3000=CARTESIAN_POINT('',(31.4183277181028,-34.0578962072956,-1.88167228189835));
#3001=CARTESIAN_POINT('',(31.4131983536067,-33.9794937994205,-1.88680164639461));
#3002=CARTESIAN_POINT('',(31.405966621123,-33.8948467907694,-1.89403337887844));
#3003=CARTESIAN_POINT('',(31.3978836990942,-33.8180549396776,-1.9021163009074));
#3004=CARTESIAN_POINT('',(31.3894267787259,-33.7489606012871,-1.91057322127587));
#3005=CARTESIAN_POINT('',(31.3809978803414,-33.6874055578098,-1.91900211966054));
#3006=CARTESIAN_POINT('',(31.3717442769129,-33.6262711395994,-1.92825572308915));
#3007=CARTESIAN_POINT('',(31.3616916316833,-33.5656029906018,-1.93830836831896));
#3008=CARTESIAN_POINT('',(31.3508609748816,-33.5054065103677,-1.94913902512081));
#3009=CARTESIAN_POINT('',(31.3392804840193,-33.445720365565,-1.9607195159833));
#3010=CARTESIAN_POINT('',(31.3269564561436,-33.3864731339139,-1.97304354385917));
#3011=CARTESIAN_POINT('',(31.313900037886,-33.3276336802452,-1.98609996211692));
#3012=CARTESIAN_POINT('',(31.3047115892829,-33.2886496653191,-1.99528841072015));
#3013=CARTESIAN_POINT('',(31.3000000000015,-33.2692235935954,-2.00000000000159));
#3014=CARTESIAN_POINT('',(30.3307764064044,-36.3,-2.));
#3015=AXIS2_PLACEMENT_3D('',#3016,#3017,#3018);
#3016=CARTESIAN_POINT('',(29.3,-34.3,-2.));
#3017=DIRECTION('',(0.,0.,1.));
#3018=DIRECTION('',(0.458122847290849,-0.88888888888889,0.));
#3019=CARTESIAN_POINT('',(28.2692235935956,-36.3,-2.));
#3020=CARTESIAN_POINT('',(28.2692235935956,-36.3,-2.));
#3021=CARTESIAN_POINT('',(28.2910983760216,-36.3053055341832,-1.99469446581684));
#3022=CARTESIAN_POINT('',(28.3349579443909,-36.3156054244474,-1.98439457555261));
#3023=CARTESIAN_POINT('',(28.4011190884843,-36.3301151188833,-1.96988488111672));
#3024=CARTESIAN_POINT('',(28.474879044492,-36.3451404471489,-1.9548595528511));
#3025=CARTESIAN_POINT('',(28.5564086906835,-36.3602614969416,-1.93973850305841));
#3026=CARTESIAN_POINT('',(28.645862047191,-36.3749749314649,-1.92502506853513));
#3027=CARTESIAN_POINT('',(28.7282619001939,-36.3867884111816,-1.9132115888184));
#3028=CARTESIAN_POINT('',(28.8033910012695,-36.396165153467,-1.90383484653299));
#3029=CARTESIAN_POINT('',(28.8785222186035,-36.4043466462839,-1.89565335371601));
#3030=CARTESIAN_POINT('',(28.9611836833666,-36.4118134454355,-1.8881865545644));
#3031=CARTESIAN_POINT('',(29.0512554392183,-36.4180380883918,-1.8819619116081));
#3032=CARTESIAN_POINT('',(29.1335772863779,-36.4219843637313,-1.87801563626852));
#3033=CARTESIAN_POINT('',(29.2080790958572,-36.4241810574736,-1.87581894252613));
#3034=CARTESIAN_POINT('',(29.2610147640341,-36.4249095012114,-1.87509049878837));
#3035=CARTESIAN_POINT('',(29.3052874892804,-36.4250404053071,-1.8749595946926));
#3036=CARTESIAN_POINT('',(29.3493135498297,-36.4248280625519,-1.87517193744779));
#3037=CARTESIAN_POINT('',(29.4067844641253,-36.4238277277194,-1.87617227228024));
#3038=CARTESIAN_POINT('',(29.472249560033,-36.4216762365697,-1.8783237634299));
#3039=CARTESIAN_POINT('',(29.5441871658756,-36.4182080031534,-1.88179199684612));
#3040=CARTESIAN_POINT('',(29.6224799723926,-36.4130481292098,-1.88695187078965));
#3041=CARTESIAN_POINT('',(29.7069755128117,-36.4057914118401,-1.89420858815934));
#3042=CARTESIAN_POINT('',(29.7836040639196,-36.3976942857681,-1.90230571423117));
#3043=CARTESIAN_POINT('',(29.852532568678,-36.3892321461655,-1.91076785383373));
#3044=CARTESIAN_POINT('',(29.913922675964,-36.3808054099107,-1.91919459008851));
#3045=CARTESIAN_POINT('',(29.9748838340125,-36.3715601752529,-1.92843982474623));
#3046=CARTESIAN_POINT('',(30.0353692142096,-36.3615226430002,-1.9384773569988));
#3047=CARTESIAN_POINT('',(30.0953778551971,-36.3507133597674,-1.94928664023155));
#3048=CARTESIAN_POINT('',(30.1548714665755,-36.3391605797474,-1.96083942025153));
#3049=CARTESIAN_POINT('',(30.2139235339216,-36.3268702637285,-1.97312973627031));
#3050=CARTESIAN_POINT('',(30.2725647563182,-36.313853717548,-1.98614628245073));
#3051=CARTESIAN_POINT('',(30.3114166728537,-36.304695498907,-1.99530450109169));
#3052=CARTESIAN_POINT('',(30.3307764064044,-36.2999999999994,-1.99999999999932));
#3053=CARTESIAN_POINT('',(27.05,-34.3,-2.));
#3054=AXIS2_PLACEMENT_3D('',#3055,#3056,#3057);
#3055=CARTESIAN_POINT('',(29.3,-34.3,-2.));
#3056=DIRECTION('',(0.,0.,1.));
#3057=DIRECTION('',(-1.,0.,0.));
#3058=AXIS2_PLACEMENT_3D('',#3059,#3060,#3061);
#3059=CARTESIAN_POINT('',(29.3,-34.3,-2.));
#3060=DIRECTION('',(0.,0.,1.));
#3061=DIRECTION('',(0.888888888888888,0.458122847290854,0.));
#3062=CARTESIAN_POINT('',(-26.3834848610088,-30.7,-8.88178419700125E-16));
#3063=VECTOR('',#3064,1.);
#3064=DIRECTION('',(0.,0.,1.));
#3065=CARTESIAN_POINT('',(25.7,-31.3834848610088,-8.88178419700125E-16));
#3066=VECTOR('',#3067,1.);
#3067=DIRECTION('',(0.,0.,1.));
#3068=CARTESIAN_POINT('',(-25.9,31.4797958971133,0.));
#3069=VECTOR('',#3070,1.);
#3070=DIRECTION('',(0.,0.,1.));
#3071=AXIS2_PLACEMENT_3D('',#3072,#3073,#3074);
#3072=CARTESIAN_POINT('',(25.3,32.2797958971133,6.5));
#3073=DIRECTION('',(0.,0.,1.));
#3074=DIRECTION('',(0.2,-0.979795897113272,0.));
#3075=CARTESIAN_POINT('',(-31.3,37.3,-1.));
#3076=VECTOR('',#3077,1.);
#3077=DIRECTION('',(-0.70710678118655,-0.707106781186545,-3.14018491736756E-16));
#3078=CARTESIAN_POINT('',(32.3,36.3,-1.));
#3079=VECTOR('',#3080,1.);
#3080=DIRECTION('',(-0.707106781186542,0.707106781186552,-4.71027737605132E-16));
#3081=CARTESIAN_POINT('',(-31.3,-36.3,-2.));
#3082=CARTESIAN_POINT('',(-32.3,-36.3,-1.));
#3083=VECTOR('',#3084,1.);
#3084=DIRECTION('',(0.707106781186547,-1.50728876033642E-14,-0.707106781186548));
#3085=CARTESIAN_POINT('',(-31.3,36.3,-2.));
#3086=VECTOR('',#3087,1.);
#3087=DIRECTION('',(-0.707106781186547,5.02429586778808E-15,0.707106781186548));
#3088=CARTESIAN_POINT('',(-31.3,-33.2692235935955,-2.));
#3089=VECTOR('',#3090,1.);
#3090=DIRECTION('',(2.13573585136769E-16,1.,0.));
#3091=CARTESIAN_POINT('',(-31.3,-36.3,-2.));
#3092=VECTOR('',#3093,1.);
#3093=DIRECTION('',(0.,1.,0.));
#3094=CARTESIAN_POINT('',(31.3,36.3,-2.));
#3095=CARTESIAN_POINT('',(31.3,36.3,-2.));
#3096=VECTOR('',#3097,1.);
#3097=DIRECTION('',(0.,-1.,0.));
#3098=CARTESIAN_POINT('',(30.3307764064049,36.3,-2.));
#3099=VECTOR('',#3100,1.);
#3100=DIRECTION('',(1.,0.,0.));
#3101=CARTESIAN_POINT('',(-31.3,36.3,-2.));
#3102=VECTOR('',#3103,1.);
#3103=DIRECTION('',(0.,0.707106781186549,0.707106781186546));
#3104=CARTESIAN_POINT('',(31.3,36.3,-2.));
#3105=VECTOR('',#3106,1.);
#3106=DIRECTION('',(0.,0.707106781186549,0.707106781186546));
#3107=CARTESIAN_POINT('',(-28.2692235935956,36.3,-2.));
#3108=VECTOR('',#3109,1.);
#3109=DIRECTION('',(1.,-2.51348514545366E-16,0.));
#3110=CARTESIAN_POINT('',(31.3,-36.3,-2.));
#3111=CARTESIAN_POINT('',(31.3,-36.3,-2.));
#3112=VECTOR('',#3113,1.);
#3113=DIRECTION('',(-1.,0.,0.));
#3114=CARTESIAN_POINT('',(31.3,-35.3307764064048,-2.));
#3115=VECTOR('',#3116,1.);
#3116=DIRECTION('',(0.,-1.,0.));
#3117=CARTESIAN_POINT('',(31.3,36.3,-2.));
#3118=VECTOR('',#3119,1.);
#3119=DIRECTION('',(0.707106781186547,0.,0.707106781186548));
#3120=CARTESIAN_POINT('',(32.3,-36.3,-1.));
#3121=VECTOR('',#3122,1.);
#3122=DIRECTION('',(-0.707106781186547,5.02429586778807E-15,-0.707106781186548));
#3123=CARTESIAN_POINT('',(31.3,33.2692235935955,-2.));
#3124=VECTOR('',#3125,1.);
#3125=DIRECTION('',(-2.13573585136771E-16,-1.,0.));
#3126=CARTESIAN_POINT('',(28.2692235935956,-36.3,-2.));
#3127=VECTOR('',#3128,1.);
#3128=DIRECTION('',(-1.,2.51348514545364E-16,0.));
#3129=CARTESIAN_POINT('',(-30.3307764064044,-36.3,-2.));
#3130=VECTOR('',#3131,1.);
#3131=DIRECTION('',(-1.,0.,0.));
#3132=CARTESIAN_POINT('',(31.3,-37.3,-1.));
#3133=VECTOR('',#3134,1.);
#3134=DIRECTION('',(0.,0.707106781186551,-0.707106781186544));
#3135=CARTESIAN_POINT('',(-31.3,-37.3,-1.));
#3136=VECTOR('',#3137,1.);
#3137=DIRECTION('',(0.,0.707106781186549,-0.707106781186546));
#3138=CARTESIAN_POINT('',(-32.3,-36.3,-1.));
#3139=VECTOR('',#3140,1.);
#3140=DIRECTION('',(0.70710678118654,-0.707106781186555,0.));
#3141=CARTESIAN_POINT('',(31.3,-37.3,-1.));
#3142=VECTOR('',#3143,1.);
#3143=DIRECTION('',(0.707106781186547,0.707106781186547,0.));
ENDSEC;
END-ISO-10303-21;
