ISO-10303-21;
HEADER;
FILE_DESCRIPTION(('STEP AP214'),
    '1');
FILE_NAME('TOP(with disp)',
    '',
    ('UNSPECIFIED'),
    ('UNSPECIFIED'),
    'C3D Converter',
    'C3D Toolkit',
    '');
FILE_SCHEMA(('AUTOMOTIVE_DESIGN { 1 0 10303 214 3 1 1}'));
ENDSEC;

DATA;
#1=PRODUCT_DEFINITION('','UNSPECIFIED',#28,#31);
#2=SHAPE_DEFINITION_REPRESENTATION(#26,#3);
#3=SHAPE_REPRESENTATION('NONE',(#4),#8);
#4=AXIS2_PLACEMENT_3D('',#5,#6,#7);
#5=CARTESIAN_POINT('',(0.,0.,0.));
#6=DIRECTION('',(0.,0.,1.));
#7=DIRECTION('',(1.,0.,0.));
#8=(GEOMETRIC_REPRESENTATION_CONTEXT(3)GLOBAL_UNCERTAINTY_ASSIGNED_CONTEXT((#10))
GLOBAL_UNIT_ASSIGNED_CONTEXT((#9,#11,#12))REPRESENTATION_CONTEXT('NONE','NONE'));
#9=(LENGTH_UNIT()NAMED_UNIT(*)SI_UNIT(.MILLI.,.METRE.));
#10=UNCERTAINTY_MEASURE_WITH_UNIT(LENGTH_MEASURE(1.E-5),#9,'NONE','NONE');
#11=(NAMED_UNIT(*)PLANE_ANGLE_UNIT()SI_UNIT($,.RADIAN.));
#12=(NAMED_UNIT(*)SI_UNIT($,.STERADIAN.)SOLID_ANGLE_UNIT());
#13=MANIFOLD_SOLID_BREP('',#14);
#14=CLOSED_SHELL('',(#53,#54,#55,#56,#57,#58,#59,#60,#61,#62,#63,#64,#65,#66,#67,
#68,#69,#70,#71,#72,#73,#74,#75,#76,#77,#78,#79,#80,#81,#82,#83,#84,#85,#86,#87,
#88,#89,#90,#91,#92,#93,#94,#95,#96,#97,#98,#99,#100,#101,#102,#103,#104,#105,#106,
#107,#108,#109,#110,#111,#112,#113,#114,#115,#116,#117,#118,#119,#120,#121,#122,
#123,#124,#125,#126,#127,#128,#129,#130,#131,#132,#133,#134,#135,#136,#137,#138,
#139,#140,#141,#142,#143,#144,#145,#146,#147,#148,#149,#150,#151,#152,#153,#154,
#155,#156,#157,#158,#159,#160,#161,#162,#163,#164,#165,#166,#167,#168,#169,#170,
#171,#172,#173,#174,#175,#176,#177,#178,#179,#180,#181,#182,#183,#184,#185,#186,
#187,#188,#189,#190,#191,#192,#193,#194,#195,#196,#197,#198,#199,#200,#201,#202,
#203,#204,#205,#206,#207,#208,#209,#210));
#15=COLOUR_RGB('',0.564705882352941,0.564705882352941,0.564705882352941);
#16=FILL_AREA_STYLE_COLOUR('',#15);
#17=FILL_AREA_STYLE($,(#16));
#18=SURFACE_STYLE_FILL_AREA(#17);
#19=SURFACE_SIDE_STYLE('',(#18));
#20=SURFACE_STYLE_USAGE(.BOTH.,#19);
#21=PRESENTATION_STYLE_ASSIGNMENT((#20));
#22=MECHANICAL_DESIGN_GEOMETRIC_PRESENTATION_REPRESENTATION('NONE',(#23),#8);
#23=STYLED_ITEM('',(#21),#13);
#24=ADVANCED_BREP_SHAPE_REPRESENTATION('NONE',(#13),#8);
#25=SHAPE_REPRESENTATION_RELATIONSHIP('','',#3,#24);
#26=PRODUCT_DEFINITION_SHAPE('NONE','NONE',#1);
#27=MECHANICAL_CONTEXT('NONE',#32,'mechanical');
#28=PRODUCT_DEFINITION_FORMATION_WITH_SPECIFIED_SOURCE('ANY','UNSPECIFIED',#29,.NOT_KNOWN.);
#29=PRODUCT('','\X2\0414043504420430043B044C\X0\','NONE',(#27));
#30=PRODUCT_RELATED_PRODUCT_CATEGORY('detail','',(#29));
#31=DESIGN_CONTEXT('detailed design',#32,'design');
#32=APPLICATION_CONTEXT('configuration controlled 3d designs of mechanical parts and assemblies');
#33=APPLICATION_PROTOCOL_DEFINITION('international standard','config_control_design',
1994,#32);
#34=CC_DESIGN_DATE_AND_TIME_ASSIGNMENT(#35,#39,(#1));
#35=DATE_AND_TIME(#36,#37);
#36=CALENDAR_DATE(0,1,1);
#37=LOCAL_TIME(0,0,0.,#38);
#38=COORDINATED_UNIVERSAL_TIME_OFFSET(0,0,.AHEAD.);
#39=DATE_TIME_ROLE('creation_date');
#40=CC_DESIGN_APPROVAL(#41,(#1));
#41=APPROVAL(#42,'UNSPECIFIED');
#42=APPROVAL_STATUS('not_yet_approved');
#43=APPROVAL_DATE_TIME(#44,#41);
#44=DATE_AND_TIME(#45,#46);
#45=CALENDAR_DATE(0,1,1);
#46=LOCAL_TIME(0,0,0.,#47);
#47=COORDINATED_UNIVERSAL_TIME_OFFSET(0,0,.AHEAD.);
#48=PERSON('UNSPECIFIED','HopyLab','UNSPECIFIED',('UNSPECIFIED'),('UNSPECIFIED'),
('UNSPECIFIED'));
#49=ORGANIZATION('UNSPECIFIED','UNSPECIFIED','UNSPECIFIED');
#50=PERSON_AND_ORGANIZATION(#48,#49);
#51=PERSON_AND_ORGANIZATION_ROLE('creator');
#52=CC_DESIGN_PERSON_AND_ORGANIZATION_ASSIGNMENT(#50,#51,(#28,#1));
#53=ADVANCED_FACE('',(#211,#213,#215,#217,#219,#221,#223),#225,.T.);
#54=ADVANCED_FACE('',(#230,#232),#234,.T.);
#55=ADVANCED_FACE('',(#239),#241,.F.);
#56=ADVANCED_FACE('',(#246),#248,.F.);
#57=ADVANCED_FACE('',(#253),#255,.F.);
#58=ADVANCED_FACE('',(#260),#262,.F.);
#59=ADVANCED_FACE('',(#267),#269,.F.);
#60=ADVANCED_FACE('',(#274),#276,.F.);
#61=ADVANCED_FACE('',(#281),#283,.T.);
#62=ADVANCED_FACE('',(#288),#290,.F.);
#63=ADVANCED_FACE('',(#295),#297,.F.);
#64=ADVANCED_FACE('',(#302),#304,.F.);
#65=ADVANCED_FACE('',(#309),#311,.T.);
#66=ADVANCED_FACE('',(#316),#318,.F.);
#67=ADVANCED_FACE('',(#323),#325,.F.);
#68=ADVANCED_FACE('',(#330),#332,.F.);
#69=ADVANCED_FACE('',(#337),#339,.T.);
#70=ADVANCED_FACE('',(#344),#346,.F.);
#71=ADVANCED_FACE('',(#351),#353,.F.);
#72=ADVANCED_FACE('',(#358),#360,.F.);
#73=ADVANCED_FACE('',(#365),#367,.T.);
#74=ADVANCED_FACE('',(#372),#374,.T.);
#75=ADVANCED_FACE('',(#379),#381,.T.);
#76=ADVANCED_FACE('',(#386),#388,.T.);
#77=ADVANCED_FACE('',(#393),#395,.T.);
#78=ADVANCED_FACE('',(#400),#402,.T.);
#79=ADVANCED_FACE('',(#407),#409,.T.);
#80=ADVANCED_FACE('',(#414),#416,.T.);
#81=ADVANCED_FACE('',(#421),#423,.T.);
#82=ADVANCED_FACE('',(#428),#430,.F.);
#83=ADVANCED_FACE('',(#435),#437,.F.);
#84=ADVANCED_FACE('',(#442),#444,.F.);
#85=ADVANCED_FACE('',(#449),#451,.F.);
#86=ADVANCED_FACE('',(#456),#458,.F.);
#87=ADVANCED_FACE('',(#463),#465,.F.);
#88=ADVANCED_FACE('',(#470),#472,.F.);
#89=ADVANCED_FACE('',(#477),#479,.F.);
#90=ADVANCED_FACE('',(#484),#486,.F.);
#91=ADVANCED_FACE('',(#491),#493,.F.);
#92=ADVANCED_FACE('',(#498),#500,.F.);
#93=ADVANCED_FACE('',(#505),#507,.F.);
#94=ADVANCED_FACE('',(#512),#514,.F.);
#95=ADVANCED_FACE('',(#519),#521,.F.);
#96=ADVANCED_FACE('',(#526),#528,.F.);
#97=ADVANCED_FACE('',(#533),#535,.F.);
#98=ADVANCED_FACE('',(#540),#542,.F.);
#99=ADVANCED_FACE('',(#547),#549,.F.);
#100=ADVANCED_FACE('',(#554),#556,.F.);
#101=ADVANCED_FACE('',(#561),#563,.F.);
#102=ADVANCED_FACE('',(#568),#570,.F.);
#103=ADVANCED_FACE('',(#575),#577,.F.);
#104=ADVANCED_FACE('',(#582),#584,.F.);
#105=ADVANCED_FACE('',(#589),#591,.F.);
#106=ADVANCED_FACE('',(#596),#598,.F.);
#107=ADVANCED_FACE('',(#603),#605,.F.);
#108=ADVANCED_FACE('',(#610),#612,.F.);
#109=ADVANCED_FACE('',(#617,#619),#621,.T.);
#110=ADVANCED_FACE('',(#626),#628,.T.);
#111=ADVANCED_FACE('',(#633,#635),#637,.T.);
#112=ADVANCED_FACE('',(#642,#644),#646,.T.);
#113=ADVANCED_FACE('',(#651,#653),#655,.T.);
#114=ADVANCED_FACE('',(#660),#662,.T.);
#115=ADVANCED_FACE('',(#667),#669,.T.);
#116=ADVANCED_FACE('',(#674),#676,.T.);
#117=ADVANCED_FACE('',(#681),#683,.T.);
#118=ADVANCED_FACE('',(#688),#690,.T.);
#119=ADVANCED_FACE('',(#695,#697,#699),#701,.T.);
#120=ADVANCED_FACE('',(#706),#708,.T.);
#121=ADVANCED_FACE('',(#713,#715,#717,#719,#721,#723,#725,#727,#729,#731,#733),#735,
.F.);
#122=ADVANCED_FACE('',(#740),#742,.F.);
#123=ADVANCED_FACE('',(#747),#749,.F.);
#124=ADVANCED_FACE('',(#754),#756,.F.);
#125=ADVANCED_FACE('',(#761,#763,#765,#767),#769,.F.);
#126=ADVANCED_FACE('',(#774),#776,.F.);
#127=ADVANCED_FACE('',(#781),#783,.F.);
#128=ADVANCED_FACE('',(#788,#790),#792,.F.);
#129=ADVANCED_FACE('',(#797,#799),#801,.F.);
#130=ADVANCED_FACE('',(#806,#808),#810,.F.);
#131=ADVANCED_FACE('',(#815,#817),#819,.F.);
#132=ADVANCED_FACE('',(#824,#826),#828,.F.);
#133=ADVANCED_FACE('',(#833),#835,.F.);
#134=ADVANCED_FACE('',(#840),#842,.F.);
#135=ADVANCED_FACE('',(#847),#849,.F.);
#136=ADVANCED_FACE('',(#854),#856,.F.);
#137=ADVANCED_FACE('',(#861),#863,.F.);
#138=ADVANCED_FACE('',(#868),#870,.F.);
#139=ADVANCED_FACE('',(#875),#877,.F.);
#140=ADVANCED_FACE('',(#882),#884,.F.);
#141=ADVANCED_FACE('',(#889),#891,.F.);
#142=ADVANCED_FACE('',(#896),#898,.F.);
#143=ADVANCED_FACE('',(#903),#905,.F.);
#144=ADVANCED_FACE('',(#910),#912,.F.);
#145=ADVANCED_FACE('',(#917),#919,.F.);
#146=ADVANCED_FACE('',(#924),#926,.F.);
#147=ADVANCED_FACE('',(#931),#933,.F.);
#148=ADVANCED_FACE('',(#938),#940,.F.);
#149=ADVANCED_FACE('',(#945),#947,.F.);
#150=ADVANCED_FACE('',(#952),#954,.F.);
#151=ADVANCED_FACE('',(#959),#961,.F.);
#152=ADVANCED_FACE('',(#966),#968,.F.);
#153=ADVANCED_FACE('',(#973),#975,.F.);
#154=ADVANCED_FACE('',(#980),#982,.F.);
#155=ADVANCED_FACE('',(#987),#989,.T.);
#156=ADVANCED_FACE('',(#994),#996,.F.);
#157=ADVANCED_FACE('',(#1001),#1003,.F.);
#158=ADVANCED_FACE('',(#1008,#1010),#1012,.F.);
#159=ADVANCED_FACE('',(#1017),#1019,.F.);
#160=ADVANCED_FACE('',(#1024),#1026,.F.);
#161=ADVANCED_FACE('',(#1031),#1033,.T.);
#162=ADVANCED_FACE('',(#1038),#1040,.F.);
#163=ADVANCED_FACE('',(#1045),#1047,.F.);
#164=ADVANCED_FACE('',(#1052),#1054,.F.);
#165=ADVANCED_FACE('',(#1059),#1061,.F.);
#166=ADVANCED_FACE('',(#1066),#1068,.F.);
#167=ADVANCED_FACE('',(#1073),#1075,.T.);
#168=ADVANCED_FACE('',(#1080),#1082,.F.);
#169=ADVANCED_FACE('',(#1087),#1089,.F.);
#170=ADVANCED_FACE('',(#1094),#1096,.T.);
#171=ADVANCED_FACE('',(#1101),#1103,.F.);
#172=ADVANCED_FACE('',(#1108),#1110,.F.);
#173=ADVANCED_FACE('',(#1115),#1117,.F.);
#174=ADVANCED_FACE('',(#1122),#1124,.F.);
#175=ADVANCED_FACE('',(#1129),#1131,.F.);
#176=ADVANCED_FACE('',(#1136),#1138,.F.);
#177=ADVANCED_FACE('',(#1143),#1145,.F.);
#178=ADVANCED_FACE('',(#1150),#1152,.F.);
#179=ADVANCED_FACE('',(#1157),#1159,.F.);
#180=ADVANCED_FACE('',(#1164),#1166,.F.);
#181=ADVANCED_FACE('',(#1171),#1173,.T.);
#182=ADVANCED_FACE('',(#1178),#1180,.T.);
#183=ADVANCED_FACE('',(#1185),#1187,.T.);
#184=ADVANCED_FACE('',(#1192),#1194,.F.);
#185=ADVANCED_FACE('',(#1199),#1201,.F.);
#186=ADVANCED_FACE('',(#1206),#1208,.F.);
#187=ADVANCED_FACE('',(#1213),#1215,.F.);
#188=ADVANCED_FACE('',(#1220),#1222,.F.);
#189=ADVANCED_FACE('',(#1227),#1229,.F.);
#190=ADVANCED_FACE('',(#1234),#1236,.F.);
#191=ADVANCED_FACE('',(#1241),#1243,.F.);
#192=ADVANCED_FACE('',(#1248),#1250,.F.);
#193=ADVANCED_FACE('',(#1255),#1257,.F.);
#194=ADVANCED_FACE('',(#1262),#1264,.F.);
#195=ADVANCED_FACE('',(#1269),#1271,.T.);
#196=ADVANCED_FACE('',(#1276,#1278),#1280,.F.);
#197=ADVANCED_FACE('',(#1285,#1287),#1289,.F.);
#198=ADVANCED_FACE('',(#1294,#1296),#1298,.F.);
#199=ADVANCED_FACE('',(#1303),#1305,.F.);
#200=ADVANCED_FACE('',(#1310),#1312,.T.);
#201=ADVANCED_FACE('',(#1317,#1319),#1321,.F.);
#202=ADVANCED_FACE('',(#1326),#1328,.F.);
#203=ADVANCED_FACE('',(#1333),#1335,.F.);
#204=ADVANCED_FACE('',(#1340),#1342,.F.);
#205=ADVANCED_FACE('',(#1347),#1349,.F.);
#206=ADVANCED_FACE('',(#1354),#1356,.T.);
#207=ADVANCED_FACE('',(#1361),#1363,.F.);
#208=ADVANCED_FACE('',(#1368),#1370,.F.);
#209=ADVANCED_FACE('',(#1375),#1377,.F.);
#210=ADVANCED_FACE('',(#1382),#1384,.F.);
#211=FACE_BOUND('',#212,.T.);
#212=EDGE_LOOP('',(#1389,#1390,#1391,#1392,#1393,#1394,#1395,#1396,#1397,#1398,#1399,
#1400,#1401,#1402,#1403,#1404,#1405,#1406,#1407,#1408,#1409,#1410,#1411,#1412));
#213=FACE_BOUND('',#214,.T.);
#214=EDGE_LOOP('',(#1413,#1414,#1415,#1416));
#215=FACE_BOUND('',#216,.T.);
#216=EDGE_LOOP('',(#1417,#1418,#1419,#1420));
#217=FACE_BOUND('',#218,.T.);
#218=EDGE_LOOP('',(#1421,#1422,#1423,#1424));
#219=FACE_BOUND('',#220,.T.);
#220=EDGE_LOOP('',(#1425,#1426,#1427,#1428));
#221=FACE_BOUND('',#222,.T.);
#222=EDGE_LOOP('',(#1429,#1430,#1431,#1432));
#223=FACE_BOUND('',#224,.T.);
#224=EDGE_LOOP('',(#1433,#1434,#1435,#1436));
#225=PLANE('',#226);
#226=AXIS2_PLACEMENT_3D('',#227,#228,#229);
#227=CARTESIAN_POINT('',(0.,0.,10.));
#228=DIRECTION('',(0.,0.,1.));
#229=DIRECTION('',(-1.,1.22464679914735E-16,0.));
#230=FACE_BOUND('',#231,.T.);
#231=EDGE_LOOP('',(#1437,#1438,#1439,#1440,#1441,#1442));
#232=FACE_BOUND('',#233,.T.);
#233=EDGE_LOOP('',(#1443,#1444,#1445,#1446));
#234=PLANE('',#235);
#235=AXIS2_PLACEMENT_3D('',#236,#237,#238);
#236=CARTESIAN_POINT('',(0.,0.,9.));
#237=DIRECTION('',(0.,0.,-1.));
#238=DIRECTION('',(1.,1.22464679914735E-16,0.));
#239=FACE_BOUND('',#240,.T.);
#240=EDGE_LOOP('',(#1447,#1448,#1449,#1450));
#241=PLANE('',#242);
#242=AXIS2_PLACEMENT_3D('',#243,#244,#245);
#243=CARTESIAN_POINT('',(28.65,9.65,19.));
#244=DIRECTION('',(1.,0.,0.));
#245=DIRECTION('',(0.,-1.,0.));
#246=FACE_BOUND('',#247,.T.);
#247=EDGE_LOOP('',(#1451,#1452,#1453,#1454));
#248=PLANE('',#249);
#249=AXIS2_PLACEMENT_3D('',#250,#251,#252);
#250=CARTESIAN_POINT('',(1.65,9.65,19.));
#251=DIRECTION('',(-1.31581988103722E-16,1.,0.));
#252=DIRECTION('',(1.,1.31581988103722E-16,0.));
#253=FACE_BOUND('',#254,.T.);
#254=EDGE_LOOP('',(#1455,#1456,#1457,#1458));
#255=PLANE('',#256);
#256=AXIS2_PLACEMENT_3D('',#257,#258,#259);
#257=CARTESIAN_POINT('',(1.65,-9.65,19.));
#258=DIRECTION('',(-1.,-1.26553919905458E-16,0.));
#259=DIRECTION('',(-1.26553919905458E-16,1.,0.));
#260=FACE_BOUND('',#261,.T.);
#261=EDGE_LOOP('',(#1459,#1460,#1461,#1462));
#262=PLANE('',#263);
#263=AXIS2_PLACEMENT_3D('',#264,#265,#266);
#264=CARTESIAN_POINT('',(28.65,-9.65,19.));
#265=DIRECTION('',(1.31581988103722E-16,-1.,0.));
#266=DIRECTION('',(-1.,-1.31581988103722E-16,0.));
#267=FACE_BOUND('',#268,.T.);
#268=EDGE_LOOP('',(#1463,#1464,#1465,#1466));
#269=PLANE('',#270);
#270=AXIS2_PLACEMENT_3D('',#271,#272,#273);
#271=CARTESIAN_POINT('',(-15.8,-27.565,9.));
#272=DIRECTION('',(0.,1.,0.));
#273=DIRECTION('',(-1.,0.,0.));
#274=FACE_BOUND('',#275,.T.);
#275=EDGE_LOOP('',(#1467,#1468,#1469,#1470));
#276=PLANE('',#277);
#277=AXIS2_PLACEMENT_3D('',#278,#279,#280);
#278=CARTESIAN_POINT('',(-15.8,-37.3000000000001,9.));
#279=DIRECTION('',(1.,0.,0.));
#280=DIRECTION('',(0.,1.,0.));
#281=FACE_BOUND('',#282,.T.);
#282=EDGE_LOOP('',(#1471,#1472,#1473,#1474));
#283=PLANE('',#284);
#284=AXIS2_PLACEMENT_3D('',#285,#286,#287);
#285=CARTESIAN_POINT('',(-35.3,-37.3,9.));
#286=DIRECTION('',(-1.42331327699379E-16,-0.707106781186545,0.70710678118655));
#287=DIRECTION('',(1.,-2.01286893983031E-16,0.));
#288=FACE_BOUND('',#289,.T.);
#289=EDGE_LOOP('',(#1475,#1476,#1477,#1478));
#290=PLANE('',#291);
#291=AXIS2_PLACEMENT_3D('',#292,#293,#294);
#292=CARTESIAN_POINT('',(-14.8,-27.565,9.));
#293=DIRECTION('',(-1.,0.,0.));
#294=DIRECTION('',(0.,-1.,0.));
#295=FACE_BOUND('',#296,.T.);
#296=EDGE_LOOP('',(#1479,#1480,#1481,#1482));
#297=PLANE('',#298);
#298=AXIS2_PLACEMENT_3D('',#299,#300,#301);
#299=CARTESIAN_POINT('',(-9.80000000000001,-27.565,9.));
#300=DIRECTION('',(0.,1.,0.));
#301=DIRECTION('',(-1.,0.,0.));
#302=FACE_BOUND('',#303,.T.);
#303=EDGE_LOOP('',(#1483,#1484,#1485,#1486));
#304=PLANE('',#305);
#305=AXIS2_PLACEMENT_3D('',#306,#307,#308);
#306=CARTESIAN_POINT('',(-9.80000000000001,-37.3000000000001,9.));
#307=DIRECTION('',(1.,0.,0.));
#308=DIRECTION('',(0.,1.,0.));
#309=FACE_BOUND('',#310,.T.);
#310=EDGE_LOOP('',(#1487,#1488,#1489,#1490));
#311=PLANE('',#312);
#312=AXIS2_PLACEMENT_3D('',#313,#314,#315);
#313=CARTESIAN_POINT('',(-35.3,-37.3,9.));
#314=DIRECTION('',(-1.42331327699379E-16,-0.707106781186545,0.70710678118655));
#315=DIRECTION('',(1.,-2.01286893983031E-16,0.));
#316=FACE_BOUND('',#317,.T.);
#317=EDGE_LOOP('',(#1491,#1492,#1493,#1494));
#318=PLANE('',#319);
#319=AXIS2_PLACEMENT_3D('',#320,#321,#322);
#320=CARTESIAN_POINT('',(-8.80000000000001,-27.565,9.));
#321=DIRECTION('',(-1.,0.,0.));
#322=DIRECTION('',(0.,-1.,0.));
#323=FACE_BOUND('',#324,.T.);
#324=EDGE_LOOP('',(#1495,#1496,#1497,#1498));
#325=PLANE('',#326);
#326=AXIS2_PLACEMENT_3D('',#327,#328,#329);
#327=CARTESIAN_POINT('',(-3.80000000000001,-27.565,9.));
#328=DIRECTION('',(0.,1.,0.));
#329=DIRECTION('',(-1.,0.,0.));
#330=FACE_BOUND('',#331,.T.);
#331=EDGE_LOOP('',(#1499,#1500,#1501,#1502));
#332=PLANE('',#333);
#333=AXIS2_PLACEMENT_3D('',#334,#335,#336);
#334=CARTESIAN_POINT('',(-3.80000000000001,-37.3000000000001,9.));
#335=DIRECTION('',(1.,0.,0.));
#336=DIRECTION('',(0.,1.,0.));
#337=FACE_BOUND('',#338,.T.);
#338=EDGE_LOOP('',(#1503,#1504,#1505,#1506));
#339=PLANE('',#340);
#340=AXIS2_PLACEMENT_3D('',#341,#342,#343);
#341=CARTESIAN_POINT('',(-35.3,-37.3,9.));
#342=DIRECTION('',(-1.42331327699379E-16,-0.707106781186545,0.70710678118655));
#343=DIRECTION('',(1.,-2.01286893983031E-16,0.));
#344=FACE_BOUND('',#345,.T.);
#345=EDGE_LOOP('',(#1507,#1508,#1509,#1510));
#346=PLANE('',#347);
#347=AXIS2_PLACEMENT_3D('',#348,#349,#350);
#348=CARTESIAN_POINT('',(-2.80000000000001,-27.565,9.));
#349=DIRECTION('',(-1.,0.,0.));
#350=DIRECTION('',(0.,-1.,0.));
#351=FACE_BOUND('',#352,.T.);
#352=EDGE_LOOP('',(#1511,#1512,#1513,#1514));
#353=PLANE('',#354);
#354=AXIS2_PLACEMENT_3D('',#355,#356,#357);
#355=CARTESIAN_POINT('',(2.19999999999999,-27.565,9.));
#356=DIRECTION('',(0.,1.,0.));
#357=DIRECTION('',(-1.,0.,0.));
#358=FACE_BOUND('',#359,.T.);
#359=EDGE_LOOP('',(#1515,#1516,#1517,#1518));
#360=PLANE('',#361);
#361=AXIS2_PLACEMENT_3D('',#362,#363,#364);
#362=CARTESIAN_POINT('',(2.19999999999999,-37.3000000000001,9.));
#363=DIRECTION('',(1.,0.,0.));
#364=DIRECTION('',(0.,1.,0.));
#365=FACE_BOUND('',#366,.T.);
#366=EDGE_LOOP('',(#1519,#1520,#1521,#1522));
#367=PLANE('',#368);
#368=AXIS2_PLACEMENT_3D('',#369,#370,#371);
#369=CARTESIAN_POINT('',(-35.3,-37.3,9.));
#370=DIRECTION('',(-1.42331327699379E-16,-0.707106781186545,0.70710678118655));
#371=DIRECTION('',(1.,-2.01286893983031E-16,0.));
#372=FACE_BOUND('',#373,.T.);
#373=EDGE_LOOP('',(#1523,#1524,#1525,#1526));
#374=PLANE('',#375);
#375=AXIS2_PLACEMENT_3D('',#376,#377,#378);
#376=CARTESIAN_POINT('',(28.4715728752538,-40.1284271247462,9.));
#377=DIRECTION('',(0.500000000000004,-0.499999999999999,0.707106781186546));
#378=DIRECTION('',(0.707106781186544,0.707106781186551,0.));
#379=FACE_BOUND('',#380,.T.);
#380=EDGE_LOOP('',(#1527,#1528,#1529,#1530));
#381=PLANE('',#382);
#382=AXIS2_PLACEMENT_3D('',#383,#384,#385);
#383=CARTESIAN_POINT('',(32.3,-40.3,9.));
#384=DIRECTION('',(0.707106781186546,-1.24672354039406E-16,0.707106781186549));
#385=DIRECTION('',(1.76313333935509E-16,1.,0.));
#386=FACE_BOUND('',#387,.T.);
#387=EDGE_LOOP('',(#1531,#1532,#1533,#1534));
#388=PLANE('',#389);
#389=AXIS2_PLACEMENT_3D('',#390,#391,#392);
#390=CARTESIAN_POINT('',(35.1284271247462,33.4715728752539,9.));
#391=DIRECTION('',(0.499999999999989,0.500000000000005,0.707106781186552));
#392=DIRECTION('',(-0.707106781186559,0.707106781186536,3.33557858716774E-17));
#393=FACE_BOUND('',#394,.T.);
#394=EDGE_LOOP('',(#1535,#1536,#1537,#1538));
#395=PLANE('',#396);
#396=AXIS2_PLACEMENT_3D('',#397,#398,#399);
#397=CARTESIAN_POINT('',(35.3,37.3,9.));
#398=DIRECTION('',(1.42331327699379E-16,0.707106781186545,0.70710678118655));
#399=DIRECTION('',(-1.,2.01286893983031E-16,0.));
#400=FACE_BOUND('',#401,.T.);
#401=EDGE_LOOP('',(#1539,#1540,#1541,#1542));
#402=PLANE('',#403);
#403=AXIS2_PLACEMENT_3D('',#404,#405,#406);
#404=CARTESIAN_POINT('',(-28.4715728752538,40.1284271247462,9.));
#405=DIRECTION('',(-0.500000000000004,0.499999999999999,0.707106781186546));
#406=DIRECTION('',(-0.707106781186544,-0.707106781186551,0.));
#407=FACE_BOUND('',#408,.T.);
#408=EDGE_LOOP('',(#1543,#1544,#1545,#1546));
#409=PLANE('',#410);
#410=AXIS2_PLACEMENT_3D('',#411,#412,#413);
#411=CARTESIAN_POINT('',(-32.3,40.3,9.));
#412=DIRECTION('',(-0.707106781186548,1.09088309784481E-16,0.707106781186547));
#413=DIRECTION('',(-1.76313333935509E-16,-1.,-2.20391667419386E-17));
#414=FACE_BOUND('',#415,.T.);
#415=EDGE_LOOP('',(#1547,#1548,#1549,#1550));
#416=PLANE('',#417);
#417=AXIS2_PLACEMENT_3D('',#418,#419,#420);
#418=CARTESIAN_POINT('',(-35.1284271247462,-33.4715728752538,9.));
#419=DIRECTION('',(-0.499999999999998,-0.500000000000003,0.707106781186547));
#420=DIRECTION('',(0.707106781186551,-0.707106781186543,0.));
#421=FACE_BOUND('',#422,.T.);
#422=EDGE_LOOP('',(#1551,#1552,#1553,#1554));
#423=PLANE('',#424);
#424=AXIS2_PLACEMENT_3D('',#425,#426,#427);
#425=CARTESIAN_POINT('',(-35.3,-37.3,9.));
#426=DIRECTION('',(-1.42331327699379E-16,-0.707106781186545,0.70710678118655));
#427=DIRECTION('',(1.,-2.01286893983031E-16,0.));
#428=FACE_BOUND('',#429,.T.);
#429=EDGE_LOOP('',(#1555,#1556,#1557,#1558));
#430=PLANE('',#431);
#431=AXIS2_PLACEMENT_3D('',#432,#433,#434);
#432=CARTESIAN_POINT('',(-20.8,-27.565,9.));
#433=DIRECTION('',(-1.,0.,0.));
#434=DIRECTION('',(0.,-1.,0.));
#435=FACE_BOUND('',#436,.T.);
#436=EDGE_LOOP('',(#1559,#1560,#1561,#1562));
#437=CYLINDRICAL_SURFACE('',#438,1.);
#438=AXIS2_PLACEMENT_3D('',#439,#440,#441);
#439=CARTESIAN_POINT('',(-2.1796225837717,14.65,0.));
#440=DIRECTION('',(0.,0.,1.));
#441=DIRECTION('',(6.12323399573677E-17,-1.,0.));
#442=FACE_BOUND('',#443,.T.);
#443=EDGE_LOOP('',(#1563,#1564,#1565,#1566));
#444=PLANE('',#445);
#445=AXIS2_PLACEMENT_3D('',#446,#447,#448);
#446=CARTESIAN_POINT('',(-25.1796225837717,13.65,0.));
#447=DIRECTION('',(7.72329060608804E-17,-1.,0.));
#448=DIRECTION('',(1.,7.72329060608804E-17,0.));
#449=FACE_BOUND('',#450,.T.);
#450=EDGE_LOOP('',(#1567,#1568,#1569,#1570));
#451=CYLINDRICAL_SURFACE('',#452,1.);
#452=AXIS2_PLACEMENT_3D('',#453,#454,#455);
#453=CARTESIAN_POINT('',(-25.1796225837717,14.65,0.));
#454=DIRECTION('',(0.,0.,1.));
#455=DIRECTION('',(-6.12323399573677E-17,1.,0.));
#456=FACE_BOUND('',#457,.T.);
#457=EDGE_LOOP('',(#1571,#1572,#1573,#1574));
#458=PLANE('',#459);
#459=AXIS2_PLACEMENT_3D('',#460,#461,#462);
#460=CARTESIAN_POINT('',(-2.1796225837717,15.65,0.));
#461=DIRECTION('',(-7.72329060608805E-17,1.,0.));
#462=DIRECTION('',(-1.,-7.72329060608805E-17,0.));
#463=FACE_BOUND('',#464,.T.);
#464=EDGE_LOOP('',(#1575,#1576,#1577,#1578));
#465=CYLINDRICAL_SURFACE('',#466,1.);
#466=AXIS2_PLACEMENT_3D('',#467,#468,#469);
#467=CARTESIAN_POINT('',(-2.1796225837717,9.65000000000001,0.));
#468=DIRECTION('',(0.,0.,1.));
#469=DIRECTION('',(6.12323399573677E-17,-1.,0.));
#470=FACE_BOUND('',#471,.T.);
#471=EDGE_LOOP('',(#1579,#1580,#1581,#1582));
#472=PLANE('',#473);
#473=AXIS2_PLACEMENT_3D('',#474,#475,#476);
#474=CARTESIAN_POINT('',(-25.1796225837717,8.65000000000001,0.));
#475=DIRECTION('',(7.72329060608804E-17,-1.,0.));
#476=DIRECTION('',(1.,7.72329060608804E-17,0.));
#477=FACE_BOUND('',#478,.T.);
#478=EDGE_LOOP('',(#1583,#1584,#1585,#1586));
#479=CYLINDRICAL_SURFACE('',#480,1.);
#480=AXIS2_PLACEMENT_3D('',#481,#482,#483);
#481=CARTESIAN_POINT('',(-25.1796225837717,9.65000000000001,0.));
#482=DIRECTION('',(0.,0.,1.));
#483=DIRECTION('',(-6.12323399573677E-17,1.,0.));
#484=FACE_BOUND('',#485,.T.);
#485=EDGE_LOOP('',(#1587,#1588,#1589,#1590));
#486=PLANE('',#487);
#487=AXIS2_PLACEMENT_3D('',#488,#489,#490);
#488=CARTESIAN_POINT('',(-2.1796225837717,10.65,0.));
#489=DIRECTION('',(-7.72329060608805E-17,1.,0.));
#490=DIRECTION('',(-1.,-7.72329060608805E-17,0.));
#491=FACE_BOUND('',#492,.T.);
#492=EDGE_LOOP('',(#1591,#1592,#1593,#1594));
#493=CYLINDRICAL_SURFACE('',#494,1.);
#494=AXIS2_PLACEMENT_3D('',#495,#496,#497);
#495=CARTESIAN_POINT('',(-2.1796225837717,-5.34999999999999,0.));
#496=DIRECTION('',(0.,0.,1.));
#497=DIRECTION('',(6.12323399573677E-17,-1.,0.));
#498=FACE_BOUND('',#499,.T.);
#499=EDGE_LOOP('',(#1595,#1596,#1597,#1598));
#500=PLANE('',#501);
#501=AXIS2_PLACEMENT_3D('',#502,#503,#504);
#502=CARTESIAN_POINT('',(-25.1796225837717,-6.34999999999999,0.));
#503=DIRECTION('',(7.72329060608804E-17,-1.,0.));
#504=DIRECTION('',(1.,7.72329060608804E-17,0.));
#505=FACE_BOUND('',#506,.T.);
#506=EDGE_LOOP('',(#1599,#1600,#1601,#1602));
#507=CYLINDRICAL_SURFACE('',#508,1.);
#508=AXIS2_PLACEMENT_3D('',#509,#510,#511);
#509=CARTESIAN_POINT('',(-25.1796225837717,-5.34999999999999,0.));
#510=DIRECTION('',(0.,0.,1.));
#511=DIRECTION('',(-6.12323399573677E-17,1.,0.));
#512=FACE_BOUND('',#513,.T.);
#513=EDGE_LOOP('',(#1603,#1604,#1605,#1606));
#514=PLANE('',#515);
#515=AXIS2_PLACEMENT_3D('',#516,#517,#518);
#516=CARTESIAN_POINT('',(-2.1796225837717,-4.34999999999999,0.));
#517=DIRECTION('',(-7.72329060608805E-17,1.,0.));
#518=DIRECTION('',(-1.,-7.72329060608805E-17,0.));
#519=FACE_BOUND('',#520,.T.);
#520=EDGE_LOOP('',(#1607,#1608,#1609,#1610));
#521=CYLINDRICAL_SURFACE('',#522,1.);
#522=AXIS2_PLACEMENT_3D('',#523,#524,#525);
#523=CARTESIAN_POINT('',(-2.1796225837717,-0.349999999999991,0.));
#524=DIRECTION('',(0.,0.,1.));
#525=DIRECTION('',(6.12323399573677E-17,-1.,0.));
#526=FACE_BOUND('',#527,.T.);
#527=EDGE_LOOP('',(#1611,#1612,#1613,#1614));
#528=PLANE('',#529);
#529=AXIS2_PLACEMENT_3D('',#530,#531,#532);
#530=CARTESIAN_POINT('',(-25.1796225837717,-1.34999999999999,0.));
#531=DIRECTION('',(5.79246795456603E-17,-1.,0.));
#532=DIRECTION('',(1.,5.79246795456603E-17,0.));
#533=FACE_BOUND('',#534,.T.);
#534=EDGE_LOOP('',(#1615,#1616,#1617,#1618));
#535=CYLINDRICAL_SURFACE('',#536,1.);
#536=AXIS2_PLACEMENT_3D('',#537,#538,#539);
#537=CARTESIAN_POINT('',(-25.1796225837717,-0.349999999999992,0.));
#538=DIRECTION('',(0.,0.,1.));
#539=DIRECTION('',(-6.12323399573677E-17,1.,0.));
#540=FACE_BOUND('',#541,.T.);
#541=EDGE_LOOP('',(#1619,#1620,#1621,#1622));
#542=PLANE('',#543);
#543=AXIS2_PLACEMENT_3D('',#544,#545,#546);
#544=CARTESIAN_POINT('',(-2.1796225837717,0.650000000000009,0.));
#545=DIRECTION('',(-6.27517361744654E-17,1.,0.));
#546=DIRECTION('',(-1.,-6.27517361744654E-17,0.));
#547=FACE_BOUND('',#548,.T.);
#548=EDGE_LOOP('',(#1623,#1624,#1625,#1626));
#549=CYLINDRICAL_SURFACE('',#550,1.);
#550=AXIS2_PLACEMENT_3D('',#551,#552,#553);
#551=CARTESIAN_POINT('',(-2.1796225837717,4.65000000000001,0.));
#552=DIRECTION('',(0.,0.,1.));
#553=DIRECTION('',(6.12323399573677E-17,-1.,0.));
#554=FACE_BOUND('',#555,.T.);
#555=EDGE_LOOP('',(#1627,#1628,#1629,#1630));
#556=PLANE('',#557);
#557=AXIS2_PLACEMENT_3D('',#558,#559,#560);
#558=CARTESIAN_POINT('',(-25.1796225837717,3.65000000000001,0.));
#559=DIRECTION('',(5.79246795456603E-17,-1.,0.));
#560=DIRECTION('',(1.,5.79246795456603E-17,0.));
#561=FACE_BOUND('',#562,.T.);
#562=EDGE_LOOP('',(#1631,#1632,#1633,#1634));
#563=CYLINDRICAL_SURFACE('',#564,1.);
#564=AXIS2_PLACEMENT_3D('',#565,#566,#567);
#565=CARTESIAN_POINT('',(-25.1796225837717,4.65000000000001,0.));
#566=DIRECTION('',(0.,0.,1.));
#567=DIRECTION('',(-6.12323399573677E-17,1.,0.));
#568=FACE_BOUND('',#569,.T.);
#569=EDGE_LOOP('',(#1635,#1636,#1637,#1638));
#570=PLANE('',#571);
#571=AXIS2_PLACEMENT_3D('',#572,#573,#574);
#572=CARTESIAN_POINT('',(-2.1796225837717,5.65000000000001,0.));
#573=DIRECTION('',(-7.72329060608805E-17,1.,0.));
#574=DIRECTION('',(-1.,-7.72329060608805E-17,0.));
#575=FACE_BOUND('',#576,.T.);
#576=EDGE_LOOP('',(#1639,#1640,#1641,#1642));
#577=PLANE('',#578);
#578=AXIS2_PLACEMENT_3D('',#579,#580,#581);
#579=CARTESIAN_POINT('',(12.3,16.825,9.));
#580=DIRECTION('',(-1.,-1.36642833800019E-16,0.));
#581=DIRECTION('',(-1.36642833800019E-16,1.,0.));
#582=FACE_BOUND('',#583,.T.);
#583=EDGE_LOOP('',(#1643,#1644,#1645,#1646));
#584=PLANE('',#585);
#585=AXIS2_PLACEMENT_3D('',#586,#587,#588);
#586=CARTESIAN_POINT('',(12.3,29.825,9.));
#587=DIRECTION('',(-1.97372982155583E-16,1.,0.));
#588=DIRECTION('',(1.,1.97372982155583E-16,0.));
#589=FACE_BOUND('',#590,.T.);
#590=EDGE_LOOP('',(#1647,#1648,#1649,#1650,#1651,#1652,#1653,#1654,#1655,#1656,#1657,
#1658));
#591=PLANE('',#592);
#592=AXIS2_PLACEMENT_3D('',#593,#594,#595);
#593=CARTESIAN_POINT('',(30.3,-30.3,0.));
#594=DIRECTION('',(1.,0.,0.));
#595=DIRECTION('',(0.,1.,0.));
#596=FACE_BOUND('',#597,.T.);
#597=EDGE_LOOP('',(#1659,#1660,#1661,#1662));
#598=PLANE('',#599);
#599=AXIS2_PLACEMENT_3D('',#600,#601,#602);
#600=CARTESIAN_POINT('',(30.3,-16.825,9.));
#601=DIRECTION('',(1.1628157807816E-16,-1.,0.));
#602=DIRECTION('',(-1.,-1.1628157807816E-16,0.));
#603=FACE_BOUND('',#604,.T.);
#604=EDGE_LOOP('',(#1663,#1664,#1665,#1666));
#605=PLANE('',#606);
#606=AXIS2_PLACEMENT_3D('',#607,#608,#609);
#607=CARTESIAN_POINT('',(-0.252678571428571,-16.825,9.));
#608=DIRECTION('',(-1.,-8.08334743040604E-17,0.));
#609=DIRECTION('',(-8.08334743040604E-17,1.,0.));
#610=FACE_BOUND('',#611,.T.);
#611=EDGE_LOOP('',(#1667,#1668,#1669,#1670));
#612=PLANE('',#613);
#613=AXIS2_PLACEMENT_3D('',#614,#615,#616);
#614=CARTESIAN_POINT('',(-0.252678571428574,16.825,9.));
#615=DIRECTION('',(5.66048697667908E-16,1.,0.));
#616=DIRECTION('',(1.,-5.66048697667908E-16,0.));
#617=FACE_BOUND('',#618,.T.);
#618=EDGE_LOOP('',(#1671,#1672,#1673,#1674));
#619=FACE_BOUND('',#620,.T.);
#620=EDGE_LOOP('',(#1675));
#621=PLANE('',#622);
#622=AXIS2_PLACEMENT_3D('',#623,#624,#625);
#623=CARTESIAN_POINT('',(0.,0.,9.));
#624=DIRECTION('',(0.,0.,1.));
#625=DIRECTION('',(1.,0.,0.));
#626=FACE_BOUND('',#627,.T.);
#627=EDGE_LOOP('',(#1676,#1677,#1678,#1679,#1680,#1681,#1682,#1683,#1684,#1685,#1686,
#1687));
#628=PLANE('',#629);
#629=AXIS2_PLACEMENT_3D('',#630,#631,#632);
#630=CARTESIAN_POINT('',(-31.3,-37.3,0.));
#631=DIRECTION('',(-2.27010458709297E-16,-1.,0.));
#632=DIRECTION('',(1.,-2.27010458709297E-16,0.));
#633=FACE_BOUND('',#634,.T.);
#634=EDGE_LOOP('',(#1688,#1689,#1690,#1691));
#635=FACE_BOUND('',#636,.T.);
#636=EDGE_LOOP('',(#1692));
#637=PLANE('',#638);
#638=AXIS2_PLACEMENT_3D('',#639,#640,#641);
#639=CARTESIAN_POINT('',(0.,0.,9.));
#640=DIRECTION('',(0.,0.,1.));
#641=DIRECTION('',(1.,0.,0.));
#642=FACE_BOUND('',#643,.T.);
#643=EDGE_LOOP('',(#1693,#1694,#1695,#1696));
#644=FACE_BOUND('',#645,.T.);
#645=EDGE_LOOP('',(#1697));
#646=PLANE('',#647);
#647=AXIS2_PLACEMENT_3D('',#648,#649,#650);
#648=CARTESIAN_POINT('',(0.,0.,9.));
#649=DIRECTION('',(0.,0.,1.));
#650=DIRECTION('',(1.,0.,0.));
#651=FACE_BOUND('',#652,.T.);
#652=EDGE_LOOP('',(#1698,#1699,#1700,#1701));
#653=FACE_BOUND('',#654,.T.);
#654=EDGE_LOOP('',(#1702));
#655=PLANE('',#656);
#656=AXIS2_PLACEMENT_3D('',#657,#658,#659);
#657=CARTESIAN_POINT('',(0.,0.,9.));
#658=DIRECTION('',(0.,0.,1.));
#659=DIRECTION('',(1.,0.,0.));
#660=FACE_BOUND('',#661,.T.);
#661=EDGE_LOOP('',(#1703,#1704,#1705,#1706));
#662=PLANE('',#663);
#663=AXIS2_PLACEMENT_3D('',#664,#665,#666);
#664=CARTESIAN_POINT('',(31.3,-37.3,0.));
#665=DIRECTION('',(0.707106781186551,-0.707106781186544,0.));
#666=DIRECTION('',(0.707106781186544,0.707106781186551,0.));
#667=FACE_BOUND('',#668,.T.);
#668=EDGE_LOOP('',(#1707,#1708,#1709,#1710,#1711,#1712,#1713,#1714));
#669=PLANE('',#670);
#670=AXIS2_PLACEMENT_3D('',#671,#672,#673);
#671=CARTESIAN_POINT('',(32.3,-36.3,0.));
#672=DIRECTION('',(1.,-1.95741800484876E-16,0.));
#673=DIRECTION('',(1.95741800484876E-16,1.,0.));
#674=FACE_BOUND('',#675,.T.);
#675=EDGE_LOOP('',(#1715,#1716,#1717,#1718));
#676=PLANE('',#677);
#677=AXIS2_PLACEMENT_3D('',#678,#679,#680);
#678=CARTESIAN_POINT('',(32.3,36.3,0.));
#679=DIRECTION('',(0.707106781186536,0.707106781186559,0.));
#680=DIRECTION('',(-0.707106781186559,0.707106781186536,0.));
#681=FACE_BOUND('',#682,.T.);
#682=EDGE_LOOP('',(#1719,#1720,#1721,#1722,#1723,#1724,#1725,#1726,#1727,#1728,#1729,
#1730,#1731,#1732,#1733,#1734,#1735,#1736));
#683=PLANE('',#684);
#684=AXIS2_PLACEMENT_3D('',#685,#686,#687);
#685=CARTESIAN_POINT('',(31.3,37.3,0.));
#686=DIRECTION('',(2.27010458709297E-16,1.,0.));
#687=DIRECTION('',(-1.,2.27010458709297E-16,0.));
#688=FACE_BOUND('',#689,.T.);
#689=EDGE_LOOP('',(#1737,#1738,#1739,#1740));
#690=PLANE('',#691);
#691=AXIS2_PLACEMENT_3D('',#692,#693,#694);
#692=CARTESIAN_POINT('',(-31.3,37.3,0.));
#693=DIRECTION('',(-0.707106781186551,0.707106781186544,0.));
#694=DIRECTION('',(-0.707106781186544,-0.707106781186551,0.));
#695=FACE_BOUND('',#696,.T.);
#696=EDGE_LOOP('',(#1741,#1742,#1743,#1744));
#697=FACE_BOUND('',#698,.T.);
#698=EDGE_LOOP('',(#1745,#1746,#1747,#1748));
#699=FACE_BOUND('',#700,.T.);
#700=EDGE_LOOP('',(#1749,#1750,#1751,#1752));
#701=PLANE('',#702);
#702=AXIS2_PLACEMENT_3D('',#703,#704,#705);
#703=CARTESIAN_POINT('',(-32.3,36.3,0.));
#704=DIRECTION('',(-1.,1.95741800484876E-16,0.));
#705=DIRECTION('',(-1.95741800484876E-16,-1.,0.));
#706=FACE_BOUND('',#707,.T.);
#707=EDGE_LOOP('',(#1753,#1754,#1755,#1756));
#708=PLANE('',#709);
#709=AXIS2_PLACEMENT_3D('',#710,#711,#712);
#710=CARTESIAN_POINT('',(-32.3,-36.3,0.));
#711=DIRECTION('',(-0.707106781186544,-0.707106781186551,0.));
#712=DIRECTION('',(0.707106781186551,-0.707106781186544,0.));
#713=FACE_BOUND('',#714,.T.);
#714=EDGE_LOOP('',(#1757,#1758,#1759,#1760,#1761,#1762,#1763,#1764,#1765,#1766,#1767,
#1768,#1769,#1770,#1771,#1772,#1773,#1774,#1775,#1776,#1777,#1778,#1779,#1780,#1781,
#1782,#1783,#1784,#1785,#1786,#1787,#1788,#1789,#1790));
#715=FACE_BOUND('',#716,.T.);
#716=EDGE_LOOP('',(#1791,#1792,#1793,#1794,#1795,#1796,#1797,#1798,#1799,#1800,#1801,
#1802,#1803,#1804,#1805,#1806,#1807,#1808,#1809,#1810));
#717=FACE_BOUND('',#718,.T.);
#718=EDGE_LOOP('',(#1811));
#719=FACE_BOUND('',#720,.T.);
#720=EDGE_LOOP('',(#1812,#1813,#1814,#1815));
#721=FACE_BOUND('',#722,.T.);
#722=EDGE_LOOP('',(#1816,#1817,#1818,#1819));
#723=FACE_BOUND('',#724,.T.);
#724=EDGE_LOOP('',(#1820,#1821,#1822,#1823));
#725=FACE_BOUND('',#726,.T.);
#726=EDGE_LOOP('',(#1824,#1825,#1826,#1827));
#727=FACE_BOUND('',#728,.T.);
#728=EDGE_LOOP('',(#1828,#1829,#1830,#1831));
#729=FACE_BOUND('',#730,.T.);
#730=EDGE_LOOP('',(#1832));
#731=FACE_BOUND('',#732,.T.);
#732=EDGE_LOOP('',(#1833));
#733=FACE_BOUND('',#734,.T.);
#734=EDGE_LOOP('',(#1834));
#735=PLANE('',#736);
#736=AXIS2_PLACEMENT_3D('',#737,#738,#739);
#737=CARTESIAN_POINT('',(0.,0.,8.));
#738=DIRECTION('',(0.,0.,1.));
#739=DIRECTION('',(-1.,1.22464679914735E-16,0.));
#740=FACE_BOUND('',#741,.T.);
#741=EDGE_LOOP('',(#1835,#1836,#1837,#1838));
#742=PLANE('',#743);
#743=AXIS2_PLACEMENT_3D('',#744,#745,#746);
#744=CARTESIAN_POINT('',(22.3,25.14,-0.364999999999998));
#745=DIRECTION('',(3.5527136788005E-16,1.,0.));
#746=DIRECTION('',(0.,0.,1.));
#747=FACE_BOUND('',#748,.T.);
#748=EDGE_LOOP('',(#1839,#1840,#1841,#1842));
#749=PLANE('',#750);
#750=AXIS2_PLACEMENT_3D('',#751,#752,#753);
#751=CARTESIAN_POINT('',(22.3,25.14,5.635));
#752=DIRECTION('',(-2.42726432375696E-32,-6.83214169000096E-17,1.));
#753=DIRECTION('',(-1.82190445066692E-16,-1.,-6.83214169000096E-17));
#754=FACE_BOUND('',#755,.T.);
#755=EDGE_LOOP('',(#1843,#1844,#1845,#1846));
#756=PLANE('',#757);
#757=AXIS2_PLACEMENT_3D('',#758,#759,#760);
#758=CARTESIAN_POINT('',(22.3,-13.86,5.635));
#759=DIRECTION('',(-1.77635683940025E-16,-1.,0.));
#760=DIRECTION('',(0.,0.,-1.));
#761=FACE_BOUND('',#762,.T.);
#762=EDGE_LOOP('',(#1847,#1848,#1849,#1850,#1851,#1852,#1853,#1854,#1855,#1856,#1857,
#1858,#1859,#1860,#1861,#1862,#1863,#1864,#1865,#1866,#1867,#1868,#1869,#1870,#1871,
#1872,#1873,#1874,#1875,#1876));
#763=FACE_BOUND('',#764,.T.);
#764=EDGE_LOOP('',(#1877));
#765=FACE_BOUND('',#766,.T.);
#766=EDGE_LOOP('',(#1878));
#767=FACE_BOUND('',#768,.T.);
#768=EDGE_LOOP('',(#1879));
#769=PLANE('',#770);
#770=AXIS2_PLACEMENT_3D('',#771,#772,#773);
#771=CARTESIAN_POINT('',(0.,0.,0.));
#772=DIRECTION('',(0.,0.,1.));
#773=DIRECTION('',(-1.,1.22464679914735E-16,0.));
#774=FACE_BOUND('',#775,.T.);
#775=EDGE_LOOP('',(#1880,#1881,#1882,#1883));
#776=CYLINDRICAL_SURFACE('',#777,1.);
#777=AXIS2_PLACEMENT_3D('',#778,#779,#780);
#778=CARTESIAN_POINT('',(29.3,-30.3,0.));
#779=DIRECTION('',(0.,0.,1.));
#780=DIRECTION('',(6.98296267768624E-15,-1.,0.));
#781=FACE_BOUND('',#782,.T.);
#782=EDGE_LOOP('',(#1884,#1885,#1886,#1887));
#783=CYLINDRICAL_SURFACE('',#784,1.);
#784=AXIS2_PLACEMENT_3D('',#785,#786,#787);
#785=CARTESIAN_POINT('',(29.3,30.3,0.));
#786=DIRECTION('',(0.,0.,1.));
#787=DIRECTION('',(1.,3.43024899888577E-15,0.));
#788=FACE_BOUND('',#789,.T.);
#789=EDGE_LOOP('',(#1888,#1889,#1890,#1891,#1892,#1893,#1894,#1895,#1896,#1897,#1898,
#1899,#1900,#1901));
#790=FACE_BOUND('',#791,.T.);
#791=EDGE_LOOP('',(#1902));
#792=PLANE('',#793);
#793=AXIS2_PLACEMENT_3D('',#794,#795,#796);
#794=CARTESIAN_POINT('',(0.,0.,0.));
#795=DIRECTION('',(0.,0.,1.));
#796=DIRECTION('',(-1.,1.22464679914735E-16,0.));
#797=FACE_OUTER_BOUND('',#798,.T.);
#798=EDGE_LOOP('',(#1903));
#799=FACE_OUTER_BOUND('',#800,.T.);
#800=EDGE_LOOP('',(#1904));
#801=CYLINDRICAL_SURFACE('',#802,1.5);
#802=AXIS2_PLACEMENT_3D('',#803,#804,#805);
#803=CARTESIAN_POINT('',(-18.3,-32.565,18.));
#804=DIRECTION('',(0.,0.,-1.));
#805=DIRECTION('',(-1.,0.,0.));
#806=FACE_OUTER_BOUND('',#807,.T.);
#807=EDGE_LOOP('',(#1905));
#808=FACE_OUTER_BOUND('',#809,.T.);
#809=EDGE_LOOP('',(#1906));
#810=CYLINDRICAL_SURFACE('',#811,1.5);
#811=AXIS2_PLACEMENT_3D('',#812,#813,#814);
#812=CARTESIAN_POINT('',(-12.3,-32.565,18.));
#813=DIRECTION('',(0.,0.,-1.));
#814=DIRECTION('',(-1.,0.,0.));
#815=FACE_OUTER_BOUND('',#816,.T.);
#816=EDGE_LOOP('',(#1907));
#817=FACE_OUTER_BOUND('',#818,.T.);
#818=EDGE_LOOP('',(#1908));
#819=CYLINDRICAL_SURFACE('',#820,1.5);
#820=AXIS2_PLACEMENT_3D('',#821,#822,#823);
#821=CARTESIAN_POINT('',(-6.30000000000001,-32.565,18.));
#822=DIRECTION('',(0.,0.,-1.));
#823=DIRECTION('',(-1.,0.,0.));
#824=FACE_OUTER_BOUND('',#825,.T.);
#825=EDGE_LOOP('',(#1909));
#826=FACE_OUTER_BOUND('',#827,.T.);
#827=EDGE_LOOP('',(#1910));
#828=CYLINDRICAL_SURFACE('',#829,1.5);
#829=AXIS2_PLACEMENT_3D('',#830,#831,#832);
#830=CARTESIAN_POINT('',(-0.300000000000011,-32.565,18.));
#831=DIRECTION('',(0.,0.,-1.));
#832=DIRECTION('',(-1.,0.,0.));
#833=FACE_BOUND('',#834,.T.);
#834=EDGE_LOOP('',(#1911,#1912,#1913,#1914));
#835=CYLINDRICAL_SURFACE('',#836,1.5);
#836=AXIS2_PLACEMENT_3D('',#837,#838,#839);
#837=CARTESIAN_POINT('',(-3.5,45.3,2.134999938988));
#838=DIRECTION('',(-1.40423465565237E-16,-1.,0.));
#839=DIRECTION('',(0.,0.,1.));
#840=FACE_BOUND('',#841,.T.);
#841=EDGE_LOOP('',(#1915,#1916,#1917,#1918));
#842=PLANE('',#843);
#843=AXIS2_PLACEMENT_3D('',#844,#845,#846);
#844=CARTESIAN_POINT('',(-4.99999999999999,45.3,2.134999938988));
#845=DIRECTION('',(-1.,1.77635683940025E-16,0.));
#846=DIRECTION('',(0.,0.,-1.));
#847=FACE_BOUND('',#848,.T.);
#848=EDGE_LOOP('',(#1919,#1920,#1921,#1922,#1923,#1924));
#849=PLANE('',#850);
#850=AXIS2_PLACEMENT_3D('',#851,#852,#853);
#851=CARTESIAN_POINT('',(0.,0.,0.));
#852=DIRECTION('',(0.,0.,1.));
#853=DIRECTION('',(-1.,1.22464679914735E-16,0.));
#854=FACE_BOUND('',#855,.T.);
#855=EDGE_LOOP('',(#1925,#1926,#1927,#1928));
#856=PLANE('',#857);
#857=AXIS2_PLACEMENT_3D('',#858,#859,#860);
#858=CARTESIAN_POINT('',(-19.,27.3,4.225000052));
#859=DIRECTION('',(1.,-3.5527136788005E-16,0.));
#860=DIRECTION('',(0.,0.,-1.));
#861=FACE_BOUND('',#862,.T.);
#862=EDGE_LOOP('',(#1929,#1930,#1931,#1932));
#863=CYLINDRICAL_SURFACE('',#864,2.);
#864=AXIS2_PLACEMENT_3D('',#865,#866,#867);
#865=CARTESIAN_POINT('',(-21.,27.3,4.225000052));
#866=DIRECTION('',(2.27010458709297E-16,1.,0.));
#867=DIRECTION('',(-1.,2.27010458709297E-16,-1.22464679914735E-16));
#868=FACE_BOUND('',#869,.T.);
#869=EDGE_LOOP('',(#1933,#1934,#1935,#1936));
#870=PLANE('',#871);
#871=AXIS2_PLACEMENT_3D('',#872,#873,#874);
#872=CARTESIAN_POINT('',(-23.,27.3,-0.774999948000001));
#873=DIRECTION('',(-1.,3.5527136788005E-16,0.));
#874=DIRECTION('',(0.,0.,1.));
#875=FACE_BOUND('',#876,.T.);
#876=EDGE_LOOP('',(#1937,#1938,#1939,#1940));
#877=PLANE('',#878);
#878=AXIS2_PLACEMENT_3D('',#879,#880,#881);
#879=CARTESIAN_POINT('',(23.,27.3,4.225000052));
#880=DIRECTION('',(1.,-3.5527136788005E-16,0.));
#881=DIRECTION('',(0.,0.,-1.));
#882=FACE_BOUND('',#883,.T.);
#883=EDGE_LOOP('',(#1941,#1942,#1943,#1944));
#884=CYLINDRICAL_SURFACE('',#885,2.);
#885=AXIS2_PLACEMENT_3D('',#886,#887,#888);
#886=CARTESIAN_POINT('',(21.,27.3,4.225000052));
#887=DIRECTION('',(2.27010458709297E-16,1.,0.));
#888=DIRECTION('',(-1.,2.27010458709297E-16,-1.22464679914735E-16));
#889=FACE_BOUND('',#890,.T.);
#890=EDGE_LOOP('',(#1945,#1946,#1947,#1948));
#891=PLANE('',#892);
#892=AXIS2_PLACEMENT_3D('',#893,#894,#895);
#893=CARTESIAN_POINT('',(19.,27.3,-0.774999947999996));
#894=DIRECTION('',(-1.,3.5527136788005E-16,0.));
#895=DIRECTION('',(0.,0.,1.));
#896=FACE_BOUND('',#897,.T.);
#897=EDGE_LOOP('',(#1949,#1950,#1951,#1952,#1953,#1954));
#898=PLANE('',#899);
#899=AXIS2_PLACEMENT_3D('',#900,#901,#902);
#900=CARTESIAN_POINT('',(0.,0.,0.));
#901=DIRECTION('',(0.,0.,1.));
#902=DIRECTION('',(-1.,1.22464679914735E-16,0.));
#903=FACE_BOUND('',#904,.T.);
#904=EDGE_LOOP('',(#1955,#1956,#1957,#1958));
#905=PLANE('',#906);
#906=AXIS2_PLACEMENT_3D('',#907,#908,#909);
#907=CARTESIAN_POINT('',(5.00000000000001,45.3,-0.365000061012001));
#908=DIRECTION('',(1.,-1.77635683940025E-16,0.));
#909=DIRECTION('',(0.,0.,1.));
#910=FACE_BOUND('',#911,.T.);
#911=EDGE_LOOP('',(#1959,#1960,#1961,#1962));
#912=CYLINDRICAL_SURFACE('',#913,1.5);
#913=AXIS2_PLACEMENT_3D('',#914,#915,#916);
#914=CARTESIAN_POINT('',(3.5,45.3,2.134999938988));
#915=DIRECTION('',(-1.40423465565237E-16,-1.,0.));
#916=DIRECTION('',(1.,-1.40423465565237E-16,0.));
#917=FACE_BOUND('',#918,.T.);
#918=EDGE_LOOP('',(#1963,#1964,#1965,#1966));
#919=PLANE('',#920);
#920=AXIS2_PLACEMENT_3D('',#921,#922,#923);
#921=CARTESIAN_POINT('',(3.5,45.3,3.634999938988));
#922=DIRECTION('',(0.,0.,1.));
#923=DIRECTION('',(-1.,0.,0.));
#924=FACE_BOUND('',#925,.T.);
#925=EDGE_LOOP('',(#1967,#1968,#1969,#1970));
#926=CYLINDRICAL_SURFACE('',#927,1.);
#927=AXIS2_PLACEMENT_3D('',#928,#929,#930);
#928=CARTESIAN_POINT('',(-22.3,16.15,7.));
#929=DIRECTION('',(-1.,1.95741800484876E-16,0.));
#930=DIRECTION('',(-1.19857284711572E-32,-6.12323399573677E-17,1.));
#931=FACE_BOUND('',#932,.T.);
#932=EDGE_LOOP('',(#1971,#1972,#1973,#1974));
#933=CYLINDRICAL_SURFACE('',#934,1.);
#934=AXIS2_PLACEMENT_3D('',#935,#936,#937);
#935=CARTESIAN_POINT('',(-22.3,-6.84999999999998,7.));
#936=DIRECTION('',(-1.,1.95741800484876E-16,0.));
#937=DIRECTION('',(1.19857284711572E-32,6.12323399573677E-17,-1.));
#938=FACE_BOUND('',#939,.T.);
#939=EDGE_LOOP('',(#1975,#1976,#1977,#1978));
#940=PLANE('',#941);
#941=AXIS2_PLACEMENT_3D('',#942,#943,#944);
#942=CARTESIAN_POINT('',(-22.3,16.15,6.));
#943=DIRECTION('',(1.37193200908002E-32,3.86164530304402E-17,-1.));
#944=DIRECTION('',(-1.54465812121761E-16,-1.,-3.86164530304402E-17));
#945=FACE_BOUND('',#946,.T.);
#946=EDGE_LOOP('',(#1979,#1980,#1981,#1982));
#947=CYLINDRICAL_SURFACE('',#948,1.);
#948=AXIS2_PLACEMENT_3D('',#949,#950,#951);
#949=CARTESIAN_POINT('',(-22.3,16.15,2.));
#950=DIRECTION('',(-1.,1.95741800484876E-16,0.));
#951=DIRECTION('',(-1.40281487266247E-30,-7.16665969755837E-15,1.));
#952=FACE_BOUND('',#953,.T.);
#953=EDGE_LOOP('',(#1983,#1984,#1985,#1986));
#954=PLANE('',#955);
#955=AXIS2_PLACEMENT_3D('',#956,#957,#958);
#956=CARTESIAN_POINT('',(-22.3,-6.84999999999998,3.));
#957=DIRECTION('',(-1.02894900681002E-32,-5.79246795456603E-17,1.));
#958=DIRECTION('',(1.54465812121761E-16,1.,5.79246795456603E-17));
#959=FACE_BOUND('',#960,.T.);
#960=EDGE_LOOP('',(#1987,#1988,#1989,#1990));
#961=CYLINDRICAL_SURFACE('',#962,1.);
#962=AXIS2_PLACEMENT_3D('',#963,#964,#965);
#963=CARTESIAN_POINT('',(-22.3,-6.84999999999998,2.));
#964=DIRECTION('',(-1.,1.95741800484876E-16,0.));
#965=DIRECTION('',(1.19857284711572E-32,6.12323399573677E-17,-1.));
#966=FACE_BOUND('',#967,.T.);
#967=EDGE_LOOP('',(#1991,#1992,#1993,#1994));
#968=PLANE('',#969);
#969=AXIS2_PLACEMENT_3D('',#970,#971,#972);
#970=CARTESIAN_POINT('',(-22.3,16.15,0.999999999999998));
#971=DIRECTION('',(2.22938951475503E-32,6.27517361744654E-17,-1.));
#972=DIRECTION('',(-1.54465812121761E-16,-1.,-6.27517361744654E-17));
#973=FACE_BOUND('',#974,.T.);
#974=EDGE_LOOP('',(#1995,#1996,#1997,#1998));
#975=CYLINDRICAL_SURFACE('',#976,1.00000000000001);
#976=AXIS2_PLACEMENT_3D('',#977,#978,#979);
#977=CARTESIAN_POINT('',(-25.3,-34.3,0.));
#978=DIRECTION('',(0.,0.,1.));
#979=DIRECTION('',(-1.,1.22464679914735E-16,0.));
#980=FACE_BOUND('',#981,.T.);
#981=EDGE_LOOP('',(#1999,#2000,#2001,#2002));
#982=PLANE('',#983);
#983=AXIS2_PLACEMENT_3D('',#984,#985,#986);
#984=CARTESIAN_POINT('',(-26.3,-32.3,0.));
#985=DIRECTION('',(-1.,0.,0.));
#986=DIRECTION('',(0.,-1.,0.));
#987=FACE_BOUND('',#988,.T.);
#988=EDGE_LOOP('',(#2003,#2004,#2005,#2006));
#989=CYLINDRICAL_SURFACE('',#990,1.);
#990=AXIS2_PLACEMENT_3D('',#991,#992,#993);
#991=CARTESIAN_POINT('',(-27.3,-32.3,0.));
#992=DIRECTION('',(0.,0.,-1.));
#993=DIRECTION('',(3.67517835871522E-15,1.,0.));
#994=FACE_BOUND('',#995,.T.);
#995=EDGE_LOOP('',(#2007,#2008,#2009,#2010));
#996=PLANE('',#997);
#997=AXIS2_PLACEMENT_3D('',#998,#999,#1000);
#998=CARTESIAN_POINT('',(-30.3,-31.3,0.));
#999=DIRECTION('',(1.1842378929335E-15,-1.,0.));
#1000=DIRECTION('',(1.,1.1842378929335E-15,0.));
#1001=FACE_BOUND('',#1002,.T.);
#1002=EDGE_LOOP('',(#2011,#2012,#2013,#2014));
#1003=CYLINDRICAL_SURFACE('',#1004,1.);
#1004=AXIS2_PLACEMENT_3D('',#1005,#1006,#1007);
#1005=CARTESIAN_POINT('',(-29.3,-30.3,-4.));
#1006=DIRECTION('',(0.,0.,-1.));
#1007=DIRECTION('',(0.,-1.,0.));
#1008=FACE_BOUND('',#1009,.T.);
#1009=EDGE_LOOP('',(#2015,#2016,#2017,#2018,#2019,#2020,#2021,#2022));
#1010=FACE_BOUND('',#1011,.T.);
#1011=EDGE_LOOP('',(#2023,#2024,#2025,#2026));
#1012=PLANE('',#1013);
#1013=AXIS2_PLACEMENT_3D('',#1014,#1015,#1016);
#1014=CARTESIAN_POINT('',(-30.3,30.3,0.));
#1015=DIRECTION('',(-1.,5.7673923357151E-17,0.));
#1016=DIRECTION('',(-5.7673923357151E-17,-1.,0.));
#1017=FACE_BOUND('',#1018,.T.);
#1018=EDGE_LOOP('',(#2027,#2028,#2029,#2030));
#1019=CYLINDRICAL_SURFACE('',#1020,1.);
#1020=AXIS2_PLACEMENT_3D('',#1021,#1022,#1023);
#1021=CARTESIAN_POINT('',(-29.3,30.3,0.));
#1022=DIRECTION('',(0.,0.,1.));
#1023=DIRECTION('',(-3.43024899888577E-15,1.,0.));
#1024=FACE_BOUND('',#1025,.T.);
#1025=EDGE_LOOP('',(#2031,#2032,#2033,#2034));
#1026=PLANE('',#1027);
#1027=AXIS2_PLACEMENT_3D('',#1028,#1029,#1030);
#1028=CARTESIAN_POINT('',(-27.3,31.3,0.));
#1029=DIRECTION('',(0.,1.,0.));
#1030=DIRECTION('',(-1.,0.,0.));
#1031=FACE_BOUND('',#1032,.T.);
#1032=EDGE_LOOP('',(#2035,#2036,#2037,#2038));
#1033=CYLINDRICAL_SURFACE('',#1034,1.00000000000001);
#1034=AXIS2_PLACEMENT_3D('',#1035,#1036,#1037);
#1035=CARTESIAN_POINT('',(-27.3,32.3,0.));
#1036=DIRECTION('',(0.,0.,-1.));
#1037=DIRECTION('',(1.,-1.22464679914735E-16,0.));
#1038=FACE_BOUND('',#1039,.T.);
#1039=EDGE_LOOP('',(#2039,#2040,#2041,#2042));
#1040=PLANE('',#1041);
#1041=AXIS2_PLACEMENT_3D('',#1042,#1043,#1044);
#1042=CARTESIAN_POINT('',(-26.3,34.3,0.));
#1043=DIRECTION('',(-1.,0.,0.));
#1044=DIRECTION('',(0.,-1.,0.));
#1045=FACE_BOUND('',#1046,.T.);
#1046=EDGE_LOOP('',(#2043,#2044,#2045,#2046));
#1047=CYLINDRICAL_SURFACE('',#1048,1.);
#1048=AXIS2_PLACEMENT_3D('',#1049,#1050,#1051);
#1049=CARTESIAN_POINT('',(-25.3,34.3,0.));
#1050=DIRECTION('',(0.,0.,1.));
#1051=DIRECTION('',(-3.43024899888577E-15,1.,0.));
#1052=FACE_BOUND('',#1053,.T.);
#1053=EDGE_LOOP('',(#2047,#2048,#2049,#2050,#2051,#2052,#2053,#2054,#2055,#2056,
#2057,#2058,#2059,#2060,#2061,#2062,#2063,#2064));
#1054=PLANE('',#1055);
#1055=AXIS2_PLACEMENT_3D('',#1056,#1057,#1058);
#1056=CARTESIAN_POINT('',(25.3,35.3,0.));
#1057=DIRECTION('',(1.40423465565237E-16,1.,0.));
#1058=DIRECTION('',(-1.,1.40423465565237E-16,0.));
#1059=FACE_BOUND('',#1060,.T.);
#1060=EDGE_LOOP('',(#2065,#2066,#2067,#2068));
#1061=CYLINDRICAL_SURFACE('',#1062,1.00000000000001);
#1062=AXIS2_PLACEMENT_3D('',#1063,#1064,#1065);
#1063=CARTESIAN_POINT('',(25.3,34.3,0.));
#1064=DIRECTION('',(0.,0.,1.));
#1065=DIRECTION('',(1.,-1.22464679914735E-16,0.));
#1066=FACE_BOUND('',#1067,.T.);
#1067=EDGE_LOOP('',(#2069,#2070,#2071,#2072));
#1068=PLANE('',#1069);
#1069=AXIS2_PLACEMENT_3D('',#1070,#1071,#1072);
#1070=CARTESIAN_POINT('',(26.3,32.3,0.));
#1071=DIRECTION('',(1.,1.77635683940026E-15,0.));
#1072=DIRECTION('',(-1.77635683940026E-15,1.,0.));
#1073=FACE_BOUND('',#1074,.T.);
#1074=EDGE_LOOP('',(#2073,#2074,#2075,#2076));
#1075=CYLINDRICAL_SURFACE('',#1076,1.);
#1076=AXIS2_PLACEMENT_3D('',#1077,#1078,#1079);
#1077=CARTESIAN_POINT('',(27.3,32.3,0.));
#1078=DIRECTION('',(0.,0.,-1.));
#1079=DIRECTION('',(-3.67517835871522E-15,-1.,0.));
#1080=FACE_BOUND('',#1081,.T.);
#1081=EDGE_LOOP('',(#2077,#2078,#2079,#2080));
#1082=PLANE('',#1083);
#1083=AXIS2_PLACEMENT_3D('',#1084,#1085,#1086);
#1084=CARTESIAN_POINT('',(29.3,31.3,0.));
#1085=DIRECTION('',(0.,1.,0.));
#1086=DIRECTION('',(-1.,0.,0.));
#1087=FACE_BOUND('',#1088,.T.);
#1088=EDGE_LOOP('',(#2081,#2082,#2083,#2084));
#1089=PLANE('',#1090);
#1090=AXIS2_PLACEMENT_3D('',#1091,#1092,#1093);
#1091=CARTESIAN_POINT('',(27.3,-31.3,0.));
#1092=DIRECTION('',(0.,-1.,0.));
#1093=DIRECTION('',(1.,0.,0.));
#1094=FACE_BOUND('',#1095,.T.);
#1095=EDGE_LOOP('',(#2085,#2086,#2087,#2088));
#1096=CYLINDRICAL_SURFACE('',#1097,1.);
#1097=AXIS2_PLACEMENT_3D('',#1098,#1099,#1100);
#1098=CARTESIAN_POINT('',(27.3,-32.3,0.));
#1099=DIRECTION('',(0.,0.,-1.));
#1100=DIRECTION('',(-1.,1.22464679914735E-16,0.));
#1101=FACE_BOUND('',#1102,.T.);
#1102=EDGE_LOOP('',(#2089,#2090,#2091,#2092));
#1103=PLANE('',#1104);
#1104=AXIS2_PLACEMENT_3D('',#1105,#1106,#1107);
#1105=CARTESIAN_POINT('',(26.3,-34.3,0.));
#1106=DIRECTION('',(1.,0.,0.));
#1107=DIRECTION('',(0.,1.,0.));
#1108=FACE_BOUND('',#1109,.T.);
#1109=EDGE_LOOP('',(#2093,#2094,#2095,#2096));
#1110=CYLINDRICAL_SURFACE('',#1111,1.);
#1111=AXIS2_PLACEMENT_3D('',#1112,#1113,#1114);
#1112=CARTESIAN_POINT('',(25.3,-34.3,0.));
#1113=DIRECTION('',(0.,0.,1.));
#1114=DIRECTION('',(2.47465310716888E-14,-1.,0.));
#1115=FACE_BOUND('',#1116,.T.);
#1116=EDGE_LOOP('',(#2097,#2098,#2099,#2100));
#1117=PLANE('',#1118);
#1118=AXIS2_PLACEMENT_3D('',#1119,#1120,#1121);
#1119=CARTESIAN_POINT('',(-25.3,-35.3,0.));
#1120=DIRECTION('',(-1.40423465565237E-16,-1.,0.));
#1121=DIRECTION('',(1.,-1.40423465565237E-16,0.));
#1122=FACE_BOUND('',#1123,.T.);
#1123=EDGE_LOOP('',(#2101,#2102,#2103,#2104));
#1124=PLANE('',#1125);
#1125=AXIS2_PLACEMENT_3D('',#1126,#1127,#1128);
#1126=CARTESIAN_POINT('',(-8.8,-30.065,8.));
#1127=DIRECTION('',(-1.13686837721616E-14,1.,0.));
#1128=DIRECTION('',(1.,1.13686837721616E-14,0.));
#1129=FACE_BOUND('',#1130,.T.);
#1130=EDGE_LOOP('',(#2105,#2106,#2107,#2108));
#1131=PLANE('',#1132);
#1132=AXIS2_PLACEMENT_3D('',#1133,#1134,#1135);
#1133=CARTESIAN_POINT('',(-3.80000000000001,-30.0649999999999,8.));
#1134=DIRECTION('',(1.,1.69661589245488E-16,0.));
#1135=DIRECTION('',(1.69661589245488E-16,-1.,0.));
#1136=FACE_BOUND('',#1137,.T.);
#1137=EDGE_LOOP('',(#2109,#2110,#2111,#2112));
#1138=PLANE('',#1139);
#1139=AXIS2_PLACEMENT_3D('',#1140,#1141,#1142);
#1140=CARTESIAN_POINT('',(-22.2174839156325,-34.3,9.));
#1141=DIRECTION('',(0.,1.,0.));
#1142=DIRECTION('',(1.,0.,0.));
#1143=FACE_BOUND('',#1144,.T.);
#1144=EDGE_LOOP('',(#2113,#2114,#2115,#2116));
#1145=PLANE('',#1146);
#1146=AXIS2_PLACEMENT_3D('',#1147,#1148,#1149);
#1147=CARTESIAN_POINT('',(-2.80000000000001,-35.2999999999999,8.));
#1148=DIRECTION('',(-1.,1.86627748170036E-15,0.));
#1149=DIRECTION('',(1.86627748170036E-15,1.,0.));
#1150=FACE_BOUND('',#1151,.T.);
#1151=EDGE_LOOP('',(#2117,#2118,#2119,#2120));
#1152=PLANE('',#1153);
#1153=AXIS2_PLACEMENT_3D('',#1154,#1155,#1156);
#1154=CARTESIAN_POINT('',(-2.8,-30.0649999999999,8.));
#1155=DIRECTION('',(2.06057393370429E-14,1.,0.));
#1156=DIRECTION('',(1.,-2.06057393370429E-14,0.));
#1157=FACE_BOUND('',#1158,.T.);
#1158=EDGE_LOOP('',(#2121,#2122,#2123,#2124));
#1159=PLANE('',#1160);
#1160=AXIS2_PLACEMENT_3D('',#1161,#1162,#1163);
#1161=CARTESIAN_POINT('',(2.19999999999999,-30.065,8.));
#1162=DIRECTION('',(1.,1.69661589245488E-16,0.));
#1163=DIRECTION('',(1.69661589245488E-16,-1.,0.));
#1164=FACE_BOUND('',#1165,.T.);
#1165=EDGE_LOOP('',(#2125,#2126,#2127,#2128));
#1166=PLANE('',#1167);
#1167=AXIS2_PLACEMENT_3D('',#1168,#1169,#1170);
#1168=CARTESIAN_POINT('',(-22.2174839156325,-34.3,9.));
#1169=DIRECTION('',(0.,1.,0.));
#1170=DIRECTION('',(1.,0.,0.));
#1171=FACE_BOUND('',#1172,.T.);
#1172=EDGE_LOOP('',(#2129,#2130,#2131,#2132));
#1173=PLANE('',#1174);
#1174=AXIS2_PLACEMENT_3D('',#1175,#1176,#1177);
#1175=CARTESIAN_POINT('',(3.19999999999999,-29.1825,8.));
#1176=DIRECTION('',(1.,3.80647894157197E-16,0.));
#1177=DIRECTION('',(3.80647894157197E-16,-1.,0.));
#1178=FACE_BOUND('',#1179,.T.);
#1179=EDGE_LOOP('',(#2133,#2134,#2135,#2136));
#1180=PLANE('',#1181);
#1181=AXIS2_PLACEMENT_3D('',#1182,#1183,#1184);
#1182=CARTESIAN_POINT('',(-21.8,-29.1825,8.));
#1183=DIRECTION('',(-1.4210854715202E-16,1.,0.));
#1184=DIRECTION('',(1.,1.4210854715202E-16,0.));
#1185=FACE_BOUND('',#1186,.T.);
#1186=EDGE_LOOP('',(#2137,#2138,#2139,#2140));
#1187=PLANE('',#1188);
#1188=AXIS2_PLACEMENT_3D('',#1189,#1190,#1191);
#1189=CARTESIAN_POINT('',(-21.8,-36.1825,8.));
#1190=DIRECTION('',(-1.,0.,0.));
#1191=DIRECTION('',(0.,1.,0.));
#1192=FACE_BOUND('',#1193,.T.);
#1193=EDGE_LOOP('',(#2141,#2142,#2143,#2144));
#1194=PLANE('',#1195);
#1195=AXIS2_PLACEMENT_3D('',#1196,#1197,#1198);
#1196=CARTESIAN_POINT('',(-22.2174839156325,-34.3,9.));
#1197=DIRECTION('',(0.,1.,0.));
#1198=DIRECTION('',(1.,0.,0.));
#1199=FACE_BOUND('',#1200,.T.);
#1200=EDGE_LOOP('',(#2145,#2146,#2147,#2148));
#1201=PLANE('',#1202);
#1202=AXIS2_PLACEMENT_3D('',#1203,#1204,#1205);
#1203=CARTESIAN_POINT('',(-20.8,-35.3,8.));
#1204=DIRECTION('',(-1.,0.,0.));
#1205=DIRECTION('',(0.,1.,0.));
#1206=FACE_BOUND('',#1207,.T.);
#1207=EDGE_LOOP('',(#2149,#2150,#2151,#2152));
#1208=PLANE('',#1209);
#1209=AXIS2_PLACEMENT_3D('',#1210,#1211,#1212);
#1210=CARTESIAN_POINT('',(-20.8,-30.065,8.));
#1211=DIRECTION('',(7.105427357601E-16,1.,0.));
#1212=DIRECTION('',(1.,-7.105427357601E-16,0.));
#1213=FACE_BOUND('',#1214,.T.);
#1214=EDGE_LOOP('',(#2153,#2154,#2155,#2156));
#1215=PLANE('',#1216);
#1216=AXIS2_PLACEMENT_3D('',#1217,#1218,#1219);
#1217=CARTESIAN_POINT('',(-15.8,-30.065,8.));
#1218=DIRECTION('',(1.,0.,0.));
#1219=DIRECTION('',(0.,-1.,0.));
#1220=FACE_BOUND('',#1221,.T.);
#1221=EDGE_LOOP('',(#2157,#2158,#2159,#2160));
#1222=PLANE('',#1223);
#1223=AXIS2_PLACEMENT_3D('',#1224,#1225,#1226);
#1224=CARTESIAN_POINT('',(-22.2174839156325,-34.3,9.));
#1225=DIRECTION('',(0.,1.,0.));
#1226=DIRECTION('',(1.,0.,0.));
#1227=FACE_BOUND('',#1228,.T.);
#1228=EDGE_LOOP('',(#2161,#2162,#2163,#2164));
#1229=PLANE('',#1230);
#1230=AXIS2_PLACEMENT_3D('',#1231,#1232,#1233);
#1231=CARTESIAN_POINT('',(-14.8,-35.3,8.));
#1232=DIRECTION('',(-1.,2.03593907094585E-15,0.));
#1233=DIRECTION('',(2.03593907094585E-15,1.,0.));
#1234=FACE_BOUND('',#1235,.T.);
#1235=EDGE_LOOP('',(#2165,#2166,#2167,#2168));
#1236=PLANE('',#1237);
#1237=AXIS2_PLACEMENT_3D('',#1238,#1239,#1240);
#1238=CARTESIAN_POINT('',(-14.8,-30.065,8.));
#1239=DIRECTION('',(-1.06581410364015E-14,1.,0.));
#1240=DIRECTION('',(1.,1.06581410364015E-14,0.));
#1241=FACE_BOUND('',#1242,.T.);
#1242=EDGE_LOOP('',(#2169,#2170,#2171,#2172));
#1243=PLANE('',#1244);
#1244=AXIS2_PLACEMENT_3D('',#1245,#1246,#1247);
#1245=CARTESIAN_POINT('',(-9.80000000000001,-30.065,8.));
#1246=DIRECTION('',(1.,0.,0.));
#1247=DIRECTION('',(0.,-1.,0.));
#1248=FACE_BOUND('',#1249,.T.);
#1249=EDGE_LOOP('',(#2173,#2174,#2175,#2176));
#1250=PLANE('',#1251);
#1251=AXIS2_PLACEMENT_3D('',#1252,#1253,#1254);
#1252=CARTESIAN_POINT('',(-22.2174839156325,-34.3,9.));
#1253=DIRECTION('',(0.,1.,0.));
#1254=DIRECTION('',(1.,0.,0.));
#1255=FACE_BOUND('',#1256,.T.);
#1256=EDGE_LOOP('',(#2177,#2178,#2179,#2180));
#1257=PLANE('',#1258);
#1258=AXIS2_PLACEMENT_3D('',#1259,#1260,#1261);
#1259=CARTESIAN_POINT('',(-8.80000000000001,-35.2999999999999,8.));
#1260=DIRECTION('',(-1.,2.03593907094585E-15,0.));
#1261=DIRECTION('',(2.03593907094585E-15,1.,0.));
#1262=FACE_BOUND('',#1263,.T.);
#1263=EDGE_LOOP('',(#2181,#2182,#2183,#2184));
#1264=PLANE('',#1265);
#1265=AXIS2_PLACEMENT_3D('',#1266,#1267,#1268);
#1266=CARTESIAN_POINT('',(-25.,36.,7.725000052));
#1267=DIRECTION('',(-1.,0.,0.));
#1268=DIRECTION('',(0.,0.,-1.));
#1269=FACE_BOUND('',#1270,.T.);
#1270=EDGE_LOOP('',(#2185,#2186,#2187,#2188,#2189,#2190,#2191,#2192));
#1271=PLANE('',#1272);
#1272=AXIS2_PLACEMENT_3D('',#1273,#1274,#1275);
#1273=CARTESIAN_POINT('',(3.65101010469617E-15,36.,0.));
#1274=DIRECTION('',(-1.40423465565237E-16,-1.,0.));
#1275=DIRECTION('',(1.,-1.40423465565237E-16,0.));
#1276=FACE_OUTER_BOUND('',#1277,.T.);
#1277=EDGE_LOOP('',(#2193));
#1278=FACE_OUTER_BOUND('',#1279,.T.);
#1279=EDGE_LOOP('',(#2194));
#1280=CYLINDRICAL_SURFACE('',#1281,1.5);
#1281=AXIS2_PLACEMENT_3D('',#1282,#1283,#1284);
#1282=CARTESIAN_POINT('',(-29.3,34.3,0.));
#1283=DIRECTION('',(0.,0.,1.));
#1284=DIRECTION('',(-1.,1.22464679914735E-16,0.));
#1285=FACE_OUTER_BOUND('',#1286,.T.);
#1286=EDGE_LOOP('',(#2195));
#1287=FACE_OUTER_BOUND('',#1288,.T.);
#1288=EDGE_LOOP('',(#2196));
#1289=CYLINDRICAL_SURFACE('',#1290,1.5);
#1290=AXIS2_PLACEMENT_3D('',#1291,#1292,#1293);
#1291=CARTESIAN_POINT('',(-29.3,-34.3,0.));
#1292=DIRECTION('',(0.,0.,1.));
#1293=DIRECTION('',(-1.,1.22464679914735E-16,0.));
#1294=FACE_OUTER_BOUND('',#1295,.T.);
#1295=EDGE_LOOP('',(#2197));
#1296=FACE_OUTER_BOUND('',#1297,.T.);
#1297=EDGE_LOOP('',(#2198));
#1298=CYLINDRICAL_SURFACE('',#1299,1.5);
#1299=AXIS2_PLACEMENT_3D('',#1300,#1301,#1302);
#1300=CARTESIAN_POINT('',(29.3,-34.3,0.));
#1301=DIRECTION('',(0.,0.,1.));
#1302=DIRECTION('',(-1.,1.22464679914735E-16,0.));
#1303=FACE_BOUND('',#1304,.T.);
#1304=EDGE_LOOP('',(#2199,#2200,#2201,#2202));
#1305=PLANE('',#1306);
#1306=AXIS2_PLACEMENT_3D('',#1307,#1308,#1309);
#1307=CARTESIAN_POINT('',(25.,36.,-2.27499994800001));
#1308=DIRECTION('',(1.,0.,-3.5527136788005E-16));
#1309=DIRECTION('',(3.5527136788005E-16,0.,1.));
#1310=FACE_BOUND('',#1311,.T.);
#1311=EDGE_LOOP('',(#2203,#2204,#2205,#2206,#2207,#2208,#2209,#2210));
#1312=PLANE('',#1313);
#1313=AXIS2_PLACEMENT_3D('',#1314,#1315,#1316);
#1314=CARTESIAN_POINT('',(3.65101010469617E-15,36.,0.));
#1315=DIRECTION('',(-1.40423465565237E-16,-1.,0.));
#1316=DIRECTION('',(1.,-1.40423465565237E-16,0.));
#1317=FACE_OUTER_BOUND('',#1318,.T.);
#1318=EDGE_LOOP('',(#2211));
#1319=FACE_OUTER_BOUND('',#1320,.T.);
#1320=EDGE_LOOP('',(#2212));
#1321=CYLINDRICAL_SURFACE('',#1322,1.5);
#1322=AXIS2_PLACEMENT_3D('',#1323,#1324,#1325);
#1323=CARTESIAN_POINT('',(29.3,34.3,0.));
#1324=DIRECTION('',(0.,0.,1.));
#1325=DIRECTION('',(-1.,1.22464679914735E-16,0.));
#1326=FACE_BOUND('',#1327,.T.);
#1327=EDGE_LOOP('',(#2213,#2214,#2215,#2216));
#1328=PLANE('',#1329);
#1329=AXIS2_PLACEMENT_3D('',#1330,#1331,#1332);
#1330=CARTESIAN_POINT('',(-17.,36.,-2.274999948));
#1331=DIRECTION('',(1.,0.,0.));
#1332=DIRECTION('',(0.,0.,1.));
#1333=FACE_BOUND('',#1334,.T.);
#1334=EDGE_LOOP('',(#2217,#2218,#2219,#2220));
#1335=PLANE('',#1336);
#1336=AXIS2_PLACEMENT_3D('',#1337,#1338,#1339);
#1337=CARTESIAN_POINT('',(17.,36.,7.72500005199999));
#1338=DIRECTION('',(-1.,0.,3.5527136788005E-16));
#1339=DIRECTION('',(-3.5527136788005E-16,0.,-1.));
#1340=FACE_BOUND('',#1341,.T.);
#1341=EDGE_LOOP('',(#2221,#2222,#2223,#2224));
#1342=PLANE('',#1343);
#1343=AXIS2_PLACEMENT_3D('',#1344,#1345,#1346);
#1344=CARTESIAN_POINT('',(25.,36.,7.72500005199999));
#1345=DIRECTION('',(3.33066907387547E-16,0.,1.));
#1346=DIRECTION('',(-1.,0.,3.33066907387547E-16));
#1347=FACE_BOUND('',#1348,.T.);
#1348=EDGE_LOOP('',(#2225,#2226,#2227,#2228));
#1349=PLANE('',#1350);
#1350=AXIS2_PLACEMENT_3D('',#1351,#1352,#1353);
#1351=CARTESIAN_POINT('',(-17.,36.,7.725000052));
#1352=DIRECTION('',(0.,0.,1.));
#1353=DIRECTION('',(-1.,0.,0.));
#1354=FACE_BOUND('',#1355,.T.);
#1355=EDGE_LOOP('',(#2229,#2230,#2231,#2232,#2233,#2234,#2235,#2236,#2237,#2238,
#2239,#2240,#2241,#2242,#2243,#2244,#2245,#2246,#2247,#2248));
#1356=PLANE('',#1357);
#1357=AXIS2_PLACEMENT_3D('',#1358,#1359,#1360);
#1358=CARTESIAN_POINT('',(0.,0.,1.2));
#1359=DIRECTION('',(0.,0.,-1.));
#1360=DIRECTION('',(1.,1.22464679914735E-16,0.));
#1361=FACE_BOUND('',#1362,.T.);
#1362=EDGE_LOOP('',(#2249));
#1363=PLANE('',#1364);
#1364=AXIS2_PLACEMENT_3D('',#1365,#1366,#1367);
#1365=CARTESIAN_POINT('',(0.,0.,8.));
#1366=DIRECTION('',(0.,0.,1.));
#1367=DIRECTION('',(-1.,1.22464679914735E-16,0.));
#1368=FACE_BOUND('',#1369,.T.);
#1369=EDGE_LOOP('',(#2250));
#1370=PLANE('',#1371);
#1371=AXIS2_PLACEMENT_3D('',#1372,#1373,#1374);
#1372=CARTESIAN_POINT('',(0.,0.,8.));
#1373=DIRECTION('',(0.,0.,1.));
#1374=DIRECTION('',(-1.,1.22464679914735E-16,0.));
#1375=FACE_BOUND('',#1376,.T.);
#1376=EDGE_LOOP('',(#2251));
#1377=PLANE('',#1378);
#1378=AXIS2_PLACEMENT_3D('',#1379,#1380,#1381);
#1379=CARTESIAN_POINT('',(0.,0.,8.));
#1380=DIRECTION('',(0.,0.,1.));
#1381=DIRECTION('',(-1.,1.22464679914735E-16,0.));
#1382=FACE_BOUND('',#1383,.T.);
#1383=EDGE_LOOP('',(#2252));
#1384=PLANE('',#1385);
#1385=AXIS2_PLACEMENT_3D('',#1386,#1387,#1388);
#1386=CARTESIAN_POINT('',(0.,0.,8.));
#1387=DIRECTION('',(0.,0.,1.));
#1388=DIRECTION('',(-1.,1.22464679914735E-16,0.));
#1389=ORIENTED_EDGE('',*,*,#2253,.T.);
#1390=ORIENTED_EDGE('',*,*,#2254,.T.);
#1391=ORIENTED_EDGE('',*,*,#2255,.T.);
#1392=ORIENTED_EDGE('',*,*,#2256,.T.);
#1393=ORIENTED_EDGE('',*,*,#2257,.T.);
#1394=ORIENTED_EDGE('',*,*,#2258,.T.);
#1395=ORIENTED_EDGE('',*,*,#2259,.T.);
#1396=ORIENTED_EDGE('',*,*,#2260,.T.);
#1397=ORIENTED_EDGE('',*,*,#2261,.T.);
#1398=ORIENTED_EDGE('',*,*,#2262,.T.);
#1399=ORIENTED_EDGE('',*,*,#2263,.T.);
#1400=ORIENTED_EDGE('',*,*,#2264,.T.);
#1401=ORIENTED_EDGE('',*,*,#2265,.T.);
#1402=ORIENTED_EDGE('',*,*,#2266,.T.);
#1403=ORIENTED_EDGE('',*,*,#2267,.T.);
#1404=ORIENTED_EDGE('',*,*,#2268,.T.);
#1405=ORIENTED_EDGE('',*,*,#2269,.T.);
#1406=ORIENTED_EDGE('',*,*,#2270,.T.);
#1407=ORIENTED_EDGE('',*,*,#2271,.T.);
#1408=ORIENTED_EDGE('',*,*,#2272,.T.);
#1409=ORIENTED_EDGE('',*,*,#2273,.T.);
#1410=ORIENTED_EDGE('',*,*,#2274,.T.);
#1411=ORIENTED_EDGE('',*,*,#2275,.T.);
#1412=ORIENTED_EDGE('',*,*,#2276,.T.);
#1413=ORIENTED_EDGE('',*,*,#2277,.T.);
#1414=ORIENTED_EDGE('',*,*,#2278,.T.);
#1415=ORIENTED_EDGE('',*,*,#2279,.T.);
#1416=ORIENTED_EDGE('',*,*,#2280,.T.);
#1417=ORIENTED_EDGE('',*,*,#2281,.T.);
#1418=ORIENTED_EDGE('',*,*,#2282,.T.);
#1419=ORIENTED_EDGE('',*,*,#2283,.T.);
#1420=ORIENTED_EDGE('',*,*,#2284,.T.);
#1421=ORIENTED_EDGE('',*,*,#2285,.T.);
#1422=ORIENTED_EDGE('',*,*,#2286,.T.);
#1423=ORIENTED_EDGE('',*,*,#2287,.T.);
#1424=ORIENTED_EDGE('',*,*,#2288,.T.);
#1425=ORIENTED_EDGE('',*,*,#2289,.T.);
#1426=ORIENTED_EDGE('',*,*,#2290,.T.);
#1427=ORIENTED_EDGE('',*,*,#2291,.T.);
#1428=ORIENTED_EDGE('',*,*,#2292,.T.);
#1429=ORIENTED_EDGE('',*,*,#2293,.T.);
#1430=ORIENTED_EDGE('',*,*,#2294,.T.);
#1431=ORIENTED_EDGE('',*,*,#2295,.T.);
#1432=ORIENTED_EDGE('',*,*,#2296,.T.);
#1433=ORIENTED_EDGE('',*,*,#2297,.T.);
#1434=ORIENTED_EDGE('',*,*,#2298,.T.);
#1435=ORIENTED_EDGE('',*,*,#2299,.T.);
#1436=ORIENTED_EDGE('',*,*,#2300,.T.);
#1437=ORIENTED_EDGE('',*,*,#2301,.T.);
#1438=ORIENTED_EDGE('',*,*,#2302,.T.);
#1439=ORIENTED_EDGE('',*,*,#2303,.T.);
#1440=ORIENTED_EDGE('',*,*,#2304,.T.);
#1441=ORIENTED_EDGE('',*,*,#2305,.T.);
#1442=ORIENTED_EDGE('',*,*,#2306,.T.);
#1443=ORIENTED_EDGE('',*,*,#2307,.T.);
#1444=ORIENTED_EDGE('',*,*,#2308,.T.);
#1445=ORIENTED_EDGE('',*,*,#2309,.T.);
#1446=ORIENTED_EDGE('',*,*,#2310,.T.);
#1447=ORIENTED_EDGE('',*,*,#2308,.F.);
#1448=ORIENTED_EDGE('',*,*,#2311,.F.);
#1449=ORIENTED_EDGE('',*,*,#2280,.F.);
#1450=ORIENTED_EDGE('',*,*,#2312,.T.);
#1451=ORIENTED_EDGE('',*,*,#2309,.F.);
#1452=ORIENTED_EDGE('',*,*,#2312,.F.);
#1453=ORIENTED_EDGE('',*,*,#2279,.F.);
#1454=ORIENTED_EDGE('',*,*,#2313,.T.);
#1455=ORIENTED_EDGE('',*,*,#2310,.F.);
#1456=ORIENTED_EDGE('',*,*,#2313,.F.);
#1457=ORIENTED_EDGE('',*,*,#2278,.F.);
#1458=ORIENTED_EDGE('',*,*,#2314,.T.);
#1459=ORIENTED_EDGE('',*,*,#2307,.F.);
#1460=ORIENTED_EDGE('',*,*,#2314,.F.);
#1461=ORIENTED_EDGE('',*,*,#2277,.F.);
#1462=ORIENTED_EDGE('',*,*,#2311,.T.);
#1463=ORIENTED_EDGE('',*,*,#2253,.F.);
#1464=ORIENTED_EDGE('',*,*,#2315,.F.);
#1465=ORIENTED_EDGE('',*,*,#2316,.F.);
#1466=ORIENTED_EDGE('',*,*,#2317,.T.);
#1467=ORIENTED_EDGE('',*,*,#2254,.F.);
#1468=ORIENTED_EDGE('',*,*,#2317,.F.);
#1469=ORIENTED_EDGE('',*,*,#2318,.F.);
#1470=ORIENTED_EDGE('',*,*,#2319,.F.);
#1471=ORIENTED_EDGE('',*,*,#2319,.T.);
#1472=ORIENTED_EDGE('',*,*,#2320,.T.);
#1473=ORIENTED_EDGE('',*,*,#2321,.T.);
#1474=ORIENTED_EDGE('',*,*,#2255,.F.);
#1475=ORIENTED_EDGE('',*,*,#2256,.F.);
#1476=ORIENTED_EDGE('',*,*,#2321,.F.);
#1477=ORIENTED_EDGE('',*,*,#2322,.F.);
#1478=ORIENTED_EDGE('',*,*,#2323,.T.);
#1479=ORIENTED_EDGE('',*,*,#2257,.F.);
#1480=ORIENTED_EDGE('',*,*,#2323,.F.);
#1481=ORIENTED_EDGE('',*,*,#2324,.F.);
#1482=ORIENTED_EDGE('',*,*,#2325,.T.);
#1483=ORIENTED_EDGE('',*,*,#2258,.F.);
#1484=ORIENTED_EDGE('',*,*,#2325,.F.);
#1485=ORIENTED_EDGE('',*,*,#2326,.F.);
#1486=ORIENTED_EDGE('',*,*,#2327,.F.);
#1487=ORIENTED_EDGE('',*,*,#2327,.T.);
#1488=ORIENTED_EDGE('',*,*,#2328,.T.);
#1489=ORIENTED_EDGE('',*,*,#2329,.T.);
#1490=ORIENTED_EDGE('',*,*,#2259,.F.);
#1491=ORIENTED_EDGE('',*,*,#2260,.F.);
#1492=ORIENTED_EDGE('',*,*,#2329,.F.);
#1493=ORIENTED_EDGE('',*,*,#2330,.F.);
#1494=ORIENTED_EDGE('',*,*,#2331,.T.);
#1495=ORIENTED_EDGE('',*,*,#2261,.F.);
#1496=ORIENTED_EDGE('',*,*,#2331,.F.);
#1497=ORIENTED_EDGE('',*,*,#2332,.F.);
#1498=ORIENTED_EDGE('',*,*,#2333,.T.);
#1499=ORIENTED_EDGE('',*,*,#2262,.F.);
#1500=ORIENTED_EDGE('',*,*,#2333,.F.);
#1501=ORIENTED_EDGE('',*,*,#2334,.F.);
#1502=ORIENTED_EDGE('',*,*,#2335,.F.);
#1503=ORIENTED_EDGE('',*,*,#2335,.T.);
#1504=ORIENTED_EDGE('',*,*,#2336,.T.);
#1505=ORIENTED_EDGE('',*,*,#2337,.T.);
#1506=ORIENTED_EDGE('',*,*,#2263,.F.);
#1507=ORIENTED_EDGE('',*,*,#2264,.F.);
#1508=ORIENTED_EDGE('',*,*,#2337,.F.);
#1509=ORIENTED_EDGE('',*,*,#2338,.F.);
#1510=ORIENTED_EDGE('',*,*,#2339,.T.);
#1511=ORIENTED_EDGE('',*,*,#2265,.F.);
#1512=ORIENTED_EDGE('',*,*,#2339,.F.);
#1513=ORIENTED_EDGE('',*,*,#2340,.F.);
#1514=ORIENTED_EDGE('',*,*,#2341,.T.);
#1515=ORIENTED_EDGE('',*,*,#2266,.F.);
#1516=ORIENTED_EDGE('',*,*,#2341,.F.);
#1517=ORIENTED_EDGE('',*,*,#2342,.F.);
#1518=ORIENTED_EDGE('',*,*,#2343,.F.);
#1519=ORIENTED_EDGE('',*,*,#2343,.T.);
#1520=ORIENTED_EDGE('',*,*,#2344,.T.);
#1521=ORIENTED_EDGE('',*,*,#2345,.T.);
#1522=ORIENTED_EDGE('',*,*,#2267,.F.);
#1523=ORIENTED_EDGE('',*,*,#2346,.T.);
#1524=ORIENTED_EDGE('',*,*,#2347,.T.);
#1525=ORIENTED_EDGE('',*,*,#2268,.F.);
#1526=ORIENTED_EDGE('',*,*,#2345,.F.);
#1527=ORIENTED_EDGE('',*,*,#2348,.T.);
#1528=ORIENTED_EDGE('',*,*,#2349,.T.);
#1529=ORIENTED_EDGE('',*,*,#2269,.F.);
#1530=ORIENTED_EDGE('',*,*,#2347,.F.);
#1531=ORIENTED_EDGE('',*,*,#2350,.T.);
#1532=ORIENTED_EDGE('',*,*,#2351,.T.);
#1533=ORIENTED_EDGE('',*,*,#2270,.F.);
#1534=ORIENTED_EDGE('',*,*,#2349,.F.);
#1535=ORIENTED_EDGE('',*,*,#2352,.T.);
#1536=ORIENTED_EDGE('',*,*,#2353,.T.);
#1537=ORIENTED_EDGE('',*,*,#2271,.F.);
#1538=ORIENTED_EDGE('',*,*,#2351,.F.);
#1539=ORIENTED_EDGE('',*,*,#2354,.T.);
#1540=ORIENTED_EDGE('',*,*,#2355,.T.);
#1541=ORIENTED_EDGE('',*,*,#2272,.F.);
#1542=ORIENTED_EDGE('',*,*,#2353,.F.);
#1543=ORIENTED_EDGE('',*,*,#2356,.T.);
#1544=ORIENTED_EDGE('',*,*,#2357,.T.);
#1545=ORIENTED_EDGE('',*,*,#2273,.F.);
#1546=ORIENTED_EDGE('',*,*,#2355,.F.);
#1547=ORIENTED_EDGE('',*,*,#2358,.T.);
#1548=ORIENTED_EDGE('',*,*,#2359,.T.);
#1549=ORIENTED_EDGE('',*,*,#2274,.F.);
#1550=ORIENTED_EDGE('',*,*,#2357,.F.);
#1551=ORIENTED_EDGE('',*,*,#2360,.T.);
#1552=ORIENTED_EDGE('',*,*,#2275,.F.);
#1553=ORIENTED_EDGE('',*,*,#2359,.F.);
#1554=ORIENTED_EDGE('',*,*,#2361,.T.);
#1555=ORIENTED_EDGE('',*,*,#2276,.F.);
#1556=ORIENTED_EDGE('',*,*,#2360,.F.);
#1557=ORIENTED_EDGE('',*,*,#2362,.F.);
#1558=ORIENTED_EDGE('',*,*,#2315,.T.);
#1559=ORIENTED_EDGE('',*,*,#2281,.F.);
#1560=ORIENTED_EDGE('',*,*,#2363,.F.);
#1561=ORIENTED_EDGE('',*,*,#2364,.F.);
#1562=ORIENTED_EDGE('',*,*,#2365,.T.);
#1563=ORIENTED_EDGE('',*,*,#2282,.F.);
#1564=ORIENTED_EDGE('',*,*,#2365,.F.);
#1565=ORIENTED_EDGE('',*,*,#2366,.F.);
#1566=ORIENTED_EDGE('',*,*,#2367,.T.);
#1567=ORIENTED_EDGE('',*,*,#2283,.F.);
#1568=ORIENTED_EDGE('',*,*,#2367,.F.);
#1569=ORIENTED_EDGE('',*,*,#2368,.F.);
#1570=ORIENTED_EDGE('',*,*,#2369,.T.);
#1571=ORIENTED_EDGE('',*,*,#2284,.F.);
#1572=ORIENTED_EDGE('',*,*,#2369,.F.);
#1573=ORIENTED_EDGE('',*,*,#2370,.F.);
#1574=ORIENTED_EDGE('',*,*,#2363,.T.);
#1575=ORIENTED_EDGE('',*,*,#2285,.F.);
#1576=ORIENTED_EDGE('',*,*,#2371,.F.);
#1577=ORIENTED_EDGE('',*,*,#2372,.F.);
#1578=ORIENTED_EDGE('',*,*,#2373,.T.);
#1579=ORIENTED_EDGE('',*,*,#2286,.F.);
#1580=ORIENTED_EDGE('',*,*,#2373,.F.);
#1581=ORIENTED_EDGE('',*,*,#2374,.F.);
#1582=ORIENTED_EDGE('',*,*,#2375,.T.);
#1583=ORIENTED_EDGE('',*,*,#2287,.F.);
#1584=ORIENTED_EDGE('',*,*,#2375,.F.);
#1585=ORIENTED_EDGE('',*,*,#2376,.F.);
#1586=ORIENTED_EDGE('',*,*,#2377,.T.);
#1587=ORIENTED_EDGE('',*,*,#2288,.F.);
#1588=ORIENTED_EDGE('',*,*,#2377,.F.);
#1589=ORIENTED_EDGE('',*,*,#2378,.F.);
#1590=ORIENTED_EDGE('',*,*,#2371,.T.);
#1591=ORIENTED_EDGE('',*,*,#2289,.F.);
#1592=ORIENTED_EDGE('',*,*,#2379,.F.);
#1593=ORIENTED_EDGE('',*,*,#2380,.F.);
#1594=ORIENTED_EDGE('',*,*,#2381,.T.);
#1595=ORIENTED_EDGE('',*,*,#2290,.F.);
#1596=ORIENTED_EDGE('',*,*,#2381,.F.);
#1597=ORIENTED_EDGE('',*,*,#2382,.F.);
#1598=ORIENTED_EDGE('',*,*,#2383,.T.);
#1599=ORIENTED_EDGE('',*,*,#2291,.F.);
#1600=ORIENTED_EDGE('',*,*,#2383,.F.);
#1601=ORIENTED_EDGE('',*,*,#2384,.F.);
#1602=ORIENTED_EDGE('',*,*,#2385,.T.);
#1603=ORIENTED_EDGE('',*,*,#2292,.F.);
#1604=ORIENTED_EDGE('',*,*,#2385,.F.);
#1605=ORIENTED_EDGE('',*,*,#2386,.F.);
#1606=ORIENTED_EDGE('',*,*,#2379,.T.);
#1607=ORIENTED_EDGE('',*,*,#2293,.F.);
#1608=ORIENTED_EDGE('',*,*,#2387,.F.);
#1609=ORIENTED_EDGE('',*,*,#2388,.F.);
#1610=ORIENTED_EDGE('',*,*,#2389,.T.);
#1611=ORIENTED_EDGE('',*,*,#2294,.F.);
#1612=ORIENTED_EDGE('',*,*,#2389,.F.);
#1613=ORIENTED_EDGE('',*,*,#2390,.F.);
#1614=ORIENTED_EDGE('',*,*,#2391,.T.);
#1615=ORIENTED_EDGE('',*,*,#2295,.F.);
#1616=ORIENTED_EDGE('',*,*,#2391,.F.);
#1617=ORIENTED_EDGE('',*,*,#2392,.F.);
#1618=ORIENTED_EDGE('',*,*,#2393,.T.);
#1619=ORIENTED_EDGE('',*,*,#2296,.F.);
#1620=ORIENTED_EDGE('',*,*,#2393,.F.);
#1621=ORIENTED_EDGE('',*,*,#2394,.F.);
#1622=ORIENTED_EDGE('',*,*,#2387,.T.);
#1623=ORIENTED_EDGE('',*,*,#2297,.F.);
#1624=ORIENTED_EDGE('',*,*,#2395,.F.);
#1625=ORIENTED_EDGE('',*,*,#2396,.F.);
#1626=ORIENTED_EDGE('',*,*,#2397,.T.);
#1627=ORIENTED_EDGE('',*,*,#2298,.F.);
#1628=ORIENTED_EDGE('',*,*,#2397,.F.);
#1629=ORIENTED_EDGE('',*,*,#2398,.F.);
#1630=ORIENTED_EDGE('',*,*,#2399,.T.);
#1631=ORIENTED_EDGE('',*,*,#2299,.F.);
#1632=ORIENTED_EDGE('',*,*,#2399,.F.);
#1633=ORIENTED_EDGE('',*,*,#2400,.F.);
#1634=ORIENTED_EDGE('',*,*,#2401,.T.);
#1635=ORIENTED_EDGE('',*,*,#2300,.F.);
#1636=ORIENTED_EDGE('',*,*,#2401,.F.);
#1637=ORIENTED_EDGE('',*,*,#2402,.F.);
#1638=ORIENTED_EDGE('',*,*,#2395,.T.);
#1639=ORIENTED_EDGE('',*,*,#2403,.F.);
#1640=ORIENTED_EDGE('',*,*,#2404,.F.);
#1641=ORIENTED_EDGE('',*,*,#2301,.F.);
#1642=ORIENTED_EDGE('',*,*,#2405,.T.);
#1643=ORIENTED_EDGE('',*,*,#2406,.F.);
#1644=ORIENTED_EDGE('',*,*,#2407,.F.);
#1645=ORIENTED_EDGE('',*,*,#2302,.F.);
#1646=ORIENTED_EDGE('',*,*,#2404,.T.);
#1647=ORIENTED_EDGE('',*,*,#2408,.T.);
#1648=ORIENTED_EDGE('',*,*,#2409,.T.);
#1649=ORIENTED_EDGE('',*,*,#2410,.T.);
#1650=ORIENTED_EDGE('',*,*,#2411,.F.);
#1651=ORIENTED_EDGE('',*,*,#2412,.T.);
#1652=ORIENTED_EDGE('',*,*,#2413,.F.);
#1653=ORIENTED_EDGE('',*,*,#2414,.F.);
#1654=ORIENTED_EDGE('',*,*,#2303,.F.);
#1655=ORIENTED_EDGE('',*,*,#2407,.T.);
#1656=ORIENTED_EDGE('',*,*,#2415,.F.);
#1657=ORIENTED_EDGE('',*,*,#2416,.F.);
#1658=ORIENTED_EDGE('',*,*,#2417,.F.);
#1659=ORIENTED_EDGE('',*,*,#2418,.F.);
#1660=ORIENTED_EDGE('',*,*,#2419,.F.);
#1661=ORIENTED_EDGE('',*,*,#2304,.F.);
#1662=ORIENTED_EDGE('',*,*,#2414,.T.);
#1663=ORIENTED_EDGE('',*,*,#2420,.F.);
#1664=ORIENTED_EDGE('',*,*,#2421,.F.);
#1665=ORIENTED_EDGE('',*,*,#2305,.F.);
#1666=ORIENTED_EDGE('',*,*,#2419,.T.);
#1667=ORIENTED_EDGE('',*,*,#2422,.F.);
#1668=ORIENTED_EDGE('',*,*,#2405,.F.);
#1669=ORIENTED_EDGE('',*,*,#2306,.F.);
#1670=ORIENTED_EDGE('',*,*,#2421,.T.);
#1671=ORIENTED_EDGE('',*,*,#2423,.F.);
#1672=ORIENTED_EDGE('',*,*,#2318,.T.);
#1673=ORIENTED_EDGE('',*,*,#2316,.T.);
#1674=ORIENTED_EDGE('',*,*,#2362,.T.);
#1675=ORIENTED_EDGE('',*,*,#2424,.F.);
#1676=ORIENTED_EDGE('',*,*,#2423,.T.);
#1677=ORIENTED_EDGE('',*,*,#2361,.F.);
#1678=ORIENTED_EDGE('',*,*,#2425,.F.);
#1679=ORIENTED_EDGE('',*,*,#2426,.T.);
#1680=ORIENTED_EDGE('',*,*,#2427,.T.);
#1681=ORIENTED_EDGE('',*,*,#2344,.F.);
#1682=ORIENTED_EDGE('',*,*,#2428,.T.);
#1683=ORIENTED_EDGE('',*,*,#2336,.F.);
#1684=ORIENTED_EDGE('',*,*,#2429,.T.);
#1685=ORIENTED_EDGE('',*,*,#2328,.F.);
#1686=ORIENTED_EDGE('',*,*,#2430,.T.);
#1687=ORIENTED_EDGE('',*,*,#2320,.F.);
#1688=ORIENTED_EDGE('',*,*,#2430,.F.);
#1689=ORIENTED_EDGE('',*,*,#2326,.T.);
#1690=ORIENTED_EDGE('',*,*,#2324,.T.);
#1691=ORIENTED_EDGE('',*,*,#2322,.T.);
#1692=ORIENTED_EDGE('',*,*,#2431,.F.);
#1693=ORIENTED_EDGE('',*,*,#2429,.F.);
#1694=ORIENTED_EDGE('',*,*,#2334,.T.);
#1695=ORIENTED_EDGE('',*,*,#2332,.T.);
#1696=ORIENTED_EDGE('',*,*,#2330,.T.);
#1697=ORIENTED_EDGE('',*,*,#2432,.F.);
#1698=ORIENTED_EDGE('',*,*,#2428,.F.);
#1699=ORIENTED_EDGE('',*,*,#2342,.T.);
#1700=ORIENTED_EDGE('',*,*,#2340,.T.);
#1701=ORIENTED_EDGE('',*,*,#2338,.T.);
#1702=ORIENTED_EDGE('',*,*,#2433,.F.);
#1703=ORIENTED_EDGE('',*,*,#2346,.F.);
#1704=ORIENTED_EDGE('',*,*,#2427,.F.);
#1705=ORIENTED_EDGE('',*,*,#2434,.T.);
#1706=ORIENTED_EDGE('',*,*,#2435,.T.);
#1707=ORIENTED_EDGE('',*,*,#2436,.T.);
#1708=ORIENTED_EDGE('',*,*,#2437,.T.);
#1709=ORIENTED_EDGE('',*,*,#2438,.T.);
#1710=ORIENTED_EDGE('',*,*,#2348,.F.);
#1711=ORIENTED_EDGE('',*,*,#2435,.F.);
#1712=ORIENTED_EDGE('',*,*,#2439,.T.);
#1713=ORIENTED_EDGE('',*,*,#2440,.T.);
#1714=ORIENTED_EDGE('',*,*,#2441,.T.);
#1715=ORIENTED_EDGE('',*,*,#2350,.F.);
#1716=ORIENTED_EDGE('',*,*,#2438,.F.);
#1717=ORIENTED_EDGE('',*,*,#2442,.T.);
#1718=ORIENTED_EDGE('',*,*,#2443,.T.);
#1719=ORIENTED_EDGE('',*,*,#2444,.T.);
#1720=ORIENTED_EDGE('',*,*,#2445,.T.);
#1721=ORIENTED_EDGE('',*,*,#2446,.T.);
#1722=ORIENTED_EDGE('',*,*,#2447,.T.);
#1723=ORIENTED_EDGE('',*,*,#2448,.T.);
#1724=ORIENTED_EDGE('',*,*,#2449,.T.);
#1725=ORIENTED_EDGE('',*,*,#2450,.T.);
#1726=ORIENTED_EDGE('',*,*,#2451,.T.);
#1727=ORIENTED_EDGE('',*,*,#2352,.F.);
#1728=ORIENTED_EDGE('',*,*,#2443,.F.);
#1729=ORIENTED_EDGE('',*,*,#2452,.T.);
#1730=ORIENTED_EDGE('',*,*,#2453,.T.);
#1731=ORIENTED_EDGE('',*,*,#2454,.T.);
#1732=ORIENTED_EDGE('',*,*,#2455,.T.);
#1733=ORIENTED_EDGE('',*,*,#2456,.T.);
#1734=ORIENTED_EDGE('',*,*,#2457,.T.);
#1735=ORIENTED_EDGE('',*,*,#2458,.T.);
#1736=ORIENTED_EDGE('',*,*,#2459,.T.);
#1737=ORIENTED_EDGE('',*,*,#2354,.F.);
#1738=ORIENTED_EDGE('',*,*,#2451,.F.);
#1739=ORIENTED_EDGE('',*,*,#2460,.T.);
#1740=ORIENTED_EDGE('',*,*,#2461,.T.);
#1741=ORIENTED_EDGE('',*,*,#2356,.F.);
#1742=ORIENTED_EDGE('',*,*,#2461,.F.);
#1743=ORIENTED_EDGE('',*,*,#2462,.T.);
#1744=ORIENTED_EDGE('',*,*,#2463,.T.);
#1745=ORIENTED_EDGE('',*,*,#2464,.T.);
#1746=ORIENTED_EDGE('',*,*,#2465,.T.);
#1747=ORIENTED_EDGE('',*,*,#2466,.T.);
#1748=ORIENTED_EDGE('',*,*,#2467,.T.);
#1749=ORIENTED_EDGE('',*,*,#2468,.T.);
#1750=ORIENTED_EDGE('',*,*,#2469,.T.);
#1751=ORIENTED_EDGE('',*,*,#2470,.T.);
#1752=ORIENTED_EDGE('',*,*,#2471,.T.);
#1753=ORIENTED_EDGE('',*,*,#2358,.F.);
#1754=ORIENTED_EDGE('',*,*,#2463,.F.);
#1755=ORIENTED_EDGE('',*,*,#2472,.T.);
#1756=ORIENTED_EDGE('',*,*,#2425,.T.);
#1757=ORIENTED_EDGE('',*,*,#2473,.T.);
#1758=ORIENTED_EDGE('',*,*,#2474,.T.);
#1759=ORIENTED_EDGE('',*,*,#2475,.T.);
#1760=ORIENTED_EDGE('',*,*,#2476,.T.);
#1761=ORIENTED_EDGE('',*,*,#2477,.F.);
#1762=ORIENTED_EDGE('',*,*,#2478,.T.);
#1763=ORIENTED_EDGE('',*,*,#2479,.T.);
#1764=ORIENTED_EDGE('',*,*,#2465,.F.);
#1765=ORIENTED_EDGE('',*,*,#2480,.F.);
#1766=ORIENTED_EDGE('',*,*,#2481,.T.);
#1767=ORIENTED_EDGE('',*,*,#2482,.T.);
#1768=ORIENTED_EDGE('',*,*,#2483,.T.);
#1769=ORIENTED_EDGE('',*,*,#2484,.T.);
#1770=ORIENTED_EDGE('',*,*,#2485,.T.);
#1771=ORIENTED_EDGE('',*,*,#2486,.T.);
#1772=ORIENTED_EDGE('',*,*,#2487,.T.);
#1773=ORIENTED_EDGE('',*,*,#2488,.T.);
#1774=ORIENTED_EDGE('',*,*,#2489,.T.);
#1775=ORIENTED_EDGE('',*,*,#2490,.T.);
#1776=ORIENTED_EDGE('',*,*,#2491,.T.);
#1777=ORIENTED_EDGE('',*,*,#2492,.T.);
#1778=ORIENTED_EDGE('',*,*,#2415,.T.);
#1779=ORIENTED_EDGE('',*,*,#2406,.T.);
#1780=ORIENTED_EDGE('',*,*,#2403,.T.);
#1781=ORIENTED_EDGE('',*,*,#2422,.T.);
#1782=ORIENTED_EDGE('',*,*,#2420,.T.);
#1783=ORIENTED_EDGE('',*,*,#2418,.T.);
#1784=ORIENTED_EDGE('',*,*,#2413,.T.);
#1785=ORIENTED_EDGE('',*,*,#2493,.T.);
#1786=ORIENTED_EDGE('',*,*,#2494,.T.);
#1787=ORIENTED_EDGE('',*,*,#2495,.T.);
#1788=ORIENTED_EDGE('',*,*,#2496,.T.);
#1789=ORIENTED_EDGE('',*,*,#2497,.T.);
#1790=ORIENTED_EDGE('',*,*,#2498,.T.);
#1791=ORIENTED_EDGE('',*,*,#2499,.F.);
#1792=ORIENTED_EDGE('',*,*,#2500,.F.);
#1793=ORIENTED_EDGE('',*,*,#2501,.F.);
#1794=ORIENTED_EDGE('',*,*,#2502,.F.);
#1795=ORIENTED_EDGE('',*,*,#2503,.F.);
#1796=ORIENTED_EDGE('',*,*,#2504,.F.);
#1797=ORIENTED_EDGE('',*,*,#2505,.F.);
#1798=ORIENTED_EDGE('',*,*,#2506,.F.);
#1799=ORIENTED_EDGE('',*,*,#2507,.F.);
#1800=ORIENTED_EDGE('',*,*,#2508,.F.);
#1801=ORIENTED_EDGE('',*,*,#2509,.F.);
#1802=ORIENTED_EDGE('',*,*,#2510,.F.);
#1803=ORIENTED_EDGE('',*,*,#2511,.F.);
#1804=ORIENTED_EDGE('',*,*,#2512,.F.);
#1805=ORIENTED_EDGE('',*,*,#2513,.F.);
#1806=ORIENTED_EDGE('',*,*,#2514,.F.);
#1807=ORIENTED_EDGE('',*,*,#2515,.F.);
#1808=ORIENTED_EDGE('',*,*,#2516,.F.);
#1809=ORIENTED_EDGE('',*,*,#2517,.F.);
#1810=ORIENTED_EDGE('',*,*,#2518,.F.);
#1811=ORIENTED_EDGE('',*,*,#2519,.T.);
#1812=ORIENTED_EDGE('',*,*,#2396,.T.);
#1813=ORIENTED_EDGE('',*,*,#2402,.T.);
#1814=ORIENTED_EDGE('',*,*,#2400,.T.);
#1815=ORIENTED_EDGE('',*,*,#2398,.T.);
#1816=ORIENTED_EDGE('',*,*,#2388,.T.);
#1817=ORIENTED_EDGE('',*,*,#2394,.T.);
#1818=ORIENTED_EDGE('',*,*,#2392,.T.);
#1819=ORIENTED_EDGE('',*,*,#2390,.T.);
#1820=ORIENTED_EDGE('',*,*,#2380,.T.);
#1821=ORIENTED_EDGE('',*,*,#2386,.T.);
#1822=ORIENTED_EDGE('',*,*,#2384,.T.);
#1823=ORIENTED_EDGE('',*,*,#2382,.T.);
#1824=ORIENTED_EDGE('',*,*,#2372,.T.);
#1825=ORIENTED_EDGE('',*,*,#2378,.T.);
#1826=ORIENTED_EDGE('',*,*,#2376,.T.);
#1827=ORIENTED_EDGE('',*,*,#2374,.T.);
#1828=ORIENTED_EDGE('',*,*,#2364,.T.);
#1829=ORIENTED_EDGE('',*,*,#2370,.T.);
#1830=ORIENTED_EDGE('',*,*,#2368,.T.);
#1831=ORIENTED_EDGE('',*,*,#2366,.T.);
#1832=ORIENTED_EDGE('',*,*,#2520,.T.);
#1833=ORIENTED_EDGE('',*,*,#2521,.T.);
#1834=ORIENTED_EDGE('',*,*,#2522,.T.);
#1835=ORIENTED_EDGE('',*,*,#2436,.F.);
#1836=ORIENTED_EDGE('',*,*,#2523,.F.);
#1837=ORIENTED_EDGE('',*,*,#2408,.F.);
#1838=ORIENTED_EDGE('',*,*,#2524,.F.);
#1839=ORIENTED_EDGE('',*,*,#2441,.F.);
#1840=ORIENTED_EDGE('',*,*,#2525,.F.);
#1841=ORIENTED_EDGE('',*,*,#2409,.F.);
#1842=ORIENTED_EDGE('',*,*,#2523,.T.);
#1843=ORIENTED_EDGE('',*,*,#2440,.F.);
#1844=ORIENTED_EDGE('',*,*,#2526,.F.);
#1845=ORIENTED_EDGE('',*,*,#2410,.F.);
#1846=ORIENTED_EDGE('',*,*,#2525,.T.);
#1847=ORIENTED_EDGE('',*,*,#2527,.T.);
#1848=ORIENTED_EDGE('',*,*,#2528,.T.);
#1849=ORIENTED_EDGE('',*,*,#2529,.T.);
#1850=ORIENTED_EDGE('',*,*,#2530,.T.);
#1851=ORIENTED_EDGE('',*,*,#2531,.T.);
#1852=ORIENTED_EDGE('',*,*,#2532,.T.);
#1853=ORIENTED_EDGE('',*,*,#2533,.T.);
#1854=ORIENTED_EDGE('',*,*,#2534,.T.);
#1855=ORIENTED_EDGE('',*,*,#2535,.F.);
#1856=ORIENTED_EDGE('',*,*,#2536,.T.);
#1857=ORIENTED_EDGE('',*,*,#2537,.T.);
#1858=ORIENTED_EDGE('',*,*,#2538,.T.);
#1859=ORIENTED_EDGE('',*,*,#2539,.T.);
#1860=ORIENTED_EDGE('',*,*,#2540,.T.);
#1861=ORIENTED_EDGE('',*,*,#2541,.T.);
#1862=ORIENTED_EDGE('',*,*,#2542,.T.);
#1863=ORIENTED_EDGE('',*,*,#2543,.T.);
#1864=ORIENTED_EDGE('',*,*,#2544,.T.);
#1865=ORIENTED_EDGE('',*,*,#2545,.T.);
#1866=ORIENTED_EDGE('',*,*,#2411,.T.);
#1867=ORIENTED_EDGE('',*,*,#2526,.T.);
#1868=ORIENTED_EDGE('',*,*,#2439,.F.);
#1869=ORIENTED_EDGE('',*,*,#2434,.F.);
#1870=ORIENTED_EDGE('',*,*,#2426,.F.);
#1871=ORIENTED_EDGE('',*,*,#2472,.F.);
#1872=ORIENTED_EDGE('',*,*,#2462,.F.);
#1873=ORIENTED_EDGE('',*,*,#2460,.F.);
#1874=ORIENTED_EDGE('',*,*,#2450,.F.);
#1875=ORIENTED_EDGE('',*,*,#2546,.T.);
#1876=ORIENTED_EDGE('',*,*,#2547,.T.);
#1877=ORIENTED_EDGE('',*,*,#2548,.T.);
#1878=ORIENTED_EDGE('',*,*,#2549,.T.);
#1879=ORIENTED_EDGE('',*,*,#2550,.T.);
#1880=ORIENTED_EDGE('',*,*,#2493,.F.);
#1881=ORIENTED_EDGE('',*,*,#2412,.F.);
#1882=ORIENTED_EDGE('',*,*,#2545,.F.);
#1883=ORIENTED_EDGE('',*,*,#2551,.T.);
#1884=ORIENTED_EDGE('',*,*,#2492,.F.);
#1885=ORIENTED_EDGE('',*,*,#2552,.F.);
#1886=ORIENTED_EDGE('',*,*,#2553,.F.);
#1887=ORIENTED_EDGE('',*,*,#2416,.T.);
#1888=ORIENTED_EDGE('',*,*,#2554,.T.);
#1889=ORIENTED_EDGE('',*,*,#2555,.T.);
#1890=ORIENTED_EDGE('',*,*,#2556,.T.);
#1891=ORIENTED_EDGE('',*,*,#2452,.F.);
#1892=ORIENTED_EDGE('',*,*,#2442,.F.);
#1893=ORIENTED_EDGE('',*,*,#2437,.F.);
#1894=ORIENTED_EDGE('',*,*,#2524,.T.);
#1895=ORIENTED_EDGE('',*,*,#2417,.T.);
#1896=ORIENTED_EDGE('',*,*,#2553,.T.);
#1897=ORIENTED_EDGE('',*,*,#2557,.T.);
#1898=ORIENTED_EDGE('',*,*,#2558,.T.);
#1899=ORIENTED_EDGE('',*,*,#2559,.T.);
#1900=ORIENTED_EDGE('',*,*,#2560,.T.);
#1901=ORIENTED_EDGE('',*,*,#2561,.T.);
#1902=ORIENTED_EDGE('',*,*,#2562,.T.);
#1903=ORIENTED_EDGE('',*,*,#2424,.T.);
#1904=ORIENTED_EDGE('',*,*,#2521,.F.);
#1905=ORIENTED_EDGE('',*,*,#2431,.T.);
#1906=ORIENTED_EDGE('',*,*,#2522,.F.);
#1907=ORIENTED_EDGE('',*,*,#2432,.T.);
#1908=ORIENTED_EDGE('',*,*,#2519,.F.);
#1909=ORIENTED_EDGE('',*,*,#2433,.T.);
#1910=ORIENTED_EDGE('',*,*,#2520,.F.);
#1911=ORIENTED_EDGE('',*,*,#2444,.F.);
#1912=ORIENTED_EDGE('',*,*,#2563,.T.);
#1913=ORIENTED_EDGE('',*,*,#2564,.F.);
#1914=ORIENTED_EDGE('',*,*,#2565,.F.);
#1915=ORIENTED_EDGE('',*,*,#2445,.F.);
#1916=ORIENTED_EDGE('',*,*,#2565,.T.);
#1917=ORIENTED_EDGE('',*,*,#2566,.F.);
#1918=ORIENTED_EDGE('',*,*,#2567,.F.);
#1919=ORIENTED_EDGE('',*,*,#2568,.T.);
#1920=ORIENTED_EDGE('',*,*,#2569,.T.);
#1921=ORIENTED_EDGE('',*,*,#2570,.T.);
#1922=ORIENTED_EDGE('',*,*,#2446,.F.);
#1923=ORIENTED_EDGE('',*,*,#2567,.T.);
#1924=ORIENTED_EDGE('',*,*,#2571,.T.);
#1925=ORIENTED_EDGE('',*,*,#2572,.T.);
#1926=ORIENTED_EDGE('',*,*,#2573,.T.);
#1927=ORIENTED_EDGE('',*,*,#2447,.F.);
#1928=ORIENTED_EDGE('',*,*,#2570,.F.);
#1929=ORIENTED_EDGE('',*,*,#2574,.T.);
#1930=ORIENTED_EDGE('',*,*,#2575,.T.);
#1931=ORIENTED_EDGE('',*,*,#2448,.F.);
#1932=ORIENTED_EDGE('',*,*,#2573,.F.);
#1933=ORIENTED_EDGE('',*,*,#2576,.T.);
#1934=ORIENTED_EDGE('',*,*,#2546,.F.);
#1935=ORIENTED_EDGE('',*,*,#2449,.F.);
#1936=ORIENTED_EDGE('',*,*,#2575,.F.);
#1937=ORIENTED_EDGE('',*,*,#2577,.T.);
#1938=ORIENTED_EDGE('',*,*,#2578,.T.);
#1939=ORIENTED_EDGE('',*,*,#2453,.F.);
#1940=ORIENTED_EDGE('',*,*,#2556,.F.);
#1941=ORIENTED_EDGE('',*,*,#2579,.T.);
#1942=ORIENTED_EDGE('',*,*,#2580,.T.);
#1943=ORIENTED_EDGE('',*,*,#2454,.F.);
#1944=ORIENTED_EDGE('',*,*,#2578,.F.);
#1945=ORIENTED_EDGE('',*,*,#2581,.T.);
#1946=ORIENTED_EDGE('',*,*,#2582,.F.);
#1947=ORIENTED_EDGE('',*,*,#2455,.F.);
#1948=ORIENTED_EDGE('',*,*,#2580,.F.);
#1949=ORIENTED_EDGE('',*,*,#2583,.T.);
#1950=ORIENTED_EDGE('',*,*,#2584,.T.);
#1951=ORIENTED_EDGE('',*,*,#2585,.T.);
#1952=ORIENTED_EDGE('',*,*,#2456,.F.);
#1953=ORIENTED_EDGE('',*,*,#2582,.T.);
#1954=ORIENTED_EDGE('',*,*,#2586,.T.);
#1955=ORIENTED_EDGE('',*,*,#2457,.F.);
#1956=ORIENTED_EDGE('',*,*,#2585,.F.);
#1957=ORIENTED_EDGE('',*,*,#2587,.F.);
#1958=ORIENTED_EDGE('',*,*,#2588,.F.);
#1959=ORIENTED_EDGE('',*,*,#2458,.F.);
#1960=ORIENTED_EDGE('',*,*,#2588,.T.);
#1961=ORIENTED_EDGE('',*,*,#2589,.F.);
#1962=ORIENTED_EDGE('',*,*,#2590,.F.);
#1963=ORIENTED_EDGE('',*,*,#2459,.F.);
#1964=ORIENTED_EDGE('',*,*,#2590,.T.);
#1965=ORIENTED_EDGE('',*,*,#2591,.F.);
#1966=ORIENTED_EDGE('',*,*,#2563,.F.);
#1967=ORIENTED_EDGE('',*,*,#2592,.F.);
#1968=ORIENTED_EDGE('',*,*,#2480,.T.);
#1969=ORIENTED_EDGE('',*,*,#2464,.F.);
#1970=ORIENTED_EDGE('',*,*,#2593,.F.);
#1971=ORIENTED_EDGE('',*,*,#2594,.F.);
#1972=ORIENTED_EDGE('',*,*,#2595,.T.);
#1973=ORIENTED_EDGE('',*,*,#2466,.F.);
#1974=ORIENTED_EDGE('',*,*,#2479,.F.);
#1975=ORIENTED_EDGE('',*,*,#2596,.F.);
#1976=ORIENTED_EDGE('',*,*,#2593,.T.);
#1977=ORIENTED_EDGE('',*,*,#2467,.F.);
#1978=ORIENTED_EDGE('',*,*,#2595,.F.);
#1979=ORIENTED_EDGE('',*,*,#2597,.F.);
#1980=ORIENTED_EDGE('',*,*,#2598,.T.);
#1981=ORIENTED_EDGE('',*,*,#2468,.F.);
#1982=ORIENTED_EDGE('',*,*,#2599,.F.);
#1983=ORIENTED_EDGE('',*,*,#2600,.F.);
#1984=ORIENTED_EDGE('',*,*,#2601,.T.);
#1985=ORIENTED_EDGE('',*,*,#2469,.F.);
#1986=ORIENTED_EDGE('',*,*,#2598,.F.);
#1987=ORIENTED_EDGE('',*,*,#2602,.F.);
#1988=ORIENTED_EDGE('',*,*,#2603,.T.);
#1989=ORIENTED_EDGE('',*,*,#2470,.F.);
#1990=ORIENTED_EDGE('',*,*,#2601,.F.);
#1991=ORIENTED_EDGE('',*,*,#2604,.F.);
#1992=ORIENTED_EDGE('',*,*,#2599,.T.);
#1993=ORIENTED_EDGE('',*,*,#2471,.F.);
#1994=ORIENTED_EDGE('',*,*,#2603,.F.);
#1995=ORIENTED_EDGE('',*,*,#2473,.F.);
#1996=ORIENTED_EDGE('',*,*,#2605,.F.);
#1997=ORIENTED_EDGE('',*,*,#2539,.F.);
#1998=ORIENTED_EDGE('',*,*,#2606,.T.);
#1999=ORIENTED_EDGE('',*,*,#2474,.F.);
#2000=ORIENTED_EDGE('',*,*,#2606,.F.);
#2001=ORIENTED_EDGE('',*,*,#2538,.F.);
#2002=ORIENTED_EDGE('',*,*,#2607,.T.);
#2003=ORIENTED_EDGE('',*,*,#2475,.F.);
#2004=ORIENTED_EDGE('',*,*,#2607,.F.);
#2005=ORIENTED_EDGE('',*,*,#2537,.F.);
#2006=ORIENTED_EDGE('',*,*,#2608,.T.);
#2007=ORIENTED_EDGE('',*,*,#2609,.T.);
#2008=ORIENTED_EDGE('',*,*,#2476,.F.);
#2009=ORIENTED_EDGE('',*,*,#2608,.F.);
#2010=ORIENTED_EDGE('',*,*,#2536,.F.);
#2011=ORIENTED_EDGE('',*,*,#2610,.T.);
#2012=ORIENTED_EDGE('',*,*,#2477,.T.);
#2013=ORIENTED_EDGE('',*,*,#2609,.F.);
#2014=ORIENTED_EDGE('',*,*,#2535,.T.);
#2015=ORIENTED_EDGE('',*,*,#2592,.T.);
#2016=ORIENTED_EDGE('',*,*,#2596,.T.);
#2017=ORIENTED_EDGE('',*,*,#2594,.T.);
#2018=ORIENTED_EDGE('',*,*,#2478,.F.);
#2019=ORIENTED_EDGE('',*,*,#2610,.F.);
#2020=ORIENTED_EDGE('',*,*,#2534,.F.);
#2021=ORIENTED_EDGE('',*,*,#2611,.T.);
#2022=ORIENTED_EDGE('',*,*,#2481,.F.);
#2023=ORIENTED_EDGE('',*,*,#2597,.T.);
#2024=ORIENTED_EDGE('',*,*,#2604,.T.);
#2025=ORIENTED_EDGE('',*,*,#2602,.T.);
#2026=ORIENTED_EDGE('',*,*,#2600,.T.);
#2027=ORIENTED_EDGE('',*,*,#2482,.F.);
#2028=ORIENTED_EDGE('',*,*,#2611,.F.);
#2029=ORIENTED_EDGE('',*,*,#2533,.F.);
#2030=ORIENTED_EDGE('',*,*,#2612,.T.);
#2031=ORIENTED_EDGE('',*,*,#2483,.F.);
#2032=ORIENTED_EDGE('',*,*,#2612,.F.);
#2033=ORIENTED_EDGE('',*,*,#2532,.F.);
#2034=ORIENTED_EDGE('',*,*,#2613,.T.);
#2035=ORIENTED_EDGE('',*,*,#2484,.F.);
#2036=ORIENTED_EDGE('',*,*,#2613,.F.);
#2037=ORIENTED_EDGE('',*,*,#2531,.F.);
#2038=ORIENTED_EDGE('',*,*,#2614,.T.);
#2039=ORIENTED_EDGE('',*,*,#2485,.F.);
#2040=ORIENTED_EDGE('',*,*,#2614,.F.);
#2041=ORIENTED_EDGE('',*,*,#2530,.F.);
#2042=ORIENTED_EDGE('',*,*,#2615,.T.);
#2043=ORIENTED_EDGE('',*,*,#2486,.F.);
#2044=ORIENTED_EDGE('',*,*,#2615,.F.);
#2045=ORIENTED_EDGE('',*,*,#2529,.F.);
#2046=ORIENTED_EDGE('',*,*,#2616,.T.);
#2047=ORIENTED_EDGE('',*,*,#2617,.T.);
#2048=ORIENTED_EDGE('',*,*,#2571,.F.);
#2049=ORIENTED_EDGE('',*,*,#2566,.T.);
#2050=ORIENTED_EDGE('',*,*,#2564,.T.);
#2051=ORIENTED_EDGE('',*,*,#2591,.T.);
#2052=ORIENTED_EDGE('',*,*,#2589,.T.);
#2053=ORIENTED_EDGE('',*,*,#2587,.T.);
#2054=ORIENTED_EDGE('',*,*,#2584,.F.);
#2055=ORIENTED_EDGE('',*,*,#2618,.T.);
#2056=ORIENTED_EDGE('',*,*,#2619,.T.);
#2057=ORIENTED_EDGE('',*,*,#2620,.T.);
#2058=ORIENTED_EDGE('',*,*,#2561,.F.);
#2059=ORIENTED_EDGE('',*,*,#2621,.T.);
#2060=ORIENTED_EDGE('',*,*,#2487,.F.);
#2061=ORIENTED_EDGE('',*,*,#2616,.F.);
#2062=ORIENTED_EDGE('',*,*,#2528,.F.);
#2063=ORIENTED_EDGE('',*,*,#2622,.T.);
#2064=ORIENTED_EDGE('',*,*,#2623,.T.);
#2065=ORIENTED_EDGE('',*,*,#2488,.F.);
#2066=ORIENTED_EDGE('',*,*,#2621,.F.);
#2067=ORIENTED_EDGE('',*,*,#2560,.F.);
#2068=ORIENTED_EDGE('',*,*,#2624,.T.);
#2069=ORIENTED_EDGE('',*,*,#2489,.F.);
#2070=ORIENTED_EDGE('',*,*,#2624,.F.);
#2071=ORIENTED_EDGE('',*,*,#2559,.F.);
#2072=ORIENTED_EDGE('',*,*,#2625,.T.);
#2073=ORIENTED_EDGE('',*,*,#2490,.F.);
#2074=ORIENTED_EDGE('',*,*,#2625,.F.);
#2075=ORIENTED_EDGE('',*,*,#2558,.F.);
#2076=ORIENTED_EDGE('',*,*,#2626,.T.);
#2077=ORIENTED_EDGE('',*,*,#2491,.F.);
#2078=ORIENTED_EDGE('',*,*,#2626,.F.);
#2079=ORIENTED_EDGE('',*,*,#2557,.F.);
#2080=ORIENTED_EDGE('',*,*,#2552,.T.);
#2081=ORIENTED_EDGE('',*,*,#2494,.F.);
#2082=ORIENTED_EDGE('',*,*,#2551,.F.);
#2083=ORIENTED_EDGE('',*,*,#2544,.F.);
#2084=ORIENTED_EDGE('',*,*,#2627,.T.);
#2085=ORIENTED_EDGE('',*,*,#2495,.F.);
#2086=ORIENTED_EDGE('',*,*,#2627,.F.);
#2087=ORIENTED_EDGE('',*,*,#2543,.F.);
#2088=ORIENTED_EDGE('',*,*,#2628,.T.);
#2089=ORIENTED_EDGE('',*,*,#2496,.F.);
#2090=ORIENTED_EDGE('',*,*,#2628,.F.);
#2091=ORIENTED_EDGE('',*,*,#2542,.F.);
#2092=ORIENTED_EDGE('',*,*,#2629,.T.);
#2093=ORIENTED_EDGE('',*,*,#2497,.F.);
#2094=ORIENTED_EDGE('',*,*,#2629,.F.);
#2095=ORIENTED_EDGE('',*,*,#2541,.F.);
#2096=ORIENTED_EDGE('',*,*,#2630,.T.);
#2097=ORIENTED_EDGE('',*,*,#2498,.F.);
#2098=ORIENTED_EDGE('',*,*,#2630,.F.);
#2099=ORIENTED_EDGE('',*,*,#2540,.F.);
#2100=ORIENTED_EDGE('',*,*,#2605,.T.);
#2101=ORIENTED_EDGE('',*,*,#2499,.T.);
#2102=ORIENTED_EDGE('',*,*,#2631,.T.);
#2103=ORIENTED_EDGE('',*,*,#2632,.F.);
#2104=ORIENTED_EDGE('',*,*,#2633,.F.);
#2105=ORIENTED_EDGE('',*,*,#2634,.T.);
#2106=ORIENTED_EDGE('',*,*,#2500,.T.);
#2107=ORIENTED_EDGE('',*,*,#2633,.T.);
#2108=ORIENTED_EDGE('',*,*,#2635,.F.);
#2109=ORIENTED_EDGE('',*,*,#2636,.F.);
#2110=ORIENTED_EDGE('',*,*,#2501,.T.);
#2111=ORIENTED_EDGE('',*,*,#2634,.F.);
#2112=ORIENTED_EDGE('',*,*,#2637,.F.);
#2113=ORIENTED_EDGE('',*,*,#2636,.T.);
#2114=ORIENTED_EDGE('',*,*,#2638,.F.);
#2115=ORIENTED_EDGE('',*,*,#2639,.F.);
#2116=ORIENTED_EDGE('',*,*,#2502,.T.);
#2117=ORIENTED_EDGE('',*,*,#2503,.T.);
#2118=ORIENTED_EDGE('',*,*,#2639,.T.);
#2119=ORIENTED_EDGE('',*,*,#2640,.F.);
#2120=ORIENTED_EDGE('',*,*,#2641,.F.);
#2121=ORIENTED_EDGE('',*,*,#2642,.T.);
#2122=ORIENTED_EDGE('',*,*,#2504,.T.);
#2123=ORIENTED_EDGE('',*,*,#2641,.T.);
#2124=ORIENTED_EDGE('',*,*,#2643,.F.);
#2125=ORIENTED_EDGE('',*,*,#2644,.F.);
#2126=ORIENTED_EDGE('',*,*,#2505,.T.);
#2127=ORIENTED_EDGE('',*,*,#2642,.F.);
#2128=ORIENTED_EDGE('',*,*,#2645,.F.);
#2129=ORIENTED_EDGE('',*,*,#2644,.T.);
#2130=ORIENTED_EDGE('',*,*,#2646,.F.);
#2131=ORIENTED_EDGE('',*,*,#2647,.F.);
#2132=ORIENTED_EDGE('',*,*,#2506,.T.);
#2133=ORIENTED_EDGE('',*,*,#2507,.T.);
#2134=ORIENTED_EDGE('',*,*,#2647,.T.);
#2135=ORIENTED_EDGE('',*,*,#2648,.F.);
#2136=ORIENTED_EDGE('',*,*,#2649,.F.);
#2137=ORIENTED_EDGE('',*,*,#2650,.T.);
#2138=ORIENTED_EDGE('',*,*,#2508,.T.);
#2139=ORIENTED_EDGE('',*,*,#2649,.T.);
#2140=ORIENTED_EDGE('',*,*,#2651,.F.);
#2141=ORIENTED_EDGE('',*,*,#2650,.F.);
#2142=ORIENTED_EDGE('',*,*,#2652,.F.);
#2143=ORIENTED_EDGE('',*,*,#2653,.F.);
#2144=ORIENTED_EDGE('',*,*,#2509,.T.);
#2145=ORIENTED_EDGE('',*,*,#2653,.T.);
#2146=ORIENTED_EDGE('',*,*,#2654,.F.);
#2147=ORIENTED_EDGE('',*,*,#2655,.F.);
#2148=ORIENTED_EDGE('',*,*,#2510,.T.);
#2149=ORIENTED_EDGE('',*,*,#2511,.T.);
#2150=ORIENTED_EDGE('',*,*,#2655,.T.);
#2151=ORIENTED_EDGE('',*,*,#2656,.F.);
#2152=ORIENTED_EDGE('',*,*,#2657,.F.);
#2153=ORIENTED_EDGE('',*,*,#2658,.T.);
#2154=ORIENTED_EDGE('',*,*,#2512,.T.);
#2155=ORIENTED_EDGE('',*,*,#2657,.T.);
#2156=ORIENTED_EDGE('',*,*,#2659,.F.);
#2157=ORIENTED_EDGE('',*,*,#2658,.F.);
#2158=ORIENTED_EDGE('',*,*,#2660,.F.);
#2159=ORIENTED_EDGE('',*,*,#2661,.F.);
#2160=ORIENTED_EDGE('',*,*,#2513,.T.);
#2161=ORIENTED_EDGE('',*,*,#2661,.T.);
#2162=ORIENTED_EDGE('',*,*,#2662,.F.);
#2163=ORIENTED_EDGE('',*,*,#2663,.F.);
#2164=ORIENTED_EDGE('',*,*,#2514,.T.);
#2165=ORIENTED_EDGE('',*,*,#2515,.T.);
#2166=ORIENTED_EDGE('',*,*,#2663,.T.);
#2167=ORIENTED_EDGE('',*,*,#2664,.F.);
#2168=ORIENTED_EDGE('',*,*,#2665,.F.);
#2169=ORIENTED_EDGE('',*,*,#2666,.T.);
#2170=ORIENTED_EDGE('',*,*,#2516,.T.);
#2171=ORIENTED_EDGE('',*,*,#2665,.T.);
#2172=ORIENTED_EDGE('',*,*,#2667,.F.);
#2173=ORIENTED_EDGE('',*,*,#2666,.F.);
#2174=ORIENTED_EDGE('',*,*,#2668,.F.);
#2175=ORIENTED_EDGE('',*,*,#2669,.F.);
#2176=ORIENTED_EDGE('',*,*,#2517,.T.);
#2177=ORIENTED_EDGE('',*,*,#2669,.T.);
#2178=ORIENTED_EDGE('',*,*,#2670,.F.);
#2179=ORIENTED_EDGE('',*,*,#2631,.F.);
#2180=ORIENTED_EDGE('',*,*,#2518,.T.);
#2181=ORIENTED_EDGE('',*,*,#2622,.F.);
#2182=ORIENTED_EDGE('',*,*,#2527,.F.);
#2183=ORIENTED_EDGE('',*,*,#2671,.F.);
#2184=ORIENTED_EDGE('',*,*,#2672,.T.);
#2185=ORIENTED_EDGE('',*,*,#2547,.F.);
#2186=ORIENTED_EDGE('',*,*,#2576,.F.);
#2187=ORIENTED_EDGE('',*,*,#2574,.F.);
#2188=ORIENTED_EDGE('',*,*,#2572,.F.);
#2189=ORIENTED_EDGE('',*,*,#2569,.F.);
#2190=ORIENTED_EDGE('',*,*,#2673,.T.);
#2191=ORIENTED_EDGE('',*,*,#2674,.T.);
#2192=ORIENTED_EDGE('',*,*,#2671,.T.);
#2193=ORIENTED_EDGE('',*,*,#2675,.F.);
#2194=ORIENTED_EDGE('',*,*,#2548,.F.);
#2195=ORIENTED_EDGE('',*,*,#2676,.F.);
#2196=ORIENTED_EDGE('',*,*,#2549,.F.);
#2197=ORIENTED_EDGE('',*,*,#2677,.F.);
#2198=ORIENTED_EDGE('',*,*,#2550,.F.);
#2199=ORIENTED_EDGE('',*,*,#2620,.F.);
#2200=ORIENTED_EDGE('',*,*,#2678,.F.);
#2201=ORIENTED_EDGE('',*,*,#2679,.F.);
#2202=ORIENTED_EDGE('',*,*,#2554,.F.);
#2203=ORIENTED_EDGE('',*,*,#2586,.F.);
#2204=ORIENTED_EDGE('',*,*,#2581,.F.);
#2205=ORIENTED_EDGE('',*,*,#2579,.F.);
#2206=ORIENTED_EDGE('',*,*,#2577,.F.);
#2207=ORIENTED_EDGE('',*,*,#2555,.F.);
#2208=ORIENTED_EDGE('',*,*,#2679,.T.);
#2209=ORIENTED_EDGE('',*,*,#2680,.T.);
#2210=ORIENTED_EDGE('',*,*,#2681,.T.);
#2211=ORIENTED_EDGE('',*,*,#2682,.F.);
#2212=ORIENTED_EDGE('',*,*,#2562,.F.);
#2213=ORIENTED_EDGE('',*,*,#2617,.F.);
#2214=ORIENTED_EDGE('',*,*,#2683,.F.);
#2215=ORIENTED_EDGE('',*,*,#2673,.F.);
#2216=ORIENTED_EDGE('',*,*,#2568,.F.);
#2217=ORIENTED_EDGE('',*,*,#2618,.F.);
#2218=ORIENTED_EDGE('',*,*,#2583,.F.);
#2219=ORIENTED_EDGE('',*,*,#2681,.F.);
#2220=ORIENTED_EDGE('',*,*,#2684,.T.);
#2221=ORIENTED_EDGE('',*,*,#2619,.F.);
#2222=ORIENTED_EDGE('',*,*,#2684,.F.);
#2223=ORIENTED_EDGE('',*,*,#2680,.F.);
#2224=ORIENTED_EDGE('',*,*,#2678,.T.);
#2225=ORIENTED_EDGE('',*,*,#2623,.F.);
#2226=ORIENTED_EDGE('',*,*,#2672,.F.);
#2227=ORIENTED_EDGE('',*,*,#2674,.F.);
#2228=ORIENTED_EDGE('',*,*,#2683,.T.);
#2229=ORIENTED_EDGE('',*,*,#2652,.T.);
#2230=ORIENTED_EDGE('',*,*,#2651,.T.);
#2231=ORIENTED_EDGE('',*,*,#2648,.T.);
#2232=ORIENTED_EDGE('',*,*,#2646,.T.);
#2233=ORIENTED_EDGE('',*,*,#2645,.T.);
#2234=ORIENTED_EDGE('',*,*,#2643,.T.);
#2235=ORIENTED_EDGE('',*,*,#2640,.T.);
#2236=ORIENTED_EDGE('',*,*,#2638,.T.);
#2237=ORIENTED_EDGE('',*,*,#2637,.T.);
#2238=ORIENTED_EDGE('',*,*,#2635,.T.);
#2239=ORIENTED_EDGE('',*,*,#2632,.T.);
#2240=ORIENTED_EDGE('',*,*,#2670,.T.);
#2241=ORIENTED_EDGE('',*,*,#2668,.T.);
#2242=ORIENTED_EDGE('',*,*,#2667,.T.);
#2243=ORIENTED_EDGE('',*,*,#2664,.T.);
#2244=ORIENTED_EDGE('',*,*,#2662,.T.);
#2245=ORIENTED_EDGE('',*,*,#2660,.T.);
#2246=ORIENTED_EDGE('',*,*,#2659,.T.);
#2247=ORIENTED_EDGE('',*,*,#2656,.T.);
#2248=ORIENTED_EDGE('',*,*,#2654,.T.);
#2249=ORIENTED_EDGE('',*,*,#2675,.T.);
#2250=ORIENTED_EDGE('',*,*,#2676,.T.);
#2251=ORIENTED_EDGE('',*,*,#2677,.T.);
#2252=ORIENTED_EDGE('',*,*,#2682,.T.);
#2253=EDGE_CURVE('',#2685,#2686,#2687,.F.);
#2254=EDGE_CURVE('',#2686,#2688,#2689,.F.);
#2255=EDGE_CURVE('',#2688,#2690,#2691,.T.);
#2256=EDGE_CURVE('',#2690,#2692,#2693,.F.);
#2257=EDGE_CURVE('',#2692,#2694,#2695,.F.);
#2258=EDGE_CURVE('',#2694,#2696,#2697,.F.);
#2259=EDGE_CURVE('',#2696,#2698,#2699,.T.);
#2260=EDGE_CURVE('',#2698,#2700,#2701,.F.);
#2261=EDGE_CURVE('',#2700,#2702,#2703,.F.);
#2262=EDGE_CURVE('',#2702,#2704,#2705,.F.);
#2263=EDGE_CURVE('',#2704,#2706,#2707,.T.);
#2264=EDGE_CURVE('',#2706,#2708,#2709,.F.);
#2265=EDGE_CURVE('',#2708,#2710,#2711,.F.);
#2266=EDGE_CURVE('',#2710,#2712,#2713,.F.);
#2267=EDGE_CURVE('',#2712,#2714,#2715,.T.);
#2268=EDGE_CURVE('',#2714,#2716,#2717,.T.);
#2269=EDGE_CURVE('',#2716,#2718,#2719,.T.);
#2270=EDGE_CURVE('',#2718,#2720,#2721,.T.);
#2271=EDGE_CURVE('',#2720,#2722,#2723,.T.);
#2272=EDGE_CURVE('',#2722,#2724,#2725,.T.);
#2273=EDGE_CURVE('',#2724,#2726,#2727,.T.);
#2274=EDGE_CURVE('',#2726,#2728,#2729,.T.);
#2275=EDGE_CURVE('',#2728,#2730,#2731,.T.);
#2276=EDGE_CURVE('',#2730,#2685,#2732,.F.);
#2277=EDGE_CURVE('',#2733,#2734,#2735,.F.);
#2278=EDGE_CURVE('',#2734,#2736,#2737,.F.);
#2279=EDGE_CURVE('',#2736,#2738,#2739,.F.);
#2280=EDGE_CURVE('',#2738,#2733,#2740,.F.);
#2281=EDGE_CURVE('',#2741,#2742,#2743,.F.);
#2282=EDGE_CURVE('',#2742,#2744,#2745,.F.);
#2283=EDGE_CURVE('',#2744,#2746,#2747,.F.);
#2284=EDGE_CURVE('',#2746,#2741,#2748,.F.);
#2285=EDGE_CURVE('',#2749,#2750,#2751,.F.);
#2286=EDGE_CURVE('',#2750,#2752,#2753,.F.);
#2287=EDGE_CURVE('',#2752,#2754,#2755,.F.);
#2288=EDGE_CURVE('',#2754,#2749,#2756,.F.);
#2289=EDGE_CURVE('',#2757,#2758,#2759,.F.);
#2290=EDGE_CURVE('',#2758,#2760,#2761,.F.);
#2291=EDGE_CURVE('',#2760,#2762,#2763,.F.);
#2292=EDGE_CURVE('',#2762,#2757,#2764,.F.);
#2293=EDGE_CURVE('',#2765,#2766,#2767,.F.);
#2294=EDGE_CURVE('',#2766,#2768,#2769,.F.);
#2295=EDGE_CURVE('',#2768,#2770,#2771,.F.);
#2296=EDGE_CURVE('',#2770,#2765,#2772,.F.);
#2297=EDGE_CURVE('',#2773,#2774,#2775,.F.);
#2298=EDGE_CURVE('',#2774,#2776,#2777,.F.);
#2299=EDGE_CURVE('',#2776,#2778,#2779,.F.);
#2300=EDGE_CURVE('',#2778,#2773,#2780,.F.);
#2301=EDGE_CURVE('',#2781,#2782,#2783,.T.);
#2302=EDGE_CURVE('',#2782,#2784,#2785,.T.);
#2303=EDGE_CURVE('',#2784,#2786,#2787,.T.);
#2304=EDGE_CURVE('',#2786,#2788,#2789,.T.);
#2305=EDGE_CURVE('',#2788,#2790,#2791,.T.);
#2306=EDGE_CURVE('',#2790,#2781,#2792,.T.);
#2307=EDGE_CURVE('',#2793,#2794,#2795,.F.);
#2308=EDGE_CURVE('',#2794,#2796,#2797,.F.);
#2309=EDGE_CURVE('',#2796,#2798,#2799,.F.);
#2310=EDGE_CURVE('',#2798,#2793,#2800,.F.);
#2311=EDGE_CURVE('',#2733,#2794,#2801,.T.);
#2312=EDGE_CURVE('',#2738,#2796,#2802,.T.);
#2313=EDGE_CURVE('',#2736,#2798,#2803,.T.);
#2314=EDGE_CURVE('',#2734,#2793,#2804,.T.);
#2315=EDGE_CURVE('',#2805,#2685,#2806,.T.);
#2316=EDGE_CURVE('',#2807,#2805,#2808,.T.);
#2317=EDGE_CURVE('',#2807,#2686,#2809,.T.);
#2318=EDGE_CURVE('',#2810,#2807,#2811,.T.);
#2319=EDGE_CURVE('',#2688,#2810,#2812,.F.);
#2320=EDGE_CURVE('',#2810,#2813,#2814,.T.);
#2321=EDGE_CURVE('',#2813,#2690,#2815,.F.);
#2322=EDGE_CURVE('',#2816,#2813,#2817,.T.);
#2323=EDGE_CURVE('',#2816,#2692,#2818,.T.);
#2324=EDGE_CURVE('',#2819,#2816,#2820,.T.);
#2325=EDGE_CURVE('',#2819,#2694,#2821,.T.);
#2326=EDGE_CURVE('',#2822,#2819,#2823,.T.);
#2327=EDGE_CURVE('',#2696,#2822,#2824,.F.);
#2328=EDGE_CURVE('',#2822,#2825,#2826,.T.);
#2329=EDGE_CURVE('',#2825,#2698,#2827,.F.);
#2330=EDGE_CURVE('',#2828,#2825,#2829,.T.);
#2331=EDGE_CURVE('',#2828,#2700,#2830,.T.);
#2332=EDGE_CURVE('',#2831,#2828,#2832,.T.);
#2333=EDGE_CURVE('',#2831,#2702,#2833,.T.);
#2334=EDGE_CURVE('',#2834,#2831,#2835,.T.);
#2335=EDGE_CURVE('',#2704,#2834,#2836,.F.);
#2336=EDGE_CURVE('',#2834,#2837,#2838,.T.);
#2337=EDGE_CURVE('',#2837,#2706,#2839,.F.);
#2338=EDGE_CURVE('',#2840,#2837,#2841,.T.);
#2339=EDGE_CURVE('',#2840,#2708,#2842,.T.);
#2340=EDGE_CURVE('',#2843,#2840,#2844,.T.);
#2341=EDGE_CURVE('',#2843,#2710,#2845,.T.);
#2342=EDGE_CURVE('',#2846,#2843,#2847,.T.);
#2343=EDGE_CURVE('',#2712,#2846,#2848,.F.);
#2344=EDGE_CURVE('',#2846,#2849,#2850,.T.);
#2345=EDGE_CURVE('',#2849,#2714,#2851,.T.);
#2346=EDGE_CURVE('',#2849,#2852,#2853,.T.);
#2347=EDGE_CURVE('',#2852,#2716,#2854,.T.);
#2348=EDGE_CURVE('',#2852,#2855,#2856,.T.);
#2349=EDGE_CURVE('',#2855,#2718,#2857,.T.);
#2350=EDGE_CURVE('',#2855,#2858,#2859,.T.);
#2351=EDGE_CURVE('',#2858,#2720,#2860,.T.);
#2352=EDGE_CURVE('',#2858,#2861,#2862,.T.);
#2353=EDGE_CURVE('',#2861,#2722,#2863,.T.);
#2354=EDGE_CURVE('',#2861,#2864,#2865,.T.);
#2355=EDGE_CURVE('',#2864,#2724,#2866,.T.);
#2356=EDGE_CURVE('',#2864,#2867,#2868,.T.);
#2357=EDGE_CURVE('',#2867,#2726,#2869,.T.);
#2358=EDGE_CURVE('',#2867,#2870,#2871,.T.);
#2359=EDGE_CURVE('',#2870,#2728,#2872,.T.);
#2360=EDGE_CURVE('',#2873,#2730,#2874,.F.);
#2361=EDGE_CURVE('',#2870,#2873,#2875,.T.);
#2362=EDGE_CURVE('',#2805,#2873,#2876,.T.);
#2363=EDGE_CURVE('',#2877,#2741,#2878,.T.);
#2364=EDGE_CURVE('',#2879,#2877,#2880,.T.);
#2365=EDGE_CURVE('',#2879,#2742,#2881,.T.);
#2366=EDGE_CURVE('',#2882,#2879,#2883,.T.);
#2367=EDGE_CURVE('',#2882,#2744,#2884,.T.);
#2368=EDGE_CURVE('',#2885,#2882,#2886,.T.);
#2369=EDGE_CURVE('',#2885,#2746,#2887,.T.);
#2370=EDGE_CURVE('',#2877,#2885,#2888,.T.);
#2371=EDGE_CURVE('',#2889,#2749,#2890,.T.);
#2372=EDGE_CURVE('',#2891,#2889,#2892,.T.);
#2373=EDGE_CURVE('',#2891,#2750,#2893,.T.);
#2374=EDGE_CURVE('',#2894,#2891,#2895,.T.);
#2375=EDGE_CURVE('',#2894,#2752,#2896,.T.);
#2376=EDGE_CURVE('',#2897,#2894,#2898,.T.);
#2377=EDGE_CURVE('',#2897,#2754,#2899,.T.);
#2378=EDGE_CURVE('',#2889,#2897,#2900,.T.);
#2379=EDGE_CURVE('',#2901,#2757,#2902,.T.);
#2380=EDGE_CURVE('',#2903,#2901,#2904,.T.);
#2381=EDGE_CURVE('',#2903,#2758,#2905,.T.);
#2382=EDGE_CURVE('',#2906,#2903,#2907,.T.);
#2383=EDGE_CURVE('',#2906,#2760,#2908,.T.);
#2384=EDGE_CURVE('',#2909,#2906,#2910,.T.);
#2385=EDGE_CURVE('',#2909,#2762,#2911,.T.);
#2386=EDGE_CURVE('',#2901,#2909,#2912,.T.);
#2387=EDGE_CURVE('',#2913,#2765,#2914,.T.);
#2388=EDGE_CURVE('',#2915,#2913,#2916,.T.);
#2389=EDGE_CURVE('',#2915,#2766,#2917,.T.);
#2390=EDGE_CURVE('',#2918,#2915,#2919,.T.);
#2391=EDGE_CURVE('',#2918,#2768,#2920,.T.);
#2392=EDGE_CURVE('',#2921,#2918,#2922,.T.);
#2393=EDGE_CURVE('',#2921,#2770,#2923,.T.);
#2394=EDGE_CURVE('',#2913,#2921,#2924,.T.);
#2395=EDGE_CURVE('',#2925,#2773,#2926,.T.);
#2396=EDGE_CURVE('',#2927,#2925,#2928,.T.);
#2397=EDGE_CURVE('',#2927,#2774,#2929,.T.);
#2398=EDGE_CURVE('',#2930,#2927,#2931,.T.);
#2399=EDGE_CURVE('',#2930,#2776,#2932,.T.);
#2400=EDGE_CURVE('',#2933,#2930,#2934,.T.);
#2401=EDGE_CURVE('',#2933,#2778,#2935,.T.);
#2402=EDGE_CURVE('',#2925,#2933,#2936,.T.);
#2403=EDGE_CURVE('',#2937,#2938,#2939,.T.);
#2404=EDGE_CURVE('',#2782,#2937,#2940,.T.);
#2405=EDGE_CURVE('',#2781,#2938,#2941,.T.);
#2406=EDGE_CURVE('',#2942,#2937,#2943,.T.);
#2407=EDGE_CURVE('',#2784,#2942,#2944,.T.);
#2408=EDGE_CURVE('',#2945,#2946,#2947,.T.);
#2409=EDGE_CURVE('',#2946,#2948,#2949,.T.);
#2410=EDGE_CURVE('',#2948,#2950,#2951,.T.);
#2411=EDGE_CURVE('',#2952,#2950,#2953,.T.);
#2412=EDGE_CURVE('',#2952,#2954,#2955,.T.);
#2413=EDGE_CURVE('',#2956,#2954,#2957,.T.);
#2414=EDGE_CURVE('',#2786,#2956,#2958,.T.);
#2415=EDGE_CURVE('',#2959,#2942,#2960,.T.);
#2416=EDGE_CURVE('',#2961,#2959,#2962,.T.);
#2417=EDGE_CURVE('',#2945,#2961,#2963,.T.);
#2418=EDGE_CURVE('',#2964,#2956,#2965,.T.);
#2419=EDGE_CURVE('',#2788,#2964,#2966,.T.);
#2420=EDGE_CURVE('',#2967,#2964,#2968,.T.);
#2421=EDGE_CURVE('',#2790,#2967,#2969,.T.);
#2422=EDGE_CURVE('',#2938,#2967,#2970,.T.);
#2423=EDGE_CURVE('',#2810,#2873,#2971,.T.);
#2424=EDGE_CURVE('',#2972,#2972,#2973,.F.);
#2425=EDGE_CURVE('',#2974,#2870,#2975,.T.);
#2426=EDGE_CURVE('',#2974,#2976,#2977,.T.);
#2427=EDGE_CURVE('',#2976,#2849,#2978,.T.);
#2428=EDGE_CURVE('',#2846,#2837,#2979,.T.);
#2429=EDGE_CURVE('',#2834,#2825,#2980,.T.);
#2430=EDGE_CURVE('',#2822,#2813,#2981,.T.);
#2431=EDGE_CURVE('',#2982,#2982,#2983,.F.);
#2432=EDGE_CURVE('',#2984,#2984,#2985,.F.);
#2433=EDGE_CURVE('',#2986,#2986,#2987,.F.);
#2434=EDGE_CURVE('',#2976,#2988,#2989,.T.);
#2435=EDGE_CURVE('',#2988,#2852,#2990,.T.);
#2436=EDGE_CURVE('',#2991,#2992,#2993,.F.);
#2437=EDGE_CURVE('',#2992,#2994,#2995,.T.);
#2438=EDGE_CURVE('',#2994,#2855,#2996,.T.);
#2439=EDGE_CURVE('',#2988,#2997,#2998,.T.);
#2440=EDGE_CURVE('',#2997,#2999,#3000,.F.);
#2441=EDGE_CURVE('',#2999,#2991,#3001,.F.);
#2442=EDGE_CURVE('',#2994,#3002,#3003,.T.);
#2443=EDGE_CURVE('',#3002,#2858,#3004,.T.);
#2444=EDGE_CURVE('',#3005,#3006,#3007,.T.);
#2445=EDGE_CURVE('',#3006,#3008,#3009,.F.);
#2446=EDGE_CURVE('',#3008,#3010,#3011,.T.);
#2447=EDGE_CURVE('',#3010,#3012,#3013,.F.);
#2448=EDGE_CURVE('',#3012,#3014,#3015,.F.);
#2449=EDGE_CURVE('',#3014,#3016,#3017,.F.);
#2450=EDGE_CURVE('',#3016,#3018,#3019,.T.);
#2451=EDGE_CURVE('',#3018,#2861,#3020,.T.);
#2452=EDGE_CURVE('',#3002,#3021,#3022,.T.);
#2453=EDGE_CURVE('',#3021,#3023,#3024,.F.);
#2454=EDGE_CURVE('',#3023,#3025,#3026,.F.);
#2455=EDGE_CURVE('',#3025,#3027,#3028,.F.);
#2456=EDGE_CURVE('',#3027,#3029,#3030,.T.);
#2457=EDGE_CURVE('',#3029,#3031,#3032,.F.);
#2458=EDGE_CURVE('',#3031,#3033,#3034,.T.);
#2459=EDGE_CURVE('',#3033,#3005,#3035,.F.);
#2460=EDGE_CURVE('',#3018,#3036,#3037,.T.);
#2461=EDGE_CURVE('',#3036,#2864,#3038,.T.);
#2462=EDGE_CURVE('',#3036,#3039,#3040,.T.);
#2463=EDGE_CURVE('',#3039,#2867,#3041,.T.);
#2464=EDGE_CURVE('',#3042,#3043,#3044,.F.);
#2465=EDGE_CURVE('',#3043,#3045,#3046,.F.);
#2466=EDGE_CURVE('',#3045,#3047,#3048,.F.);
#2467=EDGE_CURVE('',#3047,#3042,#3049,.F.);
#2468=EDGE_CURVE('',#3050,#3051,#3052,.F.);
#2469=EDGE_CURVE('',#3051,#3053,#3054,.F.);
#2470=EDGE_CURVE('',#3053,#3055,#3056,.F.);
#2471=EDGE_CURVE('',#3055,#3050,#3057,.F.);
#2472=EDGE_CURVE('',#3039,#2974,#3058,.T.);
#2473=EDGE_CURVE('',#3059,#3060,#3061,.F.);
#2474=EDGE_CURVE('',#3060,#3062,#3063,.T.);
#2475=EDGE_CURVE('',#3062,#3064,#3065,.F.);
#2476=EDGE_CURVE('',#3064,#3066,#3067,.T.);
#2477=EDGE_CURVE('',#3068,#3066,#3069,.F.);
#2478=EDGE_CURVE('',#3068,#3070,#3071,.T.);
#2479=EDGE_CURVE('',#3070,#3045,#3072,.T.);
#2480=EDGE_CURVE('',#3073,#3043,#3074,.T.);
#2481=EDGE_CURVE('',#3073,#3075,#3076,.T.);
#2482=EDGE_CURVE('',#3075,#3077,#3078,.F.);
#2483=EDGE_CURVE('',#3077,#3079,#3080,.T.);
#2484=EDGE_CURVE('',#3079,#3081,#3082,.F.);
#2485=EDGE_CURVE('',#3081,#3083,#3084,.T.);
#2486=EDGE_CURVE('',#3083,#3085,#3086,.F.);
#2487=EDGE_CURVE('',#3085,#3087,#3088,.T.);
#2488=EDGE_CURVE('',#3087,#3089,#3090,.F.);
#2489=EDGE_CURVE('',#3089,#3091,#3092,.T.);
#2490=EDGE_CURVE('',#3091,#3093,#3094,.F.);
#2491=EDGE_CURVE('',#3093,#3095,#3096,.T.);
#2492=EDGE_CURVE('',#3095,#2959,#3097,.F.);
#2493=EDGE_CURVE('',#2954,#3098,#3099,.F.);
#2494=EDGE_CURVE('',#3098,#3100,#3101,.T.);
#2495=EDGE_CURVE('',#3100,#3102,#3103,.F.);
#2496=EDGE_CURVE('',#3102,#3104,#3105,.T.);
#2497=EDGE_CURVE('',#3104,#3106,#3107,.F.);
#2498=EDGE_CURVE('',#3106,#3059,#3108,.T.);
#2499=EDGE_CURVE('',#3109,#3110,#3111,.T.);
#2500=EDGE_CURVE('',#3112,#3109,#3113,.T.);
#2501=EDGE_CURVE('',#3114,#3112,#3115,.T.);
#2502=EDGE_CURVE('',#3116,#3114,#3117,.T.);
#2503=EDGE_CURVE('',#3118,#3116,#3119,.T.);
#2504=EDGE_CURVE('',#3120,#3118,#3121,.T.);
#2505=EDGE_CURVE('',#3122,#3120,#3123,.T.);
#2506=EDGE_CURVE('',#3124,#3122,#3125,.F.);
#2507=EDGE_CURVE('',#3126,#3124,#3127,.F.);
#2508=EDGE_CURVE('',#3128,#3126,#3129,.F.);
#2509=EDGE_CURVE('',#3130,#3128,#3131,.T.);
#2510=EDGE_CURVE('',#3132,#3130,#3133,.T.);
#2511=EDGE_CURVE('',#3134,#3132,#3135,.T.);
#2512=EDGE_CURVE('',#3136,#3134,#3137,.T.);
#2513=EDGE_CURVE('',#3138,#3136,#3139,.T.);
#2514=EDGE_CURVE('',#3140,#3138,#3141,.T.);
#2515=EDGE_CURVE('',#3142,#3140,#3143,.T.);
#2516=EDGE_CURVE('',#3144,#3142,#3145,.T.);
#2517=EDGE_CURVE('',#3146,#3144,#3147,.T.);
#2518=EDGE_CURVE('',#3110,#3146,#3148,.T.);
#2519=EDGE_CURVE('',#3149,#3149,#3150,.F.);
#2520=EDGE_CURVE('',#3151,#3151,#3152,.F.);
#2521=EDGE_CURVE('',#3153,#3153,#3154,.F.);
#2522=EDGE_CURVE('',#3155,#3155,#3156,.F.);
#2523=EDGE_CURVE('',#2946,#2991,#3157,.T.);
#2524=EDGE_CURVE('',#2992,#2945,#3158,.T.);
#2525=EDGE_CURVE('',#2948,#2999,#3159,.T.);
#2526=EDGE_CURVE('',#2950,#2997,#3160,.T.);
#2527=EDGE_CURVE('',#3161,#3162,#3163,.T.);
#2528=EDGE_CURVE('',#3162,#3164,#3165,.T.);
#2529=EDGE_CURVE('',#3164,#3166,#3167,.T.);
#2530=EDGE_CURVE('',#3166,#3168,#3169,.T.);
#2531=EDGE_CURVE('',#3168,#3170,#3171,.T.);
#2532=EDGE_CURVE('',#3170,#3172,#3173,.T.);
#2533=EDGE_CURVE('',#3172,#3174,#3175,.T.);
#2534=EDGE_CURVE('',#3174,#3176,#3177,.T.);
#2535=EDGE_CURVE('',#3178,#3176,#3179,.F.);
#2536=EDGE_CURVE('',#3178,#3180,#3181,.T.);
#2537=EDGE_CURVE('',#3180,#3182,#3183,.T.);
#2538=EDGE_CURVE('',#3182,#3184,#3185,.T.);
#2539=EDGE_CURVE('',#3184,#3186,#3187,.T.);
#2540=EDGE_CURVE('',#3186,#3188,#3189,.T.);
#2541=EDGE_CURVE('',#3188,#3190,#3191,.T.);
#2542=EDGE_CURVE('',#3190,#3192,#3193,.T.);
#2543=EDGE_CURVE('',#3192,#3194,#3195,.T.);
#2544=EDGE_CURVE('',#3194,#3196,#3197,.T.);
#2545=EDGE_CURVE('',#3196,#2952,#3198,.T.);
#2546=EDGE_CURVE('',#3016,#3199,#3200,.T.);
#2547=EDGE_CURVE('',#3199,#3161,#3201,.F.);
#2548=EDGE_CURVE('',#3202,#3202,#3203,.T.);
#2549=EDGE_CURVE('',#3204,#3204,#3205,.T.);
#2550=EDGE_CURVE('',#3206,#3206,#3207,.T.);
#2551=EDGE_CURVE('',#3196,#3098,#3208,.T.);
#2552=EDGE_CURVE('',#3209,#3095,#3210,.T.);
#2553=EDGE_CURVE('',#2961,#3209,#3211,.T.);
#2554=EDGE_CURVE('',#3212,#3213,#3214,.T.);
#2555=EDGE_CURVE('',#3213,#3215,#3216,.F.);
#2556=EDGE_CURVE('',#3215,#3021,#3217,.T.);
#2557=EDGE_CURVE('',#3209,#3218,#3219,.T.);
#2558=EDGE_CURVE('',#3218,#3220,#3221,.T.);
#2559=EDGE_CURVE('',#3220,#3222,#3223,.T.);
#2560=EDGE_CURVE('',#3222,#3224,#3225,.T.);
#2561=EDGE_CURVE('',#3224,#3212,#3226,.T.);
#2562=EDGE_CURVE('',#3227,#3227,#3228,.T.);
#2563=EDGE_CURVE('',#3005,#3229,#3230,.T.);
#2564=EDGE_CURVE('',#3231,#3229,#3232,.F.);
#2565=EDGE_CURVE('',#3006,#3231,#3233,.T.);
#2566=EDGE_CURVE('',#3234,#3231,#3235,.T.);
#2567=EDGE_CURVE('',#3008,#3234,#3236,.T.);
#2568=EDGE_CURVE('',#3237,#3238,#3239,.T.);
#2569=EDGE_CURVE('',#3238,#3240,#3241,.F.);
#2570=EDGE_CURVE('',#3240,#3010,#3242,.T.);
#2571=EDGE_CURVE('',#3234,#3237,#3243,.T.);
#2572=EDGE_CURVE('',#3240,#3244,#3245,.F.);
#2573=EDGE_CURVE('',#3244,#3012,#3246,.T.);
#2574=EDGE_CURVE('',#3244,#3247,#3248,.F.);
#2575=EDGE_CURVE('',#3247,#3014,#3249,.T.);
#2576=EDGE_CURVE('',#3247,#3199,#3250,.F.);
#2577=EDGE_CURVE('',#3215,#3251,#3252,.F.);
#2578=EDGE_CURVE('',#3251,#3023,#3253,.T.);
#2579=EDGE_CURVE('',#3251,#3254,#3255,.F.);
#2580=EDGE_CURVE('',#3254,#3025,#3256,.T.);
#2581=EDGE_CURVE('',#3254,#3257,#3258,.F.);
#2582=EDGE_CURVE('',#3027,#3257,#3259,.T.);
#2583=EDGE_CURVE('',#3260,#3261,#3262,.T.);
#2584=EDGE_CURVE('',#3261,#3263,#3264,.T.);
#2585=EDGE_CURVE('',#3263,#3029,#3265,.T.);
#2586=EDGE_CURVE('',#3257,#3260,#3266,.F.);
#2587=EDGE_CURVE('',#3267,#3263,#3268,.T.);
#2588=EDGE_CURVE('',#3031,#3267,#3269,.T.);
#2589=EDGE_CURVE('',#3270,#3267,#3271,.F.);
#2590=EDGE_CURVE('',#3033,#3270,#3272,.T.);
#2591=EDGE_CURVE('',#3229,#3270,#3273,.T.);
#2592=EDGE_CURVE('',#3073,#3274,#3275,.T.);
#2593=EDGE_CURVE('',#3274,#3042,#3276,.T.);
#2594=EDGE_CURVE('',#3277,#3070,#3278,.T.);
#2595=EDGE_CURVE('',#3277,#3047,#3279,.T.);
#2596=EDGE_CURVE('',#3274,#3277,#3280,.T.);
#2597=EDGE_CURVE('',#3281,#3282,#3283,.T.);
#2598=EDGE_CURVE('',#3281,#3051,#3284,.T.);
#2599=EDGE_CURVE('',#3282,#3050,#3285,.T.);
#2600=EDGE_CURVE('',#3286,#3281,#3287,.T.);
#2601=EDGE_CURVE('',#3286,#3053,#3288,.T.);
#2602=EDGE_CURVE('',#3289,#3286,#3290,.T.);
#2603=EDGE_CURVE('',#3289,#3055,#3291,.T.);
#2604=EDGE_CURVE('',#3282,#3289,#3292,.T.);
#2605=EDGE_CURVE('',#3186,#3059,#3293,.T.);
#2606=EDGE_CURVE('',#3184,#3060,#3294,.T.);
#2607=EDGE_CURVE('',#3182,#3062,#3295,.T.);
#2608=EDGE_CURVE('',#3180,#3064,#3296,.T.);
#2609=EDGE_CURVE('',#3178,#3066,#3297,.T.);
#2610=EDGE_CURVE('',#3176,#3068,#3298,.T.);
#2611=EDGE_CURVE('',#3174,#3075,#3299,.T.);
#2612=EDGE_CURVE('',#3172,#3077,#3300,.T.);
#2613=EDGE_CURVE('',#3170,#3079,#3301,.T.);
#2614=EDGE_CURVE('',#3168,#3081,#3302,.T.);
#2615=EDGE_CURVE('',#3166,#3083,#3303,.T.);
#2616=EDGE_CURVE('',#3164,#3085,#3304,.T.);
#2617=EDGE_CURVE('',#3305,#3237,#3306,.T.);
#2618=EDGE_CURVE('',#3261,#3307,#3308,.T.);
#2619=EDGE_CURVE('',#3307,#3309,#3310,.T.);
#2620=EDGE_CURVE('',#3309,#3212,#3311,.T.);
#2621=EDGE_CURVE('',#3224,#3087,#3312,.T.);
#2622=EDGE_CURVE('',#3162,#3313,#3314,.T.);
#2623=EDGE_CURVE('',#3313,#3305,#3315,.T.);
#2624=EDGE_CURVE('',#3222,#3089,#3316,.T.);
#2625=EDGE_CURVE('',#3220,#3091,#3317,.T.);
#2626=EDGE_CURVE('',#3218,#3093,#3318,.T.);
#2627=EDGE_CURVE('',#3194,#3100,#3319,.T.);
#2628=EDGE_CURVE('',#3192,#3102,#3320,.T.);
#2629=EDGE_CURVE('',#3190,#3104,#3321,.T.);
#2630=EDGE_CURVE('',#3188,#3106,#3322,.T.);
#2631=EDGE_CURVE('',#3110,#3323,#3324,.T.);
#2632=EDGE_CURVE('',#3325,#3323,#3326,.F.);
#2633=EDGE_CURVE('',#3109,#3325,#3327,.T.);
#2634=EDGE_CURVE('',#3328,#3112,#3329,.T.);
#2635=EDGE_CURVE('',#3328,#3325,#3330,.F.);
#2636=EDGE_CURVE('',#3114,#3331,#3332,.T.);
#2637=EDGE_CURVE('',#3331,#3328,#3333,.F.);
#2638=EDGE_CURVE('',#3334,#3331,#3335,.F.);
#2639=EDGE_CURVE('',#3116,#3334,#3336,.T.);
#2640=EDGE_CURVE('',#3337,#3334,#3338,.F.);
#2641=EDGE_CURVE('',#3118,#3337,#3339,.T.);
#2642=EDGE_CURVE('',#3340,#3120,#3341,.T.);
#2643=EDGE_CURVE('',#3340,#3337,#3342,.F.);
#2644=EDGE_CURVE('',#3122,#3343,#3344,.F.);
#2645=EDGE_CURVE('',#3343,#3340,#3345,.F.);
#2646=EDGE_CURVE('',#3346,#3343,#3347,.T.);
#2647=EDGE_CURVE('',#3124,#3346,#3348,.T.);
#2648=EDGE_CURVE('',#3349,#3346,#3350,.T.);
#2649=EDGE_CURVE('',#3126,#3349,#3351,.T.);
#2650=EDGE_CURVE('',#3352,#3128,#3353,.F.);
#2651=EDGE_CURVE('',#3352,#3349,#3354,.T.);
#2652=EDGE_CURVE('',#3355,#3352,#3356,.F.);
#2653=EDGE_CURVE('',#3130,#3355,#3357,.T.);
#2654=EDGE_CURVE('',#3358,#3355,#3359,.F.);
#2655=EDGE_CURVE('',#3132,#3358,#3360,.T.);
#2656=EDGE_CURVE('',#3361,#3358,#3362,.F.);
#2657=EDGE_CURVE('',#3134,#3361,#3363,.T.);
#2658=EDGE_CURVE('',#3364,#3136,#3365,.T.);
#2659=EDGE_CURVE('',#3364,#3361,#3366,.F.);
#2660=EDGE_CURVE('',#3367,#3364,#3368,.F.);
#2661=EDGE_CURVE('',#3138,#3367,#3369,.T.);
#2662=EDGE_CURVE('',#3370,#3367,#3371,.F.);
#2663=EDGE_CURVE('',#3140,#3370,#3372,.T.);
#2664=EDGE_CURVE('',#3373,#3370,#3374,.F.);
#2665=EDGE_CURVE('',#3142,#3373,#3375,.T.);
#2666=EDGE_CURVE('',#3376,#3144,#3377,.T.);
#2667=EDGE_CURVE('',#3376,#3373,#3378,.F.);
#2668=EDGE_CURVE('',#3379,#3376,#3380,.F.);
#2669=EDGE_CURVE('',#3146,#3379,#3381,.T.);
#2670=EDGE_CURVE('',#3323,#3379,#3382,.F.);
#2671=EDGE_CURVE('',#3383,#3161,#3384,.T.);
#2672=EDGE_CURVE('',#3383,#3313,#3385,.T.);
#2673=EDGE_CURVE('',#3238,#3386,#3387,.T.);
#2674=EDGE_CURVE('',#3386,#3383,#3388,.T.);
#2675=EDGE_CURVE('',#3389,#3389,#3390,.F.);
#2676=EDGE_CURVE('',#3391,#3391,#3392,.F.);
#2677=EDGE_CURVE('',#3393,#3393,#3394,.F.);
#2678=EDGE_CURVE('',#3395,#3309,#3396,.T.);
#2679=EDGE_CURVE('',#3213,#3395,#3397,.T.);
#2680=EDGE_CURVE('',#3395,#3398,#3399,.T.);
#2681=EDGE_CURVE('',#3398,#3260,#3400,.T.);
#2682=EDGE_CURVE('',#3401,#3401,#3402,.F.);
#2683=EDGE_CURVE('',#3386,#3305,#3403,.T.);
#2684=EDGE_CURVE('',#3398,#3307,#3404,.T.);
#2685=VERTEX_POINT('',#3405);
#2686=VERTEX_POINT('',#3406);
#2687=LINE('',#3407,#3408);
#2688=VERTEX_POINT('',#3410);
#2689=LINE('',#3411,#3412);
#2690=VERTEX_POINT('',#3414);
#2691=LINE('',#3415,#3416);
#2692=VERTEX_POINT('',#3418);
#2693=LINE('',#3419,#3420);
#2694=VERTEX_POINT('',#3422);
#2695=LINE('',#3423,#3424);
#2696=VERTEX_POINT('',#3426);
#2697=LINE('',#3427,#3428);
#2698=VERTEX_POINT('',#3430);
#2699=LINE('',#3431,#3432);
#2700=VERTEX_POINT('',#3434);
#2701=LINE('',#3435,#3436);
#2702=VERTEX_POINT('',#3438);
#2703=LINE('',#3439,#3440);
#2704=VERTEX_POINT('',#3442);
#2705=LINE('',#3443,#3444);
#2706=VERTEX_POINT('',#3446);
#2707=LINE('',#3447,#3448);
#2708=VERTEX_POINT('',#3450);
#2709=LINE('',#3451,#3452);
#2710=VERTEX_POINT('',#3454);
#2711=LINE('',#3455,#3456);
#2712=VERTEX_POINT('',#3458);
#2713=LINE('',#3459,#3460);
#2714=VERTEX_POINT('',#3462);
#2715=LINE('',#3463,#3464);
#2716=VERTEX_POINT('',#3466);
#2717=LINE('',#3467,#3468);
#2718=VERTEX_POINT('',#3470);
#2719=LINE('',#3471,#3472);
#2720=VERTEX_POINT('',#3474);
#2721=LINE('',#3475,#3476);
#2722=VERTEX_POINT('',#3478);
#2723=LINE('',#3479,#3480);
#2724=VERTEX_POINT('',#3482);
#2725=LINE('',#3483,#3484);
#2726=VERTEX_POINT('',#3486);
#2727=LINE('',#3487,#3488);
#2728=VERTEX_POINT('',#3490);
#2729=LINE('',#3491,#3492);
#2730=VERTEX_POINT('',#3494);
#2731=LINE('',#3495,#3496);
#2732=LINE('',#3498,#3499);
#2733=VERTEX_POINT('',#3501);
#2734=VERTEX_POINT('',#3502);
#2735=LINE('',#3503,#3504);
#2736=VERTEX_POINT('',#3506);
#2737=LINE('',#3507,#3508);
#2738=VERTEX_POINT('',#3510);
#2739=LINE('',#3511,#3512);
#2740=LINE('',#3514,#3515);
#2741=VERTEX_POINT('',#3517);
#2742=VERTEX_POINT('',#3518);
#2743=CIRCLE('',#3519,1.);
#2744=VERTEX_POINT('',#3523);
#2745=LINE('',#3524,#3525);
#2746=VERTEX_POINT('',#3527);
#2747=CIRCLE('',#3528,1.);
#2748=LINE('',#3532,#3533);
#2749=VERTEX_POINT('',#3535);
#2750=VERTEX_POINT('',#3536);
#2751=CIRCLE('',#3537,1.);
#2752=VERTEX_POINT('',#3541);
#2753=LINE('',#3542,#3543);
#2754=VERTEX_POINT('',#3545);
#2755=CIRCLE('',#3546,1.);
#2756=LINE('',#3550,#3551);
#2757=VERTEX_POINT('',#3553);
#2758=VERTEX_POINT('',#3554);
#2759=CIRCLE('',#3555,1.);
#2760=VERTEX_POINT('',#3559);
#2761=LINE('',#3560,#3561);
#2762=VERTEX_POINT('',#3563);
#2763=CIRCLE('',#3564,1.);
#2764=LINE('',#3568,#3569);
#2765=VERTEX_POINT('',#3571);
#2766=VERTEX_POINT('',#3572);
#2767=CIRCLE('',#3573,1.);
#2768=VERTEX_POINT('',#3577);
#2769=LINE('',#3578,#3579);
#2770=VERTEX_POINT('',#3581);
#2771=CIRCLE('',#3582,1.);
#2772=LINE('',#3586,#3587);
#2773=VERTEX_POINT('',#3589);
#2774=VERTEX_POINT('',#3590);
#2775=CIRCLE('',#3591,1.);
#2776=VERTEX_POINT('',#3595);
#2777=LINE('',#3596,#3597);
#2778=VERTEX_POINT('',#3599);
#2779=CIRCLE('',#3600,1.);
#2780=LINE('',#3604,#3605);
#2781=VERTEX_POINT('',#3607);
#2782=VERTEX_POINT('',#3608);
#2783=LINE('',#3609,#3610);
#2784=VERTEX_POINT('',#3612);
#2785=LINE('',#3613,#3614);
#2786=VERTEX_POINT('',#3616);
#2787=LINE('',#3617,#3618);
#2788=VERTEX_POINT('',#3620);
#2789=LINE('',#3621,#3622);
#2790=VERTEX_POINT('',#3624);
#2791=LINE('',#3625,#3626);
#2792=LINE('',#3628,#3629);
#2793=VERTEX_POINT('',#3631);
#2794=VERTEX_POINT('',#3632);
#2795=LINE('',#3633,#3634);
#2796=VERTEX_POINT('',#3636);
#2797=LINE('',#3637,#3638);
#2798=VERTEX_POINT('',#3640);
#2799=LINE('',#3641,#3642);
#2800=LINE('',#3644,#3645);
#2801=LINE('',#3647,#3648);
#2802=LINE('',#3650,#3651);
#2803=LINE('',#3653,#3654);
#2804=LINE('',#3656,#3657);
#2805=VERTEX_POINT('',#3659);
#2806=LINE('',#3660,#3661);
#2807=VERTEX_POINT('',#3663);
#2808=LINE('',#3664,#3665);
#2809=LINE('',#3667,#3668);
#2810=VERTEX_POINT('',#3670);
#2811=LINE('',#3671,#3672);
#2812=LINE('',#3674,#3675);
#2813=VERTEX_POINT('',#3677);
#2814=LINE('',#3678,#3679);
#2815=LINE('',#3681,#3682);
#2816=VERTEX_POINT('',#3684);
#2817=LINE('',#3685,#3686);
#2818=LINE('',#3688,#3689);
#2819=VERTEX_POINT('',#3691);
#2820=LINE('',#3692,#3693);
#2821=LINE('',#3695,#3696);
#2822=VERTEX_POINT('',#3698);
#2823=LINE('',#3699,#3700);
#2824=LINE('',#3702,#3703);
#2825=VERTEX_POINT('',#3705);
#2826=LINE('',#3706,#3707);
#2827=LINE('',#3709,#3710);
#2828=VERTEX_POINT('',#3712);
#2829=LINE('',#3713,#3714);
#2830=LINE('',#3716,#3717);
#2831=VERTEX_POINT('',#3719);
#2832=LINE('',#3720,#3721);
#2833=LINE('',#3723,#3724);
#2834=VERTEX_POINT('',#3726);
#2835=LINE('',#3727,#3728);
#2836=LINE('',#3730,#3731);
#2837=VERTEX_POINT('',#3733);
#2838=LINE('',#3734,#3735);
#2839=LINE('',#3737,#3738);
#2840=VERTEX_POINT('',#3740);
#2841=LINE('',#3741,#3742);
#2842=LINE('',#3744,#3745);
#2843=VERTEX_POINT('',#3747);
#2844=LINE('',#3748,#3749);
#2845=LINE('',#3751,#3752);
#2846=VERTEX_POINT('',#3754);
#2847=LINE('',#3755,#3756);
#2848=LINE('',#3758,#3759);
#2849=VERTEX_POINT('',#3761);
#2850=LINE('',#3762,#3763);
#2851=LINE('',#3765,#3766);
#2852=VERTEX_POINT('',#3768);
#2853=LINE('',#3769,#3770);
#2854=LINE('',#3772,#3773);
#2855=VERTEX_POINT('',#3775);
#2856=LINE('',#3776,#3777);
#2857=LINE('',#3779,#3780);
#2858=VERTEX_POINT('',#3782);
#2859=LINE('',#3783,#3784);
#2860=LINE('',#3786,#3787);
#2861=VERTEX_POINT('',#3789);
#2862=LINE('',#3790,#3791);
#2863=LINE('',#3793,#3794);
#2864=VERTEX_POINT('',#3796);
#2865=LINE('',#3797,#3798);
#2866=LINE('',#3800,#3801);
#2867=VERTEX_POINT('',#3803);
#2868=LINE('',#3804,#3805);
#2869=LINE('',#3807,#3808);
#2870=VERTEX_POINT('',#3810);
#2871=LINE('',#3811,#3812);
#2872=LINE('',#3814,#3815);
#2873=VERTEX_POINT('',#3817);
#2874=LINE('',#3818,#3819);
#2875=LINE('',#3821,#3822);
#2876=LINE('',#3824,#3825);
#2877=VERTEX_POINT('',#3827);
#2878=LINE('',#3828,#3829);
#2879=VERTEX_POINT('',#3831);
#2880=CIRCLE('',#3832,1.);
#2881=LINE('',#3836,#3837);
#2882=VERTEX_POINT('',#3839);
#2883=LINE('',#3840,#3841);
#2884=LINE('',#3843,#3844);
#2885=VERTEX_POINT('',#3846);
#2886=CIRCLE('',#3847,1.);
#2887=LINE('',#3851,#3852);
#2888=LINE('',#3854,#3855);
#2889=VERTEX_POINT('',#3857);
#2890=LINE('',#3858,#3859);
#2891=VERTEX_POINT('',#3861);
#2892=CIRCLE('',#3862,1.);
#2893=LINE('',#3866,#3867);
#2894=VERTEX_POINT('',#3869);
#2895=LINE('',#3870,#3871);
#2896=LINE('',#3873,#3874);
#2897=VERTEX_POINT('',#3876);
#2898=CIRCLE('',#3877,1.);
#2899=LINE('',#3881,#3882);
#2900=LINE('',#3884,#3885);
#2901=VERTEX_POINT('',#3887);
#2902=LINE('',#3888,#3889);
#2903=VERTEX_POINT('',#3891);
#2904=CIRCLE('',#3892,1.);
#2905=LINE('',#3896,#3897);
#2906=VERTEX_POINT('',#3899);
#2907=LINE('',#3900,#3901);
#2908=LINE('',#3903,#3904);
#2909=VERTEX_POINT('',#3906);
#2910=CIRCLE('',#3907,1.);
#2911=LINE('',#3911,#3912);
#2912=LINE('',#3914,#3915);
#2913=VERTEX_POINT('',#3917);
#2914=LINE('',#3918,#3919);
#2915=VERTEX_POINT('',#3921);
#2916=CIRCLE('',#3922,1.);
#2917=LINE('',#3926,#3927);
#2918=VERTEX_POINT('',#3929);
#2919=LINE('',#3930,#3931);
#2920=LINE('',#3933,#3934);
#2921=VERTEX_POINT('',#3936);
#2922=CIRCLE('',#3937,1.);
#2923=LINE('',#3941,#3942);
#2924=LINE('',#3944,#3945);
#2925=VERTEX_POINT('',#3947);
#2926=LINE('',#3948,#3949);
#2927=VERTEX_POINT('',#3951);
#2928=CIRCLE('',#3952,1.);
#2929=LINE('',#3956,#3957);
#2930=VERTEX_POINT('',#3959);
#2931=LINE('',#3960,#3961);
#2932=LINE('',#3963,#3964);
#2933=VERTEX_POINT('',#3966);
#2934=CIRCLE('',#3967,1.);
#2935=LINE('',#3971,#3972);
#2936=LINE('',#3974,#3975);
#2937=VERTEX_POINT('',#3977);
#2938=VERTEX_POINT('',#3978);
#2939=LINE('',#3979,#3980);
#2940=LINE('',#3982,#3983);
#2941=LINE('',#3985,#3986);
#2942=VERTEX_POINT('',#3988);
#2943=LINE('',#3989,#3990);
#2944=LINE('',#3992,#3993);
#2945=VERTEX_POINT('',#3995);
#2946=VERTEX_POINT('',#3996);
#2947=LINE('',#3997,#3998);
#2948=VERTEX_POINT('',#4000);
#2949=LINE('',#4001,#4002);
#2950=VERTEX_POINT('',#4004);
#2951=LINE('',#4005,#4006);
#2952=VERTEX_POINT('',#4008);
#2953=LINE('',#4009,#4010);
#2954=VERTEX_POINT('',#4012);
#2955=LINE('',#4013,#4014);
#2956=VERTEX_POINT('',#4016);
#2957=LINE('',#4017,#4018);
#2958=LINE('',#4020,#4021);
#2959=VERTEX_POINT('',#4023);
#2960=LINE('',#4024,#4025);
#2961=VERTEX_POINT('',#4027);
#2962=LINE('',#4028,#4029);
#2963=LINE('',#4031,#4032);
#2964=VERTEX_POINT('',#4034);
#2965=LINE('',#4035,#4036);
#2966=LINE('',#4038,#4039);
#2967=VERTEX_POINT('',#4041);
#2968=LINE('',#4042,#4043);
#2969=LINE('',#4045,#4046);
#2970=LINE('',#4048,#4049);
#2971=LINE('',#4051,#4052);
#2972=VERTEX_POINT('',#4054);
#2973=CIRCLE('',#4055,1.5);
#2974=VERTEX_POINT('',#4059);
#2975=LINE('',#4060,#4061);
#2976=VERTEX_POINT('',#4063);
#2977=LINE('',#4064,#4065);
#2978=LINE('',#4067,#4068);
#2979=LINE('',#4070,#4071);
#2980=LINE('',#4073,#4074);
#2981=LINE('',#4076,#4077);
#2982=VERTEX_POINT('',#4079);
#2983=CIRCLE('',#4080,1.5);
#2984=VERTEX_POINT('',#4084);
#2985=CIRCLE('',#4085,1.5);
#2986=VERTEX_POINT('',#4089);
#2987=CIRCLE('',#4090,1.5);
#2988=VERTEX_POINT('',#4094);
#2989=LINE('',#4095,#4096);
#2990=LINE('',#4098,#4099);
#2991=VERTEX_POINT('',#4101);
#2992=VERTEX_POINT('',#4102);
#2993=LINE('',#4103,#4104);
#2994=VERTEX_POINT('',#4106);
#2995=LINE('',#4107,#4108);
#2996=LINE('',#4110,#4111);
#2997=VERTEX_POINT('',#4113);
#2998=LINE('',#4114,#4115);
#2999=VERTEX_POINT('',#4117);
#3000=LINE('',#4118,#4119);
#3001=LINE('',#4121,#4122);
#3002=VERTEX_POINT('',#4124);
#3003=LINE('',#4125,#4126);
#3004=LINE('',#4128,#4129);
#3005=VERTEX_POINT('',#4131);
#3006=VERTEX_POINT('',#4132);
#3007=CIRCLE('',#4133,1.5);
#3008=VERTEX_POINT('',#4137);
#3009=LINE('',#4138,#4139);
#3010=VERTEX_POINT('',#4141);
#3011=LINE('',#4142,#4143);
#3012=VERTEX_POINT('',#4145);
#3013=LINE('',#4146,#4147);
#3014=VERTEX_POINT('',#4149);
#3015=CIRCLE('',#4150,2.);
#3016=VERTEX_POINT('',#4154);
#3017=LINE('',#4155,#4156);
#3018=VERTEX_POINT('',#4158);
#3019=LINE('',#4159,#4160);
#3020=LINE('',#4162,#4163);
#3021=VERTEX_POINT('',#4165);
#3022=LINE('',#4166,#4167);
#3023=VERTEX_POINT('',#4169);
#3024=LINE('',#4170,#4171);
#3025=VERTEX_POINT('',#4173);
#3026=CIRCLE('',#4174,2.);
#3027=VERTEX_POINT('',#4178);
#3028=LINE('',#4179,#4180);
#3029=VERTEX_POINT('',#4182);
#3030=LINE('',#4183,#4184);
#3031=VERTEX_POINT('',#4186);
#3032=LINE('',#4187,#4188);
#3033=VERTEX_POINT('',#4190);
#3034=CIRCLE('',#4191,1.5);
#3035=LINE('',#4195,#4196);
#3036=VERTEX_POINT('',#4198);
#3037=LINE('',#4199,#4200);
#3038=LINE('',#4202,#4203);
#3039=VERTEX_POINT('',#4205);
#3040=LINE('',#4206,#4207);
#3041=LINE('',#4209,#4210);
#3042=VERTEX_POINT('',#4212);
#3043=VERTEX_POINT('',#4213);
#3044=CIRCLE('',#4214,1.);
#3045=VERTEX_POINT('',#4218);
#3046=LINE('',#4219,#4220);
#3047=VERTEX_POINT('',#4222);
#3048=CIRCLE('',#4223,1.);
#3049=LINE('',#4227,#4228);
#3050=VERTEX_POINT('',#4230);
#3051=VERTEX_POINT('',#4231);
#3052=CIRCLE('',#4232,1.);
#3053=VERTEX_POINT('',#4236);
#3054=LINE('',#4237,#4238);
#3055=VERTEX_POINT('',#4240);
#3056=CIRCLE('',#4241,1.);
#3057=LINE('',#4245,#4246);
#3058=LINE('',#4248,#4249);
#3059=VERTEX_POINT('',#4251);
#3060=VERTEX_POINT('',#4252);
#3061=CIRCLE('',#4253,1.00000000000001);
#3062=VERTEX_POINT('',#4257);
#3063=LINE('',#4258,#4259);
#3064=VERTEX_POINT('',#4261);
#3065=CIRCLE('',#4262,1.);
#3066=VERTEX_POINT('',#4266);
#3067=LINE('',#4267,#4268);
#3068=VERTEX_POINT('',#4270);
#3069=CIRCLE('',#4271,1.);
#3070=VERTEX_POINT('',#4275);
#3071=LINE('',#4276,#4277);
#3072=LINE('',#4279,#4280);
#3073=VERTEX_POINT('',#4282);
#3074=LINE('',#4283,#4284);
#3075=VERTEX_POINT('',#4286);
#3076=LINE('',#4287,#4288);
#3077=VERTEX_POINT('',#4290);
#3078=CIRCLE('',#4291,1.);
#3079=VERTEX_POINT('',#4295);
#3080=LINE('',#4296,#4297);
#3081=VERTEX_POINT('',#4299);
#3082=CIRCLE('',#4300,1.00000000000001);
#3083=VERTEX_POINT('',#4304);
#3084=LINE('',#4305,#4306);
#3085=VERTEX_POINT('',#4308);
#3086=CIRCLE('',#4309,1.);
#3087=VERTEX_POINT('',#4313);
#3088=LINE('',#4314,#4315);
#3089=VERTEX_POINT('',#4317);
#3090=CIRCLE('',#4318,1.00000000000001);
#3091=VERTEX_POINT('',#4322);
#3092=LINE('',#4323,#4324);
#3093=VERTEX_POINT('',#4326);
#3094=CIRCLE('',#4327,1.);
#3095=VERTEX_POINT('',#4331);
#3096=LINE('',#4332,#4333);
#3097=CIRCLE('',#4335,1.);
#3098=VERTEX_POINT('',#4339);
#3099=CIRCLE('',#4340,1.);
#3100=VERTEX_POINT('',#4344);
#3101=LINE('',#4345,#4346);
#3102=VERTEX_POINT('',#4348);
#3103=CIRCLE('',#4349,1.);
#3104=VERTEX_POINT('',#4353);
#3105=LINE('',#4354,#4355);
#3106=VERTEX_POINT('',#4357);
#3107=CIRCLE('',#4358,1.);
#3108=LINE('',#4362,#4363);
#3109=VERTEX_POINT('',#4365);
#3110=VERTEX_POINT('',#4366);
#3111=LINE('',#4367,#4368);
#3112=VERTEX_POINT('',#4370);
#3113=LINE('',#4371,#4372);
#3114=VERTEX_POINT('',#4374);
#3115=LINE('',#4375,#4376);
#3116=VERTEX_POINT('',#4378);
#3117=LINE('',#4379,#4380);
#3118=VERTEX_POINT('',#4382);
#3119=LINE('',#4383,#4384);
#3120=VERTEX_POINT('',#4386);
#3121=LINE('',#4387,#4388);
#3122=VERTEX_POINT('',#4390);
#3123=LINE('',#4391,#4392);
#3124=VERTEX_POINT('',#4394);
#3125=LINE('',#4395,#4396);
#3126=VERTEX_POINT('',#4398);
#3127=LINE('',#4399,#4400);
#3128=VERTEX_POINT('',#4402);
#3129=LINE('',#4403,#4404);
#3130=VERTEX_POINT('',#4406);
#3131=LINE('',#4407,#4408);
#3132=VERTEX_POINT('',#4410);
#3133=LINE('',#4411,#4412);
#3134=VERTEX_POINT('',#4414);
#3135=LINE('',#4415,#4416);
#3136=VERTEX_POINT('',#4418);
#3137=LINE('',#4419,#4420);
#3138=VERTEX_POINT('',#4422);
#3139=LINE('',#4423,#4424);
#3140=VERTEX_POINT('',#4426);
#3141=LINE('',#4427,#4428);
#3142=VERTEX_POINT('',#4430);
#3143=LINE('',#4431,#4432);
#3144=VERTEX_POINT('',#4434);
#3145=LINE('',#4435,#4436);
#3146=VERTEX_POINT('',#4438);
#3147=LINE('',#4439,#4440);
#3148=LINE('',#4442,#4443);
#3149=VERTEX_POINT('',#4445);
#3150=CIRCLE('',#4446,1.5);
#3151=VERTEX_POINT('',#4450);
#3152=CIRCLE('',#4451,1.5);
#3153=VERTEX_POINT('',#4455);
#3154=CIRCLE('',#4456,1.5);
#3155=VERTEX_POINT('',#4460);
#3156=CIRCLE('',#4461,1.5);
#3157=LINE('',#4465,#4466);
#3158=LINE('',#4468,#4469);
#3159=LINE('',#4471,#4472);
#3160=LINE('',#4474,#4475);
#3161=VERTEX_POINT('',#4477);
#3162=VERTEX_POINT('',#4478);
#3163=LINE('',#4479,#4480);
#3164=VERTEX_POINT('',#4482);
#3165=LINE('',#4483,#4484);
#3166=VERTEX_POINT('',#4486);
#3167=CIRCLE('',#4487,1.);
#3168=VERTEX_POINT('',#4491);
#3169=LINE('',#4492,#4493);
#3170=VERTEX_POINT('',#4495);
#3171=CIRCLE('',#4496,1.00000000000001);
#3172=VERTEX_POINT('',#4500);
#3173=LINE('',#4501,#4502);
#3174=VERTEX_POINT('',#4504);
#3175=CIRCLE('',#4505,1.);
#3176=VERTEX_POINT('',#4509);
#3177=LINE('',#4510,#4511);
#3178=VERTEX_POINT('',#4513);
#3179=CIRCLE('',#4514,1.);
#3180=VERTEX_POINT('',#4518);
#3181=LINE('',#4519,#4520);
#3182=VERTEX_POINT('',#4522);
#3183=CIRCLE('',#4523,1.);
#3184=VERTEX_POINT('',#4527);
#3185=LINE('',#4528,#4529);
#3186=VERTEX_POINT('',#4531);
#3187=CIRCLE('',#4532,1.00000000000001);
#3188=VERTEX_POINT('',#4536);
#3189=LINE('',#4537,#4538);
#3190=VERTEX_POINT('',#4540);
#3191=CIRCLE('',#4541,1.);
#3192=VERTEX_POINT('',#4545);
#3193=LINE('',#4546,#4547);
#3194=VERTEX_POINT('',#4549);
#3195=CIRCLE('',#4550,1.);
#3196=VERTEX_POINT('',#4554);
#3197=LINE('',#4555,#4556);
#3198=CIRCLE('',#4558,1.);
#3199=VERTEX_POINT('',#4562);
#3200=LINE('',#4563,#4564);
#3201=LINE('',#4566,#4567);
#3202=VERTEX_POINT('',#4569);
#3203=CIRCLE('',#4570,1.5);
#3204=VERTEX_POINT('',#4574);
#3205=CIRCLE('',#4575,1.5);
#3206=VERTEX_POINT('',#4579);
#3207=CIRCLE('',#4580,1.5);
#3208=LINE('',#4584,#4585);
#3209=VERTEX_POINT('',#4587);
#3210=LINE('',#4588,#4589);
#3211=CIRCLE('',#4591,1.);
#3212=VERTEX_POINT('',#4595);
#3213=VERTEX_POINT('',#4596);
#3214=LINE('',#4597,#4598);
#3215=VERTEX_POINT('',#4600);
#3216=LINE('',#4601,#4602);
#3217=LINE('',#4604,#4605);
#3218=VERTEX_POINT('',#4607);
#3219=LINE('',#4608,#4609);
#3220=VERTEX_POINT('',#4611);
#3221=CIRCLE('',#4612,1.);
#3222=VERTEX_POINT('',#4616);
#3223=LINE('',#4617,#4618);
#3224=VERTEX_POINT('',#4620);
#3225=CIRCLE('',#4621,1.00000000000001);
#3226=LINE('',#4625,#4626);
#3227=VERTEX_POINT('',#4628);
#3228=CIRCLE('',#4629,1.5);
#3229=VERTEX_POINT('',#4633);
#3230=LINE('',#4634,#4635);
#3231=VERTEX_POINT('',#4637);
#3232=CIRCLE('',#4638,1.5);
#3233=LINE('',#4642,#4643);
#3234=VERTEX_POINT('',#4645);
#3235=LINE('',#4646,#4647);
#3236=LINE('',#4649,#4650);
#3237=VERTEX_POINT('',#4652);
#3238=VERTEX_POINT('',#4653);
#3239=LINE('',#4654,#4655);
#3240=VERTEX_POINT('',#4657);
#3241=LINE('',#4658,#4659);
#3242=LINE('',#4661,#4662);
#3243=LINE('',#4664,#4665);
#3244=VERTEX_POINT('',#4667);
#3245=LINE('',#4668,#4669);
#3246=LINE('',#4671,#4672);
#3247=VERTEX_POINT('',#4674);
#3248=CIRCLE('',#4675,2.);
#3249=LINE('',#4679,#4680);
#3250=LINE('',#4682,#4683);
#3251=VERTEX_POINT('',#4685);
#3252=LINE('',#4686,#4687);
#3253=LINE('',#4689,#4690);
#3254=VERTEX_POINT('',#4692);
#3255=CIRCLE('',#4693,2.);
#3256=LINE('',#4697,#4698);
#3257=VERTEX_POINT('',#4700);
#3258=LINE('',#4701,#4702);
#3259=LINE('',#4704,#4705);
#3260=VERTEX_POINT('',#4707);
#3261=VERTEX_POINT('',#4708);
#3262=LINE('',#4709,#4710);
#3263=VERTEX_POINT('',#4712);
#3264=LINE('',#4713,#4714);
#3265=LINE('',#4716,#4717);
#3266=LINE('',#4719,#4720);
#3267=VERTEX_POINT('',#4722);
#3268=LINE('',#4723,#4724);
#3269=LINE('',#4726,#4727);
#3270=VERTEX_POINT('',#4729);
#3271=CIRCLE('',#4730,1.5);
#3272=LINE('',#4734,#4735);
#3273=LINE('',#4737,#4738);
#3274=VERTEX_POINT('',#4740);
#3275=CIRCLE('',#4741,1.);
#3276=LINE('',#4745,#4746);
#3277=VERTEX_POINT('',#4748);
#3278=CIRCLE('',#4749,1.);
#3279=LINE('',#4753,#4754);
#3280=LINE('',#4756,#4757);
#3281=VERTEX_POINT('',#4759);
#3282=VERTEX_POINT('',#4760);
#3283=CIRCLE('',#4761,1.);
#3284=LINE('',#4765,#4766);
#3285=LINE('',#4768,#4769);
#3286=VERTEX_POINT('',#4771);
#3287=LINE('',#4772,#4773);
#3288=LINE('',#4775,#4776);
#3289=VERTEX_POINT('',#4778);
#3290=CIRCLE('',#4779,1.);
#3291=LINE('',#4783,#4784);
#3292=LINE('',#4786,#4787);
#3293=LINE('',#4789,#4790);
#3294=LINE('',#4792,#4793);
#3295=LINE('',#4795,#4796);
#3296=LINE('',#4798,#4799);
#3297=LINE('',#4801,#4802);
#3298=LINE('',#4804,#4805);
#3299=LINE('',#4807,#4808);
#3300=LINE('',#4810,#4811);
#3301=LINE('',#4813,#4814);
#3302=LINE('',#4816,#4817);
#3303=LINE('',#4819,#4820);
#3304=LINE('',#4822,#4823);
#3305=VERTEX_POINT('',#4825);
#3306=LINE('',#4826,#4827);
#3307=VERTEX_POINT('',#4829);
#3308=LINE('',#4830,#4831);
#3309=VERTEX_POINT('',#4833);
#3310=LINE('',#4834,#4835);
#3311=LINE('',#4837,#4838);
#3312=LINE('',#4840,#4841);
#3313=VERTEX_POINT('',#4843);
#3314=LINE('',#4844,#4845);
#3315=LINE('',#4847,#4848);
#3316=LINE('',#4850,#4851);
#3317=LINE('',#4853,#4854);
#3318=LINE('',#4856,#4857);
#3319=LINE('',#4859,#4860);
#3320=LINE('',#4862,#4863);
#3321=LINE('',#4865,#4866);
#3322=LINE('',#4868,#4869);
#3323=VERTEX_POINT('',#4871);
#3324=LINE('',#4872,#4873);
#3325=VERTEX_POINT('',#4875);
#3326=LINE('',#4876,#4877);
#3327=LINE('',#4879,#4880);
#3328=VERTEX_POINT('',#4882);
#3329=LINE('',#4883,#4884);
#3330=LINE('',#4886,#4887);
#3331=VERTEX_POINT('',#4889);
#3332=LINE('',#4890,#4891);
#3333=LINE('',#4893,#4894);
#3334=VERTEX_POINT('',#4896);
#3335=LINE('',#4897,#4898);
#3336=LINE('',#4900,#4901);
#3337=VERTEX_POINT('',#4903);
#3338=LINE('',#4904,#4905);
#3339=LINE('',#4907,#4908);
#3340=VERTEX_POINT('',#4910);
#3341=LINE('',#4911,#4912);
#3342=LINE('',#4914,#4915);
#3343=VERTEX_POINT('',#4917);
#3344=LINE('',#4918,#4919);
#3345=LINE('',#4921,#4922);
#3346=VERTEX_POINT('',#4924);
#3347=LINE('',#4925,#4926);
#3348=LINE('',#4928,#4929);
#3349=VERTEX_POINT('',#4931);
#3350=LINE('',#4932,#4933);
#3351=LINE('',#4935,#4936);
#3352=VERTEX_POINT('',#4938);
#3353=LINE('',#4939,#4940);
#3354=LINE('',#4942,#4943);
#3355=VERTEX_POINT('',#4945);
#3356=LINE('',#4946,#4947);
#3357=LINE('',#4949,#4950);
#3358=VERTEX_POINT('',#4952);
#3359=LINE('',#4953,#4954);
#3360=LINE('',#4956,#4957);
#3361=VERTEX_POINT('',#4959);
#3362=LINE('',#4960,#4961);
#3363=LINE('',#4963,#4964);
#3364=VERTEX_POINT('',#4966);
#3365=LINE('',#4967,#4968);
#3366=LINE('',#4970,#4971);
#3367=VERTEX_POINT('',#4973);
#3368=LINE('',#4974,#4975);
#3369=LINE('',#4977,#4978);
#3370=VERTEX_POINT('',#4980);
#3371=LINE('',#4981,#4982);
#3372=LINE('',#4984,#4985);
#3373=VERTEX_POINT('',#4987);
#3374=LINE('',#4988,#4989);
#3375=LINE('',#4991,#4992);
#3376=VERTEX_POINT('',#4994);
#3377=LINE('',#4995,#4996);
#3378=LINE('',#4998,#4999);
#3379=VERTEX_POINT('',#5001);
#3380=LINE('',#5002,#5003);
#3381=LINE('',#5005,#5006);
#3382=LINE('',#5008,#5009);
#3383=VERTEX_POINT('',#5011);
#3384=LINE('',#5012,#5013);
#3385=LINE('',#5015,#5016);
#3386=VERTEX_POINT('',#5018);
#3387=LINE('',#5019,#5020);
#3388=LINE('',#5022,#5023);
#3389=VERTEX_POINT('',#5025);
#3390=CIRCLE('',#5026,1.5);
#3391=VERTEX_POINT('',#5030);
#3392=CIRCLE('',#5031,1.5);
#3393=VERTEX_POINT('',#5035);
#3394=CIRCLE('',#5036,1.5);
#3395=VERTEX_POINT('',#5040);
#3396=LINE('',#5041,#5042);
#3397=LINE('',#5044,#5045);
#3398=VERTEX_POINT('',#5047);
#3399=LINE('',#5048,#5049);
#3400=LINE('',#5051,#5052);
#3401=VERTEX_POINT('',#5054);
#3402=CIRCLE('',#5055,1.5);
#3403=LINE('',#5059,#5060);
#3404=LINE('',#5062,#5063);
#3405=CARTESIAN_POINT('',(-20.8,-27.565,10.));
#3406=CARTESIAN_POINT('',(-15.8,-27.565,10.));
#3407=CARTESIAN_POINT('',(-15.8,-27.565,10.));
#3408=VECTOR('',#3409,1.);
#3409=DIRECTION('',(-1.,0.,0.));
#3410=CARTESIAN_POINT('',(-15.8,-36.3,10.));
#3411=CARTESIAN_POINT('',(-15.8,-36.3,10.));
#3412=VECTOR('',#3413,1.);
#3413=DIRECTION('',(0.,1.,0.));
#3414=CARTESIAN_POINT('',(-14.8,-36.3,10.));
#3415=CARTESIAN_POINT('',(-15.8,-36.3,10.));
#3416=VECTOR('',#3417,1.);
#3417=DIRECTION('',(1.,0.,0.));
#3418=CARTESIAN_POINT('',(-14.8,-27.565,10.));
#3419=CARTESIAN_POINT('',(-14.8,-27.565,10.));
#3420=VECTOR('',#3421,1.);
#3421=DIRECTION('',(0.,-1.,0.));
#3422=CARTESIAN_POINT('',(-9.80000000000001,-27.565,10.));
#3423=CARTESIAN_POINT('',(-9.80000000000001,-27.565,10.));
#3424=VECTOR('',#3425,1.);
#3425=DIRECTION('',(-1.,0.,0.));
#3426=CARTESIAN_POINT('',(-9.8,-36.3,10.));
#3427=CARTESIAN_POINT('',(-9.80000000000001,-36.3,10.));
#3428=VECTOR('',#3429,1.);
#3429=DIRECTION('',(0.,1.,0.));
#3430=CARTESIAN_POINT('',(-8.80000000000001,-36.3,10.));
#3431=CARTESIAN_POINT('',(-9.8,-36.3,10.));
#3432=VECTOR('',#3433,1.);
#3433=DIRECTION('',(1.,0.,0.));
#3434=CARTESIAN_POINT('',(-8.80000000000001,-27.565,10.));
#3435=CARTESIAN_POINT('',(-8.80000000000001,-27.565,10.));
#3436=VECTOR('',#3437,1.);
#3437=DIRECTION('',(0.,-1.,0.));
#3438=CARTESIAN_POINT('',(-3.80000000000001,-27.565,10.));
#3439=CARTESIAN_POINT('',(-3.80000000000001,-27.565,10.));
#3440=VECTOR('',#3441,1.);
#3441=DIRECTION('',(-1.,0.,0.));
#3442=CARTESIAN_POINT('',(-3.80000000000001,-36.3,10.));
#3443=CARTESIAN_POINT('',(-3.80000000000001,-36.3,10.));
#3444=VECTOR('',#3445,1.);
#3445=DIRECTION('',(0.,1.,0.));
#3446=CARTESIAN_POINT('',(-2.80000000000001,-36.3,10.));
#3447=CARTESIAN_POINT('',(-3.80000000000001,-36.3,10.));
#3448=VECTOR('',#3449,1.);
#3449=DIRECTION('',(1.,0.,0.));
#3450=CARTESIAN_POINT('',(-2.80000000000001,-27.565,10.));
#3451=CARTESIAN_POINT('',(-2.80000000000001,-27.565,10.));
#3452=VECTOR('',#3453,1.);
#3453=DIRECTION('',(0.,-1.,0.));
#3454=CARTESIAN_POINT('',(2.19999999999999,-27.565,10.));
#3455=CARTESIAN_POINT('',(2.19999999999999,-27.565,10.));
#3456=VECTOR('',#3457,1.);
#3457=DIRECTION('',(-1.,0.,0.));
#3458=CARTESIAN_POINT('',(2.19999999999999,-36.3,10.));
#3459=CARTESIAN_POINT('',(2.19999999999999,-36.3,10.));
#3460=VECTOR('',#3461,1.);
#3461=DIRECTION('',(0.,1.,0.));
#3462=CARTESIAN_POINT('',(30.8857864376269,-36.3,10.));
#3463=CARTESIAN_POINT('',(2.19999999999999,-36.3,10.));
#3464=VECTOR('',#3465,1.);
#3465=DIRECTION('',(1.,-2.47698537847332E-16,0.));
#3466=CARTESIAN_POINT('',(31.3,-35.8857864376269,10.));
#3467=CARTESIAN_POINT('',(30.8857864376269,-36.3,10.));
#3468=VECTOR('',#3469,1.);
#3469=DIRECTION('',(0.707106781186535,0.70710678118656,0.));
#3470=CARTESIAN_POINT('',(31.3,35.8857864376269,10.));
#3471=CARTESIAN_POINT('',(31.3,-35.8857864376269,10.));
#3472=VECTOR('',#3473,1.);
#3473=DIRECTION('',(1.98001160430215E-16,1.,0.));
#3474=CARTESIAN_POINT('',(30.8857864376269,36.3,10.));
#3475=CARTESIAN_POINT('',(31.3,35.8857864376269,10.));
#3476=VECTOR('',#3477,1.);
#3477=DIRECTION('',(-0.707106781186557,0.707106781186538,0.));
#3478=CARTESIAN_POINT('',(-30.8857864376269,36.3,10.));
#3479=CARTESIAN_POINT('',(30.8857864376269,36.3,10.));
#3480=VECTOR('',#3481,1.);
#3481=DIRECTION('',(-1.,3.45082391148607E-16,0.));
#3482=CARTESIAN_POINT('',(-31.3,35.8857864376269,10.));
#3483=CARTESIAN_POINT('',(-30.8857864376269,36.3,10.));
#3484=VECTOR('',#3485,1.);
#3485=DIRECTION('',(-0.707106781186542,-0.707106781186554,0.));
#3486=CARTESIAN_POINT('',(-31.3,-35.8857864376269,10.));
#3487=CARTESIAN_POINT('',(-31.3,35.8857864376269,10.));
#3488=VECTOR('',#3489,1.);
#3489=DIRECTION('',(-1.48500870322661E-16,-1.,0.));
#3490=CARTESIAN_POINT('',(-30.8857864376269,-36.3,10.));
#3491=CARTESIAN_POINT('',(-31.3,-35.8857864376269,10.));
#3492=VECTOR('',#3493,1.);
#3493=DIRECTION('',(0.707106781186553,-0.707106781186541,0.));
#3494=CARTESIAN_POINT('',(-20.8,-36.3,10.));
#3495=CARTESIAN_POINT('',(-30.8857864376269,-36.3,10.));
#3496=VECTOR('',#3497,1.);
#3497=DIRECTION('',(1.,-7.04499089044051E-16,0.));
#3498=CARTESIAN_POINT('',(-20.8,-27.565,10.));
#3499=VECTOR('',#3500,1.);
#3500=DIRECTION('',(0.,-1.,0.));
#3501=CARTESIAN_POINT('',(28.65,-9.65,10.));
#3502=CARTESIAN_POINT('',(1.65,-9.65,10.));
#3503=CARTESIAN_POINT('',(1.65,-9.65,10.));
#3504=VECTOR('',#3505,1.);
#3505=DIRECTION('',(1.,1.31581988103722E-16,0.));
#3506=CARTESIAN_POINT('',(1.65,9.65,10.));
#3507=CARTESIAN_POINT('',(1.65,9.65,10.));
#3508=VECTOR('',#3509,1.);
#3509=DIRECTION('',(1.26553919905458E-16,-1.,0.));
#3510=CARTESIAN_POINT('',(28.65,9.65,10.));
#3511=CARTESIAN_POINT('',(28.65,9.65,10.));
#3512=VECTOR('',#3513,1.);
#3513=DIRECTION('',(-1.,-1.31581988103722E-16,0.));
#3514=CARTESIAN_POINT('',(28.65,-9.65,10.));
#3515=VECTOR('',#3516,1.);
#3516=DIRECTION('',(0.,1.,0.));
#3517=CARTESIAN_POINT('',(-2.1796225837717,15.65,10.));
#3518=CARTESIAN_POINT('',(-2.17962258377171,13.65,10.));
#3519=AXIS2_PLACEMENT_3D('',#3520,#3521,#3522);
#3520=CARTESIAN_POINT('',(-2.1796225837717,14.65,10.));
#3521=DIRECTION('',(0.,0.,1.));
#3522=DIRECTION('',(0.,-1.,0.));
#3523=CARTESIAN_POINT('',(-25.1796225837717,13.65,10.));
#3524=CARTESIAN_POINT('',(-25.1796225837717,13.65,10.));
#3525=VECTOR('',#3526,1.);
#3526=DIRECTION('',(1.,0.,0.));
#3527=CARTESIAN_POINT('',(-25.1796225837717,15.65,10.));
#3528=AXIS2_PLACEMENT_3D('',#3529,#3530,#3531);
#3529=CARTESIAN_POINT('',(-25.1796225837717,14.65,10.));
#3530=DIRECTION('',(0.,0.,1.));
#3531=DIRECTION('',(0.,1.,0.));
#3532=CARTESIAN_POINT('',(-2.1796225837717,15.65,10.));
#3533=VECTOR('',#3534,1.);
#3534=DIRECTION('',(-1.,-7.72329060608805E-17,0.));
#3535=CARTESIAN_POINT('',(-2.1796225837717,10.65,10.));
#3536=CARTESIAN_POINT('',(-2.17962258377171,8.65000000000001,10.));
#3537=AXIS2_PLACEMENT_3D('',#3538,#3539,#3540);
#3538=CARTESIAN_POINT('',(-2.1796225837717,9.65000000000001,10.));
#3539=DIRECTION('',(0.,0.,1.));
#3540=DIRECTION('',(0.,-1.,0.));
#3541=CARTESIAN_POINT('',(-25.1796225837717,8.65000000000001,10.));
#3542=CARTESIAN_POINT('',(-25.1796225837717,8.65000000000001,10.));
#3543=VECTOR('',#3544,1.);
#3544=DIRECTION('',(1.,0.,0.));
#3545=CARTESIAN_POINT('',(-25.1796225837717,10.65,10.));
#3546=AXIS2_PLACEMENT_3D('',#3547,#3548,#3549);
#3547=CARTESIAN_POINT('',(-25.1796225837717,9.65000000000001,10.));
#3548=DIRECTION('',(0.,0.,1.));
#3549=DIRECTION('',(0.,1.,0.));
#3550=CARTESIAN_POINT('',(-2.1796225837717,10.65,10.));
#3551=VECTOR('',#3552,1.);
#3552=DIRECTION('',(-1.,-7.72329060608805E-17,0.));
#3553=CARTESIAN_POINT('',(-2.1796225837717,-4.34999999999999,10.));
#3554=CARTESIAN_POINT('',(-2.1796225837717,-6.34999999999999,10.));
#3555=AXIS2_PLACEMENT_3D('',#3556,#3557,#3558);
#3556=CARTESIAN_POINT('',(-2.1796225837717,-5.34999999999999,10.));
#3557=DIRECTION('',(0.,0.,1.));
#3558=DIRECTION('',(0.,-1.,0.));
#3559=CARTESIAN_POINT('',(-25.1796225837717,-6.34999999999999,10.));
#3560=CARTESIAN_POINT('',(-25.1796225837717,-6.34999999999999,10.));
#3561=VECTOR('',#3562,1.);
#3562=DIRECTION('',(1.,7.72329060608804E-17,0.));
#3563=CARTESIAN_POINT('',(-25.1796225837717,-4.34999999999999,10.));
#3564=AXIS2_PLACEMENT_3D('',#3565,#3566,#3567);
#3565=CARTESIAN_POINT('',(-25.1796225837717,-5.34999999999999,10.));
#3566=DIRECTION('',(0.,0.,1.));
#3567=DIRECTION('',(0.,1.,0.));
#3568=CARTESIAN_POINT('',(-2.1796225837717,-4.34999999999999,10.));
#3569=VECTOR('',#3570,1.);
#3570=DIRECTION('',(-1.,-7.72329060608805E-17,0.));
#3571=CARTESIAN_POINT('',(-2.1796225837717,0.650000000000009,10.));
#3572=CARTESIAN_POINT('',(-2.1796225837717,-1.34999999999999,10.));
#3573=AXIS2_PLACEMENT_3D('',#3574,#3575,#3576);
#3574=CARTESIAN_POINT('',(-2.1796225837717,-0.349999999999991,10.));
#3575=DIRECTION('',(0.,0.,1.));
#3576=DIRECTION('',(0.,-1.,0.));
#3577=CARTESIAN_POINT('',(-25.1796225837717,-1.34999999999999,10.));
#3578=CARTESIAN_POINT('',(-25.1796225837717,-1.34999999999999,10.));
#3579=VECTOR('',#3580,1.);
#3580=DIRECTION('',(1.,4.82705662880503E-17,0.));
#3581=CARTESIAN_POINT('',(-25.1796225837717,0.650000000000008,10.));
#3582=AXIS2_PLACEMENT_3D('',#3583,#3584,#3585);
#3583=CARTESIAN_POINT('',(-25.1796225837717,-0.349999999999992,10.));
#3584=DIRECTION('',(0.,0.,1.));
#3585=DIRECTION('',(0.,1.,0.));
#3586=CARTESIAN_POINT('',(-2.1796225837717,0.650000000000009,10.));
#3587=VECTOR('',#3588,1.);
#3588=DIRECTION('',(-1.,-6.27517361744654E-17,0.));
#3589=CARTESIAN_POINT('',(-2.1796225837717,5.65000000000001,10.));
#3590=CARTESIAN_POINT('',(-2.17962258377171,3.65000000000001,10.));
#3591=AXIS2_PLACEMENT_3D('',#3592,#3593,#3594);
#3592=CARTESIAN_POINT('',(-2.1796225837717,4.65000000000001,10.));
#3593=DIRECTION('',(0.,0.,1.));
#3594=DIRECTION('',(0.,-1.,0.));
#3595=CARTESIAN_POINT('',(-25.1796225837717,3.65000000000001,10.));
#3596=CARTESIAN_POINT('',(-25.1796225837717,3.65000000000001,10.));
#3597=VECTOR('',#3598,1.);
#3598=DIRECTION('',(1.,5.79246795456603E-17,0.));
#3599=CARTESIAN_POINT('',(-25.1796225837717,5.65000000000001,10.));
#3600=AXIS2_PLACEMENT_3D('',#3601,#3602,#3603);
#3601=CARTESIAN_POINT('',(-25.1796225837717,4.65000000000001,10.));
#3602=DIRECTION('',(0.,0.,1.));
#3603=DIRECTION('',(0.,1.,0.));
#3604=CARTESIAN_POINT('',(-2.1796225837717,5.65000000000001,10.));
#3605=VECTOR('',#3606,1.);
#3606=DIRECTION('',(-1.,-7.72329060608805E-17,0.));
#3607=CARTESIAN_POINT('',(12.3,16.825,9.));
#3608=CARTESIAN_POINT('',(12.3,29.825,9.));
#3609=CARTESIAN_POINT('',(12.3,16.825,9.));
#3610=VECTOR('',#3611,1.);
#3611=DIRECTION('',(-1.36642833800019E-16,1.,0.));
#3612=CARTESIAN_POINT('',(30.3,29.825,9.));
#3613=CARTESIAN_POINT('',(12.3,29.825,9.));
#3614=VECTOR('',#3615,1.);
#3615=DIRECTION('',(1.,1.97372982155583E-16,0.));
#3616=CARTESIAN_POINT('',(30.3,-16.825,9.));
#3617=CARTESIAN_POINT('',(30.3,29.825,9.));
#3618=VECTOR('',#3619,1.);
#3619=DIRECTION('',(1.52313555361222E-16,-1.,0.));
#3620=CARTESIAN_POINT('',(-0.252678571428571,-16.825,9.));
#3621=CARTESIAN_POINT('',(30.3,-16.825,9.));
#3622=VECTOR('',#3623,1.);
#3623=DIRECTION('',(-1.,-1.1628157807816E-16,0.));
#3624=CARTESIAN_POINT('',(-0.252678571428574,16.825,9.));
#3625=CARTESIAN_POINT('',(-0.252678571428571,-16.825,9.));
#3626=VECTOR('',#3627,1.);
#3627=DIRECTION('',(-8.08334743040604E-17,1.,0.));
#3628=CARTESIAN_POINT('',(-0.252678571428574,16.825,9.));
#3629=VECTOR('',#3630,1.);
#3630=DIRECTION('',(1.,-5.66048697667908E-16,0.));
#3631=CARTESIAN_POINT('',(1.65,-9.65,9.));
#3632=CARTESIAN_POINT('',(28.65,-9.65,9.));
#3633=CARTESIAN_POINT('',(28.65,-9.65,9.));
#3634=VECTOR('',#3635,1.);
#3635=DIRECTION('',(-1.,-1.31581988103722E-16,0.));
#3636=CARTESIAN_POINT('',(28.65,9.65,9.));
#3637=CARTESIAN_POINT('',(28.65,9.65,9.));
#3638=VECTOR('',#3639,1.);
#3639=DIRECTION('',(0.,-1.,0.));
#3640=CARTESIAN_POINT('',(1.65,9.65,9.));
#3641=CARTESIAN_POINT('',(1.65,9.65,9.));
#3642=VECTOR('',#3643,1.);
#3643=DIRECTION('',(1.,1.31581988103722E-16,0.));
#3644=CARTESIAN_POINT('',(1.65,-9.65,9.));
#3645=VECTOR('',#3646,1.);
#3646=DIRECTION('',(-1.26553919905458E-16,1.,0.));
#3647=CARTESIAN_POINT('',(28.65,-9.65,10.));
#3648=VECTOR('',#3649,1.);
#3649=DIRECTION('',(0.,0.,-1.));
#3650=CARTESIAN_POINT('',(28.65,9.65,10.));
#3651=VECTOR('',#3652,1.);
#3652=DIRECTION('',(0.,0.,-1.));
#3653=CARTESIAN_POINT('',(1.65,9.65,10.));
#3654=VECTOR('',#3655,1.);
#3655=DIRECTION('',(0.,0.,-1.));
#3656=CARTESIAN_POINT('',(1.65,-9.65,10.));
#3657=VECTOR('',#3658,1.);
#3658=DIRECTION('',(0.,0.,-1.));
#3659=CARTESIAN_POINT('',(-20.8,-27.565,9.));
#3660=CARTESIAN_POINT('',(-20.8,-27.565,9.));
#3661=VECTOR('',#3662,1.);
#3662=DIRECTION('',(0.,0.,1.));
#3663=CARTESIAN_POINT('',(-15.8,-27.565,9.));
#3664=CARTESIAN_POINT('',(-15.8,-27.565,9.));
#3665=VECTOR('',#3666,1.);
#3666=DIRECTION('',(-1.,0.,0.));
#3667=CARTESIAN_POINT('',(-15.8,-27.565,9.));
#3668=VECTOR('',#3669,1.);
#3669=DIRECTION('',(0.,0.,1.));
#3670=CARTESIAN_POINT('',(-15.8,-37.3,9.));
#3671=CARTESIAN_POINT('',(-15.8,-37.3000000000001,9.));
#3672=VECTOR('',#3673,1.);
#3673=DIRECTION('',(0.,1.,0.));
#3674=CARTESIAN_POINT('',(-15.8,-37.3,9.));
#3675=VECTOR('',#3676,1.);
#3676=DIRECTION('',(0.,0.707106781186549,0.707106781186546));
#3677=CARTESIAN_POINT('',(-14.8,-37.3,9.));
#3678=CARTESIAN_POINT('',(-15.8,-37.3,9.));
#3679=VECTOR('',#3680,1.);
#3680=DIRECTION('',(1.,0.,0.));
#3681=CARTESIAN_POINT('',(-14.8,-36.3,10.));
#3682=VECTOR('',#3683,1.);
#3683=DIRECTION('',(0.,-0.707106781186549,-0.707106781186546));
#3684=CARTESIAN_POINT('',(-14.8,-27.565,9.));
#3685=CARTESIAN_POINT('',(-14.8,-27.565,9.));
#3686=VECTOR('',#3687,1.);
#3687=DIRECTION('',(0.,-1.,0.));
#3688=CARTESIAN_POINT('',(-14.8,-27.565,9.));
#3689=VECTOR('',#3690,1.);
#3690=DIRECTION('',(0.,0.,1.));
#3691=CARTESIAN_POINT('',(-9.80000000000001,-27.565,9.));
#3692=CARTESIAN_POINT('',(-9.80000000000001,-27.565,9.));
#3693=VECTOR('',#3694,1.);
#3694=DIRECTION('',(-1.,0.,0.));
#3695=CARTESIAN_POINT('',(-9.80000000000001,-27.565,9.));
#3696=VECTOR('',#3697,1.);
#3697=DIRECTION('',(0.,0.,1.));
#3698=CARTESIAN_POINT('',(-9.80000000000001,-37.3,9.));
#3699=CARTESIAN_POINT('',(-9.80000000000001,-37.3000000000001,9.));
#3700=VECTOR('',#3701,1.);
#3701=DIRECTION('',(0.,1.,0.));
#3702=CARTESIAN_POINT('',(-9.80000000000001,-37.3,9.));
#3703=VECTOR('',#3704,1.);
#3704=DIRECTION('',(0.,0.707106781186549,0.707106781186546));
#3705=CARTESIAN_POINT('',(-8.80000000000001,-37.3,9.));
#3706=CARTESIAN_POINT('',(-9.80000000000001,-37.3,9.));
#3707=VECTOR('',#3708,1.);
#3708=DIRECTION('',(1.,0.,0.));
#3709=CARTESIAN_POINT('',(-8.80000000000001,-36.3,10.));
#3710=VECTOR('',#3711,1.);
#3711=DIRECTION('',(0.,-0.707106781186549,-0.707106781186546));
#3712=CARTESIAN_POINT('',(-8.80000000000001,-27.565,9.));
#3713=CARTESIAN_POINT('',(-8.80000000000001,-27.565,9.));
#3714=VECTOR('',#3715,1.);
#3715=DIRECTION('',(0.,-1.,0.));
#3716=CARTESIAN_POINT('',(-8.80000000000001,-27.565,9.));
#3717=VECTOR('',#3718,1.);
#3718=DIRECTION('',(0.,0.,1.));
#3719=CARTESIAN_POINT('',(-3.80000000000001,-27.565,9.));
#3720=CARTESIAN_POINT('',(-3.80000000000001,-27.565,9.));
#3721=VECTOR('',#3722,1.);
#3722=DIRECTION('',(-1.,0.,0.));
#3723=CARTESIAN_POINT('',(-3.80000000000001,-27.565,9.));
#3724=VECTOR('',#3725,1.);
#3725=DIRECTION('',(0.,0.,1.));
#3726=CARTESIAN_POINT('',(-3.80000000000001,-37.3,9.));
#3727=CARTESIAN_POINT('',(-3.80000000000001,-37.3000000000001,9.));
#3728=VECTOR('',#3729,1.);
#3729=DIRECTION('',(0.,1.,0.));
#3730=CARTESIAN_POINT('',(-3.80000000000001,-37.3,9.));
#3731=VECTOR('',#3732,1.);
#3732=DIRECTION('',(0.,0.707106781186549,0.707106781186546));
#3733=CARTESIAN_POINT('',(-2.80000000000001,-37.3,9.));
#3734=CARTESIAN_POINT('',(-3.80000000000001,-37.3,9.));
#3735=VECTOR('',#3736,1.);
#3736=DIRECTION('',(1.,0.,0.));
#3737=CARTESIAN_POINT('',(-2.80000000000001,-36.3,10.));
#3738=VECTOR('',#3739,1.);
#3739=DIRECTION('',(0.,-0.707106781186549,-0.707106781186546));
#3740=CARTESIAN_POINT('',(-2.80000000000001,-27.565,9.));
#3741=CARTESIAN_POINT('',(-2.80000000000001,-27.565,9.));
#3742=VECTOR('',#3743,1.);
#3743=DIRECTION('',(0.,-1.,0.));
#3744=CARTESIAN_POINT('',(-2.80000000000001,-27.565,9.));
#3745=VECTOR('',#3746,1.);
#3746=DIRECTION('',(0.,0.,1.));
#3747=CARTESIAN_POINT('',(2.19999999999999,-27.565,9.));
#3748=CARTESIAN_POINT('',(2.19999999999999,-27.565,9.));
#3749=VECTOR('',#3750,1.);
#3750=DIRECTION('',(-1.,0.,0.));
#3751=CARTESIAN_POINT('',(2.19999999999999,-27.565,9.));
#3752=VECTOR('',#3753,1.);
#3753=DIRECTION('',(0.,0.,1.));
#3754=CARTESIAN_POINT('',(2.19999999999999,-37.3,9.));
#3755=CARTESIAN_POINT('',(2.19999999999999,-37.3000000000001,9.));
#3756=VECTOR('',#3757,1.);
#3757=DIRECTION('',(0.,1.,0.));
#3758=CARTESIAN_POINT('',(2.19999999999999,-37.3,9.));
#3759=VECTOR('',#3760,1.);
#3760=DIRECTION('',(0.,0.707106781186549,0.707106781186546));
#3761=CARTESIAN_POINT('',(31.3,-37.3,9.));
#3762=CARTESIAN_POINT('',(2.19999999999999,-37.3,9.));
#3763=VECTOR('',#3764,1.);
#3764=DIRECTION('',(1.,-2.44172761429588E-16,0.));
#3765=CARTESIAN_POINT('',(31.3,-37.3,9.));
#3766=VECTOR('',#3767,1.);
#3767=DIRECTION('',(-0.281084637714823,0.678598344545842,0.678598344545851));
#3768=CARTESIAN_POINT('',(32.3,-36.3,9.));
#3769=CARTESIAN_POINT('',(31.3,-37.3,9.));
#3770=VECTOR('',#3771,1.);
#3771=DIRECTION('',(0.707106781186544,0.707106781186551,0.));
#3772=CARTESIAN_POINT('',(32.3,-36.3,9.));
#3773=VECTOR('',#3774,1.);
#3774=DIRECTION('',(-0.678598344545848,0.281084637714817,0.678598344545847));
#3775=CARTESIAN_POINT('',(32.3,36.3,9.));
#3776=CARTESIAN_POINT('',(32.3,-36.3,9.));
#3777=VECTOR('',#3778,1.);
#3778=DIRECTION('',(1.95741800484876E-16,1.,0.));
#3779=CARTESIAN_POINT('',(32.3,36.3,9.));
#3780=VECTOR('',#3781,1.);
#3781=DIRECTION('',(-0.678598344545844,-0.281084637714837,0.678598344545844));
#3782=CARTESIAN_POINT('',(31.3,37.3,9.));
#3783=CARTESIAN_POINT('',(32.3,36.3,9.));
#3784=VECTOR('',#3785,1.);
#3785=DIRECTION('',(-0.707106781186558,0.707106781186537,0.));
#3786=CARTESIAN_POINT('',(31.3,37.3,9.));
#3787=VECTOR('',#3788,1.);
#3788=DIRECTION('',(-0.281084637714819,-0.678598344545849,0.678598344545845));
#3789=CARTESIAN_POINT('',(-31.3,37.3,9.));
#3790=CARTESIAN_POINT('',(31.3,37.3,9.));
#3791=VECTOR('',#3792,1.);
#3792=DIRECTION('',(-1.,2.27010458709297E-16,0.));
#3793=CARTESIAN_POINT('',(-31.3,37.3,9.));
#3794=VECTOR('',#3795,1.);
#3795=DIRECTION('',(0.281084637714823,-0.678598344545842,0.678598344545851));
#3796=CARTESIAN_POINT('',(-32.3,36.3,9.));
#3797=CARTESIAN_POINT('',(-31.3,37.3,9.));
#3798=VECTOR('',#3799,1.);
#3799=DIRECTION('',(-0.707106781186544,-0.707106781186551,0.));
#3800=CARTESIAN_POINT('',(-32.3,36.3,9.));
#3801=VECTOR('',#3802,1.);
#3802=DIRECTION('',(0.678598344545843,-0.281084637714826,0.678598344545848));
#3803=CARTESIAN_POINT('',(-32.3,-36.3,9.));
#3804=CARTESIAN_POINT('',(-32.3,36.3,9.));
#3805=VECTOR('',#3806,1.);
#3806=DIRECTION('',(-1.95741800484876E-16,-1.,0.));
#3807=CARTESIAN_POINT('',(-32.3,-36.3,9.));
#3808=VECTOR('',#3809,1.);
#3809=DIRECTION('',(0.678598344545849,0.281084637714814,0.678598344545848));
#3810=CARTESIAN_POINT('',(-31.3,-37.3,9.));
#3811=CARTESIAN_POINT('',(-32.3,-36.3,9.));
#3812=VECTOR('',#3813,1.);
#3813=DIRECTION('',(0.70710678118655,-0.707106781186545,0.));
#3814=CARTESIAN_POINT('',(-31.3,-37.3,9.));
#3815=VECTOR('',#3816,1.);
#3816=DIRECTION('',(0.281084637714809,0.678598344545853,0.678598344545846));
#3817=CARTESIAN_POINT('',(-20.8,-37.3,9.));
#3818=CARTESIAN_POINT('',(-20.8,-36.3,10.));
#3819=VECTOR('',#3820,1.);
#3820=DIRECTION('',(0.,-0.707106781186549,-0.707106781186546));
#3821=CARTESIAN_POINT('',(-31.3,-37.3,9.));
#3822=VECTOR('',#3823,1.);
#3823=DIRECTION('',(1.,0.,0.));
#3824=CARTESIAN_POINT('',(-20.8,-27.565,9.));
#3825=VECTOR('',#3826,1.);
#3826=DIRECTION('',(0.,-1.,0.));
#3827=CARTESIAN_POINT('',(-2.1796225837717,15.65,8.));
#3828=CARTESIAN_POINT('',(-2.1796225837717,15.65,8.));
#3829=VECTOR('',#3830,1.);
#3830=DIRECTION('',(0.,0.,1.));
#3831=CARTESIAN_POINT('',(-2.17962258377171,13.65,8.));
#3832=AXIS2_PLACEMENT_3D('',#3833,#3834,#3835);
#3833=CARTESIAN_POINT('',(-2.1796225837717,14.65,8.));
#3834=DIRECTION('',(0.,0.,1.));
#3835=DIRECTION('',(0.,-1.,0.));
#3836=CARTESIAN_POINT('',(-2.17962258377171,13.65,8.));
#3837=VECTOR('',#3838,1.);
#3838=DIRECTION('',(8.88178419700125E-16,0.,1.));
#3839=CARTESIAN_POINT('',(-25.1796225837717,13.65,8.));
#3840=CARTESIAN_POINT('',(-25.1796225837717,13.65,8.));
#3841=VECTOR('',#3842,1.);
#3842=DIRECTION('',(1.,0.,0.));
#3843=CARTESIAN_POINT('',(-25.1796225837717,13.65,8.));
#3844=VECTOR('',#3845,1.);
#3845=DIRECTION('',(0.,0.,1.));
#3846=CARTESIAN_POINT('',(-25.1796225837717,15.65,8.));
#3847=AXIS2_PLACEMENT_3D('',#3848,#3849,#3850);
#3848=CARTESIAN_POINT('',(-25.1796225837717,14.65,8.));
#3849=DIRECTION('',(0.,0.,1.));
#3850=DIRECTION('',(0.,1.,0.));
#3851=CARTESIAN_POINT('',(-25.1796225837717,15.65,8.));
#3852=VECTOR('',#3853,1.);
#3853=DIRECTION('',(0.,0.,1.));
#3854=CARTESIAN_POINT('',(-2.1796225837717,15.65,8.));
#3855=VECTOR('',#3856,1.);
#3856=DIRECTION('',(-1.,-7.72329060608805E-17,0.));
#3857=CARTESIAN_POINT('',(-2.1796225837717,10.65,8.));
#3858=CARTESIAN_POINT('',(-2.1796225837717,10.65,8.));
#3859=VECTOR('',#3860,1.);
#3860=DIRECTION('',(0.,0.,1.));
#3861=CARTESIAN_POINT('',(-2.17962258377171,8.65000000000001,8.));
#3862=AXIS2_PLACEMENT_3D('',#3863,#3864,#3865);
#3863=CARTESIAN_POINT('',(-2.1796225837717,9.65000000000001,8.));
#3864=DIRECTION('',(0.,0.,1.));
#3865=DIRECTION('',(0.,-1.,0.));
#3866=CARTESIAN_POINT('',(-2.17962258377171,8.65000000000001,8.));
#3867=VECTOR('',#3868,1.);
#3868=DIRECTION('',(8.88178419700125E-16,0.,1.));
#3869=CARTESIAN_POINT('',(-25.1796225837717,8.65000000000001,8.));
#3870=CARTESIAN_POINT('',(-25.1796225837717,8.65000000000001,8.));
#3871=VECTOR('',#3872,1.);
#3872=DIRECTION('',(1.,0.,0.));
#3873=CARTESIAN_POINT('',(-25.1796225837717,8.65000000000001,8.));
#3874=VECTOR('',#3875,1.);
#3875=DIRECTION('',(0.,0.,1.));
#3876=CARTESIAN_POINT('',(-25.1796225837717,10.65,8.));
#3877=AXIS2_PLACEMENT_3D('',#3878,#3879,#3880);
#3878=CARTESIAN_POINT('',(-25.1796225837717,9.65000000000001,8.));
#3879=DIRECTION('',(0.,0.,1.));
#3880=DIRECTION('',(0.,1.,0.));
#3881=CARTESIAN_POINT('',(-25.1796225837717,10.65,8.));
#3882=VECTOR('',#3883,1.);
#3883=DIRECTION('',(0.,0.,1.));
#3884=CARTESIAN_POINT('',(-2.1796225837717,10.65,8.));
#3885=VECTOR('',#3886,1.);
#3886=DIRECTION('',(-1.,-7.72329060608805E-17,0.));
#3887=CARTESIAN_POINT('',(-2.1796225837717,-4.34999999999999,8.));
#3888=CARTESIAN_POINT('',(-2.1796225837717,-4.34999999999999,8.));
#3889=VECTOR('',#3890,1.);
#3890=DIRECTION('',(0.,0.,1.));
#3891=CARTESIAN_POINT('',(-2.17962258377171,-6.34999999999999,8.));
#3892=AXIS2_PLACEMENT_3D('',#3893,#3894,#3895);
#3893=CARTESIAN_POINT('',(-2.1796225837717,-5.34999999999999,8.));
#3894=DIRECTION('',(0.,0.,1.));
#3895=DIRECTION('',(0.,-1.,0.));
#3896=CARTESIAN_POINT('',(-2.17962258377171,-6.34999999999999,8.));
#3897=VECTOR('',#3898,1.);
#3898=DIRECTION('',(8.88178419700125E-16,0.,1.));
#3899=CARTESIAN_POINT('',(-25.1796225837717,-6.34999999999999,8.));
#3900=CARTESIAN_POINT('',(-25.1796225837717,-6.34999999999999,8.));
#3901=VECTOR('',#3902,1.);
#3902=DIRECTION('',(1.,7.72329060608804E-17,0.));
#3903=CARTESIAN_POINT('',(-25.1796225837717,-6.34999999999999,8.));
#3904=VECTOR('',#3905,1.);
#3905=DIRECTION('',(0.,0.,1.));
#3906=CARTESIAN_POINT('',(-25.1796225837717,-4.34999999999999,8.));
#3907=AXIS2_PLACEMENT_3D('',#3908,#3909,#3910);
#3908=CARTESIAN_POINT('',(-25.1796225837717,-5.34999999999999,8.));
#3909=DIRECTION('',(0.,0.,1.));
#3910=DIRECTION('',(0.,1.,0.));
#3911=CARTESIAN_POINT('',(-25.1796225837717,-4.34999999999999,8.));
#3912=VECTOR('',#3913,1.);
#3913=DIRECTION('',(0.,0.,1.));
#3914=CARTESIAN_POINT('',(-2.1796225837717,-4.34999999999999,8.));
#3915=VECTOR('',#3916,1.);
#3916=DIRECTION('',(-1.,-7.72329060608805E-17,0.));
#3917=CARTESIAN_POINT('',(-2.1796225837717,0.650000000000009,8.));
#3918=CARTESIAN_POINT('',(-2.1796225837717,0.650000000000009,8.));
#3919=VECTOR('',#3920,1.);
#3920=DIRECTION('',(0.,0.,1.));
#3921=CARTESIAN_POINT('',(-2.17962258377171,-1.34999999999999,8.));
#3922=AXIS2_PLACEMENT_3D('',#3923,#3924,#3925);
#3923=CARTESIAN_POINT('',(-2.1796225837717,-0.349999999999991,8.));
#3924=DIRECTION('',(0.,0.,1.));
#3925=DIRECTION('',(0.,-1.,0.));
#3926=CARTESIAN_POINT('',(-2.17962258377171,-1.34999999999999,8.));
#3927=VECTOR('',#3928,1.);
#3928=DIRECTION('',(8.88178419700125E-16,0.,1.));
#3929=CARTESIAN_POINT('',(-25.1796225837717,-1.34999999999999,8.));
#3930=CARTESIAN_POINT('',(-25.1796225837717,-1.34999999999999,8.));
#3931=VECTOR('',#3932,1.);
#3932=DIRECTION('',(1.,4.82705662880503E-17,0.));
#3933=CARTESIAN_POINT('',(-25.1796225837717,-1.34999999999999,8.));
#3934=VECTOR('',#3935,1.);
#3935=DIRECTION('',(0.,0.,1.));
#3936=CARTESIAN_POINT('',(-25.1796225837717,0.650000000000008,8.));
#3937=AXIS2_PLACEMENT_3D('',#3938,#3939,#3940);
#3938=CARTESIAN_POINT('',(-25.1796225837717,-0.349999999999992,8.));
#3939=DIRECTION('',(0.,0.,1.));
#3940=DIRECTION('',(0.,1.,0.));
#3941=CARTESIAN_POINT('',(-25.1796225837717,0.650000000000008,8.));
#3942=VECTOR('',#3943,1.);
#3943=DIRECTION('',(0.,0.,1.));
#3944=CARTESIAN_POINT('',(-2.1796225837717,0.650000000000009,8.));
#3945=VECTOR('',#3946,1.);
#3946=DIRECTION('',(-1.,-6.27517361744654E-17,0.));
#3947=CARTESIAN_POINT('',(-2.1796225837717,5.65000000000001,8.));
#3948=CARTESIAN_POINT('',(-2.1796225837717,5.65000000000001,8.));
#3949=VECTOR('',#3950,1.);
#3950=DIRECTION('',(0.,0.,1.));
#3951=CARTESIAN_POINT('',(-2.17962258377171,3.65000000000001,8.));
#3952=AXIS2_PLACEMENT_3D('',#3953,#3954,#3955);
#3953=CARTESIAN_POINT('',(-2.1796225837717,4.65000000000001,8.));
#3954=DIRECTION('',(0.,0.,1.));
#3955=DIRECTION('',(0.,-1.,0.));
#3956=CARTESIAN_POINT('',(-2.17962258377171,3.65000000000001,8.));
#3957=VECTOR('',#3958,1.);
#3958=DIRECTION('',(8.88178419700125E-16,0.,1.));
#3959=CARTESIAN_POINT('',(-25.1796225837717,3.65000000000001,8.));
#3960=CARTESIAN_POINT('',(-25.1796225837717,3.65000000000001,8.));
#3961=VECTOR('',#3962,1.);
#3962=DIRECTION('',(1.,5.79246795456603E-17,0.));
#3963=CARTESIAN_POINT('',(-25.1796225837717,3.65000000000001,8.));
#3964=VECTOR('',#3965,1.);
#3965=DIRECTION('',(0.,0.,1.));
#3966=CARTESIAN_POINT('',(-25.1796225837717,5.65000000000001,8.));
#3967=AXIS2_PLACEMENT_3D('',#3968,#3969,#3970);
#3968=CARTESIAN_POINT('',(-25.1796225837717,4.65000000000001,8.));
#3969=DIRECTION('',(0.,0.,1.));
#3970=DIRECTION('',(0.,1.,0.));
#3971=CARTESIAN_POINT('',(-25.1796225837717,5.65000000000001,8.));
#3972=VECTOR('',#3973,1.);
#3973=DIRECTION('',(0.,0.,1.));
#3974=CARTESIAN_POINT('',(-2.1796225837717,5.65000000000001,8.));
#3975=VECTOR('',#3976,1.);
#3976=DIRECTION('',(-1.,-7.72329060608805E-17,0.));
#3977=CARTESIAN_POINT('',(12.3,29.825,8.));
#3978=CARTESIAN_POINT('',(12.3,16.825,8.));
#3979=CARTESIAN_POINT('',(12.3,29.825,8.));
#3980=VECTOR('',#3981,1.);
#3981=DIRECTION('',(1.36642833800019E-16,-1.,0.));
#3982=CARTESIAN_POINT('',(12.3,29.825,9.));
#3983=VECTOR('',#3984,1.);
#3984=DIRECTION('',(0.,0.,-1.));
#3985=CARTESIAN_POINT('',(12.3,16.825,9.));
#3986=VECTOR('',#3987,1.);
#3987=DIRECTION('',(0.,0.,-1.));
#3988=CARTESIAN_POINT('',(30.3,29.825,8.));
#3989=CARTESIAN_POINT('',(30.3,29.825,8.));
#3990=VECTOR('',#3991,1.);
#3991=DIRECTION('',(-1.,-1.97372982155583E-16,0.));
#3992=CARTESIAN_POINT('',(30.3,29.825,9.));
#3993=VECTOR('',#3994,1.);
#3994=DIRECTION('',(0.,0.,-1.));
#3995=CARTESIAN_POINT('',(30.3,25.14,0.));
#3996=CARTESIAN_POINT('',(30.3,25.14,5.635));
#3997=CARTESIAN_POINT('',(30.3,25.14,0.));
#3998=VECTOR('',#3999,1.);
#3999=DIRECTION('',(0.,0.,1.));
#4000=CARTESIAN_POINT('',(30.3,-13.86,5.635));
#4001=CARTESIAN_POINT('',(30.3,25.14,5.635));
#4002=VECTOR('',#4003,1.);
#4003=DIRECTION('',(0.,-1.,-6.83214169000096E-17));
#4004=CARTESIAN_POINT('',(30.3,-13.86,0.));
#4005=CARTESIAN_POINT('',(30.3,-13.86,5.635));
#4006=VECTOR('',#4007,1.);
#4007=DIRECTION('',(0.,0.,-1.));
#4008=CARTESIAN_POINT('',(30.3,-30.3,0.));
#4009=CARTESIAN_POINT('',(30.3,-30.3,0.));
#4010=VECTOR('',#4011,1.);
#4011=DIRECTION('',(0.,1.,0.));
#4012=CARTESIAN_POINT('',(30.3,-30.3,8.));
#4013=CARTESIAN_POINT('',(30.3,-30.3,0.));
#4014=VECTOR('',#4015,1.);
#4015=DIRECTION('',(0.,0.,1.));
#4016=CARTESIAN_POINT('',(30.3,-16.825,8.));
#4017=CARTESIAN_POINT('',(30.3,-16.825,8.));
#4018=VECTOR('',#4019,1.);
#4019=DIRECTION('',(0.,-1.,0.));
#4020=CARTESIAN_POINT('',(30.3,-16.825,9.));
#4021=VECTOR('',#4022,1.);
#4022=DIRECTION('',(0.,0.,-1.));
#4023=CARTESIAN_POINT('',(30.3,30.3,8.));
#4024=CARTESIAN_POINT('',(30.3,30.3,8.));
#4025=VECTOR('',#4026,1.);
#4026=DIRECTION('',(0.,-1.,0.));
#4027=CARTESIAN_POINT('',(30.3,30.3,0.));
#4028=CARTESIAN_POINT('',(30.3,30.3,0.));
#4029=VECTOR('',#4030,1.);
#4030=DIRECTION('',(0.,0.,1.));
#4031=CARTESIAN_POINT('',(30.3,25.14,0.));
#4032=VECTOR('',#4033,1.);
#4033=DIRECTION('',(0.,1.,0.));
#4034=CARTESIAN_POINT('',(-0.252678571428571,-16.825,8.));
#4035=CARTESIAN_POINT('',(-0.252678571428572,-16.825,8.));
#4036=VECTOR('',#4037,1.);
#4037=DIRECTION('',(1.,1.1628157807816E-16,0.));
#4038=CARTESIAN_POINT('',(-0.252678571428568,-16.825,9.));
#4039=VECTOR('',#4040,1.);
#4040=DIRECTION('',(0.,0.,-1.));
#4041=CARTESIAN_POINT('',(-0.252678571428574,16.825,8.));
#4042=CARTESIAN_POINT('',(-0.252678571428574,16.825,8.));
#4043=VECTOR('',#4044,1.);
#4044=DIRECTION('',(7.91838115631612E-17,-1.,0.));
#4045=CARTESIAN_POINT('',(-0.252678571428574,16.825,9.));
#4046=VECTOR('',#4047,1.);
#4047=DIRECTION('',(0.,0.,-1.));
#4048=CARTESIAN_POINT('',(12.3,16.825,8.));
#4049=VECTOR('',#4050,1.);
#4050=DIRECTION('',(-1.,5.66048697667908E-16,0.));
#4051=CARTESIAN_POINT('',(-15.8,-37.3,9.));
#4052=VECTOR('',#4053,1.);
#4053=DIRECTION('',(-1.,0.,0.));
#4054=CARTESIAN_POINT('',(-19.8,-32.565,9.));
#4055=AXIS2_PLACEMENT_3D('',#4056,#4057,#4058);
#4056=CARTESIAN_POINT('',(-18.3,-32.565,9.));
#4057=DIRECTION('',(0.,0.,-1.));
#4058=DIRECTION('',(-1.,0.,0.));
#4059=CARTESIAN_POINT('',(-31.3,-37.3,0.));
#4060=CARTESIAN_POINT('',(-31.3,-37.3,0.));
#4061=VECTOR('',#4062,1.);
#4062=DIRECTION('',(0.,0.,1.));
#4063=CARTESIAN_POINT('',(31.3,-37.3,0.));
#4064=CARTESIAN_POINT('',(-31.3,-37.3,0.));
#4065=VECTOR('',#4066,1.);
#4066=DIRECTION('',(1.,-2.27010458709297E-16,0.));
#4067=CARTESIAN_POINT('',(31.3,-37.3,0.));
#4068=VECTOR('',#4069,1.);
#4069=DIRECTION('',(0.,0.,1.));
#4070=CARTESIAN_POINT('',(2.19999999999999,-37.3,9.));
#4071=VECTOR('',#4072,1.);
#4072=DIRECTION('',(-1.,0.,0.));
#4073=CARTESIAN_POINT('',(-3.80000000000001,-37.3,9.));
#4074=VECTOR('',#4075,1.);
#4075=DIRECTION('',(-1.,0.,0.));
#4076=CARTESIAN_POINT('',(-9.80000000000001,-37.3,9.));
#4077=VECTOR('',#4078,1.);
#4078=DIRECTION('',(-1.,0.,0.));
#4079=CARTESIAN_POINT('',(-13.8,-32.565,9.));
#4080=AXIS2_PLACEMENT_3D('',#4081,#4082,#4083);
#4081=CARTESIAN_POINT('',(-12.3,-32.565,9.));
#4082=DIRECTION('',(0.,0.,-1.));
#4083=DIRECTION('',(-1.,0.,0.));
#4084=CARTESIAN_POINT('',(-7.80000000000001,-32.565,9.));
#4085=AXIS2_PLACEMENT_3D('',#4086,#4087,#4088);
#4086=CARTESIAN_POINT('',(-6.30000000000001,-32.565,9.));
#4087=DIRECTION('',(0.,0.,-1.));
#4088=DIRECTION('',(-1.,0.,0.));
#4089=CARTESIAN_POINT('',(-1.80000000000001,-32.565,9.));
#4090=AXIS2_PLACEMENT_3D('',#4091,#4092,#4093);
#4091=CARTESIAN_POINT('',(-0.300000000000011,-32.565,9.));
#4092=DIRECTION('',(0.,0.,-1.));
#4093=DIRECTION('',(-1.,0.,0.));
#4094=CARTESIAN_POINT('',(32.3,-36.3,0.));
#4095=CARTESIAN_POINT('',(31.3,-37.3,0.));
#4096=VECTOR('',#4097,1.);
#4097=DIRECTION('',(0.707106781186544,0.707106781186551,0.));
#4098=CARTESIAN_POINT('',(32.3,-36.3,0.));
#4099=VECTOR('',#4100,1.);
#4100=DIRECTION('',(0.,0.,1.));
#4101=CARTESIAN_POINT('',(32.3,25.14,5.635));
#4102=CARTESIAN_POINT('',(32.3,25.14,0.));
#4103=CARTESIAN_POINT('',(32.3,25.14,0.));
#4104=VECTOR('',#4105,1.);
#4105=DIRECTION('',(0.,0.,1.));
#4106=CARTESIAN_POINT('',(32.3,36.3,0.));
#4107=CARTESIAN_POINT('',(32.3,25.14,0.));
#4108=VECTOR('',#4109,1.);
#4109=DIRECTION('',(6.36687039211558E-16,1.,0.));
#4110=CARTESIAN_POINT('',(32.3,36.3,0.));
#4111=VECTOR('',#4112,1.);
#4112=DIRECTION('',(0.,0.,1.));
#4113=CARTESIAN_POINT('',(32.3,-13.86,0.));
#4114=CARTESIAN_POINT('',(32.3,-36.3,0.));
#4115=VECTOR('',#4116,1.);
#4116=DIRECTION('',(3.16641147843182E-16,1.,0.));
#4117=CARTESIAN_POINT('',(32.3,-13.86,5.635));
#4118=CARTESIAN_POINT('',(32.3,-13.86,5.635));
#4119=VECTOR('',#4120,1.);
#4120=DIRECTION('',(0.,0.,-1.));
#4121=CARTESIAN_POINT('',(32.3,25.14,5.635));
#4122=VECTOR('',#4123,1.);
#4123=DIRECTION('',(-1.82190445066692E-16,-1.,-6.83214169000096E-17));
#4124=CARTESIAN_POINT('',(31.3,37.3,0.));
#4125=CARTESIAN_POINT('',(32.3,36.3,0.));
#4126=VECTOR('',#4127,1.);
#4127=DIRECTION('',(-0.707106781186559,0.707106781186536,0.));
#4128=CARTESIAN_POINT('',(31.3,37.3,0.));
#4129=VECTOR('',#4130,1.);
#4130=DIRECTION('',(0.,0.,1.));
#4131=CARTESIAN_POINT('',(-3.5,37.3,3.634999938988));
#4132=CARTESIAN_POINT('',(-5.,37.3,2.134999938988));
#4133=AXIS2_PLACEMENT_3D('',#4134,#4135,#4136);
#4134=CARTESIAN_POINT('',(-3.5,37.3,2.134999938988));
#4135=DIRECTION('',(-2.27010458709297E-16,-1.,0.));
#4136=DIRECTION('',(0.,0.,1.));
#4137=CARTESIAN_POINT('',(-5.,37.3,0.));
#4138=CARTESIAN_POINT('',(-5.,37.3,0.));
#4139=VECTOR('',#4140,1.);
#4140=DIRECTION('',(0.,0.,1.));
#4141=CARTESIAN_POINT('',(-19.,37.3,0.));
#4142=CARTESIAN_POINT('',(-5.,37.3,0.));
#4143=VECTOR('',#4144,1.);
#4144=DIRECTION('',(-1.,0.,0.));
#4145=CARTESIAN_POINT('',(-19.,37.3,4.225000052));
#4146=CARTESIAN_POINT('',(-19.,37.3,4.225000052));
#4147=VECTOR('',#4148,1.);
#4148=DIRECTION('',(0.,0.,-1.));
#4149=CARTESIAN_POINT('',(-23.,37.3,4.225000052));
#4150=AXIS2_PLACEMENT_3D('',#4151,#4152,#4153);
#4151=CARTESIAN_POINT('',(-21.,37.3,4.225000052));
#4152=DIRECTION('',(2.27010458709297E-16,1.,0.));
#4153=DIRECTION('',(-1.,2.27010458709297E-16,0.));
#4154=CARTESIAN_POINT('',(-23.,37.3,0.));
#4155=CARTESIAN_POINT('',(-23.,37.3,0.));
#4156=VECTOR('',#4157,1.);
#4157=DIRECTION('',(0.,0.,1.));
#4158=CARTESIAN_POINT('',(-31.3,37.3,0.));
#4159=CARTESIAN_POINT('',(-23.,37.3,0.));
#4160=VECTOR('',#4161,1.);
#4161=DIRECTION('',(-1.,8.56075585253133E-16,0.));
#4162=CARTESIAN_POINT('',(-31.3,37.3,0.));
#4163=VECTOR('',#4164,1.);
#4164=DIRECTION('',(0.,0.,1.));
#4165=CARTESIAN_POINT('',(23.,37.3,0.));
#4166=CARTESIAN_POINT('',(31.3,37.3,0.));
#4167=VECTOR('',#4168,1.);
#4168=DIRECTION('',(-1.,8.56075585253132E-16,0.));
#4169=CARTESIAN_POINT('',(23.,37.3,4.225000052));
#4170=CARTESIAN_POINT('',(23.,37.3,4.225000052));
#4171=VECTOR('',#4172,1.);
#4172=DIRECTION('',(0.,0.,-1.));
#4173=CARTESIAN_POINT('',(19.,37.3,4.225000052));
#4174=AXIS2_PLACEMENT_3D('',#4175,#4176,#4177);
#4175=CARTESIAN_POINT('',(21.,37.3,4.225000052));
#4176=DIRECTION('',(2.27010458709297E-16,1.,0.));
#4177=DIRECTION('',(-1.,2.27010458709297E-16,0.));
#4178=CARTESIAN_POINT('',(19.,37.3,0.));
#4179=CARTESIAN_POINT('',(19.,37.3,0.));
#4180=VECTOR('',#4181,1.);
#4181=DIRECTION('',(0.,0.,1.));
#4182=CARTESIAN_POINT('',(5.,37.3,0.));
#4183=CARTESIAN_POINT('',(19.,37.3,0.));
#4184=VECTOR('',#4185,1.);
#4185=DIRECTION('',(-1.,0.,0.));
#4186=CARTESIAN_POINT('',(5.,37.3,2.134999938988));
#4187=CARTESIAN_POINT('',(5.,37.3,2.134999938988));
#4188=VECTOR('',#4189,1.);
#4189=DIRECTION('',(0.,0.,-1.));
#4190=CARTESIAN_POINT('',(3.5,37.3,3.634999938988));
#4191=AXIS2_PLACEMENT_3D('',#4192,#4193,#4194);
#4192=CARTESIAN_POINT('',(3.5,37.3,2.134999938988));
#4193=DIRECTION('',(-2.27010458709297E-16,-1.,0.));
#4194=DIRECTION('',(1.,-2.27010458709297E-16,0.));
#4195=CARTESIAN_POINT('',(-3.5,37.3,3.634999938988));
#4196=VECTOR('',#4197,1.);
#4197=DIRECTION('',(1.,0.,0.));
#4198=CARTESIAN_POINT('',(-32.3,36.3,0.));
#4199=CARTESIAN_POINT('',(-31.3,37.3,0.));
#4200=VECTOR('',#4201,1.);
#4201=DIRECTION('',(-0.707106781186544,-0.707106781186551,0.));
#4202=CARTESIAN_POINT('',(-32.3,36.3,0.));
#4203=VECTOR('',#4204,1.);
#4204=DIRECTION('',(0.,0.,1.));
#4205=CARTESIAN_POINT('',(-32.3,-36.3,0.));
#4206=CARTESIAN_POINT('',(-32.3,36.3,0.));
#4207=VECTOR('',#4208,1.);
#4208=DIRECTION('',(-1.95741800484876E-16,-1.,0.));
#4209=CARTESIAN_POINT('',(-32.3,-36.3,0.));
#4210=VECTOR('',#4211,1.);
#4211=DIRECTION('',(0.,0.,1.));
#4212=CARTESIAN_POINT('',(-32.3,16.15,6.));
#4213=CARTESIAN_POINT('',(-32.3,16.15,8.));
#4214=AXIS2_PLACEMENT_3D('',#4215,#4216,#4217);
#4215=CARTESIAN_POINT('',(-32.3,16.15,7.));
#4216=DIRECTION('',(-1.,1.95741800484876E-16,0.));
#4217=DIRECTION('',(0.,0.,1.));
#4218=CARTESIAN_POINT('',(-32.3,-6.84999999999998,8.));
#4219=CARTESIAN_POINT('',(-32.3,-6.84999999999998,8.));
#4220=VECTOR('',#4221,1.);
#4221=DIRECTION('',(0.,1.,0.));
#4222=CARTESIAN_POINT('',(-32.3,-6.84999999999998,6.));
#4223=AXIS2_PLACEMENT_3D('',#4224,#4225,#4226);
#4224=CARTESIAN_POINT('',(-32.3,-6.84999999999998,7.));
#4225=DIRECTION('',(-1.,1.95741800484876E-16,0.));
#4226=DIRECTION('',(0.,0.,-1.));
#4227=CARTESIAN_POINT('',(-32.3,16.15,6.));
#4228=VECTOR('',#4229,1.);
#4229=DIRECTION('',(0.,-1.,-3.86164530304402E-17));
#4230=CARTESIAN_POINT('',(-32.3,16.15,0.999999999999998));
#4231=CARTESIAN_POINT('',(-32.3,16.15,3.));
#4232=AXIS2_PLACEMENT_3D('',#4233,#4234,#4235);
#4233=CARTESIAN_POINT('',(-32.3,16.15,2.));
#4234=DIRECTION('',(-1.,1.95741800484876E-16,0.));
#4235=DIRECTION('',(-1.39082914419132E-30,-7.105427357601E-15,1.));
#4236=CARTESIAN_POINT('',(-32.3,-6.84999999999998,3.));
#4237=CARTESIAN_POINT('',(-32.3,-6.84999999999999,3.));
#4238=VECTOR('',#4239,1.);
#4239=DIRECTION('',(0.,1.,5.79246795456603E-17));
#4240=CARTESIAN_POINT('',(-32.3,-6.84999999999998,0.999999999999997));
#4241=AXIS2_PLACEMENT_3D('',#4242,#4243,#4244);
#4242=CARTESIAN_POINT('',(-32.3,-6.84999999999998,2.));
#4243=DIRECTION('',(-1.,1.95741800484876E-16,0.));
#4244=DIRECTION('',(0.,0.,-1.));
#4245=CARTESIAN_POINT('',(-32.3,16.15,0.999999999999998));
#4246=VECTOR('',#4247,1.);
#4247=DIRECTION('',(0.,-1.,-5.79246795456603E-17));
#4248=CARTESIAN_POINT('',(-32.3,-36.3,0.));
#4249=VECTOR('',#4250,1.);
#4250=DIRECTION('',(0.707106781186551,-0.707106781186544,0.));
#4251=CARTESIAN_POINT('',(-25.3,-35.3,8.));
#4252=CARTESIAN_POINT('',(-26.3,-34.3,8.));
#4253=AXIS2_PLACEMENT_3D('',#4254,#4255,#4256);
#4254=CARTESIAN_POINT('',(-25.3,-34.3,8.));
#4255=DIRECTION('',(0.,0.,1.));
#4256=DIRECTION('',(-1.,0.,0.));
#4257=CARTESIAN_POINT('',(-26.3,-32.3,8.));
#4258=CARTESIAN_POINT('',(-26.3,-34.3,8.));
#4259=VECTOR('',#4260,1.);
#4260=DIRECTION('',(0.,1.,0.));
#4261=CARTESIAN_POINT('',(-27.3,-31.3,8.));
#4262=AXIS2_PLACEMENT_3D('',#4263,#4264,#4265);
#4263=CARTESIAN_POINT('',(-27.3,-32.3,8.));
#4264=DIRECTION('',(0.,0.,-1.));
#4265=DIRECTION('',(3.55271367880049E-15,1.,0.));
#4266=CARTESIAN_POINT('',(-29.3,-31.3,8.));
#4267=CARTESIAN_POINT('',(-27.3,-31.3,8.));
#4268=VECTOR('',#4269,1.);
#4269=DIRECTION('',(-1.,-1.77635683940025E-15,0.));
#4270=CARTESIAN_POINT('',(-30.3,-30.3,8.));
#4271=AXIS2_PLACEMENT_3D('',#4272,#4273,#4274);
#4272=CARTESIAN_POINT('',(-29.3,-30.3,8.));
#4273=DIRECTION('',(0.,0.,-1.));
#4274=DIRECTION('',(0.,-1.,0.));
#4275=CARTESIAN_POINT('',(-30.3,-6.84999999999998,8.));
#4276=CARTESIAN_POINT('',(-30.3,-30.3,8.));
#4277=VECTOR('',#4278,1.);
#4278=DIRECTION('',(0.,1.,0.));
#4279=CARTESIAN_POINT('',(-30.3,-6.84999999999998,8.));
#4280=VECTOR('',#4281,1.);
#4281=DIRECTION('',(-1.,4.44089209850064E-16,0.));
#4282=CARTESIAN_POINT('',(-30.3,16.15,8.));
#4283=CARTESIAN_POINT('',(-30.3,16.15,8.));
#4284=VECTOR('',#4285,1.);
#4285=DIRECTION('',(-1.,1.77635683940026E-15,0.));
#4286=CARTESIAN_POINT('',(-30.3,30.3,8.));
#4287=CARTESIAN_POINT('',(-30.3,16.15,8.));
#4288=VECTOR('',#4289,1.);
#4289=DIRECTION('',(0.,1.,0.));
#4290=CARTESIAN_POINT('',(-29.3,31.3,8.));
#4291=AXIS2_PLACEMENT_3D('',#4292,#4293,#4294);
#4292=CARTESIAN_POINT('',(-29.3,30.3,8.));
#4293=DIRECTION('',(0.,0.,1.));
#4294=DIRECTION('',(-3.5527136788005E-15,1.,0.));
#4295=CARTESIAN_POINT('',(-27.3,31.3,8.));
#4296=CARTESIAN_POINT('',(-29.3,31.3,8.));
#4297=VECTOR('',#4298,1.);
#4298=DIRECTION('',(1.,0.,0.));
#4299=CARTESIAN_POINT('',(-26.3,32.3,8.));
#4300=AXIS2_PLACEMENT_3D('',#4301,#4302,#4303);
#4301=CARTESIAN_POINT('',(-27.3,32.3,8.));
#4302=DIRECTION('',(0.,0.,-1.));
#4303=DIRECTION('',(1.,0.,0.));
#4304=CARTESIAN_POINT('',(-26.3,34.3,8.));
#4305=CARTESIAN_POINT('',(-26.3,32.3,8.));
#4306=VECTOR('',#4307,1.);
#4307=DIRECTION('',(0.,1.,0.));
#4308=CARTESIAN_POINT('',(-25.3,35.3,8.));
#4309=AXIS2_PLACEMENT_3D('',#4310,#4311,#4312);
#4310=CARTESIAN_POINT('',(-25.3,34.3,8.));
#4311=DIRECTION('',(0.,0.,1.));
#4312=DIRECTION('',(-3.5527136788005E-15,1.,0.));
#4313=CARTESIAN_POINT('',(25.3,35.3,8.));
#4314=CARTESIAN_POINT('',(-25.3,35.3,8.));
#4315=VECTOR('',#4316,1.);
#4316=DIRECTION('',(1.,-1.40423465565237E-16,0.));
#4317=CARTESIAN_POINT('',(26.3,34.3,8.));
#4318=AXIS2_PLACEMENT_3D('',#4319,#4320,#4321);
#4319=CARTESIAN_POINT('',(25.3,34.3,8.));
#4320=DIRECTION('',(0.,0.,1.));
#4321=DIRECTION('',(1.,0.,0.));
#4322=CARTESIAN_POINT('',(26.3,32.3,8.));
#4323=CARTESIAN_POINT('',(26.3,34.3,8.));
#4324=VECTOR('',#4325,1.);
#4325=DIRECTION('',(1.77635683940025E-15,-1.,0.));
#4326=CARTESIAN_POINT('',(27.3,31.3,8.));
#4327=AXIS2_PLACEMENT_3D('',#4328,#4329,#4330);
#4328=CARTESIAN_POINT('',(27.3,32.3,8.));
#4329=DIRECTION('',(0.,0.,-1.));
#4330=DIRECTION('',(-3.55271367880049E-15,-1.,0.));
#4331=CARTESIAN_POINT('',(29.3,31.3,8.));
#4332=CARTESIAN_POINT('',(27.3,31.3,8.));
#4333=VECTOR('',#4334,1.);
#4334=DIRECTION('',(1.,0.,0.));
#4335=AXIS2_PLACEMENT_3D('',#4336,#4337,#4338);
#4336=CARTESIAN_POINT('',(29.3,30.3,8.));
#4337=DIRECTION('',(0.,0.,1.));
#4338=DIRECTION('',(1.,3.5527136788005E-15,0.));
#4339=CARTESIAN_POINT('',(29.3,-31.3,8.));
#4340=AXIS2_PLACEMENT_3D('',#4341,#4342,#4343);
#4341=CARTESIAN_POINT('',(29.3,-30.3,8.));
#4342=DIRECTION('',(0.,0.,1.));
#4343=DIRECTION('',(7.10542735760098E-15,-1.,0.));
#4344=CARTESIAN_POINT('',(27.3,-31.3,8.));
#4345=CARTESIAN_POINT('',(29.3,-31.3,8.));
#4346=VECTOR('',#4347,1.);
#4347=DIRECTION('',(-1.,0.,0.));
#4348=CARTESIAN_POINT('',(26.3,-32.3,8.));
#4349=AXIS2_PLACEMENT_3D('',#4350,#4351,#4352);
#4350=CARTESIAN_POINT('',(27.3,-32.3,8.));
#4351=DIRECTION('',(0.,0.,-1.));
#4352=DIRECTION('',(-1.,0.,0.));
#4353=CARTESIAN_POINT('',(26.3,-34.3,8.));
#4354=CARTESIAN_POINT('',(26.3,-32.3,8.));
#4355=VECTOR('',#4356,1.);
#4356=DIRECTION('',(0.,-1.,0.));
#4357=CARTESIAN_POINT('',(25.3,-35.3,8.));
#4358=AXIS2_PLACEMENT_3D('',#4359,#4360,#4361);
#4359=CARTESIAN_POINT('',(25.3,-34.3,8.));
#4360=DIRECTION('',(0.,0.,1.));
#4361=DIRECTION('',(2.48689957516035E-14,-1.,0.));
#4362=CARTESIAN_POINT('',(25.3,-35.3,8.));
#4363=VECTOR('',#4364,1.);
#4364=DIRECTION('',(-1.,0.,0.));
#4365=CARTESIAN_POINT('',(-3.80000000000001,-30.0649999999999,8.));
#4366=CARTESIAN_POINT('',(-8.8,-30.065,8.));
#4367=CARTESIAN_POINT('',(-3.80000000000001,-30.0649999999999,8.));
#4368=VECTOR('',#4369,1.);
#4369=DIRECTION('',(-1.,-1.13686837721616E-14,0.));
#4370=CARTESIAN_POINT('',(-3.80000000000001,-34.3,8.));
#4371=CARTESIAN_POINT('',(-3.80000000000001,-34.3,8.));
#4372=VECTOR('',#4373,1.);
#4373=DIRECTION('',(-2.09723357662363E-16,1.,0.));
#4374=CARTESIAN_POINT('',(-2.80000000000001,-34.3,8.));
#4375=CARTESIAN_POINT('',(-2.80000000000002,-34.3,8.));
#4376=VECTOR('',#4377,1.);
#4377=DIRECTION('',(-1.,0.,0.));
#4378=CARTESIAN_POINT('',(-2.8,-30.0649999999999,8.));
#4379=CARTESIAN_POINT('',(-2.8,-30.0649999999999,8.));
#4380=VECTOR('',#4381,1.);
#4381=DIRECTION('',(-1.88751021896126E-15,-1.,0.));
#4382=CARTESIAN_POINT('',(2.19999999999999,-30.065,8.));
#4383=CARTESIAN_POINT('',(2.19999999999999,-30.065,8.));
#4384=VECTOR('',#4385,1.);
#4385=DIRECTION('',(-1.,2.06057393370429E-14,0.));
#4386=CARTESIAN_POINT('',(2.19999999999999,-34.3,8.));
#4387=CARTESIAN_POINT('',(2.19999999999999,-34.3,8.));
#4388=VECTOR('',#4389,1.);
#4389=DIRECTION('',(-2.09723357662368E-16,1.,0.));
#4390=CARTESIAN_POINT('',(3.19999999999999,-34.3,8.));
#4391=CARTESIAN_POINT('',(3.19999999999999,-34.3,8.));
#4392=VECTOR('',#4393,1.);
#4393=DIRECTION('',(-1.,0.,0.));
#4394=CARTESIAN_POINT('',(3.19999999999999,-29.1825,8.));
#4395=CARTESIAN_POINT('',(3.19999999999999,-34.3,8.));
#4396=VECTOR('',#4397,1.);
#4397=DIRECTION('',(-4.33892730679104E-16,1.,0.));
#4398=CARTESIAN_POINT('',(-21.8,-29.1825,8.));
#4399=CARTESIAN_POINT('',(3.19999999999999,-29.1825,8.));
#4400=VECTOR('',#4401,1.);
#4401=DIRECTION('',(-1.,0.,0.));
#4402=CARTESIAN_POINT('',(-21.8,-34.3,8.));
#4403=CARTESIAN_POINT('',(-21.8,-29.1825,8.));
#4404=VECTOR('',#4405,1.);
#4405=DIRECTION('',(6.94228369086567E-16,-1.,0.));
#4406=CARTESIAN_POINT('',(-20.8,-34.3,8.));
#4407=CARTESIAN_POINT('',(-20.8,-34.3,8.));
#4408=VECTOR('',#4409,1.);
#4409=DIRECTION('',(-1.,0.,0.));
#4410=CARTESIAN_POINT('',(-20.8,-30.065,8.));
#4411=CARTESIAN_POINT('',(-20.8,-30.065,8.));
#4412=VECTOR('',#4413,1.);
#4413=DIRECTION('',(8.38893430649472E-16,-1.,0.));
#4414=CARTESIAN_POINT('',(-15.8,-30.065,8.));
#4415=CARTESIAN_POINT('',(-15.8,-30.065,8.));
#4416=VECTOR('',#4417,1.);
#4417=DIRECTION('',(-1.,0.,0.));
#4418=CARTESIAN_POINT('',(-15.8,-34.3,8.));
#4419=CARTESIAN_POINT('',(-15.8,-34.3,8.));
#4420=VECTOR('',#4421,1.);
#4421=DIRECTION('',(0.,1.,0.));
#4422=CARTESIAN_POINT('',(-14.8,-34.3,8.));
#4423=CARTESIAN_POINT('',(-14.8,-34.3,8.));
#4424=VECTOR('',#4425,1.);
#4425=DIRECTION('',(-1.,0.,0.));
#4426=CARTESIAN_POINT('',(-14.8,-30.065,8.));
#4427=CARTESIAN_POINT('',(-14.8,-30.065,8.));
#4428=VECTOR('',#4429,1.);
#4429=DIRECTION('',(-2.09723357662368E-15,-1.,0.));
#4430=CARTESIAN_POINT('',(-9.80000000000001,-30.065,8.));
#4431=CARTESIAN_POINT('',(-9.80000000000001,-30.065,8.));
#4432=VECTOR('',#4433,1.);
#4433=DIRECTION('',(-1.,-9.94759830064141E-15,0.));
#4434=CARTESIAN_POINT('',(-9.80000000000001,-34.3,8.));
#4435=CARTESIAN_POINT('',(-9.80000000000001,-34.3,8.));
#4436=VECTOR('',#4437,1.);
#4437=DIRECTION('',(0.,1.,0.));
#4438=CARTESIAN_POINT('',(-8.80000000000001,-34.3,8.));
#4439=CARTESIAN_POINT('',(-8.80000000000001,-34.3,8.));
#4440=VECTOR('',#4441,1.);
#4441=DIRECTION('',(-1.,0.,0.));
#4442=CARTESIAN_POINT('',(-8.8,-30.065,8.));
#4443=VECTOR('',#4444,1.);
#4444=DIRECTION('',(-2.09723357662365E-15,-1.,0.));
#4445=CARTESIAN_POINT('',(-7.80000000000001,-32.565,8.));
#4446=AXIS2_PLACEMENT_3D('',#4447,#4448,#4449);
#4447=CARTESIAN_POINT('',(-6.30000000000001,-32.565,8.));
#4448=DIRECTION('',(0.,0.,-1.));
#4449=DIRECTION('',(-1.,0.,0.));
#4450=CARTESIAN_POINT('',(-1.80000000000001,-32.565,8.));
#4451=AXIS2_PLACEMENT_3D('',#4452,#4453,#4454);
#4452=CARTESIAN_POINT('',(-0.300000000000011,-32.565,8.));
#4453=DIRECTION('',(0.,0.,-1.));
#4454=DIRECTION('',(-1.,0.,0.));
#4455=CARTESIAN_POINT('',(-19.8,-32.565,8.));
#4456=AXIS2_PLACEMENT_3D('',#4457,#4458,#4459);
#4457=CARTESIAN_POINT('',(-18.3,-32.565,8.));
#4458=DIRECTION('',(0.,0.,-1.));
#4459=DIRECTION('',(-1.,0.,0.));
#4460=CARTESIAN_POINT('',(-13.8,-32.565,8.));
#4461=AXIS2_PLACEMENT_3D('',#4462,#4463,#4464);
#4462=CARTESIAN_POINT('',(-12.3,-32.565,8.));
#4463=DIRECTION('',(0.,0.,-1.));
#4464=DIRECTION('',(-1.,0.,0.));
#4465=CARTESIAN_POINT('',(30.3,25.14,5.635));
#4466=VECTOR('',#4467,1.);
#4467=DIRECTION('',(1.,-1.77635683940025E-15,0.));
#4468=CARTESIAN_POINT('',(32.3,25.14,0.));
#4469=VECTOR('',#4470,1.);
#4470=DIRECTION('',(-1.,0.,0.));
#4471=CARTESIAN_POINT('',(30.3,-13.86,5.635));
#4472=VECTOR('',#4473,1.);
#4473=DIRECTION('',(1.,0.,0.));
#4474=CARTESIAN_POINT('',(30.3,-13.86,0.));
#4475=VECTOR('',#4476,1.);
#4476=DIRECTION('',(1.,0.,0.));
#4477=CARTESIAN_POINT('',(-25.,36.,-1.11022302462516E-16));
#4478=CARTESIAN_POINT('',(-25.,35.3,0.));
#4479=CARTESIAN_POINT('',(-25.,36.,0.));
#4480=VECTOR('',#4481,1.);
#4481=DIRECTION('',(0.,-1.,0.));
#4482=CARTESIAN_POINT('',(-25.3,35.3,0.));
#4483=CARTESIAN_POINT('',(-25.,35.3,0.));
#4484=VECTOR('',#4485,1.);
#4485=DIRECTION('',(-1.,0.,0.));
#4486=CARTESIAN_POINT('',(-26.3,34.3,0.));
#4487=AXIS2_PLACEMENT_3D('',#4488,#4489,#4490);
#4488=CARTESIAN_POINT('',(-25.3,34.3,0.));
#4489=DIRECTION('',(0.,0.,1.));
#4490=DIRECTION('',(-3.5527136788005E-15,1.,0.));
#4491=CARTESIAN_POINT('',(-26.3,32.3,0.));
#4492=CARTESIAN_POINT('',(-26.3,34.3,0.));
#4493=VECTOR('',#4494,1.);
#4494=DIRECTION('',(0.,-1.,0.));
#4495=CARTESIAN_POINT('',(-27.3,31.3,0.));
#4496=AXIS2_PLACEMENT_3D('',#4497,#4498,#4499);
#4497=CARTESIAN_POINT('',(-27.3,32.3,0.));
#4498=DIRECTION('',(0.,0.,-1.));
#4499=DIRECTION('',(1.,0.,0.));
#4500=CARTESIAN_POINT('',(-29.3,31.3,0.));
#4501=CARTESIAN_POINT('',(-27.3,31.3,0.));
#4502=VECTOR('',#4503,1.);
#4503=DIRECTION('',(-1.,-1.77635683940024E-15,0.));
#4504=CARTESIAN_POINT('',(-30.3,30.3,0.));
#4505=AXIS2_PLACEMENT_3D('',#4506,#4507,#4508);
#4506=CARTESIAN_POINT('',(-29.3,30.3,0.));
#4507=DIRECTION('',(0.,0.,1.));
#4508=DIRECTION('',(-3.5527136788005E-15,1.,0.));
#4509=CARTESIAN_POINT('',(-30.3,-30.3,0.));
#4510=CARTESIAN_POINT('',(-30.3,30.3,0.));
#4511=VECTOR('',#4512,1.);
#4512=DIRECTION('',(-5.86256382640347E-17,-1.,0.));
#4513=CARTESIAN_POINT('',(-29.3,-31.3,0.));
#4514=AXIS2_PLACEMENT_3D('',#4515,#4516,#4517);
#4515=CARTESIAN_POINT('',(-29.3,-30.3,0.));
#4516=DIRECTION('',(0.,0.,1.));
#4517=DIRECTION('',(-1.,0.,0.));
#4518=CARTESIAN_POINT('',(-27.3,-31.3,0.));
#4519=CARTESIAN_POINT('',(-29.3,-31.3,0.));
#4520=VECTOR('',#4521,1.);
#4521=DIRECTION('',(1.,1.77635683940025E-15,0.));
#4522=CARTESIAN_POINT('',(-26.3,-32.3,0.));
#4523=AXIS2_PLACEMENT_3D('',#4524,#4525,#4526);
#4524=CARTESIAN_POINT('',(-27.3,-32.3,0.));
#4525=DIRECTION('',(0.,0.,-1.));
#4526=DIRECTION('',(3.55271367880049E-15,1.,0.));
#4527=CARTESIAN_POINT('',(-26.3,-34.3,0.));
#4528=CARTESIAN_POINT('',(-26.3,-32.3,0.));
#4529=VECTOR('',#4530,1.);
#4530=DIRECTION('',(0.,-1.,0.));
#4531=CARTESIAN_POINT('',(-25.3,-35.3,0.));
#4532=AXIS2_PLACEMENT_3D('',#4533,#4534,#4535);
#4533=CARTESIAN_POINT('',(-25.3,-34.3,0.));
#4534=DIRECTION('',(0.,0.,1.));
#4535=DIRECTION('',(-1.,0.,0.));
#4536=CARTESIAN_POINT('',(25.3,-35.3,0.));
#4537=CARTESIAN_POINT('',(-25.3,-35.3,0.));
#4538=VECTOR('',#4539,1.);
#4539=DIRECTION('',(1.,0.,0.));
#4540=CARTESIAN_POINT('',(26.3,-34.3,0.));
#4541=AXIS2_PLACEMENT_3D('',#4542,#4543,#4544);
#4542=CARTESIAN_POINT('',(25.3,-34.3,0.));
#4543=DIRECTION('',(0.,0.,1.));
#4544=DIRECTION('',(2.48689957516035E-14,-1.,0.));
#4545=CARTESIAN_POINT('',(26.3,-32.3,0.));
#4546=CARTESIAN_POINT('',(26.3,-34.3,0.));
#4547=VECTOR('',#4548,1.);
#4548=DIRECTION('',(0.,1.,0.));
#4549=CARTESIAN_POINT('',(27.3,-31.3,0.));
#4550=AXIS2_PLACEMENT_3D('',#4551,#4552,#4553);
#4551=CARTESIAN_POINT('',(27.3,-32.3,0.));
#4552=DIRECTION('',(0.,0.,-1.));
#4553=DIRECTION('',(-1.,0.,0.));
#4554=CARTESIAN_POINT('',(29.3,-31.3,0.));
#4555=CARTESIAN_POINT('',(27.3,-31.3,0.));
#4556=VECTOR('',#4557,1.);
#4557=DIRECTION('',(1.,0.,0.));
#4558=AXIS2_PLACEMENT_3D('',#4559,#4560,#4561);
#4559=CARTESIAN_POINT('',(29.3,-30.3,0.));
#4560=DIRECTION('',(0.,0.,1.));
#4561=DIRECTION('',(7.10542735760098E-15,-1.,0.));
#4562=CARTESIAN_POINT('',(-23.,36.,5.55111512312578E-17));
#4563=CARTESIAN_POINT('',(-23.,37.3,0.));
#4564=VECTOR('',#4565,1.);
#4565=DIRECTION('',(0.,-1.,4.27008855625061E-17));
#4566=CARTESIAN_POINT('',(-25.,36.,0.));
#4567=VECTOR('',#4568,1.);
#4568=DIRECTION('',(1.,0.,0.));
#4569=CARTESIAN_POINT('',(-30.8,34.3,0.));
#4570=AXIS2_PLACEMENT_3D('',#4571,#4572,#4573);
#4571=CARTESIAN_POINT('',(-29.3,34.3,0.));
#4572=DIRECTION('',(0.,0.,1.));
#4573=DIRECTION('',(-1.,1.22464679914735E-16,0.));
#4574=CARTESIAN_POINT('',(-30.8,-34.3,0.));
#4575=AXIS2_PLACEMENT_3D('',#4576,#4577,#4578);
#4576=CARTESIAN_POINT('',(-29.3,-34.3,0.));
#4577=DIRECTION('',(0.,0.,1.));
#4578=DIRECTION('',(-1.,1.22464679914735E-16,0.));
#4579=CARTESIAN_POINT('',(27.8,-34.3,0.));
#4580=AXIS2_PLACEMENT_3D('',#4581,#4582,#4583);
#4581=CARTESIAN_POINT('',(29.3,-34.3,0.));
#4582=DIRECTION('',(0.,0.,1.));
#4583=DIRECTION('',(-1.,1.22464679914735E-16,0.));
#4584=CARTESIAN_POINT('',(29.3,-31.3,0.));
#4585=VECTOR('',#4586,1.);
#4586=DIRECTION('',(0.,0.,1.));
#4587=CARTESIAN_POINT('',(29.3,31.3,0.));
#4588=CARTESIAN_POINT('',(29.3,31.3,0.));
#4589=VECTOR('',#4590,1.);
#4590=DIRECTION('',(0.,0.,1.));
#4591=AXIS2_PLACEMENT_3D('',#4592,#4593,#4594);
#4592=CARTESIAN_POINT('',(29.3,30.3,0.));
#4593=DIRECTION('',(0.,0.,1.));
#4594=DIRECTION('',(1.,3.5527136788005E-15,0.));
#4595=CARTESIAN_POINT('',(25.,35.3,0.));
#4596=CARTESIAN_POINT('',(25.,36.,1.11022302462516E-16));
#4597=CARTESIAN_POINT('',(25.,35.3,0.));
#4598=VECTOR('',#4599,1.);
#4599=DIRECTION('',(0.,1.,0.));
#4600=CARTESIAN_POINT('',(23.,36.,0.));
#4601=CARTESIAN_POINT('',(23.,36.,0.));
#4602=VECTOR('',#4603,1.);
#4603=DIRECTION('',(1.,0.,0.));
#4604=CARTESIAN_POINT('',(23.,36.,0.));
#4605=VECTOR('',#4606,1.);
#4606=DIRECTION('',(0.,1.,0.));
#4607=CARTESIAN_POINT('',(27.3,31.3,0.));
#4608=CARTESIAN_POINT('',(29.3,31.3,0.));
#4609=VECTOR('',#4610,1.);
#4610=DIRECTION('',(-1.,0.,0.));
#4611=CARTESIAN_POINT('',(26.3,32.3,0.));
#4612=AXIS2_PLACEMENT_3D('',#4613,#4614,#4615);
#4613=CARTESIAN_POINT('',(27.3,32.3,0.));
#4614=DIRECTION('',(0.,0.,-1.));
#4615=DIRECTION('',(-3.55271367880049E-15,-1.,0.));
#4616=CARTESIAN_POINT('',(26.3,34.3,0.));
#4617=CARTESIAN_POINT('',(26.3,32.3,0.));
#4618=VECTOR('',#4619,1.);
#4619=DIRECTION('',(0.,1.,0.));
#4620=CARTESIAN_POINT('',(25.3,35.3,0.));
#4621=AXIS2_PLACEMENT_3D('',#4622,#4623,#4624);
#4622=CARTESIAN_POINT('',(25.3,34.3,0.));
#4623=DIRECTION('',(0.,0.,1.));
#4624=DIRECTION('',(1.,0.,0.));
#4625=CARTESIAN_POINT('',(25.3,35.3,0.));
#4626=VECTOR('',#4627,1.);
#4627=DIRECTION('',(-1.,0.,0.));
#4628=CARTESIAN_POINT('',(27.8,34.3,0.));
#4629=AXIS2_PLACEMENT_3D('',#4630,#4631,#4632);
#4630=CARTESIAN_POINT('',(29.3,34.3,0.));
#4631=DIRECTION('',(0.,0.,1.));
#4632=DIRECTION('',(-1.,1.22464679914735E-16,0.));
#4633=CARTESIAN_POINT('',(-3.5,35.3,3.634999938988));
#4634=CARTESIAN_POINT('',(-3.5,37.3,3.634999938988));
#4635=VECTOR('',#4636,1.);
#4636=DIRECTION('',(0.,-1.,0.));
#4637=CARTESIAN_POINT('',(-5.,35.3,2.134999938988));
#4638=AXIS2_PLACEMENT_3D('',#4639,#4640,#4641);
#4639=CARTESIAN_POINT('',(-3.5,35.3,2.134999938988));
#4640=DIRECTION('',(-1.40423465565237E-16,-1.,0.));
#4641=DIRECTION('',(0.,0.,1.));
#4642=CARTESIAN_POINT('',(-5.,37.3,2.134999938988));
#4643=VECTOR('',#4644,1.);
#4644=DIRECTION('',(0.,-1.,0.));
#4645=CARTESIAN_POINT('',(-5.,35.3,0.));
#4646=CARTESIAN_POINT('',(-4.99999999999999,35.3,0.));
#4647=VECTOR('',#4648,1.);
#4648=DIRECTION('',(0.,0.,1.));
#4649=CARTESIAN_POINT('',(-5.,37.3,0.));
#4650=VECTOR('',#4651,1.);
#4651=DIRECTION('',(0.,-1.,0.));
#4652=CARTESIAN_POINT('',(-17.,35.3,0.));
#4653=CARTESIAN_POINT('',(-17.,36.,-1.11022302462516E-16));
#4654=CARTESIAN_POINT('',(-17.,35.3,0.));
#4655=VECTOR('',#4656,1.);
#4656=DIRECTION('',(0.,1.,0.));
#4657=CARTESIAN_POINT('',(-19.,36.,0.));
#4658=CARTESIAN_POINT('',(-19.,36.,0.));
#4659=VECTOR('',#4660,1.);
#4660=DIRECTION('',(1.,0.,0.));
#4661=CARTESIAN_POINT('',(-19.,36.,0.));
#4662=VECTOR('',#4663,1.);
#4663=DIRECTION('',(0.,1.,0.));
#4664=CARTESIAN_POINT('',(-5.,35.3,0.));
#4665=VECTOR('',#4666,1.);
#4666=DIRECTION('',(-1.,0.,0.));
#4667=CARTESIAN_POINT('',(-19.,36.,4.225000052));
#4668=CARTESIAN_POINT('',(-19.,36.,4.225000052));
#4669=VECTOR('',#4670,1.);
#4670=DIRECTION('',(0.,0.,-1.));
#4671=CARTESIAN_POINT('',(-19.,36.,4.225000052));
#4672=VECTOR('',#4673,1.);
#4673=DIRECTION('',(2.73285667600039E-15,1.,0.));
#4674=CARTESIAN_POINT('',(-23.,36.,4.225000052));
#4675=AXIS2_PLACEMENT_3D('',#4676,#4677,#4678);
#4676=CARTESIAN_POINT('',(-21.,36.,4.225000052));
#4677=DIRECTION('',(1.40423465565237E-16,1.,0.));
#4678=DIRECTION('',(-1.,1.40423465565237E-16,0.));
#4679=CARTESIAN_POINT('',(-23.,36.,4.225000052));
#4680=VECTOR('',#4681,1.);
#4681=DIRECTION('',(0.,1.,0.));
#4682=CARTESIAN_POINT('',(-23.,36.,0.));
#4683=VECTOR('',#4684,1.);
#4684=DIRECTION('',(0.,0.,1.));
#4685=CARTESIAN_POINT('',(23.,36.,4.225000052));
#4686=CARTESIAN_POINT('',(23.,36.,4.225000052));
#4687=VECTOR('',#4688,1.);
#4688=DIRECTION('',(0.,0.,-1.));
#4689=CARTESIAN_POINT('',(23.,36.,4.225000052));
#4690=VECTOR('',#4691,1.);
#4691=DIRECTION('',(2.73285667600039E-15,1.,0.));
#4692=CARTESIAN_POINT('',(19.,36.,4.225000052));
#4693=AXIS2_PLACEMENT_3D('',#4694,#4695,#4696);
#4694=CARTESIAN_POINT('',(21.,36.,4.225000052));
#4695=DIRECTION('',(1.40423465565237E-16,1.,0.));
#4696=DIRECTION('',(-1.,1.40423465565237E-16,0.));
#4697=CARTESIAN_POINT('',(19.,36.,4.225000052));
#4698=VECTOR('',#4699,1.);
#4699=DIRECTION('',(0.,1.,0.));
#4700=CARTESIAN_POINT('',(19.,36.,0.));
#4701=CARTESIAN_POINT('',(19.,36.,0.));
#4702=VECTOR('',#4703,1.);
#4703=DIRECTION('',(0.,0.,1.));
#4704=CARTESIAN_POINT('',(19.,37.3,0.));
#4705=VECTOR('',#4706,1.);
#4706=DIRECTION('',(0.,-1.,0.));
#4707=CARTESIAN_POINT('',(17.,36.,1.11022302462516E-16));
#4708=CARTESIAN_POINT('',(17.,35.3,0.));
#4709=CARTESIAN_POINT('',(17.,36.,0.));
#4710=VECTOR('',#4711,1.);
#4711=DIRECTION('',(0.,-1.,0.));
#4712=CARTESIAN_POINT('',(5.00000000000001,35.3,0.));
#4713=CARTESIAN_POINT('',(17.,35.3,0.));
#4714=VECTOR('',#4715,1.);
#4715=DIRECTION('',(-1.,0.,0.));
#4716=CARTESIAN_POINT('',(5.,35.3,0.));
#4717=VECTOR('',#4718,1.);
#4718=DIRECTION('',(0.,1.,0.));
#4719=CARTESIAN_POINT('',(17.,36.,0.));
#4720=VECTOR('',#4721,1.);
#4721=DIRECTION('',(1.,0.,0.));
#4722=CARTESIAN_POINT('',(5.,35.3,2.134999938988));
#4723=CARTESIAN_POINT('',(5.00000000000001,35.3,2.134999938988));
#4724=VECTOR('',#4725,1.);
#4725=DIRECTION('',(0.,0.,-1.));
#4726=CARTESIAN_POINT('',(5.,37.3,2.134999938988));
#4727=VECTOR('',#4728,1.);
#4728=DIRECTION('',(0.,-1.,0.));
#4729=CARTESIAN_POINT('',(3.5,35.3,3.634999938988));
#4730=AXIS2_PLACEMENT_3D('',#4731,#4732,#4733);
#4731=CARTESIAN_POINT('',(3.5,35.3,2.134999938988));
#4732=DIRECTION('',(-1.40423465565237E-16,-1.,0.));
#4733=DIRECTION('',(1.,-1.40423465565237E-16,0.));
#4734=CARTESIAN_POINT('',(3.5,37.3,3.634999938988));
#4735=VECTOR('',#4736,1.);
#4736=DIRECTION('',(0.,-1.,0.));
#4737=CARTESIAN_POINT('',(-3.49999999999999,35.3,3.634999938988));
#4738=VECTOR('',#4739,1.);
#4739=DIRECTION('',(1.,-1.01506105108586E-15,0.));
#4740=CARTESIAN_POINT('',(-30.3,16.15,6.));
#4741=AXIS2_PLACEMENT_3D('',#4742,#4743,#4744);
#4742=CARTESIAN_POINT('',(-30.3,16.15,7.));
#4743=DIRECTION('',(-1.,5.7673923357151E-17,0.));
#4744=DIRECTION('',(0.,0.,1.));
#4745=CARTESIAN_POINT('',(-30.3,16.15,6.));
#4746=VECTOR('',#4747,1.);
#4747=DIRECTION('',(-1.,1.77635683940026E-15,0.));
#4748=CARTESIAN_POINT('',(-30.3,-6.84999999999998,6.));
#4749=AXIS2_PLACEMENT_3D('',#4750,#4751,#4752);
#4750=CARTESIAN_POINT('',(-30.3,-6.84999999999997,7.));
#4751=DIRECTION('',(-1.,5.7673923357151E-17,0.));
#4752=DIRECTION('',(0.,0.,-1.));
#4753=CARTESIAN_POINT('',(-30.3,-6.84999999999998,6.));
#4754=VECTOR('',#4755,1.);
#4755=DIRECTION('',(-1.,0.,0.));
#4756=CARTESIAN_POINT('',(-30.3,16.15,6.));
#4757=VECTOR('',#4758,1.);
#4758=DIRECTION('',(0.,-1.,-3.86164530304402E-17));
#4759=CARTESIAN_POINT('',(-30.3,16.15,3.));
#4760=CARTESIAN_POINT('',(-30.3,16.15,0.999999999999998));
#4761=AXIS2_PLACEMENT_3D('',#4762,#4763,#4764);
#4762=CARTESIAN_POINT('',(-30.3,16.15,2.));
#4763=DIRECTION('',(-1.,5.7673923357151E-17,0.));
#4764=DIRECTION('',(-4.09797872842084E-31,-7.105427357601E-15,1.));
#4765=CARTESIAN_POINT('',(-30.3,16.15,3.));
#4766=VECTOR('',#4767,1.);
#4767=DIRECTION('',(-1.,0.,0.));
#4768=CARTESIAN_POINT('',(-30.3,16.15,0.999999999999998));
#4769=VECTOR('',#4770,1.);
#4770=DIRECTION('',(-1.,1.77635683940026E-15,0.));
#4771=CARTESIAN_POINT('',(-30.3,-6.84999999999998,3.));
#4772=CARTESIAN_POINT('',(-30.3,-6.84999999999997,3.));
#4773=VECTOR('',#4774,1.);
#4774=DIRECTION('',(0.,1.,5.79246795456603E-17));
#4775=CARTESIAN_POINT('',(-30.3,-6.84999999999998,3.));
#4776=VECTOR('',#4777,1.);
#4777=DIRECTION('',(-1.,0.,0.));
#4778=CARTESIAN_POINT('',(-30.3,-6.84999999999998,0.999999999999997));
#4779=AXIS2_PLACEMENT_3D('',#4780,#4781,#4782);
#4780=CARTESIAN_POINT('',(-30.3,-6.84999999999997,2.));
#4781=DIRECTION('',(-1.,5.7673923357151E-17,0.));
#4782=DIRECTION('',(0.,0.,-1.));
#4783=CARTESIAN_POINT('',(-30.3,-6.84999999999998,0.999999999999997));
#4784=VECTOR('',#4785,1.);
#4785=DIRECTION('',(-1.,4.44089209850063E-16,0.));
#4786=CARTESIAN_POINT('',(-30.3,16.15,0.999999999999998));
#4787=VECTOR('',#4788,1.);
#4788=DIRECTION('',(0.,-1.,-6.27517361744654E-17));
#4789=CARTESIAN_POINT('',(-25.3,-35.3,0.));
#4790=VECTOR('',#4791,1.);
#4791=DIRECTION('',(0.,0.,1.));
#4792=CARTESIAN_POINT('',(-26.3,-34.3,0.));
#4793=VECTOR('',#4794,1.);
#4794=DIRECTION('',(0.,0.,1.));
#4795=CARTESIAN_POINT('',(-26.3,-32.3,0.));
#4796=VECTOR('',#4797,1.);
#4797=DIRECTION('',(0.,0.,1.));
#4798=CARTESIAN_POINT('',(-27.3,-31.3,0.));
#4799=VECTOR('',#4800,1.);
#4800=DIRECTION('',(0.,0.,1.));
#4801=CARTESIAN_POINT('',(-29.3,-31.3,0.));
#4802=VECTOR('',#4803,1.);
#4803=DIRECTION('',(0.,0.,1.));
#4804=CARTESIAN_POINT('',(-30.3,-30.3,0.));
#4805=VECTOR('',#4806,1.);
#4806=DIRECTION('',(0.,0.,1.));
#4807=CARTESIAN_POINT('',(-30.3,30.3,0.));
#4808=VECTOR('',#4809,1.);
#4809=DIRECTION('',(0.,0.,1.));
#4810=CARTESIAN_POINT('',(-29.3,31.3,0.));
#4811=VECTOR('',#4812,1.);
#4812=DIRECTION('',(0.,0.,1.));
#4813=CARTESIAN_POINT('',(-27.3,31.3,0.));
#4814=VECTOR('',#4815,1.);
#4815=DIRECTION('',(0.,0.,1.));
#4816=CARTESIAN_POINT('',(-26.3,32.3,0.));
#4817=VECTOR('',#4818,1.);
#4818=DIRECTION('',(0.,0.,1.));
#4819=CARTESIAN_POINT('',(-26.3,34.3,0.));
#4820=VECTOR('',#4821,1.);
#4821=DIRECTION('',(0.,0.,1.));
#4822=CARTESIAN_POINT('',(-25.3,35.3,0.));
#4823=VECTOR('',#4824,1.);
#4824=DIRECTION('',(0.,0.,1.));
#4825=CARTESIAN_POINT('',(-17.,35.3,7.725000052));
#4826=CARTESIAN_POINT('',(-17.,35.3,7.725000052));
#4827=VECTOR('',#4828,1.);
#4828=DIRECTION('',(0.,0.,-1.));
#4829=CARTESIAN_POINT('',(17.,35.3,7.72500005199999));
#4830=CARTESIAN_POINT('',(17.,35.3,0.));
#4831=VECTOR('',#4832,1.);
#4832=DIRECTION('',(0.,0.,1.));
#4833=CARTESIAN_POINT('',(25.,35.3,7.72500005199999));
#4834=CARTESIAN_POINT('',(17.,35.3,7.72500005199999));
#4835=VECTOR('',#4836,1.);
#4836=DIRECTION('',(1.,0.,-3.33066907387547E-16));
#4837=CARTESIAN_POINT('',(25.,35.3,7.72500005199999));
#4838=VECTOR('',#4839,1.);
#4839=DIRECTION('',(-4.59898207752207E-16,0.,-1.));
#4840=CARTESIAN_POINT('',(25.3,35.3,0.));
#4841=VECTOR('',#4842,1.);
#4842=DIRECTION('',(0.,0.,1.));
#4843=CARTESIAN_POINT('',(-25.,35.3,7.725000052));
#4844=CARTESIAN_POINT('',(-25.,35.3,0.));
#4845=VECTOR('',#4846,1.);
#4846=DIRECTION('',(0.,0.,1.));
#4847=CARTESIAN_POINT('',(-25.,35.3,7.725000052));
#4848=VECTOR('',#4849,1.);
#4849=DIRECTION('',(1.,0.,0.));
#4850=CARTESIAN_POINT('',(26.3,34.3,0.));
#4851=VECTOR('',#4852,1.);
#4852=DIRECTION('',(0.,0.,1.));
#4853=CARTESIAN_POINT('',(26.3,32.3,0.));
#4854=VECTOR('',#4855,1.);
#4855=DIRECTION('',(0.,0.,1.));
#4856=CARTESIAN_POINT('',(27.3,31.3,0.));
#4857=VECTOR('',#4858,1.);
#4858=DIRECTION('',(0.,0.,1.));
#4859=CARTESIAN_POINT('',(27.3,-31.3,0.));
#4860=VECTOR('',#4861,1.);
#4861=DIRECTION('',(0.,0.,1.));
#4862=CARTESIAN_POINT('',(26.3,-32.3,0.));
#4863=VECTOR('',#4864,1.);
#4864=DIRECTION('',(0.,0.,1.));
#4865=CARTESIAN_POINT('',(26.3,-34.3,0.));
#4866=VECTOR('',#4867,1.);
#4867=DIRECTION('',(0.,0.,1.));
#4868=CARTESIAN_POINT('',(25.3,-35.3,0.));
#4869=VECTOR('',#4870,1.);
#4870=DIRECTION('',(0.,0.,1.));
#4871=CARTESIAN_POINT('',(-8.8,-30.065,1.2));
#4872=CARTESIAN_POINT('',(-8.8,-30.065,8.));
#4873=VECTOR('',#4874,1.);
#4874=DIRECTION('',(0.,0.,-1.));
#4875=CARTESIAN_POINT('',(-3.80000000000001,-30.0649999999999,1.2));
#4876=CARTESIAN_POINT('',(-8.8,-30.065,1.2));
#4877=VECTOR('',#4878,1.);
#4878=DIRECTION('',(1.,1.13686837721616E-14,0.));
#4879=CARTESIAN_POINT('',(-3.80000000000001,-30.0649999999999,8.));
#4880=VECTOR('',#4881,1.);
#4881=DIRECTION('',(0.,0.,-1.));
#4882=CARTESIAN_POINT('',(-3.80000000000001,-34.3,1.2));
#4883=CARTESIAN_POINT('',(-3.80000000000001,-34.3,1.2));
#4884=VECTOR('',#4885,1.);
#4885=DIRECTION('',(0.,0.,1.));
#4886=CARTESIAN_POINT('',(-3.80000000000001,-30.0649999999999,1.2));
#4887=VECTOR('',#4888,1.);
#4888=DIRECTION('',(2.09723357662363E-16,-1.,0.));
#4889=CARTESIAN_POINT('',(-2.80000000000001,-34.3,1.2));
#4890=CARTESIAN_POINT('',(-2.80000000000001,-34.3,8.));
#4891=VECTOR('',#4892,1.);
#4892=DIRECTION('',(0.,0.,-1.));
#4893=CARTESIAN_POINT('',(-3.80000000000001,-34.3,1.2));
#4894=VECTOR('',#4895,1.);
#4895=DIRECTION('',(1.,0.,0.));
#4896=CARTESIAN_POINT('',(-2.8,-30.0649999999999,1.2));
#4897=CARTESIAN_POINT('',(-2.80000000000001,-34.3,1.2));
#4898=VECTOR('',#4899,1.);
#4899=DIRECTION('',(1.88751021896126E-15,1.,1.04861678831181E-16));
#4900=CARTESIAN_POINT('',(-2.8,-30.0649999999999,8.));
#4901=VECTOR('',#4902,1.);
#4902=DIRECTION('',(0.,0.,-1.));
#4903=CARTESIAN_POINT('',(2.19999999999999,-30.065,1.2));
#4904=CARTESIAN_POINT('',(-2.8,-30.0649999999999,1.2));
#4905=VECTOR('',#4906,1.);
#4906=DIRECTION('',(1.,-2.06057393370429E-14,0.));
#4907=CARTESIAN_POINT('',(2.19999999999999,-30.065,8.));
#4908=VECTOR('',#4909,1.);
#4909=DIRECTION('',(0.,0.,-1.));
#4910=CARTESIAN_POINT('',(2.19999999999999,-34.3,1.2));
#4911=CARTESIAN_POINT('',(2.19999999999999,-34.3,1.2));
#4912=VECTOR('',#4913,1.);
#4913=DIRECTION('',(0.,0.,1.));
#4914=CARTESIAN_POINT('',(2.19999999999999,-30.065,1.2));
#4915=VECTOR('',#4916,1.);
#4916=DIRECTION('',(2.09723357662368E-16,-1.,0.));
#4917=CARTESIAN_POINT('',(3.19999999999999,-34.3,1.2));
#4918=CARTESIAN_POINT('',(3.19999999999999,-34.3,1.2));
#4919=VECTOR('',#4920,1.);
#4920=DIRECTION('',(0.,0.,1.));
#4921=CARTESIAN_POINT('',(2.19999999999999,-34.3,1.2));
#4922=VECTOR('',#4923,1.);
#4923=DIRECTION('',(1.,0.,0.));
#4924=CARTESIAN_POINT('',(3.19999999999999,-29.1825,1.2));
#4925=CARTESIAN_POINT('',(3.19999999999999,-29.1825,1.2));
#4926=VECTOR('',#4927,1.);
#4927=DIRECTION('',(3.47114184543283E-16,-1.,0.));
#4928=CARTESIAN_POINT('',(3.19999999999999,-29.1825,8.));
#4929=VECTOR('',#4930,1.);
#4930=DIRECTION('',(0.,0.,-1.));
#4931=CARTESIAN_POINT('',(-21.8,-29.1825,1.2));
#4932=CARTESIAN_POINT('',(-21.8,-29.1825,1.2));
#4933=VECTOR('',#4934,1.);
#4934=DIRECTION('',(1.,1.4210854715202E-16,0.));
#4935=CARTESIAN_POINT('',(-21.8,-29.1825,8.));
#4936=VECTOR('',#4937,1.);
#4937=DIRECTION('',(0.,0.,-1.));
#4938=CARTESIAN_POINT('',(-21.8,-34.3,1.2));
#4939=CARTESIAN_POINT('',(-21.8,-34.3,8.));
#4940=VECTOR('',#4941,1.);
#4941=DIRECTION('',(0.,0.,-1.));
#4942=CARTESIAN_POINT('',(-21.8,-34.3,1.2));
#4943=VECTOR('',#4944,1.);
#4944=DIRECTION('',(0.,1.,8.67785461358209E-17));
#4945=CARTESIAN_POINT('',(-20.8,-34.3,1.2));
#4946=CARTESIAN_POINT('',(-21.8,-34.3,1.2));
#4947=VECTOR('',#4948,1.);
#4948=DIRECTION('',(1.,0.,0.));
#4949=CARTESIAN_POINT('',(-20.8,-34.3,8.));
#4950=VECTOR('',#4951,1.);
#4951=DIRECTION('',(0.,0.,-1.));
#4952=CARTESIAN_POINT('',(-20.8,-30.065,1.2));
#4953=CARTESIAN_POINT('',(-20.8,-34.3,1.2));
#4954=VECTOR('',#4955,1.);
#4955=DIRECTION('',(8.38893430649472E-16,1.,-1.04861678831184E-16));
#4956=CARTESIAN_POINT('',(-20.8,-30.065,8.));
#4957=VECTOR('',#4958,1.);
#4958=DIRECTION('',(0.,0.,-1.));
#4959=CARTESIAN_POINT('',(-15.8,-30.065,1.2));
#4960=CARTESIAN_POINT('',(-20.8,-30.065,1.2));
#4961=VECTOR('',#4962,1.);
#4962=DIRECTION('',(1.,-1.4210854715202E-15,0.));
#4963=CARTESIAN_POINT('',(-15.8,-30.065,8.));
#4964=VECTOR('',#4965,1.);
#4965=DIRECTION('',(0.,0.,-1.));
#4966=CARTESIAN_POINT('',(-15.8,-34.3,1.2));
#4967=CARTESIAN_POINT('',(-15.8,-34.3,1.2));
#4968=VECTOR('',#4969,1.);
#4969=DIRECTION('',(0.,0.,1.));
#4970=CARTESIAN_POINT('',(-15.8,-30.065,1.2));
#4971=VECTOR('',#4972,1.);
#4972=DIRECTION('',(0.,-1.,0.));
#4973=CARTESIAN_POINT('',(-14.8,-34.3,1.2));
#4974=CARTESIAN_POINT('',(-15.8,-34.3,1.2));
#4975=VECTOR('',#4976,1.);
#4976=DIRECTION('',(1.,0.,0.));
#4977=CARTESIAN_POINT('',(-14.8,-34.3,8.));
#4978=VECTOR('',#4979,1.);
#4979=DIRECTION('',(0.,0.,-1.));
#4980=CARTESIAN_POINT('',(-14.8,-30.065,1.2));
#4981=CARTESIAN_POINT('',(-14.8,-34.3,1.2));
#4982=VECTOR('',#4983,1.);
#4983=DIRECTION('',(2.09723357662368E-15,1.,-1.04861678831184E-16));
#4984=CARTESIAN_POINT('',(-14.8,-30.065,8.));
#4985=VECTOR('',#4986,1.);
#4986=DIRECTION('',(0.,0.,-1.));
#4987=CARTESIAN_POINT('',(-9.80000000000001,-30.065,1.2));
#4988=CARTESIAN_POINT('',(-14.8,-30.065,1.2));
#4989=VECTOR('',#4990,1.);
#4990=DIRECTION('',(1.,1.13686837721616E-14,0.));
#4991=CARTESIAN_POINT('',(-9.80000000000001,-30.065,8.));
#4992=VECTOR('',#4993,1.);
#4993=DIRECTION('',(0.,0.,-1.));
#4994=CARTESIAN_POINT('',(-9.80000000000001,-34.3,1.2));
#4995=CARTESIAN_POINT('',(-9.80000000000001,-34.3,1.2));
#4996=VECTOR('',#4997,1.);
#4997=DIRECTION('',(0.,0.,1.));
#4998=CARTESIAN_POINT('',(-9.80000000000001,-30.065,1.2));
#4999=VECTOR('',#5000,1.);
#5000=DIRECTION('',(0.,-1.,1.04861678831183E-16));
#5001=CARTESIAN_POINT('',(-8.80000000000001,-34.3,1.2));
#5002=CARTESIAN_POINT('',(-9.80000000000001,-34.3,1.2));
#5003=VECTOR('',#5004,1.);
#5004=DIRECTION('',(1.,0.,0.));
#5005=CARTESIAN_POINT('',(-8.80000000000001,-34.3,8.));
#5006=VECTOR('',#5007,1.);
#5007=DIRECTION('',(0.,0.,-1.));
#5008=CARTESIAN_POINT('',(-8.80000000000001,-34.3,1.2));
#5009=VECTOR('',#5010,1.);
#5010=DIRECTION('',(2.09723357662365E-15,1.,-1.04861678831183E-16));
#5011=CARTESIAN_POINT('',(-25.,36.,7.725000052));
#5012=CARTESIAN_POINT('',(-25.,36.,7.725000052));
#5013=VECTOR('',#5014,1.);
#5014=DIRECTION('',(0.,0.,-1.));
#5015=CARTESIAN_POINT('',(-25.,36.,7.725000052));
#5016=VECTOR('',#5017,1.);
#5017=DIRECTION('',(0.,-1.,0.));
#5018=CARTESIAN_POINT('',(-17.,36.,7.725000052));
#5019=CARTESIAN_POINT('',(-17.,36.,-1.11022302462516E-16));
#5020=VECTOR('',#5021,1.);
#5021=DIRECTION('',(0.,0.,1.));
#5022=CARTESIAN_POINT('',(-17.,36.,7.725000052));
#5023=VECTOR('',#5024,1.);
#5024=DIRECTION('',(-1.,0.,0.));
#5025=CARTESIAN_POINT('',(-30.8,34.3,8.));
#5026=AXIS2_PLACEMENT_3D('',#5027,#5028,#5029);
#5027=CARTESIAN_POINT('',(-29.3,34.3,8.));
#5028=DIRECTION('',(0.,0.,1.));
#5029=DIRECTION('',(-1.,1.22464679914735E-16,0.));
#5030=CARTESIAN_POINT('',(-30.8,-34.3,8.));
#5031=AXIS2_PLACEMENT_3D('',#5032,#5033,#5034);
#5032=CARTESIAN_POINT('',(-29.3,-34.3,8.));
#5033=DIRECTION('',(0.,0.,1.));
#5034=DIRECTION('',(-1.,1.22464679914735E-16,0.));
#5035=CARTESIAN_POINT('',(27.8,-34.3,8.));
#5036=AXIS2_PLACEMENT_3D('',#5037,#5038,#5039);
#5037=CARTESIAN_POINT('',(29.3,-34.3,8.));
#5038=DIRECTION('',(0.,0.,1.));
#5039=DIRECTION('',(-1.,1.22464679914735E-16,0.));
#5040=CARTESIAN_POINT('',(25.,36.,7.72500005199999));
#5041=CARTESIAN_POINT('',(25.,36.,7.72500005199999));
#5042=VECTOR('',#5043,1.);
#5043=DIRECTION('',(0.,-1.,0.));
#5044=CARTESIAN_POINT('',(25.,36.,1.11022302462516E-16));
#5045=VECTOR('',#5046,1.);
#5046=DIRECTION('',(4.59898207752207E-16,0.,1.));
#5047=CARTESIAN_POINT('',(17.,36.,7.72500005199999));
#5048=CARTESIAN_POINT('',(25.,36.,7.72500005199999));
#5049=VECTOR('',#5050,1.);
#5050=DIRECTION('',(-1.,0.,3.33066907387547E-16));
#5051=CARTESIAN_POINT('',(17.,36.,7.72500005199999));
#5052=VECTOR('',#5053,1.);
#5053=DIRECTION('',(-4.59898207752207E-16,0.,-1.));
#5054=CARTESIAN_POINT('',(27.8,34.3,8.));
#5055=AXIS2_PLACEMENT_3D('',#5056,#5057,#5058);
#5056=CARTESIAN_POINT('',(29.3,34.3,8.));
#5057=DIRECTION('',(0.,0.,1.));
#5058=DIRECTION('',(-1.,1.22464679914735E-16,0.));
#5059=CARTESIAN_POINT('',(-17.,36.,7.725000052));
#5060=VECTOR('',#5061,1.);
#5061=DIRECTION('',(0.,-1.,0.));
#5062=CARTESIAN_POINT('',(17.,36.,7.72500005199999));
#5063=VECTOR('',#5064,1.);
#5064=DIRECTION('',(0.,-1.,0.));
ENDSEC;
END-ISO-10303-21;
